4.296793823242187500e+02 4.197855834960937500e+02 4.205956420898437500e+02 4.172807006835937500e+02 4.039675598144531250e+02 4.022472534179687500e+02 4.146936035156250000e+02 4.207235717773437500e+02 4.225509338378906250e+02 4.227194213867187500e+02 4.220176391601562500e+02 4.194750671386718750e+02 4.134426269531250000e+02 4.089686279296875000e+02 4.056795959472656250e+02 4.026328430175781250e+02 4.001242065429687500e+02 3.971917724609375000e+02 3.945337219238281250e+02 3.970145874023437500e+02 4.023804931640625000e+02 4.079526062011718750e+02 4.135426330566406250e+02 4.180349426269531250e+02 4.205056762695312500e+02 4.212231445312500000e+02 4.215120849609375000e+02 4.218490295410156250e+02 4.200285034179687500e+02 4.095727233886718750e+02 3.999591979980468750e+02 3.888113403320312500e+02 3.765138549804687500e+02 3.585556640625000000e+02 3.453125610351562500e+02 3.377606506347656250e+02 3.358564758300781250e+02 3.352640380859375000e+02 3.347180786132812500e+02 3.344282836914062500e+02 3.342766418457031250e+02 3.341541748046875000e+02 3.340528259277343750e+02 3.340749511718750000e+02 3.342601013183593750e+02 3.346279296875000000e+02 3.350217895507812500e+02 3.357613830566406250e+02 3.366831359863281250e+02 3.398196716308593750e+02 3.515267028808593750e+02 3.608195190429687500e+02 3.617482910156250000e+02 3.590534667968750000e+02 3.544668884277343750e+02 3.596434936523437500e+02 3.570514526367187500e+02 3.528980102539062500e+02 3.667162780761718750e+02 3.826807556152343750e+02 3.840991821289062500e+02 3.833944702148437500e+02 3.829044494628906250e+02 3.746798706054687500e+02 3.708863525390625000e+02 3.797921752929687500e+02 3.803671875000000000e+02 3.805365295410156250e+02 3.804595947265625000e+02 3.804129943847656250e+02 3.804287109375000000e+02 3.804122314453125000e+02 3.803567504882812500e+02 3.802070617675781250e+02 3.798270263671875000e+02 3.791113281250000000e+02 3.782031250000000000e+02 3.781820678710937500e+02 3.797693786621093750e+02 3.806026000976562500e+02 3.792231140136718750e+02 3.732402038574218750e+02 3.694206237792968750e+02 3.684285583496093750e+02 3.674719543457031250e+02 3.651880798339843750e+02 3.585632019042968750e+02 3.365693664550781250e+02 3.201474304199218750e+02 3.199555053710937500e+02 3.226573791503906250e+02 3.205276794433593750e+02 3.221607055664062500e+02 3.334450378417968750e+02 3.423976135253906250e+02 3.428813476562500000e+02 3.398020935058593750e+02 3.370416870117187500e+02 3.356051330566406250e+02 3.351138610839843750e+02 3.351749572753906250e+02 3.354750671386718750e+02 3.357930603027343750e+02 3.359772338867187500e+02 3.360934448242187500e+02 3.361843566894531250e+02 3.360533447265625000e+02 3.356821899414062500e+02 3.355014038085937500e+02 3.355055541992187500e+02 3.354552612304687500e+02 3.352667846679687500e+02 3.349775390625000000e+02 3.346203613281250000e+02 3.342082519531250000e+02 3.337611083984375000e+02 3.332722778320312500e+02 3.327352905273437500e+02 3.321563720703125000e+02 3.315612792968750000e+02 3.310148315429687500e+02 3.305242004394531250e+02 3.299896850585937500e+02 3.294977416992187500e+02 3.289859619140625000e+02 3.286943054199218750e+02 3.288825988769531250e+02 3.291904907226562500e+02 3.294810791015625000e+02 3.297735900878906250e+02 3.300545349121093750e+02 3.303348693847656250e+02 3.306216430664062500e+02 3.309026794433593750e+02 3.311865234375000000e+02 3.314779968261718750e+02 3.317630004882812500e+02 3.320496215820312500e+02 3.323422241210937500e+02
4.286929321289062500e+02 4.197404785156250000e+02 4.152626647949218750e+02 4.201870422363281250e+02 4.114932556152343750e+02 3.988421020507812500e+02 4.053684692382812500e+02 4.144767761230468750e+02 4.199198608398437500e+02 4.220778198242187500e+02 4.217569580078125000e+02 4.185639953613281250e+02 4.149389343261718750e+02 4.132847595214843750e+02 4.112156677246093750e+02 4.077709350585937500e+02 4.043262939453125000e+02 4.020834960937500000e+02 3.999891967773437500e+02 3.947245788574218750e+02 3.952896423339843750e+02 4.037290039062500000e+02 4.094194641113281250e+02 4.134257812500000000e+02 4.170309448242187500e+02 4.193274536132812500e+02 4.201751403808593750e+02 4.204679565429687500e+02 4.194224853515625000e+02 4.126039123535156250e+02 4.043604125976562500e+02 3.979146118164062500e+02 3.860532836914062500e+02 3.708410034179687500e+02 3.545092163085937500e+02 3.398918762207031250e+02 3.369492492675781250e+02 3.357691040039062500e+02 3.350202026367187500e+02 3.347058715820312500e+02 3.345976257324218750e+02 3.345357971191406250e+02 3.344643859863281250e+02 3.344599914550781250e+02 3.346196899414062500e+02 3.350061035156250000e+02 3.354122619628906250e+02 3.360883178710937500e+02 3.371910095214843750e+02 3.398308715820312500e+02 3.468552246093750000e+02 3.553200073242187500e+02 3.564713745117187500e+02 3.508879699707031250e+02 3.515751342773437500e+02 3.579678955078125000e+02 3.502197570800781250e+02 3.552312316894531250e+02 3.716695861816406250e+02 3.826383972167968750e+02 3.832717590332031250e+02 3.827121276855468750e+02 3.816756591796875000e+02 3.700042419433593750e+02 3.744270935058593750e+02 3.828164672851562500e+02 3.819428100585937500e+02 3.807496337890625000e+02 3.802553405761718750e+02 3.799023437500000000e+02 3.794971008300781250e+02 3.792325134277343750e+02 3.787648315429687500e+02 3.782664794921875000e+02 3.774993896484375000e+02 3.762196044921875000e+02 3.751926574707031250e+02 3.757642211914062500e+02 3.783699951171875000e+02 3.793652954101562500e+02 3.769412231445312500e+02 3.718667297363281250e+02 3.673961791992187500e+02 3.649394226074218750e+02 3.634927062988281250e+02 3.595770874023437500e+02 3.485819396972656250e+02 3.313942565917968750e+02 3.199783020019531250e+02 3.192585449218750000e+02 3.204920654296875000e+02 3.191567687988281250e+02 3.203718872070312500e+02 3.289820556640625000e+02 3.355169677734375000e+02 3.367342834472656250e+02 3.366887817382812500e+02 3.361063842773437500e+02 3.350555725097656250e+02 3.346630859375000000e+02 3.348498229980468750e+02 3.352310791015625000e+02 3.355666503906250000e+02 3.357282104492187500e+02 3.358212890625000000e+02 3.359032897949218750e+02 3.359580688476562500e+02 3.354447937011718750e+02 3.350866699218750000e+02 3.351488952636718750e+02 3.352194824218750000e+02 3.351128845214843750e+02 3.348606567382812500e+02 3.345165710449218750e+02 3.341044006347656250e+02 3.336515197753906250e+02 3.331529846191406250e+02 3.326008300781250000e+02 3.320058288574218750e+02 3.313979797363281250e+02 3.308415222167968750e+02 3.303436889648437500e+02 3.298007507324218750e+02 3.293004455566406250e+02 3.287797546386718750e+02 3.284876708984375000e+02 3.286923217773437500e+02 3.290113830566406250e+02 3.293232116699218750e+02 3.296297302246093750e+02 3.299214172363281250e+02 3.302114257812500000e+02 3.305076293945312500e+02 3.307970275878906250e+02 3.310880432128906250e+02 3.313857421875000000e+02 3.316759338378906250e+02 3.319670410156250000e+02 3.322637634277343750e+02
4.266356201171875000e+02 4.204599914550781250e+02 4.101838378906250000e+02 4.080133361816406250e+02 4.087484130859375000e+02 3.969784240722656250e+02 3.968526916503906250e+02 4.029258728027343750e+02 4.069853820800781250e+02 4.127823181152343750e+02 4.144367370605468750e+02 4.123220825195312500e+02 4.132309875488281250e+02 4.171160278320312500e+02 4.173700256347656250e+02 4.133229370117187500e+02 4.091112976074218750e+02 4.056300659179687500e+02 4.032416076660156250e+02 4.004711608886718750e+02 3.917456359863281250e+02 4.009154663085937500e+02 4.055276184082031250e+02 4.082156982421875000e+02 4.124681091308593750e+02 4.166308898925781250e+02 4.189772338867187500e+02 4.197584533691406250e+02 4.189520568847656250e+02 4.129402465820312500e+02 4.026483154296875000e+02 3.962326354980468750e+02 3.874372558593750000e+02 3.739986267089843750e+02 3.577816467285156250e+02 3.445258178710937500e+02 3.391767883300781250e+02 3.367600097656250000e+02 3.355469055175781250e+02 3.350734863281250000e+02 3.349765930175781250e+02 3.349746704101562500e+02 3.349424743652343750e+02 3.349043579101562500e+02 3.349935913085937500e+02 3.353247985839843750e+02 3.358079528808593750e+02 3.365319213867187500e+02 3.376147766113281250e+02 3.385422973632812500e+02 3.395079040527343750e+02 3.455595397949218750e+02 3.475162658691406250e+02 3.426884765625000000e+02 3.473117370605468750e+02 3.472972412109375000e+02 3.467932128906250000e+02 3.622829589843750000e+02 3.723102111816406250e+02 3.793881530761718750e+02 3.813446350097656250e+02 3.812477111816406250e+02 3.815666198730468750e+02 3.718300781250000000e+02 3.672161254882812500e+02 3.768598632812500000e+02 3.790982971191406250e+02 3.787224426269531250e+02 3.781023864746093750e+02 3.774049682617187500e+02 3.767810974121093750e+02 3.763220214843750000e+02 3.757828369140625000e+02 3.750431823730468750e+02 3.742679138183593750e+02 3.729492492675781250e+02 3.718844909667968750e+02 3.723213806152343750e+02 3.738575744628906250e+02 3.742014770507812500e+02 3.722870483398437500e+02 3.687201232910156250e+02 3.647691650390625000e+02 3.622384643554687500e+02 3.580190429687500000e+02 3.480635070800781250e+02 3.377572937011718750e+02 3.278565673828125000e+02 3.202944030761718750e+02 3.191293640136718750e+02 3.193956604003906250e+02 3.191647033691406250e+02 3.202241821289062500e+02 3.255154724121093750e+02 3.299611206054687500e+02 3.319899597167968750e+02 3.332876892089843750e+02 3.338078613281250000e+02 3.337346191406250000e+02 3.338506469726562500e+02 3.343089599609375000e+02 3.348160705566406250e+02 3.351702270507812500e+02 3.353168640136718750e+02 3.354379882812500000e+02 3.354150695800781250e+02 3.357274169921875000e+02 3.352493896484375000e+02 3.346582336425781250e+02 3.347266235351562500e+02 3.349159240722656250e+02 3.348999328613281250e+02 3.346898498535156250e+02 3.343605651855468750e+02 3.339486999511718750e+02 3.334900512695312500e+02 3.329809265136718750e+02 3.324134216308593750e+02 3.318063964843750000e+02 3.311931152343750000e+02 3.306325683593750000e+02 3.301317749023437500e+02 3.295842285156250000e+02 3.290844421386718750e+02 3.285621643066406250e+02 3.282749633789062500e+02 3.284945983886718750e+02 3.288346252441406250e+02 3.291651916503906250e+02 3.294869995117187500e+02 3.297923889160156250e+02 3.300953369140625000e+02 3.304031982421875000e+02 3.307019042968750000e+02 3.310006103515625000e+02 3.313048400878906250e+02 3.316002197265625000e+02 3.318955993652343750e+02 3.321958312988281250e+02
4.240005493164062500e+02 4.172655029296875000e+02 4.070743408203125000e+02 3.989682312011718750e+02 3.986071472167968750e+02 3.936026306152343750e+02 3.882583923339843750e+02 3.919346923828125000e+02 3.939868774414062500e+02 3.975216064453125000e+02 4.010345153808593750e+02 4.024594116210937500e+02 4.077466430664062500e+02 4.156815490722656250e+02 4.202947082519531250e+02 4.161048889160156250e+02 4.117032165527343750e+02 4.078941040039062500e+02 4.049280090332031250e+02 4.022350463867187500e+02 3.910953369140625000e+02 3.941547851562500000e+02 4.003392333984375000e+02 4.018062744140625000e+02 4.086542968750000000e+02 4.156692199707031250e+02 4.191199340820312500e+02 4.208141479492187500e+02 4.209672241210937500e+02 4.175474548339843750e+02 4.096982116699218750e+02 4.026130981445312500e+02 3.920310668945312500e+02 3.785723266601562500e+02 3.658749084472656250e+02 3.553306579589843750e+02 3.444282226562500000e+02 3.379251098632812500e+02 3.359321594238281250e+02 3.354052429199218750e+02 3.353546752929687500e+02 3.354122924804687500e+02 3.354236755371093750e+02 3.353678894042968750e+02 3.353582153320312500e+02 3.355511474609375000e+02 3.360054931640625000e+02 3.367419433593750000e+02 3.376965942382812500e+02 3.378129882812500000e+02 3.381361083984375000e+02 3.410235290527343750e+02 3.413214111328125000e+02 3.395924987792968750e+02 3.431066589355468750e+02 3.407063293457031250e+02 3.492299499511718750e+02 3.645416870117187500e+02 3.712751159667968750e+02 3.770364379882812500e+02 3.800383911132812500e+02 3.792254333496093750e+02 3.806385498046875000e+02 3.782635192871093750e+02 3.661440124511718750e+02 3.657189025878906250e+02 3.706560363769531250e+02 3.729823913574218750e+02 3.738174743652343750e+02 3.739315795898437500e+02 3.737150878906250000e+02 3.733036499023437500e+02 3.728385009765625000e+02 3.720573730468750000e+02 3.712551269531250000e+02 3.698916015625000000e+02 3.686454772949218750e+02 3.685143737792968750e+02 3.690525512695312500e+02 3.692018127441406250e+02 3.676949768066406250e+02 3.642147521972656250e+02 3.588958129882812500e+02 3.565361022949218750e+02 3.477470397949218750e+02 3.383863525390625000e+02 3.324339599609375000e+02 3.265302429199218750e+02 3.214060363769531250e+02 3.195748596191406250e+02 3.193164672851562500e+02 3.192326965332031250e+02 3.197150878906250000e+02 3.229738769531250000e+02 3.266721496582031250e+02 3.289857788085937500e+02 3.306644897460937500e+02 3.316874694824218750e+02 3.322570495605468750e+02 3.328911132812500000e+02 3.336443176269531250e+02 3.342916870117187500e+02 3.346718444824218750e+02 3.348186645507812500e+02 3.349474792480468750e+02 3.349185485839843750e+02 3.353167724609375000e+02 3.349598388671875000e+02 3.342342529296875000e+02 3.343018798828125000e+02 3.345892028808593750e+02 3.346508178710937500e+02 3.344766845703125000e+02 3.341589965820312500e+02 3.337455749511718750e+02 3.332795104980468750e+02 3.327588195800781250e+02 3.321776123046875000e+02 3.315657348632812500e+02 3.309557189941406250e+02 3.303982543945312500e+02 3.298942871093750000e+02 3.293490295410156250e+02 3.288567504882812500e+02 3.283414916992187500e+02 3.280663452148437500e+02 3.283003540039062500e+02 3.286663818359375000e+02 3.290185546875000000e+02 3.293595886230468750e+02 3.296815185546875000e+02 3.299986572265625000e+02 3.303182983398437500e+02 3.306260070800781250e+02 3.309320068359375000e+02 3.312421264648437500e+02 3.315419921875000000e+02 3.318410339355468750e+02 3.321443176269531250e+02
4.182192382812500000e+02 4.097824707031250000e+02 4.034801635742187500e+02 3.978395996093750000e+02 3.892897033691406250e+02 3.835979003906250000e+02 3.809975891113281250e+02 3.829044189453125000e+02 3.833402099609375000e+02 3.855461120605468750e+02 3.893741455078125000e+02 3.934031372070312500e+02 3.973612365722656250e+02 4.010813293457031250e+02 4.077093200683593750e+02 4.091750183105468750e+02 4.085381774902343750e+02 4.068918762207031250e+02 4.047301940917968750e+02 4.020250854492187500e+02 3.934284973144531250e+02 3.887088317871093750e+02 3.947118835449218750e+02 3.990512390136718750e+02 4.101773681640625000e+02 4.184627380371093750e+02 4.215307922363281250e+02 4.235801391601562500e+02 4.236374206542968750e+02 4.214385375976562500e+02 4.149669189453125000e+02 4.048234252929687500e+02 3.950105895996093750e+02 3.852091979980468750e+02 3.748402099609375000e+02 3.628258361816406250e+02 3.480851440429687500e+02 3.378099365234375000e+02 3.360318603515625000e+02 3.357612915039062500e+02 3.357403869628906250e+02 3.358315734863281250e+02 3.358773193359375000e+02 3.358142089843750000e+02 3.357127075195312500e+02 3.357305908203125000e+02 3.360113830566406250e+02 3.365863952636718750e+02 3.374613647460937500e+02 3.372434387207031250e+02 3.371986083984375000e+02 3.381362304687500000e+02 3.383409118652343750e+02 3.384296264648437500e+02 3.391540527343750000e+02 3.399238281250000000e+02 3.532765808105468750e+02 3.652432861328125000e+02 3.705224914550781250e+02 3.746732482910156250e+02 3.764158630371093750e+02 3.763275756835937500e+02 3.791055908203125000e+02 3.810871276855468750e+02 3.721742248535156250e+02 3.620592956542968750e+02 3.638223266601562500e+02 3.672885437011718750e+02 3.695610961914062500e+02 3.705016479492187500e+02 3.706409301757812500e+02 3.704758300781250000e+02 3.701312561035156250e+02 3.693255310058593750e+02 3.684169006347656250e+02 3.670577392578125000e+02 3.654709777832031250e+02 3.645184936523437500e+02 3.643050842285156250e+02 3.643908996582031250e+02 3.634143981933593750e+02 3.588661193847656250e+02 3.493337097167968750e+02 3.444785156250000000e+02 3.387358093261718750e+02 3.340101318359375000e+02 3.301773071289062500e+02 3.261270141601562500e+02 3.224317932128906250e+02 3.201356506347656250e+02 3.195137023925781250e+02 3.194100952148437500e+02 3.197070922851562500e+02 3.218754577636718750e+02 3.247944946289062500e+02 3.271229858398437500e+02 3.288628845214843750e+02 3.300543518066406250e+02 3.309774169921875000e+02 3.319713134765625000e+02 3.329496154785156250e+02 3.336995544433593750e+02 3.340986328125000000e+02 3.342513427734375000e+02 3.343592224121093750e+02 3.344155578613281250e+02 3.348669128417968750e+02 3.345064086914062500e+02 3.337584838867187500e+02 3.338755493164062500e+02 3.342482299804687500e+02 3.343677978515625000e+02 3.342179260253906250e+02 3.339055175781250000e+02 3.334863891601562500e+02 3.330102539062500000e+02 3.324768981933593750e+02 3.318859252929687500e+02 3.312777404785156250e+02 3.306789550781250000e+02 3.301294555664062500e+02 3.296177368164062500e+02 3.290870361328125000e+02 3.286016235351562500e+02 3.280979614257812500e+02 3.278616333007812500e+02 3.281277465820312500e+02 3.285152893066406250e+02 3.288897399902343750e+02 3.292517089843750000e+02 3.295910644531250000e+02 3.299224243164062500e+02 3.302534484863281250e+02 3.305697021484375000e+02 3.308822631835937500e+02 3.311972961425781250e+02 3.315007934570312500e+02 3.318026123046875000e+02 3.321080932617187500e+02
4.054792175292968750e+02 3.986734924316406250e+02 3.935462341308593750e+02 3.889431457519531250e+02 3.823959655761718750e+02 3.782352294921875000e+02 3.774258728027343750e+02 3.782780151367187500e+02 3.780145263671875000e+02 3.785039367675781250e+02 3.801699218750000000e+02 3.833754272460937500e+02 3.857778320312500000e+02 3.866997680664062500e+02 3.904592590332031250e+02 3.965298461914062500e+02 4.010677490234375000e+02 4.015687866210937500e+02 4.014913940429687500e+02 4.007967834472656250e+02 3.922117614746093750e+02 3.870170898437500000e+02 3.940727844238281250e+02 4.048021545410156250e+02 4.195317077636718750e+02 4.230860290527343750e+02 4.251405944824218750e+02 4.268963623046875000e+02 4.268439636230468750e+02 4.247162475585937500e+02 4.188770446777343750e+02 4.088309936523437500e+02 3.988709411621093750e+02 3.890734558105468750e+02 3.772635192871093750e+02 3.627531433105468750e+02 3.498957519531250000e+02 3.389323120117187500e+02 3.369261474609375000e+02 3.363683471679687500e+02 3.361539611816406250e+02 3.362283325195312500e+02 3.362730102539062500e+02 3.361852416992187500e+02 3.360067138671875000e+02 3.358819274902343750e+02 3.359155273437500000e+02 3.362777404785156250e+02 3.367840881347656250e+02 3.364955444335937500e+02 3.362193908691406250e+02 3.365415649414062500e+02 3.368195495605468750e+02 3.370274353027343750e+02 3.386076354980468750e+02 3.457942810058593750e+02 3.592916870117187500e+02 3.653641052246093750e+02 3.687146911621093750e+02 3.702877197265625000e+02 3.710713500976562500e+02 3.723643798828125000e+02 3.751933288574218750e+02 3.771184692382812500e+02 3.712982482910156250e+02 3.613057861328125000e+02 3.579480590820312500e+02 3.620232238769531250e+02 3.658860473632812500e+02 3.674142150878906250e+02 3.677559204101562500e+02 3.677866821289062500e+02 3.675786132812500000e+02 3.667929077148437500e+02 3.656347961425781250e+02 3.641765441894531250e+02 3.625041503906250000e+02 3.599029235839843750e+02 3.566866760253906250e+02 3.548113098144531250e+02 3.532276611328125000e+02 3.463033447265625000e+02 3.398950500488281250e+02 3.378781127929687500e+02 3.354198913574218750e+02 3.323174438476562500e+02 3.291542663574218750e+02 3.259986267089843750e+02 3.230921020507812500e+02 3.206925354003906250e+02 3.197486267089843750e+02 3.196207275390625000e+02 3.199596862792968750e+02 3.215805664062500000e+02 3.238607482910156250e+02 3.258654174804687500e+02 3.274984130859375000e+02 3.287363891601562500e+02 3.299191894531250000e+02 3.311715087890625000e+02 3.322826232910156250e+02 3.330661926269531250e+02 3.334613037109375000e+02 3.336169738769531250e+02 3.337034912109375000e+02 3.339001770019531250e+02 3.343526306152343750e+02 3.338663635253906250e+02 3.332021789550781250e+02 3.334440612792968750e+02 3.338922424316406250e+02 3.340435791015625000e+02 3.339013671875000000e+02 3.335849304199218750e+02 3.331543273925781250e+02 3.326648254394531250e+02 3.321203308105468750e+02 3.315266113281250000e+02 3.309313354492187500e+02 3.303515319824218750e+02 3.298063964843750000e+02 3.292866821289062500e+02 3.287820434570312500e+02 3.282928466796875000e+02 3.278126220703125000e+02 3.276583862304687500e+02 3.279769897460937500e+02 3.283906250000000000e+02 3.287875671386718750e+02 3.291701965332031250e+02 3.295264282226562500e+02 3.298713073730468750e+02 3.302128906250000000e+02 3.305366516113281250e+02 3.308544921875000000e+02 3.311731567382812500e+02 3.314789733886718750e+02 3.317821655273437500e+02 3.320883483886718750e+02
3.963222045898437500e+02 3.912591247558593750e+02 3.849954528808593750e+02 3.805062255859375000e+02 3.779237060546875000e+02 3.760974731445312500e+02 3.752846374511718750e+02 3.752765197753906250e+02 3.752768859863281250e+02 3.755531311035156250e+02 3.764819641113281250e+02 3.776205749511718750e+02 3.777298889160156250e+02 3.782681274414062500e+02 3.797318420410156250e+02 3.833482666015625000e+02 3.885805358886718750e+02 3.924949645996093750e+02 3.958521118164062500e+02 3.958611145019531250e+02 3.868972167968750000e+02 3.871021728515625000e+02 3.966618957519531250e+02 4.134437866210937500e+02 4.240637817382812500e+02 4.260364379882812500e+02 4.279541625976562500e+02 4.299433593750000000e+02 4.309749145507812500e+02 4.312410888671875000e+02 4.272191772460937500e+02 4.154306030273437500e+02 4.030327453613281250e+02 3.909836425781250000e+02 3.777517700195312500e+02 3.650829162597656250e+02 3.546005554199218750e+02 3.428640441894531250e+02 3.383422546386718750e+02 3.368654174804687500e+02 3.365440673828125000e+02 3.365765686035156250e+02 3.365466308593750000e+02 3.363902282714843750e+02 3.361461486816406250e+02 3.359209594726562500e+02 3.357924499511718750e+02 3.359817199707031250e+02 3.360030822753906250e+02 3.354867858886718750e+02 3.352801208496093750e+02 3.355707092285156250e+02 3.361549682617187500e+02 3.374831542968750000e+02 3.415820617675781250e+02 3.510926818847656250e+02 3.610319824218750000e+02 3.638680419921875000e+02 3.646191406250000000e+02 3.653844604492187500e+02 3.664855651855468750e+02 3.675100097656250000e+02 3.686585083007812500e+02 3.694452514648437500e+02 3.675917968750000000e+02 3.617634582519531250e+02 3.504010620117187500e+02 3.536658325195312500e+02 3.618244934082031250e+02 3.648609008789062500e+02 3.651850891113281250e+02 3.652297058105468750e+02 3.652918701171875000e+02 3.643859252929687500e+02 3.624982299804687500e+02 3.595395812988281250e+02 3.562101745605468750e+02 3.507215576171875000e+02 3.452637023925781250e+02 3.422877807617187500e+02 3.401044311523437500e+02 3.379308776855468750e+02 3.366908874511718750e+02 3.357695922851562500e+02 3.339997253417968750e+02 3.315433349609375000e+02 3.288259277343750000e+02 3.260856933593750000e+02 3.235559692382812500e+02 3.212371215820312500e+02 3.198667907714843750e+02 3.197028808593750000e+02 3.200403137207031250e+02 3.214298400878906250e+02 3.232304077148437500e+02 3.249620361328125000e+02 3.264824829101562500e+02 3.278050537109375000e+02 3.291508178710937500e+02 3.305374755859375000e+02 3.316883850097656250e+02 3.324463806152343750e+02 3.328090820312500000e+02 3.329474182128906250e+02 3.330621337890625000e+02 3.334269104003906250e+02 3.336993408203125000e+02 3.330989685058593750e+02 3.326582336425781250e+02 3.330630798339843750e+02 3.335511169433593750e+02 3.336968688964843750e+02 3.335418090820312500e+02 3.332107849121093750e+02 3.327642822265625000e+02 3.322617797851562500e+02 3.317117004394531250e+02 3.311236572265625000e+02 3.305480346679687500e+02 3.299872131347656250e+02 3.294381713867187500e+02 3.289227294921875000e+02 3.284397277832031250e+02 3.279360656738281250e+02 3.275148620605468750e+02 3.274990844726562500e+02 3.278811950683593750e+02 3.283152160644531250e+02 3.287297973632812500e+02 3.291291198730468750e+02 3.294986267089843750e+02 3.298539733886718750e+02 3.302032470703125000e+02 3.305319824218750000e+02 3.308528137207031250e+02 3.311730957031250000e+02 3.314793395996093750e+02 3.317822265625000000e+02 3.320875549316406250e+02
3.915015563964843750e+02 3.846993408203125000e+02 3.796933898925781250e+02 3.774104919433593750e+02 3.758193359375000000e+02 3.742707214355468750e+02 3.731630249023437500e+02 3.727287597656250000e+02 3.726766662597656250e+02 3.728084106445312500e+02 3.732830200195312500e+02 3.738601989746093750e+02 3.741795349121093750e+02 3.747088317871093750e+02 3.755280761718750000e+02 3.770403747558593750e+02 3.793190917968750000e+02 3.836303710937500000e+02 3.868504028320312500e+02 3.857525329589843750e+02 3.830640869140625000e+02 3.904841308593750000e+02 4.054622802734375000e+02 4.214129943847656250e+02 4.252365722656250000e+02 4.271582641601562500e+02 4.294219970703125000e+02 4.319977111816406250e+02 4.345006103515625000e+02 4.377474060058593750e+02 4.383084716796875000e+02 4.216352233886718750e+02 4.036296691894531250e+02 3.889879760742187500e+02 3.770577087402343750e+02 3.662809448242187500e+02 3.614948425292968750e+02 3.530144348144531250e+02 3.429968566894531250e+02 3.379142150878906250e+02 3.370607299804687500e+02 3.368933410644531250e+02 3.366489257812500000e+02 3.363646850585937500e+02 3.360578002929687500e+02 3.357863159179687500e+02 3.355825805664062500e+02 3.356585693359375000e+02 3.352026367187500000e+02 3.344151000976562500e+02 3.344666137695312500e+02 3.352038269042968750e+02 3.363241882324218750e+02 3.380709228515625000e+02 3.425257568359375000e+02 3.498517456054687500e+02 3.570605773925781250e+02 3.595466613769531250e+02 3.578229064941406250e+02 3.590295104980468750e+02 3.616955261230468750e+02 3.615875854492187500e+02 3.600636596679687500e+02 3.605621337890625000e+02 3.622047729492187500e+02 3.554756164550781250e+02 3.415868225097656250e+02 3.427423400878906250e+02 3.535106201171875000e+02 3.613153076171875000e+02 3.623390197753906250e+02 3.624118347167968750e+02 3.621987915039062500e+02 3.592615661621093750e+02 3.535800781250000000e+02 3.473506164550781250e+02 3.434729919433593750e+02 3.404742126464843750e+02 3.386894836425781250e+02 3.383663635253906250e+02 3.375004577636718750e+02 3.361873779296875000e+02 3.350743103027343750e+02 3.340492248535156250e+02 3.326318664550781250e+02 3.307013549804687500e+02 3.284463806152343750e+02 3.260238952636718750e+02 3.237364196777343750e+02 3.216056518554687500e+02 3.200353088378906250e+02 3.197231445312500000e+02 3.198890075683593750e+02 3.209722900390625000e+02 3.225767517089843750e+02 3.241738281250000000e+02 3.257150573730468750e+02 3.271332702636718750e+02 3.285532226562500000e+02 3.299616394042968750e+02 3.310850830078125000e+02 3.317918701171875000e+02 3.321176757812500000e+02 3.322593078613281250e+02 3.324850158691406250e+02 3.328829040527343750e+02 3.328393859863281250e+02 3.322558288574218750e+02 3.321870422363281250e+02 3.327486267089843750e+02 3.332174987792968750e+02 3.333146667480468750e+02 3.331260070800781250e+02 3.327714233398437500e+02 3.323074645996093750e+02 3.317957763671875000e+02 3.312473754882812500e+02 3.306724243164062500e+02 3.301170349121093750e+02 3.295668945312500000e+02 3.290173645019531250e+02 3.285189819335937500e+02 3.280357666015625000e+02 3.275308227539062500e+02 3.272376708984375000e+02 3.274108276367187500e+02 3.278486633300781250e+02 3.282953796386718750e+02 3.287213439941406250e+02 3.291321411132812500e+02 3.295106506347656250e+02 3.298724670410156250e+02 3.302258300781250000e+02 3.305566101074218750e+02 3.308778686523437500e+02 3.311972961425781250e+02 3.315018920898437500e+02 3.318025512695312500e+02 3.321051940917968750e+02
3.913896484375000000e+02 3.822684020996093750e+02 3.783949279785156250e+02 3.763463134765625000e+02 3.744933471679687500e+02 3.728900756835937500e+02 3.715237121582031250e+02 3.706723632812500000e+02 3.702535095214843750e+02 3.701449584960937500e+02 3.702994689941406250e+02 3.706894836425781250e+02 3.711975402832031250e+02 3.717089843750000000e+02 3.724448547363281250e+02 3.736520690917968750e+02 3.755002441406250000e+02 3.780969848632812500e+02 3.798817749023437500e+02 3.802141113281250000e+02 3.830482482910156250e+02 3.954646911621093750e+02 4.149135742187500000e+02 4.228542785644531250e+02 4.244488525390625000e+02 4.261526489257812500e+02 4.286220397949218750e+02 4.318880615234375000e+02 4.351419372558593750e+02 4.385343322753906250e+02 4.408613891601562500e+02 4.258388366699218750e+02 4.014844970703125000e+02 3.847931823730468750e+02 3.756662902832031250e+02 3.733180847167968750e+02 3.715248107910156250e+02 3.638486938476562500e+02 3.510015869140625000e+02 3.394848327636718750e+02 3.379204711914062500e+02 3.371193542480468750e+02 3.364461364746093750e+02 3.360022583007812500e+02 3.356661987304687500e+02 3.354160766601562500e+02 3.351906433105468750e+02 3.352652282714843750e+02 3.344696350097656250e+02 3.336083679199218750e+02 3.339765930175781250e+02 3.351057434082031250e+02 3.364355163574218750e+02 3.380704345703125000e+02 3.400916442871093750e+02 3.419950256347656250e+02 3.446250915527343750e+02 3.466297912597656250e+02 3.455874938964843750e+02 3.446480102539062500e+02 3.462970275878906250e+02 3.475954284667968750e+02 3.447175903320312500e+02 3.446605224609375000e+02 3.455117797851562500e+02 3.411891174316406250e+02 3.363212280273437500e+02 3.371806335449218750e+02 3.419590454101562500e+02 3.476769104003906250e+02 3.518130798339843750e+02 3.520290527343750000e+02 3.493377990722656250e+02 3.438132629394531250e+02 3.397741088867187500e+02 3.378590393066406250e+02 3.371528625488281250e+02 3.366069946289062500e+02 3.364576416015625000e+02 3.367324218750000000e+02 3.363386840820312500e+02 3.352493591308593750e+02 3.339241027832031250e+02 3.325386352539062500e+02 3.310607910156250000e+02 3.294175720214843750e+02 3.275161743164062500e+02 3.254062500000000000e+02 3.233735961914062500e+02 3.213870849609375000e+02 3.199952392578125000e+02 3.197457885742187500e+02 3.198817749023437500e+02 3.206289978027343750e+02 3.220451354980468750e+02 3.235962524414062500e+02 3.251678771972656250e+02 3.266238403320312500e+02 3.280172729492187500e+02 3.293438720703125000e+02 3.303846740722656250e+02 3.310374755859375000e+02 3.313711547851562500e+02 3.315891723632812500e+02 3.318918762207031250e+02 3.320880126953125000e+02 3.317966918945312500e+02 3.314933471679687500e+02 3.318363952636718750e+02 3.324757080078125000e+02 3.328561706542968750e+02 3.328681640625000000e+02 3.326310119628906250e+02 3.322486267089843750e+02 3.317703247070312500e+02 3.312562866210937500e+02 3.307172241210937500e+02 3.301585693359375000e+02 3.296138916015625000e+02 3.290700378417968750e+02 3.285366210937500000e+02 3.280479431152343750e+02 3.275497436523437500e+02 3.271114196777343750e+02 3.270598144531250000e+02 3.274136352539062500e+02 3.278848571777343750e+02 3.283378295898437500e+02 3.287697448730468750e+02 3.291861877441406250e+02 3.295686950683593750e+02 3.299323425292968750e+02 3.302855834960937500e+02 3.306147766113281250e+02 3.309332275390625000e+02 3.312489013671875000e+02 3.315491333007812500e+02 3.318450927734375000e+02 3.321428222656250000e+02
3.949046325683593750e+02 3.850136108398437500e+02 3.793293457031250000e+02 3.761395874023437500e+02 3.739118652343750000e+02 3.725341491699218750e+02 3.712808837890625000e+02 3.700000915527343750e+02 3.688411254882812500e+02 3.681423034667968750e+02 3.678828125000000000e+02 3.680014343261718750e+02 3.684985351562500000e+02 3.687808227539062500e+02 3.690581359863281250e+02 3.700461425781250000e+02 3.720401916503906250e+02 3.744889831542968750e+02 3.762658996582031250e+02 3.775677490234375000e+02 3.807566833496093750e+02 3.938501892089843750e+02 4.130097351074218750e+02 4.211992492675781250e+02 4.228515930175781250e+02 4.240141906738281250e+02 4.264501037597656250e+02 4.301547546386718750e+02 4.338289794921875000e+02 4.371658935546875000e+02 4.397631530761718750e+02 4.292565002441406250e+02 4.033900146484375000e+02 3.884388122558593750e+02 3.797741699218750000e+02 3.811361083984375000e+02 3.798974914550781250e+02 3.712932128906250000e+02 3.580924682617187500e+02 3.441879882812500000e+02 3.388560791015625000e+02 3.368456726074218750e+02 3.359353332519531250e+02 3.353745117187500000e+02 3.350152587890625000e+02 3.348109130859375000e+02 3.346299438476562500e+02 3.347772216796875000e+02 3.337901611328125000e+02 3.328651428222656250e+02 3.335319519042968750e+02 3.348262023925781250e+02 3.361119384765625000e+02 3.374578552246093750e+02 3.387577514648437500e+02 3.389470520019531250e+02 3.385664062500000000e+02 3.382773132324218750e+02 3.381220397949218750e+02 3.369888916015625000e+02 3.367276306152343750e+02 3.376741638183593750e+02 3.367826538085937500e+02 3.361937255859375000e+02 3.361333007812500000e+02 3.358200988769531250e+02 3.351311645507812500e+02 3.356480102539062500e+02 3.366222534179687500e+02 3.371093750000000000e+02 3.373818969726562500e+02 3.372413940429687500e+02 3.372175598144531250e+02 3.363021545410156250e+02 3.356264648437500000e+02 3.352122192382812500e+02 3.350124816894531250e+02 3.347783203125000000e+02 3.347402954101562500e+02 3.352573547363281250e+02 3.352013549804687500e+02 3.342744750976562500e+02 3.330770568847656250e+02 3.316711120605468750e+02 3.300612182617187500e+02 3.283904724121093750e+02 3.265980834960937500e+02 3.246647338867187500e+02 3.228042297363281250e+02 3.210176086425781250e+02 3.198379821777343750e+02 3.197191162109375000e+02 3.198352050781250000e+02 3.203586730957031250e+02 3.217122497558593750e+02 3.232546691894531250e+02 3.247979736328125000e+02 3.262117919921875000e+02 3.275091552734375000e+02 3.286910400390625000e+02 3.296206665039062500e+02 3.302466125488281250e+02 3.306419982910156250e+02 3.309172973632812500e+02 3.311240539550781250e+02 3.310864562988281250e+02 3.308530578613281250e+02 3.309978027343750000e+02 3.316241760253906250e+02 3.322078552246093750e+02 3.324501037597656250e+02 3.323668823242187500e+02 3.320822448730468750e+02 3.316775817871093750e+02 3.311926879882812500e+02 3.306842346191406250e+02 3.301567077636718750e+02 3.296066284179687500e+02 3.290642395019531250e+02 3.285360107421875000e+02 3.280203857421875000e+02 3.275205993652343750e+02 3.270462951660156250e+02 3.268150329589843750e+02 3.270611877441406250e+02 3.275043640136718750e+02 3.279868164062500000e+02 3.284412231445312500e+02 3.288735961914062500e+02 3.292896423339843750e+02 3.296708374023437500e+02 3.300315246582031250e+02 3.303802490234375000e+02 3.307039794921875000e+02 3.310162658691406250e+02 3.313249511718750000e+02 3.316181640625000000e+02 3.319071350097656250e+02 3.321979064941406250e+02
3.955640258789062500e+02 3.864742126464843750e+02 3.801700134277343750e+02 3.759205322265625000e+02 3.741802368164062500e+02 3.737367248535156250e+02 3.727292785644531250e+02 3.711111145019531250e+02 3.693692016601562500e+02 3.679278869628906250e+02 3.666084289550781250e+02 3.659198608398437500e+02 3.659836425781250000e+02 3.657797546386718750e+02 3.651604309082031250e+02 3.658739929199218750e+02 3.686872558593750000e+02 3.714182739257812500e+02 3.732082214355468750e+02 3.749136962890625000e+02 3.777590942382812500e+02 3.826632080078125000e+02 3.983587951660156250e+02 4.109228515625000000e+02 4.188080749511718750e+02 4.209113769531250000e+02 4.241014099121093750e+02 4.281144409179687500e+02 4.319506225585937500e+02 4.352398376464843750e+02 4.380060729980468750e+02 4.322756042480468750e+02 4.090967712402343750e+02 3.957511596679687500e+02 3.874765014648437500e+02 3.860052490234375000e+02 3.838981323242187500e+02 3.772141418457031250e+02 3.656171569824218750e+02 3.574550781250000000e+02 3.470773010253906250e+02 3.378034667968750000e+02 3.363732604980468750e+02 3.350648498535156250e+02 3.342884826660156250e+02 3.340137939453125000e+02 3.339496154785156250e+02 3.341786499023437500e+02 3.330431213378906250e+02 3.320606689453125000e+02 3.328977355957031250e+02 3.343118286132812500e+02 3.355215759277343750e+02 3.367077331542968750e+02 3.379012451171875000e+02 3.382835083007812500e+02 3.375329284667968750e+02 3.366258850097656250e+02 3.360898437500000000e+02 3.354627380371093750e+02 3.350612182617187500e+02 3.351185607910156250e+02 3.350119018554687500e+02 3.348479309082031250e+02 3.348120727539062500e+02 3.347407836914062500e+02 3.345678100585937500e+02 3.348078613281250000e+02 3.352607116699218750e+02 3.354860229492187500e+02 3.353246765136718750e+02 3.349971313476562500e+02 3.347701721191406250e+02 3.344418945312500000e+02 3.340930175781250000e+02 3.338298339843750000e+02 3.336520690917968750e+02 3.335914306640625000e+02 3.334413146972656250e+02 3.338588256835937500e+02 3.340653991699218750e+02 3.333742675781250000e+02 3.322070312500000000e+02 3.309335632324218750e+02 3.294870605468750000e+02 3.278974304199218750e+02 3.261645812988281250e+02 3.243300476074218750e+02 3.225417480468750000e+02 3.208817749023437500e+02 3.198243103027343750e+02 3.196897583007812500e+02 3.198043212890625000e+02 3.201770324707031250e+02 3.214845581054687500e+02 3.230019531250000000e+02 3.244705810546875000e+02 3.257985534667968750e+02 3.269815368652343750e+02 3.280170898437500000e+02 3.288450012207031250e+02 3.294604187011718750e+02 3.298691101074218750e+02 3.300673522949218750e+02 3.301206970214843750e+02 3.300899353027343750e+02 3.302333068847656250e+02 3.307666625976562500e+02 3.314537658691406250e+02 3.318752441406250000e+02 3.319631042480468750e+02 3.317937622070312500e+02 3.314715881347656250e+02 3.310540466308593750e+02 3.305706787109375000e+02 3.300711364746093750e+02 3.295485534667968750e+02 3.289992675781250000e+02 3.284670715332031250e+02 3.279596252441406250e+02 3.274417724609375000e+02 3.269458007812500000e+02 3.266236267089843750e+02 3.267427062988281250e+02 3.271820373535156250e+02 3.276673278808593750e+02 3.281538391113281250e+02 3.286044921875000000e+02 3.290305175781250000e+02 3.294413757324218750e+02 3.298170166015625000e+02 3.301703186035156250e+02 3.305101928710937500e+02 3.308245544433593750e+02 3.311269836425781250e+02 3.314254760742187500e+02 3.317089843750000000e+02 3.319884338378906250e+02 3.322699279785156250e+02
3.897068481445312500e+02 3.823869323730468750e+02 3.779732971191406250e+02 3.756784057617187500e+02 3.759579467773437500e+02 3.766111755371093750e+02 3.752909240722656250e+02 3.732207031250000000e+02 3.712031555175781250e+02 3.693368835449218750e+02 3.672603149414062500e+02 3.652868041992187500e+02 3.640442199707031250e+02 3.631051940917968750e+02 3.614340209960937500e+02 3.614906616210937500e+02 3.658446960449218750e+02 3.686698913574218750e+02 3.699188232421875000e+02 3.718316955566406250e+02 3.746071166992187500e+02 3.784294433593750000e+02 3.862532348632812500e+02 3.986095275878906250e+02 4.085132446289062500e+02 4.145942993164062500e+02 4.218049621582031250e+02 4.263941650390625000e+02 4.297994079589843750e+02 4.325249938964843750e+02 4.335075073242187500e+02 4.276104125976562500e+02 4.143613281250000000e+02 4.018594360351562500e+02 3.946577453613281250e+02 3.903227233886718750e+02 3.858244018554687500e+02 3.804633789062500000e+02 3.719503173828125000e+02 3.652683105468750000e+02 3.576560363769531250e+02 3.477037048339843750e+02 3.406550292968750000e+02 3.356237182617187500e+02 3.337151184082031250e+02 3.331049499511718750e+02 3.331711730957031250e+02 3.333738403320312500e+02 3.321152038574218750e+02 3.311866455078125000e+02 3.321481323242187500e+02 3.336336059570312500e+02 3.348140258789062500e+02 3.358920898437500000e+02 3.370475463867187500e+02 3.376258544921875000e+02 3.371996765136718750e+02 3.362507629394531250e+02 3.355166931152343750e+02 3.349682617187500000e+02 3.345190124511718750e+02 3.343124084472656250e+02 3.343146057128906250e+02 3.344062500000000000e+02 3.344687194824218750e+02 3.345230407714843750e+02 3.345051879882812500e+02 3.345508117675781250e+02 3.347555236816406250e+02 3.349347534179687500e+02 3.348786926269531250e+02 3.345368652343750000e+02 3.340823669433593750e+02 3.336383361816406250e+02 3.332610168457031250e+02 3.329649047851562500e+02 3.327616577148437500e+02 3.327046203613281250e+02 3.325148315429687500e+02 3.326091003417968750e+02 3.328499755859375000e+02 3.324667663574218750e+02 3.314591674804687500e+02 3.302073669433593750e+02 3.288354797363281250e+02 3.273948364257812500e+02 3.258169250488281250e+02 3.241105957031250000e+02 3.224545898437500000e+02 3.208529052734375000e+02 3.198332214355468750e+02 3.196868286132812500e+02 3.197431945800781250e+02 3.201300048828125000e+02 3.213604736328125000e+02 3.227789001464843750e+02 3.241372680664062500e+02 3.253515930175781250e+02 3.264309692382812500e+02 3.273622131347656250e+02 3.280944519042968750e+02 3.286280822753906250e+02 3.289299926757812500e+02 3.290292663574218750e+02 3.291275024414062500e+02 3.294300842285156250e+02 3.299810485839843750e+02 3.306659545898437500e+02 3.312045593261718750e+02 3.314193115234375000e+02 3.313706359863281250e+02 3.311353149414062500e+02 3.307891540527343750e+02 3.303682861328125000e+02 3.298904418945312500e+02 3.293939819335937500e+02 3.288699035644531250e+02 3.283290405273437500e+02 3.278159179687500000e+02 3.273126220703125000e+02 3.268031005859375000e+02 3.264338073730468750e+02 3.264787597656250000e+02 3.269032287597656250e+02 3.274085083007812500e+02 3.279082336425781250e+02 3.283934326171875000e+02 3.288358154296875000e+02 3.292453918457031250e+02 3.296445312500000000e+02 3.300119628906250000e+02 3.303533325195312500e+02 3.306797790527343750e+02 3.309802856445312500e+02 3.312689819335937500e+02 3.315537719726562500e+02 3.318242492675781250e+02 3.320912780761718750e+02 3.323609619140625000e+02
3.825823059082031250e+02 3.783671875000000000e+02 3.769604187011718750e+02 3.770163269042968750e+02 3.781621398925781250e+02 3.796255493164062500e+02 3.775384216308593750e+02 3.751100769042968750e+02 3.732326049804687500e+02 3.714094238281250000e+02 3.692924499511718750e+02 3.668603515625000000e+02 3.643834533691406250e+02 3.623170776367187500e+02 3.605260314941406250e+02 3.605309448242187500e+02 3.642435302734375000e+02 3.657637329101562500e+02 3.659237976074218750e+02 3.683072509765625000e+02 3.715778198242187500e+02 3.749902954101562500e+02 3.786530151367187500e+02 3.875576782226562500e+02 3.975517578125000000e+02 4.056712036132812500e+02 4.209299621582031250e+02 4.249084472656250000e+02 4.274852600097656250e+02 4.294155578613281250e+02 4.295232238769531250e+02 4.256580200195312500e+02 4.185802307128906250e+02 4.061571044921875000e+02 3.970081481933593750e+02 3.918780212402343750e+02 3.867908325195312500e+02 3.811167907714843750e+02 3.755652160644531250e+02 3.710840759277343750e+02 3.665104675292968750e+02 3.608031311035156250e+02 3.474971008300781250e+02 3.363668518066406250e+02 3.332371520996093750e+02 3.321994628906250000e+02 3.322692260742187500e+02 3.321914062500000000e+02 3.309254455566406250e+02 3.303247985839843750e+02 3.315090332031250000e+02 3.330117187500000000e+02 3.341380920410156250e+02 3.351637268066406250e+02 3.362454833984375000e+02 3.369437255859375000e+02 3.368726196289062500e+02 3.362221069335937500e+02 3.355048522949218750e+02 3.349531860351562500e+02 3.345281677246093750e+02 3.342769470214843750e+02 3.342167053222656250e+02 3.342966613769531250e+02 3.343992614746093750e+02 3.344792175292968750e+02 3.346183166503906250e+02 3.347527770996093750e+02 3.348095703125000000e+02 3.347319641113281250e+02 3.345237121582031250e+02 3.341796875000000000e+02 3.337177124023437500e+02 3.332632446289062500e+02 3.328474731445312500e+02 3.324899291992187500e+02 3.322173156738281250e+02 3.320295410156250000e+02 3.318509216308593750e+02 3.316342468261718750e+02 3.317001953125000000e+02 3.315166931152343750e+02 3.307615966796875000e+02 3.296524047851562500e+02 3.283447265625000000e+02 3.269543457031250000e+02 3.254621887207031250e+02 3.238690185546875000e+02 3.223208312988281250e+02 3.208177490234375000e+02 3.198560791015625000e+02 3.197239685058593750e+02 3.197508239746093750e+02 3.201203002929687500e+02 3.212667541503906250e+02 3.225764465332031250e+02 3.238194580078125000e+02 3.249191284179687500e+02 3.259145812988281250e+02 3.267557373046875000e+02 3.273473205566406250e+02 3.277268676757812500e+02 3.279560241699218750e+02 3.281784973144531250e+02 3.285838317871093750e+02 3.292247009277343750e+02 3.299210510253906250e+02 3.304906616210937500e+02 3.308058471679687500e+02 3.308544921875000000e+02 3.307180175781250000e+02 3.304450988769531250e+02 3.300881347656250000e+02 3.296676940917968750e+02 3.291905212402343750e+02 3.286911621093750000e+02 3.281753540039062500e+02 3.276525573730468750e+02 3.271446228027343750e+02 3.266451110839843750e+02 3.262545471191406250e+02 3.262475891113281250e+02 3.266541137695312500e+02 3.271950683593750000e+02 3.277147827148437500e+02 3.282102050781250000e+02 3.286859741210937500e+02 3.291187438964843750e+02 3.295166015625000000e+02 3.298913574218750000e+02 3.302416687011718750e+02 3.305660400390625000e+02 3.308768310546875000e+02 3.311599121093750000e+02 3.314318237304687500e+02 3.317004089355468750e+02 3.319556884765625000e+02 3.322082214355468750e+02 3.324642333984375000e+02
3.789089355468750000e+02 3.780529174804687500e+02 3.790308227539062500e+02 3.797416381835937500e+02 3.795705566406250000e+02 3.801356201171875000e+02 3.788485717773437500e+02 3.769421386718750000e+02 3.754980163574218750e+02 3.742152709960937500e+02 3.724219970703125000e+02 3.695964660644531250e+02 3.660975952148437500e+02 3.629221801757812500e+02 3.603626098632812500e+02 3.607879638671875000e+02 3.632578735351562500e+02 3.630710449218750000e+02 3.612453308105468750e+02 3.645766906738281250e+02 3.684982299804687500e+02 3.720866088867187500e+02 3.752451782226562500e+02 3.791698913574218750e+02 3.867704162597656250e+02 3.998265075683593750e+02 4.187358093261718750e+02 4.232078552246093750e+02 4.250857849121093750e+02 4.259677429199218750e+02 4.264759826660156250e+02 4.254148864746093750e+02 4.215761718750000000e+02 4.123091430664062500e+02 3.989985351562500000e+02 3.926725769042968750e+02 3.880976867675781250e+02 3.835774536132812500e+02 3.798392333984375000e+02 3.777287597656250000e+02 3.743381347656250000e+02 3.672115783691406250e+02 3.536083679199218750e+02 3.367036132812500000e+02 3.326786804199218750e+02 3.313006896972656250e+02 3.311262512207031250e+02 3.305466308593750000e+02 3.295419921875000000e+02 3.297597351074218750e+02 3.311608276367187500e+02 3.325242614746093750e+02 3.335227355957031250e+02 3.345050354003906250e+02 3.354870910644531250e+02 3.361994018554687500e+02 3.363207397460937500e+02 3.359565734863281250e+02 3.354568786621093750e+02 3.349692687988281250e+02 3.345852355957031250e+02 3.343691711425781250e+02 3.343058166503906250e+02 3.343245239257812500e+02 3.343623352050781250e+02 3.344154357910156250e+02 3.345573425292968750e+02 3.348353576660156250e+02 3.349750061035156250e+02 3.348242492675781250e+02 3.344502563476562500e+02 3.340274047851562500e+02 3.335522766113281250e+02 3.330799255371093750e+02 3.326313476562500000e+02 3.322022705078125000e+02 3.318309936523437500e+02 3.314972534179687500e+02 3.312651367187500000e+02 3.309140625000000000e+02 3.306685791015625000e+02 3.305086975097656250e+02 3.300479736328125000e+02 3.291547546386718750e+02 3.279520874023437500e+02 3.266314697265625000e+02 3.252169189453125000e+02 3.237182006835937500e+02 3.222720031738281250e+02 3.208667602539062500e+02 3.199534606933593750e+02 3.197799377441406250e+02 3.197852172851562500e+02 3.201127624511718750e+02 3.211736450195312500e+02 3.223780212402343750e+02 3.235055847167968750e+02 3.244985961914062500e+02 3.254051818847656250e+02 3.261089172363281250e+02 3.265365905761718750e+02 3.268673400878906250e+02 3.272304382324218750e+02 3.277431945800781250e+02 3.284403381347656250e+02 3.291824035644531250e+02 3.297643127441406250e+02 3.301195068359375000e+02 3.302488708496093750e+02 3.301956176757812500e+02 3.300116577148437500e+02 3.297195129394531250e+02 3.293560485839843750e+02 3.289314575195312500e+02 3.284514465332031250e+02 3.279593200683593750e+02 3.274634094238281250e+02 3.269487915039062500e+02 3.264482421875000000e+02 3.260527343750000000e+02 3.260341796875000000e+02 3.264453735351562500e+02 3.269981994628906250e+02 3.275614013671875000e+02 3.280786743164062500e+02 3.285652160644531250e+02 3.290273437500000000e+02 3.294436035156250000e+02 3.298288574218750000e+02 3.301886901855468750e+02 3.305056152343750000e+02 3.308085327148437500e+02 3.311004028320312500e+02 3.313626708984375000e+02 3.316162109375000000e+02 3.318661193847656250e+02 3.321038208007812500e+02 3.323397216796875000e+02 3.325798034667968750e+02
3.788437805175781250e+02 3.794504699707031250e+02 3.822848815917968750e+02 3.842070007324218750e+02 3.840213623046875000e+02 3.835104675292968750e+02 3.813242492675781250e+02 3.790479736328125000e+02 3.782062377929687500e+02 3.778152160644531250e+02 3.762186279296875000e+02 3.722730712890625000e+02 3.667496948242187500e+02 3.618058166503906250e+02 3.594809875488281250e+02 3.591106262207031250e+02 3.617891845703125000e+02 3.622175292968750000e+02 3.595442199707031250e+02 3.620235595703125000e+02 3.658096313476562500e+02 3.698364562988281250e+02 3.733770446777343750e+02 3.767026977539062500e+02 3.820734252929687500e+02 3.959581909179687500e+02 4.112620849609375000e+02 4.203252258300781250e+02 4.223915100097656250e+02 4.218935546875000000e+02 4.218501892089843750e+02 4.237840270996093750e+02 4.230076904296875000e+02 4.163760681152343750e+02 3.996900024414062500e+02 3.936780700683593750e+02 3.897283020019531250e+02 3.857822875976562500e+02 3.827675781250000000e+02 3.820218200683593750e+02 3.803721008300781250e+02 3.702472534179687500e+02 3.512473449707031250e+02 3.358490295410156250e+02 3.319403686523437500e+02 3.303150024414062500e+02 3.297331542968750000e+02 3.288081054687500000e+02 3.285116577148437500e+02 3.296603393554687500e+02 3.310472106933593750e+02 3.321292419433593750e+02 3.330036010742187500e+02 3.338889160156250000e+02 3.347742004394531250e+02 3.354418334960937500e+02 3.356046142578125000e+02 3.353444213867187500e+02 3.350272216796875000e+02 3.346983337402343750e+02 3.343938293457031250e+02 3.342270202636718750e+02 3.341818542480468750e+02 3.341794128417968750e+02 3.341656494140625000e+02 3.341419982910156250e+02 3.343172912597656250e+02 3.345588378906250000e+02 3.346019592285156250e+02 3.345719299316406250e+02 3.343120117187500000e+02 3.339620971679687500e+02 3.334841003417968750e+02 3.329776916503906250e+02 3.324774169921875000e+02 3.319833679199218750e+02 3.315201721191406250e+02 3.310977783203125000e+02 3.307028503417968750e+02 3.303542480468750000e+02 3.298761901855468750e+02 3.294821166992187500e+02 3.291029968261718750e+02 3.284799194335937500e+02 3.274952087402343750e+02 3.263075866699218750e+02 3.250000915527343750e+02 3.236123962402343750e+02 3.222662353515625000e+02 3.209737548828125000e+02 3.200137329101562500e+02 3.198003234863281250e+02 3.198395080566406250e+02 3.201538696289062500e+02 3.211105041503906250e+02 3.221824951171875000e+02 3.231697082519531250e+02 3.240474853515625000e+02 3.248346557617187500e+02 3.253737487792968750e+02 3.258061523437500000e+02 3.262976684570312500e+02 3.269257202148437500e+02 3.276328430175781250e+02 3.283567504882812500e+02 3.289698181152343750e+02 3.293564147949218750e+02 3.295423583984375000e+02 3.295638122558593750e+02 3.294582824707031250e+02 3.292492065429687500e+02 3.289420471191406250e+02 3.285667724609375000e+02 3.281361694335937500e+02 3.276639099121093750e+02 3.271922912597656250e+02 3.267092285156250000e+02 3.262104187011718750e+02 3.258288574218750000e+02 3.258244323730468750e+02 3.262747192382812500e+02 3.268538818359375000e+02 3.274339599609375000e+02 3.279938354492187500e+02 3.285027770996093750e+02 3.289767456054687500e+02 3.294218139648437500e+02 3.298179321289062500e+02 3.301812133789062500e+02 3.305201721191406250e+02 3.308178100585937500e+02 3.310935363769531250e+02 3.313515625000000000e+02 3.315925903320312500e+02 3.318247375488281250e+02 3.320528869628906250e+02 3.322705383300781250e+02 3.324872436523437500e+02 3.327087402343750000e+02
3.792784423828125000e+02 3.814945068359375000e+02 3.857224731445312500e+02 3.894537048339843750e+02 3.913035278320312500e+02 3.916687316894531250e+02 3.896836853027343750e+02 3.851687011718750000e+02 3.827554626464843750e+02 3.823527221679687500e+02 3.797061157226562500e+02 3.741410827636718750e+02 3.674097595214843750e+02 3.615048828125000000e+02 3.601148376464843750e+02 3.583579711914062500e+02 3.593266296386718750e+02 3.619336547851562500e+02 3.592624511718750000e+02 3.596947631835937500e+02 3.642476806640625000e+02 3.684393920898437500e+02 3.719996948242187500e+02 3.754110412597656250e+02 3.788706665039062500e+02 3.868869323730468750e+02 3.975218811035156250e+02 4.073199462890625000e+02 4.136457519531250000e+02 4.151782531738281250e+02 4.164568786621093750e+02 4.207671508789062500e+02 4.221416320800781250e+02 4.179899597167968750e+02 4.028217773437500000e+02 3.955632629394531250e+02 3.907071228027343750e+02 3.861918945312500000e+02 3.836506652832031250e+02 3.828621215820312500e+02 3.804175109863281250e+02 3.651562194824218750e+02 3.434318237304687500e+02 3.339874877929687500e+02 3.309661560058593750e+02 3.292290344238281250e+02 3.282975463867187500e+02 3.275016784667968750e+02 3.280816345214843750e+02 3.296293945312500000e+02 3.308705749511718750e+02 3.317596435546875000e+02 3.325463562011718750e+02 3.333526916503906250e+02 3.341691589355468750e+02 3.347547302246093750e+02 3.348855285644531250e+02 3.346569824218750000e+02 3.343950805664062500e+02 3.341611633300781250e+02 3.339505920410156250e+02 3.338423767089843750e+02 3.338183288574218750e+02 3.337950439453125000e+02 3.337551879882812500e+02 3.336972656250000000e+02 3.339054870605468750e+02 3.340134277343750000e+02 3.339434509277343750e+02 3.339121093750000000e+02 3.337975769042968750e+02 3.336889343261718750e+02 3.333192749023437500e+02 3.328388977050781250e+02 3.323237304687500000e+02 3.317946166992187500e+02 3.312837219238281250e+02 3.307846069335937500e+02 3.302903137207031250e+02 3.298452453613281250e+02 3.293639221191406250e+02 3.287499084472656250e+02 3.281624145507812500e+02 3.275614929199218750e+02 3.267688598632812500e+02 3.257791137695312500e+02 3.246329040527343750e+02 3.233931579589843750e+02 3.221563720703125000e+02 3.209501647949218750e+02 3.200169067382812500e+02 3.198045959472656250e+02 3.198621520996093750e+02 3.202419738769531250e+02 3.210730895996093750e+02 3.219776000976562500e+02 3.228151855468750000e+02 3.235663146972656250e+02 3.242423095703125000e+02 3.248186645507812500e+02 3.254155273437500000e+02 3.260980224609375000e+02 3.268391723632812500e+02 3.275227661132812500e+02 3.280942382812500000e+02 3.285226440429687500e+02 3.287715454101562500e+02 3.288718261718750000e+02 3.288455200195312500e+02 3.287131652832031250e+02 3.284838256835937500e+02 3.281580810546875000e+02 3.277714233398437500e+02 3.273448791503906250e+02 3.268875427246093750e+02 3.264293518066406250e+02 3.259718933105468750e+02 3.256058654785156250e+02 3.256241760253906250e+02 3.260870666503906250e+02 3.267132568359375000e+02 3.273233947753906250e+02 3.279027709960937500e+02 3.284552917480468750e+02 3.289532165527343750e+02 3.294119567871093750e+02 3.298380126953125000e+02 3.302132263183593750e+02 3.305534057617187500e+02 3.308660278320312500e+02 3.311408081054687500e+02 3.313915710449218750e+02 3.316294860839843750e+02 3.318377075195312500e+02 3.320389709472656250e+02 3.322447509765625000e+02 3.324416198730468750e+02 3.326383361816406250e+02 3.328403625488281250e+02
3.789735717773437500e+02 3.813860778808593750e+02 3.851458129882812500e+02 3.913761901855468750e+02 3.974060058593750000e+02 3.993305664062500000e+02 3.989473571777343750e+02 3.951218566894531250e+02 3.914790649414062500e+02 3.869166259765625000e+02 3.800948181152343750e+02 3.751690063476562500e+02 3.700161132812500000e+02 3.659583435058593750e+02 3.631487731933593750e+02 3.610148620605468750e+02 3.573831176757812500e+02 3.610912170410156250e+02 3.587163696289062500e+02 3.599412536621093750e+02 3.642892456054687500e+02 3.675294189453125000e+02 3.706429443359375000e+02 3.737791137695312500e+02 3.764547424316406250e+02 3.791333618164062500e+02 3.834151611328125000e+02 3.906343383789062500e+02 3.961504211425781250e+02 3.999035339355468750e+02 4.072913818359375000e+02 4.156281433105468750e+02 4.198354187011718750e+02 4.190360107421875000e+02 4.082102966308593750e+02 3.984616699218750000e+02 3.910820617675781250e+02 3.834129638671875000e+02 3.814915466308593750e+02 3.794693603515625000e+02 3.729395751953125000e+02 3.559099426269531250e+02 3.369997253417968750e+02 3.321712341308593750e+02 3.298081359863281250e+02 3.279649047851562500e+02 3.268746032714843750e+02 3.266217041015625000e+02 3.279329833984375000e+02 3.294537658691406250e+02 3.305316467285156250e+02 3.313430175781250000e+02 3.320822448730468750e+02 3.328374633789062500e+02 3.336065063476562500e+02 3.341101074218750000e+02 3.342010192871093750e+02 3.339967956542968750e+02 3.337284545898437500e+02 3.335169677734375000e+02 3.333596496582031250e+02 3.332938232421875000e+02 3.332831726074218750e+02 3.332469177246093750e+02 3.331873779296875000e+02 3.331581420898437500e+02 3.333573913574218750e+02 3.332485351562500000e+02 3.331665649414062500e+02 3.330860595703125000e+02 3.329925842285156250e+02 3.330419006347656250e+02 3.329520263671875000e+02 3.326205444335937500e+02 3.321366577148437500e+02 3.316094055175781250e+02 3.310801086425781250e+02 3.305388793945312500e+02 3.299872741699218750e+02 3.294317626953125000e+02 3.288835449218750000e+02 3.282746887207031250e+02 3.275513610839843750e+02 3.267722167968750000e+02 3.259291687011718750e+02 3.250113220214843750e+02 3.239742736816406250e+02 3.228589782714843750e+02 3.217296142578125000e+02 3.206157836914062500e+02 3.199465637207031250e+02 3.198106384277343750e+02 3.198628540039062500e+02 3.202378845214843750e+02 3.209869689941406250e+02 3.217604980468750000e+02 3.224991455078125000e+02 3.231847229003906250e+02 3.238603210449218750e+02 3.245601196289062500e+02 3.252666015625000000e+02 3.259830932617187500e+02 3.266587524414062500e+02 3.272045898437500000e+02 3.276284179687500000e+02 3.279319458007812500e+02 3.281029357910156250e+02 3.281566162109375000e+02 3.280996704101562500e+02 3.279438476562500000e+02 3.276932373046875000e+02 3.273539733886718750e+02 3.269663085937500000e+02 3.265451660156250000e+02 3.260929870605468750e+02 3.256630859375000000e+02 3.253553771972656250e+02 3.254192504882812500e+02 3.259172973632812500e+02 3.265618896484375000e+02 3.272221069335937500e+02 3.278324279785156250e+02 3.284066162109375000e+02 3.289498291015625000e+02 3.294341125488281250e+02 3.298753051757812500e+02 3.302805175781250000e+02 3.306329650878906250e+02 3.309479675292968750e+02 3.312329711914062500e+02 3.314793701171875000e+02 3.317008972167968750e+02 3.319085388183593750e+02 3.320895385742187500e+02 3.322605895996093750e+02 3.324425354003906250e+02 3.326180419921875000e+02 3.327934875488281250e+02 3.329746704101562500e+02
3.775645751953125000e+02 3.786559448242187500e+02 3.797648315429687500e+02 3.851542358398437500e+02 3.959310302734375000e+02 4.010810852050781250e+02 4.009593811035156250e+02 4.005089416503906250e+02 3.975407104492187500e+02 3.899612121582031250e+02 3.823338317871093750e+02 3.776842041015625000e+02 3.731066894531250000e+02 3.689080505371093750e+02 3.642427673339843750e+02 3.596157836914062500e+02 3.547859802246093750e+02 3.591918945312500000e+02 3.559857482910156250e+02 3.598753662109375000e+02 3.640886230468750000e+02 3.665899963378906250e+02 3.693596496582031250e+02 3.722796630859375000e+02 3.746380615234375000e+02 3.756081848144531250e+02 3.762606811523437500e+02 3.785744323730468750e+02 3.822790222167968750e+02 3.869414062500000000e+02 3.963044738769531250e+02 4.082505493164062500e+02 4.186814270019531250e+02 4.189854125976562500e+02 4.144097290039062500e+02 4.077997741699218750e+02 3.976664428710937500e+02 3.828629455566406250e+02 3.716924743652343750e+02 3.666182250976562500e+02 3.590331726074218750e+02 3.426661987304687500e+02 3.328955688476562500e+02 3.301842346191406250e+02 3.282977905273437500e+02 3.265033264160156250e+02 3.256380920410156250e+02 3.262346496582031250e+02 3.278451538085937500e+02 3.291486511230468750e+02 3.300895996093750000e+02 3.308730468750000000e+02 3.315877685546875000e+02 3.323362426757812500e+02 3.330508117675781250e+02 3.334309082031250000e+02 3.334870910644531250e+02 3.333117980957031250e+02 3.330680541992187500e+02 3.328424682617187500e+02 3.326915283203125000e+02 3.326372680664062500e+02 3.326184997558593750e+02 3.325690307617187500e+02 3.324923400878906250e+02 3.325473937988281250e+02 3.326170349121093750e+02 3.324036254882812500e+02 3.323828430175781250e+02 3.323501281738281250e+02 3.324159545898437500e+02 3.320461425781250000e+02 3.322481384277343750e+02 3.322398376464843750e+02 3.318828430175781250e+02 3.314020385742187500e+02 3.308884887695312500e+02 3.303362121582031250e+02 3.297395019531250000e+02 3.291357727050781250e+02 3.284855041503906250e+02 3.277918090820312500e+02 3.270828552246093750e+02 3.262716369628906250e+02 3.253361816406250000e+02 3.243342590332031250e+02 3.232552490234375000e+02 3.221421508789062500e+02 3.210819396972656250e+02 3.201348876953125000e+02 3.198334350585937500e+02 3.198016967773437500e+02 3.198721923828125000e+02 3.202017517089843750e+02 3.208678588867187500e+02 3.215845642089843750e+02 3.223008117675781250e+02 3.229999084472656250e+02 3.237004089355468750e+02 3.244131164550781250e+02 3.250809631347656250e+02 3.256993103027343750e+02 3.262495727539062500e+02 3.266842346191406250e+02 3.270161132812500000e+02 3.272505798339843750e+02 3.273739929199218750e+02 3.273920288085937500e+02 3.273059692382812500e+02 3.271273803710937500e+02 3.268647155761718750e+02 3.265242309570312500e+02 3.261347351074218750e+02 3.257098083496093750e+02 3.252993164062500000e+02 3.250675048828125000e+02 3.252307739257812500e+02 3.257864379882812500e+02 3.264559936523437500e+02 3.271305541992187500e+02 3.277893066406250000e+02 3.283939819335937500e+02 3.289592285156250000e+02 3.294888305664062500e+02 3.299560546875000000e+02 3.303770446777343750e+02 3.307585754394531250e+02 3.310850830078125000e+02 3.313716125488281250e+02 3.316256408691406250e+02 3.318408203125000000e+02 3.320309448242187500e+02 3.322051086425781250e+02 3.323610839843750000e+02 3.325007324218750000e+02 3.326496887207031250e+02 3.328015441894531250e+02 3.329540405273437500e+02 3.331124572753906250e+02
3.758311462402343750e+02 3.768229064941406250e+02 3.779106445312500000e+02 3.800989685058593750e+02 3.897951660156250000e+02 3.986746520996093750e+02 4.009309387207031250e+02 4.009147338867187500e+02 3.994183044433593750e+02 3.934721069335937500e+02 3.848240661621093750e+02 3.786200561523437500e+02 3.745236206054687500e+02 3.703121032714843750e+02 3.662349243164062500e+02 3.627071533203125000e+02 3.562719726562500000e+02 3.518202209472656250e+02 3.520717773437500000e+02 3.589736328125000000e+02 3.630356445312500000e+02 3.655422058105468750e+02 3.682133789062500000e+02 3.706723022460937500e+02 3.720760498046875000e+02 3.721186523437500000e+02 3.714418029785156250e+02 3.714051513671875000e+02 3.733976135253906250e+02 3.770764160156250000e+02 3.842977600097656250e+02 3.948518981933593750e+02 4.099594116210937500e+02 4.183168640136718750e+02 4.205124816894531250e+02 4.186999816894531250e+02 4.043480224609375000e+02 3.882305603027343750e+02 3.700556640625000000e+02 3.511528320312500000e+02 3.406368713378906250e+02 3.328757629394531250e+02 3.291816101074218750e+02 3.278045959472656250e+02 3.264227600097656250e+02 3.250927124023437500e+02 3.249863281250000000e+02 3.262622985839843750e+02 3.277369079589843750e+02 3.288152465820312500e+02 3.296590576171875000e+02 3.303978271484375000e+02 3.311247863769531250e+02 3.318846435546875000e+02 3.325058288574218750e+02 3.327296752929687500e+02 3.327548522949218750e+02 3.326330566406250000e+02 3.324214782714843750e+02 3.321983032226562500e+02 3.320289001464843750e+02 3.319627685546875000e+02 3.319194641113281250e+02 3.318498840332031250e+02 3.317673339843750000e+02 3.318775634765625000e+02 3.317544860839843750e+02 3.316313781738281250e+02 3.315938415527343750e+02 3.315956115722656250e+02 3.321230163574218750e+02 3.312779235839843750e+02 3.313921508789062500e+02 3.316440124511718750e+02 3.315252075195312500e+02 3.311521301269531250e+02 3.306929626464843750e+02 3.301587524414062500e+02 3.295550537109375000e+02 3.289116210937500000e+02 3.282147827148437500e+02 3.274447937011718750e+02 3.266437377929687500e+02 3.258081054687500000e+02 3.248895263671875000e+02 3.238901977539062500e+02 3.227872619628906250e+02 3.216255187988281250e+02 3.205717163085937500e+02 3.199522094726562500e+02 3.197951049804687500e+02 3.197926940917968750e+02 3.198616333007812500e+02 3.200906066894531250e+02 3.207392883300781250e+02 3.214613342285156250e+02 3.221672668457031250e+02 3.228451538085937500e+02 3.235064086914062500e+02 3.241470031738281250e+02 3.247228393554687500e+02 3.252443542480468750e+02 3.257064208984375000e+02 3.260750732421875000e+02 3.263574523925781250e+02 3.265499572753906250e+02 3.266386718750000000e+02 3.266267395019531250e+02 3.265173339843750000e+02 3.263266906738281250e+02 3.260627136230468750e+02 3.257182312011718750e+02 3.253271179199218750e+02 3.249606323242187500e+02 3.248041992187500000e+02 3.250861206054687500e+02 3.256727905273437500e+02 3.263678588867187500e+02 3.270547485351562500e+02 3.277239379882812500e+02 3.283749694824218750e+02 3.289696655273437500e+02 3.295216979980468750e+02 3.300346069335937500e+02 3.304828186035156250e+02 3.308818969726562500e+02 3.312377014160156250e+02 3.315363159179687500e+02 3.317926025390625000e+02 3.320140991210937500e+02 3.321968078613281250e+02 3.323544311523437500e+02 3.324957275390625000e+02 3.326222229003906250e+02 3.327383117675781250e+02 3.328525695800781250e+02 3.329778442382812500e+02 3.331067199707031250e+02 3.332423095703125000e+02
3.749741516113281250e+02 3.762548828125000000e+02 3.776865539550781250e+02 3.801436462402343750e+02 3.869478454589843750e+02 3.947532958984375000e+02 3.998560180664062500e+02 4.005504150390625000e+02 4.005835876464843750e+02 3.993708801269531250e+02 3.898583068847656250e+02 3.800827636718750000e+02 3.759165649414062500e+02 3.723551025390625000e+02 3.689520263671875000e+02 3.647771911621093750e+02 3.591057434082031250e+02 3.495511474609375000e+02 3.508931274414062500e+02 3.599068908691406250e+02 3.626299133300781250e+02 3.645978088378906250e+02 3.669226989746093750e+02 3.687563476562500000e+02 3.694411621093750000e+02 3.687989807128906250e+02 3.666150512695312500e+02 3.636628417968750000e+02 3.648182983398437500e+02 3.696358032226562500e+02 3.750519409179687500e+02 3.784085693359375000e+02 3.863162841796875000e+02 4.020809631347656250e+02 4.150864562988281250e+02 4.048076477050781250e+02 3.871528320312500000e+02 3.744089355468750000e+02 3.569262390136718750e+02 3.375734863281250000e+02 3.273018493652343750e+02 3.244175109863281250e+02 3.250373229980468750e+02 3.250213012695312500e+02 3.243653259277343750e+02 3.240205383300781250e+02 3.249101257324218750e+02 3.263230285644531250e+02 3.275376281738281250e+02 3.284573059082031250e+02 3.292289733886718750e+02 3.299323120117187500e+02 3.307051696777343750e+02 3.314837646484375000e+02 3.319529418945312500e+02 3.320288085937500000e+02 3.320053405761718750e+02 3.319386596679687500e+02 3.317597351074218750e+02 3.315472717285156250e+02 3.313529968261718750e+02 3.312676696777343750e+02 3.312003479003906250e+02 3.311026611328125000e+02 3.310302429199218750e+02 3.310984802246093750e+02 3.308548583984375000e+02 3.309599609375000000e+02 3.307587585449218750e+02 3.308271789550781250e+02 3.314208984375000000e+02 3.305207824707031250e+02 3.305589294433593750e+02 3.309522399902343750e+02 3.309796142578125000e+02 3.307944641113281250e+02 3.304405822753906250e+02 3.299706115722656250e+02 3.293950195312500000e+02 3.287442932128906250e+02 3.280129699707031250e+02 3.271914978027343750e+02 3.263396606445312500e+02 3.254367675781250000e+02 3.244680175781250000e+02 3.234630737304687500e+02 3.223975524902343750e+02 3.212810974121093750e+02 3.202710876464843750e+02 3.198603820800781250e+02 3.197751464843750000e+02 3.197939147949218750e+02 3.198645935058593750e+02 3.200664062500000000e+02 3.206554260253906250e+02 3.213240966796875000e+02 3.219748229980468750e+02 3.225820007324218750e+02 3.231686401367187500e+02 3.237336425781250000e+02 3.242405090332031250e+02 3.246966857910156250e+02 3.250988464355468750e+02 3.254180297851562500e+02 3.256601562500000000e+02 3.258197021484375000e+02 3.258818359375000000e+02 3.258490905761718750e+02 3.257272338867187500e+02 3.255286560058593750e+02 3.252574157714843750e+02 3.249205627441406250e+02 3.246159667968750000e+02 3.245637512207031250e+02 3.249632873535156250e+02 3.255952453613281250e+02 3.262924194335937500e+02 3.270076293945312500e+02 3.276888427734375000e+02 3.283483886718750000e+02 3.289877929687500000e+02 3.295686645507812500e+02 3.301041259765625000e+02 3.305975036621093750e+02 3.310237731933593750e+02 3.313978271484375000e+02 3.317247314453125000e+02 3.319925537109375000e+02 3.322160034179687500e+02 3.324026489257812500e+02 3.325510864257812500e+02 3.326745605468750000e+02 3.327821044921875000e+02 3.328759765625000000e+02 3.329656677246093750e+02 3.330539550781250000e+02 3.331487426757812500e+02 3.332522277832031250e+02 3.333645629882812500e+02
3.757864990234375000e+02 3.765129394531250000e+02 3.777388305664062500e+02 3.804062805175781250e+02 3.851888427734375000e+02 3.906323242187500000e+02 3.954606018066406250e+02 3.983156433105468750e+02 4.005473022460937500e+02 4.002175598144531250e+02 3.939560852050781250e+02 3.829330444335937500e+02 3.780632324218750000e+02 3.755069885253906250e+02 3.714890747070312500e+02 3.664174194335937500e+02 3.608736572265625000e+02 3.514356689453125000e+02 3.507250671386718750e+02 3.594411315917968750e+02 3.617900390625000000e+02 3.633672180175781250e+02 3.651342163085937500e+02 3.662702941894531250e+02 3.666846923828125000e+02 3.660099792480468750e+02 3.635932922363281250e+02 3.603955078125000000e+02 3.591361694335937500e+02 3.628309631347656250e+02 3.679898986816406250e+02 3.721044616699218750e+02 3.776615295410156250e+02 3.880992736816406250e+02 3.938365478515625000e+02 3.803095397949218750e+02 3.720946655273437500e+02 3.623999938964843750e+02 3.434268188476562500e+02 3.274418945312500000e+02 3.200906982421875000e+02 3.203391113281250000e+02 3.220437622070312500e+02 3.227372741699218750e+02 3.229808044433593750e+02 3.237931518554687500e+02 3.250473632812500000e+02 3.262454528808593750e+02 3.272378540039062500e+02 3.280712890625000000e+02 3.287912597656250000e+02 3.295075378417968750e+02 3.303296813964843750e+02 3.310077819824218750e+02 3.312892150878906250e+02 3.312873840332031250e+02 3.312286071777343750e+02 3.312078247070312500e+02 3.310570678710937500e+02 3.308644104003906250e+02 3.306582336425781250e+02 3.305419311523437500e+02 3.304522094726562500e+02 3.303252868652343750e+02 3.302651672363281250e+02 3.302311096191406250e+02 3.299823303222656250e+02 3.303067321777343750e+02 3.299062194824218750e+02 3.300677795410156250e+02 3.305462646484375000e+02 3.296821899414062500e+02 3.295759887695312500e+02 3.300865478515625000e+02 3.302263488769531250e+02 3.301737060546875000e+02 3.300129089355468750e+02 3.297104797363281250e+02 3.292316589355468750e+02 3.286095581054687500e+02 3.278627624511718750e+02 3.270108947753906250e+02 3.261164550781250000e+02 3.251735229492187500e+02 3.241726074218750000e+02 3.231383972167968750e+02 3.220852661132812500e+02 3.210334472656250000e+02 3.201376953125000000e+02 3.198156738281250000e+02 3.197725219726562500e+02 3.198099060058593750e+02 3.199003601074218750e+02 3.201210632324218750e+02 3.205896911621093750e+02 3.211377563476562500e+02 3.216951293945312500e+02 3.222233886718750000e+02 3.227362976074218750e+02 3.232342834472656250e+02 3.236828308105468750e+02 3.240847167968750000e+02 3.244333190917968750e+02 3.247065429687500000e+02 3.249139404296875000e+02 3.250487365722656250e+02 3.250936279296875000e+02 3.250491943359375000e+02 3.249171752929687500e+02 3.247066650390625000e+02 3.244533386230468750e+02 3.242638854980468750e+02 3.243650512695312500e+02 3.248611145019531250e+02 3.255570983886718750e+02 3.262756347656250000e+02 3.269902648925781250e+02 3.277024536132812500e+02 3.283738098144531250e+02 3.290192871093750000e+02 3.296413879394531250e+02 3.302038269042968750e+02 3.307191467285156250e+02 3.311892089843750000e+02 3.315892639160156250e+02 3.319334106445312500e+02 3.322268371582031250e+02 3.324596252441406250e+02 3.326463928222656250e+02 3.327950439453125000e+02 3.329063720703125000e+02 3.329934692382812500e+02 3.330650634765625000e+02 3.331255493164062500e+02 3.331838684082031250e+02 3.332458190917968750e+02 3.333125305175781250e+02 3.333894042968750000e+02 3.334781188964843750e+02
3.770370178222656250e+02 3.766925048828125000e+02 3.771593322753906250e+02 3.785345153808593750e+02 3.813936157226562500e+02 3.859112243652343750e+02 3.901177062988281250e+02 3.932015380859375000e+02 3.972659301757812500e+02 3.987551269531250000e+02 3.937802734375000000e+02 3.856502685546875000e+02 3.810373840332031250e+02 3.783502197265625000e+02 3.730216674804687500e+02 3.676063842773437500e+02 3.622230529785156250e+02 3.525959777832031250e+02 3.522812194824218750e+02 3.605859985351562500e+02 3.605200500488281250e+02 3.616752624511718750e+02 3.630238037109375000e+02 3.634511108398437500e+02 3.636567382812500000e+02 3.635748596191406250e+02 3.622657165527343750e+02 3.611294555664062500e+02 3.596585693359375000e+02 3.575838012695312500e+02 3.629003906250000000e+02 3.693576049804687500e+02 3.762890014648437500e+02 3.815826110839843750e+02 3.802586059570312500e+02 3.715637817382812500e+02 3.622565917968750000e+02 3.482337341308593750e+02 3.307835083007812500e+02 3.197834777832031250e+02 3.182817687988281250e+02 3.197094116210937500e+02 3.208981018066406250e+02 3.218244323730468750e+02 3.227754516601562500e+02 3.239393005371093750e+02 3.250578308105468750e+02 3.260296630859375000e+02 3.269038085937500000e+02 3.276956176757812500e+02 3.283954772949218750e+02 3.291692504882812500e+02 3.299763793945312500e+02 3.304779357910156250e+02 3.305971679687500000e+02 3.305537414550781250e+02 3.304800109863281250e+02 3.304854736328125000e+02 3.303579711914062500e+02 3.301850280761718750e+02 3.299769592285156250e+02 3.298323669433593750e+02 3.297225036621093750e+02 3.295763854980468750e+02 3.295152282714843750e+02 3.293724670410156250e+02 3.291927795410156250e+02 3.295977783203125000e+02 3.290917053222656250e+02 3.292144775390625000e+02 3.296622009277343750e+02 3.289004211425781250e+02 3.285403442382812500e+02 3.291241455078125000e+02 3.293431701660156250e+02 3.293397216796875000e+02 3.293260192871093750e+02 3.292739257812500000e+02 3.290202941894531250e+02 3.284973144531250000e+02 3.277536315917968750e+02 3.268808898925781250e+02 3.259698486328125000e+02 3.250109558105468750e+02 3.239912109375000000e+02 3.229450683593750000e+02 3.219082641601562500e+02 3.209271240234375000e+02 3.201204223632812500e+02 3.198226013183593750e+02 3.197901000976562500e+02 3.198309020996093750e+02 3.199135437011718750e+02 3.201195373535156250e+02 3.205025329589843750e+02 3.209317932128906250e+02 3.213856811523437500e+02 3.218349304199218750e+02 3.222815856933593750e+02 3.227163391113281250e+02 3.231063842773437500e+02 3.234542846679687500e+02 3.237545166015625000e+02 3.239924011230468750e+02 3.241762695312500000e+02 3.242940979003906250e+02 3.243263854980468750e+02 3.242744445800781250e+02 3.241498413085937500e+02 3.239941101074218750e+02 3.239523925781250000e+02 3.242267456054687500e+02 3.247834777832031250e+02 3.254932250976562500e+02 3.262593383789062500e+02 3.269968872070312500e+02 3.277119445800781250e+02 3.284133605957031250e+02 3.290674743652343750e+02 3.296925354003906250e+02 3.302929382324218750e+02 3.308335266113281250e+02 3.313252868652343750e+02 3.317681884765625000e+02 3.321382751464843750e+02 3.324491271972656250e+02 3.327058410644531250e+02 3.329013366699218750e+02 3.330500488281250000e+02 3.331598815917968750e+02 3.332340087890625000e+02 3.332849121093750000e+02 3.333211669921875000e+02 3.333492431640625000e+02 3.333769531250000000e+02 3.334108581542968750e+02 3.334517517089843750e+02 3.335044250488281250e+02 3.335722045898437500e+02
3.776963500976562500e+02 3.760535888671875000e+02 3.757095031738281250e+02 3.764544982910156250e+02 3.781967773437500000e+02 3.813481140136718750e+02 3.849810791015625000e+02 3.869361877441406250e+02 3.891062011718750000e+02 3.925210876464843750e+02 3.922982482910156250e+02 3.869825744628906250e+02 3.814242858886718750e+02 3.775381469726562500e+02 3.718791198730468750e+02 3.660042724609375000e+02 3.568681640625000000e+02 3.478879699707031250e+02 3.583386535644531250e+02 3.604662170410156250e+02 3.591598205566406250e+02 3.599497375488281250e+02 3.608647766113281250e+02 3.606548156738281250e+02 3.605352783203125000e+02 3.609363098144531250e+02 3.607514038085937500e+02 3.609238891601562500e+02 3.610085449218750000e+02 3.552405090332031250e+02 3.590308532714843750e+02 3.672797546386718750e+02 3.764028930664062500e+02 3.799539794921875000e+02 3.745506591796875000e+02 3.634091186523437500e+02 3.459200134277343750e+02 3.307420349121093750e+02 3.207606201171875000e+02 3.167049865722656250e+02 3.178673706054687500e+02 3.196478271484375000e+02 3.207775878906250000e+02 3.218264465332031250e+02 3.229071655273437500e+02 3.239696350097656250e+02 3.248991088867187500e+02 3.257361450195312500e+02 3.265666809082031250e+02 3.273233337402343750e+02 3.280197448730468750e+02 3.288625793457031250e+02 3.295701904296875000e+02 3.298690185546875000e+02 3.298748779296875000e+02 3.298148498535156250e+02 3.297383728027343750e+02 3.297558288574218750e+02 3.296544494628906250e+02 3.294952087402343750e+02 3.292949523925781250e+02 3.291267395019531250e+02 3.289924316406250000e+02 3.288349914550781250e+02 3.287547912597656250e+02 3.285286560058593750e+02 3.284317932128906250e+02 3.287785339355468750e+02 3.282459411621093750e+02 3.283255004882812500e+02 3.286692810058593750e+02 3.280494384765625000e+02 3.275848083496093750e+02 3.281075439453125000e+02 3.283570861816406250e+02 3.283899841308593750e+02 3.283922729492187500e+02 3.285261535644531250e+02 3.286039733886718750e+02 3.283265075683593750e+02 3.276542053222656250e+02 3.267767028808593750e+02 3.258600158691406250e+02 3.249058227539062500e+02 3.238919677734375000e+02 3.228648071289062500e+02 3.218422546386718750e+02 3.208843078613281250e+02 3.201145019531250000e+02 3.198361206054687500e+02 3.198139648437500000e+02 3.198557434082031250e+02 3.199448852539062500e+02 3.201346435546875000e+02 3.204278259277343750e+02 3.207343750000000000e+02 3.210724792480468750e+02 3.214342651367187500e+02 3.218081665039062500e+02 3.221726074218750000e+02 3.224994812011718750e+02 3.227940979003906250e+02 3.230538024902343750e+02 3.232682189941406250e+02 3.234377136230468750e+02 3.235418701171875000e+02 3.235755310058593750e+02 3.235604248046875000e+02 3.235651855468750000e+02 3.237165222167968750e+02 3.241722106933593750e+02 3.247811279296875000e+02 3.254739379882812500e+02 3.262400207519531250e+02 3.270309143066406250e+02 3.277737426757812500e+02 3.284787902832031250e+02 3.291578674316406250e+02 3.297851257324218750e+02 3.303832702636718750e+02 3.309571533203125000e+02 3.314716186523437500e+02 3.319347839355468750e+02 3.323448791503906250e+02 3.326795043945312500e+02 3.329521789550781250e+02 3.331681823730468750e+02 3.333234252929687500e+02 3.334319152832031250e+02 3.335014038085937500e+02 3.335374450683593750e+02 3.335515747070312500e+02 3.335523071289062500e+02 3.335482482910156250e+02 3.335464477539062500e+02 3.335530395507812500e+02 3.335679321289062500e+02 3.335972290039062500e+02 3.336475219726562500e+02
3.770878906250000000e+02 3.739218444824218750e+02 3.729499206542968750e+02 3.737292480468750000e+02 3.755126342773437500e+02 3.778630981445312500e+02 3.803215637207031250e+02 3.810809326171875000e+02 3.804578857421875000e+02 3.845447082519531250e+02 3.885399169921875000e+02 3.862806701660156250e+02 3.819535522460937500e+02 3.769626770019531250e+02 3.700890808105468750e+02 3.620814514160156250e+02 3.466416320800781250e+02 3.543975524902343750e+02 3.610439453125000000e+02 3.591640930175781250e+02 3.571227416992187500e+02 3.573302612304687500e+02 3.577520141601562500e+02 3.578766784667968750e+02 3.580155029296875000e+02 3.583835449218750000e+02 3.590468750000000000e+02 3.594000549316406250e+02 3.579112548828125000e+02 3.520401000976562500e+02 3.557716064453125000e+02 3.636372375488281250e+02 3.729040222167968750e+02 3.735011596679687500e+02 3.634906311035156250e+02 3.457137451171875000e+02 3.275999755859375000e+02 3.193916015625000000e+02 3.159686279296875000e+02 3.155009155273437500e+02 3.178713684082031250e+02 3.201196289062500000e+02 3.210509948730468750e+02 3.219824829101562500e+02 3.229186096191406250e+02 3.238193359375000000e+02 3.246284179687500000e+02 3.254121704101562500e+02 3.262222290039062500e+02 3.269438476562500000e+02 3.276879577636718750e+02 3.285309753417968750e+02 3.290560607910156250e+02 3.291714172363281250e+02 3.291119079589843750e+02 3.290505981445312500e+02 3.289791870117187500e+02 3.289945678710937500e+02 3.289202270507812500e+02 3.287707519531250000e+02 3.285882263183593750e+02 3.284118957519531250e+02 3.282495422363281250e+02 3.280737915039062500e+02 3.279598693847656250e+02 3.276866455078125000e+02 3.276044006347656250e+02 3.278602905273437500e+02 3.273474426269531250e+02 3.273849487304687500e+02 3.276499938964843750e+02 3.270931396484375000e+02 3.265810852050781250e+02 3.269858093261718750e+02 3.271741333007812500e+02 3.272732543945312500e+02 3.273148803710937500e+02 3.274543762207031250e+02 3.277835388183593750e+02 3.279172363281250000e+02 3.275071716308593750e+02 3.266787719726562500e+02 3.257692871093750000e+02 3.248280639648437500e+02 3.238356628417968750e+02 3.228510742187500000e+02 3.218626708984375000e+02 3.208982238769531250e+02 3.201183776855468750e+02 3.198564758300781250e+02 3.198314514160156250e+02 3.198676757812500000e+02 3.199744567871093750e+02 3.202722167968750000e+02 3.205876770019531250e+02 3.208084411621093750e+02 3.209788208007812500e+02 3.211743164062500000e+02 3.214172058105468750e+02 3.216853027343750000e+02 3.219356384277343750e+02 3.221739196777343750e+02 3.224010009765625000e+02 3.226058959960937500e+02 3.227855224609375000e+02 3.229299316406250000e+02 3.230809020996093750e+02 3.233234252929687500e+02 3.237058715820312500e+02 3.241374206542968750e+02 3.247506713867187500e+02 3.254917907714843750e+02 3.262771911621093750e+02 3.270914916992187500e+02 3.279031982421875000e+02 3.286387023925781250e+02 3.293150024414062500e+02 3.299551391601562500e+02 3.305444335937500000e+02 3.311077880859375000e+02 3.316485595703125000e+02 3.321301574707031250e+02 3.325574951171875000e+02 3.329269409179687500e+02 3.332189331054687500e+02 3.334472351074218750e+02 3.336175842285156250e+02 3.337288818359375000e+02 3.337942810058593750e+02 3.338210144042968750e+02 3.338172302246093750e+02 3.337932128906250000e+02 3.337576904296875000e+02 3.337213439941406250e+02 3.336905517578125000e+02 3.336715087890625000e+02 3.336637878417968750e+02 3.336684875488281250e+02 3.337042236328125000e+02
3.735781860351562500e+02 3.697915039062500000e+02 3.686905822753906250e+02 3.700988464355468750e+02 3.723676757812500000e+02 3.745043640136718750e+02 3.763727111816406250e+02 3.772165222167968750e+02 3.787893981933593750e+02 3.823916320800781250e+02 3.852994689941406250e+02 3.841367492675781250e+02 3.809877929687500000e+02 3.756366271972656250e+02 3.684733581542968750e+02 3.594444274902343750e+02 3.434712219238281250e+02 3.500651245117187500e+02 3.569969177246093750e+02 3.556787414550781250e+02 3.542576904296875000e+02 3.539176330566406250e+02 3.542138671875000000e+02 3.546572570800781250e+02 3.551803894042968750e+02 3.557649230957031250e+02 3.566009826660156250e+02 3.565115661621093750e+02 3.526651000976562500e+02 3.482805480957031250e+02 3.488424072265625000e+02 3.542191162109375000e+02 3.627201538085937500e+02 3.589104003906250000e+02 3.446759338378906250e+02 3.277637023925781250e+02 3.177697448730468750e+02 3.158629455566406250e+02 3.141721801757812500e+02 3.145508117675781250e+02 3.174202880859375000e+02 3.199250183105468750e+02 3.209436645507812500e+02 3.218594970703125000e+02 3.227415161132812500e+02 3.235731506347656250e+02 3.243359680175781250e+02 3.251045532226562500e+02 3.258863220214843750e+02 3.265899047851562500e+02 3.273847351074218750e+02 3.281317443847656250e+02 3.284583129882812500e+02 3.284537963867187500e+02 3.283692016601562500e+02 3.283106384277343750e+02 3.282472534179687500e+02 3.282467346191406250e+02 3.282064208984375000e+02 3.280579528808593750e+02 3.278909301757812500e+02 3.277195434570312500e+02 3.275399475097656250e+02 3.273368530273437500e+02 3.271954040527343750e+02 3.269087829589843750e+02 3.267932128906250000e+02 3.269299621582031250e+02 3.264712829589843750e+02 3.264592590332031250e+02 3.266231079101562500e+02 3.262512512207031250e+02 3.255637817382812500e+02 3.258291015625000000e+02 3.259404907226562500e+02 3.259671936035156250e+02 3.261239318847656250e+02 3.262967834472656250e+02 3.266772155761718750e+02 3.271764221191406250e+02 3.272005004882812500e+02 3.265395812988281250e+02 3.256642456054687500e+02 3.247369079589843750e+02 3.237761840820312500e+02 3.228357543945312500e+02 3.218942260742187500e+02 3.209442443847656250e+02 3.201847534179687500e+02 3.198980102539062500e+02 3.198339538574218750e+02 3.198469543457031250e+02 3.200170593261718750e+02 3.205949401855468750e+02 3.211402282714843750e+02 3.214501647949218750e+02 3.215610961914062500e+02 3.215819091796875000e+02 3.216335754394531250e+02 3.217766113281250000e+02 3.219432983398437500e+02 3.221237792968750000e+02 3.223202209472656250e+02 3.225232543945312500e+02 3.227431640625000000e+02 3.230365295410156250e+02 3.234033203125000000e+02 3.237996520996093750e+02 3.242911071777343750e+02 3.247976989746093750e+02 3.254543762207031250e+02 3.262732849121093750e+02 3.271407470703125000e+02 3.279941406250000000e+02 3.288174438476562500e+02 3.295278015136718750e+02 3.301575622558593750e+02 3.307452697753906250e+02 3.312878723144531250e+02 3.318104553222656250e+02 3.323130493164062500e+02 3.327567749023437500e+02 3.331427307128906250e+02 3.334665222167968750e+02 3.337121887207031250e+02 3.338940124511718750e+02 3.340179748535156250e+02 3.340855712890625000e+02 3.341085205078125000e+02 3.340935668945312500e+02 3.340508422851562500e+02 3.339900207519531250e+02 3.339199829101562500e+02 3.338538513183593750e+02 3.337972412109375000e+02 3.337558593750000000e+02 3.337315063476562500e+02 3.337181091308593750e+02 3.337408447265625000e+02
3.684848937988281250e+02 3.639396972656250000e+02 3.633532104492187500e+02 3.659356079101562500e+02 3.688066101074218750e+02 3.713403625488281250e+02 3.735735473632812500e+02 3.757172241210937500e+02 3.786288757324218750e+02 3.814072875976562500e+02 3.824766235351562500e+02 3.811374511718750000e+02 3.771157836914062500e+02 3.713663635253906250e+02 3.650606384277343750e+02 3.562688598632812500e+02 3.425480957031250000e+02 3.426107177734375000e+02 3.488144226074218750e+02 3.511413879394531250e+02 3.510746765136718750e+02 3.508202819824218750e+02 3.510143737792968750e+02 3.516160583496093750e+02 3.523490905761718750e+02 3.531520385742187500e+02 3.541175842285156250e+02 3.542388305664062500e+02 3.502628173828125000e+02 3.459715881347656250e+02 3.431964416503906250e+02 3.378731994628906250e+02 3.405893859863281250e+02 3.362443847656250000e+02 3.245245056152343750e+02 3.175002136230468750e+02 3.141274719238281250e+02 3.126933898925781250e+02 3.121654968261718750e+02 3.138188781738281250e+02 3.164750061035156250e+02 3.187979736328125000e+02 3.205349121093750000e+02 3.216233215332031250e+02 3.225119323730468750e+02 3.233226623535156250e+02 3.240639648437500000e+02 3.248185119628906250e+02 3.255605468750000000e+02 3.262746582031250000e+02 3.270680236816406250e+02 3.276481323242187500e+02 3.277978515625000000e+02 3.277265930175781250e+02 3.276363830566406250e+02 3.275787963867187500e+02 3.275259399414062500e+02 3.274982604980468750e+02 3.274887695312500000e+02 3.273450927734375000e+02 3.271891784667968750e+02 3.270281066894531250e+02 3.268411560058593750e+02 3.266142883300781250e+02 3.264357604980468750e+02 3.261430664062500000e+02 3.259433898925781250e+02 3.260046691894531250e+02 3.256005859375000000e+02 3.254971313476562500e+02 3.255510253906250000e+02 3.253746643066406250e+02 3.246288452148437500e+02 3.246780700683593750e+02 3.246497497558593750e+02 3.245578613281250000e+02 3.246598510742187500e+02 3.250140686035156250e+02 3.254285888671875000e+02 3.261549682617187500e+02 3.266303405761718750e+02 3.262747497558593750e+02 3.254414672851562500e+02 3.245307312011718750e+02 3.236026306152343750e+02 3.227118835449218750e+02 3.218261108398437500e+02 3.209187622070312500e+02 3.201546325683593750e+02 3.198794555664062500e+02 3.198189392089843750e+02 3.198174133300781250e+02 3.200354614257812500e+02 3.209361267089843750e+02 3.218385314941406250e+02 3.223793945312500000e+02 3.225462951660156250e+02 3.225304565429687500e+02 3.225063476562500000e+02 3.225478210449218750e+02 3.226347351074218750e+02 3.227550659179687500e+02 3.229129638671875000e+02 3.231080017089843750e+02 3.233461608886718750e+02 3.236557006835937500e+02 3.240030212402343750e+02 3.243854064941406250e+02 3.248845825195312500e+02 3.254859924316406250e+02 3.262395324707031250e+02 3.271542053222656250e+02 3.281019897460937500e+02 3.289912109375000000e+02 3.297717590332031250e+02 3.304272460937500000e+02 3.309965209960937500e+02 3.315207824707031250e+02 3.320093383789062500e+02 3.324861755371093750e+02 3.329462585449218750e+02 3.333475341796875000e+02 3.336875000000000000e+02 3.339619445800781250e+02 3.341596679687500000e+02 3.342950439453125000e+02 3.343737487792968750e+02 3.343991394042968750e+02 3.343810729980468750e+02 3.343254394531250000e+02 3.342444763183593750e+02 3.341474304199218750e+02 3.340441284179687500e+02 3.339504089355468750e+02 3.338710021972656250e+02 3.338106384277343750e+02 3.337731018066406250e+02 3.337496948242187500e+02 3.337640075683593750e+02
3.646046142578125000e+02 3.601680603027343750e+02 3.600319213867187500e+02 3.621586914062500000e+02 3.655287780761718750e+02 3.688578796386718750e+02 3.719638977050781250e+02 3.746466064453125000e+02 3.772856750488281250e+02 3.796502990722656250e+02 3.800541076660156250e+02 3.779948730468750000e+02 3.726096801757812500e+02 3.662348632812500000e+02 3.601759948730468750e+02 3.533945922851562500e+02 3.445389099121093750e+02 3.399590454101562500e+02 3.430928649902343750e+02 3.469626464843750000e+02 3.478840637207031250e+02 3.477839050292968750e+02 3.479613037109375000e+02 3.486657409667968750e+02 3.495201416015625000e+02 3.505308227539062500e+02 3.515537109375000000e+02 3.519089660644531250e+02 3.490497436523437500e+02 3.445924987792968750e+02 3.423604125976562500e+02 3.315528869628906250e+02 3.196954040527343750e+02 3.175232238769531250e+02 3.153490295410156250e+02 3.134520568847656250e+02 3.116157226562500000e+02 3.102608032226562500e+02 3.108142700195312500e+02 3.133862609863281250e+02 3.160448913574218750e+02 3.185531311035156250e+02 3.204309692382812500e+02 3.214289855957031250e+02 3.223089904785156250e+02 3.231026000976562500e+02 3.238301696777343750e+02 3.245604858398437500e+02 3.252644042968750000e+02 3.259863891601562500e+02 3.266867980957031250e+02 3.270764160156250000e+02 3.271010131835937500e+02 3.269963684082031250e+02 3.269032592773437500e+02 3.268429870605468750e+02 3.267960205078125000e+02 3.267411804199218750e+02 3.267533569335937500e+02 3.266169433593750000e+02 3.264626464843750000e+02 3.263145446777343750e+02 3.261293334960937500e+02 3.258910522460937500e+02 3.256687011718750000e+02 3.253868103027343750e+02 3.251244812011718750e+02 3.250914611816406250e+02 3.247413635253906250e+02 3.245130004882812500e+02 3.244781188964843750e+02 3.243713989257812500e+02 3.236786804199218750e+02 3.235086975097656250e+02 3.233140258789062500e+02 3.230254516601562500e+02 3.229146728515625000e+02 3.233872985839843750e+02 3.240712585449218750e+02 3.249606628417968750e+02 3.258421325683593750e+02 3.258408508300781250e+02 3.250742797851562500e+02 3.241596374511718750e+02 3.232408447265625000e+02 3.223794555664062500e+02 3.215493774414062500e+02 3.207135314941406250e+02 3.200735778808593750e+02 3.198524169921875000e+02 3.198053283691406250e+02 3.198146362304687500e+02 3.200325317382812500e+02 3.210206298828125000e+02 3.222869873046875000e+02 3.232813720703125000e+02 3.236748657226562500e+02 3.236847839355468750e+02 3.235960388183593750e+02 3.235454101562500000e+02 3.235496215820312500e+02 3.236050415039062500e+02 3.237194519042968750e+02 3.238967895507812500e+02 3.241435852050781250e+02 3.244475708007812500e+02 3.247738037109375000e+02 3.251338500976562500e+02 3.256193847656250000e+02 3.262775268554687500e+02 3.271353454589843750e+02 3.281487121582031250e+02 3.291434020996093750e+02 3.300377197265625000e+02 3.307120361328125000e+02 3.312884521484375000e+02 3.317926940917968750e+02 3.322477111816406250e+02 3.326784973144531250e+02 3.331074218750000000e+02 3.335227966308593750e+02 3.338790283203125000e+02 3.341713867187500000e+02 3.343974914550781250e+02 3.345505981445312500e+02 3.346445617675781250e+02 3.346839599609375000e+02 3.346724548339843750e+02 3.346170654296875000e+02 3.345223083496093750e+02 3.344032287597656250e+02 3.342700805664062500e+02 3.341344604492187500e+02 3.340146789550781250e+02 3.339150390625000000e+02 3.338397827148437500e+02 3.337937622070312500e+02 3.337726440429687500e+02 3.337826843261718750e+02
3.630465393066406250e+02 3.599418640136718750e+02 3.595481567382812500e+02 3.604288330078125000e+02 3.636317749023437500e+02 3.672951660156250000e+02 3.706316833496093750e+02 3.728559875488281250e+02 3.755821533203125000e+02 3.793897705078125000e+02 3.798441467285156250e+02 3.760240173339843750e+02 3.689627990722656250e+02 3.624743347167968750e+02 3.570526428222656250e+02 3.508225708007812500e+02 3.433002319335937500e+02 3.390829772949218750e+02 3.414024963378906250e+02 3.442500915527343750e+02 3.449321899414062500e+02 3.448155822753906250e+02 3.449970703125000000e+02 3.458107910156250000e+02 3.468591918945312500e+02 3.480888671875000000e+02 3.492982788085937500e+02 3.493191833496093750e+02 3.477506103515625000e+02 3.442487182617187500e+02 3.367689819335937500e+02 3.210161132812500000e+02 3.167153625488281250e+02 3.147898254394531250e+02 3.130432128906250000e+02 3.113455200195312500e+02 3.094089355468750000e+02 3.085263671875000000e+02 3.100065307617187500e+02 3.129575195312500000e+02 3.158507690429687500e+02 3.183688964843750000e+02 3.201558837890625000e+02 3.212580261230468750e+02 3.221555786132812500e+02 3.229277954101562500e+02 3.236424560546875000e+02 3.243446960449218750e+02 3.250223083496093750e+02 3.257008361816406250e+02 3.262513427734375000e+02 3.264723510742187500e+02 3.264321594238281250e+02 3.263166503906250000e+02 3.262174987792968750e+02 3.261501770019531250e+02 3.261017150878906250e+02 3.260213012695312500e+02 3.260337829589843750e+02 3.259153137207031250e+02 3.257562866210937500e+02 3.256193542480468750e+02 3.254440612792968750e+02 3.252053222656250000e+02 3.249514770507812500e+02 3.246719360351562500e+02 3.243561096191406250e+02 3.242109069824218750e+02 3.239362487792968750e+02 3.236264343261718750e+02 3.234826354980468750e+02 3.233506774902343750e+02 3.228128662109375000e+02 3.224505615234375000e+02 3.221053771972656250e+02 3.215666809082031250e+02 3.210210876464843750e+02 3.215241699218750000e+02 3.226745910644531250e+02 3.237899780273437500e+02 3.249992370605468750e+02 3.253168029785156250e+02 3.246487731933593750e+02 3.237308654785156250e+02 3.228100585937500000e+02 3.219608764648437500e+02 3.211636047363281250e+02 3.204201660156250000e+02 3.199746093750000000e+02 3.198437500000000000e+02 3.197977294921875000e+02 3.198222351074218750e+02 3.200250549316406250e+02 3.208836364746093750e+02 3.222420349121093750e+02 3.237605590820312500e+02 3.247384338378906250e+02 3.249360351562500000e+02 3.247979431152343750e+02 3.246386413574218750e+02 3.245480346679687500e+02 3.245336303710937500e+02 3.246032714843750000e+02 3.247583923339843750e+02 3.250008544921875000e+02 3.253060607910156250e+02 3.256133728027343750e+02 3.259671936035156250e+02 3.264605407714843750e+02 3.271664428710937500e+02 3.281144104003906250e+02 3.291806945800781250e+02 3.301375122070312500e+02 3.309761047363281250e+02 3.315784606933593750e+02 3.319973754882812500e+02 3.324215087890625000e+02 3.328123779296875000e+02 3.331903686523437500e+02 3.335764770507812500e+02 3.339530029296875000e+02 3.342703552246093750e+02 3.345238342285156250e+02 3.347140808105468750e+02 3.348382263183593750e+02 3.349089965820312500e+02 3.349274291992187500e+02 3.348935241699218750e+02 3.348103942871093750e+02 3.346820678710937500e+02 3.345276184082031250e+02 3.343607482910156250e+02 3.341946411132812500e+02 3.340513000488281250e+02 3.339358825683593750e+02 3.338513488769531250e+02 3.338038024902343750e+02 3.337924804687500000e+02 3.338052673339843750e+02
3.623273925781250000e+02 3.602989807128906250e+02 3.599316711425781250e+02 3.601642761230468750e+02 3.625092773437500000e+02 3.661226196289062500e+02 3.688580017089843750e+02 3.695973815917968750e+02 3.711304931640625000e+02 3.738368835449218750e+02 3.756183776855468750e+02 3.718729248046875000e+02 3.646941833496093750e+02 3.576849670410156250e+02 3.526771545410156250e+02 3.487171020507812500e+02 3.434377136230468750e+02 3.388393859863281250e+02 3.403812561035156250e+02 3.418964843750000000e+02 3.419975280761718750e+02 3.418813171386718750e+02 3.419433593750000000e+02 3.428873901367187500e+02 3.443505859375000000e+02 3.457806396484375000e+02 3.471483764648437500e+02 3.469932861328125000e+02 3.460007934570312500e+02 3.426040649414062500e+02 3.271752014160156250e+02 3.160186462402343750e+02 3.148623046875000000e+02 3.136386413574218750e+02 3.117904052734375000e+02 3.098182067871093750e+02 3.076382751464843750e+02 3.070570983886718750e+02 3.090274353027343750e+02 3.123859863281250000e+02 3.160181884765625000e+02 3.188162841796875000e+02 3.204199523925781250e+02 3.212795104980468750e+02 3.220354309082031250e+02 3.227519226074218750e+02 3.234542846679687500e+02 3.241405334472656250e+02 3.247933959960937500e+02 3.253717346191406250e+02 3.257604064941406250e+02 3.258583984375000000e+02 3.257815551757812500e+02 3.256605224609375000e+02 3.255520324707031250e+02 3.254744873046875000e+02 3.254147338867187500e+02 3.253221130371093750e+02 3.253139648437500000e+02 3.252156066894531250e+02 3.250516357421875000e+02 3.249201049804687500e+02 3.247623901367187500e+02 3.245304565429687500e+02 3.242615356445312500e+02 3.239877014160156250e+02 3.236361694335937500e+02 3.233927612304687500e+02 3.231353759765625000e+02 3.227656860351562500e+02 3.225346679687500000e+02 3.222955322265625000e+02 3.219288024902343750e+02 3.215032653808593750e+02 3.211032409667968750e+02 3.204743347167968750e+02 3.198201599121093750e+02 3.201043395996093750e+02 3.213040771484375000e+02 3.226967468261718750e+02 3.241788024902343750e+02 3.247617797851562500e+02 3.241718139648437500e+02 3.232619323730468750e+02 3.223589782714843750e+02 3.215431213378906250e+02 3.207773132324218750e+02 3.201510925292968750e+02 3.199179992675781250e+02 3.198250732421875000e+02 3.197863769531250000e+02 3.198388977050781250e+02 3.201161193847656250e+02 3.210442504882812500e+02 3.222072448730468750e+02 3.238047180175781250e+02 3.254791259765625000e+02 3.261988220214843750e+02 3.261545715332031250e+02 3.258879699707031250e+02 3.256797180175781250e+02 3.255835571289062500e+02 3.256035766601562500e+02 3.257348937988281250e+02 3.259640808105468750e+02 3.262426452636718750e+02 3.265175781250000000e+02 3.268482971191406250e+02 3.273649291992187500e+02 3.281732482910156250e+02 3.292174377441406250e+02 3.302649536132812500e+02 3.310866699218750000e+02 3.317662658691406250e+02 3.323054809570312500e+02 3.325667419433593750e+02 3.328506469726562500e+02 3.331730346679687500e+02 3.335009460449218750e+02 3.338550415039062500e+02 3.342033081054687500e+02 3.344912109375000000e+02 3.347211303710937500e+02 3.348978881835937500e+02 3.350216064453125000e+02 3.351013793945312500e+02 3.351281433105468750e+02 3.350912170410156250e+02 3.349907531738281250e+02 3.348327026367187500e+02 3.346444091796875000e+02 3.344425354003906250e+02 3.342440185546875000e+02 3.340804138183593750e+02 3.339554138183593750e+02 3.338692016601562500e+02 3.338277587890625000e+02 3.338294982910156250e+02 3.338518676757812500e+02
3.614712829589843750e+02 3.603846130371093750e+02 3.608459167480468750e+02 3.597052917480468750e+02 3.612737731933593750e+02 3.648366394042968750e+02 3.664617919921875000e+02 3.662648315429687500e+02 3.655260925292968750e+02 3.630889282226562500e+02 3.615658569335937500e+02 3.618985595703125000e+02 3.554151916503906250e+02 3.476133422851562500e+02 3.444262695312500000e+02 3.434201049804687500e+02 3.419283752441406250e+02 3.377963256835937500e+02 3.377331848144531250e+02 3.388213806152343750e+02 3.390140075683593750e+02 3.391555480957031250e+02 3.393865966796875000e+02 3.404476623535156250e+02 3.421234130859375000e+02 3.433879699707031250e+02 3.448265380859375000e+02 3.451091308593750000e+02 3.440455017089843750e+02 3.377364807128906250e+02 3.209658813476562500e+02 3.151458740234375000e+02 3.138504333496093750e+02 3.124477233886718750e+02 3.106360168457031250e+02 3.086048583984375000e+02 3.062902832031250000e+02 3.054044799804687500e+02 3.071000671386718750e+02 3.108334655761718750e+02 3.165071716308593750e+02 3.204747009277343750e+02 3.207964782714843750e+02 3.210635070800781250e+02 3.218284606933593750e+02 3.225099487304687500e+02 3.232092590332031250e+02 3.239052124023437500e+02 3.245155029296875000e+02 3.249709472656250000e+02 3.252206420898437500e+02 3.252283020019531250e+02 3.251302185058593750e+02 3.250010681152343750e+02 3.248787536621093750e+02 3.247876281738281250e+02 3.247123107910156250e+02 3.246151123046875000e+02 3.245815734863281250e+02 3.245030517578125000e+02 3.243349609375000000e+02 3.241983032226562500e+02 3.240628967285156250e+02 3.238461303710937500e+02 3.235719909667968750e+02 3.232961120605468750e+02 3.229387207031250000e+02 3.226203308105468750e+02 3.223483276367187500e+02 3.219602661132812500e+02 3.216221923828125000e+02 3.212611083984375000e+02 3.209363098144531250e+02 3.206312255859375000e+02 3.203112792968750000e+02 3.196491394042968750e+02 3.191702880859375000e+02 3.194524230957031250e+02 3.203180847167968750e+02 3.217743225097656250e+02 3.234360351562500000e+02 3.241815490722656250e+02 3.236257324218750000e+02 3.227141723632812500e+02 3.218329467773437500e+02 3.210729675292968750e+02 3.203932189941406250e+02 3.199780273437500000e+02 3.198641967773437500e+02 3.197818603515625000e+02 3.197554321289062500e+02 3.198090515136718750e+02 3.202429504394531250e+02 3.215906066894531250e+02 3.228710327148437500e+02 3.239574279785156250e+02 3.257950134277343750e+02 3.272421875000000000e+02 3.276200561523437500e+02 3.273309631347656250e+02 3.269819335937500000e+02 3.267721557617187500e+02 3.267242126464843750e+02 3.268186035156250000e+02 3.270206909179687500e+02 3.272488708496093750e+02 3.274820556640625000e+02 3.277903442382812500e+02 3.284091796875000000e+02 3.294334716796875000e+02 3.305593261718750000e+02 3.314764709472656250e+02 3.321271057128906250e+02 3.325562133789062500e+02 3.329032287597656250e+02 3.330324096679687500e+02 3.331120910644531250e+02 3.333029479980468750e+02 3.335638732910156250e+02 3.339146423339843750e+02 3.342477722167968750e+02 3.345221252441406250e+02 3.347607116699218750e+02 3.349634704589843750e+02 3.351329040527343750e+02 3.352687377929687500e+02 3.353408203125000000e+02 3.353204956054687500e+02 3.352088623046875000e+02 3.350215148925781250e+02 3.347936706542968750e+02 3.345468444824218750e+02 3.343178710937500000e+02 3.341483154296875000e+02 3.340166931152343750e+02 3.339198303222656250e+02 3.338704223632812500e+02 3.338786621093750000e+02 3.339432983398437500e+02
3.603455505371093750e+02 3.602473144531250000e+02 3.614945373535156250e+02 3.581108703613281250e+02 3.604809875488281250e+02 3.629257507324218750e+02 3.631809997558593750e+02 3.633002319335937500e+02 3.616517333984375000e+02 3.563896789550781250e+02 3.508942871093750000e+02 3.463428344726562500e+02 3.420590209960937500e+02 3.395162048339843750e+02 3.393314819335937500e+02 3.389437866210937500e+02 3.384768981933593750e+02 3.358745422363281250e+02 3.348154907226562500e+02 3.358109130859375000e+02 3.364637145996093750e+02 3.369710388183593750e+02 3.377763671875000000e+02 3.391404418945312500e+02 3.402283935546875000e+02 3.408483886718750000e+02 3.425769042968750000e+02 3.436121215820312500e+02 3.431072387695312500e+02 3.342809143066406250e+02 3.184452514648437500e+02 3.146672973632812500e+02 3.132011413574218750e+02 3.115592041015625000e+02 3.096188354492187500e+02 3.075886230468750000e+02 3.050502014160156250e+02 3.035750427246093750e+02 3.040549926757812500e+02 3.065303955078125000e+02 3.118442077636718750e+02 3.169865722656250000e+02 3.167131652832031250e+02 3.186974182128906250e+02 3.215350036621093750e+02 3.222453918457031250e+02 3.229159545898437500e+02 3.236376037597656250e+02 3.241878051757812500e+02 3.245188293457031250e+02 3.246546630859375000e+02 3.246173706054687500e+02 3.245092468261718750e+02 3.243672485351562500e+02 3.242286376953125000e+02 3.241224975585937500e+02 3.240342712402343750e+02 3.239348449707031250e+02 3.238723754882812500e+02 3.238065795898437500e+02 3.236505737304687500e+02 3.234999084472656250e+02 3.233822937011718750e+02 3.231918334960937500e+02 3.229241027832031250e+02 3.226334533691406250e+02 3.222954711914062500e+02 3.219423828125000000e+02 3.216222534179687500e+02 3.212395324707031250e+02 3.208582153320312500e+02 3.203554077148437500e+02 3.200284118652343750e+02 3.198798522949218750e+02 3.195417175292968750e+02 3.187651367187500000e+02 3.184777526855468750e+02 3.190268859863281250e+02 3.198840942382812500e+02 3.211796264648437500e+02 3.228561706542968750e+02 3.236170349121093750e+02 3.230615539550781250e+02 3.221494445800781250e+02 3.212873535156250000e+02 3.205884399414062500e+02 3.200753173828125000e+02 3.198614807128906250e+02 3.197895507812500000e+02 3.197243652343750000e+02 3.197100524902343750e+02 3.197219848632812500e+02 3.204435119628906250e+02 3.222415771484375000e+02 3.236932067871093750e+02 3.246253051757812500e+02 3.259553222656250000e+02 3.277371215820312500e+02 3.288620605468750000e+02 3.288713073730468750e+02 3.284323730468750000e+02 3.280704040527343750e+02 3.279119262695312500e+02 3.279333496093750000e+02 3.280743408203125000e+02 3.282325744628906250e+02 3.284272460937500000e+02 3.287536926269531250e+02 3.296568603515625000e+02 3.310091857910156250e+02 3.321485900878906250e+02 3.328006286621093750e+02 3.332649841308593750e+02 3.335130615234375000e+02 3.335345458984375000e+02 3.334604797363281250e+02 3.336432800292968750e+02 3.336005859375000000e+02 3.335045776367187500e+02 3.338521118164062500e+02 3.341772460937500000e+02 3.344946289062500000e+02 3.348213806152343750e+02 3.350815429687500000e+02 3.353152770996093750e+02 3.355299072265625000e+02 3.356618041992187500e+02 3.356573486328125000e+02 3.355278320312500000e+02 3.352998962402343750e+02 3.350142211914062500e+02 3.347193603515625000e+02 3.344878234863281250e+02 3.343026733398437500e+02 3.341066589355468750e+02 3.339888305664062500e+02 3.339420776367187500e+02 3.339534301757812500e+02 3.340672302246093750e+02
3.543321228027343750e+02 3.552392883300781250e+02 3.559279785156250000e+02 3.543302917480468750e+02 3.604675598144531250e+02 3.595659484863281250e+02 3.591529541015625000e+02 3.598542785644531250e+02 3.567293090820312500e+02 3.497518920898437500e+02 3.433391723632812500e+02 3.393015747070312500e+02 3.380912780761718750e+02 3.377645263671875000e+02 3.375050964355468750e+02 3.372757873535156250e+02 3.363248291015625000e+02 3.338742370605468750e+02 3.326419372558593750e+02 3.332940673828125000e+02 3.340984497070312500e+02 3.347930908203125000e+02 3.357262268066406250e+02 3.368166809082031250e+02 3.377449645996093750e+02 3.394643859863281250e+02 3.411521301269531250e+02 3.423133239746093750e+02 3.426964416503906250e+02 3.374672241210937500e+02 3.206363830566406250e+02 3.149884338378906250e+02 3.129819335937500000e+02 3.109869995117187500e+02 3.088056335449218750e+02 3.066549987792968750e+02 3.039920043945312500e+02 3.019167785644531250e+02 3.008186950683593750e+02 3.006135253906250000e+02 3.013217468261718750e+02 3.036717834472656250e+02 3.055070190429687500e+02 3.147803039550781250e+02 3.215169677734375000e+02 3.220453186035156250e+02 3.226042480468750000e+02 3.233601074218750000e+02 3.238385620117187500e+02 3.240424499511718750e+02 3.240917663574218750e+02 3.240221862792968750e+02 3.238902282714843750e+02 3.237290954589843750e+02 3.235712280273437500e+02 3.234485168457031250e+02 3.233508605957031250e+02 3.232539978027343750e+02 3.231659240722656250e+02 3.231040344238281250e+02 3.229667663574218750e+02 3.228073730468750000e+02 3.226942138671875000e+02 3.225411376953125000e+02 3.222903137207031250e+02 3.219886169433593750e+02 3.216564941406250000e+02 3.212979736328125000e+02 3.209638977050781250e+02 3.205876770019531250e+02 3.202186279296875000e+02 3.197762145996093750e+02 3.192860107421875000e+02 3.190355834960937500e+02 3.185038757324218750e+02 3.178466796875000000e+02 3.179270019531250000e+02 3.187254943847656250e+02 3.196591186523437500e+02 3.208092041015625000e+02 3.224072265625000000e+02 3.230444030761718750e+02 3.224586486816406250e+02 3.215516052246093750e+02 3.207042541503906250e+02 3.201122741699218750e+02 3.198258666992187500e+02 3.197384643554687500e+02 3.196968994140625000e+02 3.196646728515625000e+02 3.196637268066406250e+02 3.196255798339843750e+02 3.207234191894531250e+02 3.224568786621093750e+02 3.230670166015625000e+02 3.244568176269531250e+02 3.259595642089843750e+02 3.277202453613281250e+02 3.295526123046875000e+02 3.303684997558593750e+02 3.300794677734375000e+02 3.295451660156250000e+02 3.291998291015625000e+02 3.290823364257812500e+02 3.291222839355468750e+02 3.292180175781250000e+02 3.293963928222656250e+02 3.298329772949218750e+02 3.311798095703125000e+02 3.328359069824218750e+02 3.338615112304687500e+02 3.342467041015625000e+02 3.344985046386718750e+02 3.345343322753906250e+02 3.342550354003906250e+02 3.342827758789062500e+02 3.352756042480468750e+02 3.350188598632812500e+02 3.338933410644531250e+02 3.339412536621093750e+02 3.342958679199218750e+02 3.346588745117187500e+02 3.352731628417968750e+02 3.356364440917968750e+02 3.358627014160156250e+02 3.361058349609375000e+02 3.362626953125000000e+02 3.362361755371093750e+02 3.360528869628906250e+02 3.357423706054687500e+02 3.353760375976562500e+02 3.350556335449218750e+02 3.347878723144531250e+02 3.344726867675781250e+02 3.342359924316406250e+02 3.341365356445312500e+02 3.341058654785156250e+02 3.341341857910156250e+02 3.342502136230468750e+02
3.428971252441406250e+02 3.455708923339843750e+02 3.466405944824218750e+02 3.496615600585937500e+02 3.543681945800781250e+02 3.542701110839843750e+02 3.537650451660156250e+02 3.527706604003906250e+02 3.487966918945312500e+02 3.429095458984375000e+02 3.397045288085937500e+02 3.380285644531250000e+02 3.370244140625000000e+02 3.363514099121093750e+02 3.358987121582031250e+02 3.353922424316406250e+02 3.349183654785156250e+02 3.326394042968750000e+02 3.308000488281250000e+02 3.309016113281250000e+02 3.316236877441406250e+02 3.324241943359375000e+02 3.333105468750000000e+02 3.341518859863281250e+02 3.352756347656250000e+02 3.376546630859375000e+02 3.397498779296875000e+02 3.405340576171875000e+02 3.416744384765625000e+02 3.407419433593750000e+02 3.240343322753906250e+02 3.164883117675781250e+02 3.137077331542968750e+02 3.110088500976562500e+02 3.083852233886718750e+02 3.057574768066406250e+02 3.028691101074218750e+02 3.005771484375000000e+02 2.993489990234375000e+02 2.984416809082031250e+02 2.980829467773437500e+02 2.979822387695312500e+02 2.989105834960937500e+02 3.106091308593750000e+02 3.210479736328125000e+02 3.216120605468750000e+02 3.222318420410156250e+02 3.231131591796875000e+02 3.235274963378906250e+02 3.235670166015625000e+02 3.235097045898437500e+02 3.233906250000000000e+02 3.232355651855468750e+02 3.230502014160156250e+02 3.228657531738281250e+02 3.227233886718750000e+02 3.226185302734375000e+02 3.225255737304687500e+02 3.224319152832031250e+02 3.223757629394531250e+02 3.222513122558593750e+02 3.220994873046875000e+02 3.219772644042968750e+02 3.218648071289062500e+02 3.216476440429687500e+02 3.213506774902343750e+02 3.209959716796875000e+02 3.206369018554687500e+02 3.203421325683593750e+02 3.200325622558593750e+02 3.195467834472656250e+02 3.189999389648437500e+02 3.184650573730468750e+02 3.180247802734375000e+02 3.173331604003906250e+02 3.170057678222656250e+02 3.176179809570312500e+02 3.185847167968750000e+02 3.195002136230468750e+02 3.206683349609375000e+02 3.220427246093750000e+02 3.224330139160156250e+02 3.218080444335937500e+02 3.209215087890625000e+02 3.201354064941406250e+02 3.197848510742187500e+02 3.196405029296875000e+02 3.196059265136718750e+02 3.196009521484375000e+02 3.196052246093750000e+02 3.196445007324218750e+02 3.197191162109375000e+02 3.209431152343750000e+02 3.208252258300781250e+02 3.209294433593750000e+02 3.231710510253906250e+02 3.256257019042968750e+02 3.275925903320312500e+02 3.295793457031250000e+02 3.313894958496093750e+02 3.318060607910156250e+02 3.312227172851562500e+02 3.306067504882812500e+02 3.302803649902343750e+02 3.302100830078125000e+02 3.302868957519531250e+02 3.304914245605468750e+02 3.310676879882812500e+02 3.327082519531250000e+02 3.344290771484375000e+02 3.353720703125000000e+02 3.359187316894531250e+02 3.359268493652343750e+02 3.357071838378906250e+02 3.353741149902343750e+02 3.360273132324218750e+02 3.382620544433593750e+02 3.362136535644531250e+02 3.349766845703125000e+02 3.350315246582031250e+02 3.355595092773437500e+02 3.352523803710937500e+02 3.356958618164062500e+02 3.368484191894531250e+02 3.371317749023437500e+02 3.373036193847656250e+02 3.374076538085937500e+02 3.372528991699218750e+02 3.369173278808593750e+02 3.364542236328125000e+02 3.360057678222656250e+02 3.356230773925781250e+02 3.351600952148437500e+02 3.347461853027343750e+02 3.345152282714843750e+02 3.344340515136718750e+02 3.344340820312500000e+02 3.345097961425781250e+02 3.346401672363281250e+02
3.382103881835937500e+02 3.401276245117187500e+02 3.415011291503906250e+02 3.436802062988281250e+02 3.467230224609375000e+02 3.477282714843750000e+02 3.476255798339843750e+02 3.461316528320312500e+02 3.423411254882812500e+02 3.389678039550781250e+02 3.378232421875000000e+02 3.368746948242187500e+02 3.359753723144531250e+02 3.351578979492187500e+02 3.345746459960937500e+02 3.334717407226562500e+02 3.328767700195312500e+02 3.315344848632812500e+02 3.292849731445312500e+02 3.285326843261718750e+02 3.289294738769531250e+02 3.298637084960937500e+02 3.307527465820312500e+02 3.314167785644531250e+02 3.322473449707031250e+02 3.334680175781250000e+02 3.347568969726562500e+02 3.355371704101562500e+02 3.363287353515625000e+02 3.319971923828125000e+02 3.197206726074218750e+02 3.173030090332031250e+02 3.147002563476562500e+02 3.113967285156250000e+02 3.083142700195312500e+02 3.051985778808593750e+02 3.018019409179687500e+02 2.995278625488281250e+02 2.986654663085937500e+02 2.978249816894531250e+02 2.976419677734375000e+02 2.972932739257812500e+02 2.970842590332031250e+02 3.070150756835937500e+02 3.197006225585937500e+02 3.205165405273437500e+02 3.217901306152343750e+02 3.229176635742187500e+02 3.233273010253906250e+02 3.231732177734375000e+02 3.229536437988281250e+02 3.227651672363281250e+02 3.225709838867187500e+02 3.223469238281250000e+02 3.221164550781250000e+02 3.219448242187500000e+02 3.218395996093750000e+02 3.217606506347656250e+02 3.216830139160156250e+02 3.216426391601562500e+02 3.215377197265625000e+02 3.214104003906250000e+02 3.212800903320312500e+02 3.211967773437500000e+02 3.210380249023437500e+02 3.207643432617187500e+02 3.203858337402343750e+02 3.200156555175781250e+02 3.197302246093750000e+02 3.192972412109375000e+02 3.186833190917968750e+02 3.180863342285156250e+02 3.175167846679687500e+02 3.169917907714843750e+02 3.163110961914062500e+02 3.164637145996093750e+02 3.174630432128906250e+02 3.185351562500000000e+02 3.194875793457031250e+02 3.206030273437500000e+02 3.217115478515625000e+02 3.218331909179687500e+02 3.211853027343750000e+02 3.204015502929687500e+02 3.198818664550781250e+02 3.196213073730468750e+02 3.194931945800781250e+02 3.194847412109375000e+02 3.195227661132812500e+02 3.195580139160156250e+02 3.196480102539062500e+02 3.197874450683593750e+02 3.204927368164062500e+02 3.199085693359375000e+02 3.207901611328125000e+02 3.229760742187500000e+02 3.253184814453125000e+02 3.275473022460937500e+02 3.293440856933593750e+02 3.316375122070312500e+02 3.330817871093750000e+02 3.328950500488281250e+02 3.320759582519531250e+02 3.315369567871093750e+02 3.313759765625000000e+02 3.314574279785156250e+02 3.317070312500000000e+02 3.322776794433593750e+02 3.337151489257812500e+02 3.353393859863281250e+02 3.369468688964843750e+02 3.389414062500000000e+02 3.401027832031250000e+02 3.414611816406250000e+02 3.414909057617187500e+02 3.416921997070312500e+02 3.454259033203125000e+02 3.462859191894531250e+02 3.463483581542968750e+02 3.455187377929687500e+02 3.425733337402343750e+02 3.393607177734375000e+02 3.375902404785156250e+02 3.386109008789062500e+02 3.392910766601562500e+02 3.396821899414062500e+02 3.394122924804687500e+02 3.387952575683593750e+02 3.381337890625000000e+02 3.374855957031250000e+02 3.369569702148437500e+02 3.363702697753906250e+02 3.357326354980468750e+02 3.352280578613281250e+02 3.349910278320312500e+02 3.349540710449218750e+02 3.350290527343750000e+02 3.351833496093750000e+02 3.353505249023437500e+02
3.352982177734375000e+02 3.374558410644531250e+02 3.388056640625000000e+02 3.397395629882812500e+02 3.414481811523437500e+02 3.420048217773437500e+02 3.418760986328125000e+02 3.413477783203125000e+02 3.389083862304687500e+02 3.372279357910156250e+02 3.363061828613281250e+02 3.355198669433593750e+02 3.347385559082031250e+02 3.339477844238281250e+02 3.332969970703125000e+02 3.319693603515625000e+02 3.295454101562500000e+02 3.291235656738281250e+02 3.277505187988281250e+02 3.262834472656250000e+02 3.260791625976562500e+02 3.270476989746093750e+02 3.279754028320312500e+02 3.285241699218750000e+02 3.287297973632812500e+02 3.286760253906250000e+02 3.284138488769531250e+02 3.281564636230468750e+02 3.252643432617187500e+02 3.186610412597656250e+02 3.139006652832031250e+02 3.146608581542968750e+02 3.145591125488281250e+02 3.117037658691406250e+02 3.084030456542968750e+02 3.051765136718750000e+02 3.016719360351562500e+02 2.993906555175781250e+02 2.983635253906250000e+02 2.972575988769531250e+02 2.970741271972656250e+02 2.972674865722656250e+02 2.971794433593750000e+02 3.052000122070312500e+02 3.162207641601562500e+02 3.197725524902343750e+02 3.216783142089843750e+02 3.227318725585937500e+02 3.231237182617187500e+02 3.228491821289062500e+02 3.224328308105468750e+02 3.221257934570312500e+02 3.218775329589843750e+02 3.215867919921875000e+02 3.212593688964843750e+02 3.210321960449218750e+02 3.209543457031250000e+02 3.209112548828125000e+02 3.208648681640625000e+02 3.208884277343750000e+02 3.208196716308593750e+02 3.207113647460937500e+02 3.205815429687500000e+02 3.205028991699218750e+02 3.204398498535156250e+02 3.202415771484375000e+02 3.198128356933593750e+02 3.193031311035156250e+02 3.188188171386718750e+02 3.183009948730468750e+02 3.176895751953125000e+02 3.171835937500000000e+02 3.165111389160156250e+02 3.158162231445312500e+02 3.154647521972656250e+02 3.161794433593750000e+02 3.173799438476562500e+02 3.185236816406250000e+02 3.195230407714843750e+02 3.205180664062500000e+02 3.213483581542968750e+02 3.212380981445312500e+02 3.206130676269531250e+02 3.200174560546875000e+02 3.196669311523437500e+02 3.194489746093750000e+02 3.193462524414062500e+02 3.193669128417968750e+02 3.194555358886718750e+02 3.195312500000000000e+02 3.196614074707031250e+02 3.197963562011718750e+02 3.200000305175781250e+02 3.201510925292968750e+02 3.216512145996093750e+02 3.238781433105468750e+02 3.257460021972656250e+02 3.276189575195312500e+02 3.292582397460937500e+02 3.314442138671875000e+02 3.336691894531250000e+02 3.344863586425781250e+02 3.337963256835937500e+02 3.330602722167968750e+02 3.327138977050781250e+02 3.327111206054687500e+02 3.331060485839843750e+02 3.338800048828125000e+02 3.355285339355468750e+02 3.403155822753906250e+02 3.461182250976562500e+02 3.528421630859375000e+02 3.596867065429687500e+02 3.649198913574218750e+02 3.678751831054687500e+02 3.684946594238281250e+02 3.709621276855468750e+02 3.695757751464843750e+02 3.706892395019531250e+02 3.692682800292968750e+02 3.612028198242187500e+02 3.570097045898437500e+02 3.522319030761718750e+02 3.483643188476562500e+02 3.464212951660156250e+02 3.456364746093750000e+02 3.437668151855468750e+02 3.416897277832031250e+02 3.399087829589843750e+02 3.389437255859375000e+02 3.382576904296875000e+02 3.374437255859375000e+02 3.366094360351562500e+02 3.360177307128906250e+02 3.357279357910156250e+02 3.358133544921875000e+02 3.360588684082031250e+02 3.363548889160156250e+02 3.365838928222656250e+02
3.321202392578125000e+02 3.339085998535156250e+02 3.355390625000000000e+02 3.370897827148437500e+02 3.383199462890625000e+02 3.389449768066406250e+02 3.387245788574218750e+02 3.384094543457031250e+02 3.369895629882812500e+02 3.357196044921875000e+02 3.347975769042968750e+02 3.340267639160156250e+02 3.332880554199218750e+02 3.325560302734375000e+02 3.318445434570312500e+02 3.310874938964843750e+02 3.266971130371093750e+02 3.237373046875000000e+02 3.245152587890625000e+02 3.240947875976562500e+02 3.235593872070312500e+02 3.240551452636718750e+02 3.249613342285156250e+02 3.255531005859375000e+02 3.253755187988281250e+02 3.242035217285156250e+02 3.220528259277343750e+02 3.210926818847656250e+02 3.144663391113281250e+02 3.072067565917968750e+02 3.066874389648437500e+02 3.098398132324218750e+02 3.124550170898437500e+02 3.114436645507812500e+02 3.085267028808593750e+02 3.055499267578125000e+02 3.023247375488281250e+02 2.998255310058593750e+02 2.984579162597656250e+02 2.971049804687500000e+02 2.966480712890625000e+02 2.974610900878906250e+02 2.977510375976562500e+02 3.009978332519531250e+02 3.165508117675781250e+02 3.218957824707031250e+02 3.224060058593750000e+02 3.225587463378906250e+02 3.226260375976562500e+02 3.223954772949218750e+02 3.219062194824218750e+02 3.214857177734375000e+02 3.211808776855468750e+02 3.207992553710937500e+02 3.202873535156250000e+02 3.199992370605468750e+02 3.199285278320312500e+02 3.199248657226562500e+02 3.199514770507812500e+02 3.201322326660156250e+02 3.200730895996093750e+02 3.199295043945312500e+02 3.198403930664062500e+02 3.196488647460937500e+02 3.195978698730468750e+02 3.194251098632812500e+02 3.189069213867187500e+02 3.183253479003906250e+02 3.177785339355468750e+02 3.172101440429687500e+02 3.166708679199218750e+02 3.162118835449218750e+02 3.154685363769531250e+02 3.147803344726562500e+02 3.148972473144531250e+02 3.160148620605468750e+02 3.172998962402343750e+02 3.185304565429687500e+02 3.196951293945312500e+02 3.205123596191406250e+02 3.209364624023437500e+02 3.206708984375000000e+02 3.201596984863281250e+02 3.197104797363281250e+02 3.193904724121093750e+02 3.192222595214843750e+02 3.191770019531250000e+02 3.192489929199218750e+02 3.193914184570312500e+02 3.195329895019531250e+02 3.196756286621093750e+02 3.197960205078125000e+02 3.201053771972656250e+02 3.212395019531250000e+02 3.228872985839843750e+02 3.244228210449218750e+02 3.257771606445312500e+02 3.272023620605468750e+02 3.288148498535156250e+02 3.307336730957031250e+02 3.331179199218750000e+02 3.353882446289062500e+02 3.358298950195312500e+02 3.349652404785156250e+02 3.341070251464843750e+02 3.339003601074218750e+02 3.352331848144531250e+02 3.387792358398437500e+02 3.476797180175781250e+02 3.624533691406250000e+02 3.726858215332031250e+02 3.782429504394531250e+02 3.800507507324218750e+02 3.818500366210937500e+02 3.852456054687500000e+02 3.863614196777343750e+02 3.871415405273437500e+02 3.875092468261718750e+02 3.885732421875000000e+02 3.863354492187500000e+02 3.805084533691406250e+02 3.746866149902343750e+02 3.700052185058593750e+02 3.632812500000000000e+02 3.577561035156250000e+02 3.536716003417968750e+02 3.503216857910156250e+02 3.474511413574218750e+02 3.446315612792968750e+02 3.420388183593750000e+02 3.403340759277343750e+02 3.390797119140625000e+02 3.379649047851562500e+02 3.373153381347656250e+02 3.369538879394531250e+02 3.371403198242187500e+02 3.379180297851562500e+02 3.385759582519531250e+02 3.392140197753906250e+02
3.294189453125000000e+02 3.311195678710937500e+02 3.327838134765625000e+02 3.345616455078125000e+02 3.359338378906250000e+02 3.366491088867187500e+02 3.366443786621093750e+02 3.361346130371093750e+02 3.351950073242187500e+02 3.341980895996093750e+02 3.333382263183593750e+02 3.325641784667968750e+02 3.318366394042968750e+02 3.311331787109375000e+02 3.304407043457031250e+02 3.299471435546875000e+02 3.262418823242187500e+02 3.184849853515625000e+02 3.193258972167968750e+02 3.211565551757812500e+02 3.213408508300781250e+02 3.211563415527343750e+02 3.221116027832031250e+02 3.233247680664062500e+02 3.231311340332031250e+02 3.217504882812500000e+02 3.180361022949218750e+02 3.126098327636718750e+02 3.038833007812500000e+02 2.994070434570312500e+02 3.013255615234375000e+02 3.056549682617187500e+02 3.099747924804687500e+02 3.104080200195312500e+02 3.082470397949218750e+02 3.058063049316406250e+02 3.032572937011718750e+02 3.010231628417968750e+02 2.993440856933593750e+02 2.975720214843750000e+02 2.970948181152343750e+02 2.982878417968750000e+02 2.985372924804687500e+02 2.980955810546875000e+02 3.081054992675781250e+02 3.213005371093750000e+02 3.227634887695312500e+02 3.221907958984375000e+02 3.217649841308593750e+02 3.215501098632812500e+02 3.212340393066406250e+02 3.208613281250000000e+02 3.205520629882812500e+02 3.201033630371093750e+02 3.192892761230468750e+02 3.189085998535156250e+02 3.187908630371093750e+02 3.187809448242187500e+02 3.189028320312500000e+02 3.190684204101562500e+02 3.190460205078125000e+02 3.188829650878906250e+02 3.187109680175781250e+02 3.185066833496093750e+02 3.183440246582031250e+02 3.181156005859375000e+02 3.177077331542968750e+02 3.172166137695312500e+02 3.166804809570312500e+02 3.161289672851562500e+02 3.156868286132812500e+02 3.151347656250000000e+02 3.142924499511718750e+02 3.138976440429687500e+02 3.146044616699218750e+02 3.158801879882812500e+02 3.171556396484375000e+02 3.184309692382812500e+02 3.197159118652343750e+02 3.203974914550781250e+02 3.204364013671875000e+02 3.201513061523437500e+02 3.197073974609375000e+02 3.193138732910156250e+02 3.190499267578125000e+02 3.189523010253906250e+02 3.189895935058593750e+02 3.191373596191406250e+02 3.193469543457031250e+02 3.195654907226562500e+02 3.197613220214843750e+02 3.199963378906250000e+02 3.207236938476562500e+02 3.217330932617187500e+02 3.224632263183593750e+02 3.229337463378906250e+02 3.240108032226562500e+02 3.257488098144531250e+02 3.278112792968750000e+02 3.295570678710937500e+02 3.316194152832031250e+02 3.347939758300781250e+02 3.372318725585937500e+02 3.369350891113281250e+02 3.355083007812500000e+02 3.363027648925781250e+02 3.433861389160156250e+02 3.531764526367187500e+02 3.679263000488281250e+02 3.788059997558593750e+02 3.824718017578125000e+02 3.840223999023437500e+02 3.845041503906250000e+02 3.861581115722656250e+02 3.884482116699218750e+02 3.908914794921875000e+02 3.948452148437500000e+02 4.001027526855468750e+02 4.004100036621093750e+02 3.961724548339843750e+02 3.906670532226562500e+02 3.853736877441406250e+02 3.815991516113281250e+02 3.750063781738281250e+02 3.669302062988281250e+02 3.608429565429687500e+02 3.568095397949218750e+02 3.540278625488281250e+02 3.516402282714843750e+02 3.494969482421875000e+02 3.463285217285156250e+02 3.433506164550781250e+02 3.412346191406250000e+02 3.398386535644531250e+02 3.393820800781250000e+02 3.393841247558593750e+02 3.426483154296875000e+02 3.449376220703125000e+02 3.463562622070312500e+02
3.271240844726562500e+02 3.288677673339843750e+02 3.306310119628906250e+02 3.324845275878906250e+02 3.338280639648437500e+02 3.345647277832031250e+02 3.347460937500000000e+02 3.342850036621093750e+02 3.335198669433593750e+02 3.326898193359375000e+02 3.318996276855468750e+02 3.311388854980468750e+02 3.304008178710937500e+02 3.297009277343750000e+02 3.290912475585937500e+02 3.285369873046875000e+02 3.272929382324218750e+02 3.208396301269531250e+02 3.164931640625000000e+02 3.177134704589843750e+02 3.195578613281250000e+02 3.198181457519531250e+02 3.202491760253906250e+02 3.214525146484375000e+02 3.221018066406250000e+02 3.199882812500000000e+02 3.153422241210937500e+02 3.084928894042968750e+02 3.011728210449218750e+02 2.983536376953125000e+02 3.001604919433593750e+02 3.045934753417968750e+02 3.084554748535156250e+02 3.086134338378906250e+02 3.068396606445312500e+02 3.048714599609375000e+02 3.027033386230468750e+02 3.008474121093750000e+02 2.994208374023437500e+02 2.977391967773437500e+02 2.979575805664062500e+02 2.996142578125000000e+02 3.000809326171875000e+02 2.984804077148437500e+02 2.985770263671875000e+02 3.100167236328125000e+02 3.189850158691406250e+02 3.205183715820312500e+02 3.204177246093750000e+02 3.200348815917968750e+02 3.200227966308593750e+02 3.199910583496093750e+02 3.197344970703125000e+02 3.191084899902343750e+02 3.181466979980468750e+02 3.176204528808593750e+02 3.175200195312500000e+02 3.175630187988281250e+02 3.176449890136718750e+02 3.177302246093750000e+02 3.177291259765625000e+02 3.176293029785156250e+02 3.174394226074218750e+02 3.172110595703125000e+02 3.170118408203125000e+02 3.167673034667968750e+02 3.164062805175781250e+02 3.159631347656250000e+02 3.154886474609375000e+02 3.150365905761718750e+02 3.146068420410156250e+02 3.138992309570312500e+02 3.131783447265625000e+02 3.133675231933593750e+02 3.144669799804687500e+02 3.157373046875000000e+02 3.169210510253906250e+02 3.181219177246093750e+02 3.193858337402343750e+02 3.199765625000000000e+02 3.198868103027343750e+02 3.195494079589843750e+02 3.191329345703125000e+02 3.188090820312500000e+02 3.186333312988281250e+02 3.186240844726562500e+02 3.187636108398437500e+02 3.190165405273437500e+02 3.193206176757812500e+02 3.196275939941406250e+02 3.199017944335937500e+02 3.201743164062500000e+02 3.206066894531250000e+02 3.206209106445312500e+02 3.205359497070312500e+02 3.203131713867187500e+02 3.215111083984375000e+02 3.241699218750000000e+02 3.270218505859375000e+02 3.295631713867187500e+02 3.310491027832031250e+02 3.335791320800781250e+02 3.369444274902343750e+02 3.384421691894531250e+02 3.406294860839843750e+02 3.505547485351562500e+02 3.658190307617187500e+02 3.756251220703125000e+02 3.796420593261718750e+02 3.825842590332031250e+02 3.841636962890625000e+02 3.856078796386718750e+02 3.870349426269531250e+02 3.886645507812500000e+02 3.906607360839843750e+02 3.931810913085937500e+02 3.970683288574218750e+02 4.006074829101562500e+02 4.018374023437500000e+02 4.012420654296875000e+02 3.977431640625000000e+02 3.926824645996093750e+02 3.879004516601562500e+02 3.826375122070312500e+02 3.759675903320312500e+02 3.706452331542968750e+02 3.666597900390625000e+02 3.630575866699218750e+02 3.599364929199218750e+02 3.582171630859375000e+02 3.546367492675781250e+02 3.514769592285156250e+02 3.498601684570312500e+02 3.483757934570312500e+02 3.470165710449218750e+02 3.491878356933593750e+02 3.545182495117187500e+02 3.560828857421875000e+02 3.564483947753906250e+02
3.250571594238281250e+02 3.269455566406250000e+02 3.288525390625000000e+02 3.306983947753906250e+02 3.318428344726562500e+02 3.324823913574218750e+02 3.327652282714843750e+02 3.324748840332031250e+02 3.318743896484375000e+02 3.311694030761718750e+02 3.304433593750000000e+02 3.296932678222656250e+02 3.289470214843750000e+02 3.282553405761718750e+02 3.276690368652343750e+02 3.271163024902343750e+02 3.272314758300781250e+02 3.258751831054687500e+02 3.194721984863281250e+02 3.155560302734375000e+02 3.164878234863281250e+02 3.144829101562500000e+02 3.111575622558593750e+02 3.113578186035156250e+02 3.186109619140625000e+02 3.202798461914062500e+02 3.159725952148437500e+02 3.073245849609375000e+02 2.999515686035156250e+02 2.988895263671875000e+02 3.018647155761718750e+02 3.054321594238281250e+02 3.071676330566406250e+02 3.063683471679687500e+02 3.045427246093750000e+02 3.025879516601562500e+02 3.004047851562500000e+02 2.984267883300781250e+02 2.972628173828125000e+02 2.970015563964843750e+02 2.982457885742187500e+02 2.998485412597656250e+02 3.001235656738281250e+02 2.990572509765625000e+02 2.976960449218750000e+02 2.999560546875000000e+02 3.081266784667968750e+02 3.142918701171875000e+02 3.164339904785156250e+02 3.169801025390625000e+02 3.176339111328125000e+02 3.181097412109375000e+02 3.180773010253906250e+02 3.176035766601562500e+02 3.168139953613281250e+02 3.162431945800781250e+02 3.161106872558593750e+02 3.162050476074218750e+02 3.162854003906250000e+02 3.163183593750000000e+02 3.163108520507812500e+02 3.162334899902343750e+02 3.160834655761718750e+02 3.158611450195312500e+02 3.156211242675781250e+02 3.153538208007812500e+02 3.149899902343750000e+02 3.145896301269531250e+02 3.142227478027343750e+02 3.138501281738281250e+02 3.133221130371093750e+02 3.125763244628906250e+02 3.123740539550781250e+02 3.132118225097656250e+02 3.144175109863281250e+02 3.155826110839843750e+02 3.166211547851562500e+02 3.175939941406250000e+02 3.184837646484375000e+02 3.189473876953125000e+02 3.189474182128906250e+02 3.187087097167968750e+02 3.184272155761718750e+02 3.182082824707031250e+02 3.181179809570312500e+02 3.182017822265625000e+02 3.184560546875000000e+02 3.188533020019531250e+02 3.193042907714843750e+02 3.197182312011718750e+02 3.199914855957031250e+02 3.200868835449218750e+02 3.201623840332031250e+02 3.197511596679687500e+02 3.194900817871093750e+02 3.193742980957031250e+02 3.200896911621093750e+02 3.232167663574218750e+02 3.269531250000000000e+02 3.303146972656250000e+02 3.323707580566406250e+02 3.335180969238281250e+02 3.359790039062500000e+02 3.421013183593750000e+02 3.589381408691406250e+02 3.742175292968750000e+02 3.816203002929687500e+02 3.835695800781250000e+02 3.838962707519531250e+02 3.851072998046875000e+02 3.863128356933593750e+02 3.876504821777343750e+02 3.894663696289062500e+02 3.911509399414062500e+02 3.927742919921875000e+02 3.946875305175781250e+02 3.971512756347656250e+02 3.991116943359375000e+02 4.002197875976562500e+02 4.008025512695312500e+02 4.004255981445312500e+02 3.981631164550781250e+02 3.929834899902343750e+02 3.874483947753906250e+02 3.829824523925781250e+02 3.805157775878906250e+02 3.793485717773437500e+02 3.778025512695312500e+02 3.730748596191406250e+02 3.689954833984375000e+02 3.671889648437500000e+02 3.626409606933593750e+02 3.607495422363281250e+02 3.587232666015625000e+02 3.566758728027343750e+02 3.602931213378906250e+02 3.632670898437500000e+02 3.638023376464843750e+02 3.631662292480468750e+02
3.232391357421875000e+02 3.253013305664062500e+02 3.273483276367187500e+02 3.290880432128906250e+02 3.299582214355468750e+02 3.305079040527343750e+02 3.308514099121093750e+02 3.307085571289062500e+02 3.302631530761718750e+02 3.296806030273437500e+02 3.290252990722656250e+02 3.282979125976562500e+02 3.275529174804687500e+02 3.268693542480468750e+02 3.263141479492187500e+02 3.258784790039062500e+02 3.255066833496093750e+02 3.263484191894531250e+02 3.242204895019531250e+02 3.186574096679687500e+02 3.152728271484375000e+02 3.129085693359375000e+02 3.120712585449218750e+02 3.156011657714843750e+02 3.090661926269531250e+02 3.190898742675781250e+02 3.192854003906250000e+02 3.073135375976562500e+02 2.977799377441406250e+02 2.995422058105468750e+02 3.023423461914062500e+02 3.042779541015625000e+02 3.051974182128906250e+02 3.045120849609375000e+02 3.028363647460937500e+02 3.007131958007812500e+02 2.984382324218750000e+02 2.965470886230468750e+02 2.959177856445312500e+02 2.966588439941406250e+02 2.983865051269531250e+02 2.998856811523437500e+02 3.001309814453125000e+02 2.994141845703125000e+02 2.984233398437500000e+02 2.988352966308593750e+02 3.028334655761718750e+02 3.083009033203125000e+02 3.117477416992187500e+02 3.137897033691406250e+02 3.152526855468750000e+02 3.161919555664062500e+02 3.163682556152343750e+02 3.161174926757812500e+02 3.154750671386718750e+02 3.148973999023437500e+02 3.147121276855468750e+02 3.148092956542968750e+02 3.149109802246093750e+02 3.149347534179687500e+02 3.149099731445312500e+02 3.148295898437500000e+02 3.146946105957031250e+02 3.144988403320312500e+02 3.142434387207031250e+02 3.139396667480468750e+02 3.135797119140625000e+02 3.132476196289062500e+02 3.129654235839843750e+02 3.125646362304687500e+02 3.120007629394531250e+02 3.115483703613281250e+02 3.121119079589843750e+02 3.132902526855468750e+02 3.144450073242187500e+02 3.154794311523437500e+02 3.163585205078125000e+02 3.170891723632812500e+02 3.176580810546875000e+02 3.179672851562500000e+02 3.180233459472656250e+02 3.179060363769531250e+02 3.177226257324218750e+02 3.175671997070312500e+02 3.175259094238281250e+02 3.176765747070312500e+02 3.180358276367187500e+02 3.186233825683593750e+02 3.193092956542968750e+02 3.198573303222656250e+02 3.200892028808593750e+02 3.201149291992187500e+02 3.198916015625000000e+02 3.193561401367187500e+02 3.190532226562500000e+02 3.190751037597656250e+02 3.199016418457031250e+02 3.235815429687500000e+02 3.279171447753906250e+02 3.314273986816406250e+02 3.345509643554687500e+02 3.358418884277343750e+02 3.407060546875000000e+02 3.565285644531250000e+02 3.755952453613281250e+02 3.826744689941406250e+02 3.844895935058593750e+02 3.857411193847656250e+02 3.864749145507812500e+02 3.874796447753906250e+02 3.888743286132812500e+02 3.902442321777343750e+02 3.919660034179687500e+02 3.937169799804687500e+02 3.947864990234375000e+02 3.959711914062500000e+02 3.973864746093750000e+02 3.983217163085937500e+02 3.986431274414062500e+02 3.990028076171875000e+02 3.998747253417968750e+02 4.003560791015625000e+02 3.963392028808593750e+02 3.906026916503906250e+02 3.864706420898437500e+02 3.836031188964843750e+02 3.824079284667968750e+02 3.822955627441406250e+02 3.812517700195312500e+02 3.801029968261718750e+02 3.800127563476562500e+02 3.775736999511718750e+02 3.711216735839843750e+02 3.650959167480468750e+02 3.631155090332031250e+02 3.665043334960937500e+02 3.685061340332031250e+02 3.684768371582031250e+02 3.672745361328125000e+02
3.217350463867187500e+02 3.239907226562500000e+02 3.260343627929687500e+02 3.274958801269531250e+02 3.280594482421875000e+02 3.285328063964843750e+02 3.289544067382812500e+02 3.289260253906250000e+02 3.286017761230468750e+02 3.281297302246093750e+02 3.275622863769531250e+02 3.268873291015625000e+02 3.261662597656250000e+02 3.255030517578125000e+02 3.250054321289062500e+02 3.245569152832031250e+02 3.240651245117187500e+02 3.235308532714843750e+02 3.243336486816406250e+02 3.231041870117187500e+02 3.213787841796875000e+02 3.185215148925781250e+02 3.124957885742187500e+02 3.182195129394531250e+02 3.137382202148437500e+02 3.090867004394531250e+02 3.182198181152343750e+02 3.067576599121093750e+02 2.970624389648437500e+02 2.994752807617187500e+02 3.016916809082031250e+02 3.026791381835937500e+02 3.031065979003906250e+02 3.026679687500000000e+02 3.014026489257812500e+02 2.994249267578125000e+02 2.970215148925781250e+02 2.957380981445312500e+02 2.958697204589843750e+02 2.971632690429687500e+02 2.989232482910156250e+02 3.000675659179687500e+02 3.001796264648437500e+02 2.995035705566406250e+02 2.986896667480468750e+02 2.989846191406250000e+02 3.022966308593750000e+02 3.068392333984375000e+02 3.099932250976562500e+02 3.121302185058593750e+02 3.136122741699218750e+02 3.146156616210937500e+02 3.148278198242187500e+02 3.146466674804687500e+02 3.141173095703125000e+02 3.135549316406250000e+02 3.133334350585937500e+02 3.133963928222656250e+02 3.135040893554687500e+02 3.135397644042968750e+02 3.135033569335937500e+02 3.134057312011718750e+02 3.132648010253906250e+02 3.130887451171875000e+02 3.128222656250000000e+02 3.125121459960937500e+02 3.121952209472656250e+02 3.119140319824218750e+02 3.115906677246093750e+02 3.111387939453125000e+02 3.108339538574218750e+02 3.111219482421875000e+02 3.122616271972656250e+02 3.134832153320312500e+02 3.145512084960937500e+02 3.154765014648437500e+02 3.161913452148437500e+02 3.167174377441406250e+02 3.170571899414062500e+02 3.172320861816406250e+02 3.172759399414062500e+02 3.171943359375000000e+02 3.170341491699218750e+02 3.168844299316406250e+02 3.168397827148437500e+02 3.170057067871093750e+02 3.174393615722656250e+02 3.182722473144531250e+02 3.193443298339843750e+02 3.200267639160156250e+02 3.201478271484375000e+02 3.198919982910156250e+02 3.193462219238281250e+02 3.189269714355468750e+02 3.188265380859375000e+02 3.191759338378906250e+02 3.214103698730468750e+02 3.258419189453125000e+02 3.297179565429687500e+02 3.330369567871093750e+02 3.368510131835937500e+02 3.408771057128906250e+02 3.545747680664062500e+02 3.702539978027343750e+02 3.806663818359375000e+02 3.824801025390625000e+02 3.841690063476562500e+02 3.862263488769531250e+02 3.881696777343750000e+02 3.896517333984375000e+02 3.910851135253906250e+02 3.926222229003906250e+02 3.942150878906250000e+02 3.960399475097656250e+02 3.971252746582031250e+02 3.975382080078125000e+02 3.981195373535156250e+02 3.982286987304687500e+02 3.979413757324218750e+02 3.977787170410156250e+02 3.982435607910156250e+02 3.988066711425781250e+02 3.960605163574218750e+02 3.917211608886718750e+02 3.879243774414062500e+02 3.850973510742187500e+02 3.841784973144531250e+02 3.839577026367187500e+02 3.834797058105468750e+02 3.828574829101562500e+02 3.821677551269531250e+02 3.819801940917968750e+02 3.788862915039062500e+02 3.745340270996093750e+02 3.735710754394531250e+02 3.747517395019531250e+02 3.747307434082031250e+02 3.735564575195312500e+02 3.716188354492187500e+02
3.209136657714843750e+02 3.230850524902343750e+02 3.248025817871093750e+02 3.257592773437500000e+02 3.260579223632812500e+02 3.265062561035156250e+02 3.270032653808593750e+02 3.270559387207031250e+02 3.268063354492187500e+02 3.264247436523437500e+02 3.259615783691406250e+02 3.253899230957031250e+02 3.247456359863281250e+02 3.241247558593750000e+02 3.236676940917968750e+02 3.232108764648437500e+02 3.227108459472656250e+02 3.222757873535156250e+02 3.206464233398437500e+02 3.197724914550781250e+02 3.183102416992187500e+02 3.158824462890625000e+02 3.162677001953125000e+02 3.204862670898437500e+02 3.151508789062500000e+02 3.024507751464843750e+02 3.080918273925781250e+02 3.032653198242187500e+02 2.958847351074218750e+02 2.983705749511718750e+02 3.006317138671875000e+02 3.011421203613281250e+02 3.010748291015625000e+02 3.008884582519531250e+02 2.994481811523437500e+02 2.973340454101562500e+02 2.960506591796875000e+02 2.960599365234375000e+02 2.969799804687500000e+02 2.983848571777343750e+02 2.996660766601562500e+02 3.001749877929687500e+02 3.001641235351562500e+02 2.996256408691406250e+02 2.986477661132812500e+02 2.988887939453125000e+02 3.049594116210937500e+02 3.107832336425781250e+02 3.114644470214843750e+02 3.120224609375000000e+02 3.126827392578125000e+02 3.132950439453125000e+02 3.133888244628906250e+02 3.131764526367187500e+02 3.127069091796875000e+02 3.121398315429687500e+02 3.118988952636718750e+02 3.119914855957031250e+02 3.120773010253906250e+02 3.120926818847656250e+02 3.120282592773437500e+02 3.118978881835937500e+02 3.117554626464843750e+02 3.116029663085937500e+02 3.113453063964843750e+02 3.110678405761718750e+02 3.107919921875000000e+02 3.104821166992187500e+02 3.101042480468750000e+02 3.098717651367187500e+02 3.102747192382812500e+02 3.113262634277343750e+02 3.126026916503906250e+02 3.137491149902343750e+02 3.147548217773437500e+02 3.155769653320312500e+02 3.161499938964843750e+02 3.164981689453125000e+02 3.166345825195312500e+02 3.166984863281250000e+02 3.166983032226562500e+02 3.165847778320312500e+02 3.163880004882812500e+02 3.161885070800781250e+02 3.160726318359375000e+02 3.161831665039062500e+02 3.166160888671875000e+02 3.176410827636718750e+02 3.192263793945312500e+02 3.201783752441406250e+02 3.198330383300781250e+02 3.191266174316406250e+02 3.186546630859375000e+02 3.187551269531250000e+02 3.195315551757812500e+02 3.216941528320312500e+02 3.257876586914062500e+02 3.300520629882812500e+02 3.330131835937500000e+02 3.376322631835937500e+02 3.457489013671875000e+02 3.562636718750000000e+02 3.737207336425781250e+02 3.794104919433593750e+02 3.806145935058593750e+02 3.820759582519531250e+02 3.837323303222656250e+02 3.859193725585937500e+02 3.884359741210937500e+02 3.906658630371093750e+02 3.925109863281250000e+02 3.942803039550781250e+02 3.960650329589843750e+02 3.979942932128906250e+02 3.993902282714843750e+02 3.993621826171875000e+02 3.990402526855468750e+02 3.984888000488281250e+02 3.976718139648437500e+02 3.966774597167968750e+02 3.958244018554687500e+02 3.952697143554687500e+02 3.936698913574218750e+02 3.910228881835937500e+02 3.881866455078125000e+02 3.863408813476562500e+02 3.861690063476562500e+02 3.857984924316406250e+02 3.850123596191406250e+02 3.842923889160156250e+02 3.839233398437500000e+02 3.836052246093750000e+02 3.825663146972656250e+02 3.815226135253906250e+02 3.812745361328125000e+02 3.808122863769531250e+02 3.798001403808593750e+02 3.783815612792968750e+02 3.759801635742187500e+02
3.208164367675781250e+02 3.223096008300781250e+02 3.233887939453125000e+02 3.238765563964843750e+02 3.240646667480468750e+02 3.245629577636718750e+02 3.251488037109375000e+02 3.252391052246093750e+02 3.249784545898437500e+02 3.246389770507812500e+02 3.242782897949218750e+02 3.238752441406250000e+02 3.233894042968750000e+02 3.228559875488281250e+02 3.224086608886718750e+02 3.219947814941406250e+02 3.215801696777343750e+02 3.210385742187500000e+02 3.208539123535156250e+02 3.216565856933593750e+02 3.212341308593750000e+02 3.201817932128906250e+02 3.207746582031250000e+02 3.176927490234375000e+02 3.083777160644531250e+02 2.995774536132812500e+02 3.007469787597656250e+02 3.006048889160156250e+02 2.952274780273437500e+02 2.955955505371093750e+02 2.983937377929687500e+02 2.993111572265625000e+02 2.989569091796875000e+02 2.988743286132812500e+02 2.972613220214843750e+02 2.961898803710937500e+02 2.964787292480468750e+02 2.975686340332031250e+02 2.988097534179687500e+02 2.997212219238281250e+02 3.001636352539062500e+02 3.002311401367187500e+02 3.001191101074218750e+02 2.996623535156250000e+02 2.988111877441406250e+02 2.999494323730468750e+02 3.094543151855468750e+02 3.144417114257812500e+02 3.125953674316406250e+02 3.119535522460937500e+02 3.118942565917968750e+02 3.120910339355468750e+02 3.120304565429687500e+02 3.117573852539062500e+02 3.113227233886718750e+02 3.107917480468750000e+02 3.105414123535156250e+02 3.106025390625000000e+02 3.106761474609375000e+02 3.106608886718750000e+02 3.105570678710937500e+02 3.104039611816406250e+02 3.102652282714843750e+02 3.101199035644531250e+02 3.098580017089843750e+02 3.096176147460937500e+02 3.093695068359375000e+02 3.090900268554687500e+02 3.089633789062500000e+02 3.094190673828125000e+02 3.104659729003906250e+02 3.116942443847656250e+02 3.129169006347656250e+02 3.140210266113281250e+02 3.149895324707031250e+02 3.157377624511718750e+02 3.162403259277343750e+02 3.163415527343750000e+02 3.163312683105468750e+02 3.163956604003906250e+02 3.163690490722656250e+02 3.161929931640625000e+02 3.159255981445312500e+02 3.156247863769531250e+02 3.153753356933593750e+02 3.153949279785156250e+02 3.157601013183593750e+02 3.166730346679687500e+02 3.180881652832031250e+02 3.190032043457031250e+02 3.186737670898437500e+02 3.185422668457031250e+02 3.188302612304687500e+02 3.201211853027343750e+02 3.240437927246093750e+02 3.288288574218750000e+02 3.321277160644531250e+02 3.357560729980468750e+02 3.421097717285156250e+02 3.587012023925781250e+02 3.707724609375000000e+02 3.777315979003906250e+02 3.814122924804687500e+02 3.812954406738281250e+02 3.818512268066406250e+02 3.831371459960937500e+02 3.846140136718750000e+02 3.863521118164062500e+02 3.885248107910156250e+02 3.908506469726562500e+02 3.930374755859375000e+02 3.951032409667968750e+02 3.970657043457031250e+02 3.991874694824218750e+02 4.001647033691406250e+02 4.000463562011718750e+02 3.996281433105468750e+02 3.988695983886718750e+02 3.979922485351562500e+02 3.967672119140625000e+02 3.950693969726562500e+02 3.935242919921875000e+02 3.920282897949218750e+02 3.902331542968750000e+02 3.886665344238281250e+02 3.881807250976562500e+02 3.882709045410156250e+02 3.877557373046875000e+02 3.869764099121093750e+02 3.861379394531250000e+02 3.857312927246093750e+02 3.852464599609375000e+02 3.845014648437500000e+02 3.838002929687500000e+02 3.831545715332031250e+02 3.823438415527343750e+02 3.814685668945312500e+02 3.806010437011718750e+02 3.792749938964843750e+02
3.195887145996093750e+02 3.208122863769531250e+02 3.217003479003906250e+02 3.219208679199218750e+02 3.220520019531250000e+02 3.226582641601562500e+02 3.233228759765625000e+02 3.234215087890625000e+02 3.230772094726562500e+02 3.227059020996093750e+02 3.224512023925781250e+02 3.222864685058593750e+02 3.220757446289062500e+02 3.217546997070312500e+02 3.212906799316406250e+02 3.210399169921875000e+02 3.215283813476562500e+02 3.219433288574218750e+02 3.228141174316406250e+02 3.236577453613281250e+02 3.213646240234375000e+02 3.124254760742187500e+02 3.068681945800781250e+02 3.026378173828125000e+02 2.998235778808593750e+02 2.965701599121093750e+02 2.964384155273437500e+02 2.961019897460937500e+02 2.936260070800781250e+02 2.934104003906250000e+02 2.950136718750000000e+02 2.957475891113281250e+02 2.957638854980468750e+02 2.958040161132812500e+02 2.958147277832031250e+02 2.965733947753906250e+02 2.982402954101562500e+02 2.995792846679687500e+02 3.001452941894531250e+02 3.002672729492187500e+02 3.002429504394531250e+02 3.001748046875000000e+02 2.999835205078125000e+02 2.996280212402343750e+02 2.992025756835937500e+02 3.008852539062500000e+02 3.072718505859375000e+02 3.110865173339843750e+02 3.113028869628906250e+02 3.109736938476562500e+02 3.107404174804687500e+02 3.107395019531250000e+02 3.106273193359375000e+02 3.103299865722656250e+02 3.099102783203125000e+02 3.094123535156250000e+02 3.091464538574218750e+02 3.092135009765625000e+02 3.092426147460937500e+02 3.091927185058593750e+02 3.090689697265625000e+02 3.089155578613281250e+02 3.087553100585937500e+02 3.085434570312500000e+02 3.082208557128906250e+02 3.079770507812500000e+02 3.078996582031250000e+02 3.079587402343750000e+02 3.083922424316406250e+02 3.094144897460937500e+02 3.106639404296875000e+02 3.119029846191406250e+02 3.131078491210937500e+02 3.142224731445312500e+02 3.151586914062500000e+02 3.159520263671875000e+02 3.162047729492187500e+02 3.159534301757812500e+02 3.160414733886718750e+02 3.163352050781250000e+02 3.163458862304687500e+02 3.160960998535156250e+02 3.157057800292968750e+02 3.152319641113281250e+02 3.148220825195312500e+02 3.148189086914062500e+02 3.152650451660156250e+02 3.160138854980468750e+02 3.170632019042968750e+02 3.178512573242187500e+02 3.188165283203125000e+02 3.219313964843750000e+02 3.265441589355468750e+02 3.316406860351562500e+02 3.371015625000000000e+02 3.428432617187500000e+02 3.484519958496093750e+02 3.509245300292968750e+02 3.639156188964843750e+02 3.787180786132812500e+02 3.818884277343750000e+02 3.833950195312500000e+02 3.830126342773437500e+02 3.827718505859375000e+02 3.835027160644531250e+02 3.845779113769531250e+02 3.859759216308593750e+02 3.875746459960937500e+02 3.893001708984375000e+02 3.912052917480468750e+02 3.932981872558593750e+02 3.953926086425781250e+02 3.972975769042968750e+02 3.991044616699218750e+02 4.000851440429687500e+02 4.001503601074218750e+02 3.999654541015625000e+02 3.994029846191406250e+02 3.986143188476562500e+02 3.975239868164062500e+02 3.959076843261718750e+02 3.942668762207031250e+02 3.929315490722656250e+02 3.916724853515625000e+02 3.909852905273437500e+02 3.908372192382812500e+02 3.905240783691406250e+02 3.898843994140625000e+02 3.891079711914062500e+02 3.882842712402343750e+02 3.875748901367187500e+02 3.868299255371093750e+02 3.859340820312500000e+02 3.850397033691406250e+02 3.841390686035156250e+02 3.832063903808593750e+02 3.822923278808593750e+02 3.815012817382812500e+02 3.807807617187500000e+02
3.171999206542968750e+02 3.189612426757812500e+02 3.197901000976562500e+02 3.198580017089843750e+02 3.200403442382812500e+02 3.208652343750000000e+02 3.215951232910156250e+02 3.216515808105468750e+02 3.211225891113281250e+02 3.206048278808593750e+02 3.204652099609375000e+02 3.206006164550781250e+02 3.208529663085937500e+02 3.210111694335937500e+02 3.206859130859375000e+02 3.180432128906250000e+02 3.200428161621093750e+02 3.216865844726562500e+02 3.214214172363281250e+02 3.174262695312500000e+02 3.065030517578125000e+02 2.983606872558593750e+02 2.965421752929687500e+02 2.947442626953125000e+02 2.939615173339843750e+02 2.930886840820312500e+02 2.923164367675781250e+02 2.917598876953125000e+02 2.916043701171875000e+02 2.924263305664062500e+02 2.932868957519531250e+02 2.937133483886718750e+02 2.941587829589843750e+02 2.950733032226562500e+02 2.965588378906250000e+02 2.983551940917968750e+02 3.000712280273437500e+02 3.006891174316406250e+02 3.006712951660156250e+02 3.004648742675781250e+02 3.001990356445312500e+02 2.999867553710937500e+02 2.997304992675781250e+02 2.996165161132812500e+02 2.997229003906250000e+02 3.012595520019531250e+02 3.050993347167968750e+02 3.079436950683593750e+02 3.089908447265625000e+02 3.091901245117187500e+02 3.091037292480468750e+02 3.091255493164062500e+02 3.090968322753906250e+02 3.088272705078125000e+02 3.084280090332031250e+02 3.079756469726562500e+02 3.077460021972656250e+02 3.077305297851562500e+02 3.077271118164062500e+02 3.076680297851562500e+02 3.075448913574218750e+02 3.073671875000000000e+02 3.070856628417968750e+02 3.066660461425781250e+02 3.063235168457031250e+02 3.063079223632812500e+02 3.067706909179687500e+02 3.073834838867187500e+02 3.081088562011718750e+02 3.091896057128906250e+02 3.105276489257812500e+02 3.118392333984375000e+02 3.131038513183593750e+02 3.142359924316406250e+02 3.152480163574218750e+02 3.159014282226562500e+02 3.155453186035156250e+02 3.153966674804687500e+02 3.160972595214843750e+02 3.166484985351562500e+02 3.166750793457031250e+02 3.162578735351562500e+02 3.156285095214843750e+02 3.149557189941406250e+02 3.146031799316406250e+02 3.150722045898437500e+02 3.165231933593750000e+02 3.185590820312500000e+02 3.220868835449218750e+02 3.258039245605468750e+02 3.324111328125000000e+02 3.412517700195312500e+02 3.487522583007812500e+02 3.566478271484375000e+02 3.608897705078125000e+02 3.673090209960937500e+02 3.763078002929687500e+02 3.749216308593750000e+02 3.777789001464843750e+02 3.820644226074218750e+02 3.825750122070312500e+02 3.828692321777343750e+02 3.833670959472656250e+02 3.839255371093750000e+02 3.846306457519531250e+02 3.855655212402343750e+02 3.867928771972656250e+02 3.883771362304687500e+02 3.901431274414062500e+02 3.918515319824218750e+02 3.936177062988281250e+02 3.954681091308593750e+02 3.971404724121093750e+02 3.985830688476562500e+02 3.996217041015625000e+02 4.000573425292968750e+02 4.001036987304687500e+02 3.999491882324218750e+02 3.993985595703125000e+02 3.982107849121093750e+02 3.969452209472656250e+02 3.959435119628906250e+02 3.952799682617187500e+02 3.944678955078125000e+02 3.937128601074218750e+02 3.929963073730468750e+02 3.920993652343750000e+02 3.911455383300781250e+02 3.902247009277343750e+02 3.892309265136718750e+02 3.881481628417968750e+02 3.869666137695312500e+02 3.858295898437500000e+02 3.848333129882812500e+02 3.839566955566406250e+02 3.831578674316406250e+02 3.824071044921875000e+02 3.817053833007812500e+02 3.810473327636718750e+02
3.146522827148437500e+02 3.162913513183593750e+02 3.171976928710937500e+02 3.176371459960937500e+02 3.183371276855468750e+02 3.193672790527343750e+02 3.201449584960937500e+02 3.201560668945312500e+02 3.193638610839843750e+02 3.185448303222656250e+02 3.184190979003906250e+02 3.190942382812500000e+02 3.199122619628906250e+02 3.207156677246093750e+02 3.218278503417968750e+02 3.190894775390625000e+02 3.091160583496093750e+02 3.050211486816406250e+02 3.030412902832031250e+02 2.990278625488281250e+02 2.951220703125000000e+02 2.935125427246093750e+02 2.928899841308593750e+02 2.916929931640625000e+02 2.904667663574218750e+02 2.898539428710937500e+02 2.895506896972656250e+02 2.902044067382812500e+02 2.919052124023437500e+02 2.935715332031250000e+02 2.942012023925781250e+02 2.945206298828125000e+02 2.954892883300781250e+02 2.970857849121093750e+02 2.989177551269531250e+02 3.002709045410156250e+02 3.011885070800781250e+02 3.014073791503906250e+02 3.010948791503906250e+02 3.006149902343750000e+02 3.001171569824218750e+02 2.998056640625000000e+02 2.996250305175781250e+02 2.997149963378906250e+02 3.001649169921875000e+02 3.015531921386718750e+02 3.037863159179687500e+02 3.056622314453125000e+02 3.066823120117187500e+02 3.071205749511718750e+02 3.072223205566406250e+02 3.073782348632812500e+02 3.075228881835937500e+02 3.073205566406250000e+02 3.069513854980468750e+02 3.065411071777343750e+02 3.063170776367187500e+02 3.062615966796875000e+02 3.062440795898437500e+02 3.061836853027343750e+02 3.060168151855468750e+02 3.057127990722656250e+02 3.052651062011718750e+02 3.048921508789062500e+02 3.051795043945312500e+02 3.062528686523437500e+02 3.074374694824218750e+02 3.082000427246093750e+02 3.087158508300781250e+02 3.090450134277343750e+02 3.100587463378906250e+02 3.114352111816406250e+02 3.127774963378906250e+02 3.139544372558593750e+02 3.149447937011718750e+02 3.150501403808593750e+02 3.146409606933593750e+02 3.154906005859375000e+02 3.166924743652343750e+02 3.172729797363281250e+02 3.170778503417968750e+02 3.163487854003906250e+02 3.155800476074218750e+02 3.154630432128906250e+02 3.177474975585937500e+02 3.231218261718750000e+02 3.281150512695312500e+02 3.348147888183593750e+02 3.434458923339843750e+02 3.479116821289062500e+02 3.557436828613281250e+02 3.670638122558593750e+02 3.771799926757812500e+02 3.803276672363281250e+02 3.813547058105468750e+02 3.857630920410156250e+02 3.883670959472656250e+02 3.841201171875000000e+02 3.821609802246093750e+02 3.823609313964843750e+02 3.825953369140625000e+02 3.831066284179687500e+02 3.838789978027343750e+02 3.849335327148437500e+02 3.859154357910156250e+02 3.865641174316406250e+02 3.873254699707031250e+02 3.885939636230468750e+02 3.902760009765625000e+02 3.920471191406250000e+02 3.937560729980468750e+02 3.954080810546875000e+02 3.968561401367187500e+02 3.980431213378906250e+02 3.989886474609375000e+02 3.996501464843750000e+02 3.999919738769531250e+02 4.000958251953125000e+02 3.999471435546875000e+02 3.990360717773437500e+02 3.980525817871093750e+02 3.973828430175781250e+02 3.964548950195312500e+02 3.952156372070312500e+02 3.939307861328125000e+02 3.925549926757812500e+02 3.911254577636718750e+02 3.899348754882812500e+02 3.891834411621093750e+02 3.883960266113281250e+02 3.871957092285156250e+02 3.858142089843750000e+02 3.845357971191406250e+02 3.835157775878906250e+02 3.827120056152343750e+02 3.821547851562500000e+02 3.817576599121093750e+02 3.813772888183593750e+02 3.809844055175781250e+02
3.119752807617187500e+02 3.135541381835937500e+02 3.145692749023437500e+02 3.152684936523437500e+02 3.161537170410156250e+02 3.171595153808593750e+02 3.176803894042968750e+02 3.175094909667968750e+02 3.166340332031250000e+02 3.156313476562500000e+02 3.157451782226562500e+02 3.168318176269531250e+02 3.183226623535156250e+02 3.198354492187500000e+02 3.223053894042968750e+02 3.216229858398437500e+02 3.066838684082031250e+02 2.981190795898437500e+02 2.960497741699218750e+02 2.944648132324218750e+02 2.930627136230468750e+02 2.916404724121093750e+02 2.904484558105468750e+02 2.894001159667968750e+02 2.883406066894531250e+02 2.882379760742187500e+02 2.895978393554687500e+02 2.926427001953125000e+02 2.957912597656250000e+02 2.969698791503906250e+02 2.969340820312500000e+02 2.974427795410156250e+02 2.984640808105468750e+02 2.996891784667968750e+02 3.007219543457031250e+02 3.015614929199218750e+02 3.021847229003906250e+02 3.021099853515625000e+02 3.015573730468750000e+02 3.008335876464843750e+02 3.001096191406250000e+02 2.997113647460937500e+02 2.996114196777343750e+02 2.997565612792968750e+02 3.001377258300781250e+02 3.011762695312500000e+02 3.025101623535156250e+02 3.036750183105468750e+02 3.044721984863281250e+02 3.049772644042968750e+02 3.052317810058593750e+02 3.055417175292968750e+02 3.058637084960937500e+02 3.057646179199218750e+02 3.054247436523437500e+02 3.050655517578125000e+02 3.048453369140625000e+02 3.047704162597656250e+02 3.047400512695312500e+02 3.046239013671875000e+02 3.043084716796875000e+02 3.039039001464843750e+02 3.037614440917968750e+02 3.044523010253906250e+02 3.059140319824218750e+02 3.075151062011718750e+02 3.087956848144531250e+02 3.095505676269531250e+02 3.100792541503906250e+02 3.100020446777343750e+02 3.099077758789062500e+02 3.107537536621093750e+02 3.119636840820312500e+02 3.130458068847656250e+02 3.137507934570312500e+02 3.138255310058593750e+02 3.145244750976562500e+02 3.159451599121093750e+02 3.172347106933593750e+02 3.176503906250000000e+02 3.170187072753906250e+02 3.162765502929687500e+02 3.169472045898437500e+02 3.229884643554687500e+02 3.375553283691406250e+02 3.488121948242187500e+02 3.522366943359375000e+02 3.573732604980468750e+02 3.621785888671875000e+02 3.647591857910156250e+02 3.716245727539062500e+02 3.800892333984375000e+02 3.840881958007812500e+02 3.865183715820312500e+02 3.890072326660156250e+02 3.927139282226562500e+02 3.932595214843750000e+02 3.877553405761718750e+02 3.846722412109375000e+02 3.836177062988281250e+02 3.836379394531250000e+02 3.842241516113281250e+02 3.850938720703125000e+02 3.860034790039062500e+02 3.871233215332031250e+02 3.881981201171875000e+02 3.887078857421875000e+02 3.891630249023437500e+02 3.902042846679687500e+02 3.916922302246093750e+02 3.933323974609375000e+02 3.949518432617187500e+02 3.963133544921875000e+02 3.974201354980468750e+02 3.983585205078125000e+02 3.990751037597656250e+02 3.996115417480468750e+02 4.000025939941406250e+02 4.001395263671875000e+02 3.998463134765625000e+02 3.990917358398437500e+02 3.977693786621093750e+02 3.959797058105468750e+02 3.941309814453125000e+02 3.924434204101562500e+02 3.908439331054687500e+02 3.893547973632812500e+02 3.879686889648437500e+02 3.872869262695312500e+02 3.869833374023437500e+02 3.861644287109375000e+02 3.848959655761718750e+02 3.836003417968750000e+02 3.825716552734375000e+02 3.817455444335937500e+02 3.811689147949218750e+02 3.809025573730468750e+02 3.807998046875000000e+02 3.807133483886718750e+02
3.091848449707031250e+02 3.107201538085937500e+02 3.118960571289062500e+02 3.127377929687500000e+02 3.136611022949218750e+02 3.144343261718750000e+02 3.145650939941406250e+02 3.141801147460937500e+02 3.133038635253906250e+02 3.123236694335937500e+02 3.125335998535156250e+02 3.139311828613281250e+02 3.156946105957031250e+02 3.175590515136718750e+02 3.198530273437500000e+02 3.107275695800781250e+02 2.992796630859375000e+02 2.967621154785156250e+02 2.955107421875000000e+02 2.939541625976562500e+02 2.923295593261718750e+02 2.905551147460937500e+02 2.888871154785156250e+02 2.877168884277343750e+02 2.873686828613281250e+02 2.886070251464843750e+02 2.914470520019531250e+02 2.960889587402343750e+02 2.998118896484375000e+02 3.002381896972656250e+02 2.999806518554687500e+02 3.003066711425781250e+02 3.007217407226562500e+02 3.013790588378906250e+02 3.020266723632812500e+02 3.027135314941406250e+02 3.031585693359375000e+02 3.028961181640625000e+02 3.021829528808593750e+02 3.012431335449218750e+02 3.002033386230468750e+02 2.997033996582031250e+02 2.996346435546875000e+02 2.997626647949218750e+02 3.000061035156250000e+02 3.005510864257812500e+02 3.012030029296875000e+02 3.018137512207031250e+02 3.023749694824218750e+02 3.028629455566406250e+02 3.032275695800781250e+02 3.036838989257812500e+02 3.041803894042968750e+02 3.041864624023437500e+02 3.038341369628906250e+02 3.035154418945312500e+02 3.033319396972656250e+02 3.032027282714843750e+02 3.030922241210937500e+02 3.028645935058593750e+02 3.025941772460937500e+02 3.028125305175781250e+02 3.038668823242187500e+02 3.054504699707031250e+02 3.071195373535156250e+02 3.086817016601562500e+02 3.099805603027343750e+02 3.107205200195312500e+02 3.111086120605468750e+02 3.114116516113281250e+02 3.112393798828125000e+02 3.110716552734375000e+02 3.115238342285156250e+02 3.122203979492187500e+02 3.129040832519531250e+02 3.138263244628906250e+02 3.149263916015625000e+02 3.160139465332031250e+02 3.173138732910156250e+02 3.175862426757812500e+02 3.167461853027343750e+02 3.186521911621093750e+02 3.282099609375000000e+02 3.447525634765625000e+02 3.589132080078125000e+02 3.618748474121093750e+02 3.636093750000000000e+02 3.653107299804687500e+02 3.672139282226562500e+02 3.703905334472656250e+02 3.763335266113281250e+02 3.808403930664062500e+02 3.829733276367187500e+02 3.851195983886718750e+02 3.872856445312500000e+02 3.892151794433593750e+02 3.893258361816406250e+02 3.873031921386718750e+02 3.856643371582031250e+02 3.850197753906250000e+02 3.851342773437500000e+02 3.856846618652343750e+02 3.864611206054687500e+02 3.873163146972656250e+02 3.881886901855468750e+02 3.892366027832031250e+02 3.903809509277343750e+02 3.910787963867187500e+02 3.914729309082031250e+02 3.920976867675781250e+02 3.931266479492187500e+02 3.944265441894531250e+02 3.957084960937500000e+02 3.968527221679687500e+02 3.978214416503906250e+02 3.985053405761718750e+02 3.990096435546875000e+02 3.995011291503906250e+02 3.999905090332031250e+02 4.002709045410156250e+02 3.996098022460937500e+02 3.974176025390625000e+02 3.950971984863281250e+02 3.929470214843750000e+02 3.911001281738281250e+02 3.894923095703125000e+02 3.880480041503906250e+02 3.867450256347656250e+02 3.855486450195312500e+02 3.849559326171875000e+02 3.846979675292968750e+02 3.840403747558593750e+02 3.829491271972656250e+02 3.819537353515625000e+02 3.811454772949218750e+02 3.805339355468750000e+02 3.803089599609375000e+02 3.802037963867187500e+02 3.802558288574218750e+02
3.068356628417968750e+02 3.080978698730468750e+02 3.093726196289062500e+02 3.102828063964843750e+02 3.111976928710937500e+02 3.118002319335937500e+02 3.116716308593750000e+02 3.110410156250000000e+02 3.100481262207031250e+02 3.091007995605468750e+02 3.092112426757812500e+02 3.105865478515625000e+02 3.121831665039062500e+02 3.126860656738281250e+02 3.099219360351562500e+02 3.009399108886718750e+02 2.979483642578125000e+02 2.961962585449218750e+02 2.948400268554687500e+02 2.933548889160156250e+02 2.916375122070312500e+02 2.896922302246093750e+02 2.879121704101562500e+02 2.867066040039062500e+02 2.872176513671875000e+02 2.892989501953125000e+02 2.926561279296875000e+02 2.974375915527343750e+02 3.003651733398437500e+02 3.008549499511718750e+02 3.012270202636718750e+02 3.016328430175781250e+02 3.021040344238281250e+02 3.026756286621093750e+02 3.032038574218750000e+02 3.037895812988281250e+02 3.040859375000000000e+02 3.037369995117187500e+02 3.029991455078125000e+02 3.020212402343750000e+02 3.008938903808593750e+02 3.000086364746093750e+02 2.997349243164062500e+02 2.998001708984375000e+02 2.999418945312500000e+02 3.000689086914062500e+02 3.001604003906250000e+02 3.003041687011718750e+02 3.006237487792968750e+02 3.010145568847656250e+02 3.014144897460937500e+02 3.019996948242187500e+02 3.026308898925781250e+02 3.027324523925781250e+02 3.022984619140625000e+02 3.019799194335937500e+02 3.018501281738281250e+02 3.016208190917968750e+02 3.014341735839843750e+02 3.014426879882812500e+02 3.020809631347656250e+02 3.034264221191406250e+02 3.049810180664062500e+02 3.065455627441406250e+02 3.080356445312500000e+02 3.094447937011718750e+02 3.107707214355468750e+02 3.116600341796875000e+02 3.120491943359375000e+02 3.123301391601562500e+02 3.127831420898437500e+02 3.132366027832031250e+02 3.135115051269531250e+02 3.136849975585937500e+02 3.139329223632812500e+02 3.145227966308593750e+02 3.151836853027343750e+02 3.158816223144531250e+02 3.167956237792968750e+02 3.184798583984375000e+02 3.223520507812500000e+02 3.330687255859375000e+02 3.477074584960937500e+02 3.594517211914062500e+02 3.642065124511718750e+02 3.647964782714843750e+02 3.661160888671875000e+02 3.677695922851562500e+02 3.696843261718750000e+02 3.727869567871093750e+02 3.770489196777343750e+02 3.801455688476562500e+02 3.812036437988281250e+02 3.820586242675781250e+02 3.829409484863281250e+02 3.839784545898437500e+02 3.849066162109375000e+02 3.852038879394531250e+02 3.853100280761718750e+02 3.856017761230468750e+02 3.861176757812500000e+02 3.868190917968750000e+02 3.876311340332031250e+02 3.884491882324218750e+02 3.893082580566406250e+02 3.902046813964843750e+02 3.910726928710937500e+02 3.921681518554687500e+02 3.932184143066406250e+02 3.939678649902343750e+02 3.946238403320312500e+02 3.953319396972656250e+02 3.961281433105468750e+02 3.969118652343750000e+02 3.975371704101562500e+02 3.979421691894531250e+02 3.982497253417968750e+02 3.985758056640625000e+02 3.990823059082031250e+02 3.995226135253906250e+02 3.984890441894531250e+02 3.964467163085937500e+02 3.942201538085937500e+02 3.920519104003906250e+02 3.901443481445312500e+02 3.884769287109375000e+02 3.870163879394531250e+02 3.857873229980468750e+02 3.846274719238281250e+02 3.834538879394531250e+02 3.829436645507812500e+02 3.827697753906250000e+02 3.821031494140625000e+02 3.811932983398437500e+02 3.804405517578125000e+02 3.799892272949218750e+02 3.794372558593750000e+02 3.788260803222656250e+02 3.783246459960937500e+02
3.055929870605468750e+02 3.059121093750000000e+02 3.071126098632812500e+02 3.079384460449218750e+02 3.087875976562500000e+02 3.092601623535156250e+02 3.089105834960937500e+02 3.080333251953125000e+02 3.068744812011718750e+02 3.058067016601562500e+02 3.056091003417968750e+02 3.065964965820312500e+02 3.079314270019531250e+02 3.079552001953125000e+02 3.040563049316406250e+02 2.993161926269531250e+02 2.976399230957031250e+02 2.959248657226562500e+02 2.943048706054687500e+02 2.927130432128906250e+02 2.909575195312500000e+02 2.889546508789062500e+02 2.871904602050781250e+02 2.861176757812500000e+02 2.871770629882812500e+02 2.896157531738281250e+02 2.928742675781250000e+02 2.968840026855468750e+02 2.998308105468750000e+02 3.008781738281250000e+02 3.014889221191406250e+02 3.021245727539062500e+02 3.028016967773437500e+02 3.035021362304687500e+02 3.041371154785156250e+02 3.047355957031250000e+02 3.049893798828125000e+02 3.046873474121093750e+02 3.040257873535156250e+02 3.031379699707031250e+02 3.021079711914062500e+02 3.010130920410156250e+02 3.002745971679687500e+02 3.000396728515625000e+02 2.999714660644531250e+02 2.998991394042968750e+02 2.998432922363281250e+02 2.998164978027343750e+02 2.998526000976562500e+02 2.999443359375000000e+02 3.001401672363281250e+02 3.005800476074218750e+02 3.011494445800781250e+02 3.013266906738281250e+02 3.008334350585937500e+02 3.004732055664062500e+02 3.004377746582031250e+02 3.002731628417968750e+02 3.003745117187500000e+02 3.014775085449218750e+02 3.030468139648437500e+02 3.046358032226562500e+02 3.061029357910156250e+02 3.074897460937500000e+02 3.087910461425781250e+02 3.100596313476562500e+02 3.112901916503906250e+02 3.124197082519531250e+02 3.129540100097656250e+02 3.132087707519531250e+02 3.137949523925781250e+02 3.147247924804687500e+02 3.154346008300781250e+02 3.150354614257812500e+02 3.145292358398437500e+02 3.155345458984375000e+02 3.175166931152343750e+02 3.196702270507812500e+02 3.229219970703125000e+02 3.329131774902343750e+02 3.451937866210937500e+02 3.538650207519531250e+02 3.608776245117187500e+02 3.646432189941406250e+02 3.660959777832031250e+02 3.670172119140625000e+02 3.685440979003906250e+02 3.702509460449218750e+02 3.721719055175781250e+02 3.747086181640625000e+02 3.775531616210937500e+02 3.794837036132812500e+02 3.797362670898437500e+02 3.795313720703125000e+02 3.795465698242187500e+02 3.800304870605468750e+02 3.810853271484375000e+02 3.826103210449218750e+02 3.841242980957031250e+02 3.853941955566406250e+02 3.864543457031250000e+02 3.874486694335937500e+02 3.884190368652343750e+02 3.893211669921875000e+02 3.902203369140625000e+02 3.911106872558593750e+02 3.919574890136718750e+02 3.927612609863281250e+02 3.936846313476562500e+02 3.947427062988281250e+02 3.957469177246093750e+02 3.964902038574218750e+02 3.969496459960937500e+02 3.972045593261718750e+02 3.972975769042968750e+02 3.972937316894531250e+02 3.972820434570312500e+02 3.972692260742187500e+02 3.972811584472656250e+02 3.970728149414062500e+02 3.961378173828125000e+02 3.947077636718750000e+02 3.930314636230468750e+02 3.910484313964843750e+02 3.891612854003906250e+02 3.874505920410156250e+02 3.859283447265625000e+02 3.846197509765625000e+02 3.834430541992187500e+02 3.824520874023437500e+02 3.815309448242187500e+02 3.813247985839843750e+02 3.810354309082031250e+02 3.803589477539062500e+02 3.798739624023437500e+02 3.798550109863281250e+02 3.783251037597656250e+02 3.766600036621093750e+02 3.750547180175781250e+02
3.059537963867187500e+02 3.045269775390625000e+02 3.050077514648437500e+02 3.056405944824218750e+02 3.063862915039062500e+02 3.067875976562500000e+02 3.062818603515625000e+02 3.051464233398437500e+02 3.037564392089843750e+02 3.024583435058593750e+02 3.018256530761718750e+02 3.021060485839843750e+02 3.027672729492187500e+02 3.037569885253906250e+02 3.026670837402343750e+02 2.996785278320312500e+02 2.975702819824218750e+02 2.956447448730468750e+02 2.938054504394531250e+02 2.920584106445312500e+02 2.902243347167968750e+02 2.881868286132812500e+02 2.864906005859375000e+02 2.856312561035156250e+02 2.869731750488281250e+02 2.895000610351562500e+02 2.924577636718750000e+02 2.957945251464843750e+02 2.988723144531250000e+02 3.004086608886718750e+02 3.009725952148437500e+02 3.016017761230468750e+02 3.024322814941406250e+02 3.034029541015625000e+02 3.043503112792968750e+02 3.052052612304687500e+02 3.058848876953125000e+02 3.058678283691406250e+02 3.053031921386718750e+02 3.044913024902343750e+02 3.035777282714843750e+02 3.026223754882812500e+02 3.018055419921875000e+02 3.012442321777343750e+02 3.007505798339843750e+02 3.003275756835937500e+02 3.000683593750000000e+02 2.999305419921875000e+02 2.999275817871093750e+02 2.999060058593750000e+02 2.998756408691406250e+02 2.999204101562500000e+02 3.000607299804687500e+02 3.002091064453125000e+02 2.999598083496093750e+02 2.997775878906250000e+02 2.997699279785156250e+02 3.000314636230468750e+02 3.012107238769531250e+02 3.028450622558593750e+02 3.044552612304687500e+02 3.058747253417968750e+02 3.071701965332031250e+02 3.084253540039062500e+02 3.095801696777343750e+02 3.106704711914062500e+02 3.118579406738281250e+02 3.130108337402343750e+02 3.138577270507812500e+02 3.140205078125000000e+02 3.144621582031250000e+02 3.156499023437500000e+02 3.170065612792968750e+02 3.163526306152343750e+02 3.174462890625000000e+02 3.258316040039062500e+02 3.356155700683593750e+02 3.412088012695312500e+02 3.487061767578125000e+02 3.583855285644531250e+02 3.624796752929687500e+02 3.638499755859375000e+02 3.655224304199218750e+02 3.670561523437500000e+02 3.681953735351562500e+02 3.693228454589843750e+02 3.709117126464843750e+02 3.726145629882812500e+02 3.743007202148437500e+02 3.759426879882812500e+02 3.771165771484375000e+02 3.775065307617187500e+02 3.775215454101562500e+02 3.775257873535156250e+02 3.777024841308593750e+02 3.782462768554687500e+02 3.791652526855468750e+02 3.804618225097656250e+02 3.825790100097656250e+02 3.845537719726562500e+02 3.861090087890625000e+02 3.874330749511718750e+02 3.886333618164062500e+02 3.896961669921875000e+02 3.907260131835937500e+02 3.917189025878906250e+02 3.925912170410156250e+02 3.934286499023437500e+02 3.943309936523437500e+02 3.952073364257812500e+02 3.960415039062500000e+02 3.967384338378906250e+02 3.971078796386718750e+02 3.971416931152343750e+02 3.969194030761718750e+02 3.965667419433593750e+02 3.961749877929687500e+02 3.957451171875000000e+02 3.952598876953125000e+02 3.946003112792968750e+02 3.935826110839843750e+02 3.924142150878906250e+02 3.912261657714843750e+02 3.897255554199218750e+02 3.880594177246093750e+02 3.863417358398437500e+02 3.847470703125000000e+02 3.833778076171875000e+02 3.821727600097656250e+02 3.810594177246093750e+02 3.803275451660156250e+02 3.799551696777343750e+02 3.798543701171875000e+02 3.795875244140625000e+02 3.794646911621093750e+02 3.793908691406250000e+02 3.778763427734375000e+02 3.757526245117187500e+02 3.741911010742187500e+02
3.070317993164062500e+02 3.044555053710937500e+02 3.034092712402343750e+02 3.036098937988281250e+02 3.041726074218750000e+02 3.044644775390625000e+02 3.039128723144531250e+02 3.026622009277343750e+02 3.011520690917968750e+02 2.999910888671875000e+02 2.994264221191406250e+02 2.991726074218750000e+02 2.992620239257812500e+02 3.001519165039062500e+02 3.006250000000000000e+02 2.994292602539062500e+02 2.971481323242187500e+02 2.950576171875000000e+02 2.931193542480468750e+02 2.912868041992187500e+02 2.893729248046875000e+02 2.872969055175781250e+02 2.856289978027343750e+02 2.851703796386718750e+02 2.866913452148437500e+02 2.890965576171875000e+02 2.917637634277343750e+02 2.945164184570312500e+02 2.971039428710937500e+02 2.991455078125000000e+02 3.000552062988281250e+02 3.006437988281250000e+02 3.015242004394531250e+02 3.025398864746093750e+02 3.036408081054687500e+02 3.047276000976562500e+02 3.059581909179687500e+02 3.067534790039062500e+02 3.066389160156250000e+02 3.059499206542968750e+02 3.051132202148437500e+02 3.042471923828125000e+02 3.034621582031250000e+02 3.028201904296875000e+02 3.022258911132812500e+02 3.016861572265625000e+02 3.012410278320312500e+02 3.010499267578125000e+02 3.009616394042968750e+02 3.005707397460937500e+02 3.000641174316406250e+02 2.998576660156250000e+02 2.998114318847656250e+02 2.998121643066406250e+02 2.997944641113281250e+02 2.997992553710937500e+02 3.001432800292968750e+02 3.012707824707031250e+02 3.029266662597656250e+02 3.044787292480468750e+02 3.058999328613281250e+02 3.071392822265625000e+02 3.082860412597656250e+02 3.094226684570312500e+02 3.104837036132812500e+02 3.115159301757812500e+02 3.126766357421875000e+02 3.138058166503906250e+02 3.146747436523437500e+02 3.150678405761718750e+02 3.157048645019531250e+02 3.172870788574218750e+02 3.190649414062500000e+02 3.226013488769531250e+02 3.356248474121093750e+02 3.527028198242187500e+02 3.591896667480468750e+02 3.607287292480468750e+02 3.631117553710937500e+02 3.650179138183593750e+02 3.658619689941406250e+02 3.663830261230468750e+02 3.673354492187500000e+02 3.685583496093750000e+02 3.697864379882812500e+02 3.709979858398437500e+02 3.722208557128906250e+02 3.732518615722656250e+02 3.739635314941406250e+02 3.744384765625000000e+02 3.748388977050781250e+02 3.749336547851562500e+02 3.750664367675781250e+02 3.754941101074218750e+02 3.760393981933593750e+02 3.769111938476562500e+02 3.781906738281250000e+02 3.796323547363281250e+02 3.813680725097656250e+02 3.834947814941406250e+02 3.852885742187500000e+02 3.868289184570312500e+02 3.882244262695312500e+02 3.894575805664062500e+02 3.906414489746093750e+02 3.917929382324218750e+02 3.928151245117187500e+02 3.937880859375000000e+02 3.947801513671875000e+02 3.957480773925781250e+02 3.966290283203125000e+02 3.972252197265625000e+02 3.973852539062500000e+02 3.971578063964843750e+02 3.966295776367187500e+02 3.959526367187500000e+02 3.951878356933593750e+02 3.943511657714843750e+02 3.934658813476562500e+02 3.925061950683593750e+02 3.914034118652343750e+02 3.902113342285156250e+02 3.891586303710937500e+02 3.881057434082031250e+02 3.868125610351562500e+02 3.852157897949218750e+02 3.835857543945312500e+02 3.821545104980468750e+02 3.808843383789062500e+02 3.796366271972656250e+02 3.788034973144531250e+02 3.785293273925781250e+02 3.786213684082031250e+02 3.789205322265625000e+02 3.792706909179687500e+02 3.794859313964843750e+02 3.791315917968750000e+02 3.792022094726562500e+02 3.789963989257812500e+02
3.078263549804687500e+02 3.051600952148437500e+02 3.030651855468750000e+02 3.022086181640625000e+02 3.022512512207031250e+02 3.022786865234375000e+02 3.017920837402343750e+02 3.007322387695312500e+02 2.994980468750000000e+02 2.986879882812500000e+02 2.980452880859375000e+02 2.976643066406250000e+02 2.977710876464843750e+02 2.982327270507812500e+02 2.985448303222656250e+02 2.976854553222656250e+02 2.959774780273437500e+02 2.940887145996093750e+02 2.921784057617187500e+02 2.903485717773437500e+02 2.883830566406250000e+02 2.863611755371093750e+02 2.848550720214843750e+02 2.847930297851562500e+02 2.863591308593750000e+02 2.885498046875000000e+02 2.909534301757812500e+02 2.932973937988281250e+02 2.954549865722656250e+02 2.973608398437500000e+02 2.986866455078125000e+02 2.998244323730468750e+02 3.007586364746093750e+02 3.016283264160156250e+02 3.025882568359375000e+02 3.035911254882812500e+02 3.049846191406250000e+02 3.065651855468750000e+02 3.075585937500000000e+02 3.074264831542968750e+02 3.067214050292968750e+02 3.058962402343750000e+02 3.051004333496093750e+02 3.044292907714843750e+02 3.038230590820312500e+02 3.032718200683593750e+02 3.028235473632812500e+02 3.026186523437500000e+02 3.023581237792968750e+02 3.018067321777343750e+02 3.010777282714843750e+02 3.003686828613281250e+02 3.000073852539062500e+02 2.999665527343750000e+02 3.001777343750000000e+02 3.006831054687500000e+02 3.017920227050781250e+02 3.033974914550781250e+02 3.050009765625000000e+02 3.063851013183593750e+02 3.075726928710937500e+02 3.086333923339843750e+02 3.096283264160156250e+02 3.106000671386718750e+02 3.116021423339843750e+02 3.127692565917968750e+02 3.141554565429687500e+02 3.155712890625000000e+02 3.169188842773437500e+02 3.202770690917968750e+02 3.272562561035156250e+02 3.340615234375000000e+02 3.394812927246093750e+02 3.475804443359375000e+02 3.583148803710937500e+02 3.629946594238281250e+02 3.634484863281250000e+02 3.636606750488281250e+02 3.644764404296875000e+02 3.654835815429687500e+02 3.663439636230468750e+02 3.671407470703125000e+02 3.680928955078125000e+02 3.691291809082031250e+02 3.700616455078125000e+02 3.706103820800781250e+02 3.707988891601562500e+02 3.707914123535156250e+02 3.709298400878906250e+02 3.713402099609375000e+02 3.718683166503906250e+02 3.722544555664062500e+02 3.727543945312500000e+02 3.735709838867187500e+02 3.745942077636718750e+02 3.759008178710937500e+02 3.775218811035156250e+02 3.791398010253906250e+02 3.806238708496093750e+02 3.825460205078125000e+02 3.843101806640625000e+02 3.859017333984375000e+02 3.873928833007812500e+02 3.887470703125000000e+02 3.900479736328125000e+02 3.913412475585937500e+02 3.925642700195312500e+02 3.937781066894531250e+02 3.950239562988281250e+02 3.962211914062500000e+02 3.972911376953125000e+02 3.979259338378906250e+02 3.978820190429687500e+02 3.973423461914062500e+02 3.964783935546875000e+02 3.954718322753906250e+02 3.943762512207031250e+02 3.931775817871093750e+02 3.919637451171875000e+02 3.907320556640625000e+02 3.895511779785156250e+02 3.884463500976562500e+02 3.873529663085937500e+02 3.863369140625000000e+02 3.852713317871093750e+02 3.839949951171875000e+02 3.824215698242187500e+02 3.808207702636718750e+02 3.789421386718750000e+02 3.775578918457031250e+02 3.775516357421875000e+02 3.782166442871093750e+02 3.790855102539062500e+02 3.800957641601562500e+02 3.813095092773437500e+02 3.823546447753906250e+02 3.828742065429687500e+02 3.836398315429687500e+02 3.837158508300781250e+02
3.079486389160156250e+02 3.054882202148437500e+02 3.031577148437500000e+02 3.015503540039062500e+02 3.008397521972656250e+02 3.004232177734375000e+02 2.999531250000000000e+02 2.993191528320312500e+02 2.982586669921875000e+02 2.973701782226562500e+02 2.965966796875000000e+02 2.961061706542968750e+02 2.961329650878906250e+02 2.962972717285156250e+02 2.963166503906250000e+02 2.956539916992187500e+02 2.943433227539062500e+02 2.927272644042968750e+02 2.909683227539062500e+02 2.892165222167968750e+02 2.873069458007812500e+02 2.853993835449218750e+02 2.841723632812500000e+02 2.843964233398437500e+02 2.859461059570312500e+02 2.879440917968750000e+02 2.901026306152343750e+02 2.921964416503906250e+02 2.940728149414062500e+02 2.958505554199218750e+02 2.973944702148437500e+02 2.987150573730468750e+02 2.998681640625000000e+02 3.006612548828125000e+02 3.014217834472656250e+02 3.023697814941406250e+02 3.036242675781250000e+02 3.053606872558593750e+02 3.072594604492187500e+02 3.084122314453125000e+02 3.083038024902343750e+02 3.076132812500000000e+02 3.068118896484375000e+02 3.061032104492187500e+02 3.054894409179687500e+02 3.049167175292968750e+02 3.044643249511718750e+02 3.041974487304687500e+02 3.038579406738281250e+02 3.033486022949218750e+02 3.027796325683593750e+02 3.022012939453125000e+02 3.017235412597656250e+02 3.016631774902343750e+02 3.021370239257812500e+02 3.029523925781250000e+02 3.041882324218750000e+02 3.058523559570312500e+02 3.074444580078125000e+02 3.086444702148437500e+02 3.096058959960937500e+02 3.104860534667968750e+02 3.112640075683593750e+02 3.120030212402343750e+02 3.130407104492187500e+02 3.148407592773437500e+02 3.176974182128906250e+02 3.221072692871093750e+02 3.285973510742187500e+02 3.369722290039062500e+02 3.438754272460937500e+02 3.494611511230468750e+02 3.584362182617187500e+02 3.615454711914062500e+02 3.616376037597656250e+02 3.612872924804687500e+02 3.615368652343750000e+02 3.625708618164062500e+02 3.638675231933593750e+02 3.650556335449218750e+02 3.660604248046875000e+02 3.670264282226562500e+02 3.679801025390625000e+02 3.686858215332031250e+02 3.688694458007812500e+02 3.684707641601562500e+02 3.676468200683593750e+02 3.668379516601562500e+02 3.669532470703125000e+02 3.679247131347656250e+02 3.689606628417968750e+02 3.697769775390625000e+02 3.707363586425781250e+02 3.720211486816406250e+02 3.735058593750000000e+02 3.751531982421875000e+02 3.769529418945312500e+02 3.787499389648437500e+02 3.803373413085937500e+02 3.818338623046875000e+02 3.833859252929687500e+02 3.849080200195312500e+02 3.863830566406250000e+02 3.877587890625000000e+02 3.891145935058593750e+02 3.905140380859375000e+02 3.919303588867187500e+02 3.934057006835937500e+02 3.949717712402343750e+02 3.965538940429687500e+02 3.981376647949218750e+02 3.990923461914062500e+02 3.986457214355468750e+02 3.976873168945312500e+02 3.965202636718750000e+02 3.952492675781250000e+02 3.938385925292968750e+02 3.922791748046875000e+02 3.907565612792968750e+02 3.893153076171875000e+02 3.879699401855468750e+02 3.869183044433593750e+02 3.859433593750000000e+02 3.848119506835937500e+02 3.837692565917968750e+02 3.827403564453125000e+02 3.810227661132812500e+02 3.787126464843750000e+02 3.767306213378906250e+02 3.776009521484375000e+02 3.792465820312500000e+02 3.804600219726562500e+02 3.824335327148437500e+02 3.851880493164062500e+02 3.882750549316406250e+02 3.893498229980468750e+02 3.886639404296875000e+02 3.884286193847656250e+02 3.891250610351562500e+02
3.078318176269531250e+02 3.050490417480468750e+02 3.026730041503906250e+02 3.009925842285156250e+02 3.001501770019531250e+02 2.991612243652343750e+02 2.985083923339843750e+02 2.978380737304687500e+02 2.969366760253906250e+02 2.960541687011718750e+02 2.952012329101562500e+02 2.945447387695312500e+02 2.944167175292968750e+02 2.943806762695312500e+02 2.943095092773437500e+02 2.938110046386718750e+02 2.927125244140625000e+02 2.912585144042968750e+02 2.896443176269531250e+02 2.879894714355468750e+02 2.862116088867187500e+02 2.844934082031250000e+02 2.835388793945312500e+02 2.839836730957031250e+02 2.854857482910156250e+02 2.873274230957031250e+02 2.892742004394531250e+02 2.912078552246093750e+02 2.929537353515625000e+02 2.946134033203125000e+02 2.961997375488281250e+02 2.975487670898437500e+02 2.987466125488281250e+02 2.996277160644531250e+02 3.001449584960937500e+02 3.010466918945312500e+02 3.024953918457031250e+02 3.040211791992187500e+02 3.060056762695312500e+02 3.080907287597656250e+02 3.092427062988281250e+02 3.091466369628906250e+02 3.084628906250000000e+02 3.077345581054687500e+02 3.070942687988281250e+02 3.064971008300781250e+02 3.060287475585937500e+02 3.057103881835937500e+02 3.053549804687500000e+02 3.049661865234375000e+02 3.046205139160156250e+02 3.043533630371093750e+02 3.041656494140625000e+02 3.041852416992187500e+02 3.045670471191406250e+02 3.053392028808593750e+02 3.066148681640625000e+02 3.083559265136718750e+02 3.099699096679687500e+02 3.110320739746093750e+02 3.119249267578125000e+02 3.125766906738281250e+02 3.130579833984375000e+02 3.137741394042968750e+02 3.161063537597656250e+02 3.210558166503906250e+02 3.290913085937500000e+02 3.367882080078125000e+02 3.407867126464843750e+02 3.436886901855468750e+02 3.471936340332031250e+02 3.516676635742187500e+02 3.567907714843750000e+02 3.594700622558593750e+02 3.600317993164062500e+02 3.600653686523437500e+02 3.604847412109375000e+02 3.617531433105468750e+02 3.632354736328125000e+02 3.644780578613281250e+02 3.654763488769531250e+02 3.664585876464843750e+02 3.673238220214843750e+02 3.676961364746093750e+02 3.673081359863281250e+02 3.662101440429687500e+02 3.644690856933593750e+02 3.624949645996093750e+02 3.628440551757812500e+02 3.648914794921875000e+02 3.665674743652343750e+02 3.678504333496093750e+02 3.692744445800781250e+02 3.709833984375000000e+02 3.727360534667968750e+02 3.745366210937500000e+02 3.764179687500000000e+02 3.783182983398437500e+02 3.799770812988281250e+02 3.812562866210937500e+02 3.826233520507812500e+02 3.840390625000000000e+02 3.854391479492187500e+02 3.867675781250000000e+02 3.881401977539062500e+02 3.896291809082031250e+02 3.911856689453125000e+02 3.928518371582031250e+02 3.946362304687500000e+02 3.964898376464843750e+02 3.985282897949218750e+02 3.999488525390625000e+02 3.994258422851562500e+02 3.982037658691406250e+02 3.969897460937500000e+02 3.956560058593750000e+02 3.939236450195312500e+02 3.919031677246093750e+02 3.900120849609375000e+02 3.883189697265625000e+02 3.868132629394531250e+02 3.856156311035156250e+02 3.846333312988281250e+02 3.836239929199218750e+02 3.826640930175781250e+02 3.815924682617187500e+02 3.788794555664062500e+02 3.763922119140625000e+02 3.778894042968750000e+02 3.798510437011718750e+02 3.811524963378906250e+02 3.831547851562500000e+02 3.864616699218750000e+02 3.909728698730468750e+02 3.965084533691406250e+02 3.971512451171875000e+02 3.943295288085937500e+02 3.933786621093750000e+02 3.946081542968750000e+02
3.076890258789062500e+02 3.042771301269531250e+02 3.013266601562500000e+02 2.999473266601562500e+02 2.991676940917968750e+02 2.979611816406250000e+02 2.971130676269531250e+02 2.964142456054687500e+02 2.955803833007812500e+02 2.947130126953125000e+02 2.938365783691406250e+02 2.930262451171875000e+02 2.927464294433593750e+02 2.925472106933593750e+02 2.923422546386718750e+02 2.920101928710937500e+02 2.911659240722656250e+02 2.898380126953125000e+02 2.883064270019531250e+02 2.867398681640625000e+02 2.850969848632812500e+02 2.836155700683593750e+02 2.829579162597656250e+02 2.835616455078125000e+02 2.849752807617187500e+02 2.866567382812500000e+02 2.884330749511718750e+02 2.902209777832031250e+02 2.918626403808593750e+02 2.934085998535156250e+02 2.949596252441406250e+02 2.963225402832031250e+02 2.974644775390625000e+02 2.983791809082031250e+02 2.990187072753906250e+02 2.997498474121093750e+02 3.011777343750000000e+02 3.029304199218750000e+02 3.047155456542968750e+02 3.068833618164062500e+02 3.089501037597656250e+02 3.100959777832031250e+02 3.099764099121093750e+02 3.093338012695312500e+02 3.086653137207031250e+02 3.080343933105468750e+02 3.075556945800781250e+02 3.072137756347656250e+02 3.069063415527343750e+02 3.066817321777343750e+02 3.065424804687500000e+02 3.065104980468750000e+02 3.065438537597656250e+02 3.066642761230468750e+02 3.070219116210937500e+02 3.077533264160156250e+02 3.090998840332031250e+02 3.109434509277343750e+02 3.124863891601562500e+02 3.134420776367187500e+02 3.146954345703125000e+02 3.150162963867187500e+02 3.162436523437500000e+02 3.193257141113281250e+02 3.296687011718750000e+02 3.381834106445312500e+02 3.419817199707031250e+02 3.435881652832031250e+02 3.436677551269531250e+02 3.451340026855468750e+02 3.479960327148437500e+02 3.514086914062500000e+02 3.548873596191406250e+02 3.573023376464843750e+02 3.589353027343750000e+02 3.599591674804687500e+02 3.605189208984375000e+02 3.615482788085937500e+02 3.627657775878906250e+02 3.638431701660156250e+02 3.647560729980468750e+02 3.656902160644531250e+02 3.664198608398437500e+02 3.665393066406250000e+02 3.658679809570312500e+02 3.644089965820312500e+02 3.622000427246093750e+02 3.599798889160156250e+02 3.604644165039062500e+02 3.628034362792968750e+02 3.649211120605468750e+02 3.666653747558593750e+02 3.684577636718750000e+02 3.703161315917968750e+02 3.721250915527343750e+02 3.739389953613281250e+02 3.758057556152343750e+02 3.776468505859375000e+02 3.793915405273437500e+02 3.806771240234375000e+02 3.819317932128906250e+02 3.832398376464843750e+02 3.845385131835937500e+02 3.858332824707031250e+02 3.872127380371093750e+02 3.887675781250000000e+02 3.904093627929687500e+02 3.921652526855468750e+02 3.940219726562500000e+02 3.959155883789062500e+02 3.978745727539062500e+02 3.997434082031250000e+02 4.006048583984375000e+02 3.989755249023437500e+02 3.981852416992187500e+02 3.970743408203125000e+02 3.948414306640625000e+02 3.921590881347656250e+02 3.897919311523437500e+02 3.877562255859375000e+02 3.859459838867187500e+02 3.845208129882812500e+02 3.834002380371093750e+02 3.824259948730468750e+02 3.812456359863281250e+02 3.788452758789062500e+02 3.759168395996093750e+02 3.781472473144531250e+02 3.804015502929687500e+02 3.812431945800781250e+02 3.825013122558593750e+02 3.850121154785156250e+02 3.888817443847656250e+02 3.939385986328125000e+02 3.994683837890625000e+02 4.005231628417968750e+02 3.985174560546875000e+02 3.977286682128906250e+02 3.989012756347656250e+02
3.072857971191406250e+02 3.036415405273437500e+02 3.002936401367187500e+02 2.988978576660156250e+02 2.978927307128906250e+02 2.967668151855468750e+02 2.957679443359375000e+02 2.950117187500000000e+02 2.942170104980468750e+02 2.933535461425781250e+02 2.924678039550781250e+02 2.915675048828125000e+02 2.911062011718750000e+02 2.908138122558593750e+02 2.903835754394531250e+02 2.900952758789062500e+02 2.895788879394531250e+02 2.884907836914062500e+02 2.870054931640625000e+02 2.854960632324218750e+02 2.839999389648437500e+02 2.827608642578125000e+02 2.823861999511718750e+02 2.831078491210937500e+02 2.843876647949218750e+02 2.859032592773437500e+02 2.875277099609375000e+02 2.891891174316406250e+02 2.907490539550781250e+02 2.922401123046875000e+02 2.937092285156250000e+02 2.950331726074218750e+02 2.961457824707031250e+02 2.971109619140625000e+02 2.979748535156250000e+02 2.988991699218750000e+02 2.999921264648437500e+02 3.017247009277343750e+02 3.037902221679687500e+02 3.057137145996093750e+02 3.078111572265625000e+02 3.098406066894531250e+02 3.109635620117187500e+02 3.108414916992187500e+02 3.102407836914062500e+02 3.095828247070312500e+02 3.090956726074218750e+02 3.087579650878906250e+02 3.085473022460937500e+02 3.085093078613281250e+02 3.085948486328125000e+02 3.087910461425781250e+02 3.090226135253906250e+02 3.092787475585937500e+02 3.096497802734375000e+02 3.103132629394531250e+02 3.115969848632812500e+02 3.137096252441406250e+02 3.150514526367187500e+02 3.157583007812500000e+02 3.177760925292968750e+02 3.202591552734375000e+02 3.290063476562500000e+02 3.371759643554687500e+02 3.429437255859375000e+02 3.450478820800781250e+02 3.455192871093750000e+02 3.457552795410156250e+02 3.457726745605468750e+02 3.467132568359375000e+02 3.488048400878906250e+02 3.513076171875000000e+02 3.538900146484375000e+02 3.560798950195312500e+02 3.579140319824218750e+02 3.593870849609375000e+02 3.602935791015625000e+02 3.611727905273437500e+02 3.621516418457031250e+02 3.630488281250000000e+02 3.639118957519531250e+02 3.648202514648437500e+02 3.653619995117187500e+02 3.653117065429687500e+02 3.646629638671875000e+02 3.632119445800781250e+02 3.611981506347656250e+02 3.594123840332031250e+02 3.598283996582031250e+02 3.619486999511718750e+02 3.641678771972656250e+02 3.661134338378906250e+02 3.679606018066406250e+02 3.697879028320312500e+02 3.715400390625000000e+02 3.733097839355468750e+02 3.751481933593750000e+02 3.769372558593750000e+02 3.787023315429687500e+02 3.801142883300781250e+02 3.812444763183593750e+02 3.824284667968750000e+02 3.835734558105468750e+02 3.847948913574218750e+02 3.861493835449218750e+02 3.877416076660156250e+02 3.894471130371093750e+02 3.912350158691406250e+02 3.930999450683593750e+02 3.949329833984375000e+02 3.966757202148437500e+02 3.985636901855468750e+02 4.010816650390625000e+02 4.000508728027343750e+02 3.998854064941406250e+02 3.992902526855468750e+02 3.961039733886718750e+02 3.924906616210937500e+02 3.897239685058593750e+02 3.874342041015625000e+02 3.853418884277343750e+02 3.836314697265625000e+02 3.822930908203125000e+02 3.808973083496093750e+02 3.777590637207031250e+02 3.754359130859375000e+02 3.780128479003906250e+02 3.808417968750000000e+02 3.816378173828125000e+02 3.822477111816406250e+02 3.835210266113281250e+02 3.860173034667968750e+02 3.897877807617187500e+02 3.942998352050781250e+02 3.987798461914062500e+02 4.004498291015625000e+02 4.003468933105468750e+02 4.002513427734375000e+02 4.003780517578125000e+02
3.065346984863281250e+02 3.031111755371093750e+02 2.999030456542968750e+02 2.982272949218750000e+02 2.968780822753906250e+02 2.956740722656250000e+02 2.945552368164062500e+02 2.936887207031250000e+02 2.929022216796875000e+02 2.920464782714843750e+02 2.911884765625000000e+02 2.902196350097656250e+02 2.895756225585937500e+02 2.892045898437500000e+02 2.886219787597656250e+02 2.881907043457031250e+02 2.878721008300781250e+02 2.871427917480468750e+02 2.858076782226562500e+02 2.843522033691406250e+02 2.830001525878906250e+02 2.819954833984375000e+02 2.818199462890625000e+02 2.825262145996093750e+02 2.837092590332031250e+02 2.851064758300781250e+02 2.866081542968750000e+02 2.881741638183593750e+02 2.896709289550781250e+02 2.911422729492187500e+02 2.925617370605468750e+02 2.938145446777343750e+02 2.949267578125000000e+02 2.960239868164062500e+02 2.971717224121093750e+02 2.983222961425781250e+02 2.994056701660156250e+02 3.007198181152343750e+02 3.029556884765625000e+02 3.050713195800781250e+02 3.068519592285156250e+02 3.088614807128906250e+02 3.108420104980468750e+02 3.118066406250000000e+02 3.116615600585937500e+02 3.110735473632812500e+02 3.105850524902343750e+02 3.102694396972656250e+02 3.101743164062500000e+02 3.103062133789062500e+02 3.106257629394531250e+02 3.111182250976562500e+02 3.116098022460937500e+02 3.120267944335937500e+02 3.123934631347656250e+02 3.129086608886718750e+02 3.138797607421875000e+02 3.163103332519531250e+02 3.189685363769531250e+02 3.223554992675781250e+02 3.288944396972656250e+02 3.368860778808593750e+02 3.424968872070312500e+02 3.442402343750000000e+02 3.450529174804687500e+02 3.457864074707031250e+02 3.461849975585937500e+02 3.466837463378906250e+02 3.471202697753906250e+02 3.479047851562500000e+02 3.494423217773437500e+02 3.514137268066406250e+02 3.534916076660156250e+02 3.554752197265625000e+02 3.571658325195312500e+02 3.584847106933593750e+02 3.594662475585937500e+02 3.603708496093750000e+02 3.612588500976562500e+02 3.621041259765625000e+02 3.630255432128906250e+02 3.638850708007812500e+02 3.642672119140625000e+02 3.641256713867187500e+02 3.636549682617187500e+02 3.625503845214843750e+02 3.607538146972656250e+02 3.587560119628906250e+02 3.600732727050781250e+02 3.619613342285156250e+02 3.639387207031250000e+02 3.657776184082031250e+02 3.675126953125000000e+02 3.692420349121093750e+02 3.709206542968750000e+02 3.726325073242187500e+02 3.744398193359375000e+02 3.761860351562500000e+02 3.778766479492187500e+02 3.794519958496093750e+02 3.805507202148437500e+02 3.815385437011718750e+02 3.824803466796875000e+02 3.835345153808593750e+02 3.848541564941406250e+02 3.864699096679687500e+02 3.882309265136718750e+02 3.900662536621093750e+02 3.919531250000000000e+02 3.937176208496093750e+02 3.954001464843750000e+02 3.974539184570312500e+02 3.994968566894531250e+02 4.002949523925781250e+02 4.004344177246093750e+02 3.995721435546875000e+02 3.959025878906250000e+02 3.920123901367187500e+02 3.891365966796875000e+02 3.868034362792968750e+02 3.846978759765625000e+02 3.828333129882812500e+02 3.810309143066406250e+02 3.774585266113281250e+02 3.749356689453125000e+02 3.778087768554687500e+02 3.807201232910156250e+02 3.819036865234375000e+02 3.826076354980468750e+02 3.832870483398437500e+02 3.844364929199218750e+02 3.866294250488281250e+02 3.898673095703125000e+02 3.935012817382812500e+02 3.969922180175781250e+02 3.994774169921875000e+02 4.000545959472656250e+02 4.001458740234375000e+02 4.003398132324218750e+02
3.046129760742187500e+02 3.028605346679687500e+02 2.999256286621093750e+02 2.979093017578125000e+02 2.961578369140625000e+02 2.947608642578125000e+02 2.935073242187500000e+02 2.924656677246093750e+02 2.916116027832031250e+02 2.907484741210937500e+02 2.899176940917968750e+02 2.889346008300781250e+02 2.881098632812500000e+02 2.875948181152343750e+02 2.870222778320312500e+02 2.863671569824218750e+02 2.860169067382812500e+02 2.855659484863281250e+02 2.845732421875000000e+02 2.832449645996093750e+02 2.820267944335937500e+02 2.812398681640625000e+02 2.811698303222656250e+02 2.817916870117187500e+02 2.828865661621093750e+02 2.841970520019531250e+02 2.856191101074218750e+02 2.871269531250000000e+02 2.886000976562500000e+02 2.900533752441406250e+02 2.914570617675781250e+02 2.927119750976562500e+02 2.939387817382812500e+02 2.952734985351562500e+02 2.966159057617187500e+02 2.978930664062500000e+02 2.990732116699218750e+02 3.003141479492187500e+02 3.022404785156250000e+02 3.044933471679687500e+02 3.063938598632812500e+02 3.080438842773437500e+02 3.100600280761718750e+02 3.118354187011718750e+02 3.126748046875000000e+02 3.125068969726562500e+02 3.120845031738281250e+02 3.117839660644531250e+02 3.117926940917968750e+02 3.121112365722656250e+02 3.126956176757812500e+02 3.135540161132812500e+02 3.144343872070312500e+02 3.151364135742187500e+02 3.157138061523437500e+02 3.167888793945312500e+02 3.186366271972656250e+02 3.240374450683593750e+02 3.324551086425781250e+02 3.384281311035156250e+02 3.418456420898437500e+02 3.433029479980468750e+02 3.439024658203125000e+02 3.443239746093750000e+02 3.448674621582031250e+02 3.455423583984375000e+02 3.461540832519531250e+02 3.468487854003906250e+02 3.477559204101562500e+02 3.487969360351562500e+02 3.500777893066406250e+02 3.516340637207031250e+02 3.533641052246093750e+02 3.550393676757812500e+02 3.564964294433593750e+02 3.576068420410156250e+02 3.585208129882812500e+02 3.594308166503906250e+02 3.602688903808593750e+02 3.611663513183593750e+02 3.621416931152343750e+02 3.629015197753906250e+02 3.630320739746093750e+02 3.627966003417968750e+02 3.625025634765625000e+02 3.619698791503906250e+02 3.606834106445312500e+02 3.581879272460937500e+02 3.602838134765625000e+02 3.621430053710937500e+02 3.637663574218750000e+02 3.653919982910156250e+02 3.670079650878906250e+02 3.686481018066406250e+02 3.702633666992187500e+02 3.719161987304687500e+02 3.736475830078125000e+02 3.753288574218750000e+02 3.769158020019531250e+02 3.783893737792968750e+02 3.795888061523437500e+02 3.805147705078125000e+02 3.811986999511718750e+02 3.820682678222656250e+02 3.833135681152343750e+02 3.849240722656250000e+02 3.867406616210937500e+02 3.886556701660156250e+02 3.906205749511718750e+02 3.922953491210937500e+02 3.939785461425781250e+02 3.960818786621093750e+02 3.979136657714843750e+02 3.991142578125000000e+02 3.990859985351562500e+02 3.972434082031250000e+02 3.940306396484375000e+02 3.907207641601562500e+02 3.879652404785156250e+02 3.856448059082031250e+02 3.836257629394531250e+02 3.812909240722656250e+02 3.775993652343750000e+02 3.743854980468750000e+02 3.775909423828125000e+02 3.807945251464843750e+02 3.815545959472656250e+02 3.824857177734375000e+02 3.834166259765625000e+02 3.843204345703125000e+02 3.854022521972656250e+02 3.871953430175781250e+02 3.898044738769531250e+02 3.926744079589843750e+02 3.954559326171875000e+02 3.977297668457031250e+02 3.988223876953125000e+02 3.994083862304687500e+02 3.998892517089843750e+02
2.969408569335937500e+02 3.019566650390625000e+02 2.999665832519531250e+02 2.973035278320312500e+02 2.953621215820312500e+02 2.939543457031250000e+02 2.926027221679687500e+02 2.913873596191406250e+02 2.903488464355468750e+02 2.894575805664062500e+02 2.886018066406250000e+02 2.876765136718750000e+02 2.867186584472656250e+02 2.860291748046875000e+02 2.854604797363281250e+02 2.847050781250000000e+02 2.840867004394531250e+02 2.837101135253906250e+02 2.830989074707031250e+02 2.820599365234375000e+02 2.809646911621093750e+02 2.804233398437500000e+02 2.804044189453125000e+02 2.808258666992187500e+02 2.818031921386718750e+02 2.831182861328125000e+02 2.845748291015625000e+02 2.861204833984375000e+02 2.876121215820312500e+02 2.890612182617187500e+02 2.905111999511718750e+02 2.918927612304687500e+02 2.933112182617187500e+02 2.947838439941406250e+02 2.961900634765625000e+02 2.975661926269531250e+02 2.989078674316406250e+02 3.001825256347656250e+02 3.018525390625000000e+02 3.038856201171875000e+02 3.059771728515625000e+02 3.077061767578125000e+02 3.093331604003906250e+02 3.111790466308593750e+02 3.127998352050781250e+02 3.135828247070312500e+02 3.135167236328125000e+02 3.133006896972656250e+02 3.134381408691406250e+02 3.139433593750000000e+02 3.147984924316406250e+02 3.161046752929687500e+02 3.176522827148437500e+02 3.194632873535156250e+02 3.230953063964843750e+02 3.298742675781250000e+02 3.358135986328125000e+02 3.409363403320312500e+02 3.425326843261718750e+02 3.420870666503906250e+02 3.418248901367187500e+02 3.418685607910156250e+02 3.423218688964843750e+02 3.431662292480468750e+02 3.440033874511718750e+02 3.447947387695312500e+02 3.456709594726562500e+02 3.466268005371093750e+02 3.477589721679687500e+02 3.490809020996093750e+02 3.503978271484375000e+02 3.517301940917968750e+02 3.531669616699218750e+02 3.545137023925781250e+02 3.556563415527343750e+02 3.566393127441406250e+02 3.575509338378906250e+02 3.584434814453125000e+02 3.594378051757812500e+02 3.603381042480468750e+02 3.612594909667968750e+02 3.618670043945312500e+02 3.616349182128906250e+02 3.610859680175781250e+02 3.610362243652343750e+02 3.610424499511718750e+02 3.602679443359375000e+02 3.576850280761718750e+02 3.601312866210937500e+02 3.619398193359375000e+02 3.634845275878906250e+02 3.649844360351562500e+02 3.665049438476562500e+02 3.680807800292968750e+02 3.696385803222656250e+02 3.712240600585937500e+02 3.728484191894531250e+02 3.744145507812500000e+02 3.759017944335937500e+02 3.772780761718750000e+02 3.784830017089843750e+02 3.794736022949218750e+02 3.799843444824218750e+02 3.805402526855468750e+02 3.816170043945312500e+02 3.831572265625000000e+02 3.849843444824218750e+02 3.869645996093750000e+02 3.890347290039062500e+02 3.906571350097656250e+02 3.924087829589843750e+02 3.944498901367187500e+02 3.957182312011718750e+02 3.961169738769531250e+02 3.955617675781250000e+02 3.939272766113281250e+02 3.915025329589843750e+02 3.888062744140625000e+02 3.863364257812500000e+02 3.841905517578125000e+02 3.820371704101562500e+02 3.785567932128906250e+02 3.739956054687500000e+02 3.764412536621093750e+02 3.805020141601562500e+02 3.819111633300781250e+02 3.825530395507812500e+02 3.832682800292968750e+02 3.841792907714843750e+02 3.852060241699218750e+02 3.863348999023437500e+02 3.878350219726562500e+02 3.898563842773437500e+02 3.920791015625000000e+02 3.942504577636718750e+02 3.961114196777343750e+02 3.974068908691406250e+02 3.983932800292968750e+02 3.992438049316406250e+02
2.827378845214843750e+02 2.959947204589843750e+02 2.976492309570312500e+02 2.947764892578125000e+02 2.936071777343750000e+02 2.928742065429687500e+02 2.917043151855468750e+02 2.904732971191406250e+02 2.893139038085937500e+02 2.882744445800781250e+02 2.873523559570312500e+02 2.864698791503906250e+02 2.854645385742187500e+02 2.846530456542968750e+02 2.839790649414062500e+02 2.832449645996093750e+02 2.823322143554687500e+02 2.817061767578125000e+02 2.813512268066406250e+02 2.808471374511718750e+02 2.800567321777343750e+02 2.798674926757812500e+02 2.798796691894531250e+02 2.800209045410156250e+02 2.806919250488281250e+02 2.822273254394531250e+02 2.839082336425781250e+02 2.856651611328125000e+02 2.873348999023437500e+02 2.888516540527343750e+02 2.903617858886718750e+02 2.917632141113281250e+02 2.931824035644531250e+02 2.946357116699218750e+02 2.960078430175781250e+02 2.974100341796875000e+02 2.987513732910156250e+02 2.998947448730468750e+02 3.015774230957031250e+02 3.036310424804687500e+02 3.055423583984375000e+02 3.074680786132812500e+02 3.090498046875000000e+02 3.105336914062500000e+02 3.122381591796875000e+02 3.137479553222656250e+02 3.144946899414062500e+02 3.146600341796875000e+02 3.149674682617187500e+02 3.156030883789062500e+02 3.165722656250000000e+02 3.181833190917968750e+02 3.212158813476562500e+02 3.267102661132812500e+02 3.357399291992187500e+02 3.418394165039062500e+02 3.430854187011718750e+02 3.428293457031250000e+02 3.415789184570312500e+02 3.402142639160156250e+02 3.397160949707031250e+02 3.397730407714843750e+02 3.405587158203125000e+02 3.418513183593750000e+02 3.429744567871093750e+02 3.439485778808593750e+02 3.450155334472656250e+02 3.461662902832031250e+02 3.473797302246093750e+02 3.487175903320312500e+02 3.500380859375000000e+02 3.513065490722656250e+02 3.525450744628906250e+02 3.536879882812500000e+02 3.546559143066406250e+02 3.555773010253906250e+02 3.565175170898437500e+02 3.574966125488281250e+02 3.585386047363281250e+02 3.595576477050781250e+02 3.605027160644531250e+02 3.609741516113281250e+02 3.605680541992187500e+02 3.596908874511718750e+02 3.595504455566406250e+02 3.594152832031250000e+02 3.579193115234375000e+02 3.568887329101562500e+02 3.595810546875000000e+02 3.616275634765625000e+02 3.632145996093750000e+02 3.646717834472656250e+02 3.661338195800781250e+02 3.676484985351562500e+02 3.691423034667968750e+02 3.706458435058593750e+02 3.721650085449218750e+02 3.736047058105468750e+02 3.749832458496093750e+02 3.762752990722656250e+02 3.773984985351562500e+02 3.783359375000000000e+02 3.790187683105468750e+02 3.795650634765625000e+02 3.801974182128906250e+02 3.814217224121093750e+02 3.831494140625000000e+02 3.851553649902343750e+02 3.872962341308593750e+02 3.888823547363281250e+02 3.907565002441406250e+02 3.927156982421875000e+02 3.934045104980468750e+02 3.931706848144531250e+02 3.923181152343750000e+02 3.908898010253906250e+02 3.888991699218750000e+02 3.865763244628906250e+02 3.844060058593750000e+02 3.822256164550781250e+02 3.787315673828125000e+02 3.741235351562500000e+02 3.742255554199218750e+02 3.790436401367187500e+02 3.812938232421875000e+02 3.822198486328125000e+02 3.832107543945312500e+02 3.841169738769531250e+02 3.849756469726562500e+02 3.859387817382812500e+02 3.870694885253906250e+02 3.884209594726562500e+02 3.900573425292968750e+02 3.918335876464843750e+02 3.935991821289062500e+02 3.952243347167968750e+02 3.965445251464843750e+02 3.976759033203125000e+02 3.986664428710937500e+02
2.776430053710937500e+02 2.830482482910156250e+02 2.888631896972656250e+02 2.899083557128906250e+02 2.905414733886718750e+02 2.909964904785156250e+02 2.904922180175781250e+02 2.895519714355468750e+02 2.884532775878906250e+02 2.872620239257812500e+02 2.862190856933593750e+02 2.852813720703125000e+02 2.842995300292968750e+02 2.833605041503906250e+02 2.826164855957031250e+02 2.818638916015625000e+02 2.808489990234375000e+02 2.800877685546875000e+02 2.798835144042968750e+02 2.798661499023437500e+02 2.797178955078125000e+02 2.796971740722656250e+02 2.797402343750000000e+02 2.798109436035156250e+02 2.802528076171875000e+02 2.819119873046875000e+02 2.837337951660156250e+02 2.858939514160156250e+02 2.881118164062500000e+02 2.900406188964843750e+02 2.915586242675781250e+02 2.927224426269531250e+02 2.938865966796875000e+02 2.951392211914062500e+02 2.963700256347656250e+02 2.976330871582031250e+02 2.988862609863281250e+02 2.999898376464843750e+02 3.016483154296875000e+02 3.035953063964843750e+02 3.054162292480468750e+02 3.071625671386718750e+02 3.089218444824218750e+02 3.102805480957031250e+02 3.116373596191406250e+02 3.132276000976562500e+02 3.145942993164062500e+02 3.154966430664062500e+02 3.161540527343750000e+02 3.168854064941406250e+02 3.177828369140625000e+02 3.190565185546875000e+02 3.226893615722656250e+02 3.308527221679687500e+02 3.399635314941406250e+02 3.431575012207031250e+02 3.431601867675781250e+02 3.419207458496093750e+02 3.401349487304687500e+02 3.383989257812500000e+02 3.376093139648437500e+02 3.380438232421875000e+02 3.394715881347656250e+02 3.409725036621093750e+02 3.421159057617187500e+02 3.431757507324218750e+02 3.443449096679687500e+02 3.455706787109375000e+02 3.468083801269531250e+02 3.481128845214843750e+02 3.493721618652343750e+02 3.505470886230468750e+02 3.516302795410156250e+02 3.526495971679687500e+02 3.535532836914062500e+02 3.544546203613281250e+02 3.553738708496093750e+02 3.564213256835937500e+02 3.575149841308593750e+02 3.586363525390625000e+02 3.597267150878906250e+02 3.600084838867187500e+02 3.597242431640625000e+02 3.585255737304687500e+02 3.574805908203125000e+02 3.564946289062500000e+02 3.558132934570312500e+02 3.571039428710937500e+02 3.596115417480468750e+02 3.614955749511718750e+02 3.630186462402343750e+02 3.644335327148437500e+02 3.658472900390625000e+02 3.673045654296875000e+02 3.687302551269531250e+02 3.701510620117187500e+02 3.715709838867187500e+02 3.729010925292968750e+02 3.741681213378906250e+02 3.753714599609375000e+02 3.764241943359375000e+02 3.773268127441406250e+02 3.780743103027343750e+02 3.786898498535156250e+02 3.792968139648437500e+02 3.799606323242187500e+02 3.813399658203125000e+02 3.832536010742187500e+02 3.854310302734375000e+02 3.869856872558593750e+02 3.889281921386718750e+02 3.908632507324218750e+02 3.911221313476562500e+02 3.904217224121093750e+02 3.893763122558593750e+02 3.880481567382812500e+02 3.862351074218750000e+02 3.840980224609375000e+02 3.821282653808593750e+02 3.789222106933593750e+02 3.740890197753906250e+02 3.729839172363281250e+02 3.771042480468750000e+02 3.804374084472656250e+02 3.816812744140625000e+02 3.826220703125000000e+02 3.835835266113281250e+02 3.847265319824218750e+02 3.858074951171875000e+02 3.867059936523437500e+02 3.877021484375000000e+02 3.889310913085937500e+02 3.903718261718750000e+02 3.918998718261718750e+02 3.934462890625000000e+02 3.948848876953125000e+02 3.961219177246093750e+02 3.971858520507812500e+02 3.980453491210937500e+02
2.778104858398437500e+02 2.791242980957031250e+02 2.821251831054687500e+02 2.853416748046875000e+02 2.874199829101562500e+02 2.887646789550781250e+02 2.889476013183593750e+02 2.885140686035156250e+02 2.876702880859375000e+02 2.864238891601562500e+02 2.852465515136718750e+02 2.841546936035156250e+02 2.831538696289062500e+02 2.821303710937500000e+02 2.813120422363281250e+02 2.805760192871093750e+02 2.799459533691406250e+02 2.796589355468750000e+02 2.795924072265625000e+02 2.796075439453125000e+02 2.796220703125000000e+02 2.796247863769531250e+02 2.796741027832031250e+02 2.797795410156250000e+02 2.800718994140625000e+02 2.806735229492187500e+02 2.825976562500000000e+02 2.858679199218750000e+02 2.889704589843750000e+02 2.915403442382812500e+02 2.934640502929687500e+02 2.945454711914062500e+02 2.953925170898437500e+02 2.963170471191406250e+02 2.972757263183593750e+02 2.982860412597656250e+02 2.993281555175781250e+02 3.003756713867187500e+02 3.019961242675781250e+02 3.037908630371093750e+02 3.054520568847656250e+02 3.070664367675781250e+02 3.086712951660156250e+02 3.101935729980468750e+02 3.113966979980468750e+02 3.126148986816406250e+02 3.139398193359375000e+02 3.151840515136718750e+02 3.161995544433593750e+02 3.170449829101562500e+02 3.178794860839843750e+02 3.188703613281250000e+02 3.212962341308593750e+02 3.294590454101562500e+02 3.391858825683593750e+02 3.427254943847656250e+02 3.426820678710937500e+02 3.408702697753906250e+02 3.384203796386718750e+02 3.358691711425781250e+02 3.350115051269531250e+02 3.361499023437500000e+02 3.384673461914062500e+02 3.402911987304687500e+02 3.413263244628906250e+02 3.422912902832031250e+02 3.435036315917968750e+02 3.448134765625000000e+02 3.461394653320312500e+02 3.474529724121093750e+02 3.486412353515625000e+02 3.496989746093750000e+02 3.506618652343750000e+02 3.515433654785156250e+02 3.523918762207031250e+02 3.532589416503906250e+02 3.541763000488281250e+02 3.551841125488281250e+02 3.562055969238281250e+02 3.571129760742187500e+02 3.578329467773437500e+02 3.580398559570312500e+02 3.577207946777343750e+02 3.566561584472656250e+02 3.555572204589843750e+02 3.549309082031250000e+02 3.560393371582031250e+02 3.578910522460937500e+02 3.597536621093750000e+02 3.613737487792968750e+02 3.628651733398437500e+02 3.642357177734375000e+02 3.655971069335937500e+02 3.669979553222656250e+02 3.683635864257812500e+02 3.697133789062500000e+02 3.710467529296875000e+02 3.722826538085937500e+02 3.734491271972656250e+02 3.745670471191406250e+02 3.755610961914062500e+02 3.764524536132812500e+02 3.772182922363281250e+02 3.778638000488281250e+02 3.784749145507812500e+02 3.790599365234375000e+02 3.798579406738281250e+02 3.813274230957031250e+02 3.834089355468750000e+02 3.849836730957031250e+02 3.869494018554687500e+02 3.889001159667968750e+02 3.889662170410156250e+02 3.879819641113281250e+02 3.867651672363281250e+02 3.853987426757812500e+02 3.835962524414062500e+02 3.812540893554687500e+02 3.786269531250000000e+02 3.742333984375000000e+02 3.720382080078125000e+02 3.754089965820312500e+02 3.796847534179687500e+02 3.812538146972656250e+02 3.821568298339843750e+02 3.830676879882812500e+02 3.840621948242187500e+02 3.851162719726562500e+02 3.863623046875000000e+02 3.875747985839843750e+02 3.885485534667968750e+02 3.895713806152343750e+02 3.908078308105468750e+02 3.922051391601562500e+02 3.935542907714843750e+02 3.947187805175781250e+02 3.956829528808593750e+02 3.964857788085937500e+02 3.970858764648437500e+02
2.782655639648437500e+02 2.789231872558593750e+02 2.802023010253906250e+02 2.829741210937500000e+02 2.853825378417968750e+02 2.869409179687500000e+02 2.873066711425781250e+02 2.872384033203125000e+02 2.868937683105468750e+02 2.857164001464843750e+02 2.844286193847656250e+02 2.832482299804687500e+02 2.820922241210937500e+02 2.810416870117187500e+02 2.802078857421875000e+02 2.798135986328125000e+02 2.796318054199218750e+02 2.795588989257812500e+02 2.795519104003906250e+02 2.795928344726562500e+02 2.796411743164062500e+02 2.796561279296875000e+02 2.796700134277343750e+02 2.796986083984375000e+02 2.795925598144531250e+02 2.795534362792968750e+02 2.814190368652343750e+02 2.858535156250000000e+02 2.896718139648437500e+02 2.927926025390625000e+02 2.951765747070312500e+02 2.963988037109375000e+02 2.971284179687500000e+02 2.976813354492187500e+02 2.983072204589843750e+02 2.990992736816406250e+02 2.999383850097656250e+02 3.009291076660156250e+02 3.024073486328125000e+02 3.040292358398437500e+02 3.055706787109375000e+02 3.070615539550781250e+02 3.085321655273437500e+02 3.099148254394531250e+02 3.112380371093750000e+02 3.123085632324218750e+02 3.132721252441406250e+02 3.142706298828125000e+02 3.151796875000000000e+02 3.158998718261718750e+02 3.166770629882812500e+02 3.176627807617187500e+02 3.192501831054687500e+02 3.254007263183593750e+02 3.367440795898437500e+02 3.424845275878906250e+02 3.415172119140625000e+02 3.375481262207031250e+02 3.344776611328125000e+02 3.324699401855468750e+02 3.323508911132812500e+02 3.341152954101562500e+02 3.364213867187500000e+02 3.386285095214843750e+02 3.401662902832031250e+02 3.411551208496093750e+02 3.425348205566406250e+02 3.439999389648437500e+02 3.454019470214843750e+02 3.467190856933593750e+02 3.478268432617187500e+02 3.487868041992187500e+02 3.496625976562500000e+02 3.504652709960937500e+02 3.512407531738281250e+02 3.520589294433593750e+02 3.529351806640625000e+02 3.538652038574218750e+02 3.547564392089843750e+02 3.554356994628906250e+02 3.558792419433593750e+02 3.559412536621093750e+02 3.554920959472656250e+02 3.546297607421875000e+02 3.541340026855468750e+02 3.549173889160156250e+02 3.566998901367187500e+02 3.585957031250000000e+02 3.600932617187500000e+02 3.613926086425781250e+02 3.627861022949218750e+02 3.640943603515625000e+02 3.653987426757812500e+02 3.667440795898437500e+02 3.680560302734375000e+02 3.693482971191406250e+02 3.706145019531250000e+02 3.717771911621093750e+02 3.728682556152343750e+02 3.739161987304687500e+02 3.748651428222656250e+02 3.757567443847656250e+02 3.765537109375000000e+02 3.772054748535156250e+02 3.778184509277343750e+02 3.784415893554687500e+02 3.790548400878906250e+02 3.798734436035156250e+02 3.814290771484375000e+02 3.830252075195312500e+02 3.850386047363281250e+02 3.870097351074218750e+02 3.870582580566406250e+02 3.859700622558593750e+02 3.846471862792968750e+02 3.831500549316406250e+02 3.811874389648437500e+02 3.781069946289062500e+02 3.740751037597656250e+02 3.713436889648437500e+02 3.735346069335937500e+02 3.778727111816406250e+02 3.805505371093750000e+02 3.816617736816406250e+02 3.825597839355468750e+02 3.834963684082031250e+02 3.845053100585937500e+02 3.855899047851562500e+02 3.867549743652343750e+02 3.880418395996093750e+02 3.892588806152343750e+02 3.902850036621093750e+02 3.912896118164062500e+02 3.923982543945312500e+02 3.933597717285156250e+02 3.941939392089843750e+02 3.949033508300781250e+02 3.954661560058593750e+02 3.959250183105468750e+02
2.785247802734375000e+02 2.791147460937500000e+02 2.800600585937500000e+02 2.821495361328125000e+02 2.841359558105468750e+02 2.854092712402343750e+02 2.855603332519531250e+02 2.854799804687500000e+02 2.857736816406250000e+02 2.849736022949218750e+02 2.836243591308593750e+02 2.823721923828125000e+02 2.811341552734375000e+02 2.801922302246093750e+02 2.797546997070312500e+02 2.796191406250000000e+02 2.795556030273437500e+02 2.795187988281250000e+02 2.795382385253906250e+02 2.796723022460937500e+02 2.797973632812500000e+02 2.799680480957031250e+02 2.800412902832031250e+02 2.799524536132812500e+02 2.797248840332031250e+02 2.803671264648437500e+02 2.831343078613281250e+02 2.873110656738281250e+02 2.912099304199218750e+02 2.945490417480468750e+02 2.966385498046875000e+02 2.965255432128906250e+02 2.966160583496093750e+02 2.971516723632812500e+02 2.968388366699218750e+02 2.987694396972656250e+02 3.005832824707031250e+02 3.014566955566406250e+02 3.027094421386718750e+02 3.041823425292968750e+02 3.056282348632812500e+02 3.070182495117187500e+02 3.083648681640625000e+02 3.096107177734375000e+02 3.107780151367187500e+02 3.118729858398437500e+02 3.127019348144531250e+02 3.133719482421875000e+02 3.139580078125000000e+02 3.144579467773437500e+02 3.151140136718750000e+02 3.160677795410156250e+02 3.172181701660156250e+02 3.205967712402343750e+02 3.281317749023437500e+02 3.338445739746093750e+02 3.321128234863281250e+02 3.295679931640625000e+02 3.289880981445312500e+02 3.287386474609375000e+02 3.298374328613281250e+02 3.320102233886718750e+02 3.342226562500000000e+02 3.363569030761718750e+02 3.382074890136718750e+02 3.399836425781250000e+02 3.417188720703125000e+02 3.432844848632812500e+02 3.446666564941406250e+02 3.458867492675781250e+02 3.468632812500000000e+02 3.477363891601562500e+02 3.485632934570312500e+02 3.493246459960937500e+02 3.500693664550781250e+02 3.508519592285156250e+02 3.516535034179687500e+02 3.524854125976562500e+02 3.532617492675781250e+02 3.538341064453125000e+02 3.541433105468750000e+02 3.540383300781250000e+02 3.535667724609375000e+02 3.533061218261718750e+02 3.540494995117187500e+02 3.555713806152343750e+02 3.573594970703125000e+02 3.591098327636718750e+02 3.603397827148437500e+02 3.615079650878906250e+02 3.627743530273437500e+02 3.640052795410156250e+02 3.652463989257812500e+02 3.665315551757812500e+02 3.677904357910156250e+02 3.690300292968750000e+02 3.702405395507812500e+02 3.713466796875000000e+02 3.723846435546875000e+02 3.733869323730468750e+02 3.743171386718750000e+02 3.751973571777343750e+02 3.760001220703125000e+02 3.766731262207031250e+02 3.773057556152343750e+02 3.779562988281250000e+02 3.785534973144531250e+02 3.791332397460937500e+02 3.799083251953125000e+02 3.811796569824218750e+02 3.831494140625000000e+02 3.851227111816406250e+02 3.852116088867187500e+02 3.841341247558593750e+02 3.827542419433593750e+02 3.810413208007812500e+02 3.784985961914062500e+02 3.746273498535156250e+02 3.710926818847656250e+02 3.718282470703125000e+02 3.757984924316406250e+02 3.795716247558593750e+02 3.810385742187500000e+02 3.820124206542968750e+02 3.829361572265625000e+02 3.839043884277343750e+02 3.849570617675781250e+02 3.860404968261718750e+02 3.871438903808593750e+02 3.882612609863281250e+02 3.892928161621093750e+02 3.902632446289062500e+02 3.911055297851562500e+02 3.918759460449218750e+02 3.925151977539062500e+02 3.931716308593750000e+02 3.937825012207031250e+02 3.942388000488281250e+02 3.946247253417968750e+02
2.788198852539062500e+02 2.793218078613281250e+02 2.801328735351562500e+02 2.815706176757812500e+02 2.829803466796875000e+02 2.837534484863281250e+02 2.837358398437500000e+02 2.833068847656250000e+02 2.841249084472656250e+02 2.840165405273437500e+02 2.827539062500000000e+02 2.815027465820312500e+02 2.803484802246093750e+02 2.798017883300781250e+02 2.796314697265625000e+02 2.795827636718750000e+02 2.795758056640625000e+02 2.795608825683593750e+02 2.796041259765625000e+02 2.800243835449218750e+02 2.805954284667968750e+02 2.813079833984375000e+02 2.816562194824218750e+02 2.815612182617187500e+02 2.816501770019531250e+02 2.828496398925781250e+02 2.856334228515625000e+02 2.893731384277343750e+02 2.933359985351562500e+02 2.969876098632812500e+02 2.994449462890625000e+02 2.993343200683593750e+02 2.993429565429687500e+02 2.993358764648437500e+02 3.002278137207031250e+02 3.007068786621093750e+02 3.011394348144531250e+02 3.017976989746093750e+02 3.028296203613281250e+02 3.041332702636718750e+02 3.054605407714843750e+02 3.067304077148437500e+02 3.079386596679687500e+02 3.090342102050781250e+02 3.100314331054687500e+02 3.108753967285156250e+02 3.115647888183593750e+02 3.121077575683593750e+02 3.125478210449218750e+02 3.129899597167968750e+02 3.136324157714843750e+02 3.144693908691406250e+02 3.153192138671875000e+02 3.163736267089843750e+02 3.178321838378906250e+02 3.192544250488281250e+02 3.189865112304687500e+02 3.213751525878906250e+02 3.238207702636718750e+02 3.253557128906250000e+02 3.274015808105468750e+02 3.297952880859375000e+02 3.321350402832031250e+02 3.345083923339843750e+02 3.369621582031250000e+02 3.394477844238281250e+02 3.412087402343750000e+02 3.426618041992187500e+02 3.438583068847656250e+02 3.448933410644531250e+02 3.457490234375000000e+02 3.465695190429687500e+02 3.473706665039062500e+02 3.481091918945312500e+02 3.488439025878906250e+02 3.495763244628906250e+02 3.502948608398437500e+02 3.510362243652343750e+02 3.517287292480468750e+02 3.522465515136718750e+02 3.524864501953125000e+02 3.524127807617187500e+02 3.524827575683593750e+02 3.532901916503906250e+02 3.546169128417968750e+02 3.561853332519531250e+02 3.578571166992187500e+02 3.594885559082031250e+02 3.605537109375000000e+02 3.616238708496093750e+02 3.627904968261718750e+02 3.639568481445312500e+02 3.651351013183593750e+02 3.663492431640625000e+02 3.675560302734375000e+02 3.687406005859375000e+02 3.699010009765625000e+02 3.709636840820312500e+02 3.719651794433593750e+02 3.729382934570312500e+02 3.738545532226562500e+02 3.747231445312500000e+02 3.755062866210937500e+02 3.762101440429687500e+02 3.768923950195312500e+02 3.775407104492187500e+02 3.780904235839843750e+02 3.785903625488281250e+02 3.791398010253906250e+02 3.798528747558593750e+02 3.814387512207031250e+02 3.832710571289062500e+02 3.833305664062500000e+02 3.823607482910156250e+02 3.808609924316406250e+02 3.786826782226562500e+02 3.755544738769531250e+02 3.716630554199218750e+02 3.702979125976562500e+02 3.731863708496093750e+02 3.772492370605468750e+02 3.801776733398437500e+02 3.813803710937500000e+02 3.823205566406250000e+02 3.832317199707031250e+02 3.842218627929687500e+02 3.852663879394531250e+02 3.862264709472656250e+02 3.870997009277343750e+02 3.879248046875000000e+02 3.886782836914062500e+02 3.893622436523437500e+02 3.900383300781250000e+02 3.906846313476562500e+02 3.912826843261718750e+02 3.919532470703125000e+02 3.925202941894531250e+02 3.929049682617187500e+02 3.932478942871093750e+02
2.789721679687500000e+02 2.793285217285156250e+02 2.797773132324218750e+02 2.805822753906250000e+02 2.817134399414062500e+02 2.820762329101562500e+02 2.817038879394531250e+02 2.810322265625000000e+02 2.821154174804687500e+02 2.830468139648437500e+02 2.819485168457031250e+02 2.807085876464843750e+02 2.799183044433593750e+02 2.796710510253906250e+02 2.795750427246093750e+02 2.795736999511718750e+02 2.796333923339843750e+02 2.797171630859375000e+02 2.800041198730468750e+02 2.812290344238281250e+02 2.823164978027343750e+02 2.833432617187500000e+02 2.838457946777343750e+02 2.839731140136718750e+02 2.842472229003906250e+02 2.853400573730468750e+02 2.876670227050781250e+02 2.910057983398437500e+02 2.950008850097656250e+02 2.989554748535156250e+02 3.005741577148437500e+02 3.010442199707031250e+02 3.012885131835937500e+02 3.014006652832031250e+02 3.014841613769531250e+02 3.016755981445312500e+02 3.018789062500000000e+02 3.021906127929687500e+02 3.028689880371093750e+02 3.038838806152343750e+02 3.049930114746093750e+02 3.060776672363281250e+02 3.071160278320312500e+02 3.080547790527343750e+02 3.088845520019531250e+02 3.095963134765625000e+02 3.101772766113281250e+02 3.107929992675781250e+02 3.115295104980468750e+02 3.124107360839843750e+02 3.133005065917968750e+02 3.141724548339843750e+02 3.150868530273437500e+02 3.162430725097656250e+02 3.183442382812500000e+02 3.197155456542968750e+02 3.195874328613281250e+02 3.191667785644531250e+02 3.208969726562500000e+02 3.231152343750000000e+02 3.254431457519531250e+02 3.280980834960937500e+02 3.308857421875000000e+02 3.336239318847656250e+02 3.363627319335937500e+02 3.391324462890625000e+02 3.408830566406250000e+02 3.419735717773437500e+02 3.428993225097656250e+02 3.437486267089843750e+02 3.445560607910156250e+02 3.453738708496093750e+02 3.461872863769531250e+02 3.468925476074218750e+02 3.476078186035156250e+02 3.482962951660156250e+02 3.489554138183593750e+02 3.496379089355468750e+02 3.502847900390625000e+02 3.508092651367187500e+02 3.511952819824218750e+02 3.516145019531250000e+02 3.525044250488281250e+02 3.537854919433593750e+02 3.551752014160156250e+02 3.566219177246093750e+02 3.581565246582031250e+02 3.596756591796875000e+02 3.607370605468750000e+02 3.617182006835937500e+02 3.628225402832031250e+02 3.639089965820312500e+02 3.650387268066406250e+02 3.661868896484375000e+02 3.673422241210937500e+02 3.684834594726562500e+02 3.696060180664062500e+02 3.706373596191406250e+02 3.716148071289062500e+02 3.725710144042968750e+02 3.734707336425781250e+02 3.743130798339843750e+02 3.750897216796875000e+02 3.758259277343750000e+02 3.765308837890625000e+02 3.771286010742187500e+02 3.775922546386718750e+02 3.780563964843750000e+02 3.786351013183593750e+02 3.794224243164062500e+02 3.805838623046875000e+02 3.817917175292968750e+02 3.817449340820312500e+02 3.807477111816406250e+02 3.788127441406250000e+02 3.762901611328125000e+02 3.730285034179687500e+02 3.698531188964843750e+02 3.706626281738281250e+02 3.741380310058593750e+02 3.780998229980468750e+02 3.804559936523437500e+02 3.814294128417968750e+02 3.823279724121093750e+02 3.831952819824218750e+02 3.841816101074218750e+02 3.851061401367187500e+02 3.857883911132812500e+02 3.863626708984375000e+02 3.869439086914062500e+02 3.875375061035156250e+02 3.881535034179687500e+02 3.888112792968750000e+02 3.894264526367187500e+02 3.900655517578125000e+02 3.907734375000000000e+02 3.912930297851562500e+02 3.916190795898437500e+02 3.919309082031250000e+02
2.789556274414062500e+02 2.792393493652343750e+02 2.795294799804687500e+02 2.799430236816406250e+02 2.805598754882812500e+02 2.806699829101562500e+02 2.802532348632812500e+02 2.799882812500000000e+02 2.809887390136718750e+02 2.819277648925781250e+02 2.808837890625000000e+02 2.799502563476562500e+02 2.796497802734375000e+02 2.795531005859375000e+02 2.795158691406250000e+02 2.795589904785156250e+02 2.796802062988281250e+02 2.801369018554687500e+02 2.804097595214843750e+02 2.824730224609375000e+02 2.841036682128906250e+02 2.853949584960937500e+02 2.861714782714843750e+02 2.864694213867187500e+02 2.867519226074218750e+02 2.875615844726562500e+02 2.892991333007812500e+02 2.920932006835937500e+02 2.957575988769531250e+02 2.993746948242187500e+02 3.004833984375000000e+02 3.012182922363281250e+02 3.018762207031250000e+02 3.022728271484375000e+02 3.024463806152343750e+02 3.026475830078125000e+02 3.028752136230468750e+02 3.029649047851562500e+02 3.032192687988281250e+02 3.038373718261718750e+02 3.046570739746093750e+02 3.055052795410156250e+02 3.063702392578125000e+02 3.072006530761718750e+02 3.080190429687500000e+02 3.088829345703125000e+02 3.098229370117187500e+02 3.108976745605468750e+02 3.120798339843750000e+02 3.132564086914062500e+02 3.142766418457031250e+02 3.152762145996093750e+02 3.163399047851562500e+02 3.175716552734375000e+02 3.195021667480468750e+02 3.216407775878906250e+02 3.220119323730468750e+02 3.200930786132812500e+02 3.197729797363281250e+02 3.211462707519531250e+02 3.239999694824218750e+02 3.277941589355468750e+02 3.310982360839843750e+02 3.336275329589843750e+02 3.359808044433593750e+02 3.385577697753906250e+02 3.401903991699218750e+02 3.411072387695312500e+02 3.419523315429687500e+02 3.427578125000000000e+02 3.435310058593750000e+02 3.443199768066406250e+02 3.450984191894531250e+02 3.458183288574218750e+02 3.465464782714843750e+02 3.472663879394531250e+02 3.479578857421875000e+02 3.486732788085937500e+02 3.493987426757812500e+02 3.501114196777343750e+02 3.508507080078125000e+02 3.518283691406250000e+02 3.530298156738281250e+02 3.543326721191406250e+02 3.556768493652343750e+02 3.570246887207031250e+02 3.584138183593750000e+02 3.597268981933593750e+02 3.607720947265625000e+02 3.617698669433593750e+02 3.628199157714843750e+02 3.638505859375000000e+02 3.649295043945312500e+02 3.660531921386718750e+02 3.671636047363281250e+02 3.682639465332031250e+02 3.693470764160156250e+02 3.703503723144531250e+02 3.713091430664062500e+02 3.722524719238281250e+02 3.731265563964843750e+02 3.739382629394531250e+02 3.747252197265625000e+02 3.754717407226562500e+02 3.761118164062500000e+02 3.766000976562500000e+02 3.769905700683593750e+02 3.774257507324218750e+02 3.780332946777343750e+02 3.787996520996093750e+02 3.797304992675781250e+02 3.804830322265625000e+02 3.803887939453125000e+02 3.790808410644531250e+02 3.767636718750000000e+02 3.742637939453125000e+02 3.711044006347656250e+02 3.690206909179687500e+02 3.710678100585937500e+02 3.745356140136718750e+02 3.782750549316406250e+02 3.803848571777343750e+02 3.811461486816406250e+02 3.819284362792968750e+02 3.827339477539062500e+02 3.837082824707031250e+02 3.844321594238281250e+02 3.848429565429687500e+02 3.852231750488281250e+02 3.857005004882812500e+02 3.862637634277343750e+02 3.868993225097656250e+02 3.875695190429687500e+02 3.881788635253906250e+02 3.888673706054687500e+02 3.895787048339843750e+02 3.900364074707031250e+02 3.903238220214843750e+02 3.906248474121093750e+02
2.788514099121093750e+02 2.791078796386718750e+02 2.793527221679687500e+02 2.795942687988281250e+02 2.798046264648437500e+02 2.798531494140625000e+02 2.798887939453125000e+02 2.802296447753906250e+02 2.808575439453125000e+02 2.806167907714843750e+02 2.799426269531250000e+02 2.796148071289062500e+02 2.795119628906250000e+02 2.794665222167968750e+02 2.794837646484375000e+02 2.795878906250000000e+02 2.797762451171875000e+02 2.807429809570312500e+02 2.822022399902343750e+02 2.839927978515625000e+02 2.857462463378906250e+02 2.872314758300781250e+02 2.883321838378906250e+02 2.889530029296875000e+02 2.893418273925781250e+02 2.899046630859375000e+02 2.910585327148437500e+02 2.930770263671875000e+02 2.956708679199218750e+02 2.982733764648437500e+02 2.999659423828125000e+02 3.010720214843750000e+02 3.021205444335937500e+02 3.028545837402343750e+02 3.032984619140625000e+02 3.035426940917968750e+02 3.038615112304687500e+02 3.041109008789062500e+02 3.042857666015625000e+02 3.046809997558593750e+02 3.052923583984375000e+02 3.060225524902343750e+02 3.068387756347656250e+02 3.076809082031250000e+02 3.086018981933593750e+02 3.096651306152343750e+02 3.108109436035156250e+02 3.119988098144531250e+02 3.131840820312500000e+02 3.142799072265625000e+02 3.152750549316406250e+02 3.162644653320312500e+02 3.172886962890625000e+02 3.182995605468750000e+02 3.194171752929687500e+02 3.220366821289062500e+02 3.246827697753906250e+02 3.232612915039062500e+02 3.213030700683593750e+02 3.205699157714843750e+02 3.239120178222656250e+02 3.293439636230468750e+02 3.337683410644531250e+02 3.362823791503906250e+02 3.371587829589843750e+02 3.383403320312500000e+02 3.398137512207031250e+02 3.407890014648437500e+02 3.417020874023437500e+02 3.425434570312500000e+02 3.433265380859375000e+02 3.440976562500000000e+02 3.448906860351562500e+02 3.456658020019531250e+02 3.464358520507812500e+02 3.472455444335937500e+02 3.480871582031250000e+02 3.489347229003906250e+02 3.498088378906250000e+02 3.507215270996093750e+02 3.516177673339843750e+02 3.526332092285156250e+02 3.537608032226562500e+02 3.549581909179687500e+02 3.562124328613281250e+02 3.574602661132812500e+02 3.587396545410156250e+02 3.598894653320312500e+02 3.608021545410156250e+02 3.617882690429687500e+02 3.628074035644531250e+02 3.638164062500000000e+02 3.648560180664062500e+02 3.659462585449218750e+02 3.670180053710937500e+02 3.680756530761718750e+02 3.691189575195312500e+02 3.700939025878906250e+02 3.710348205566406250e+02 3.719562072753906250e+02 3.727950134277343750e+02 3.735927734375000000e+02 3.743857421875000000e+02 3.750712890625000000e+02 3.755628662109375000e+02 3.759195251464843750e+02 3.762595825195312500e+02 3.766504516601562500e+02 3.771893615722656250e+02 3.778235168457031250e+02 3.784997253417968750e+02 3.789083862304687500e+02 3.786450805664062500e+02 3.772514953613281250e+02 3.750089721679687500e+02 3.725863037109375000e+02 3.696286010742187500e+02 3.686058044433593750e+02 3.711261901855468750e+02 3.742876892089843750e+02 3.774081726074218750e+02 3.794356384277343750e+02 3.804405822753906250e+02 3.812480163574218750e+02 3.820802001953125000e+02 3.829540100097656250e+02 3.834520263671875000e+02 3.836760253906250000e+02 3.839555969238281250e+02 3.843971557617187500e+02 3.849621276855468750e+02 3.856275024414062500e+02 3.862919311523437500e+02 3.869090576171875000e+02 3.876379699707031250e+02 3.883191528320312500e+02 3.887171630859375000e+02 3.889803771972656250e+02 3.892849121093750000e+02
2.787231140136718750e+02 2.789613037109375000e+02 2.791797485351562500e+02 2.793522644042968750e+02 2.794770202636718750e+02 2.795736389160156250e+02 2.796802062988281250e+02 2.798233337402343750e+02 2.800960693359375000e+02 2.798600158691406250e+02 2.796387634277343750e+02 2.794906616210937500e+02 2.794179992675781250e+02 2.793992614746093750e+02 2.794782714843750000e+02 2.796958312988281250e+02 2.799298095703125000e+02 2.808286132812500000e+02 2.825011291503906250e+02 2.843018798828125000e+02 2.862271728515625000e+02 2.881738891601562500e+02 2.898760986328125000e+02 2.910754699707031250e+02 2.917533874511718750e+02 2.923210449218750000e+02 2.932316589355468750e+02 2.946786193847656250e+02 2.965438232421875000e+02 2.986692504882812500e+02 3.001766967773437500e+02 3.011773681640625000e+02 3.022277221679687500e+02 3.031303405761718750e+02 3.038239440917968750e+02 3.043127441406250000e+02 3.046513977050781250e+02 3.050441284179687500e+02 3.054231567382812500e+02 3.058554992675781250e+02 3.064075012207031250e+02 3.070870666503906250e+02 3.078865966796875000e+02 3.087324523925781250e+02 3.096524353027343750e+02 3.106722106933593750e+02 3.117122192382812500e+02 3.127695312500000000e+02 3.138134155273437500e+02 3.147973022460937500e+02 3.157559814453125000e+02 3.167106628417968750e+02 3.176396789550781250e+02 3.184958801269531250e+02 3.192394104003906250e+02 3.222401123046875000e+02 3.268033142089843750e+02 3.281840515136718750e+02 3.267597045898437500e+02 3.250028076171875000e+02 3.262812805175781250e+02 3.314766235351562500e+02 3.374432678222656250e+02 3.399458312988281250e+02 3.398316040039062500e+02 3.395933227539062500e+02 3.403406066894531250e+02 3.412800292968750000e+02 3.422059936523437500e+02 3.430897521972656250e+02 3.439168701171875000e+02 3.447325134277343750e+02 3.455646362304687500e+02 3.463729553222656250e+02 3.471721191406250000e+02 3.479977416992187500e+02 3.488656005859375000e+02 3.497688293457031250e+02 3.506527404785156250e+02 3.515034484863281250e+02 3.524212341308593750e+02 3.534062194824218750e+02 3.544498291015625000e+02 3.555643005371093750e+02 3.567433471679687500e+02 3.578943176269531250e+02 3.590322570800781250e+02 3.600490112304687500e+02 3.609096069335937500e+02 3.618449096679687500e+02 3.628305053710937500e+02 3.638095703125000000e+02 3.648156738281250000e+02 3.658706970214843750e+02 3.669059448242187500e+02 3.679252014160156250e+02 3.689320373535156250e+02 3.698797607421875000e+02 3.707979125976562500e+02 3.716860046386718750e+02 3.724948120117187500e+02 3.732893676757812500e+02 3.740378723144531250e+02 3.745640869140625000e+02 3.748994140625000000e+02 3.751728820800781250e+02 3.754680480957031250e+02 3.757924499511718750e+02 3.761806945800781250e+02 3.766468811035156250e+02 3.771133728027343750e+02 3.773233032226562500e+02 3.769148864746093750e+02 3.755831298828125000e+02 3.735596313476562500e+02 3.712113647460937500e+02 3.685227355957031250e+02 3.683148803710937500e+02 3.708212890625000000e+02 3.735968627929687500e+02 3.760706481933593750e+02 3.779376525878906250e+02 3.793710632324218750e+02 3.804642639160156250e+02 3.813820190429687500e+02 3.821486816406250000e+02 3.824094848632812500e+02 3.824671020507812500e+02 3.826626281738281250e+02 3.830910034179687500e+02 3.836964416503906250e+02 3.844049682617187500e+02 3.850700073242187500e+02 3.857314147949218750e+02 3.864807739257812500e+02 3.870944519042968750e+02 3.874308166503906250e+02 3.876716003417968750e+02 3.879818725585937500e+02
2.786390991210937500e+02 2.788335266113281250e+02 2.790211181640625000e+02 2.791701965332031250e+02 2.792806091308593750e+02 2.793797912597656250e+02 2.794986877441406250e+02 2.795997619628906250e+02 2.796745910644531250e+02 2.795996704101562500e+02 2.794740295410156250e+02 2.793702087402343750e+02 2.793143310546875000e+02 2.793128051757812500e+02 2.794328613281250000e+02 2.797574462890625000e+02 2.800403137207031250e+02 2.804203491210937500e+02 2.815820617675781250e+02 2.832825012207031250e+02 2.853289184570312500e+02 2.877454223632812500e+02 2.902116088867187500e+02 2.923571777343750000e+02 2.937464904785156250e+02 2.945082702636718750e+02 2.953666076660156250e+02 2.966117248535156250e+02 2.980808105468750000e+02 2.995956726074218750e+02 3.006424560546875000e+02 3.015288085937500000e+02 3.024015197753906250e+02 3.032684631347656250e+02 3.040489501953125000e+02 3.047420959472656250e+02 3.053199768066406250e+02 3.057637023925781250e+02 3.062183837890625000e+02 3.067101135253906250e+02 3.072502441406250000e+02 3.078817138671875000e+02 3.086295776367187500e+02 3.094371948242187500e+02 3.103061218261718750e+02 3.112455444335937500e+02 3.121923217773437500e+02 3.131507873535156250e+02 3.141392517089843750e+02 3.150819702148437500e+02 3.159904174804687500e+02 3.169102478027343750e+02 3.178017272949218750e+02 3.186254577636718750e+02 3.193457946777343750e+02 3.220066223144531250e+02 3.271852416992187500e+02 3.313910217285156250e+02 3.322683410644531250e+02 3.308476867675781250e+02 3.296428527832031250e+02 3.325308227539062500e+02 3.389016418457031250e+02 3.407756652832031250e+02 3.408687744140625000e+02 3.407677001953125000e+02 3.412073974609375000e+02 3.420023193359375000e+02 3.428397827148437500e+02 3.436902770996093750e+02 3.445136108398437500e+02 3.453417358398437500e+02 3.461942749023437500e+02 3.470247192382812500e+02 3.478526611328125000e+02 3.486880493164062500e+02 3.495248107910156250e+02 3.504179077148437500e+02 3.513359985351562500e+02 3.522044067382812500e+02 3.530944519042968750e+02 3.540686950683593750e+02 3.550804748535156250e+02 3.561409912109375000e+02 3.572495117187500000e+02 3.583227844238281250e+02 3.593661193847656250e+02 3.601323852539062500e+02 3.610184936523437500e+02 3.619470825195312500e+02 3.628995056152343750e+02 3.638408203125000000e+02 3.648075866699218750e+02 3.658223571777343750e+02 3.668197021484375000e+02 3.678023376464843750e+02 3.687744750976562500e+02 3.696921691894531250e+02 3.705781250000000000e+02 3.714259033203125000e+02 3.722115478515625000e+02 3.729748840332031250e+02 3.736085815429687500e+02 3.739482727050781250e+02 3.741590881347656250e+02 3.743720397949218750e+02 3.746112976074218750e+02 3.748449096679687500e+02 3.750560607910156250e+02 3.753165893554687500e+02 3.756382141113281250e+02 3.757760925292968750e+02 3.753518981933593750e+02 3.740794372558593750e+02 3.722544555664062500e+02 3.700052185058593750e+02 3.676376037597656250e+02 3.680327758789062500e+02 3.703503112792968750e+02 3.727662963867187500e+02 3.749063110351562500e+02 3.766034240722656250e+02 3.780813598632812500e+02 3.794311218261718750e+02 3.805263671875000000e+02 3.812751464843750000e+02 3.813655395507812500e+02 3.812101440429687500e+02 3.812860107421875000e+02 3.816977844238281250e+02 3.824315795898437500e+02 3.832148437500000000e+02 3.839082336425781250e+02 3.846244506835937500e+02 3.853559265136718750e+02 3.858753662109375000e+02 3.861469421386718750e+02 3.863573913574218750e+02 3.866604614257812500e+02
2.786149597167968750e+02 2.787673950195312500e+02 2.789134521484375000e+02 2.790439758300781250e+02 2.791504211425781250e+02 2.792474365234375000e+02 2.793464660644531250e+02 2.794358520507812500e+02 2.794750061035156250e+02 2.794405822753906250e+02 2.793614196777343750e+02 2.792758483886718750e+02 2.792171020507812500e+02 2.792013854980468750e+02 2.792829284667968750e+02 2.795075378417968750e+02 2.797236328125000000e+02 2.798192749023437500e+02 2.803598632812500000e+02 2.818066101074218750e+02 2.837959594726562500e+02 2.862853393554687500e+02 2.891920776367187500e+02 2.922605895996093750e+02 2.948561706542968750e+02 2.964203491210937500e+02 2.974137573242187500e+02 2.984177856445312500e+02 2.995491027832031250e+02 3.004225769042968750e+02 3.011242675781250000e+02 3.018844604492187500e+02 3.026518554687500000e+02 3.034183349609375000e+02 3.041649475097656250e+02 3.048973083496093750e+02 3.056101379394531250e+02 3.062547912597656250e+02 3.068271179199218750e+02 3.073651428222656250e+02 3.079222717285156250e+02 3.085409851074218750e+02 3.092407226562500000e+02 3.099793395996093750e+02 3.107781982421875000e+02 3.116474914550781250e+02 3.125330505371093750e+02 3.134357910156250000e+02 3.143753967285156250e+02 3.152340698242187500e+02 3.160281066894531250e+02 3.169042968750000000e+02 3.177750244140625000e+02 3.185736694335937500e+02 3.193994445800781250e+02 3.212944641113281250e+02 3.261369018554687500e+02 3.317674560546875000e+02 3.359951782226562500e+02 3.378741149902343750e+02 3.367037963867187500e+02 3.338639831542968750e+02 3.381412048339843750e+02 3.410428771972656250e+02 3.415869750976562500e+02 3.418374328613281250e+02 3.422245178222656250e+02 3.428076171875000000e+02 3.435014648437500000e+02 3.442681579589843750e+02 3.450485534667968750e+02 3.458565063476562500e+02 3.467053833007812500e+02 3.475476074218750000e+02 3.483932800292968750e+02 3.492581481933593750e+02 3.501050720214843750e+02 3.509785766601562500e+02 3.518956909179687500e+02 3.528000183105468750e+02 3.537195739746093750e+02 3.546914672851562500e+02 3.556827392578125000e+02 3.566947021484375000e+02 3.577101135253906250e+02 3.586878356933593750e+02 3.596744995117187500e+02 3.604523010253906250e+02 3.612529907226562500e+02 3.621118774414062500e+02 3.630186462402343750e+02 3.639177856445312500e+02 3.648361206054687500e+02 3.658030700683593750e+02 3.667574768066406250e+02 3.677014465332031250e+02 3.686358337402343750e+02 3.695173034667968750e+02 3.703620605468750000e+02 3.711606750488281250e+02 3.719162597656250000e+02 3.725856628417968750e+02 3.730153198242187500e+02 3.732169189453125000e+02 3.733533020019531250e+02 3.735120544433593750e+02 3.736848144531250000e+02 3.738155212402343750e+02 3.738839721679687500e+02 3.739606628417968750e+02 3.741226806640625000e+02 3.741874084472656250e+02 3.737734069824218750e+02 3.725855407714843750e+02 3.709542236328125000e+02 3.688522949218750000e+02 3.668935546875000000e+02 3.676795654296875000e+02 3.698293762207031250e+02 3.719351806640625000e+02 3.738489379882812500e+02 3.754072875976562500e+02 3.767973327636718750e+02 3.781486816406250000e+02 3.793978271484375000e+02 3.803846435546875000e+02 3.804658813476562500e+02 3.800263671875000000e+02 3.799811401367187500e+02 3.803316650390625000e+02 3.812235107421875000e+02 3.820638427734375000e+02 3.827932128906250000e+02 3.835347595214843750e+02 3.841932678222656250e+02 3.846070861816406250e+02 3.848157348632812500e+02 3.849854736328125000e+02 3.852681884765625000e+02
2.786532592773437500e+02 2.787723388671875000e+02 2.788836975097656250e+02 2.789905700683593750e+02 2.790872497558593750e+02 2.791801452636718750e+02 2.792701416015625000e+02 2.793447570800781250e+02 2.793861999511718750e+02 2.793737487792968750e+02 2.793174743652343750e+02 2.792327575683593750e+02 2.791455383300781250e+02 2.790916442871093750e+02 2.790945129394531250e+02 2.791835327148437500e+02 2.793078613281250000e+02 2.793996582031250000e+02 2.796195983886718750e+02 2.804736938476562500e+02 2.823194580078125000e+02 2.848435363769531250e+02 2.877894897460937500e+02 2.912991333007812500e+02 2.949808349609375000e+02 2.979459228515625000e+02 2.994222717285156250e+02 2.999062500000000000e+02 3.004007263183593750e+02 3.009152832031250000e+02 3.014889526367187500e+02 3.021341857910156250e+02 3.028338623046875000e+02 3.035592956542968750e+02 3.042618103027343750e+02 3.049693298339843750e+02 3.056902465820312500e+02 3.063821105957031250e+02 3.070621337890625000e+02 3.077299804687500000e+02 3.083690490722656250e+02 3.090332336425781250e+02 3.097315673828125000e+02 3.104397277832031250e+02 3.111871643066406250e+02 3.119851379394531250e+02 3.127774658203125000e+02 3.135767517089843750e+02 3.143604431152343750e+02 3.150274658203125000e+02 3.157611083984375000e+02 3.166380615234375000e+02 3.175188293457031250e+02 3.182552795410156250e+02 3.188588256835937500e+02 3.208244018554687500e+02 3.256853332519531250e+02 3.309065551757812500e+02 3.369258728027343750e+02 3.407323913574218750e+02 3.411869506835937500e+02 3.381460571289062500e+02 3.376196594238281250e+02 3.407907714843750000e+02 3.419318542480468750e+02 3.425427856445312500e+02 3.430134887695312500e+02 3.435466918945312500e+02 3.441634521484375000e+02 3.448656311035156250e+02 3.456031799316406250e+02 3.463826904296875000e+02 3.472131652832031250e+02 3.480492858886718750e+02 3.489030456542968750e+02 3.497788085937500000e+02 3.506368713378906250e+02 3.515068969726562500e+02 3.524091186523437500e+02 3.533045959472656250e+02 3.542282714843750000e+02 3.552066955566406250e+02 3.561902465820312500e+02 3.571856689453125000e+02 3.581313171386718750e+02 3.589978637695312500e+02 3.597988586425781250e+02 3.605855102539062500e+02 3.614215393066406250e+02 3.622625427246093750e+02 3.631503601074218750e+02 3.640098266601562500e+02 3.648864135742187500e+02 3.658088989257812500e+02 3.667212524414062500e+02 3.676288146972656250e+02 3.685241088867187500e+02 3.693617553710937500e+02 3.701683349609375000e+02 3.709071350097656250e+02 3.716001892089843750e+02 3.721264038085937500e+02 3.723659667968750000e+02 3.724718933105468750e+02 3.725488586425781250e+02 3.726541442871093750e+02 3.727582397460937500e+02 3.727993164062500000e+02 3.727673950195312500e+02 3.727461547851562500e+02 3.728031921386718750e+02 3.727786254882812500e+02 3.723381042480468750e+02 3.712207641601562500e+02 3.697558593750000000e+02 3.678029479980468750e+02 3.662456665039062500e+02 3.673124694824218750e+02 3.692986755371093750e+02 3.711927185058593750e+02 3.729278259277343750e+02 3.743795471191406250e+02 3.756844482421875000e+02 3.769035339355468750e+02 3.781286621093750000e+02 3.793019409179687500e+02 3.795809326171875000e+02 3.791725769042968750e+02 3.791917724609375000e+02 3.795740661621093750e+02 3.802724914550781250e+02 3.810603332519531250e+02 3.817839660644531250e+02 3.824901733398437500e+02 3.830402221679687500e+02 3.833501892089843750e+02 3.834960021972656250e+02 3.836188964843750000e+02 3.838732604980468750e+02
2.787531127929687500e+02 2.788448486328125000e+02 2.789268493652343750e+02 2.790059204101562500e+02 2.790852355957031250e+02 2.791669311523437500e+02 2.792533874511718750e+02 2.793285217285156250e+02 2.793750000000000000e+02 2.793786621093750000e+02 2.793327636718750000e+02 2.792358398437500000e+02 2.791034545898437500e+02 2.789908142089843750e+02 2.789191894531250000e+02 2.788984680175781250e+02 2.789430236816406250e+02 2.790266113281250000e+02 2.791596069335937500e+02 2.794821777343750000e+02 2.806147766113281250e+02 2.830736389160156250e+02 2.863702697753906250e+02 2.902389221191406250e+02 2.945832824707031250e+02 2.985846557617187500e+02 3.003481140136718750e+02 3.006921691894531250e+02 3.010573425292968750e+02 3.013901672363281250e+02 3.017939758300781250e+02 3.023392333984375000e+02 3.029701232910156250e+02 3.036518249511718750e+02 3.043308105468750000e+02 3.050148925781250000e+02 3.057167663574218750e+02 3.064027099609375000e+02 3.070897521972656250e+02 3.077954711914062500e+02 3.084877014160156250e+02 3.091940307617187500e+02 3.099063415527343750e+02 3.106144714355468750e+02 3.113493957519531250e+02 3.120571899414062500e+02 3.127084350585937500e+02 3.133582763671875000e+02 3.139466247558593750e+02 3.144590148925781250e+02 3.153556823730468750e+02 3.165116271972656250e+02 3.174360961914062500e+02 3.178762512207031250e+02 3.182511291503906250e+02 3.215695495605468750e+02 3.297505187988281250e+02 3.333005371093750000e+02 3.357754516601562500e+02 3.398224487304687500e+02 3.410855712890625000e+02 3.404066162109375000e+02 3.387794799804687500e+02 3.407163391113281250e+02 3.420667114257812500e+02 3.429287414550781250e+02 3.435878601074218750e+02 3.441628417968750000e+02 3.447551269531250000e+02 3.454161376953125000e+02 3.461161193847656250e+02 3.468651428222656250e+02 3.476697082519531250e+02 3.484870910644531250e+02 3.493328247070312500e+02 3.502121887207031250e+02 3.510784606933593750e+02 3.519534606933593750e+02 3.528514404296875000e+02 3.537391967773437500e+02 3.546569519042968750e+02 3.556360778808593750e+02 3.566219177246093750e+02 3.576165161132812500e+02 3.585624389648437500e+02 3.593616943359375000e+02 3.600184936523437500e+02 3.607156982421875000e+02 3.615241699218750000e+02 3.623591308593750000e+02 3.632312011718750000e+02 3.640802001953125000e+02 3.649411010742187500e+02 3.658356018066406250e+02 3.667142944335937500e+02 3.675894165039062500e+02 3.684493408203125000e+02 3.692429809570312500e+02 3.699851379394531250e+02 3.706498107910156250e+02 3.712601318359375000e+02 3.716331481933593750e+02 3.717208557128906250e+02 3.717281799316406250e+02 3.717366027832031250e+02 3.717680358886718750e+02 3.718103942871093750e+02 3.717874755859375000e+02 3.716851806640625000e+02 3.716047363281250000e+02 3.716113586425781250e+02 3.715296630859375000e+02 3.710516662597656250e+02 3.699845275878906250e+02 3.686770935058593750e+02 3.668927917480468750e+02 3.657023620605468750e+02 3.668986816406250000e+02 3.687459411621093750e+02 3.704851074218750000e+02 3.720710144042968750e+02 3.734460144042968750e+02 3.746557922363281250e+02 3.757128906250000000e+02 3.767581481933593750e+02 3.776293334960937500e+02 3.779537048339843750e+02 3.780586547851562500e+02 3.783973693847656250e+02 3.789266052246093750e+02 3.795444641113281250e+02 3.802215270996093750e+02 3.808289794921875000e+02 3.814379882812500000e+02 3.818676757812500000e+02 3.820662231445312500e+02 3.821286926269531250e+02 3.821914978027343750e+02 3.824054565429687500e+02
2.789228515625000000e+02 2.789935302734375000e+02 2.790474853515625000e+02 2.790943298339843750e+02 2.791473388671875000e+02 2.792135925292968750e+02 2.792910461425781250e+02 2.793650207519531250e+02 2.794205017089843750e+02 2.794414062500000000e+02 2.794075622558593750e+02 2.792970886230468750e+02 2.791140136718750000e+02 2.789203186035156250e+02 2.787578430175781250e+02 2.786414794921875000e+02 2.785687866210937500e+02 2.786008911132812500e+02 2.786765136718750000e+02 2.788164672851562500e+02 2.793013610839843750e+02 2.807919616699218750e+02 2.844190368652343750e+02 2.891635437011718750e+02 2.940715026855468750e+02 2.984051208496093750e+02 3.003772277832031250e+02 3.010447998046875000e+02 3.015517578125000000e+02 3.019233093261718750e+02 3.021835021972656250e+02 3.025579223632812500e+02 3.031011047363281250e+02 3.037418212890625000e+02 3.043909606933593750e+02 3.050544128417968750e+02 3.057410888671875000e+02 3.064103393554687500e+02 3.070759277343750000e+02 3.077546386718750000e+02 3.084295654296875000e+02 3.091229553222656250e+02 3.098173522949218750e+02 3.104975585937500000e+02 3.111853332519531250e+02 3.118004150390625000e+02 3.123368225097656250e+02 3.128738403320312500e+02 3.133881835937500000e+02 3.139491577148437500e+02 3.150843200683593750e+02 3.165955810546875000e+02 3.173644714355468750e+02 3.173418884277343750e+02 3.175448608398437500e+02 3.216605224609375000e+02 3.352940063476562500e+02 3.396400756835937500e+02 3.376368408203125000e+02 3.387777709960937500e+02 3.403931274414062500e+02 3.406421813964843750e+02 3.402904968261718750e+02 3.411843261718750000e+02 3.423140869140625000e+02 3.432454223632812500e+02 3.440151367187500000e+02 3.446563720703125000e+02 3.452792968750000000e+02 3.459253845214843750e+02 3.465948486328125000e+02 3.473137817382812500e+02 3.480920715332031250e+02 3.488863830566406250e+02 3.497141113281250000e+02 3.505841674804687500e+02 3.514485778808593750e+02 3.523276062011718750e+02 3.532324829101562500e+02 3.541241149902343750e+02 3.550424194335937500e+02 3.560250854492187500e+02 3.570237121582031250e+02 3.580238952636718750e+02 3.589906921386718750e+02 3.597262573242187500e+02 3.602754516601562500e+02 3.609637451171875000e+02 3.617156066894531250e+02 3.625089111328125000e+02 3.633490600585937500e+02 3.641848754882812500e+02 3.650349121093750000e+02 3.659067993164062500e+02 3.667494506835937500e+02 3.675746459960937500e+02 3.683711547851562500e+02 3.690868530273437500e+02 3.697236022949218750e+02 3.702803649902343750e+02 3.708424987792968750e+02 3.710982971191406250e+02 3.710434265136718750e+02 3.709566955566406250e+02 3.708942260742187500e+02 3.708686523437500000e+02 3.708457031250000000e+02 3.707652282714843750e+02 3.706140441894531250e+02 3.704962768554687500e+02 3.704654541015625000e+02 3.703449401855468750e+02 3.698359680175781250e+02 3.688349914550781250e+02 3.676277465820312500e+02 3.659903564453125000e+02 3.651566467285156250e+02 3.664788513183593750e+02 3.681878051757812500e+02 3.697783813476562500e+02 3.712484741210937500e+02 3.725130615234375000e+02 3.736144714355468750e+02 3.745734558105468750e+02 3.754257507324218750e+02 3.761059875488281250e+02 3.764869995117187500e+02 3.768876342773437500e+02 3.774848632812500000e+02 3.781900939941406250e+02 3.788621215820312500e+02 3.794959716796875000e+02 3.799903259277343750e+02 3.803850097656250000e+02 3.806641235351562500e+02 3.807880249023437500e+02 3.807027893066406250e+02 3.806968994140625000e+02 3.808364868164062500e+02
2.791532287597656250e+02 2.792090454101562500e+02 2.792377014160156250e+02 2.792499389648437500e+02 2.792715759277343750e+02 2.793159484863281250e+02 2.793811035156250000e+02 2.794495544433593750e+02 2.795100097656250000e+02 2.795503234863281250e+02 2.795397644042968750e+02 2.794333801269531250e+02 2.792030029296875000e+02 2.789147949218750000e+02 2.786359252929687500e+02 2.784171447753906250e+02 2.782386779785156250e+02 2.781524963378906250e+02 2.780851440429687500e+02 2.781746215820312500e+02 2.785528869628906250e+02 2.794290771484375000e+02 2.828251953125000000e+02 2.884223022460937500e+02 2.939840698242187500e+02 2.985124816894531250e+02 3.005551757812500000e+02 3.013535156250000000e+02 3.018390808105468750e+02 3.023132019042968750e+02 3.026569824218750000e+02 3.029241027832031250e+02 3.033267517089843750e+02 3.038955078125000000e+02 3.045122985839843750e+02 3.051502380371093750e+02 3.058121032714843750e+02 3.064562377929687500e+02 3.071013183593750000e+02 3.077586059570312500e+02 3.084094848632812500e+02 3.090702209472656250e+02 3.097326965332031250e+02 3.103685913085937500e+02 3.109913940429687500e+02 3.115638427734375000e+02 3.120916137695312500e+02 3.126564941406250000e+02 3.133279113769531250e+02 3.141504821777343750e+02 3.154343872070312500e+02 3.165602722167968750e+02 3.166862182617187500e+02 3.165396728515625000e+02 3.166830444335937500e+02 3.185381469726562500e+02 3.323266296386718750e+02 3.413407287597656250e+02 3.406600341796875000e+02 3.403508300781250000e+02 3.407093811035156250e+02 3.410107727050781250e+02 3.412694702148437500e+02 3.419399719238281250e+02 3.427897949218750000e+02 3.436174011230468750e+02 3.443837890625000000e+02 3.450525207519531250e+02 3.456969299316406250e+02 3.463623046875000000e+02 3.470262451171875000e+02 3.477234802246093750e+02 3.484817199707031250e+02 3.492576904296875000e+02 3.500661926269531250e+02 3.509190979003906250e+02 3.517704772949218750e+02 3.526413879394531250e+02 3.535452575683593750e+02 3.544405822753906250e+02 3.553634643554687500e+02 3.563533020019531250e+02 3.573626098632812500e+02 3.584047546386718750e+02 3.594431762695312500e+02 3.601121520996093750e+02 3.606250305175781250e+02 3.612933349609375000e+02 3.620058288574218750e+02 3.627631835937500000e+02 3.635712280273437500e+02 3.643736877441406250e+02 3.651838989257812500e+02 3.660015258789062500e+02 3.667694702148437500e+02 3.675019226074218750e+02 3.681906433105468750e+02 3.687989196777343750e+02 3.693050537109375000e+02 3.697583618164062500e+02 3.703298339843750000e+02 3.705030212402343750e+02 3.703562927246093750e+02 3.702060546875000000e+02 3.700677185058593750e+02 3.699869384765625000e+02 3.699197082519531250e+02 3.697976379394531250e+02 3.696151428222656250e+02 3.694718017578125000e+02 3.694041137695312500e+02 3.692436828613281250e+02 3.687093811035156250e+02 3.677881469726562500e+02 3.666480407714843750e+02 3.651374511718750000e+02 3.647476196289062500e+02 3.661059570312500000e+02 3.676472473144531250e+02 3.691058654785156250e+02 3.704656982421875000e+02 3.716305541992187500e+02 3.726338195800781250e+02 3.735290222167968750e+02 3.742745666503906250e+02 3.748606872558593750e+02 3.753572082519531250e+02 3.759177246093750000e+02 3.766180725097656250e+02 3.774123535156250000e+02 3.781262512207031250e+02 3.787004699707031250e+02 3.791817626953125000e+02 3.795211791992187500e+02 3.797453002929687500e+02 3.798875122070312500e+02 3.797452087402343750e+02 3.796907653808593750e+02 3.798181152343750000e+02
2.794454040527343750e+02 2.794944458007812500e+02 2.794961547851562500e+02 2.794686279296875000e+02 2.794549255371093750e+02 2.794727783203125000e+02 2.795181884765625000e+02 2.795764770507812500e+02 2.796394042968750000e+02 2.797011108398437500e+02 2.797335205078125000e+02 2.796762084960937500e+02 2.794068603515625000e+02 2.789850769042968750e+02 2.785649719238281250e+02 2.782162475585937500e+02 2.779638366699218750e+02 2.777594604492187500e+02 2.775100402832031250e+02 2.775892944335937500e+02 2.778991699218750000e+02 2.784491882324218750e+02 2.815238952636718750e+02 2.888786315917968750e+02 2.955432128906250000e+02 2.995963745117187500e+02 3.011594848632812500e+02 3.018350524902343750e+02 3.022038879394531250e+02 3.025444335937500000e+02 3.030091247558593750e+02 3.034042053222656250e+02 3.037554626464843750e+02 3.042283020019531250e+02 3.047808532714843750e+02 3.053767395019531250e+02 3.060049133300781250e+02 3.066085510253906250e+02 3.072171325683593750e+02 3.078526000976562500e+02 3.084896545410156250e+02 3.091397399902343750e+02 3.097990112304687500e+02 3.104471435546875000e+02 3.110775451660156250e+02 3.116917419433593750e+02 3.123722229003906250e+02 3.131043395996093750e+02 3.139360961914062500e+02 3.148690490722656250e+02 3.158009338378906250e+02 3.162695312500000000e+02 3.158093261718750000e+02 3.156202392578125000e+02 3.160666503906250000e+02 3.177544860839843750e+02 3.271911010742187500e+02 3.396438903808593750e+02 3.413261413574218750e+02 3.412182617187500000e+02 3.413492431640625000e+02 3.415992736816406250e+02 3.419861755371093750e+02 3.425846862792968750e+02 3.433208312988281250e+02 3.440665283203125000e+02 3.447743225097656250e+02 3.454228820800781250e+02 3.460652770996093750e+02 3.467373657226562500e+02 3.474111328125000000e+02 3.481072082519531250e+02 3.488540039062500000e+02 3.496151428222656250e+02 3.504069213867187500e+02 3.512417907714843750e+02 3.520750427246093750e+02 3.529284973144531250e+02 3.538197326660156250e+02 3.547095336914062500e+02 3.556288757324218750e+02 3.566141967773437500e+02 3.576192626953125000e+02 3.586704406738281250e+02 3.597448120117187500e+02 3.603800964355468750e+02 3.609296569824218750e+02 3.615981140136718750e+02 3.622799987792968750e+02 3.629904785156250000e+02 3.637619323730468750e+02 3.645045776367187500e+02 3.652314453125000000e+02 3.659564208984375000e+02 3.666223449707031250e+02 3.672474975585937500e+02 3.678337097167968750e+02 3.683691101074218750e+02 3.688011779785156250e+02 3.692513732910156250e+02 3.698246459960937500e+02 3.698942871093750000e+02 3.696742553710937500e+02 3.694675292968750000e+02 3.692516479492187500e+02 3.690983581542968750e+02 3.689916992187500000e+02 3.688475036621093750e+02 3.686480407714843750e+02 3.684838562011718750e+02 3.683719787597656250e+02 3.681576232910156250e+02 3.676011657714843750e+02 3.667626953125000000e+02 3.656976013183593750e+02 3.643767700195312500e+02 3.642437133789062500e+02 3.656103210449218750e+02 3.670797119140625000e+02 3.684448242187500000e+02 3.697009277343750000e+02 3.707810974121093750e+02 3.717203063964843750e+02 3.725496826171875000e+02 3.732380981445312500e+02 3.738269958496093750e+02 3.744158020019531250e+02 3.750910644531250000e+02 3.758351135253906250e+02 3.766203002929687500e+02 3.773339233398437500e+02 3.778885192871093750e+02 3.783294372558593750e+02 3.787104797363281250e+02 3.790025939941406250e+02 3.791496276855468750e+02 3.790933227539062500e+02 3.790984802246093750e+02 3.792549133300781250e+02
2.798294372558593750e+02 2.798931274414062500e+02 2.798216247558593750e+02 2.797436523437500000e+02 2.796925048828125000e+02 2.796864013671875000e+02 2.797001037597656250e+02 2.797401428222656250e+02 2.798002624511718750e+02 2.798758239746093750e+02 2.799444274902343750e+02 2.799867858886718750e+02 2.797384948730468750e+02 2.791173706054687500e+02 2.785243530273437500e+02 2.780507507324218750e+02 2.777382812500000000e+02 2.774494934082031250e+02 2.772180175781250000e+02 2.773807373046875000e+02 2.773598327636718750e+02 2.775825500488281250e+02 2.819340515136718750e+02 2.919059448242187500e+02 2.990285339355468750e+02 3.013945617675781250e+02 3.020763549804687500e+02 3.024128112792968750e+02 3.026104736328125000e+02 3.028250427246093750e+02 3.031665649414062500e+02 3.036462097167968750e+02 3.041447753906250000e+02 3.046448059082031250e+02 3.051652221679687500e+02 3.057269897460937500e+02 3.063244323730468750e+02 3.069014282226562500e+02 3.074937133789062500e+02 3.081132202148437500e+02 3.087326354980468750e+02 3.093726196289062500e+02 3.100411682128906250e+02 3.107149658203125000e+02 3.114146423339843750e+02 3.121237182617187500e+02 3.128446044921875000e+02 3.135223083496093750e+02 3.140667724609375000e+02 3.146461181640625000e+02 3.154824218750000000e+02 3.156852722167968750e+02 3.150001220703125000e+02 3.147992553710937500e+02 3.155012512207031250e+02 3.170996093750000000e+02 3.227247619628906250e+02 3.351723327636718750e+02 3.410391235351562500e+02 3.415550231933593750e+02 3.419059448242187500e+02 3.422521972656250000e+02 3.426411437988281250e+02 3.431759948730468750e+02 3.438150024414062500e+02 3.445018615722656250e+02 3.451657714843750000e+02 3.457778015136718750e+02 3.464052429199218750e+02 3.470799560546875000e+02 3.477629394531250000e+02 3.484654846191406250e+02 3.492021179199218750e+02 3.499441833496093750e+02 3.507171630859375000e+02 3.515367736816406250e+02 3.523524780273437500e+02 3.531878051757812500e+02 3.540585021972656250e+02 3.549334106445312500e+02 3.558337402343750000e+02 3.567903747558593750e+02 3.577608032226562500e+02 3.587633972167968750e+02 3.597765502929687500e+02 3.604301147460937500e+02 3.609949645996093750e+02 3.616515197753906250e+02 3.623004455566406250e+02 3.629508666992187500e+02 3.636424255371093750e+02 3.643073120117187500e+02 3.649573364257812500e+02 3.656100769042968750e+02 3.662173767089843750e+02 3.667893371582031250e+02 3.673527221679687500e+02 3.678776855468750000e+02 3.682893066406250000e+02 3.687537231445312500e+02 3.693287353515625000e+02 3.693162536621093750e+02 3.689986877441406250e+02 3.687311706542968750e+02 3.684291687011718750e+02 3.681816406250000000e+02 3.680382690429687500e+02 3.678803405761718750e+02 3.676702270507812500e+02 3.674848937988281250e+02 3.673211059570312500e+02 3.670390319824218750e+02 3.664669494628906250e+02 3.657138061523437500e+02 3.647005004882812500e+02 3.636265258789062500e+02 3.638195800781250000e+02 3.651376953125000000e+02 3.665106506347656250e+02 3.677814331054687500e+02 3.689463195800781250e+02 3.699505004882812500e+02 3.708409729003906250e+02 3.716352844238281250e+02 3.723085937500000000e+02 3.729403381347656250e+02 3.736233825683593750e+02 3.743537597656250000e+02 3.751158142089843750e+02 3.758643493652343750e+02 3.765314025878906250e+02 3.770845642089843750e+02 3.775409240722656250e+02 3.779635314941406250e+02 3.782726135253906250e+02 3.784065246582031250e+02 3.784020385742187500e+02 3.784794006347656250e+02 3.786825866699218750e+02
2.804496765136718750e+02 2.805108337402343750e+02 2.802212829589843750e+02 2.800220642089843750e+02 2.799662475585937500e+02 2.799405517578125000e+02 2.799001464843750000e+02 2.799150085449218750e+02 2.799519042968750000e+02 2.799950561523437500e+02 2.800303649902343750e+02 2.800656433105468750e+02 2.798907775878906250e+02 2.791734313964843750e+02 2.784765930175781250e+02 2.779175720214843750e+02 2.775918273925781250e+02 2.772679138183593750e+02 2.773426208496093750e+02 2.777174072265625000e+02 2.771024475097656250e+02 2.767379150390625000e+02 2.839601440429687500e+02 2.976850585937500000e+02 3.020886840820312500e+02 3.027054443359375000e+02 3.028521728515625000e+02 3.029106445312500000e+02 3.029521484375000000e+02 3.030596923828125000e+02 3.033050231933593750e+02 3.036812438964843750e+02 3.041806945800781250e+02 3.047472229003906250e+02 3.053316650390625000e+02 3.059384460449218750e+02 3.065516357421875000e+02 3.071460876464843750e+02 3.077640686035156250e+02 3.083849487304687500e+02 3.089898681640625000e+02 3.095907287597656250e+02 3.102075805664062500e+02 3.108183288574218750e+02 3.114221191406250000e+02 3.119792480468750000e+02 3.125330810546875000e+02 3.130534667968750000e+02 3.134600219726562500e+02 3.142106628417968750e+02 3.149825439453125000e+02 3.148793334960937500e+02 3.142701110839843750e+02 3.140529174804687500e+02 3.148218994140625000e+02 3.163216247558593750e+02 3.195352172851562500e+02 3.317844848632812500e+02 3.406477355957031250e+02 3.416327819824218750e+02 3.423936157226562500e+02 3.428013000488281250e+02 3.431593627929687500e+02 3.436271667480468750e+02 3.442025146484375000e+02 3.448234252929687500e+02 3.454414367675781250e+02 3.460285339355468750e+02 3.466454772949218750e+02 3.473299560546875000e+02 3.480322875976562500e+02 3.487460937500000000e+02 3.494720153808593750e+02 3.501884155273437500e+02 3.509359436035156250e+02 3.517411804199218750e+02 3.525462036132812500e+02 3.533747863769531250e+02 3.542220153808593750e+02 3.550823669433593750e+02 3.559396362304687500e+02 3.568423767089843750e+02 3.577571716308593750e+02 3.586795959472656250e+02 3.596015625000000000e+02 3.602288513183593750e+02 3.607401733398437500e+02 3.613202819824218750e+02 3.619243774414062500e+02 3.625435791015625000e+02 3.631863708496093750e+02 3.638297424316406250e+02 3.644797668457031250e+02 3.651266174316406250e+02 3.657228088378906250e+02 3.663087768554687500e+02 3.668811950683593750e+02 3.673980712890625000e+02 3.677730407714843750e+02 3.682899169921875000e+02 3.688165893554687500e+02 3.687374877929687500e+02 3.683591918945312500e+02 3.680484619140625000e+02 3.676761169433593750e+02 3.673406372070312500e+02 3.671370239257812500e+02 3.669488220214843750e+02 3.667235412597656250e+02 3.665117187500000000e+02 3.662938232421875000e+02 3.659439392089843750e+02 3.653736877441406250e+02 3.646957092285156250e+02 3.637401428222656250e+02 3.629669799804687500e+02 3.634589538574218750e+02 3.647241210937500000e+02 3.659853210449218750e+02 3.671626586914062500e+02 3.682508850097656250e+02 3.691996765136718750e+02 3.700571289062500000e+02 3.708446044921875000e+02 3.715675964355468750e+02 3.722630004882812500e+02 3.729960327148437500e+02 3.737346801757812500e+02 3.744822387695312500e+02 3.752084960937500000e+02 3.758347167968750000e+02 3.763555603027343750e+02 3.768385620117187500e+02 3.773031616210937500e+02 3.776043395996093750e+02 3.776882019042968750e+02 3.777163696289062500e+02 3.778662414550781250e+02 3.781256713867187500e+02
2.814300231933593750e+02 2.813414001464843750e+02 2.809857177734375000e+02 2.806415100097656250e+02 2.804657287597656250e+02 2.803113098144531250e+02 2.801906127929687500e+02 2.801281433105468750e+02 2.800852661132812500e+02 2.800639343261718750e+02 2.800478515625000000e+02 2.800169982910156250e+02 2.797325134277343750e+02 2.790997619628906250e+02 2.784126892089843750e+02 2.778121032714843750e+02 2.774833679199218750e+02 2.772082519531250000e+02 2.776978454589843750e+02 2.782701110839843750e+02 2.771926879882812500e+02 2.782994384765625000e+02 2.932887268066406250e+02 3.028426513671875000e+02 3.034422302246093750e+02 3.033509521484375000e+02 3.033123474121093750e+02 3.032501220703125000e+02 3.031968994140625000e+02 3.032300415039062500e+02 3.034134216308593750e+02 3.037319335937500000e+02 3.041494140625000000e+02 3.046614379882812500e+02 3.052491149902343750e+02 3.058733215332031250e+02 3.065141906738281250e+02 3.071479797363281250e+02 3.077657470703125000e+02 3.083358154296875000e+02 3.088445434570312500e+02 3.093105163574218750e+02 3.097860107421875000e+02 3.102819213867187500e+02 3.107823486328125000e+02 3.112760925292968750e+02 3.117435607910156250e+02 3.122629699707031250e+02 3.130148620605468750e+02 3.140544738769531250e+02 3.144055786132812500e+02 3.140258483886718750e+02 3.136237182617187500e+02 3.134215087890625000e+02 3.140700378417968750e+02 3.153341369628906250e+02 3.175515441894531250e+02 3.282463684082031250e+02 3.409719848632812500e+02 3.426676025390625000e+02 3.431315002441406250e+02 3.433245849609375000e+02 3.435462036132812500e+02 3.439302978515625000e+02 3.444426879882812500e+02 3.450067443847656250e+02 3.455684814453125000e+02 3.461204223632812500e+02 3.467280883789062500e+02 3.474195861816406250e+02 3.481376647949218750e+02 3.488693237304687500e+02 3.495982360839843750e+02 3.502984924316406250e+02 3.510227355957031250e+02 3.518072814941406250e+02 3.526092529296875000e+02 3.534324035644531250e+02 3.542795715332031250e+02 3.551044311523437500e+02 3.559090881347656250e+02 3.567429504394531250e+02 3.575771484375000000e+02 3.584031982421875000e+02 3.591798095703125000e+02 3.598005676269531250e+02 3.602992248535156250e+02 3.608613891601562500e+02 3.614333496093750000e+02 3.620364074707031250e+02 3.626905517578125000e+02 3.633554687500000000e+02 3.640242309570312500e+02 3.646796875000000000e+02 3.652796325683593750e+02 3.658640136718750000e+02 3.664253234863281250e+02 3.669396667480468750e+02 3.672701110839843750e+02 3.678344726562500000e+02 3.683020629882812500e+02 3.681522827148437500e+02 3.677467041015625000e+02 3.673989562988281250e+02 3.669851684570312500e+02 3.665475158691406250e+02 3.662594299316406250e+02 3.660256652832031250e+02 3.657725524902343750e+02 3.655220642089843750e+02 3.652431335449218750e+02 3.648325805664062500e+02 3.642868957519531250e+02 3.636625366210937500e+02 3.628196716308593750e+02 3.624106445312500000e+02 3.631282348632812500e+02 3.643190917968750000e+02 3.654775695800781250e+02 3.665723876953125000e+02 3.675996398925781250e+02 3.685097656250000000e+02 3.693574829101562500e+02 3.701731872558593750e+02 3.709559936523437500e+02 3.716972045898437500e+02 3.724484863281250000e+02 3.731857910156250000e+02 3.739197998046875000e+02 3.746163330078125000e+02 3.751918334960937500e+02 3.756783142089843750e+02 3.761994628906250000e+02 3.766781005859375000e+02 3.769381713867187500e+02 3.769872436523437500e+02 3.770515747070312500e+02 3.772615051269531250e+02 3.775683898925781250e+02
2.825505065917968750e+02 2.822865295410156250e+02 2.818605651855468750e+02 2.814344787597656250e+02 2.811000061035156250e+02 2.808133239746093750e+02 2.805635375976562500e+02 2.803699035644531250e+02 2.802272033691406250e+02 2.801288146972656250e+02 2.800576171875000000e+02 2.799679260253906250e+02 2.796653747558593750e+02 2.790869140625000000e+02 2.783924865722656250e+02 2.777424621582031250e+02 2.773833007812500000e+02 2.771311035156250000e+02 2.778891296386718750e+02 2.785529785156250000e+02 2.773934631347656250e+02 2.832164611816406250e+02 3.014614257812500000e+02 3.040172424316406250e+02 3.035778503417968750e+02 3.035106811523437500e+02 3.035381774902343750e+02 3.034509277343750000e+02 3.033112792968750000e+02 3.032740783691406250e+02 3.034392395019531250e+02 3.037679138183593750e+02 3.041966247558593750e+02 3.047249755859375000e+02 3.052894287109375000e+02 3.058784790039062500e+02 3.065267639160156250e+02 3.071166381835937500e+02 3.075521240234375000e+02 3.078824768066406250e+02 3.081766662597656250e+02 3.084952087402343750e+02 3.089175109863281250e+02 3.094355163574218750e+02 3.100020751953125000e+02 3.106444396972656250e+02 3.111926269531250000e+02 3.117535095214843750e+02 3.128552246093750000e+02 3.137501831054687500e+02 3.136009521484375000e+02 3.132092895507812500e+02 3.130367736816406250e+02 3.129417419433593750e+02 3.133871765136718750e+02 3.144284057617187500e+02 3.157042541503906250e+02 3.216251831054687500e+02 3.383316040039062500e+02 3.434902038574218750e+02 3.437769775390625000e+02 3.437560424804687500e+02 3.438251342773437500e+02 3.441131896972656250e+02 3.445572814941406250e+02 3.450466003417968750e+02 3.455331115722656250e+02 3.460273742675781250e+02 3.466013793945312500e+02 3.472789611816406250e+02 3.479848632812500000e+02 3.487086791992187500e+02 3.494455871582031250e+02 3.501599426269531250e+02 3.508957824707031250e+02 3.516881103515625000e+02 3.524974365234375000e+02 3.533256530761718750e+02 3.541622009277343750e+02 3.549510498046875000e+02 3.557138671875000000e+02 3.564818420410156250e+02 3.572359619140625000e+02 3.579817199707031250e+02 3.586758422851562500e+02 3.593063049316406250e+02 3.599077148437500000e+02 3.604562683105468750e+02 3.610174865722656250e+02 3.616252746582031250e+02 3.622956237792968750e+02 3.629639282226562500e+02 3.636131591796875000e+02 3.642437133789062500e+02 3.648305053710937500e+02 3.654176330566406250e+02 3.659821777343750000e+02 3.664783020019531250e+02 3.667914733886718750e+02 3.673713073730468750e+02 3.677878723144531250e+02 3.675846862792968750e+02 3.671661987304687500e+02 3.667667236328125000e+02 3.663393554687500000e+02 3.658092041015625000e+02 3.654053955078125000e+02 3.650998535156250000e+02 3.647990112304687500e+02 3.644891662597656250e+02 3.641324157714843750e+02 3.636668090820312500e+02 3.631542663574218750e+02 3.625917053222656250e+02 3.619554138183593750e+02 3.619464416503906250e+02 3.627855224609375000e+02 3.638974914550781250e+02 3.649750366210937500e+02 3.660064697265625000e+02 3.669883728027343750e+02 3.678805541992187500e+02 3.687476196289062500e+02 3.696098327636718750e+02 3.704085388183593750e+02 3.711817016601562500e+02 3.719557495117187500e+02 3.726994018554687500e+02 3.733981628417968750e+02 3.740423889160156250e+02 3.745668334960937500e+02 3.750626220703125000e+02 3.756071777343750000e+02 3.760595092773437500e+02 3.762401123046875000e+02 3.762759094238281250e+02 3.763944396972656250e+02 3.766508789062500000e+02 3.769858398437500000e+02
2.835809326171875000e+02 2.831337890625000000e+02 2.826072387695312500e+02 2.820869140625000000e+02 2.816315002441406250e+02 2.812215576171875000e+02 2.808500366210937500e+02 2.805437927246093750e+02 2.803085632324218750e+02 2.801533203125000000e+02 2.800764465332031250e+02 2.800334472656250000e+02 2.798339538574218750e+02 2.792662658691406250e+02 2.784632568359375000e+02 2.777166137695312500e+02 2.772704162597656250e+02 2.769530639648437500e+02 2.775642089843750000e+02 2.782804870605468750e+02 2.772294006347656250e+02 2.841069946289062500e+02 3.022109069824218750e+02 3.039505004882812500e+02 3.035632019042968750e+02 3.036622924804687500e+02 3.037408447265625000e+02 3.035475463867187500e+02 3.032628173828125000e+02 3.031395568847656250e+02 3.033036499023437500e+02 3.037004394531250000e+02 3.042147521972656250e+02 3.048487854003906250e+02 3.054528808593750000e+02 3.061579895019531250e+02 3.068326721191406250e+02 3.071654052734375000e+02 3.072209472656250000e+02 3.072744140625000000e+02 3.074765319824218750e+02 3.078413391113281250e+02 3.083870544433593750e+02 3.090295104980468750e+02 3.096883850097656250e+02 3.103878784179687500e+02 3.109359741210937500e+02 3.115548706054687500e+02 3.127087097167968750e+02 3.132068176269531250e+02 3.128269653320312500e+02 3.125164489746093750e+02 3.124583129882812500e+02 3.125100708007812500e+02 3.127516174316406250e+02 3.136316223144531250e+02 3.147754211425781250e+02 3.180212707519531250e+02 3.306791687011718750e+02 3.413831787109375000e+02 3.437097778320312500e+02 3.439442138671875000e+02 3.439654541015625000e+02 3.441987609863281250e+02 3.445927124023437500e+02 3.450013427734375000e+02 3.453881835937500000e+02 3.457891845703125000e+02 3.462813110351562500e+02 3.468932495117187500e+02 3.475544738769531250e+02 3.482435302734375000e+02 3.489695434570312500e+02 3.497094116210937500e+02 3.504958801269531250e+02 3.513437805175781250e+02 3.521995849609375000e+02 3.530604248046875000e+02 3.539055786132812500e+02 3.546763610839843750e+02 3.554014892578125000e+02 3.561120910644531250e+02 3.567941284179687500e+02 3.574763183593750000e+02 3.581590881347656250e+02 3.588402404785156250e+02 3.595456848144531250e+02 3.600948791503906250e+02 3.606333312988281250e+02 3.612744445800781250e+02 3.619398498535156250e+02 3.625685424804687500e+02 3.631741333007812500e+02 3.637880859375000000e+02 3.643872680664062500e+02 3.649876708984375000e+02 3.655599060058593750e+02 3.660355834960937500e+02 3.663466186523437500e+02 3.669483947753906250e+02 3.672507324218750000e+02 3.670235595703125000e+02 3.666322326660156250e+02 3.661968383789062500e+02 3.657667541503906250e+02 3.651891784667968750e+02 3.646600646972656250e+02 3.642598876953125000e+02 3.638917236328125000e+02 3.634992370605468750e+02 3.630402221679687500e+02 3.625068359375000000e+02 3.620179748535156250e+02 3.615687866210937500e+02 3.612419128417968750e+02 3.615611572265625000e+02 3.624380493164062500e+02 3.634882507324218750e+02 3.645166625976562500e+02 3.655125427246093750e+02 3.664757690429687500e+02 3.673741455078125000e+02 3.682547302246093750e+02 3.691257019042968750e+02 3.699443359375000000e+02 3.707440795898437500e+02 3.715388488769531250e+02 3.722720642089843750e+02 3.729149169921875000e+02 3.735134582519531250e+02 3.740070190429687500e+02 3.745369873046875000e+02 3.750711059570312500e+02 3.754543151855468750e+02 3.755523071289062500e+02 3.756038208007812500e+02 3.757759704589843750e+02 3.760621948242187500e+02 3.764025268554687500e+02
2.844611816406250000e+02 2.838415832519531250e+02 2.831892700195312500e+02 2.825618591308593750e+02 2.819993591308593750e+02 2.814820556640625000e+02 2.810055847167968750e+02 2.806073913574218750e+02 2.802950744628906250e+02 2.800979003906250000e+02 2.800517883300781250e+02 2.800580444335937500e+02 2.800546875000000000e+02 2.796178283691406250e+02 2.785661010742187500e+02 2.776934814453125000e+02 2.771368103027343750e+02 2.767467041015625000e+02 2.768846435546875000e+02 2.775856628417968750e+02 2.769075012207031250e+02 2.805341186523437500e+02 2.985178222656250000e+02 3.037249450683593750e+02 3.039571838378906250e+02 3.041377258300781250e+02 3.040588684082031250e+02 3.035384521484375000e+02 3.029952392578125000e+02 3.027913818359375000e+02 3.030205993652343750e+02 3.035499572753906250e+02 3.042132263183593750e+02 3.049434204101562500e+02 3.056595764160156250e+02 3.065193176269531250e+02 3.069218139648437500e+02 3.067813110351562500e+02 3.065649719238281250e+02 3.066559143066406250e+02 3.070586547851562500e+02 3.076513366699218750e+02 3.083400268554687500e+02 3.090188293457031250e+02 3.096534118652343750e+02 3.102852172851562500e+02 3.107713928222656250e+02 3.114059753417968750e+02 3.124104003906250000e+02 3.125768127441406250e+02 3.121335754394531250e+02 3.118797607421875000e+02 3.118806152343750000e+02 3.120733642578125000e+02 3.122026672363281250e+02 3.128114318847656250e+02 3.139880676269531250e+02 3.160449218750000000e+02 3.225834960937500000e+02 3.371129760742187500e+02 3.431707153320312500e+02 3.439490051269531250e+02 3.439913940429687500e+02 3.442258605957031250e+02 3.446190795898437500e+02 3.449592590332031250e+02 3.452213134765625000e+02 3.454814758300781250e+02 3.458267517089843750e+02 3.463001098632812500e+02 3.468625183105468750e+02 3.475015258789062500e+02 3.482238159179687500e+02 3.489991455078125000e+02 3.498527526855468750e+02 3.507857971191406250e+02 3.517195129394531250e+02 3.526374206542968750e+02 3.535115356445312500e+02 3.542839965820312500e+02 3.549891662597656250e+02 3.556567077636718750e+02 3.562845458984375000e+02 3.569258117675781250e+02 3.576187438964843750e+02 3.583352050781250000e+02 3.590566101074218750e+02 3.597511291503906250e+02 3.603058776855468750e+02 3.609150085449218750e+02 3.615290527343750000e+02 3.621114501953125000e+02 3.627099609375000000e+02 3.633416748046875000e+02 3.639583435058593750e+02 3.645609436035156250e+02 3.651333312988281250e+02 3.655813903808593750e+02 3.659123840332031250e+02 3.665163879394531250e+02 3.667214965820312500e+02 3.664710083007812500e+02 3.661121215820312500e+02 3.656778564453125000e+02 3.652272644042968750e+02 3.646702270507812500e+02 3.640490417480468750e+02 3.635291137695312500e+02 3.630718383789062500e+02 3.625692138671875000e+02 3.619640808105468750e+02 3.613086853027343750e+02 3.608312988281250000e+02 3.605918273925781250e+02 3.606478576660156250e+02 3.611958007812500000e+02 3.620767517089843750e+02 3.630912780761718750e+02 3.640961914062500000e+02 3.650780639648437500e+02 3.660401000976562500e+02 3.669448852539062500e+02 3.678305664062500000e+02 3.687095336914062500e+02 3.695416564941406250e+02 3.703533630371093750e+02 3.711387329101562500e+02 3.718282165527343750e+02 3.724257507324218750e+02 3.729837951660156250e+02 3.734916687011718750e+02 3.740600585937500000e+02 3.745612487792968750e+02 3.748064270019531250e+02 3.748585205078125000e+02 3.749546813964843750e+02 3.751726379394531250e+02 3.754739074707031250e+02 3.758045654296875000e+02
2.850949707031250000e+02 2.843184204101562500e+02 2.835356750488281250e+02 2.827957763671875000e+02 2.821422424316406250e+02 2.815448608398437500e+02 2.809884643554687500e+02 2.805244140625000000e+02 2.801796264648437500e+02 2.799832458496093750e+02 2.799395446777343750e+02 2.799425964355468750e+02 2.799283752441406250e+02 2.794375000000000000e+02 2.784540405273437500e+02 2.776081848144531250e+02 2.769971923828125000e+02 2.766056518554687500e+02 2.762997436523437500e+02 2.767671508789062500e+02 2.766793212890625000e+02 2.775788879394531250e+02 2.880934143066406250e+02 2.994689331054687500e+02 3.031104736328125000e+02 3.043971862792968750e+02 3.043807983398437500e+02 3.033981018066406250e+02 3.025216064453125000e+02 3.022674560546875000e+02 3.026495056152343750e+02 3.033906250000000000e+02 3.042653503417968750e+02 3.050577087402343750e+02 3.059936218261718750e+02 3.067026672363281250e+02 3.063702392578125000e+02 3.058929138183593750e+02 3.058960876464843750e+02 3.063866271972656250e+02 3.070627441406250000e+02 3.077516174316406250e+02 3.084040832519531250e+02 3.089980773925781250e+02 3.095591125488281250e+02 3.101223754882812500e+02 3.105665893554687500e+02 3.112026977539062500e+02 3.119750061035156250e+02 3.119348144531250000e+02 3.114909057617187500e+02 3.112345886230468750e+02 3.112626953125000000e+02 3.114799499511718750e+02 3.117336730957031250e+02 3.120585632324218750e+02 3.130436096191406250e+02 3.147310791015625000e+02 3.181253051757812500e+02 3.286203918457031250e+02 3.404216308593750000e+02 3.436754455566406250e+02 3.439232177734375000e+02 3.442268676757812500e+02 3.446924743652343750e+02 3.449908752441406250e+02 3.450961608886718750e+02 3.451420593261718750e+02 3.452580261230468750e+02 3.455236206054687500e+02 3.459448852539062500e+02 3.465187072753906250e+02 3.472487792968750000e+02 3.480868835449218750e+02 3.490333251953125000e+02 3.500688171386718750e+02 3.510904541015625000e+02 3.520707092285156250e+02 3.529760131835937500e+02 3.537558898925781250e+02 3.544514465332031250e+02 3.550996093750000000e+02 3.556992492675781250e+02 3.563276062011718750e+02 3.570261535644531250e+02 3.577568664550781250e+02 3.585181274414062500e+02 3.592975463867187500e+02 3.599450683593750000e+02 3.604899597167968750e+02 3.610643005371093750e+02 3.616528625488281250e+02 3.622669372558593750e+02 3.629139709472656250e+02 3.635386352539062500e+02 3.641269836425781250e+02 3.646870727539062500e+02 3.650968933105468750e+02 3.654823913574218750e+02 3.660584411621093750e+02 3.661513061523437500e+02 3.659029846191406250e+02 3.655848083496093750e+02 3.651982727050781250e+02 3.647145080566406250e+02 3.641954040527343750e+02 3.635799560546875000e+02 3.629649047851562500e+02 3.623839111328125000e+02 3.617479858398437500e+02 3.609652404785156250e+02 3.601918640136718750e+02 3.598864135742187500e+02 3.598720703125000000e+02 3.601509094238281250e+02 3.608013000488281250e+02 3.616983947753906250e+02 3.627155456542968750e+02 3.637168884277343750e+02 3.646962585449218750e+02 3.656607055664062500e+02 3.665705261230468750e+02 3.674590454101562500e+02 3.683370361328125000e+02 3.691618041992187500e+02 3.699504699707031250e+02 3.706903686523437500e+02 3.713141784667968750e+02 3.718976440429687500e+02 3.724634704589843750e+02 3.729780273437500000e+02 3.735174255371093750e+02 3.739737243652343750e+02 3.741196899414062500e+02 3.741597900390625000e+02 3.743075561523437500e+02 3.745591735839843750e+02 3.748631591796875000e+02 3.751767883300781250e+02
2.852838134765625000e+02 2.843966674804687500e+02 2.835259094238281250e+02 2.827060852050781250e+02 2.820093383789062500e+02 2.813895874023437500e+02 2.807978210449218750e+02 2.802903137207031250e+02 2.799840698242187500e+02 2.798098754882812500e+02 2.797266540527343750e+02 2.796586303710937500e+02 2.794606018066406250e+02 2.789604797363281250e+02 2.782267761230468750e+02 2.774885559082031250e+02 2.768909606933593750e+02 2.765199890136718750e+02 2.760990600585937500e+02 2.761927185058593750e+02 2.764642944335937500e+02 2.768075866699218750e+02 2.789684753417968750e+02 2.836565551757812500e+02 2.908742675781250000e+02 3.005081787109375000e+02 3.041318054199218750e+02 3.033390808105468750e+02 3.022374572753906250e+02 3.019262695312500000e+02 3.024581298828125000e+02 3.033762817382812500e+02 3.043962097167968750e+02 3.051709899902343750e+02 3.063200378417968750e+02 3.064433593750000000e+02 3.054248352050781250e+02 3.051741638183593750e+02 3.057424621582031250e+02 3.065540771484375000e+02 3.072424316406250000e+02 3.078067016601562500e+02 3.083223266601562500e+02 3.088220214843750000e+02 3.093498229980468750e+02 3.098903198242187500e+02 3.103506774902343750e+02 3.109389953613281250e+02 3.115067749023437500e+02 3.113714294433593750e+02 3.109287109375000000e+02 3.106200866699218750e+02 3.106046447753906250e+02 3.108044738769531250e+02 3.111744995117187500e+02 3.114729309082031250e+02 3.121353149414062500e+02 3.134906616210937500e+02 3.154452819824218750e+02 3.196571655273437500e+02 3.321997070312500000e+02 3.421065368652343750e+02 3.435743103027343750e+02 3.442080383300781250e+02 3.448232421875000000e+02 3.450989074707031250e+02 3.450071105957031250e+02 3.447590332031250000e+02 3.445865478515625000e+02 3.446279602050781250e+02 3.449201049804687500e+02 3.454543457031250000e+02 3.462188110351562500e+02 3.471387023925781250e+02 3.481914672851562500e+02 3.493320007324218750e+02 3.504280700683593750e+02 3.514487304687500000e+02 3.523681030273437500e+02 3.531506958007812500e+02 3.538413696289062500e+02 3.544848632812500000e+02 3.550761718750000000e+02 3.556999206542968750e+02 3.563983154296875000e+02 3.571438903808593750e+02 3.579366455078125000e+02 3.587348937988281250e+02 3.594689941406250000e+02 3.600758666992187500e+02 3.606517944335937500e+02 3.612546386718750000e+02 3.618822937011718750e+02 3.625286254882812500e+02 3.631457214355468750e+02 3.637188415527343750e+02 3.642591247558593750e+02 3.646374206542968750e+02 3.650736694335937500e+02 3.655978393554687500e+02 3.656080322265625000e+02 3.653642883300781250e+02 3.650948181152343750e+02 3.647554931640625000e+02 3.642965087890625000e+02 3.637712097167968750e+02 3.632104492187500000e+02 3.625770874023437500e+02 3.619077758789062500e+02 3.611829833984375000e+02 3.603479614257812500e+02 3.595993652343750000e+02 3.592586059570312500e+02 3.593407897949218750e+02 3.597322998046875000e+02 3.603670349121093750e+02 3.613576049804687500e+02 3.624148559570312500e+02 3.634189147949218750e+02 3.643939208984375000e+02 3.653539123535156250e+02 3.662570495605468750e+02 3.671323242187500000e+02 3.679838867187500000e+02 3.687731628417968750e+02 3.695131225585937500e+02 3.701953430175781250e+02 3.707987670898437500e+02 3.714153747558593750e+02 3.719749450683593750e+02 3.724723205566406250e+02 3.730114746093750000e+02 3.733672485351562500e+02 3.734416809082031250e+02 3.735013732910156250e+02 3.736925048828125000e+02 3.739636230468750000e+02 3.742615661621093750e+02 3.745535888671875000e+02
2.850181884765625000e+02 2.840862121582031250e+02 2.831687622070312500e+02 2.822919006347656250e+02 2.815798645019531250e+02 2.810051574707031250e+02 2.805034484863281250e+02 2.800489807128906250e+02 2.797905883789062500e+02 2.795784301757812500e+02 2.794904174804687500e+02 2.794174804687500000e+02 2.792178344726562500e+02 2.788146972656250000e+02 2.781829833984375000e+02 2.774370422363281250e+02 2.768199768066406250e+02 2.764136352539062500e+02 2.761570739746093750e+02 2.759674377441406250e+02 2.761384582519531250e+02 2.762743225097656250e+02 2.762604675292968750e+02 2.759421081542968750e+02 2.769614562988281250e+02 2.862581176757812500e+02 2.996962280273437500e+02 3.032886962890625000e+02 3.026842041015625000e+02 3.021514892578125000e+02 3.027373352050781250e+02 3.036675109863281250e+02 3.045988159179687500e+02 3.052399291992187500e+02 3.065194091796875000e+02 3.058728332519531250e+02 3.045365905761718750e+02 3.048462829589843750e+02 3.058380737304687500e+02 3.066645507812500000e+02 3.071938476562500000e+02 3.076230163574218750e+02 3.080816040039062500e+02 3.085824584960937500e+02 3.091278686523437500e+02 3.096650695800781250e+02 3.101387023925781250e+02 3.106439208984375000e+02 3.110089721679687500e+02 3.108583679199218750e+02 3.104255371093750000e+02 3.100329895019531250e+02 3.098988952636718750e+02 3.100612182617187500e+02 3.104286193847656250e+02 3.108628540039062500e+02 3.113131103515625000e+02 3.122629699707031250e+02 3.135990905761718750e+02 3.157053527832031250e+02 3.223998107910156250e+02 3.356914672851562500e+02 3.421285095214843750e+02 3.440838928222656250e+02 3.449704284667968750e+02 3.452116699218750000e+02 3.448505859375000000e+02 3.442375488281250000e+02 3.437608032226562500e+02 3.436100769042968750e+02 3.438332214355468750e+02 3.443712463378906250e+02 3.451853332519531250e+02 3.462073974609375000e+02 3.473865966796875000e+02 3.486302795410156250e+02 3.497749938964843750e+02 3.508016662597656250e+02 3.517100219726562500e+02 3.524849548339843750e+02 3.531654968261718750e+02 3.537840270996093750e+02 3.544023742675781250e+02 3.550385742187500000e+02 3.557425231933593750e+02 3.565000305175781250e+02 3.573049621582031250e+02 3.580990600585937500e+02 3.588570556640625000e+02 3.596216735839843750e+02 3.602861022949218750e+02 3.609053344726562500e+02 3.615411682128906250e+02 3.621797180175781250e+02 3.627789916992187500e+02 3.633403015136718750e+02 3.638420715332031250e+02 3.642030334472656250e+02 3.646950683593750000e+02 3.651354370117187500e+02 3.650790100097656250e+02 3.648599548339843750e+02 3.646329650878906250e+02 3.643376770019531250e+02 3.639372558593750000e+02 3.634230651855468750e+02 3.628900756835937500e+02 3.622933044433593750e+02 3.616103820800781250e+02 3.608691711425781250e+02 3.600624084472656250e+02 3.591326904296875000e+02 3.585539550781250000e+02 3.587250976562500000e+02 3.593861999511718750e+02 3.601671142578125000e+02 3.611589050292968750e+02 3.622025451660156250e+02 3.631877746582031250e+02 3.641419372558593750e+02 3.650783996582031250e+02 3.659541015625000000e+02 3.667967224121093750e+02 3.676112365722656250e+02 3.683590698242187500e+02 3.690501708984375000e+02 3.697065124511718750e+02 3.703492431640625000e+02 3.709741821289062500e+02 3.714741821289062500e+02 3.719757080078125000e+02 3.724864807128906250e+02 3.727280578613281250e+02 3.727631225585937500e+02 3.728583679199218750e+02 3.730826721191406250e+02 3.733630371093750000e+02 3.736488037109375000e+02 3.739162902832031250e+02
2.845174865722656250e+02 2.835927429199218750e+02 2.826356201171875000e+02 2.816666564941406250e+02 2.808853759765625000e+02 2.803755493164062500e+02 2.800755615234375000e+02 2.797988586425781250e+02 2.795427856445312500e+02 2.793514404296875000e+02 2.792918090820312500e+02 2.792784729003906250e+02 2.792624206542968750e+02 2.791547241210937500e+02 2.785313720703125000e+02 2.775525207519531250e+02 2.767443542480468750e+02 2.763028869628906250e+02 2.762492065429687500e+02 2.761822509765625000e+02 2.760824584960937500e+02 2.759635314941406250e+02 2.757341918945312500e+02 2.753023071289062500e+02 2.749459228515625000e+02 2.762196044921875000e+02 2.837946777343750000e+02 2.986796875000000000e+02 3.025220947265625000e+02 3.013043212890625000e+02 3.030667724609375000e+02 3.042268676757812500e+02 3.048411254882812500e+02 3.052631835937500000e+02 3.064841613769531250e+02 3.051959533691406250e+02 3.038163757324218750e+02 3.045995788574218750e+02 3.057442626953125000e+02 3.064507751464843750e+02 3.068702392578125000e+02 3.072785339355468750e+02 3.077777099609375000e+02 3.083261718750000000e+02 3.088991699218750000e+02 3.094376831054687500e+02 3.098830871582031250e+02 3.102780761718750000e+02 3.104864196777343750e+02 3.103501892089843750e+02 3.099492492675781250e+02 3.094699401855468750e+02 3.091691284179687500e+02 3.091944580078125000e+02 3.095520935058593750e+02 3.100727844238281250e+02 3.105424804687500000e+02 3.111661987304687500e+02 3.122291564941406250e+02 3.138658142089843750e+02 3.166209411621093750e+02 3.236418151855468750e+02 3.346959838867187500e+02 3.425647277832031250e+02 3.448386535644531250e+02 3.452123718261718750e+02 3.445437316894531250e+02 3.435495300292968750e+02 3.428020935058593750e+02 3.425447082519531250e+02 3.427806701660156250e+02 3.432957763671875000e+02 3.440786437988281250e+02 3.452283325195312500e+02 3.465990905761718750e+02 3.479618835449218750e+02 3.491309814453125000e+02 3.501302490234375000e+02 3.510057067871093750e+02 3.517474060058593750e+02 3.524153442382812500e+02 3.530588684082031250e+02 3.536904907226562500e+02 3.543412475585937500e+02 3.550642700195312500e+02 3.558268737792968750e+02 3.566102905273437500e+02 3.573905944824218750e+02 3.581975097656250000e+02 3.591292114257812500e+02 3.600093383789062500e+02 3.606225280761718750e+02 3.612490234375000000e+02 3.618730773925781250e+02 3.624510803222656250e+02 3.629859924316406250e+02 3.634359436035156250e+02 3.638373413085937500e+02 3.643287353515625000e+02 3.646520690917968750e+02 3.645782775878906250e+02 3.643986816406250000e+02 3.642075805664062500e+02 3.639579162597656250e+02 3.636036987304687500e+02 3.631515197753906250e+02 3.626430358886718750e+02 3.620786743164062500e+02 3.614259643554687500e+02 3.607036437988281250e+02 3.599486083984375000e+02 3.586093750000000000e+02 3.577498779296875000e+02 3.580641784667968750e+02 3.590758361816406250e+02 3.601309509277343750e+02 3.610344238281250000e+02 3.620216979980468750e+02 3.629715270996093750e+02 3.638927307128906250e+02 3.647936706542968750e+02 3.656336364746093750e+02 3.664431152343750000e+02 3.672286682128906250e+02 3.679422607421875000e+02 3.686106567382812500e+02 3.692870788574218750e+02 3.699655761718750000e+02 3.705158691406250000e+02 3.709515991210937500e+02 3.714708862304687500e+02 3.719005432128906250e+02 3.720348510742187500e+02 3.720693664550781250e+02 3.722076110839843750e+02 3.724559020996093750e+02 3.727365112304687500e+02 3.730075378417968750e+02 3.732496948242187500e+02
2.839274291992187500e+02 2.831200866699218750e+02 2.821459960937500000e+02 2.810369567871093750e+02 2.801976013183593750e+02 2.798999633789062500e+02 2.797176208496093750e+02 2.795101928710937500e+02 2.793431396484375000e+02 2.792167968750000000e+02 2.791987915039062500e+02 2.792459106445312500e+02 2.795467224121093750e+02 2.802483825683593750e+02 2.794712524414062500e+02 2.778981933593750000e+02 2.766919250488281250e+02 2.762226562500000000e+02 2.763365478515625000e+02 2.766759643554687500e+02 2.766407470703125000e+02 2.760933532714843750e+02 2.754463500976562500e+02 2.751587219238281250e+02 2.751739807128906250e+02 2.753194274902343750e+02 2.763799438476562500e+02 2.825771789550781250e+02 2.899995422363281250e+02 2.892904052734375000e+02 2.959650268554687500e+02 3.029457397460937500e+02 3.048316955566406250e+02 3.052869567871093750e+02 3.060872192382812500e+02 3.044569396972656250e+02 3.032415771484375000e+02 3.042188110351562500e+02 3.053625793457031250e+02 3.060143127441406250e+02 3.064370422363281250e+02 3.068985290527343750e+02 3.074639892578125000e+02 3.080608215332031250e+02 3.086504821777343750e+02 3.091783142089843750e+02 3.095850219726562500e+02 3.098532409667968750e+02 3.099591674804687500e+02 3.098417663574218750e+02 3.094917907714843750e+02 3.089654235839843750e+02 3.085019531250000000e+02 3.083365173339843750e+02 3.086307678222656250e+02 3.091738586425781250e+02 3.097856140136718750e+02 3.103295593261718750e+02 3.110917663574218750e+02 3.125291442871093750e+02 3.142864379882812500e+02 3.162224426269531250e+02 3.217751159667968750e+02 3.341349792480468750e+02 3.427685241699218750e+02 3.448392333984375000e+02 3.442194824218750000e+02 3.429761962890625000e+02 3.420584716796875000e+02 3.418099060058593750e+02 3.420579528808593750e+02 3.422798767089843750e+02 3.426760253906250000e+02 3.440898132324218750e+02 3.458383483886718750e+02 3.473517150878906250e+02 3.485223999023437500e+02 3.494726867675781250e+02 3.503044738769531250e+02 3.510052185058593750e+02 3.516480407714843750e+02 3.523241882324218750e+02 3.529832458496093750e+02 3.536619567871093750e+02 3.544065246582031250e+02 3.551556701660156250e+02 3.559010620117187500e+02 3.566786193847656250e+02 3.575591430664062500e+02 3.586340332031250000e+02 3.597400207519531250e+02 3.604162597656250000e+02 3.610295410156250000e+02 3.616404418945312500e+02 3.621926574707031250e+02 3.626786193847656250e+02 3.631141967773437500e+02 3.635665588378906250e+02 3.639978027343750000e+02 3.641851501464843750e+02 3.641376037597656250e+02 3.640202026367187500e+02 3.638660278320312500e+02 3.636495361328125000e+02 3.633424987792968750e+02 3.629403381347656250e+02 3.624864196777343750e+02 3.619499206542968750e+02 3.613165893554687500e+02 3.605926208496093750e+02 3.596698913574218750e+02 3.579916076660156250e+02 3.568858947753906250e+02 3.573553771972656250e+02 3.586271362304687500e+02 3.598487548828125000e+02 3.607776184082031250e+02 3.618088378906250000e+02 3.627557067871093750e+02 3.636525573730468750e+02 3.645270385742187500e+02 3.653447570800781250e+02 3.661318054199218750e+02 3.668931579589843750e+02 3.675890502929687500e+02 3.682641601562500000e+02 3.689720153808593750e+02 3.696093139648437500e+02 3.700229187011718750e+02 3.704417724609375000e+02 3.709710083007812500e+02 3.712934265136718750e+02 3.713527832031250000e+02 3.714101867675781250e+02 3.715863342285156250e+02 3.718475036621093750e+02 3.721216735839843750e+02 3.723778686523437500e+02 3.725982360839843750e+02
2.829922180175781250e+02 2.824686584472656250e+02 2.816588745117187500e+02 2.805671997070312500e+02 2.798816528320312500e+02 2.796884460449218750e+02 2.794890136718750000e+02 2.793264770507812500e+02 2.792570800781250000e+02 2.791943359375000000e+02 2.792359313964843750e+02 2.793829956054687500e+02 2.807085571289062500e+02 2.825592651367187500e+02 2.809283142089843750e+02 2.782210083007812500e+02 2.766593017578125000e+02 2.762070007324218750e+02 2.766550903320312500e+02 2.776591186523437500e+02 2.779230651855468750e+02 2.768243713378906250e+02 2.754214782714843750e+02 2.748576965332031250e+02 2.753602294921875000e+02 2.760934753417968750e+02 2.764789123535156250e+02 2.769480895996093750e+02 2.777059020996093750e+02 2.773112182617187500e+02 2.794158325195312500e+02 2.914434814453125000e+02 3.025608215332031250e+02 3.050160217285156250e+02 3.054293518066406250e+02 3.037956542968750000e+02 3.027148132324218750e+02 3.037433166503906250e+02 3.048447875976562500e+02 3.054885864257812500e+02 3.059577941894531250e+02 3.064848937988281250e+02 3.071072998046875000e+02 3.077388000488281250e+02 3.083317565917968750e+02 3.088451843261718750e+02 3.092168273925781250e+02 3.093854980468750000e+02 3.094029846191406250e+02 3.092893981933593750e+02 3.089996643066406250e+02 3.084831237792968750e+02 3.079242858886718750e+02 3.075754699707031250e+02 3.077055053710937500e+02 3.082352905273437500e+02 3.089244995117187500e+02 3.096399536132812500e+02 3.102252807617187500e+02 3.112893066406250000e+02 3.128740234375000000e+02 3.141350097656250000e+02 3.154035034179687500e+02 3.202598876953125000e+02 3.331073913574218750e+02 3.421047363281250000e+02 3.436928710937500000e+02 3.426990051269531250e+02 3.419568176269531250e+02 3.417500610351562500e+02 3.417852172851562500e+02 3.411560363769531250e+02 3.406501159667968750e+02 3.428614196777343750e+02 3.451828918457031250e+02 3.467968444824218750e+02 3.479237365722656250e+02 3.488067321777343750e+02 3.495556335449218750e+02 3.502291564941406250e+02 3.508912048339843750e+02 3.515783691406250000e+02 3.522587280273437500e+02 3.529765930175781250e+02 3.537245788574218750e+02 3.544326782226562500e+02 3.551098022460937500e+02 3.558451843261718750e+02 3.567803649902343750e+02 3.579065856933593750e+02 3.592660217285156250e+02 3.602276000976562500e+02 3.608562316894531250e+02 3.614735107421875000e+02 3.619960632324218750e+02 3.624390258789062500e+02 3.628918762207031250e+02 3.633483886718750000e+02 3.636550292968750000e+02 3.637602844238281250e+02 3.637623291015625000e+02 3.637138671875000000e+02 3.636056823730468750e+02 3.634226684570312500e+02 3.631533508300781250e+02 3.627977600097656250e+02 3.623939514160156250e+02 3.618882751464843750e+02 3.612588500976562500e+02 3.605075378417968750e+02 3.594432373046875000e+02 3.573175659179687500e+02 3.559740905761718750e+02 3.565871887207031250e+02 3.580479125976562500e+02 3.594680175781250000e+02 3.606065368652343750e+02 3.616473693847656250e+02 3.625776672363281250e+02 3.634555358886718750e+02 3.643103332519531250e+02 3.651104431152343750e+02 3.658757324218750000e+02 3.666186828613281250e+02 3.673221435546875000e+02 3.680095214843750000e+02 3.686880493164062500e+02 3.691873474121093750e+02 3.694861755371093750e+02 3.699419250488281250e+02 3.704382019042968750e+02 3.706481323242187500e+02 3.706710815429687500e+02 3.707630310058593750e+02 3.709712524414062500e+02 3.712369689941406250e+02 3.715012512207031250e+02 3.717431640625000000e+02 3.719447021484375000e+02
2.816922607421875000e+02 2.814223327636718750e+02 2.810697937011718750e+02 2.803811950683593750e+02 2.799140930175781250e+02 2.796297912597656250e+02 2.794089965820312500e+02 2.793026123046875000e+02 2.793096313476562500e+02 2.792883911132812500e+02 2.795339660644531250e+02 2.804689025878906250e+02 2.835407714843750000e+02 2.857168884277343750e+02 2.825179138183593750e+02 2.787725219726562500e+02 2.772016906738281250e+02 2.770297241210937500e+02 2.784051513671875000e+02 2.819276733398437500e+02 2.832985534667968750e+02 2.791786804199218750e+02 2.759190368652343750e+02 2.748697509765625000e+02 2.754388732910156250e+02 2.767467041015625000e+02 2.776604003906250000e+02 2.780430603027343750e+02 2.782727661132812500e+02 2.777203369140625000e+02 2.765573425292968750e+02 2.784286804199218750e+02 2.908053588867187500e+02 3.021823120117187500e+02 3.035951232910156250e+02 3.030620422363281250e+02 3.019985046386718750e+02 3.030881042480468750e+02 3.041988220214843750e+02 3.048900146484375000e+02 3.054273681640625000e+02 3.060130615234375000e+02 3.066694946289062500e+02 3.073125610351562500e+02 3.078984985351562500e+02 3.083910827636718750e+02 3.087547302246093750e+02 3.088661499023437500e+02 3.088400878906250000e+02 3.087008056640625000e+02 3.084414062500000000e+02 3.079792480468750000e+02 3.073903503417968750e+02 3.069197998046875000e+02 3.068468322753906250e+02 3.072935485839843750e+02 3.080100708007812500e+02 3.088333740234375000e+02 3.095796203613281250e+02 3.102849121093750000e+02 3.115287475585937500e+02 3.128898925781250000e+02 3.139366760253906250e+02 3.153105468750000000e+02 3.193201599121093750e+02 3.284485778808593750e+02 3.367283325195312500e+02 3.396426696777343750e+02 3.417770690917968750e+02 3.413871154785156250e+02 3.401480712890625000e+02 3.378230895996093750e+02 3.402710266113281250e+02 3.429208679199218750e+02 3.449205932617187500e+02 3.463231811523437500e+02 3.473099060058593750e+02 3.481073608398437500e+02 3.487904357910156250e+02 3.494416198730468750e+02 3.501047363281250000e+02 3.508011474609375000e+02 3.514958496093750000e+02 3.522414245605468750e+02 3.529514770507812500e+02 3.535818786621093750e+02 3.541432189941406250e+02 3.547917480468750000e+02 3.556442565917968750e+02 3.567253723144531250e+02 3.582188415527343750e+02 3.598016662597656250e+02 3.606921081542968750e+02 3.613742370605468750e+02 3.618722534179687500e+02 3.622925109863281250e+02 3.627233276367187500e+02 3.630752868652343750e+02 3.632703552246093750e+02 3.633706970214843750e+02 3.634382629394531250e+02 3.634660034179687500e+02 3.634216308593750000e+02 3.632836303710937500e+02 3.630493469238281250e+02 3.627300109863281250e+02 3.623695678710937500e+02 3.618957214355468750e+02 3.612686462402343750e+02 3.604582214355468750e+02 3.589479980468750000e+02 3.565730590820312500e+02 3.550096130371093750e+02 3.558314208984375000e+02 3.576763305664062500e+02 3.593712463378906250e+02 3.605947265625000000e+02 3.615870971679687500e+02 3.624800720214843750e+02 3.633266906738281250e+02 3.641544799804687500e+02 3.649299316406250000e+02 3.656775512695312500e+02 3.664224548339843750e+02 3.671337585449218750e+02 3.677846069335937500e+02 3.683406372070312500e+02 3.686544799804687500e+02 3.689241638183593750e+02 3.694384155273437500e+02 3.698469848632812500e+02 3.699514465332031250e+02 3.699737854003906250e+02 3.701068115234375000e+02 3.703374938964843750e+02 3.706023254394531250e+02 3.708551940917968750e+02 3.710834045410156250e+02 3.712687377929687500e+02
2.804694824218750000e+02 2.802396240234375000e+02 2.802363281250000000e+02 2.800581359863281250e+02 2.797982482910156250e+02 2.795992126464843750e+02 2.794366760253906250e+02 2.793836975097656250e+02 2.795030212402343750e+02 2.797697753906250000e+02 2.808534240722656250e+02 2.832279052734375000e+02 2.869544372558593750e+02 2.893972167968750000e+02 2.878520202636718750e+02 2.854048767089843750e+02 2.842922058105468750e+02 2.847920227050781250e+02 2.894025573730468750e+02 2.953731689453125000e+02 2.947973022460937500e+02 2.931028137207031250e+02 2.836545410156250000e+02 2.761366882324218750e+02 2.755006103515625000e+02 2.767434692382812500e+02 2.779488525390625000e+02 2.785021667480468750e+02 2.788794555664062500e+02 2.789242248535156250e+02 2.778456726074218750e+02 2.765391235351562500e+02 2.786129455566406250e+02 2.917527770996093750e+02 3.002098083496093750e+02 3.017257995605468750e+02 3.013388366699218750e+02 3.023867187500000000e+02 3.035067749023437500e+02 3.042752990722656250e+02 3.048852844238281250e+02 3.055093383789062500e+02 3.061699829101562500e+02 3.067971191406250000e+02 3.073665161132812500e+02 3.078398437500000000e+02 3.082149353027343750e+02 3.083207702636718750e+02 3.082789611816406250e+02 3.081311645507812500e+02 3.078649291992187500e+02 3.074560241699218750e+02 3.069019165039062500e+02 3.063758544921875000e+02 3.061711120605468750e+02 3.064843444824218750e+02 3.071743469238281250e+02 3.080153503417968750e+02 3.088824462890625000e+02 3.096731872558593750e+02 3.105014343261718750e+02 3.117167358398437500e+02 3.131394042968750000e+02 3.144407653808593750e+02 3.156144714355468750e+02 3.173760986328125000e+02 3.202098388671875000e+02 3.260145263671875000e+02 3.340903320312500000e+02 3.333764343261718750e+02 3.327774658203125000e+02 3.382968750000000000e+02 3.425465698242187500e+02 3.438147583007812500e+02 3.449259948730468750e+02 3.459128417968750000e+02 3.466887817382812500e+02 3.473526306152343750e+02 3.480186767578125000e+02 3.486717834472656250e+02 3.493316955566406250e+02 3.500225219726562500e+02 3.507188720703125000e+02 3.514619445800781250e+02 3.520917358398437500e+02 3.526062927246093750e+02 3.530091247558593750e+02 3.534487304687500000e+02 3.540028686523437500e+02 3.547434387207031250e+02 3.562041931152343750e+02 3.587257385253906250e+02 3.605473327636718750e+02 3.613575134277343750e+02 3.618173522949218750e+02 3.621805114746093750e+02 3.625145874023437500e+02 3.627483520507812500e+02 3.629090270996093750e+02 3.630534973144531250e+02 3.631816406250000000e+02 3.632809753417968750e+02 3.633116149902343750e+02 3.632327270507812500e+02 3.630352478027343750e+02 3.627426147460937500e+02 3.623924560546875000e+02 3.619336242675781250e+02 3.613196105957031250e+02 3.605097045898437500e+02 3.586014404296875000e+02 3.557636718750000000e+02 3.540455322265625000e+02 3.551963806152343750e+02 3.576199340820312500e+02 3.595745544433593750e+02 3.606671142578125000e+02 3.616146545410156250e+02 3.624585876464843750e+02 3.632615051269531250e+02 3.640559387207031250e+02 3.648123168945312500e+02 3.655540466308593750e+02 3.662919921875000000e+02 3.669474792480468750e+02 3.674826660156250000e+02 3.678857116699218750e+02 3.680733032226562500e+02 3.683941040039062500e+02 3.689367370605468750e+02 3.692345581054687500e+02 3.692673339843750000e+02 3.693109130859375000e+02 3.694816284179687500e+02 3.697212219238281250e+02 3.699806213378906250e+02 3.702239379882812500e+02 3.704382934570312500e+02 3.706087951660156250e+02
2.798405456542968750e+02 2.797714538574218750e+02 2.798062133789062500e+02 2.797854919433593750e+02 2.796936950683593750e+02 2.796057434082031250e+02 2.795288085937500000e+02 2.794914855957031250e+02 2.796804809570312500e+02 2.814615173339843750e+02 2.840506286621093750e+02 2.865750427246093750e+02 2.899938659667968750e+02 2.931391296386718750e+02 2.945798034667968750e+02 2.973250427246093750e+02 3.020947265625000000e+02 3.044140930175781250e+02 3.056212463378906250e+02 3.066382141113281250e+02 3.059229125976562500e+02 3.093195190429687500e+02 3.066814575195312500e+02 2.880625000000000000e+02 2.775686035156250000e+02 2.763502502441406250e+02 2.770714416503906250e+02 2.777022705078125000e+02 2.779304809570312500e+02 2.782552185058593750e+02 2.782269897460937500e+02 2.774871826171875000e+02 2.767364501953125000e+02 2.784445495605468750e+02 2.873630981445312500e+02 2.994994812011718750e+02 3.016240539550781250e+02 3.020719909667968750e+02 3.029520874023437500e+02 3.037238769531250000e+02 3.043600158691406250e+02 3.049787292480468750e+02 3.056109619140625000e+02 3.062010192871093750e+02 3.067415466308593750e+02 3.072040405273437500e+02 3.075888061523437500e+02 3.077519226074218750e+02 3.077346801757812500e+02 3.075971374511718750e+02 3.072965698242187500e+02 3.068955993652343750e+02 3.063994140625000000e+02 3.058889770507812500e+02 3.056174926757812500e+02 3.058142089843750000e+02 3.064096069335937500e+02 3.072574768066406250e+02 3.081184692382812500e+02 3.090273742675781250e+02 3.099277038574218750e+02 3.108512573242187500e+02 3.121722106933593750e+02 3.137452392578125000e+02 3.149533996582031250e+02 3.152371520996093750e+02 3.159371948242187500e+02 3.174522094726562500e+02 3.202741699218750000e+02 3.264753417968750000e+02 3.368130187988281250e+02 3.427693481445312500e+02 3.438081054687500000e+02 3.442749328613281250e+02 3.448264770507812500e+02 3.454633483886718750e+02 3.460356140136718750e+02 3.466087036132812500e+02 3.472437438964843750e+02 3.478893432617187500e+02 3.485393066406250000e+02 3.492110900878906250e+02 3.498904418945312500e+02 3.506003112792968750e+02 3.511123657226562500e+02 3.514392089843750000e+02 3.516028747558593750e+02 3.516572265625000000e+02 3.514946899414062500e+02 3.512541198730468750e+02 3.523795471191406250e+02 3.561860961914062500e+02 3.601388854980468750e+02 3.613686218261718750e+02 3.617373962402343750e+02 3.619761352539062500e+02 3.621926574707031250e+02 3.623939514160156250e+02 3.625993347167968750e+02 3.628038024902343750e+02 3.629839172363281250e+02 3.631459350585937500e+02 3.632543334960937500e+02 3.632444458007812500e+02 3.630926818847656250e+02 3.628186950683593750e+02 3.624454650878906250e+02 3.619564208984375000e+02 3.613150939941406250e+02 3.604820251464843750e+02 3.581977233886718750e+02 3.545740356445312500e+02 3.529287109375000000e+02 3.548663940429687500e+02 3.579222717285156250e+02 3.598911437988281250e+02 3.608762817382812500e+02 3.617151489257812500e+02 3.624838256835937500e+02 3.632359924316406250e+02 3.639996643066406250e+02 3.647354736328125000e+02 3.654481506347656250e+02 3.661152038574218750e+02 3.666299743652343750e+02 3.670123901367187500e+02 3.672993774414062500e+02 3.674720764160156250e+02 3.678871765136718750e+02 3.684028015136718750e+02 3.685856628417968750e+02 3.685807495117187500e+02 3.686607666015625000e+02 3.688619384765625000e+02 3.691009521484375000e+02 3.693531799316406250e+02 3.695897216796875000e+02 3.697904357910156250e+02 3.699456787109375000e+02
2.795627136230468750e+02 2.795559997558593750e+02 2.795909729003906250e+02 2.796195678710937500e+02 2.796442260742187500e+02 2.796401062011718750e+02 2.796879882812500000e+02 2.797921752929687500e+02 2.799271545410156250e+02 2.827928466796875000e+02 2.863412475585937500e+02 2.895822143554687500e+02 2.928739624023437500e+02 2.959455261230468750e+02 2.986223449707031250e+02 3.060126037597656250e+02 3.151787719726562500e+02 3.207822570800781250e+02 3.210354309082031250e+02 3.171046752929687500e+02 3.154233398437500000e+02 3.226394348144531250e+02 3.382283630371093750e+02 3.308601379394531250e+02 3.044637145996093750e+02 2.862999267578125000e+02 2.789337768554687500e+02 2.770822753906250000e+02 2.767938232421875000e+02 2.768407592773437500e+02 2.773190307617187500e+02 2.778332824707031250e+02 2.779369812011718750e+02 2.767885437011718750e+02 2.770835876464843750e+02 2.880385742187500000e+02 3.016254882812500000e+02 3.024026489257812500e+02 3.027778015136718750e+02 3.033677673339843750e+02 3.039024353027343750e+02 3.044326171875000000e+02 3.049935607910156250e+02 3.055330810546875000e+02 3.060357666015625000e+02 3.064927062988281250e+02 3.068940124511718750e+02 3.071365356445312500e+02 3.071298522949218750e+02 3.070609130859375000e+02 3.067561645507812500e+02 3.063156738281250000e+02 3.058404235839843750e+02 3.053760375976562500e+02 3.051086120605468750e+02 3.052231140136718750e+02 3.057164916992187500e+02 3.064978942871093750e+02 3.073816528320312500e+02 3.082527160644531250e+02 3.092473144531250000e+02 3.102651062011718750e+02 3.112683410644531250e+02 3.124999694824218750e+02 3.136771545410156250e+02 3.136146850585937500e+02 3.137908935546875000e+02 3.154042358398437500e+02 3.190688781738281250e+02 3.331889648437500000e+02 3.430463256835937500e+02 3.443421020507812500e+02 3.443570251464843750e+02 3.443847961425781250e+02 3.445239562988281250e+02 3.448408813476562500e+02 3.452585144042968750e+02 3.457909851074218750e+02 3.464241943359375000e+02 3.470626525878906250e+02 3.476889648437500000e+02 3.483298645019531250e+02 3.489751281738281250e+02 3.496333618164062500e+02 3.500070800781250000e+02 3.500986633300781250e+02 3.499237060546875000e+02 3.493797302246093750e+02 3.479836425781250000e+02 3.456327514648437500e+02 3.458165893554687500e+02 3.522070922851562500e+02 3.593014831542968750e+02 3.613348999023437500e+02 3.614898376464843750e+02 3.616021423339843750e+02 3.617986145019531250e+02 3.620586853027343750e+02 3.623409423828125000e+02 3.626101379394531250e+02 3.628414611816406250e+02 3.630602111816406250e+02 3.632410583496093750e+02 3.633027343750000000e+02 3.632058105468750000e+02 3.629520263671875000e+02 3.625466613769531250e+02 3.620083618164062500e+02 3.613024902343750000e+02 3.601571655273437500e+02 3.573496398925781250e+02 3.532961425781250000e+02 3.519988708496093750e+02 3.548152160644531250e+02 3.585094299316406250e+02 3.604460754394531250e+02 3.611556701660156250e+02 3.618387145996093750e+02 3.625209960937500000e+02 3.632171936035156250e+02 3.639350280761718750e+02 3.646116943359375000e+02 3.652066650390625000e+02 3.657076110839843750e+02 3.660786743164062500e+02 3.664013671875000000e+02 3.666433105468750000e+02 3.668690185546875000e+02 3.673719482421875000e+02 3.678144226074218750e+02 3.678945922851562500e+02 3.678836669921875000e+02 3.680068664550781250e+02 3.682242431640625000e+02 3.684570312500000000e+02 3.687028198242187500e+02 3.689317626953125000e+02 3.691180114746093750e+02 3.692570190429687500e+02
2.793830261230468750e+02 2.793782958984375000e+02 2.794444580078125000e+02 2.795331726074218750e+02 2.796295776367187500e+02 2.796636352539062500e+02 2.799441223144531250e+02 2.810593872070312500e+02 2.821278076171875000e+02 2.847784729003906250e+02 2.878607788085937500e+02 2.912146911621093750e+02 2.947460632324218750e+02 2.985706176757812500e+02 3.036147155761718750e+02 3.135960388183593750e+02 3.259404907226562500e+02 3.369035949707031250e+02 3.361559143066406250e+02 3.312771911621093750e+02 3.316293334960937500e+02 3.424541015625000000e+02 3.574309387207031250e+02 3.545570373535156250e+02 3.472182006835937500e+02 3.215984191894531250e+02 3.019881896972656250e+02 2.901286621093750000e+02 2.824166259765625000e+02 2.778961486816406250e+02 2.771262817382812500e+02 2.775187377929687500e+02 2.785217895507812500e+02 2.782416687011718750e+02 2.769480895996093750e+02 2.811187438964843750e+02 2.992422180175781250e+02 3.023337097167968750e+02 3.030054626464843750e+02 3.033606262207031250e+02 3.036046752929687500e+02 3.039345397949218750e+02 3.043770751953125000e+02 3.048590087890625000e+02 3.053294677734375000e+02 3.057841491699218750e+02 3.062077331542968750e+02 3.065387878417968750e+02 3.065538940429687500e+02 3.065544433593750000e+02 3.062824401855468750e+02 3.057953796386718750e+02 3.052820739746093750e+02 3.048247680664062500e+02 3.045639038085937500e+02 3.046367492675781250e+02 3.050565185546875000e+02 3.057843017578125000e+02 3.066361999511718750e+02 3.075304260253906250e+02 3.084552917480468750e+02 3.094268798828125000e+02 3.103377380371093750e+02 3.111032104492187500e+02 3.117557983398437500e+02 3.114473266601562500e+02 3.117131042480468750e+02 3.136640319824218750e+02 3.175928039550781250e+02 3.310716552734375000e+02 3.426452026367187500e+02 3.443523864746093750e+02 3.443609924316406250e+02 3.441864318847656250e+02 3.440286254882812500e+02 3.440935668945312500e+02 3.444265136718750000e+02 3.449574890136718750e+02 3.455979614257812500e+02 3.462227172851562500e+02 3.468123474121093750e+02 3.474162902832031250e+02 3.480151977539062500e+02 3.486257019042968750e+02 3.488786926269531250e+02 3.487559204101562500e+02 3.482594604492187500e+02 3.471462097167968750e+02 3.448687438964843750e+02 3.410481567382812500e+02 3.411819458007812500e+02 3.499115600585937500e+02 3.588619384765625000e+02 3.610379028320312500e+02 3.610007629394531250e+02 3.609918823242187500e+02 3.613428039550781250e+02 3.617765502929687500e+02 3.621580200195312500e+02 3.624862365722656250e+02 3.627628173828125000e+02 3.630284118652343750e+02 3.632665710449218750e+02 3.633887939453125000e+02 3.633482360839843750e+02 3.631315002441406250e+02 3.627357788085937500e+02 3.621707763671875000e+02 3.614313049316406250e+02 3.601396789550781250e+02 3.566146240234375000e+02 3.520433044433593750e+02 3.511568908691406250e+02 3.547418212890625000e+02 3.589985351562500000e+02 3.607324523925781250e+02 3.613291320800781250e+02 3.618928833007812500e+02 3.624991455078125000e+02 3.631252441406250000e+02 3.637427062988281250e+02 3.642718811035156250e+02 3.646959228515625000e+02 3.650751037597656250e+02 3.654134216308593750e+02 3.657586059570312500e+02 3.659940185546875000e+02 3.663083496093750000e+02 3.668518981933593750e+02 3.671942749023437500e+02 3.672051086425781250e+02 3.672178039550781250e+02 3.673822021484375000e+02 3.676016540527343750e+02 3.678283081054687500e+02 3.680702514648437500e+02 3.682868347167968750e+02 3.684555358886718750e+02 3.685779418945312500e+02
2.792290344238281250e+02 2.792339172363281250e+02 2.793431701660156250e+02 2.795043640136718750e+02 2.796820068359375000e+02 2.797421875000000000e+02 2.803979492187500000e+02 2.827289733886718750e+02 2.847429504394531250e+02 2.869664306640625000e+02 2.894813537597656250e+02 2.922793273925781250e+02 2.951314086914062500e+02 2.996671142578125000e+02 3.103822631835937500e+02 3.213551635742187500e+02 3.383143310546875000e+02 3.563765563964843750e+02 3.589547119140625000e+02 3.560464782714843750e+02 3.567919616699218750e+02 3.611169433593750000e+02 3.620507507324218750e+02 3.595929870605468750e+02 3.600128173828125000e+02 3.523088684082031250e+02 3.321316223144531250e+02 3.170746459960937500e+02 3.039635314941406250e+02 2.894906311035156250e+02 2.825820007324218750e+02 2.795600280761718750e+02 2.787557067871093750e+02 2.790057983398437500e+02 2.783230895996093750e+02 2.794860229492187500e+02 2.872424011230468750e+02 2.961488647460937500e+02 3.028227539062500000e+02 3.036766357421875000e+02 3.035120544433593750e+02 3.035163879394531250e+02 3.037817382812500000e+02 3.041863708496093750e+02 3.046280212402343750e+02 3.050832519531250000e+02 3.055369567871093750e+02 3.059398803710937500e+02 3.059831542968750000e+02 3.060263366699218750e+02 3.058291015625000000e+02 3.053323974609375000e+02 3.047516479492187500e+02 3.042435913085937500e+02 3.039525756835937500e+02 3.039897766113281250e+02 3.043619689941406250e+02 3.050412597656250000e+02 3.058736572265625000e+02 3.067438354492187500e+02 3.076296386718750000e+02 3.084330444335937500e+02 3.090741271972656250e+02 3.095959167480468750e+02 3.097259521484375000e+02 3.090933227539062500e+02 3.095209350585937500e+02 3.116814270019531250e+02 3.151317138671875000e+02 3.237584533691406250e+02 3.379539489746093750e+02 3.429078369140625000e+02 3.436767272949218750e+02 3.435818176269531250e+02 3.433041687011718750e+02 3.432543334960937500e+02 3.435653076171875000e+02 3.441176452636718750e+02 3.447590637207031250e+02 3.453486328125000000e+02 3.458858947753906250e+02 3.464386596679687500e+02 3.469773254394531250e+02 3.475357055664062500e+02 3.477313842773437500e+02 3.474708862304687500e+02 3.467725830078125000e+02 3.453924865722656250e+02 3.433078918457031250e+02 3.400587463378906250e+02 3.388743286132812500e+02 3.473343811035156250e+02 3.573886108398437500e+02 3.605856323242187500e+02 3.603880004882812500e+02 3.602115783691406250e+02 3.609248657226562500e+02 3.615945129394531250e+02 3.620731811523437500e+02 3.624445800781250000e+02 3.627482604980468750e+02 3.630437011718750000e+02 3.633217468261718750e+02 3.634903564453125000e+02 3.635041809082031250e+02 3.633394775390625000e+02 3.630246887207031250e+02 3.624660034179687500e+02 3.616215515136718750e+02 3.601563720703125000e+02 3.562063293457031250e+02 3.510337524414062500e+02 3.503295898437500000e+02 3.543525085449218750e+02 3.590202026367187500e+02 3.608851318359375000e+02 3.613280334472656250e+02 3.618059082031250000e+02 3.623443603515625000e+02 3.628674926757812500e+02 3.633143310546875000e+02 3.636604309082031250e+02 3.639760131835937500e+02 3.643256530761718750e+02 3.646924133300781250e+02 3.650720520019531250e+02 3.653256530761718750e+02 3.657530517578125000e+02 3.663042297363281250e+02 3.665354614257812500e+02 3.665100402832031250e+02 3.665664672851562500e+02 3.667601013183593750e+02 3.669736022949218750e+02 3.671969909667968750e+02 3.674323425292968750e+02 3.676276855468750000e+02 3.677728576660156250e+02 3.678785095214843750e+02
2.790795898437500000e+02 2.790967102050781250e+02 2.792476806640625000e+02 2.794988708496093750e+02 2.798598937988281250e+02 2.803201904296875000e+02 2.815173645019531250e+02 2.839977416992187500e+02 2.866570434570312500e+02 2.892482604980468750e+02 2.915758666992187500e+02 2.939394836425781250e+02 2.962926940917968750e+02 3.031434936523437500e+02 3.188689880371093750e+02 3.323528137207031250e+02 3.531864318847656250e+02 3.637149353027343750e+02 3.649389648437500000e+02 3.649316101074218750e+02 3.656930236816406250e+02 3.647832336425781250e+02 3.633806457519531250e+02 3.626827087402343750e+02 3.628258361816406250e+02 3.620369567871093750e+02 3.543981628417968750e+02 3.333207397460937500e+02 3.163677978515625000e+02 3.046333618164062500e+02 2.989644165039062500e+02 2.907851867675781250e+02 2.827921142578125000e+02 2.799406433105468750e+02 2.790623168945312500e+02 2.781275634765625000e+02 2.774584960937500000e+02 2.814395751953125000e+02 2.975142211914062500e+02 3.037891235351562500e+02 3.036569824218750000e+02 3.032540283203125000e+02 3.032569580078125000e+02 3.035332031250000000e+02 3.039246826171875000e+02 3.043792114257812500e+02 3.048583679199218750e+02 3.053388061523437500e+02 3.053886718750000000e+02 3.054588012695312500e+02 3.053532104492187500e+02 3.048969726562500000e+02 3.042609863281250000e+02 3.036678161621093750e+02 3.033023071289062500e+02 3.032805480957031250e+02 3.036062622070312500e+02 3.042463684082031250e+02 3.050538940429687500e+02 3.058991699218750000e+02 3.066988830566406250e+02 3.073440551757812500e+02 3.077349853515625000e+02 3.078824157714843750e+02 3.076740417480468750e+02 3.067614135742187500e+02 3.068970031738281250e+02 3.090620117187500000e+02 3.125187072753906250e+02 3.179437561035156250e+02 3.288486633300781250e+02 3.390166625976562500e+02 3.421179809570312500e+02 3.424714355468750000e+02 3.423394775390625000e+02 3.423214721679687500e+02 3.426943664550781250e+02 3.432876892089843750e+02 3.439051513671875000e+02 3.444308166503906250e+02 3.449002380371093750e+02 3.453854675292968750e+02 3.458454895019531250e+02 3.463081970214843750e+02 3.465244445800781250e+02 3.462438354492187500e+02 3.455203857421875000e+02 3.442365112304687500e+02 3.426280517578125000e+02 3.407912597656250000e+02 3.360066528320312500e+02 3.435101928710937500e+02 3.550614318847656250e+02 3.601261291503906250e+02 3.596720886230468750e+02 3.601123046875000000e+02 3.609916992187500000e+02 3.616711730957031250e+02 3.621474609375000000e+02 3.625117187500000000e+02 3.628077697753906250e+02 3.631038818359375000e+02 3.633981323242187500e+02 3.635963745117187500e+02 3.636531066894531250e+02 3.635411376953125000e+02 3.633276062011718750e+02 3.628458862304687500e+02 3.619210510253906250e+02 3.604398193359375000e+02 3.564282226562500000e+02 3.503370971679687500e+02 3.492121276855468750e+02 3.533372192382812500e+02 3.585053405761718750e+02 3.606549987792968750e+02 3.610588073730468750e+02 3.615133056640625000e+02 3.619968872070312500e+02 3.624073181152343750e+02 3.626737976074218750e+02 3.628131103515625000e+02 3.630290527343750000e+02 3.634163818359375000e+02 3.638819274902343750e+02 3.643041687011718750e+02 3.646256713867187500e+02 3.651789245605468750e+02 3.657072753906250000e+02 3.658357543945312500e+02 3.658044433593750000e+02 3.659106750488281250e+02 3.661158752441406250e+02 3.663219909667968750e+02 3.665428771972656250e+02 3.667575683593750000e+02 3.669150390625000000e+02 3.670268859863281250e+02 3.671173706054687500e+02
2.789498291015625000e+02 2.789783935546875000e+02 2.791387023925781250e+02 2.794409484863281250e+02 2.800056762695312500e+02 2.812236022949218750e+02 2.827902526855468750e+02 2.848948974609375000e+02 2.877124938964843750e+02 2.907721557617187500e+02 2.935719299316406250e+02 2.961897583007812500e+02 2.993254699707031250e+02 3.097781677246093750e+02 3.252334594726562500e+02 3.420410461425781250e+02 3.584243469238281250e+02 3.631839904785156250e+02 3.643254394531250000e+02 3.650413818359375000e+02 3.665360412597656250e+02 3.668778991699218750e+02 3.659654541015625000e+02 3.652273864746093750e+02 3.645566406250000000e+02 3.639128417968750000e+02 3.627967224121093750e+02 3.489357299804687500e+02 3.299176940917968750e+02 3.160221557617187500e+02 3.080389709472656250e+02 2.989876708984375000e+02 2.908857116699218750e+02 2.856811828613281250e+02 2.816549682617187500e+02 2.787455444335937500e+02 2.771801757812500000e+02 2.773268432617187500e+02 2.878651733398437500e+02 3.015047607421875000e+02 3.036652526855468750e+02 3.031951599121093750e+02 3.028879699707031250e+02 3.029665527343750000e+02 3.032582702636718750e+02 3.036939392089843750e+02 3.041813659667968750e+02 3.047532043457031250e+02 3.048145751953125000e+02 3.048905334472656250e+02 3.048685607910156250e+02 3.044850463867187500e+02 3.038332519531250000e+02 3.031643981933593750e+02 3.027089843750000000e+02 3.026093444824218750e+02 3.028755493164062500e+02 3.034846191406250000e+02 3.042780761718750000e+02 3.050843505859375000e+02 3.058048400878906250e+02 3.062976074218750000e+02 3.064875793457031250e+02 3.063338317871093750e+02 3.058021850585937500e+02 3.046582641601562500e+02 3.040101318359375000e+02 3.055639953613281250e+02 3.093366699218750000e+02 3.143656921386718750e+02 3.211494140625000000e+02 3.311690673828125000e+02 3.383466796875000000e+02 3.405918579101562500e+02 3.412933654785156250e+02 3.414695129394531250e+02 3.420380554199218750e+02 3.426379699707031250e+02 3.431567382812500000e+02 3.435822143554687500e+02 3.439711608886718750e+02 3.443639831542968750e+02 3.447250976562500000e+02 3.450232543945312500e+02 3.452652282714843750e+02 3.451098937988281250e+02 3.445755004882812500e+02 3.435632629394531250e+02 3.424113464355468750e+02 3.414635314941406250e+02 3.352615966796875000e+02 3.395501403808593750e+02 3.496606445312500000e+02 3.564452514648437500e+02 3.584470520019531250e+02 3.609701538085937500e+02 3.615972900390625000e+02 3.620327453613281250e+02 3.623851623535156250e+02 3.626779174804687500e+02 3.629281921386718750e+02 3.631947021484375000e+02 3.634790954589843750e+02 3.636853332519531250e+02 3.637590332031250000e+02 3.636864929199218750e+02 3.635116271972656250e+02 3.631240234375000000e+02 3.622925720214843750e+02 3.609482116699218750e+02 3.566866149902343750e+02 3.499196472167968750e+02 3.478371276855468750e+02 3.514295959472656250e+02 3.563614501953125000e+02 3.597050781250000000e+02 3.605106811523437500e+02 3.609884033203125000e+02 3.615222778320312500e+02 3.618632202148437500e+02 3.619272155761718750e+02 3.617239074707031250e+02 3.618116455078125000e+02 3.623908691406250000e+02 3.630284423828125000e+02 3.635151367187500000e+02 3.639745178222656250e+02 3.646339416503906250e+02 3.650955810546875000e+02 3.651384582519531250e+02 3.651309509277343750e+02 3.652784729003906250e+02 3.654823608398437500e+02 3.656851196289062500e+02 3.658948669433593750e+02 3.660634765625000000e+02 3.661622009277343750e+02 3.662311096191406250e+02 3.663119201660156250e+02
2.788610839843750000e+02 2.789186706542968750e+02 2.790846862792968750e+02 2.795436401367187500e+02 2.807356262207031250e+02 2.822387390136718750e+02 2.839074707031250000e+02 2.858419799804687500e+02 2.883468933105468750e+02 2.915321960449218750e+02 2.947591552734375000e+02 2.980615539550781250e+02 3.030827636718750000e+02 3.136253662109375000e+02 3.307277221679687500e+02 3.500040893554687500e+02 3.600385742187500000e+02 3.624276428222656250e+02 3.640325317382812500e+02 3.653690795898437500e+02 3.668779296875000000e+02 3.678890686035156250e+02 3.685003051757812500e+02 3.685268249511718750e+02 3.674570007324218750e+02 3.677415161132812500e+02 3.701519775390625000e+02 3.662204284667968750e+02 3.494696655273437500e+02 3.320777282714843750e+02 3.192524108886718750e+02 3.113895568847656250e+02 3.015788574218750000e+02 2.954465637207031250e+02 2.889216918945312500e+02 2.801157836914062500e+02 2.779010009765625000e+02 2.768789367675781250e+02 2.779305725097656250e+02 2.887924804687500000e+02 3.014174194335937500e+02 3.031970825195312500e+02 3.026210937500000000e+02 3.024419250488281250e+02 3.025788269042968750e+02 3.029560241699218750e+02 3.034321899414062500e+02 3.041495361328125000e+02 3.042270507812500000e+02 3.042886962890625000e+02 3.043587341308593750e+02 3.040683593750000000e+02 3.034363098144531250e+02 3.027180786132812500e+02 3.021945495605468750e+02 3.020330505371093750e+02 3.022236633300781250e+02 3.028015747070312500e+02 3.035954895019531250e+02 3.043798522949218750e+02 3.050357971191406250e+02 3.053508605957031250e+02 3.053178710937500000e+02 3.049425048828125000e+02 3.042370605468750000e+02 3.029639587402343750e+02 3.012487182617187500e+02 3.012393493652343750e+02 3.051734924316406250e+02 3.102579040527343750e+02 3.163139038085937500e+02 3.240569458007812500e+02 3.309219970703125000e+02 3.352876586914062500e+02 3.393115234375000000e+02 3.411495056152343750e+02 3.420361633300781250e+02 3.423910217285156250e+02 3.426636352539062500e+02 3.429343261718750000e+02 3.431940002441406250e+02 3.434200134277343750e+02 3.435978393554687500e+02 3.437168273925781250e+02 3.438798828125000000e+02 3.438715515136718750e+02 3.436598205566406250e+02 3.430384216308593750e+02 3.425605163574218750e+02 3.423544921875000000e+02 3.340093688964843750e+02 3.367176818847656250e+02 3.471401977539062500e+02 3.554858398437500000e+02 3.608684997558593750e+02 3.621378479003906250e+02 3.623505859375000000e+02 3.625397338867187500e+02 3.627239685058593750e+02 3.629007873535156250e+02 3.630760498046875000e+02 3.632927246093750000e+02 3.635501098632812500e+02 3.637466735839843750e+02 3.638169860839843750e+02 3.637550659179687500e+02 3.635765075683593750e+02 3.631970825195312500e+02 3.624317626953125000e+02 3.610173950195312500e+02 3.568624877929687500e+02 3.501151733398437500e+02 3.465461425781250000e+02 3.489179382324218750e+02 3.530910949707031250e+02 3.566343383789062500e+02 3.586651000976562500e+02 3.600581359863281250e+02 3.609701538085937500e+02 3.613401489257812500e+02 3.612874755859375000e+02 3.605398864746093750e+02 3.604752197265625000e+02 3.613954467773437500e+02 3.621866149902343750e+02 3.627540588378906250e+02 3.633917846679687500e+02 3.641051330566406250e+02 3.644476623535156250e+02 3.644325561523437500e+02 3.644693603515625000e+02 3.646407775878906250e+02 3.648401184082031250e+02 3.650429687500000000e+02 3.652189331054687500e+02 3.653005371093750000e+02 3.653092651367187500e+02 3.653237915039062500e+02 3.654072875976562500e+02
2.788446960449218750e+02 2.789859008789062500e+02 2.794126586914062500e+02 2.813771057128906250e+02 2.837364807128906250e+02 2.845775756835937500e+02 2.850041503906250000e+02 2.865295104980468750e+02 2.889526977539062500e+02 2.919613037109375000e+02 2.953561401367187500e+02 2.996010131835937500e+02 3.071359863281250000e+02 3.185536499023437500e+02 3.381657714843750000e+02 3.574974365234375000e+02 3.615410766601562500e+02 3.630982971191406250e+02 3.645712890625000000e+02 3.660012207031250000e+02 3.675161437988281250e+02 3.689432373046875000e+02 3.699722595214843750e+02 3.710977478027343750e+02 3.709822998046875000e+02 3.712144470214843750e+02 3.754047851562500000e+02 3.795937500000000000e+02 3.719118957519531250e+02 3.545442810058593750e+02 3.356143493652343750e+02 3.252518920898437500e+02 3.148942565917968750e+02 3.058505859375000000e+02 2.955560913085937500e+02 2.818287353515625000e+02 2.782074890136718750e+02 2.775167541503906250e+02 2.761886291503906250e+02 2.793525390625000000e+02 2.980194091796875000e+02 3.027996215820312500e+02 3.021746520996093750e+02 3.018273010253906250e+02 3.017952575683593750e+02 3.020502929687500000e+02 3.025160217285156250e+02 3.034492187500000000e+02 3.036088562011718750e+02 3.037038574218750000e+02 3.038282775878906250e+02 3.036358947753906250e+02 3.030619201660156250e+02 3.023311767578125000e+02 3.017951965332031250e+02 3.016506347656250000e+02 3.017548828125000000e+02 3.022908325195312500e+02 3.030875854492187500e+02 3.038901367187500000e+02 3.044833068847656250e+02 3.044966430664062500e+02 3.041001281738281250e+02 3.035803527832031250e+02 3.028735351562500000e+02 3.018138427734375000e+02 3.000302124023437500e+02 2.983531799316406250e+02 3.007121582031250000e+02 3.049296264648437500e+02 3.096228942871093750e+02 3.165912170410156250e+02 3.227276611328125000e+02 3.260675659179687500e+02 3.348631591796875000e+02 3.425870666503906250e+02 3.430716552734375000e+02 3.428217163085937500e+02 3.427729797363281250e+02 3.428174133300781250e+02 3.427768249511718750e+02 3.425849609375000000e+02 3.423898010253906250e+02 3.423858337402343750e+02 3.424552612304687500e+02 3.423646545410156250e+02 3.423743286132812500e+02 3.424634704589843750e+02 3.426036987304687500e+02 3.429936828613281250e+02 3.351708984375000000e+02 3.308811035156250000e+02 3.449675903320312500e+02 3.589714965820312500e+02 3.625674743652343750e+02 3.629439086914062500e+02 3.630119628906250000e+02 3.630511169433593750e+02 3.630751953125000000e+02 3.631147460937500000e+02 3.631980590820312500e+02 3.633566589355468750e+02 3.635827636718750000e+02 3.637645568847656250e+02 3.638217163085937500e+02 3.637349243164062500e+02 3.635395202636718750e+02 3.631230773925781250e+02 3.623721008300781250e+02 3.609895629882812500e+02 3.571693420410156250e+02 3.508921813964843750e+02 3.459647827148437500e+02 3.462109985351562500e+02 3.496395568847656250e+02 3.527414855957031250e+02 3.552658996582031250e+02 3.578914489746093750e+02 3.599914855957031250e+02 3.608428344726562500e+02 3.611490173339843750e+02 3.601713867187500000e+02 3.599941711425781250e+02 3.606918640136718750e+02 3.614413452148437500e+02 3.620993347167968750e+02 3.628918762207031250e+02 3.635620117187500000e+02 3.637543945312500000e+02 3.637123718261718750e+02 3.637926025390625000e+02 3.639703369140625000e+02 3.641723022460937500e+02 3.643742370605468750e+02 3.644752807617187500e+02 3.644126586914062500e+02 3.642734375000000000e+02 3.642119750976562500e+02 3.643286437988281250e+02
2.789753723144531250e+02 2.792598266601562500e+02 2.804176940917968750e+02 2.848780822753906250e+02 2.886879882812500000e+02 2.890293273925781250e+02 2.875113830566406250e+02 2.872604064941406250e+02 2.891441040039062500e+02 2.920968017578125000e+02 2.953674621582031250e+02 3.000403747558593750e+02 3.086543579101562500e+02 3.192287597656250000e+02 3.386055603027343750e+02 3.571343994140625000e+02 3.623964843750000000e+02 3.635506286621093750e+02 3.647804870605468750e+02 3.661484680175781250e+02 3.676333618164062500e+02 3.693043823242187500e+02 3.709712219238281250e+02 3.725445251464843750e+02 3.738764343261718750e+02 3.744215393066406250e+02 3.764805297851562500e+02 3.798778076171875000e+02 3.798372497558593750e+02 3.661767883300781250e+02 3.443506164550781250e+02 3.320462341308593750e+02 3.244676513671875000e+02 3.170637512207031250e+02 3.041705017089843750e+02 2.867976989746093750e+02 2.786146850585937500e+02 2.781151428222656250e+02 2.769123535156250000e+02 2.775997924804687500e+02 2.910113220214843750e+02 2.996812744140625000e+02 3.009780273437500000e+02 3.008060607910156250e+02 3.008504943847656250e+02 3.009325866699218750e+02 3.014186401367187500e+02 3.025923767089843750e+02 3.029909057617187500e+02 3.031910095214843750e+02 3.033075256347656250e+02 3.032157592773437500e+02 3.027562561035156250e+02 3.020758361816406250e+02 3.015434265136718750e+02 3.014424743652343750e+02 3.015589599609375000e+02 3.020866394042968750e+02 3.028846740722656250e+02 3.037041931152343750e+02 3.041714172363281250e+02 3.036991577148437500e+02 3.026892089843750000e+02 3.020084228515625000e+02 3.013329772949218750e+02 3.000018310546875000e+02 2.972305908203125000e+02 2.953615722656250000e+02 2.969650573730468750e+02 2.989634094238281250e+02 3.014103393554687500e+02 3.063587341308593750e+02 3.124056396484375000e+02 3.156038208007812500e+02 3.241268615722656250e+02 3.384877319335937500e+02 3.422694396972656250e+02 3.432194213867187500e+02 3.436010131835937500e+02 3.434544067382812500e+02 3.428449096679687500e+02 3.418154296875000000e+02 3.409859924316406250e+02 3.410037231445312500e+02 3.412145690917968750e+02 3.407126159667968750e+02 3.404952087402343750e+02 3.416755065917968750e+02 3.426030578613281250e+02 3.426824645996093750e+02 3.314114074707031250e+02 3.272250061035156250e+02 3.413846435546875000e+02 3.579192504882812500e+02 3.625087280273437500e+02 3.632428283691406250e+02 3.634131774902343750e+02 3.633999023437500000e+02 3.633046875000000000e+02 3.632119750976562500e+02 3.632074279785156250e+02 3.633213195800781250e+02 3.635322570800781250e+02 3.637133178710937500e+02 3.637596435546875000e+02 3.636416320800781250e+02 3.634057617187500000e+02 3.629716491699218750e+02 3.622130432128906250e+02 3.609316101074218750e+02 3.574406433105468750e+02 3.519776306152343750e+02 3.468141784667968750e+02 3.442231750488281250e+02 3.465631408691406250e+02 3.490600891113281250e+02 3.516422424316406250e+02 3.549500122070312500e+02 3.580190734863281250e+02 3.596751403808593750e+02 3.606572570800781250e+02 3.592226867675781250e+02 3.599721679687500000e+02 3.601484069824218750e+02 3.609870605468750000e+02 3.616769104003906250e+02 3.624904479980468750e+02 3.630092773437500000e+02 3.630628662109375000e+02 3.630201416015625000e+02 3.631253356933593750e+02 3.633053894042968750e+02 3.635228881835937500e+02 3.637087402343750000e+02 3.637067260742187500e+02 3.634438476562500000e+02 3.630704040527343750e+02 3.628937377929687500e+02 3.631178894042968750e+02
2.794885559082031250e+02 2.806530151367187500e+02 2.841015014648437500e+02 2.894983520507812500e+02 2.943482360839843750e+02 2.949922180175781250e+02 2.915700683593750000e+02 2.892010803222656250e+02 2.895233154296875000e+02 2.919427185058593750e+02 2.951318664550781250e+02 3.000773925781250000e+02 3.096358337402343750e+02 3.214458007812500000e+02 3.420860595703125000e+02 3.587291259765625000e+02 3.623344421386718750e+02 3.633248596191406250e+02 3.644081726074218750e+02 3.656972961425781250e+02 3.671056518554687500e+02 3.687998962402343750e+02 3.705549926757812500e+02 3.724497070312500000e+02 3.746802673339843750e+02 3.763408508300781250e+02 3.778630676269531250e+02 3.800605468750000000e+02 3.808076782226562500e+02 3.707757568359375000e+02 3.514404296875000000e+02 3.390570068359375000e+02 3.337484130859375000e+02 3.271019897460937500e+02 3.127616271972656250e+02 2.946022644042968750e+02 2.843960571289062500e+02 2.797453002929687500e+02 2.773205566406250000e+02 2.776076660156250000e+02 2.834218444824218750e+02 2.925197448730468750e+02 2.962542724609375000e+02 2.976890258789062500e+02 2.992167968750000000e+02 2.998806152343750000e+02 3.004501342773437500e+02 3.017744750976562500e+02 3.023545532226562500e+02 3.026422729492187500e+02 3.027442932128906250e+02 3.028010864257812500e+02 3.025238037109375000e+02 3.020058898925781250e+02 3.015461120605468750e+02 3.014028320312500000e+02 3.016151733398437500e+02 3.022232055664062500e+02 3.030209960937500000e+02 3.037824707031250000e+02 3.040073547363281250e+02 3.029425964355468750e+02 3.010383605957031250e+02 2.999935302734375000e+02 2.976843566894531250e+02 2.954108276367187500e+02 2.931424865722656250e+02 2.914939880371093750e+02 2.921463317871093750e+02 2.937297668457031250e+02 2.956744079589843750e+02 2.981817626953125000e+02 3.016429443359375000e+02 3.052560119628906250e+02 3.099673461914062500e+02 3.189019470214843750e+02 3.284228820800781250e+02 3.370406188964843750e+02 3.416131591796875000e+02 3.418365783691406250e+02 3.415780334472656250e+02 3.407782897949218750e+02 3.388488769531250000e+02 3.387128906250000000e+02 3.387923278808593750e+02 3.381535644531250000e+02 3.384002685546875000e+02 3.407276916503906250e+02 3.423466491699218750e+02 3.416521301269531250e+02 3.268498229980468750e+02 3.244371643066406250e+02 3.422686157226562500e+02 3.553716735839843750e+02 3.616525268554687500e+02 3.631346435546875000e+02 3.634708557128906250e+02 3.634939575195312500e+02 3.633279418945312500e+02 3.630987243652343750e+02 3.630053405761718750e+02 3.631083374023437500e+02 3.633494262695312500e+02 3.635622558593750000e+02 3.636179504394531250e+02 3.634788818359375000e+02 3.632010498046875000e+02 3.627498474121093750e+02 3.619861755371093750e+02 3.608164367675781250e+02 3.578126525878906250e+02 3.527475585937500000e+02 3.472904052734375000e+02 3.433026733398437500e+02 3.437015991210937500e+02 3.443845825195312500e+02 3.471847534179687500e+02 3.519086914062500000e+02 3.556316833496093750e+02 3.567980346679687500e+02 3.565292358398437500e+02 3.556743469238281250e+02 3.581956481933593750e+02 3.598948669433593750e+02 3.608802185058593750e+02 3.614352111816406250e+02 3.621101989746093750e+02 3.624067687988281250e+02 3.623558044433593750e+02 3.623219909667968750e+02 3.624428710937500000e+02 3.626336669921875000e+02 3.628794555664062500e+02 3.630436706542968750e+02 3.629454650878906250e+02 3.624338684082031250e+02 3.617296447753906250e+02 3.612946472167968750e+02 3.618492736816406250e+02
2.810589904785156250e+02 2.842129516601562500e+02 2.887259216308593750e+02 2.944460449218750000e+02 2.992809753417968750e+02 2.995558166503906250e+02 2.952198791503906250e+02 2.918763427734375000e+02 2.907673034667968750e+02 2.919209594726562500e+02 2.947431945800781250e+02 3.000353088378906250e+02 3.119302978515625000e+02 3.303285217285156250e+02 3.482024536132812500e+02 3.591170959472656250e+02 3.618229370117187500e+02 3.627449951171875000e+02 3.636082153320312500e+02 3.647817077636718750e+02 3.661245727539062500e+02 3.676944580078125000e+02 3.693207702636718750e+02 3.712508850097656250e+02 3.737965087890625000e+02 3.755842590332031250e+02 3.767932128906250000e+02 3.781843261718750000e+02 3.794689636230468750e+02 3.772573852539062500e+02 3.632351074218750000e+02 3.500433044433593750e+02 3.438921813964843750e+02 3.397321777343750000e+02 3.241535034179687500e+02 3.032103271484375000e+02 2.941474304199218750e+02 2.872489929199218750e+02 2.785122680664062500e+02 2.772843627929687500e+02 2.800577392578125000e+02 2.847851562500000000e+02 2.884357299804687500e+02 2.918417968750000000e+02 2.959299316406250000e+02 2.996512756347656250e+02 3.005618286132812500e+02 3.013060913085937500e+02 3.017752685546875000e+02 3.020128784179687500e+02 3.021978149414062500e+02 3.024273986816406250e+02 3.023652648925781250e+02 3.021422424316406250e+02 3.019408569335937500e+02 3.018940734863281250e+02 3.021379699707031250e+02 3.027460021972656250e+02 3.035121765136718750e+02 3.040589599609375000e+02 3.038662719726562500e+02 3.027090454101562500e+02 3.009206542968750000e+02 3.002532958984375000e+02 2.957490844726562500e+02 2.903866271972656250e+02 2.885246887207031250e+02 2.872670593261718750e+02 2.873613281250000000e+02 2.884298095703125000e+02 2.900639953613281250e+02 2.922180786132812500e+02 2.950317077636718750e+02 2.976531677246093750e+02 2.998194580078125000e+02 3.045089416503906250e+02 3.109154663085937500e+02 3.174230346679687500e+02 3.217497558593750000e+02 3.228761901855468750e+02 3.275422668457031250e+02 3.357837829589843750e+02 3.347315063476562500e+02 3.336687011718750000e+02 3.334263305664062500e+02 3.335068359375000000e+02 3.347556762695312500e+02 3.377511291503906250e+02 3.410893249511718750e+02 3.416004028320312500e+02 3.257168273925781250e+02 3.233851318359375000e+02 3.424247436523437500e+02 3.549896850585937500e+02 3.615797729492187500e+02 3.626911315917968750e+02 3.630820312500000000e+02 3.633061523437500000e+02 3.630984802246093750e+02 3.626376037597656250e+02 3.623963012695312500e+02 3.625731201171875000e+02 3.629697875976562500e+02 3.632725524902343750e+02 3.633670959472656250e+02 3.632281494140625000e+02 3.629298706054687500e+02 3.624715270996093750e+02 3.617458190917968750e+02 3.607381591796875000e+02 3.586613464355468750e+02 3.540192260742187500e+02 3.485512390136718750e+02 3.438455200195312500e+02 3.414958496093750000e+02 3.401186218261718750e+02 3.434099121093750000e+02 3.494464111328125000e+02 3.532017211914062500e+02 3.528961791992187500e+02 3.522844848632812500e+02 3.534493713378906250e+02 3.572194519042968750e+02 3.603066101074218750e+02 3.608622436523437500e+02 3.612087097167968750e+02 3.616526184082031250e+02 3.617430419921875000e+02 3.616226501464843750e+02 3.615921630859375000e+02 3.617283020019531250e+02 3.619468688964843750e+02 3.622246093750000000e+02 3.623893432617187500e+02 3.622313232421875000e+02 3.615726623535156250e+02 3.607717895507812500e+02 3.597415161132812500e+02 3.610591735839843750e+02
2.835442810058593750e+02 2.874208984375000000e+02 2.920784606933593750e+02 2.973903808593750000e+02 3.003963012695312500e+02 2.998995056152343750e+02 2.966950988769531250e+02 2.940695495605468750e+02 2.926710510253906250e+02 2.925300598144531250e+02 2.944827270507812500e+02 2.982759399414062500e+02 3.106293029785156250e+02 3.336864013671875000e+02 3.482032470703125000e+02 3.565849609375000000e+02 3.605488891601562500e+02 3.616720581054687500e+02 3.622941894531250000e+02 3.635788574218750000e+02 3.648067016601562500e+02 3.661748962402343750e+02 3.678383178710937500e+02 3.700984802246093750e+02 3.725182189941406250e+02 3.736749877929687500e+02 3.739710998535156250e+02 3.743440551757812500e+02 3.762515869140625000e+02 3.796649475097656250e+02 3.756995239257812500e+02 3.626627502441406250e+02 3.542929077148437500e+02 3.483201904296875000e+02 3.290238647460937500e+02 3.102145996093750000e+02 3.020228271484375000e+02 2.999524536132812500e+02 2.853656921386718750e+02 2.770278625488281250e+02 2.776595458984375000e+02 2.793533935546875000e+02 2.819416198730468750e+02 2.856220397949218750e+02 2.910740966796875000e+02 2.978281555175781250e+02 3.003498229980468750e+02 3.007000427246093750e+02 3.011063842773437500e+02 3.015342712402343750e+02 3.019340209960937500e+02 3.021920166015625000e+02 3.023283996582031250e+02 3.024418640136718750e+02 3.025635070800781250e+02 3.027110595703125000e+02 3.029341125488281250e+02 3.033891601562500000e+02 3.040584106445312500e+02 3.039259338378906250e+02 3.021128540039062500e+02 3.001936645507812500e+02 2.981837463378906250e+02 2.936795349121093750e+02 2.877813110351562500e+02 2.846849365234375000e+02 2.836051635742187500e+02 2.830479431152343750e+02 2.830102539062500000e+02 2.837510681152343750e+02 2.848559265136718750e+02 2.865468444824218750e+02 2.890155029296875000e+02 2.918262329101562500e+02 2.941968994140625000e+02 2.971856384277343750e+02 3.007695922851562500e+02 3.063342285156250000e+02 3.098678283691406250e+02 3.119486389160156250e+02 3.165417480468750000e+02 3.246319580078125000e+02 3.286600646972656250e+02 3.283627624511718750e+02 3.284104309082031250e+02 3.290074157714843750e+02 3.301072387695312500e+02 3.322106628417968750e+02 3.360493774414062500e+02 3.350720214843750000e+02 3.192730712890625000e+02 3.220988159179687500e+02 3.410084838867187500e+02 3.586079101562500000e+02 3.617816467285156250e+02 3.606917419433593750e+02 3.620025024414062500e+02 3.630552368164062500e+02 3.627335815429687500e+02 3.616730346679687500e+02 3.610246887207031250e+02 3.615804443359375000e+02 3.624202880859375000e+02 3.628525695800781250e+02 3.629948730468750000e+02 3.628857116699218750e+02 3.625913696289062500e+02 3.621412963867187500e+02 3.615292358398437500e+02 3.609001770019531250e+02 3.596972656250000000e+02 3.553365783691406250e+02 3.498981323242187500e+02 3.451469726562500000e+02 3.420429992675781250e+02 3.393981933593750000e+02 3.427731018066406250e+02 3.480613403320312500e+02 3.509737548828125000e+02 3.493255920410156250e+02 3.484492797851562500e+02 3.481727294921875000e+02 3.558239746093750000e+02 3.612416381835937500e+02 3.609866638183593750e+02 3.608053894042968750e+02 3.611214599609375000e+02 3.610721130371093750e+02 3.609028930664062500e+02 3.608544616699218750e+02 3.610157470703125000e+02 3.612878723144531250e+02 3.615670776367187500e+02 3.617669982910156250e+02 3.616109008789062500e+02 3.610782165527343750e+02 3.604780578613281250e+02 3.586161499023437500e+02 3.611828918457031250e+02
2.858253479003906250e+02 2.898357543945312500e+02 2.942480163574218750e+02 2.988088378906250000e+02 3.003625793457031250e+02 2.998714599609375000e+02 2.975996704101562500e+02 2.966204833984375000e+02 2.953651733398437500e+02 2.943156433105468750e+02 2.953284301757812500e+02 2.980447692871093750e+02 3.069971008300781250e+02 3.279584960937500000e+02 3.450950622558593750e+02 3.521076049804687500e+02 3.566281433105468750e+02 3.585070495605468750e+02 3.606422424316406250e+02 3.620921020507812500e+02 3.630123596191406250e+02 3.641932067871093750e+02 3.661738891601562500e+02 3.690282287597656250e+02 3.711869506835937500e+02 3.715038757324218750e+02 3.707200622558593750e+02 3.696062011718750000e+02 3.697267761230468750e+02 3.740291442871093750e+02 3.792249450683593750e+02 3.779039916992187500e+02 3.687448120117187500e+02 3.598378601074218750e+02 3.351609497070312500e+02 3.139908142089843750e+02 3.089070739746093750e+02 3.066431274414062500e+02 2.952225646972656250e+02 2.806041564941406250e+02 2.773512573242187500e+02 2.774660644531250000e+02 2.787317504882812500e+02 2.805121154785156250e+02 2.841218261718750000e+02 2.916309814453125000e+02 2.987957458496093750e+02 3.003485412597656250e+02 3.010479736328125000e+02 3.017600708007812500e+02 3.019802856445312500e+02 3.022290649414062500e+02 3.025903320312500000e+02 3.029368896484375000e+02 3.031423339843750000e+02 3.032754516601562500e+02 3.029403076171875000e+02 3.021138610839843750e+02 3.019366760253906250e+02 2.975038146972656250e+02 2.891088256835937500e+02 2.862265930175781250e+02 2.850120849609375000e+02 2.819129333496093750e+02 2.797795715332031250e+02 2.795460205078125000e+02 2.797069396972656250e+02 2.799266357421875000e+02 2.799384155273437500e+02 2.803013305664062500e+02 2.807080993652343750e+02 2.816178588867187500e+02 2.835753479003906250e+02 2.862498168945312500e+02 2.886002197265625000e+02 2.910310363769531250e+02 2.945439758300781250e+02 2.987255249023437500e+02 3.019590148925781250e+02 3.052153625488281250e+02 3.121039428710937500e+02 3.202252807617187500e+02 3.227417297363281250e+02 3.234473571777343750e+02 3.241286621093750000e+02 3.246583862304687500e+02 3.249522399902343750e+02 3.243273010253906250e+02 3.268307189941406250e+02 3.229671630859375000e+02 3.132549743652343750e+02 3.223953857421875000e+02 3.401098937988281250e+02 3.575813903808593750e+02 3.554376525878906250e+02 3.516726074218750000e+02 3.599296875000000000e+02 3.631821899414062500e+02 3.624158325195312500e+02 3.599020080566406250e+02 3.576556396484375000e+02 3.597755737304687500e+02 3.616652526855468750e+02 3.622614440917968750e+02 3.624486999511718750e+02 3.624182434082031250e+02 3.621525878906250000e+02 3.616755065917968750e+02 3.611302185058593750e+02 3.608246154785156250e+02 3.601972656250000000e+02 3.564381713867187500e+02 3.507902526855468750e+02 3.460757141113281250e+02 3.425634155273437500e+02 3.380180053710937500e+02 3.427073669433593750e+02 3.469460754394531250e+02 3.489469909667968750e+02 3.468526306152343750e+02 3.445275268554687500e+02 3.407302551269531250e+02 3.526433410644531250e+02 3.622919616699218750e+02 3.610052795410156250e+02 3.600932922363281250e+02 3.605918273925781250e+02 3.603713684082031250e+02 3.601186828613281250e+02 3.600292968750000000e+02 3.602712707519531250e+02 3.606080322265625000e+02 3.607756347656250000e+02 3.610749816894531250e+02 3.610422973632812500e+02 3.610797424316406250e+02 3.605937805175781250e+02 3.573860473632812500e+02 3.613514709472656250e+02
2.885900268554687500e+02 2.923968505859375000e+02 2.958974914550781250e+02 2.995468444824218750e+02 3.002650451660156250e+02 2.998447570800781250e+02 2.992944030761718750e+02 2.991875915527343750e+02 2.977665710449218750e+02 2.963929748535156250e+02 2.969987487792968750e+02 2.993082275390625000e+02 3.048359375000000000e+02 3.172195739746093750e+02 3.373616943359375000e+02 3.469660949707031250e+02 3.503805236816406250e+02 3.530717163085937500e+02 3.571975402832031250e+02 3.594969177246093750e+02 3.604447631835937500e+02 3.612716674804687500e+02 3.641207885742187500e+02 3.673095397949218750e+02 3.695520629882812500e+02 3.694009704589843750e+02 3.676242065429687500e+02 3.647459411621093750e+02 3.614891357421875000e+02 3.640449523925781250e+02 3.705936279296875000e+02 3.759527587890625000e+02 3.765417785644531250e+02 3.683011474609375000e+02 3.450997619628906250e+02 3.188650207519531250e+02 3.155983581542968750e+02 3.160722961425781250e+02 3.070581665039062500e+02 2.951658935546875000e+02 2.867997131347656250e+02 2.791792602539062500e+02 2.775358886718750000e+02 2.779447631835937500e+02 2.790965881347656250e+02 2.821065368652343750e+02 2.875561828613281250e+02 2.918323974609375000e+02 2.967672119140625000e+02 3.002661437988281250e+02 3.016871643066406250e+02 3.028411865234375000e+02 3.033478393554687500e+02 3.033176574707031250e+02 3.022847290039062500e+02 3.001904602050781250e+02 2.942805175781250000e+02 2.883255310058593750e+02 2.853771057128906250e+02 2.807462463378906250e+02 2.771342773437500000e+02 2.774971008300781250e+02 2.781502990722656250e+02 2.783601074218750000e+02 2.783452453613281250e+02 2.785526733398437500e+02 2.788904113769531250e+02 2.791468505859375000e+02 2.792094726562500000e+02 2.793008728027343750e+02 2.794452819824218750e+02 2.795755920410156250e+02 2.800539550781250000e+02 2.813638305664062500e+02 2.827338256835937500e+02 2.838146667480468750e+02 2.864804992675781250e+02 2.903940734863281250e+02 2.935942993164062500e+02 2.970175781250000000e+02 3.042493896484375000e+02 3.119587707519531250e+02 3.159909973144531250e+02 3.180518188476562500e+02 3.191801147460937500e+02 3.191639709472656250e+02 3.190591735839843750e+02 3.182483215332031250e+02 3.191088256835937500e+02 3.148597412109375000e+02 3.094894104003906250e+02 3.181725463867187500e+02 3.303757324218750000e+02 3.407455444335937500e+02 3.374951171875000000e+02 3.398556213378906250e+02 3.533100585937500000e+02 3.609993591308593750e+02 3.613127746582031250e+02 3.561929321289062500e+02 3.520583496093750000e+02 3.552073364257812500e+02 3.596839599609375000e+02 3.611914367675781250e+02 3.616117553710937500e+02 3.618090515136718750e+02 3.616231384277343750e+02 3.610523986816406250e+02 3.603376159667968750e+02 3.605391540527343750e+02 3.603633728027343750e+02 3.571232910156250000e+02 3.514216308593750000e+02 3.466676940917968750e+02 3.430125427246093750e+02 3.366932678222656250e+02 3.424617614746093750e+02 3.459147338867187500e+02 3.466606445312500000e+02 3.446377258300781250e+02 3.425357971191406250e+02 3.396250000000000000e+02 3.516119384765625000e+02 3.625381164550781250e+02 3.607754516601562500e+02 3.591930236816406250e+02 3.598659973144531250e+02 3.593128662109375000e+02 3.587415771484375000e+02 3.586094055175781250e+02 3.589650573730468750e+02 3.592256164550781250e+02 3.594046325683593750e+02 3.602039184570312500e+02 3.605667114257812500e+02 3.612931823730468750e+02 3.611148376464843750e+02 3.572920532226562500e+02 3.616704711914062500e+02
2.925888977050781250e+02 2.963587646484375000e+02 2.989061584472656250e+02 3.002098083496093750e+02 3.004908752441406250e+02 3.003931884765625000e+02 3.003099975585937500e+02 3.001648559570312500e+02 2.991846313476562500e+02 2.985111083984375000e+02 2.989682617187500000e+02 3.027117614746093750e+02 3.082091979980468750e+02 3.156999511718750000e+02 3.300080566406250000e+02 3.419079895019531250e+02 3.447864990234375000e+02 3.479858703613281250e+02 3.515381774902343750e+02 3.538741760253906250e+02 3.558684997558593750e+02 3.595534973144531250e+02 3.627166748046875000e+02 3.653341369628906250e+02 3.677411193847656250e+02 3.677387695312500000e+02 3.656440124511718750e+02 3.626910705566406250e+02 3.599526062011718750e+02 3.595577087402343750e+02 3.611597290039062500e+02 3.626048889160156250e+02 3.643705444335937500e+02 3.660505065917968750e+02 3.507756347656250000e+02 3.271109008789062500e+02 3.242183837890625000e+02 3.296175842285156250e+02 3.212527160644531250e+02 3.131737670898437500e+02 3.018470764160156250e+02 2.884993591308593750e+02 2.802467956542968750e+02 2.780521240234375000e+02 2.773457336425781250e+02 2.774566345214843750e+02 2.784566955566406250e+02 2.804593505859375000e+02 2.854864501953125000e+02 2.908883361816406250e+02 2.969691162109375000e+02 3.015222473144531250e+02 3.016426086425781250e+02 2.985968322753906250e+02 2.921283264160156250e+02 2.854007263183593750e+02 2.799065856933593750e+02 2.780499877929687500e+02 2.778326110839843750e+02 2.779337768554687500e+02 2.777932128906250000e+02 2.785029907226562500e+02 2.790214538574218750e+02 2.791243896484375000e+02 2.791033935546875000e+02 2.791714172363281250e+02 2.792807922363281250e+02 2.793572998046875000e+02 2.794024353027343750e+02 2.794850769042968750e+02 2.795367431640625000e+02 2.794535522460937500e+02 2.794219665527343750e+02 2.794717102050781250e+02 2.793817138671875000e+02 2.793748779296875000e+02 2.801710815429687500e+02 2.828912353515625000e+02 2.841096801757812500e+02 2.864380187988281250e+02 2.939126586914062500e+02 3.023563232421875000e+02 3.066119689941406250e+02 3.093933715820312500e+02 3.104387817382812500e+02 3.098159484863281250e+02 3.086249694824218750e+02 3.098822937011718750e+02 3.114303894042968750e+02 3.084380493164062500e+02 3.057775268554687500e+02 3.112228088378906250e+02 3.178601989746093750e+02 3.206699523925781250e+02 3.203227233886718750e+02 3.254349670410156250e+02 3.355003967285156250e+02 3.452369689941406250e+02 3.523822021484375000e+02 3.497717895507812500e+02 3.447475280761718750e+02 3.490083007812500000e+02 3.553390197753906250e+02 3.588248596191406250e+02 3.604215087890625000e+02 3.610706481933593750e+02 3.610017089843750000e+02 3.604040832519531250e+02 3.591199951171875000e+02 3.598666076660156250e+02 3.602988281250000000e+02 3.576959533691406250e+02 3.519596862792968750e+02 3.471017761230468750e+02 3.433765563964843750e+02 3.350555419921875000e+02 3.411086730957031250e+02 3.444751892089843750e+02 3.446679077148437500e+02 3.429258117675781250e+02 3.410589599609375000e+02 3.386236267089843750e+02 3.509432983398437500e+02 3.609709167480468750e+02 3.588832397460937500e+02 3.567968750000000000e+02 3.574848632812500000e+02 3.574030761718750000e+02 3.568944396972656250e+02 3.566848754882812500e+02 3.567461547851562500e+02 3.568712768554687500e+02 3.574095153808593750e+02 3.585753173828125000e+02 3.598223876953125000e+02 3.606857299804687500e+02 3.587834167480468750e+02 3.537961120605468750e+02 3.602517089843750000e+02
2.968590698242187500e+02 2.997843017578125000e+02 3.006915588378906250e+02 3.009520568847656250e+02 3.010216674804687500e+02 3.009525146484375000e+02 3.007896423339843750e+02 3.006195373535156250e+02 3.006233215332031250e+02 3.005525207519531250e+02 2.997363891601562500e+02 3.028729858398437500e+02 3.079262390136718750e+02 3.122675170898437500e+02 3.186407165527343750e+02 3.305249328613281250e+02 3.366873168945312500e+02 3.417489624023437500e+02 3.467227172851562500e+02 3.491187133789062500e+02 3.534926757812500000e+02 3.594415893554687500e+02 3.613386535644531250e+02 3.632905273437500000e+02 3.657566528320312500e+02 3.662562561035156250e+02 3.644829406738281250e+02 3.620588684082031250e+02 3.602838439941406250e+02 3.595428161621093750e+02 3.590626525878906250e+02 3.586907958984375000e+02 3.588537902832031250e+02 3.606748352050781250e+02 3.565148315429687500e+02 3.385488891601562500e+02 3.429384460449218750e+02 3.499377136230468750e+02 3.450964660644531250e+02 3.317821655273437500e+02 3.149465637207031250e+02 3.054997558593750000e+02 2.977034301757812500e+02 2.871637573242187500e+02 2.794892578125000000e+02 2.761087341308593750e+02 2.759135131835937500e+02 2.770756835937500000e+02 2.787791137695312500e+02 2.802991638183593750e+02 2.824631347656250000e+02 2.862207031250000000e+02 2.843674926757812500e+02 2.816622314453125000e+02 2.786482543945312500e+02 2.777976989746093750e+02 2.778677368164062500e+02 2.786561279296875000e+02 2.795270996093750000e+02 2.803171997070312500e+02 2.816649169921875000e+02 2.819495849609375000e+02 2.820718994140625000e+02 2.824656982421875000e+02 2.828201599121093750e+02 2.828155212402343750e+02 2.826985778808593750e+02 2.826077880859375000e+02 2.824477844238281250e+02 2.821692504882812500e+02 2.811800537109375000e+02 2.800194702148437500e+02 2.795124816894531250e+02 2.792763366699218750e+02 2.792209777832031250e+02 2.790928344726562500e+02 2.789533081054687500e+02 2.789194641113281250e+02 2.786425170898437500e+02 2.789309692382812500e+02 2.816079406738281250e+02 2.902001342773437500e+02 2.959730834960937500e+02 2.996953430175781250e+02 3.004786376953125000e+02 3.003609619140625000e+02 2.990360717773437500e+02 3.012866821289062500e+02 3.042723388671875000e+02 3.032213745117187500e+02 3.019542541503906250e+02 3.063915100097656250e+02 3.113758239746093750e+02 3.139439086914062500e+02 3.148614196777343750e+02 3.173561401367187500e+02 3.226103820800781250e+02 3.293492736816406250e+02 3.394059753417968750e+02 3.420916137695312500e+02 3.370718078613281250e+02 3.442134399414062500e+02 3.502844543457031250e+02 3.541783142089843750e+02 3.571196289062500000e+02 3.587344665527343750e+02 3.588756713867187500e+02 3.579840698242187500e+02 3.567174987792968750e+02 3.577665100097656250e+02 3.594190979003906250e+02 3.572445068359375000e+02 3.519364929199218750e+02 3.473003540039062500e+02 3.431809997558593750e+02 3.336679687500000000e+02 3.403594055175781250e+02 3.429338073730468750e+02 3.430209045410156250e+02 3.412811889648437500e+02 3.376176147460937500e+02 3.381318054199218750e+02 3.466655578613281250e+02 3.547777099609375000e+02 3.551031188964843750e+02 3.541870117187500000e+02 3.547344970703125000e+02 3.553731384277343750e+02 3.551636047363281250e+02 3.547770385742187500e+02 3.545490417480468750e+02 3.544654846191406250e+02 3.549058532714843750e+02 3.557184753417968750e+02 3.567818603515625000e+02 3.568884887695312500e+02 3.519668579101562500e+02 3.494984741210937500e+02 3.557732543945312500e+02
2.997745361328125000e+02 3.008285522460937500e+02 3.012632141113281250e+02 3.015169982910156250e+02 3.016390075683593750e+02 3.015661010742187500e+02 3.014110717773437500e+02 3.014352722167968750e+02 3.015844421386718750e+02 3.017301940917968750e+02 3.016092529296875000e+02 3.027760009765625000e+02 3.058463134765625000e+02 3.083459472656250000e+02 3.102701416015625000e+02 3.132688598632812500e+02 3.170110168457031250e+02 3.262164611816406250e+02 3.400972290039062500e+02 3.445392761230468750e+02 3.494470520019531250e+02 3.543842163085937500e+02 3.578735656738281250e+02 3.612190246582031250e+02 3.637207336425781250e+02 3.647292480468750000e+02 3.635410461425781250e+02 3.615418701171875000e+02 3.600406188964843750e+02 3.596431274414062500e+02 3.593840637207031250e+02 3.594067993164062500e+02 3.594094238281250000e+02 3.596141357421875000e+02 3.590466613769531250e+02 3.552471618652343750e+02 3.586648559570312500e+02 3.608962097167968750e+02 3.622731323242187500e+02 3.540687255859375000e+02 3.438057250976562500e+02 3.356500244140625000e+02 3.174190063476562500e+02 3.040757446289062500e+02 2.952929382324218750e+02 2.827572021484375000e+02 2.779717712402343750e+02 2.773582153320312500e+02 2.780488281250000000e+02 2.784112854003906250e+02 2.778342285156250000e+02 2.774744567871093750e+02 2.769288635253906250e+02 2.775732421875000000e+02 2.778948974609375000e+02 2.787947082519531250e+02 2.807550354003906250e+02 2.829805603027343750e+02 2.850516052246093750e+02 2.867064208984375000e+02 2.883226928710937500e+02 2.887645568847656250e+02 2.889248046875000000e+02 2.891555175781250000e+02 2.893219299316406250e+02 2.892345581054687500e+02 2.888538818359375000e+02 2.883395385742187500e+02 2.877931518554687500e+02 2.869996948242187500e+02 2.853773803710937500e+02 2.831426696777343750e+02 2.810504455566406250e+02 2.803470458984375000e+02 2.800889587402343750e+02 2.797578735351562500e+02 2.793560180664062500e+02 2.788179016113281250e+02 2.784610900878906250e+02 2.781297607421875000e+02 2.781019592285156250e+02 2.796255187988281250e+02 2.824525146484375000e+02 2.859417114257812500e+02 2.886122741699218750e+02 2.905373535156250000e+02 2.920961303710937500e+02 2.948537902832031250e+02 2.983584899902343750e+02 2.989882507324218750e+02 2.994747314453125000e+02 3.031343383789062500e+02 3.071494750976562500e+02 3.095341186523437500e+02 3.111059875488281250e+02 3.129963073730468750e+02 3.153371276855468750e+02 3.187682800292968750e+02 3.247359924316406250e+02 3.269754333496093750e+02 3.267456970214843750e+02 3.397319641113281250e+02 3.459266662597656250e+02 3.485749511718750000e+02 3.511889953613281250e+02 3.531055297851562500e+02 3.538804626464843750e+02 3.537120361328125000e+02 3.533550415039062500e+02 3.537009887695312500e+02 3.538585205078125000e+02 3.526708679199218750e+02 3.503153381347656250e+02 3.467142028808593750e+02 3.411461486816406250e+02 3.308021850585937500e+02 3.400269165039062500e+02 3.421556701660156250e+02 3.422169799804687500e+02 3.389056396484375000e+02 3.335215148925781250e+02 3.381237487792968750e+02 3.431453552246093750e+02 3.491200256347656250e+02 3.512648925781250000e+02 3.517793579101562500e+02 3.525589904785156250e+02 3.534927978515625000e+02 3.535477600097656250e+02 3.529803466796875000e+02 3.524311523437500000e+02 3.520190734863281250e+02 3.520365295410156250e+02 3.522068786621093750e+02 3.520937500000000000e+02 3.507189331054687500e+02 3.465711364746093750e+02 3.470332031250000000e+02 3.528288269042968750e+02
3.007533874511718750e+02 3.013980712890625000e+02 3.018378906250000000e+02 3.021233825683593750e+02 3.022806701660156250e+02 3.022078857421875000e+02 3.020445251464843750e+02 3.022381591796875000e+02 3.026195678710937500e+02 3.032190551757812500e+02 3.038824157714843750e+02 3.046245422363281250e+02 3.061921997070312500e+02 3.083215026855468750e+02 3.105310363769531250e+02 3.119523315429687500e+02 3.128716430664062500e+02 3.159142150878906250e+02 3.256349487304687500e+02 3.367665710449218750e+02 3.429404296875000000e+02 3.480274047851562500e+02 3.530365600585937500e+02 3.581058654785156250e+02 3.616800231933593750e+02 3.633135375976562500e+02 3.627350769042968750e+02 3.612324218750000000e+02 3.600802307128906250e+02 3.596638793945312500e+02 3.595421447753906250e+02 3.596050109863281250e+02 3.598053588867187500e+02 3.598658752441406250e+02 3.601620483398437500e+02 3.615509643554687500e+02 3.620948486328125000e+02 3.624749755859375000e+02 3.636027221679687500e+02 3.611274719238281250e+02 3.582200317382812500e+02 3.575615539550781250e+02 3.450249938964843750e+02 3.252854309082031250e+02 3.219774475097656250e+02 3.130252990722656250e+02 3.007437133789062500e+02 2.888597412109375000e+02 2.847144775390625000e+02 2.861852416992187500e+02 2.846083068847656250e+02 2.836798706054687500e+02 2.813351440429687500e+02 2.827472229003906250e+02 2.860124511718750000e+02 2.880886840820312500e+02 2.905796508789062500e+02 2.924059448242187500e+02 2.935844116210937500e+02 2.943950500488281250e+02 2.950882873535156250e+02 2.954511413574218750e+02 2.956082458496093750e+02 2.957059631347656250e+02 2.957380981445312500e+02 2.956839294433593750e+02 2.951499938964843750e+02 2.937598876953125000e+02 2.929083862304687500e+02 2.919509582519531250e+02 2.902715759277343750e+02 2.878865356445312500e+02 2.854525756835937500e+02 2.839524230957031250e+02 2.828327636718750000e+02 2.817318115234375000e+02 2.804802246093750000e+02 2.796414794921875000e+02 2.793970031738281250e+02 2.790818176269531250e+02 2.786864929199218750e+02 2.785167236328125000e+02 2.786742553710937500e+02 2.793755798339843750e+02 2.804644775390625000e+02 2.825916442871093750e+02 2.852959899902343750e+02 2.879844665527343750e+02 2.912488403320312500e+02 2.940634765625000000e+02 2.973608093261718750e+02 3.010227050781250000e+02 3.038291015625000000e+02 3.056340332031250000e+02 3.072037963867187500e+02 3.089802246093750000e+02 3.109618835449218750e+02 3.130519409179687500e+02 3.152268981933593750e+02 3.160405273437500000e+02 3.171445617675781250e+02 3.265322570800781250e+02 3.366784362792968750e+02 3.418096313476562500e+02 3.445734863281250000e+02 3.472769165039062500e+02 3.488711853027343750e+02 3.498777770996093750e+02 3.498710021972656250e+02 3.491747741699218750e+02 3.473876342773437500e+02 3.461143188476562500e+02 3.465491638183593750e+02 3.449757080078125000e+02 3.401708984375000000e+02 3.283283386230468750e+02 3.368269958496093750e+02 3.421665039062500000e+02 3.422826232910156250e+02 3.363286437988281250e+02 3.323784790039062500e+02 3.403581848144531250e+02 3.439113464355468750e+02 3.469818420410156250e+02 3.488762512207031250e+02 3.498471069335937500e+02 3.508476867675781250e+02 3.518755798339843750e+02 3.521227111816406250e+02 3.514102172851562500e+02 3.505363159179687500e+02 3.497137756347656250e+02 3.492109375000000000e+02 3.487210693359375000e+02 3.473849792480468750e+02 3.445882568359375000e+02 3.429834594726562500e+02 3.461860656738281250e+02 3.511865844726562500e+02
3.011903686523437500e+02 3.019233398437500000e+02 3.024514770507812500e+02 3.028099670410156250e+02 3.029883117675781250e+02 3.029069519042968750e+02 3.026842041015625000e+02 3.029073791503906250e+02 3.035211791992187500e+02 3.043400878906250000e+02 3.055169677734375000e+02 3.067955017089843750e+02 3.083052368164062500e+02 3.104725036621093750e+02 3.129170227050781250e+02 3.143863220214843750e+02 3.145136413574218750e+02 3.147516784667968750e+02 3.166520690917968750e+02 3.232102966308593750e+02 3.337579956054687500e+02 3.433459777832031250e+02 3.502033386230468750e+02 3.574512939453125000e+02 3.610860290527343750e+02 3.623059387207031250e+02 3.621376647949218750e+02 3.610050048828125000e+02 3.600688171386718750e+02 3.597947998046875000e+02 3.596679077148437500e+02 3.596913452148437500e+02 3.598269958496093750e+02 3.599733581542968750e+02 3.600742492675781250e+02 3.609381103515625000e+02 3.620603332519531250e+02 3.627607116699218750e+02 3.633058776855468750e+02 3.611903076171875000e+02 3.599542236328125000e+02 3.617964172363281250e+02 3.600621337890625000e+02 3.510366516113281250e+02 3.513750305175781250e+02 3.502373352050781250e+02 3.408803710937500000e+02 3.207801818847656250e+02 3.117166748046875000e+02 3.132269897460937500e+02 3.100874938964843750e+02 3.102439270019531250e+02 3.013796691894531250e+02 2.966995849609375000e+02 3.006348266601562500e+02 3.022078857421875000e+02 3.018399047851562500e+02 3.015955505371093750e+02 3.014170532226562500e+02 3.012965698242187500e+02 3.012078857421875000e+02 3.011229858398437500e+02 3.010414123535156250e+02 3.009653320312500000e+02 3.008803405761718750e+02 3.007544250488281250e+02 3.001781921386718750e+02 2.986169738769531250e+02 2.981120910644531250e+02 2.969097595214843750e+02 2.953077392578125000e+02 2.928148498535156250e+02 2.900982666015625000e+02 2.880310363769531250e+02 2.863330383300781250e+02 2.845830688476562500e+02 2.828198852539062500e+02 2.814996337890625000e+02 2.808517150878906250e+02 2.802781677246093750e+02 2.797135925292968750e+02 2.792310791015625000e+02 2.789971923828125000e+02 2.790082397460937500e+02 2.791715393066406250e+02 2.794618530273437500e+02 2.802494506835937500e+02 2.820994873046875000e+02 2.847729797363281250e+02 2.883060302734375000e+02 2.929314575195312500e+02 2.974303894042968750e+02 3.006367187500000000e+02 3.019675903320312500e+02 3.033276367187500000e+02 3.047830505371093750e+02 3.064526062011718750e+02 3.080704956054687500e+02 3.093309020996093750e+02 3.101094055175781250e+02 3.112304077148437500e+02 3.140386657714843750e+02 3.185670166015625000e+02 3.244204101562500000e+02 3.321698913574218750e+02 3.409864196777343750e+02 3.449607849121093750e+02 3.470607299804687500e+02 3.470198974609375000e+02 3.455579833984375000e+02 3.422277832031250000e+02 3.399338073730468750e+02 3.434049377441406250e+02 3.437045288085937500e+02 3.390482177734375000e+02 3.264635925292968750e+02 3.345032653808593750e+02 3.428572387695312500e+02 3.420652160644531250e+02 3.324024963378906250e+02 3.322527160644531250e+02 3.406658935546875000e+02 3.436495971679687500e+02 3.457970275878906250e+02 3.472391967773437500e+02 3.482371826171875000e+02 3.493197326660156250e+02 3.502688903808593750e+02 3.507349548339843750e+02 3.500781860351562500e+02 3.489324645996093750e+02 3.477239685058593750e+02 3.466901245117187500e+02 3.456496887207031250e+02 3.434858703613281250e+02 3.403952941894531250e+02 3.417298278808593750e+02 3.459021911621093750e+02 3.498818969726562500e+02
3.016842956542968750e+02 3.025245361328125000e+02 3.031518554687500000e+02 3.035842590332031250e+02 3.037767028808593750e+02 3.037043151855468750e+02 3.033708801269531250e+02 3.034773254394531250e+02 3.041409912109375000e+02 3.051010742187500000e+02 3.062745056152343750e+02 3.077931213378906250e+02 3.096275329589843750e+02 3.115047607421875000e+02 3.134310607910156250e+02 3.147264709472656250e+02 3.150023498535156250e+02 3.148271789550781250e+02 3.151264953613281250e+02 3.167402648925781250e+02 3.232247619628906250e+02 3.375138244628906250e+02 3.473355407714843750e+02 3.557927551269531250e+02 3.604059143066406250e+02 3.616459045410156250e+02 3.617166442871093750e+02 3.609516601562500000e+02 3.602375793457031250e+02 3.599414978027343750e+02 3.598529968261718750e+02 3.598247070312500000e+02 3.598754272460937500e+02 3.599549865722656250e+02 3.599500427246093750e+02 3.601778259277343750e+02 3.612082519531250000e+02 3.622650451660156250e+02 3.632197875976562500e+02 3.629334716796875000e+02 3.628212890625000000e+02 3.630628356933593750e+02 3.634799804687500000e+02 3.632123718261718750e+02 3.630393371582031250e+02 3.632379455566406250e+02 3.626593627929687500e+02 3.578574523925781250e+02 3.536736755371093750e+02 3.498328552246093750e+02 3.420148315429687500e+02 3.367853393554687500e+02 3.262785339355468750e+02 3.192037048339843750e+02 3.153541259765625000e+02 3.113097534179687500e+02 3.090605468750000000e+02 3.075812988281250000e+02 3.068247680664062500e+02 3.063436889648437500e+02 3.059403381347656250e+02 3.055337219238281250e+02 3.051524047851562500e+02 3.047869567871093750e+02 3.043889465332031250e+02 3.038533325195312500e+02 3.029750976562500000e+02 3.021217346191406250e+02 3.016865234375000000e+02 3.007806701660156250e+02 2.995923461914062500e+02 2.974576416015625000e+02 2.943709411621093750e+02 2.917257385253906250e+02 2.895146484375000000e+02 2.873830261230468750e+02 2.854957580566406250e+02 2.840270996093750000e+02 2.829295959472656250e+02 2.819764709472656250e+02 2.809149169921875000e+02 2.801541442871093750e+02 2.797752990722656250e+02 2.796000061035156250e+02 2.795525207519531250e+02 2.795006103515625000e+02 2.795035095214843750e+02 2.797690734863281250e+02 2.804711608886718750e+02 2.826384582519531250e+02 2.869962463378906250e+02 2.917551879882812500e+02 2.958046264648437500e+02 2.984002990722656250e+02 2.999113159179687500e+02 3.008355102539062500e+02 3.019209289550781250e+02 3.029239807128906250e+02 3.039294128417968750e+02 3.044867858886718750e+02 3.051536254882812500e+02 3.067364196777343750e+02 3.094754638671875000e+02 3.124860839843750000e+02 3.173457946777343750e+02 3.256125793457031250e+02 3.363023681640625000e+02 3.426375732421875000e+02 3.442707519531250000e+02 3.438206787109375000e+02 3.414952392578125000e+02 3.375942993164062500e+02 3.430991210937500000e+02 3.436765441894531250e+02 3.380608520507812500e+02 3.237219543457031250e+02 3.297357482910156250e+02 3.428053588867187500e+02 3.402934875488281250e+02 3.277759704589843750e+02 3.338601379394531250e+02 3.417391052246093750e+02 3.435522155761718750e+02 3.450445251464843750e+02 3.460447692871093750e+02 3.468526916503906250e+02 3.478351135253906250e+02 3.485717468261718750e+02 3.491363525390625000e+02 3.488111572265625000e+02 3.476268615722656250e+02 3.462018432617187500e+02 3.447517089843750000e+02 3.434162597656250000e+02 3.415354919433593750e+02 3.393096618652343750e+02 3.420282897949218750e+02 3.454142761230468750e+02 3.485861206054687500e+02
3.022361145019531250e+02 3.031195068359375000e+02 3.038513488769531250e+02 3.043823242187500000e+02 3.045830078125000000e+02 3.045494689941406250e+02 3.041566467285156250e+02 3.040001831054687500e+02 3.044772949218750000e+02 3.054703063964843750e+02 3.066686706542968750e+02 3.080616760253906250e+02 3.097953186035156250e+02 3.116514587402343750e+02 3.132034606933593750e+02 3.140996093750000000e+02 3.143265075683593750e+02 3.142886047363281250e+02 3.145043640136718750e+02 3.149532165527343750e+02 3.164991760253906250e+02 3.250835266113281250e+02 3.411618652343750000e+02 3.519742736816406250e+02 3.592277221679687500e+02 3.612161560058593750e+02 3.613320922851562500e+02 3.609309692382812500e+02 3.604270019531250000e+02 3.600888366699218750e+02 3.599784851074218750e+02 3.599140930175781250e+02 3.599084472656250000e+02 3.599218444824218750e+02 3.599102783203125000e+02 3.599686584472656250e+02 3.606449584960937500e+02 3.617079467773437500e+02 3.626948547363281250e+02 3.634124145507812500e+02 3.637504272460937500e+02 3.635354614257812500e+02 3.633225402832031250e+02 3.631305847167968750e+02 3.626278686523437500e+02 3.621574401855468750e+02 3.619731140136718750e+02 3.620866699218750000e+02 3.630726928710937500e+02 3.628581542968750000e+02 3.584461669921875000e+02 3.545884704589843750e+02 3.474058837890625000e+02 3.382377014160156250e+02 3.296817016601562500e+02 3.192472534179687500e+02 3.142832641601562500e+02 3.117413024902343750e+02 3.110568237304687500e+02 3.104974975585937500e+02 3.097879333496093750e+02 3.090295715332031250e+02 3.084700927734375000e+02 3.080124206542968750e+02 3.073975524902343750e+02 3.066256713867187500e+02 3.056597595214843750e+02 3.047561340332031250e+02 3.039632873535156250e+02 3.029639892578125000e+02 3.017537536621093750e+02 3.001403503417968750e+02 2.974983215332031250e+02 2.945074157714843750e+02 2.919917907714843750e+02 2.896519775390625000e+02 2.876542968750000000e+02 2.860899963378906250e+02 2.848179931640625000e+02 2.836766052246093750e+02 2.825523071289062500e+02 2.815631713867187500e+02 2.808807067871093750e+02 2.804761962890625000e+02 2.801701049804687500e+02 2.799534912109375000e+02 2.797900085449218750e+02 2.796535339355468750e+02 2.795124511718750000e+02 2.796193542480468750e+02 2.820207214355468750e+02 2.862159729003906250e+02 2.902763366699218750e+02 2.935886230468750000e+02 2.959340515136718750e+02 2.974204406738281250e+02 2.983958435058593750e+02 2.990727233886718750e+02 2.994915466308593750e+02 2.995410461425781250e+02 2.997044677734375000e+02 3.007493896484375000e+02 3.025101623535156250e+02 3.053113403320312500e+02 3.084237976074218750e+02 3.121393737792968750e+02 3.176513366699218750e+02 3.261941833496093750e+02 3.348762207031250000e+02 3.409634094238281250e+02 3.414234313964843750e+02 3.332575988769531250e+02 3.425310974121093750e+02 3.444117431640625000e+02 3.396177673339843750e+02 3.209479064941406250e+02 3.230803527832031250e+02 3.410408020019531250e+02 3.346611022949218750e+02 3.224723510742187500e+02 3.362825317382812500e+02 3.436660461425781250e+02 3.442976074218750000e+02 3.447006835937500000e+02 3.451021423339843750e+02 3.456650695800781250e+02 3.464507446289062500e+02 3.469690551757812500e+02 3.474888610839843750e+02 3.475208740234375000e+02 3.465968322753906250e+02 3.452288513183593750e+02 3.435921020507812500e+02 3.418719787597656250e+02 3.391656494140625000e+02 3.381511840820312500e+02 3.416730346679687500e+02 3.445886535644531250e+02 3.474757385253906250e+02
3.029694519042968750e+02 3.038035888671875000e+02 3.045645751953125000e+02 3.051979370117187500e+02 3.054477844238281250e+02 3.054288330078125000e+02 3.051243896484375000e+02 3.047048339843750000e+02 3.047750854492187500e+02 3.055181884765625000e+02 3.066963195800781250e+02 3.081139221191406250e+02 3.097492675781250000e+02 3.114479370117187500e+02 3.129626464843750000e+02 3.138855590820312500e+02 3.140487060546875000e+02 3.138814697265625000e+02 3.139847717285156250e+02 3.143684082031250000e+02 3.150029296875000000e+02 3.180674133300781250e+02 3.299194641113281250e+02 3.427580566406250000e+02 3.524552612304687500e+02 3.592942504882812500e+02 3.607689208984375000e+02 3.607915039062500000e+02 3.605378723144531250e+02 3.602681884765625000e+02 3.601116638183593750e+02 3.599892578125000000e+02 3.599442443847656250e+02 3.599397888183593750e+02 3.599494323730468750e+02 3.599873962402343750e+02 3.603950805664062500e+02 3.611933593750000000e+02 3.620541992187500000e+02 3.628179321289062500e+02 3.632538452148437500e+02 3.631980285644531250e+02 3.628038024902343750e+02 3.623638305664062500e+02 3.618646850585937500e+02 3.610701293945312500e+02 3.602806091308593750e+02 3.599992675781250000e+02 3.611918640136718750e+02 3.625718383789062500e+02 3.624054260253906250e+02 3.616096801757812500e+02 3.611600646972656250e+02 3.576674804687500000e+02 3.515330810546875000e+02 3.390112304687500000e+02 3.251398620605468750e+02 3.179195861816406250e+02 3.162160949707031250e+02 3.148574829101562500e+02 3.132892456054687500e+02 3.119513244628906250e+02 3.112231140136718750e+02 3.108555297851562500e+02 3.101724548339843750e+02 3.092567138671875000e+02 3.082624511718750000e+02 3.072943115234375000e+02 3.062752075195312500e+02 3.050007324218750000e+02 3.033937377929687500e+02 3.014012145996093750e+02 2.991770629882812500e+02 2.963953247070312500e+02 2.937867126464843750e+02 2.913674011230468750e+02 2.893196716308593750e+02 2.877448425292968750e+02 2.864317016601562500e+02 2.852369689941406250e+02 2.841241455078125000e+02 2.831338500976562500e+02 2.823680725097656250e+02 2.817948913574218750e+02 2.812858276367187500e+02 2.807715759277343750e+02 2.803061218261718750e+02 2.798039245605468750e+02 2.794915466308593750e+02 2.792085266113281250e+02 2.795419311523437500e+02 2.817824707031250000e+02 2.855166015625000000e+02 2.889619140625000000e+02 2.916291503906250000e+02 2.935656127929687500e+02 2.948256835937500000e+02 2.956482238769531250e+02 2.960834960937500000e+02 2.963477478027343750e+02 2.968280334472656250e+02 2.975961608886718750e+02 2.987559814453125000e+02 2.999332580566406250e+02 3.014771728515625000e+02 3.041186218261718750e+02 3.078896789550781250e+02 3.125966491699218750e+02 3.180043640136718750e+02 3.241811218261718750e+02 3.270501403808593750e+02 3.239042968750000000e+02 3.372993774414062500e+02 3.435278625488281250e+02 3.406038818359375000e+02 3.205728454589843750e+02 3.195408630371093750e+02 3.390526123046875000e+02 3.265303039550781250e+02 3.206792297363281250e+02 3.384724121093750000e+02 3.447457275390625000e+02 3.448224487304687500e+02 3.444547729492187500e+02 3.442927246093750000e+02 3.445540161132812500e+02 3.450803222656250000e+02 3.453637390136718750e+02 3.458529052734375000e+02 3.460632019042968750e+02 3.455583801269531250e+02 3.444241027832031250e+02 3.429636230468750000e+02 3.415390930175781250e+02 3.374271240234375000e+02 3.365063781738281250e+02 3.406601257324218750e+02 3.438625183105468750e+02 3.467327270507812500e+02
3.038313903808593750e+02 3.046131896972656250e+02 3.053387451171875000e+02 3.060394592285156250e+02 3.063800964355468750e+02 3.063525695800781250e+02 3.062089233398437500e+02 3.057813110351562500e+02 3.053565979003906250e+02 3.055604248046875000e+02 3.065175170898437500e+02 3.078467712402343750e+02 3.094100952148437500e+02 3.110020751953125000e+02 3.124009094238281250e+02 3.133587951660156250e+02 3.138554077148437500e+02 3.139650573730468750e+02 3.138677368164062500e+02 3.142442626953125000e+02 3.151064147949218750e+02 3.162251892089843750e+02 3.191201782226562500e+02 3.332241516113281250e+02 3.472893676757812500e+02 3.556094665527343750e+02 3.593284606933593750e+02 3.600645751953125000e+02 3.601936340332031250e+02 3.603221435546875000e+02 3.602943725585937500e+02 3.600867919921875000e+02 3.599740905761718750e+02 3.599781188964843750e+02 3.599874267578125000e+02 3.599977722167968750e+02 3.603579406738281250e+02 3.610385131835937500e+02 3.617882385253906250e+02 3.624838562011718750e+02 3.628988037109375000e+02 3.628749694824218750e+02 3.624265747070312500e+02 3.618593750000000000e+02 3.614703674316406250e+02 3.611743774414062500e+02 3.607972717285156250e+02 3.604725341796875000e+02 3.611115722656250000e+02 3.625825500488281250e+02 3.634367065429687500e+02 3.641847534179687500e+02 3.644462585449218750e+02 3.634087219238281250e+02 3.639622192382812500e+02 3.630481872558593750e+02 3.554327392578125000e+02 3.413096313476562500e+02 3.291524047851562500e+02 3.225552673339843750e+02 3.180360717773437500e+02 3.152059936523437500e+02 3.138377990722656250e+02 3.135737915039062500e+02 3.128547363281250000e+02 3.118517150878906250e+02 3.108704528808593750e+02 3.097981262207031250e+02 3.084432983398437500e+02 3.065325927734375000e+02 3.043711853027343750e+02 3.020716552734375000e+02 2.998082275390625000e+02 2.973921813964843750e+02 2.949454345703125000e+02 2.925852050781250000e+02 2.906537170410156250e+02 2.891748046875000000e+02 2.878835449218750000e+02 2.867049560546875000e+02 2.856066894531250000e+02 2.846227111816406250e+02 2.838214111328125000e+02 2.831733703613281250e+02 2.825338439941406250e+02 2.818269958496093750e+02 2.809450988769531250e+02 2.800472412109375000e+02 2.796586914062500000e+02 2.793816833496093750e+02 2.792534179687500000e+02 2.797953796386718750e+02 2.819560241699218750e+02 2.850519714355468750e+02 2.878321228027343750e+02 2.899786987304687500e+02 2.914069213867187500e+02 2.923236694335937500e+02 2.929583740234375000e+02 2.935226135253906250e+02 2.941473999023437500e+02 2.949630126953125000e+02 2.961204528808593750e+02 2.971315307617187500e+02 2.980880126953125000e+02 2.991973571777343750e+02 3.020035095214843750e+02 3.065149536132812500e+02 3.104449768066406250e+02 3.136959228515625000e+02 3.158425598144531250e+02 3.172248229980468750e+02 3.247922973632812500e+02 3.343153381347656250e+02 3.402586364746093750e+02 3.259185485839843750e+02 3.153118591308593750e+02 3.277593078613281250e+02 3.174330139160156250e+02 3.238693847656250000e+02 3.403742980957031250e+02 3.447283325195312500e+02 3.448711242675781250e+02 3.442113342285156250e+02 3.436792907714843750e+02 3.435077819824218750e+02 3.435930480957031250e+02 3.437151794433593750e+02 3.442322692871093750e+02 3.445335388183593750e+02 3.443021545410156250e+02 3.435315246582031250e+02 3.426343383789062500e+02 3.411912536621093750e+02 3.356454162597656250e+02 3.367025451660156250e+02 3.414309387207031250e+02 3.438532409667968750e+02 3.463681945800781250e+02
3.046844177246093750e+02 3.054483032226562500e+02 3.061264953613281250e+02 3.068615722656250000e+02 3.073325195312500000e+02 3.073641357421875000e+02 3.072122802734375000e+02 3.069687194824218750e+02 3.063755798339843750e+02 3.059607543945312500e+02 3.064365539550781250e+02 3.075744934082031250e+02 3.089712219238281250e+02 3.103953857421875000e+02 3.117091369628906250e+02 3.127669677734375000e+02 3.134462280273437500e+02 3.140251159667968750e+02 3.142030639648437500e+02 3.145214843750000000e+02 3.154914855957031250e+02 3.164070739746093750e+02 3.197685852050781250e+02 3.336837463378906250e+02 3.453903198242187500e+02 3.509071655273437500e+02 3.547064819335937500e+02 3.568120117187500000e+02 3.586501770019531250e+02 3.601784973144531250e+02 3.603002929687500000e+02 3.601192321777343750e+02 3.600435485839843750e+02 3.600407409667968750e+02 3.600925292968750000e+02 3.601683044433593750e+02 3.605591430664062500e+02 3.611481933593750000e+02 3.617861938476562500e+02 3.624788208007812500e+02 3.630001831054687500e+02 3.630873107910156250e+02 3.626550903320312500e+02 3.620245361328125000e+02 3.614841003417968750e+02 3.613506164550781250e+02 3.616177062988281250e+02 3.620754394531250000e+02 3.628023986816406250e+02 3.640919494628906250e+02 3.651156311035156250e+02 3.668157043457031250e+02 3.676935424804687500e+02 3.678826904296875000e+02 3.686331787109375000e+02 3.692082824707031250e+02 3.662621154785156250e+02 3.579163208007812500e+02 3.458461303710937500e+02 3.395469055175781250e+02 3.321130371093750000e+02 3.237280273437500000e+02 3.184323425292968750e+02 3.166149902343750000e+02 3.152757873535156250e+02 3.142975463867187500e+02 3.132344665527343750e+02 3.118310241699218750e+02 3.100775756835937500e+02 3.077469482421875000e+02 3.051864318847656250e+02 3.025054626464843750e+02 2.999162292480468750e+02 2.978579711914062500e+02 2.956946105957031250e+02 2.935877685546875000e+02 2.918727722167968750e+02 2.904844970703125000e+02 2.892045898437500000e+02 2.880385131835937500e+02 2.869689941406250000e+02 2.859737243652343750e+02 2.851291503906250000e+02 2.843941955566406250e+02 2.836267700195312500e+02 2.827582397460937500e+02 2.817654418945312500e+02 2.807749023437500000e+02 2.800400390625000000e+02 2.796204528808593750e+02 2.794180908203125000e+02 2.794462890625000000e+02 2.799997558593750000e+02 2.821926269531250000e+02 2.848695983886718750e+02 2.869994506835937500e+02 2.884174194335937500e+02 2.893624572753906250e+02 2.901491699218750000e+02 2.909072570800781250e+02 2.916020507812500000e+02 2.925200805664062500e+02 2.937373046875000000e+02 2.947790832519531250e+02 2.957525329589843750e+02 2.971734008789062500e+02 2.993594360351562500e+02 3.024918518066406250e+02 3.060729675292968750e+02 3.088404541015625000e+02 3.107298889160156250e+02 3.123202819824218750e+02 3.146319274902343750e+02 3.184496154785156250e+02 3.260527343750000000e+02 3.266939392089843750e+02 3.120142822265625000e+02 3.139713134765625000e+02 3.143420410156250000e+02 3.263312683105468750e+02 3.397324523925781250e+02 3.440388183593750000e+02 3.445330200195312500e+02 3.441453857421875000e+02 3.434488830566406250e+02 3.427630004882812500e+02 3.419599304199218750e+02 3.417410888671875000e+02 3.425404663085937500e+02 3.431847534179687500e+02 3.430106811523437500e+02 3.425633239746093750e+02 3.428306579589843750e+02 3.418106994628906250e+02 3.320953063964843750e+02 3.363215637207031250e+02 3.421661071777343750e+02 3.440904541015625000e+02 3.458576049804687500e+02
3.055174865722656250e+02 3.062867126464843750e+02 3.069460754394531250e+02 3.076694335937500000e+02 3.082516174316406250e+02 3.084251098632812500e+02 3.082397766113281250e+02 3.080228881835937500e+02 3.075767822265625000e+02 3.068050231933593750e+02 3.066660156250000000e+02 3.074495849609375000e+02 3.086572875976562500e+02 3.099486694335937500e+02 3.112171936035156250e+02 3.123467102050781250e+02 3.132514648437500000e+02 3.140370483398437500e+02 3.146418151855468750e+02 3.152017822265625000e+02 3.160129089355468750e+02 3.167877197265625000e+02 3.194642028808593750e+02 3.310527648925781250e+02 3.419352111816406250e+02 3.467401733398437500e+02 3.505076599121093750e+02 3.534714965820312500e+02 3.560964355468750000e+02 3.580906982421875000e+02 3.588190612792968750e+02 3.601455688476562500e+02 3.602069396972656250e+02 3.601629333496093750e+02 3.602366333007812500e+02 3.604621582031250000e+02 3.608245849609375000e+02 3.612586364746093750e+02 3.617774047851562500e+02 3.624449462890625000e+02 3.632052307128906250e+02 3.636887207031250000e+02 3.635312194824218750e+02 3.629056091308593750e+02 3.622907714843750000e+02 3.620511474609375000e+02 3.623826293945312500e+02 3.632089233398437500e+02 3.643721313476562500e+02 3.657463378906250000e+02 3.671723022460937500e+02 3.694191894531250000e+02 3.711710510253906250e+02 3.724691467285156250e+02 3.740237426757812500e+02 3.752315063476562500e+02 3.735588684082031250e+02 3.673374633789062500e+02 3.620363159179687500e+02 3.602635498046875000e+02 3.547395629882812500e+02 3.454877319335937500e+02 3.371273498535156250e+02 3.219152832031250000e+02 3.173382873535156250e+02 3.166667175292968750e+02 3.151817016601562500e+02 3.133288574218750000e+02 3.114247436523437500e+02 3.090802917480468750e+02 3.063175048828125000e+02 3.032840270996093750e+02 3.004534606933593750e+02 2.984169616699218750e+02 2.965016174316406250e+02 2.946840820312500000e+02 2.931218261718750000e+02 2.917273864746093750e+02 2.904194946289062500e+02 2.892580261230468750e+02 2.881985473632812500e+02 2.871961975097656250e+02 2.863113098144531250e+02 2.854640502929687500e+02 2.845692443847656250e+02 2.836200866699218750e+02 2.826168823242187500e+02 2.816488342285156250e+02 2.807762756347656250e+02 2.800325927734375000e+02 2.796339416503906250e+02 2.795109252929687500e+02 2.796592712402343750e+02 2.805589599609375000e+02 2.825684509277343750e+02 2.844616088867187500e+02 2.856589050292968750e+02 2.865683898925781250e+02 2.874533386230468750e+02 2.883486938476562500e+02 2.891460876464843750e+02 2.902286987304687500e+02 2.914116821289062500e+02 2.923471374511718750e+02 2.934992980957031250e+02 2.953088684082031250e+02 2.972054138183593750e+02 2.993671569824218750e+02 3.022417297363281250e+02 3.044930725097656250e+02 3.060325622558593750e+02 3.075522766113281250e+02 3.089772644042968750e+02 3.109277954101562500e+02 3.134475097656250000e+02 3.174441833496093750e+02 3.099887084960937500e+02 3.062914733886718750e+02 3.125927429199218750e+02 3.202520446777343750e+02 3.279267578125000000e+02 3.360250854492187500e+02 3.399644775390625000e+02 3.420243225097656250e+02 3.423368530273437500e+02 3.420154418945312500e+02 3.406824645996093750e+02 3.398723449707031250e+02 3.416430053710937500e+02 3.423862304687500000e+02 3.417449645996093750e+02 3.416996154785156250e+02 3.427662353515625000e+02 3.422003173828125000e+02 3.308373413085937500e+02 3.333545837402343750e+02 3.418023681640625000e+02 3.434554443359375000e+02 3.441429748535156250e+02
3.063557739257812500e+02 3.071315307617187500e+02 3.078110046386718750e+02 3.085018005371093750e+02 3.091678466796875000e+02 3.094380493164062500e+02 3.093409423828125000e+02 3.090189208984375000e+02 3.086987304687500000e+02 3.079597778320312500e+02 3.072857360839843750e+02 3.075271301269531250e+02 3.085606079101562500e+02 3.098281250000000000e+02 3.111551818847656250e+02 3.124132995605468750e+02 3.134081420898437500e+02 3.142560119628906250e+02 3.150310974121093750e+02 3.159902648925781250e+02 3.164589233398437500e+02 3.169515991210937500e+02 3.219374694824218750e+02 3.327921142578125000e+02 3.387590332031250000e+02 3.438147277832031250e+02 3.477951660156250000e+02 3.509770202636718750e+02 3.534663696289062500e+02 3.556352233886718750e+02 3.578478088378906250e+02 3.597155761718750000e+02 3.600310974121093750e+02 3.598847656250000000e+02 3.600245666503906250e+02 3.604365539550781250e+02 3.607890930175781250e+02 3.610993652343750000e+02 3.614281921386718750e+02 3.620065002441406250e+02 3.631442871093750000e+02 3.643640441894531250e+02 3.648550720214843750e+02 3.644913940429687500e+02 3.638069152832031250e+02 3.634458312988281250e+02 3.637361145019531250e+02 3.645857543945312500e+02 3.658330688476562500e+02 3.673848876953125000e+02 3.690507812500000000e+02 3.713338623046875000e+02 3.739059448242187500e+02 3.764839782714843750e+02 3.792047424316406250e+02 3.806050109863281250e+02 3.805231018066406250e+02 3.757315673828125000e+02 3.697525024414062500e+02 3.661595153808593750e+02 3.639183044433593750e+02 3.605388183593750000e+02 3.577109680175781250e+02 3.418497009277343750e+02 3.244709472656250000e+02 3.192287292480468750e+02 3.162890930175781250e+02 3.143763732910156250e+02 3.127482604980468750e+02 3.107205505371093750e+02 3.078648986816406250e+02 3.044684753417968750e+02 3.009891967773437500e+02 2.989223632812500000e+02 2.972499084472656250e+02 2.956390075683593750e+02 2.941742858886718750e+02 2.927977294921875000e+02 2.914919433593750000e+02 2.903690185546875000e+02 2.893356323242187500e+02 2.883216247558593750e+02 2.873567199707031250e+02 2.864160461425781250e+02 2.854302978515625000e+02 2.844549255371093750e+02 2.835324401855468750e+02 2.826033020019531250e+02 2.817103576660156250e+02 2.807748718261718750e+02 2.799730224609375000e+02 2.796423950195312500e+02 2.795791625976562500e+02 2.797273254394531250e+02 2.806677551269531250e+02 2.820113220214843750e+02 2.829267578125000000e+02 2.837909851074218750e+02 2.847531738281250000e+02 2.857247619628906250e+02 2.866846923828125000e+02 2.879380798339843750e+02 2.890146789550781250e+02 2.898148498535156250e+02 2.911892089843750000e+02 2.932074584960937500e+02 2.949991760253906250e+02 2.968218688964843750e+02 2.990819702148437500e+02 3.005975646972656250e+02 3.015264587402343750e+02 3.024910278320312500e+02 3.032032775878906250e+02 3.045703430175781250e+02 3.040061340332031250e+02 3.034385986328125000e+02 3.022550354003906250e+02 3.022559509277343750e+02 3.056641845703125000e+02 3.102618713378906250e+02 3.140569458007812500e+02 3.177843627929687500e+02 3.208753051757812500e+02 3.234155578613281250e+02 3.288329467773437500e+02 3.308332824707031250e+02 3.279348144531250000e+02 3.340149230957031250e+02 3.412800903320312500e+02 3.419549865722656250e+02 3.404873657226562500e+02 3.400013122558593750e+02 3.429745483398437500e+02 3.424273071289062500e+02 3.279890136718750000e+02 3.315643310546875000e+02 3.411851196289062500e+02 3.418281555175781250e+02 3.411466064453125000e+02
3.071447143554687500e+02 3.079233093261718750e+02 3.086499328613281250e+02 3.093264770507812500e+02 3.100395812988281250e+02 3.103940429687500000e+02 3.103144836425781250e+02 3.100329284667968750e+02 3.096260070800781250e+02 3.091275329589843750e+02 3.082361450195312500e+02 3.078760070800781250e+02 3.086275024414062500e+02 3.099536132812500000e+02 3.114497680664062500e+02 3.128730468750000000e+02 3.139220886230468750e+02 3.146502685546875000e+02 3.155267639160156250e+02 3.166043701171875000e+02 3.165234375000000000e+02 3.167195129394531250e+02 3.269912109375000000e+02 3.406475524902343750e+02 3.416588439941406250e+02 3.439056396484375000e+02 3.469535217285156250e+02 3.498450317382812500e+02 3.524403991699218750e+02 3.549406433105468750e+02 3.572553710937500000e+02 3.585865173339843750e+02 3.588162841796875000e+02 3.587794189453125000e+02 3.593607788085937500e+02 3.601398010253906250e+02 3.604824218750000000e+02 3.607247924804687500e+02 3.606889343261718750e+02 3.608036193847656250e+02 3.625235290527343750e+02 3.649191894531250000e+02 3.662749328613281250e+02 3.662191467285156250e+02 3.656201171875000000e+02 3.652225646972656250e+02 3.654403991699218750e+02 3.662723999023437500e+02 3.675694274902343750e+02 3.691294860839843750e+02 3.709444274902343750e+02 3.728515625000000000e+02 3.752698669433593750e+02 3.781625366210937500e+02 3.804780578613281250e+02 3.812066345214843750e+02 3.811394348144531250e+02 3.780761413574218750e+02 3.727135314941406250e+02 3.684927673339843750e+02 3.656451721191406250e+02 3.628148803710937500e+02 3.612872924804687500e+02 3.548787231445312500e+02 3.454160461425781250e+02 3.340002136230468750e+02 3.226336669921875000e+02 3.170336303710937500e+02 3.145176086425781250e+02 3.128599243164062500e+02 3.097082824707031250e+02 3.060310974121093750e+02 3.020329895019531250e+02 2.993489990234375000e+02 2.978041992187500000e+02 2.963176269531250000e+02 2.949564819335937500e+02 2.936657104492187500e+02 2.924398498535156250e+02 2.913555603027343750e+02 2.903269348144531250e+02 2.892806396484375000e+02 2.882425842285156250e+02 2.872736511230468750e+02 2.862734985351562500e+02 2.853713989257812500e+02 2.845058593750000000e+02 2.835952758789062500e+02 2.826454772949218750e+02 2.815729980468750000e+02 2.803771972656250000e+02 2.797665710449218750e+02 2.795848083496093750e+02 2.795577697753906250e+02 2.797576599121093750e+02 2.801542358398437500e+02 2.806254882812500000e+02 2.812902221679687500e+02 2.822316284179687500e+02 2.832576599121093750e+02 2.843698120117187500e+02 2.856927795410156250e+02 2.866101684570312500e+02 2.874230651855468750e+02 2.889442138671875000e+02 2.907629089355468750e+02 2.923153991699218750e+02 2.938925781250000000e+02 2.956191711425781250e+02 2.970375061035156250e+02 2.980339355468750000e+02 2.984226989746093750e+02 2.988243713378906250e+02 2.995122985839843750e+02 2.984805603027343750e+02 2.963514404296875000e+02 2.975506286621093750e+02 2.989050598144531250e+02 2.999682922363281250e+02 3.028886718750000000e+02 3.067413940429687500e+02 3.096714782714843750e+02 3.108926086425781250e+02 3.125218505859375000e+02 3.146412353515625000e+02 3.161585388183593750e+02 3.192986450195312500e+02 3.226209106445312500e+02 3.280897521972656250e+02 3.330881347656250000e+02 3.368740234375000000e+02 3.334061279296875000e+02 3.420192871093750000e+02 3.396241149902343750e+02 3.223809204101562500e+02 3.278749084472656250e+02 3.378580932617187500e+02 3.380384521484375000e+02 3.397826232910156250e+02
3.078987731933593750e+02 3.086878356933593750e+02 3.094679260253906250e+02 3.101667785644531250e+02 3.109161987304687500e+02 3.113324279785156250e+02 3.112755126953125000e+02 3.110169982910156250e+02 3.105470275878906250e+02 3.101326904296875000e+02 3.093655700683593750e+02 3.086033325195312500e+02 3.087789306640625000e+02 3.100904846191406250e+02 3.117690734863281250e+02 3.133604431152343750e+02 3.144679260253906250e+02 3.151540222167968750e+02 3.159445800781250000e+02 3.168379821777343750e+02 3.161254882812500000e+02 3.168532409667968750e+02 3.323294372558593750e+02 3.432709655761718750e+02 3.438625183105468750e+02 3.453821716308593750e+02 3.475061035156250000e+02 3.499490051269531250e+02 3.524984130859375000e+02 3.549043579101562500e+02 3.568033447265625000e+02 3.573558044433593750e+02 3.572437744140625000e+02 3.574012451171875000e+02 3.581712951660156250e+02 3.592440185546875000e+02 3.601070861816406250e+02 3.603907165527343750e+02 3.598197021484375000e+02 3.596074829101562500e+02 3.618196411132812500e+02 3.656824340820312500e+02 3.679335021972656250e+02 3.677339477539062500e+02 3.672103576660156250e+02 3.670633544921875000e+02 3.674603271484375000e+02 3.683307189941406250e+02 3.696051635742187500e+02 3.711284790039062500e+02 3.727990417480468750e+02 3.745387573242187500e+02 3.763865356445312500e+02 3.786372680664062500e+02 3.803625488281250000e+02 3.808462524414062500e+02 3.806937866210937500e+02 3.785400085449218750e+02 3.741138000488281250e+02 3.702097778320312500e+02 3.669963989257812500e+02 3.645179138183593750e+02 3.627361755371093750e+02 3.615917663574218750e+02 3.613284301757812500e+02 3.536452331542968750e+02 3.453132019042968750e+02 3.321883850097656250e+02 3.201635437011718750e+02 3.161063842773437500e+02 3.121062927246093750e+02 3.084198608398437500e+02 3.040688781738281250e+02 3.002397155761718750e+02 2.983644714355468750e+02 2.969761352539062500e+02 2.957290649414062500e+02 2.945451660156250000e+02 2.933877868652343750e+02 2.922884826660156250e+02 2.912167968750000000e+02 2.901254882812500000e+02 2.891052856445312500e+02 2.881723937988281250e+02 2.872423400878906250e+02 2.863947753906250000e+02 2.855474548339843750e+02 2.845899963378906250e+02 2.835523681640625000e+02 2.823648986816406250e+02 2.810625915527343750e+02 2.801069641113281250e+02 2.797352905273437500e+02 2.796221618652343750e+02 2.796173400878906250e+02 2.796758117675781250e+02 2.797577209472656250e+02 2.798892822265625000e+02 2.802667236328125000e+02 2.810067138671875000e+02 2.821510009765625000e+02 2.834218444824218750e+02 2.841908264160156250e+02 2.850767517089843750e+02 2.865233154296875000e+02 2.879483337402343750e+02 2.892187194824218750e+02 2.905668029785156250e+02 2.919389038085937500e+02 2.931925964355468750e+02 2.942512817382812500e+02 2.951166992187500000e+02 2.957539672851562500e+02 2.961798706054687500e+02 2.948340454101562500e+02 2.943904113769531250e+02 2.955586853027343750e+02 2.962604980468750000e+02 2.971784973144531250e+02 2.986810302734375000e+02 3.010422973632812500e+02 3.032611999511718750e+02 3.045740051269531250e+02 3.059776306152343750e+02 3.075039672851562500e+02 3.106282958984375000e+02 3.177135925292968750e+02 3.169136352539062500e+02 3.153483886718750000e+02 3.184946594238281250e+02 3.217217407226562500e+02 3.210331726074218750e+02 3.316034851074218750e+02 3.276863098144531250e+02 3.200547180175781250e+02 3.231043395996093750e+02 3.304170532226562500e+02 3.380320129394531250e+02 3.425260314941406250e+02
3.086430053710937500e+02 3.094600830078125000e+02 3.102821960449218750e+02 3.110292663574218750e+02 3.118214111328125000e+02 3.123051452636718750e+02 3.122959289550781250e+02 3.120093078613281250e+02 3.115852661132812500e+02 3.110531616210937500e+02 3.104884338378906250e+02 3.096633605957031250e+02 3.091301879882812500e+02 3.101260986328125000e+02 3.118383178710937500e+02 3.135210571289062500e+02 3.147430725097656250e+02 3.154344787597656250e+02 3.159021301269531250e+02 3.162211303710937500e+02 3.154157714843750000e+02 3.172129516601562500e+02 3.342409362792968750e+02 3.437090454101562500e+02 3.447968750000000000e+02 3.463666381835937500e+02 3.482668762207031250e+02 3.503868103027343750e+02 3.526689453125000000e+02 3.547052612304687500e+02 3.558431396484375000e+02 3.558931579589843750e+02 3.556469421386718750e+02 3.558142700195312500e+02 3.565477905273437500e+02 3.575973205566406250e+02 3.586785583496093750e+02 3.588407592773437500e+02 3.582684020996093750e+02 3.589117126464843750e+02 3.613146057128906250e+02 3.661906738281250000e+02 3.691600036621093750e+02 3.683663024902343750e+02 3.680556945800781250e+02 3.684335937500000000e+02 3.693172607421875000e+02 3.703241271972656250e+02 3.715292053222656250e+02 3.728670654296875000e+02 3.742903137207031250e+02 3.757185974121093750e+02 3.773213195800781250e+02 3.791670227050781250e+02 3.803044738769531250e+02 3.805133361816406250e+02 3.801166687011718750e+02 3.780625305175781250e+02 3.746127929687500000e+02 3.712846679687500000e+02 3.684011230468750000e+02 3.659935913085937500e+02 3.643104248046875000e+02 3.635509338378906250e+02 3.634101867675781250e+02 3.617308044433593750e+02 3.614571838378906250e+02 3.560202941894531250e+02 3.414577941894531250e+02 3.282679748535156250e+02 3.192705993652343750e+02 3.132959289550781250e+02 3.077723693847656250e+02 3.019695434570312500e+02 2.990151977539062500e+02 2.977137756347656250e+02 2.965737609863281250e+02 2.954526367187500000e+02 2.943042907714843750e+02 2.931797180175781250e+02 2.920874633789062500e+02 2.910143737792968750e+02 2.900979003906250000e+02 2.892348022460937500e+02 2.883632202148437500e+02 2.875246887207031250e+02 2.866184692382812500e+02 2.855296630859375000e+02 2.844001159667968750e+02 2.831950988769531250e+02 2.819783020019531250e+02 2.809953613281250000e+02 2.802791442871093750e+02 2.798630065917968750e+02 2.796968994140625000e+02 2.796394958496093750e+02 2.796360168457031250e+02 2.796742248535156250e+02 2.797242431640625000e+02 2.798549804687500000e+02 2.803521728515625000e+02 2.812180175781250000e+02 2.818539733886718750e+02 2.826720581054687500e+02 2.838484497070312500e+02 2.848699340820312500e+02 2.858856506347656250e+02 2.871062316894531250e+02 2.884094848632812500e+02 2.895873413085937500e+02 2.906601867675781250e+02 2.917837829589843750e+02 2.926096496582031250e+02 2.931601867675781250e+02 2.932799987792968750e+02 2.931996459960937500e+02 2.932041625976562500e+02 2.936506652832031250e+02 2.945768127441406250e+02 2.958379516601562500e+02 2.974273986816406250e+02 2.986971740722656250e+02 2.995152587890625000e+02 3.001550292968750000e+02 3.012648315429687500e+02 3.022793579101562500e+02 3.051689758300781250e+02 3.069366149902343750e+02 3.083330993652343750e+02 3.106529541015625000e+02 3.127154541015625000e+02 3.140008850097656250e+02 3.162955627441406250e+02 3.159020080566406250e+02 3.174964599609375000e+02 3.232023315429687500e+02 3.362744445800781250e+02 3.426336669921875000e+02 3.439033508300781250e+02
3.093483276367187500e+02 3.102035827636718750e+02 3.110660400390625000e+02 3.118442382812500000e+02 3.126888427734375000e+02 3.132886352539062500e+02 3.133369140625000000e+02 3.130358581542968750e+02 3.126152954101562500e+02 3.120494689941406250e+02 3.115239257812500000e+02 3.106725769042968750e+02 3.097497863769531250e+02 3.101226806640625000e+02 3.115725097656250000e+02 3.132218627929687500e+02 3.145463256835937500e+02 3.151437377929687500e+02 3.150877685546875000e+02 3.149020690917968750e+02 3.147905273437500000e+02 3.199042358398437500e+02 3.375924377441406250e+02 3.422215576171875000e+02 3.443232421875000000e+02 3.463798217773437500e+02 3.484245605468750000e+02 3.505521240234375000e+02 3.526324462890625000e+02 3.541284484863281250e+02 3.545489807128906250e+02 3.543490905761718750e+02 3.540711364746093750e+02 3.542269592285156250e+02 3.547559509277343750e+02 3.553527221679687500e+02 3.558746948242187500e+02 3.562825927734375000e+02 3.572321472167968750e+02 3.590184020996093750e+02 3.612505187988281250e+02 3.647406921386718750e+02 3.671203002929687500e+02 3.675280151367187500e+02 3.677723999023437500e+02 3.683721313476562500e+02 3.691731872558593750e+02 3.701048889160156250e+02 3.711677551269531250e+02 3.721757202148437500e+02 3.733026123046875000e+02 3.751216430664062500e+02 3.774747009277343750e+02 3.796868591308593750e+02 3.807619934082031250e+02 3.801369323730468750e+02 3.790482177734375000e+02 3.768643798828125000e+02 3.741019897460937500e+02 3.714538269042968750e+02 3.693798522949218750e+02 3.679110717773437500e+02 3.666626586914062500e+02 3.655881652832031250e+02 3.651557312011718750e+02 3.648418884277343750e+02 3.653293457031250000e+02 3.645229492187500000e+02 3.599218139648437500e+02 3.501264038085937500e+02 3.380282287597656250e+02 3.229534301757812500e+02 3.126263122558593750e+02 3.055241394042968750e+02 3.004229431152343750e+02 2.985239257812500000e+02 2.973921203613281250e+02 2.962822265625000000e+02 2.951384887695312500e+02 2.940415039062500000e+02 2.929785461425781250e+02 2.920266113281250000e+02 2.911964416503906250e+02 2.903890991210937500e+02 2.895383300781250000e+02 2.886392211914062500e+02 2.876030273437500000e+02 2.863770446777343750e+02 2.851408691406250000e+02 2.839462585449218750e+02 2.828955993652343750e+02 2.821765136718750000e+02 2.815361022949218750e+02 2.808815307617187500e+02 2.803969116210937500e+02 2.801016845703125000e+02 2.798351440429687500e+02 2.797579040527343750e+02 2.797096862792968750e+02 2.797118225097656250e+02 2.797756958007812500e+02 2.799190979003906250e+02 2.801040649414062500e+02 2.804902343750000000e+02 2.813204040527343750e+02 2.819665832519531250e+02 2.828171081542968750e+02 2.839485473632812500e+02 2.852336425781250000e+02 2.864254455566406250e+02 2.875133972167968750e+02 2.887150573730468750e+02 2.896395263671875000e+02 2.902478332519531250e+02 2.905795288085937500e+02 2.906121520996093750e+02 2.906913146972656250e+02 2.911424255371093750e+02 2.919468688964843750e+02 2.930990295410156250e+02 2.946313781738281250e+02 2.958552246093750000e+02 2.965764465332031250e+02 2.971595153808593750e+02 2.976665344238281250e+02 2.977468872070312500e+02 2.985736999511718750e+02 2.998376770019531250e+02 3.022368164062500000e+02 3.049231262207031250e+02 3.075355529785156250e+02 3.093706054687500000e+02 3.104362792968750000e+02 3.118357238769531250e+02 3.166889953613281250e+02 3.250974731445312500e+02 3.370145263671875000e+02 3.426994934082031250e+02 3.442341003417968750e+02
3.100545043945312500e+02 3.109487915039062500e+02 3.118634338378906250e+02 3.126683654785156250e+02 3.135243225097656250e+02 3.142340393066406250e+02 3.143857421875000000e+02 3.141054077148437500e+02 3.136631164550781250e+02 3.131182250976562500e+02 3.125907287597656250e+02 3.118616638183593750e+02 3.107881774902343750e+02 3.103290710449218750e+02 3.110840759277343750e+02 3.125263671875000000e+02 3.138220214843750000e+02 3.142520751953125000e+02 3.139830627441406250e+02 3.142356567382812500e+02 3.160628662109375000e+02 3.243677673339843750e+02 3.396341857910156250e+02 3.429588317871093750e+02 3.446332397460937500e+02 3.464698791503906250e+02 3.484331665039062500e+02 3.505657958984375000e+02 3.523888549804687500e+02 3.532081298828125000e+02 3.531343688964843750e+02 3.528059692382812500e+02 3.525091552734375000e+02 3.525612182617187500e+02 3.528244934082031250e+02 3.532060546875000000e+02 3.540615539550781250e+02 3.556969909667968750e+02 3.578233947753906250e+02 3.597125244140625000e+02 3.614615173339843750e+02 3.636912841796875000e+02 3.654783325195312500e+02 3.663614196777343750e+02 3.668934326171875000e+02 3.672816772460937500e+02 3.675534057617187500e+02 3.678870544433593750e+02 3.683188781738281250e+02 3.687796325683593750e+02 3.696141662597656250e+02 3.724473876953125000e+02 3.773071289062500000e+02 3.822723388671875000e+02 3.827463378906250000e+02 3.794418640136718750e+02 3.778851013183593750e+02 3.758368530273437500e+02 3.737864990234375000e+02 3.722081909179687500e+02 3.712033386230468750e+02 3.704754943847656250e+02 3.695903015136718750e+02 3.687930603027343750e+02 3.683105468750000000e+02 3.686298828125000000e+02 3.685297241210937500e+02 3.670391540527343750e+02 3.643883361816406250e+02 3.605230102539062500e+02 3.550561828613281250e+02 3.372059326171875000e+02 3.175818481445312500e+02 3.092251586914062500e+02 3.031517028808593750e+02 2.995025939941406250e+02 2.981783447265625000e+02 2.971042175292968750e+02 2.960211791992187500e+02 2.949672241210937500e+02 2.940134582519531250e+02 2.931690063476562500e+02 2.924136657714843750e+02 2.916363525390625000e+02 2.907738037109375000e+02 2.897888183593750000e+02 2.885563659667968750e+02 2.871888122558593750e+02 2.858944091796875000e+02 2.847707519531250000e+02 2.839747009277343750e+02 2.835776977539062500e+02 2.832315063476562500e+02 2.829223327636718750e+02 2.825741882324218750e+02 2.820164489746093750e+02 2.810864562988281250e+02 2.803269042968750000e+02 2.799029541015625000e+02 2.797501525878906250e+02 2.797260742187500000e+02 2.797254333496093750e+02 2.797200927734375000e+02 2.797079162597656250e+02 2.798475036621093750e+02 2.800130310058593750e+02 2.804182739257812500e+02 2.812600097656250000e+02 2.823681945800781250e+02 2.834697570800781250e+02 2.845758056640625000e+02 2.858097534179687500e+02 2.867709045410156250e+02 2.874463500976562500e+02 2.878866271972656250e+02 2.880263061523437500e+02 2.881790161132812500e+02 2.886196289062500000e+02 2.892765197753906250e+02 2.904376831054687500e+02 2.919727478027343750e+02 2.931608276367187500e+02 2.938578186035156250e+02 2.945012207031250000e+02 2.949907531738281250e+02 2.954703369140625000e+02 2.962558593750000000e+02 2.973584899902343750e+02 2.988901977539062500e+02 3.007293090820312500e+02 3.031516723632812500e+02 3.052450866699218750e+02 3.068011169433593750e+02 3.091787109375000000e+02 3.133634033203125000e+02 3.173426818847656250e+02 3.229237365722656250e+02 3.320457763671875000e+02 3.416955261230468750e+02
3.108021850585937500e+02 3.117324829101562500e+02 3.126972656250000000e+02 3.135645141601562500e+02 3.144081726074218750e+02 3.151968078613281250e+02 3.154606018066406250e+02 3.152149658203125000e+02 3.147588195800781250e+02 3.142088623046875000e+02 3.136024475097656250e+02 3.130053710937500000e+02 3.121960754394531250e+02 3.113943176269531250e+02 3.110118713378906250e+02 3.116578369140625000e+02 3.126877746582031250e+02 3.130898742675781250e+02 3.133536376953125000e+02 3.147915039062500000e+02 3.171944580078125000e+02 3.253811645507812500e+02 3.384028320312500000e+02 3.439137878417968750e+02 3.458732299804687500e+02 3.472570190429687500e+02 3.488245544433593750e+02 3.506000366210937500e+02 3.517901611328125000e+02 3.519450073242187500e+02 3.516548156738281250e+02 3.512439880371093750e+02 3.508984985351562500e+02 3.508292236328125000e+02 3.510860595703125000e+02 3.519846801757812500e+02 3.538721618652343750e+02 3.565117492675781250e+02 3.593025512695312500e+02 3.607309265136718750e+02 3.618945312500000000e+02 3.633100891113281250e+02 3.646117248535156250e+02 3.653721618652343750e+02 3.658820190429687500e+02 3.661243896484375000e+02 3.659390563964843750e+02 3.655260314941406250e+02 3.650661010742187500e+02 3.645633850097656250e+02 3.639910583496093750e+02 3.674831237792968750e+02 3.749142456054687500e+02 3.813956909179687500e+02 3.812922363281250000e+02 3.785741882324218750e+02 3.772268981933593750e+02 3.758712158203125000e+02 3.749115600585937500e+02 3.743430480957031250e+02 3.737385864257812500e+02 3.730608825683593750e+02 3.724355163574218750e+02 3.723226318359375000e+02 3.729478454589843750e+02 3.735868530273437500e+02 3.725521240234375000e+02 3.691323852539062500e+02 3.650988464355468750e+02 3.628453979492187500e+02 3.620874023437500000e+02 3.530758972167968750e+02 3.317162170410156250e+02 3.149870910644531250e+02 3.076289672851562500e+02 3.023649291992187500e+02 2.993630371093750000e+02 2.981465454101562500e+02 2.970670166015625000e+02 2.960825500488281250e+02 2.952222290039062500e+02 2.944661865234375000e+02 2.937569885253906250e+02 2.929836120605468750e+02 2.920462341308593750e+02 2.909116516113281250e+02 2.895231018066406250e+02 2.880385437011718750e+02 2.867446289062500000e+02 2.857854919433593750e+02 2.853061828613281250e+02 2.852382507324218750e+02 2.852035827636718750e+02 2.852806701660156250e+02 2.851703796386718750e+02 2.844779357910156250e+02 2.833208007812500000e+02 2.820869445800781250e+02 2.809312133789062500e+02 2.802127380371093750e+02 2.799589843750000000e+02 2.798743286132812500e+02 2.798053894042968750e+02 2.797432250976562500e+02 2.797008666992187500e+02 2.796957397460937500e+02 2.797446289062500000e+02 2.799030456542968750e+02 2.802776184082031250e+02 2.808680725097656250e+02 2.817373046875000000e+02 2.829407958984375000e+02 2.839212036132812500e+02 2.846069335937500000e+02 2.852132568359375000e+02 2.854405822753906250e+02 2.855318603515625000e+02 2.858733215332031250e+02 2.865351562500000000e+02 2.878251647949218750e+02 2.893410949707031250e+02 2.903395996093750000e+02 2.910301208496093750e+02 2.918109130859375000e+02 2.923996276855468750e+02 2.929731445312500000e+02 2.938421325683593750e+02 2.949765319824218750e+02 2.964269409179687500e+02 2.981470031738281250e+02 2.999183044433593750e+02 3.016542968750000000e+02 3.034636535644531250e+02 3.059430541992187500e+02 3.090793457031250000e+02 3.117809143066406250e+02 3.144674682617187500e+02 3.182796325683593750e+02 3.303987426757812500e+02
3.115557250976562500e+02 3.125130004882812500e+02 3.135234375000000000e+02 3.144751586914062500e+02 3.153319396972656250e+02 3.161597290039062500e+02 3.165086975097656250e+02 3.162756958007812500e+02 3.157978820800781250e+02 3.152480468750000000e+02 3.146785583496093750e+02 3.141076660156250000e+02 3.135440368652343750e+02 3.129508666992187500e+02 3.121913757324218750e+02 3.117201538085937500e+02 3.120345764160156250e+02 3.125960998535156250e+02 3.138204650878906250e+02 3.155982971191406250e+02 3.178766784667968750e+02 3.268830261230468750e+02 3.398124389648437500e+02 3.439926757812500000e+02 3.460301818847656250e+02 3.476029357910156250e+02 3.490145568847656250e+02 3.502084350585937500e+02 3.506632080078125000e+02 3.505675354003906250e+02 3.502510681152343750e+02 3.497691345214843750e+02 3.493413696289062500e+02 3.492468261718750000e+02 3.497555541992187500e+02 3.512541809082031250e+02 3.537310485839843750e+02 3.568078613281250000e+02 3.597665100097656250e+02 3.611471557617187500e+02 3.620694885253906250e+02 3.630639953613281250e+02 3.639132995605468750e+02 3.644011535644531250e+02 3.648156433105468750e+02 3.649905700683593750e+02 3.646391601562500000e+02 3.637242126464843750e+02 3.622498168945312500e+02 3.612411193847656250e+02 3.600684814453125000e+02 3.619774475097656250e+02 3.717689819335937500e+02 3.799158020019531250e+02 3.797208862304687500e+02 3.780615234375000000e+02 3.770840454101562500e+02 3.767265625000000000e+02 3.768332824707031250e+02 3.769736022949218750e+02 3.764036865234375000e+02 3.754089355468750000e+02 3.747816162109375000e+02 3.752225341796875000e+02 3.772051391601562500e+02 3.789291381835937500e+02 3.772947387695312500e+02 3.714097595214843750e+02 3.641706848144531250e+02 3.611041259765625000e+02 3.598482055664062500e+02 3.546771545410156250e+02 3.418759155273437500e+02 3.258366088867187500e+02 3.146927185058593750e+02 3.074008789062500000e+02 3.024736328125000000e+02 2.998811645507812500e+02 2.982888183593750000e+02 2.973487548828125000e+02 2.965515747070312500e+02 2.958262634277343750e+02 2.951272888183593750e+02 2.943457336425781250e+02 2.933032836914062500e+02 2.919937133789062500e+02 2.904864196777343750e+02 2.889399719238281250e+02 2.876843872070312500e+02 2.869076232910156250e+02 2.867514038085937500e+02 2.870288085937500000e+02 2.873218688964843750e+02 2.877087707519531250e+02 2.877317810058593750e+02 2.869513854980468750e+02 2.856163024902343750e+02 2.841763305664062500e+02 2.828054199218750000e+02 2.816970520019531250e+02 2.809890747070312500e+02 2.805667114257812500e+02 2.802312927246093750e+02 2.799820861816406250e+02 2.798079223632812500e+02 2.797312011718750000e+02 2.796995544433593750e+02 2.797039184570312500e+02 2.797273864746093750e+02 2.797785949707031250e+02 2.799534606933593750e+02 2.806482543945312500e+02 2.814139404296875000e+02 2.818704528808593750e+02 2.826596374511718750e+02 2.829941406250000000e+02 2.829896545410156250e+02 2.831795959472656250e+02 2.838888854980468750e+02 2.853695068359375000e+02 2.868145141601562500e+02 2.876197509765625000e+02 2.883434448242187500e+02 2.892273254394531250e+02 2.899048461914062500e+02 2.905048217773437500e+02 2.913876342773437500e+02 2.925161743164062500e+02 2.939230346679687500e+02 2.956640930175781250e+02 2.974716796875000000e+02 2.991385803222656250e+02 3.006390380859375000e+02 3.023524475097656250e+02 3.048438720703125000e+02 3.072294616699218750e+02 3.093039550781250000e+02 3.114512634277343750e+02 3.174792785644531250e+02
3.123234558105468750e+02 3.133071289062500000e+02 3.143584289550781250e+02 3.154110717773437500e+02 3.163434448242187500e+02 3.172034606933593750e+02 3.175536804199218750e+02 3.172919311523437500e+02 3.167879333496093750e+02 3.162288818359375000e+02 3.157019042968750000e+02 3.152731933593750000e+02 3.146889038085937500e+02 3.141296386718750000e+02 3.135519714355468750e+02 3.130881042480468750e+02 3.128175048828125000e+02 3.133113403320312500e+02 3.147669677734375000e+02 3.165836791992187500e+02 3.212279357910156250e+02 3.352383117675781250e+02 3.420559387207031250e+02 3.439604492187500000e+02 3.454669494628906250e+02 3.470344543457031250e+02 3.484286804199218750e+02 3.491875610351562500e+02 3.492987060546875000e+02 3.491761169433593750e+02 3.488730468750000000e+02 3.483430786132812500e+02 3.478302001953125000e+02 3.477619628906250000e+02 3.484264526367187500e+02 3.501617126464843750e+02 3.529107971191406250e+02 3.563755798339843750e+02 3.597314147949218750e+02 3.611253967285156250e+02 3.618989868164062500e+02 3.625345153808593750e+02 3.629940185546875000e+02 3.633767700195312500e+02 3.637648925781250000e+02 3.638760986328125000e+02 3.634508361816406250e+02 3.624415588378906250e+02 3.605884399414062500e+02 3.588357849121093750e+02 3.579276428222656250e+02 3.586764526367187500e+02 3.664523315429687500e+02 3.770361328125000000e+02 3.775596923828125000e+02 3.764230651855468750e+02 3.765075683593750000e+02 3.772903442382812500e+02 3.783910522460937500e+02 3.793703613281250000e+02 3.790086059570312500e+02 3.774894714355468750e+02 3.764093322753906250e+02 3.767235412597656250e+02 3.784166870117187500e+02 3.799449768066406250e+02 3.803651428222656250e+02 3.736073913574218750e+02 3.613010559082031250e+02 3.583595581054687500e+02 3.560355834960937500e+02 3.516073303222656250e+02 3.450360717773437500e+02 3.397962036132812500e+02 3.295653076171875000e+02 3.147624206542968750e+02 3.076163635253906250e+02 3.031639099121093750e+02 3.001522216796875000e+02 2.988639221191406250e+02 2.980346374511718750e+02 2.972557678222656250e+02 2.965470886230468750e+02 2.957224121093750000e+02 2.945487976074218750e+02 2.931286315917968750e+02 2.915361633300781250e+02 2.899608459472656250e+02 2.887786865234375000e+02 2.881810607910156250e+02 2.883473510742187500e+02 2.889800109863281250e+02 2.896450195312500000e+02 2.903122863769531250e+02 2.903956604003906250e+02 2.895072326660156250e+02 2.879716491699218750e+02 2.863104858398437500e+02 2.847265014648437500e+02 2.834000854492187500e+02 2.824460449218750000e+02 2.818364257812500000e+02 2.814252929687500000e+02 2.809960021972656250e+02 2.804059448242187500e+02 2.800081787109375000e+02 2.798358764648437500e+02 2.797217102050781250e+02 2.796445007324218750e+02 2.795719299316406250e+02 2.795666198730468750e+02 2.797293701171875000e+02 2.798630676269531250e+02 2.798689270019531250e+02 2.805277099609375000e+02 2.807490844726562500e+02 2.806929321289062500e+02 2.807344055175781250e+02 2.812589721679687500e+02 2.829577331542968750e+02 2.842344665527343750e+02 2.848329772949218750e+02 2.856912841796875000e+02 2.867053833007812500e+02 2.874133300781250000e+02 2.880400085449218750e+02 2.889010620117187500e+02 2.900145568847656250e+02 2.913708190917968750e+02 2.930427856445312500e+02 2.948178405761718750e+02 2.966020812988281250e+02 2.982539672851562500e+02 2.995153503417968750e+02 3.008715515136718750e+02 3.025897827148437500e+02 3.036915283203125000e+02 3.048059387207031250e+02 3.090415649414062500e+02
3.130763549804687500e+02 3.140977478027343750e+02 3.151903991699218750e+02 3.163525390625000000e+02 3.174739379882812500e+02 3.184839782714843750e+02 3.187305603027343750e+02 3.182828979492187500e+02 3.177573852539062500e+02 3.171642150878906250e+02 3.166546020507812500e+02 3.163159790039062500e+02 3.158356323242187500e+02 3.151808776855468750e+02 3.146508178710937500e+02 3.142884521484375000e+02 3.139394226074218750e+02 3.141186523437500000e+02 3.155705261230468750e+02 3.177440490722656250e+02 3.250311889648437500e+02 3.391487121582031250e+02 3.420242614746093750e+02 3.434035034179687500e+02 3.449371948242187500e+02 3.464268188476562500e+02 3.475367431640625000e+02 3.478631286621093750e+02 3.477897338867187500e+02 3.476465454101562500e+02 3.474541320800781250e+02 3.469484863281250000e+02 3.463401184082031250e+02 3.461868286132812500e+02 3.467307739257812500e+02 3.484030151367187500e+02 3.511467895507812500e+02 3.548446044921875000e+02 3.590196533203125000e+02 3.607042846679687500e+02 3.614776916503906250e+02 3.618086547851562500e+02 3.619700622558593750e+02 3.623401489257812500e+02 3.627183532714843750e+02 3.628380432128906250e+02 3.624718933105468750e+02 3.616662597656250000e+02 3.603370971679687500e+02 3.568554992675781250e+02 3.550264282226562500e+02 3.560594482421875000e+02 3.581755065917968750e+02 3.639765319824218750e+02 3.704429626464843750e+02 3.730504455566406250e+02 3.749551391601562500e+02 3.770651245117187500e+02 3.793217163085937500e+02 3.803652038574218750e+02 3.803359680175781250e+02 3.787179870605468750e+02 3.768833618164062500e+02 3.765935058593750000e+02 3.773682556152343750e+02 3.787084960937500000e+02 3.804592895507812500e+02 3.770180664062500000e+02 3.622797241210937500e+02 3.575348510742187500e+02 3.543564453125000000e+02 3.507473449707031250e+02 3.465082397460937500e+02 3.429637756347656250e+02 3.416709899902343750e+02 3.292915039062500000e+02 3.145497741699218750e+02 3.080670776367187500e+02 3.039543762207031250e+02 3.012229614257812500e+02 2.997308044433593750e+02 2.987576904296875000e+02 2.980367736816406250e+02 2.971600952148437500e+02 2.959025878906250000e+02 2.943798217773437500e+02 2.927236938476562500e+02 2.911541748046875000e+02 2.900623168945312500e+02 2.896703491210937500e+02 2.901315612792968750e+02 2.911346130371093750e+02 2.922279968261718750e+02 2.931969299316406250e+02 2.932973632812500000e+02 2.923720703125000000e+02 2.906854553222656250e+02 2.887259521484375000e+02 2.867629394531250000e+02 2.851000976562500000e+02 2.839327392578125000e+02 2.832710266113281250e+02 2.829369812011718750e+02 2.825303955078125000e+02 2.819002685546875000e+02 2.811949768066406250e+02 2.805930480957031250e+02 2.800950012207031250e+02 2.798356628417968750e+02 2.795655822753906250e+02 2.794656372070312500e+02 2.795036010742187500e+02 2.795221252441406250e+02 2.795281372070312500e+02 2.796518859863281250e+02 2.797691650390625000e+02 2.796715087890625000e+02 2.795832519531250000e+02 2.797103576660156250e+02 2.808662719726562500e+02 2.815522155761718750e+02 2.817705993652343750e+02 2.829199829101562500e+02 2.841671447753906250e+02 2.848683776855468750e+02 2.854861755371093750e+02 2.863169555664062500e+02 2.874012145996093750e+02 2.887327880859375000e+02 2.903464050292968750e+02 2.920743408203125000e+02 2.938195800781250000e+02 2.954961242675781250e+02 2.969270019531250000e+02 2.981481323242187500e+02 2.988809509277343750e+02 2.989261779785156250e+02 2.993627319335937500e+02 3.015881042480468750e+02
3.136622314453125000e+02 3.147506408691406250e+02 3.158864746093750000e+02 3.171402282714843750e+02 3.184974670410156250e+02 3.197388916015625000e+02 3.197827148437500000e+02 3.191606140136718750e+02 3.186318664550781250e+02 3.179842834472656250e+02 3.174584960937500000e+02 3.171395263671875000e+02 3.166982727050781250e+02 3.162365112304687500e+02 3.157837829589843750e+02 3.154556579589843750e+02 3.149284667968750000e+02 3.148074340820312500e+02 3.162474365234375000e+02 3.187294311523437500e+02 3.265533447265625000e+02 3.379403381347656250e+02 3.412736511230468750e+02 3.428251342773437500e+02 3.442422485351562500e+02 3.456590576171875000e+02 3.464881286621093750e+02 3.465181579589843750e+02 3.463253479003906250e+02 3.461312866210937500e+02 3.460737609863281250e+02 3.456846923828125000e+02 3.449751586914062500e+02 3.445720520019531250e+02 3.447528686523437500e+02 3.460138854980468750e+02 3.479617004394531250e+02 3.500493469238281250e+02 3.531658630371093750e+02 3.569944152832031250e+02 3.584539184570312500e+02 3.602383422851562500e+02 3.607934265136718750e+02 3.613728027343750000e+02 3.616041870117187500e+02 3.618272094726562500e+02 3.616817321777343750e+02 3.609883728027343750e+02 3.592496948242187500e+02 3.547585144042968750e+02 3.522364196777343750e+02 3.538092346191406250e+02 3.569611206054687500e+02 3.605524291992187500e+02 3.659384765625000000e+02 3.701270446777343750e+02 3.730634155273437500e+02 3.757978515625000000e+02 3.786095886230468750e+02 3.802722167968750000e+02 3.799378356933593750e+02 3.778301086425781250e+02 3.758022460937500000e+02 3.751856689453125000e+02 3.754613037109375000e+02 3.760791625976562500e+02 3.769232177734375000e+02 3.740364990234375000e+02 3.658202209472656250e+02 3.597768859863281250e+02 3.559304809570312500e+02 3.522055053710937500e+02 3.484902343750000000e+02 3.459282531738281250e+02 3.453645935058593750e+02 3.415156250000000000e+02 3.273489074707031250e+02 3.145091552734375000e+02 3.087045288085937500e+02 3.053322753906250000e+02 3.026407165527343750e+02 3.006910400390625000e+02 2.995615539550781250e+02 2.986711730957031250e+02 2.973801879882812500e+02 2.957020263671875000e+02 2.939500427246093750e+02 2.923807678222656250e+02 2.913465270996093750e+02 2.910886535644531250e+02 2.918085021972656250e+02 2.931933288574218750e+02 2.948792724609375000e+02 2.963176269531250000e+02 2.964568176269531250e+02 2.956868896484375000e+02 2.939895629882812500e+02 2.917102355957031250e+02 2.890662841796875000e+02 2.867994689941406250e+02 2.853635864257812500e+02 2.847164916992187500e+02 2.844954833984375000e+02 2.841627197265625000e+02 2.835962524414062500e+02 2.829311218261718750e+02 2.823385620117187500e+02 2.816267089843750000e+02 2.807543640136718750e+02 2.798627319335937500e+02 2.795859069824218750e+02 2.795751953125000000e+02 2.795319824218750000e+02 2.795307312011718750e+02 2.795725097656250000e+02 2.795938110351562500e+02 2.795229492187500000e+02 2.794568481445312500e+02 2.794505004882812500e+02 2.797384948730468750e+02 2.798579101562500000e+02 2.798418273925781250e+02 2.806736450195312500e+02 2.819572448730468750e+02 2.824604492187500000e+02 2.830049743652343750e+02 2.838261108398437500e+02 2.848657226562500000e+02 2.861572570800781250e+02 2.877438659667968750e+02 2.894721679687500000e+02 2.912400512695312500e+02 2.929347839355468750e+02 2.943749389648437500e+02 2.955542602539062500e+02 2.962146606445312500e+02 2.965155029296875000e+02 2.969720458984375000e+02 2.976987304687500000e+02
3.140092163085937500e+02 3.151881713867187500e+02 3.163768615722656250e+02 3.176644287109375000e+02 3.190225830078125000e+02 3.200960693359375000e+02 3.201716918945312500e+02 3.199714050292968750e+02 3.194085083007812500e+02 3.186888732910156250e+02 3.181989440917968750e+02 3.178907470703125000e+02 3.174854736328125000e+02 3.172573852539062500e+02 3.170962524414062500e+02 3.169821472167968750e+02 3.162863159179687500e+02 3.155041809082031250e+02 3.168104858398437500e+02 3.197698669433593750e+02 3.272574768066406250e+02 3.374015197753906250e+02 3.408814392089843750e+02 3.422795715332031250e+02 3.436285400390625000e+02 3.448161926269531250e+02 3.453201599121093750e+02 3.451550903320312500e+02 3.449059448242187500e+02 3.446741943359375000e+02 3.446303100585937500e+02 3.444611816406250000e+02 3.437620849609375000e+02 3.430330200195312500e+02 3.426477355957031250e+02 3.430424194335937500e+02 3.438245239257812500e+02 3.432767944335937500e+02 3.433386230468750000e+02 3.464890136718750000e+02 3.502050781250000000e+02 3.542415771484375000e+02 3.567379455566406250e+02 3.579855041503906250e+02 3.585184020996093750e+02 3.604622497558593750e+02 3.607189636230468750e+02 3.587982482910156250e+02 3.546340332031250000e+02 3.506188354492187500e+02 3.491098327636718750e+02 3.517702941894531250e+02 3.564274902343750000e+02 3.608900146484375000e+02 3.648115234375000000e+02 3.683243408203125000e+02 3.710808105468750000e+02 3.734782409667968750e+02 3.756299743652343750e+02 3.773521728515625000e+02 3.771076354980468750e+02 3.752571411132812500e+02 3.735587463378906250e+02 3.728648376464843750e+02 3.729312438964843750e+02 3.728963928222656250e+02 3.721238403320312500e+02 3.695576171875000000e+02 3.651244506835937500e+02 3.607987670898437500e+02 3.571255493164062500e+02 3.536101684570312500e+02 3.504967956542968750e+02 3.482617187500000000e+02 3.470785522460937500e+02 3.458038940429687500e+02 3.411846923828125000e+02 3.272917480468750000e+02 3.146774291992187500e+02 3.099336547851562500e+02 3.071740417480468750e+02 3.046094360351562500e+02 3.022403869628906250e+02 3.005802917480468750e+02 2.991419677734375000e+02 2.971536865234375000e+02 2.952356262207031250e+02 2.935865173339843750e+02 2.925227050781250000e+02 2.922692260742187500e+02 2.931317749023437500e+02 2.947868041992187500e+02 2.972479858398437500e+02 2.994883117675781250e+02 2.996523132324218750e+02 2.992430419921875000e+02 2.980297851562500000e+02 2.958404846191406250e+02 2.918610534667968750e+02 2.885265502929687500e+02 2.867780456542968750e+02 2.861762695312500000e+02 2.861024475097656250e+02 2.858729858398437500e+02 2.853591613769531250e+02 2.848176574707031250e+02 2.842875366210937500e+02 2.834644165039062500e+02 2.822748718261718750e+02 2.810368957519531250e+02 2.804396667480468750e+02 2.801133117675781250e+02 2.798271484375000000e+02 2.796975708007812500e+02 2.796477050781250000e+02 2.796150512695312500e+02 2.795407714843750000e+02 2.794875488281250000e+02 2.794785156250000000e+02 2.795137939453125000e+02 2.795387268066406250e+02 2.795362243652343750e+02 2.797380981445312500e+02 2.801947631835937500e+02 2.803002624511718750e+02 2.807293395996093750e+02 2.814914245605468750e+02 2.824543762207031250e+02 2.836487731933593750e+02 2.851907958984375000e+02 2.869299926757812500e+02 2.887698669433593750e+02 2.905391845703125000e+02 2.920515136718750000e+02 2.932659912109375000e+02 2.940055541992187500e+02 2.944491882324218750e+02 2.949829711914062500e+02 2.958766174316406250e+02
3.141512756347656250e+02 3.153911437988281250e+02 3.166194152832031250e+02 3.178840942382812500e+02 3.191477966308593750e+02 3.201239929199218750e+02 3.204590454101562500e+02 3.204431457519531250e+02 3.200266418457031250e+02 3.192811279296875000e+02 3.190031433105468750e+02 3.186913757324218750e+02 3.182532958984375000e+02 3.182112731933593750e+02 3.185088500976562500e+02 3.188094177246093750e+02 3.185760192871093750e+02 3.169683837890625000e+02 3.170809936523437500e+02 3.207547607421875000e+02 3.270269165039062500e+02 3.348295288085937500e+02 3.395793457031250000e+02 3.414702148437500000e+02 3.426664428710937500e+02 3.437576599121093750e+02 3.440142211914062500e+02 3.437181701660156250e+02 3.434214782714843750e+02 3.431793823242187500e+02 3.431071472167968750e+02 3.431684875488281250e+02 3.427295837402343750e+02 3.418082275390625000e+02 3.408229370117187500e+02 3.400417785644531250e+02 3.400116577148437500e+02 3.392983093261718750e+02 3.387046508789062500e+02 3.395252075195312500e+02 3.420914306640625000e+02 3.455602722167968750e+02 3.482337646484375000e+02 3.486026916503906250e+02 3.492480468750000000e+02 3.520202941894531250e+02 3.534643554687500000e+02 3.507142333984375000e+02 3.468339538574218750e+02 3.451486816406250000e+02 3.453504333496093750e+02 3.490316467285156250e+02 3.552695922851562500e+02 3.609723510742187500e+02 3.643056030273437500e+02 3.666882629394531250e+02 3.685873107910156250e+02 3.703021240234375000e+02 3.715570373535156250e+02 3.725340270996093750e+02 3.728756103515625000e+02 3.720168151855468750e+02 3.707766723632812500e+02 3.701756286621093750e+02 3.702827148437500000e+02 3.702933959960937500e+02 3.692140808105468750e+02 3.667947692871093750e+02 3.635009765625000000e+02 3.602809753417968750e+02 3.568715515136718750e+02 3.536384277343750000e+02 3.513792724609375000e+02 3.496224365234375000e+02 3.479437255859375000e+02 3.466120910644531250e+02 3.453536682128906250e+02 3.412518920898437500e+02 3.266586303710937500e+02 3.155493469238281250e+02 3.120711364746093750e+02 3.092536621093750000e+02 3.066015319824218750e+02 3.044073181152343750e+02 3.018474121093750000e+02 2.990806579589843750e+02 2.967191162109375000e+02 2.947970886230468750e+02 2.936164245605468750e+02 2.932203674316406250e+02 2.938944702148437500e+02 2.953264465332031250e+02 2.975820617675781250e+02 2.996911010742187500e+02 3.001594543457031250e+02 3.001126403808593750e+02 3.001379699707031250e+02 2.995310058593750000e+02 2.940894165039062500e+02 2.899014587402343750e+02 2.881167297363281250e+02 2.876770019531250000e+02 2.877814636230468750e+02 2.877035827636718750e+02 2.872942810058593750e+02 2.868538208007812500e+02 2.862223205566406250e+02 2.851978149414062500e+02 2.841279296875000000e+02 2.832316589355468750e+02 2.826288757324218750e+02 2.820294494628906250e+02 2.813417663574218750e+02 2.804362487792968750e+02 2.799560241699218750e+02 2.797760009765625000e+02 2.796860046386718750e+02 2.796228942871093750e+02 2.796001892089843750e+02 2.795766601562500000e+02 2.795570068359375000e+02 2.795660095214843750e+02 2.796024169921875000e+02 2.796324462890625000e+02 2.796808776855468750e+02 2.797929687500000000e+02 2.800078430175781250e+02 2.804412231445312500e+02 2.812791748046875000e+02 2.826886596679687500e+02 2.843950805664062500e+02 2.862870788574218750e+02 2.881838073730468750e+02 2.898506469726562500e+02 2.911166381835937500e+02 2.919407958984375000e+02 2.925591735839843750e+02 2.931997985839843750e+02 2.941461486816406250e+02
3.142454223632812500e+02 3.154694213867187500e+02 3.166858215332031250e+02 3.179213867187500000e+02 3.191248474121093750e+02 3.200635375976562500e+02 3.207794494628906250e+02 3.209815063476562500e+02 3.203639831542968750e+02 3.198342285156250000e+02 3.199110107421875000e+02 3.195038757324218750e+02 3.190763549804687500e+02 3.190325927734375000e+02 3.197189331054687500e+02 3.201536865234375000e+02 3.203820800781250000e+02 3.194569091796875000e+02 3.173727722167968750e+02 3.204238891601562500e+02 3.253146362304687500e+02 3.317481994628906250e+02 3.383260498046875000e+02 3.401822509765625000e+02 3.413784790039062500e+02 3.426260375976562500e+02 3.426990051269531250e+02 3.422432556152343750e+02 3.419192810058593750e+02 3.417924499511718750e+02 3.416820678710937500e+02 3.418395690917968750e+02 3.418068237304687500e+02 3.410299072265625000e+02 3.399069824218750000e+02 3.384064941406250000e+02 3.378176574707031250e+02 3.372532348632812500e+02 3.368048095703125000e+02 3.372766113281250000e+02 3.382160034179687500e+02 3.394553222656250000e+02 3.409448852539062500e+02 3.403133850097656250e+02 3.395906066894531250e+02 3.398005371093750000e+02 3.411013488769531250e+02 3.421324768066406250e+02 3.404976501464843750e+02 3.410355224609375000e+02 3.410993652343750000e+02 3.448247985839843750e+02 3.529968872070312500e+02 3.600934448242187500e+02 3.631445922851562500e+02 3.642797241210937500e+02 3.652134094238281250e+02 3.665318298339843750e+02 3.671346130371093750e+02 3.676026916503906250e+02 3.686230468750000000e+02 3.686864013671875000e+02 3.679961242675781250e+02 3.677011413574218750e+02 3.681481323242187500e+02 3.686566467285156250e+02 3.679837951660156250e+02 3.654575195312500000e+02 3.620584411621093750e+02 3.593687438964843750e+02 3.561170654296875000e+02 3.532026367187500000e+02 3.511944274902343750e+02 3.498334655761718750e+02 3.481552124023437500e+02 3.464928588867187500e+02 3.451199951171875000e+02 3.436263122558593750e+02 3.373505249023437500e+02 3.239595947265625000e+02 3.173922424316406250e+02 3.141258544921875000e+02 3.113575439453125000e+02 3.091200866699218750e+02 3.056468505859375000e+02 3.012752075195312500e+02 2.982202453613281250e+02 2.959355163574218750e+02 2.945827026367187500e+02 2.939779663085937500e+02 2.941463317871093750e+02 2.949645996093750000e+02 2.961273193359375000e+02 2.971817626953125000e+02 2.975207214355468750e+02 2.975215454101562500e+02 2.978356628417968750e+02 2.970254211425781250e+02 2.933551330566406250e+02 2.904537353515625000e+02 2.892754821777343750e+02 2.891482238769531250e+02 2.894818420410156250e+02 2.895930786132812500e+02 2.892922668457031250e+02 2.888413085937500000e+02 2.879971923828125000e+02 2.869153137207031250e+02 2.861849975585937500e+02 2.855991821289062500e+02 2.850751953125000000e+02 2.843985290527343750e+02 2.834138488769531250e+02 2.822203063964843750e+02 2.811466979980468750e+02 2.803808898925781250e+02 2.799607238769531250e+02 2.798432617187500000e+02 2.797985229492187500e+02 2.797564697265625000e+02 2.797124938964843750e+02 2.797078857421875000e+02 2.797105407714843750e+02 2.796947631835937500e+02 2.796849060058593750e+02 2.796699523925781250e+02 2.796442260742187500e+02 2.796555480957031250e+02 2.798548278808593750e+02 2.806442260742187500e+02 2.820086364746093750e+02 2.839324645996093750e+02 2.859694824218750000e+02 2.877717895507812500e+02 2.890974426269531250e+02 2.900033569335937500e+02 2.908469238281250000e+02 2.916812744140625000e+02 2.925367126464843750e+02
3.143792724609375000e+02 3.155673217773437500e+02 3.167380676269531250e+02 3.179387817382812500e+02 3.191045227050781250e+02 3.200743103027343750e+02 3.211986694335937500e+02 3.217374267578125000e+02 3.213236389160156250e+02 3.209036560058593750e+02 3.208161010742187500e+02 3.203656616210937500e+02 3.199984741210937500e+02 3.197553405761718750e+02 3.205968017578125000e+02 3.211441345214843750e+02 3.212451477050781250e+02 3.207682189941406250e+02 3.187642517089843750e+02 3.188364562988281250e+02 3.222892456054687500e+02 3.275664062500000000e+02 3.332987976074218750e+02 3.368728637695312500e+02 3.401485595703125000e+02 3.416444702148437500e+02 3.413437194824218750e+02 3.405916137695312500e+02 3.400615234375000000e+02 3.399970092773437500e+02 3.399863281250000000e+02 3.403323059082031250e+02 3.406353759765625000e+02 3.402769165039062500e+02 3.391074523925781250e+02 3.367639770507812500e+02 3.349723815917968750e+02 3.339428405761718750e+02 3.336419982910156250e+02 3.340240783691406250e+02 3.345023498535156250e+02 3.350466918945312500e+02 3.357287902832031250e+02 3.360565490722656250e+02 3.359421691894531250e+02 3.364484558105468750e+02 3.379227294921875000e+02 3.388426208496093750e+02 3.391744995117187500e+02 3.398748779296875000e+02 3.394588012695312500e+02 3.416125793457031250e+02 3.491403503417968750e+02 3.562257995605468750e+02 3.607951354980468750e+02 3.610018310546875000e+02 3.611001892089843750e+02 3.627366027832031250e+02 3.626529235839843750e+02 3.623303222656250000e+02 3.642355957031250000e+02 3.653393554687500000e+02 3.651692199707031250e+02 3.653618164062500000e+02 3.665880126953125000e+02 3.681069335937500000e+02 3.682402648925781250e+02 3.651807556152343750e+02 3.607608642578125000e+02 3.583457031250000000e+02 3.557098388671875000e+02 3.532911071777343750e+02 3.513340759277343750e+02 3.497867431640625000e+02 3.483035888671875000e+02 3.465107727050781250e+02 3.445299377441406250e+02 3.428220520019531250e+02 3.410474853515625000e+02 3.374478149414062500e+02 3.318373718261718750e+02 3.261102294921875000e+02 3.183218078613281250e+02 3.144014282226562500e+02 3.086480712890625000e+02 3.024747009277343750e+02 2.990466308593750000e+02 2.968269653320312500e+02 2.953041992187500000e+02 2.944010620117187500e+02 2.942523498535156250e+02 2.947611999511718750e+02 2.950934753417968750e+02 2.950987548828125000e+02 2.949116210937500000e+02 2.946397399902343750e+02 2.944853515625000000e+02 2.937167663574218750e+02 2.921494140625000000e+02 2.908706970214843750e+02 2.904720458984375000e+02 2.906701965332031250e+02 2.911637573242187500e+02 2.914104919433593750e+02 2.912775268554687500e+02 2.907152709960937500e+02 2.896746520996093750e+02 2.888357238769531250e+02 2.884965515136718750e+02 2.881004638671875000e+02 2.875857238769531250e+02 2.868645629882812500e+02 2.858062744140625000e+02 2.845237121582031250e+02 2.832028503417968750e+02 2.819805297851562500e+02 2.809014587402343750e+02 2.802646179199218750e+02 2.800320129394531250e+02 2.799592590332031250e+02 2.799281921386718750e+02 2.799224853515625000e+02 2.799205932617187500e+02 2.798717346191406250e+02 2.798014221191406250e+02 2.796733703613281250e+02 2.794447326660156250e+02 2.792143554687500000e+02 2.791607360839843750e+02 2.794230651855468750e+02 2.800489196777343750e+02 2.817286071777343750e+02 2.838162536621093750e+02 2.857083129882812500e+02 2.871235351562500000e+02 2.881919250488281250e+02 2.892027282714843750e+02 2.902362976074218750e+02 2.911538391113281250e+02
3.145308532714843750e+02 3.157018127441406250e+02 3.168611145019531250e+02 3.180277709960937500e+02 3.191857604980468750e+02 3.202992553710937500e+02 3.216552734375000000e+02 3.226472778320312500e+02 3.227425537109375000e+02 3.224316711425781250e+02 3.220494079589843750e+02 3.215540771484375000e+02 3.209058532714843750e+02 3.204765625000000000e+02 3.214921875000000000e+02 3.222393798828125000e+02 3.222016601562500000e+02 3.215657043457031250e+02 3.205180969238281250e+02 3.188537292480468750e+02 3.192560729980468750e+02 3.233533020019531250e+02 3.294678649902343750e+02 3.347179565429687500e+02 3.394630737304687500e+02 3.409325866699218750e+02 3.399295959472656250e+02 3.372900695800781250e+02 3.361454467773437500e+02 3.357843322753906250e+02 3.359313354492187500e+02 3.364763793945312500e+02 3.368514099121093750e+02 3.369461975097656250e+02 3.358593139648437500e+02 3.332970886230468750e+02 3.305881958007812500e+02 3.297474060058593750e+02 3.302765808105468750e+02 3.308435058593750000e+02 3.313450317382812500e+02 3.318139038085937500e+02 3.322099914550781250e+02 3.327908935546875000e+02 3.333413696289062500e+02 3.342954406738281250e+02 3.359132385253906250e+02 3.372346191406250000e+02 3.381251525878906250e+02 3.386652221679687500e+02 3.386309509277343750e+02 3.396702880859375000e+02 3.420400085449218750e+02 3.488052673339843750e+02 3.546247253417968750e+02 3.560832519531250000e+02 3.593129577636718750e+02 3.611836242675781250e+02 3.601730957031250000e+02 3.594698486328125000e+02 3.607669067382812500e+02 3.622060241699218750e+02 3.619560546875000000e+02 3.628203735351562500e+02 3.653316345214843750e+02 3.683914489746093750e+02 3.704423828125000000e+02 3.662713317871093750e+02 3.607977294921875000e+02 3.579570312500000000e+02 3.555412597656250000e+02 3.533971862792968750e+02 3.515314636230468750e+02 3.499453430175781250e+02 3.484932250976562500e+02 3.468000183105468750e+02 3.447417602539062500e+02 3.432486877441406250e+02 3.430998840332031250e+02 3.440369567871093750e+02 3.442794189453125000e+02 3.425817871093750000e+02 3.348354187011718750e+02 3.205461120605468750e+02 3.116434631347656250e+02 3.053648986816406250e+02 3.009450988769531250e+02 2.976782836914062500e+02 2.959259643554687500e+02 2.950713500976562500e+02 2.952364501953125000e+02 2.962692565917968750e+02 2.961532287597656250e+02 2.954255371093750000e+02 2.953373413085937500e+02 2.952431640625000000e+02 2.950792846679687500e+02 2.940363464355468750e+02 2.928512573242187500e+02 2.919944152832031250e+02 2.919125366210937500e+02 2.922846374511718750e+02 2.928294372558593750e+02 2.932666015625000000e+02 2.932104492187500000e+02 2.924859924316406250e+02 2.914612121582031250e+02 2.909906311035156250e+02 2.909366149902343750e+02 2.906743164062500000e+02 2.902631835937500000e+02 2.895011291503906250e+02 2.882126770019531250e+02 2.866596984863281250e+02 2.850369567871093750e+02 2.834764404296875000e+02 2.819711914062500000e+02 2.808289794921875000e+02 2.802524719238281250e+02 2.800713500976562500e+02 2.800464477539062500e+02 2.800497741699218750e+02 2.800466918945312500e+02 2.800170593261718750e+02 2.799766845703125000e+02 2.798060607910156250e+02 2.793431091308593750e+02 2.787419433593750000e+02 2.783060302734375000e+02 2.782490844726562500e+02 2.787511901855468750e+02 2.799370727539062500e+02 2.817142333984375000e+02 2.836880798339843750e+02 2.852858886718750000e+02 2.865419616699218750e+02 2.876936950683593750e+02 2.887425231933593750e+02 2.897244567871093750e+02
