,date,hds_g40_0367,hds_g40_0415,hds_g40_0416,hds_g40_0041,hds_g40_0366,hds_up_mang,hds_low_mang,hds_sub_terrace,hds_butterfield,hds_camphill_air,hds_sandypoint,hds_te_awa,hds_haw_town,hds_burdon,hds_ne_moraine,hds_cameron,hds_n_hawflat,hds_hawflat,hds_haw_domain,hds_w_hawflat,hds_s_terrace,hds_mid_e_terrace,hds_mid_terrace,hds_nw_terrace,hds_n_mid_terrace,hds_ne_terrace,riv_h1_flux,riv_h2_flux,riv_h3_flux,riv_c1_flux,riv_gview_flux,riv_john_flux,moraine_top_to_haweaflat,mangawera_to_river_zone,haweaflat_to_main_terrace,haweaflat_to_river_zone,river_zone_to_main_terrace,river_zone_to_sub_terrace,main_terrace_to_sub_terrace,main_terrace_to_clutha,main_terrace_to_sandy_point
0,2000-09-27,320.73047,331.03766,323.72653,322.90732,272.39096,345.00967,329.17215,292.74854,302.41364,304.9771,251.63103,320.81683,329.31265,326.42502,342.12738,329.9284,323.69656,321.50702,321.31113,306.8695,274.30444,300.06476,292.98352,295.46814,297.5261,335.0263,-128545.086,8997.533,3229.6682,-84081.266,3100.0,1500.0,149602.22,3630.4268,22560.836,140062.25,30218.117,-14.605484,5894.9424,66825.28,4832.02
1,1980-07-23,320.76395,331.04886,323.73288,322.91382,272.39096,345.0135,329.17215,292.95862,302.41364,304.98096,251.63133,320.81757,329.35333,326.45523,342.12747,329.9361,323.69724,321.53506,321.34213,306.93372,274.30444,300.0648,292.98352,295.47522,297.5262,335.0263,-128926.55,8679.522,3217.1301,-84085.71,3100.0,1500.0,149286.06,3630.3232,22831.533,141229.05,30213.982,-14.722862,5773.1104,66837.63,4817.878
2,1980-07-30,320.79553,331.0638,323.7451,322.92618,272.39096,345.0421,329.17218,293.29108,302.4137,304.98428,251.63145,320.82166,329.37177,326.4707,342.12802,329.95007,323.7025,321.56244,321.35666,306.9448,274.30444,300.0649,292.98352,295.48254,297.5274,335.0263,-129244.68,8649.839,3193.7966,-84107.39,3100.0,1500.0,149217.42,3630.237,22903.045,141570.28,30190.309,-14.997231,5673.6455,66864.71,4818.1035
3,1980-08-06,320.78244,331.064,323.74707,322.92734,272.391,345.08112,329.1725,293.32654,302.41412,304.98233,251.63152,320.8257,329.347,326.4458,342.1286,329.95447,323.7088,321.54382,321.32767,306.88986,274.30444,300.06516,292.98352,295.48343,297.5294,335.0263,-129004.37,8918.062,3185.553,-84130.5,3100.0,1500.0,149433.58,3630.3596,22647.805,140477.77,30173.223,-15.1538315,5702.3354,66878.125,4818.342
4,1980-08-13,320.7855,331.06882,323.74615,322.9262,272.39102,345.1149,329.1733,293.15945,302.4152,304.98282,251.63158,320.8263,329.37543,326.46826,342.12872,329.9556,323.7092,321.54932,321.34515,306.9289,274.30444,300.0654,292.98352,295.4845,297.53113,335.0263,-129154.21,8729.234,3185.6682,-84139.516,3100.0,1500.0,149176.03,3630.4885,22792.23,141235.0,30180.768,-15.181709,5782.582,66878.32,4818.5713
5,1980-08-20,320.80804,331.0769,323.75494,322.93488,272.39108,345.1429,329.1749,293.18063,302.4169,304.98526,251.63162,320.82898,329.39746,326.47656,342.129,329.96576,323.7128,321.5731,321.36237,306.9502,274.30444,300.0656,292.98352,295.48715,297.5327,335.0263,-129432.54,8644.262,3180.3284,-84142.77,3100.0,1500.0,149106.0,3630.6675,22901.207,141704.47,30176.746,-15.25499,5728.083,66884.555,4818.862
6,1980-08-27,320.82687,331.08585,323.7621,322.94226,272.3912,345.1626,329.17737,293.39658,302.4189,304.98688,251.63165,320.83304,329.40625,326.4909,342.12936,329.97583,323.71912,321.59073,321.373,306.95825,274.30444,300.06577,292.98352,295.49097,297.53452,335.0263,-129651.01,8622.19,3166.9778,-84156.02,3100.0,1500.0,149063.48,3631.1433,22942.484,141952.25,30163.613,-15.443687,5653.962,66901.63,4819.792
7,1980-09-03,320.8187,331.08633,323.7611,322.9415,272.39133,345.1707,329.1807,293.50418,302.42114,304.98544,251.6317,320.8366,329.36847,326.47345,342.1297,329.98102,323.7254,321.5792,321.3459,306.92105,274.30444,300.06592,292.98352,295.4916,297.53647,335.0263,-129406.22,8808.519,3160.5935,-84171.8,3100.0,1500.0,149288.0,3632.0078,22769.02,141000.73,30151.13,-15.588409,5624.577,66913.23,4819.751
8,1980-09-10,320.8183,331.08502,323.7568,322.93808,272.3915,345.18503,329.18478,293.47693,302.42355,304.9859,251.63167,320.83722,329.37778,326.4776,342.12973,329.98022,323.72668,321.57913,321.36603,306.9431,274.30444,300.06604,292.98352,295.49496,297.53818,335.0263,-129548.3,8692.285,3154.5557,-84182.72,3100.0,1500.0,149167.77,3633.1143,22837.324,141597.1,30148.754,-15.687599,5662.646,66919.86,4822.8955
9,1980-09-17,320.8249,331.08786,323.75845,322.94025,272.3917,345.19922,329.18948,293.33765,302.42624,304.98703,251.63164,320.8391,329.375,326.48285,342.12976,329.98178,323.73026,321.58844,321.36673,306.9456,274.30444,300.06628,292.98355,295.49292,297.53992,335.0263,-129600.47,8698.361,3155.7163,-84188.22,3100.0,1500.0,149176.55,3634.4446,22857.107,141585.5,30152.178,-15.70536,5720.466,66919.41,4825.236
10,1980-09-24,320.83716,331.09366,323.7604,322.9431,272.3919,345.2107,329.19464,293.3655,302.42905,304.98822,251.63162,320.8412,329.37784,326.49475,342.12988,329.98795,323.73462,321.6025,321.3803,306.9605,274.30444,300.06656,292.98358,295.49216,297.54123,335.0263,-129774.99,8637.032,3156.2974,-84187.664,3100.0,1500.0,149122.88,3636.0256,22926.582,141947.56,30155.525,-15.731453,5670.1177,66919.64,4826.6084
11,1980-10-01,320.82358,331.09546,323.76334,322.94608,272.39212,345.22263,329.2001,293.3497,302.43173,304.98654,251.63159,320.84396,329.38007,326.49268,342.1301,329.99298,323.74017,321.60263,321.3787,306.91583,274.30444,300.0668,292.9836,295.492,297.54236,335.0263,-129811.07,8898.1045,3154.5566,-84191.68,3100.0,1500.0,149133.39,3637.8687,22771.45,141586.25,30143.816,-15.774307,5723.546,66921.61,4827.668
12,1980-10-08,320.80026,331.0879,323.75912,322.94104,272.39233,345.23386,329.20587,293.22275,302.43417,304.98434,251.63158,320.84528,329.35214,326.46683,342.13013,329.9871,323.74387,321.57468,321.34882,306.88892,274.30444,300.06702,292.98364,295.49326,297.54312,335.0263,-129469.25,8993.111,3155.9502,-84188.586,3100.0,1500.0,149334.5,3639.889,22604.564,140707.77,30142.053,-15.731682,5745.5176,66917.516,4828.6777
13,1980-10-15,320.80164,331.08838,323.7547,322.93726,272.39258,345.24396,329.21185,293.2484,302.43634,304.98593,251.63156,320.8438,329.3657,326.4855,342.1299,329.98434,323.74268,321.57684,321.3674,306.92722,274.30444,300.06732,292.9837,295.4933,297.54385,335.0263,-129585.33,8794.407,3152.8145,-84189.45,3100.0,1500.0,149163.19,3641.8994,22753.176,141467.02,30148.545,-15.759338,5736.569,66920.664,4829.8496
14,1980-10-22,320.78394,331.08817,323.75504,322.93765,272.3928,345.25333,329.2181,292.88382,302.43817,304.98444,251.63152,320.8442,329.34625,326.47504,342.1299,329.98425,323.7443,321.571,321.34912,306.87534,274.30444,300.0677,292.98376,295.49115,297.54453,335.0263,-129419.0,9086.699,3158.7373,-84188.06,3100.0,1500.0,149313.55,3644.102,22575.994,140676.14,30145.93,-15.621178,5954.1304,66909.086,4831.4473
15,1980-10-29,320.76282,331.084,323.7498,322.932,272.39297,345.25516,329.2244,292.2912,302.4395,304.9827,251.63145,320.84286,329.3389,326.46185,342.12985,329.981,323.74295,321.54547,321.33838,306.8637,274.30444,300.06805,292.98386,295.48453,297.54462,335.0263,-129239.45,9101.58,3179.2822,-84165.195,3100.0,1500.0,149331.14,3646.376,22480.578,140434.2,30170.223,-15.2464905,6147.4487,66878.74,4833.68
16,1980-11-05,320.7501,331.06488,323.74268,322.92398,272.39316,345.21454,329.2307,292.37833,302.4401,304.98248,251.63136,320.84036,329.31934,326.42914,342.1296,329.9688,323.73926,321.5278,321.32062,306.86612,274.30444,300.06842,292.98395,295.47916,297.54388,335.0263,-128942.42,9058.748,3190.544,-84139.16,3100.0,1500.0,149566.14,3648.6326,22473.312,139981.3,30185.232,-15.050545,5983.407,66866.76,4836.2217
17,1980-11-12,320.7757,331.0641,323.73993,322.92197,272.39328,345.15048,329.23688,292.8396,302.43945,304.9863,251.63127,320.83698,329.34647,326.46466,342.12888,329.9604,323.73376,321.5503,321.34937,306.92853,274.30444,300.06876,292.98407,295.48434,297.54285,335.0263,-129179.914,8747.114,3176.0312,-84138.125,3100.0,1500.0,149303.84,3650.8118,22753.621,141151.95,30182.664,-15.145798,5834.023,66880.97,4838.6426
18,1980-11-19,320.76782,331.0658,323.74237,322.9251,272.39337,345.125,329.24258,292.46335,302.4378,304.9855,251.6312,320.83722,329.3179,326.446,342.12875,329.9608,323.7343,321.55692,321.3382,306.8706,274.30444,300.06915,292.9842,295.48056,297.54254,335.0263,-129114.54,9092.773,3179.6313,-84143.61,3100.0,1500.0,149528.28,3653.0757,22580.266,140374.19,30178.545,-14.984322,6121.2856,66870.23,4840.5337
19,1980-11-26,320.75775,331.05145,323.73477,322.9175,272.39343,345.09427,329.2475,291.5008,302.4357,304.9843,251.6311,320.83597,329.29828,326.41916,342.12863,329.95386,323.73322,321.54114,321.3273,306.87234,274.30444,300.06946,292.98434,295.4686,297.54175,335.0263,-128912.67,9042.866,3215.2734,-84112.055,3100.0,1500.0,149688.92,3655.2605,22542.05,140078.77,30223.465,-14.38166,6479.2935,66819.47,4841.9233
20,1980-12-03,320.725,331.02783,323.72372,322.90485,272.39346,345.0628,329.2514,291.01727,302.43304,304.98056,251.63103,320.83218,329.27545,326.39456,342.12793,329.93628,323.72717,321.5012,321.27942,306.81677,274.30444,300.06973,292.98453,295.45746,297.5398,335.0263,-128294.15,9286.52,3246.3853,-84061.25,3100.0,1500.0,149909.22,3657.2375,22291.67,138787.27,30250.342,-13.8159485,6555.3145,66776.04,4843.0923
21,1980-12-10,320.73868,331.02206,323.71866,322.90082,272.39343,345.02383,329.25403,291.47202,302.42914,304.98315,251.63094,320.82623,329.298,326.42252,342.1269,329.92517,323.7167,321.51517,321.32382,306.89514,274.30444,300.0699,292.98468,295.45917,297.53696,335.0263,-128609.71,8879.533,3245.228,-84027.18,3100.0,1500.0,149707.03,3658.7068,22622.766,140369.16,30261.715,-13.656792,6235.711,66773.32,4844.1484
22,1980-12-17,320.73627,331.02344,323.72247,322.90445,272.39334,344.99078,329.25513,291.90277,302.42368,304.98337,251.63086,320.825,329.28903,326.4256,342.12646,329.9151,323.71463,321.51346,321.29715,306.8478,274.30444,300.07007,292.98486,295.45862,297.53488,335.0263,-128423.484,9126.186,3233.6152,-84034.234,3100.0,1500.0,149805.62,3659.7751,22466.033,139535.58,30244.95,-13.706314,6197.862,66786.66,4845.1816
23,1980-12-24,320.71475,331.00937,323.71588,322.8972,272.39316,344.9716,329.25455,291.3204,302.41736,304.9808,251.63077,320.82205,329.25967,326.39282,342.12622,329.90393,323.71158,321.49902,321.27835,306.82785,274.30444,300.07022,292.98508,295.45154,297.533,335.0263,-128117.32,9226.499,3254.7422,-84023.6,3100.0,1500.0,150045.16,3660.4705,22389.906,138898.58,30267.305,-13.310791,6501.885,66755.42,4846.3545
24,1980-12-31,320.67514,330.99347,323.70294,322.8847,272.39294,344.9429,329.25232,290.5813,302.4109,304.97632,251.63068,320.81696,329.2264,326.37396,342.1256,329.8914,323.70535,321.46646,321.26096,306.77277,274.30447,300.07022,292.9853,295.43964,297.5304,335.0263,-127771.62,9483.148,3290.0361,-83982.95,3100.0,1500.0,150209.78,3660.5947,22159.63,138195.6,30296.486,-12.718094,6749.992,66706.91,4847.6836
25,1981-01-07,320.67722,330.99213,323.69464,322.87848,272.3927,344.9094,329.24854,290.68488,302.40417,304.97726,251.63058,320.81146,329.21555,326.38873,342.12506,329.887,323.6964,321.4646,321.28018,306.82864,274.30447,300.07013,292.98547,295.43542,297.52676,335.0263,-127855.92,9167.328,3306.8706,-83937.57,3100.0,1500.0,150104.58,3659.9673,22369.078,139035.19,30322.96,-12.387154,6523.212,66685.234,4848.866
26,1981-01-14,320.68463,330.99344,323.6971,322.878,272.3924,344.87555,329.24326,291.48578,302.3968,304.97772,251.6305,320.80835,329.25366,326.3662,342.12512,329.88144,323.69107,321.47534,321.25937,306.81967,274.30447,300.07004,292.9857,295.43835,297.5234,335.0263,-127640.63,9238.65,3291.6592,-83933.56,3100.0,1500.0,149886.47,3658.7654,22393.562,138557.69,30304.244,-12.530853,6226.2915,66705.58,4849.5776
27,1981-01-21,320.6177,330.9837,323.6858,322.86533,272.39203,344.84094,329.23648,291.88666,302.38898,304.9699,251.63042,320.80313,329.18234,326.3149,342.12524,329.8667,323.68243,321.4112,321.20493,306.6889,274.30447,300.06982,292.9859,295.4372,297.52084,335.0263,-126920.625,9857.647,3289.2246,-83946.43,3100.0,1500.0,150371.42,3657.2861,21830.46,136496.58,30276.316,-12.629364,6129.177,66716.01,4849.5723
28,1981-01-28,320.56403,330.96146,323.66446,322.8448,272.39163,344.80325,329.22806,292.01892,302.38168,304.96603,251.63036,320.79333,329.1435,326.29276,342.1249,329.8489,323.66373,321.35703,321.1947,306.6972,274.30447,300.06943,292.98608,295.43475,297.51794,335.0263,-126503.87,9740.606,3297.9297,-83950.766,3100.0,1500.0,150555.1,3655.123,21789.178,136398.69,30288.363,-12.655701,6101.777,66713.445,4849.062
29,1981-02-04,320.53232,330.94437,323.65475,322.83554,272.3912,344.7755,329.2181,292.08078,302.37567,304.96448,251.63031,320.78412,329.15005,326.30118,342.124,329.83334,323.64285,321.33658,321.19458,306.68765,274.30447,300.06894,292.98627,295.43372,297.5148,335.0263,-126362.06,9780.98,3304.1992,-83948.92,3100.0,1500.0,150517.92,3652.2302,21774.408,136544.4,30290.508,-12.694855,6089.8325,66709.516,4848.295
30,1981-02-11,320.59216,330.95477,323.66507,322.84592,272.3908,344.7658,329.20697,292.22815,302.3712,304.9719,251.63026,320.77887,329.22775,326.35858,342.12326,329.83627,323.62817,321.38925,321.2504,306.83563,274.30447,300.06833,292.98642,295.4374,297.51175,335.0263,-127001.914,9028.986,3300.4844,-83946.64,3100.0,1500.0,150019.19,3648.5732,22407.795,138913.84,30313.656,-12.808548,6016.5664,66712.805,4847.421
31,1981-02-18,320.58002,330.9587,323.6745,322.85352,272.39044,344.75803,329.1952,292.36057,302.36813,304.9689,251.63023,320.7795,329.19266,326.32565,342.12338,329.843,323.627,321.37326,321.1981,306.7155,274.30447,300.06778,292.98657,295.43652,297.5099,335.0263,-126610.24,9654.636,3297.1162,-83954.164,3100.0,1500.0,150427.45,3644.7734,21968.01,136872.5,30285.594,-12.962608,5998.186,66719.63,4846.575
32,1981-02-25,320.53488,330.94858,323.66653,322.8445,272.3901,344.75125,329.18295,292.32687,302.36646,304.96344,251.6302,320.77524,329.1932,326.31644,342.1233,329.83557,323.62012,321.32632,321.18936,306.69244,274.30447,300.06714,292.9867,295.43442,297.50797,335.0263,-126384.484,9717.807,3307.9148,-83954.41,3100.0,1500.0,150403.11,3640.8298,21809.93,136718.42,30290.084,-12.998352,6017.0513,66714.07,4845.807
33,1981-03-04,320.52954,330.94177,323.6641,322.8418,272.38977,344.7769,329.1705,292.3694,302.36584,304.96368,251.63019,320.77087,329.19904,326.31192,342.12296,329.82907,323.61047,321.32343,321.19803,306.73444,274.30447,300.06638,292.98676,295.43298,297.50568,335.0263,-126402.61,9489.494,3315.8088,-83949.914,3100.0,1500.0,150382.86,3636.414,21978.385,137189.25,30303.828,-13.051819,5985.284,66710.336,4845.0083
34,1981-03-11,320.57996,330.95255,323.67102,322.84976,272.38947,344.7868,329.1581,292.40277,302.36606,304.96857,251.63016,320.76904,329.2405,326.35245,342.1228,329.83356,323.60513,321.37262,321.24295,306.8233,274.30447,300.0656,292.98682,295.43646,297.50357,335.0263,-126932.38,9070.896,3313.0242,-83948.93,3100.0,1500.0,150062.86,3631.7434,22394.664,138793.92,30313.824,-13.144821,5996.038,66711.91,4844.0674
35,1981-03-18,320.58572,330.96298,323.6835,322.86276,272.38922,344.7549,329.1462,292.46033,302.3668,304.96793,251.63016,320.7722,329.2482,326.3656,342.12326,329.84045,323.60883,321.36908,321.24567,306.76776,274.30447,300.0649,292.98682,295.43518,297.50235,335.0263,-127159.84,9334.889,3314.301,-83950.05,3100.0,1500.0,150098.97,3627.2483,22168.889,138535.6,30301.23,-13.228157,5947.4297,66714.11,4842.8394
36,1981-03-25,320.5969,330.96088,323.68753,322.86563,272.38895,344.72235,329.13498,292.66626,302.36792,304.96838,251.63017,320.77478,329.25406,326.3498,342.1236,329.84286,323.6118,321.36716,321.24112,306.81366,274.3045,300.06418,292.98682,295.43448,297.50125,335.0263,-127159.99,9076.739,3315.925,-83954.12,3100.0,1500.0,150132.16,3622.9072,22314.01,138633.5,30311.697,-13.361961,5866.098,66719.12,4840.6455
37,1981-04-01,320.62225,330.96167,323.6882,322.86545,272.3887,344.74063,329.12463,292.84952,302.36942,304.96933,251.63023,320.77576,329.2649,326.34412,342.1236,329.84067,323.6132,321.3946,321.24594,306.83932,274.3045,300.06348,292.98672,295.43658,297.50037,335.0263,-127200.49,8989.962,3312.5576,-83960.64,3100.0,1500.0,150084.52,3618.7146,22468.006,138799.52,30308.42,-13.526596,5803.9316,66726.57,4837.17
38,1981-04-08,320.64218,330.96954,323.69107,322.8693,272.3885,344.8118,329.1153,292.95007,302.37125,304.96915,251.63034,320.77686,329.27054,326.36975,342.1237,329.84674,323.616,321.41507,321.2599,306.84155,274.3045,300.0628,292.98663,295.4426,297.5,335.0263,-127397.06,9005.648,3304.4304,-83970.93,3100.0,1500.0,150006.11,3614.84,22500.613,139153.25,30292.783,-13.71743,5790.492,66737.61,4833.1797
39,1981-04-15,320.65393,330.98706,323.6997,322.87836,272.3883,344.83038,329.1073,292.8095,302.3736,304.96857,251.63045,320.77966,329.29767,326.39142,342.1241,329.86212,323.62167,321.439,321.2802,306.84436,274.3045,300.06216,292.98648,295.44308,297.50037,335.0263,-127718.68,9042.482,3303.8513,-83981.52,3100.0,1500.0,149752.33,3611.3242,22549.092,139624.97,30287.758,-13.809235,5887.244,66740.5,4829.538
40,1981-04-22,320.6853,331.00555,323.71054,322.8897,272.38812,344.8312,329.10095,292.85828,302.3764,304.97028,251.63055,320.7844,329.31616,326.4102,342.12497,329.88126,323.63004,321.46637,321.3017,306.88504,274.3045,300.0615,292.9863,295.44235,297.5008,335.0263,-128092.1,8842.237,3307.566,-83981.57,3100.0,1500.0,149635.64,3608.1938,22706.705,140304.98,30295.523,-13.87645,5789.1294,66741.62,4826.7383
41,1981-04-29,320.71805,331.02045,323.71954,322.8991,272.388,344.87643,329.09622,293.23767,302.3795,304.97217,251.63066,320.79022,329.32733,326.42694,342.12582,329.89655,323.642,321.49103,321.31308,306.9073,274.3045,300.06088,292.98608,295.44653,297.50137,335.0263,-128349.44,8745.001,3295.6084,-83994.21,3100.0,1500.0,149565.62,3605.5933,22802.27,140621.92,30283.854,-14.1454315,5659.313,66760.75,4824.1475
42,1981-05-06,320.70953,331.0228,323.7218,322.90057,272.3879,344.93997,329.09302,293.42734,302.38272,304.9695,251.63077,320.79514,329.3121,326.40378,342.12646,329.90488,323.654,321.47916,321.28873,306.85364,274.3045,300.06024,292.98584,295.45206,297.50256,335.0263,-128163.6,9021.604,3283.768,-84013.1,3100.0,1500.0,149705.53,3603.7058,22567.8,139659.4,30256.678,-14.396423,5611.9053,66778.25,4821.8237
43,1981-05-13,320.7127,331.0295,323.7216,322.90076,272.38782,344.98645,329.09137,293.3656,302.3863,304.96924,251.63087,320.79697,329.33182,326.42606,342.1267,329.91217,323.659,321.48782,321.31,306.8841,274.3045,300.0597,292.98557,295.4568,297.5041,335.0263,-128370.92,8884.534,3275.9915,-84030.83,3100.0,1500.0,149497.19,3602.3286,22682.197,140392.64,30250.703,-14.574097,5686.7524,66789.12,4820.1973
44,1981-05-20,320.73547,331.04132,323.7297,322.90973,272.3878,345.02557,329.09128,293.25226,302.39032,304.97137,251.63095,320.8009,329.346,326.4436,342.1271,329.92575,323.66513,321.5091,321.32956,306.9071,274.3045,300.05914,292.98523,295.45975,297.50586,335.0263,-128691.08,8779.836,3271.4624,-84039.836,3100.0,1500.0,149426.47,3601.396,22778.648,140934.2,30247.42,-14.675514,5706.6143,66794.875,4819.597
45,1981-05-27,320.7616,331.0544,323.73807,322.91843,272.3878,345.05017,329.09268,293.38586,302.39468,304.97354,251.63101,320.8062,329.36154,326.45966,342.1276,329.93942,323.6751,321.5306,321.342,306.92905,274.3045,300.05875,292.98492,295.46405,297.50787,335.0263,-128949.76,8681.443,3260.2031,-84051.625,3100.0,1500.0,149297.45,3601.054,22870.695,141308.88,30237.736,-14.864113,5637.9893,66809.97,4819.5605
46,1981-06-03,320.75323,331.05463,323.74112,322.92047,272.38785,345.07013,329.0954,293.5455,302.3992,304.9719,251.63107,320.8112,329.35077,326.43524,342.12814,329.9435,323.6861,321.52216,321.3222,306.8821,274.3045,300.0585,292.98456,295.46768,297.51022,335.0263,-128805.66,8924.48,3248.4775,-84069.75,3100.0,1500.0,149436.88,3601.3818,22667.629,140462.12,30214.906,-15.076927,5589.1167,66827.41,4819.606
47,1981-06-10,320.75836,331.05917,323.7398,322.91998,272.38794,345.08932,329.09924,293.55472,302.40372,304.9726,251.63113,320.81326,329.35675,326.45895,342.12827,329.94635,323.6915,321.52527,321.3375,306.91162,274.3045,300.05838,292.9842,295.47125,297.51254,335.0263,-128956.16,8757.456,3240.3503,-84086.4,3100.0,1500.0,149324.06,3602.1553,22759.85,141073.44,30212.346,-15.231201,5611.958,66838.95,4819.6523
48,1981-06-17,320.76227,331.06775,323.7445,322.92514,272.38806,345.102,329.10397,293.3829,302.4083,304.97318,251.63118,320.81665,329.36203,326.46207,342.12854,329.95636,323.69675,321.53564,321.34314,306.89206,274.3045,300.05823,292.98383,295.47528,297.51486,335.0263,-129088.05,8843.197,3233.3855,-84097.73,3100.0,1500.0,149271.98,3603.3176,22708.338,141073.88,30200.605,-15.305008,5704.339,66844.695,4819.6416
49,1981-06-24,320.7855,331.07697,323.74918,322.93033,272.3882,345.10953,329.10944,293.36432,302.4128,304.9759,251.63124,320.82034,329.37393,326.47803,342.1289,329.96625,323.7027,321.55466,321.3592,306.94223,274.3045,300.0581,292.98343,295.4803,297.5172,335.0263,-129324.04,8640.226,3223.051,-84104.516,3100.0,1500.0,149174.55,3604.8123,22894.924,141655.73,30196.842,-15.39344,5663.424,66854.68,4819.4463
50,1981-07-01,320.79257,331.0802,323.75305,322.93365,272.38843,345.11154,329.1155,293.55774,302.4171,304.97665,251.6313,320.8245,329.37314,326.4672,342.1293,329.97098,323.7111,321.56113,321.3502,306.92212,274.3045,300.05814,292.98306,295.4842,297.5199,335.0263,-129299.555,8762.687,3207.7275,-84122.305,3100.0,1500.0,149216.16,3606.6572,22818.463,141237.1,30176.793,-15.590431,5597.225,66875.016,4819.0347
51,1981-07-08,320.77927,331.07962,323.7513,322.93213,272.38864,345.0974,329.12198,293.62354,302.42117,304.9755,251.63136,320.8268,329.36197,326.46793,342.1295,329.97287,323.7163,321.54858,321.3471,306.89886,274.3045,300.05832,292.9827,295.48557,297.5226,335.0263,-129256.4,8887.607,3199.4849,-84140.38,3100.0,1500.0,149273.02,3608.8242,22692.8,140998.62,30164.854,-15.720459,5586.012,66887.47,4818.5244
52,1981-07-15,320.78287,331.0839,323.75177,322.93283,272.3889,345.1035,329.12863,293.37756,302.42505,304.9767,251.63142,320.8284,329.37155,326.47626,342.12955,329.9744,323.71878,321.5552,321.3532,306.92368,274.30447,300.05865,292.9823,295.4856,297.52496,335.0263,-129332.914,8771.223,3199.3677,-84150.96,3100.0,1500.0,149166.47,3611.0757,22786.52,141316.7,30172.242,-15.713936,5741.8613,66886.35,4818.295
53,1981-07-22,320.80786,331.0908,323.75647,322.93823,272.38916,345.10364,329.1353,293.2523,302.4287,304.9799,251.63148,320.831,329.3834,326.4903,342.12973,329.98206,323.72183,321.57648,321.37222,306.95624,274.30447,300.05896,292.98196,295.48892,297.527,335.0263,-129592.07,8613.773,3195.5386,-84147.42,3100.0,1500.0,149093.0,3613.352,22925.602,141913.17,30173.682,-15.67849,5708.8223,66885.86,4818.37
54,1981-07-29,320.8284,331.09796,323.76257,322.94458,272.38943,345.11356,329.14194,293.50153,302.43198,304.98242,251.63153,320.83502,329.39328,326.49835,342.13004,329.99078,323.72733,321.59412,321.38074,306.96335,274.30447,300.0594,292.98163,295.4941,297.52936,335.0263,-129776.625,8596.8955,3176.8462,-84160.0,3100.0,1500.0,149043.19,3615.7197,22965.438,142090.34,30156.354,-15.858887,5622.7095,66906.57,4818.523
55,1981-08-05,320.80966,331.0925,323.76108,322.94223,272.38974,345.1328,329.1485,293.48593,302.4348,304.9806,251.63158,320.83832,329.36377,326.46893,342.13028,329.98938,323.73264,321.57065,321.34824,306.90607,274.30447,300.05988,292.98132,295.4936,297.532,335.0263,-129452.8,8872.538,3171.0405,-84176.47,3100.0,1500.0,149274.39,3618.2344,22696.904,140910.25,30143.572,-15.925179,5663.784,66915.12,4818.688
56,1981-08-12,320.8092,331.09283,323.75778,322.93875,272.39005,345.1513,329.155,293.2844,302.43738,304.98135,251.63162,320.83798,329.38962,326.488,342.13016,329.98535,323.73178,321.573,321.3631,306.9433,274.30447,300.0604,292.98105,295.4936,297.53412,335.0263,-129541.77,8689.325,3172.666,-84180.57,3100.0,1500.0,149044.66,3620.6616,22833.836,141609.62,30154.416,-15.869423,5752.726,66911.44,4818.866
57,1981-08-19,320.82928,331.09732,323.76505,322.94574,272.39035,345.16837,329.16153,293.2814,302.43967,304.98416,251.63167,320.83984,329.4098,326.49365,342.13022,329.99118,323.73407,321.59442,321.37823,306.9631,274.30447,300.06085,292.9808,295.49536,297.53592,335.0263,-129774.32,8608.583,3167.4421,-84179.805,3100.0,1500.0,148993.95,3622.9631,22937.88,142032.45,30153.05,-15.867554,5704.267,66914.516,4819.117
58,1981-08-26,320.84628,331.1033,323.77094,322.9518,272.3907,345.18033,329.1681,293.479,302.4416,304.98618,251.6317,320.84314,329.41684,326.50583,342.13037,329.9977,323.7391,321.6103,321.38715,306.96997,274.30447,300.0613,292.9806,295.49844,297.53778,335.0263,-129954.99,8590.241,3155.0227,-84189.67,3100.0,1500.0,148965.62,3625.3215,22975.584,142241.12,30142.133,-15.989784,5634.5913,66928.96,4820.015
59,1981-09-02,320.83667,331.10138,323.76892,322.94998,272.391,345.18295,329.1747,293.57272,302.44318,304.98514,251.63173,320.84604,329.37762,326.48657,342.13055,329.99988,323.74417,321.59726,321.35864,306.93173,274.30447,300.06177,292.9804,295.49844,297.5398,335.0263,-129678.336,8779.491,3148.6365,-84202.695,3100.0,1500.0,149201.66,3627.7954,22799.361,141256.75,30131.541,-16.07611,5608.593,66938.27,4819.9463
60,1981-09-09,320.83505,331.09805,323.76373,322.9456,272.3913,345.19342,329.18146,293.5349,302.44467,304.98593,251.63171,320.84598,329.38586,326.48917,342.1305,329.9966,323.74426,321.59598,321.3775,306.95288,274.30444,300.0622,292.98026,295.50125,297.54147,335.0263,-129793.0,8665.987,3142.598,-84211.29,3100.0,1500.0,149093.39,3630.2393,22865.416,141825.33,30130.799,-16.124,5649.2983,66942.94,4823.071
61,1981-09-16,320.84064,331.09924,323.76465,322.947,272.3916,345.20486,329.18823,293.38748,302.4462,304.98734,251.63167,320.8473,329.38217,326.49313,342.1304,329.9961,323.74673,321.60422,321.3771,306.95456,274.30444,300.0627,292.98016,295.49872,297.54312,335.0263,-129821.875,8674.291,3143.6433,-84214.65,3100.0,1500.0,149111.06,3632.6597,22883.273,141790.3,30135.656,-16.096924,5709.1914,66940.734,4825.391
62,1981-09-23,320.85202,331.10364,323.766,322.9492,272.3919,345.2144,329.19495,293.4089,302.44772,304.98877,251.63164,320.84882,329.38422,326.50394,342.13046,330.00052,323.75006,321.61734,321.38977,306.9688,274.30444,300.06326,292.9801,295.49753,297.5444,335.0263,-129976.19,8614.964,3144.4563,-84212.11,3100.0,1500.0,149064.94,3635.1047,22951.07,142132.16,30140.27,-16.083641,5660.4385,66939.44,4826.748
63,1981-09-30,320.83768,331.10428,323.76837,322.9516,272.3922,345.2249,329.2016,293.3876,302.4491,304.98727,251.63162,320.8511,329.38577,326.50092,342.13058,330.0041,323.7546,321.61664,321.38733,306.92352,274.30444,300.06375,292.98007,295.497,297.5454,335.0263,-129994.625,8877.805,3142.8298,-84214.84,3100.0,1500.0,149081.98,3637.6194,22794.434,141753.34,30129.686,-16.09211,5715.226,66940.016,4827.796
64,1981-10-07,320.81366,331.0957,323.76367,322.94604,272.39252,345.23514,329.20822,293.25635,302.45026,304.9852,251.6316,320.85196,329.35718,326.47424,342.13055,329.99692,323.75745,321.58792,321.35675,306.8961,274.30444,300.06424,292.9801,295.4979,297.5461,335.0263,-129637.266,8974.3125,3144.225,-84209.95,3100.0,1500.0,149287.97,3640.1511,22626.223,140859.39,30128.918,-16.01944,5738.281,66934.68,4828.792
65,1981-10-14,320.8144,331.09534,323.75882,322.9418,272.3928,345.2445,329.21484,293.27826,302.45117,304.9869,251.63158,320.85007,329.37024,326.49222,342.13028,329.9931,323.7554,321.58942,321.3747,306.93387,274.30444,300.06476,292.98016,295.49762,297.54672,335.0263,-129739.57,8777.067,3141.7852,-84209.59,3100.0,1500.0,149121.81,3642.5464,22773.615,141605.77,30136.309,-16.020653,5730.2466,66936.68,4829.9546
66,1981-10-21,320.79593,331.09427,323.75876,322.9417,272.39304,345.25317,329.22144,292.9107,302.45178,304.98544,251.63153,320.85004,329.3503,326.48102,342.13025,329.99197,323.75616,321.58276,321.35574,306.8815,274.30444,300.06537,292.98026,295.4952,297.5473,335.0263,-129558.695,9070.82,3147.5896,-84206.85,3100.0,1500.0,149276.75,3644.9878,22594.844,140799.98,30134.521,-15.858665,5948.533,66924.04,4831.544
67,1981-10-28,320.77432,331.0895,323.7532,322.9358,272.39325,345.25464,329.22797,292.31546,302.452,304.98373,251.63147,320.84833,329.3426,326.46732,342.13013,329.9879,323.7541,321.5567,321.34454,306.86948,274.30444,300.06592,292.98038,295.48834,297.54727,335.0263,-129368.945,9086.852,3168.8347,-84182.98,3100.0,1500.0,149297.44,3647.464,22498.592,140549.08,30159.553,-15.463249,6142.54,66892.75,4833.7676
68,1981-11-04,320.7611,331.06985,323.74582,322.92746,272.39346,345.21378,329.23444,292.40042,302.45154,304.98355,251.6314,320.84546,329.32272,326.43417,342.12988,329.9751,323.74973,321.53848,321.32632,306.87155,274.30444,300.06647,292.98053,295.4827,297.54648,335.0263,-129062.65,9044.982,3180.0942,-84155.93,3100.0,1500.0,149535.31,3649.8591,22490.436,140087.39,30175.22,-15.2486725,5979.042,66879.91,4836.302
69,1981-11-11,320.78625,331.0686,323.74286,322.92517,272.39362,345.1495,329.2407,292.85956,302.44992,304.98737,251.63129,320.84177,329.34958,326.46927,342.12912,329.96606,323.74365,321.5605,321.35468,306.93362,274.30444,300.06702,292.9807,295.4877,297.54535,335.0263,-129291.42,8734.156,3165.5842,-84153.89,3100.0,1500.0,149275.97,3652.126,22769.867,141250.17,30173.252,-15.327591,5830.1504,66893.33,4838.715
70,1981-11-18,320.77792,331.06992,323.7451,322.92807,272.39374,345.1239,329.2464,292.48135,302.4474,304.98657,251.6312,320.8417,329.32077,326.45026,342.12897,329.96594,323.74362,321.56662,321.34317,306.87543,274.3044,300.06757,292.98093,295.48373,297.54498,335.0263,-129218.42,9080.584,3170.1138,-84158.6,3100.0,1500.0,149502.52,3654.439,22595.64,140465.36,30169.688,-15.151161,6117.875,66881.85,4840.6016
71,1981-11-25,320.76743,331.05524,323.7373,322.92026,272.3938,345.0931,329.2513,291.51733,302.44446,304.98535,251.63112,320.8402,329.3009,326.4231,342.1288,329.9586,323.742,321.5504,321.3319,306.8769,274.3044,300.06802,292.98117,295.4716,297.5441,335.0263,-129009.46,9031.408,3205.9858,-84125.85,3100.0,1500.0,149665.69,3656.6436,22556.643,140163.62,30215.102,-14.535255,6476.261,66830.414,4841.986
72,1981-12-02,320.73425,331.0313,323.72607,322.9074,272.39383,345.06158,329.25513,291.03262,302.44107,304.98157,251.63104,320.83615,329.2779,326.39822,342.1281,329.94064,323.73547,321.51,321.28375,306.82108,274.3044,300.06842,292.9814,295.4603,297.54205,335.0263,-128384.73,9275.87,3238.0278,-84074.266,3100.0,1500.0,149887.94,3658.6196,22305.52,138866.6,30242.438,-13.957764,6552.5903,66786.37,4843.1514
73,1981-12-09,320.74756,331.02524,323.72083,322.90323,272.3938,345.02255,329.25766,291.48627,302.4365,304.98413,251.63095,320.83,329.3003,326.4259,342.12704,329.9292,323.72455,321.52362,321.32788,306.89917,274.3044,300.06873,292.9817,295.46185,297.53915,335.0263,-128694.44,8869.69,3237.2153,-84039.555,3100.0,1500.0,149687.31,3660.0718,22635.934,140443.22,30254.225,-13.787704,6233.2437,66783.086,4844.2017
74,1981-12-16,320.74475,331.02637,323.72452,322.9067,272.3937,344.98947,329.25867,291.91577,302.43042,304.98434,251.63087,320.82855,329.29117,326.42874,342.12662,329.9188,323.72205,321.5215,321.301,306.85165,274.3044,300.06903,292.982,295.46115,297.53702,335.0263,-128502.914,9116.765,3226.0688,-84045.88,3100.0,1500.0,149787.36,3661.1118,22478.51,139604.98,30237.842,-13.827705,6195.666,66795.91,4845.232
75,1981-12-23,320.7229,331.0121,323.71777,322.8993,272.39352,344.97028,329.25793,291.33237,302.42352,304.98172,251.63078,320.82538,329.26163,326.39578,342.12637,329.90735,323.7186,321.5067,321.28195,306.8315,274.3044,300.0693,292.9823,295.45395,297.53506,335.0263,-128191.88,9217.542,3247.1978,-84034.62,3100.0,1500.0,150028.33,3661.7705,22401.744,138963.7,30260.55,-13.423439,6499.927,66764.18,4846.3994
76,1981-12-30,320.68295,330.99597,323.70474,322.8867,272.3933,344.9416,329.25558,290.59244,302.41656,304.9772,251.63069,320.8201,329.22824,326.37674,342.12573,329.89453,323.712,321.47382,321.26434,306.77625,274.3044,300.0694,292.9826,295.44196,297.5324,335.0263,-127841.83,9474.844,3282.9536,-83993.516,3100.0,1500.0,150194.2,3661.8533,22170.717,138256.89,30290.059,-12.822769,6748.2295,66715.22,4847.725
77,1982-01-06,320.71994,330.9592,323.69974,322.87103,272.39304,344.9194,329.25165,290.8934,302.4094,304.97992,251.6316,320.81235,329.31802,326.2602,342.12506,329.8578,323.70084,321.49622,321.21027,306.8871,274.30444,300.0694,292.98294,295.43427,297.5287,335.0263,-127035.695,8894.488,3300.9482,-83954.15,3100.0,1500.0,149876.1,3661.1516,22636.188,137609.67,30336.023,-12.536873,6394.759,66696.48,4799.9507
78,1982-01-13,320.72128,330.95297,323.6837,322.863,272.39273,344.9472,329.2462,291.79413,302.4016,304.97867,251.63098,320.802,329.20587,326.35675,342.12402,329.83817,323.68454,321.49255,321.2583,306.82843,274.30444,300.06927,292.98325,295.4424,297.52524,335.0263,-127374.13,9204.046,3277.7295,-83953.32,3100.0,1500.0,150472.02,3659.9426,22438.236,138558.62,30292.47,-12.784744,6141.7437,66724.414,4849.4126
79,1982-01-20,320.70554,330.96207,323.68576,322.86536,272.39236,344.91287,329.2391,292.04922,302.39365,304.97742,251.63066,320.79886,329.23932,326.34305,342.12366,329.8404,323.6776,321.48587,321.24304,306.8182,274.30444,300.06915,292.98358,295.44553,297.52304,335.0263,-127271.33,9265.45,3268.9067,-83967.586,3100.0,1500.0,150082.02,3658.207,22405.555,138194.89,30279.562,-12.889404,6078.048,66735.92,4850.1113
80,1982-01-27,320.6294,330.95758,323.6757,322.85443,272.39194,344.85938,329.2304,292.19156,302.38654,304.96942,251.63055,320.79428,329.1689,326.2956,342.12384,329.833,323.66934,321.41562,321.19107,306.68738,274.30444,300.0689,292.9839,295.4432,297.5214,335.0263,-126605.625,9880.064,3272.041,-83978.1,3100.0,1500.0,150518.36,3656.0596,21825.553,136187.31,30257.027,-12.981155,6053.2256,66740.42,4850.0273
81,1982-02-03,320.5709,330.93967,323.65555,322.8353,272.39154,344.80783,329.22018,292.2044,302.38092,304.9654,251.63048,320.78506,329.1318,326.2764,342.12366,329.821,323.6512,321.3583,321.1826,306.69565,274.30444,300.06854,292.98416,295.43982,297.51907,335.0263,-126228.4,9760.0625,3284.462,-83977.875,3100.0,1500.0,150675.7,3653.2075,21777.596,136132.38,30272.662,-12.995964,6056.471,66733.84,4849.4653
82,1982-02-10,320.53625,330.92612,323.647,322.8273,272.39117,344.77167,329.20874,292.2041,302.37698,304.96365,251.63043,320.7764,329.1401,326.2873,342.12292,329.81003,323.631,321.33603,321.18393,306.68613,274.30444,300.06805,292.98444,295.43808,297.51627,335.0263,-126119.84,9798.09,3293.8667,-83972.08,3100.0,1500.0,150619.83,3649.6602,21760.193,136315.17,30277.3,-13.014214,6060.093,66726.94,4848.6616
83,1982-02-17,320.59418,330.9394,323.65833,322.8387,272.39084,344.75696,329.19656,292.31573,302.3744,304.97095,251.63039,320.77164,329.21924,326.34668,342.12234,329.81668,323.61697,321.3875,321.24097,306.83414,274.30444,300.0675,292.98468,295.44116,297.5134,335.0263,-126787.56,9044.289,3292.0083,-83967.086,3100.0,1500.0,150103.55,3645.4426,22392.633,138714.9,30302.31,-13.102127,5995.665,66727.945,4847.7593
84,1982-02-24,320.5807,330.9457,323.66858,322.8472,272.3905,344.74628,329.18384,292.42572,302.3729,304.9678,251.63034,320.7728,329.18533,326.31537,342.12262,329.82642,323.61646,321.3708,321.1897,306.71405,274.30444,300.067,292.9849,295.43985,297.51157,335.0263,-126419.914,9668.4,3290.963,-83971.945,3100.0,1500.0,150499.66,3641.185,21952.807,136699.08,30275.686,-13.228844,5982.7354,66732.96,4846.8906
85,1982-03-03,320.53455,330.9375,323.66135,322.83893,272.3902,344.73782,329.17093,292.37708,302.37225,304.96222,251.63031,320.76898,329.18686,326.3075,342.12262,329.82144,323.61023,321.32333,321.18185,306.691,274.30444,300.0664,292.98508,295.43735,297.5096,335.0263,-126214.586,9730.188,3303.27,-83970.1,3100.0,1500.0,150465.61,3636.8718,21794.895,136566.33,30281.361,-13.23764,6005.225,66725.89,4846.1016
86,1982-03-10,320.52847,330.9323,323.65952,322.83685,272.38992,344.76245,329.15802,292.40927,302.3723,304.96237,251.63028,320.76505,329.19354,326.30414,342.1224,329.81702,323.60117,321.32007,321.19128,306.73303,274.30444,300.06573,292.98523,295.43558,297.5073,335.0263,-126250.414,9500.724,3311.9783,-83964.17,3100.0,1500.0,150436.89,3632.1758,21963.889,137055.45,30296.09,-13.26577,5975.939,66720.87,4845.2866
87,1982-03-17,320.57828,330.94443,323.66693,322.8454,272.38968,344.77188,329.1454,292.43515,302.37283,304.9672,251.63026,320.76364,329.23572,326.3456,342.12234,329.82315,323.59644,321.36902,321.2369,306.82196,274.30444,300.06503,292.98532,295.43878,297.50513,335.0263,-126795.86,9081.084,3310.3523,-83961.83,3100.0,1500.0,150108.86,3627.3054,22380.72,138675.53,30306.926,-13.335686,5988.472,66721.34,4844.331
88,1982-03-24,320.58362,330.95596,323.6799,322.85886,272.3894,344.73975,329.13327,292.48724,302.37366,304.96652,251.63025,320.76715,329.244,326.3596,342.12286,329.83145,323.6007,321.36536,321.2402,306.76642,274.30444,300.0644,292.9854,295.43726,297.50385,335.0263,-127036.766,9344.156,3312.9065,-83961.66,3100.0,1500.0,150139.45,3622.673,22155.596,138430.42,30295.049,-13.398712,5941.163,66722.6,4843.0894
89,1982-03-31,320.59448,330.95477,323.6843,322.86212,272.3892,344.70703,329.12198,292.6889,302.3747,304.96692,251.63026,320.7701,329.25034,326.34448,342.12323,329.83505,323.6042,321.36334,321.23618,306.81238,274.30447,300.06375,292.98544,295.43634,297.50266,335.0263,-127048.72,9085.237,3314.88,-83964.51,3100.0,1500.0,150167.5,3618.2441,22301.36,138539.64,30306.154,-13.514389,5860.8184,66726.78,4840.8857
90,1982-04-07,320.6196,330.95633,323.68527,322.8623,272.38895,344.72522,329.1116,292.86887,302.37592,304.96783,251.63033,320.77142,329.2616,326.33942,342.1233,329.83383,323.6061,321.39075,321.24146,306.83807,274.30447,300.0631,292.9854,295.43826,297.50165,335.0263,-127099.586,8997.648,3312.7886,-83970.19,3100.0,1500.0,150115.6,3614.0007,22455.998,138715.4,30303.43,-13.663109,5799.421,66733.49,4837.401
91,1982-04-14,320.63934,330.96487,323.68845,322.86646,272.38873,344.79636,329.1023,292.96677,302.37747,304.96765,251.63042,320.77283,329.2676,326.36554,342.12344,329.84076,323.60938,321.41122,321.25583,306.84036,274.30447,300.0625,292.98538,295.4441,297.50122,335.0263,-127305.34,9012.761,3304.1995,-83979.625,3100.0,1500.0,150033.61,3610.105,22489.238,139077.56,30288.28,-13.840157,5786.5938,66743.86,4833.4004
92,1982-04-21,320.651,330.98294,323.69736,322.87576,272.38855,344.815,329.0944,292.82407,302.37946,304.96707,251.63052,320.7759,329.29507,326.38763,342.12387,329.85687,323.61548,321.43518,321.27646,306.84317,274.30447,300.06192,292.9853,295.44443,297.5015,335.0263,-127634.99,9049.098,3305.0107,-83989.336,3100.0,1500.0,149776.55,3606.5894,22538.24,139556.6,30283.697,-13.919609,5883.8433,66746.164,4829.7505
93,1982-04-28,320.68225,331.0019,323.7084,322.8874,272.38837,344.8159,329.08813,292.87115,302.3819,304.96878,251.63063,320.7809,329.3138,326.4068,342.12476,329.8766,323.62427,321.46262,321.2983,306.8839,274.30447,300.0613,292.98514,295.44357,297.50183,335.0263,-128015.734,8848.428,3308.3782,-83988.664,3100.0,1500.0,149657.36,3603.4763,22696.44,140242.97,30291.854,-13.976234,5786.1196,66746.75,4826.944
94,1982-05-05,320.71497,331.01718,323.7176,322.89697,272.38824,344.8611,329.0835,293.24905,302.3846,304.97067,251.63074,320.787,329.32523,326.4239,342.12564,329.8924,323.6366,321.48737,321.30994,306.9062,274.30447,300.06073,292.985,295.44763,297.50235,335.0263,-128279.375,8750.7295,3296.7686,-84000.58,3100.0,1500.0,149585.06,3600.905,22792.559,140565.45,30280.54,-14.23558,5656.634,66765.39,4824.3457
95,1982-05-12,320.70642,331.0199,323.72003,322.89862,272.38812,344.92474,329.08044,293.43744,302.38748,304.96805,251.63084,320.7921,329.31018,326.401,342.1263,329.90118,323.64893,321.4756,321.28583,306.85257,274.30447,300.06015,292.9848,295.45303,297.50345,335.0263,-128099.07,9026.871,3285.0437,-84019.21,3100.0,1500.0,149722.92,3599.0566,22558.627,139607.8,30253.67,-14.478172,5609.506,66782.46,4822.016
96,1982-05-19,320.70963,331.02692,323.71997,322.899,272.38806,344.97128,329.07895,293.37466,302.3907,304.96777,251.63095,320.79416,329.33008,326.42352,342.12656,329.90884,323.65424,321.4843,321.3073,306.88306,274.30447,300.05963,292.98456,295.45767,297.5049,335.0263,-128311.51,8889.53,3277.8472,-84036.57,3100.0,1500.0,149512.86,3597.725,22673.51,140345.36,30247.984,-14.648346,5684.6074,66792.914,4820.3843
97,1982-05-26,320.7324,331.03897,323.7282,322.90808,272.388,345.01047,329.079,293.2605,302.39438,304.96994,251.63103,320.79828,329.34442,326.4413,342.12695,329.92276,323.6607,321.5057,321.3271,306.9061,274.30447,300.0591,292.9843,295.46057,297.50662,335.0263,-128636.24,8784.45,3273.435,-84044.91,3100.0,1500.0,149440.7,3596.8428,22770.422,140890.72,30244.959,-14.743149,5704.6704,66798.32,4819.778
98,1982-06-02,320.75854,331.05234,323.7367,322.91693,272.388,345.03516,329.08057,293.39334,302.39844,304.97214,251.63109,320.80377,329.3601,326.45755,342.12747,329.93674,323.67093,321.52728,321.33972,306.92807,274.30447,300.05872,292.98404,295.46478,297.5086,335.0263,-128899.03,8685.827,3262.6406,-84056.29,3100.0,1500.0,149310.2,3596.554,22862.916,141268.84,30235.51,-14.925819,5636.2144,66813.086,4819.7363
99,1982-06-09,320.75024,331.05273,323.73984,322.9191,272.38806,345.0552,329.08344,293.55225,302.40265,304.9705,251.63115,320.8089,329.34946,326.43332,342.12802,329.94107,323.6822,321.51895,321.32007,306.88116,274.30447,300.05853,292.98373,295.46832,297.5109,335.0263,-128758.56,8928.634,3251.1465,-84073.8,3100.0,1500.0,149448.64,3596.9368,22660.268,140425.1,30212.89,-15.133179,5587.495,66830.22,4819.7744
100,1982-06-16,320.7554,331.05743,323.73862,322.9187,272.38812,345.07443,329.08743,293.5609,302.4069,304.97122,251.6312,320.81116,329.35553,326.4572,342.12817,329.94415,323.6878,321.52213,321.3355,306.9107,274.30447,300.0584,292.98343,295.47183,297.51312,335.0263,-128912.48,8761.264,3242.6719,-84090.39,3100.0,1500.0,149334.8,3597.7664,22752.88,141039.1,30210.52,-15.282677,5610.4795,66841.484,4819.8193
101,1982-06-23,320.75937,331.0662,323.74344,322.92395,272.38824,345.08716,329.09232,293.38858,302.4112,304.97183,251.63126,320.81467,329.36093,326.46042,342.12845,329.95435,323.69327,321.53265,321.3413,306.8912,274.30447,300.0583,292.9831,295.4758,297.5154,335.0263,-129047.5,8846.698,3236.0547,-84101.09,3100.0,1500.0,149281.7,3598.9858,22701.734,141041.89,30198.953,-15.352287,5702.985,66846.98,4819.803
102,1982-06-30,320.78265,331.07553,323.74817,322.9292,272.3884,345.0948,329.09793,293.36957,302.4155,304.97455,251.63132,320.81848,329.3729,326.4765,342.12885,329.96442,323.6994,321.55173,321.35748,306.94138,274.30447,300.05817,292.98276,295.48077,297.5177,335.0263,-129286.14,8643.533,3226.0703,-84107.914,3100.0,1500.0,149183.53,3600.535,22888.668,141625.95,30195.346,-15.436836,5662.171,66856.74,4819.6025
103,1982-07-07,320.7898,331.0789,323.7521,322.93262,272.38858,345.09683,329.1041,293.56253,302.41962,304.97534,251.63138,320.82275,329.37216,326.4658,342.12924,329.9693,323.708,321.55832,321.34857,306.9213,274.30447,300.05823,292.98242,295.48462,297.52036,335.0263,-129264.32,8765.878,3209.8167,-84125.305,3100.0,1500.0,149224.27,3602.428,22812.545,141209.28,30175.438,-15.630417,5596.0645,66876.87,4819.1895
104,1982-07-14,320.77658,331.0784,323.75043,322.93118,272.3888,345.08273,329.1107,293.62796,302.42346,304.9742,251.63144,320.8252,329.36108,326.46664,342.12943,329.97134,323.71338,321.54587,321.34558,306.89807,274.30447,300.05844,292.9821,295.48593,297.52304,335.0263,-129223.266,8890.606,3202.3875,-84143.27,3100.0,1500.0,149280.67,3604.6355,22687.193,140972.56,30163.627,-15.757187,5584.9395,66889.14,4818.674
105,1982-07-21,320.78024,331.08276,323.75095,322.93192,272.389,345.08884,329.11746,293.38165,302.42712,304.9754,251.6315,320.82687,329.37076,326.47507,342.1295,329.97296,323.71603,321.55258,321.35178,306.92294,274.30447,300.05875,292.98178,295.48593,297.52533,335.0263,-129301.875,8774.1455,3202.3875,-84153.61,3100.0,1500.0,149173.53,3606.9258,22781.201,141292.3,30171.13,-15.747681,5740.8687,66887.836,4818.4414
106,1982-07-28,320.8053,331.08975,323.7557,322.9374,272.38928,345.08902,329.12424,293.2561,302.43063,304.9786,251.63155,320.82956,329.3826,326.4892,342.1297,329.98074,323.71924,321.57394,321.3709,306.9555,274.30447,300.05908,292.98145,295.48923,297.52734,335.0263,-129563.01,8616.503,3198.3242,-84149.87,3100.0,1500.0,149099.34,3609.243,22920.562,141890.16,30172.686,-15.709717,5707.8945,66887.195,4818.5127
107,1982-08-04,320.82593,331.097,323.76187,322.9438,272.38956,345.09897,329.131,293.50507,302.43378,304.98117,251.63159,320.83368,329.39255,326.4973,342.12997,329.98956,323.72485,321.5917,321.3795,306.96262,274.30447,300.05948,292.98117,295.4944,297.52966,335.0263,-129749.234,8599.623,3179.9814,-84162.18,3100.0,1500.0,149049.0,3611.655,22960.66,142068.67,30155.453,-15.88784,5621.841,66907.75,4818.663
108,1982-08-11,320.80725,331.0916,323.7604,322.9415,272.38986,345.11826,329.1377,293.4892,302.43646,304.97934,251.63164,320.83704,329.36313,326.46796,342.13022,329.98825,323.7303,321.56833,321.34705,306.90536,274.30447,300.06,292.9809,295.49384,297.5323,335.0263,-129427.24,8875.036,3173.8267,-84178.484,3100.0,1500.0,149280.12,3614.2153,22692.38,140889.9,30142.76,-15.951744,5662.9746,66916.18,4818.826
109,1982-08-18,320.8069,331.09198,323.75714,322.93805,272.39014,345.13684,329.14432,293.28748,302.43887,304.98013,251.63168,320.83682,329.389,326.4871,342.1301,329.9843,323.72955,321.57074,321.36197,306.94263,274.30447,300.0605,292.98065,295.49377,297.53436,335.0263,-129517.74,8691.749,3175.5688,-84182.46,3100.0,1500.0,149049.81,3616.688,22829.543,141590.39,30153.688,-15.89402,5751.9707,66912.36,4819.002
110,1982-08-25,320.82706,331.09653,323.76447,322.9451,272.39044,345.15393,329.15094,293.28427,302.44107,304.98297,251.63173,320.83875,329.40918,326.4928,342.13016,329.9902,323.73196,321.59225,321.37717,306.96246,274.30444,300.06097,292.98044,295.49554,297.53613,335.0263,-129751.586,8610.964,3170.5762,-84181.45,3100.0,1500.0,148998.73,3619.0322,22933.812,142014.27,30152.396,-15.890327,5703.5557,66915.336,4819.2485
111,1982-09-01,320.84412,331.10257,323.7704,322.9512,272.39075,345.16595,329.15762,293.4817,302.4429,304.985,251.63176,320.8421,329.4163,326.505,342.13034,329.9968,323.73712,321.60822,321.38617,306.96933,274.30444,300.06143,292.98026,295.4986,297.538,335.0263,-129933.63,8592.319,3158.0413,-84191.16,3100.0,1500.0,148970.14,3621.433,22971.732,142223.92,30141.547,-16.010818,5633.9194,66929.67,4820.1436
112,1982-09-08,320.83456,331.1007,323.76837,322.9494,272.39105,345.1686,329.1644,293.57523,302.4444,304.98395,251.63179,320.84503,329.3771,326.4858,342.13052,329.99902,323.74228,321.59528,321.3577,306.93115,274.30444,300.06186,292.9801,295.4986,297.53998,335.0263,-129658.15,8781.565,3151.5388,-84204.01,3100.0,1500.0,149205.95,3623.9507,22795.715,141240.5,30131.016,-16.095589,5607.961,66938.9,4820.0728
113,1982-09-15,320.83304,331.0974,323.76324,322.94507,272.39136,345.17914,329.17117,293.53723,302.4458,304.98477,251.63176,320.84506,329.38538,326.48843,342.13046,329.99582,323.74246,321.5941,321.37662,306.95233,274.30444,300.0623,292.97998,295.50137,297.54163,335.0263,-129773.92,8667.871,3145.8494,-84212.43,3100.0,1500.0,149097.39,3626.4326,22861.95,141809.94,30130.336,-16.142082,5648.704,66943.47,4823.1934
114,1982-09-22,320.8387,331.09863,323.7642,322.9465,272.39166,345.1906,329.17798,293.38968,302.44724,304.98618,251.63173,320.8464,329.3817,326.49246,342.1304,329.99533,323.74503,321.60236,321.37628,306.954,274.30444,300.0628,292.97992,295.4988,297.54327,335.0263,-129804.04,8676.137,3146.8943,-84215.79,3100.0,1500.0,149114.8,3628.8726,22879.992,141775.72,30135.244,-16.113655,5708.631,66941.195,4825.5117
115,1982-09-29,320.85016,331.10306,323.76556,322.9487,272.39197,345.20016,329.1848,293.41098,302.4487,304.98764,251.6317,320.848,329.3838,326.5033,342.13043,329.9998,323.74844,321.6156,321.38898,306.96826,274.30444,300.06335,292.9799,295.49762,297.54453,335.0263,-129959.266,8616.81,3147.9392,-84213.12,3100.0,1500.0,149068.48,3631.3394,22947.96,142118.31,30139.902,-16.099266,5659.9067,66939.83,4826.867
116,1982-10-06,320.83588,331.10373,323.76797,322.95114,272.39227,345.21075,329.19162,293.38953,302.45,304.98615,251.63168,320.85034,329.38538,326.5003,342.13055,330.00342,323.75308,321.61493,321.38657,306.923,274.30444,300.06387,292.9799,295.49707,297.5455,335.0263,-129978.55,8879.458,3145.7332,-84215.62,3100.0,1500.0,149085.33,3633.894,22791.49,141740.19,30129.367,-16.10672,5714.723,66940.34,4827.9116
117,1982-10-13,320.81192,331.09518,323.7633,322.94562,272.39255,345.221,329.1984,293.25815,302.4511,304.98407,251.63165,320.85123,329.3568,326.4737,342.13052,329.9963,323.75598,321.5863,321.35605,306.89557,274.30444,300.06433,292.97992,295.49796,297.5462,335.0263,-129622.016,8975.967,3147.4744,-84210.66,3100.0,1500.0,149291.17,3636.4744,22623.426,140846.9,30128.637,-16.032928,5737.8047,66934.93,4828.906
118,1982-10-20,320.8127,331.09485,323.75845,322.9414,272.39282,345.23044,329.2051,293.27997,302.45197,304.9858,251.63162,320.8494,329.36987,326.49167,342.13025,329.9925,323.75403,321.58786,321.374,306.93338,274.30444,300.06485,292.97998,295.49765,297.54678,335.0263,-129725.2,8778.604,3144.919,-84210.42,3100.0,1500.0,149124.81,3638.919,22770.965,141593.92,30136.066,-16.033073,5729.7935,66936.88,4830.0674
119,1982-10-27,320.7943,331.09384,323.75842,322.94135,272.39307,345.23914,329.21176,292.91232,302.45248,304.98434,251.63159,320.8494,329.34998,326.4805,342.13022,329.99142,323.75485,321.58127,321.35507,306.881,274.30444,300.06543,292.9801,295.49524,297.54733,335.0263,-129545.13,9072.435,3150.725,-84207.46,3100.0,1500.0,149279.58,3641.4019,22592.33,140788.86,30134.316,-15.870392,5948.1035,66924.2,4831.6533
120,1982-11-03,320.7728,331.08908,323.7529,322.93542,272.39328,345.24066,329.2184,292.317,302.4527,304.98267,251.63152,320.84772,329.3423,326.46683,342.13013,329.9874,323.75284,321.55524,321.3439,306.86905,274.30444,300.066,292.98022,295.48837,297.54733,335.0263,-129356.08,9088.275,3172.2024,-84183.63,3100.0,1500.0,149300.12,3643.9114,22496.209,140538.34,30159.379,-15.474129,6142.131,66892.87,4833.876
121,1982-11-10,320.75964,331.06946,323.7455,322.92712,272.3935,345.19986,329.225,292.40186,302.45218,304.98248,251.63144,320.84488,329.32242,326.43372,342.12985,329.97458,323.74854,321.5371,321.32574,306.87112,274.30444,300.06653,292.9804,295.48273,297.5465,335.0263,-129050.38,9046.365,3183.2305,-84156.305,3100.0,1500.0,149537.9,3646.34,22488.176,140077.19,30175.078,-15.258728,5978.651,66879.98,4836.408
122,1982-11-17,320.78482,331.06824,323.74255,322.92487,272.39365,345.13565,329.23135,292.86093,302.45053,304.9863,251.63135,320.84122,329.3493,326.46884,342.1291,329.9656,323.7425,321.55917,321.35413,306.9332,274.30444,300.06708,292.9806,295.4877,297.54535,335.0263,-129279.78,8735.54,3168.6025,-84154.21,3100.0,1500.0,149278.42,3648.645,22767.723,141240.45,30173.135,-15.337006,5829.778,66893.36,4838.82
123,1982-11-24,320.77655,331.06955,323.7448,322.92776,272.39374,345.11005,329.23718,292.48264,302.44794,304.98553,251.63126,320.8412,329.3205,326.44986,342.12897,329.9655,323.74252,321.56534,321.34262,306.875,274.30444,300.06763,292.98083,295.48373,297.54498,335.0263,-129207.4,9081.853,3172.8992,-84159.016,3100.0,1500.0,149504.89,3650.9976,22593.613,140456.11,30169.594,-15.15995,6117.5205,66881.85,4840.702
124,1982-12-01,320.76608,331.05487,323.73703,322.91998,272.3938,345.07928,329.2422,291.51852,302.445,304.9843,251.63116,320.83972,329.30066,326.4227,342.1288,329.95816,323.74097,321.5492,321.33142,306.8765,274.30444,300.06808,292.98108,295.4716,297.5441,335.0263,-128999.04,9032.714,3209.0024,-84126.27,3100.0,1500.0,149667.88,3653.2437,22554.72,140154.83,30215.03,-14.543472,6475.923,66830.38,4842.0854
125,1982-12-08,320.733,331.03098,323.72583,322.90714,272.39383,345.04782,329.24612,291.03378,302.4416,304.98056,251.63109,320.8357,329.27765,326.39786,342.12808,329.94025,323.7345,321.50885,321.2833,306.8207,274.30444,300.06848,292.98135,295.46027,297.54205,335.0263,-128374.75,9277.14,3240.6978,-84074.57,3100.0,1500.0,149889.98,3655.26,22303.7,138858.16,30242.389,-13.965179,6552.267,66786.31,4843.249
126,1982-12-15,320.74634,331.02493,323.7206,322.90298,272.3938,345.00882,329.24878,291.48737,302.43695,304.98312,251.631,320.82953,329.30005,326.42557,342.12704,329.9288,323.7236,321.52252,321.32742,306.8988,274.30444,300.06876,292.98163,295.46182,297.53912,335.0263,-128684.93,8870.807,3240.2334,-84039.73,3100.0,1500.0,149689.23,3656.7517,22634.201,140435.19,30254.195,-13.7948,6232.933,66783.0,4844.2993
127,1982-12-22,320.7436,331.02606,323.7243,322.90646,272.3937,344.9758,329.24985,291.9168,302.43085,304.98334,251.63092,320.82812,329.29092,326.4284,342.12662,329.91846,323.72116,321.52045,321.30054,306.8513,274.30444,300.06906,292.98193,295.46112,297.537,335.0263,-128493.914,9117.92,3228.6245,-84046.055,3100.0,1500.0,149789.22,3657.831,22476.871,139597.34,30237.832,-13.834297,6195.3687,66795.79,4845.3267
128,1982-12-29,320.72177,331.0118,323.71756,322.89908,272.39352,344.95663,329.24924,291.33334,302.42395,304.98074,251.63083,320.82498,329.2614,326.39545,342.12634,329.907,323.71774,321.5057,321.28152,306.83115,274.30444,300.06934,292.98224,295.45392,297.53503,335.0263,-128183.54,9218.656,3250.3325,-84034.805,3100.0,1500.0,150030.06,3658.5278,22400.193,138956.4,30260.553,-13.429512,6499.641,66764.05,4846.494
129,1983-01-05,320.6819,330.99573,323.70453,322.88647,272.3933,344.928,329.24698,290.59335,302.41696,304.97623,251.63074,320.81973,329.22806,326.37643,342.12573,329.89423,323.71118,321.47284,321.26395,306.7759,274.30444,300.06943,292.98257,295.4419,297.53235,335.0263,-127833.68,9475.806,3286.2046,-83993.66,3100.0,1500.0,150195.84,3658.6477,22169.268,138249.94,30290.076,-12.828583,6747.9565,66715.055,4847.8184
130,1983-01-12,320.6837,330.99423,323.69614,322.88013,272.39304,344.89453,329.24316,290.69623,302.40976,304.97717,251.63063,320.8141,329.2171,326.39102,342.12518,329.88965,323.70197,321.4707,321.283,306.8316,274.30444,300.06943,292.98288,295.4376,297.52866,335.0263,-127914.28,9160.406,3303.039,-83947.875,3100.0,1500.0,150091.6,3658.011,22378.389,139086.19,30316.861,-12.490082,6521.338,66692.945,4848.995
131,1983-01-19,320.6908,330.9954,323.69852,322.87955,272.39273,344.86078,329.23788,291.4963,302.40192,304.97757,251.63054,320.8108,329.2551,326.36835,342.1252,329.88388,323.69632,321.48117,321.26202,306.8225,274.30444,300.0694,292.98322,295.4404,297.52527,335.0263,-127695.52,9232.075,3288.1763,-83943.35,3100.0,1500.0,149874.28,3656.8013,22402.39,138605.69,30298.432,-12.627022,6224.585,66712.9,4849.7046
132,1983-01-26,320.62366,330.9855,323.6871,322.86676,272.39233,344.8262,329.23108,291.89642,302.3937,304.96973,251.63046,320.80545,329.1837,326.31693,342.12534,329.869,323.6874,321.41675,321.20743,306.69162,274.30444,300.06927,292.98352,295.43915,297.5226,335.0263,-126972.21,9851.573,3285.6255,-83955.54,3100.0,1500.0,150359.97,3655.3176,21838.723,136541.84,30270.768,-12.7192,6127.6235,66722.95,4849.6943
133,1983-02-02,320.56976,330.96317,323.66568,322.84613,272.39194,344.7886,329.22266,292.02798,302.38605,304.96585,251.6304,320.7955,329.14478,326.29465,342.125,329.85104,323.66846,321.36237,321.19705,306.69977,274.30444,300.06897,292.98386,295.4366,297.51968,335.0263,-126552.555,9734.841,3294.796,-83959.49,3100.0,1500.0,150544.56,3653.151,21797.059,136441.4,30283.064,-12.739937,6100.361,66720.04,4849.18
134,1983-02-09,320.53778,330.94595,323.6559,322.83682,272.3915,344.76093,329.21268,292.08923,302.37973,304.96426,251.63036,320.7862,329.15125,326.30298,342.12405,329.83533,323.64734,321.3417,321.1968,306.6901,274.30444,300.06854,292.98413,295.43552,297.51648,335.0263,-126408.016,9775.329,3301.2979,-83957.125,3100.0,1500.0,150507.92,3650.2515,21781.906,136584.72,30285.441,-12.7738495,6088.542,66715.78,4848.41
135,1983-02-16,320.5974,330.95624,323.66617,322.84714,272.3911,344.75128,329.2016,292.23608,302.37494,304.97168,251.63031,320.7808,329.22888,326.36026,342.12332,329.83813,323.63245,321.39417,321.2525,306.83795,274.30444,300.068,292.9844,295.43912,297.5134,335.0263,-127045.305,9023.717,3297.581,-83954.49,3100.0,1500.0,150009.89,3646.592,22414.932,138951.94,30308.805,-12.882927,6015.3823,66718.766,4847.532
136,1983-02-23,320.58505,330.96008,323.6755,322.85468,272.39072,344.7436,329.1898,292.36798,302.37164,304.96866,251.63028,320.78134,329.1937,326.32724,342.12344,329.84476,323.63104,321.37793,321.2001,306.7177,274.30444,300.06747,292.98465,295.43817,297.51147,335.0263,-126651.2,9649.714,3294.5625,-83961.58,3100.0,1500.0,150418.69,3642.795,21974.76,136908.56,30280.941,-13.03257,5997.105,66725.33,4846.6855
137,1983-03-02,320.5397,330.94986,323.6675,322.84558,272.39035,344.7369,329.1775,292.33383,302.3697,304.9632,251.63025,320.77698,329.1942,326.31793,342.12335,329.83722,323.624,321.3308,321.19125,306.69455,274.30447,300.06693,292.9849,295.436,297.5095,335.0263,-126423.26,9713.001,3305.5933,-83961.4,3100.0,1500.0,150394.88,3638.8447,21816.334,136752.61,30285.62,-13.064499,6016.0625,66719.51,4845.9126
138,1983-03-09,320.53418,330.943,323.665,322.8428,272.39005,344.7626,329.165,292.37592,302.36887,304.9634,251.63022,320.7725,329.19998,326.31332,342.12302,329.83063,323.61414,321.32773,321.1998,306.73645,274.30447,300.06622,292.98508,295.43448,297.50717,335.0263,-126439.27,9485.109,3313.14,-83956.71,3100.0,1500.0,150375.1,3634.4185,21984.479,137221.67,30299.543,-13.114273,5984.3765,66715.516,4845.1123
139,1983-03-16,320.58438,330.9537,323.67188,322.85074,272.38974,344.77264,329.1526,292.40894,302.36884,304.96826,251.6302,320.7706,329.2414,326.35376,342.12286,329.835,323.6086,321.3767,321.24463,306.82523,274.30447,300.0655,292.9852,295.4379,297.50504,335.0263,-126967.14,9066.591,3310.8171,-83955.35,3100.0,1500.0,150055.48,3629.7378,22400.441,138824.62,30309.7,-13.20372,5995.2075,66716.86,4844.168
140,1983-03-23,320.58997,330.96408,323.68433,322.86368,272.38943,344.74088,329.14066,292.46613,302.3694,304.96762,251.6302,320.77365,329.24902,326.36685,342.12332,329.84183,323.61215,321.37302,321.24728,306.7696,274.30447,300.06482,292.98532,295.43658,297.50378,335.0263,-127192.875,9330.773,3312.4417,-83956.305,3100.0,1500.0,150091.95,3625.2324,22174.352,138564.77,30297.258,-13.284004,5946.6665,66718.85,4842.9365
141,1983-03-30,320.60095,330.9619,323.6883,322.8665,272.3892,344.70837,329.1294,292.67172,302.37036,304.96808,251.63022,320.77615,329.25482,326.35095,342.12363,329.84418,323.61493,321.3709,321.24265,306.81543,274.30447,300.06415,292.98538,295.43585,297.50266,335.0263,-127191.16,9072.972,3314.5322,-83960.055,3100.0,1500.0,150125.58,3620.8806,22319.191,138661.23,30307.873,-13.414841,5865.397,66723.66,4840.7417
142,1983-04-06,320.62613,330.96265,323.68893,322.86624,272.38892,344.72675,329.119,292.85468,302.37167,304.969,251.63028,320.77707,329.26562,326.34525,342.12363,329.8419,323.6162,321.3982,321.2474,306.841,274.30447,300.06348,292.9854,295.43787,297.5017,335.0263,-127229.99,8986.308,3311.2798,-83966.68,3100.0,1500.0,150078.3,3616.6758,22472.912,138825.89,30304.732,-13.576668,5803.287,66730.93,4837.2627
143,1983-04-13,320.6459,330.97046,323.69177,322.87006,272.3887,344.79797,329.10965,292.95493,302.37338,304.96878,251.63037,320.77808,329.27124,326.37082,342.12375,329.8479,323.61887,321.4185,321.2613,306.84317,274.30447,300.06284,292.98538,295.44385,297.50134,335.0263,-127425.234,9002.031,3302.6902,-83976.34,3100.0,1500.0,150000.17,3612.789,22505.256,139178.34,30289.219,-13.764931,5789.903,66741.79,4833.2705
144,1983-04-20,320.6575,330.98795,323.70038,322.8791,272.3885,344.81668,329.1016,292.81412,302.3756,304.9682,251.63048,320.78082,329.29834,326.39243,342.12415,329.86322,323.6244,321.44226,321.28152,306.84592,274.30447,300.06223,292.98532,295.4443,297.50168,335.0263,-127745.414,9039.177,3302.5737,-83986.79,3100.0,1500.0,149746.77,3609.2603,22553.545,139648.86,30284.314,-13.854477,5886.705,66744.52,4829.626
145,1983-04-27,320.68872,331.00638,323.71115,322.8904,272.38834,344.8176,329.0952,292.86264,302.3783,304.9699,251.63058,320.78552,329.31677,326.41116,342.125,329.8823,323.63263,321.46948,321.30295,306.88654,274.30447,300.06158,292.9852,295.44354,297.50208,335.0263,-128117.44,8839.202,3306.1724,-83986.664,3100.0,1500.0,149630.33,3606.1172,22710.914,140327.75,30292.193,-13.919502,5788.63,66745.49,4826.8247
146,1983-05-04,320.7213,331.0212,323.72015,322.89978,272.38818,344.86288,329.09045,293.2418,302.38126,304.97177,251.63069,320.7913,329.3279,326.42786,342.12585,329.89752,323.6445,321.494,321.31427,306.90872,274.30447,300.06097,292.98505,295.44766,297.50262,335.0263,-128373.46,8742.08,3294.331,-83998.98,3100.0,1500.0,149560.55,3603.5037,22806.248,140643.61,30280.63,-14.186508,5658.853,66764.484,4824.232
147,1983-05-11,320.71265,331.02353,323.72238,322.90118,272.38806,344.92654,329.08722,293.4312,302.38437,304.96912,251.6308,320.79614,329.31265,326.40463,342.1265,329.9058,323.65634,321.48203,321.28986,306.855,274.3045,300.0604,292.9849,295.45316,297.50378,335.0263,-128186.516,9018.719,3282.723,-84017.836,3100.0,1500.0,149700.78,3601.604,22571.562,139680.08,30253.557,-14.435707,5611.4814,66781.84,4821.9077
148,1983-05-18,320.7157,331.0302,323.72214,322.90137,272.388,344.9731,329.08554,293.3693,302.38785,304.9688,251.6309,320.7979,329.33234,326.42688,342.12674,329.91306,323.66125,321.49054,321.31107,306.8854,274.3045,300.05988,292.98468,295.45786,297.50528,335.0263,-128392.664,8881.956,3275.1797,-84035.33,3100.0,1500.0,149492.61,3600.215,22685.754,140412.36,30247.68,-14.611465,5686.369,66792.58,4820.2783
149,1983-05-25,320.73837,331.042,323.73022,322.9103,272.38794,345.01233,329.08542,293.25577,302.39178,304.97095,251.63098,320.8018,329.34653,326.44437,342.12714,329.92657,323.6673,321.51172,321.3306,306.90836,274.3045,300.05933,292.98444,295.4608,297.50702,335.0263,-128711.75,8777.145,3270.5337,-84044.39,3100.0,1500.0,149422.12,3599.2712,22782.01,140952.98,30244.488,-14.711357,5706.261,66798.22,4819.677
150,1983-06-01,320.76434,331.05505,323.73856,322.91898,272.38794,345.03702,329.0868,293.38922,302.3961,304.9731,251.63106,320.80707,329.36203,326.4604,342.12762,329.94022,323.67715,321.5331,321.343,306.93027,274.3045,300.05893,292.98416,295.46506,297.50903,335.0263,-128969.43,8678.981,3259.39,-84055.86,3100.0,1500.0,149293.33,3598.919,22873.877,141326.81,30234.893,-14.898285,5637.6616,66813.2,4819.6377
151,1983-06-08,320.7559,331.05524,323.74158,322.921,272.388,345.05707,329.08948,293.54868,302.4005,304.97147,251.6311,320.81198,329.35126,326.43594,342.12817,329.94424,323.68805,321.52454,321.32312,306.88327,274.3045,300.05875,292.98386,295.46863,297.51135,335.0263,-128824.375,8922.175,3248.1292,-84073.6,3100.0,1500.0,149432.92,3599.2373,22670.63,140479.22,30212.145,-15.10952,5588.8154,66830.53,4819.6807
152,1983-06-15,320.7609,331.05975,323.74023,322.92047,272.38806,345.07632,329.0933,293.55774,302.40497,304.97217,251.63116,320.81406,329.35718,326.45963,342.1283,329.94705,323.6934,321.52753,321.33838,306.91275,274.3045,300.05862,292.98355,295.47217,297.51364,335.0263,-128974.05,8755.151,3239.885,-84090.25,3100.0,1500.0,149320.33,3600.0017,22762.691,141089.77,30209.66,-15.262421,5611.6846,66841.98,4819.728
153,1983-06-22,320.7647,331.0683,323.74493,322.9256,272.38818,345.08908,329.09802,293.3858,302.4095,304.97272,251.63121,320.8174,329.36246,326.4627,342.12857,329.95703,323.69852,321.53784,321.344,306.89316,274.3045,300.0585,292.98322,295.4762,297.51593,335.0263,-129105.15,8840.968,3232.8044,-84101.43,3100.0,1500.0,149268.45,3601.156,22711.025,141089.47,30197.996,-15.3350525,5704.092,66847.63,4819.715
154,1983-06-29,320.7878,331.0775,323.74957,322.93076,272.38834,345.0967,329.10345,293.3671,302.41394,304.97543,251.63127,320.82104,329.37433,326.47864,342.12894,329.96692,323.70438,321.55673,321.36002,306.94327,274.3045,300.05838,292.9829,295.48117,297.51828,335.0263,-129340.234,8637.955,3222.7024,-84108.24,3100.0,1500.0,149171.19,3602.641,22897.463,141670.62,30194.305,-15.422256,5663.1943,66857.52,4819.518
155,1983-07-06,320.79477,331.0807,323.75345,322.93408,272.38855,345.0988,329.10947,293.56036,302.4182,304.9762,251.63133,320.82516,329.3735,326.46777,342.12933,329.9716,323.71274,321.56314,321.35095,306.9231,274.30447,300.0584,292.98257,295.48505,297.52094,335.0263,-129315.14,8760.572,3206.9163,-84125.734,3100.0,1500.0,149213.02,3604.4731,22820.86,141251.36,30174.326,-15.618095,5597.014,66877.77,4819.105
156,1983-07-13,320.7814,331.0801,323.75165,322.93253,272.38876,345.08472,329.1159,293.62604,302.42218,304.975,251.6314,320.82745,329.36234,326.46848,342.12952,329.97345,323.71786,321.5505,321.34784,306.89984,274.30447,300.05862,292.98224,295.4864,297.52362,335.0263,-129271.08,8885.573,3199.4841,-84144.06,3100.0,1500.0,149269.95,3606.6252,22695.066,141012.2,30162.451,-15.747093,5585.822,66890.16,4818.5938
157,1983-07-20,320.7849,331.08432,323.7521,322.9332,272.389,345.09082,329.12256,293.37997,302.426,304.9762,251.63145,320.829,329.37192,326.47678,342.12955,329.97495,323.72028,321.55704,321.3539,306.92462,274.30447,300.05896,292.9819,295.48642,297.52594,335.0263,-129346.93,8769.415,3199.3691,-84154.34,3100.0,1500.0,149163.55,3608.8625,22788.66,141329.72,30169.902,-15.739433,5741.6904,66888.96,4818.3633
158,1983-07-27,320.8098,331.09122,323.7568,322.9386,272.38925,345.09103,329.1292,293.2546,302.4296,304.9794,251.63152,320.83154,329.38373,326.4908,342.12976,329.9826,323.72324,321.57822,321.3729,306.95712,274.30447,300.0593,292.9816,295.48972,297.52795,335.0263,-129605.54,8611.927,3195.3062,-84150.55,3100.0,1500.0,149090.31,3611.1277,22927.621,141925.62,30171.41,-15.703125,5708.663,66888.4,4818.437
159,1983-08-03,320.83026,331.0984,323.76288,322.94495,272.38956,345.101,329.13583,293.50372,302.43286,304.98193,251.63156,320.83557,329.3936,326.49884,342.13007,329.9913,323.72867,321.5958,321.38138,306.9642,274.30447,300.05972,292.9813,295.49487,297.5303,335.0263,-129789.31,8595.277,3176.9624,-84163.086,3100.0,1500.0,149040.64,3613.487,22967.338,142102.27,30154.137,-15.882599,5622.5645,66909.02,4818.5894
160,1983-08-10,320.81143,331.0929,323.76135,322.94257,272.38986,345.12033,329.14236,293.48804,302.43564,304.98007,251.6316,320.83884,329.36407,326.4694,342.1303,329.98987,323.73392,321.57227,321.34885,306.9069,274.30447,300.0602,292.98102,295.49432,297.53296,335.0263,-129465.01,8870.962,3171.1558,-84179.57,3100.0,1500.0,149271.84,3615.9956,22698.697,140921.62,30141.408,-15.948036,5663.654,66917.52,4818.753
161,1983-08-17,320.8109,331.0932,323.75806,322.93906,272.39014,345.1389,329.14886,293.28644,302.43817,304.98083,251.63165,320.83847,329.38992,326.48846,342.13016,329.98584,323.733,321.57452,321.36368,306.9441,274.30447,300.06073,292.98077,295.4943,297.53503,335.0263,-129553.5,8687.826,3172.8975,-84183.61,3100.0,1500.0,149042.31,3618.4165,22835.533,141620.48,30152.31,-15.891365,5752.6094,66913.77,4818.9307
162,1983-08-24,320.83093,331.09766,323.76532,322.94604,272.39047,345.156,329.15536,293.28336,302.44043,304.98364,251.6317,320.8403,329.41006,326.49408,342.13022,329.99164,323.73526,321.5959,321.37878,306.96387,274.30447,300.06122,292.98056,295.49606,297.5368,335.0263,-129785.45,8607.197,3167.7883,-84182.54,3100.0,1500.0,148991.72,3620.712,22939.479,142042.88,30150.998,-15.888817,5704.16,66916.79,4819.1797
163,1983-08-31,320.84784,331.10367,323.7712,322.95212,272.39078,345.16803,329.1619,293.4809,302.4423,304.98566,251.63173,320.84357,329.4171,326.50623,342.1304,329.99814,323.74023,321.6117,321.3877,306.9707,274.30447,300.06168,292.98038,295.4991,297.53867,335.0263,-129965.6,8588.781,3154.9055,-84192.39,3100.0,1500.0,148963.48,3623.066,22977.09,142251.08,30140.127,-16.010155,5634.4937,66931.17,4820.0767
164,1983-09-07,320.83817,331.1017,323.76917,322.95026,272.39108,345.17072,329.16855,293.57452,302.44388,304.9846,251.63176,320.84644,329.3779,326.48697,342.13058,330.00027,323.74524,321.5986,321.35913,306.93246,274.30447,300.06213,292.98026,295.4991,297.54065,335.0263,-129688.45,8778.3,3148.2878,-84205.516,3100.0,1500.0,149199.56,3625.5374,22800.78,141266.28,30129.584,-16.095734,5608.504,66940.43,4820.006
165,1983-09-14,320.8365,331.0984,323.76395,322.94586,272.3914,345.18124,329.1752,293.53665,302.44534,304.98538,251.63173,320.84637,329.3861,326.48953,342.1305,329.997,323.74527,321.59726,321.378,306.95358,274.30447,300.06256,292.98013,295.50192,297.54233,335.0263,-129802.68,8664.681,3143.1775,-84213.86,3100.0,1500.0,149091.44,3627.9744,22866.75,141834.44,30128.889,-16.143082,5649.2217,66945.05,4823.129
166,1983-09-21,320.84204,331.09952,323.7649,322.94724,272.3917,345.19275,329.18195,293.38916,302.44684,304.9868,251.6317,320.84766,329.38242,326.49347,342.13043,329.99646,323.7477,321.60544,321.3776,306.95523,274.30444,300.06308,292.98007,295.49936,297.54398,335.0263,-129831.14,8673.138,3144.4553,-84217.21,3100.0,1500.0,149109.17,3630.3755,22884.53,141799.0,30133.793,-16.115318,5709.124,66942.805,4825.449
167,1983-09-28,320.85336,331.1039,323.7662,322.94943,272.392,345.2023,329.1887,293.41052,302.44833,304.98822,251.63167,320.84918,329.38446,326.50427,342.13046,330.00085,323.751,321.61853,321.39023,306.96942,274.30444,300.06363,292.98004,295.49817,297.5452,335.0263,-129985.09,8613.85,3144.6892,-84214.64,3100.0,1500.0,149063.17,3632.8108,22952.25,142140.47,30138.447,-16.10151,5660.3755,66941.45,4826.8057
168,1983-10-05,320.83893,331.10452,323.7686,322.9518,272.3923,345.2129,329.19537,293.38916,302.44968,304.9867,251.63165,320.85147,329.386,326.50122,342.13058,330.00443,323.75552,321.61777,321.38776,306.92413,274.30444,300.06415,292.98004,295.49762,297.5462,335.0263,-130003.05,8876.612,3143.0627,-84217.17,3100.0,1500.0,149080.3,3635.3267,22795.545,141761.31,30127.904,-16.109398,5715.173,66941.984,4827.851
169,1983-10-12,320.81488,331.09595,323.7639,322.94626,272.39258,345.22318,329.20203,293.25784,302.45084,304.98465,251.63162,320.8523,329.3574,326.47455,342.13058,329.99725,323.7583,321.58902,321.35718,306.89667,274.30444,300.06464,292.98007,295.4985,297.54688,335.0263,-129645.234,8973.272,3145.035,-84212.27,3100.0,1500.0,149286.31,3637.8657,22627.268,140867.0,30127.178,-16.036057,5738.2344,66936.59,4828.847
170,1983-10-19,320.81555,331.09558,323.759,322.94202,272.39285,345.2326,329.20862,293.27972,302.45172,304.98636,251.6316,320.85037,329.37042,326.4925,342.1303,329.9934,323.75623,321.59045,321.37506,306.93445,274.30444,300.06516,292.98016,295.4982,297.5475,335.0263,-129747.18,8775.952,3142.0195,-84211.945,3100.0,1500.0,149120.23,3640.2676,22774.602,141613.03,30134.611,-16.036652,5730.206,66938.56,4830.0083
171,1983-10-26,320.79706,331.0945,323.75894,322.94193,272.39313,345.2413,329.2152,292.9121,302.45227,304.98486,251.63156,320.85034,329.3505,326.4813,342.13025,329.99228,323.75696,321.58377,321.3561,306.88205,274.30444,300.06577,292.98026,295.49576,297.54803,335.0263,-129566.086,9069.781,3148.2876,-84209.3,3100.0,1500.0,149275.22,3642.7102,22595.768,140806.89,30132.863,-15.874222,5948.502,66925.89,4831.5967
172,1983-11-02,320.77542,331.08975,323.7534,322.93597,272.39334,345.24283,329.22177,292.31683,302.45248,304.9832,251.6315,320.8486,329.34277,326.4676,342.13016,329.9882,323.75485,321.55765,321.34488,306.87003,274.30444,300.0663,292.9804,295.4889,297.54803,335.0263,-129376.03,9085.932,3169.6484,-84185.266,3100.0,1500.0,149296.02,3645.185,22499.46,140555.77,30157.93,-15.478233,6142.5146,66894.555,4833.82
173,1983-11-09,320.76215,331.07007,323.746,322.92764,272.39355,345.20203,329.22824,292.40173,302.45203,304.98297,251.63141,320.84573,329.32288,326.43442,342.12988,329.97534,323.75046,321.5394,321.32666,306.87207,274.30444,300.06686,292.98056,295.48325,297.5472,335.0263,-129069.266,9044.058,3180.56,-84158.09,3100.0,1500.0,149533.92,3647.5813,22491.252,140093.77,30173.639,-15.263329,5979.0176,66881.68,4836.3535
174,1983-11-16,320.78723,331.06882,323.743,322.92535,272.3937,345.13782,329.23453,292.86084,302.45038,304.9868,251.63132,320.842,329.34973,326.4695,342.12912,329.9663,323.74432,321.56137,321.355,306.9341,274.30444,300.0674,292.98077,295.48822,297.54605,335.0263,-129297.77,8733.312,3166.5125,-84156.04,3100.0,1500.0,149274.64,3649.853,22770.637,141256.27,30171.705,-15.341743,5830.131,66895.06,4838.765
175,1983-11-23,320.77887,331.0701,323.74524,322.92825,272.3938,345.11224,329.24026,292.48257,302.4478,304.98602,251.63123,320.84195,329.32092,326.4505,342.129,329.9662,323.74426,321.56744,321.34348,306.87592,274.30444,300.06796,292.98102,295.48425,297.54565,335.0263,-129224.43,9079.778,3170.4607,-84160.67,3100.0,1500.0,149501.23,3652.1729,22596.36,140471.2,30168.17,-15.164993,6117.865,66883.55,4840.6514
176,1983-11-30,320.7683,331.05542,323.73743,322.92044,272.39386,345.08148,329.24518,291.51852,302.4449,304.9848,251.63115,320.84042,329.30106,326.4233,342.1288,329.95883,323.7426,321.5512,321.3322,306.87735,274.30444,300.06842,292.98126,295.4721,297.54477,335.0263,-129015.3,9030.716,3206.566,-84127.94,3100.0,1500.0,149664.48,3654.3855,22557.314,140169.22,30213.623,-14.548698,6476.2554,66832.08,4842.034
177,1983-12-07,320.73514,331.0315,323.7262,322.90756,272.3939,345.05,329.24905,291.03378,302.4415,304.981,251.63106,320.8364,329.27805,326.39844,342.1281,329.94086,323.73608,321.51077,321.28406,306.82153,274.30444,300.06882,292.98154,295.4608,297.54272,335.0263,-128390.19,9275.141,3238.6094,-84076.266,3100.0,1500.0,149886.83,3656.3706,22306.152,138871.94,30240.986,-13.970642,6552.586,66788.01,4843.199
178,1983-12-14,320.74838,331.02542,323.72095,322.90338,272.39386,345.01102,329.25162,291.4874,302.4369,304.98355,251.63098,320.8302,329.3004,326.42612,342.12708,329.9294,323.7251,321.52435,321.32816,306.89963,274.30444,300.06912,292.9818,295.46234,297.5398,335.0263,-128699.766,8868.998,3237.9136,-84041.47,3100.0,1500.0,149686.19,3657.8318,22636.525,140448.34,30252.809,-13.8003235,6233.2397,66784.69,4844.25
179,1983-12-21,320.74554,331.02652,323.72464,322.90683,272.39377,344.97797,329.25262,291.91687,302.4308,304.98376,251.63089,320.82874,329.2913,326.42896,342.12665,329.919,323.7226,321.52222,321.30124,306.85208,274.30444,300.06946,292.98215,295.46164,297.53766,335.0263,-128508.05,9116.112,3226.6519,-84047.695,3100.0,1500.0,149786.33,3658.8816,22479.06,139609.89,30236.455,-13.839882,6195.667,66797.48,4845.279
180,1983-12-28,320.72366,331.01224,323.7179,322.89944,272.3936,344.95883,329.25192,291.3334,302.4239,304.98114,251.6308,320.8256,329.26175,326.39597,342.12637,329.90753,323.71912,321.5074,321.2822,306.8319,274.30444,300.0697,292.98245,295.4544,297.5357,335.0263,-128196.8,9216.927,3247.666,-84036.44,3100.0,1500.0,150027.33,3659.55,22402.262,138968.39,30259.193,-13.435257,6499.9316,66765.71,4846.4463
181,1984-01-04,320.6837,330.99612,323.70486,322.8868,272.39337,344.93018,329.24957,290.59348,302.41693,304.97662,251.6307,320.82028,329.22836,326.37692,342.12576,329.8947,323.7125,321.47446,321.2646,306.77664,274.30444,300.06982,292.9828,295.4424,297.53302,335.0263,-127846.43,9474.074,3283.8818,-83995.35,3100.0,1500.0,150193.27,3659.6428,22171.184,138261.39,30288.729,-12.834335,6748.2393,66716.72,4847.7715
182,1984-01-11,320.68542,330.99463,323.69644,322.88046,272.3931,344.89673,329.2457,290.69635,302.40973,304.97754,251.63062,320.8146,329.2174,326.39148,342.12518,329.8901,323.70322,321.47226,321.2836,306.8323,274.30444,300.06982,292.98312,295.43808,297.52933,335.0263,-127926.42,9158.867,3301.1802,-83949.56,3100.0,1500.0,150089.11,3658.98,22380.238,139097.16,30315.531,-12.495911,6521.6084,66694.6,4848.949
183,1984-01-18,320.69247,330.99576,323.6988,322.87985,272.3928,344.86295,329.24036,291.49643,302.4019,304.97797,251.63052,320.81128,329.25537,326.36877,342.12524,329.88434,323.6975,321.48267,321.2626,306.82318,274.30444,300.0698,292.98343,295.4409,297.5259,335.0263,-127706.97,9230.422,3286.0884,-83944.97,3100.0,1500.0,149871.9,3657.743,22404.135,138616.16,30297.117,-12.632912,6224.8467,66714.54,4849.657
184,1984-01-25,320.62534,330.98587,323.6874,322.86707,272.39243,344.8284,329.2335,291.89642,302.3937,304.9701,251.63045,320.8059,329.18396,326.31735,342.12537,329.86942,323.68857,321.41824,321.208,306.6923,274.30444,300.06967,292.98376,295.43964,297.5233,335.0263,-126983.81,9849.959,3283.651,-83957.33,3100.0,1500.0,150357.67,3656.2322,21840.527,136552.48,30269.463,-12.725243,6127.9033,66724.59,4849.6504
185,1984-02-01,320.57135,330.9635,323.66595,322.84644,272.392,344.7908,329.22498,292.02808,302.38608,304.96622,251.63039,320.79596,329.14505,326.29507,342.125,329.85147,323.66956,321.36377,321.1976,306.7004,274.30444,300.06937,292.98407,295.43707,297.52032,335.0263,-126563.31,9733.338,3292.5898,-83961.15,3100.0,1500.0,150542.4,3654.0386,21798.654,136451.22,30281.775,-12.745903,6100.6265,66721.67,4849.136
186,1984-02-08,320.5393,330.9463,323.65616,322.83713,272.3916,344.7631,329.21494,292.08936,302.37973,304.9646,251.63034,320.78662,329.1515,326.30334,342.12408,329.83572,323.64838,321.34305,321.19733,306.6907,274.30444,300.06894,292.98438,295.43597,297.51712,335.0263,-126418.17,9773.905,3299.209,-83958.766,3100.0,1500.0,150505.83,3651.114,21783.393,136594.03,30284.166,-12.7798,6088.795,66717.4,4848.366
187,1984-02-15,320.59888,330.95654,323.6664,322.8474,272.39117,344.75345,329.20377,292.2362,302.37494,304.97202,251.6303,320.78122,329.2291,326.36063,342.12335,329.83853,323.63345,321.39545,321.253,306.83853,274.30444,300.06842,292.98465,295.43958,297.51404,335.0263,-127054.99,9022.41,3295.7246,-83956.21,3100.0,1500.0,150007.92,3647.4287,22416.332,138960.8,30307.545,-12.88884,6015.626,66720.375,4847.49
188,1984-02-22,320.58646,330.9604,323.67575,322.85492,272.3908,344.74576,329.1919,292.36813,302.37164,304.969,251.63026,320.78174,329.19394,326.3276,342.12347,329.84512,323.63202,321.37915,321.20056,306.7183,274.30444,300.0679,292.98492,295.43863,297.51212,335.0263,-126660.54,9648.329,3292.8213,-83963.18,3100.0,1500.0,150416.81,3643.6055,21976.066,136917.03,30279.7,-13.038597,5997.3423,66726.92,4846.643
189,1984-02-29,320.54102,330.95016,323.66772,322.84583,272.39044,344.73904,329.17957,292.334,302.36972,304.9635,251.63023,320.77734,329.19443,326.31827,342.12335,329.83755,323.6249,321.33197,321.1917,306.69513,274.30444,300.06732,292.98514,295.43646,297.51013,335.0263,-126432.164,9711.77,3303.2705,-83962.98,3100.0,1500.0,150393.1,3639.6333,21817.562,136760.7,30284.39,-13.070389,6016.2905,66721.09,4845.871
190,1984-03-07,320.53546,330.94327,323.66522,322.84305,272.3901,344.76474,329.16702,292.3761,302.3689,304.9637,251.6302,320.77286,329.2002,326.31363,342.12302,329.83096,323.61502,321.32883,321.20023,306.737,274.30447,300.06662,292.98532,295.43494,297.5078,335.0263,-126447.74,9483.881,3311.3977,-83958.305,3100.0,1500.0,150373.38,3635.1882,21985.639,137229.4,30298.328,-13.120125,5984.5986,66717.08,4845.0713
191,1984-03-14,320.5856,330.95398,323.67206,322.85095,272.3898,344.77475,329.1546,292.40912,302.3689,304.96857,251.63019,320.77094,329.2416,326.35406,342.1229,329.83533,323.60947,321.3778,321.24506,306.82574,274.30447,300.0659,292.98547,295.43835,297.50565,335.0263,-126975.08,9065.437,3308.9592,-83956.98,3100.0,1500.0,150053.84,3630.4897,22401.527,138832.05,30308.504,-13.209702,5995.4243,66718.414,4844.128
192,1984-03-21,320.59113,330.96432,323.6845,322.8639,272.38953,344.74298,329.1426,292.46634,302.36945,304.96793,251.63017,320.77396,329.24924,326.36713,342.12332,329.84213,323.61298,321.37402,321.24765,306.7701,274.30447,300.06525,292.9856,295.437,297.5044,335.0263,-127200.35,9329.738,3310.5837,-83957.96,3100.0,1500.0,150090.4,3625.9675,22175.37,138571.84,30296.074,-13.289925,5946.8765,66720.39,4842.897
193,1984-03-28,320.60208,330.96213,323.68848,322.8667,272.38925,344.71048,329.13132,292.6719,302.37042,304.96835,251.6302,320.77646,329.255,326.35123,342.12366,329.84445,323.61572,321.3719,321.243,306.81592,274.30447,300.06458,292.98566,295.43625,297.50327,335.0263,-127198.48,9071.74,3312.7896,-83961.77,3100.0,1500.0,150124.08,3621.5999,22320.148,138668.0,30306.707,-13.420761,5865.601,66725.18,4840.702
194,1984-04-04,320.62723,330.96286,323.6891,322.86646,272.389,344.72882,329.12088,292.8549,302.37173,304.96927,251.63026,320.77737,329.2658,326.34552,342.12366,329.84216,323.61694,321.39914,321.24774,306.8415,274.30447,300.06387,292.9857,295.4383,297.50232,335.0263,-127237.04,8985.383,3309.77,-83968.15,3100.0,1500.0,150076.88,3617.3804,22473.807,138832.36,30303.582,-13.582588,5803.4873,66732.445,4837.2246
195,1984-04-11,320.64694,330.97067,323.69193,322.87024,272.3888,344.80005,329.11148,292.95514,302.37344,304.96906,251.63036,320.77838,329.2714,326.37106,342.12375,329.84818,323.61957,321.41937,321.26163,306.84363,274.30447,300.06323,292.98566,295.44424,297.50192,335.0263,-127431.78,9001.034,3300.947,-83978.07,3100.0,1500.0,149998.8,3613.48,22506.088,139184.53,30288.084,-13.77079,5790.0967,66743.28,4833.2314
196,1984-04-18,320.6585,330.98813,323.70053,322.87924,272.38858,344.81876,329.10342,292.8143,302.37564,304.96848,251.63046,320.7811,329.2985,326.39267,342.12418,329.86346,323.62506,321.4431,321.28183,306.84634,274.30447,300.06262,292.9856,295.4447,297.50226,335.0263,-127751.63,9038.136,3300.8323,-83988.4,3100.0,1500.0,149745.44,3609.9382,22554.346,139654.77,30283.197,-13.860329,5886.896,66746.0,4829.588
197,1984-04-25,320.68967,331.00656,323.7113,322.89056,272.3884,344.81967,329.097,292.86285,302.37836,304.97015,251.63057,320.78577,329.31693,326.41138,342.12503,329.88254,323.63327,321.4703,321.30325,306.88696,274.30447,300.062,292.9855,295.44394,297.50262,335.0263,-128123.57,8838.202,3304.664,-83988.25,3100.0,1500.0,149629.08,3606.7827,22711.66,140333.4,30291.092,-13.925285,5788.8154,66746.96,4826.788
198,1984-05-02,320.72223,331.0214,323.72028,322.89993,272.38828,344.86493,329.0922,293.242,302.38132,304.97205,251.63068,320.79153,329.32806,326.42807,342.1259,329.89774,323.6451,321.49478,321.31458,306.90912,274.30447,300.0614,292.98535,295.44806,297.5032,335.0263,-128379.29,8741.079,3292.8213,-84000.48,3100.0,1500.0,149559.38,3604.158,22806.941,140649.03,30279.547,-14.192215,5659.033,66765.92,4824.1953
199,1984-05-09,320.71353,331.0237,323.7225,322.90134,272.38815,344.9286,329.08893,293.43143,302.38443,304.96936,251.63078,320.7964,329.3128,326.40485,342.1265,329.906,323.65695,321.4828,321.29013,306.8554,274.30447,300.06082,292.9852,295.45352,297.50433,335.0263,-128192.0,9017.796,3281.0984,-84019.336,3100.0,1500.0,149699.62,3602.2473,22572.21,139685.27,30252.488,-14.441261,5611.659,66783.28,4821.8706
200,1984-05-16,320.71655,331.03036,323.72226,322.9015,272.3881,344.97513,329.08722,293.3695,302.3879,304.9691,251.63089,320.79813,329.3325,326.42706,342.12674,329.91324,323.6618,321.49127,321.31134,306.8858,274.30447,300.06027,292.985,295.45822,297.50583,335.0263,-128397.914,8880.997,3273.6704,-84036.96,3100.0,1500.0,149491.53,3600.8474,22686.361,140417.31,30246.627,-14.616997,5686.543,66794.0,4820.2427
201,1984-05-23,320.73917,331.04214,323.73035,322.91043,272.38803,345.01434,329.0871,293.25598,302.39185,304.9712,251.63097,320.802,329.34665,326.44455,342.12714,329.92676,323.66785,321.51242,321.33084,306.90875,274.30447,300.05975,292.98474,295.46115,297.50757,335.0263,-128716.76,8776.414,3269.2583,-84045.734,3100.0,1500.0,149421.08,3599.8938,22782.574,140957.73,30243.45,-14.71682,5706.4307,66799.625,4819.6426
202,1984-05-30,320.76514,331.0552,323.73868,322.9191,272.38803,345.03903,329.08844,293.38943,302.39615,304.97336,251.63104,320.80728,329.36215,326.46057,342.12762,329.9404,323.67767,321.53375,321.34323,306.93063,274.30447,300.05936,292.98447,295.46542,297.50955,335.0263,-128974.336,8678.097,3257.8804,-84057.445,3100.0,1500.0,149292.36,3599.5317,22874.4,141331.38,30233.871,-14.903763,5637.8267,66814.59,4819.6035
203,1984-06-06,320.75662,331.0554,323.7417,322.9211,272.3881,345.05908,329.0911,293.5489,302.40057,304.97168,251.63109,320.81216,329.35135,326.43613,342.12817,329.94443,323.68854,321.52518,321.32336,306.88364,274.30447,300.05914,292.9842,295.469,297.51187,335.0263,-128828.97,8921.444,3246.5037,-84075.24,3100.0,1500.0,149431.95,3599.8406,22671.123,140483.6,30211.139,-15.115067,5588.9775,66831.91,4819.6475
204,1984-06-13,320.7616,331.05988,323.74036,322.9206,272.38815,345.07834,329.0949,293.55798,302.40503,304.97238,251.63115,320.81424,329.3573,326.4598,342.1283,329.94724,323.69385,321.52814,321.3386,306.9131,274.30447,300.05902,292.98386,295.47253,297.51416,335.0263,-128978.41,8754.421,3238.3767,-84091.73,3100.0,1500.0,149319.44,3600.596,22763.148,141093.95,30208.67,-15.26783,5611.8423,66843.32,4819.695
205,1984-06-20,320.76538,331.06845,323.74503,322.92572,272.38828,345.09106,329.09958,293.38602,302.40955,304.97296,251.6312,320.81757,329.36255,326.46286,342.12857,329.9572,323.69897,321.53842,321.3442,306.8935,274.30447,300.0589,292.98355,295.47656,297.51645,335.0263,-129109.27,8840.201,3231.2942,-84102.73,3100.0,1500.0,149267.6,3601.7412,22711.45,141093.47,30197.023,-15.340363,5704.2466,66848.98,4819.6816
206,1984-06-27,320.78845,331.07764,323.74966,322.93088,272.38843,345.0987,329.105,293.3673,302.414,304.97565,251.63126,320.8212,329.37442,326.4788,342.12894,329.96707,323.7048,321.55728,321.3602,306.94357,274.30447,300.05878,292.98322,295.48154,297.51877,335.0263,-129344.164,8637.342,3220.8474,-84109.5,3100.0,1500.0,149170.38,3603.2188,22897.855,141674.47,30193.346,-15.427391,5663.3457,66858.84,4819.4863
207,1984-07-04,320.7954,331.0808,323.75354,322.93417,272.38864,345.10077,329.11102,293.56058,302.41827,304.9764,251.63132,320.82532,329.3736,326.46793,342.12933,329.97174,323.71313,321.56366,321.35117,306.92343,274.30447,300.0588,292.98288,295.48538,297.52142,335.0263,-129318.945,8759.995,3205.5222,-84127.18,3100.0,1500.0,149212.23,3605.0432,22821.225,141255.05,30173.38,-15.623199,5597.162,66879.08,4819.073
208,1984-07-11,320.78198,331.0802,323.75174,322.93265,272.38885,345.08667,329.11743,293.62628,302.42224,304.97525,251.63138,320.8276,329.36243,326.46863,342.12952,329.9736,323.71826,321.55103,321.34802,306.90015,274.30447,300.05905,292.98257,295.48672,297.5241,335.0263,-129274.695,8884.917,3198.324,-84145.336,3100.0,1500.0,149269.2,3607.1892,22695.406,141015.72,30161.523,-15.752182,5585.9673,66891.445,4818.5625
209,1984-07-18,320.7855,331.08444,323.7522,322.9333,272.38907,345.0928,329.12405,293.3802,302.42606,304.9764,251.63144,320.82916,329.372,326.47693,342.12958,329.9751,323.72064,321.55753,321.3541,306.92493,274.30447,300.05936,292.98224,295.48676,297.52643,335.0263,-129350.36,8768.761,3197.6265,-84155.6,3100.0,1500.0,149162.83,3609.4214,22788.97,141333.08,30168.988,-15.744484,5741.8345,66890.24,4818.3315
210,1984-07-25,320.81036,331.09134,323.7569,322.9387,272.38934,345.093,329.13068,293.25482,302.42966,304.9796,251.6315,320.8317,329.38382,326.49094,342.12976,329.98273,323.7236,321.5787,321.37308,306.9574,274.30447,300.0597,292.98193,295.49002,297.52844,335.0263,-129608.875,8611.425,3193.912,-84152.086,3100.0,1500.0,149089.62,3611.6802,22927.908,141928.86,30170.508,-15.708069,5708.8022,66889.66,4818.406
211,1984-08-01,320.8308,331.09848,323.76297,322.945,272.38965,345.10297,329.1373,293.50394,302.43292,304.98212,251.63155,320.8357,329.39368,326.49896,342.13007,329.99142,323.729,321.59625,321.38153,306.96448,274.30447,300.06012,292.98163,295.4952,297.5308,335.0263,-129792.49,8594.624,3175.5688,-84164.36,3100.0,1500.0,149040.02,3614.0342,22967.604,142105.38,30153.252,-15.887497,5622.7,66910.266,4818.5576
212,1984-08-08,320.81195,331.093,323.76144,322.94266,272.38992,345.12228,329.14383,293.48825,302.4357,304.98026,251.63159,320.83896,329.36414,326.4695,342.1303,329.99,323.73425,321.5727,321.349,306.90717,274.30447,300.0606,292.98138,295.49466,297.53342,335.0263,-129467.984,8870.386,3169.7637,-84180.93,3100.0,1500.0,149271.19,3616.5364,22698.941,140924.6,30140.535,-15.95282,5663.7876,66918.75,4818.723
213,1984-08-15,320.8114,331.0933,323.75815,322.93915,272.39023,345.14084,329.1503,293.28665,302.43823,304.98102,251.63164,320.8386,329.38998,326.48856,342.13016,329.98593,323.73334,321.57495,321.36383,306.94434,274.30447,300.06113,292.98114,295.49463,297.5355,335.0263,-129556.5,8687.172,3171.505,-84184.89,3100.0,1500.0,149041.72,3618.9507,22835.756,141623.36,30151.455,-15.896172,5752.74,66914.984,4818.9
214,1984-08-22,320.8314,331.09775,323.7654,322.94614,272.39053,345.15796,329.15677,293.28357,302.44046,304.98386,251.63168,320.84042,329.41013,326.49417,342.13022,329.99176,323.73553,321.59628,321.37894,306.96414,274.30447,300.0616,292.98093,295.49637,297.53726,335.0263,-129788.34,8606.62,3166.744,-84183.945,3100.0,1500.0,148991.14,3621.2407,22939.68,142045.62,30150.15,-15.8934555,5704.287,66917.99,4819.1494
215,1984-08-29,320.8483,331.10373,323.77127,322.95218,272.39087,345.16998,329.1633,293.4811,302.44238,304.98584,251.63171,320.8437,329.41718,326.50632,342.1304,329.99823,323.7405,321.61206,321.38782,306.97095,274.30444,300.06207,292.98074,295.49942,297.53912,335.0263,-129968.21,8588.319,3153.5125,-84193.81,3100.0,1500.0,148962.94,3623.5884,22977.275,142253.7,30139.299,-16.014801,5634.619,66932.36,4820.047
216,1984-09-05,320.8386,331.10178,323.7692,322.95032,272.39117,345.17264,329.16992,293.5748,302.44394,304.9848,251.63174,320.84656,329.37793,326.48703,342.13058,330.0004,323.7455,321.59894,321.35925,306.93268,274.30444,300.0625,292.9806,295.49942,297.54108,335.0263,-129690.66,8777.759,3147.3582,-84206.79,3100.0,1500.0,149198.94,3626.0557,22800.873,141268.47,30128.764,-16.10041,5608.6147,66941.61,4819.977
217,1984-09-12,320.8369,331.09845,323.764,322.94592,272.39148,345.18317,329.1766,293.5369,302.4454,304.9856,251.63173,320.8465,329.38617,326.48962,342.13052,329.9971,323.74554,321.59763,321.3781,306.95383,274.30444,300.06296,292.98047,295.5022,297.54276,335.0263,-129805.02,8664.143,3142.1335,-84215.266,3100.0,1500.0,149090.94,3628.487,22866.879,141836.73,30128.084,-16.147713,5649.335,66946.2,4823.1006
218,1984-09-19,320.84244,331.0996,323.76492,322.9473,272.39178,345.19467,329.18335,293.3894,302.44687,304.98697,251.63168,320.84775,329.38245,326.49356,342.13043,329.99652,323.74796,321.60577,321.3777,306.95547,274.30444,300.06348,292.9804,295.49963,297.54437,335.0263,-129833.38,8672.6,3143.0623,-84218.586,3100.0,1500.0,149108.7,3630.8857,22884.654,141801.27,30133.0,-16.119896,5709.2373,66943.95,4825.421
219,1984-09-26,320.85373,331.10397,323.76627,322.9495,272.3921,345.20422,329.19006,293.41074,302.4484,304.9884,251.63165,320.84927,329.3845,326.50433,342.13046,330.00095,323.75125,321.61884,321.39035,306.96967,274.30444,300.06403,292.98038,295.49844,297.54562,335.0263,-129987.195,8613.231,3143.2952,-84215.81,3100.0,1500.0,149062.72,3633.3184,22952.37,142142.64,30137.67,-16.105911,5660.488,66942.586,4826.7783
220,1984-10-03,320.8393,331.1046,323.76865,322.95187,272.3924,345.2148,329.19672,293.38934,302.44974,304.98688,251.63164,320.85156,329.38605,326.5013,342.1306,330.0045,323.75574,321.61807,321.38785,306.92435,274.30444,300.0645,292.98038,295.4979,297.54663,335.0263,-130005.18,8876.228,3142.2507,-84218.27,3100.0,1500.0,149079.88,3635.8293,22795.65,141763.4,30127.14,-16.113785,5715.2847,66943.09,4827.8237
221,1984-10-10,320.81522,331.096,323.76392,322.94632,272.39267,345.22507,329.20334,293.25806,302.4509,304.98483,251.63162,320.85236,329.35742,326.47464,342.13058,329.9973,323.7585,321.5893,321.35727,306.89688,274.30444,300.065,292.9804,295.49878,297.5473,335.0263,-129647.27,8972.812,3143.7585,-84213.555,3100.0,1500.0,149285.89,3638.3616,22627.36,140869.02,30126.428,-16.040443,5738.3438,66937.7,4828.8203
222,1984-10-17,320.8159,331.09564,323.75906,322.94205,272.39294,345.2345,329.20993,293.2799,302.45175,304.98654,251.63159,320.85046,329.37048,326.49258,342.1303,329.99347,323.75644,321.59073,321.37518,306.93466,274.30444,300.06552,292.9805,295.49847,297.54788,335.0263,-129749.2,8775.49,3141.0903,-84213.17,3100.0,1500.0,149119.83,3640.7568,22774.686,141614.98,30133.871,-16.04103,5730.3145,66939.65,4829.9814
223,1984-10-24,320.7974,331.09457,323.759,322.942,272.3932,345.2432,329.2165,292.9123,302.45233,304.98505,251.63155,320.8504,329.35056,326.48135,342.13028,329.99234,323.75714,321.58405,321.3562,306.88223,274.30444,300.06613,292.9806,295.49603,297.54843,335.0263,-129567.88,9069.358,3147.3584,-84210.37,3100.0,1500.0,149274.84,3643.1936,22595.84,140808.75,30132.139,-15.878593,5948.609,66926.96,4831.571
224,1984-10-31,320.77573,331.08978,323.75342,322.936,272.39343,345.24472,329.22305,292.31702,302.45255,304.98334,251.63148,320.8487,329.3428,326.46765,342.13016,329.98828,323.75504,321.5579,321.34497,306.87024,274.3044,300.06668,292.98074,295.48917,297.5484,335.0263,-129377.78,9085.505,3168.4863,-84186.445,3100.0,1500.0,149295.66,3645.664,22499.525,140557.55,30157.217,-15.482437,6142.618,66895.62,4833.794
225,1984-11-07,320.76245,331.0701,323.74603,322.92767,272.39362,345.2039,329.22952,292.40195,302.45206,304.98315,251.6314,320.8458,329.32294,326.43448,342.12988,329.97543,323.75064,321.53964,321.32675,306.87225,274.3044,300.06723,292.98093,295.48352,297.54758,335.0263,-129070.984,9043.674,3179.5146,-84159.11,3100.0,1500.0,149533.58,3648.056,22491.309,140095.48,30172.938,-15.267395,5979.118,66882.72,4836.3267
226,1984-11-14,320.78754,331.06885,323.74304,322.92538,272.39377,345.13968,329.23578,292.86102,302.45044,304.98697,251.6313,320.84207,329.34976,326.46957,342.12912,329.96637,323.7445,321.5616,321.35507,306.9343,274.3044,300.06775,292.9811,295.4885,297.54642,335.0263,-129299.484,8732.889,3165.468,-84157.1,3100.0,1500.0,149274.31,3650.3225,22770.684,141257.92,30171.018,-15.345787,5830.2305,66896.1,4838.74
227,1984-11-21,320.77914,331.07016,323.74527,322.92828,272.3939,345.1141,329.24152,292.48276,302.44788,304.98618,251.63121,320.842,329.32095,326.45056,342.129,329.96625,323.74445,321.5677,321.34354,306.8761,274.3044,300.0683,292.98135,295.4845,297.54602,335.0263,-129226.06,9079.509,3169.6477,-84161.77,3100.0,1500.0,149500.89,3652.6367,22596.396,140472.8,30167.492,-15.168976,6117.9644,66884.56,4840.626
228,1984-11-28,320.7686,331.05545,323.73746,322.92047,272.39395,345.08334,329.2464,291.5187,302.44495,304.98495,251.63113,320.84048,329.3011,326.42337,342.12885,329.9589,323.7428,321.55142,321.3323,306.87753,274.3044,300.0688,292.9816,295.47235,297.54514,335.0263,-129016.81,9030.217,3205.4043,-84129.16,3100.0,1500.0,149664.17,3654.8445,22557.346,140170.75,30212.955,-14.552559,6476.354,66833.09,4842.01
229,1984-12-05,320.73538,331.03152,323.72623,322.90762,272.39398,345.05185,329.25024,291.03397,302.44156,304.98117,251.63104,320.83646,329.27808,326.3985,342.1281,329.94092,323.73624,321.511,321.28412,306.82172,274.3044,300.06918,292.98187,295.46103,297.5431,335.0263,-128391.695,9274.756,3237.6802,-84077.43,3100.0,1500.0,149886.52,3656.8232,22306.174,138873.42,30240.332,-13.974411,6552.682,66788.99,4843.175
230,1984-12-12,320.74866,331.02545,323.72098,322.9034,272.39395,345.01285,329.2528,291.48758,302.43695,304.9837,251.63097,320.83023,329.30045,326.42618,342.12708,329.92944,323.72525,321.52457,321.32822,306.89978,274.3044,300.06946,292.98218,295.46255,297.54016,335.0263,-128701.125,8868.499,3236.984,-84042.57,3100.0,1500.0,149685.9,3658.2795,22636.54,140449.75,30252.162,-13.804016,6233.3306,66785.664,4844.225
231,1984-12-19,320.7458,331.02658,323.72467,322.90686,272.39386,344.97983,329.2538,291.91705,302.43085,304.98392,251.63087,320.8288,329.29132,326.429,342.12665,329.91907,323.72275,321.5224,321.3013,306.85223,274.3044,300.0698,292.98248,295.46185,297.538,335.0263,-128509.34,9115.729,3225.4897,-84048.8,3100.0,1500.0,149786.03,3659.3237,22479.068,139611.23,30235.822,-13.843666,6195.7593,66798.44,4845.2544
232,1984-12-26,320.7239,331.0123,323.71793,322.89948,272.39368,344.96066,329.25308,291.3336,302.42395,304.9813,251.6308,320.82562,329.26178,326.39603,342.12637,329.9076,323.71927,321.50757,321.28226,306.83206,274.3044,300.07004,292.9828,295.45465,297.53604,335.0263,-128198.09,9216.658,3246.8516,-84037.56,3100.0,1500.0,150027.08,3659.987,22402.266,138969.7,30258.57,-13.438896,6500.0225,66766.67,4846.422
233,1985-01-02,320.6839,330.99615,323.7049,322.88684,272.39346,344.932,329.25073,290.59363,302.41696,304.9768,251.63069,320.82034,329.2284,326.37695,342.12576,329.89478,323.71265,321.47464,321.26465,306.7768,274.3044,300.07013,292.98312,295.44263,297.53336,335.0263,-127847.7,9473.768,3282.7212,-83996.47,3100.0,1500.0,150193.0,3660.075,22171.178,138262.66,30288.117,-12.837875,6748.3276,66717.664,4847.7466
234,1985-01-09,320.68564,330.99466,323.69644,322.8805,272.3932,344.89853,329.24683,290.69653,302.4098,304.9777,251.6306,320.81464,329.21744,326.3915,342.12518,329.89017,323.70334,321.47244,321.28366,306.83246,274.3044,300.07013,292.98346,295.4383,297.52963,335.0263,-127927.516,9158.484,3300.1367,-83950.59,3100.0,1500.0,150088.86,3659.4072,22380.232,139098.34,30314.932,-12.499435,6521.694,66695.53,4848.926
235,1985-01-16,320.6927,330.9958,323.69882,322.87988,272.39288,344.86478,329.24146,291.4966,302.40195,304.97812,251.63051,320.81134,329.2554,326.36884,342.12524,329.8844,323.69763,321.48285,321.26263,306.82333,274.30444,300.07013,292.98376,295.4411,297.52625,335.0263,-127708.12,9230.2295,3285.0435,-83945.93,3100.0,1500.0,149871.69,3658.1646,22404.125,138617.31,30296.521,-12.636429,6224.93,66715.45,4849.634
236,1985-01-23,320.62552,330.9859,323.6874,322.8671,272.39252,344.8302,329.2346,291.8966,302.39377,304.97025,251.63043,320.80597,329.184,326.31738,342.12537,329.86948,323.6887,321.4184,321.20807,306.69244,274.30444,300.07,292.9841,295.43985,297.5236,335.0263,-126984.91,9849.65,3282.8389,-83958.43,3100.0,1500.0,150357.45,3656.6472,21840.508,136553.6,30268.88,-12.728569,6127.985,66725.49,4849.627
237,1985-01-30,320.57153,330.96353,323.66595,322.84647,272.3921,344.7926,329.22607,292.02823,302.3861,304.96637,251.63037,320.79602,329.14508,326.2951,342.125,329.8515,323.66968,321.36392,321.19766,306.70056,274.30444,300.06967,292.9844,295.4373,297.52063,335.0263,-126564.46,9732.916,3291.6602,-83962.14,3100.0,1500.0,150542.2,3654.4468,21798.633,136452.3,30281.203,-12.74926,6100.7075,66722.555,4849.1133
238,1985-02-06,320.5395,330.94632,323.6562,322.83713,272.39166,344.7649,329.216,292.08954,302.3798,304.96475,251.63033,320.78665,329.15152,326.3034,342.12408,329.83575,323.6485,321.3432,321.1974,306.69086,274.30444,300.06924,292.9847,295.4362,297.51743,335.0263,-126419.25,9773.599,3298.5107,-83959.79,3100.0,1500.0,150505.61,3651.516,21783.367,136595.06,30283.602,-12.783104,6088.8745,66718.27,4848.3447
239,1985-02-13,320.59906,330.95657,323.66644,322.8474,272.39127,344.75525,329.2048,292.2364,302.375,304.97217,251.63028,320.78125,329.22913,326.36066,342.12335,329.83856,323.63354,321.39557,321.25302,306.83868,274.30444,300.06873,292.985,295.43976,297.51434,335.0263,-127055.93,9022.063,3294.912,-83957.23,3100.0,1500.0,150007.72,3647.8242,22416.3,138961.78,30306.994,-12.892113,6015.7036,66721.25,4847.468
240,1985-02-20,320.5866,330.96042,323.67575,322.85495,272.39087,344.74753,329.19293,292.36832,302.3717,304.96912,251.63025,320.7818,329.19397,326.32764,342.12347,329.84515,323.6321,321.37927,321.20062,306.71844,274.30444,300.0682,292.98523,295.4388,297.5124,335.0263,-126661.445,9648.138,3292.3574,-83964.28,3100.0,1500.0,150416.62,3643.9934,21976.033,136917.98,30279.154,-13.041809,5997.4175,66727.77,4846.62
241,1985-02-27,320.5412,330.95016,323.66772,322.84583,272.39053,344.7408,329.1806,292.33417,302.36975,304.96362,251.63022,320.77737,329.19446,326.3183,342.12335,329.8376,323.625,321.33212,321.19174,306.69525,274.30444,300.06763,292.98547,295.43665,297.5104,335.0263,-126433.02,9711.498,3302.5737,-83964.016,3100.0,1500.0,150392.9,3640.0164,21817.523,136761.64,30283.857,-13.073647,6016.366,66721.93,4845.8486
242,1985-03-06,320.5356,330.9433,323.66522,322.84308,272.3902,344.7665,329.16806,292.37625,302.36896,304.96387,251.63019,320.7729,329.2002,326.31366,342.12302,329.831,323.6151,321.32898,321.2003,306.73712,274.30444,300.06693,292.98566,295.43512,297.5081,335.02628,-126448.484,9483.574,3310.818,-83959.375,3100.0,1500.0,150373.22,3635.5664,21985.602,137230.27,30297.807,-13.12323,5984.6714,66717.92,4845.05
243,1985-03-13,320.58575,330.95398,323.6721,322.85095,272.3899,344.7765,329.1556,292.40927,302.36893,304.96872,251.63017,320.77097,329.2416,326.3541,342.1229,329.83536,323.60956,321.37793,321.2451,306.82587,274.30444,300.0662,292.9858,295.43854,297.50592,335.02628,-126975.94,9065.165,3308.3782,-83957.99,3100.0,1500.0,150053.69,3630.8635,22401.486,138832.88,30307.988,-13.2127,5995.496,66719.23,4844.1064
244,1985-03-20,320.59128,330.96436,323.68454,322.8639,272.38962,344.74472,329.1436,292.4665,302.36948,304.96805,251.63017,320.774,329.24924,326.36716,342.12332,329.84216,323.61304,321.37415,321.2477,306.77023,274.30444,300.06552,292.9859,295.4372,297.50467,335.02628,-127201.24,9329.47,3309.8884,-83958.805,3100.0,1500.0,150090.25,3626.3372,22175.326,138572.64,30295.568,-13.292839,5946.9473,66721.2,4842.876
245,1985-03-27,320.60223,330.96216,323.6885,322.8667,272.38934,344.71222,329.1323,292.67206,302.37045,304.96848,251.63019,320.7765,329.25504,326.35126,342.12366,329.84448,323.61578,321.372,321.24304,306.816,274.30444,300.06485,292.98596,295.43643,297.50354,335.02628,-127199.13,9071.586,3311.8599,-83962.625,3100.0,1500.0,150123.92,3621.966,22320.098,138668.77,30306.213,-13.423592,5865.6704,66725.984,4840.6797
246,1985-04-03,320.62735,330.9629,323.68912,322.86646,272.3891,344.73053,329.12186,292.855,302.37177,304.9694,251.63025,320.77737,329.2658,326.34555,342.12366,329.8422,323.617,321.39923,321.24777,306.8416,274.30447,300.06418,292.986,295.43848,297.50256,335.02628,-127237.7,8984.998,3308.727,-83969.055,3100.0,1500.0,150076.72,3617.7434,22473.754,138833.1,30303.094,-13.585564,5803.5557,66733.234,4837.2036
247,1985-04-10,320.64706,330.9707,323.69196,322.87027,272.38885,344.80176,329.11246,292.9553,302.37347,304.96918,251.63034,320.77838,329.27142,326.3711,342.12375,329.8482,323.61963,321.4195,321.26166,306.84375,274.30447,300.06354,292.986,295.44443,297.50217,335.02628,-127432.47,9000.881,3300.1355,-83978.83,3100.0,1500.0,149998.69,3613.84,22506.037,139185.27,30287.604,-13.773682,5790.1636,66744.07,4833.212
248,1985-04-17,320.65863,330.98816,323.70053,322.87927,272.38864,344.82043,329.1044,292.81445,302.37567,304.9686,251.63045,320.78113,329.29852,326.39267,342.12418,329.8635,323.62515,321.4432,321.28186,306.84647,274.30447,300.0629,292.9859,295.4449,297.5025,335.02628,-127752.36,9038.021,3300.3708,-83989.22,3100.0,1500.0,149745.33,3610.296,22554.291,139655.48,30282.727,-13.86322,5886.962,66746.766,4829.5684
249,1985-04-24,320.6898,331.0066,323.71133,322.8906,272.3885,344.82135,329.09796,292.863,302.3784,304.97028,251.63055,320.7858,329.31696,326.4114,342.12503,329.88257,323.63336,321.47043,321.3033,306.88705,274.30447,300.0623,292.9858,295.4441,297.5029,335.02628,-128124.125,8838.048,3303.7334,-83988.98,3100.0,1500.0,149628.94,3607.1382,22711.604,140334.08,30290.629,-13.92804,5788.879,66747.71,4826.7666
250,1985-05-01,320.72235,331.02142,323.7203,322.89993,272.38834,344.8666,329.09314,293.24216,302.38135,304.97217,251.63066,320.79153,329.3281,326.4281,342.1259,329.89777,323.64517,321.49487,321.3146,306.90924,274.30447,300.06168,292.98566,295.4482,297.50345,335.02628,-128379.86,8740.964,3292.2412,-84001.375,3100.0,1500.0,149559.23,3604.511,22806.885,140649.69,30279.09,-14.194908,5659.0967,66766.67,4824.176
251,1985-05-08,320.71365,331.02374,323.7225,322.90137,272.38824,344.93024,329.08987,293.43158,302.3845,304.96948,251.63078,320.7964,329.3128,326.40488,342.1265,329.90604,323.657,321.48288,321.29016,306.85553,274.30447,300.06107,292.98547,295.4537,297.50458,335.02628,-128192.51,9017.604,3280.4019,-84020.1,3100.0,1500.0,149699.52,3602.598,22572.15,139685.9,30252.037,-14.444054,5611.72,66784.01,4821.8506
252,1985-05-15,320.71664,331.0304,323.7223,322.90152,272.38815,344.9768,329.08817,293.36963,302.38794,304.96918,251.63087,320.79816,329.3325,326.4271,342.12674,329.91327,323.66187,321.49136,321.31137,306.8859,274.30447,300.06055,292.98526,295.45837,297.50604,335.02628,-128398.57,8880.767,3273.2056,-84037.84,3100.0,1500.0,149491.42,3601.1963,22686.3,140417.92,30246.186,-14.619652,5686.6035,66794.72,4820.2236
253,1985-05-22,320.73926,331.04218,323.73035,322.91043,272.38812,345.016,329.088,293.25613,302.3919,304.9713,251.63097,320.80203,329.34665,326.44458,342.12714,329.9268,323.6679,321.51248,321.33087,306.90884,274.30447,300.06,292.98502,295.4613,297.5078,335.02628,-128717.32,8776.26,3268.562,-84046.48,3100.0,1500.0,149420.97,3600.241,22782.516,140958.31,30243.018,-14.719467,5706.49,66800.34,4819.622
254,1985-05-29,320.76523,331.05524,323.73868,322.9191,272.38812,345.04068,329.08936,293.38956,302.3962,304.97348,251.63103,320.80728,329.36215,326.4606,342.12762,329.94043,323.67773,321.53384,321.34326,306.93073,274.30447,300.0596,292.98477,295.46558,297.5098,335.02628,-128974.836,8677.982,3257.5317,-84058.19,3100.0,1500.0,149292.25,3599.877,22874.338,141331.92,30233.45,-14.906296,5637.8853,66815.3,4819.5835
255,1985-06-05,320.7567,331.0554,323.7417,322.92114,272.38815,345.0607,329.09204,293.549,302.4006,304.9718,251.63109,320.8122,329.35138,326.43613,342.12817,329.94446,323.6886,321.52524,321.3234,306.88373,274.30447,300.05942,292.98447,295.46915,297.51212,335.02628,-128829.44,8921.214,3245.923,-84075.914,3100.0,1500.0,149431.86,3600.1833,22671.059,140484.12,30210.723,-15.117531,5589.034,66832.6,4819.628
256,1985-06-12,320.7617,331.0599,323.74036,322.92062,272.38824,345.07996,329.09583,293.5581,302.40506,304.9725,251.63113,320.81424,329.3573,326.4598,342.1283,329.94727,323.6939,321.52823,321.33862,306.91318,274.30447,300.05927,292.98416,295.4727,297.51437,335.02628,-128978.945,8754.305,3237.9124,-84092.47,3100.0,1500.0,149319.34,3600.937,22763.086,141094.47,30208.26,-15.270332,5611.9,66844.02,4819.676
257,1985-06-19,320.76547,331.06845,323.74506,322.92572,272.38834,345.09268,329.10052,293.38614,302.40958,304.97305,251.6312,320.8176,329.36258,326.46286,342.12857,329.9572,323.69904,321.53848,321.34424,306.89355,274.30447,300.05914,292.98383,295.47668,297.51666,335.02628,-129109.74,8840.046,3230.8293,-84103.664,3100.0,1500.0,149267.5,3602.0808,22711.387,141093.97,30196.615,-15.342728,5704.3037,66849.64,4819.663
258,1985-06-26,320.78854,331.07764,323.74966,322.93088,272.3885,345.10028,329.10593,293.36743,302.41403,304.97577,251.63124,320.82123,329.37445,326.4788,342.12894,329.96707,323.70486,321.55737,321.36023,306.94366,274.30447,300.05902,292.98352,295.48166,297.51898,335.02628,-129344.64,8637.188,3220.4988,-84110.445,3100.0,1500.0,149170.28,3603.5562,22897.79,141674.94,30192.947,-15.429817,5663.4004,66859.516,4819.467
259,1985-07-03,320.7955,331.08084,323.75354,322.9342,272.3887,345.10236,329.11194,293.5607,302.4183,304.97653,251.6313,320.82535,329.37363,326.46793,342.12933,329.97177,323.7132,321.56372,321.3512,306.92352,274.30447,300.05905,292.9832,295.48553,297.52164,335.02628,-129319.41,8759.88,3204.9412,-84128.055,3100.0,1500.0,149212.14,3605.3804,22821.158,141255.5,30172.988,-15.625664,5597.2153,66879.734,4819.0547
260,1985-07-10,320.78207,331.08023,323.75177,322.93265,272.38892,345.08826,329.11835,293.62637,302.4223,304.97534,251.63138,320.8276,329.36243,326.46863,342.12952,329.97363,323.7183,321.5511,321.34805,306.90024,274.30447,300.05927,292.98285,295.48688,297.52432,335.02628,-129275.2,8884.839,3197.5107,-84146.09,3100.0,1500.0,149269.11,3607.526,22695.338,141016.17,30161.139,-15.754509,5586.0195,66892.1,4818.544
261,1985-07-17,320.78555,331.08444,323.7522,322.9333,272.38916,345.09436,329.12497,293.3803,302.4261,304.97653,251.63144,320.82916,329.372,326.47693,342.12958,329.9751,323.7207,321.5576,321.35413,306.925,274.30447,300.0596,292.9825,295.48688,297.52664,335.02628,-129350.83,8768.6455,3197.046,-84156.445,3100.0,1500.0,149162.75,3609.7573,22788.904,141333.52,30168.611,-15.746887,5741.886,66890.88,4818.3135
262,1985-07-24,320.81042,331.09134,323.7569,322.93872,272.3894,345.09457,329.1316,293.25494,302.42972,304.9797,251.63148,320.8317,329.38382,326.49097,342.12976,329.98276,323.72366,321.57877,321.3731,306.9575,274.30447,300.05994,292.9822,295.49017,297.52866,335.02628,-129609.164,8611.273,3193.2153,-84152.766,3100.0,1500.0,149089.56,3612.016,22927.842,141929.28,30170.14,-15.710236,5708.8535,66890.29,4818.388
263,1985-07-31,320.83087,331.09848,323.76297,322.94504,272.3897,345.10452,329.1382,293.50406,302.43295,304.98224,251.63155,320.83572,329.39368,326.49896,342.13007,329.99146,323.72906,321.5963,321.38156,306.96454,274.30444,300.06033,292.9819,295.49533,297.53098,335.02628,-129792.9,8594.431,3174.9883,-84165.336,3100.0,1500.0,149039.94,3614.3684,22967.537,142105.78,30152.887,-15.889839,5622.75,66910.89,4818.54
264,1985-08-07,320.812,331.093,323.76144,322.94266,272.38998,345.12384,329.1447,293.48837,302.43576,304.98038,251.63159,320.83896,329.36417,326.4695,342.1303,329.99,323.73428,321.57275,321.34903,306.90726,274.30444,300.06082,292.98163,295.49478,297.5336,335.02628,-129468.43,8870.309,3169.2993,-84181.58,3100.0,1500.0,149271.12,3616.869,22698.875,140924.98,30140.178,-15.954933,5663.8374,66919.36,4818.705
265,1985-08-14,320.8115,331.0933,323.75815,322.93915,272.3903,345.1424,329.15118,293.28677,302.43826,304.98114,251.63164,320.83862,329.39,326.4886,342.13016,329.98596,323.73337,321.575,321.36386,306.94443,274.30444,300.06134,292.98138,295.49475,297.53568,335.02628,-129556.71,8687.018,3170.8086,-84185.69,3100.0,1500.0,149041.67,3619.2827,22835.69,141623.73,30151.1,-15.898277,5752.7896,66915.59,4818.882
266,1985-08-21,320.83148,331.09778,323.7654,322.94614,272.3906,345.15952,329.15768,293.2837,302.44052,304.98395,251.63167,320.84042,329.41016,326.4942,342.13022,329.99176,323.7356,321.59634,321.37894,306.9642,274.30444,300.06183,292.98117,295.4965,297.53745,335.02628,-129788.58,8606.467,3165.8157,-84184.664,3100.0,1500.0,148991.1,3621.571,22939.613,142045.98,30149.809,-15.895645,5704.3335,66918.59,4819.133
267,1985-08-28,320.84836,331.10376,323.77127,322.9522,272.39093,345.1715,329.1642,293.48123,302.4424,304.98596,251.6317,320.8437,329.4172,326.50635,342.1304,329.99823,323.74057,321.61212,321.38785,306.971,274.30444,300.0623,292.981,295.49954,297.5393,335.02628,-129968.62,8588.28,3153.1648,-84194.484,3100.0,1500.0,148962.9,3623.9177,22977.205,142254.05,30138.959,-16.0168,5634.665,66932.945,4820.0303
268,1985-09-04,320.83865,331.10178,323.76923,322.95032,272.39124,345.1742,329.17084,293.5749,302.44397,304.9849,251.63174,320.84656,329.37793,326.48706,342.13058,330.0004,323.74554,321.599,321.35928,306.93277,274.30444,300.0627,292.98083,295.49954,297.54126,335.02628,-129691.055,8777.528,3146.7776,-84207.42,3100.0,1500.0,149198.89,3626.384,22800.805,141268.8,30128.436,-16.102364,5608.662,66942.195,4819.9604
269,1985-09-11,320.83698,331.09845,323.764,322.94592,272.39154,345.1847,329.1775,293.537,302.44543,304.9857,251.63171,320.8465,329.38617,326.48962,342.13052,329.9971,323.74557,321.59766,321.37814,306.9539,274.30444,300.06317,292.98074,295.50232,297.5429,335.02628,-129805.336,8664.104,3141.2058,-84215.9,3100.0,1500.0,149090.89,3628.8135,22866.814,141837.06,30127.758,-16.14965,5649.3794,66946.79,4823.0835
270,1985-09-18,320.8425,331.0996,323.76495,322.94733,272.39185,345.19617,329.18423,293.3895,302.4469,304.9871,251.63167,320.84778,329.38248,326.49356,342.13043,329.99655,323.748,321.6058,321.37772,306.95554,274.30444,300.0637,292.98065,295.49976,297.54456,335.02628,-129833.71,8672.522,3142.4812,-84219.195,3100.0,1500.0,149108.66,3631.2134,22884.59,141801.58,30132.68,-16.121765,5709.2817,66944.51,4825.4043
271,1985-09-25,320.8538,331.104,323.76627,322.9495,272.39215,345.20575,329.19095,293.41086,302.44843,304.98853,251.63165,320.84927,329.38452,326.50436,342.13046,330.00095,323.75125,321.6189,321.39035,306.96973,274.3044,300.0642,292.98062,295.49857,297.5458,335.02628,-129987.66,8613.119,3142.7146,-84216.48,3100.0,1500.0,149062.67,3633.6465,22952.303,142142.95,30137.352,-16.107857,5660.532,66943.14,4826.7607
272,1985-10-02,320.83936,331.1046,323.76865,322.95187,272.39246,345.2163,329.1976,293.38947,302.44977,304.987,251.63162,320.85156,329.38605,326.5013,342.1306,330.00452,323.75577,321.6181,321.38788,306.92444,274.3044,300.06473,292.98062,295.498,297.54678,335.02628,-130005.33,8876.113,3141.6702,-84219.02,3100.0,1500.0,149079.83,3636.1553,22795.58,141763.7,30126.83,-16.11573,5715.3276,66943.65,4827.8076
273,1985-10-09,320.81528,331.096,323.76392,322.94632,272.39273,345.22656,329.20422,293.25815,302.45093,304.98492,251.6316,320.8524,329.35742,326.47464,342.13058,329.99734,323.75854,321.58936,321.35727,306.89694,274.3044,300.0652,292.98065,295.49887,297.54745,335.02628,-129647.54,8972.735,3143.0625,-84214.125,3100.0,1500.0,149285.86,3638.6853,22627.293,140869.31,30126.125,-16.042252,5738.3853,66938.24,4828.804
274,1985-10-16,320.81595,331.09564,323.75906,322.94208,272.393,345.236,329.21082,293.28,302.45178,304.98663,251.63158,320.85046,329.37048,326.49258,342.1303,329.99347,323.75647,321.59076,321.37518,306.93472,274.3044,300.06573,292.98074,295.49857,297.54803,335.02628,-129749.41,8775.49,3140.6255,-84213.68,3100.0,1500.0,149119.78,3641.078,22774.621,141615.27,30133.574,-16.04274,5730.3545,66940.18,4829.966
275,1985-10-23,320.79742,331.09457,323.759,322.942,272.39325,345.2447,329.21738,292.91238,302.45236,304.98514,251.63153,320.85043,329.35056,326.48138,342.13028,329.99237,323.75717,321.58408,321.3562,306.8823,274.3044,300.0663,292.98083,295.49615,297.54858,335.02628,-129568.125,9069.319,3146.662,-84210.97,3100.0,1500.0,149274.81,3643.5132,22595.773,140809.02,30131.844,-15.880287,5948.6484,66927.484,4831.555
276,1985-10-30,320.77576,331.0898,323.75342,322.93604,272.3935,345.2462,329.2239,292.3171,302.45258,304.98346,251.63147,320.8487,329.3428,326.46765,342.13016,329.98828,323.75507,321.55792,321.345,306.87027,274.3044,300.06686,292.981,295.48926,297.54858,335.02628,-129377.95,9085.389,3167.7896,-84186.99,3100.0,1500.0,149295.61,3645.9827,22499.46,140557.81,30156.928,-15.484245,6142.658,66896.13,4833.7783
277,1985-11-06,320.7625,331.07013,323.74603,322.92767,272.39368,345.20538,329.23038,292.40204,302.4521,304.98325,251.6314,320.8458,329.32294,326.43448,342.12988,329.97543,323.75064,321.5397,321.32675,306.8723,274.3044,300.0674,292.98114,295.4836,297.54773,335.02628,-129071.266,9043.598,3178.8184,-84159.83,3100.0,1500.0,149533.52,3648.3728,22491.246,140095.73,30172.65,-15.26915,5979.1577,66883.24,4836.312
278,1985-11-13,320.78757,331.06888,323.74304,322.9254,272.39383,345.14114,329.23663,292.8611,302.45047,304.98706,251.6313,320.8421,329.3498,326.46957,342.12912,329.9664,323.7445,321.56165,321.3551,306.93436,274.3044,300.06796,292.98135,295.4886,297.54657,335.02628,-129299.64,8732.813,3164.6545,-84157.57,3100.0,1500.0,149274.27,3650.638,22770.621,141258.17,30170.734,-15.347427,5830.268,66896.6,4838.725
279,1985-11-20,320.77917,331.07016,323.74527,322.92828,272.39395,345.11557,329.24237,292.48285,302.4479,304.98627,251.63121,320.84204,329.32095,326.45056,342.129,329.96628,323.74448,321.56772,321.34357,306.87613,274.3044,300.06848,292.98157,295.4846,297.54617,335.02628,-129226.28,9079.317,3169.0667,-84162.34,3100.0,1500.0,149500.86,3652.9502,22596.336,140473.02,30167.217,-15.170532,6118.0015,66885.07,4840.6104
280,1985-11-27,320.76865,331.05545,323.7375,322.92047,272.394,345.0848,329.24725,291.5188,302.44498,304.98505,251.63112,320.8405,329.30112,326.42337,342.12885,329.9589,323.7428,321.55145,321.3323,306.8776,274.3044,300.06897,292.9818,295.47244,297.5453,335.02628,-129017.01,9030.179,3204.9404,-84129.586,3100.0,1500.0,149664.14,3655.1553,22557.283,140170.98,30212.686,-14.554169,6476.3906,66833.57,4841.9946
281,1985-12-04,320.7354,331.03152,323.72626,322.90762,272.394,345.0533,329.2511,291.03406,302.44156,304.98126,251.63104,320.83646,329.27808,326.3985,342.1281,329.94092,323.73624,321.51102,321.28412,306.82175,274.3044,300.06934,292.9821,295.46112,297.54324,335.02628,-128391.98,9274.68,3237.2163,-84077.87,3100.0,1500.0,149886.48,3657.1323,22306.113,138873.62,30240.066,-13.976082,6552.7183,66789.48,4843.16
282,1985-12-11,320.7487,331.02545,323.721,322.9034,272.394,345.0143,329.25363,291.48767,302.43698,304.98383,251.63095,320.83026,329.30045,326.42618,342.12708,329.92947,323.72528,321.5246,321.32825,306.89984,274.3044,300.06964,292.9824,295.46268,297.5403,335.02628,-128701.336,8868.384,3236.52,-84043.19,3100.0,1500.0,149685.89,3658.586,22636.479,140449.97,30251.9,-13.805672,6233.3657,66786.14,4844.2104
283,1985-12-18,320.74582,331.02658,323.72467,322.90686,272.3939,344.98126,329.2546,291.91714,302.43088,304.984,251.63087,320.8288,329.29132,326.42902,342.12665,329.91907,323.72275,321.52243,321.30133,306.8523,274.3044,300.06995,292.9827,295.46198,297.53815,335.02628,-128509.49,9115.612,3225.0254,-84049.32,3100.0,1500.0,149786.02,3659.6282,22479.01,139611.44,30235.566,-13.845192,6195.7935,66798.914,4845.2397
284,1985-12-25,320.72394,331.0123,323.71793,322.89948,272.39374,344.9621,329.2539,291.33368,302.42398,304.9814,251.63078,320.82562,329.26178,326.39603,342.12637,329.9076,323.71927,321.5076,321.2823,306.83212,274.3044,300.0702,292.983,295.45474,297.53616,335.02628,-128198.31,9216.467,3246.504,-84038.055,3100.0,1500.0,150027.03,3660.289,22402.207,138969.9,30258.318,-13.440491,6500.057,66767.14,4846.4067
285,1986-01-01,320.68396,330.9962,323.7049,322.88684,272.3935,344.93344,329.25156,290.59372,302.417,304.9769,251.63069,320.82034,329.2284,326.37695,342.12576,329.89478,323.71265,321.47467,321.26465,306.77686,274.3044,300.0703,292.98334,295.44272,297.5335,335.02628,-127847.85,9473.652,3282.373,-83996.875,3100.0,1500.0,150192.97,3660.3748,22171.117,138262.84,30287.87,-12.839485,6748.3633,66718.12,4847.7324
286,1986-01-08,320.68567,330.99466,323.69647,322.8805,272.39325,344.89996,329.24765,290.69662,302.40982,304.97778,251.63058,320.81467,329.21744,326.39154,342.12518,329.89017,323.70337,321.47244,321.28366,306.83252,274.3044,300.0703,292.98367,295.4384,297.5298,335.02628,-127927.72,9158.291,3299.6724,-83951.016,3100.0,1500.0,150088.83,3659.705,22380.17,139098.55,30314.688,-12.500961,6521.7266,66695.984,4848.9116
287,1986-01-15,320.69272,330.99582,323.69882,322.87988,272.3929,344.86618,329.24225,291.4967,302.40198,304.9782,251.6305,320.81134,329.25543,326.36884,342.12524,329.8844,323.69766,321.48288,321.26266,306.82336,274.3044,300.07028,292.98398,295.4412,297.52637,335.02628,-127708.29,9230.116,3284.463,-83946.59,3100.0,1500.0,149871.67,3658.4595,22404.062,138617.5,30296.281,-12.637848,6224.9624,66715.9,4849.62
288,1986-01-22,320.62555,330.9859,323.6874,322.86713,272.39255,344.83163,329.23538,291.8967,302.3938,304.97034,251.63042,320.80597,329.184,326.3174,342.12537,329.86948,323.6887,321.41843,321.2081,306.69247,274.3044,300.07016,292.9843,295.4399,297.5237,335.02628,-126985.0,9849.536,3282.2578,-83959.03,3100.0,1500.0,150357.42,3656.9387,21840.451,136553.8,30268.646,-12.729965,6128.0166,66725.93,4849.613
289,1986-01-29,320.57156,330.96353,323.666,322.84647,272.39212,344.794,329.22684,292.02832,302.38614,304.96646,251.63036,320.79602,329.14508,326.2951,342.125,329.8515,323.66968,321.36395,321.19766,306.7006,274.3044,300.06985,292.98462,295.43738,297.52078,335.02628,-126564.56,9732.878,3291.1963,-83962.74,3100.0,1500.0,150542.17,3654.7349,21798.574,136452.47,30280.973,-12.750755,6100.739,66722.984,4849.0996
290,1986-02-05,320.53952,330.94632,323.6562,322.83716,272.39172,344.7663,329.2168,292.0896,302.3798,304.96484,251.63031,320.78665,329.15152,326.3034,342.12408,329.8358,323.6485,321.3432,321.1974,306.6909,274.3044,300.0694,292.98492,295.43625,297.51755,335.02628,-126419.33,9773.599,3298.2793,-83960.375,3100.0,1500.0,150505.6,3651.8005,21783.309,136595.22,30283.375,-12.78463,6088.905,66718.71,4848.331
291,1986-02-12,320.5991,330.95657,323.66644,322.8474,272.3913,344.75665,329.20557,292.23645,302.37503,304.97226,251.63028,320.78125,329.22913,326.36066,342.12335,329.83856,323.63358,321.3956,321.25305,306.8387,274.3044,300.06888,292.9852,295.43985,297.51447,335.02628,-127056.1,9021.987,3294.331,-83957.76,3100.0,1500.0,150007.69,3648.1047,22416.246,138961.94,30306.77,-12.893501,6015.7344,66721.664,4847.4536
292,1986-02-19,320.58664,330.96042,323.67575,322.85495,272.39093,344.74893,329.1937,292.36838,302.37173,304.9692,251.63025,320.7818,329.19397,326.32764,342.12347,329.84515,323.63214,321.3793,321.20062,306.71848,274.30444,300.06836,292.98544,295.4389,297.5125,335.02628,-126661.55,9647.944,3291.7769,-83964.67,3100.0,1500.0,150416.6,3644.2695,21975.975,136918.14,30278.934,-13.043182,5997.4478,66728.19,4846.6064
293,1986-02-26,320.54123,330.9502,323.66776,322.84586,272.39056,344.74222,329.18134,292.33423,302.36978,304.9637,251.63022,320.7774,329.19446,326.3183,342.12335,329.8376,323.625,321.33212,321.19174,306.69528,274.30444,300.06778,292.98566,295.43674,297.51053,335.02628,-126433.15,9711.422,3302.109,-83964.58,3100.0,1500.0,150392.89,3640.2896,21817.47,136761.78,30283.64,-13.074982,6016.3945,66722.336,4845.836
294,1986-03-05,320.53564,330.9433,323.66525,322.84308,272.39023,344.76788,329.1688,292.37634,302.36896,304.96396,251.63019,320.7729,329.2002,326.31366,342.12302,329.831,323.6151,321.32898,321.2003,306.73718,274.30444,300.06708,292.98584,295.4352,297.5082,335.02628,-126448.664,9483.536,3310.2375,-83959.73,3100.0,1500.0,150373.19,3635.8376,21985.547,137230.42,30297.592,-13.124649,5984.7007,66718.32,4845.035
295,1986-03-12,320.5858,330.954,323.6721,322.85098,272.38992,344.77786,329.1563,292.40933,302.36896,304.96878,251.63017,320.771,329.24164,326.3541,342.1229,329.83536,323.60956,321.37793,321.2451,306.82593,274.30444,300.06635,292.986,295.4386,297.50604,335.02628,-126976.03,9065.05,3308.03,-83958.51,3100.0,1500.0,150053.66,3631.1326,22401.436,138833.02,30307.777,-13.213905,5995.5244,66719.625,4844.0938
296,1986-03-19,320.5913,330.96436,323.68454,322.8639,272.38965,344.74606,329.14432,292.46655,302.3695,304.96814,251.63016,320.774,329.24924,326.3672,342.12335,329.84216,323.61307,321.37418,321.2477,306.77026,274.30444,300.06567,292.98608,295.43726,297.5048,335.02628,-127201.29,9329.353,3309.5398,-83959.26,3100.0,1500.0,150090.22,3626.604,22175.273,138572.8,30295.363,-13.294136,5946.975,66721.59,4842.863
297,1986-03-26,320.60226,330.96216,323.6885,322.8667,272.38937,344.71356,329.13303,292.67212,302.37048,304.96857,251.63019,320.77652,329.25504,326.3513,342.12366,329.84448,323.6158,321.372,321.24307,306.81607,274.30444,300.065,292.98615,295.43652,297.50363,335.02628,-127199.3,9071.586,3311.048,-83963.01,3100.0,1500.0,150123.9,3622.2312,22320.045,138668.9,30306.01,-13.4249115,5865.6973,66726.375,4840.668
298,1986-04-02,320.62738,330.9629,323.68912,322.86646,272.38913,344.73187,329.1226,292.8551,302.3718,304.96948,251.63025,320.7774,329.2658,326.34555,342.12366,329.8422,323.61703,321.39926,321.24777,306.84164,274.30444,300.0643,292.98618,295.43854,297.5027,335.02628,-127237.83,8984.961,3308.38,-83969.51,3100.0,1500.0,150076.72,3618.0068,22473.703,138833.23,30302.895,-13.586746,5803.5825,66733.61,4837.191
299,1986-04-09,320.6471,330.9707,323.69196,322.87027,272.38892,344.8031,329.11316,292.95535,302.3735,304.96927,251.63034,320.7784,329.27142,326.3711,342.12375,329.8482,323.61966,321.4195,321.26166,306.84378,274.30444,300.06366,292.98615,295.4445,297.5023,335.02628,-127432.516,9000.842,3300.0193,-83979.26,3100.0,1500.0,149998.66,3614.1023,22505.986,139185.38,30287.408,-13.7749405,5790.1895,66744.44,4833.199
300,1986-04-16,320.65863,330.98816,323.70053,322.87927,272.3887,344.82178,329.1051,292.8145,302.3757,304.96866,251.63045,320.78113,329.29852,326.3927,342.12418,329.8635,323.62515,321.44324,321.2819,306.8465,274.30444,300.06305,292.98608,295.44495,297.50262,335.02628,-127752.43,9037.866,3299.906,-83989.44,3100.0,1500.0,149745.31,3610.557,22554.238,139655.58,30282.533,-13.864235,5886.9873,66747.13,4829.5557
301,1986-04-23,320.6898,331.0066,323.71133,322.8906,272.38852,344.82266,329.09866,292.86307,302.37842,304.97037,251.63055,320.7858,329.31696,326.4114,342.12503,329.88257,323.63336,321.47043,321.3033,306.88712,274.30444,300.0624,292.986,295.44418,297.503,335.02628,-128124.266,8837.933,3303.502,-83989.32,3100.0,1500.0,149628.94,3607.3977,22711.555,140334.19,30290.44,-13.929161,5788.905,66748.08,4826.755
302,1986-04-30,320.72238,331.02142,323.7203,322.89993,272.3884,344.86792,329.09384,293.24222,302.38138,304.97223,251.63066,320.79156,329.3281,326.4281,342.1259,329.89777,323.64517,321.4949,321.3146,306.90927,274.30444,300.0618,292.98584,295.44827,297.50354,335.02628,-128379.88,8740.809,3292.1255,-84001.71,3100.0,1500.0,149559.22,3604.7695,22806.834,140649.78,30278.904,-14.196091,5659.1206,66767.02,4824.163
303,1986-05-07,320.71365,331.02374,323.7225,322.90137,272.38828,344.93155,329.09058,293.4316,302.38452,304.96957,251.63077,320.79642,329.3128,326.40488,342.1265,329.90604,323.657,321.48288,321.2902,306.85556,274.30444,300.06122,292.98566,295.45377,297.50467,335.02628,-128192.65,9017.604,3279.938,-84020.27,3100.0,1500.0,149699.48,3602.856,22572.102,139686.02,30251.855,-14.445,5611.745,66784.36,4821.839
304,1986-05-14,320.71667,331.0304,323.7223,322.90152,272.38818,344.9781,329.08887,293.3697,302.38797,304.96927,251.63087,320.79816,329.3325,326.4271,342.12674,329.91327,323.66187,321.49136,321.31137,306.88593,274.30444,300.06067,292.98544,295.45847,297.50616,335.02628,-128398.69,8880.651,3272.9722,-84038.1,3100.0,1500.0,149491.39,3601.4531,22686.254,140418.03,30246.008,-14.62072,5686.63,66795.07,4820.212
305,1986-05-21,320.7393,331.04218,323.73038,322.91043,272.38815,345.01727,329.0887,293.2562,302.39194,304.9714,251.63095,320.80203,329.34665,326.44458,342.12714,329.9268,323.6679,321.5125,321.33087,306.90887,274.30444,300.06012,292.9852,295.4614,297.5079,335.02628,-128717.41,8776.106,3268.0977,-84046.98,3100.0,1500.0,149420.95,3600.4968,22782.467,140958.44,30242.84,-14.720467,5706.5137,66800.68,4819.611
306,1986-05-28,320.76523,331.05524,323.73868,322.9191,272.38815,345.04193,329.09006,293.38962,302.3962,304.97354,251.63101,320.8073,329.36215,326.4606,342.12762,329.94043,323.67773,321.53384,321.34326,306.93076,274.30447,300.05972,292.98492,295.46564,297.5099,335.02628,-128974.91,8677.868,3256.9517,-84058.625,3100.0,1500.0,149292.23,3600.1318,22874.291,141332.0,30233.271,-14.907333,5637.909,66815.64,4819.5723
307,1986-06-04,320.7567,331.05542,323.7417,322.92114,272.38818,345.06195,329.09274,293.54907,302.40063,304.9719,251.63107,320.8122,329.35138,326.43613,342.12817,329.94446,323.6886,321.52527,321.3234,306.88376,274.30447,300.05954,292.98462,295.4692,297.5122,335.02628,-128829.53,8921.177,3245.343,-84076.47,3100.0,1500.0,149431.84,3600.4377,22671.01,140484.23,30210.553,-15.118607,5589.0586,66832.93,4819.617
308,1986-06-11,320.7617,331.0599,323.74036,322.92062,272.38828,345.0812,329.09653,293.55814,302.4051,304.9726,251.63113,320.81424,329.3573,326.4598,342.1283,329.94727,323.6939,321.52823,321.33862,306.9132,274.30444,300.0594,292.9843,295.47275,297.51447,335.02628,-128979.01,8754.109,3237.4475,-84092.94,3100.0,1500.0,149319.33,3601.1904,22763.04,141094.55,30208.096,-15.271393,5611.9224,66844.34,4819.664
309,1986-06-18,320.76547,331.06845,323.74506,322.92572,272.3884,345.09393,329.1012,293.3862,302.40958,304.97314,251.63118,320.8176,329.36258,326.4629,342.12857,329.9572,323.69904,321.5385,321.34424,306.89362,274.30444,300.05927,292.984,295.47675,297.51675,335.02628,-129109.766,8840.009,3230.365,-84104.055,3100.0,1500.0,149267.48,3602.3328,22711.342,141094.06,30196.453,-15.343819,5704.326,66849.98,4819.6514
310,1986-06-25,320.78854,331.07764,323.7497,322.93088,272.38855,345.10153,329.10663,293.3675,302.41406,304.97583,251.63124,320.82123,329.37445,326.4788,342.12894,329.96707,323.70486,321.55737,321.36023,306.9437,274.30444,300.05914,292.98367,295.48172,297.51907,335.02628,-129344.72,8637.11,3219.9177,-84110.81,3100.0,1500.0,149170.27,3603.8079,22897.746,141675.05,30192.787,-15.43084,5663.4224,66859.836,4819.456
311,1986-07-02,320.7955,331.08084,323.75354,322.9342,272.38873,345.1036,329.1126,293.56076,302.41833,304.9766,251.6313,320.82535,329.37363,326.46793,342.12933,329.97177,323.7132,321.56375,321.3512,306.92355,274.30444,300.05917,292.98334,295.4856,297.52173,335.02628,-129319.48,8759.804,3204.825,-84128.195,3100.0,1500.0,149212.16,3605.6318,22821.113,141255.6,30172.832,-15.626556,5597.2373,66880.055,4819.044
312,1986-07-09,320.78207,331.08023,323.75177,322.93265,272.38895,345.0895,329.11905,293.62643,302.4223,304.97543,251.63136,320.8276,329.36243,326.46863,342.12952,329.97363,323.7183,321.5511,321.34805,306.90027,274.30444,300.0594,292.983,295.48694,297.5244,335.02628,-129275.23,8884.762,3197.162,-84146.36,3100.0,1500.0,149269.11,3607.7778,22695.295,141016.27,30160.982,-15.755447,5586.0396,66892.41,4818.533
313,1986-07-16,320.78558,331.08444,323.7522,322.93332,272.3892,345.0956,329.12564,293.38034,302.42612,304.97662,251.63142,320.82916,329.372,326.47693,342.12958,329.9751,323.7207,321.5576,321.35413,306.92502,274.30444,300.0597,292.98267,295.48694,297.52673,335.02628,-129350.85,8768.53,3196.6978,-84156.7,3100.0,1500.0,149162.73,3610.009,22788.865,141333.6,30168.457,-15.747734,5741.907,66891.18,4818.303
314,1986-07-23,320.81046,331.09134,323.7569,322.93872,272.38943,345.0958,329.1323,293.255,302.42972,304.9798,251.63148,320.8317,329.38382,326.49097,342.12976,329.98276,323.72366,321.57877,321.3731,306.95752,274.30444,300.06003,292.98236,295.49023,297.52872,335.02628,-129609.164,8611.195,3192.983,-84153.17,3100.0,1500.0,149089.56,3612.2673,22927.8,141929.36,30169.988,-15.711212,5708.873,66890.586,4818.3774
315,1986-07-30,320.8309,331.09848,323.76297,322.94504,272.38974,345.10574,329.1389,293.50412,302.43298,304.98233,251.63153,320.83572,329.39368,326.49896,342.13007,329.99146,323.72906,321.5963,321.38156,306.96457,274.30444,300.06046,292.98206,295.4954,297.53107,335.02628,-129792.97,8594.431,3174.6396,-84165.695,3100.0,1500.0,149039.92,3614.6191,22967.496,142105.86,30152.738,-15.890556,5622.7705,66911.19,4818.5293
316,1986-08-06,320.81204,331.093,323.76144,322.94266,272.39005,345.12506,329.14542,293.48843,302.43576,304.98047,251.63158,320.83896,329.36417,326.46954,342.1303,329.99,323.73428,321.57275,321.34903,306.90726,274.30444,300.06094,292.98178,295.49484,297.5337,335.02628,-129468.5,8870.191,3168.9507,-84181.875,3100.0,1500.0,149271.11,3617.1196,22698.834,140925.06,30140.033,-15.955864,5663.857,66919.66,4818.6943
317,1986-08-13,320.8115,331.0933,323.75815,322.93915,272.39032,345.14362,329.1519,293.2868,302.43826,304.9812,251.63162,320.83862,329.39,326.4886,342.13016,329.98596,323.73337,321.575,321.36386,306.94446,274.30444,300.06146,292.98154,295.4948,297.53577,335.02628,-129556.76,8686.979,3170.2275,-84185.98,3100.0,1500.0,149041.66,3619.5322,22835.648,141623.81,30150.957,-15.899216,5752.8096,66915.88,4818.872
318,1986-08-20,320.83148,331.09778,323.7654,322.94614,272.39066,345.1607,329.15836,293.28372,302.44052,304.98404,251.63167,320.84042,329.41016,326.4942,342.13022,329.99176,323.7356,321.59634,321.37894,306.96423,274.30444,300.06192,292.98132,295.49655,297.5375,335.02628,-129788.58,8606.467,3165.1208,-84185.09,3100.0,1500.0,148991.06,3621.8203,22939.572,142046.06,30149.668,-15.8965,5704.354,66918.875,4819.1216
319,1986-08-27,320.8484,331.10376,323.77127,322.9522,272.39096,345.1727,329.1649,293.48126,302.4424,304.98602,251.6317,320.8437,329.4172,326.50635,342.1304,329.99826,323.74057,321.61212,321.38785,306.97104,274.30444,300.06238,292.98114,295.4996,297.53937,335.02628,-129968.65,8588.126,3152.5837,-84194.84,3100.0,1500.0,148962.89,3624.1665,22977.168,142254.12,30138.822,-16.017784,5634.6836,66933.23,4820.02
320,1986-09-03,320.83865,331.1018,323.76923,322.95032,272.39127,345.17538,329.1715,293.57495,302.444,304.985,251.63173,320.84656,329.37793,326.48706,342.13058,330.0004,323.74554,321.599,321.35928,306.9328,274.3044,300.06284,292.981,295.4996,297.54135,335.02628,-129691.1,8777.49,3146.5461,-84207.81,3100.0,1500.0,149198.86,3626.6318,22800.768,141268.88,30128.299,-16.103195,5608.68,66942.45,4819.9507
321,1986-09-10,320.83698,331.09845,323.764,322.94592,272.39157,345.18588,329.17816,293.53702,302.44543,304.98578,251.63171,320.8465,329.38617,326.48962,342.13052,329.9971,323.74557,321.5977,321.37814,306.95392,274.3044,300.06326,292.98087,295.50238,297.543,335.02628,-129805.37,8664.064,3140.9734,-84216.29,3100.0,1500.0,149090.88,3629.061,22866.773,141837.14,30127.621,-16.150497,5649.3975,66947.055,4823.073
322,1986-09-17,320.8425,331.0996,323.76495,322.94733,272.39188,345.19736,329.18494,293.38953,302.44693,304.98715,251.63167,320.84778,329.38248,326.49356,342.13043,329.99655,323.748,321.60583,321.37772,306.95557,274.3044,300.06378,292.9808,295.49982,297.54465,335.02628,-129833.78,8672.408,3142.1326,-84219.484,3100.0,1500.0,149108.64,3631.4622,22884.553,141801.66,30132.55,-16.12268,5709.2993,66944.77,4825.394
323,1986-09-24,320.8538,331.104,323.76627,322.9495,272.39218,345.2069,329.19162,293.4109,302.44843,304.9886,251.63164,320.84927,329.38452,326.50436,342.13046,330.00095,323.75128,321.6189,321.39035,306.96976,274.3044,300.0643,292.98074,295.4986,297.54587,335.02628,-129987.68,8613.119,3142.4822,-84216.805,3100.0,1500.0,149062.66,3633.8955,22952.264,142143.03,30137.225,-16.10868,5660.5493,66943.4,4826.751
324,1986-10-01,320.8394,331.1046,323.76865,322.95187,272.3925,345.2175,329.19827,293.3895,302.4498,304.9871,251.63162,320.85156,329.38605,326.5013,342.1306,330.00452,323.75577,321.6181,321.38788,306.92444,274.3044,300.06482,292.98074,295.49805,297.54688,335.02628,-130005.4,8876.075,3141.0896,-84219.32,3100.0,1500.0,149079.8,3636.4033,22795.547,141763.78,30126.703,-16.116447,5715.3447,66943.914,4827.798
325,1986-10-08,320.8153,331.096,323.76392,322.94632,272.39276,345.22775,329.2049,293.25818,302.45093,304.98502,251.6316,320.8524,329.35742,326.47464,342.13058,329.99734,323.75854,321.58936,321.3573,306.89697,274.3044,300.06528,292.98077,295.49893,297.54755,335.02628,-129647.6,8972.545,3142.5981,-84214.37,3100.0,1500.0,149285.83,3638.932,22627.26,140869.36,30125.996,-16.043114,5738.403,66938.5,4828.794
326,1986-10-15,320.81595,331.09564,323.75906,322.94208,272.39304,345.23715,329.21146,293.28006,302.4518,304.98672,251.63158,320.85046,329.37048,326.49258,342.1303,329.9935,323.75647,321.5908,321.37518,306.93475,274.3044,300.06583,292.98087,295.49863,297.54813,335.02628,-129749.42,8775.413,3140.394,-84214.0,3100.0,1500.0,149119.78,3641.3225,22774.582,141615.31,30133.451,-16.043526,5730.372,66940.44,4829.9556
327,1986-10-22,320.79745,331.09457,323.759,322.942,272.39328,345.24585,329.21805,292.91245,302.4524,304.98523,251.63153,320.85043,329.35056,326.48138,342.13028,329.99237,323.75717,321.58408,321.3562,306.88232,274.3044,300.0664,292.98096,295.4962,297.54868,335.02628,-129568.125,9069.281,3146.1973,-84211.2,3100.0,1500.0,149274.8,3643.7563,22595.74,140809.08,30131.727,-15.88105,5948.6655,66927.74,4831.546
328,1986-10-29,320.7758,331.0898,323.75345,322.93604,272.3935,345.24734,329.22458,292.31717,302.4526,304.98352,251.63147,320.8487,329.3428,326.46768,342.13016,329.98828,323.75507,321.55795,321.345,306.8703,274.3044,300.06696,292.9811,295.4893,297.54865,335.02628,-129378.0,9085.312,3167.441,-84187.18,3100.0,1500.0,149295.61,3646.2256,22499.428,140557.89,30156.809,-15.485016,6142.675,66896.37,4833.7686
329,1986-11-05,320.7625,331.07013,323.74603,322.92767,272.3937,345.2065,329.23105,292.40207,302.45212,304.98334,251.63138,320.8458,329.32294,326.43448,342.12988,329.97543,323.75067,321.5397,321.32675,306.87234,274.3044,300.0675,292.98126,295.48364,297.5478,335.02628,-129071.34,9043.559,3178.7021,-84160.06,3100.0,1500.0,149533.5,3648.6152,22491.21,140095.8,30172.537,-15.269905,5979.1724,66883.48,4836.3027
330,1986-11-12,320.78757,331.06888,323.74304,322.9254,272.39386,345.1423,329.2373,292.86115,302.4505,304.98715,251.63129,320.8421,329.3498,326.46957,342.12912,329.9664,323.74454,321.56165,321.3551,306.9344,274.3044,300.06802,292.98148,295.48862,297.54663,335.02628,-129299.69,8732.735,3164.6545,-84158.0,3100.0,1500.0,149274.25,3650.8787,22770.586,141258.22,30170.621,-15.34816,5830.284,66896.836,4838.716
331,1986-11-19,320.7792,331.07016,323.74527,322.92828,272.39398,345.1167,329.243,292.48288,302.4479,304.98636,251.6312,320.84204,329.32095,326.45056,342.129,329.96628,323.74448,321.56772,321.34357,306.87616,274.3044,300.06857,292.9817,295.48465,297.54623,335.02628,-129226.305,9079.317,3168.719,-84162.72,3100.0,1500.0,149500.84,3653.1895,22596.299,140473.06,30167.105,-15.171333,6118.0166,66885.29,4840.6016
332,1986-11-26,320.76865,331.05545,323.7375,322.92047,272.394,345.08594,329.2479,291.51883,302.44498,304.98514,251.63112,320.8405,329.30112,326.42337,342.12885,329.9589,323.74283,321.55145,321.3323,306.8776,274.3044,300.06903,292.98193,295.47247,297.54535,335.02628,-129017.02,9030.179,3204.4766,-84129.79,3100.0,1500.0,149664.14,3655.3936,22557.252,140171.03,30212.576,-14.554802,6476.4062,66833.805,4841.986
333,1986-12-03,320.73544,331.03152,323.72626,322.90762,272.39404,345.05444,329.25174,291.0341,302.4416,304.98132,251.63103,320.83646,329.27808,326.3985,342.1281,329.94092,323.73624,321.51105,321.28412,306.82178,274.3044,300.06943,292.9822,295.46115,297.5433,335.02628,-128391.98,9274.603,3236.8667,-84078.08,3100.0,1500.0,149886.47,3657.369,22306.078,138873.67,30239.959,-13.976791,6552.7334,66789.7,4843.1504
334,1986-12-10,320.7487,331.02548,323.721,322.9034,272.394,345.01544,329.25427,291.48773,302.43698,304.9839,251.63095,320.83026,329.30045,326.42618,342.12708,329.92947,323.72528,321.5246,321.32825,306.89984,274.3044,300.0697,292.98248,295.4627,297.54037,335.02628,-128701.336,8868.384,3236.1724,-84043.375,3100.0,1500.0,149685.88,3658.8213,22636.447,140450.03,30251.795,-13.806358,6233.3804,66786.36,4844.202
335,1986-12-17,320.74585,331.02658,323.72467,322.90686,272.39392,344.9824,329.25525,291.91718,302.43088,304.9841,251.63087,320.8288,329.29132,326.42902,342.12665,329.91907,323.72275,321.52246,321.30133,306.8523,274.3044,300.07004,292.9828,295.462,297.5382,335.02628,-128509.52,9115.573,3224.6777,-84049.63,3100.0,1500.0,149786.02,3659.8616,22478.98,139611.5,30235.459,-13.845886,6195.8086,66799.13,4845.231
336,1986-12-24,320.72394,331.0123,323.71793,322.89948,272.39377,344.96323,329.25455,291.3337,302.42398,304.98148,251.63078,320.82562,329.26178,326.39603,342.12637,329.9076,323.71927,321.50763,321.2823,306.83215,274.3044,300.07028,292.98312,295.45477,297.53622,335.02628,-128198.336,9216.39,3246.1558,-84038.32,3100.0,1500.0,150027.03,3660.5212,22402.174,138969.95,30258.215,-13.441132,6500.072,66767.35,4846.3984
337,1986-12-31,320.68396,330.9962,323.7049,322.88684,272.39352,344.93457,329.25217,290.59375,302.41702,304.97696,251.63068,320.82034,329.2284,326.37695,342.12576,329.89478,323.71265,321.47467,321.26465,306.77686,274.3044,300.07037,292.98343,295.44275,297.53357,335.02628,-127847.9,9473.575,3282.1416,-83997.31,3100.0,1500.0,150192.97,3660.605,22171.086,138262.89,30287.766,-12.8400955,6748.377,66718.33,4847.7236
338,1987-01-07,320.6857,330.99466,323.69647,322.8805,272.39325,344.9011,329.24826,290.69666,302.40982,304.97787,251.63058,320.81467,329.21744,326.39154,342.12518,329.89017,323.70337,321.47247,321.28366,306.83255,274.3044,300.07037,292.98376,295.43842,297.52985,335.02628,-127927.8,9158.291,3299.44,-83951.31,3100.0,1500.0,150088.83,3659.9336,22380.145,139098.6,30314.586,-12.501579,6521.74,66696.195,4848.903
339,1987-01-14,320.69275,330.99582,323.69882,322.87988,272.39294,344.8673,329.24286,291.49673,302.40198,304.97827,251.6305,320.81134,329.25543,326.36884,342.12524,329.8844,323.69766,321.48288,321.26266,306.8234,274.3044,300.07034,292.9841,295.44122,297.52643,335.02628,-127708.29,9230.0,3284.463,-83946.74,3100.0,1500.0,149871.64,3658.6865,22404.04,138617.56,30296.182,-12.638481,6224.9756,66716.11,4849.6123
340,1987-01-21,320.62555,330.9859,323.6874,322.86713,272.39258,344.83273,329.23596,291.89673,302.3938,304.97043,251.63042,320.80597,329.184,326.3174,342.12537,329.86948,323.6887,321.41843,321.2081,306.6925,274.3044,300.07022,292.9844,295.43997,297.52377,335.02628,-126985.0,9849.497,3281.9092,-83959.234,3100.0,1500.0,150357.42,3657.163,21840.422,136553.83,30268.553,-12.730583,6128.03,66726.13,4849.6045
341,1987-01-28,320.57156,330.96353,323.666,322.84647,272.39215,344.7951,329.22745,292.02835,302.38617,304.96652,251.63036,320.79602,329.14508,326.2951,342.125,329.8515,323.66968,321.36395,321.19766,306.70062,274.3044,300.06992,292.9847,295.4374,297.5208,335.02628,-126564.586,9732.878,3290.9648,-83962.95,3100.0,1500.0,150542.17,3654.9563,21798.547,136452.52,30280.879,-12.751305,6100.7524,66723.19,4849.092
342,1987-02-04,320.53952,330.94632,323.6562,322.83716,272.39172,344.7674,329.21738,292.08963,302.37982,304.9649,251.63031,320.78665,329.15152,326.3034,342.12408,329.8358,323.6485,321.34323,321.1974,306.69092,274.3044,300.06946,292.98502,295.4363,297.5176,335.02628,-126419.36,9773.56,3297.6982,-83960.58,3100.0,1500.0,150505.58,3652.0195,21783.281,136595.27,30283.283,-12.785187,6088.918,66718.91,4848.3228
343,1987-02-11,320.5991,330.95657,323.66644,322.84744,272.39133,344.75772,329.20615,292.23648,302.37503,304.97232,251.63028,320.78125,329.22913,326.3607,342.12335,329.83856,323.63358,321.3956,321.25305,306.83875,274.3044,300.06894,292.9853,295.43988,297.51453,335.02628,-127056.125,9021.987,3293.9824,-83957.95,3100.0,1500.0,150007.69,3648.3213,22416.219,138961.98,30306.674,-12.8940735,6015.747,66721.86,4847.446
344,1987-02-18,320.58667,330.96042,323.67578,322.85495,272.39096,344.75,329.19424,292.3684,302.37173,304.96927,251.63023,320.7818,329.19397,326.32764,342.12347,329.84515,323.63214,321.3793,321.20062,306.7185,274.3044,300.06842,292.98553,295.43893,297.51257,335.02628,-126661.55,9647.944,3291.4297,-83964.94,3100.0,1500.0,150416.6,3644.483,21975.951,136918.17,30278.844,-13.043777,5997.4604,66728.38,4846.5986
345,1987-02-25,320.54123,330.9502,323.66776,322.84586,272.3906,344.7433,329.1819,292.33426,302.36978,304.9638,251.6302,320.7774,329.19446,326.3183,342.12335,329.8376,323.62503,321.33215,321.19174,306.6953,274.3044,300.06784,292.98575,295.43677,297.5106,335.02628,-126433.15,9711.422,3301.8765,-83964.68,3100.0,1500.0,150392.88,3640.5005,21817.445,136761.83,30283.553,-13.075516,6016.4067,66722.53,4845.8276
346,1987-03-04,320.53564,330.9433,323.66525,322.84308,272.39026,344.76895,329.16934,292.37637,302.369,304.96402,251.63019,320.7729,329.2002,326.31366,342.12302,329.831,323.6151,321.32898,321.2003,306.73718,274.3044,300.06714,292.98593,295.43524,297.50824,335.02628,-126448.664,9483.536,3310.006,-83959.98,3100.0,1500.0,150373.17,3636.0466,21985.521,137230.48,30297.506,-13.12516,5984.713,66718.5,4845.0273
347,1987-03-11,320.5858,330.954,323.6721,322.85098,272.38995,344.77893,329.1569,292.40936,302.36896,304.96887,251.63016,320.771,329.24164,326.3541,342.1229,329.83536,323.60956,321.37796,321.2451,306.82593,274.3044,300.0664,292.98608,295.43866,297.5061,335.02628,-126976.03,9065.05,3307.9138,-83958.65,3100.0,1500.0,150053.66,3631.339,22401.408,138833.06,30307.691,-13.214531,5995.5366,66719.81,4844.085
348,1987-03-18,320.5913,330.96436,323.68454,322.8639,272.38968,344.74713,329.14487,292.46658,302.3695,304.9682,251.63016,320.77402,329.24924,326.3672,342.12335,329.84216,323.61307,321.37418,321.2477,306.7703,274.30444,300.06573,292.98618,295.4373,297.50485,335.02628,-127201.33,9329.353,3309.3079,-83959.39,3100.0,1500.0,150090.22,3626.8096,22175.246,138572.83,30295.28,-13.294731,5946.9863,66721.766,4842.8555
349,1987-03-25,320.60226,330.96216,323.6885,322.8667,272.3894,344.7146,329.13358,292.67215,302.37048,304.96863,251.63017,320.77652,329.25504,326.3513,342.12366,329.84448,323.6158,321.372,321.24307,306.81607,274.30444,300.06506,292.98624,295.43655,297.5037,335.02628,-127199.3,9071.547,3310.932,-83963.164,3100.0,1500.0,150123.89,3622.4346,22320.021,138668.95,30305.924,-13.425392,5865.709,66726.55,4840.6597
350,1987-04-01,320.62738,330.9629,323.68912,322.86646,272.38916,344.73294,329.12314,292.85513,302.3718,304.96954,251.63023,320.7774,329.2658,326.34555,342.12366,329.8422,323.61703,321.39926,321.2478,306.84164,274.30444,300.06436,292.98627,295.43857,297.50275,335.02628,-127237.86,8984.922,3308.1475,-83969.66,3100.0,1500.0,150076.7,3618.2095,22473.678,138833.28,30302.812,-13.587326,5803.5938,66733.78,4837.183
351,1987-04-08,320.6471,330.9707,323.69196,322.87027,272.38892,344.80414,329.1137,292.95538,302.3735,304.96933,251.63034,320.7784,329.27142,326.3711,342.12375,329.8482,323.61966,321.41953,321.26166,306.84378,274.30444,300.06372,292.98624,295.44452,297.50232,335.02628,-127432.55,9000.765,3299.7869,-83979.445,3100.0,1500.0,149998.66,3614.3032,22505.96,139185.4,30287.328,-13.775429,5790.201,66744.6,4833.1914
352,1987-04-15,320.65866,330.98816,323.70053,322.87927,272.38873,344.82278,329.10565,292.81454,302.3757,304.96872,251.63045,320.78113,329.29852,326.3927,342.12418,329.8635,323.62515,321.44324,321.2819,306.84653,274.30444,300.0631,292.98618,295.44498,297.50266,335.02628,-127752.43,9037.866,3299.6736,-83989.57,3100.0,1500.0,149745.31,3610.7568,22554.215,139655.62,30282.457,-13.864891,5886.998,66747.31,4829.549
353,1987-04-22,320.68982,331.0066,323.71133,322.8906,272.38855,344.8237,329.0992,292.86307,302.37842,304.97043,251.63055,320.7858,329.31696,326.4114,342.12503,329.88257,323.63336,321.47043,321.3033,306.88712,274.30444,300.06247,292.98608,295.4442,297.50305,335.02628,-128124.266,8837.855,3303.3857,-83989.59,3100.0,1500.0,149628.94,3607.5972,22711.531,140334.22,30290.361,-13.929787,5788.915,66748.25,4826.747
354,1987-04-29,320.72238,331.02142,323.7203,322.89993,272.3884,344.86896,329.0944,293.24225,302.38138,304.9723,251.63066,320.79156,329.3281,326.4281,342.1259,329.89777,323.64517,321.4949,321.3146,306.90927,274.30444,300.06186,292.98593,295.4483,297.5036,335.02628,-128379.93,8740.7705,3291.6611,-84001.87,3100.0,1500.0,149559.22,3604.968,22806.81,140649.81,30278.826,-14.196617,5659.1313,66767.2,4824.1562
355,1987-05-06,320.71368,331.02374,323.7225,322.90137,272.38828,344.93256,329.09113,293.43164,302.38452,304.96964,251.63077,320.79642,329.3128,326.40488,342.1265,329.90604,323.657,321.48288,321.2902,306.85556,274.30444,300.06128,292.98575,295.4538,297.50473,335.02628,-128192.71,9017.564,3279.8218,-84020.664,3100.0,1500.0,149699.48,3603.0537,22572.08,139686.03,30251.78,-14.445648,5611.756,66784.53,4821.8315
356,1987-05-13,320.71667,331.0304,323.7223,322.90152,272.3882,344.9791,329.08942,293.36972,302.38797,304.96933,251.63087,320.79816,329.3325,326.4271,342.12674,329.91327,323.66187,321.49136,321.31137,306.88593,274.30444,300.06073,292.98553,295.4585,297.5062,335.02628,-128398.71,8880.612,3272.6238,-84038.29,3100.0,1500.0,149491.39,3601.651,22686.23,140418.08,30245.934,-14.621162,5686.639,66795.23,4820.204
357,1987-05-20,320.7393,331.04218,323.73038,322.91046,272.38815,345.01828,329.08926,293.2562,302.39194,304.97147,251.63095,320.80203,329.34665,326.44458,342.12714,329.9268,323.6679,321.5125,321.33087,306.9089,274.30444,300.06018,292.9853,295.46143,297.50793,335.02628,-128717.42,8776.028,3267.749,-84047.27,3100.0,1500.0,149420.95,3600.6934,22782.445,140958.47,30242.768,-14.720955,5706.5244,66800.84,4819.6035
358,1987-05-27,320.76526,331.05524,323.73868,322.9191,272.38815,345.04294,329.0906,293.38965,302.3962,304.9736,251.63101,320.8073,329.36215,326.4606,342.12762,329.94043,323.67773,321.53387,321.34326,306.93076,274.30444,300.05978,292.98502,295.46567,297.50992,335.02628,-128974.93,8677.83,3256.7192,-84058.8,3100.0,1500.0,149292.23,3600.328,22874.268,141332.05,30233.2,-14.907745,5637.919,66815.8,4819.5654
359,1987-06-03,320.75674,331.05542,323.7417,322.92114,272.3882,345.06296,329.09326,293.5491,302.40063,304.97195,251.63107,320.8122,329.35138,326.43613,342.12817,329.94446,323.6886,321.52527,321.3234,306.8838,274.30444,300.05957,292.9847,295.46924,297.51224,335.02628,-128829.56,8921.177,3244.7632,-84076.73,3100.0,1500.0,149431.83,3600.633,22670.988,140484.27,30210.48,-15.11908,5589.068,66833.08,4819.6104
360,1987-06-10,320.76172,331.0599,323.74036,322.92062,272.38828,345.08218,329.09705,293.55817,302.4051,304.97266,251.63113,320.81424,329.3573,326.45984,342.1283,329.94727,323.6939,321.52823,321.33862,306.9132,274.30444,300.05945,292.9844,295.47278,297.5145,335.02628,-128979.01,8754.109,3237.3313,-84093.016,3100.0,1500.0,149319.31,3601.385,22763.018,141094.6,30208.023,-15.27179,5611.932,66844.5,4819.657
361,1987-06-17,320.76547,331.06845,323.74506,322.92572,272.3884,345.0949,329.1017,293.38623,302.4096,304.9732,251.63118,320.8176,329.36258,326.4629,342.12857,329.95724,323.69904,321.5385,321.34424,306.89362,274.30444,300.05933,292.98407,295.47678,297.51678,335.02628,-129109.766,8839.932,3230.2488,-84104.24,3100.0,1500.0,149267.48,3602.5276,22711.318,141094.1,30196.385,-15.344185,5704.3354,66850.12,4819.645
362,1987-06-24,320.78854,331.07764,323.7497,322.93088,272.38855,345.1025,329.10715,293.36752,302.41406,304.9759,251.63124,320.82123,329.37445,326.4788,342.12894,329.96707,323.70486,321.55737,321.36023,306.94373,274.30444,300.0592,292.98373,295.48175,297.5191,335.02628,-129344.74,8637.11,3219.6858,-84110.94,3100.0,1500.0,149170.27,3604.0015,22897.725,141675.08,30192.72,-15.431366,5663.4316,66859.984,4819.449
363,1987-07-01,320.7955,331.08084,323.75354,322.9342,272.38873,345.10455,329.11316,293.5608,302.41833,304.97665,251.6313,320.82535,329.37363,326.46793,342.12933,329.97177,323.7132,321.56375,321.3512,306.92355,274.30444,300.05923,292.9834,295.48563,297.5218,335.02628,-129319.5,8759.728,3204.36,-84128.53,3100.0,1500.0,149212.12,3605.8254,22821.098,141255.62,30172.764,-15.627106,5597.2456,66880.195,4819.037
364,1987-07-08,320.7821,331.08023,323.75177,322.93265,272.38895,345.09045,329.11957,293.62646,302.42233,304.9755,251.63136,320.8276,329.36243,326.46863,342.12952,329.97363,323.7183,321.5511,321.34805,306.90027,274.30444,300.05945,292.98306,295.48697,297.52444,335.02628,-129275.23,8884.724,3197.046,-84146.625,3100.0,1500.0,149269.1,3607.9717,22695.275,141016.3,30160.918,-15.755959,5586.0493,66892.555,4818.5264
365,1987-07-15,320.78558,331.08444,323.7522,322.93332,272.3892,345.09656,329.1262,293.38037,302.42612,304.97668,251.63142,320.82916,329.372,326.47693,342.12958,329.97513,323.7207,321.5576,321.35413,306.92505,274.30444,300.05975,292.98273,295.48697,297.52676,335.02628,-129350.875,8768.493,3196.5825,-84156.87,3100.0,1500.0,149162.73,3610.2031,22788.844,141333.62,30168.39,-15.748154,5741.9165,66891.33,4818.2964
366,1987-07-22,320.81046,331.09134,323.7569,322.93872,272.38947,345.09674,329.1328,293.255,302.42975,304.97986,251.63148,320.8317,329.38382,326.49097,342.12976,329.98276,323.72366,321.57877,321.3731,306.95752,274.30444,300.0601,292.98242,295.49023,297.52878,335.02628,-129609.19,8611.118,3192.6353,-84153.41,3100.0,1500.0,149089.55,3612.4612,22927.78,141929.39,30169.926,-15.711754,5708.8823,66890.73,4818.371
367,1987-07-29,320.8309,331.09848,323.76297,322.94504,272.38974,345.1067,329.1394,293.50412,302.43298,304.98236,251.63153,320.83572,329.39368,326.49896,342.13007,329.99146,323.72906,321.5963,321.38156,306.9646,274.30444,300.0605,292.98212,295.49542,297.5311,335.02628,-129793.04,8594.354,3174.4072,-84165.77,3100.0,1500.0,149039.92,3614.8132,22967.477,142105.89,30152.678,-15.891129,5622.7793,66911.33,4818.5234
368,1987-08-05,320.81204,331.093,323.76144,322.94266,272.39005,345.126,329.14594,293.48843,302.43576,304.9805,251.63158,320.83896,329.36417,326.46954,342.1303,329.99,323.73428,321.57275,321.34903,306.9073,274.30444,300.06097,292.98184,295.49487,297.53372,335.02628,-129468.555,8870.113,3168.8345,-84182.0,3100.0,1500.0,149271.11,3617.3127,22698.812,140925.1,30139.97,-15.956207,5663.865,66919.79,4818.6875
369,1987-08-12,320.8115,331.0933,323.75815,322.93915,272.39035,345.14456,329.1524,293.28683,302.43826,304.98126,251.63162,320.83862,329.39,326.4886,342.13016,329.98596,323.73337,321.575,321.36386,306.94446,274.30444,300.0615,292.9816,295.4948,297.5358,335.02628,-129556.78,8686.979,3170.2275,-84186.03,3100.0,1500.0,149041.64,3619.7253,22835.63,141623.83,30150.898,-15.899651,5752.818,66916.016,4818.865
370,1987-08-19,320.83148,331.09778,323.7654,322.94614,272.39066,345.16165,329.15887,293.28375,302.44052,304.9841,251.63167,320.84042,329.41016,326.4942,342.13022,329.99176,323.7356,321.59637,321.37897,306.96423,274.3044,300.06198,292.98138,295.49658,297.53757,335.02628,-129788.625,8606.467,3165.0046,-84185.11,3100.0,1500.0,148991.06,3622.013,22939.555,142046.1,30149.607,-15.896812,5704.362,66919.0,4819.115
371,1987-08-26,320.8484,331.10376,323.77127,322.9522,272.39096,345.17365,329.1654,293.4813,302.4424,304.98608,251.63168,320.8437,329.4172,326.50635,342.1304,329.99826,323.74057,321.61212,321.38785,306.97107,274.3044,300.06244,292.9812,295.49963,297.5394,335.02628,-129968.664,8588.05,3152.4675,-84194.91,3100.0,1500.0,148962.89,3624.3584,22977.152,142254.16,30138.766,-16.018143,5634.6914,66933.36,4820.0127
372,1987-09-02,320.83865,331.1018,323.76923,322.95032,272.39127,345.1763,329.17203,293.57495,302.444,304.98505,251.63173,320.84656,329.37793,326.48706,342.13058,330.0004,323.74554,321.599,321.35928,306.9328,274.3044,300.06287,292.98105,295.4996,297.54138,335.02628,-129691.1,8777.451,3146.198,-84207.9,3100.0,1500.0,149198.86,3626.8228,22800.75,141268.89,30128.24,-16.103638,5608.6875,66942.59,4819.944
373,1987-09-09,320.83698,331.09845,323.764,322.94592,272.39157,345.18683,329.1787,293.53705,302.44543,304.98584,251.6317,320.8465,329.38617,326.48962,342.13052,329.9971,323.74557,321.5977,321.37814,306.95392,274.3044,300.0633,292.98093,295.50238,297.54303,335.02628,-129805.38,8664.064,3140.741,-84216.37,3100.0,1500.0,149090.88,3629.2522,22866.76,141837.16,30127.568,-16.150879,5649.406,66947.18,4823.0684
374,1987-09-16,320.8425,331.0996,323.76495,322.94733,272.39188,345.1983,329.18546,293.38956,302.44693,304.9872,251.63167,320.84778,329.38248,326.49356,342.13043,329.99655,323.748,321.60583,321.37772,306.95557,274.3044,300.0638,292.98087,295.49982,297.54468,335.02628,-129833.78,8672.408,3141.7844,-84219.625,3100.0,1500.0,149108.64,3631.654,22884.535,141801.69,30132.494,-16.123032,5709.3066,66944.89,4825.3877
375,1987-09-23,320.85382,331.104,323.76627,322.9495,272.39218,345.20782,329.19214,293.41092,302.44846,304.98865,251.63164,320.84927,329.38452,326.50436,342.13046,330.00095,323.75128,321.6189,321.39035,306.96976,274.3044,300.06436,292.9808,295.49863,297.5459,335.02628,-129987.68,8613.081,3142.3665,-84217.01,3100.0,1500.0,149062.66,3634.0876,22952.25,142143.06,30137.17,-16.109077,5660.5576,66943.516,4826.7446
376,1987-09-30,320.8394,331.1046,323.76865,322.95187,272.3925,345.2184,329.1988,293.38953,302.4498,304.98712,251.63162,320.85156,329.38605,326.5013,342.1306,330.00452,323.75577,321.6181,321.38788,306.92447,274.3044,300.06485,292.9808,295.49808,297.5469,335.02628,-130005.4,8875.998,3140.9734,-84219.46,3100.0,1500.0,149079.8,3636.5945,22795.53,141763.8,30126.646,-16.116905,5715.3525,66944.03,4827.793
377,1987-10-07,320.8153,331.096,323.76392,322.94632,272.3928,345.22867,329.20538,293.2582,302.45093,304.98508,251.63159,320.8524,329.35742,326.47464,342.13058,329.99734,323.75854,321.58936,321.3573,306.897,274.3044,300.06534,292.98083,295.49896,297.54758,335.02628,-129647.67,8972.506,3142.3657,-84214.6,3100.0,1500.0,149285.83,3639.121,22627.242,140869.38,30125.943,-16.04348,5738.4097,66938.62,4828.788
378,1987-10-14,320.81595,331.09564,323.75906,322.94208,272.39304,345.23807,329.21198,293.28006,302.4518,304.98676,251.63158,320.85046,329.37048,326.49258,342.1303,329.9935,323.75647,321.5908,321.37518,306.93475,274.3044,300.06586,292.98093,295.49863,297.54816,335.02628,-129749.42,8775.413,3140.0454,-84214.125,3100.0,1500.0,149119.78,3641.5112,22774.568,141615.34,30133.398,-16.0439,5730.379,66940.555,4829.9507
379,1987-10-21,320.79745,331.09457,323.759,322.942,272.3933,345.24677,329.21854,292.91245,302.4524,304.9853,251.63153,320.85043,329.35056,326.48138,342.13028,329.99237,323.75717,321.58408,321.35623,306.88232,274.3044,300.06644,292.98102,295.49622,297.5487,335.02628,-129568.125,9069.243,3146.0813,-84211.26,3100.0,1500.0,149274.8,3643.9446,22595.727,140809.11,30131.674,-15.88134,5948.673,66927.85,4831.539
380,1987-10-28,320.7758,331.0898,323.75345,322.93604,272.39352,345.24823,329.2251,292.31717,302.4526,304.98358,251.63147,320.8487,329.3428,326.46768,342.13016,329.98828,323.75507,321.55795,321.345,306.8703,274.30438,300.067,292.98117,295.48932,297.54868,335.02628,-129378.0,9085.235,3166.9766,-84187.305,3100.0,1500.0,149295.61,3646.4133,22499.41,140557.89,30156.762,-15.485352,6142.682,66896.49,4833.7627
381,1987-11-04,320.7625,331.07013,323.74603,322.92767,272.3937,345.20743,329.23154,292.4021,302.45212,304.9834,251.63138,320.8458,329.32294,326.43448,342.12988,329.97543,323.75067,321.5397,321.32675,306.87234,274.30438,300.06754,292.98132,295.48367,297.54782,335.02628,-129071.34,9043.559,3178.4702,-84160.09,3100.0,1500.0,149533.5,3648.8022,22491.195,140095.83,30172.486,-15.27021,5979.179,66883.586,4836.297
382,1987-11-11,320.7876,331.06888,323.74304,322.9254,272.3939,345.1432,329.2378,292.86118,302.4505,304.98718,251.63129,320.8421,329.3498,326.46957,342.12912,329.9664,323.74454,321.56165,321.3551,306.9344,274.30438,300.06808,292.98154,295.48865,297.54666,335.02628,-129299.69,8732.735,3164.076,-84158.06,3100.0,1500.0,149274.25,3651.0645,22770.57,141258.23,30170.572,-15.348503,5830.2905,66896.94,4838.7104
383,1987-11-18,320.7792,331.07016,323.74527,322.92828,272.39398,345.11758,329.2435,292.4829,302.44794,304.98642,251.6312,320.84204,329.32095,326.45056,342.129,329.96628,323.74448,321.56772,321.34357,306.87616,274.30438,300.0686,292.98175,295.48465,297.54626,335.02628,-129226.305,9079.201,3168.719,-84162.734,3100.0,1500.0,149500.84,3653.3745,22596.285,140473.1,30167.057,-15.171661,6118.024,66885.4,4840.5957
384,1987-11-25,320.76865,331.05545,323.7375,322.92047,272.39404,345.08682,329.24838,291.51886,302.445,304.9852,251.63112,320.8405,329.30112,326.42337,342.12885,329.9589,323.74283,321.55145,321.3323,306.87762,274.30438,300.0691,292.982,295.4725,297.54538,335.02628,-129017.1,9030.103,3204.3604,-84129.914,3100.0,1500.0,149664.14,3655.577,22557.236,140171.05,30212.53,-14.5551605,6476.4136,66833.91,4841.9795
385,1987-12-02,320.73544,331.03152,323.72626,322.90762,272.39407,345.05533,329.25223,291.03412,302.4416,304.98138,251.63103,320.83646,329.27808,326.3985,342.1281,329.94092,323.73627,321.51105,321.28415,306.82178,274.30438,300.06946,292.98227,295.46118,297.54333,335.02628,-128391.98,9274.603,3236.6343,-84078.17,3100.0,1500.0,149886.47,3657.5515,22306.066,138873.7,30239.908,-13.977043,6552.7397,66789.805,4843.146
386,1987-12-09,320.7487,331.02548,323.721,322.9034,272.39404,345.01633,329.25476,291.48773,302.43698,304.98395,251.63095,320.83026,329.30045,326.42618,342.12708,329.92947,323.72528,321.5246,321.32825,306.89987,274.30438,300.06976,292.98254,295.46274,297.54037,335.02628,-128701.336,8868.384,3236.0566,-84043.42,3100.0,1500.0,149685.88,3659.0024,22636.434,140450.05,30251.75,-13.806618,6233.386,66786.46,4844.1963
387,1987-12-16,320.74585,331.02658,323.72467,322.90686,272.39395,344.98328,329.25574,291.91718,302.4309,304.98413,251.63086,320.8288,329.29132,326.42902,342.12665,329.91907,323.72275,321.52246,321.30133,306.85233,274.30438,300.07007,292.98285,295.462,297.53824,335.02628,-128509.54,9115.573,3224.5615,-84049.734,3100.0,1500.0,149786.0,3660.0417,22478.963,139611.53,30235.416,-13.8461685,6195.8145,66799.23,4845.226
388,1987-12-23,320.72394,331.0123,323.71793,322.89948,272.39377,344.9641,329.25504,291.33374,302.424,304.98154,251.63078,320.82562,329.26178,326.39603,342.12637,329.9076,323.71927,321.50763,321.2823,306.83215,274.30438,300.0703,292.98315,295.4548,297.53625,335.02628,-128198.336,9216.351,3246.1558,-84038.45,3100.0,1500.0,150027.03,3660.7002,22402.16,138969.98,30258.17,-13.441406,6500.078,66767.45,4846.393
389,1987-12-30,320.68396,330.9962,323.7049,322.88684,272.39352,344.93542,329.25266,290.59378,302.41702,304.97702,251.63068,320.82034,329.2284,326.37695,342.12576,329.89478,323.71268,321.4747,321.26465,306.7769,274.30438,300.07043,292.9835,295.44278,297.53357,335.02628,-127847.9,9473.538,3282.0254,-83997.375,3100.0,1500.0,150192.95,3660.7832,22171.074,138262.9,30287.723,-12.84037,6748.3833,66718.43,4847.7183
390,1988-01-06,320.72092,330.95938,323.69986,322.8712,272.39328,344.9133,329.24875,290.89474,302.40982,304.9797,251.6316,320.8126,329.31815,326.2604,342.1251,329.858,323.70145,321.49704,321.21054,306.8877,274.30438,300.0704,292.98383,295.4351,297.52982,335.02628,-127041.555,8893.415,3300.2515,-83957.84,3100.0,1500.0,149874.89,3660.0818,22636.531,137615.44,30333.734,-12.554054,6394.902,66699.65,4799.9443
391,1988-01-13,320.72223,330.95316,323.6838,322.86316,272.39294,344.9411,329.2433,291.7954,302.40204,304.97845,251.63097,320.80225,329.20602,326.35696,342.12402,329.83838,323.68512,321.49335,321.25858,306.82904,274.3044,300.07028,292.98413,295.4432,297.52637,335.02628,-127379.68,9203.125,3276.685,-83957.12,3100.0,1500.0,150470.89,3658.8743,22438.54,138564.16,30290.227,-12.801399,6141.888,66727.52,4849.4053
392,1988-01-20,320.70642,330.96225,323.6859,322.8655,272.39258,344.90683,329.23624,292.05045,302.39404,304.97723,251.63065,320.79907,329.23944,326.34326,342.12366,329.8406,323.6782,321.48663,321.24332,306.8188,274.3044,300.07013,292.98447,295.4463,297.52414,335.02628,-127276.68,9264.374,3267.8613,-83971.12,3100.0,1500.0,150080.9,3657.1443,22405.826,138200.19,30277.365,-12.905678,6078.1924,66739.0,4850.1045
393,1988-01-27,320.63025,330.95773,323.6758,322.85455,272.39218,344.85333,329.22754,292.19275,302.38693,304.9692,251.63054,320.7945,329.16904,326.2958,342.12384,329.83322,323.6699,321.41635,321.19135,306.68793,274.3044,300.0699,292.98477,295.44397,297.5225,335.02628,-126610.73,9878.986,3271.1128,-83981.72,3100.0,1500.0,150517.33,3655.0044,21825.78,136192.4,30254.867,-12.997055,6053.3716,66743.445,4850.0205
394,1988-02-03,320.57172,330.93982,323.65567,322.83542,272.39178,344.80185,329.21735,292.20557,302.38132,304.96518,251.63048,320.78528,329.13193,326.27658,342.12366,329.8212,323.65176,321.359,321.18283,306.6962,274.3044,300.0695,292.98505,295.44055,297.52017,335.02628,-126233.28,9759.219,3283.6504,-83981.35,3100.0,1500.0,150674.69,3652.159,21777.803,136137.23,30270.547,-13.011711,6056.617,66736.81,4849.459
395,1988-02-10,320.53708,330.92627,323.64713,322.82742,272.3914,344.7657,329.20596,292.20523,302.37735,304.96344,251.63042,320.77658,329.1402,326.28745,342.12292,329.81024,323.6315,321.3367,321.18417,306.68668,274.3044,300.069,292.98532,295.43878,297.51733,335.02628,-126124.484,9797.089,3293.0537,-83975.484,3100.0,1500.0,150618.88,3648.619,21760.375,136319.84,30275.229,-13.02961,6060.2383,66729.875,4848.6543
396,1988-02-17,320.59494,330.9395,323.65842,322.8388,272.39105,344.75104,329.1938,292.31683,302.37476,304.97073,251.63037,320.77182,329.21936,326.34683,342.12234,329.81683,323.61746,321.38815,321.2412,306.83466,274.3044,300.06845,292.98557,295.4419,297.51443,335.02628,-126791.98,9043.406,3291.3125,-83970.28,3100.0,1500.0,150102.64,3644.413,22392.791,138719.38,30300.271,-13.117081,5995.808,66730.836,4847.752
397,1988-02-24,320.58145,330.94583,323.6687,322.84732,272.39072,344.74036,329.18106,292.4268,302.37323,304.9676,251.63034,320.77298,329.18542,326.31552,342.12262,329.8266,323.6169,321.3714,321.18994,306.71457,274.3044,300.0679,292.98578,295.44055,297.51257,335.02628,-126424.18,9667.399,3290.3833,-83975.3,3100.0,1500.0,150498.81,3640.163,21952.943,136703.38,30273.69,-13.243385,5982.879,66735.805,4846.8833
398,1988-03-02,320.53525,330.93762,323.66144,322.83902,272.39044,344.73193,329.16815,292.3781,302.3726,304.96204,251.63031,320.76917,329.18698,326.30765,342.12265,329.82162,323.61066,321.3239,321.18207,306.6915,274.3044,300.06735,292.98596,295.43805,297.51062,335.02628,-126218.67,9729.34,3302.5747,-83973.31,3100.0,1500.0,150464.77,3635.8542,21795.002,136570.45,30279.402,-13.251831,6005.3687,66728.69,4846.0933
399,1988-03-09,320.52914,330.93243,323.6596,322.83698,272.39014,344.75662,329.15527,292.41028,302.37265,304.96216,251.63028,320.7652,329.19363,326.30426,342.1224,329.81717,323.6016,321.32065,321.1915,306.73352,274.3044,300.06665,292.9861,295.43625,297.5083,335.02628,-126254.41,9499.952,3311.2805,-83967.36,3100.0,1500.0,150436.11,3631.1616,21963.982,137059.4,30294.168,-13.279671,5976.08,66723.625,4845.2793
400,1988-03-16,320.57895,330.94455,323.66702,322.8455,272.3899,344.76608,329.1426,292.43616,302.37317,304.96698,251.63025,320.7638,329.2358,326.34576,342.12234,329.8233,323.59686,321.36957,321.2371,306.82242,274.3044,300.06595,292.98624,295.43945,297.5061,335.02628,-126799.52,9080.24,3309.887,-83964.73,3100.0,1500.0,150108.11,3626.2944,22380.795,138679.31,30305.04,-13.349335,5988.6133,66724.06,4844.324
401,1988-03-23,320.58426,330.95605,323.67996,322.85895,272.38962,344.734,329.13052,292.4882,302.37396,304.9663,251.63025,320.7673,329.24408,326.35974,342.12286,329.8316,323.6011,321.36588,321.2404,306.76688,274.30444,300.0653,292.9863,295.4379,297.5048,335.02628,-127040.445,9343.389,3312.0938,-83964.68,3100.0,1500.0,150138.73,3621.6648,22155.645,138434.06,30293.2,-13.412064,5941.3022,66725.27,4843.0825
402,1988-03-30,320.5951,330.95486,323.6844,322.8622,272.3894,344.70132,329.11923,292.68985,302.375,304.9667,251.63026,320.77026,329.25043,326.3446,342.12326,329.8352,323.60455,321.36383,321.23636,306.8128,274.30444,300.06467,292.98633,295.43698,297.5036,335.02628,-127052.24,9084.545,3314.5327,-83967.59,3100.0,1500.0,150166.81,3617.2373,22301.39,138543.12,30304.332,-13.527435,5860.9565,66729.41,4840.8794
403,1988-04-06,320.62018,330.95642,323.68536,322.86237,272.38916,344.7195,329.10886,292.86978,302.37622,304.96762,251.63033,320.77155,329.2617,326.33954,342.1233,329.83398,323.60648,321.39124,321.2416,306.8385,274.30444,300.064,292.9863,295.43887,297.5026,335.02628,-127102.9,8997.15,3311.8618,-83973.05,3100.0,1500.0,150114.94,3612.9949,22456.012,138718.77,30301.652,-13.675919,5799.5566,66736.086,4837.3916
404,1988-04-13,320.63992,330.96497,323.68854,322.86655,272.38895,344.79068,329.09955,292.96765,302.37778,304.96744,251.63042,320.77295,329.26767,326.36566,342.12344,329.84088,323.6097,321.41168,321.25598,306.84076,274.30444,300.0634,292.98627,295.4447,297.5021,335.02628,-127308.49,9011.993,3303.3872,-83982.43,3100.0,1500.0,150032.97,3609.1,22489.236,139080.78,30286.531,-13.852501,5786.729,66746.414,4833.3926
405,1988-04-20,320.65152,330.98303,323.69742,322.87585,272.38876,344.8094,329.09164,292.82492,302.37973,304.96686,251.63052,320.77603,329.29514,326.38776,342.1239,329.857,323.6158,321.43564,321.27664,306.8436,274.30444,300.06277,292.98618,295.44504,297.50238,335.02628,-127637.95,9048.405,3304.4326,-83992.15,3100.0,1500.0,149775.95,3605.5852,22538.234,139559.69,30281.982,-13.931839,5883.979,66748.68,4829.742
406,1988-04-27,320.68277,331.00198,323.70847,322.88745,272.38858,344.8103,329.0854,292.872,302.3822,304.96857,251.63063,320.78104,329.31387,326.40692,342.12476,329.8767,323.62457,321.46307,321.29843,306.8843,274.30444,300.06216,292.98602,295.44418,297.50272,335.02628,-128018.555,8847.814,3307.5645,-83991.52,3100.0,1500.0,149656.78,3602.4727,22696.414,140245.94,30290.17,-13.988014,5786.252,66749.234,4826.9355
407,1988-05-04,320.71548,331.01727,323.71765,322.89706,272.38846,344.85556,329.08075,293.24988,302.3849,304.97046,251.63074,320.78708,329.3253,326.42398,342.12564,329.8925,323.6369,321.48776,321.3101,306.9066,274.30444,300.06155,292.98587,295.4482,297.5032,335.02628,-128282.055,8750.076,3296.4216,-84003.56,3100.0,1500.0,149584.48,3599.9019,22792.518,140568.33,30278.883,-14.247231,5656.765,66767.836,4824.338
408,1988-05-11,320.7069,331.02,323.7201,322.8987,272.38834,344.91922,329.0777,293.43823,302.38773,304.9678,251.63084,320.79224,329.31024,326.4011,342.1263,329.90128,323.64923,321.47598,321.28598,306.85294,274.30444,300.06097,292.98566,295.4536,297.5043,335.02628,-128101.82,9026.333,3284.5815,-84021.75,3100.0,1500.0,149722.38,3598.0532,22558.58,139610.53,30252.055,-14.489609,5609.637,66784.87,4822.0083
409,1988-05-18,320.71008,331.02698,323.72003,322.89905,272.38824,344.9658,329.0762,293.37546,302.39093,304.96756,251.63095,320.79425,329.33014,326.42365,342.12656,329.90897,323.6545,321.48468,321.30746,306.88342,274.30444,300.06046,292.98544,295.45822,297.50574,335.02628,-128313.984,8888.917,3277.5,-84039.164,3100.0,1500.0,149512.36,3596.7224,22673.447,140348.0,30246.39,-14.6595,5684.7383,66795.3,4820.376
410,1988-05-25,320.73285,331.03906,323.72827,322.90814,272.3882,345.00504,329.07626,293.26123,302.39462,304.9697,251.63103,320.79837,329.34448,326.4414,342.12698,329.92285,323.66098,321.50607,321.32724,306.90646,274.30444,300.05994,292.98517,295.46112,297.50745,335.02628,-128638.61,8783.834,3273.087,-84047.72,3100.0,1500.0,149440.2,3595.8403,22770.352,140893.25,30243.398,-14.754097,5704.799,66800.664,4819.7695
411,1988-06-01,320.75897,331.0524,323.73676,322.917,272.3882,345.02975,329.07782,293.39407,302.39868,304.9719,251.63109,320.80386,329.36017,326.45764,342.12747,329.93683,323.67117,321.52765,321.33984,306.92844,274.30444,300.05954,292.9849,295.4653,297.5094,335.02628,-128901.47,8685.21,3261.9429,-84059.016,3100.0,1500.0,149309.73,3595.5525,22862.832,141271.27,30233.979,-14.936569,5636.3413,66815.38,4819.7275
412,1988-06-08,320.75064,331.0528,323.7399,322.91916,272.38824,345.0498,329.0807,293.55298,302.40286,304.97028,251.63115,320.809,329.34952,326.4334,342.12802,329.94116,323.6824,321.5193,321.3202,306.8815,274.30444,300.05933,292.9846,295.46884,297.51166,335.02628,-128760.93,8928.136,3250.567,-84076.59,3100.0,1500.0,149448.19,3595.9363,22660.18,140427.44,30211.387,-15.143692,5587.622,66832.49,4819.7666
413,1988-06-15,320.7558,331.05753,323.73868,322.91876,272.3883,345.0691,329.0847,293.56158,302.4071,304.971,251.6312,320.81122,329.3556,326.45728,342.12817,329.94424,323.68805,321.52246,321.33563,306.91104,274.30444,300.0592,292.98425,295.47235,297.5139,335.02628,-128914.695,8760.842,3242.6714,-84092.86,3100.0,1500.0,149334.36,3596.7664,22752.78,141041.33,30209.04,-15.292999,5610.6035,66843.734,4819.812
414,1988-06-22,320.75977,331.06625,323.74347,322.924,272.38843,345.08185,329.0896,293.38925,302.41144,304.9716,251.63126,320.81476,329.361,326.4605,342.12845,329.95444,323.6935,321.53296,321.3414,306.8915,274.30444,300.05905,292.98395,295.47632,297.51614,335.02628,-129049.484,8846.197,3235.8232,-84103.7,3100.0,1500.0,149281.28,3597.9866,22701.63,141044.06,30197.498,-15.362373,5703.1094,66849.19,4819.7954
415,1988-06-29,320.78302,331.0756,323.7482,322.92926,272.38858,345.0895,329.0952,293.3702,302.4157,304.97433,251.6313,320.81854,329.37296,326.4766,342.12885,329.9645,323.69962,321.55203,321.35757,306.94168,274.30444,300.05893,292.9836,295.48126,297.51846,335.02628,-129288.15,8643.109,3225.4907,-84110.35,3100.0,1500.0,149183.12,3599.5369,22888.557,141628.05,30193.92,-15.446747,5662.294,66858.914,4819.5947
416,1988-07-06,320.79016,331.07895,323.75217,322.93268,272.38876,345.09158,329.10138,293.56317,302.41983,304.97513,251.63136,320.82285,329.37222,326.46585,342.12924,329.96936,323.70822,321.5586,321.3487,306.9216,274.30444,300.05896,292.98325,295.4851,297.5211,335.02628,-129266.28,8765.416,3209.586,-84127.74,3100.0,1500.0,149223.9,3601.4307,22812.422,141211.31,30174.04,-15.639969,5596.1846,66879.01,4819.1807
417,1988-07-13,320.77692,331.07846,323.75046,322.9312,272.38898,345.0775,329.10794,293.6286,302.42368,304.97397,251.63142,320.82526,329.36115,326.4667,342.12943,329.9714,323.7136,321.54614,321.34567,306.89838,274.30444,300.05917,292.9829,295.48642,297.52374,335.02628,-129225.14,8890.069,3202.0388,-84145.67,3100.0,1500.0,149280.31,3603.6375,22687.068,140974.53,30162.254,-15.766693,5585.0586,66891.25,4818.666
418,1988-07-20,320.78058,331.0828,323.75098,322.93198,272.3892,345.08365,329.11472,293.38226,302.42734,304.9752,251.63148,320.82697,329.3708,326.47513,342.1295,329.97305,323.71622,321.55286,321.35187,306.92322,274.30444,300.05948,292.9826,295.48642,297.52603,335.02628,-129303.76,8773.722,3202.0403,-84155.945,3100.0,1500.0,149173.19,3605.925,22781.07,141294.16,30169.785,-15.756905,5740.9897,66889.93,4818.433
419,1988-07-27,320.80563,331.0898,323.75577,322.93744,272.38947,345.08383,329.1215,293.2567,302.43085,304.9784,251.63155,320.82962,329.38266,326.48926,342.1297,329.9808,323.71942,321.57422,321.37097,306.95578,274.30444,300.0598,292.98227,295.4897,297.528,335.02628,-129564.695,8616.193,3197.9773,-84152.195,3100.0,1500.0,149099.02,3608.24,22920.428,141891.97,30171.365,-15.718758,5708.0117,66889.25,4818.504
420,1988-08-03,320.82623,331.09705,323.7619,322.94385,272.38974,345.0938,329.12827,293.50565,302.43396,304.98093,251.63159,320.83374,329.39258,326.49738,342.12997,329.98965,323.72504,321.59195,321.37958,306.9629,274.30444,300.0602,292.98196,295.49484,297.53033,335.02628,-129750.83,8599.124,3179.6313,-84164.41,3100.0,1500.0,149048.69,3610.6504,22960.521,142070.4,30154.152,-15.896591,5621.958,66909.77,4818.6543
421,1988-08-10,320.80756,331.09164,323.76044,322.94153,272.39005,345.11313,329.13495,293.48978,302.43665,304.9791,251.63164,320.8371,329.36316,326.46802,342.13025,329.9883,323.73047,321.56857,321.34714,306.90564,274.30444,300.0607,292.9817,295.49426,297.53296,335.02628,-129428.81,8874.612,3173.5952,-84180.664,3100.0,1500.0,149279.8,3613.211,22692.236,140891.6,30141.484,-15.960373,5663.0903,66918.164,4818.8174
422,1988-08-17,320.8072,331.09204,323.7572,322.9381,272.39032,345.1317,329.14157,293.28802,302.43906,304.9799,251.63168,320.83688,329.38904,326.48715,342.1301,329.98438,323.72974,321.57098,321.36206,306.94287,274.30444,300.0612,292.98145,295.49423,297.53503,335.02628,-129519.266,8691.286,3175.2202,-84184.66,3100.0,1500.0,149049.52,3615.684,22829.396,141591.98,30152.434,-15.902443,5752.0845,66914.33,4818.993
423,1988-08-24,320.82733,331.0966,323.7645,322.94513,272.39062,345.14883,329.1482,293.28482,302.44125,304.98273,251.63173,320.83878,329.40924,326.49286,342.13016,329.99026,323.73212,321.5925,321.37726,306.96274,274.30444,300.06168,292.98123,295.49597,297.53677,335.02628,-129753.07,8610.544,3170.459,-84183.56,3100.0,1500.0,148998.45,3618.0298,22933.66,142015.81,30151.168,-15.898636,5703.6665,66917.266,4819.24
424,1988-08-31,320.8444,331.10263,323.77042,322.95126,272.39093,345.1609,329.1549,293.4822,302.44305,304.98474,251.63174,320.84213,329.41632,326.50507,342.13034,329.99683,323.73727,321.6084,321.38623,306.9696,274.30444,300.0621,292.98102,295.49902,297.53864,335.02628,-129934.98,8592.05,3157.5762,-84193.33,3100.0,1500.0,148969.89,3620.4307,22971.578,142225.42,30140.34,-16.01902,5634.0293,66931.57,4820.1343
425,1988-09-07,320.8348,331.10074,323.76843,322.94943,272.39124,345.16357,329.16165,293.57574,302.44458,304.9837,251.63179,320.8451,329.37717,326.48587,342.13052,329.99908,323.74243,321.59546,321.35776,306.9314,274.30444,300.06253,292.98087,295.499,297.5406,335.02628,-129659.484,8781.181,3151.0735,-84206.29,3100.0,1500.0,149205.7,3622.9492,22795.555,141241.94,30129.83,-16.103455,5608.0693,66940.766,4820.0635
426,1988-09-14,320.83328,331.09747,323.76328,322.9451,272.39154,345.1741,329.16846,293.53775,302.44595,304.98453,251.63176,320.84512,329.3854,326.4885,342.13046,329.99585,323.74258,321.59427,321.37668,306.95255,274.3044,300.06296,292.98074,295.50177,297.54224,335.02628,-129775.195,8667.602,3145.7317,-84214.56,3100.0,1500.0,149097.12,3625.4329,22861.793,141811.33,30129.168,-16.150032,5648.811,66945.31,4823.1846
427,1988-09-21,320.83893,331.09866,323.76422,322.94653,272.39185,345.1856,329.17523,293.39017,302.4474,304.98593,251.63173,320.84647,329.38174,326.4925,342.1304,329.99536,323.74515,321.60257,321.37634,306.95425,274.3044,300.06348,292.98068,295.4992,297.54385,335.02628,-129805.18,8675.869,3147.0105,-84217.97,3100.0,1500.0,149114.55,3627.8735,22879.826,141777.06,30134.104,-16.121384,5708.738,66943.016,4825.5034
428,1988-09-28,320.85037,331.10312,323.76556,322.94873,272.39215,345.1952,329.18207,293.41147,302.44885,304.9874,251.6317,320.84805,329.38382,326.50333,342.13043,329.99985,323.74857,321.61575,321.38904,306.96848,274.3044,300.064,292.98062,295.49802,297.5451,335.02628,-129960.445,8616.427,3147.592,-84215.12,3100.0,1500.0,149068.25,3630.335,22947.797,142119.61,30138.78,-16.106827,5660.012,66941.625,4826.8584
429,1988-10-05,320.8361,331.10376,323.768,322.95117,272.39243,345.20578,329.18887,293.38998,302.45016,304.9859,251.63167,320.8504,329.3854,326.50034,342.13055,330.00345,323.7532,321.6151,321.38663,306.92322,274.3044,300.06448,292.98062,295.49744,297.54608,335.02628,-129979.67,8879.229,3145.9656,-84217.72,3100.0,1500.0,149085.1,3632.886,22791.324,141741.45,30128.26,-16.114159,5714.8286,66942.11,4827.903
430,1988-10-12,320.81213,331.0952,323.7633,322.94565,272.39273,345.21606,329.19565,293.2586,302.45126,304.98383,251.63165,320.85126,329.35684,326.47372,342.13052,329.99634,323.75607,321.58646,321.3561,306.8958,274.3044,300.06494,292.98065,295.49832,297.54675,335.02628,-129623.13,8975.657,3147.4739,-84212.66,3100.0,1500.0,149290.95,3635.4695,22623.26,140848.1,30127.553,-16.040115,5737.9067,66936.68,4828.897
431,1988-10-19,320.81293,331.09488,323.75848,322.94144,272.39297,345.22552,329.2024,293.28043,302.45212,304.98557,251.63162,320.84943,329.3699,326.4917,342.13025,329.99255,323.75412,321.588,321.37405,306.9336,274.3044,300.06546,292.9807,295.49802,297.54733,335.02628,-129726.17,8778.221,3144.9207,-84212.22,3100.0,1500.0,149124.6,3637.9187,22770.8,141595.08,30135.002,-16.04013,5729.8945,66938.6,4830.0586
432,1988-10-26,320.79453,331.09387,323.75845,322.94138,272.39322,345.23425,329.20908,292.91275,302.45264,304.9841,251.63158,320.84943,329.35,326.48053,342.13022,329.99146,323.75494,321.58142,321.35513,306.88123,274.3044,300.06604,292.98083,295.4956,297.54788,335.02628,-129546.09,9072.126,3150.6094,-84209.5,3100.0,1500.0,149279.38,3640.4075,22592.164,140789.98,30133.273,-15.877335,5948.205,66925.89,4831.645
433,1988-11-02,320.77298,331.0891,323.7529,322.93546,272.39346,345.23578,329.2157,292.31744,302.45285,304.98242,251.63152,320.84775,329.3423,326.4669,342.13013,329.98743,323.75293,321.5554,321.34396,306.86923,274.3044,300.0666,292.98096,295.4887,297.54785,335.02628,-129357.06,9088.008,3172.203,-84185.41,3100.0,1500.0,149299.95,3642.9204,22496.043,140539.44,30158.355,-15.480835,6142.2305,66894.54,4833.867
434,1988-11-09,320.75983,331.0695,323.74554,322.92712,272.39365,345.195,329.2223,292.4023,302.45233,304.98224,251.63144,320.8449,329.32245,326.43375,342.12985,329.97464,323.74863,321.53726,321.32578,306.8713,274.3044,300.06714,292.9811,295.48306,297.54703,335.02628,-129051.28,9046.133,3183.3462,-84158.4,3100.0,1500.0,149537.7,3645.3506,22488.008,140078.22,30174.07,-15.265434,5978.747,66881.625,4836.401
435,1988-11-16,320.785,331.06827,323.74258,322.9249,272.3938,345.13083,329.22867,292.86133,302.45068,304.98605,251.63133,320.84125,329.3493,326.46887,342.1291,329.96564,323.74258,321.55933,321.35416,306.93338,274.3044,300.06766,292.9813,295.48804,297.54587,335.02628,-129280.69,8735.193,3168.4863,-84156.14,3100.0,1500.0,149278.23,3647.6575,22767.557,141241.44,30172.146,-15.343422,5829.8745,66894.984,4838.811
436,1988-11-23,320.7767,331.06958,323.74484,322.9278,272.3939,345.10522,329.23453,292.48303,302.44806,304.9853,251.63124,320.84122,329.32053,326.4499,342.12897,329.96555,323.7426,321.5655,321.34268,306.8752,274.3044,300.06818,292.9815,295.48407,297.54547,335.02628,-129208.22,9081.623,3173.1309,-84160.805,3100.0,1500.0,149504.7,3650.0142,22593.445,140457.08,30168.623,-15.166351,6117.617,66883.445,4840.6943
437,1988-11-30,320.76627,331.0549,323.73706,322.92,272.39395,345.0745,329.23953,291.51895,302.44513,304.98407,251.63116,320.83975,329.3007,326.42273,342.1288,329.9582,323.74106,321.54932,321.33145,306.87668,274.3044,300.06863,292.98175,295.47192,297.5446,335.02628,-128999.88,9032.445,3209.004,-84127.99,3100.0,1500.0,149667.7,3652.265,22554.555,140155.77,30214.078,-14.549698,6476.018,66831.95,4842.077
438,1988-12-07,320.73315,331.031,323.72583,322.90717,272.39398,345.043,329.2435,291.03418,302.4417,304.98032,251.63107,320.83572,329.27768,326.3979,342.12808,329.94028,323.73456,321.50897,321.28333,306.8209,274.3044,300.06903,292.98203,295.4606,297.54254,335.02628,-128375.53,9276.947,3240.6978,-84076.414,3100.0,1500.0,149889.83,3654.2866,22303.531,138859.06,30241.447,-13.971313,6552.36,66787.86,4843.241
439,1988-12-14,320.7465,331.02496,323.7206,322.90298,272.39395,345.00406,329.24615,291.48776,302.43707,304.98288,251.631,320.82956,329.30005,326.4256,342.12704,329.92883,323.72366,321.52264,321.32745,306.899,274.3044,300.0693,292.9823,295.46216,297.5396,335.02628,-128685.81,8870.424,3240.3496,-84041.35,3100.0,1500.0,149689.08,3655.7842,22634.035,140436.06,30253.277,-13.800735,6233.023,66784.516,4844.2915
440,1988-12-21,320.7437,331.0261,323.72433,322.90646,272.39386,344.97104,329.24725,291.9172,302.43097,304.9831,251.63092,320.82816,329.29095,326.42844,342.12662,329.91846,323.72122,321.52057,321.3006,306.85147,274.3044,300.0696,292.9826,295.46146,297.53745,335.02628,-128494.664,9117.689,3228.856,-84047.85,3100.0,1500.0,149789.06,3656.8687,22476.705,139598.16,30236.926,-13.840233,6195.4585,66797.3,4845.3184
441,1988-12-28,320.72192,331.01184,323.7176,322.89908,272.39368,344.9519,329.24664,291.3337,302.42407,304.9805,251.63083,320.825,329.26144,326.39548,342.12634,329.90704,323.7178,321.5058,321.2816,306.83133,274.3044,300.06985,292.9829,295.45422,297.5355,335.02628,-128184.04,9218.428,3250.2163,-84036.48,3100.0,1500.0,150029.94,3657.5713,22400.027,138957.23,30259.666,-13.435379,6499.732,66765.52,4846.485
442,1989-01-04,320.682,330.99573,323.70456,322.88647,272.39343,344.92328,329.24442,290.59372,302.41708,304.97598,251.63072,320.81976,329.22806,326.37646,342.12573,329.89426,323.71127,321.47296,321.26398,306.7761,274.3044,300.06995,292.98322,295.4422,297.5328,335.02628,-127834.31,9475.575,3286.3198,-83995.47,3100.0,1500.0,150195.7,3657.6968,22169.102,138250.7,30289.203,-12.8341675,6748.047,66716.51,4847.8096
443,1989-01-11,320.6838,330.99426,323.69614,322.88013,272.3932,344.88983,329.2406,290.6966,302.40988,304.97693,251.63063,320.8141,329.2171,326.39105,342.12518,329.88965,323.70203,321.4708,321.28302,306.8318,274.3044,300.06995,292.98355,295.43787,297.5291,335.02628,-127914.914,9160.177,3303.3853,-83949.75,3100.0,1500.0,150091.47,3657.0667,22378.225,139086.97,30316.006,-12.4956665,6521.422,66694.39,4848.9873
444,1989-01-18,320.69095,330.99542,323.69852,322.87955,272.39285,344.85608,329.23538,291.49667,302.402,304.97733,251.63054,320.81082,329.25513,326.36838,342.1252,329.8839,323.69638,321.4813,321.26205,306.82266,274.3044,300.06992,292.98386,295.44067,297.5257,335.02628,-127696.11,9231.844,3288.4106,-83944.97,3100.0,1500.0,149874.16,3655.8662,22402.23,138606.42,30297.592,-12.632439,6224.669,66714.305,4849.696
445,1989-01-25,320.62378,330.98553,323.68713,322.8668,272.3925,344.82153,329.2286,291.8968,302.39383,304.96948,251.63046,320.80545,329.1837,326.31693,342.12534,329.869,323.68747,321.41684,321.2075,306.69177,274.3044,300.0698,292.98416,295.43942,297.52307,335.02628,-126972.82,9851.228,3285.626,-83957.336,3100.0,1500.0,150359.84,3654.3926,21838.562,136542.55,30269.943,-12.724541,6127.7056,66724.35,4849.6855
446,1989-02-01,320.5699,330.9632,323.66568,322.84616,272.39206,344.78397,329.2202,292.02832,302.38617,304.9656,251.6304,320.79553,329.14478,326.29468,342.125,329.85104,323.66852,321.36246,321.19708,306.69992,274.3044,300.06946,292.98447,295.4369,297.5201,335.02628,-126553.16,9734.533,3294.795,-83961.24,3100.0,1500.0,150544.44,3652.2354,21796.898,136442.1,30282.258,-12.7450485,6100.4414,66721.414,4849.171
447,1989-02-08,320.5379,330.94598,323.6559,322.83685,272.39166,344.7563,329.21024,292.08957,302.37982,304.96402,251.63036,320.7862,329.15125,326.30298,342.12408,329.83533,323.6474,321.3418,321.19684,306.69025,274.30444,300.06903,292.98477,295.4358,297.5169,335.02628,-126408.44,9775.136,3301.5312,-83958.805,3100.0,1500.0,150507.8,3649.346,21781.748,136585.38,30284.645,-12.778984,6088.6216,66717.13,4848.4014
448,1989-02-15,320.59753,330.95627,323.6662,322.84714,272.39124,344.74667,329.19922,292.2364,302.37503,304.97144,251.63031,320.78082,329.22888,326.3603,342.12332,329.83817,323.6325,321.39426,321.25253,306.83807,274.30444,300.06848,292.98502,295.4394,297.51382,335.02628,-127045.805,9023.5625,3297.581,-83956.23,3100.0,1500.0,150009.8,3645.6985,22414.775,138952.55,30308.023,-12.887924,6015.461,66720.1,4847.5234
449,1989-02-22,320.58517,330.9601,323.67554,322.85468,272.39087,344.739,329.1874,292.36832,302.37173,304.9684,251.63028,320.78137,329.19373,326.32727,342.12344,329.84476,323.6311,321.378,321.20013,306.71786,274.30444,300.06796,292.98526,295.43845,297.51187,335.02628,-126651.695,9649.5205,3294.795,-83963.266,3100.0,1500.0,150418.6,3641.914,21974.602,136909.17,30280.172,-13.037498,5997.1826,66726.65,4846.6753
450,1989-03-01,320.5398,330.9499,323.6675,322.84558,272.3905,344.73236,329.1751,292.33414,302.36978,304.96295,251.63025,320.777,329.1942,326.31793,342.12335,329.83722,323.62402,321.3309,321.19128,306.6947,274.30444,300.06738,292.98547,295.43628,297.5099,335.02628,-126423.74,9712.885,3305.5933,-83962.97,3100.0,1500.0,150394.78,3637.9712,21816.182,136753.2,30284.867,-13.06929,6016.1406,66720.8,4845.903
451,1989-03-08,320.53427,330.94302,323.66504,322.84283,272.39017,344.7581,329.16266,292.37622,302.36896,304.9632,251.63022,320.77252,329.19998,326.31332,342.12302,329.83066,323.61417,321.3278,321.19983,306.7366,274.30444,300.06668,292.98566,295.43475,297.50757,335.02628,-126439.78,9484.842,3313.6038,-83958.37,3100.0,1500.0,150375.0,3633.5513,21984.328,137222.25,30298.799,-13.11895,5984.4526,66716.79,4845.1025
452,1989-03-15,320.58447,330.95374,323.67188,322.85074,272.38986,344.76813,329.15027,292.4092,302.36893,304.96805,251.6302,320.77063,329.24142,326.3538,342.12286,329.83502,323.60867,321.3768,321.24466,306.82538,274.30444,300.06595,292.98578,295.43817,297.50543,335.02628,-126967.555,9066.397,3310.8167,-83956.82,3100.0,1500.0,150055.4,3628.877,22400.287,138825.22,30308.97,-13.208321,5995.2837,66718.11,4844.159
453,1989-03-22,320.59006,330.96408,323.68433,322.86368,272.3896,344.73642,329.13834,292.46643,302.3695,304.9674,251.63019,320.77365,329.24905,326.36688,342.12332,329.84183,323.6122,321.37308,321.2473,306.76974,274.30444,300.06528,292.9859,295.43683,297.50418,335.02628,-127193.22,9330.657,3312.4412,-83957.695,3100.0,1500.0,150091.88,3624.3777,22174.201,138565.31,30296.54,-13.288506,5946.74,66720.09,4842.9277
454,1989-03-29,320.60104,330.9619,323.68832,322.86652,272.3893,344.70395,329.12708,292.672,302.37048,304.96783,251.63022,320.77618,329.25485,326.35098,342.12363,329.84418,323.615,321.37097,321.24268,306.81555,274.30444,300.06458,292.98596,295.4361,297.50302,335.02628,-127191.69,9072.857,3314.2988,-83961.59,3100.0,1500.0,150125.48,3620.0303,22319.043,138661.77,30307.172,-13.419235,5865.469,66724.88,4840.733
455,1989-04-05,320.62622,330.96265,323.68893,322.86627,272.38907,344.72232,329.1167,292.85495,302.37177,304.96878,251.63028,320.77707,329.26562,326.34528,342.12366,329.8419,323.61624,321.39825,321.2474,306.84116,274.30444,300.0639,292.98596,295.4381,297.50208,335.02628,-127230.55,8986.154,3311.1626,-83967.99,3100.0,1500.0,150078.2,3615.83,22472.762,138826.4,30304.04,-13.581139,5803.359,66732.13,4837.255
456,1989-04-12,320.646,330.9705,323.69177,322.87006,272.38882,344.79358,329.10733,292.9552,302.37347,304.96857,251.63037,320.7781,329.27124,326.37085,342.12375,329.84793,323.6189,321.41855,321.26132,306.8433,274.30447,300.06326,292.98593,295.4441,297.50168,335.02628,-127425.516,9001.917,3302.341,-83977.82,3100.0,1500.0,150000.1,3611.9468,22505.11,139178.86,30288.541,-13.769356,5789.9727,66742.98,4833.2617
457,1989-04-19,320.6576,330.98795,323.70038,322.8791,272.3886,344.81232,329.09933,292.81436,302.37567,304.968,251.63048,320.78085,329.29837,326.39243,342.12415,329.86325,323.62445,321.44232,321.28156,306.84604,274.30447,300.06265,292.98587,295.44452,297.502,335.02628,-127745.72,9039.022,3302.9204,-83987.984,3100.0,1500.0,149746.67,3608.4211,22553.4,139649.34,30283.646,-13.85878,5886.775,66745.695,4829.617
458,1989-04-26,320.68878,331.0064,323.71118,322.8904,272.38846,344.81326,329.09293,292.86288,302.37836,304.9697,251.63058,320.78555,329.3168,326.41116,342.125,329.8823,323.6327,321.46954,321.30298,306.88666,274.30447,300.062,292.98575,295.44376,297.5024,335.02628,-128117.88,8839.088,3306.1719,-83987.93,3100.0,1500.0,149630.25,3605.2805,22710.771,140328.2,30291.537,-13.92366,5788.6978,66746.64,4826.8164
459,1989-05-03,320.7214,331.02124,323.72015,322.89978,272.3883,344.85858,329.08817,293.24203,302.38132,304.97156,251.63069,320.7913,329.32794,326.42786,342.12585,329.89752,323.64453,321.49405,321.3143,306.90884,274.30447,300.0614,292.9856,295.44788,297.50296,335.02628,-128373.9,8741.85,3294.564,-84000.2,3100.0,1500.0,149560.47,3602.67,22806.104,140644.06,30279.988,-14.190575,5658.9204,66765.62,4824.223
460,1989-05-10,320.71274,331.02356,323.72238,322.9012,272.38818,344.92224,329.08493,293.43146,302.38446,304.9689,251.6308,320.79617,329.31268,326.40466,342.1265,329.90582,323.6564,321.4821,321.2899,306.85513,274.30447,300.0608,292.9854,295.45337,297.50412,335.02628,-128186.78,9018.566,3282.7234,-84018.95,3100.0,1500.0,149700.7,3600.773,22571.422,139680.5,30252.922,-14.439621,5611.5483,66782.96,4821.8984
461,1989-05-17,320.7158,331.0302,323.72214,322.90137,272.38812,344.96884,329.08328,293.36954,302.38794,304.9686,251.6309,320.79794,329.33237,326.42688,342.12674,329.91306,323.6613,321.4906,321.3111,306.8855,274.30447,300.06027,292.9852,295.45807,297.50558,335.02628,-128393.11,8881.804,3275.5269,-84036.836,3100.0,1500.0,149492.55,3599.3865,22685.615,140412.77,30247.057,-14.615349,5686.435,66793.69,4820.2705
462,1989-05-24,320.73843,331.042,323.73022,322.9103,272.38806,345.0081,329.08316,293.256,302.39188,304.97073,251.63098,320.80182,329.34653,326.4444,342.12714,329.92657,323.66733,321.51178,321.33063,306.90848,274.30447,300.05972,292.98492,295.461,297.50735,335.02628,-128712.12,8777.068,3270.8794,-84045.52,3100.0,1500.0,149422.03,3598.4448,22781.871,140953.39,30243.877,-14.715065,5706.3257,66799.31,4819.6685
463,1989-05-31,320.76443,331.05505,323.73856,322.91898,272.38806,345.03284,329.08453,293.38943,302.39618,304.9729,251.63104,320.8071,329.36203,326.4604,342.12762,329.94022,323.6772,321.53314,321.343,306.93036,274.30447,300.05933,292.98465,295.46524,297.50934,335.02628,-128969.86,8678.867,3259.6213,-84057.29,3100.0,1500.0,149293.28,3598.0952,22873.738,141327.22,30234.291,-14.902084,5637.725,66814.27,4819.63
464,1989-06-07,320.75595,331.05527,323.74158,322.921,272.38812,345.0529,329.08725,293.5489,302.40057,304.97122,251.6311,320.812,329.35126,326.43594,342.12817,329.94427,323.68808,321.5246,321.32315,306.8834,274.30447,300.0591,292.98438,295.46884,297.51166,335.02628,-128824.68,8922.061,3248.245,-84075.086,3100.0,1500.0,149432.86,3598.4155,22670.496,140479.61,30211.553,-15.113335,5588.8774,66831.59,4819.6733
465,1989-06-14,320.76096,331.05975,323.74023,322.9205,272.38818,345.07217,329.09106,293.55798,302.40503,304.97195,251.63116,320.81406,329.35718,326.45966,342.1283,329.94708,323.69342,321.5276,321.3384,306.91284,274.30447,300.059,292.98404,295.47238,297.51395,335.02628,-128974.375,8754.998,3240.1182,-84091.65,3100.0,1500.0,149320.3,3599.182,22762.56,141090.12,30209.08,-15.266106,5611.7466,66843.01,4819.7197
466,1989-06-21,320.76477,331.0683,323.74493,322.9256,272.3883,345.08496,329.0958,293.38602,302.40955,304.9725,251.63121,320.8174,329.36246,326.4627,342.12857,329.95706,323.69855,321.53787,321.344,306.89325,274.30447,300.05887,292.9837,295.47638,297.51624,335.02628,-129105.375,8840.854,3233.3848,-84102.51,3100.0,1500.0,149268.39,3600.3389,22710.895,141089.83,30197.422,-15.338547,5704.153,66848.65,4819.707
467,1989-06-28,320.78787,331.0775,323.74957,322.93076,272.38846,345.09262,329.10123,293.3673,302.414,304.97522,251.63127,320.82104,329.37433,326.47864,342.12894,329.96692,323.7044,321.5568,321.36002,306.94336,274.30447,300.05875,292.98337,295.48135,297.51855,335.02628,-129340.45,8637.878,3222.9353,-84109.4,3100.0,1500.0,149171.14,3601.8264,22897.33,141670.97,30193.744,-15.425781,5663.254,66858.53,4819.5107
468,1989-07-05,320.79483,331.08072,323.75345,322.93408,272.38864,345.09473,329.10724,293.56058,302.41827,304.97598,251.63133,320.82516,329.3735,326.46777,342.12933,329.9716,323.71274,321.56317,321.35098,306.92322,274.30447,300.05878,292.98303,295.48523,297.52124,335.02628,-129315.35,8760.534,3207.1482,-84126.914,3100.0,1500.0,149212.97,3603.66,22820.732,141251.7,30173.771,-15.621529,5597.073,66878.76,4819.0967
469,1989-07-12,320.78146,331.0801,323.75168,322.93256,272.38885,345.08066,329.11368,293.62625,302.42227,304.9748,251.6314,320.82745,329.36234,326.4685,342.12952,329.97348,323.7179,321.55054,321.34787,306.89993,274.30447,300.059,292.9827,295.48657,297.52393,335.02628,-129271.36,8885.496,3199.7166,-84145.06,3100.0,1500.0,149269.9,3605.811,22694.94,141012.55,30161.91,-15.750488,5585.88,66891.13,4818.586
470,1989-07-19,320.78497,331.08435,323.7521,322.9332,272.3891,345.0868,329.1203,293.38016,302.42606,304.97598,251.63145,320.829,329.37192,326.4768,342.12955,329.97498,323.7203,321.55707,321.3539,306.9247,274.30447,300.0593,292.98236,295.4866,297.5262,335.02628,-129347.07,8769.3,3199.6013,-84155.45,3100.0,1500.0,149163.5,3608.0474,22788.535,141330.02,30169.367,-15.742783,5741.748,66889.93,4818.355
471,1989-07-26,320.80988,331.09122,323.7568,322.9386,272.38937,345.087,329.12698,293.25482,302.42966,304.9792,251.63152,320.83157,329.38373,326.4908,342.12976,329.9826,323.72327,321.57828,321.37292,306.9572,274.30447,300.05963,292.98206,295.4899,297.52823,335.02628,-129605.68,8611.928,3195.771,-84151.86,3100.0,1500.0,149090.27,3610.3125,22927.496,141925.92,30170.887,-15.706345,5708.7197,66889.34,4818.4287
472,1989-08-02,320.83032,331.0984,323.7629,322.94495,272.38965,345.097,329.1336,293.50394,302.43292,304.98172,251.63156,320.83557,329.3936,326.49884,342.13007,329.9913,323.7287,321.59583,321.3814,306.9643,274.30447,300.06006,292.98175,295.49506,297.53058,335.02628,-129789.44,8595.163,3176.9624,-84164.27,3100.0,1500.0,149040.6,3612.6724,22967.215,142102.56,30153.621,-15.885712,5622.6196,66909.95,4818.5806
473,1989-08-09,320.8115,331.0929,323.76138,322.94257,272.38995,345.11633,329.14014,293.48822,302.43573,304.97986,251.6316,320.83884,329.36407,326.46942,342.1303,329.98987,323.73395,321.5723,321.34888,306.90698,274.30444,300.06055,292.98148,295.4945,297.5332,335.02628,-129465.234,8870.885,3171.5044,-84180.6,3100.0,1500.0,149271.81,3615.1826,22698.576,140921.9,30140.904,-15.951019,5663.709,66918.445,4818.745
474,1989-08-16,320.81097,331.0932,323.75806,322.93906,272.39026,345.13492,329.14664,293.28662,302.43823,304.98062,251.63165,320.8385,329.38992,326.48846,342.13016,329.98584,323.73303,321.57455,321.36368,306.94415,274.30444,300.06107,292.98123,295.49448,297.53528,335.02628,-129553.7,8687.749,3173.1304,-84184.64,3100.0,1500.0,149042.28,3617.6052,22835.412,141620.78,30151.81,-15.894424,5752.6636,66914.68,4818.9224
475,1989-08-23,320.831,331.0977,323.76535,322.94604,272.39056,345.15207,329.15314,293.28354,302.44046,304.98343,251.6317,320.84033,329.41006,326.49408,342.13022,329.99164,323.73526,321.59595,321.37878,306.96396,274.30444,300.06155,292.98102,295.49625,297.53705,335.02628,-129785.64,8607.082,3168.0215,-84183.75,3100.0,1500.0,148991.69,3619.9026,22939.357,142043.14,30150.506,-15.891716,5704.213,66917.69,4819.171
476,1989-08-30,320.8479,331.10367,323.7712,322.95212,272.39087,345.1641,329.1597,293.48108,302.44235,304.98544,251.63171,320.84357,329.4171,326.50623,342.1304,329.99814,323.74026,321.61172,321.3877,306.97076,274.30444,300.062,292.9808,295.4993,297.5389,335.02628,-129965.77,8588.743,3155.0212,-84193.586,3100.0,1500.0,148963.45,3622.2578,22976.973,142251.33,30139.648,-16.013039,5634.545,66932.05,4820.0684
477,1989-09-06,320.8382,331.1017,323.76917,322.95026,272.39117,345.1668,329.16635,293.5747,302.44394,304.98438,251.63176,320.84647,329.3779,326.48697,342.13058,330.0003,323.74527,321.59863,321.35916,306.93253,274.30444,300.06244,292.98065,295.4993,297.5409,335.02628,-129688.664,8778.222,3148.8665,-84206.56,3100.0,1500.0,149199.53,3624.7312,22800.664,141266.55,30129.11,-16.09871,5608.5557,66941.3,4819.998
478,1989-09-13,320.83655,331.0984,323.76398,322.94586,272.39148,345.17734,329.17303,293.5368,302.44537,304.98517,251.63173,320.8464,329.3861,326.48953,342.1305,329.997,323.7453,321.59732,321.37802,306.95367,274.30444,300.06287,292.98056,295.50208,297.54254,335.02628,-129802.82,8664.681,3143.6433,-84214.95,3100.0,1500.0,149091.4,3627.1704,22866.635,141834.69,30128.424,-16.145927,5649.272,66945.9,4823.1216
479,1989-09-20,320.84207,331.09955,323.7649,322.94727,272.39178,345.18884,329.17975,293.38934,302.44687,304.98657,251.6317,320.8477,329.38242,326.49347,342.13043,329.99646,323.74774,321.60547,321.3776,306.95532,274.30444,300.0634,292.98047,295.4995,297.5442,335.02628,-129831.35,8673.062,3144.571,-84218.195,3100.0,1500.0,149109.12,3629.5703,22884.418,141799.25,30133.336,-16.11811,5709.1743,66943.64,4825.4414
480,1989-09-27,320.8534,331.1039,323.7662,322.94943,272.3921,345.19843,329.1865,293.4107,302.4484,304.988,251.63167,320.84918,329.38446,326.50427,342.13046,330.00085,323.751,321.61856,321.39023,306.9695,274.30444,300.06393,292.98044,295.49832,297.54544,335.02628,-129985.195,8613.732,3145.154,-84215.6,3100.0,1500.0,149063.12,3632.0022,22952.14,142140.72,30137.998,-16.104118,5660.4253,66942.28,4826.7983
481,1989-10-04,320.839,331.10455,323.7686,322.9518,272.3924,345.20905,329.1932,293.3893,302.44974,304.98648,251.63165,320.85147,329.386,326.50125,342.13058,330.00443,323.75552,321.6178,321.38776,306.92422,274.30444,300.06445,292.98044,295.49777,297.54645,335.02628,-130003.164,8876.612,3143.5286,-84218.1,3100.0,1500.0,149080.25,3634.52,22795.436,141761.55,30127.46,-16.112045,5715.222,66942.8,4827.8438
482,1989-10-11,320.8149,331.09595,323.7639,322.94626,272.39267,345.21933,329.19983,293.258,302.45087,304.98444,251.63162,320.8523,329.3574,326.47458,342.13058,329.99725,323.7583,321.58905,321.35718,306.89676,274.30444,300.0649,292.98047,295.49866,297.54712,335.02628,-129645.35,8973.196,3145.5002,-84213.21,3100.0,1500.0,149286.28,3637.063,22627.156,140867.22,30126.744,-16.038826,5738.2827,66937.41,4828.84
483,1989-10-18,320.81558,331.09558,323.759,322.94202,272.39294,345.22876,329.20648,293.27988,302.45175,304.98615,251.63159,320.8504,329.37042,326.49252,342.1303,329.9934,323.75626,321.59048,321.3751,306.9345,274.3044,300.06546,292.98053,295.49835,297.5477,335.02628,-129747.23,8775.875,3142.3667,-84212.83,3100.0,1500.0,149120.2,3639.4702,22774.494,141613.27,30134.184,-16.039253,5730.253,66939.35,4830.001
484,1989-10-25,320.7971,331.0945,323.75894,322.94193,272.3932,345.2375,329.21304,292.91226,302.45233,304.98465,251.63156,320.85034,329.3505,326.4813,342.13028,329.99228,323.75696,321.5838,321.3561,306.8821,274.3044,300.06604,292.98065,295.4959,297.54825,335.02628,-129566.17,9069.706,3148.6353,-84210.03,3100.0,1500.0,149275.19,3641.9177,22595.662,140807.12,30132.447,-15.876793,5948.549,66926.67,4831.59
485,1989-11-01,320.77545,331.08975,323.7534,322.93597,272.39343,345.23904,329.2196,292.317,302.45255,304.98297,251.63148,320.8486,329.34277,326.4676,342.13016,329.98822,323.75485,321.55765,321.3449,306.8701,274.3044,300.0666,292.98077,295.48904,297.54825,335.02628,-129376.13,9085.813,3169.9966,-84186.22,3100.0,1500.0,149296.0,3644.3945,22499.361,140555.95,30157.518,-15.480797,6142.56,66895.31,4833.8125
486,1989-11-08,320.76218,331.07007,323.746,322.92764,272.39362,345.19824,329.2261,292.4019,302.45206,304.98276,251.63141,320.84573,329.3229,326.43442,342.12988,329.97537,323.75046,321.53943,321.32666,306.87213,274.3044,300.06714,292.98096,295.4834,297.54742,335.02628,-129069.44,9043.981,3181.0244,-84158.89,3100.0,1500.0,149533.89,3646.7925,22491.152,140093.97,30173.23,-15.265778,5979.062,66882.43,4836.3457
487,1989-11-15,320.78726,331.06882,323.743,322.92535,272.3938,345.13406,329.2324,292.86096,302.45044,304.98657,251.63132,320.842,329.34973,326.4695,342.12912,329.9663,323.74432,321.5614,321.355,306.93417,274.3044,300.0677,292.98114,295.48837,297.54626,335.02628,-129297.945,8733.235,3166.977,-84156.8,3100.0,1500.0,149274.62,3649.0674,22770.535,141256.45,30171.305,-15.344147,5830.1753,66895.805,4838.7593
488,1989-11-22,320.7789,331.0701,323.74524,322.92825,272.3939,345.1085,329.23816,292.4827,302.44788,304.9858,251.63123,320.84195,329.32092,326.4505,342.129,329.96622,323.7443,321.56747,321.34348,306.87598,274.3044,300.0682,292.98135,295.48438,297.54587,335.02628,-129224.52,9079.778,3170.8083,-84161.5,3100.0,1500.0,149501.2,3651.3914,22596.262,140471.38,30167.775,-15.16732,6117.908,66884.28,4840.645
489,1989-11-29,320.76834,331.05542,323.73743,322.92044,272.39395,345.07773,329.24307,291.51865,302.44495,304.9846,251.63113,320.84045,329.30106,326.4233,342.1288,329.95883,323.74265,321.55124,321.3322,306.8774,274.3044,300.0687,292.98163,295.47223,297.54498,335.02628,-129015.42,9030.602,3207.0293,-84128.875,3100.0,1500.0,149664.45,3653.609,22557.22,140169.42,30213.234,-14.550919,6476.299,66832.8,4842.027
490,1989-12-06,320.73517,331.0315,323.7262,322.90756,272.39398,345.04626,329.24695,291.0339,302.44153,304.98077,251.63106,320.8364,329.27805,326.39844,342.1281,329.94086,323.73608,321.5108,321.28406,306.8216,274.3044,300.0691,292.98187,295.4609,297.54294,335.02628,-128390.36,9275.141,3239.1885,-84077.13,3100.0,1500.0,149886.78,3655.5986,22306.055,138872.12,30240.607,-13.9729,6552.628,66788.72,4843.192
491,1989-12-13,320.7484,331.02542,323.72095,322.90338,272.39395,345.0073,329.24954,291.48755,302.43692,304.98334,251.63097,320.8302,329.3004,326.42612,342.12708,329.9294,323.72513,321.52438,321.32816,306.8997,274.3044,300.06937,292.98218,295.46246,297.54,335.02628,-128699.91,8868.959,3238.4937,-84042.38,3100.0,1500.0,149686.17,3657.0652,22636.43,140448.5,30252.436,-13.802513,6233.2793,66785.38,4844.242
492,1989-12-20,320.74557,331.02652,323.72464,322.90683,272.39386,344.97427,329.25055,291.917,302.43082,304.98355,251.63089,320.82877,329.2913,326.42896,342.12665,329.919,323.7226,321.52225,321.30124,306.85214,274.3044,300.0697,292.98248,295.46176,297.53784,335.02628,-128508.12,9115.997,3226.8833,-84048.54,3100.0,1500.0,149786.31,3658.1196,22478.967,139610.06,30236.086,-13.842125,6195.7085,66798.164,4845.272
493,1989-12-27,320.7237,331.01224,323.7179,322.89944,272.39368,344.95514,329.24988,291.33356,302.42395,304.98093,251.6308,320.8256,329.26175,326.39597,342.12637,329.90756,323.71912,321.50742,321.2822,306.83197,274.3044,300.06995,292.9828,295.45453,297.5359,335.02628,-128196.84,9216.889,3248.2466,-84037.41,3100.0,1500.0,150027.31,3658.793,22402.172,138968.56,30258.83,-13.4374695,6499.974,66766.4,4846.4395
494,1990-01-03,320.68372,330.99612,323.70486,322.8868,272.39346,344.9265,329.24756,290.5936,302.41696,304.97644,251.6307,320.82028,329.22836,326.37692,342.12576,329.89474,323.71252,321.4745,321.2646,306.7767,274.3044,300.07004,292.98312,295.4425,297.5332,335.02628,-127846.48,9473.998,3284.23,-83996.195,3100.0,1500.0,150193.25,3658.8909,22171.096,138261.56,30288.371,-12.836502,6748.28,66717.39,4847.7646
495,1990-01-10,320.68546,330.99463,323.69644,322.88046,272.3932,344.89307,329.24368,290.69647,302.4098,304.97736,251.6306,320.8146,329.2174,326.39148,342.12518,329.89014,323.70322,321.47226,321.2836,306.83237,274.3044,300.07004,292.98343,295.43817,297.5295,335.02628,-127926.49,9158.791,3301.413,-83950.4,3100.0,1500.0,150089.1,3658.2332,22380.148,139097.31,30315.182,-12.498016,6521.6465,66695.266,4848.9424
496,1990-01-17,320.6925,330.99576,323.6988,322.87985,272.39288,344.85928,329.23834,291.49655,302.40195,304.97775,251.63051,320.81128,329.2554,326.36877,342.12524,329.88434,323.6975,321.4827,321.2626,306.82324,274.3044,300.07004,292.98376,295.441,297.5261,335.02628,-127707.05,9230.46,3286.3203,-83945.8,3100.0,1500.0,149871.89,3657.0027,22404.047,138616.33,30296.773,-12.634964,6224.8843,66715.19,4849.6514
497,1990-01-24,320.62534,330.98587,323.6874,322.8671,272.3925,344.82477,329.2315,291.89655,302.39374,304.9699,251.63043,320.80594,329.184,326.31735,342.12537,329.86942,323.68857,321.41827,321.20804,306.69235,274.3044,300.06992,292.9841,295.43973,297.52344,335.02628,-126983.93,9849.882,3283.8833,-83958.02,3100.0,1500.0,150357.67,3655.5005,21840.443,136552.64,30269.125,-12.727203,6127.9404,66725.23,4849.643
498,1990-01-31,320.57135,330.9635,323.66595,322.84644,272.3921,344.78717,329.22305,292.0282,302.3861,304.966,251.63037,320.796,329.14505,326.29507,342.125,329.85147,323.66956,321.3638,321.1976,306.70047,274.30444,300.06958,292.9844,295.4372,297.5205,335.02628,-126563.43,9733.3,3293.17,-83961.875,3100.0,1500.0,150542.39,3653.3152,21798.57,136451.39,30281.443,-12.747803,6100.664,66722.305,4849.129
499,1990-02-07,320.53934,330.9463,323.65616,322.83713,272.39166,344.7595,329.213,292.08948,302.37976,304.96442,251.63033,320.78662,329.1515,326.30334,342.12408,329.83572,323.6484,321.34305,321.19733,306.69077,274.30444,300.06915,292.98468,295.4361,297.5173,335.02628,-126418.266,9773.791,3299.788,-83959.46,3100.0,1500.0,150505.8,3650.399,21783.309,136594.19,30283.836,-12.781746,6088.831,66718.016,4848.3604
500,1990-02-14,320.5989,330.95654,323.6664,322.8474,272.39127,344.74988,329.20187,292.23633,302.37497,304.97183,251.6303,320.78122,329.22913,326.36063,342.12335,329.83853,323.63345,321.39545,321.253,306.8386,274.30444,300.06863,292.98495,295.43967,297.5142,335.02628,-127055.055,9022.372,3295.957,-83957.055,3100.0,1500.0,150007.89,3646.723,22416.246,138960.94,30307.225,-12.890778,6015.6616,66720.984,4847.483
501,1990-02-21,320.5865,330.9604,323.67575,322.85492,272.39087,344.7422,329.19003,292.36826,302.3717,304.96878,251.63026,320.78174,329.19394,326.3276,342.12347,329.84512,323.63202,321.37915,321.20056,306.71835,274.30444,300.0681,292.98523,295.43872,297.51227,335.02628,-126660.54,9648.329,3293.2861,-83964.04,3100.0,1500.0,150416.8,3642.91,21975.984,136917.19,30279.383,-13.040474,5997.377,66727.516,4846.6357
502,1990-02-28,320.54105,330.95016,323.66772,322.84583,272.3905,344.7355,329.1777,292.3341,302.36975,304.96332,251.63023,320.77734,329.19443,326.31827,342.12335,329.83755,323.6249,321.332,321.1917,306.6952,274.30444,300.06754,292.98544,295.43655,297.51028,335.02628,-126432.19,9711.693,3303.8516,-83963.88,3100.0,1500.0,150393.06,3638.9458,21817.48,136760.86,30284.082,-13.072281,6016.325,66721.67,4845.8643
503,1990-03-07,320.5355,330.94327,323.66522,322.84305,272.3902,344.76123,329.1652,292.37622,302.36893,304.96353,251.6302,320.77286,329.2002,326.31363,342.12302,329.83096,323.61502,321.32886,321.20023,306.73706,274.30444,300.06683,292.98563,295.43503,297.50797,335.02628,-126447.81,9483.805,3312.095,-83959.14,3100.0,1500.0,150373.36,3634.5059,21985.562,137229.55,30298.023,-13.121979,5984.6323,66717.67,4845.064
504,1990-03-14,320.58563,330.95398,323.67206,322.85095,272.3899,344.77127,329.15277,292.4092,302.36893,304.96838,251.63019,320.77094,329.2416,326.35406,342.1229,329.83533,323.60947,321.3778,321.24506,306.8258,274.30444,300.0661,292.98578,295.43845,297.5058,335.02628,-126975.16,9065.397,3309.5388,-83957.73,3100.0,1500.0,150053.83,3629.8123,22401.451,138832.16,30308.201,-13.211449,5995.4575,66718.984,4844.121
505,1990-03-21,320.59116,330.96432,323.6845,322.8639,272.3896,344.73953,329.14078,292.46643,302.36948,304.96774,251.63017,320.77396,329.24924,326.36716,342.12332,329.84213,323.61298,321.37405,321.24768,306.77017,274.30444,300.06543,292.98587,295.4371,297.50455,335.02628,-127200.47,9329.739,3310.9329,-83958.64,3100.0,1500.0,150090.39,3625.2947,22175.291,138571.95,30295.781,-13.291595,5946.909,66720.95,4842.8906
506,1990-03-28,320.6021,330.96213,323.68848,322.8667,272.38934,344.70703,329.1295,292.672,302.37045,304.96817,251.63019,320.7765,329.255,326.35126,342.12366,329.84445,323.61572,321.3719,321.243,306.81595,274.30444,300.06476,292.98593,295.43637,297.50342,335.02628,-127198.51,9071.741,3313.0215,-83962.516,3100.0,1500.0,150124.05,3620.9312,22320.072,138668.11,30306.42,-13.422462,5865.634,66725.74,4840.6953
507,1990-04-04,320.62723,330.96286,323.6891,322.86646,272.38907,344.7254,329.11908,292.85498,302.37177,304.9691,251.63026,320.77737,329.2658,326.34552,342.12366,329.84216,323.61694,321.39914,321.24774,306.84155,274.30444,300.0641,292.98596,295.4384,297.50247,335.02628,-127237.1,8985.307,3309.8872,-83968.71,3100.0,1500.0,150076.86,3616.7153,22473.732,138832.48,30303.297,-13.584251,5803.519,66732.984,4837.2183
508,1990-04-11,320.64697,330.97067,323.69193,322.87024,272.38885,344.79663,329.10968,292.95523,302.37347,304.96887,251.63036,320.77838,329.2714,326.37106,342.12375,329.84818,323.61957,321.4194,321.26163,306.8437,274.30447,300.06345,292.98593,295.44434,297.50204,335.02628,-127431.86,9001.072,3301.2966,-83978.63,3100.0,1500.0,149998.8,3612.818,22506.018,139184.66,30287.805,-13.772507,5790.128,66743.82,4833.2256
509,1990-04-18,320.6585,330.98813,323.70053,322.87924,272.38864,344.81537,329.10162,292.81442,302.37567,304.9683,251.63046,320.7811,329.2985,326.39267,342.12418,329.8635,323.6251,321.4431,321.28183,306.8464,274.30447,300.06284,292.98587,295.4448,297.50238,335.02628,-127751.664,9038.06,3301.5288,-83988.84,3100.0,1500.0,149745.44,3609.2793,22554.271,139654.89,30282.924,-13.861893,5886.927,66746.52,4829.582
510,1990-04-25,320.68967,331.0066,323.7113,322.89056,272.3885,344.81628,329.0952,292.86295,302.3784,304.96997,251.63057,320.78577,329.31693,326.41138,342.12503,329.88254,323.6333,321.47034,321.30328,306.887,274.30447,300.0622,292.98578,295.44403,297.50278,335.02628,-128123.57,8838.202,3305.0117,-83988.81,3100.0,1500.0,149629.06,3606.1262,22711.59,140333.52,30290.82,-13.926773,5788.845,66747.484,4826.782
511,1990-05-02,320.72226,331.0214,323.72028,322.89993,272.38834,344.86157,329.0904,293.2421,302.38135,304.97186,251.63068,320.79153,329.32806,326.42807,342.1259,329.89774,323.6451,321.4948,321.31458,306.90918,274.30447,300.06158,292.98563,295.44815,297.50333,335.02628,-128379.336,8741.116,3293.171,-84001.1,3100.0,1500.0,149559.34,3603.5034,22806.87,140649.14,30279.28,-14.193733,5659.063,66766.44,4824.1895
512,1990-05-09,320.71356,331.0237,323.7225,322.90134,272.3882,344.92526,329.08716,293.43152,302.38446,304.96918,251.63078,320.7964,329.3128,326.40485,342.1265,329.906,323.65695,321.4828,321.29016,306.85547,274.30447,300.061,292.98544,295.4536,297.50446,335.02628,-128192.07,9017.758,3281.5637,-84019.945,3100.0,1500.0,149699.61,3601.595,22572.14,139685.39,30252.225,-14.44281,5611.688,66783.78,4821.8647
513,1990-05-16,320.71655,331.03036,323.72226,322.90152,272.38815,344.97183,329.08545,293.3696,302.38794,304.9689,251.63089,320.79816,329.3325,326.42706,342.12674,329.91324,323.6618,321.49127,321.31134,306.88583,274.30447,300.06046,292.98523,295.4583,297.50595,335.02628,-128398.02,8880.959,3274.1328,-84037.48,3100.0,1500.0,149491.52,3600.1975,22686.291,140417.42,30246.37,-14.618523,5686.572,66794.49,4820.237
514,1990-05-23,320.73917,331.04214,323.73035,322.91043,272.3881,345.01105,329.08533,293.25607,302.39188,304.971,251.63097,320.802,329.34665,326.44458,342.12714,329.9268,323.66785,321.51242,321.33084,306.90878,274.30447,300.05994,292.985,295.46124,297.5077,335.02628,-128716.79,8776.414,3269.4907,-84046.336,3100.0,1500.0,149421.06,3599.2456,22782.51,140957.84,30243.195,-14.718315,5706.459,66800.12,4819.636
515,1990-05-30,320.76514,331.0552,323.73868,322.9191,272.3881,345.03577,329.08667,293.3895,302.39618,304.97318,251.63103,320.80728,329.36215,326.46057,342.12762,329.9404,323.67767,321.53378,321.34323,306.93066,274.30447,300.05954,292.9847,295.4655,297.50967,335.02628,-128974.38,8678.098,3258.344,-84057.99,3100.0,1500.0,149292.33,3598.886,22874.336,141331.48,30233.62,-14.9051895,5637.8555,66815.08,4819.597
516,1990-06-06,320.75662,331.0554,323.7417,322.9211,272.38815,345.05582,329.08936,293.54895,302.4006,304.9715,251.63109,320.81216,329.35135,326.43613,342.12817,329.94443,323.68854,321.52518,321.32336,306.88367,274.30447,300.05933,292.9844,295.4691,297.51202,335.02628,-128829.016,8921.406,3246.8518,-84075.63,3100.0,1500.0,149431.94,3599.1963,22671.057,140483.67,30210.89,-15.11647,5589.0054,66832.375,4819.641
517,1990-06-13,320.7616,331.05988,323.74036,322.9206,272.3882,345.0751,329.09314,293.55804,302.40506,304.97223,251.63115,320.81424,329.3573,326.4598,342.1283,329.94724,323.69385,321.52817,321.33862,306.91312,274.30447,300.0592,292.9841,295.47263,297.51428,335.02628,-128978.48,8754.383,3238.7249,-84092.266,3100.0,1500.0,149319.42,3599.9539,22763.084,141094.05,30208.428,-15.269211,5611.8706,66843.8,4819.689
518,1990-06-20,320.76538,331.06845,323.74503,322.92572,272.38834,345.08786,329.09784,293.3861,302.40955,304.97278,251.6312,320.81757,329.36255,326.46286,342.12857,329.9572,323.69897,321.53842,321.3442,306.89352,274.30447,300.05905,292.9838,295.47662,297.51657,335.02628,-129109.32,8840.199,3231.8748,-84103.46,3100.0,1500.0,149267.58,3601.101,22711.387,141093.56,30196.781,-15.341667,5704.2744,66849.42,4819.6763
519,1990-06-27,320.78845,331.07764,323.74966,322.93088,272.3885,345.09552,329.10327,293.3674,302.41403,304.97546,251.63126,320.8212,329.37442,326.4788,342.12894,329.96707,323.70483,321.5573,321.36023,306.94363,274.30447,300.05896,292.98346,295.4816,297.5189,335.02628,-129344.21,8637.38,3221.426,-84110.27,3100.0,1500.0,149170.36,3602.58,22897.795,141674.55,30193.111,-15.428864,5663.3716,66859.305,4819.4805
520,1990-07-04,320.7954,331.0808,323.75354,322.93417,272.38867,345.0976,329.10925,293.56067,302.41827,304.97623,251.63132,320.82532,329.3736,326.46793,342.12933,329.97174,323.71313,321.5637,321.35117,306.92346,274.30447,300.059,292.98312,295.48547,297.52155,335.02628,-129318.97,8759.995,3206.219,-84127.82,3100.0,1500.0,149212.22,3604.4062,22821.162,141255.14,30173.15,-15.624596,5597.188,66879.52,4819.0674
521,1990-07-11,320.782,331.0802,323.75174,322.93265,272.3889,345.08353,329.1157,293.62634,302.42227,304.97507,251.63138,320.8276,329.36243,326.46863,342.12952,329.9736,323.71826,321.55103,321.34802,306.90018,274.30447,300.0592,292.9828,295.48682,297.52423,335.02628,-129274.77,8885.033,3198.6716,-84145.81,3100.0,1500.0,149269.19,3606.5515,22695.344,141015.81,30161.293,-15.753532,5585.992,66891.89,4818.5566
522,1990-07-18,320.7855,331.08444,323.7522,322.9333,272.38913,345.08966,329.1223,293.38025,302.4261,304.97626,251.63144,320.82916,329.372,326.47693,342.12958,329.9751,323.72064,321.55753,321.3541,306.92496,274.30447,300.0595,292.98245,295.48682,297.52655,335.02628,-129350.43,8768.723,3198.207,-84156.15,3100.0,1500.0,149162.81,3608.783,22788.916,141333.17,30168.762,-15.7458725,5741.8594,66890.664,4818.326
523,1990-07-25,320.81036,331.09134,323.7569,322.9387,272.3894,345.08987,329.12894,293.2549,302.4297,304.97943,251.6315,320.8317,329.38382,326.49094,342.12976,329.98273,323.7236,321.5787,321.37308,306.95746,274.30447,300.05984,292.98215,295.4901,297.52856,335.02628,-129608.875,8611.386,3194.3765,-84152.664,3100.0,1500.0,149089.62,3611.0422,22927.852,141928.95,30170.287,-15.709389,5708.8267,66890.086,4818.4004
524,1990-08-01,320.8308,331.09848,323.76297,322.945,272.38968,345.09982,329.13556,293.50403,302.43295,304.98196,251.63155,320.8357,329.39368,326.49896,342.13007,329.99142,323.72903,321.59625,321.38156,306.9645,274.30444,300.06027,292.98184,295.49527,297.53088,335.02628,-129792.516,8594.7,3175.8013,-84165.16,3100.0,1500.0,149040.0,3613.397,22967.547,142105.47,30153.033,-15.888771,5622.724,66910.695,4818.552
525,1990-08-08,320.81195,331.093,323.76144,322.94266,272.38998,345.11917,329.1421,293.48834,302.43573,304.9801,251.63159,320.83896,329.36414,326.4695,342.1303,329.99,323.73425,321.5727,321.349,306.9072,274.30444,300.06076,292.9816,295.49472,297.5335,335.02628,-129468.11,8870.348,3170.228,-84181.445,3100.0,1500.0,149271.19,3615.9001,22698.885,140924.67,30140.322,-15.954033,5663.8125,66919.164,4818.718
526,1990-08-15,320.81143,331.0933,323.75815,322.93915,272.3903,345.13776,329.14856,293.28674,302.43823,304.98087,251.63164,320.8386,329.38998,326.48856,342.13016,329.98593,323.73334,321.57495,321.36383,306.94437,274.30444,300.06128,292.98132,295.4947,297.53558,335.02628,-129556.55,8687.172,3172.3174,-84185.34,3100.0,1500.0,149041.73,3618.3164,22835.7,141623.44,30151.244,-15.897415,5752.764,66915.4,4818.8945
527,1990-08-22,320.83142,331.09775,323.7654,322.94614,272.3906,345.15488,329.15506,293.28363,302.4405,304.98367,251.63168,320.84042,329.41013,326.4942,342.13022,329.99176,323.73557,321.5963,321.37894,306.96417,274.30444,300.06177,292.9811,295.49646,297.53735,335.02628,-129788.39,8606.62,3167.0918,-84184.59,3100.0,1500.0,148991.14,3620.6072,22939.627,142045.7,30149.945,-15.89476,5704.3105,66918.39,4819.1445
528,1990-08-29,320.84833,331.10373,323.77127,322.95218,272.3909,345.1669,329.1616,293.48117,302.4424,304.9857,251.6317,320.8437,329.41718,326.50632,342.1304,329.99823,323.74054,321.61206,321.38782,306.97098,274.30444,300.06223,292.98093,295.4995,297.5392,335.02628,-129968.336,8588.358,3153.9778,-84194.266,3100.0,1500.0,148962.94,3622.957,22977.219,142253.78,30139.096,-16.016068,5634.642,66932.76,4820.0415
529,1990-09-05,320.8386,331.10178,323.7692,322.95032,272.3912,345.1696,329.1682,293.57486,302.44397,304.98462,251.63174,320.84656,329.37793,326.48703,342.13058,330.0004,323.7455,321.59897,321.35925,306.9327,274.30444,300.06265,292.98077,295.49948,297.5412,335.02628,-129690.66,8777.644,3147.5906,-84207.19,3100.0,1500.0,149198.92,3625.426,22800.818,141268.55,30128.566,-16.101448,5608.638,66942.0,4819.972
530,1990-09-12,320.8369,331.09845,323.764,322.94592,272.3915,345.18015,329.17487,293.53696,302.4454,304.9854,251.63171,320.8465,329.38617,326.48962,342.13052,329.9971,323.74554,321.59763,321.3781,306.95386,274.30444,300.06308,292.98068,295.50226,297.54285,335.02628,-129805.02,8664.104,3142.366,-84215.63,3100.0,1500.0,149090.94,3627.859,22866.828,141836.81,30127.889,-16.148788,5649.357,66946.59,4823.095
531,1990-09-19,320.84244,331.0996,323.76492,322.9473,272.3918,345.19162,329.1816,293.38947,302.4469,304.98682,251.63168,320.84775,329.38245,326.49356,342.13043,329.99655,323.74796,321.60577,321.37772,306.9555,274.30444,300.0636,292.9806,295.4997,297.5445,335.02628,-129833.45,8672.6,3143.759,-84218.92,3100.0,1500.0,149108.69,3630.2554,22884.602,141801.33,30132.809,-16.120941,5709.26,66944.32,4825.4155
532,1990-09-26,320.85376,331.10397,323.76627,322.9495,272.39212,345.2012,329.18835,293.4108,302.4484,304.98822,251.63165,320.84927,329.3845,326.50436,342.13046,330.00095,323.75125,321.61887,321.39035,306.9697,274.30444,300.06415,292.98056,295.4985,297.54572,335.02628,-129987.29,8613.31,3143.7595,-84216.28,3100.0,1500.0,149062.72,3632.6865,22952.314,142142.73,30137.479,-16.107025,5660.5107,66942.96,4826.7725
533,1990-10-03,320.83932,331.1046,323.76865,322.95187,272.39243,345.2118,329.195,293.3894,302.44977,304.98672,251.63164,320.85156,329.38605,326.5013,342.1306,330.0045,323.75574,321.61807,321.38788,306.92438,274.3044,300.06467,292.98056,295.49796,297.54672,335.02628,-130005.18,8876.266,3142.4827,-84218.734,3100.0,1500.0,149079.86,3635.1987,22795.6,141763.47,30126.953,-16.1148,5715.3066,66943.46,4827.819
534,1990-10-10,320.81525,331.096,323.76392,322.94632,272.39273,345.22208,329.20166,293.25812,302.4509,304.98465,251.6316,320.85236,329.35742,326.47464,342.13058,329.9973,323.7585,321.58932,321.35727,306.8969,274.3044,300.06512,292.9806,295.49884,297.5474,335.02628,-129647.35,8972.85,3144.2224,-84213.836,3100.0,1500.0,149285.89,3637.7344,22627.31,140869.1,30126.24,-16.04142,5738.3647,66938.06,4828.8145
535,1990-10-17,320.8159,331.09564,323.75906,322.94205,272.393,345.2315,329.20825,293.27997,302.45178,304.98636,251.63159,320.85046,329.37048,326.49258,342.1303,329.99347,323.75644,321.59073,321.37518,306.9347,274.3044,300.06567,292.98068,295.49854,297.54797,335.02628,-129749.2,8775.528,3141.438,-84213.56,3100.0,1500.0,149119.83,3640.134,22774.637,141615.05,30133.691,-16.042076,5730.335,66940.01,4829.9775
536,1990-10-24,320.7974,331.09457,323.759,322.942,272.39325,345.24023,329.2148,292.91235,302.45236,304.98486,251.63155,320.8504,329.35056,326.48135,342.13028,329.99234,323.75714,321.58405,321.3562,306.88226,274.3044,300.06625,292.98077,295.4961,297.54852,335.02628,-129567.97,9069.397,3147.707,-84210.7,3100.0,1500.0,149274.84,3642.5742,22595.793,140808.81,30131.96,-15.879494,5948.6294,66927.31,4831.5664
537,1990-10-31,320.77573,331.08978,323.75342,322.936,272.39346,345.24176,329.22137,292.31708,302.45258,304.9832,251.63148,320.8487,329.3428,326.46765,342.13016,329.98828,323.75504,321.5579,321.34497,306.87024,274.3044,300.0668,292.98093,295.4892,297.5485,335.02628,-129377.81,9085.466,3168.835,-84186.74,3100.0,1500.0,149295.66,3645.0464,22499.48,140557.62,30157.04,-15.483543,6142.638,66895.97,4833.789
538,1990-11-07,320.76245,331.0701,323.74603,322.92767,272.39368,345.20096,329.22784,292.402,302.4521,304.98297,251.6314,320.8458,329.32294,326.43448,342.12988,329.97543,323.75064,321.53967,321.32675,306.87228,274.3044,300.06735,292.98108,295.48355,297.54767,335.02628,-129071.05,9043.75,3179.5151,-84159.55,3100.0,1500.0,149533.55,3647.44,22491.264,140095.56,30172.762,-15.268387,5979.138,66883.06,4836.3223
539,1990-11-14,320.78754,331.06885,323.74304,322.9254,272.39383,345.13675,329.23413,292.86108,302.45047,304.9868,251.6313,320.84207,329.34976,326.46957,342.12912,329.96637,323.7445,321.5616,321.35507,306.93433,274.3044,300.06787,292.9813,295.48853,297.5465,335.02628,-129299.5,8732.889,3165.699,-84157.555,3100.0,1500.0,149274.3,3649.709,22770.639,141257.98,30170.846,-15.346733,5830.2505,66896.42,4838.7354
540,1990-11-21,320.77914,331.07016,323.74527,322.92828,272.39392,345.11118,329.23987,292.48282,302.4479,304.986,251.63121,320.842,329.32095,326.45056,342.129,329.96625,323.74445,321.5677,321.34357,306.8761,274.3044,300.06842,292.9815,295.48456,297.5461,335.02628,-129226.08,9079.47,3169.9954,-84162.11,3100.0,1500.0,149500.9,3652.027,22596.354,140472.84,30167.326,-15.169884,6117.9824,66884.9,4840.6206
541,1990-11-28,320.76862,331.05545,323.73746,322.92047,272.39398,345.0804,329.24478,291.51877,302.44498,304.98477,251.63112,320.84048,329.3011,326.42337,342.12885,329.9589,323.7428,321.55142,321.3323,306.87756,274.3044,300.0689,292.98178,295.47238,297.54523,335.02628,-129016.81,9030.293,3205.8687,-84129.5,3100.0,1500.0,149664.17,3654.238,22557.303,140170.81,30212.79,-14.553482,6476.373,66833.41,4842.0044
542,1990-12-05,320.73538,331.03152,323.72626,322.90762,272.394,345.04895,329.24863,291.03403,302.44156,304.981,251.63104,320.83646,329.27808,326.3985,342.1281,329.94092,323.73624,321.51102,321.28412,306.82172,274.3044,300.06927,292.98203,295.46106,297.54318,335.02628,-128391.75,9274.756,3238.0293,-84077.71,3100.0,1500.0,149886.52,3656.2212,22306.129,138873.47,30240.166,-13.975349,6552.7,66789.305,4843.17
543,1990-12-12,320.74866,331.02545,323.72098,322.9034,272.39398,345.00995,329.2512,291.48764,302.43695,304.98355,251.63097,320.83026,329.30045,326.42618,342.12708,329.92944,323.72525,321.52457,321.32822,306.8998,274.3044,300.06958,292.98233,295.46262,297.54022,335.02628,-128701.14,8868.461,3237.3325,-84042.98,3100.0,1500.0,149685.9,3657.6812,22636.498,140449.8,30252.004,-13.805038,6233.349,66785.98,4844.2207
544,1990-12-19,320.7458,331.02658,323.72467,322.90686,272.3939,344.97693,329.2522,291.9171,302.43088,304.98373,251.63087,320.8288,329.29132,326.429,342.12665,329.91907,323.72275,321.52243,321.3013,306.85226,274.3044,300.0699,292.98264,295.4619,297.5381,335.02628,-128509.34,9115.766,3225.7222,-84049.1,3100.0,1500.0,149786.03,3658.7295,22479.027,139611.3,30235.662,-13.84446,6195.777,66798.75,4845.25
545,1990-12-26,320.7239,331.0123,323.71793,322.89948,272.3937,344.9578,329.2515,291.33365,302.42398,304.98114,251.63078,320.82562,329.26178,326.39603,342.12637,329.9076,323.71927,321.5076,321.28226,306.8321,274.3044,300.07013,292.98294,295.45468,297.5361,335.02628,-128198.09,9216.62,3246.9688,-84037.875,3100.0,1500.0,150027.08,3659.3965,22402.223,138969.77,30258.414,-13.439728,6500.04,66766.98,4846.417
546,1991-01-02,320.68393,330.99615,323.7049,322.88684,272.3935,344.92914,329.24915,290.5937,302.417,304.97662,251.63069,320.82034,329.2284,326.37695,342.12576,329.89478,323.71265,321.47467,321.26465,306.77682,274.3044,300.07025,292.98328,295.44266,297.53345,335.02628,-127847.7,9473.807,3283.4175,-83996.74,3100.0,1500.0,150193.0,3659.4883,22171.135,138262.72,30287.96,-12.8387375,6748.346,66717.97,4847.741
547,1991-01-09,320.68567,330.99466,323.69647,322.8805,272.39322,344.8957,329.24527,290.6966,302.40982,304.97754,251.6306,320.81464,329.21744,326.3915,342.12518,329.89017,323.70334,321.47244,321.28366,306.8325,274.3044,300.07025,292.9836,295.43832,297.52972,335.02628,-127927.516,9158.561,3300.7173,-83950.79,3100.0,1500.0,150088.86,3658.8247,22380.193,139098.39,30314.78,-12.500282,6521.71,66695.836,4848.922
548,1991-01-16,320.6927,330.9958,323.69882,322.87988,272.3929,344.8619,329.23993,291.49667,302.40198,304.97794,251.63051,320.81134,329.2554,326.36884,342.12524,329.8844,323.69763,321.48285,321.26263,306.82336,274.3044,300.07022,292.98392,295.44113,297.5263,335.02628,-127708.13,9230.2295,3285.6245,-83946.414,3100.0,1500.0,149871.67,3657.587,22404.084,138617.36,30296.371,-12.637222,6224.946,66715.75,4849.63
549,1991-01-23,320.62552,330.9859,323.6874,322.8671,272.39255,344.8274,329.23306,291.89667,302.39377,304.9701,251.63043,320.80597,329.184,326.31738,342.12537,329.86948,323.6887,321.41843,321.20807,306.69247,274.3044,300.0701,292.98425,295.43988,297.52365,335.02628,-126984.98,9849.651,3283.186,-83958.8,3100.0,1500.0,150357.45,3656.076,21840.469,136553.66,30268.738,-12.729401,6128.001,66725.78,4849.6226
550,1991-01-30,320.57153,330.96353,323.66595,322.84647,272.39212,344.78976,329.22458,292.0283,302.38614,304.9662,251.63037,320.79602,329.14508,326.2951,342.125,329.8515,323.66968,321.36392,321.19766,306.70056,274.3044,300.0698,292.98456,295.43735,297.52072,335.02628,-126564.49,9732.955,3292.2412,-83962.58,3100.0,1500.0,150542.19,3653.8828,21798.598,136452.34,30281.06,-12.750008,6100.7236,66722.84,4849.109
551,1991-02-06,320.5395,330.94632,323.6562,322.83713,272.3917,344.7621,329.2145,292.08957,302.3798,304.9646,251.63033,320.78665,329.15152,326.3034,342.12408,329.83575,323.6485,321.3432,321.1974,306.6909,274.3044,300.06934,292.98486,295.43622,297.5175,335.02628,-126419.25,9773.599,3298.975,-83960.15,3100.0,1500.0,150505.61,3650.958,21783.33,136595.12,30283.463,-12.783936,6088.8906,66718.56,4848.3403
552,1991-02-13,320.59906,330.95657,323.66644,322.8474,272.3913,344.75244,329.20334,292.23642,302.375,304.97202,251.63028,320.78125,329.22913,326.36066,342.12335,329.83856,323.63354,321.3956,321.25302,306.83868,274.3044,300.06882,292.98514,295.43982,297.5144,335.02628,-127055.95,9022.026,3295.1436,-83957.55,3100.0,1500.0,150007.72,3647.2732,22416.264,138961.83,30306.854,-12.89296,6015.719,66721.516,4847.464
553,1991-02-20,320.58664,330.96042,323.67575,322.85495,272.39093,344.74475,329.1915,292.36835,302.3717,304.96896,251.63025,320.7818,329.19397,326.32764,342.12347,329.84515,323.6321,321.37927,321.20062,306.71844,274.30444,300.0683,292.98538,295.43887,297.51248,335.02628,-126661.445,9648.099,3292.5898,-83964.55,3100.0,1500.0,150416.62,3643.4512,21975.998,136918.02,30279.018,-13.042564,5997.433,66728.04,4846.6157
554,1991-02-27,320.5412,330.95016,323.66772,322.84586,272.39056,344.73807,329.17914,292.3342,302.36978,304.96347,251.63022,320.7774,329.19446,326.3183,342.12335,329.8376,323.625,321.33212,321.19174,306.69528,274.30444,300.06772,292.9856,295.43668,297.5105,335.02628,-126433.0,9711.499,3302.9219,-83964.46,3100.0,1500.0,150392.9,3639.48,21817.49,136761.69,30283.725,-13.074379,6016.3804,66722.195,4845.8447
555,1991-03-06,320.5356,330.9433,323.66525,322.84308,272.39023,344.76376,329.1666,292.3763,302.36896,304.9637,251.63019,320.7729,329.2002,326.31366,342.12302,329.831,323.6151,321.32898,321.2003,306.73715,274.30444,300.06702,292.98578,295.43518,297.50815,335.02628,-126448.51,9483.612,3310.8176,-83959.64,3100.0,1500.0,150373.19,3635.0344,21985.566,137230.33,30297.672,-13.123993,5984.6865,66718.18,4845.045
556,1991-03-13,320.5858,330.95398,323.6721,322.85095,272.38992,344.77377,329.15417,292.4093,302.36893,304.96857,251.63017,320.77097,329.2416,326.3541,342.1229,329.83536,323.60956,321.37793,321.2451,306.8259,274.30444,300.06628,292.98593,295.43857,297.50598,335.02628,-126975.94,9065.204,3308.61,-83958.32,3100.0,1500.0,150053.69,3630.3354,22401.451,138832.92,30307.855,-13.213417,5995.5103,66719.49,4844.1025
557,1991-03-20,320.59128,330.96436,323.68454,322.8639,272.38965,344.74203,329.14218,292.46652,302.3695,304.96793,251.63017,320.774,329.24924,326.36716,342.12332,329.84216,323.61307,321.37415,321.2477,306.77026,274.30444,300.0656,292.98605,295.43723,297.50473,335.02628,-127201.24,9329.507,3310.1199,-83959.086,3100.0,1500.0,150090.25,3625.8132,22175.291,138572.69,30295.441,-13.293579,5946.962,66721.45,4842.872
558,1991-03-27,320.60223,330.96216,323.6885,322.8667,272.38937,344.70953,329.1309,292.6721,302.37048,304.96832,251.63019,320.7765,329.25504,326.35126,342.12366,329.84448,323.61578,321.372,321.24304,306.81604,274.30444,300.06494,292.9861,295.4365,297.5036,335.02628,-127199.13,9071.586,3312.0928,-83962.87,3100.0,1500.0,150123.9,3621.4456,22320.064,138668.81,30306.084,-13.424431,5865.685,66726.234,4840.6763
559,1991-04-03,320.62735,330.9629,323.68912,322.86646,272.38913,344.72787,329.12045,292.85507,302.3718,304.96924,251.63025,320.77737,329.2658,326.34555,342.12366,329.8422,323.617,321.39923,321.24777,306.8416,274.30444,300.06427,292.9861,295.4385,297.50262,335.02628,-127237.7,8985.037,3309.191,-83969.35,3100.0,1500.0,150076.72,3617.2258,22473.723,138833.14,30302.969,-13.586227,5803.57,66733.48,4837.1997
560,1991-04-10,320.64706,330.9707,323.69196,322.87027,272.3889,344.7991,329.11105,292.95532,302.37347,304.96906,251.63034,320.77838,329.27142,326.3711,342.12375,329.8482,323.61963,321.4195,321.26166,306.84375,274.30444,300.0636,292.9861,295.44446,297.50223,335.02628,-127432.49,9000.842,3300.5994,-83979.055,3100.0,1500.0,149998.67,3613.3247,22506.004,139185.3,30287.48,-13.77433,5790.1772,66744.305,4833.207
561,1991-04-17,320.65863,330.98816,323.70053,322.87927,272.38867,344.8178,329.103,292.81448,302.3757,304.96844,251.63045,320.78113,329.29852,326.39267,342.12418,329.8635,323.62515,321.44324,321.2819,306.84647,274.30444,300.063,292.98602,295.44492,297.50256,335.02628,-127752.36,9038.021,3300.7175,-83989.45,3100.0,1500.0,149745.31,3609.7827,22554.256,139655.52,30282.605,-13.863815,5886.975,66747.01,4829.5645
562,1991-04-24,320.6898,331.0066,323.71133,322.8906,272.38852,344.81873,329.09656,292.86304,302.3784,304.97015,251.63055,320.7858,329.31696,326.4114,342.12503,329.88257,323.63336,321.47043,321.3033,306.8871,274.30444,300.06238,292.98593,295.44415,297.50296,335.02628,-128124.15,8838.087,3304.083,-83989.2,3100.0,1500.0,149628.94,3606.6267,22711.574,140334.11,30290.51,-13.928665,5788.892,66747.95,4826.7637
563,1991-05-01,320.72235,331.02142,323.7203,322.89993,272.38837,344.864,329.09177,293.2422,302.38135,304.97202,251.63066,320.79153,329.3281,326.4281,342.1259,329.89777,323.64517,321.4949,321.3146,306.90924,274.30444,300.06177,292.98578,295.44824,297.5035,335.02628,-128379.836,8740.924,3292.706,-84001.6,3100.0,1500.0,149559.23,3604.0015,22806.852,140649.72,30278.97,-14.195541,5659.1094,66766.9,4824.171
564,1991-05-08,320.71365,331.02374,323.7225,322.90137,272.38824,344.92764,329.0885,293.4316,302.3845,304.96933,251.63077,320.7964,329.3128,326.40488,342.1265,329.90604,323.657,321.48288,321.29016,306.85553,274.30447,300.06116,292.9856,295.45374,297.50464,335.02628,-128192.53,9017.604,3280.9832,-84020.23,3100.0,1500.0,149699.5,3602.09,22572.121,139685.94,30251.922,-14.444595,5611.7334,66784.24,4821.846
565,1991-05-15,320.71664,331.0304,323.7223,322.90152,272.38818,344.9742,329.0868,293.36966,302.38797,304.96906,251.63087,320.79816,329.3325,326.4271,342.12674,329.91327,323.66187,321.49136,321.31137,306.8859,274.30447,300.0606,292.98538,295.45844,297.5061,335.02628,-128398.59,8880.767,3273.5522,-84038.07,3100.0,1500.0,149491.42,3600.6904,22686.271,140417.95,30246.07,-14.620293,5686.617,66794.945,4820.2197
566,1991-05-22,320.73926,331.04218,323.73035,322.91043,272.38812,345.01343,329.08664,293.25616,302.3919,304.97116,251.63095,320.80203,329.34665,326.44458,342.12714,329.9268,323.6679,321.51248,321.33087,306.90887,274.30447,300.0601,292.98514,295.46136,297.50787,335.02628,-128717.32,8776.221,3268.9106,-84046.87,3100.0,1500.0,149420.97,3599.7363,22782.484,140958.36,30242.904,-14.719955,5706.503,66800.56,4819.619
567,1991-05-29,320.76523,331.05524,323.73868,322.9191,272.38812,345.03812,329.08798,293.3896,302.3962,304.97333,251.63103,320.80728,329.36215,326.4606,342.12762,329.94043,323.67773,321.53384,321.34326,306.93073,274.30447,300.0597,292.98486,295.4656,297.50986,335.02628,-128974.836,8677.983,3257.6475,-84058.43,3100.0,1500.0,149292.25,3599.374,22874.31,141331.94,30233.336,-14.906883,5637.8984,66815.516,4819.58
568,1991-06-05,320.7567,331.0554,323.7417,322.92114,272.38818,345.05817,329.09067,293.54904,302.40063,304.97165,251.63107,320.8122,329.35138,326.43613,342.12817,329.94446,323.6886,321.52527,321.3234,306.88376,274.30447,300.05948,292.9846,295.46918,297.51218,335.02628,-128829.44,8921.216,3246.2712,-84076.21,3100.0,1500.0,149431.86,3599.6821,22671.027,140484.16,30210.613,-15.118134,5589.0474,66832.82,4819.625
569,1991-06-12,320.7617,331.0599,323.74036,322.92062,272.38824,345.07742,329.09445,293.55814,302.4051,304.97235,251.63113,320.81424,329.3573,326.4598,342.1283,329.94727,323.6939,321.52823,321.33862,306.91318,274.30447,300.05936,292.98428,295.47272,297.51443,335.02628,-128978.945,8754.266,3238.1453,-84092.84,3100.0,1500.0,149319.33,3600.437,22763.057,141094.5,30208.152,-15.270882,5611.912,66844.234,4819.672
570,1991-06-19,320.76547,331.06845,323.74506,322.92572,272.38837,345.09018,329.09915,293.38617,302.40958,304.97293,251.6312,320.8176,329.36258,326.46286,342.12857,329.9572,323.69904,321.53848,321.34424,306.8936,274.30447,300.0592,292.98395,295.4767,297.51672,335.02628,-129109.74,8840.085,3230.9456,-84103.88,3100.0,1500.0,149267.48,3601.5825,22711.357,141094.0,30196.512,-15.3433075,5704.315,66849.86,4819.659
571,1991-06-26,320.78854,331.07764,323.74966,322.93088,272.38852,345.0978,329.10458,293.36746,302.41403,304.97562,251.63124,320.82123,329.37445,326.4788,342.12894,329.96707,323.70486,321.55737,321.36023,306.9437,274.30447,300.0591,292.9836,295.4817,297.51904,335.02628,-129344.67,8637.187,3220.615,-84110.62,3100.0,1500.0,149170.28,3603.0593,22897.762,141674.97,30192.844,-15.430489,5663.4126,66859.73,4819.463
572,1991-07-03,320.7955,331.08084,323.75354,322.9342,272.3887,345.09988,329.11057,293.56073,302.4183,304.97638,251.6313,320.82535,329.37363,326.46793,342.12933,329.97177,323.7132,321.56372,321.3512,306.92352,274.30444,300.05914,292.98328,295.48557,297.5217,335.02628,-129319.41,8759.88,3205.2898,-84128.164,3100.0,1500.0,149212.14,3604.884,22821.13,141255.55,30172.889,-15.626228,5597.2266,66879.945,4819.052
573,1991-07-10,320.78207,331.08023,323.75177,322.93265,272.38892,345.0858,329.117,293.6264,302.4223,304.97522,251.63138,320.8276,329.36243,326.46863,342.12952,329.97363,323.7183,321.5511,321.34805,306.90024,274.30444,300.05936,292.98294,295.4869,297.52438,335.02628,-129275.2,8884.801,3198.0916,-84146.26,3100.0,1500.0,149269.11,3607.0293,22695.312,141016.2,30161.037,-15.755112,5586.031,66892.3,4818.54
574,1991-07-17,320.78555,331.08444,323.7522,322.9333,272.38916,345.09192,329.1236,293.38034,302.4261,304.9764,251.63144,320.82916,329.372,326.47693,342.12958,329.9751,323.7207,321.5576,321.35413,306.92502,274.30444,300.05966,292.9826,295.4869,297.52667,335.02628,-129350.83,8768.6455,3197.5103,-84156.67,3100.0,1500.0,149162.73,3609.2603,22788.88,141333.53,30168.51,-15.747337,5741.8975,66891.07,4818.3105
575,1991-07-24,320.81046,331.09134,323.7569,322.93872,272.38943,345.09213,329.13025,293.25497,302.42972,304.97958,251.63148,320.8317,329.38382,326.49097,342.12976,329.98276,323.72366,321.57877,321.3731,306.95752,274.30444,300.06,292.9823,295.4902,297.5287,335.02628,-129609.164,8611.273,3193.912,-84152.984,3100.0,1500.0,149089.56,3611.519,22927.814,141929.31,30170.043,-15.710831,5708.864,66890.48,4818.3843
576,1991-07-31,320.83087,331.09848,323.76297,322.94504,272.38974,345.10208,329.13684,293.5041,302.43298,304.9821,251.63153,320.83572,329.39368,326.49896,342.13007,329.99146,323.72906,321.5963,321.38156,306.96457,274.30444,300.0604,292.98203,295.49536,297.53104,335.02628,-129792.9,8594.508,3175.2202,-84165.58,3100.0,1500.0,149039.94,3613.8718,22967.51,142105.81,30152.79,-15.890167,5622.7603,66911.086,4818.537
577,1991-08-07,320.812,331.093,323.76144,322.94266,272.39,345.1214,329.14337,293.4884,302.43576,304.98022,251.63159,320.83896,329.36417,326.46954,342.1303,329.99,323.73428,321.57275,321.34903,306.90726,274.30444,300.0609,292.98175,295.4948,297.53366,335.02628,-129468.43,8870.27,3169.6475,-84181.77,3100.0,1500.0,149271.12,3616.3743,22698.85,140925.02,30140.082,-15.955406,5663.847,66919.555,4818.7017
578,1991-08-14,320.8115,331.0933,323.75815,322.93915,272.39032,345.13998,329.14984,293.2868,302.43826,304.981,251.63162,320.83862,329.39,326.4886,342.13016,329.98596,323.73337,321.575,321.36386,306.94443,274.30444,300.0614,292.98148,295.49478,297.53574,335.02628,-129556.734,8687.018,3171.041,-84185.94,3100.0,1500.0,149041.67,3618.7886,22835.662,141623.77,30151.008,-15.898819,5752.8003,66915.78,4818.879
579,1991-08-21,320.83148,331.09778,323.7654,322.94614,272.39062,345.1571,329.15634,293.28372,302.44052,304.98383,251.63167,320.84042,329.41016,326.4942,342.13022,329.99176,323.7356,321.59634,321.37894,306.9642,274.30444,300.0619,292.98126,295.49652,297.53748,335.02628,-129788.58,8606.467,3166.28,-84184.98,3100.0,1500.0,148991.08,3621.0781,22939.588,142046.03,30149.717,-15.896057,5704.344,66918.77,4819.129
580,1991-08-28,320.84836,331.10376,323.77127,322.9522,272.39093,345.16913,329.16287,293.48123,302.4424,304.9858,251.6317,320.8437,329.4172,326.50635,342.1304,329.99823,323.74057,321.61212,321.38785,306.97104,274.30444,300.06235,292.98108,295.49957,297.53934,335.02628,-129968.62,8588.241,3153.5134,-84194.63,3100.0,1500.0,148962.9,3623.426,22977.182,142254.08,30138.867,-16.017326,5634.674,66933.12,4820.0273
581,1991-09-04,320.83865,331.10178,323.76923,322.95032,272.39127,345.1718,329.1695,293.57492,302.44397,304.98477,251.63173,320.84656,329.37793,326.48706,342.13058,330.0004,323.74554,321.599,321.35928,306.93277,274.30444,300.06277,292.98093,295.49957,297.54132,335.02628,-129691.055,8777.49,3147.1257,-84207.75,3100.0,1500.0,149198.88,3625.8936,22800.781,141268.84,30128.344,-16.102806,5608.6714,66942.37,4819.958
582,1991-09-11,320.83698,331.09845,323.764,322.94592,272.39154,345.18234,329.17615,293.53702,302.44543,304.98557,251.63171,320.8465,329.38617,326.48962,342.13052,329.9971,323.74557,321.59766,321.37814,306.9539,274.3044,300.06323,292.98083,295.50235,297.54297,335.02628,-129805.336,8664.104,3141.786,-84216.1,3100.0,1500.0,149090.88,3628.3245,22866.793,141837.1,30127.668,-16.150154,5649.389,66946.95,4823.081
583,1991-09-18,320.8425,331.0996,323.76495,322.94733,272.39185,345.19382,329.1829,293.38953,302.44693,304.98694,251.63167,320.84778,329.38248,326.49356,342.13043,329.99655,323.748,321.60583,321.37772,306.95554,274.3044,300.06375,292.98074,295.4998,297.54462,335.02628,-129833.734,8672.522,3142.7136,-84219.39,3100.0,1500.0,149108.66,3630.7224,22884.566,141801.61,30132.594,-16.122322,5709.2905,66944.68,4825.4004
584,1991-09-25,320.8538,331.104,323.76627,322.9495,272.39215,345.2034,329.1896,293.41086,302.44843,304.98837,251.63165,320.84927,329.38452,326.50436,342.13046,330.00095,323.75128,321.6189,321.39035,306.96973,274.3044,300.06427,292.9807,295.4986,297.54584,335.02628,-129987.66,8613.156,3143.2947,-84216.766,3100.0,1500.0,149062.67,3633.154,22952.277,142143.0,30137.268,-16.1083,5660.542,66943.305,4826.759
585,1991-10-02,320.83936,331.1046,323.76865,322.95187,272.39246,345.21396,329.1963,293.38947,302.4498,304.98685,251.63162,320.85156,329.38605,326.5013,342.1306,330.00452,323.75577,321.6181,321.38788,306.92444,274.3044,300.0648,292.9807,295.49802,297.54684,335.02628,-130005.33,8876.075,3141.6697,-84219.23,3100.0,1500.0,149079.81,3635.665,22795.56,141763.73,30126.746,-16.116203,5715.3364,66943.82,4827.8057
586,1991-10-09,320.81528,331.096,323.76392,322.94632,272.39276,345.22424,329.2029,293.25818,302.45093,304.9848,251.6316,320.8524,329.35742,326.47464,342.13058,329.99734,323.75854,321.58936,321.3573,306.89697,274.3044,300.06525,292.98074,295.4989,297.5475,335.02628,-129647.54,8972.735,3143.41,-84214.336,3100.0,1500.0,149285.86,3638.198,22627.275,140869.33,30126.037,-16.042831,5738.395,66938.4,4828.801
587,1991-10-16,320.81595,331.09564,323.75906,322.94208,272.39304,345.23367,329.2095,293.28003,302.4518,304.9865,251.63158,320.85046,329.37048,326.49258,342.1303,329.99347,323.75647,321.59076,321.37518,306.93472,274.3044,300.0658,292.9808,295.4986,297.5481,335.02628,-129749.42,8775.452,3140.975,-84213.85,3100.0,1500.0,149119.78,3640.5938,22774.598,141615.28,30133.49,-16.04319,5730.3633,66940.34,4829.963
588,1991-10-23,320.79742,331.09457,323.759,322.942,272.39328,345.24237,329.21606,292.9124,302.45236,304.98502,251.63153,320.85043,329.35056,326.48138,342.13028,329.99237,323.75717,321.58408,321.3562,306.88232,274.3044,300.06638,292.98093,295.49615,297.54865,335.02628,-129568.125,9069.281,3147.1265,-84211.14,3100.0,1500.0,149274.81,3643.0312,22595.754,140809.05,30131.764,-15.880783,5948.6577,66927.65,4831.5522
589,1991-10-30,320.7758,331.0898,323.75342,322.93604,272.3935,345.2439,329.2226,292.31714,302.4526,304.9833,251.63147,320.8487,329.3428,326.46765,342.13016,329.98828,323.75507,321.55792,321.345,306.8703,274.3044,300.06693,292.98105,295.4893,297.5486,335.02628,-129377.95,9085.389,3168.254,-84187.164,3100.0,1500.0,149295.61,3645.502,22499.441,140557.86,30156.848,-15.484695,6142.667,66896.28,4833.7754
590,1991-11-06,320.7625,331.07013,323.74603,322.92767,272.3937,345.2031,329.2291,292.40207,302.4521,304.98312,251.6314,320.8458,329.32294,326.43448,342.12988,329.97543,323.75064,321.5397,321.32675,306.8723,274.3044,300.06747,292.98123,295.48364,297.54776,335.02628,-129071.3,9043.598,3179.167,-84159.96,3100.0,1500.0,149533.52,3647.8933,22491.225,140095.77,30172.57,-15.2696,5979.1655,66883.39,4836.3096
591,1991-11-13,320.78757,331.06888,323.74304,322.9254,272.39386,345.1389,329.23535,292.86115,302.45047,304.98694,251.6313,320.8421,329.3498,326.46957,342.12912,329.9664,323.7445,321.56165,321.3551,306.93436,274.3044,300.068,292.9814,295.48862,297.5466,335.02628,-129299.62,8732.813,3165.467,-84157.836,3100.0,1500.0,149274.27,3650.1606,22770.598,141258.19,30170.658,-15.3479,5830.2764,66896.74,4838.7227
592,1991-11-20,320.7792,331.07016,323.74527,322.92828,272.39395,345.11328,329.2411,292.48288,302.4479,304.98615,251.63121,320.84204,329.32095,326.45056,342.129,329.96628,323.74448,321.56772,321.34357,306.87616,274.3044,300.06854,292.98166,295.48462,297.54623,335.02628,-129226.28,9079.317,3169.4158,-84162.57,3100.0,1500.0,149500.86,3652.4756,22596.312,140473.03,30167.14,-15.171005,6118.0103,66885.21,4840.608
593,1991-11-27,320.76865,331.05545,323.7375,322.92047,272.394,345.08252,329.24597,291.5188,302.44498,304.98492,251.63112,320.8405,329.30112,326.42337,342.12885,329.9589,323.7428,321.55145,321.3323,306.8776,274.3044,300.069,292.9819,295.47247,297.54532,335.02628,-129017.01,9030.179,3205.4048,-84129.65,3100.0,1500.0,149664.14,3654.6838,22557.264,140171.0,30212.611,-14.55455,6476.3994,66833.72,4841.992
594,1991-12-04,320.73544,331.03152,323.72626,322.90762,272.39404,345.05103,329.24982,291.0341,302.4416,304.98114,251.63104,320.83646,329.27808,326.3985,342.1281,329.94092,323.73624,321.51102,321.28412,306.82178,274.3044,300.0694,292.98218,295.46115,297.54327,335.02628,-128391.98,9274.68,3237.565,-84078.06,3100.0,1500.0,149886.48,3656.6638,22306.092,138873.64,30239.99,-13.976379,6552.7266,66789.625,4843.1577
595,1991-12-11,320.7487,331.02545,323.721,322.9034,272.394,345.01205,329.25238,291.4877,302.43698,304.98367,251.63095,320.83026,329.30045,326.42618,342.12708,329.92947,323.72528,321.5246,321.32825,306.89984,274.3044,300.06967,292.98245,295.46268,297.54034,335.02628,-128701.336,8868.423,3236.8696,-84043.36,3100.0,1500.0,149685.88,3658.1206,22636.459,140449.98,30251.828,-13.805992,6233.374,66786.28,4844.208
596,1991-12-18,320.74582,331.02658,323.72467,322.90686,272.39392,344.979,329.2534,291.91714,302.43088,304.9839,251.63087,320.8288,329.29132,326.42902,342.12665,329.91907,323.72275,321.52243,321.30133,306.8523,274.3044,300.07,292.98276,295.46198,297.53818,335.02628,-128509.49,9115.612,3225.2573,-84049.586,3100.0,1500.0,149786.02,3659.1658,22478.992,139611.47,30235.494,-13.845573,6195.8013,66799.05,4845.2373
597,1991-12-25,320.72394,331.0123,323.71793,322.89948,272.39374,344.95987,329.2527,291.3337,302.42398,304.98126,251.63078,320.82562,329.26178,326.39603,342.12637,329.9076,323.71927,321.5076,321.2823,306.83212,274.3044,300.07025,292.98306,295.45474,297.5362,335.02628,-128198.336,9216.505,3246.9688,-84038.18,3100.0,1500.0,150027.05,3659.8298,22402.186,138969.94,30258.25,-13.4407425,6500.065,66767.27,4846.4043
598,1992-01-01,320.68396,330.9962,323.7049,322.88684,272.39352,344.9312,329.25034,290.59375,302.417,304.97675,251.63069,320.82034,329.2284,326.37695,342.12576,329.89478,323.71265,321.47467,321.26465,306.77686,274.3044,300.07034,292.9834,295.44272,297.53354,335.02628,-127847.85,9473.653,3282.837,-83997.11,3100.0,1500.0,150192.97,3659.9185,22171.098,138262.84,30287.799,-12.839729,6748.37,66718.26,4847.7305
599,1992-01-08,320.6857,330.99466,323.69647,322.8805,272.39325,344.89777,329.24643,290.69666,302.40982,304.97766,251.63058,320.81467,329.21744,326.39154,342.12518,329.89017,323.70337,321.47244,321.28366,306.83252,274.3044,300.07034,292.98373,295.4384,297.52982,335.02628,-127927.72,9158.369,3300.02,-83951.19,3100.0,1500.0,150088.83,3659.2517,22380.158,139098.55,30314.615,-12.501259,6521.734,66696.12,4848.9097
600,1992-01-15,320.69272,330.99582,323.69882,322.87988,272.39294,344.86398,329.24106,291.49673,302.40198,304.9781,251.6305,320.81134,329.25543,326.36884,342.12524,329.8844,323.69766,321.48288,321.26266,306.8234,274.3044,300.07034,292.98404,295.4412,297.5264,335.02628,-127708.29,9230.154,3284.9263,-83946.7,3100.0,1500.0,149871.64,3658.01,22404.049,138617.52,30296.215,-12.63826,6224.97,66716.03,4849.6187
601,1992-01-22,320.62555,330.9859,323.6874,322.86713,272.39258,344.82944,329.2342,291.8967,302.3938,304.9702,251.63042,320.80597,329.184,326.3174,342.12537,329.86948,323.6887,321.41843,321.2081,306.6925,274.3044,300.0702,292.98438,295.43994,297.52374,335.02628,-126985.0,9849.536,3282.6064,-83959.17,3100.0,1500.0,150357.42,3656.494,21840.43,136553.8,30268.58,-12.730377,6128.023,66726.055,4849.611
602,1992-01-29,320.57156,330.96353,323.666,322.84647,272.39215,344.7918,329.22568,292.02832,302.38614,304.96634,251.63036,320.79602,329.14508,326.2951,342.125,329.8515,323.66968,321.36395,321.19766,306.7006,274.3044,300.0699,292.98468,295.4374,297.5208,335.02628,-126564.56,9732.916,3291.545,-83962.85,3100.0,1500.0,150542.17,3654.2954,21798.559,136452.5,30280.908,-12.750931,6100.746,66723.12,4849.0977
603,1992-02-05,320.53952,330.94632,323.6562,322.83716,272.39172,344.76413,329.2156,292.08963,302.37982,304.96472,251.63031,320.78665,329.15152,326.3034,342.12408,329.8358,323.6485,321.3432,321.1974,306.69092,274.3044,300.06943,292.985,295.43628,297.51758,335.02628,-126419.36,9773.56,3298.5107,-83960.445,3100.0,1500.0,150505.6,3651.3662,21783.293,136595.23,30283.314,-12.784843,6088.9116,66718.83,4848.329
604,1992-02-12,320.5991,330.95657,323.66644,322.8474,272.39133,344.7545,329.20444,292.23648,302.37503,304.97214,251.63028,320.78125,329.22913,326.3607,342.12335,329.83856,323.63358,321.3956,321.25305,306.8387,274.3044,300.0689,292.98526,295.43988,297.5145,335.02628,-127056.125,9021.987,3294.5625,-83957.9,3100.0,1500.0,150007.69,3647.6763,22416.23,138961.98,30306.705,-12.893936,6015.74,66721.78,4847.452
605,1992-02-19,320.58664,330.96042,323.67575,322.85495,272.39093,344.74677,329.19254,292.3684,302.37173,304.9691,251.63025,320.7818,329.19397,326.32764,342.12347,329.84515,323.63214,321.3793,321.20062,306.71848,274.3044,300.0684,292.9855,295.4389,297.51254,335.02628,-126661.55,9648.06,3292.0078,-83964.77,3100.0,1500.0,150416.6,3643.8472,21975.963,136918.16,30278.871,-13.043457,5997.454,66728.31,4846.605
606,1992-02-26,320.54123,330.9502,323.66776,322.84586,272.3906,344.74005,329.1802,292.33426,302.36978,304.9636,251.63022,320.7774,329.19446,326.3183,342.12335,329.8376,323.62503,321.33215,321.19174,306.6953,274.3044,300.0678,292.98572,295.43674,297.51056,335.02628,-126433.125,9711.422,3302.457,-83964.68,3100.0,1500.0,150392.89,3639.8716,21817.453,136761.81,30283.58,-13.075272,6016.4004,66722.45,4845.8335
607,1992-03-04,320.53564,330.9433,323.66525,322.84308,272.39026,344.76575,329.16766,292.37634,302.369,304.96384,251.63019,320.7729,329.2002,326.31366,342.12302,329.831,323.6151,321.32898,321.2003,306.73718,274.30444,300.0671,292.9859,295.4352,297.50824,335.02628,-126448.664,9483.536,3310.4695,-83959.96,3100.0,1500.0,150373.17,3635.423,21985.531,137230.44,30297.531,-13.124901,5984.707,66718.44,4845.032
608,1992-03-11,320.5858,330.954,323.6721,322.85098,272.38995,344.77576,329.1552,292.40936,302.36896,304.9687,251.63017,320.771,329.24164,326.3541,342.1229,329.83536,323.60956,321.37793,321.2451,306.82593,274.30444,300.06638,292.98605,295.43863,297.50607,335.02628,-126976.03,9065.089,3308.3782,-83958.58,3100.0,1500.0,150053.66,3630.7207,22401.418,138833.03,30307.719,-13.214279,5995.5303,66719.75,4844.092
609,1992-03-18,320.5913,330.96436,323.68454,322.8639,272.38965,344.744,329.14322,292.46658,302.3695,304.96802,251.63016,320.774,329.24924,326.3672,342.12335,329.84216,323.61307,321.37418,321.2477,306.7703,274.30444,300.0657,292.98615,295.4373,297.50482,335.02628,-127201.305,9329.353,3309.7722,-83959.39,3100.0,1500.0,150090.22,3626.1958,22175.256,138572.81,30295.305,-13.29438,5946.9814,66721.7,4842.861
610,1992-03-25,320.60226,330.96216,323.6885,322.8667,272.3894,344.71146,329.13193,292.67215,302.37048,304.96844,251.63017,320.77652,329.25504,326.3513,342.12366,329.84448,323.6158,321.372,321.24307,306.81607,274.30444,300.06503,292.9862,295.43652,297.50366,335.02628,-127199.3,9071.586,3311.7446,-83963.15,3100.0,1500.0,150123.9,3621.8252,22320.031,138668.94,30305.947,-13.425201,5865.703,66726.48,4840.666
611,1992-04-01,320.62738,330.9629,323.68912,322.86646,272.38913,344.7298,329.1215,292.8551,302.3718,304.96936,251.63023,320.7774,329.2658,326.34555,342.12366,329.8422,323.61703,321.39926,321.24777,306.84164,274.30444,300.06433,292.98624,295.43857,297.50272,335.02628,-127237.83,8984.961,3308.7275,-83969.64,3100.0,1500.0,150076.72,3617.6033,22473.688,138833.25,30302.836,-13.587013,5803.5884,66733.72,4837.189
612,1992-04-08,320.6471,330.9707,323.69196,322.87027,272.38892,344.80103,329.11206,292.95535,302.3735,304.96915,251.63034,320.7784,329.27142,326.3711,342.12375,329.8482,323.61966,321.4195,321.26166,306.84378,274.30444,300.0637,292.9862,295.44452,297.50232,335.02628,-127432.516,9000.842,3300.368,-83979.36,3100.0,1500.0,149998.66,3613.7004,22505.973,139185.39,30287.352,-13.775246,5790.1953,66744.55,4833.1973
613,1992-04-15,320.65866,330.98816,323.70053,322.87927,272.3887,344.8197,329.104,292.81454,302.3757,304.96857,251.63045,320.78113,329.29852,326.3927,342.12418,329.8635,323.62515,321.44324,321.2819,306.8465,274.30444,300.06308,292.98615,295.44498,297.50262,335.02628,-127752.43,9037.905,3300.1384,-83989.54,3100.0,1500.0,149745.31,3610.1567,22554.225,139655.61,30282.479,-13.864677,5886.9927,66747.24,4829.554
614,1992-04-22,320.6898,331.0066,323.71133,322.8906,272.38855,344.82062,329.0976,292.86307,302.37842,304.97025,251.63055,320.7858,329.31696,326.4114,342.12503,329.88257,323.63336,321.47043,321.3033,306.88712,274.30444,300.06244,292.98605,295.44418,297.50302,335.02628,-128124.266,8838.011,3303.7344,-83989.54,3100.0,1500.0,149628.94,3606.999,22711.543,140334.2,30290.385,-13.929512,5788.91,66748.19,4826.753
615,1992-04-29,320.72238,331.02142,323.7203,322.89993,272.3884,344.86588,329.09277,293.24222,302.38138,304.97214,251.63066,320.79156,329.3281,326.4281,342.1259,329.89777,323.64517,321.4949,321.3146,306.90927,274.30444,300.06183,292.9859,295.4483,297.50357,335.02628,-128379.88,8740.887,3292.2412,-84001.88,3100.0,1500.0,149559.22,3604.3726,22806.82,140649.81,30278.85,-14.196289,5659.1265,66767.14,4824.1616
616,1992-05-06,320.71365,331.02374,323.7225,322.90137,272.38828,344.92953,329.0895,293.43164,302.38452,304.96945,251.63077,320.79642,329.3128,326.40488,342.1265,329.90604,323.657,321.48288,321.2902,306.85556,274.30444,300.06125,292.98572,295.45377,297.5047,335.02628,-128192.65,9017.604,3280.6348,-84020.5,3100.0,1500.0,149699.48,3602.4597,22572.09,139686.03,30251.8,-14.445381,5611.7515,66784.47,4821.837
617,1992-05-13,320.71667,331.0304,323.7223,322.90152,272.3882,344.97607,329.0878,293.36972,302.38797,304.96915,251.63087,320.79816,329.3325,326.4271,342.12674,329.91327,323.66187,321.49136,321.31137,306.88593,274.30444,300.0607,292.9855,295.45847,297.5062,335.02628,-128398.664,8880.728,3273.2046,-84038.2,3100.0,1500.0,149491.39,3601.0586,22686.24,140418.05,30245.951,-14.62101,5686.6343,66795.164,4820.21
618,1992-05-20,320.7393,331.04218,323.73038,322.91043,272.38815,345.0153,329.08765,293.2562,302.39194,304.97128,251.63095,320.80203,329.34665,326.44458,342.12714,329.9268,323.6679,321.5125,321.33087,306.90887,274.30444,300.06018,292.98526,295.4614,297.50793,335.02628,-128717.41,8776.182,3268.4458,-84047.24,3100.0,1500.0,149420.94,3600.1035,22782.453,140958.45,30242.79,-14.720795,5706.5186,66800.79,4819.6094
619,1992-05-27,320.76526,331.05524,323.73868,322.9191,272.38815,345.03998,329.089,293.38962,302.3962,304.97345,251.63101,320.8073,329.36215,326.4606,342.12762,329.94043,323.67773,321.53384,321.34326,306.93076,274.30444,300.05978,292.985,295.46564,297.50992,335.02628,-128974.91,8677.906,3257.3003,-84058.72,3100.0,1500.0,149292.23,3599.7397,22874.28,141332.03,30233.22,-14.907547,5637.914,66815.73,4819.5703
620,1992-06-03,320.75674,331.05542,323.7417,322.92114,272.3882,345.06,329.09167,293.54907,302.40063,304.97177,251.63107,320.8122,329.35138,326.43613,342.12817,329.94446,323.6886,321.52527,321.3234,306.88376,274.30444,300.05957,292.98468,295.46924,297.51224,335.02628,-128829.53,8921.177,3245.6917,-84076.56,3100.0,1500.0,149431.83,3600.0469,22670.996,140484.23,30210.502,-15.118782,5589.063,66833.03,4819.615
621,1992-06-10,320.7617,331.0599,323.74036,322.92062,272.38828,345.07925,329.09546,293.55817,302.4051,304.97247,251.63113,320.81424,329.3573,326.4598,342.1283,329.94727,323.6939,321.52823,321.33862,306.9132,274.30444,300.05942,292.98438,295.47278,297.5145,335.02628,-128979.01,8754.148,3237.6794,-84092.98,3100.0,1500.0,149319.33,3600.8008,22763.03,141094.56,30208.045,-15.271591,5611.9277,66844.44,4819.6626
622,1992-06-17,320.76547,331.06845,323.74506,322.92572,272.3884,345.09198,329.10013,293.3862,302.40958,304.97302,251.63118,320.8176,329.36258,326.4629,342.12857,329.9572,323.69904,321.5385,321.34424,306.89362,274.30444,300.0593,292.98404,295.47678,297.51678,335.02628,-129109.766,8840.046,3230.597,-84104.15,3100.0,1500.0,149267.48,3601.9448,22711.328,141094.08,30196.404,-15.343964,5704.331,66850.06,4819.65
623,1992-06-24,320.78854,331.07764,323.7497,322.93088,272.38855,345.0996,329.10556,293.3675,302.41406,304.97574,251.63124,320.82123,329.37445,326.4788,342.12894,329.96707,323.70486,321.55737,321.36023,306.9437,274.30444,300.05917,292.9837,295.48175,297.5191,335.02628,-129344.74,8637.11,3220.2664,-84110.89,3100.0,1500.0,149170.28,3603.4207,22897.732,141675.06,30192.738,-15.431107,5663.4277,66859.93,4819.454
624,1992-07-01,320.7955,331.08084,323.75354,322.9342,272.38873,345.10165,329.11157,293.56076,302.41833,304.9765,251.6313,320.82535,329.37363,326.46793,342.12933,329.97177,323.7132,321.56375,321.3512,306.92355,274.30444,300.0592,292.98337,295.48563,297.52176,335.02628,-129319.48,8759.842,3204.825,-84128.47,3100.0,1500.0,149212.14,3605.245,22821.102,141255.61,30172.783,-15.626793,5597.241,66880.15,4819.042
625,1992-07-08,320.7821,331.08023,323.75177,322.93265,272.38895,345.0876,329.11798,293.62643,302.4223,304.9753,251.63136,320.8276,329.36243,326.46863,342.12952,329.97363,323.7183,321.5511,321.34805,306.90027,274.30444,300.05942,292.98303,295.48694,297.52444,335.02628,-129275.23,8884.801,3197.3945,-84146.484,3100.0,1500.0,149269.1,3607.3901,22695.285,141016.28,30160.934,-15.755753,5586.045,66892.5,4818.5317
626,1992-07-15,320.78558,331.08444,323.7522,322.93332,272.3892,345.0937,329.1246,293.38037,302.42612,304.9765,251.63142,320.82916,329.372,326.47693,342.12958,329.9751,323.7207,321.5576,321.35413,306.92502,274.30444,300.05972,292.9827,295.48697,297.52673,335.02628,-129350.875,8768.567,3196.9307,-84156.87,3100.0,1500.0,149162.73,3609.6216,22788.852,141333.62,30168.408,-15.747932,5741.9116,66891.27,4818.302
627,1992-07-22,320.81046,331.09134,323.7569,322.93872,272.38947,345.0939,329.13123,293.255,302.42972,304.97968,251.63148,320.8317,329.38382,326.49097,342.12976,329.98276,323.72366,321.57877,321.3731,306.95752,274.30444,300.06006,292.9824,295.49023,297.52875,335.02628,-129609.164,8611.196,3193.3315,-84153.31,3100.0,1500.0,149089.56,3611.8796,22927.79,141929.39,30169.943,-15.711517,5708.878,66890.67,4818.376
628,1992-07-29,320.8309,331.09848,323.76297,322.94504,272.38974,345.10385,329.13785,293.50412,302.43298,304.9822,251.63153,320.83572,329.39368,326.49896,342.13007,329.99146,323.72906,321.5963,321.38156,306.9646,274.30444,300.0605,292.9821,295.4954,297.5311,335.02628,-129792.97,8594.393,3174.872,-84165.73,3100.0,1500.0,149039.92,3614.2327,22967.482,142105.88,30152.693,-15.89093,5622.7754,66911.27,4818.5283
629,1992-08-05,320.81204,331.093,323.76144,322.94266,272.39005,345.12317,329.14435,293.48843,302.43576,304.98035,251.63158,320.83896,329.36417,326.46954,342.1303,329.99,323.73428,321.57275,321.34903,306.9073,274.30444,300.06097,292.9818,295.49484,297.53372,335.02628,-129468.5,8870.23,3169.183,-84181.94,3100.0,1500.0,149271.11,3616.7336,22698.822,140925.1,30139.986,-15.956055,5663.8613,66919.74,4818.6924
630,1992-08-12,320.8115,331.0933,323.75815,322.93915,272.39035,345.14172,329.15082,293.28683,302.43826,304.9811,251.63162,320.83862,329.39,326.4886,342.13016,329.98596,323.73337,321.575,321.36386,306.94446,274.30444,300.0615,292.98157,295.4948,297.53577,335.02628,-129556.78,8686.979,3170.8086,-84186.05,3100.0,1500.0,149041.66,3619.1472,22835.639,141623.83,30150.912,-15.899391,5752.814,66915.97,4818.8706
631,1992-08-19,320.83148,331.09778,323.7654,322.94614,272.39066,345.15884,329.15732,293.28375,302.44052,304.98392,251.63167,320.84042,329.41016,326.4942,342.13022,329.99176,323.7356,321.59634,321.37894,306.96423,274.30444,300.06195,292.98135,295.49658,297.53754,335.02628,-129788.6,8606.467,3165.6995,-84185.08,3100.0,1500.0,148991.06,3621.436,22939.562,142046.08,30149.623,-15.896767,5704.3584,66918.95,4819.12
632,1992-08-26,320.8484,331.10376,323.77127,322.9522,272.39096,345.17084,329.16385,293.48126,302.4424,304.98593,251.6317,320.8437,329.4172,326.50635,342.1304,329.99826,323.74057,321.61212,321.38785,306.97104,274.3044,300.0624,292.98117,295.4996,297.5394,335.02628,-129968.65,8588.202,3152.9324,-84194.84,3100.0,1500.0,148962.89,3623.7832,22977.16,142254.14,30138.78,-16.018028,5634.6875,66933.31,4820.0186
633,1992-09-02,320.83865,331.1018,323.76923,322.95032,272.39127,345.17352,329.17047,293.57495,302.444,304.98486,251.63173,320.84656,329.37793,326.48706,342.13058,330.0004,323.74554,321.599,321.35928,306.9328,274.3044,300.06287,292.98102,295.4996,297.54135,335.02628,-129691.1,8777.451,3146.7786,-84207.88,3100.0,1500.0,149198.86,3626.2495,22800.754,141268.89,30128.254,-16.103508,5608.6836,66942.55,4819.949
634,1992-09-09,320.83698,331.09845,323.764,322.94592,272.39157,345.18405,329.17712,293.53705,302.44543,304.98566,251.6317,320.8465,329.38617,326.48962,342.13052,329.9971,323.74557,321.5977,321.37814,306.95392,274.3044,300.0633,292.9809,295.50238,297.54303,335.02628,-129805.37,8664.064,3141.322,-84216.35,3100.0,1500.0,149090.88,3628.6794,22866.764,141837.16,30127.58,-16.150772,5649.4014,66947.125,4823.0723
635,1992-09-16,320.8425,331.0996,323.76495,322.94733,272.39188,345.19553,329.18387,293.38956,302.44693,304.98706,251.63167,320.84778,329.38248,326.49356,342.13043,329.99655,323.748,321.60583,321.37772,306.95557,274.3044,300.0638,292.98083,295.49982,297.54465,335.02628,-129833.78,8672.445,3142.5974,-84219.62,3100.0,1500.0,149108.64,3631.0786,22884.541,141801.67,30132.508,-16.122833,5709.303,66944.85,4825.3926
636,1992-09-23,320.8538,331.104,323.76627,322.9495,272.39218,345.20508,329.19058,293.4109,302.44846,304.9885,251.63164,320.84927,329.38452,326.50436,342.13046,330.00095,323.75128,321.6189,321.39035,306.96976,274.3044,300.06433,292.9808,295.49863,297.5459,335.02628,-129987.68,8613.119,3142.714,-84216.91,3100.0,1500.0,149062.66,3633.5115,22952.252,142143.05,30137.186,-16.10891,5660.5537,66943.484,4826.75
637,1992-09-30,320.8394,331.1046,323.76865,322.95187,272.3925,345.21567,329.19724,293.3895,302.4498,304.98697,251.63162,320.85156,329.38605,326.5013,342.1306,330.00452,323.75577,321.6181,321.38788,306.92447,274.3044,300.06485,292.9808,295.49805,297.54688,335.02628,-130005.4,8876.075,3141.5535,-84219.46,3100.0,1500.0,149079.8,3636.021,22795.535,141763.8,30126.662,-16.116707,5715.3486,66943.984,4827.797
638,1992-10-07,320.8153,331.096,323.76392,322.94632,272.39276,345.22592,329.20386,293.25818,302.45093,304.9849,251.6316,320.8524,329.35742,326.47464,342.13058,329.99734,323.75854,321.58936,321.3573,306.89697,274.3044,300.0653,292.98083,295.49893,297.54755,335.02628,-129647.6,8972.658,3143.0625,-84214.54,3100.0,1500.0,149285.83,3638.5518,22627.248,140869.39,30125.955,-16.043327,5738.4062,66938.58,4828.793
639,1992-10-14,320.81595,331.09564,323.75906,322.94208,272.39304,345.23535,329.21045,293.28006,302.4518,304.9866,251.63158,320.85046,329.37048,326.49258,342.1303,329.9935,323.75647,321.5908,321.37518,306.93475,274.3044,300.06586,292.9809,295.49863,297.54813,335.02628,-129749.42,8775.413,3140.7427,-84214.1,3100.0,1500.0,149119.78,3640.9456,22774.574,141615.34,30133.41,-16.043694,5730.3755,66940.51,4829.9546
640,1992-10-21,320.79745,331.09457,323.759,322.942,272.39328,345.24405,329.217,292.91245,302.4524,304.9851,251.63153,320.85043,329.35056,326.48138,342.13028,329.99237,323.75717,321.58408,321.3562,306.88232,274.3044,300.06644,292.981,295.4962,297.54868,335.02628,-129568.125,9069.281,3146.546,-84211.19,3100.0,1500.0,149274.8,3643.3806,22595.73,140809.1,30131.688,-15.881256,5948.669,66927.805,4831.5444
641,1992-10-28,320.7758,331.0898,323.75345,322.93604,272.39352,345.24554,329.22354,292.31717,302.4526,304.98343,251.63147,320.8487,329.3428,326.46768,342.13016,329.98828,323.75507,321.55795,321.345,306.8703,274.3044,300.067,292.98114,295.48932,297.54865,335.02628,-129378.0,9085.312,3167.5571,-84187.27,3100.0,1500.0,149295.61,3645.8506,22499.42,140557.89,30156.77,-15.485168,6142.679,66896.45,4833.7676
642,1992-11-04,320.7625,331.07013,323.74603,322.92767,272.3937,345.20474,329.23004,292.40207,302.45212,304.98322,251.63138,320.8458,329.32294,326.43448,342.12988,329.97543,323.75067,321.5397,321.32675,306.87234,274.3044,300.06754,292.9813,295.48367,297.54782,335.02628,-129071.34,9043.559,3178.9346,-84160.09,3100.0,1500.0,149533.5,3648.2415,22491.203,140095.81,30172.496,-15.270103,5979.1763,66883.55,4836.302
643,1992-11-11,320.7876,331.06888,323.74304,322.9254,272.39386,345.14053,329.2363,292.86118,302.4505,304.98703,251.63129,320.8421,329.3498,326.46957,342.12912,329.9664,323.74454,321.56165,321.3551,306.9344,274.3044,300.06805,292.9815,295.48865,297.54666,335.02628,-129299.69,8732.774,3164.6545,-84158.03,3100.0,1500.0,149274.25,3650.5068,22770.578,141258.22,30170.584,-15.348328,5830.2876,66896.9,4838.715
644,1992-11-18,320.7792,331.07016,323.74527,322.92828,272.39398,345.11493,329.242,292.4829,302.4479,304.98624,251.6312,320.84204,329.32095,326.45056,342.129,329.96628,323.74448,321.56772,321.34357,306.87616,274.30438,300.0686,292.98172,295.48465,297.54626,335.02628,-129226.305,9079.279,3168.9514,-84162.75,3100.0,1500.0,149500.84,3652.82,22596.291,140473.1,30167.068,-15.171478,6118.02,66885.36,4840.6006
645,1992-11-25,320.76865,331.05545,323.7375,322.92047,272.39404,345.08417,329.2469,291.51883,302.44498,304.98502,251.63112,320.8405,329.30112,326.42337,342.12885,329.9589,323.74283,321.55145,321.3323,306.87762,274.30438,300.06906,292.98196,295.4725,297.54535,335.02628,-129017.02,9030.179,3205.0566,-84129.85,3100.0,1500.0,149664.14,3655.026,22557.242,140171.03,30212.54,-14.554962,6476.41,66833.87,4841.9854
646,1992-12-02,320.73544,331.03152,323.72626,322.90762,272.39404,345.05267,329.25073,291.03412,302.4416,304.98123,251.63103,320.83646,329.27808,326.3985,342.1281,329.94092,323.73624,321.51105,321.28415,306.82178,274.30438,300.06946,292.98224,295.46115,297.5433,335.02628,-128391.98,9274.68,3237.099,-84078.09,3100.0,1500.0,149886.47,3657.004,22306.072,138873.69,30239.92,-13.976944,6552.7363,66789.766,4843.1494
647,1992-12-09,320.7487,331.02548,323.721,322.9034,272.39404,345.01367,329.2533,291.48773,302.43698,304.98376,251.63095,320.83026,329.30045,326.42618,342.12708,329.92947,323.72528,321.5246,321.32825,306.89987,274.30438,300.06973,292.98254,295.4627,297.54037,335.02628,-128701.336,8868.384,3236.4048,-84043.41,3100.0,1500.0,149685.88,3658.4585,22636.44,140450.03,30251.76,-13.806488,6233.384,66786.42,4844.201
648,1992-12-16,320.74585,331.02658,323.72467,322.90686,272.39395,344.98065,329.25427,291.91718,302.43088,304.98398,251.63087,320.8288,329.29132,326.42902,342.12665,329.91907,323.72275,321.52246,321.30133,306.8523,274.30438,300.07007,292.98282,295.462,297.53824,335.02628,-128509.52,9115.612,3224.9102,-84049.7,3100.0,1500.0,149786.0,3659.5012,22478.97,139611.5,30235.426,-13.846001,6195.8115,66799.195,4845.23
649,1992-12-23,320.72394,331.0123,323.71793,322.89948,272.39377,344.9615,329.25357,291.33374,302.424,304.98138,251.63078,320.82562,329.26178,326.39603,342.12637,329.9076,323.71927,321.50763,321.2823,306.83215,274.3044,300.0703,292.98315,295.45477,297.53625,335.02628,-128198.336,9216.467,3246.504,-84038.42,3100.0,1500.0,150027.03,3660.163,22402.164,138969.97,30258.182,-13.441277,6500.0747,66767.414,4846.3975
650,1992-12-30,320.68396,330.9962,323.7049,322.88684,272.39352,344.93283,329.25122,290.59378,302.41702,304.97687,251.63068,320.82034,329.2284,326.37695,342.12576,329.89478,323.71265,321.47467,321.26465,306.7769,274.3044,300.0704,292.98346,295.44275,297.53357,335.02628,-127847.9,9473.614,3282.3735,-83997.34,3100.0,1500.0,150192.97,3660.2495,22171.08,138262.9,30287.732,-12.840279,6748.3804,66718.39,4847.7227
651,1993-01-06,320.72092,330.95938,323.69986,322.8712,272.39328,344.91068,329.2473,290.8947,302.40982,304.97955,251.6316,320.8126,329.31815,326.2604,342.1251,329.858,323.70145,321.49704,321.21054,306.8877,274.3044,300.0704,292.9838,295.43506,297.52982,335.02628,-127041.555,8893.53,3300.832,-83957.78,3100.0,1500.0,149874.89,3659.5515,22636.535,137615.44,30333.744,-12.553993,6394.8984,66699.61,4799.9478
652,1993-01-13,320.72223,330.95316,323.6838,322.86316,272.39294,344.9385,329.24188,291.7954,302.402,304.9783,251.63097,320.80225,329.20602,326.35696,342.12402,329.83838,323.68512,321.49335,321.25858,306.82904,274.3044,300.07025,292.98413,295.4432,297.52637,335.02628,-127379.63,9203.125,3277.0332,-83957.086,3100.0,1500.0,150470.9,3658.3486,22438.545,138564.14,30290.236,-12.801353,6141.8853,66727.49,4849.41
653,1993-01-20,320.70642,330.96225,323.6859,322.8655,272.39258,344.90424,329.23483,292.05045,302.39404,304.97708,251.63065,320.79907,329.23944,326.34326,342.12366,329.8406,323.6782,321.48663,321.24332,306.8188,274.3044,300.07013,292.98444,295.4463,297.52414,335.02628,-127276.664,9264.413,3268.5576,-83971.086,3100.0,1500.0,150080.9,3656.6245,22405.828,138200.19,30277.373,-12.905525,6078.1895,66738.95,4850.1084
654,1993-01-27,320.63025,330.95773,323.6758,322.85455,272.39218,344.85077,329.22617,292.19275,302.38693,304.96906,251.63055,320.7945,329.16904,326.2958,342.12384,329.83322,323.6699,321.41635,321.19135,306.68793,274.3044,300.0699,292.98474,295.44397,297.52246,335.02628,-126610.695,9879.102,3271.5771,-83981.62,3100.0,1500.0,150517.33,3654.491,21825.783,136192.39,30254.875,-12.996925,6053.369,66743.414,4850.0244
655,1993-02-03,320.57172,330.93982,323.65567,322.83542,272.39175,344.7993,329.21597,292.20554,302.38132,304.96503,251.63048,320.78528,329.13193,326.27658,342.12366,329.8212,323.65176,321.359,321.18283,306.6962,274.3044,300.0695,292.98505,295.44055,297.52014,335.02628,-126233.26,9759.257,3284.1143,-83981.35,3100.0,1500.0,150674.69,3651.6511,21777.807,136137.25,30270.553,-13.0114975,6056.6143,66736.78,4849.4624
656,1993-02-10,320.53708,330.92627,323.64713,322.82742,272.3914,344.76315,329.20462,292.20523,302.37735,304.9633,251.63042,320.77658,329.1402,326.28745,342.12292,329.81024,323.6315,321.3367,321.18417,306.68665,274.3044,300.069,292.98532,295.43878,297.5173,335.02628,-126124.46,9797.165,3293.6338,-83975.47,3100.0,1500.0,150618.88,3648.1174,21760.38,136319.83,30275.234,-13.029411,6060.236,66729.836,4848.657
657,1993-02-17,320.59494,330.9395,323.65842,322.8388,272.39105,344.7485,329.19244,292.31683,302.37476,304.97058,251.63039,320.77182,329.21936,326.34683,342.12234,329.81683,323.61746,321.38815,321.24118,306.83466,274.3044,300.06842,292.98557,295.4419,297.5144,335.02628,-126791.98,9043.406,3291.7764,-83970.28,3100.0,1500.0,150102.64,3643.9194,22392.799,138719.38,30300.281,-13.116936,5995.806,66730.8,4847.756
658,1993-02-24,320.58145,330.94583,323.6687,322.84732,272.39072,344.73785,329.17975,292.4268,302.37323,304.96747,251.63034,320.77298,329.18542,326.31552,342.12262,329.8266,323.6169,321.3714,321.18994,306.71454,274.3044,300.0679,292.98578,295.44052,297.51257,335.02628,-126424.164,9667.399,3290.732,-83975.33,3100.0,1500.0,150498.8,3639.6748,21952.943,136703.38,30273.695,-13.243233,5982.8765,66735.766,4846.8877
659,1993-03-03,320.53525,330.93762,323.66144,322.83902,272.3904,344.72943,329.16684,292.3781,302.3726,304.96188,251.63031,320.76917,329.18698,326.30765,342.12265,329.82162,323.61066,321.3239,321.18207,306.6915,274.3044,300.06732,292.98596,295.43805,297.51062,335.02628,-126218.65,9729.378,3303.1543,-83973.25,3100.0,1500.0,150464.77,3635.3696,21795.008,136570.45,30279.41,-13.251663,6005.3657,66728.66,4846.0977
660,1993-03-10,320.52914,330.93243,323.6596,322.83698,272.39014,344.75412,329.15396,292.41028,302.37265,304.96204,251.63028,320.7652,329.19363,326.30426,342.1224,329.81717,323.6016,321.32065,321.1915,306.73352,274.3044,300.06665,292.9861,295.43625,297.50827,335.02628,-126254.41,9499.991,3311.7458,-83967.33,3100.0,1500.0,150436.11,3630.6816,21963.986,137059.4,30294.178,-13.2795105,5976.077,66723.59,4845.2827
661,1993-03-17,320.57895,330.94455,323.66702,322.8455,272.3899,344.7636,329.14133,292.43616,302.37317,304.96683,251.63026,320.7638,329.2358,326.34576,342.12234,329.8233,323.59686,321.36957,321.2371,306.82242,274.30444,300.06595,292.9862,295.43942,297.50607,335.02628,-126799.47,9080.278,3310.3518,-83964.67,3100.0,1500.0,150108.11,3625.8174,22380.803,138679.31,30305.047,-13.349197,5988.6104,66724.04,4844.3276
662,1993-03-24,320.58426,330.95605,323.67996,322.85895,272.38962,344.73157,329.12924,292.4882,302.37396,304.96616,251.63025,320.7673,329.24408,326.35974,342.12286,329.8316,323.6011,321.36588,321.2404,306.76688,274.30444,300.0653,292.98627,295.4379,297.5048,335.02628,-127040.42,9343.428,3312.5576,-83964.65,3100.0,1500.0,150138.73,3621.1907,22155.65,138434.08,30293.205,-13.411949,5941.3003,66725.24,4843.086
663,1993-03-31,320.5951,330.95486,323.6844,322.8622,272.38937,344.69888,329.11795,292.68985,302.375,304.96658,251.63026,320.77026,329.2504,326.3446,342.12326,329.8352,323.60455,321.36383,321.23636,306.8128,274.30444,300.06464,292.9863,295.43698,297.50357,335.02628,-127052.195,9084.584,3314.8804,-83967.555,3100.0,1500.0,150166.81,3616.7659,22301.396,138543.12,30304.342,-13.52739,5860.954,66729.375,4840.8823
664,1993-04-07,320.62018,330.95642,323.68536,322.86237,272.38916,344.7171,329.10757,292.86975,302.37622,304.96747,251.63033,320.77155,329.2617,326.33954,342.1233,329.83398,323.60648,321.39124,321.2416,306.8385,274.30444,300.064,292.9863,295.43887,297.50256,335.02628,-127102.87,8997.15,3312.0938,-83973.05,3100.0,1500.0,150114.94,3612.526,22456.018,138718.77,30301.656,-13.675835,5799.554,66736.055,4837.396
665,1993-04-14,320.63992,330.96497,323.68854,322.86655,272.38895,344.78827,329.09827,292.96762,302.37778,304.9673,251.63042,320.77295,329.26767,326.36566,342.12344,329.84088,323.6097,321.41168,321.25598,306.84076,274.30444,300.06335,292.98624,295.4447,297.5021,335.02628,-127308.49,9012.069,3303.9668,-83982.4,3100.0,1500.0,150032.97,3608.6328,22489.238,139080.78,30286.541,-13.852394,5786.7266,66746.38,4833.3965
666,1993-04-21,320.65152,330.98303,323.69742,322.87585,272.38876,344.807,329.09036,292.82492,302.37973,304.9667,251.63052,320.77603,329.29514,326.38776,342.1239,329.857,323.6158,321.43564,321.27664,306.8436,274.30444,300.06277,292.98615,295.44504,297.50238,335.02628,-127637.93,9048.405,3304.7812,-83992.08,3100.0,1500.0,149775.95,3605.1199,22538.238,139559.69,30281.99,-13.931694,5883.9766,66748.66,4829.7466
667,1993-04-28,320.68277,331.00198,323.70847,322.88745,272.38858,344.80792,329.0841,292.872,302.38217,304.9684,251.63063,320.78104,329.31387,326.40692,342.12476,329.8767,323.62457,321.46307,321.29843,306.8843,274.30444,300.06216,292.98602,295.44415,297.50272,335.02628,-128018.555,8847.853,3307.7969,-83991.52,3100.0,1500.0,149656.78,3602.0088,22696.422,140245.94,30290.174,-13.987938,5786.2505,66749.2,4826.939
668,1993-05-05,320.71548,331.01727,323.71765,322.89706,272.38846,344.8532,329.0795,293.24988,302.3849,304.97034,251.63074,320.78708,329.3253,326.42398,342.12564,329.8925,323.6369,321.48776,321.3101,306.90656,274.30444,300.06155,292.98584,295.44818,297.5032,335.02628,-128282.055,8750.191,3296.8865,-84003.53,3100.0,1500.0,149584.48,3599.44,22792.525,140568.3,30278.889,-14.247208,5656.763,66767.805,4824.341
669,1993-05-12,320.7069,331.02,323.7201,322.8987,272.38834,344.91687,329.07645,293.43823,302.38773,304.96768,251.63084,320.79224,329.31024,326.4011,342.1263,329.90128,323.6492,321.47598,321.28598,306.85294,274.30444,300.06097,292.98566,295.4536,297.50427,335.02628,-128101.79,9026.333,3285.1611,-84021.75,3100.0,1500.0,149722.36,3597.593,22558.58,139610.53,30252.059,-14.489517,5609.635,66784.836,4822.011
670,1993-05-19,320.71005,331.02698,323.72003,322.89905,272.38824,344.96347,329.07495,293.37543,302.39093,304.96744,251.63095,320.79425,329.33014,326.42365,342.12656,329.90897,323.6545,321.48468,321.30746,306.88342,274.30444,300.06046,292.9854,295.45822,297.50574,335.02628,-128313.96,8888.955,3278.0806,-84039.164,3100.0,1500.0,149512.34,3596.2632,22673.453,140347.98,30246.4,-14.659386,5684.736,66795.26,4820.379
671,1993-05-26,320.73285,331.03906,323.72827,322.90814,272.3882,345.00272,329.075,293.26123,302.39462,304.96957,251.63103,320.79837,329.34448,326.4414,342.12698,329.92285,323.66095,321.50604,321.32724,306.90646,274.30444,300.0599,292.98517,295.4611,297.50745,335.02628,-128638.586,8783.912,3273.6685,-84047.68,3100.0,1500.0,149440.2,3595.3828,22770.355,140893.25,30243.402,-14.753952,5704.7964,66800.625,4819.7725
672,1993-06-02,320.75897,331.0524,323.73676,322.917,272.3882,345.02747,329.07657,293.39404,302.39868,304.97177,251.63109,320.80386,329.36017,326.45764,342.12747,329.93683,323.67117,321.52765,321.33984,306.92844,274.30444,300.0595,292.98486,295.4653,297.50937,335.02628,-128901.445,8685.249,3262.4072,-84058.914,3100.0,1500.0,149309.73,3595.096,22862.838,141271.27,30233.98,-14.936554,5636.339,66815.35,4819.731
673,1993-06-09,320.75064,331.0528,323.7399,322.91916,272.38824,345.04752,329.07947,293.55295,302.40286,304.97012,251.63115,320.809,329.34952,326.4334,342.12802,329.94116,323.6824,321.5193,321.3202,306.8815,274.30444,300.05933,292.98456,295.46884,297.51166,335.02628,-128760.93,8928.175,3251.0303,-84076.59,3100.0,1500.0,149448.19,3595.4812,22660.18,140427.42,30211.39,-15.143585,5587.619,66832.46,4819.7705
674,1993-06-16,320.7558,331.05753,323.73868,322.91876,272.3883,345.06683,329.08347,293.56158,302.4071,304.9709,251.6312,320.81122,329.3556,326.45728,342.12817,329.94424,323.68805,321.52246,321.33563,306.91104,274.30444,300.05917,292.98425,295.47235,297.5139,335.02628,-128914.67,8760.88,3243.2524,-84092.86,3100.0,1500.0,149334.36,3596.313,22752.783,141041.33,30209.047,-15.292931,5610.6016,66843.695,4819.815
675,1993-06-23,320.75977,331.06625,323.74347,322.924,272.38843,345.0796,329.08838,293.38925,302.41144,304.97147,251.63126,320.81476,329.361,326.4605,342.12845,329.95444,323.6935,321.53296,321.3414,306.8915,274.30444,300.05905,292.98392,295.47632,297.51614,335.02628,-129049.484,8846.274,3236.1714,-84103.7,3100.0,1500.0,149281.28,3597.5342,22701.637,141044.06,30197.504,-15.362213,5703.1074,66849.164,4819.7983
676,1993-06-30,320.78302,331.0756,323.7482,322.92926,272.38858,345.08725,329.094,293.3702,302.4157,304.97418,251.6313,320.81854,329.37296,326.4766,342.12885,329.9645,323.69962,321.55203,321.35757,306.94168,274.30444,300.05893,292.98358,295.48126,297.51843,335.02628,-129288.086,8643.109,3226.1855,-84110.37,3100.0,1500.0,149183.12,3599.0862,22888.559,141628.05,30193.924,-15.446632,5662.2915,66858.88,4819.5977
677,1993-07-07,320.79016,331.07895,323.75217,322.93268,272.38876,345.08936,329.10013,293.56317,302.41983,304.97498,251.63136,320.82285,329.37222,326.46585,342.12924,329.96936,323.70822,321.5586,321.34866,306.9216,274.30444,300.05896,292.98325,295.4851,297.5211,335.02628,-129266.26,8765.455,3209.9346,-84127.68,3100.0,1500.0,149223.89,3600.9817,22812.428,141211.3,30174.045,-15.639893,5596.1826,66878.98,4819.184
678,1993-07-14,320.77692,331.07846,323.75046,322.9312,272.38898,345.0753,329.10672,293.62857,302.42365,304.97385,251.63144,320.82526,329.36115,326.4667,342.12943,329.9714,323.7136,321.54614,321.34567,306.89838,274.30444,300.05917,292.9829,295.48642,297.52374,335.02628,-129225.14,8890.108,3202.3875,-84145.67,3100.0,1500.0,149280.31,3603.189,22687.072,140974.52,30162.258,-15.766579,5585.0576,66891.22,4818.669
679,1993-07-21,320.78058,331.0828,323.75098,322.93198,272.3892,345.08142,329.11346,293.38226,302.4273,304.97507,251.6315,320.82697,329.3708,326.47513,342.1295,329.97305,323.71622,321.55286,321.35187,306.92322,274.30444,300.05948,292.98257,295.48642,297.52603,335.02628,-129303.7,8773.722,3202.2722,-84155.875,3100.0,1500.0,149173.19,3605.4766,22781.076,141294.16,30169.79,-15.756882,5740.9873,66889.9,4818.436
680,1993-07-28,320.80563,331.0898,323.75577,322.93744,272.38947,345.08163,329.12027,293.2567,302.43082,304.97824,251.63155,320.82962,329.38266,326.48926,342.1297,329.9808,323.71942,321.57422,321.37097,306.95578,274.30444,300.05978,292.98227,295.4897,297.528,335.02628,-129564.695,8616.193,3198.2097,-84152.195,3100.0,1500.0,149099.02,3607.7913,22920.428,141891.97,30171.367,-15.718597,5708.01,66889.22,4818.507
681,1993-08-04,320.82623,331.09705,323.7619,322.94385,272.38974,345.0916,329.12704,293.50565,302.43396,304.9808,251.63159,320.83374,329.39258,326.49738,342.12997,329.98965,323.72504,321.59195,321.37958,306.9629,274.30444,300.06018,292.98196,295.4948,297.53033,335.02628,-129750.83,8599.124,3179.98,-84164.375,3100.0,1500.0,149048.69,3610.202,22960.521,142070.4,30154.156,-15.896507,5621.955,66909.74,4818.657
682,1993-08-11,320.80756,331.09164,323.76044,322.94153,272.39005,345.11093,329.13373,293.48978,302.43665,304.97897,251.63164,320.8371,329.36316,326.46802,342.13025,329.9883,323.73047,321.56857,321.34714,306.90564,274.30444,300.06067,292.9817,295.49426,297.53296,335.02628,-129428.79,8874.612,3174.058,-84180.63,3100.0,1500.0,149279.8,3612.7625,22692.238,140891.56,30141.486,-15.9602585,5663.089,66918.13,4818.8203
683,1993-08-18,320.8072,331.09204,323.7572,322.9381,272.39032,345.12952,329.14038,293.28802,302.43906,304.97977,251.63168,320.83685,329.38904,326.48715,342.1301,329.98438,323.72974,321.57098,321.36206,306.94287,274.30444,300.0612,292.98145,295.49423,297.535,335.02628,-129519.266,8691.401,3175.6846,-84184.62,3100.0,1500.0,149049.52,3615.2368,22829.398,141592.0,30152.44,-15.902367,5752.082,66914.305,4818.9966
684,1993-08-25,320.82733,331.0966,323.7645,322.94513,272.39062,345.14667,329.147,293.28482,302.44125,304.9826,251.63173,320.83878,329.40924,326.49286,342.13016,329.99026,323.73212,321.5925,321.37726,306.9627,274.30444,300.06165,292.9812,295.49597,297.53677,335.02628,-129753.07,8610.581,3170.691,-84183.61,3100.0,1500.0,148998.45,3617.5837,22933.662,142015.81,30151.17,-15.89856,5703.6646,66917.24,4819.2427
685,1993-09-01,320.8444,331.10263,323.77042,322.95126,272.39093,345.15872,329.1537,293.4822,302.44305,304.98462,251.63174,320.84213,329.41632,326.50507,342.13034,329.99683,323.73727,321.6084,321.38623,306.96957,274.30444,300.0621,292.98102,295.49902,297.5386,335.02628,-129934.98,8592.05,3157.9248,-84193.33,3100.0,1500.0,148969.89,3619.9856,22971.582,142225.42,30140.342,-16.018951,5634.0273,66931.55,4820.1377
686,1993-09-08,320.8348,331.10074,323.76843,322.94943,272.39124,345.16144,329.16046,293.57574,302.44458,304.98358,251.63179,320.8451,329.37717,326.48587,342.13052,329.99908,323.74243,321.59546,321.35776,306.9314,274.30444,300.06253,292.98087,295.499,297.5406,335.02628,-129659.41,8781.258,3151.3054,-84206.305,3100.0,1500.0,149205.7,3622.5051,22795.562,141241.94,30129.836,-16.103401,5608.068,66940.74,4820.0664
687,1993-09-15,320.83328,331.09747,323.76328,322.9451,272.39154,345.17197,329.16724,293.53775,302.44595,304.9844,251.63176,320.84512,329.3854,326.4885,342.13046,329.99585,323.74258,321.59427,321.37668,306.95255,274.30444,300.06296,292.98074,295.50177,297.54224,335.02628,-129775.195,8667.64,3146.0793,-84214.53,3100.0,1500.0,149097.16,3624.9902,22861.793,141811.33,30129.174,-16.14988,5648.81,66945.3,4823.1885
688,1993-09-22,320.83893,331.09866,323.76422,322.94653,272.39185,345.18347,329.174,293.39017,302.4474,304.9858,251.63173,320.84647,329.38174,326.4925,342.1304,329.99536,323.74515,321.60257,321.37634,306.95425,274.3044,300.06345,292.98065,295.4992,297.54385,335.02628,-129805.18,8675.869,3147.4753,-84217.94,3100.0,1500.0,149114.56,3627.4321,22879.836,141777.06,30134.104,-16.121315,5708.7363,66942.99,4825.507
689,1993-09-29,320.85037,331.10312,323.76556,322.94873,272.39212,345.19305,329.18085,293.41147,302.44885,304.98724,251.6317,320.84805,329.38382,326.50333,342.13043,329.99985,323.74857,321.61575,321.38904,306.96848,274.3044,300.064,292.98062,295.49802,297.54507,335.02628,-129960.445,8616.427,3147.9407,-84215.05,3100.0,1500.0,149068.25,3629.8928,22947.799,142119.6,30138.785,-16.10675,5660.01,66941.59,4826.8623
690,1993-10-06,320.8361,331.10376,323.768,322.95117,272.39243,345.20367,329.18768,293.38998,302.45016,304.98575,251.63168,320.8504,329.3854,326.50034,342.13055,330.00345,323.7532,321.6151,321.38663,306.92322,274.3044,300.06448,292.98062,295.49744,297.54608,335.02628,-129979.64,8879.266,3146.3142,-84217.72,3100.0,1500.0,149085.1,3632.4417,22791.326,141741.45,30128.262,-16.114044,5714.826,66942.086,4827.906
691,1993-10-13,320.81213,331.0952,323.7633,322.94565,272.3927,345.21396,329.19446,293.2586,302.45126,304.9837,251.63165,320.85126,329.35684,326.47372,342.13052,329.99634,323.75607,321.58646,321.3561,306.89578,274.3044,300.06494,292.98065,295.49832,297.54675,335.02628,-129623.13,8975.657,3147.8225,-84212.66,3100.0,1500.0,149290.95,3635.0264,22623.264,140848.1,30127.557,-16.040054,5737.9043,66936.66,4828.9004
692,1993-10-20,320.81293,331.09488,323.75848,322.94144,272.39297,345.22342,329.2012,293.28043,302.45212,304.9854,251.63162,320.84943,329.3699,326.4917,342.13025,329.99255,323.75412,321.588,321.37405,306.9336,274.3044,300.06546,292.9807,295.49802,297.54733,335.02628,-129726.17,8778.297,3145.5012,-84212.12,3100.0,1500.0,149124.6,3637.4785,22770.805,141595.06,30135.006,-16.040047,5729.8936,66938.58,4830.0615
693,1993-10-27,320.79453,331.09387,323.75845,322.94138,272.39322,345.23215,329.2079,292.91275,302.45264,304.98395,251.63158,320.84943,329.35,326.48053,342.13022,329.99146,323.75494,321.58142,321.35513,306.88123,274.3044,300.06604,292.9808,295.4956,297.54788,335.02628,-129546.09,9072.126,3151.0728,-84209.5,3100.0,1500.0,149279.38,3639.97,22592.168,140789.98,30133.275,-15.8771515,5948.2026,66925.875,4831.648
694,1993-11-03,320.77298,331.0891,323.7529,322.93546,272.39346,345.2337,329.21454,292.31744,302.45285,304.98227,251.63152,320.84775,329.3423,326.4669,342.13013,329.98743,323.75293,321.5554,321.34396,306.86923,274.3044,300.0666,292.98096,295.4887,297.54785,335.02628,-129357.06,9088.008,3172.5515,-84185.41,3100.0,1500.0,149299.95,3642.4856,22496.045,140539.44,30158.355,-15.4807205,6142.229,66894.51,4833.8696
695,1993-11-10,320.75983,331.0695,323.74554,322.92712,272.39365,345.19293,329.22113,292.40228,302.45233,304.98212,251.63144,320.8449,329.32245,326.43375,342.12985,329.97464,323.74863,321.53726,321.32578,306.8713,274.3044,300.0671,292.9811,295.48306,297.54703,335.02628,-129051.28,9046.172,3183.6943,-84158.4,3100.0,1500.0,149537.72,3644.9167,22488.01,140078.22,30174.072,-15.265305,5978.746,66881.6,4836.4033
696,1993-11-17,320.785,331.06827,323.74258,322.9249,272.3938,345.12875,329.2275,292.86133,302.45065,304.98593,251.63135,320.84125,329.3493,326.46887,342.1291,329.96564,323.74258,321.55933,321.35416,306.93338,274.3044,300.06766,292.9813,295.48804,297.54587,335.02628,-129280.69,8735.27,3169.0674,-84156.14,3100.0,1500.0,149278.23,3647.2249,22767.559,141241.45,30172.15,-15.343353,5829.8726,66894.97,4838.814
697,1993-11-24,320.7767,331.06958,323.74484,322.9278,272.3939,345.10318,329.23337,292.48303,302.44806,304.98517,251.63126,320.84122,329.32053,326.4499,342.12897,329.96555,323.7426,321.5655,321.34268,306.8752,274.3044,300.06818,292.9815,295.48407,297.54547,335.02628,-129208.22,9081.661,3173.479,-84160.7,3100.0,1500.0,149504.7,3649.5835,22593.451,140457.08,30168.623,-15.166298,6117.615,66883.42,4840.6973
698,1993-12-01,320.76627,331.0549,323.73706,322.92,272.39395,345.07245,329.23837,291.51892,302.44513,304.98395,251.63116,320.83975,329.3007,326.42273,342.1288,329.9582,323.74106,321.54932,321.33145,306.87668,274.3044,300.06863,292.98175,295.4719,297.5446,335.02628,-128999.88,9032.561,3209.5845,-84127.95,3100.0,1500.0,149667.7,3651.8364,22554.559,140155.77,30214.082,-14.549644,6476.0166,66831.93,4842.08
699,1993-12-08,320.73315,331.031,323.72583,322.90717,272.39398,345.04095,329.24234,291.03418,302.4417,304.9802,251.63107,320.83572,329.27768,326.3979,342.12808,329.94028,323.73456,321.50897,321.28333,306.8209,274.3044,300.06903,292.98203,295.46057,297.54254,335.02628,-128375.53,9276.947,3241.162,-84076.34,3100.0,1500.0,149889.83,3653.861,22303.533,138859.06,30241.451,-13.971268,6552.3584,66787.84,4843.244
700,1993-12-15,320.7465,331.02496,323.7206,322.90298,272.39395,345.002,329.24503,291.48776,302.43707,304.98276,251.631,320.82956,329.30005,326.4256,342.12704,329.92883,323.72366,321.52264,321.32745,306.899,274.3044,300.0693,292.9823,295.46213,297.5396,335.02628,-128685.79,8870.462,3240.813,-84041.35,3100.0,1500.0,149689.08,3655.3613,22634.037,140436.06,30253.277,-13.800674,6233.021,66784.5,4844.2935
701,1993-12-22,320.7437,331.0261,323.72433,322.90646,272.39386,344.969,329.24612,291.91718,302.43097,304.98297,251.63092,320.82816,329.29095,326.42844,342.12662,329.91846,323.72122,321.52057,321.3006,306.85147,274.3044,300.0696,292.98257,295.46146,297.53745,335.02628,-128494.664,9117.689,3229.437,-84047.82,3100.0,1500.0,149789.06,3656.4487,22476.707,139598.16,30236.928,-13.840172,6195.457,66797.27,4845.3203
702,1993-12-29,320.72192,331.01184,323.7176,322.89908,272.39368,344.94986,329.24554,291.3337,302.42407,304.98038,251.63083,320.825,329.26144,326.39548,342.12634,329.90704,323.7178,321.5058,321.2816,306.83133,274.3044,300.06985,292.9829,295.45422,297.5355,335.02628,-128184.04,9218.504,3250.565,-84036.414,3100.0,1500.0,150029.94,3657.154,22400.033,138957.23,30259.668,-13.435295,6499.7305,66765.5,4846.4893
703,1994-01-05,320.682,330.99573,323.70456,322.88647,272.39343,344.92123,329.2433,290.59372,302.41705,304.97586,251.63072,320.81976,329.22806,326.37646,342.12573,329.89426,323.71127,321.47296,321.26398,306.7761,274.3044,300.06995,292.98322,295.4422,297.5328,335.02628,-127834.31,9475.653,3286.5522,-83995.47,3100.0,1500.0,150195.7,3657.2825,22169.105,138250.7,30289.205,-12.834152,6748.0444,66716.49,4847.8125
704,1994-01-12,320.6838,330.99426,323.69614,322.88013,272.3932,344.88782,329.2395,290.6966,302.40988,304.9768,251.63063,320.8141,329.2171,326.39105,342.12518,329.88965,323.70203,321.4708,321.28302,306.8318,274.3044,300.06995,292.98352,295.43787,297.52908,335.02628,-127914.914,9160.215,3303.734,-83949.71,3100.0,1500.0,150091.45,3656.6558,22378.229,139086.97,30316.008,-12.495567,6521.421,66694.37,4848.9893
705,1994-01-19,320.69095,330.99542,323.69852,322.87955,272.39285,344.85406,329.23428,291.49667,302.402,304.97723,251.63054,320.81082,329.25513,326.36838,342.1252,329.8839,323.69638,321.4813,321.26205,306.82266,274.3044,300.06992,292.98386,295.44067,297.5257,335.02628,-127696.11,9231.882,3288.643,-83944.984,3100.0,1500.0,149874.16,3655.4592,22402.234,138606.42,30297.594,-12.632408,6224.667,66714.29,4849.6978
706,1994-01-26,320.62378,330.98553,323.68713,322.8668,272.3925,344.81955,329.22754,291.89676,302.39383,304.96936,251.63046,320.80545,329.1837,326.31693,342.12534,329.869,323.68747,321.41684,321.2075,306.69177,274.3044,300.0698,292.98416,295.43942,297.52304,335.02628,-126972.82,9851.267,3285.9736,-83957.336,3100.0,1500.0,150359.83,3653.9907,21838.564,136542.55,30269.945,-12.724495,6127.704,66724.336,4849.6885
707,1994-02-02,320.5699,330.9632,323.66568,322.84616,272.39206,344.78198,329.21915,292.02832,302.38617,304.96548,251.6304,320.79553,329.14478,326.29468,342.125,329.85104,323.66852,321.36246,321.19708,306.69992,274.30444,300.06946,292.98447,295.4369,297.5201,335.02628,-126553.16,9734.571,3295.2588,-83961.24,3100.0,1500.0,150544.44,3651.8386,21796.902,136442.08,30282.258,-12.745018,6100.4404,66721.4,4849.174
708,1994-02-09,320.5379,330.94598,323.6559,322.83685,272.39163,344.75433,329.2092,292.08957,302.37982,304.9639,251.63036,320.7862,329.15125,326.30298,342.12408,329.83533,323.6474,321.3418,321.19684,306.69025,274.30444,300.069,292.98474,295.4358,297.5169,335.02628,-126408.44,9775.212,3301.7637,-83958.805,3100.0,1500.0,150507.8,3648.9526,21781.75,136585.38,30284.645,-12.778877,6088.62,66717.11,4848.4043
709,1994-02-16,320.59753,330.95627,323.6662,322.84714,272.39124,344.74472,329.19818,292.2364,302.37503,304.97134,251.63031,320.78082,329.22888,326.3603,342.12332,329.83817,323.6325,321.39423,321.25253,306.83807,274.30444,300.06848,292.98502,295.43936,297.5138,335.02628,-127045.77,9023.5625,3298.046,-83956.24,3100.0,1500.0,150009.78,3645.3113,22414.78,138952.56,30308.023,-12.887817,6015.46,66720.086,4847.5264
710,1994-02-23,320.58517,330.9601,323.67554,322.85468,272.39087,344.73706,329.18637,292.3683,302.37173,304.96832,251.63028,320.78137,329.19373,326.32727,342.12344,329.84476,323.6311,321.378,321.20013,306.71786,274.30444,300.06796,292.98526,295.43842,297.51187,335.02628,-126651.695,9649.56,3295.0273,-83963.234,3100.0,1500.0,150418.6,3641.5322,21974.605,136909.16,30280.174,-13.037415,5997.1807,66726.625,4846.679
711,1994-03-02,320.5398,330.9499,323.6675,322.84558,272.3905,344.7304,329.1741,292.33414,302.36978,304.96283,251.63025,320.777,329.1942,326.31793,342.12335,329.83722,323.62402,321.3309,321.19128,306.6947,274.30444,300.06738,292.98547,295.43625,297.5099,335.02628,-126423.74,9712.924,3306.1738,-83962.93,3100.0,1500.0,150394.78,3637.5933,21816.184,136753.22,30284.865,-13.069267,6016.139,66720.78,4845.906
712,1994-03-09,320.53427,330.94302,323.66504,322.84283,272.39017,344.75613,329.16162,292.37622,302.36896,304.96307,251.63022,320.77252,329.19998,326.31332,342.12302,329.83066,323.61417,321.3278,321.19983,306.7366,274.30444,300.06668,292.98566,295.43475,297.50757,335.02628,-126439.78,9484.879,3313.8357,-83958.305,3100.0,1500.0,150375.0,3633.1763,21984.328,137222.25,30298.803,-13.118942,5984.451,66716.77,4845.1055
713,1994-03-16,320.58447,330.95374,323.67188,322.85074,272.38986,344.76624,329.14926,292.4092,302.36893,304.96793,251.6302,320.77063,329.24142,326.3538,342.12286,329.83502,323.60867,321.3768,321.24466,306.82538,274.30444,300.06595,292.98578,295.43817,297.5054,335.02628,-126967.53,9066.437,3311.049,-83956.836,3100.0,1500.0,150055.4,3628.5046,22400.293,138825.19,30308.973,-13.208244,5995.282,66718.09,4844.162
714,1994-03-23,320.59006,330.96408,323.68433,322.86368,272.38956,344.73453,329.13733,292.46643,302.3695,304.96732,251.63019,320.77365,329.24905,326.36688,342.12332,329.84183,323.6122,321.37308,321.2473,306.76974,274.30444,300.06528,292.98587,295.43683,297.50418,335.02628,-127193.22,9330.696,3312.7893,-83957.67,3100.0,1500.0,150091.88,3624.0076,22174.203,138565.31,30296.543,-13.28846,5946.739,66720.07,4842.93
715,1994-03-30,320.60104,330.9619,323.68832,322.86652,272.3893,344.70206,329.1261,292.672,302.37048,304.96774,251.63022,320.77618,329.25485,326.35098,342.12363,329.84418,323.615,321.37097,321.24268,306.81555,274.30444,300.06458,292.98593,295.43607,297.50302,335.02628,-127191.69,9072.857,3314.6475,-83961.52,3100.0,1500.0,150125.48,3619.6626,22319.043,138661.77,30307.172,-13.419136,5865.4683,66724.86,4840.735
716,1994-04-06,320.62622,330.96265,323.68893,322.86627,272.38907,344.72043,329.1157,292.85495,302.37177,304.96866,251.63028,320.77707,329.26562,326.34528,342.12366,329.8419,323.61624,321.39825,321.2474,306.84116,274.30447,300.0639,292.98596,295.4381,297.50208,335.02628,-127230.52,8986.193,3311.5112,-83967.99,3100.0,1500.0,150078.2,3615.464,22472.766,138826.4,30304.041,-13.581078,5803.3584,66732.11,4837.257
717,1994-04-13,320.646,330.9705,323.69177,322.87006,272.38882,344.7917,329.10635,292.9552,302.37347,304.96848,251.63037,320.7781,329.27124,326.37085,342.12375,329.84793,323.6189,321.41855,321.26132,306.8433,274.30447,300.06326,292.98593,295.44406,297.50168,335.02628,-127425.516,9001.956,3303.0369,-83977.82,3100.0,1500.0,150000.1,3611.5825,22505.11,139178.86,30288.54,-13.769272,5789.9717,66742.95,4833.264
718,1994-04-20,320.6576,330.98795,323.70038,322.8791,272.3886,344.81046,329.09833,292.81436,302.37567,304.96786,251.63048,320.78085,329.29837,326.39243,342.12415,329.86325,323.62445,321.44232,321.28156,306.84604,274.30447,300.06262,292.98584,295.44452,297.502,335.02628,-127745.7,9039.022,3303.269,-83987.984,3100.0,1500.0,149746.67,3608.0588,22553.404,139649.34,30283.646,-13.858681,5886.774,66745.67,4829.62
719,1994-04-27,320.68878,331.0064,323.71118,322.8904,272.38846,344.81143,329.09195,292.86288,302.37836,304.96957,251.63058,320.78555,329.3168,326.41116,342.125,329.8823,323.6327,321.46954,321.30298,306.88666,274.30447,300.062,292.98575,295.44376,297.5024,335.02628,-128117.88,8839.126,3306.288,-83987.9,3100.0,1500.0,149630.25,3604.9197,22710.771,140328.2,30291.54,-13.923592,5788.697,66746.63,4826.819
720,1994-05-04,320.7214,331.02124,323.72015,322.89978,272.3883,344.85672,329.0872,293.24203,302.38132,304.97147,251.63069,320.7913,329.32794,326.42786,342.12585,329.89752,323.64453,321.49405,321.3143,306.9088,274.30447,300.0614,292.9856,295.44788,297.50296,335.02628,-128373.9,8741.927,3295.1455,-84000.2,3100.0,1500.0,149560.47,3602.3105,22806.105,140644.06,30279.99,-14.190552,5658.919,66765.59,4824.225
721,1994-05-11,320.71274,331.02356,323.72238,322.9012,272.38818,344.9204,329.08395,293.43146,302.38446,304.96878,251.6308,320.79617,329.31268,326.40466,342.1265,329.90582,323.6564,321.4821,321.2899,306.85513,274.30447,300.0608,292.9854,295.45337,297.5041,335.02628,-128186.78,9018.643,3283.072,-84018.95,3100.0,1500.0,149700.7,3600.4143,22571.424,139680.5,30252.924,-14.439529,5611.5474,66782.945,4821.9004
722,1994-05-18,320.7158,331.0302,323.72214,322.90137,272.38812,344.96704,329.0823,293.36954,302.38794,304.9685,251.6309,320.79794,329.33237,326.42688,342.12674,329.91306,323.6613,321.4906,321.3111,306.8855,274.30447,300.06024,292.98517,295.45807,297.50558,335.02628,-128393.086,8881.804,3275.7593,-84036.805,3100.0,1500.0,149492.55,3599.0288,22685.615,140412.77,30247.057,-14.6152725,5686.4336,66793.67,4820.2725
723,1994-05-25,320.73843,331.042,323.73022,322.9103,272.38806,345.0063,329.08218,293.256,302.39188,304.97064,251.63098,320.80182,329.34653,326.4444,342.12714,329.92657,323.66733,321.51178,321.33063,306.90848,274.30447,300.05972,292.98492,295.461,297.50735,335.02628,-128712.12,8777.068,3271.1118,-84045.484,3100.0,1500.0,149422.06,3598.0889,22781.873,140953.39,30243.875,-14.715012,5706.324,66799.3,4819.6704
724,1994-06-01,320.76443,331.05505,323.73856,322.91898,272.38806,345.03104,329.08356,293.38943,302.39618,304.9728,251.63104,320.8071,329.36203,326.4604,342.12762,329.94022,323.6772,321.53314,321.343,306.93036,274.30447,300.05933,292.98465,295.46524,297.50934,335.02628,-128969.86,8678.867,3260.3174,-84057.29,3100.0,1500.0,149293.28,3597.7397,22873.74,141327.22,30234.293,-14.902008,5637.724,66814.26,4819.633
725,1994-06-08,320.75595,331.05527,323.74158,322.921,272.3881,345.05112,329.08627,293.5489,302.40057,304.97113,251.6311,320.812,329.35126,326.43594,342.12817,329.94427,323.68808,321.5246,321.32315,306.8834,274.30447,300.0591,292.98434,295.46884,297.51166,335.02628,-128824.68,8922.138,3248.4775,-84075.086,3100.0,1500.0,149432.86,3598.0615,22670.498,140479.61,30211.553,-15.113312,5588.8765,66831.58,4819.676
726,1994-06-15,320.76096,331.05975,323.74023,322.9205,272.38818,345.0704,329.09012,293.55795,302.40503,304.97183,251.63116,320.81406,329.35718,326.45966,342.1283,329.94708,323.69342,321.5276,321.3384,306.91284,274.30447,300.059,292.98404,295.47238,297.51392,335.02628,-128974.375,8755.036,3240.5806,-84091.62,3100.0,1500.0,149320.3,3598.829,22762.564,141090.12,30209.078,-15.266022,5611.7456,66842.99,4819.722
727,1994-06-22,320.76477,331.0683,323.74493,322.9256,272.3883,345.0832,329.09485,293.38602,302.40955,304.9724,251.63121,320.8174,329.36246,326.4627,342.12857,329.95706,323.69855,321.53787,321.344,306.89325,274.30447,300.05884,292.9837,295.47638,297.51624,335.02628,-129105.375,8840.854,3233.7334,-84102.55,3100.0,1500.0,149268.39,3599.987,22710.896,141089.81,30197.424,-15.338463,5704.1523,66848.63,4819.709
728,1994-06-29,320.78787,331.0775,323.74957,322.93076,272.38846,345.09088,329.10028,293.3673,302.414,304.9751,251.63127,320.82104,329.37433,326.47864,342.12894,329.96692,323.7044,321.5568,321.36002,306.94336,274.30447,300.05875,292.98337,295.48135,297.51855,335.02628,-129340.43,8637.916,3223.1677,-84109.4,3100.0,1500.0,149171.14,3601.4756,22897.334,141670.97,30193.742,-15.425735,5663.253,66858.516,4819.5127
729,1994-07-06,320.79483,331.08072,323.75345,322.93408,272.38864,345.093,329.1063,293.56058,302.41827,304.9759,251.63133,320.82516,329.3735,326.46777,342.12933,329.9716,323.71274,321.56317,321.35098,306.92322,274.30447,300.05878,292.98303,295.48523,297.5212,335.02628,-129315.33,8760.573,3207.4968,-84126.914,3100.0,1500.0,149212.97,3603.31,22820.732,141251.7,30173.773,-15.621506,5597.0723,66878.75,4819.099
730,1994-07-13,320.78146,331.0801,323.75168,322.93256,272.38885,345.07892,329.11273,293.62625,302.42227,304.9747,251.6314,320.82745,329.36234,326.4685,342.12952,329.97348,323.7179,321.55054,321.34787,306.89993,274.30447,300.059,292.9827,295.48657,297.52393,335.02628,-129271.36,8885.496,3199.949,-84145.04,3100.0,1500.0,149269.9,3605.462,22694.941,141012.55,30161.908,-15.750397,5585.879,66891.12,4818.5884
731,1994-07-20,320.78497,331.08435,323.7521,322.9332,272.3891,345.08505,329.11935,293.38016,302.42606,304.9759,251.63145,320.829,329.37192,326.4768,342.12955,329.97498,323.7203,321.55707,321.3539,306.9247,274.30447,300.0593,292.98236,295.4866,297.5262,335.02628,-129347.07,8769.338,3200.0662,-84155.42,3100.0,1500.0,149163.5,3607.6978,22788.537,141330.0,30169.37,-15.742699,5741.747,66889.91,4818.3584
732,1994-07-27,320.80988,331.09122,323.7568,322.9386,272.38937,345.0853,329.126,293.25482,302.42966,304.97906,251.63152,320.83157,329.38373,326.4908,342.12976,329.9826,323.72327,321.57828,321.37292,306.9572,274.30447,300.05963,292.98206,295.4899,297.52823,335.02628,-129605.68,8611.928,3195.8872,-84151.836,3100.0,1500.0,149090.27,3609.963,22927.498,141925.92,30170.885,-15.706284,5708.718,66889.33,4818.431
733,1994-08-03,320.83032,331.0984,323.7629,322.94495,272.38965,345.09528,329.13266,293.50394,302.43292,304.9816,251.63156,320.83557,329.3936,326.49884,342.13007,329.9913,323.7287,321.59583,321.3814,306.9643,274.30447,300.06003,292.98175,295.49506,297.53058,335.02628,-129789.44,8595.163,3177.5425,-84164.27,3100.0,1500.0,149040.6,3612.3232,22967.22,142102.58,30153.621,-15.885666,5622.6187,66909.945,4818.583
734,1994-08-10,320.8115,331.0929,323.76138,322.94257,272.38995,345.11462,329.1392,293.48822,302.43573,304.97974,251.6316,320.83884,329.36407,326.4694,342.1303,329.98987,323.73395,321.5723,321.34888,306.90698,274.30447,300.06055,292.98148,295.4945,297.5332,335.02628,-129465.234,8870.922,3171.7363,-84180.6,3100.0,1500.0,149271.81,3614.834,22698.578,140921.9,30140.902,-15.950951,5663.708,66918.42,4818.747
735,1994-08-17,320.81097,331.0932,323.75806,322.93906,272.39026,345.1332,329.1457,293.28662,302.43823,304.9805,251.63165,320.8385,329.38992,326.48846,342.13016,329.98584,323.73303,321.57455,321.36368,306.94415,274.30444,300.06107,292.98123,295.49448,297.53528,335.02628,-129553.68,8687.788,3173.3623,-84184.64,3100.0,1500.0,149042.28,3617.2578,22835.414,141620.78,30151.81,-15.894371,5752.6626,66914.67,4818.924
736,1994-08-24,320.831,331.0977,323.76535,322.94604,272.39056,345.15036,329.1522,293.28354,302.44046,304.98334,251.6317,320.84033,329.41006,326.49408,342.13022,329.99164,323.73526,321.59595,321.37878,306.96396,274.30444,300.06152,292.981,295.49625,297.53705,335.02628,-129785.64,8607.082,3168.3691,-84183.8,3100.0,1500.0,148991.69,3619.5562,22939.357,142043.14,30150.508,-15.891693,5704.212,66917.67,4819.1733
737,1994-08-31,320.8479,331.10367,323.7712,322.95212,272.39087,345.1624,329.15878,293.48108,302.44235,304.98535,251.63171,320.84357,329.4171,326.50623,342.1304,329.99814,323.74026,321.61172,321.3877,306.97076,274.30444,300.062,292.9808,295.4993,297.5389,335.02628,-129965.77,8588.743,3155.486,-84193.48,3100.0,1500.0,148963.45,3621.9116,22976.973,142251.33,30139.646,-16.013023,5634.544,66932.03,4820.0703
738,1994-09-07,320.8382,331.1017,323.76917,322.95026,272.39117,345.16513,329.1654,293.5747,302.44394,304.98428,251.63176,320.84647,329.3779,326.48697,342.13058,330.0003,323.74527,321.59863,321.35916,306.93253,274.30444,300.06244,292.98065,295.4993,297.5409,335.02628,-129688.664,8778.222,3148.8665,-84206.56,3100.0,1500.0,149199.55,3624.3865,22800.666,141266.55,30129.111,-16.098625,5608.5547,66941.28,4820.0
739,1994-09-14,320.83655,331.0984,323.76398,322.94586,272.39148,345.17566,329.1721,293.5368,302.44537,304.98508,251.63173,320.8464,329.3861,326.48953,342.1305,329.997,323.7453,321.59732,321.37802,306.95367,274.30444,300.06287,292.98053,295.50208,297.54254,335.02628,-129802.82,8664.72,3143.9915,-84214.88,3100.0,1500.0,149091.4,3626.8264,22866.637,141834.69,30128.424,-16.145874,5649.2705,66945.89,4823.1235
740,1994-09-21,320.84207,331.09955,323.7649,322.94727,272.39178,345.1872,329.1788,293.38934,302.44687,304.98648,251.6317,320.8477,329.38242,326.49347,342.13043,329.99646,323.74774,321.60547,321.3776,306.95532,274.30444,300.0634,292.98047,295.4995,297.5442,335.02628,-129831.33,8673.062,3144.8035,-84218.164,3100.0,1500.0,149109.12,3629.2263,22884.418,141799.25,30133.334,-16.118065,5709.1733,66943.63,4825.4434
741,1994-09-28,320.8534,331.1039,323.7662,322.94943,272.3921,345.19678,329.18555,293.4107,302.4484,304.9879,251.63167,320.84918,329.38446,326.50427,342.13046,330.00085,323.751,321.61856,321.39023,306.9695,274.30444,300.06393,292.98044,295.49832,297.54544,335.02628,-129985.195,8613.732,3145.6174,-84215.6,3100.0,1500.0,149063.12,3631.657,22952.143,142140.72,30137.998,-16.104042,5660.425,66942.266,4826.8003
742,1994-10-05,320.839,331.10455,323.7686,322.9518,272.3924,345.2074,329.19226,293.3893,302.44974,304.9864,251.63165,320.85147,329.386,326.50122,342.13058,330.00443,323.75552,321.6178,321.38776,306.92422,274.30444,300.06445,292.98044,295.49774,297.54645,335.02628,-130003.14,8876.612,3143.6448,-84218.1,3100.0,1500.0,149080.25,3634.1748,22795.436,141761.53,30127.463,-16.112038,5715.221,66942.78,4827.8457
743,1994-10-12,320.8149,331.09595,323.7639,322.94626,272.39267,345.21768,329.1989,293.258,302.45087,304.9843,251.63162,320.8523,329.3574,326.47458,342.13058,329.99725,323.7583,321.58905,321.35718,306.89676,274.30444,300.0649,292.98047,295.49866,297.54712,335.02628,-129645.35,8973.196,3145.7327,-84213.21,3100.0,1500.0,149286.28,3636.7195,22627.158,140867.22,30126.744,-16.038727,5738.2817,66937.39,4828.8413
744,1994-10-19,320.81558,331.09558,323.759,322.94202,272.39294,345.22714,329.20554,293.27988,302.45175,304.98602,251.63159,320.8504,329.37042,326.4925,342.1303,329.9934,323.75626,321.59048,321.3751,306.9345,274.30444,300.06546,292.98053,295.49835,297.5477,335.02628,-129747.21,8775.875,3142.5986,-84212.84,3100.0,1500.0,149120.2,3639.129,22774.498,141613.27,30134.184,-16.039207,5730.252,66939.34,4830.003
745,1994-10-26,320.7971,331.0945,323.75894,322.94193,272.3932,345.23587,329.21213,292.91226,302.45233,304.98456,251.63156,320.85034,329.3505,326.4813,342.13028,329.99228,323.75696,321.5838,321.3561,306.8821,274.3044,300.06604,292.98062,295.4959,297.54825,335.02628,-129566.17,9069.706,3148.984,-84209.95,3100.0,1500.0,149275.19,3641.5789,22595.664,140807.11,30132.445,-15.876762,5948.547,66926.66,4831.592
746,1994-11-02,320.77545,331.08975,323.7534,322.93597,272.39343,345.2374,329.2187,292.317,302.45255,304.98285,251.63148,320.8486,329.34277,326.4676,342.13016,329.98822,323.75485,321.55765,321.3449,306.8701,274.3044,300.0666,292.98077,295.48904,297.54825,335.02628,-129376.13,9085.852,3170.345,-84186.234,3100.0,1500.0,149296.0,3644.0564,22499.361,140555.95,30157.52,-15.480759,6142.5596,66895.305,4833.814
747,1994-11-09,320.76218,331.07007,323.746,322.92764,272.39362,345.19666,329.2252,292.4019,302.45206,304.98267,251.63141,320.84573,329.3229,326.43442,342.12988,329.97537,323.75046,321.53943,321.32666,306.87213,274.3044,300.06714,292.98096,295.4834,297.54742,335.02628,-129069.414,9044.0205,3181.1406,-84158.83,3100.0,1500.0,149533.89,3646.4556,22491.152,140093.97,30173.23,-15.265762,5979.061,66882.42,4836.3477
748,1994-11-16,320.78726,331.06882,323.743,322.92535,272.3938,345.13245,329.2315,292.86096,302.45044,304.98648,251.63132,320.842,329.34973,326.4695,342.12912,329.9663,323.74432,321.5614,321.355,306.93417,274.3044,300.06766,292.98114,295.48837,297.54626,335.02628,-129297.914,8733.235,3167.0933,-84156.74,3100.0,1500.0,149274.62,3648.7314,22770.537,141256.45,30171.305,-15.344086,5830.1743,66895.8,4838.7607
749,1994-11-23,320.7789,331.0701,323.74524,322.92825,272.3939,345.10687,329.23724,292.4827,302.44788,304.9857,251.63123,320.84195,329.32092,326.4505,342.129,329.96622,323.7443,321.56747,321.34348,306.87598,274.3044,300.0682,292.98135,295.48438,297.54587,335.02628,-129224.52,9079.778,3171.0408,-84161.53,3100.0,1500.0,149501.2,3651.0571,22596.262,140471.38,30167.777,-15.167282,6117.9077,66884.266,4840.6465
750,1994-11-30,320.76834,331.05542,323.73743,322.92044,272.39395,345.07614,329.2422,291.51865,302.44495,304.98447,251.63113,320.84045,329.30106,326.4233,342.1288,329.95883,323.74265,321.55124,321.3322,306.8774,274.3044,300.0687,292.9816,295.47223,297.54498,335.02628,-129015.39,9030.641,3207.4937,-84128.84,3100.0,1500.0,149664.45,3653.277,22557.22,140169.42,30213.236,-14.550858,6476.298,66832.78,4842.029
751,1994-12-07,320.73517,331.0315,323.7262,322.90756,272.39398,345.04468,329.24606,291.0339,302.44153,304.98068,251.63106,320.8364,329.27805,326.39844,342.1281,329.94086,323.73608,321.5108,321.28406,306.8216,274.3044,300.06906,292.98187,295.4609,297.54294,335.02628,-128390.36,9275.141,3239.1885,-84077.13,3100.0,1500.0,149886.8,3655.2688,22306.06,138872.12,30240.605,-13.972847,6552.628,66788.7,4843.194
752,1994-12-14,320.7484,331.02542,323.72095,322.90338,272.39395,345.0057,329.24866,291.48755,302.43692,304.98325,251.63098,320.8302,329.3004,326.42612,342.12708,329.9294,323.72513,321.52438,321.32816,306.8997,274.3044,300.06937,292.98218,295.46246,297.54,335.02628,-128699.88,8868.959,3238.8408,-84042.31,3100.0,1500.0,149686.17,3656.7373,22636.432,140448.5,30252.436,-13.802475,6233.279,66785.375,4844.245
753,1994-12-21,320.74557,331.02652,323.72464,322.90683,272.39386,344.9727,329.24966,291.917,302.43082,304.98346,251.63089,320.82877,329.2913,326.42896,342.12665,329.919,323.7226,321.52225,321.30124,306.85214,274.3044,300.06967,292.98248,295.46176,297.53784,335.02628,-128508.12,9115.997,3226.8833,-84048.54,3100.0,1500.0,149786.31,3657.794,22478.967,139610.06,30236.086,-13.842072,6195.708,66798.15,4845.274
754,1994-12-28,320.7237,331.01224,323.7179,322.89944,272.39368,344.95355,329.249,291.33356,302.42395,304.98083,251.6308,320.8256,329.26175,326.39597,342.12637,329.90756,323.71912,321.50742,321.2822,306.83197,274.3044,300.06995,292.9828,295.45453,297.5359,335.02628,-128196.84,9216.889,3248.5942,-84037.41,3100.0,1500.0,150027.31,3658.4692,22402.172,138968.56,30258.83,-13.437393,6499.972,66766.38,4846.4404
755,1995-01-04,320.68372,330.99612,323.70486,322.8868,272.39343,344.92493,329.24667,290.5936,302.41696,304.97635,251.6307,320.82028,329.22836,326.37692,342.12576,329.89474,323.71252,321.4745,321.2646,306.7767,274.3044,300.07004,292.98312,295.4425,297.5332,335.02628,-127846.48,9473.998,3284.5786,-83996.195,3100.0,1500.0,150193.25,3658.5693,22171.096,138261.56,30288.371,-12.836449,6748.2783,66717.375,4847.767
756,1995-01-11,320.68546,330.99463,323.69644,322.88046,272.3932,344.89148,329.24283,290.69647,302.4098,304.97726,251.6306,320.8146,329.2174,326.39148,342.12518,329.89014,323.70322,321.47226,321.2836,306.83237,274.3044,300.07004,292.98343,295.43817,297.52948,335.02628,-127926.49,9158.867,3301.7617,-83950.336,3100.0,1500.0,150089.1,3657.9138,22380.152,139097.31,30315.18,-12.497963,6521.6455,66695.25,4848.9443
757,1995-01-18,320.6925,330.99576,323.6988,322.87985,272.39288,344.85773,329.23752,291.49655,302.40195,304.97766,251.63051,320.81128,329.2554,326.36877,342.12524,329.88434,323.6975,321.4827,321.2626,306.82324,274.3044,300.07004,292.98376,295.44098,297.5261,335.02628,-127707.05,9230.498,3286.6685,-83945.81,3100.0,1500.0,149871.89,3656.6868,22404.047,138616.31,30296.771,-12.634903,6224.884,66715.18,4849.6523
758,1995-01-25,320.62534,330.98587,323.6874,322.8671,272.3925,344.8232,329.23068,291.89655,302.39374,304.96982,251.63043,320.80594,329.18396,326.31735,342.12537,329.86942,323.68857,321.41827,321.20804,306.69235,274.30444,300.0699,292.98407,295.43973,297.52344,335.02628,-126983.93,9849.882,3284.232,-83958.02,3100.0,1500.0,150357.67,3655.188,21840.443,136552.64,30269.127,-12.7271805,6127.94,66725.22,4849.6455
759,1995-02-01,320.57135,330.9635,323.66595,322.84644,272.3921,344.7856,329.22223,292.02817,302.3861,304.9659,251.63039,320.796,329.14505,326.29507,342.125,329.85147,323.66956,321.3638,321.1976,306.70047,274.30444,300.06958,292.9844,295.4372,297.5205,335.02628,-126563.43,9733.338,3293.2861,-83961.875,3100.0,1500.0,150542.39,3653.0066,21798.572,136451.39,30281.443,-12.747742,6100.6626,66722.29,4849.1304
760,1995-02-08,320.53934,330.9463,323.65616,322.83713,272.39166,344.75797,329.2122,292.08948,302.37976,304.96432,251.63033,320.78662,329.1515,326.30334,342.12408,329.83572,323.6484,321.34305,321.19733,306.69077,274.30444,300.06915,292.98468,295.43607,297.5173,335.02628,-126418.266,9773.829,3300.0205,-83959.43,3100.0,1500.0,150505.8,3650.0933,21783.312,136594.19,30283.836,-12.7817,6088.8306,66718.01,4848.3613
761,1995-02-15,320.5989,330.95654,323.6664,322.8474,272.39127,344.74835,329.20108,292.23633,302.37497,304.97174,251.6303,320.78122,329.22913,326.36063,342.12335,329.83853,323.63345,321.39545,321.253,306.8386,274.30444,300.06863,292.98495,295.43967,297.5142,335.02628,-127055.055,9022.372,3296.1895,-83957.055,3100.0,1500.0,150007.89,3646.4214,22416.25,138960.94,30307.22,-12.890732,6015.6606,66720.98,4847.485
762,1995-02-22,320.5865,330.9604,323.67575,322.85492,272.39087,344.74066,329.18924,292.36826,302.3717,304.9687,251.63026,320.78174,329.19394,326.3276,342.12347,329.84512,323.63202,321.37915,321.20056,306.71835,274.30444,300.0681,292.9852,295.43872,297.51227,335.02628,-126660.54,9648.406,3293.2861,-83964.01,3100.0,1500.0,150416.8,3642.6128,21975.984,136917.17,30279.38,-13.040436,5997.3765,66727.51,4846.6367
763,1995-03-01,320.54105,330.95016,323.66772,322.84583,272.3905,344.734,329.1769,292.3341,302.36975,304.96323,251.63023,320.77734,329.19443,326.31827,342.12335,329.83755,323.6249,321.332,321.1917,306.6952,274.30444,300.06754,292.98544,295.43655,297.51028,335.02628,-126432.19,9711.693,3304.1997,-83963.85,3100.0,1500.0,150393.06,3638.651,21817.48,136760.86,30284.082,-13.072243,6016.325,66721.664,4845.865
764,1995-03-08,320.5355,330.94327,323.66522,322.84305,272.3902,344.7597,329.1644,292.37622,302.36893,304.96344,251.6302,320.77286,329.2002,326.31363,342.12302,329.83096,323.61502,321.32886,321.20023,306.73706,274.30444,300.06683,292.98563,295.43503,297.50797,335.02628,-126447.81,9483.805,3312.2112,-83959.1,3100.0,1500.0,150373.36,3634.2134,21985.564,137229.55,30298.021,-13.121956,5984.6313,66717.66,4845.0654
765,1995-03-15,320.58563,330.95398,323.67206,322.85095,272.3899,344.76978,329.15198,292.4092,302.36893,304.9683,251.63019,320.77094,329.2416,326.35406,342.1229,329.83533,323.60947,321.3778,321.24506,306.8258,274.30444,300.0661,292.98575,295.43845,297.5058,335.02628,-126975.16,9065.474,3309.6545,-83957.664,3100.0,1500.0,150053.83,3629.522,22401.451,138832.14,30308.201,-13.211395,5995.4565,66718.96,4844.123
766,1995-03-22,320.59116,330.96432,323.6845,322.8639,272.3896,344.73804,329.13998,292.46643,302.36948,304.96765,251.63017,320.77396,329.24924,326.36716,342.12332,329.84213,323.61298,321.37405,321.24768,306.77017,274.30444,300.06543,292.98587,295.4371,297.50455,335.02628,-127200.445,9329.739,3311.2815,-83958.64,3100.0,1500.0,150090.39,3625.007,22175.297,138571.95,30295.777,-13.29158,5946.9087,66720.945,4842.8916
767,1995-03-29,320.6021,330.96213,323.68848,322.8667,272.38934,344.70557,329.12872,292.672,302.37045,304.96808,251.6302,320.7765,329.255,326.35126,342.12366,329.84445,323.61572,321.3719,321.243,306.81595,274.30444,300.06476,292.98593,295.43637,297.50342,335.02628,-127198.51,9071.779,3313.37,-83962.48,3100.0,1500.0,150124.06,3620.6455,22320.072,138668.11,30306.418,-13.422424,5865.633,66725.734,4840.6973
768,1995-04-05,320.62723,330.96286,323.6891,322.86646,272.38907,344.72394,329.1183,292.85498,302.37177,304.969,251.63026,320.77737,329.2658,326.34552,342.12366,329.84216,323.61694,321.39914,321.24774,306.84152,274.30447,300.0641,292.98596,295.4384,297.50244,335.02628,-127237.1,8985.307,3310.2358,-83968.71,3100.0,1500.0,150076.86,3616.4312,22473.734,138832.48,30303.297,-13.5842285,5803.5186,66732.98,4837.22
769,1995-04-12,320.64697,330.97067,323.69193,322.87024,272.38885,344.79517,329.10892,292.95523,302.37347,304.9688,251.63036,320.77838,329.2714,326.37106,342.12375,329.84818,323.61957,321.4194,321.26163,306.8437,274.30447,300.06345,292.98593,295.44434,297.50204,335.02628,-127431.83,9001.148,3301.4128,-83978.63,3100.0,1500.0,149998.8,3612.535,22506.018,139184.66,30287.805,-13.772461,5790.1274,66743.81,4833.2266
770,1995-04-19,320.6585,330.98813,323.70053,322.87924,272.38864,344.8139,329.10086,292.8144,302.37567,304.9682,251.63046,320.7811,329.2985,326.39267,342.12418,329.8635,323.6251,321.4431,321.28183,306.8464,274.30447,300.06284,292.98587,295.4448,297.50238,335.02628,-127751.664,9038.136,3301.645,-83988.84,3100.0,1500.0,149745.44,3608.9976,22554.271,139654.89,30282.92,-13.861809,5886.926,66746.52,4829.584
771,1995-04-26,320.68967,331.0066,323.7113,322.89056,272.3885,344.81485,329.09445,292.86295,302.3784,304.9699,251.63057,320.78577,329.31693,326.41138,342.12503,329.88254,323.6333,321.47034,321.30328,306.887,274.30447,300.0622,292.98578,295.44403,297.50278,335.02628,-128123.57,8838.202,3305.2432,-83988.81,3100.0,1500.0,149629.06,3605.8457,22711.59,140333.52,30290.82,-13.926727,5788.8447,66747.484,4826.783
772,1995-05-03,320.72226,331.0214,323.72028,322.89993,272.38834,344.86014,329.08963,293.2421,302.38135,304.97177,251.63068,320.79153,329.32806,326.42807,342.1259,329.89774,323.6451,321.4948,321.31458,306.90918,274.30447,300.06158,292.98563,295.44815,297.50333,335.02628,-128379.336,8741.116,3293.4028,-84001.1,3100.0,1500.0,149559.34,3603.2236,22806.871,140649.16,30279.277,-14.193695,5659.0625,66766.43,4824.1904
773,1995-05-10,320.71356,331.0237,323.7225,322.90134,272.3882,344.92383,329.0864,293.43152,302.38446,304.9691,251.63078,320.7964,329.3128,326.40485,342.1265,329.906,323.65695,321.4828,321.29016,306.85547,274.30447,300.06097,292.98544,295.4536,297.50446,335.02628,-128192.07,9017.758,3281.68,-84019.914,3100.0,1500.0,149699.61,3601.3162,22572.14,139685.39,30252.22,-14.442772,5611.6875,66783.77,4821.866
774,1995-05-17,320.71655,331.03036,323.72226,322.90152,272.38815,344.97043,329.0847,293.3696,302.38794,304.9688,251.63089,320.79816,329.3325,326.42706,342.12674,329.91324,323.6618,321.49127,321.31134,306.88583,274.30447,300.06046,292.98523,295.4583,297.50595,335.02628,-128398.02,8880.959,3274.3647,-84037.48,3100.0,1500.0,149491.52,3599.9197,22686.297,140417.42,30246.365,-14.61853,5686.5713,66794.484,4820.238
775,1995-05-24,320.73917,331.04214,323.73035,322.91043,272.3881,345.00964,329.08456,293.25607,302.39188,304.97095,251.63097,320.802,329.34665,326.44458,342.12714,329.9268,323.66785,321.51242,321.33084,306.90878,274.30447,300.0599,292.985,295.46124,297.5077,335.02628,-128716.79,8776.414,3269.954,-84046.336,3100.0,1500.0,149421.06,3598.9692,22782.51,140957.84,30243.195,-14.718277,5706.458,66800.11,4819.6377
776,1995-05-31,320.76514,331.0552,323.73868,322.9191,272.3881,345.03436,329.0859,293.3895,302.39618,304.97308,251.63103,320.80728,329.36215,326.46057,342.12762,329.9404,323.67767,321.53378,321.34323,306.93066,274.30447,300.05954,292.9847,295.46548,297.50967,335.02628,-128974.36,8678.098,3258.5754,-84057.99,3100.0,1500.0,149292.33,3598.6096,22874.336,141331.47,30233.62,-14.905144,5637.854,66815.07,4819.5986
777,1995-06-07,320.75662,331.0554,323.7417,322.9211,272.38815,345.05444,329.0886,293.54895,302.4006,304.97144,251.63109,320.81216,329.35135,326.43613,342.12817,329.94443,323.68854,321.52518,321.32336,306.88367,274.30447,300.05933,292.9844,295.4691,297.512,335.02628,-128829.016,8921.406,3247.2004,-84075.59,3100.0,1500.0,149431.94,3598.9211,22671.057,140483.67,30210.893,-15.116402,5589.004,66832.37,4819.643
778,1995-06-14,320.7616,331.05988,323.74036,322.9206,272.3882,345.07373,329.0924,293.55804,302.40506,304.97214,251.63115,320.81424,329.3573,326.4598,342.1283,329.94724,323.69385,321.52817,321.33862,306.91312,274.30447,300.0592,292.9841,295.47263,297.51425,335.02628,-128978.48,8754.383,3239.1885,-84092.266,3100.0,1500.0,149319.42,3599.6794,22763.088,141094.03,30208.428,-15.269257,5611.8696,66843.79,4819.6904
779,1995-06-21,320.76538,331.06845,323.74503,322.92572,272.38834,345.0865,329.0971,293.38608,302.40955,304.9727,251.6312,320.81757,329.36255,326.46286,342.12857,329.9572,323.69897,321.53842,321.3442,306.89352,274.30447,300.05905,292.9838,295.47662,297.51657,335.02628,-129109.32,8840.238,3232.1067,-84103.42,3100.0,1500.0,149267.58,3600.8276,22711.387,141093.58,30196.78,-15.341629,5704.274,66849.42,4819.6772
780,1995-06-28,320.78845,331.07764,323.74966,322.93088,272.3885,345.09415,329.10254,293.3674,302.41403,304.9754,251.63126,320.8212,329.37442,326.4788,342.12894,329.96707,323.70483,321.5573,321.36023,306.94363,274.30447,300.05893,292.98346,295.4816,297.5189,335.02628,-129344.21,8637.38,3221.6584,-84110.24,3100.0,1500.0,149170.36,3602.3076,22897.795,141674.53,30193.11,-15.428818,5663.371,66859.3,4819.4814
781,1995-07-05,320.7954,331.0808,323.75354,322.93417,272.38867,345.09625,329.10852,293.56067,302.41827,304.97617,251.63132,320.82532,329.3736,326.46793,342.12933,329.97174,323.71313,321.56366,321.35117,306.92346,274.30447,300.059,292.98312,295.48547,297.52155,335.02628,-129318.97,8760.072,3206.3347,-84127.85,3100.0,1500.0,149212.22,3604.134,22821.164,141255.12,30173.148,-15.62455,5597.1875,66879.52,4819.0684
782,1995-07-12,320.782,331.0802,323.75174,322.93265,272.3889,345.08218,329.11493,293.62634,302.42227,304.97498,251.63138,320.8276,329.36243,326.46863,342.12952,329.9736,323.71826,321.55103,321.34802,306.90018,274.30447,300.0592,292.9828,295.48682,297.52423,335.02628,-129274.75,8885.033,3198.6716,-84145.78,3100.0,1500.0,149269.19,3606.2795,22695.344,141015.81,30161.291,-15.753464,5585.992,66891.88,4818.5586
783,1995-07-19,320.7855,331.08444,323.7522,322.9333,272.38913,345.0883,329.12155,293.38025,302.4261,304.97617,251.63144,320.82916,329.372,326.47693,342.12958,329.9751,323.72064,321.55753,321.3541,306.92496,274.30447,300.0595,292.98245,295.48682,297.52655,335.02628,-129350.43,8768.723,3198.6719,-84156.15,3100.0,1500.0,149162.81,3608.5105,22788.914,141333.17,30168.76,-15.745781,5741.8594,66890.664,4818.3276
784,1995-07-26,320.81036,331.09134,323.7569,322.9387,272.3894,345.08853,329.1282,293.2549,302.4297,304.97934,251.6315,320.8317,329.38382,326.49094,342.12976,329.98273,323.7236,321.5787,321.37308,306.95746,274.30447,300.05984,292.98215,295.4901,297.52856,335.02628,-129608.875,8611.425,3194.609,-84152.664,3100.0,1500.0,149089.62,3610.77,22927.852,141928.95,30170.287,-15.709373,5708.826,66890.08,4818.4014
785,1995-08-02,320.8308,331.09848,323.76297,322.945,272.38968,345.0985,329.13483,293.50403,302.43295,304.98187,251.63155,320.8357,329.39368,326.49896,342.13007,329.99142,323.72903,321.59625,321.38156,306.9645,274.30444,300.06024,292.98184,295.49527,297.53088,335.02628,-129792.516,8594.778,3175.9175,-84165.16,3100.0,1500.0,149040.0,3613.1243,22967.547,142105.47,30153.035,-15.888771,5622.7236,66910.69,4818.5537
786,1995-08-09,320.81195,331.093,323.76144,322.94266,272.38998,345.11783,329.14136,293.48834,302.43573,304.98,251.63159,320.83896,329.36414,326.4695,342.1303,329.99,323.73425,321.5727,321.349,306.9072,274.30444,300.06076,292.98157,295.49472,297.5335,335.02628,-129468.08,8870.386,3170.4604,-84181.445,3100.0,1500.0,149271.19,3615.6282,22698.885,140924.67,30140.32,-15.954018,5663.812,66919.16,4818.7183
787,1995-08-16,320.81143,331.0933,323.75815,322.93915,272.3903,345.1364,329.14783,293.2867,302.43823,304.98077,251.63164,320.8386,329.38998,326.48856,342.13016,329.98593,323.73334,321.57495,321.36383,306.94437,274.30444,300.06128,292.98132,295.4947,297.53558,335.02628,-129556.55,8687.211,3172.4336,-84185.34,3100.0,1500.0,149041.73,3618.0452,22835.7,141623.44,30151.24,-15.897377,5752.7637,66915.38,4818.896
788,1995-08-23,320.83142,331.09775,323.7654,322.94614,272.3906,345.15356,329.1543,293.28363,302.4405,304.98358,251.63168,320.84042,329.41013,326.4942,342.13022,329.99176,323.73557,321.5963,321.37894,306.96417,274.30444,300.06177,292.9811,295.49643,297.53735,335.02628,-129788.37,8606.62,3167.3242,-84184.555,3100.0,1500.0,148991.14,3620.3364,22939.627,142045.69,30149.945,-15.894722,5704.3096,66918.38,4819.1455
789,1995-08-30,320.84833,331.10373,323.77127,322.95218,272.3909,345.1656,329.16086,293.48117,302.44238,304.9856,251.6317,320.8437,329.41718,326.50632,342.1304,329.99823,323.74054,321.61206,321.38782,306.97098,274.30444,300.06223,292.98093,295.49948,297.5392,335.02628,-129968.26,8588.358,3154.0935,-84194.266,3100.0,1500.0,148962.94,3622.6868,22977.223,142253.78,30139.094,-16.016014,5634.641,66932.75,4820.042
790,1995-09-06,320.8386,331.10178,323.7692,322.95032,272.3912,345.1683,329.16748,293.57486,302.44397,304.98453,251.63174,320.84656,329.37793,326.48703,342.13058,330.0004,323.7455,321.59897,321.35925,306.9327,274.30444,300.06265,292.98077,295.49948,297.54117,335.02628,-129690.66,8777.683,3148.1692,-84207.19,3100.0,1500.0,149198.92,3625.1567,22800.82,141268.56,30128.564,-16.101402,5608.637,66941.99,4819.973
791,1995-09-13,320.8369,331.09845,323.764,322.94592,272.3915,345.17883,329.17416,293.53696,302.4454,304.98532,251.63171,320.8465,329.38617,326.48962,342.13052,329.9971,323.74554,321.59763,321.3781,306.95386,274.30444,300.06308,292.98068,295.50226,297.54285,335.02628,-129805.02,8664.104,3142.8308,-84215.63,3100.0,1500.0,149090.94,3627.59,22866.828,141836.81,30127.887,-16.148758,5649.3564,66946.586,4823.0967
792,1995-09-20,320.84244,331.0996,323.76492,322.9473,272.3918,345.19034,329.18088,293.38947,302.4469,304.98672,251.63168,320.84775,329.38245,326.49356,342.13043,329.99655,323.74796,321.60577,321.37772,306.9555,274.30444,300.0636,292.9806,295.4997,297.5445,335.02628,-129833.45,8672.676,3143.8752,-84218.92,3100.0,1500.0,149108.69,3629.9863,22884.605,141801.33,30132.805,-16.120918,5709.2583,66944.31,4825.417
793,1995-09-27,320.85376,331.10397,323.76627,322.9495,272.39212,345.19992,329.1876,293.4108,302.4484,304.98816,251.63165,320.84927,329.3845,326.50436,342.13046,330.00095,323.75125,321.61887,321.39035,306.9697,274.30444,300.06415,292.98056,295.4985,297.54572,335.02628,-129987.29,8613.31,3143.992,-84216.28,3100.0,1500.0,149062.72,3632.416,22952.318,142142.73,30137.477,-16.107018,5660.51,66942.95,4826.7734
794,1995-10-04,320.83932,331.1046,323.76865,322.95187,272.39243,345.2105,329.19427,293.3894,302.44977,304.98663,251.63164,320.85156,329.38605,326.5013,342.1306,330.0045,323.75574,321.61807,321.38788,306.92438,274.3044,300.06467,292.98056,295.49796,297.54672,335.02628,-130005.18,8876.266,3142.8313,-84218.695,3100.0,1500.0,149079.86,3634.9292,22795.6,141763.47,30126.951,-16.114815,5715.306,66943.47,4827.8203
795,1995-10-11,320.81525,331.096,323.76392,322.94632,272.39273,345.2208,329.20093,293.2581,302.4509,304.98456,251.6316,320.85236,329.35742,326.47464,342.13058,329.9973,323.7585,321.58932,321.35727,306.8969,274.3044,300.06512,292.9806,295.49884,297.5474,335.02628,-129647.35,8972.889,3144.4548,-84213.836,3100.0,1500.0,149285.89,3637.467,22627.31,140869.1,30126.238,-16.041428,5738.3643,66938.055,4828.816
796,1995-10-18,320.8159,331.09564,323.75906,322.94205,272.393,345.23026,329.20755,293.27997,302.45178,304.98627,251.63159,320.85046,329.37048,326.49258,342.1303,329.99347,323.75644,321.59073,321.37518,306.9347,274.3044,300.06564,292.98068,295.49854,297.54797,335.02628,-129749.2,8775.606,3141.6694,-84213.52,3100.0,1500.0,149119.83,3639.868,22774.639,141615.05,30133.688,-16.042046,5730.3335,66940.0,4829.9785
797,1995-10-25,320.7974,331.09457,323.759,322.942,272.39325,345.23895,329.2141,292.91235,302.45236,304.9848,251.63155,320.8504,329.35056,326.48135,342.13028,329.99234,323.75714,321.58405,321.3562,306.88226,274.3044,300.06625,292.98077,295.4961,297.54852,335.02628,-129567.945,9069.436,3148.1704,-84210.7,3100.0,1500.0,149274.84,3642.31,22595.793,140808.81,30131.957,-15.879478,5948.6284,66927.305,4831.5674
798,1995-11-01,320.77573,331.08978,323.75342,322.936,272.39346,345.24048,329.22064,292.31708,302.45258,304.9831,251.63148,320.8487,329.3428,326.46765,342.13016,329.98828,323.75504,321.5579,321.34497,306.87024,274.3044,300.0668,292.98093,295.4892,297.5485,335.02628,-129377.81,9085.504,3169.067,-84186.74,3100.0,1500.0,149295.66,3644.7827,22499.48,140557.62,30157.04,-15.483482,6142.6377,66895.95,4833.79
799,1995-11-08,320.76245,331.0701,323.74603,322.92767,272.39368,345.1997,329.22714,292.402,302.4521,304.9829,251.6314,320.8458,329.32294,326.43448,342.12988,329.97543,323.75064,321.53967,321.32675,306.87228,274.3044,300.06735,292.98108,295.48355,297.54767,335.02628,-129071.05,9043.789,3179.8633,-84159.586,3100.0,1500.0,149533.55,3647.1768,22491.264,140095.55,30172.762,-15.268349,5979.137,66883.06,4836.3237
800,1995-11-15,320.78754,331.06885,323.74304,322.9254,272.39383,345.1355,329.23343,292.86108,302.45047,304.98672,251.6313,320.84207,329.34976,326.46957,342.12912,329.96637,323.7445,321.5616,321.35507,306.93433,274.3044,300.06787,292.9813,295.48853,297.5465,335.02628,-129299.5,8732.928,3166.1636,-84157.52,3100.0,1500.0,149274.3,3649.447,22770.639,141257.98,30170.842,-15.346695,5830.249,66896.42,4838.737
801,1995-11-22,320.77914,331.07016,323.74527,322.92828,272.39392,345.10992,329.23917,292.48282,302.4479,304.98593,251.63121,320.842,329.32095,326.45056,342.129,329.96625,323.74445,321.5677,321.34357,306.8761,274.3044,300.06842,292.9815,295.48456,297.5461,335.02628,-129226.08,9079.509,3169.9954,-84162.11,3100.0,1500.0,149500.89,3651.766,22596.354,140472.84,30167.322,-15.169861,6117.9824,66884.88,4840.622
802,1995-11-29,320.7686,331.05545,323.73746,322.92047,272.39398,345.07916,329.24408,291.51877,302.44498,304.9847,251.63113,320.84048,329.3011,326.42337,342.12885,329.9589,323.7428,321.55142,321.3323,306.87756,274.3044,300.06888,292.98175,295.47238,297.54523,335.02628,-129016.81,9030.293,3206.2163,-84129.5,3100.0,1500.0,149664.17,3653.9788,22557.303,140170.81,30212.79,-14.553444,6476.3716,66833.4,4842.006
803,1995-12-06,320.73538,331.03152,323.72626,322.90762,272.394,345.0477,329.24792,291.03403,302.44156,304.98093,251.63104,320.83646,329.27808,326.3985,342.1281,329.94092,323.73624,321.51102,321.28412,306.82172,274.3044,300.06927,292.98203,295.46106,297.54315,335.02628,-128391.75,9274.831,3238.3765,-84077.71,3100.0,1500.0,149886.52,3655.9639,22306.129,138873.47,30240.164,-13.975273,6552.7,66789.305,4843.171
804,1995-12-13,320.74866,331.02545,323.72098,322.9034,272.39398,345.00873,329.2505,291.48764,302.43695,304.98346,251.63097,320.83026,329.30045,326.42618,342.12708,329.92944,323.72525,321.52457,321.32822,306.8998,274.3044,300.06958,292.98233,295.46262,297.54022,335.02628,-128701.14,8868.537,3237.3325,-84042.98,3100.0,1500.0,149685.9,3657.4258,22636.5,140449.81,30252.0,-13.805,6233.3486,66785.97,4844.222
805,1995-12-20,320.7458,331.02658,323.72467,322.90686,272.3939,344.9757,329.25153,291.9171,302.43088,304.98367,251.63087,320.8288,329.29132,326.429,342.12665,329.91907,323.72275,321.52243,321.3013,306.85226,274.3044,300.0699,292.98264,295.4619,297.5381,335.02628,-128509.34,9115.766,3226.0703,-84049.1,3100.0,1500.0,149786.03,3658.4753,22479.025,139611.3,30235.66,-13.844437,6195.7764,66798.74,4845.251
806,1995-12-27,320.7239,331.0123,323.71793,322.89948,272.3937,344.95657,329.25082,291.33365,302.42398,304.98105,251.63078,320.82562,329.26178,326.39603,342.12637,329.9076,323.71927,321.5076,321.28226,306.8321,274.3044,300.07013,292.98294,295.45468,297.5361,335.02628,-128198.09,9216.696,3247.5493,-84037.89,3100.0,1500.0,150027.08,3659.144,22402.223,138969.77,30258.41,-13.43972,6500.0396,66766.97,4846.418
807,1996-01-03,320.68393,330.99615,323.7049,322.88684,272.3935,344.92792,329.24847,290.5937,302.417,304.97656,251.63069,320.82034,329.2284,326.37695,342.12576,329.89478,323.71265,321.47467,321.26465,306.77682,274.3044,300.07025,292.98328,295.44266,297.53345,335.02628,-127847.7,9473.807,3283.649,-83996.71,3100.0,1500.0,150193.0,3659.2378,22171.139,138262.7,30287.959,-12.83873,6748.3447,66717.95,4847.743
808,1996-01-10,320.68567,330.99466,323.69647,322.8805,272.39322,344.89447,329.2446,290.6966,302.40982,304.97748,251.6306,320.81464,329.21744,326.3915,342.12518,329.89017,323.70334,321.47244,321.28366,306.8325,274.3044,300.07025,292.9836,295.43832,297.52972,335.02628,-127927.516,9158.561,3301.066,-83950.75,3100.0,1500.0,150088.86,3658.5757,22380.193,139098.39,30314.777,-12.500267,6521.71,66695.83,4848.923
809,1996-01-17,320.6927,330.9958,323.69882,322.87988,272.3929,344.86072,329.23926,291.49667,302.40198,304.97787,251.63051,320.81134,329.2554,326.36884,342.12524,329.8844,323.69763,321.48285,321.26263,306.82336,274.3044,300.07022,292.98392,295.44113,297.5263,335.02628,-127708.13,9230.2295,3285.8564,-83946.414,3100.0,1500.0,149871.67,3657.3403,22404.082,138617.36,30296.37,-12.637215,6224.946,66715.74,4849.631
810,1996-01-24,320.62552,330.9859,323.6874,322.8671,272.39255,344.82617,329.2324,291.89667,302.39377,304.97003,251.63043,320.80597,329.184,326.31738,342.12537,329.86948,323.6887,321.41843,321.20807,306.69247,274.3044,300.0701,292.98425,295.43988,297.52365,335.02628,-126984.98,9849.69,3283.651,-83958.8,3100.0,1500.0,150357.45,3655.832,21840.469,136553.66,30268.734,-12.729378,6128.0,66725.78,4849.624
811,1996-01-31,320.57153,330.96353,323.66595,322.84647,272.39212,344.78857,329.2239,292.0283,302.38614,304.96613,251.63037,320.79602,329.14508,326.2951,342.125,329.8515,323.66968,321.36392,321.19766,306.70056,274.3044,300.0698,292.98456,295.43735,297.52072,335.02628,-126564.49,9732.994,3292.2412,-83962.58,3100.0,1500.0,150542.19,3653.6416,21798.598,136452.34,30281.057,-12.749985,6100.722,66722.836,4849.11
812,1996-02-07,320.5395,330.94632,323.6562,322.83713,272.3917,344.7609,329.21387,292.08957,302.3798,304.9645,251.63033,320.78665,329.15152,326.3034,342.12408,329.83575,323.6485,321.3432,321.1974,306.6909,274.3044,300.06934,292.98486,295.43622,297.5175,335.02628,-126419.25,9773.599,3299.2065,-83960.15,3100.0,1500.0,150505.61,3650.72,21783.33,136595.12,30283.459,-12.783913,6088.889,66718.555,4848.3413
813,1996-02-14,320.59906,330.95657,323.66644,322.8474,272.3913,344.75125,329.20273,292.23642,302.375,304.97192,251.63028,320.78125,329.22913,326.36066,342.12335,329.83856,323.63354,321.39557,321.25302,306.83868,274.30444,300.06882,292.98514,295.43982,297.5144,335.02628,-127055.95,9022.026,3295.376,-83957.56,3100.0,1500.0,150007.72,3647.0383,22416.266,138961.83,30306.852,-12.892944,6015.718,66721.516,4847.465
814,1996-02-21,320.58664,330.96042,323.67575,322.85495,272.3909,344.74356,329.19086,292.36835,302.3717,304.9689,251.63025,320.7818,329.19397,326.32764,342.12347,329.84515,323.6321,321.37927,321.20062,306.71844,274.30444,300.0683,292.98538,295.43887,297.51245,335.02628,-126661.445,9648.138,3292.706,-83964.516,3100.0,1500.0,150416.62,3643.2195,21975.998,136918.03,30279.014,-13.042549,5997.433,66728.04,4846.617
815,1996-02-28,320.5412,330.95016,323.66772,322.84586,272.39056,344.73688,329.17853,292.3342,302.36978,304.9634,251.63022,320.7774,329.19446,326.3183,342.12335,329.8376,323.625,321.33212,321.19174,306.69528,274.30444,300.06772,292.9856,295.43668,297.51047,335.02628,-126433.0,9711.499,3303.503,-83964.46,3100.0,1500.0,150392.9,3639.2505,21817.492,136761.69,30283.72,-13.074356,6016.3804,66722.19,4845.846
816,1996-03-06,320.5356,330.9433,323.66525,322.84308,272.39023,344.76257,329.166,292.3763,302.36896,304.96362,251.63019,320.7729,329.2002,326.31366,342.12302,329.831,323.6151,321.32898,321.2003,306.73715,274.30444,300.06702,292.98578,295.43518,297.50815,335.02628,-126448.51,9483.612,3311.1653,-83959.6,3100.0,1500.0,150373.19,3634.8066,21985.566,137230.33,30297.672,-13.12397,5984.686,66718.17,4845.0454
817,1996-03-13,320.5858,330.95398,323.6721,322.85095,272.38992,344.7726,329.15356,292.4093,302.36893,304.96848,251.63017,320.77097,329.2416,326.3541,342.1229,329.83536,323.60956,321.37793,321.2451,306.8259,274.30444,300.06628,292.98593,295.43857,297.50598,335.02628,-126975.94,9065.204,3308.61,-83958.32,3100.0,1500.0,150053.69,3630.1099,22401.453,138832.92,30307.855,-13.213394,5995.5103,66719.49,4844.1035
818,1996-03-20,320.59128,330.96436,323.68454,322.8639,272.38965,344.74088,329.14157,292.46652,302.3695,304.96783,251.63017,320.774,329.24924,326.36716,342.12332,329.84216,323.61307,321.37415,321.2477,306.77026,274.30444,300.0656,292.98602,295.43723,297.50473,335.02628,-127201.24,9329.507,3310.3513,-83959.086,3100.0,1500.0,150090.25,3625.589,22175.291,138572.69,30295.438,-13.293556,5946.962,66721.445,4842.8726
819,1996-03-27,320.60223,330.96216,323.6885,322.8667,272.38937,344.70837,329.13028,292.6721,302.37048,304.96826,251.63019,320.7765,329.25504,326.35126,342.12366,329.84448,323.61578,321.372,321.24304,306.81604,274.30444,300.06494,292.9861,295.4365,297.5036,335.02628,-127199.13,9071.586,3312.0928,-83962.87,3100.0,1500.0,150123.9,3621.2227,22320.064,138668.81,30306.082,-13.424416,5865.6836,66726.23,4840.6772
820,1996-04-03,320.62735,330.9629,323.68912,322.86646,272.38913,344.7267,329.11984,292.85507,302.3718,304.96918,251.63025,320.77737,329.2658,326.34555,342.12366,329.8422,323.617,321.39923,321.24777,306.8416,274.30444,300.06424,292.9861,295.4385,297.50262,335.02628,-127237.7,8985.037,3309.5396,-83969.35,3100.0,1500.0,150076.72,3617.004,22473.723,138833.14,30302.965,-13.586159,5803.5693,66733.47,4837.2007
821,1996-04-10,320.64706,330.9707,323.69196,322.87027,272.3889,344.79797,329.11044,292.95532,302.37347,304.96896,251.63034,320.77838,329.27142,326.3711,342.12375,329.8482,323.61963,321.4195,321.26166,306.84375,274.30444,300.0636,292.9861,295.44446,297.50223,335.02628,-127432.49,9000.842,3300.8318,-83979.055,3100.0,1500.0,149998.67,3613.1045,22506.006,139185.3,30287.479,-13.774315,5790.177,66744.3,4833.208
822,1996-04-17,320.65863,330.98816,323.70053,322.87927,272.38867,344.81668,329.1024,292.81448,302.3757,304.96838,251.63045,320.78113,329.29852,326.39267,342.12418,329.8635,323.62515,321.4432,321.2819,306.84647,274.30444,300.063,292.98602,295.44492,297.50256,335.02628,-127752.36,9038.021,3301.0662,-83989.42,3100.0,1500.0,149745.31,3609.563,22554.258,139655.52,30282.602,-13.863754,5886.974,66747.0,4829.566
823,1996-04-24,320.6898,331.0066,323.71133,322.8906,272.38852,344.8176,329.09598,292.86304,302.3784,304.9701,251.63055,320.7858,329.31696,326.4114,342.12503,329.88257,323.63336,321.47043,321.3033,306.8871,274.30444,300.06238,292.98593,295.44415,297.50293,335.02628,-128124.15,8838.087,3304.3154,-83989.2,3100.0,1500.0,149628.94,3606.408,22711.576,140334.11,30290.508,-13.928604,5788.8916,66747.945,4826.764
824,1996-05-01,320.72235,331.02142,323.7203,322.89993,272.38837,344.86288,329.09116,293.2422,302.38135,304.97195,251.63066,320.79153,329.3281,326.4281,342.1259,329.89777,323.64517,321.4949,321.3146,306.90924,274.30447,300.06177,292.98578,295.44824,297.5035,335.02628,-128379.836,8740.924,3292.8223,-84001.56,3100.0,1500.0,149559.23,3603.7832,22806.852,140649.72,30278.97,-14.195503,5659.109,66766.9,4824.173
825,1996-05-08,320.71365,331.02374,323.7225,322.90137,272.38824,344.92654,329.0879,293.4316,302.3845,304.96927,251.63077,320.7964,329.3128,326.40488,342.1265,329.90604,323.657,321.48288,321.29016,306.85553,274.30447,300.06116,292.9856,295.45374,297.50464,335.02628,-128192.53,9017.604,3281.0994,-84020.23,3100.0,1500.0,149699.5,3601.8733,22572.12,139685.94,30251.922,-14.444572,5611.7324,66784.24,4821.8477
826,1996-05-15,320.71664,331.0304,323.7223,322.90152,272.38818,344.9731,329.0862,293.36966,302.38797,304.969,251.63087,320.79816,329.3325,326.4271,342.12674,329.91327,323.66187,321.49136,321.31137,306.8859,274.30447,300.0606,292.98538,295.45844,297.5061,335.02628,-128398.59,8880.767,3273.9004,-84038.07,3100.0,1500.0,149491.42,3600.4739,22686.271,140417.95,30246.07,-14.62027,5686.6157,66794.945,4820.2207
827,1996-05-22,320.73926,331.04218,323.73035,322.91043,272.38812,345.01233,329.08606,293.25616,302.3919,304.9711,251.63097,320.80203,329.34665,326.44458,342.12714,329.9268,323.6679,321.51248,321.33087,306.90887,274.30447,300.0601,292.98514,295.46136,297.50787,335.02628,-128717.32,8776.221,3269.2583,-84046.87,3100.0,1500.0,149420.97,3599.5208,22782.484,140958.36,30242.904,-14.719933,5706.502,66800.56,4819.62
828,1996-05-29,320.76523,331.05524,323.73868,322.9191,272.38812,345.03705,329.0874,293.3896,302.3962,304.97327,251.63103,320.80728,329.36215,326.4606,342.12762,329.94043,323.67773,321.53384,321.34326,306.93073,274.30447,300.0597,292.98486,295.4656,297.50986,335.02628,-128974.836,8677.983,3257.7637,-84058.43,3100.0,1500.0,149292.25,3599.159,22874.31,141331.97,30233.332,-14.906853,5637.8975,66815.51,4819.581
829,1996-06-05,320.7567,331.0554,323.7417,322.92114,272.38818,345.0571,329.0901,293.54904,302.40063,304.9716,251.63109,320.8122,329.35138,326.43613,342.12817,329.94446,323.6886,321.52527,321.3234,306.88376,274.30447,300.05948,292.9846,295.46918,297.51218,335.02628,-128829.44,8921.253,3246.3875,-84076.21,3100.0,1500.0,149431.86,3599.4678,22671.027,140484.16,30210.613,-15.118057,5589.047,66832.81,4819.626
830,1996-06-12,320.7617,331.0599,323.74036,322.92062,272.38824,345.07635,329.09387,293.55814,302.4051,304.9723,251.63113,320.81424,329.3573,326.4598,342.1283,329.94727,323.6939,321.52823,321.33862,306.91318,274.30447,300.05936,292.98425,295.47272,297.51443,335.02628,-128978.945,8754.266,3238.3772,-84092.805,3100.0,1500.0,149319.33,3600.2236,22763.057,141094.5,30208.15,-15.2708435,5611.9116,66844.23,4819.673
831,1996-06-19,320.76547,331.06845,323.74506,322.92572,272.38837,345.0891,329.09857,293.38617,302.40958,304.97287,251.6312,320.8176,329.36258,326.46286,342.12857,329.9572,323.69904,321.53848,321.34424,306.8936,274.30447,300.0592,292.98395,295.4767,297.51672,335.02628,-129109.74,8840.124,3231.41,-84103.85,3100.0,1500.0,149267.5,3601.3694,22711.357,141094.0,30196.51,-15.343239,5704.315,66849.85,4819.6606
832,1996-06-26,320.78854,331.07764,323.74966,322.93088,272.38852,345.09674,329.104,293.36746,302.41403,304.97556,251.63124,320.82123,329.37445,326.4788,342.12894,329.96707,323.70486,321.55737,321.36023,306.9437,274.30447,300.05908,292.9836,295.4817,297.51904,335.02628,-129344.67,8637.187,3220.8464,-84110.62,3100.0,1500.0,149170.28,3602.847,22897.762,141674.97,30192.844,-15.430458,5663.412,66859.72,4819.465
833,1996-07-03,320.7955,331.08084,323.75354,322.9342,272.3887,345.09882,329.11,293.56073,302.4183,304.97632,251.6313,320.82535,329.37363,326.46793,342.12933,329.97177,323.7132,321.56372,321.3512,306.92352,274.30447,300.05914,292.98328,295.48557,297.5217,335.02628,-129319.41,8759.88,3205.4055,-84128.164,3100.0,1500.0,149212.14,3604.6716,22821.133,141255.55,30172.883,-15.626221,5597.226,66879.945,4819.0522
834,1996-07-10,320.78207,331.08023,323.75177,322.93265,272.38892,345.08475,329.11642,293.6264,302.4223,304.97516,251.63138,320.8276,329.36243,326.46863,342.12952,329.97363,323.7183,321.5511,321.34805,306.90024,274.30444,300.05936,292.98294,295.4869,297.52438,335.02628,-129275.2,8884.839,3198.2078,-84146.26,3100.0,1500.0,149269.11,3606.817,22695.312,141016.2,30161.035,-15.755089,5586.03,66892.3,4818.541
835,1996-07-17,320.78555,331.08444,323.7522,322.9333,272.38916,345.09088,329.12302,293.38034,302.4261,304.97635,251.63144,320.82916,329.372,326.47693,342.12958,329.9751,323.7207,321.5576,321.35413,306.92502,274.30444,300.05966,292.9826,295.4869,297.52667,335.02628,-129350.83,8768.6455,3197.7422,-84156.67,3100.0,1500.0,149162.73,3609.048,22788.883,141333.55,30168.508,-15.747307,5741.8965,66891.06,4818.311
836,1996-07-24,320.81046,331.09134,323.7569,322.93872,272.38943,345.0911,329.12967,293.25497,302.42972,304.97952,251.63148,320.8317,329.38382,326.49097,342.12976,329.98276,323.72366,321.57877,321.3731,306.95752,274.30444,300.06,292.9823,295.4902,297.5287,335.02628,-129609.164,8611.273,3194.0278,-84152.984,3100.0,1500.0,149089.56,3611.3066,22927.816,141929.31,30170.04,-15.710831,5708.8633,66890.48,4818.3853
837,1996-07-31,320.83087,331.09848,323.76297,322.94504,272.38974,345.10104,329.13626,293.5041,302.43298,304.98203,251.63153,320.83572,329.39368,326.49896,342.13007,329.99146,323.72906,321.5963,321.38156,306.96457,274.30444,300.0604,292.982,295.49536,297.53104,335.02628,-129792.9,8594.508,3175.5688,-84165.54,3100.0,1500.0,149039.94,3613.66,22967.512,142105.81,30152.79,-15.890167,5622.7603,66911.086,4818.538
838,1996-08-07,320.812,331.093,323.76144,322.94266,272.39,345.12036,329.1428,293.4884,302.43576,304.98016,251.63159,320.83896,329.36417,326.46954,342.1303,329.99,323.73428,321.57275,321.34903,306.90726,274.30444,300.0609,292.98172,295.4948,297.53366,335.02628,-129468.43,8870.309,3169.7632,-84181.77,3100.0,1500.0,149271.12,3616.1624,22698.85,140925.02,30140.082,-15.955429,5663.847,66919.55,4818.703
839,1996-08-14,320.8115,331.0933,323.75815,322.93915,272.39032,345.13895,329.14926,293.2868,302.43826,304.98093,251.63162,320.83862,329.39,326.4886,342.13016,329.98596,323.73337,321.575,321.36386,306.94443,274.30444,300.0614,292.98148,295.49478,297.53574,335.02628,-129556.71,8687.057,3171.273,-84185.94,3100.0,1500.0,149041.67,3618.5776,22835.662,141623.77,30151.004,-15.898811,5752.8,66915.77,4818.88
840,1996-08-21,320.83148,331.09778,323.7654,322.94614,272.39062,345.15607,329.15576,293.2837,302.44052,304.98376,251.63167,320.84042,329.41016,326.4942,342.13022,329.99176,323.7356,321.59634,321.37894,306.9642,274.30444,300.0619,292.98126,295.49652,297.53748,335.02628,-129788.58,8606.467,3166.512,-84184.98,3100.0,1500.0,148991.08,3620.8672,22939.592,142046.02,30149.715,-15.896057,5704.3438,66918.766,4819.1304
841,1996-08-28,320.84836,331.10376,323.77127,322.9522,272.39093,345.1681,329.1623,293.48123,302.4424,304.98575,251.6317,320.8437,329.4172,326.50635,342.1304,329.99823,323.74057,321.61212,321.38785,306.97104,274.30444,300.06235,292.98108,295.49957,297.53934,335.02628,-129968.62,8588.241,3153.7454,-84194.65,3100.0,1500.0,148962.9,3623.2158,22977.184,142254.08,30138.867,-16.017319,5634.674,66933.12,4820.0283
842,1996-09-04,320.83865,331.10178,323.76923,322.95032,272.39124,345.17078,329.1689,293.57492,302.44397,304.9847,251.63173,320.84656,329.37793,326.48706,342.13058,330.0004,323.74554,321.599,321.35928,306.93277,274.30444,300.06277,292.98093,295.49957,297.54132,335.02628,-129691.055,8777.566,3147.3582,-84207.69,3100.0,1500.0,149198.88,3625.684,22800.781,141268.84,30128.342,-16.102783,5608.6704,66942.37,4819.958
843,1996-09-11,320.83698,331.09845,323.764,322.94592,272.39154,345.1813,329.17557,293.53702,302.44543,304.9855,251.63171,320.8465,329.38617,326.48962,342.13052,329.9971,323.74557,321.59766,321.37814,306.9539,274.30444,300.06323,292.9808,295.50235,297.54297,335.02628,-129805.336,8664.104,3142.0183,-84216.1,3100.0,1500.0,149090.88,3628.1155,22866.793,141837.1,30127.666,-16.150116,5649.389,66946.95,4823.082
844,1996-09-18,320.8425,331.0996,323.76495,322.94733,272.39185,345.1928,329.1823,293.38953,302.44693,304.98688,251.63167,320.84778,329.38248,326.49356,342.13043,329.99655,323.748,321.60583,321.37772,306.95554,274.3044,300.06372,292.98074,295.4998,297.54462,335.02628,-129833.734,8672.522,3143.178,-84219.39,3100.0,1500.0,149108.66,3630.5122,22884.568,141801.61,30132.592,-16.122292,5709.291,66944.67,4825.402
845,1996-09-25,320.8538,331.104,323.76627,322.9495,272.39215,345.2024,329.18906,293.41086,302.44843,304.9883,251.63165,320.84927,329.38452,326.50436,342.13046,330.00095,323.75125,321.6189,321.39035,306.96973,274.3044,300.06427,292.9807,295.4986,297.54584,335.02628,-129987.66,8613.193,3143.411,-84216.74,3100.0,1500.0,149062.67,3632.9436,22952.277,142142.98,30137.266,-16.108276,5660.5405,66943.3,4826.7593
846,1996-10-02,320.83936,331.1046,323.76865,322.95187,272.39246,345.21298,329.1957,293.38947,302.4498,304.9868,251.63162,320.85156,329.38605,326.5013,342.1306,330.00452,323.75577,321.6181,321.38788,306.92444,274.3044,300.0648,292.9807,295.49802,297.54684,335.02628,-130005.33,8876.113,3141.9016,-84219.24,3100.0,1500.0,149079.81,3635.4553,22795.56,141763.73,30126.744,-16.116188,5715.3364,66943.81,4827.8057
847,1996-10-09,320.81528,331.096,323.76392,322.94632,272.39276,345.22324,329.20233,293.25815,302.45093,304.98474,251.6316,320.8524,329.35742,326.47464,342.13058,329.99734,323.75854,321.58936,321.3573,306.89697,274.3044,300.06525,292.98074,295.4989,297.5475,335.02628,-129647.54,8972.735,3143.6423,-84214.336,3100.0,1500.0,149285.86,3637.9895,22627.275,140869.33,30126.035,-16.042809,5738.3945,66938.4,4828.802
848,1996-10-16,320.81595,331.09564,323.75906,322.94208,272.39304,345.23267,329.20892,293.28003,302.4518,304.98645,251.63158,320.85046,329.37048,326.49258,342.1303,329.99347,323.75647,321.59076,321.37518,306.93472,274.3044,300.0658,292.9808,295.4986,297.5481,335.02628,-129749.41,8775.452,3141.0908,-84213.82,3100.0,1500.0,149119.78,3640.3872,22774.598,141615.28,30133.49,-16.043236,5730.363,66940.336,4829.964
849,1996-10-23,320.79742,331.09457,323.759,322.942,272.39328,345.2414,329.2155,292.9124,302.45236,304.98495,251.63153,320.85043,329.35056,326.48138,342.13028,329.99237,323.75717,321.58408,321.3562,306.88232,274.3044,300.06638,292.98093,295.49615,297.54865,335.02628,-129568.125,9069.358,3147.2427,-84211.14,3100.0,1500.0,149274.81,3642.8252,22595.756,140809.03,30131.762,-15.88076,5948.657,66927.65,4831.553
850,1996-10-30,320.7758,331.0898,323.75342,322.93604,272.3935,345.24292,329.22205,292.31714,302.4526,304.98325,251.63147,320.8487,329.3428,326.46765,342.13016,329.98828,323.75507,321.55792,321.345,306.8703,274.3044,300.06693,292.98105,295.4893,297.5486,335.02628,-129377.95,9085.389,3168.4863,-84187.19,3100.0,1500.0,149295.61,3645.2964,22499.441,140557.86,30156.846,-15.484665,6142.666,66896.28,4833.7764
851,1996-11-06,320.7625,331.07013,323.74603,322.92767,272.3937,345.20212,329.22855,292.40207,302.4521,304.98306,251.6314,320.8458,329.32294,326.43448,342.12988,329.97543,323.75064,321.5397,321.32675,306.8723,274.3044,300.06747,292.98123,295.48364,297.54776,335.02628,-129071.266,9043.636,3179.399,-84159.96,3100.0,1500.0,149533.52,3647.6887,22491.225,140095.77,30172.572,-15.269592,5979.1646,66883.38,4836.3105
852,1996-11-13,320.78757,331.06888,323.74304,322.9254,272.39386,345.1379,329.2348,292.86115,302.45047,304.98688,251.6313,320.8421,329.3498,326.46957,342.12912,329.9664,323.7445,321.56165,321.3551,306.93436,274.3044,300.068,292.9814,295.48862,297.5466,335.02628,-129299.62,8732.813,3165.699,-84157.836,3100.0,1500.0,149274.27,3649.9568,22770.598,141258.19,30170.654,-15.347862,5830.276,66896.74,4838.723
853,1996-11-20,320.7792,331.07016,323.74527,322.92828,272.39395,345.1123,329.24054,292.48288,302.4479,304.98608,251.63121,320.84204,329.32095,326.45056,342.129,329.96628,323.74448,321.56772,321.34357,306.87616,274.3044,300.06854,292.98166,295.48462,297.5462,335.02628,-129226.28,9079.432,3169.532,-84162.57,3100.0,1500.0,149500.86,3652.2727,22596.312,140473.03,30167.14,-15.170982,6118.0093,66885.2,4840.6084
854,1996-11-27,320.76865,331.05545,323.7375,322.92047,272.394,345.08157,329.24542,291.5188,302.44498,304.98486,251.63112,320.8405,329.30112,326.42337,342.12885,329.9589,323.7428,321.55145,321.3323,306.8776,274.3044,300.069,292.9819,295.47247,297.54532,335.02628,-129017.01,9030.179,3205.4048,-84129.65,3100.0,1500.0,149664.14,3654.4824,22557.266,140171.0,30212.611,-14.554527,6476.398,66833.71,4841.9927
855,1996-12-04,320.73544,331.03152,323.72626,322.90762,272.39404,345.05008,329.2493,291.0341,302.4416,304.98108,251.63104,320.83646,329.27808,326.3985,342.1281,329.94092,323.73624,321.51102,321.28412,306.82178,274.3044,300.0694,292.98218,295.46115,297.54327,335.02628,-128391.945,9274.68,3237.913,-84078.06,3100.0,1500.0,149886.48,3656.4636,22306.092,138873.64,30239.99,-13.976364,6552.7256,66789.62,4843.158
856,1996-12-11,320.7487,331.02545,323.721,322.9034,272.394,345.01108,329.25183,291.4877,302.43698,304.9836,251.63095,320.83026,329.30045,326.42618,342.12708,329.92947,323.72528,321.5246,321.32825,306.89984,274.3044,300.06967,292.98245,295.46268,297.54034,335.02628,-128701.336,8868.423,3236.9858,-84043.36,3100.0,1500.0,149685.88,3657.9216,22636.459,140449.98,30251.828,-13.805954,6233.374,66786.27,4844.209
857,1996-12-18,320.74582,331.02658,323.72467,322.90686,272.39392,344.97806,329.25284,291.91714,302.43088,304.98383,251.63087,320.8288,329.29132,326.42902,342.12665,329.91907,323.72275,321.52243,321.30133,306.8523,274.3044,300.07,292.98276,295.46198,297.53818,335.02628,-128509.49,9115.612,3225.4897,-84049.555,3100.0,1500.0,149786.02,3658.9678,22478.992,139611.47,30235.492,-13.845551,6195.8013,66799.04,4845.2383
858,1996-12-25,320.72394,331.0123,323.71793,322.89948,272.39374,344.95892,329.25214,291.3337,302.42398,304.9812,251.63078,320.82562,329.26178,326.39603,342.12637,329.9076,323.71927,321.5076,321.2823,306.83212,274.3044,300.07025,292.98306,295.45474,297.5362,335.02628,-128198.336,9216.582,3246.9688,-84038.18,3100.0,1500.0,150027.05,3659.6333,22402.188,138969.94,30258.246,-13.440727,6500.065,66767.266,4846.4053
859,1997-01-01,320.68396,330.9962,323.7049,322.88684,272.39352,344.93027,329.2498,290.59375,302.417,304.9767,251.63069,320.82034,329.2284,326.37695,342.12576,329.89478,323.71265,321.47467,321.26465,306.77686,274.3044,300.07034,292.9834,295.44272,297.53354,335.02628,-127847.85,9473.691,3283.0693,-83997.11,3100.0,1500.0,150192.97,3659.7234,22171.1,138262.84,30287.795,-12.839706,6748.37,66718.25,4847.731
860,1997-01-08,320.6857,330.99466,323.69647,322.8805,272.39325,344.8968,329.2459,290.69666,302.40982,304.9776,251.63058,320.81467,329.21744,326.39154,342.12518,329.89017,323.70337,321.47244,321.28366,306.83252,274.3044,300.07034,292.98373,295.4384,297.52982,335.02628,-127927.695,9158.369,3300.1362,-83951.19,3100.0,1500.0,150088.83,3659.058,22380.158,139098.55,30314.615,-12.501228,6521.7334,66696.11,4848.91
861,1997-01-15,320.69272,330.99582,323.69882,322.87988,272.39294,344.86304,329.24054,291.49673,302.40198,304.97803,251.6305,320.81134,329.25543,326.36884,342.12524,329.8844,323.69766,321.48288,321.26266,306.8234,274.3044,300.07034,292.98404,295.4412,297.5264,335.02628,-127708.266,9230.154,3285.1587,-83946.7,3100.0,1500.0,149871.66,3657.8179,22404.05,138617.52,30296.213,-12.638245,6224.9697,66716.03,4849.6196
862,1997-01-22,320.62555,330.9859,323.6874,322.86713,272.39258,344.8285,329.23367,291.8967,302.3938,304.97015,251.63042,320.80597,329.184,326.3174,342.12537,329.86948,323.6887,321.41843,321.2081,306.6925,274.3044,300.0702,292.98438,295.43994,297.52374,335.02628,-126985.0,9849.536,3282.9536,-83959.17,3100.0,1500.0,150357.42,3656.3042,21840.432,136553.8,30268.58,-12.73037,6128.023,66726.055,4849.6113
863,1997-01-29,320.57156,330.96353,323.666,322.84647,272.39215,344.79086,329.22516,292.02832,302.38614,304.96628,251.63036,320.79602,329.14508,326.2951,342.125,329.8515,323.66968,321.36395,321.19766,306.7006,274.3044,300.0699,292.98468,295.4374,297.5208,335.02628,-126564.56,9732.916,3291.6611,-83962.85,3100.0,1500.0,150542.17,3654.108,21798.559,136452.48,30280.904,-12.750923,6100.745,66723.11,4849.0977
864,1997-02-05,320.53952,330.94632,323.6562,322.83716,272.39172,344.76318,329.21512,292.08963,302.37982,304.96466,251.63031,320.78665,329.15152,326.3034,342.12408,329.8358,323.6485,321.3432,321.1974,306.69092,274.3044,300.06943,292.985,295.43628,297.51758,335.02628,-126419.33,9773.56,3298.5107,-83960.445,3100.0,1500.0,150505.6,3651.1807,21783.295,136595.23,30283.31,-12.784805,6088.911,66718.83,4848.329
865,1997-02-12,320.5991,330.95657,323.66644,322.8474,272.39133,344.75354,329.20395,292.23648,302.37503,304.97208,251.63028,320.78125,329.22913,326.3607,342.12335,329.83856,323.63358,321.3956,321.25305,306.8387,274.3044,300.0689,292.98526,295.43988,297.5145,335.02628,-127056.1,9021.987,3294.795,-83957.9,3100.0,1500.0,150007.69,3647.4932,22416.23,138961.97,30306.705,-12.893921,6015.74,66721.78,4847.452
866,1997-02-19,320.58664,330.96042,323.67575,322.85495,272.39093,344.74585,329.19208,292.3684,302.37173,304.96902,251.63025,320.7818,329.19397,326.32764,342.12347,329.84515,323.63214,321.3793,321.20062,306.71848,274.3044,300.0684,292.9855,295.4389,297.51254,335.02628,-126661.55,9648.06,3292.124,-83964.77,3100.0,1500.0,150416.6,3643.6667,21975.963,136918.16,30278.87,-13.043442,5997.4536,66728.31,4846.6055
867,1997-02-26,320.54123,330.9502,323.66776,322.84586,272.3906,344.73914,329.17972,292.33426,302.36978,304.96356,251.63022,320.7774,329.19446,326.3183,342.12335,329.8376,323.62503,321.33215,321.19174,306.6953,274.3044,300.0678,292.98572,295.43674,297.51056,335.02628,-126433.125,9711.46,3302.6895,-83964.65,3100.0,1500.0,150392.89,3639.6929,21817.455,136761.81,30283.578,-13.075249,6016.4004,66722.445,4845.8345
868,1997-03-05,320.53564,330.9433,323.66525,322.84308,272.39026,344.76483,329.16718,292.37634,302.369,304.96378,251.63019,320.7729,329.2002,326.31366,342.12302,329.831,323.6151,321.32898,321.2003,306.73718,274.30444,300.0671,292.9859,295.4352,297.50824,335.02628,-126448.664,9483.536,3310.7014,-83959.93,3100.0,1500.0,150373.17,3635.2458,21985.531,137230.44,30297.531,-13.124878,5984.707,66718.43,4845.034
869,1997-03-12,320.5858,330.954,323.6721,322.85098,272.38995,344.77484,329.15472,292.40936,302.36896,304.96863,251.63017,320.771,329.24164,326.3541,342.1229,329.83536,323.60956,321.37793,321.2451,306.82593,274.30444,300.06638,292.98605,295.43863,297.50607,335.02628,-126976.03,9065.089,3308.3782,-83958.55,3100.0,1500.0,150053.66,3630.545,22401.418,138833.03,30307.717,-13.214272,5995.5303,66719.74,4844.0923
870,1997-03-19,320.5913,330.96436,323.68454,322.8639,272.38965,344.74307,329.14273,292.46658,302.3695,304.968,251.63016,320.774,329.24924,326.3672,342.12335,329.84216,323.61307,321.37418,321.2477,306.7703,274.30444,300.0657,292.98615,295.4373,297.50482,335.02628,-127201.305,9329.392,3310.0037,-83959.39,3100.0,1500.0,150090.22,3626.021,22175.256,138572.81,30295.3,-13.294357,5946.9814,66721.695,4842.862
871,1997-03-26,320.60226,330.96216,323.6885,322.8667,272.3894,344.71057,329.13144,292.67215,302.37048,304.9684,251.63017,320.77652,329.25504,326.3513,342.12366,329.84448,323.6158,321.372,321.24307,306.81607,274.30444,300.06503,292.9862,295.43652,297.50366,335.02628,-127199.3,9071.586,3311.7446,-83963.15,3100.0,1500.0,150123.9,3621.6516,22320.031,138668.94,30305.947,-13.425171,5865.703,66726.48,4840.667
872,1997-04-02,320.62738,330.9629,323.68912,322.86646,272.38913,344.7289,329.121,292.8551,302.3718,304.9693,251.63025,320.7774,329.2658,326.34555,342.12366,329.8422,323.61703,321.39926,321.24777,306.84164,274.30444,300.06433,292.98624,295.43857,297.50272,335.02628,-127237.83,8984.961,3308.9595,-83969.64,3100.0,1500.0,150076.72,3617.4307,22473.688,138833.25,30302.836,-13.58699,5803.588,66733.72,4837.1895
873,1997-04-09,320.6471,330.9707,323.69196,322.87027,272.38892,344.80014,329.1116,292.95535,302.3735,304.96912,251.63034,320.7784,329.27142,326.3711,342.12375,329.8482,323.61966,321.4195,321.26166,306.84378,274.30444,300.0637,292.9862,295.44452,297.50232,335.02628,-127432.516,9000.842,3300.4832,-83979.36,3100.0,1500.0,149998.66,3613.5286,22505.973,139185.39,30287.35,-13.775223,5790.1943,66744.54,4833.198
874,1997-04-16,320.65866,330.98816,323.70053,322.87927,272.3887,344.81882,329.10355,292.81454,302.3757,304.9685,251.63045,320.78113,329.29852,326.3927,342.12418,329.8635,323.62515,321.44324,321.2819,306.8465,274.30444,300.06308,292.98615,295.44498,297.50262,335.02628,-127752.43,9037.944,3300.2542,-83989.54,3100.0,1500.0,149745.31,3609.9856,22554.227,139655.61,30282.477,-13.864655,5886.992,66747.24,4829.555
875,1997-04-23,320.6898,331.0066,323.71133,322.8906,272.38855,344.81976,329.0971,292.86307,302.37842,304.9702,251.63055,320.7858,329.31696,326.4114,342.12503,329.88257,323.63336,321.47043,321.3033,306.88712,274.30444,300.06244,292.98602,295.44418,297.50302,335.02628,-128124.266,8838.011,3303.9668,-83989.555,3100.0,1500.0,149628.94,3606.8289,22711.541,140334.2,30290.383,-13.929512,5788.9097,66748.19,4826.754
876,1997-04-30,320.72238,331.02142,323.7203,322.89993,272.3884,344.86502,329.09232,293.24222,302.38138,304.97208,251.63066,320.79156,329.3281,326.4281,342.1259,329.89777,323.64517,321.4949,321.3146,306.90927,274.30444,300.06183,292.9859,295.4483,297.50357,335.02628,-128379.88,8740.887,3292.4736,-84001.88,3100.0,1500.0,149559.22,3604.2026,22806.82,140649.81,30278.848,-14.196274,5659.1265,66767.13,4824.1626
877,1997-05-07,320.71365,331.02374,323.7225,322.90137,272.38828,344.92868,329.08905,293.43164,302.38452,304.9694,251.63077,320.79642,329.3128,326.40488,342.1265,329.90604,323.657,321.48288,321.2902,306.85556,274.30444,300.06125,292.98572,295.45377,297.5047,335.02628,-128192.65,9017.604,3280.7507,-84020.5,3100.0,1500.0,149699.48,3602.2905,22572.092,139686.03,30251.8,-14.445374,5611.75,66784.47,4821.838
878,1997-05-14,320.71667,331.0304,323.7223,322.90152,272.3882,344.97522,329.08734,293.36972,302.38797,304.96912,251.63087,320.79816,329.3325,326.4271,342.12674,329.91327,323.66187,321.49136,321.31137,306.88593,274.30444,300.0607,292.9855,295.45847,297.5062,335.02628,-128398.664,8880.728,3273.3208,-84038.2,3100.0,1500.0,149491.39,3600.89,22686.24,140418.05,30245.951,-14.620987,5686.634,66795.164,4820.2104
879,1997-05-21,320.7393,331.04218,323.73038,322.91043,272.38815,345.01443,329.0872,293.2562,302.39194,304.97122,251.63095,320.80203,329.34665,326.44458,342.12714,329.9268,323.6679,321.5125,321.33087,306.90887,274.30444,300.06018,292.98526,295.4614,297.50793,335.02628,-128717.41,8776.221,3268.6782,-84047.24,3100.0,1500.0,149420.94,3599.9353,22782.453,140958.45,30242.785,-14.720787,5706.5186,66800.78,4819.611
880,1997-05-28,320.76526,331.05524,323.73868,322.9191,272.38815,345.03912,329.08853,293.38962,302.3962,304.9734,251.63101,320.8073,329.36215,326.4606,342.12762,329.94043,323.67773,321.53384,321.34326,306.93076,274.30444,300.05975,292.985,295.46564,297.50992,335.02628,-128974.88,8677.944,3257.4165,-84058.72,3100.0,1500.0,149292.23,3599.5725,22874.28,141332.03,30233.22,-14.907532,5637.9136,66815.73,4819.5713
881,1997-06-04,320.75674,331.05542,323.7417,322.92114,272.3882,345.05914,329.09122,293.54907,302.40063,304.9717,251.63107,320.8122,329.35138,326.43613,342.12817,329.94446,323.6886,321.52527,321.3234,306.88376,274.30444,300.05957,292.98468,295.46924,297.51224,335.02628,-128829.53,8921.177,3245.8074,-84076.56,3100.0,1500.0,149431.83,3599.88,22670.998,140484.25,30210.498,-15.118752,5589.0625,66833.02,4819.616
882,1997-06-11,320.7617,331.0599,323.74036,322.92062,272.38828,345.0784,329.095,293.55817,302.4051,304.97244,251.63113,320.81424,329.3573,326.4598,342.1283,329.94727,323.6939,321.52823,321.33862,306.9132,274.30444,300.05942,292.98438,295.47278,297.5145,335.02628,-128979.01,8754.227,3237.6794,-84092.98,3100.0,1500.0,149319.33,3600.6343,22763.031,141094.6,30208.041,-15.271576,5611.9272,66844.44,4819.6636
883,1997-06-18,320.76547,331.06845,323.74506,322.92572,272.3884,345.09116,329.0997,293.3862,302.40958,304.973,251.63118,320.8176,329.36258,326.4629,342.12857,329.9572,323.69904,321.5385,321.34424,306.89362,274.30444,300.0593,292.98404,295.47678,297.51678,335.02628,-129109.766,8840.046,3230.8293,-84104.15,3100.0,1500.0,149267.48,3601.7788,22711.328,141094.08,30196.402,-15.343956,5704.331,66850.06,4819.6504
884,1997-06-25,320.78854,331.07764,323.7497,322.93088,272.38855,345.0988,329.1051,293.3675,302.41406,304.97568,251.63124,320.82123,329.37445,326.4788,342.12894,329.96707,323.70486,321.55737,321.36023,306.9437,274.30444,300.05917,292.9837,295.48175,297.5191,335.02628,-129344.74,8637.149,3220.2664,-84110.89,3100.0,1500.0,149170.28,3603.2551,22897.732,141675.06,30192.738,-15.431076,5663.4272,66859.93,4819.455
885,1997-07-02,320.7955,331.08084,323.75354,322.9342,272.38873,345.10086,329.1111,293.56076,302.41833,304.97644,251.6313,320.82535,329.37363,326.46793,342.12933,329.97177,323.7132,321.56375,321.3512,306.92355,274.30444,300.0592,292.98337,295.4856,297.52176,335.02628,-129319.48,8759.88,3204.9412,-84128.47,3100.0,1500.0,149212.14,3605.0793,22821.102,141255.61,30172.781,-15.62677,5597.241,66880.14,4819.043
886,1997-07-09,320.7821,331.08023,323.75177,322.93265,272.38895,345.08676,329.11752,293.62643,302.4223,304.97528,251.63136,320.8276,329.36243,326.46863,342.12952,329.97363,323.7183,321.5511,321.34805,306.90027,274.30444,300.05942,292.98303,295.48694,297.52444,335.02628,-129275.23,8884.801,3197.3945,-84146.484,3100.0,1500.0,149269.1,3607.2249,22695.285,141016.28,30160.932,-15.755745,5586.045,66892.49,4818.532
887,1997-07-16,320.78558,331.08444,323.7522,322.93332,272.3892,345.09286,329.12415,293.38037,302.42612,304.97647,251.63142,320.82916,329.372,326.47693,342.12958,329.9751,323.7207,321.5576,321.35413,306.92502,274.30444,300.05972,292.9827,295.48697,297.52673,335.02628,-129350.875,8768.606,3196.9307,-84156.87,3100.0,1500.0,149162.73,3609.4558,22788.852,141333.61,30168.408,-15.747917,5741.9116,66891.27,4818.3027
888,1997-07-23,320.81046,331.09134,323.7569,322.93872,272.38947,345.09308,329.13077,293.255,302.42972,304.97964,251.63148,320.8317,329.38382,326.49097,342.12976,329.98276,323.72366,321.57877,321.3731,306.95752,274.30444,300.06006,292.9824,295.49023,297.52875,335.02628,-129609.164,8611.234,3193.4473,-84153.27,3100.0,1500.0,149089.56,3611.7144,22927.79,141929.39,30169.94,-15.711502,5708.878,66890.67,4818.3765
889,1997-07-30,320.8309,331.09848,323.76297,322.94504,272.38974,345.10306,329.1374,293.50412,302.43298,304.98215,251.63153,320.83572,329.39368,326.49896,342.13007,329.99146,323.72906,321.5963,321.38156,306.9646,274.30444,300.0605,292.9821,295.4954,297.5311,335.02628,-129792.97,8594.393,3174.9878,-84165.73,3100.0,1500.0,149039.92,3614.0671,22967.482,142105.88,30152.693,-15.890915,5622.7744,66911.27,4818.529
890,1997-08-06,320.81204,331.093,323.76144,322.94266,272.39005,345.12234,329.1439,293.48843,302.43576,304.9803,251.63158,320.83896,329.36417,326.46954,342.1303,329.99,323.73428,321.57275,321.34903,306.9073,274.30444,300.06097,292.9818,295.49484,297.53372,335.02628,-129468.48,8870.23,3169.415,-84181.94,3100.0,1500.0,149271.11,3616.5688,22698.822,140925.08,30139.984,-15.956032,5663.8613,66919.734,4818.6934
891,1997-08-13,320.8115,331.0933,323.75815,322.93915,272.39035,345.14093,329.15036,293.28683,302.43826,304.98105,251.63162,320.83862,329.39,326.4886,342.13016,329.98596,323.73337,321.575,321.36386,306.94446,274.30444,300.0615,292.98157,295.4948,297.53577,335.02628,-129556.76,8686.979,3170.9248,-84186.01,3100.0,1500.0,149041.66,3618.9824,22835.639,141623.83,30150.912,-15.899368,5752.8135,66915.96,4818.8716
892,1997-08-20,320.83148,331.09778,323.7654,322.94614,272.39066,345.15805,329.15686,293.28375,302.44052,304.9839,251.63167,320.84042,329.41016,326.4942,342.13022,329.99176,323.7356,321.59634,321.37894,306.96423,274.30444,300.06195,292.98135,295.49658,297.53754,335.02628,-129788.6,8606.467,3166.1643,-84185.08,3100.0,1500.0,148991.06,3621.272,22939.562,142046.1,30149.621,-15.896751,5704.358,66918.945,4819.1216
893,1997-08-27,320.8484,331.10376,323.77127,322.9522,272.39096,345.17004,329.1634,293.48126,302.4424,304.98587,251.6317,320.8437,329.4172,326.50635,342.1304,329.99826,323.74057,321.61212,321.38785,306.97104,274.30444,300.0624,292.98117,295.4996,297.5394,335.02628,-129968.65,8588.202,3153.0486,-84194.84,3100.0,1500.0,148962.89,3623.6196,22977.16,142254.14,30138.775,-16.01799,5634.6875,66933.305,4820.019
894,1997-09-03,320.83865,331.1018,323.76923,322.95032,272.39127,345.17273,329.17,293.57495,302.444,304.98483,251.63173,320.84656,329.37793,326.48706,342.13058,330.0004,323.74554,321.599,321.35928,306.9328,274.3044,300.06287,292.98102,295.4996,297.54135,335.02628,-129691.1,8777.451,3146.8948,-84207.85,3100.0,1500.0,149198.86,3626.0862,22800.756,141268.89,30128.254,-16.103493,5608.683,66942.54,4819.949
895,1997-09-10,320.83698,331.09845,323.764,322.94592,272.39157,345.18326,329.17667,293.53705,302.44543,304.98563,251.63171,320.8465,329.38617,326.48962,342.13052,329.9971,323.74557,321.5977,321.37814,306.95392,274.3044,300.0633,292.9809,295.50238,297.54303,335.02628,-129805.37,8664.064,3141.786,-84216.35,3100.0,1500.0,149090.88,3628.5164,22866.766,141837.16,30127.58,-16.15075,5649.4014,66947.125,4823.0728
896,1997-09-17,320.8425,331.0996,323.76495,322.94733,272.39188,345.19473,329.1834,293.38956,302.44693,304.987,251.63167,320.84778,329.38248,326.49356,342.13043,329.99655,323.748,321.60583,321.37772,306.95557,274.3044,300.0638,292.98083,295.49982,297.54465,335.02628,-129833.78,8672.484,3142.5974,-84219.62,3100.0,1500.0,149108.64,3630.9153,22884.541,141801.67,30132.504,-16.122826,5709.303,66944.84,4825.3936
897,1997-09-24,320.8538,331.104,323.76627,322.9495,272.39218,345.2043,329.19016,293.4109,302.44846,304.98843,251.63164,320.84927,329.38452,326.50436,342.13046,330.00095,323.75128,321.6189,321.39035,306.96976,274.3044,300.06433,292.9808,295.49863,297.5459,335.02628,-129987.68,8613.119,3142.8303,-84216.87,3100.0,1500.0,149062.66,3633.3474,22952.252,142143.05,30137.182,-16.108902,5660.553,66943.47,4826.751
898,1997-10-01,320.8394,331.1046,323.76865,322.95187,272.3925,345.21487,329.1968,293.3895,302.4498,304.9869,251.63162,320.85156,329.38605,326.5013,342.1306,330.00452,323.75577,321.6181,321.38788,306.92444,274.3044,300.06485,292.98077,295.49805,297.54688,335.02628,-130005.4,8876.075,3141.6697,-84219.39,3100.0,1500.0,149079.8,3635.858,22795.537,141763.78,30126.662,-16.116646,5715.3486,66943.984,4827.797
899,1997-10-08,320.8153,331.096,323.76392,322.94632,272.39276,345.22516,329.20343,293.25818,302.45093,304.98486,251.6316,320.8524,329.35742,326.47464,342.13058,329.99734,323.75854,321.58936,321.3573,306.89697,274.3044,300.0653,292.98083,295.49893,297.54755,335.02628,-129647.6,8972.697,3143.1785,-84214.51,3100.0,1500.0,149285.83,3638.3894,22627.248,140869.39,30125.955,-16.043304,5738.406,66938.57,4828.7935
900,1997-10-15,320.81595,331.09564,323.75906,322.94208,272.39304,345.2346,329.21002,293.28006,302.4518,304.98654,251.63158,320.85046,329.37048,326.49258,342.1303,329.9935,323.75647,321.5908,321.37518,306.93475,274.3044,300.06586,292.9809,295.49863,297.54813,335.02628,-129749.42,8775.413,3140.7427,-84214.1,3100.0,1500.0,149119.78,3640.7842,22774.574,141615.34,30133.408,-16.04367,5730.375,66940.5,4829.9556
901,1997-10-22,320.79745,331.09457,323.759,322.942,272.39328,345.2433,329.21658,292.91245,302.4524,304.98508,251.63153,320.85043,329.35056,326.48138,342.13028,329.99237,323.75717,321.58408,321.3562,306.88232,274.3044,300.06644,292.981,295.4962,297.54868,335.02628,-129568.125,9069.281,3146.8945,-84211.2,3100.0,1500.0,149274.8,3643.2205,22595.73,140809.1,30131.686,-15.881248,5948.669,66927.805,4831.545
902,1997-10-29,320.7758,331.0898,323.75345,322.93604,272.39352,345.24478,329.2231,292.31717,302.4526,304.98337,251.63147,320.8487,329.3428,326.46768,342.13016,329.98828,323.75507,321.55795,321.345,306.8703,274.3044,300.067,292.98114,295.48932,297.54865,335.02628,-129378.0,9085.351,3167.789,-84187.27,3100.0,1500.0,149295.61,3645.6907,22499.42,140557.89,30156.77,-15.485146,6142.6787,66896.445,4833.7686
903,1997-11-05,320.7625,331.07013,323.74603,322.92767,272.3937,345.20398,329.22958,292.40207,302.45212,304.9832,251.63138,320.8458,329.32294,326.43448,342.12988,329.97543,323.75067,321.5397,321.32675,306.87234,274.3044,300.06754,292.9813,295.48367,297.54782,335.02628,-129071.34,9043.559,3179.0508,-84160.09,3100.0,1500.0,149533.5,3648.082,22491.203,140095.81,30172.494,-15.270088,5979.176,66883.55,4836.3027
904,1997-11-12,320.7876,331.06888,323.74304,322.9254,272.39386,345.13977,329.23587,292.86118,302.4505,304.987,251.63129,320.8421,329.3498,326.46957,342.12912,329.9664,323.74454,321.56165,321.3551,306.9344,274.3044,300.06805,292.9815,295.48865,297.54666,335.02628,-129299.69,8732.774,3165.0032,-84158.03,3100.0,1500.0,149274.25,3650.3481,22770.578,141258.23,30170.582,-15.348305,5830.287,66896.9,4838.716
905,1997-11-19,320.7792,331.07016,323.74527,322.92828,272.39398,345.11417,329.24158,292.48288,302.4479,304.9862,251.6312,320.84204,329.32095,326.45056,342.129,329.96628,323.74448,321.56772,321.34357,306.87616,274.3044,300.0686,292.98172,295.48465,297.54626,335.02628,-129226.305,9079.279,3168.9514,-84162.75,3100.0,1500.0,149500.84,3652.662,22596.291,140473.1,30167.068,-15.17144,6118.02,66885.35,4840.6006
906,1997-11-26,320.76865,331.05545,323.7375,322.92047,272.39404,345.0834,329.2465,291.51883,302.44498,304.985,251.63112,320.8405,329.30112,326.42337,342.12885,329.9589,323.74283,321.55145,321.3323,306.87762,274.30438,300.06906,292.98196,295.4725,297.54535,335.02628,-129017.02,9030.179,3205.0566,-84129.85,3100.0,1500.0,149664.14,3654.8691,22557.242,140171.03,30212.537,-14.554947,6476.4097,66833.86,4841.9854
907,1997-12-03,320.73544,331.03152,323.72626,322.90762,272.39404,345.0519,329.25034,291.03412,302.4416,304.98117,251.63103,320.83646,329.27808,326.3985,342.1281,329.94092,323.73624,321.51105,321.28412,306.82178,274.30438,300.06946,292.98224,295.46115,297.5433,335.02628,-128391.98,9274.68,3237.3315,-84078.11,3100.0,1500.0,149886.47,3656.848,22306.072,138873.69,30239.916,-13.976929,6552.7363,66789.766,4843.1504
908,1997-12-10,320.7487,331.02548,323.721,322.9034,272.39404,345.01294,329.25287,291.48773,302.43698,304.98373,251.63095,320.83026,329.30045,326.42618,342.12708,329.92947,323.72528,321.5246,321.32825,306.89987,274.30438,300.06973,292.98254,295.4627,297.54037,335.02628,-128701.336,8868.384,3236.7534,-84043.41,3100.0,1500.0,149685.88,3658.3037,22636.44,140450.03,30251.758,-13.80648,6233.3833,66786.42,4844.2017
909,1997-12-17,320.74585,331.02658,323.72467,322.90686,272.39395,344.9799,329.25388,291.91718,302.43088,304.98395,251.63087,320.8288,329.29132,326.42902,342.12665,329.91907,323.72275,321.52246,321.30133,306.8523,274.3044,300.07004,292.98282,295.462,297.5382,335.02628,-128509.52,9115.612,3225.026,-84049.7,3100.0,1500.0,149786.0,3659.3472,22478.97,139611.5,30235.426,-13.845993,6195.811,66799.18,4845.2305
910,1997-12-24,320.72394,331.0123,323.71793,322.89948,272.39377,344.96075,329.25314,291.33374,302.424,304.98132,251.63078,320.82562,329.26178,326.39603,342.12637,329.9076,323.71927,321.50763,321.2823,306.83215,274.3044,300.0703,292.98315,295.45477,297.53625,335.02628,-128198.336,9216.467,3246.504,-84038.42,3100.0,1500.0,150027.03,3660.0103,22402.166,138969.97,30258.178,-13.441269,6500.0747,66767.414,4846.3975
911,1997-12-31,320.68396,330.9962,323.7049,322.88684,272.39352,344.9321,329.2508,290.59378,302.41702,304.9768,251.63068,320.82034,329.2284,326.37695,342.12576,329.89478,323.71265,321.47467,321.26465,306.7769,274.3044,300.0704,292.98346,295.44275,297.53357,335.02628,-127847.9,9473.653,3282.3735,-83997.34,3100.0,1500.0,150192.97,3660.0977,22171.08,138262.9,30287.73,-12.840263,6748.38,66718.38,4847.7236
912,1998-01-07,320.6857,330.99466,323.69647,322.8805,272.39328,344.89862,329.2469,290.69666,302.40982,304.97772,251.63058,320.81467,329.21744,326.39154,342.12518,329.89017,323.70337,321.47247,321.28366,306.83255,274.3044,300.0704,292.9838,295.43842,297.52985,335.02628,-127927.75,9158.33,3299.788,-83951.38,3100.0,1500.0,150088.83,3659.4297,22380.137,139098.6,30314.55,-12.501778,6521.743,66696.26,4848.9033
913,1998-01-14,320.69275,330.99582,323.69882,322.87988,272.39294,344.86484,329.24152,291.49673,302.40198,304.97812,251.6305,320.81134,329.25543,326.36884,342.12524,329.8844,323.69766,321.48288,321.26266,306.8234,274.3044,300.07037,292.98413,295.44122,297.52643,335.02628,-127708.29,9230.039,3284.811,-83946.77,3100.0,1500.0,149871.64,3658.1865,22404.03,138617.56,30296.15,-12.638603,6224.979,66716.164,4849.612
914,1998-01-21,320.62555,330.9859,323.6874,322.86713,272.39258,344.8303,329.23465,291.89673,302.3938,304.97028,251.63042,320.80597,329.184,326.3174,342.12537,329.86948,323.6887,321.41843,321.2081,306.6925,274.3044,300.07025,292.98444,295.43997,297.5238,335.02628,-126985.0,9849.536,3282.4902,-83959.31,3100.0,1500.0,150357.42,3656.6687,21840.414,136553.84,30268.518,-12.730789,6128.032,66726.19,4849.605
915,1998-01-28,320.57156,330.96353,323.666,322.84647,272.39215,344.79266,329.22614,292.02835,302.38617,304.96637,251.63036,320.79602,329.14508,326.2951,342.125,329.8515,323.66968,321.36395,321.19766,306.70062,274.3044,300.06995,292.98474,295.43744,297.52084,335.02628,-126564.586,9732.877,3291.3125,-83962.984,3100.0,1500.0,150542.17,3654.468,21798.54,136452.52,30280.846,-12.751411,6100.7544,66723.25,4849.092
916,1998-02-04,320.53952,330.94632,323.6562,322.83716,272.39175,344.76498,329.21606,292.08963,302.37982,304.96475,251.63031,320.78665,329.15152,326.3034,342.12408,329.8358,323.6485,321.34323,321.1974,306.69092,274.3044,300.0695,292.98505,295.4363,297.5176,335.02628,-126419.36,9773.5205,3298.0469,-83960.625,3100.0,1500.0,150505.58,3651.5366,21783.273,136595.28,30283.248,-12.785294,6088.921,66718.95,4848.3228
917,1998-02-11,320.5991,330.95657,323.66644,322.84744,272.39133,344.7553,329.20486,292.23648,302.37503,304.97217,251.63026,320.78125,329.22913,326.3607,342.12335,329.83856,323.63358,321.3956,321.25305,306.83875,274.3044,300.06897,292.98532,295.4399,297.51453,335.02628,-127056.125,9021.987,3294.4473,-83957.984,3100.0,1500.0,150007.69,3647.8442,22416.21,138962.0,30306.645,-12.89415,6015.749,66721.914,4847.446
918,1998-02-18,320.58667,330.96042,323.67578,322.85495,272.39096,344.74762,329.193,292.3684,302.37173,304.96915,251.63023,320.7818,329.19397,326.32764,342.12347,329.84515,323.63214,321.3793,321.20062,306.7185,274.3044,300.06845,292.98557,295.43893,297.51257,335.02628,-126661.55,9647.944,3291.8926,-83964.97,3100.0,1500.0,150416.6,3644.013,21975.945,136918.19,30278.81,-13.043869,5997.4624,66728.44,4846.5986
919,1998-02-25,320.54123,330.9502,323.66776,322.84586,272.3906,344.7409,329.18063,292.33426,302.36978,304.96365,251.6302,320.7774,329.19446,326.3183,342.12335,329.8376,323.62503,321.33215,321.19174,306.6953,274.3044,300.06784,292.98578,295.43677,297.5106,335.02628,-126433.15,9711.422,3302.225,-83964.72,3100.0,1500.0,150392.88,3640.0356,21817.438,136761.83,30283.521,-13.075592,6016.409,66722.58,4845.827
920,1998-03-04,320.53564,330.9433,323.66525,322.84308,272.39026,344.76657,329.1681,292.37637,302.369,304.96387,251.63019,320.7729,329.2002,326.31366,342.12302,329.831,323.6151,321.329,321.2003,306.73718,274.3044,300.06714,292.98596,295.43524,297.50827,335.02628,-126448.664,9483.536,3310.3542,-83960.01,3100.0,1500.0,150373.17,3635.5857,21985.514,137230.48,30297.475,-13.125328,5984.715,66718.55,4845.0273
921,1998-03-11,320.5858,330.954,323.6721,322.85098,272.38995,344.77658,329.15564,292.40936,302.36896,304.96872,251.63016,320.771,329.24164,326.3541,342.1229,329.83536,323.60956,321.37796,321.2451,306.82593,274.3044,300.0664,292.9861,295.43866,297.5061,335.02628,-126976.03,9065.051,3308.1458,-83958.68,3100.0,1500.0,150053.66,3630.8823,22401.402,138833.08,30307.662,-13.214661,5995.539,66719.85,4844.0854
922,1998-03-18,320.5913,330.96436,323.68454,322.8639,272.38968,344.7448,329.14365,292.46658,302.3695,304.96808,251.63016,320.77402,329.24924,326.3672,342.12335,329.84216,323.61307,321.37418,321.2477,306.7703,274.30444,300.06577,292.9862,295.4373,297.50485,335.02628,-127201.33,9329.353,3309.5398,-83959.49,3100.0,1500.0,150090.22,3626.356,22175.24,138572.84,30295.248,-13.294899,5946.9893,66721.82,4842.8555
923,1998-03-25,320.60226,330.96216,323.6885,322.8667,272.3894,344.71228,329.13235,292.67218,302.37048,304.9685,251.63017,320.77652,329.25504,326.3513,342.12366,329.84448,323.6158,321.372,321.24307,306.81607,274.30444,300.06506,292.98627,295.43655,297.5037,335.02628,-127199.3,9071.586,3311.6284,-83963.2,3100.0,1500.0,150123.89,3621.9844,22320.016,138668.95,30305.893,-13.425537,5865.7114,66726.59,4840.66
924,1998-04-01,320.62738,330.9629,323.68912,322.86646,272.38916,344.73062,329.12192,292.85513,302.3718,304.96942,251.63023,320.7774,329.2658,326.34555,342.12366,329.8422,323.61703,321.39926,321.2478,306.84167,274.30444,300.0644,292.9863,295.4386,297.50275,335.02628,-127237.86,8984.884,3308.6118,-83969.66,3100.0,1500.0,150076.7,3617.7615,22473.672,138833.28,30302.783,-13.587479,5803.5967,66733.836,4837.183
925,1998-04-08,320.6471,330.9707,323.69196,322.87027,272.38892,344.80182,329.1125,292.95538,302.3735,304.9692,251.63034,320.7784,329.27142,326.3711,342.12375,329.8482,323.61966,321.41953,321.26166,306.8438,274.30444,300.06375,292.98627,295.44455,297.50235,335.02628,-127432.55,9000.804,3300.0193,-83979.48,3100.0,1500.0,149998.66,3613.858,22505.955,139185.42,30287.3,-13.775558,5790.2036,66744.66,4833.1914
926,1998-04-15,320.65866,330.98816,323.70053,322.87927,272.38873,344.82053,329.10443,292.81454,302.3757,304.9686,251.63045,320.78113,329.29852,326.3927,342.12418,329.8635,323.62515,321.44324,321.2819,306.84653,274.30444,300.0631,292.9862,295.44498,297.50266,335.02628,-127752.43,9037.905,3299.905,-83989.63,3100.0,1500.0,149745.31,3610.3135,22554.209,139655.62,30282.424,-13.864967,5887.0005,66747.35,4829.5493
927,1998-04-22,320.68982,331.0066,323.71133,322.8906,272.38855,344.8214,329.098,292.8631,302.37842,304.9703,251.63055,320.7858,329.31696,326.4114,342.12503,329.88257,323.63336,321.47043,321.3033,306.88712,274.30444,300.0625,292.98608,295.4442,297.50305,335.02628,-128124.266,8837.895,3303.6182,-83989.66,3100.0,1500.0,149628.94,3607.1553,22711.525,140334.23,30290.332,-13.929863,5788.917,66748.3,4826.7476
928,1998-04-29,320.72238,331.02142,323.7203,322.89993,272.3884,344.8667,329.0932,293.24225,302.38138,304.97217,251.63066,320.79156,329.3281,326.4281,342.1259,329.89777,323.64517,321.4949,321.3146,306.9093,274.30444,300.0619,292.98593,295.44833,297.5036,335.02628,-128379.93,8740.809,3292.126,-84001.9,3100.0,1500.0,149559.22,3604.5278,22806.805,140649.83,30278.8,-14.196709,5659.134,66767.24,4824.1562
929,1998-05-06,320.71368,331.02374,323.7225,322.90137,272.3883,344.93033,329.08994,293.43167,302.38452,304.96948,251.63077,320.79642,329.3128,326.40488,342.1265,329.90604,323.657,321.48288,321.2902,306.85556,274.30444,300.06128,292.98575,295.4538,297.50473,335.02628,-128192.71,9017.604,3280.2866,-84020.766,3100.0,1500.0,149699.48,3602.6152,22572.078,139686.05,30251.752,-14.445625,5611.758,66784.57,4821.8315
930,1998-05-13,320.71667,331.0304,323.7223,322.90152,272.3882,344.97687,329.08823,293.36972,302.38797,304.9692,251.63087,320.79816,329.3325,326.4271,342.12674,329.91327,323.66187,321.49136,321.31137,306.88596,274.30444,300.06073,292.98553,295.4585,297.50623,335.02628,-128398.71,8880.688,3272.9722,-84038.32,3100.0,1500.0,149491.39,3601.2134,22686.225,140418.08,30245.902,-14.621307,5686.641,66795.27,4820.204
931,1998-05-20,320.7393,331.04218,323.73038,322.91046,272.38818,345.01605,329.08807,293.25623,302.39194,304.9713,251.63095,320.80203,329.34665,326.44458,342.12714,329.9268,323.6679,321.5125,321.33087,306.9089,274.30444,300.0602,292.9853,295.46143,297.50797,335.02628,-128717.42,8776.182,3268.3296,-84047.305,3100.0,1500.0,149420.95,3600.2573,22782.44,140958.47,30242.742,-14.7211,5706.526,66800.88,4819.6035
932,1998-05-27,320.76526,331.05524,323.73868,322.9191,272.38818,345.04074,329.08942,293.38965,302.39624,304.97348,251.63101,320.8073,329.36215,326.4606,342.12762,329.94043,323.67773,321.53387,321.34326,306.93076,274.30444,300.0598,292.98502,295.46567,297.50995,335.02628,-128974.91,8677.906,3257.3003,-84058.83,3100.0,1500.0,149292.23,3599.8936,22874.266,141332.05,30233.172,-14.907921,5637.9204,66815.836,4819.565
933,1998-06-03,320.75674,331.05542,323.7417,322.92114,272.3882,345.06076,329.09207,293.5491,302.40063,304.9718,251.63107,320.8122,329.35138,326.43613,342.12817,329.94446,323.6886,321.52527,321.3234,306.8838,274.30444,300.0596,292.98474,295.46924,297.51227,335.02628,-128829.53,8921.177,3245.4602,-84076.76,3100.0,1500.0,149431.84,3600.2,22670.982,140484.27,30210.455,-15.119087,5589.07,66833.125,4819.61
934,1998-06-10,320.76172,331.0599,323.74036,322.92062,272.3883,345.08002,329.09586,293.55817,302.4051,304.97253,251.63113,320.81424,329.3573,326.45984,342.1283,329.94727,323.6939,321.52823,321.33862,306.9132,274.30444,300.05948,292.9844,295.47278,297.51453,335.02628,-128979.01,8754.109,3237.5637,-84093.15,3100.0,1500.0,149319.31,3600.9534,22763.014,141094.6,30207.996,-15.271797,5611.934,66844.54,4819.657
935,1998-06-17,320.76547,331.06845,323.74506,322.92572,272.3884,345.09274,329.10056,293.38623,302.4096,304.97308,251.63118,320.8176,329.36258,326.4629,342.12857,329.95724,323.69904,321.5385,321.34424,306.89362,274.30444,300.05933,292.9841,295.47678,297.5168,335.02628,-129109.766,8839.932,3230.4807,-84104.28,3100.0,1500.0,149267.48,3602.097,22711.314,141094.11,30196.361,-15.344337,5704.337,66850.16,4819.6445
936,1998-06-24,320.78854,331.07764,323.7497,322.93088,272.38855,345.10037,329.106,293.36752,302.41406,304.97577,251.63124,320.82123,329.37445,326.4788,342.12894,329.96707,323.70486,321.55737,321.36023,306.94373,274.30444,300.0592,292.98376,295.48175,297.51913,335.02628,-129344.74,8637.11,3220.034,-84110.94,3100.0,1500.0,149170.25,3603.5723,22897.719,141675.08,30192.693,-15.4314575,5663.4336,66860.03,4819.449
937,1998-07-01,320.7955,331.08084,323.75354,322.9342,272.38876,345.10242,329.11197,293.5608,302.41833,304.97653,251.6313,320.82535,329.37363,326.46793,342.12933,329.97177,323.7132,321.56375,321.3512,306.92355,274.30444,300.05923,292.98343,295.48563,297.5218,335.02628,-129319.5,8759.804,3204.7087,-84128.56,3100.0,1500.0,149212.12,3605.3965,22821.09,141255.64,30172.74,-15.627205,5597.2476,66880.24,4819.037
938,1998-07-08,320.7821,331.08023,323.75177,322.93265,272.38898,345.08832,329.1184,293.62646,302.42233,304.97537,251.63136,320.8276,329.36243,326.46863,342.12952,329.97363,323.7183,321.5511,321.34805,306.90027,274.30444,300.05945,292.9831,295.48697,297.52448,335.02628,-129275.23,8884.724,3197.3945,-84146.625,3100.0,1500.0,149269.1,3607.5422,22695.271,141016.3,30160.895,-15.756065,5586.0513,66892.586,4818.5264
939,1998-07-15,320.78558,331.08444,323.7522,322.93332,272.3892,345.09445,329.125,293.38037,302.42612,304.97656,251.63142,320.82916,329.372,326.47693,342.12958,329.97513,323.7207,321.5576,321.35413,306.92505,274.30444,300.05978,292.98276,295.48697,297.52676,335.02628,-129350.875,8768.53,3196.6987,-84156.94,3100.0,1500.0,149162.73,3609.7734,22788.838,141333.64,30168.367,-15.748245,5741.9185,66891.37,4818.2964
940,1998-07-22,320.81046,331.09134,323.7569,322.93872,272.38947,345.09464,329.13165,293.25504,302.42975,304.97974,251.63148,320.8317,329.38382,326.49097,342.12976,329.98276,323.72366,321.57877,321.3731,306.95752,274.30444,300.0601,292.98245,295.49026,297.52878,335.02628,-129609.19,8611.157,3193.099,-84153.44,3100.0,1500.0,149089.55,3612.0315,22927.773,141929.39,30169.9,-15.711777,5708.884,66890.766,4818.371
941,1998-07-29,320.8309,331.09848,323.76297,322.94504,272.38977,345.10458,329.13824,293.50415,302.43298,304.98224,251.63153,320.83572,329.39368,326.49896,342.13007,329.99146,323.72906,321.5963,321.38156,306.9646,274.30444,300.06052,292.98215,295.49542,297.5311,335.02628,-129793.04,8594.354,3174.872,-84165.77,3100.0,1500.0,149039.92,3614.384,22967.473,142105.89,30152.65,-15.89122,5622.7803,66911.37,4818.5234
942,1998-08-05,320.81204,331.093,323.76144,322.94266,272.39005,345.1239,329.14478,293.48843,302.43576,304.98038,251.63158,320.83896,329.36417,326.46954,342.1303,329.99,323.73428,321.57275,321.34903,306.9073,274.30444,300.061,292.98187,295.49487,297.53372,335.02628,-129468.555,8870.191,3169.067,-84182.03,3100.0,1500.0,149271.11,3616.885,22698.807,140925.1,30139.947,-15.956314,5663.867,66919.83,4818.688
943,1998-08-12,320.8115,331.0933,323.75815,322.93915,272.39035,345.14246,329.15125,293.28683,302.43826,304.98114,251.63162,320.83862,329.39,326.4886,342.13016,329.98596,323.73337,321.575,321.36386,306.94446,274.30444,300.06152,292.98163,295.4948,297.5358,335.02628,-129556.78,8686.979,3170.6924,-84186.03,3100.0,1500.0,149041.64,3619.298,22835.625,141623.83,30150.875,-15.899696,5752.8193,66916.04,4818.866
944,1998-08-19,320.83148,331.09778,323.7654,322.94614,272.39066,345.15958,329.1577,293.28375,302.44052,304.98398,251.63167,320.84042,329.41016,326.4942,342.13022,329.99176,323.7356,321.59637,321.37897,306.96423,274.3044,300.06198,292.9814,295.49658,297.53757,335.02628,-129788.6,8606.467,3165.6995,-84185.11,3100.0,1500.0,148991.06,3621.5864,22939.55,142046.1,30149.586,-15.896866,5704.364,66919.04,4819.115
945,1998-08-26,320.8484,331.10376,323.77127,322.9522,272.39096,345.17157,329.16425,293.4813,302.4424,304.98596,251.63168,320.8437,329.4172,326.50635,342.1304,329.99826,323.74057,321.61212,321.38785,306.97107,274.3044,300.06244,292.9812,295.49963,297.53943,335.02628,-129968.664,8588.163,3152.8162,-84194.98,3100.0,1500.0,148962.89,3623.933,22977.145,142254.16,30138.74,-16.018211,5634.694,66933.39,4820.0137
946,1998-09-02,320.83865,331.1018,323.76923,322.95032,272.39127,345.17426,329.17087,293.57495,302.444,304.98492,251.63173,320.84656,329.37793,326.48706,342.13058,330.0004,323.74557,321.599,321.35928,306.9328,274.3044,300.0629,292.98105,295.49963,297.54138,335.02628,-129691.1,8777.451,3146.6624,-84207.97,3100.0,1500.0,149198.86,3626.3992,22800.746,141268.9,30128.217,-16.103653,5608.6885,66942.625,4819.9443
947,1998-09-09,320.83698,331.09845,323.764,322.94592,272.39157,345.18475,329.17752,293.53705,302.44543,304.98572,251.6317,320.8465,329.38617,326.48962,342.13052,329.9971,323.74557,321.5977,321.37814,306.95392,274.3044,300.06332,292.98096,295.5024,297.54303,335.02628,-129805.38,8664.026,3141.0896,-84216.44,3100.0,1500.0,149090.88,3628.8289,22866.754,141837.16,30127.543,-16.150955,5649.407,66947.21,4823.0684
948,1998-09-16,320.8425,331.0996,323.76495,322.94733,272.39188,345.19626,329.1843,293.38956,302.44693,304.9871,251.63167,320.84778,329.38248,326.49356,342.13043,329.99655,323.748,321.60583,321.37772,306.95557,274.3044,300.06384,292.98087,295.49982,297.54468,335.02628,-129833.78,8672.445,3142.1326,-84219.69,3100.0,1500.0,149108.64,3631.2285,22884.531,141801.69,30132.475,-16.123062,5709.3086,66944.93,4825.388
949,1998-09-23,320.85382,331.104,323.76627,322.9495,272.39218,345.2058,329.191,293.41092,302.44846,304.98853,251.63164,320.84927,329.38452,326.50436,342.13046,330.00095,323.75128,321.6189,321.39035,306.96976,274.3044,300.06436,292.98083,295.49863,297.5459,335.02628,-129987.68,8613.081,3142.5984,-84217.01,3100.0,1500.0,149062.66,3633.6616,22952.244,142143.06,30137.148,-16.109108,5660.559,66943.55,4826.7456
950,1998-09-30,320.8394,331.1046,323.76865,322.95187,272.3925,345.21637,329.19766,293.38953,302.4498,304.987,251.63162,320.85156,329.38605,326.5013,342.1306,330.00452,323.75577,321.6181,321.38788,306.92447,274.3044,300.06488,292.98083,295.49808,297.5469,335.02628,-130005.4,8876.037,3141.4377,-84219.53,3100.0,1500.0,149079.8,3636.1704,22795.523,141763.8,30126.629,-16.116966,5715.354,66944.055,4827.793
951,1998-10-07,320.8153,331.096,323.76392,322.94632,272.3928,345.22662,329.20425,293.2582,302.45096,304.98495,251.63159,320.8524,329.35742,326.47464,342.13058,329.99734,323.75854,321.58936,321.3573,306.897,274.3044,300.06534,292.98087,295.49896,297.54758,335.02628,-129647.6,8972.584,3142.83,-84214.63,3100.0,1500.0,149285.83,3638.7002,22627.238,140869.38,30125.92,-16.043564,5738.412,66938.64,4828.7886
952,1998-10-14,320.81595,331.09564,323.75906,322.94208,272.39307,345.23605,329.21085,293.28006,302.4518,304.98663,251.63158,320.85046,329.37048,326.49258,342.1303,329.9935,323.75647,321.5908,321.37518,306.93475,274.3044,300.0659,292.98093,295.49866,297.54816,335.02628,-129749.42,8775.413,3140.2778,-84214.16,3100.0,1500.0,149119.78,3641.0928,22774.564,141615.34,30133.377,-16.04393,5730.381,66940.586,4829.9507
953,1998-10-21,320.79745,331.09457,323.759,322.942,272.3933,345.24475,329.2174,292.91245,302.4524,304.98517,251.63153,320.85043,329.35056,326.48138,342.13028,329.99237,323.75717,321.58408,321.35623,306.88232,274.3044,300.06647,292.98105,295.49622,297.5487,335.02628,-129568.125,9069.281,3146.546,-84211.37,3100.0,1500.0,149274.8,3643.5278,22595.72,140809.11,30131.652,-15.881432,5948.674,66927.88,4831.54
954,1998-10-28,320.7758,331.0898,323.75345,322.93604,272.39352,345.24625,329.22397,292.31717,302.4526,304.98346,251.63147,320.8487,329.3428,326.46768,342.13016,329.98828,323.75507,321.55795,321.345,306.87033,274.30438,300.06702,292.98117,295.48932,297.54868,335.02628,-129378.0,9085.312,3167.5571,-84187.32,3100.0,1500.0,149295.61,3645.9973,22499.408,140557.89,30156.738,-15.485397,6142.684,66896.516,4833.7627
955,1998-11-04,320.7625,331.07013,323.74603,322.92767,272.39374,345.20544,329.23044,292.4021,302.45212,304.98328,251.63138,320.8458,329.32294,326.43448,342.12988,329.97543,323.75067,321.5397,321.32675,306.87234,274.30438,300.06754,292.98135,295.48367,297.54785,335.02628,-129071.34,9043.559,3178.7021,-84160.09,3100.0,1500.0,149533.5,3648.3875,22491.191,140095.83,30172.465,-15.270294,5979.181,66883.62,4836.298
956,1998-11-11,320.7876,331.06888,323.74304,322.9254,272.3939,345.1412,329.23666,292.86118,302.4505,304.9871,251.63129,320.8421,329.3498,326.46957,342.12912,329.9664,323.74454,321.56165,321.3551,306.9344,274.30438,300.06808,292.98154,295.48865,297.5467,335.02628,-129299.69,8732.774,3164.3079,-84158.06,3100.0,1500.0,149274.25,3650.6523,22770.566,141258.23,30170.553,-15.348564,5830.2915,66896.97,4838.7104
957,1998-11-18,320.7792,331.07016,323.74527,322.92828,272.39398,345.11563,329.2424,292.4829,302.44794,304.9863,251.6312,320.84204,329.32095,326.45056,342.129,329.96628,323.74448,321.56772,321.34357,306.87616,274.30438,300.06863,292.98175,295.48465,297.5463,335.02628,-129226.305,9079.279,3168.9514,-84162.77,3100.0,1500.0,149500.84,3652.9644,22596.283,140473.1,30167.037,-15.17173,6118.026,66885.43,4840.596
958,1998-11-25,320.76865,331.05545,323.7375,322.92047,272.39404,345.08487,329.24728,291.51886,302.445,304.98508,251.63112,320.8405,329.30112,326.42337,342.12885,329.9589,323.74283,321.55145,321.3323,306.87762,274.30438,300.0691,292.982,295.4725,297.54538,335.02628,-129017.1,9030.141,3204.4766,-84129.984,3100.0,1500.0,149664.14,3655.1694,22557.234,140171.05,30212.51,-14.55526,6476.4146,66833.94,4841.98
959,1998-12-02,320.73544,331.03152,323.72626,322.90762,272.39407,345.05338,329.25113,291.03412,302.4416,304.98126,251.63103,320.83646,329.27808,326.3985,342.1281,329.94092,323.73627,321.51105,321.28415,306.82178,274.30438,300.0695,292.98227,295.46118,297.54333,335.02628,-128391.98,9274.642,3236.983,-84078.24,3100.0,1500.0,149886.47,3657.1465,22306.062,138873.7,30239.89,-13.977089,6552.741,66789.84,4843.146
960,1998-12-09,320.7487,331.02548,323.721,322.9034,272.39404,345.01437,329.25366,291.48773,302.43698,304.98383,251.63095,320.83026,329.30045,326.42618,342.12708,329.92947,323.72528,321.5246,321.32825,306.89987,274.30438,300.06976,292.98257,295.46274,297.5404,335.02628,-128701.336,8868.384,3236.4048,-84043.45,3100.0,1500.0,149685.88,3658.6,22636.428,140450.05,30251.73,-13.806686,6233.388,66786.484,4844.1963
961,1998-12-16,320.74585,331.02658,323.72467,322.90686,272.39395,344.98132,329.25467,291.9172,302.4309,304.98404,251.63086,320.8288,329.29132,326.42902,342.12665,329.91907,323.72275,321.52246,321.30133,306.85233,274.30438,300.07007,292.98288,295.46204,297.53824,335.02628,-128509.54,9115.612,3224.9102,-84049.734,3100.0,1500.0,149786.0,3659.6418,22478.957,139611.53,30235.395,-13.846245,6195.8154,66799.26,4845.2266
962,1998-12-23,320.72394,331.0123,323.71793,322.89948,272.39377,344.96216,329.25394,291.33374,302.424,304.9814,251.63078,320.82562,329.26178,326.39603,342.12637,329.9076,323.71927,321.50763,321.2823,306.83215,274.30438,300.0703,292.9832,295.4548,297.53625,335.02628,-128198.336,9216.351,3246.2715,-84038.52,3100.0,1500.0,150027.03,3660.3027,22402.156,138969.98,30258.154,-13.441444,6500.0796,66767.48,4846.3936
963,1998-12-30,320.68396,330.9962,323.7049,322.88684,272.39355,344.9335,329.2516,290.59378,302.41702,304.9769,251.63068,320.82034,329.2284,326.37695,342.12576,329.89478,323.71268,321.4747,321.26465,306.7769,274.30438,300.07043,292.9835,295.44278,297.5336,335.02628,-127847.9,9473.575,3282.2578,-83997.375,3100.0,1500.0,150192.95,3660.3882,22171.068,138262.9,30287.703,-12.840439,6748.385,66718.45,4847.719
964,1999-01-06,320.72092,330.95938,323.69986,322.8712,272.39328,344.91138,329.24768,290.89474,302.40982,304.9796,251.6316,320.8126,329.31815,326.2604,342.1251,329.858,323.70145,321.49704,321.21054,306.8877,274.30438,300.0704,292.98383,295.4351,297.52985,335.02628,-127041.555,8893.454,3300.484,-83957.84,3100.0,1500.0,149874.89,3659.6892,22636.53,137615.44,30333.715,-12.554115,6394.9023,66699.67,4799.945
965,1999-01-13,320.72223,330.95316,323.6838,322.86316,272.39297,344.93918,329.24225,291.7954,302.40204,304.97836,251.63097,320.80225,329.20602,326.35696,342.12402,329.83838,323.68512,321.49335,321.25858,306.82904,274.3044,300.07028,292.98416,295.4432,297.5264,335.02628,-127379.63,9203.125,3276.918,-83957.12,3100.0,1500.0,150470.89,3658.4856,22438.535,138564.16,30290.207,-12.80146,6141.889,66727.555,4849.4062
966,1999-01-20,320.70642,330.96225,323.6859,322.8655,272.39258,344.9049,329.2352,292.05048,302.39404,304.9771,251.63065,320.79907,329.23944,326.34326,342.12366,329.8406,323.6782,321.48663,321.24332,306.8188,274.3044,300.07013,292.98447,295.4463,297.52414,335.02628,-127276.68,9264.374,3268.3257,-83971.12,3100.0,1500.0,150080.9,3656.7598,22405.822,138200.19,30277.346,-12.905731,6078.1934,66739.02,4850.105
967,1999-01-27,320.63025,330.95773,323.6758,322.85455,272.39218,344.85144,329.22653,292.19275,302.38693,304.9691,251.63054,320.7945,329.16904,326.2958,342.12384,329.83322,323.6699,321.41635,321.19135,306.68793,274.3044,300.06992,292.98477,295.44397,297.5225,335.02628,-126610.73,9878.986,3271.3452,-83981.75,3100.0,1500.0,150517.33,3654.6243,21825.775,136192.4,30254.852,-12.997139,6053.373,66743.47,4850.0215
968,1999-02-03,320.57172,330.93982,323.65567,322.83542,272.39178,344.79996,329.21634,292.20557,302.38132,304.9651,251.63048,320.78528,329.13193,326.27658,342.12366,329.8212,323.65176,321.359,321.18283,306.6962,274.3044,300.06952,292.98508,295.44058,297.52017,335.02628,-126233.28,9759.257,3283.8828,-83981.42,3100.0,1500.0,150674.69,3651.7837,21777.797,136137.25,30270.527,-13.011772,6056.6187,66736.836,4849.459
969,1999-02-10,320.53708,330.92627,323.64713,322.82742,272.3914,344.76382,329.20496,292.20523,302.37735,304.96335,251.63042,320.77658,329.1402,326.28745,342.12292,329.81024,323.6315,321.3367,321.18417,306.68668,274.3044,300.069,292.98535,295.4388,297.51733,335.02628,-126124.484,9797.165,3293.2861,-83975.484,3100.0,1500.0,150618.88,3648.2478,21760.373,136319.84,30275.209,-13.029655,6060.2393,66729.9,4848.655
970,1999-02-17,320.59494,330.9395,323.65842,322.8388,272.39105,344.74915,329.1928,292.31683,302.37476,304.97064,251.63037,320.77182,329.21936,326.34683,342.12234,329.81683,323.61746,321.38815,321.2412,306.83466,274.3044,300.06845,292.9856,295.4419,297.51443,335.02628,-126791.98,9043.406,3291.7764,-83970.28,3100.0,1500.0,150102.64,3644.048,22392.791,138719.38,30300.254,-13.117104,5995.809,66730.86,4847.7524
971,1999-02-24,320.58145,330.94583,323.6687,322.84732,272.39075,344.7385,329.18008,292.4268,302.37323,304.9675,251.63034,320.77298,329.18542,326.31552,342.12262,329.8266,323.6169,321.3714,321.18994,306.71457,274.3044,300.06793,292.9858,295.44055,297.51257,335.02628,-126424.18,9667.399,3290.6157,-83975.31,3100.0,1500.0,150498.81,3639.8018,21952.938,136703.38,30273.674,-13.243446,5982.8794,66735.83,4846.884
972,1999-03-03,320.53525,330.93762,323.66144,322.83902,272.39044,344.7301,329.1672,292.3781,302.3726,304.9619,251.63031,320.76917,329.18698,326.30765,342.12265,329.82162,323.61066,321.3239,321.18207,306.6915,274.3044,300.06735,292.986,295.43805,297.51062,335.02628,-126218.65,9729.378,3302.8062,-83973.414,3100.0,1500.0,150464.77,3635.4963,21795.0,136570.45,30279.385,-13.251915,6005.3696,66728.71,4846.0933
973,1999-03-10,320.52914,330.93243,323.6596,322.83698,272.39014,344.7548,329.1543,292.41028,302.37265,304.96207,251.63028,320.7652,329.19363,326.30426,342.1224,329.81717,323.6016,321.32065,321.1915,306.73352,274.3044,300.06665,292.98615,295.43625,297.5083,335.02628,-126254.41,9499.952,3311.5125,-83967.36,3100.0,1500.0,150436.11,3630.8066,21963.98,137059.42,30294.154,-13.279686,5976.081,66723.64,4845.2793
974,1999-03-17,320.57895,330.94455,323.66702,322.8455,272.3899,344.76425,329.14166,292.43616,302.37317,304.96686,251.63025,320.7638,329.2358,326.34576,342.12234,329.8233,323.59686,321.36957,321.2371,306.82242,274.3044,300.06595,292.98624,295.43945,297.5061,335.02628,-126799.49,9080.278,3310.2356,-83964.73,3100.0,1500.0,150108.11,3625.9414,22380.793,138679.33,30305.021,-13.349403,5988.6143,66724.09,4844.324
975,1999-03-24,320.58426,330.95605,323.67996,322.85895,272.38965,344.7322,329.12958,292.48822,302.37396,304.9662,251.63025,320.7673,329.24408,326.35974,342.12286,329.8316,323.6011,321.36588,321.2404,306.76688,274.30444,300.0653,292.9863,295.4379,297.5048,335.02628,-127040.445,9343.428,3312.4424,-83964.68,3100.0,1500.0,150138.73,3621.3142,22155.639,138434.1,30293.184,-13.412109,5941.303,66725.3,4843.0825
976,1999-03-31,320.5951,330.95486,323.6844,322.8622,272.3894,344.69952,329.1183,292.68985,302.375,304.9666,251.63026,320.77026,329.25043,326.3446,342.12326,329.8352,323.60455,321.36383,321.23636,306.8128,274.30444,300.06467,292.98633,295.43698,297.5036,335.02628,-127052.24,9084.584,3314.8804,-83967.59,3100.0,1500.0,150166.81,3616.8887,22301.389,138543.14,30304.32,-13.527489,5860.957,66729.43,4840.8794
977,1999-04-07,320.62018,330.95642,323.68536,322.86237,272.38916,344.71774,329.1079,292.86978,302.37622,304.96753,251.63033,320.77155,329.2617,326.33954,342.1233,329.83398,323.60648,321.39124,321.2416,306.8385,274.30444,300.064,292.98633,295.43887,297.5026,335.02628,-127102.87,8997.15,3311.9775,-83973.125,3100.0,1500.0,150114.94,3612.6484,22456.012,138718.77,30301.635,-13.675972,5799.557,66736.1,4837.3936
978,1999-04-14,320.63992,330.96497,323.68854,322.86655,272.38895,344.7889,329.0986,292.96765,302.37778,304.96732,251.63042,320.77295,329.26767,326.36566,342.12344,329.84088,323.6097,321.41168,321.25598,306.84076,274.30444,300.0634,292.98627,295.4447,297.50214,335.02628,-127308.49,9012.03,3303.8516,-83982.49,3100.0,1500.0,150032.97,3608.7544,22489.232,139080.8,30286.518,-13.852531,5786.73,66746.44,4833.3926
979,1999-04-21,320.65152,330.98303,323.69742,322.87585,272.38876,344.80762,329.0907,292.82492,302.37973,304.96674,251.63052,320.77603,329.29514,326.38776,342.1239,329.857,323.6158,321.43564,321.27664,306.8436,274.30444,300.06277,292.98618,295.44504,297.50238,335.02628,-127637.93,9048.405,3304.665,-83992.18,3100.0,1500.0,149775.95,3605.241,22538.229,139559.69,30281.967,-13.931908,5883.98,66748.7,4829.743
980,1999-04-28,320.68277,331.00198,323.70847,322.88745,272.38858,344.80853,329.08444,292.872,302.3822,304.96848,251.63063,320.78104,329.31387,326.40692,342.12476,329.8767,323.62457,321.46307,321.29843,306.8843,274.30444,300.06216,292.98605,295.44418,297.50272,335.02628,-128018.555,8847.814,3307.7969,-83991.555,3100.0,1500.0,149656.78,3602.1294,22696.412,140245.94,30290.152,-13.9880295,5786.254,66749.25,4826.9365
981,1999-05-05,320.71548,331.01727,323.71765,322.89706,272.38846,344.85382,329.07983,293.24988,302.3849,304.97037,251.63074,320.78708,329.3253,326.42398,342.12564,329.8925,323.6369,321.48776,321.3101,306.9066,274.30444,300.06158,292.98587,295.4482,297.5032,335.02628,-128282.055,8750.152,3296.653,-84003.59,3100.0,1500.0,149584.48,3599.56,22792.518,140568.33,30278.867,-14.247261,5656.766,66767.86,4824.338
982,1999-05-12,320.7069,331.02,323.7201,322.8987,272.38834,344.91748,329.07675,293.43823,302.38773,304.9677,251.63084,320.79224,329.31024,326.4011,342.1263,329.90128,323.64923,321.47598,321.28598,306.85294,274.30444,300.061,292.98566,295.4536,297.5043,335.02628,-128101.82,9026.333,3285.1611,-84021.75,3100.0,1500.0,149722.38,3597.713,22558.574,139610.53,30252.037,-14.489738,5609.6377,66784.88,4822.009
983,1999-05-19,320.71008,331.02698,323.72003,322.89905,272.38824,344.96408,329.07526,293.37546,302.39093,304.96747,251.63095,320.79425,329.33014,326.42365,342.12656,329.90897,323.6545,321.48468,321.30746,306.88342,274.30444,300.06046,292.98544,295.45822,297.50574,335.02628,-128313.984,8888.955,3277.8484,-84039.195,3100.0,1500.0,149512.36,3596.383,22673.447,140348.0,30246.379,-14.659546,5684.739,66795.31,4820.376
984,1999-05-26,320.73285,331.03906,323.72827,322.90814,272.3882,345.00333,329.07535,293.26123,302.39462,304.9696,251.63103,320.79837,329.34448,326.4414,342.12698,329.92285,323.66098,321.50607,321.32724,306.90646,274.30444,300.05994,292.98517,295.46112,297.50745,335.02628,-128638.586,8783.873,3273.6685,-84047.72,3100.0,1500.0,149440.2,3595.5022,22770.346,140893.27,30243.383,-14.754181,5704.799,66800.68,4819.7705
985,1999-06-02,320.75897,331.0524,323.73676,322.917,272.3882,345.02805,329.0769,293.39407,302.39868,304.9718,251.63109,320.80386,329.36017,326.45764,342.12747,329.93683,323.67117,321.52765,321.33984,306.92844,274.30444,300.05954,292.9849,295.4653,297.5094,335.02628,-128901.47,8685.249,3262.059,-84059.016,3100.0,1500.0,149309.73,3595.215,22862.83,141271.28,30233.963,-14.936607,5636.342,66815.41,4819.728
986,1999-06-09,320.75064,331.0528,323.7399,322.91916,272.38824,345.04813,329.07977,293.55298,302.40286,304.97015,251.63115,320.809,329.34952,326.4334,342.12802,329.94116,323.6824,321.5193,321.3202,306.8815,274.30444,300.05933,292.9846,295.46884,297.51166,335.02628,-128760.93,8928.175,3250.914,-84076.59,3100.0,1500.0,149448.19,3595.5996,22660.176,140427.44,30211.371,-15.143768,5587.6226,66832.51,4819.7666
987,1999-06-16,320.7558,331.05753,323.73868,322.91876,272.3883,345.0674,329.08377,293.56158,302.4071,304.97092,251.6312,320.81122,329.3556,326.45728,342.12817,329.94424,323.68805,321.52246,321.33563,306.91104,274.30444,300.0592,292.98428,295.47235,297.5139,335.02628,-128914.67,8760.842,3243.1362,-84092.92,3100.0,1500.0,149334.36,3596.4314,22752.78,141041.34,30209.025,-15.293022,5610.6045,66843.74,4819.812
988,1999-06-23,320.75977,331.06625,323.74347,322.924,272.38843,345.0802,329.08868,293.38925,302.41144,304.9715,251.63126,320.81476,329.361,326.4605,342.12845,329.95444,323.6935,321.53296,321.3414,306.8915,274.30444,300.05905,292.98395,295.47632,297.51614,335.02628,-129049.484,8846.274,3236.0552,-84103.74,3100.0,1500.0,149281.28,3597.6523,22701.629,141044.06,30197.486,-15.3624115,5703.1104,66849.2,4819.796
989,1999-06-30,320.78302,331.0756,323.7482,322.92926,272.38858,345.08786,329.0943,293.3702,302.4157,304.97424,251.6313,320.81854,329.37296,326.4766,342.12885,329.9645,323.69962,321.55203,321.35757,306.94168,274.30444,300.05893,292.9836,295.48126,297.51846,335.02628,-129288.15,8643.109,3225.837,-84110.37,3100.0,1500.0,149183.12,3599.2036,22888.553,141628.05,30193.906,-15.446785,5662.2944,66858.93,4819.5957
990,1999-07-07,320.79016,331.07895,323.75217,322.93268,272.38876,345.08994,329.10046,293.56317,302.41983,304.975,251.63136,320.82285,329.37222,326.46585,342.12924,329.96936,323.70822,321.5586,321.3487,306.9216,274.30444,300.05896,292.98328,295.4851,297.5211,335.02628,-129266.26,8765.416,3209.8184,-84127.74,3100.0,1500.0,149223.89,3601.0986,22812.418,141211.31,30174.027,-15.639999,5596.1855,66879.016,4819.181
991,1999-07-14,320.77692,331.07846,323.75046,322.9312,272.38898,345.07587,329.10703,293.6286,302.42368,304.97388,251.63142,320.82526,329.36115,326.4667,342.12943,329.9714,323.7136,321.54614,321.34567,306.89838,274.30444,300.05917,292.98294,295.48642,297.52374,335.02628,-129225.14,8890.108,3202.3875,-84145.67,3100.0,1500.0,149280.31,3603.306,22687.064,140974.53,30162.242,-15.766739,5585.0596,66891.26,4818.6665
992,1999-07-21,320.78058,331.0828,323.75098,322.93198,272.3892,345.082,329.1138,293.38226,302.42734,304.9751,251.63148,320.82697,329.3708,326.47513,342.1295,329.97305,323.71622,321.55286,321.35187,306.92322,274.30444,300.05948,292.9826,295.48642,297.52603,335.02628,-129303.734,8773.722,3202.2722,-84155.945,3100.0,1500.0,149173.19,3605.5933,22781.066,141294.16,30169.773,-15.7569275,5740.99,66889.94,4818.434
993,1999-07-28,320.80563,331.0898,323.75577,322.93744,272.38947,345.0822,329.1206,293.2567,302.43085,304.9783,251.63155,320.82962,329.38266,326.48926,342.1297,329.9808,323.71942,321.57422,321.37097,306.95578,274.30444,300.0598,292.98227,295.4897,297.528,335.02628,-129564.695,8616.193,3198.2097,-84152.23,3100.0,1500.0,149099.02,3607.9082,22920.422,141891.97,30171.35,-15.7187805,5708.012,66889.26,4818.504
994,1999-08-04,320.82623,331.09705,323.7619,322.94385,272.38974,345.09216,329.12738,293.50565,302.43396,304.98083,251.63159,320.83374,329.39258,326.49738,342.12997,329.98965,323.72504,321.59195,321.37958,306.9629,274.30444,300.0602,292.982,295.49484,297.53036,335.02628,-129750.83,8599.124,3179.8638,-84164.44,3100.0,1500.0,149048.69,3610.3188,22960.518,142070.4,30154.14,-15.896645,5621.9585,66909.78,4818.655
995,1999-08-11,320.80756,331.09164,323.76044,322.94153,272.39005,345.1115,329.13406,293.48978,302.43665,304.979,251.63164,320.8371,329.36316,326.46802,342.13025,329.9883,323.73047,321.56857,321.34714,306.90564,274.30444,300.0607,292.9817,295.49426,297.53296,335.02628,-129428.81,8874.612,3173.942,-84180.664,3100.0,1500.0,149279.8,3612.8794,22692.236,140891.6,30141.473,-15.960381,5663.091,66918.18,4818.8184
996,1999-08-18,320.8072,331.09204,323.7572,322.9381,272.39032,345.1301,329.1407,293.28802,302.43906,304.9798,251.63168,320.83688,329.38904,326.48715,342.1301,329.98438,323.72974,321.57098,321.36206,306.94287,274.30444,300.0612,292.98145,295.49423,297.53503,335.02628,-129519.266,8691.363,3175.6846,-84184.69,3100.0,1500.0,149049.52,3615.3535,22829.393,141592.0,30152.422,-15.902481,5752.0845,66914.336,4818.994
997,1999-08-25,320.82733,331.0966,323.7645,322.94513,272.39062,345.14725,329.1473,293.28482,302.44125,304.98264,251.63173,320.83878,329.40924,326.49286,342.13016,329.99026,323.73212,321.5925,321.37726,306.96274,274.30444,300.06168,292.98123,295.49597,297.53677,335.02628,-129753.07,8610.581,3170.691,-84183.63,3100.0,1500.0,148998.45,3617.7,22933.656,142015.81,30151.156,-15.898659,5703.667,66917.28,4819.24
998,1999-09-01,320.8444,331.10263,323.77042,322.95126,272.39093,345.15927,329.154,293.48224,302.44305,304.98465,251.63174,320.84213,329.41632,326.50507,342.13034,329.99683,323.73727,321.6084,321.38623,306.9696,274.30444,300.0621,292.98105,295.49902,297.53864,335.02628,-129934.98,8592.05,3157.6924,-84193.33,3100.0,1500.0,148969.89,3620.1016,22971.576,142225.42,30140.328,-16.019028,5634.03,66931.59,4820.1357
999,1999-09-08,320.8348,331.10074,323.76843,322.94943,272.39124,345.162,329.16077,293.57574,302.44458,304.9836,251.63179,320.8451,329.37717,326.48587,342.13052,329.99908,323.74243,321.59546,321.35776,306.9314,274.30444,300.06253,292.9809,295.499,297.5406,335.02628,-129659.46,8781.258,3151.3054,-84206.29,3100.0,1500.0,149205.7,3622.6208,22795.553,141241.94,30129.818,-16.103508,5608.07,66940.77,4820.0645
1000,1999-09-15,320.83328,331.09747,323.76328,322.9451,272.39154,345.17252,329.16754,293.53775,302.44595,304.98444,251.63176,320.84512,329.3854,326.4885,342.13046,329.99585,323.74258,321.59427,321.37668,306.95255,274.3044,300.06296,292.98077,295.50177,297.54224,335.02628,-129775.195,8667.64,3146.0793,-84214.56,3100.0,1500.0,149097.12,3625.1052,22861.79,141811.33,30129.158,-16.149948,5648.812,66945.33,4823.1855
1001,1999-09-22,320.83896,331.09866,323.76422,322.94653,272.39185,345.18405,329.17435,293.39017,302.4474,304.98584,251.63173,320.84647,329.38174,326.4925,342.1304,329.99536,323.74515,321.60257,321.37634,306.95425,274.3044,300.06348,292.98068,295.4992,297.54388,335.02628,-129805.18,8675.869,3147.3591,-84217.97,3100.0,1500.0,149114.55,3627.5469,22879.828,141777.06,30134.09,-16.121399,5708.739,66943.03,4825.5044
1002,1999-09-29,320.85037,331.10312,323.76556,322.94873,272.39215,345.19363,329.18115,293.41147,302.44885,304.9873,251.6317,320.84805,329.38382,326.50333,342.13043,329.99985,323.74857,321.61575,321.38904,306.96848,274.3044,300.064,292.98065,295.49802,297.5451,335.02628,-129960.445,8616.427,3147.8245,-84215.12,3100.0,1500.0,149068.25,3630.008,22947.795,142119.61,30138.768,-16.106857,5660.0127,66941.63,4826.859
1003,1999-10-06,320.8361,331.10376,323.768,322.95117,272.39243,345.20422,329.188,293.38998,302.45016,304.98578,251.63167,320.8504,329.3854,326.50034,342.13055,330.00345,323.7532,321.6151,321.38663,306.92322,274.3044,300.06448,292.98062,295.49744,297.54608,335.02628,-129979.67,8879.229,3146.198,-84217.76,3100.0,1500.0,149085.1,3632.558,22791.318,141741.45,30128.246,-16.114174,5714.829,66942.12,4827.904
1004,1999-10-13,320.81213,331.0952,323.7633,322.94565,272.39273,345.2145,329.19476,293.2586,302.45126,304.98373,251.63165,320.85126,329.35684,326.47372,342.13052,329.99634,323.75607,321.58646,321.3561,306.8958,274.3044,300.06494,292.98065,295.49832,297.54675,335.02628,-129623.13,8975.657,3147.7063,-84212.66,3100.0,1500.0,149290.95,3635.142,22623.258,140848.11,30127.541,-16.040138,5737.9067,66936.69,4828.8975
1005,1999-10-20,320.81293,331.09488,323.75848,322.94144,272.39297,345.22397,329.2015,293.28043,302.45212,304.98547,251.63162,320.84943,329.3699,326.4917,342.13025,329.99255,323.75412,321.588,321.37405,306.9336,274.3044,300.0655,292.98074,295.49802,297.54733,335.02628,-129726.17,8778.259,3145.5012,-84212.25,3100.0,1500.0,149124.6,3637.5938,22770.799,141595.08,30134.99,-16.040154,5729.8955,66938.62,4830.0586
1006,1999-10-27,320.79453,331.09387,323.75845,322.94138,272.39322,345.2327,329.2082,292.91275,302.45264,304.984,251.63158,320.84943,329.35,326.48053,342.13022,329.99146,323.75494,321.58142,321.35513,306.88123,274.3044,300.06604,292.98083,295.4956,297.54788,335.02628,-129546.09,9072.126,3150.9565,-84209.54,3100.0,1500.0,149279.38,3640.084,22592.16,140789.98,30133.262,-15.877327,5948.2056,66925.91,4831.6455
1007,1999-11-03,320.77298,331.0891,323.7529,322.93546,272.39346,345.23425,329.21484,292.31744,302.45285,304.98233,251.63152,320.84775,329.3423,326.4669,342.13013,329.98743,323.75293,321.5554,321.34396,306.86923,274.3044,300.0666,292.98096,295.4887,297.54785,335.02628,-129357.06,9088.008,3172.5515,-84185.42,3100.0,1500.0,149299.95,3642.599,22496.04,140539.44,30158.344,-15.480858,6142.231,66894.55,4833.8677
1008,1999-11-10,320.75983,331.0695,323.74554,322.92712,272.39365,345.19348,329.22144,292.4023,302.45233,304.98215,251.63144,320.8449,329.32245,326.43375,342.12985,329.97464,323.74863,321.53726,321.32578,306.8713,274.3044,300.06714,292.9811,295.48306,297.54703,335.02628,-129051.28,9046.172,3183.5781,-84158.4,3100.0,1500.0,149537.7,3645.0298,22488.006,140078.22,30174.057,-15.265457,5978.7476,66881.64,4836.4014
1009,1999-11-17,320.785,331.06827,323.74258,322.9249,272.3938,345.12927,329.2278,292.86133,302.45068,304.98596,251.63133,320.84125,329.3493,326.46887,342.1291,329.96564,323.74258,321.55933,321.35416,306.93338,274.3044,300.06766,292.98132,295.48804,297.54587,335.02628,-129280.69,8735.232,3168.9512,-84156.2,3100.0,1500.0,149278.23,3647.338,22767.555,141241.45,30172.135,-15.343452,5829.8745,66894.99,4838.8115
1010,1999-11-24,320.7767,331.06958,323.74484,322.9278,272.3939,345.1037,329.23367,292.48303,302.44806,304.9852,251.63124,320.84122,329.32053,326.4499,342.12897,329.96555,323.7426,321.5655,321.34268,306.8752,274.3044,300.0682,292.98154,295.48407,297.54547,335.02628,-129208.22,9081.661,3173.247,-84160.805,3100.0,1500.0,149504.7,3649.6963,22593.445,140457.08,30168.611,-15.166374,6117.6177,66883.445,4840.6953
1011,1999-12-01,320.76627,331.0549,323.73706,322.92,272.39395,345.07297,329.23868,291.51895,302.44513,304.98398,251.63116,320.83975,329.3007,326.42273,342.1288,329.9582,323.74106,321.54932,321.33145,306.87668,274.3044,300.06863,292.98178,295.47192,297.5446,335.02628,-128999.88,9032.522,3209.3525,-84127.99,3100.0,1500.0,149667.7,3651.9482,22554.555,140155.77,30214.068,-14.549713,6476.018,66831.96,4842.077
1012,1999-12-08,320.73315,331.031,323.72583,322.90717,272.39398,345.0415,329.24265,291.03418,302.4417,304.98022,251.63107,320.83572,329.27768,326.3979,342.12808,329.94028,323.73456,321.50897,321.28333,306.8209,274.3044,300.06903,292.98203,295.4606,297.54254,335.02628,-128375.53,9276.947,3240.9297,-84076.445,3100.0,1500.0,149889.83,3653.9717,22303.527,138859.06,30241.438,-13.971329,6552.36,66787.87,4843.241
1013,1999-12-15,320.7465,331.02496,323.7206,322.90298,272.39395,345.00253,329.24533,291.48776,302.43707,304.9828,251.631,320.82956,329.30005,326.4256,342.12704,329.92883,323.72366,321.52264,321.32745,306.899,274.3044,300.0693,292.9823,295.46216,297.5396,335.02628,-128685.79,8870.424,3240.6978,-84041.35,3100.0,1500.0,149689.1,3655.472,22634.033,140436.06,30253.266,-13.800766,6233.0234,66784.53,4844.2915
1014,1999-12-22,320.7437,331.0261,323.72433,322.90646,272.39386,344.9695,329.24643,291.9172,302.43097,304.983,251.63092,320.82816,329.29095,326.42844,342.12662,329.91846,323.72122,321.52057,321.3006,306.85147,274.3044,300.0696,292.9826,295.46146,297.53748,335.02628,-128494.664,9117.689,3229.2046,-84047.88,3100.0,1500.0,149789.06,3656.5583,22476.703,139598.17,30236.916,-13.840248,6195.4585,66797.3,4845.319
1015,1999-12-29,320.72192,331.01184,323.7176,322.89908,272.39368,344.9504,329.24582,291.3337,302.42407,304.9804,251.63083,320.825,329.26144,326.39548,342.12634,329.90704,323.7178,321.5058,321.2816,306.83133,274.3044,300.06985,292.9829,295.45422,297.5355,335.02628,-128184.04,9218.465,3250.565,-84036.48,3100.0,1500.0,150029.94,3657.2627,22400.027,138957.23,30259.658,-13.435326,6499.732,66765.53,4846.4854
1016,2000-01-05,320.682,330.99573,323.70456,322.88647,272.39343,344.92178,329.24356,290.59375,302.41708,304.9759,251.63072,320.81976,329.22806,326.37646,342.12573,329.89426,323.71127,321.47296,321.26398,306.7761,274.3044,300.06995,292.98322,295.4422,297.5328,335.02628,-127834.31,9475.575,3286.436,-83995.47,3100.0,1500.0,150195.7,3657.3909,22169.1,138250.72,30289.191,-12.8341675,6748.0474,66716.52,4847.8105
1017,2000-01-12,320.6838,330.99426,323.69614,322.88013,272.3932,344.88834,329.2398,290.6966,302.40988,304.97684,251.63063,320.8141,329.2171,326.39105,342.12518,329.88965,323.70203,321.4708,321.28302,306.8318,274.3044,300.06995,292.98355,295.43787,297.5291,335.02628,-127914.914,9160.215,3303.5015,-83949.81,3100.0,1500.0,150091.47,3656.763,22378.225,139086.97,30315.996,-12.495682,6521.4224,66694.41,4848.9873
1018,2000-01-19,320.69095,330.99542,323.69852,322.87955,272.39285,344.85458,329.23456,291.49667,302.402,304.97726,251.63054,320.81082,329.25513,326.36838,342.1252,329.8839,323.69638,321.4813,321.26205,306.82266,274.3044,300.06992,292.98386,295.4407,297.5257,335.02628,-127696.11,9231.844,3288.643,-83944.97,3100.0,1500.0,149874.16,3655.5652,22402.23,138606.42,30297.58,-12.632462,6224.6694,66714.31,4849.6963
1019,2000-01-26,320.62378,330.98553,323.68713,322.8668,272.3925,344.82007,329.2278,291.8968,302.39383,304.9694,251.63046,320.80545,329.1837,326.31693,342.12534,329.869,323.68747,321.41684,321.2075,306.69177,274.3044,300.0698,292.98416,295.43942,297.52307,335.02628,-126972.82,9851.267,3285.9736,-83957.336,3100.0,1500.0,150359.84,3654.0952,21838.56,136542.56,30269.932,-12.724556,6127.7056,66724.36,4849.6865
1020,2000-02-02,320.5699,330.9632,323.66568,322.84616,272.39206,344.78247,329.21942,292.02832,302.38617,304.96555,251.6304,320.79553,329.14478,326.29468,342.125,329.85104,323.66852,321.36246,321.19708,306.69992,274.30444,300.0695,292.98447,295.4369,297.5201,335.02628,-126553.16,9734.571,3295.1426,-83961.24,3100.0,1500.0,150544.44,3651.942,21796.895,136442.1,30282.246,-12.745064,6100.4424,66721.414,4849.1724
1021,2000-02-09,320.5379,330.94598,323.6559,322.83685,272.39166,344.75482,329.20947,292.08957,302.37982,304.96393,251.63036,320.7862,329.15125,326.30298,342.12408,329.83533,323.6474,321.3418,321.19684,306.69025,274.30444,300.06903,292.98477,295.4358,297.5169,335.02628,-126408.44,9775.174,3301.7637,-83958.805,3100.0,1500.0,150507.8,3649.0552,21781.746,136585.38,30284.635,-12.778999,6088.6226,66717.15,4848.4014
1022,2000-02-16,320.59753,330.95627,323.6662,322.84714,272.39124,344.74524,329.19846,292.2364,302.37503,304.97137,251.63031,320.78082,329.22888,326.3603,342.12332,329.83817,323.6325,321.39426,321.25253,306.83807,274.30444,300.06848,292.98502,295.4394,297.51382,335.02628,-127045.77,9023.5625,3298.046,-83956.23,3100.0,1500.0,150009.8,3645.412,22414.775,138952.56,30308.014,-12.887939,6015.4614,66720.11,4847.5234
1023,2000-02-23,320.58517,330.9601,323.67554,322.85468,272.39087,344.73758,329.18665,292.36832,302.37173,304.96835,251.63028,320.78137,329.19373,326.32727,342.12344,329.84476,323.6311,321.378,321.20013,306.71786,274.30444,300.06796,292.98526,295.43845,297.51187,335.02628,-126651.695,9649.56,3294.9111,-83963.266,3100.0,1500.0,150418.6,3641.6316,21974.6,136909.17,30280.162,-13.037453,5997.1836,66726.66,4846.677
1024,2000-03-01,320.5398,330.9499,323.6675,322.84558,272.3905,344.73093,329.17438,292.33414,302.36978,304.96286,251.63025,320.777,329.1942,326.31793,342.12335,329.83722,323.62402,321.3309,321.19128,306.6947,274.30444,300.06738,292.98547,295.43628,297.5099,335.02628,-126423.74,9712.924,3305.9414,-83963.0,3100.0,1500.0,150394.78,3637.6921,21816.178,136753.22,30284.857,-13.069313,6016.1406,66720.8,4845.904
1025,2000-03-08,320.53427,330.94302,323.66504,322.84283,272.39017,344.75665,329.1619,292.37622,302.36896,304.9631,251.63022,320.77252,329.19998,326.31332,342.12302,329.83066,323.61417,321.3278,321.19983,306.7366,274.30444,300.06668,292.98566,295.43475,297.50757,335.02628,-126439.78,9484.879,3313.7195,-83958.37,3100.0,1500.0,150375.0,3633.274,21984.324,137222.25,30298.793,-13.1189575,5984.4536,66716.805,4845.1025
1026,2000-03-15,320.58447,330.95374,323.67188,322.85074,272.38986,344.76672,329.14954,292.4092,302.36893,304.96796,251.6302,320.77063,329.24142,326.3538,342.12286,329.83502,323.60867,321.3768,321.24466,306.82538,274.30444,300.06595,292.9858,295.43817,297.50543,335.02628,-126967.555,9066.437,3310.9329,-83956.87,3100.0,1500.0,150055.4,3628.6016,22400.287,138825.22,30308.96,-13.208336,5995.2837,66718.125,4844.16
1027,2000-03-22,320.59006,330.96408,323.68433,322.86368,272.3896,344.73502,329.13757,292.46643,302.3695,304.96735,251.63019,320.77365,329.24905,326.36688,342.12332,329.84183,323.6122,321.37308,321.2473,306.76974,274.30444,300.06528,292.9859,295.43683,297.50418,335.02628,-127193.22,9330.657,3312.7893,-83957.695,3100.0,1500.0,150091.88,3624.1042,22174.2,138565.31,30296.531,-13.288528,5946.74,66720.1,4842.928
1028,2000-03-29,320.60104,330.9619,323.68832,322.86652,272.3893,344.70255,329.12634,292.672,302.37048,304.96777,251.63022,320.77618,329.25485,326.35098,342.12363,329.84418,323.615,321.37097,321.24268,306.81555,274.30444,300.0646,292.98596,295.4361,297.50302,335.02628,-127191.69,9072.857,3314.5312,-83961.63,3100.0,1500.0,150125.48,3619.7583,22319.041,138661.77,30307.16,-13.4192505,5865.469,66724.89,4840.734
1029,2000-04-05,320.62622,330.96265,323.68893,322.86627,272.38907,344.72092,329.11597,292.85495,302.37177,304.9687,251.63028,320.77707,329.26562,326.34528,342.12366,329.8419,323.61624,321.39825,321.2474,306.84116,274.30447,300.0639,292.98596,295.4381,297.50208,335.02628,-127230.52,8986.154,3311.395,-83967.99,3100.0,1500.0,150078.2,3615.56,22472.762,138826.4,30304.031,-13.581154,5803.36,66732.14,4837.256
1030,2000-04-12,320.646,330.9705,323.69177,322.87006,272.38882,344.79218,329.1066,292.9552,302.37347,304.9685,251.63037,320.7781,329.27124,326.37085,342.12375,329.84793,323.6189,321.41855,321.26132,306.8433,274.30447,300.06326,292.98593,295.4441,297.50168,335.02628,-127425.516,9001.956,3302.9216,-83977.82,3100.0,1500.0,150000.1,3611.6777,22505.107,139178.86,30288.53,-13.769363,5789.9727,66742.984,4833.2627
1031,2000-04-19,320.6576,330.98795,323.70038,322.8791,272.3886,344.81094,329.0986,292.81436,302.37567,304.9679,251.63048,320.78085,329.29837,326.39243,342.12415,329.86325,323.62445,321.44232,321.28156,306.84604,274.30447,300.06265,292.98587,295.44452,297.502,335.02628,-127745.72,9039.022,3303.269,-83987.984,3100.0,1500.0,149746.67,3608.1533,22553.398,139649.34,30283.64,-13.858795,5886.775,66745.695,4829.6177
1032,2000-04-26,320.68878,331.0064,323.71118,322.8904,272.38846,344.81192,329.0922,292.86288,302.37836,304.9696,251.63058,320.78555,329.3168,326.41116,342.125,329.8823,323.6327,321.46954,321.30298,306.88666,274.30447,300.062,292.98575,295.44376,297.5024,335.02628,-128117.88,8839.126,3306.288,-83987.93,3100.0,1500.0,149630.25,3605.0142,22710.77,140328.2,30291.525,-13.923676,5788.6978,66746.65,4826.817
1033,2000-05-03,320.7214,331.02124,323.72015,322.89978,272.3883,344.8572,329.08743,293.24203,302.38132,304.9715,251.63069,320.7913,329.32794,326.42786,342.12585,329.89752,323.64453,321.49405,321.3143,306.90884,274.30447,300.0614,292.9856,295.44788,297.50296,335.02628,-128373.9,8741.927,3294.7964,-84000.234,3100.0,1500.0,149560.47,3602.4038,22806.102,140644.06,30279.979,-14.190598,5658.921,66765.625,4824.2236
1034,2000-05-10,320.71274,331.02356,323.72238,322.9012,272.38818,344.9209,329.08423,293.43146,302.38446,304.9688,251.6308,320.79617,329.31268,326.40466,342.1265,329.90582,323.6564,321.4821,321.2899,306.85513,274.30447,300.0608,292.9854,295.45337,297.50412,335.02628,-128186.78,9018.643,3282.9558,-84018.95,3100.0,1500.0,149700.7,3600.5078,22571.42,139680.5,30252.914,-14.439613,5611.549,66782.97,4821.8994
1035,2000-05-17,320.7158,331.0302,323.72214,322.90137,272.38812,344.9675,329.08255,293.36954,302.38794,304.96854,251.6309,320.79794,329.33237,326.42688,342.12674,329.91306,323.6613,321.4906,321.3111,306.8855,274.30447,300.06027,292.9852,295.45807,297.50558,335.02628,-128393.11,8881.804,3275.643,-84036.836,3100.0,1500.0,149492.55,3599.1223,22685.615,140412.77,30247.049,-14.615349,5686.435,66793.69,4820.2705
1036,2000-05-24,320.73843,331.042,323.73022,322.9103,272.38806,345.00674,329.08246,293.256,302.39188,304.97064,251.63098,320.80182,329.34653,326.4444,342.12714,329.92657,323.66733,321.51178,321.33063,306.90848,274.30447,300.05972,292.98495,295.461,297.50735,335.02628,-128712.12,8777.068,3270.9956,-84045.555,3100.0,1500.0,149422.06,3598.1816,22781.871,140953.39,30243.865,-14.715073,5706.3257,66799.31,4819.669
1037,2000-05-31,320.76443,331.05505,323.73856,322.91898,272.38806,345.0315,329.08383,293.38943,302.39618,304.97284,251.63104,320.8071,329.36203,326.4604,342.12762,329.94022,323.6772,321.53314,321.343,306.93036,274.30447,300.05933,292.98465,295.46524,297.50934,335.02628,-128969.86,8678.867,3260.3174,-84057.29,3100.0,1500.0,149293.28,3597.8325,22873.736,141327.22,30234.283,-14.902084,5637.725,66814.27,4819.631
1038,2000-06-07,320.75595,331.05527,323.74158,322.921,272.38812,345.05157,329.08652,293.5489,302.40057,304.97116,251.6311,320.812,329.35126,326.43594,342.12817,329.94427,323.68808,321.5246,321.32315,306.8834,274.30447,300.0591,292.98438,295.46884,297.51166,335.02628,-128824.68,8922.1,3248.4775,-84075.086,3100.0,1500.0,149432.86,3598.1538,22670.496,140479.61,30211.545,-15.113327,5588.8774,66831.59,4819.674
1039,2000-06-14,320.76096,331.05975,323.74023,322.9205,272.38818,345.0709,329.09036,293.55798,302.40503,304.97186,251.63116,320.81406,329.35718,326.45966,342.1283,329.94708,323.69342,321.5276,321.3384,306.91284,274.30447,300.059,292.98404,295.47238,297.51395,335.02628,-128974.375,8755.036,3240.2334,-84091.65,3100.0,1500.0,149320.3,3598.9214,22762.559,141090.12,30209.072,-15.266136,5611.7466,66843.02,4819.7207
1040,2000-06-21,320.76477,331.0683,323.74493,322.9256,272.3883,345.08365,329.0951,293.38602,302.40955,304.97244,251.63121,320.8174,329.36246,326.4627,342.12857,329.95706,323.69855,321.53787,321.344,306.89325,274.30447,300.05887,292.9837,295.47638,297.51624,335.02628,-129105.375,8840.854,3233.6172,-84102.51,3100.0,1500.0,149268.39,3600.0786,22710.893,141089.83,30197.418,-15.338539,5704.154,66848.66,4819.7075
1041,2000-06-28,320.78787,331.0775,323.74957,322.93076,272.38846,345.09134,329.10052,293.3673,302.414,304.97513,251.63127,320.82104,329.37433,326.47864,342.12894,329.96692,323.7044,321.5568,321.36002,306.94336,274.30447,300.05875,292.98337,295.48135,297.51855,335.02628,-129340.45,8637.878,3223.0515,-84109.4,3100.0,1500.0,149171.14,3601.5674,22897.332,141670.98,30193.734,-15.4257965,5663.254,66858.54,4819.5107
1042,2000-07-05,320.79483,331.08072,323.75345,322.93408,272.38864,345.09344,329.10654,293.56058,302.41827,304.9759,251.63133,320.82516,329.3735,326.46777,342.12933,329.9716,323.71274,321.56317,321.35098,306.92322,274.30447,300.05878,292.98303,295.48523,297.52124,335.02628,-129315.35,8760.573,3207.2644,-84126.914,3100.0,1500.0,149212.97,3603.4014,22820.73,141251.7,30173.766,-15.621544,5597.073,66878.766,4819.0977
1043,2000-07-12,320.78146,331.0801,323.75168,322.93256,272.38885,345.07938,329.11298,293.62625,302.42227,304.97473,251.6314,320.82745,329.36234,326.4685,342.12952,329.97348,323.7179,321.55054,321.34787,306.89993,274.30447,300.059,292.9827,295.48657,297.52393,335.02628,-129271.36,8885.496,3199.8328,-84145.12,3100.0,1500.0,149269.9,3605.5527,22694.94,141012.55,30161.902,-15.750458,5585.8804,66891.13,4818.587
1044,2000-07-19,320.78497,331.08435,323.7521,322.9332,272.3891,345.0855,329.1196,293.38016,302.42606,304.97592,251.63145,320.829,329.37192,326.4768,342.12955,329.97498,323.7203,321.55707,321.3539,306.9247,274.30447,300.0593,292.98236,295.4866,297.5262,335.02628,-129347.07,8769.338,3199.8337,-84155.45,3100.0,1500.0,149163.5,3607.789,22788.533,141330.0,30169.36,-15.742737,5741.748,66889.93,4818.3564
1045,2000-07-26,320.80988,331.09122,323.7568,322.9386,272.38937,345.08572,329.12628,293.25482,302.4297,304.9791,251.63152,320.83157,329.38373,326.4908,342.12976,329.9826,323.72327,321.57828,321.37292,306.9572,274.30447,300.05963,292.98206,295.4899,297.52823,335.02628,-129605.68,8611.928,3195.8872,-84151.875,3100.0,1500.0,149090.27,3610.054,22927.496,141925.92,30170.879,-15.706329,5708.719,66889.35,4818.429
1046,2000-08-02,320.83032,331.0984,323.7629,322.94495,272.38965,345.09573,329.1329,293.50394,302.43292,304.98163,251.63156,320.83557,329.3936,326.49884,342.13007,329.9913,323.7287,321.59583,321.3814,306.9643,274.30447,300.06006,292.98175,295.49506,297.53058,335.02628,-129789.44,8595.163,3177.0786,-84164.27,3100.0,1500.0,149040.6,3612.4146,22967.213,142102.56,30153.613,-15.885719,5622.6196,66909.96,4818.581
1047,2000-08-09,320.8115,331.0929,323.76138,322.94257,272.38995,345.11505,329.13947,293.48822,302.43573,304.97977,251.6316,320.83884,329.36407,326.46942,342.1303,329.98987,323.73395,321.5723,321.34888,306.90698,274.30447,300.06055,292.98148,295.4945,297.5332,335.02628,-129465.234,8870.922,3171.7363,-84180.6,3100.0,1500.0,149271.81,3614.925,22698.574,140921.9,30140.895,-15.951004,5663.709,66918.445,4818.746
1048,2000-08-16,320.81097,331.0932,323.75806,322.93906,272.39026,345.13367,329.14594,293.28662,302.43823,304.98053,251.63165,320.8385,329.38992,326.48846,342.13016,329.98584,323.73303,321.57455,321.36368,306.94415,274.30444,300.06107,292.98123,295.49448,297.53528,335.02628,-129553.7,8687.788,3173.3623,-84184.64,3100.0,1500.0,149042.28,3617.3486,22835.41,141620.78,30151.803,-15.894394,5752.6636,66914.68,4818.923
1049,2000-08-23,320.831,331.0977,323.76535,322.94604,272.39056,345.15082,329.15244,293.28354,302.44046,304.98337,251.6317,320.84033,329.41006,326.49408,342.13022,329.99164,323.73526,321.59595,321.37878,306.96396,274.30444,300.06155,292.98102,295.49625,297.53705,335.02628,-129785.64,8607.082,3168.254,-84183.8,3100.0,1500.0,148991.69,3619.6462,22939.357,142043.16,30150.502,-15.891678,5704.213,66917.69,4819.1714
1050,2000-08-30,320.8479,331.10367,323.7712,322.95212,272.39087,345.16284,329.15903,293.48108,302.44235,304.98535,251.63171,320.84357,329.4171,326.50623,342.1304,329.99814,323.74026,321.61172,321.3877,306.97076,274.30444,300.062,292.98083,295.4993,297.5389,335.02628,-129965.77,8588.743,3155.3699,-84193.586,3100.0,1500.0,148963.45,3622.0022,22976.97,142251.33,30139.64,-16.013031,5634.5454,66932.055,4820.0693
1051,2000-09-06,320.8382,331.1017,323.76917,322.95026,272.39117,345.16556,329.16565,293.5747,302.44394,304.9843,251.63176,320.84647,329.3779,326.48697,342.13058,330.0003,323.74527,321.59863,321.35916,306.93253,274.30444,300.06244,292.98068,295.4993,297.5409,335.02628,-129688.664,8778.222,3148.8665,-84206.59,3100.0,1500.0,149199.55,3624.476,22800.664,141266.55,30129.104,-16.098701,5608.556,66941.305,4819.999
1052,2000-09-13,320.83655,331.0984,323.76398,322.94586,272.39148,345.17612,329.17233,293.5368,302.44537,304.9851,251.63173,320.8464,329.3861,326.48953,342.1305,329.997,323.7453,321.59732,321.37802,306.95367,274.30444,300.06287,292.98056,295.50208,297.54254,335.02628,-129802.82,8664.72,3143.759,-84214.95,3100.0,1500.0,149091.4,3626.9165,22866.635,141834.69,30128.416,-16.145943,5649.272,66945.91,4823.1226
1053,2000-09-20,320.84207,331.09955,323.7649,322.94727,272.39178,345.18762,329.17905,293.38934,302.44687,304.9865,251.6317,320.8477,329.38242,326.49347,342.13043,329.99646,323.74774,321.60547,321.3776,306.95532,274.30444,300.0634,292.98047,295.4995,297.5442,335.02628,-129831.33,8673.062,3144.8035,-84218.195,3100.0,1500.0,149109.12,3629.3167,22884.418,141799.25,30133.328,-16.118118,5709.1743,66943.64,4825.4424
1054,2000-09-27,320.8534,331.1039,323.7662,322.94943,272.3921,345.1972,329.1858,293.4107,302.4484,304.98795,251.63167,320.84918,329.38446,326.50427,342.13046,330.00085,323.751,321.61856,321.39023,306.9695,274.30444,300.06393,292.98044,295.49832,297.54544,335.02628,-129985.195,8613.732,3145.6174,-84215.6,3100.0,1500.0,149063.12,3631.747,22952.14,142140.72,30137.99,-16.104118,5660.4253,66942.28,4826.799
1055,2000-10-04,320.839,331.10455,323.7686,322.9518,272.3924,345.20782,329.1925,293.3893,302.44974,304.98642,251.63165,320.85147,329.386,326.50122,342.13058,330.00443,323.75552,321.6178,321.38776,306.92422,274.30444,300.06445,292.98044,295.49777,297.54645,335.02628,-130003.14,8876.612,3143.6448,-84218.1,3100.0,1500.0,149080.25,3634.2651,22795.434,141761.55,30127.455,-16.112045,5715.2227,66942.805,4827.8447
1056,2000-10-11,320.8149,331.09595,323.7639,322.94626,272.39267,345.2181,329.19916,293.258,302.45087,304.98434,251.63162,320.8523,329.3574,326.47458,342.13058,329.99725,323.7583,321.58905,321.35718,306.89676,274.30444,300.0649,292.98047,295.49866,297.54712,335.02628,-129645.35,8973.196,3145.6165,-84213.21,3100.0,1500.0,149286.28,3636.8096,22627.156,140867.22,30126.736,-16.038826,5738.2827,66937.41,4828.84
1057,2000-10-18,320.81558,331.09558,323.759,322.94202,272.39294,345.22757,329.20578,293.27988,302.45175,304.98605,251.63159,320.8504,329.37042,326.4925,342.1303,329.9934,323.75626,321.59048,321.3751,306.9345,274.30444,300.06546,292.98053,295.49835,297.5477,335.02628,-129747.23,8775.875,3142.5986,-84212.83,3100.0,1500.0,149120.2,3639.2185,22774.496,141613.27,30134.176,-16.039268,5730.253,66939.36,4830.002
1058,2000-10-25,320.7971,331.0945,323.75894,322.94193,272.3932,345.2363,329.21237,292.91226,302.45233,304.9846,251.63156,320.85034,329.3505,326.4813,342.13028,329.99228,323.75696,321.5838,321.3561,306.8821,274.3044,300.06604,292.98065,295.4959,297.54825,335.02628,-129566.17,9069.706,3148.984,-84210.03,3100.0,1500.0,149275.19,3641.667,22595.662,140807.11,30132.44,-15.876801,5948.549,66926.67,4831.591
1059,2000-11-01,320.77545,331.08975,323.7534,322.93597,272.39343,345.23782,329.21893,292.317,302.45255,304.98288,251.63148,320.8486,329.34277,326.4676,342.13016,329.98822,323.75485,321.55765,321.3449,306.8701,274.3044,300.0666,292.98077,295.48904,297.54825,335.02628,-129376.13,9085.852,3170.1128,-84186.25,3100.0,1500.0,149296.0,3644.1453,22499.36,140555.97,30157.51,-15.480797,6142.56,66895.32,4833.813
1060,2000-11-08,320.76218,331.07007,323.746,322.92764,272.39362,345.19705,329.22543,292.4019,302.45206,304.9827,251.63141,320.84573,329.3229,326.43442,342.12988,329.97537,323.75046,321.53943,321.32666,306.87213,274.3044,300.06714,292.98096,295.4834,297.54742,335.02628,-129069.414,9044.0205,3181.1406,-84158.89,3100.0,1500.0,149533.89,3646.544,22491.152,140093.97,30173.225,-15.265778,5979.062,66882.44,4836.3467
1061,2000-11-15,320.78726,331.06882,323.743,322.92535,272.3938,345.13287,329.23172,292.86096,302.45044,304.9865,251.63132,320.842,329.34973,326.4695,342.12912,329.9663,323.74432,321.5614,321.355,306.93417,274.3044,300.0677,292.98114,295.48837,297.54626,335.02628,-129297.914,8733.235,3167.0933,-84156.8,3100.0,1500.0,149274.62,3648.8196,22770.535,141256.45,30171.3,-15.344147,5830.1753,66895.81,4838.7593
1062,2000-11-22,320.7789,331.0701,323.74524,322.92825,272.3939,345.1073,329.2375,292.4827,302.44788,304.98572,251.63123,320.84195,329.32092,326.4505,342.129,329.96622,323.7443,321.56747,321.34348,306.87598,274.3044,300.06824,292.98138,295.48438,297.54587,335.02628,-129224.52,9079.778,3170.9246,-84161.53,3100.0,1500.0,149501.2,3651.1448,22596.26,140471.38,30167.771,-15.16732,6117.908,66884.28,4840.6455
1063,2000-11-29,320.76834,331.05542,323.73743,322.92044,272.39395,345.07657,329.24243,291.51865,302.44495,304.9845,251.63113,320.84045,329.30106,326.4233,342.1288,329.95883,323.74265,321.55124,321.3322,306.8774,274.3044,300.0687,292.98163,295.47223,297.54498,335.02628,-129015.42,9030.602,3207.3774,-84128.91,3100.0,1500.0,149664.45,3653.364,22557.22,140169.42,30213.23,-14.550919,6476.299,66832.805,4842.0283
1064,2000-12-06,320.73517,331.0315,323.7262,322.90756,272.39398,345.04507,329.2463,291.0339,302.44153,304.9807,251.63106,320.8364,329.27805,326.39844,342.1281,329.94086,323.73608,321.5108,321.28406,306.8216,274.3044,300.0691,292.98187,295.4609,297.54294,335.02628,-128390.36,9275.141,3239.1885,-84077.13,3100.0,1500.0,149886.8,3655.3555,22306.055,138872.12,30240.6,-13.972908,6552.628,66788.72,4843.1934
1065,2000-12-13,320.7484,331.02542,323.72095,322.90338,272.39395,345.0061,329.24887,291.48755,302.43692,304.98328,251.63098,320.8302,329.3004,326.42612,342.12708,329.9294,323.72513,321.52438,321.32816,306.8997,274.3044,300.06937,292.98218,295.46246,297.54,335.02628,-128699.88,8868.959,3238.8408,-84042.38,3100.0,1500.0,149686.17,3656.8232,22636.428,140448.5,30252.43,-13.802513,6233.2793,66785.39,4844.243
1066,2000-12-20,320.74557,331.02652,323.72464,322.90683,272.39386,344.97308,329.2499,291.917,302.43082,304.9835,251.63089,320.82877,329.2913,326.42896,342.12665,329.919,323.7226,321.52225,321.30124,306.85214,274.3044,300.0697,292.98248,295.46176,297.53784,335.02628,-128508.12,9115.997,3226.8833,-84048.54,3100.0,1500.0,149786.31,3657.879,22478.967,139610.06,30236.078,-13.842125,6195.7085,66798.164,4845.2725
1067,2000-12-27,320.7237,331.01224,323.7179,322.89944,272.39368,344.95398,329.24924,291.33356,302.42395,304.98087,251.6308,320.8256,329.26175,326.39597,342.12637,329.90756,323.71912,321.50742,321.2822,306.83197,274.3044,300.06995,292.9828,295.45453,297.5359,335.02628,-128196.84,9216.889,3248.3628,-84037.41,3100.0,1500.0,150027.31,3658.5542,22402.168,138968.56,30258.826,-13.4374695,6499.974,66766.4,4846.44
1068,2001-01-03,320.68372,330.99612,323.70486,322.8868,272.39346,344.92532,329.24692,290.5936,302.41696,304.97635,251.6307,320.82028,329.22836,326.37692,342.12576,329.89474,323.71252,321.4745,321.2646,306.7767,274.3044,300.07004,292.98312,295.4425,297.5332,335.02628,-127846.48,9473.998,3284.5786,-83996.23,3100.0,1500.0,150193.25,3658.6533,22171.096,138261.56,30288.365,-12.836502,6748.279,66717.4,4847.7656
1069,2001-01-10,320.68546,330.99463,323.69644,322.88046,272.3932,344.8919,329.24304,290.69647,302.4098,304.97726,251.6306,320.8146,329.2174,326.39148,342.12518,329.89014,323.70322,321.47226,321.2836,306.83237,274.3044,300.07004,292.98343,295.43817,297.5295,335.02628,-127926.49,9158.867,3301.6455,-83950.4,3100.0,1500.0,150089.1,3657.9976,22380.148,139097.31,30315.174,-12.498016,6521.6465,66695.266,4848.943
1070,2001-01-17,320.6925,330.99576,323.6988,322.87985,272.39288,344.85815,329.23773,291.49655,302.40195,304.9777,251.63051,320.81128,329.2554,326.36877,342.12524,329.88434,323.6975,321.4827,321.2626,306.82324,274.3044,300.07004,292.98376,295.441,297.5261,335.02628,-127707.05,9230.498,3286.5527,-83945.81,3100.0,1500.0,149871.89,3656.7693,22404.047,138616.31,30296.766,-12.634972,6224.884,66715.195,4849.6514
1071,2001-01-24,320.62534,330.98587,323.6874,322.8671,272.3925,344.8236,329.2309,291.89655,302.39374,304.96985,251.63043,320.80594,329.184,326.31735,342.12537,329.86942,323.68857,321.41827,321.20804,306.69235,274.30444,300.06992,292.9841,295.43973,297.52344,335.02628,-126983.93,9849.882,3284.1157,-83958.02,3100.0,1500.0,150357.67,3655.2698,21840.441,136552.64,30269.12,-12.727211,6127.9404,66725.23,4849.644
1072,2001-01-31,320.57135,330.9635,323.66595,322.84644,272.3921,344.78604,329.22244,292.0282,302.3861,304.96594,251.63037,320.796,329.14505,326.29507,342.125,329.85147,323.66956,321.3638,321.1976,306.70047,274.30444,300.0696,292.9844,295.4372,297.5205,335.02628,-126563.43,9733.338,3293.2861,-83961.875,3100.0,1500.0,150542.39,3653.0872,21798.57,136451.39,30281.436,-12.747803,6100.664,66722.305,4849.1294
1073,2001-02-07,320.53934,330.9463,323.65616,322.83713,272.39166,344.75836,329.2124,292.08948,302.37976,304.96432,251.63033,320.78662,329.1515,326.30334,342.12408,329.83572,323.6484,321.34305,321.19733,306.69077,274.30444,300.06915,292.98468,295.4361,297.5173,335.02628,-126418.266,9773.791,3299.9043,-83959.46,3100.0,1500.0,150505.8,3650.173,21783.31,136594.19,30283.83,-12.781746,6088.831,66718.02,4848.3613
1074,2001-02-14,320.5989,330.95654,323.6664,322.8474,272.39127,344.74875,329.2013,292.23633,302.37497,304.97177,251.6303,320.78122,329.22913,326.36063,342.12335,329.83853,323.63345,321.39545,321.253,306.8386,274.30444,300.06863,292.98495,295.43967,297.5142,335.02628,-127055.055,9022.372,3296.0732,-83957.055,3100.0,1500.0,150007.89,3646.5005,22416.246,138960.94,30307.217,-12.890778,6015.6616,66720.984,4847.4834
1075,2001-02-21,320.5865,330.9604,323.67575,322.85492,272.39087,344.74106,329.18945,292.36826,302.3717,304.96872,251.63026,320.78174,329.19394,326.3276,342.12347,329.84512,323.63202,321.37915,321.20056,306.71835,274.30444,300.0681,292.98523,295.43872,297.51227,335.02628,-126660.54,9648.329,3293.2861,-83964.04,3100.0,1500.0,150416.8,3642.6907,21975.984,136917.19,30279.375,-13.040474,5997.377,66727.516,4846.6367
1076,2001-02-28,320.54105,330.95016,323.66772,322.84583,272.3905,344.7344,329.17712,292.3341,302.36975,304.96326,251.63023,320.77734,329.19443,326.31827,342.12335,329.83755,323.6249,321.332,321.1917,306.6952,274.30444,300.06754,292.98544,295.43655,297.51028,335.02628,-126432.19,9711.693,3304.1997,-83963.88,3100.0,1500.0,150393.06,3638.7283,21817.48,136760.86,30284.074,-13.072281,6016.325,66721.68,4845.8647
1077,2001-03-07,320.5355,330.94327,323.66522,322.84305,272.3902,344.7601,329.1646,292.37622,302.36893,304.96347,251.6302,320.77286,329.2002,326.31363,342.12302,329.83096,323.61502,321.32886,321.20023,306.73706,274.30444,300.06683,292.98563,295.43503,297.50797,335.02628,-126447.81,9483.805,3312.095,-83959.14,3100.0,1500.0,150373.36,3634.29,21985.56,137229.55,30298.018,-13.121979,5984.6323,66717.67,4845.065
1078,2001-03-14,320.58563,330.95398,323.67206,322.85095,272.3899,344.77017,329.1522,292.4092,302.36893,304.96832,251.63019,320.77094,329.2416,326.35406,342.1229,329.83533,323.60947,321.3778,321.24506,306.8258,274.30444,300.0661,292.98578,295.43845,297.5058,335.02628,-126975.16,9065.436,3309.5388,-83957.73,3100.0,1500.0,150053.83,3629.5981,22401.451,138832.16,30308.195,-13.211449,5995.4575,66718.98,4844.1226
1079,2001-03-21,320.59116,330.96432,323.6845,322.8639,272.3896,344.73843,329.1402,292.46643,302.36948,304.96768,251.63017,320.77396,329.24924,326.36716,342.12332,329.84213,323.61298,321.37405,321.24768,306.77017,274.30444,300.06543,292.98587,295.4371,297.50455,335.02628,-127200.47,9329.739,3311.1653,-83958.64,3100.0,1500.0,150090.39,3625.0823,22175.291,138571.95,30295.775,-13.291595,5946.909,66720.96,4842.8916
1080,2001-03-28,320.6021,330.96213,323.68848,322.8667,272.38934,344.70593,329.1289,292.672,302.37045,304.9681,251.63019,320.7765,329.255,326.35126,342.12366,329.84445,323.61572,321.3719,321.243,306.81595,274.30444,300.06476,292.98593,295.43637,297.50342,335.02628,-127198.51,9071.741,3313.1377,-83962.55,3100.0,1500.0,150124.06,3620.72,22320.072,138668.11,30306.414,-13.422462,5865.634,66725.74,4840.6963
1081,2001-04-04,320.62723,330.96286,323.6891,322.86646,272.38907,344.7243,329.1185,292.85498,302.37177,304.96902,251.63026,320.77737,329.2658,326.34552,342.12366,329.84216,323.61694,321.39914,321.24774,306.84155,274.30447,300.0641,292.98596,295.4384,297.50247,335.02628,-127237.1,8985.307,3310.1196,-83968.71,3100.0,1500.0,150076.86,3616.5054,22473.73,138832.48,30303.293,-13.584251,5803.5186,66732.984,4837.219
1082,2001-04-11,320.64697,330.97067,323.69193,322.87024,272.38885,344.79556,329.1091,292.95523,302.37347,304.9688,251.63036,320.77838,329.2714,326.37106,342.12375,329.84818,323.61957,321.4194,321.26163,306.8437,274.30447,300.06345,292.98593,295.44434,297.50208,335.02628,-127431.83,9001.148,3301.4128,-83978.63,3100.0,1500.0,149998.8,3612.609,22506.018,139184.66,30287.799,-13.772507,5790.128,66743.83,4833.2266
1083,2001-04-18,320.6585,330.98813,323.70053,322.87924,272.38864,344.8143,329.10104,292.81442,302.37567,304.96823,251.63046,320.7811,329.2985,326.39267,342.12418,329.8635,323.6251,321.4431,321.28183,306.8464,274.30447,300.06284,292.98587,295.4448,297.50238,335.02628,-127751.664,9038.136,3301.645,-83988.84,3100.0,1500.0,149745.44,3609.0708,22554.271,139654.89,30282.916,-13.86187,5886.9263,66746.53,4829.583
1084,2001-04-25,320.68967,331.0066,323.7113,322.89056,272.3885,344.81525,329.09464,292.86295,302.3784,304.9699,251.63057,320.78577,329.31693,326.41138,342.12503,329.88254,323.6333,321.47034,321.30328,306.887,274.30447,300.0622,292.98578,295.44403,297.50278,335.02628,-128123.57,8838.202,3305.1274,-83988.81,3100.0,1500.0,149629.06,3605.9185,22711.59,140333.52,30290.814,-13.926765,5788.845,66747.49,4826.783
1085,2001-05-02,320.72226,331.0214,323.72028,322.89993,272.38834,344.86053,329.08984,293.2421,302.38135,304.9718,251.63068,320.79153,329.32806,326.42807,342.1259,329.89774,323.6451,321.4948,321.31458,306.90918,274.30447,300.06158,292.98563,295.44815,297.50333,335.02628,-128379.336,8741.116,3293.4028,-84001.1,3100.0,1500.0,149559.34,3603.2969,22806.87,140649.14,30279.273,-14.193733,5659.063,66766.445,4824.1895
1086,2001-05-09,320.71356,331.0237,323.7225,322.90134,272.3882,344.9242,329.08658,293.43152,302.38446,304.96912,251.63078,320.7964,329.3128,326.40485,342.1265,329.906,323.65695,321.4828,321.29016,306.85547,274.30447,300.061,292.98544,295.4536,297.50446,335.02628,-128192.07,9017.758,3281.68,-84019.945,3100.0,1500.0,149699.61,3601.389,22572.14,139685.39,30252.22,-14.44281,5611.688,66783.78,4821.865
1087,2001-05-16,320.71655,331.03036,323.72226,322.90152,272.38815,344.9708,329.0849,293.3696,302.38794,304.96884,251.63089,320.79816,329.3325,326.42706,342.12674,329.91324,323.6618,321.49127,321.31134,306.88583,274.30447,300.06046,292.98523,295.4583,297.50595,335.02628,-128398.02,8880.959,3274.3647,-84037.48,3100.0,1500.0,149491.52,3599.9924,22686.291,140417.42,30246.363,-14.618523,5686.572,66794.5,4820.237
1088,2001-05-23,320.73917,331.04214,323.73035,322.91043,272.3881,345.01,329.08475,293.25607,302.39188,304.97095,251.63097,320.802,329.34665,326.44458,342.12714,329.9268,323.66785,321.51242,321.33084,306.90878,274.30447,300.05994,292.985,295.46124,297.5077,335.02628,-128716.79,8776.414,3269.7227,-84046.336,3100.0,1500.0,149421.06,3599.0415,22782.508,140957.84,30243.191,-14.718315,5706.459,66800.12,4819.637
1089,2001-05-30,320.76514,331.0552,323.73868,322.9191,272.3881,345.03473,329.08612,293.3895,302.39618,304.9731,251.63103,320.80728,329.36215,326.46057,342.12762,329.9404,323.67767,321.53378,321.34323,306.93066,274.30447,300.05954,292.9847,295.4655,297.5097,335.02628,-128974.36,8678.098,3258.5754,-84057.99,3100.0,1500.0,149292.33,3598.682,22874.336,141331.47,30233.613,-14.9051895,5637.8555,66815.08,4819.5977
1090,2001-06-06,320.75662,331.0554,323.7417,322.9211,272.38815,345.0548,329.0888,293.54895,302.4006,304.97144,251.63109,320.81216,329.35135,326.43613,342.12817,329.94443,323.68854,321.52518,321.32336,306.88367,274.30447,300.05933,292.9844,295.4691,297.51202,335.02628,-128829.016,8921.406,3246.968,-84075.664,3100.0,1500.0,149431.94,3598.9932,22671.055,140483.67,30210.885,-15.11644,5589.0054,66832.38,4819.642
1091,2001-06-13,320.7616,331.05988,323.74036,322.9206,272.3882,345.0741,329.0926,293.55804,302.40506,304.97217,251.63115,320.81424,329.3573,326.4598,342.1283,329.94724,323.69385,321.52817,321.33862,306.91312,274.30447,300.0592,292.9841,295.47263,297.51428,335.02628,-128978.48,8754.383,3238.9563,-84092.266,3100.0,1500.0,149319.42,3599.751,22763.086,141094.05,30208.422,-15.269203,5611.8706,66843.8,4819.6895
1092,2001-06-20,320.76538,331.06845,323.74503,322.92572,272.38834,345.08685,329.0973,293.38608,302.40955,304.97272,251.6312,320.81757,329.36255,326.46286,342.12857,329.9572,323.69897,321.53842,321.3442,306.89352,274.30447,300.05905,292.9838,295.47662,297.51657,335.02628,-129109.32,8840.238,3232.1067,-84103.46,3100.0,1500.0,149267.58,3600.8994,22711.385,141093.58,30196.777,-15.341667,5704.2744,66849.43,4819.677
1093,2001-06-27,320.78845,331.07764,323.74966,322.93088,272.3885,345.0945,329.10272,293.3674,302.41403,304.9754,251.63126,320.8212,329.37442,326.4788,342.12894,329.96707,323.70483,321.5573,321.36023,306.94363,274.30447,300.05896,292.98346,295.4816,297.5189,335.02628,-129344.21,8637.38,3221.6584,-84110.27,3100.0,1500.0,149170.36,3602.3787,22897.795,141674.53,30193.105,-15.428864,5663.3716,66859.305,4819.4805
1094,2001-07-04,320.7954,331.0808,323.75354,322.93417,272.38867,345.0966,329.1087,293.56067,302.41827,304.97617,251.63132,320.82532,329.3736,326.46793,342.12933,329.97174,323.71313,321.5637,321.35117,306.92346,274.30447,300.059,292.98312,295.48547,297.52155,335.02628,-129318.97,8760.072,3206.219,-84127.836,3100.0,1500.0,149212.22,3604.205,22821.162,141255.12,30173.148,-15.624596,5597.188,66879.53,4819.0684
1095,2001-07-11,320.782,331.0802,323.75174,322.93265,272.3889,345.08252,329.11514,293.62634,302.42227,304.975,251.63138,320.8276,329.36243,326.46863,342.12952,329.9736,323.71826,321.55103,321.34802,306.90018,274.30447,300.0592,292.9828,295.48682,297.52423,335.02628,-129274.77,8885.033,3198.6716,-84145.81,3100.0,1500.0,149269.19,3606.3506,22695.344,141015.81,30161.287,-15.753532,5585.992,66891.89,4818.5576
1096,2001-07-18,320.7855,331.08444,323.7522,322.9333,272.38913,345.08865,329.12177,293.38025,302.4261,304.9762,251.63144,320.82916,329.372,326.47693,342.12958,329.9751,323.72064,321.55753,321.3541,306.92496,274.30447,300.0595,292.98245,295.48682,297.52655,335.02628,-129350.43,8768.723,3198.4395,-84156.15,3100.0,1500.0,149162.81,3608.5813,22788.914,141333.17,30168.758,-15.745865,5741.8594,66890.68,4818.3267
1097,2001-07-25,320.81036,331.09134,323.7569,322.9387,272.3894,345.08887,329.1284,293.2549,302.4297,304.97937,251.6315,320.8317,329.38382,326.49094,342.12976,329.98273,323.7236,321.5787,321.37308,306.95746,274.30447,300.05984,292.98215,295.4901,297.52856,335.02628,-129608.875,8611.425,3194.4927,-84152.664,3100.0,1500.0,149089.62,3610.8408,22927.852,141928.95,30170.283,-15.709389,5708.8267,66890.09,4818.4004
1098,2001-08-01,320.8308,331.09848,323.76297,322.945,272.38968,345.09885,329.135,293.50403,302.43295,304.9819,251.63155,320.8357,329.39368,326.49896,342.13007,329.99142,323.72903,321.59625,321.38156,306.9645,274.30444,300.06027,292.98187,295.49527,297.53088,335.02628,-129792.516,8594.778,3175.9175,-84165.16,3100.0,1500.0,149040.0,3613.1953,22967.547,142105.47,30153.031,-15.888771,5622.724,66910.695,4818.5527
1099,2001-08-08,320.81195,331.093,323.76144,322.94266,272.38998,345.11816,329.14154,293.48834,302.43573,304.98004,251.63159,320.83896,329.36414,326.4695,342.1303,329.99,323.73425,321.5727,321.349,306.9072,274.30444,300.06076,292.9816,295.49472,297.5335,335.02628,-129468.08,8870.348,3170.4604,-84181.445,3100.0,1500.0,149271.19,3615.6992,22698.885,140924.67,30140.316,-15.954033,5663.8125,66919.164,4818.718
1100,2001-08-15,320.81143,331.0933,323.75815,322.93915,272.3903,345.13678,329.148,293.28674,302.43823,304.9808,251.63164,320.8386,329.38998,326.48856,342.13016,329.98593,323.73334,321.57495,321.36383,306.94437,274.30444,300.06128,292.98132,295.4947,297.53558,335.02628,-129556.55,8687.211,3172.4336,-84185.34,3100.0,1500.0,149041.73,3618.1157,22835.7,141623.44,30151.238,-15.897415,5752.7637,66915.4,4818.8955
1101,2001-08-22,320.83142,331.09775,323.7654,322.94614,272.3906,345.1539,329.1545,293.28363,302.4405,304.9836,251.63168,320.84042,329.41013,326.4942,342.13022,329.99176,323.73557,321.5963,321.37894,306.96417,274.30444,300.06177,292.9811,295.49646,297.53735,335.02628,-129788.37,8606.62,3167.3242,-84184.59,3100.0,1500.0,148991.14,3620.407,22939.625,142045.7,30149.941,-15.89476,5704.31,66918.4,4819.1445
1102,2001-08-29,320.84833,331.10373,323.77127,322.95218,272.3909,345.16592,329.16104,293.48117,302.44238,304.98563,251.6317,320.8437,329.41718,326.50632,342.1304,329.99823,323.74054,321.61206,321.38782,306.97098,274.30444,300.06223,292.98093,295.4995,297.5392,335.02628,-129968.29,8588.358,3154.0935,-84194.3,3100.0,1500.0,148962.94,3622.7568,22977.219,142253.78,30139.09,-16.016075,5634.6416,66932.76,4820.042
1103,2001-09-05,320.8386,331.10178,323.7692,322.95032,272.3912,345.16864,329.1677,293.57486,302.44397,304.98456,251.63174,320.84656,329.37793,326.48703,342.13058,330.0004,323.7455,321.59897,321.35925,306.9327,274.30444,300.06265,292.98077,295.49948,297.5412,335.02628,-129690.66,8777.644,3147.8225,-84207.19,3100.0,1500.0,149198.92,3625.2268,22800.818,141268.56,30128.56,-16.10144,5608.6377,66942.01,4819.9727
1104,2001-09-12,320.8369,331.09845,323.764,322.94592,272.3915,345.17917,329.17435,293.53696,302.4454,304.98535,251.63171,320.8465,329.38617,326.48962,342.13052,329.9971,323.74554,321.59763,321.3781,306.95386,274.30444,300.06308,292.98068,295.50226,297.54285,335.02628,-129805.02,8664.104,3142.5984,-84215.63,3100.0,1500.0,149090.94,3627.6602,22866.828,141836.81,30127.883,-16.148788,5649.357,66946.59,4823.0957
1105,2001-09-19,320.84244,331.0996,323.76492,322.9473,272.3918,345.19067,329.18106,293.38947,302.4469,304.98676,251.63168,320.84775,329.38245,326.49356,342.13043,329.99655,323.74796,321.60577,321.37772,306.9555,274.30444,300.0636,292.9806,295.4997,297.5445,335.02628,-129833.45,8672.676,3143.8752,-84218.92,3100.0,1500.0,149108.69,3630.0566,22884.604,141801.33,30132.803,-16.120949,5709.2593,66944.32,4825.416
1106,2001-09-26,320.85376,331.10397,323.76627,322.9495,272.39212,345.20026,329.1878,293.4108,302.4484,304.98816,251.63165,320.84927,329.3845,326.50436,342.13046,330.00095,323.75125,321.61887,321.39035,306.9697,274.30444,300.06415,292.98056,295.4985,297.54572,335.02628,-129987.29,8613.31,3143.992,-84216.28,3100.0,1500.0,149062.72,3632.4868,22952.316,142142.73,30137.475,-16.10704,5660.5107,66942.96,4826.773
1107,2001-10-03,320.83932,331.1046,323.76865,322.95187,272.39243,345.21085,329.1945,293.3894,302.44977,304.98666,251.63164,320.85156,329.38605,326.5013,342.1306,330.0045,323.75574,321.61807,321.38788,306.92438,274.3044,300.06467,292.98056,295.49796,297.54672,335.02628,-130005.18,8876.266,3142.8313,-84218.734,3100.0,1500.0,149079.86,3635.0,22795.6,141763.47,30126.947,-16.1148,5715.3066,66943.47,4827.82
1108,2001-10-10,320.81525,331.096,323.76392,322.94632,272.39273,345.22113,329.2011,293.2581,302.4509,304.9846,251.6316,320.85236,329.35742,326.47464,342.13058,329.9973,323.7585,321.58932,321.35727,306.8969,274.3044,300.06512,292.9806,295.49884,297.5474,335.02628,-129647.35,8972.889,3144.4548,-84213.836,3100.0,1500.0,149285.89,3637.537,22627.31,140869.1,30126.236,-16.041435,5738.3647,66938.06,4828.8154
1109,2001-10-17,320.8159,331.09564,323.75906,322.94205,272.393,345.23056,329.20773,293.27997,302.45178,304.9863,251.63159,320.85046,329.37048,326.49258,342.1303,329.99347,323.75644,321.59073,321.37518,306.9347,274.3044,300.06567,292.98068,295.49854,297.54797,335.02628,-129749.2,8775.606,3141.6694,-84213.56,3100.0,1500.0,149119.83,3639.9382,22774.637,141615.05,30133.686,-16.042076,5730.3345,66940.016,4829.9775
1110,2001-10-24,320.7974,331.09457,323.759,322.942,272.39325,345.2393,329.2143,292.91235,302.45236,304.9848,251.63155,320.8504,329.35056,326.48135,342.13028,329.99234,323.75714,321.58405,321.3562,306.88226,274.3044,300.06625,292.98077,295.4961,297.54852,335.02628,-129567.97,9069.397,3148.0542,-84210.7,3100.0,1500.0,149274.84,3642.379,22595.793,140808.81,30131.955,-15.879501,5948.629,66927.31,4831.567
1111,2001-10-31,320.77573,331.08978,323.75342,322.936,272.39346,345.2408,329.22086,292.31708,302.45258,304.98312,251.63148,320.8487,329.3428,326.46765,342.13016,329.98828,323.75504,321.5579,321.34497,306.87024,274.3044,300.0668,292.98093,295.4892,297.5485,335.02628,-129377.81,9085.504,3168.9507,-84186.74,3100.0,1500.0,149295.66,3644.852,22499.48,140557.62,30157.037,-15.483543,6142.638,66895.97,4833.789
1112,2001-11-07,320.76245,331.0701,323.74603,322.92767,272.39368,345.20004,329.22733,292.402,302.4521,304.9829,251.6314,320.8458,329.32294,326.43448,342.12988,329.97543,323.75064,321.53967,321.32675,306.87228,274.3044,300.06735,292.98108,295.48355,297.54767,335.02628,-129071.05,9043.75,3179.8633,-84159.57,3100.0,1500.0,149533.55,3647.2456,22491.264,140095.56,30172.756,-15.268379,5979.138,66883.06,4836.323
1113,2001-11-14,320.78754,331.06885,323.74304,322.9254,272.39383,345.13583,329.2336,292.86108,302.45047,304.98672,251.6313,320.84207,329.34976,326.46957,342.12912,329.96637,323.7445,321.5616,321.35507,306.93433,274.3044,300.06787,292.9813,295.48853,297.5465,335.02628,-129299.5,8732.928,3165.9312,-84157.555,3100.0,1500.0,149274.3,3649.516,22770.639,141257.98,30170.838,-15.346733,5830.2505,66896.42,4838.7363
1114,2001-11-21,320.77914,331.07016,323.74527,322.92828,272.39392,345.11026,329.23935,292.48282,302.4479,304.98596,251.63121,320.842,329.32095,326.45056,342.129,329.96625,323.74445,321.5677,321.34357,306.8761,274.3044,300.06842,292.9815,295.48456,297.5461,335.02628,-129226.08,9079.47,3169.9954,-84162.11,3100.0,1500.0,149500.9,3651.835,22596.354,140472.84,30167.32,-15.169884,6117.9824,66884.9,4840.621
1115,2001-11-28,320.7686,331.05545,323.73746,322.92047,272.39398,345.0795,329.24426,291.51877,302.44498,304.98474,251.63112,320.84048,329.3011,326.42337,342.12885,329.9589,323.7428,321.55142,321.3323,306.87756,274.3044,300.0689,292.98178,295.47238,297.54523,335.02628,-129016.81,9030.293,3205.984,-84129.5,3100.0,1500.0,149664.17,3654.0474,22557.303,140170.81,30212.785,-14.553482,6476.3726,66833.41,4842.005
1116,2001-12-05,320.73538,331.03152,323.72626,322.90762,272.394,345.04803,329.2481,291.03403,302.44156,304.98093,251.63104,320.83646,329.27808,326.3985,342.1281,329.94092,323.73624,321.51102,321.28412,306.82172,274.3044,300.06927,292.98203,295.46106,297.54318,335.02628,-128391.75,9274.794,3238.3765,-84077.74,3100.0,1500.0,149886.52,3656.0317,22306.129,138873.47,30240.164,-13.975334,6552.7,66789.305,4843.1704
1117,2001-12-12,320.74866,331.02545,323.72098,322.9034,272.39398,345.00903,329.25067,291.48764,302.43695,304.9835,251.63097,320.83026,329.30045,326.42618,342.12708,329.92944,323.72525,321.52457,321.32822,306.8998,274.3044,300.06958,292.98233,295.46262,297.54022,335.02628,-128701.14,8868.499,3237.3325,-84042.98,3100.0,1500.0,149685.9,3657.4927,22636.498,140449.81,30252.0,-13.805023,6233.349,66785.98,4844.221
1118,2001-12-19,320.7458,331.02658,323.72467,322.90686,272.3939,344.976,329.25168,291.9171,302.43088,304.9837,251.63087,320.8288,329.29132,326.429,342.12665,329.91907,323.72275,321.52243,321.3013,306.85226,274.3044,300.0699,292.98264,295.4619,297.5381,335.02628,-128509.34,9115.766,3225.954,-84049.1,3100.0,1500.0,149786.03,3658.5422,22479.027,139611.3,30235.658,-13.84446,6195.7764,66798.75,4845.2505
1119,2001-12-26,320.7239,331.0123,323.71793,322.89948,272.3937,344.95688,329.251,291.33365,302.42398,304.98108,251.63078,320.82562,329.26178,326.39603,342.12637,329.9076,323.71927,321.5076,321.28226,306.8321,274.3044,300.07013,292.98294,295.45468,297.5361,335.02628,-128198.09,9216.658,3247.433,-84037.875,3100.0,1500.0,150027.08,3659.2107,22402.223,138969.77,30258.408,-13.43972,6500.0396,66766.98,4846.418
1120,2002-01-02,320.68393,330.99615,323.7049,322.88684,272.3935,344.92825,329.24866,290.5937,302.417,304.97656,251.63069,320.82034,329.2284,326.37695,342.12576,329.89478,323.71265,321.47467,321.26465,306.77682,274.3044,300.07025,292.98328,295.44266,297.53345,335.02628,-127847.7,9473.807,3283.5327,-83996.74,3100.0,1500.0,150193.0,3659.3032,22171.135,138262.7,30287.957,-12.838753,6748.346,66717.97,4847.742
1121,2002-01-09,320.68567,330.99466,323.69647,322.8805,272.39322,344.89478,329.24478,290.6966,302.40982,304.97748,251.6306,320.81464,329.21744,326.3915,342.12518,329.89017,323.70334,321.47244,321.28366,306.8325,274.3044,300.07025,292.9836,295.43832,297.52972,335.02628,-127927.516,9158.561,3300.8335,-83950.79,3100.0,1500.0,150088.86,3658.641,22380.193,139098.39,30314.773,-12.50029,6521.71,66695.836,4848.922
1122,2002-01-16,320.6927,330.9958,323.69882,322.87988,272.3929,344.86102,329.23944,291.49667,302.40198,304.9779,251.63051,320.81134,329.2554,326.36884,342.12524,329.8844,323.69763,321.48285,321.26263,306.82336,274.3044,300.07022,292.98392,295.44113,297.5263,335.02628,-127708.13,9230.2295,3285.7402,-83946.414,3100.0,1500.0,149871.67,3657.405,22404.082,138617.36,30296.37,-12.637215,6224.946,66715.76,4849.631
1123,2002-01-23,320.62552,330.9859,323.6874,322.8671,272.39255,344.82648,329.23257,291.89667,302.39377,304.97003,251.63043,320.80597,329.184,326.31738,342.12537,329.86948,323.6887,321.41843,321.20807,306.69247,274.3044,300.0701,292.98425,295.43988,297.52365,335.02628,-126984.98,9849.651,3283.651,-83958.8,3100.0,1500.0,150357.45,3655.896,21840.469,136553.66,30268.734,-12.729393,6128.001,66725.78,4849.623
1124,2002-01-30,320.57153,330.96353,323.66595,322.84647,272.39212,344.78888,329.2241,292.0283,302.38614,304.96616,251.63037,320.79602,329.14508,326.2951,342.125,329.8515,323.66968,321.36392,321.19766,306.70056,274.3044,300.0698,292.98456,295.43735,297.52072,335.02628,-126564.49,9732.994,3292.2412,-83962.58,3100.0,1500.0,150542.19,3653.705,21798.596,136452.34,30281.057,-12.750008,6100.7236,66722.84,4849.1094
1125,2002-02-06,320.5395,330.94632,323.6562,322.83713,272.3917,344.7612,329.21405,292.08957,302.3798,304.96454,251.63033,320.78665,329.15152,326.3034,342.12408,329.83575,323.6485,321.3432,321.1974,306.6909,274.3044,300.06934,292.98486,295.43622,297.5175,335.02628,-126419.25,9773.599,3299.2065,-83960.15,3100.0,1500.0,150505.61,3650.7822,21783.326,136595.12,30283.459,-12.783936,6088.8896,66718.56,4848.341
1126,2002-02-13,320.59906,330.95657,323.66644,322.8474,272.3913,344.7516,329.20288,292.23642,302.375,304.97195,251.63028,320.78125,329.22913,326.36066,342.12335,329.83856,323.63354,321.3956,321.25302,306.83868,274.30444,300.06882,292.98514,295.43982,297.5144,335.02628,-127055.95,9022.026,3295.376,-83957.59,3100.0,1500.0,150007.72,3647.1,22416.264,138961.83,30306.848,-12.892952,6015.719,66721.516,4847.464
1127,2002-02-20,320.58664,330.96042,323.67575,322.85495,272.39093,344.74387,329.191,292.36835,302.3717,304.9689,251.63025,320.7818,329.19397,326.32764,342.12347,329.84515,323.6321,321.37927,321.20062,306.71844,274.30444,300.0683,292.98538,295.43887,297.51248,335.02628,-126661.445,9648.099,3292.706,-83964.55,3100.0,1500.0,150416.62,3643.2803,21975.998,136918.03,30279.012,-13.042564,5997.433,66728.05,4846.6167
1128,2002-02-27,320.5412,330.95016,323.66772,322.84586,272.39056,344.73718,329.17868,292.3342,302.36978,304.96344,251.63022,320.7774,329.19446,326.3183,342.12335,329.8376,323.625,321.33212,321.19174,306.69528,274.30444,300.06772,292.9856,295.43668,297.5105,335.02628,-126433.0,9711.499,3303.2705,-83964.46,3100.0,1500.0,150392.9,3639.3105,21817.49,136761.69,30283.72,-13.074371,6016.3804,66722.195,4845.845
1129,2002-03-06,320.5356,330.9433,323.66525,322.84308,272.39023,344.76288,329.16617,292.3763,302.36896,304.96365,251.63019,320.7729,329.2002,326.31366,342.12302,329.831,323.6151,321.32898,321.2003,306.73715,274.30444,300.06702,292.98578,295.43518,297.50815,335.02628,-126448.51,9483.612,3311.1653,-83959.64,3100.0,1500.0,150373.19,3634.8665,21985.566,137230.33,30297.668,-13.123978,5984.6865,66718.18,4845.045
1130,2002-03-13,320.5858,330.95398,323.6721,322.85095,272.38992,344.77292,329.15372,292.4093,302.36893,304.9685,251.63017,320.77097,329.2416,326.3541,342.1229,329.83536,323.60956,321.37793,321.2451,306.8259,274.30444,300.06628,292.98593,295.43857,297.50598,335.02628,-126975.94,9065.204,3308.61,-83958.32,3100.0,1500.0,150053.69,3630.1692,22401.451,138832.92,30307.852,-13.213409,5995.5103,66719.49,4844.103
1131,2002-03-20,320.59128,330.96436,323.68454,322.8639,272.38965,344.74118,329.14172,292.46652,302.3695,304.96786,251.63017,320.774,329.24924,326.36716,342.12332,329.84216,323.61307,321.37415,321.2477,306.77026,274.30444,300.0656,292.98605,295.43723,297.50473,335.02628,-127201.24,9329.507,3310.235,-83959.086,3100.0,1500.0,150090.25,3625.648,22175.291,138572.69,30295.438,-13.293571,5946.962,66721.45,4842.8726
1132,2002-03-27,320.60223,330.96216,323.6885,322.8667,272.38937,344.70868,329.13043,292.6721,302.37048,304.9683,251.63019,320.7765,329.25504,326.35126,342.12366,329.84448,323.61578,321.372,321.24304,306.81604,274.30444,300.06494,292.9861,295.4365,297.5036,335.02628,-127199.13,9071.586,3312.0928,-83962.87,3100.0,1500.0,150123.9,3621.2812,22320.064,138668.81,30306.082,-13.424423,5865.684,66726.23,4840.677
1133,2002-04-03,320.62735,330.9629,323.68912,322.86646,272.38913,344.72702,329.12,292.85507,302.3718,304.9692,251.63025,320.77737,329.2658,326.34555,342.12366,329.8422,323.617,321.39923,321.24777,306.8416,274.30444,300.06427,292.9861,295.4385,297.50262,335.02628,-127237.7,8985.037,3309.3071,-83969.35,3100.0,1500.0,150076.72,3617.062,22473.723,138833.14,30302.963,-13.586189,5803.5693,66733.48,4837.2
1134,2002-04-10,320.64706,330.9707,323.69196,322.87027,272.3889,344.79825,329.1106,292.95532,302.37347,304.969,251.63034,320.77838,329.27142,326.3711,342.12375,329.8482,323.61963,321.4195,321.26166,306.84375,274.30444,300.0636,292.9861,295.44446,297.50223,335.02628,-127432.49,9000.842,3300.8318,-83979.055,3100.0,1500.0,149998.67,3613.162,22506.004,139185.31,30287.477,-13.774315,5790.1772,66744.305,4833.208
1135,2002-04-17,320.65863,330.98816,323.70053,322.87927,272.38867,344.81696,329.10254,292.81448,302.3757,304.96838,251.63045,320.78113,329.29852,326.39267,342.12418,329.8635,323.62515,321.44324,321.2819,306.84647,274.30444,300.063,292.98602,295.44492,297.50256,335.02628,-127752.36,9038.021,3301.0662,-83989.45,3100.0,1500.0,149745.31,3609.6204,22554.256,139655.52,30282.6,-13.86377,5886.975,66747.016,4829.565
1136,2002-04-24,320.6898,331.0066,323.71133,322.8906,272.38852,344.8179,329.09613,292.86304,302.3784,304.9701,251.63055,320.7858,329.31696,326.4114,342.12503,329.88257,323.63336,321.47043,321.3033,306.8871,274.30444,300.06238,292.98593,295.44415,297.50296,335.02628,-128124.15,8838.087,3304.1992,-83989.2,3100.0,1500.0,149628.94,3606.4653,22711.574,140334.11,30290.506,-13.928619,5788.8916,66747.95,4826.764
1137,2002-05-01,320.72235,331.02142,323.7203,322.89993,272.38837,344.8632,329.0913,293.2422,302.38135,304.972,251.63066,320.79153,329.3281,326.4281,342.1259,329.89777,323.64517,321.4949,321.3146,306.90924,274.30447,300.06177,292.98578,295.44824,297.5035,335.02628,-128379.836,8740.924,3292.706,-84001.6,3100.0,1500.0,149559.23,3603.8406,22806.85,140649.72,30278.969,-14.195534,5659.1094,66766.91,4824.172
1138,2002-05-08,320.71365,331.02374,323.7225,322.90137,272.38824,344.92685,329.08807,293.4316,302.3845,304.9693,251.63077,320.7964,329.3128,326.40488,342.1265,329.90604,323.657,321.48288,321.29016,306.85553,274.30447,300.06116,292.9856,295.45374,297.50464,335.02628,-128192.53,9017.604,3281.0994,-84020.23,3100.0,1500.0,149699.5,3601.93,22572.12,139685.94,30251.92,-14.444588,5611.7334,66784.24,4821.847
1139,2002-05-15,320.71664,331.0304,323.7223,322.90152,272.38818,344.97342,329.08636,293.36966,302.38797,304.969,251.63087,320.79816,329.3325,326.4271,342.12674,329.91327,323.66187,321.49136,321.31137,306.8859,274.30447,300.0606,292.98538,295.45844,297.5061,335.02628,-128398.59,8880.767,3273.9004,-84038.07,3100.0,1500.0,149491.42,3600.5305,22686.271,140417.95,30246.068,-14.620293,5686.616,66794.945,4820.2197
1140,2002-05-22,320.73926,331.04218,323.73035,322.91043,272.38812,345.0126,329.0862,293.25616,302.3919,304.97113,251.63095,320.80203,329.34665,326.44458,342.12714,329.9268,323.6679,321.51248,321.33087,306.90887,274.30447,300.0601,292.98514,295.46136,297.50787,335.02628,-128717.32,8776.221,3269.142,-84046.87,3100.0,1500.0,149420.97,3599.5771,22782.484,140958.36,30242.902,-14.71994,5706.503,66800.56,4819.6196
1141,2002-05-29,320.76523,331.05524,323.73868,322.9191,272.38812,345.03732,329.08755,293.3896,302.3962,304.9733,251.63103,320.80728,329.36215,326.4606,342.12762,329.94043,323.67773,321.53384,321.34326,306.93073,274.30447,300.0597,292.98486,295.4656,297.50986,335.02628,-128974.836,8677.983,3257.7637,-84058.46,3100.0,1500.0,149292.25,3599.2153,22874.31,141331.97,30233.33,-14.906876,5637.8984,66815.516,4819.5806
1142,2002-06-05,320.7567,331.0554,323.7417,322.92114,272.38818,345.05737,329.09024,293.54904,302.40063,304.97162,251.63109,320.8122,329.35138,326.43613,342.12817,329.94446,323.6886,321.52527,321.3234,306.88376,274.30447,300.05948,292.9846,295.46918,297.51218,335.02628,-128829.44,8921.216,3246.3875,-84076.21,3100.0,1500.0,149431.86,3599.5237,22671.027,140484.16,30210.607,-15.118126,5589.047,66832.82,4819.626
1143,2002-06-12,320.7617,331.0599,323.74036,322.92062,272.38824,345.07663,329.09402,293.55814,302.4051,304.97232,251.63113,320.81424,329.3573,326.4598,342.1283,329.94727,323.6939,321.52823,321.33862,306.91318,274.30447,300.05936,292.98428,295.47272,297.51443,335.02628,-128978.945,8754.266,3238.261,-84092.84,3100.0,1500.0,149319.33,3600.2793,22763.057,141094.5,30208.15,-15.270874,5611.912,66844.234,4819.673
1144,2002-06-19,320.76547,331.06845,323.74506,322.92572,272.38837,345.0894,329.09872,293.38617,302.40958,304.97287,251.6312,320.8176,329.36258,326.46286,342.12857,329.9572,323.69904,321.53848,321.34424,306.8936,274.30447,300.0592,292.98395,295.4767,297.51672,335.02628,-129109.74,8840.124,3231.41,-84103.88,3100.0,1500.0,149267.5,3601.4253,22711.357,141094.0,30196.508,-15.343285,5704.315,66849.86,4819.6597
1145,2002-06-26,320.78854,331.07764,323.74966,322.93088,272.38852,345.09702,329.10416,293.36746,302.41403,304.9756,251.63124,320.82123,329.37445,326.4788,342.12894,329.96707,323.70486,321.55737,321.36023,306.9437,274.30447,300.0591,292.9836,295.4817,297.51904,335.02628,-129344.67,8637.187,3220.7312,-84110.62,3100.0,1500.0,149170.28,3602.9026,22897.762,141674.97,30192.84,-15.430481,5663.4126,66859.73,4819.463
1146,2002-07-03,320.7955,331.08084,323.75354,322.9342,272.3887,345.0991,329.11014,293.56073,302.4183,304.97635,251.6313,320.82535,329.37363,326.46793,342.12933,329.97177,323.7132,321.56372,321.3512,306.92352,274.30447,300.05914,292.98328,295.48557,297.5217,335.02628,-129319.41,8759.88,3205.4055,-84128.164,3100.0,1500.0,149212.14,3604.7273,22821.13,141255.55,30172.883,-15.626228,5597.2266,66879.945,4819.0527
1147,2002-07-10,320.78207,331.08023,323.75177,322.93265,272.38892,345.08502,329.11658,293.6264,302.4223,304.97516,251.63138,320.8276,329.36243,326.46863,342.12952,329.97363,323.7183,321.5511,321.34805,306.90024,274.30444,300.05936,292.98294,295.4869,297.52438,335.02628,-129275.2,8884.839,3198.2078,-84146.26,3100.0,1500.0,149269.11,3606.8726,22695.312,141016.2,30161.035,-15.755112,5586.0303,66892.3,4818.541
1148,2002-07-17,320.78555,331.08444,323.7522,322.9333,272.38916,345.09116,329.12317,293.38034,302.4261,304.97635,251.63144,320.82916,329.372,326.47693,342.12958,329.9751,323.7207,321.5576,321.35413,306.92502,274.30444,300.05966,292.9826,295.4869,297.52667,335.02628,-129350.83,8768.6455,3197.626,-84156.67,3100.0,1500.0,149162.73,3609.1033,22788.88,141333.55,30168.508,-15.747337,5741.8965,66891.07,4818.311
1149,2002-07-24,320.81046,331.09134,323.7569,322.93872,272.38943,345.09137,329.12982,293.25497,302.42972,304.97952,251.63148,320.8317,329.38382,326.49097,342.12976,329.98276,323.72366,321.57877,321.3731,306.95752,274.30444,300.06,292.9823,295.4902,297.5287,335.02628,-129609.164,8611.273,3193.912,-84152.984,3100.0,1500.0,149089.56,3611.3623,22927.814,141929.31,30170.04,-15.710823,5708.864,66890.48,4818.3857
1150,2002-07-31,320.83087,331.09848,323.76297,322.94504,272.38974,345.10132,329.1364,293.5041,302.43298,304.98206,251.63153,320.83572,329.39368,326.49896,342.13007,329.99146,323.72906,321.5963,321.38156,306.96457,274.30444,300.0604,292.98203,295.49536,297.53104,335.02628,-129792.9,8594.508,3175.4526,-84165.58,3100.0,1500.0,149039.94,3613.7156,22967.51,142105.81,30152.787,-15.890152,5622.7603,66911.086,4818.538
1151,2002-08-07,320.812,331.093,323.76144,322.94266,272.39,345.12064,329.14294,293.4884,302.43576,304.9802,251.63159,320.83896,329.36417,326.46954,342.1303,329.99,323.73428,321.57275,321.34903,306.90726,274.30444,300.0609,292.98175,295.4948,297.53366,335.02628,-129468.43,8870.27,3169.7632,-84181.77,3100.0,1500.0,149271.12,3616.218,22698.85,140925.02,30140.08,-15.955437,5663.847,66919.555,4818.702
1152,2002-08-14,320.8115,331.0933,323.75815,322.93915,272.39032,345.13922,329.1494,293.2868,302.43826,304.98096,251.63162,320.83862,329.39,326.4886,342.13016,329.98596,323.73337,321.575,321.36386,306.94443,274.30444,300.0614,292.98148,295.49478,297.53574,335.02628,-129556.71,8687.057,3171.273,-84185.94,3100.0,1500.0,149041.67,3618.6326,22835.662,141623.77,30151.002,-15.898834,5752.8,66915.78,4818.88
1153,2002-08-21,320.83148,331.09778,323.7654,322.94614,272.39062,345.15634,329.1559,293.28372,302.44052,304.98376,251.63167,320.84042,329.41016,326.4942,342.13022,329.99176,323.7356,321.59634,321.37894,306.9642,274.30444,300.0619,292.98126,295.49652,297.53748,335.02628,-129788.58,8606.467,3166.3958,-84184.98,3100.0,1500.0,148991.08,3620.9229,22939.588,142046.02,30149.71,-15.896072,5704.344,66918.77,4819.1294
1154,2002-08-28,320.84836,331.10376,323.77127,322.9522,272.39093,345.16837,329.16245,293.48123,302.4424,304.98578,251.6317,320.8437,329.4172,326.50635,342.1304,329.99823,323.74057,321.61212,321.38785,306.97104,274.30444,300.06235,292.98108,295.49957,297.53934,335.02628,-129968.62,8588.241,3153.7454,-84194.65,3100.0,1500.0,148962.9,3623.271,22977.182,142254.08,30138.867,-16.017319,5634.674,66933.12,4820.0273
1155,2002-09-04,320.83865,331.10178,323.76923,322.95032,272.39127,345.17105,329.16907,293.57492,302.44397,304.9847,251.63173,320.84656,329.37793,326.48706,342.13058,330.0004,323.74554,321.599,321.35928,306.93277,274.30444,300.06277,292.98093,295.49957,297.54132,335.02628,-129691.055,8777.528,3147.3582,-84207.75,3100.0,1500.0,149198.88,3625.7388,22800.781,141268.84,30128.338,-16.102806,5608.6714,66942.375,4819.958
1156,2002-09-11,320.83698,331.09845,323.764,322.94592,272.39154,345.18158,329.17572,293.53702,302.44543,304.9855,251.63171,320.8465,329.38617,326.48962,342.13052,329.9971,323.74557,321.59766,321.37814,306.9539,274.30444,300.06323,292.98083,295.50235,297.54297,335.02628,-129805.336,8664.104,3141.902,-84216.1,3100.0,1500.0,149090.88,3628.1702,22866.793,141837.1,30127.666,-16.150146,5649.389,66946.95,4823.0815
1157,2002-09-18,320.8425,331.0996,323.76495,322.94733,272.39185,345.19308,329.18246,293.38953,302.44693,304.9869,251.63167,320.84778,329.38248,326.49356,342.13043,329.99655,323.748,321.60583,321.37772,306.95554,274.3044,300.06375,292.98074,295.4998,297.54462,335.02628,-129833.734,8672.522,3143.178,-84219.39,3100.0,1500.0,149108.66,3630.5674,22884.566,141801.61,30132.59,-16.122307,5709.2915,66944.68,4825.4014
1158,2002-09-25,320.8538,331.104,323.76627,322.9495,272.39215,345.20264,329.18918,293.41086,302.44843,304.98834,251.63165,320.84927,329.38452,326.50436,342.13046,330.00095,323.75128,321.6189,321.39035,306.96973,274.3044,300.06427,292.9807,295.4986,297.54584,335.02628,-129987.66,8613.193,3143.411,-84216.78,3100.0,1500.0,149062.67,3632.999,22952.277,142143.0,30137.264,-16.1083,5660.5415,66943.3,4826.759
1159,2002-10-02,320.83936,331.1046,323.76865,322.95187,272.39246,345.21323,329.19586,293.38947,302.4498,304.98682,251.63162,320.85156,329.38605,326.5013,342.1306,330.00452,323.75577,321.6181,321.38788,306.92444,274.3044,300.0648,292.9807,295.49802,297.54684,335.02628,-130005.33,8876.113,3141.7854,-84219.23,3100.0,1500.0,149079.81,3635.51,22795.56,141763.73,30126.742,-16.116203,5715.3364,66943.82,4827.806
1160,2002-10-09,320.81528,331.096,323.76392,322.94632,272.39276,345.2235,329.20248,293.25818,302.45093,304.98474,251.6316,320.8524,329.35742,326.47464,342.13058,329.99734,323.75854,321.58936,321.3573,306.89697,274.3044,300.06525,292.98074,295.4989,297.5475,335.02628,-129647.54,8972.735,3143.6423,-84214.336,3100.0,1500.0,149285.86,3638.044,22627.275,140869.33,30126.035,-16.042824,5738.395,66938.4,4828.8013
1161,2002-10-16,320.81595,331.09564,323.75906,322.94208,272.39304,345.23294,329.20908,293.28003,302.4518,304.98645,251.63158,320.85046,329.37048,326.49258,342.1303,329.99347,323.75647,321.59076,321.37518,306.93472,274.3044,300.0658,292.9808,295.4986,297.5481,335.02628,-129749.41,8775.452,3141.0908,-84213.85,3100.0,1500.0,149119.78,3640.441,22774.598,141615.28,30133.484,-16.043182,5730.3633,66940.34,4829.964
1162,2002-10-23,320.79742,331.09457,323.759,322.942,272.39328,345.24164,329.21564,292.9124,302.45236,304.98495,251.63153,320.85043,329.35056,326.48138,342.13028,329.99237,323.75717,321.58408,321.3562,306.88232,274.3044,300.06638,292.98093,295.49615,297.54865,335.02628,-129568.125,9069.319,3147.1265,-84211.14,3100.0,1500.0,149274.81,3642.8792,22595.754,140809.05,30131.762,-15.880768,5948.657,66927.65,4831.553
1163,2002-10-30,320.7758,331.0898,323.75342,322.93604,272.3935,345.24316,329.2222,292.31714,302.4526,304.98328,251.63147,320.8487,329.3428,326.46765,342.13016,329.98828,323.75507,321.55792,321.345,306.8703,274.3044,300.06693,292.98105,295.4893,297.5486,335.02628,-129377.95,9085.389,3168.4863,-84187.164,3100.0,1500.0,149295.61,3645.35,22499.44,140557.86,30156.846,-15.484688,6142.667,66896.29,4833.7764
1164,2002-11-06,320.7625,331.07013,323.74603,322.92767,272.3937,345.20236,329.22867,292.40207,302.4521,304.98306,251.6314,320.8458,329.32294,326.43448,342.12988,329.97543,323.75064,321.5397,321.32675,306.8723,274.3044,300.06747,292.98123,295.48364,297.54776,335.02628,-129071.3,9043.598,3179.399,-84159.96,3100.0,1500.0,149533.52,3647.7427,22491.225,140095.77,30172.57,-15.269615,5979.165,66883.39,4836.3105
1165,2002-11-13,320.78757,331.06888,323.74304,322.9254,272.39386,345.13815,329.23495,292.86115,302.45047,304.98688,251.6313,320.8421,329.3498,326.46957,342.12912,329.9664,323.7445,321.56165,321.3551,306.93436,274.3044,300.068,292.9814,295.48862,297.5466,335.02628,-129299.62,8732.813,3165.5833,-84157.836,3100.0,1500.0,149274.27,3650.0103,22770.598,141258.19,30170.652,-15.347893,5830.276,66896.74,4838.7236
1166,2002-11-20,320.7792,331.07016,323.74527,322.92828,272.39395,345.11258,329.24066,292.48288,302.4479,304.9861,251.63121,320.84204,329.32095,326.45056,342.129,329.96628,323.74448,321.56772,321.34357,306.87616,274.3044,300.06854,292.98166,295.48462,297.54623,335.02628,-129226.28,9079.394,3169.532,-84162.57,3100.0,1500.0,149500.86,3652.3262,22596.312,140473.03,30167.137,-15.171005,6118.0103,66885.2,4840.6084
1167,2002-11-27,320.76865,331.05545,323.7375,322.92047,272.394,345.08182,329.24557,291.5188,302.44498,304.98486,251.63112,320.8405,329.30112,326.42337,342.12885,329.9589,323.7428,321.55145,321.3323,306.8776,274.3044,300.069,292.9819,295.47247,297.54532,335.02628,-129017.01,9030.179,3205.4048,-84129.65,3100.0,1500.0,149664.14,3654.5352,22557.264,140171.0,30212.61,-14.554543,6476.3984,66833.72,4841.9927
1168,2002-12-04,320.73544,331.03152,323.72626,322.90762,272.39404,345.05032,329.24942,291.0341,302.4416,304.98108,251.63104,320.83646,329.27808,326.3985,342.1281,329.94092,323.73624,321.51102,321.28412,306.82178,274.3044,300.0694,292.98218,295.46115,297.54327,335.02628,-128391.98,9274.68,3237.6807,-84078.06,3100.0,1500.0,149886.48,3656.516,22306.092,138873.64,30239.988,-13.976372,6552.7266,66789.62,4843.1577
1169,2002-12-11,320.7487,331.02545,323.721,322.9034,272.394,345.01135,329.25198,291.4877,302.43698,304.98364,251.63095,320.83026,329.30045,326.42618,342.12708,329.92947,323.72528,321.5246,321.32825,306.89984,274.3044,300.06967,292.98245,295.46268,297.54034,335.02628,-128701.336,8868.423,3236.8696,-84043.36,3100.0,1500.0,149685.88,3657.9739,22636.459,140449.98,30251.826,-13.8059845,6233.374,66786.28,4844.209
1170,2002-12-18,320.74582,331.02658,323.72467,322.90686,272.39392,344.9783,329.253,291.91714,302.43088,304.98383,251.63087,320.8288,329.29132,326.42902,342.12665,329.91907,323.72275,321.52243,321.30133,306.8523,274.3044,300.07,292.98276,295.46198,297.53818,335.02628,-128509.49,9115.612,3225.4897,-84049.555,3100.0,1500.0,149786.02,3659.02,22478.992,139611.47,30235.488,-13.845566,6195.8013,66799.05,4845.238
1171,2002-12-25,320.72394,331.0123,323.71793,322.89948,272.39374,344.95917,329.2523,291.3337,302.42398,304.98123,251.63078,320.82562,329.26178,326.39603,342.12637,329.9076,323.71927,321.5076,321.2823,306.83212,274.3044,300.07025,292.9831,295.45474,297.5362,335.02628,-128198.336,9216.543,3246.9688,-84038.18,3100.0,1500.0,150027.05,3659.685,22402.188,138969.94,30258.246,-13.440735,6500.065,66767.27,4846.405
1172,2003-01-01,320.68396,330.9962,323.7049,322.88684,272.39352,344.9305,329.24994,290.59375,302.417,304.9767,251.63069,320.82034,329.2284,326.37695,342.12576,329.89478,323.71265,321.47467,321.26465,306.77686,274.3044,300.07034,292.9834,295.44272,297.53354,335.02628,-127847.85,9473.691,3283.0693,-83997.11,3100.0,1500.0,150192.97,3659.7747,22171.098,138262.84,30287.795,-12.839722,6748.37,66718.26,4847.7305
1173,2003-01-08,320.6857,330.99466,323.69647,322.8805,272.39325,344.89706,329.24603,290.69666,302.40982,304.97763,251.63058,320.81467,329.21744,326.39154,342.12518,329.89017,323.70337,321.47244,321.28366,306.83252,274.3044,300.07034,292.98373,295.4384,297.52982,335.02628,-127927.695,9158.369,3300.1362,-83951.19,3100.0,1500.0,150088.83,3659.109,22380.158,139098.55,30314.615,-12.501259,6521.734,66696.11,4848.9097
1174,2003-01-15,320.69272,330.99582,323.69882,322.87988,272.39294,344.86328,329.24066,291.49673,302.40198,304.97803,251.6305,320.81134,329.25543,326.36884,342.12524,329.8844,323.69766,321.48288,321.26266,306.8234,274.3044,300.07034,292.98404,295.4412,297.5264,335.02628,-127708.266,9230.154,3285.0425,-83946.7,3100.0,1500.0,149871.64,3657.8684,22404.05,138617.52,30296.213,-12.638252,6224.9697,66716.03,4849.619
1175,2003-01-22,320.62555,330.9859,323.6874,322.86713,272.39258,344.82874,329.2338,291.8967,302.3938,304.97018,251.63042,320.80597,329.184,326.3174,342.12537,329.86948,323.6887,321.41843,321.2081,306.6925,274.3044,300.0702,292.98438,295.43994,297.52374,335.02628,-126985.0,9849.536,3282.9536,-83959.17,3100.0,1500.0,150357.42,3656.354,21840.43,136553.8,30268.578,-12.730377,6128.023,66726.06,4849.6113
1176,2003-01-29,320.57156,330.96353,323.666,322.84647,272.39215,344.7911,329.2253,292.02832,302.38614,304.96628,251.63036,320.79602,329.14508,326.2951,342.125,329.8515,323.66968,321.36395,321.19766,306.7006,274.3044,300.0699,292.98468,295.4374,297.5208,335.02628,-126564.56,9732.916,3291.545,-83962.85,3100.0,1500.0,150542.17,3654.1572,21798.559,136452.5,30280.904,-12.750931,6100.746,66723.12,4849.0977
1177,2003-02-05,320.53952,330.94632,323.6562,322.83716,272.39172,344.76343,329.21524,292.08963,302.37982,304.96466,251.63031,320.78665,329.15152,326.3034,342.12408,329.8358,323.6485,321.3432,321.1974,306.69092,274.3044,300.06946,292.985,295.43628,297.51758,335.02628,-126419.36,9773.56,3298.5107,-83960.445,3100.0,1500.0,150505.6,3651.2292,21783.293,136595.23,30283.309,-12.784813,6088.911,66718.83,4848.329
1178,2003-02-12,320.5991,330.95657,323.66644,322.8474,272.39133,344.75378,329.20407,292.23648,302.37503,304.97208,251.63028,320.78125,329.22913,326.3607,342.12335,329.83856,323.63358,321.3956,321.25305,306.8387,274.3044,300.0689,292.98526,295.43988,297.5145,335.02628,-127056.1,9021.987,3294.6787,-83957.9,3100.0,1500.0,150007.69,3647.541,22416.23,138961.97,30306.705,-12.893929,6015.74,66721.78,4847.452
1179,2003-02-19,320.58664,330.96042,323.67575,322.85495,272.39093,344.7461,329.1922,292.3684,302.37173,304.96906,251.63025,320.7818,329.19397,326.32764,342.12347,329.84515,323.63214,321.3793,321.20062,306.71848,274.3044,300.0684,292.9855,295.4389,297.51254,335.02628,-126661.55,9648.06,3292.124,-83964.77,3100.0,1500.0,150416.6,3643.7144,21975.963,136918.16,30278.87,-13.043449,5997.4536,66728.31,4846.6055
1180,2003-02-26,320.54123,330.9502,323.66776,322.84586,272.3906,344.73938,329.17984,292.33426,302.36978,304.96356,251.63022,320.7774,329.19446,326.3183,342.12335,329.8376,323.62503,321.33215,321.19174,306.6953,274.3044,300.0678,292.98572,295.43674,297.51056,335.02628,-126433.125,9711.422,3302.6895,-83964.68,3100.0,1500.0,150392.89,3639.74,21817.455,136761.81,30283.578,-13.075264,6016.4004,66722.45,4845.8345
1181,2003-03-05,320.53564,330.9433,323.66525,322.84308,272.39026,344.76508,329.1673,292.37634,302.369,304.96378,251.63019,320.7729,329.2002,326.31366,342.12302,329.831,323.6151,321.32898,321.2003,306.73718,274.30444,300.0671,292.9859,295.4352,297.50824,335.02628,-126448.664,9483.536,3310.5857,-83959.93,3100.0,1500.0,150373.17,3635.2922,21985.531,137230.44,30297.531,-13.124893,5984.707,66718.44,4845.034
1182,2003-03-12,320.5858,330.954,323.6721,322.85098,272.38995,344.7751,329.15485,292.40936,302.36896,304.96863,251.63017,320.771,329.24164,326.3541,342.1229,329.83536,323.60956,321.37793,321.2451,306.82593,274.30444,300.06638,292.98605,295.43863,297.50607,335.02628,-126976.03,9065.089,3308.3782,-83958.58,3100.0,1500.0,150053.66,3630.5913,22401.418,138833.03,30307.717,-13.214279,5995.5303,66719.75,4844.092
1183,2003-03-19,320.5913,330.96436,323.68454,322.8639,272.38965,344.74332,329.14285,292.46658,302.3695,304.968,251.63016,320.774,329.24924,326.3672,342.12335,329.84216,323.61307,321.37418,321.2477,306.7703,274.30444,300.0657,292.98615,295.4373,297.50482,335.02628,-127201.305,9329.392,3310.0037,-83959.39,3100.0,1500.0,150090.22,3626.067,22175.256,138572.81,30295.3,-13.294373,5946.9814,66721.7,4842.862
1184,2003-03-26,320.60226,330.96216,323.6885,322.8667,272.3894,344.71082,329.13156,292.67215,302.37048,304.9684,251.63017,320.77652,329.25504,326.3513,342.12366,329.84448,323.6158,321.372,321.24307,306.81607,274.30444,300.06503,292.9862,295.43652,297.50366,335.02628,-127199.3,9071.586,3311.7446,-83963.15,3100.0,1500.0,150123.9,3621.697,22320.031,138668.94,30305.947,-13.425194,5865.703,66726.48,4840.6665
1185,2003-04-02,320.62738,330.9629,323.68912,322.86646,272.38913,344.72916,329.12112,292.8551,302.3718,304.96933,251.63025,320.7774,329.2658,326.34555,342.12366,329.8422,323.61703,321.39926,321.24777,306.84164,274.30444,300.06433,292.98624,295.43857,297.50272,335.02628,-127237.83,8984.961,3308.9595,-83969.64,3100.0,1500.0,150076.72,3617.4758,22473.688,138833.25,30302.834,-13.587013,5803.5884,66733.72,4837.1895
1186,2003-04-09,320.6471,330.9707,323.69196,322.87027,272.38892,344.80035,329.11172,292.95535,302.3735,304.96912,251.63034,320.7784,329.27142,326.3711,342.12375,329.8482,323.61966,321.4195,321.26166,306.84378,274.30444,300.0637,292.9862,295.44452,297.50232,335.02628,-127432.516,9000.842,3300.4832,-83979.36,3100.0,1500.0,149998.66,3613.5732,22505.973,139185.39,30287.35,-13.775238,5790.195,66744.54,4833.1973
1187,2003-04-16,320.65866,330.98816,323.70053,322.87927,272.3887,344.81906,329.10367,292.81454,302.3757,304.96854,251.63045,320.78113,329.29852,326.3927,342.12418,329.8635,323.62515,321.44324,321.2819,306.8465,274.30444,300.06308,292.98615,295.44498,297.50262,335.02628,-127752.43,9037.944,3300.2542,-83989.54,3100.0,1500.0,149745.31,3610.0303,22554.225,139655.61,30282.475,-13.86467,5886.9927,66747.25,4829.5547
1188,2003-04-23,320.6898,331.0066,323.71133,322.8906,272.38855,344.81998,329.09723,292.86307,302.37842,304.9702,251.63055,320.7858,329.31696,326.4114,342.12503,329.88257,323.63336,321.47043,321.3033,306.88712,274.30444,300.06244,292.98605,295.44418,297.50302,335.02628,-128124.266,8838.011,3303.9668,-83989.555,3100.0,1500.0,149628.94,3606.8733,22711.541,140334.2,30290.383,-13.929504,5788.91,66748.19,4826.754
1189,2003-04-30,320.72238,331.02142,323.7203,322.89993,272.3884,344.86523,329.09244,293.24222,302.38138,304.9721,251.63066,320.79156,329.3281,326.4281,342.1259,329.89777,323.64517,321.4949,321.3146,306.90927,274.30444,300.06183,292.9859,295.4483,297.50357,335.02628,-128379.88,8740.887,3292.4736,-84001.88,3100.0,1500.0,149559.22,3604.247,22806.82,140649.81,30278.848,-14.196281,5659.1265,66767.14,4824.163
1190,2003-05-07,320.71365,331.02374,323.7225,322.90137,272.38828,344.9289,329.08917,293.43164,302.38452,304.96942,251.63077,320.79642,329.3128,326.40488,342.1265,329.90604,323.657,321.48288,321.2902,306.85556,274.30444,300.06125,292.98572,295.45377,297.5047,335.02628,-128192.65,9017.604,3280.7507,-84020.5,3100.0,1500.0,149699.48,3602.335,22572.092,139686.03,30251.8,-14.445374,5611.751,66784.47,4821.838
1191,2003-05-14,320.71667,331.0304,323.7223,322.90152,272.3882,344.97543,329.08746,293.36972,302.38797,304.96912,251.63087,320.79816,329.3325,326.4271,342.12674,329.91327,323.66187,321.49136,321.31137,306.88593,274.30444,300.0607,292.9855,295.45847,297.5062,335.02628,-128398.664,8880.728,3273.3208,-84038.2,3100.0,1500.0,149491.39,3600.9343,22686.24,140418.05,30245.951,-14.621002,5686.634,66795.164,4820.2104
1192,2003-05-21,320.7393,331.04218,323.73038,322.91043,272.38815,345.01465,329.0873,293.2562,302.39194,304.97125,251.63095,320.80203,329.34665,326.44458,342.12714,329.9268,323.6679,321.5125,321.33087,306.90887,274.30444,300.06018,292.98526,295.4614,297.50793,335.02628,-128717.41,8776.221,3268.562,-84047.24,3100.0,1500.0,149420.94,3599.9792,22782.453,140958.45,30242.787,-14.720787,5706.5186,66800.78,4819.6094
1193,2003-05-28,320.76526,331.05524,323.73868,322.9191,272.38815,345.03934,329.08865,293.38962,302.3962,304.97342,251.63101,320.8073,329.36215,326.4606,342.12762,329.94043,323.67773,321.53384,321.34326,306.93076,274.30444,300.05978,292.985,295.46564,297.50992,335.02628,-128974.88,8677.944,3257.4165,-84058.72,3100.0,1500.0,149292.23,3599.616,22874.28,141332.03,30233.219,-14.907539,5637.9136,66815.73,4819.5713
1194,2003-06-04,320.75674,331.05542,323.7417,322.92114,272.3882,345.0594,329.09134,293.54907,302.40063,304.97174,251.63107,320.8122,329.35138,326.43613,342.12817,329.94446,323.6886,321.52527,321.3234,306.88376,274.30444,300.05957,292.98468,295.46924,297.51224,335.02628,-128829.53,8921.177,3245.8074,-84076.56,3100.0,1500.0,149431.83,3599.9238,22670.996,140484.25,30210.498,-15.118767,5589.063,66833.02,4819.616
1195,2003-06-11,320.7617,331.0599,323.74036,322.92062,272.38828,345.07864,329.09512,293.55817,302.4051,304.97244,251.63113,320.81424,329.3573,326.4598,342.1283,329.94727,323.6939,321.52823,321.33862,306.9132,274.30444,300.05942,292.98438,295.47278,297.5145,335.02628,-128979.01,8754.227,3237.6794,-84092.98,3100.0,1500.0,149319.33,3600.6777,22763.031,141094.56,30208.041,-15.271584,5611.9272,66844.44,4819.6636
1196,2003-06-18,320.76547,331.06845,323.74506,322.92572,272.3884,345.09137,329.09982,293.3862,302.40958,304.973,251.63118,320.8176,329.36258,326.4629,342.12857,329.9572,323.69904,321.5385,321.34424,306.89362,274.30444,300.0593,292.98404,295.47678,297.51678,335.02628,-129109.766,8840.046,3230.8293,-84104.15,3100.0,1500.0,149267.48,3601.8223,22711.328,141094.08,30196.402,-15.343956,5704.331,66850.06,4819.6504
1197,2003-06-25,320.78854,331.07764,323.7497,322.93088,272.38855,345.099,329.10522,293.3675,302.41406,304.9757,251.63124,320.82123,329.37445,326.4788,342.12894,329.96707,323.70486,321.55737,321.36023,306.9437,274.30444,300.05917,292.9837,295.48175,297.5191,335.02628,-129344.74,8637.11,3220.2664,-84110.89,3100.0,1500.0,149170.28,3603.2983,22897.732,141675.06,30192.734,-15.431091,5663.4277,66859.93,4819.4546
1198,2003-07-02,320.7955,331.08084,323.75354,322.9342,272.38873,345.10107,329.11124,293.56076,302.41833,304.97647,251.6313,320.82535,329.37363,326.46793,342.12933,329.97177,323.7132,321.56375,321.3512,306.92355,274.30444,300.0592,292.98337,295.48563,297.52176,335.02628,-129319.48,8759.88,3204.9412,-84128.47,3100.0,1500.0,149212.14,3605.1226,22821.102,141255.61,30172.781,-15.62677,5597.241,66880.15,4819.043
1199,2003-07-09,320.7821,331.08023,323.75177,322.93265,272.38895,345.08698,329.11765,293.62643,302.4223,304.97528,251.63136,320.8276,329.36243,326.46863,342.12952,329.97363,323.7183,321.5511,321.34805,306.90027,274.30444,300.05942,292.98303,295.48694,297.52444,335.02628,-129275.23,8884.801,3197.3945,-84146.484,3100.0,1500.0,149269.1,3607.268,22695.285,141016.28,30160.932,-15.755753,5586.045,66892.5,4818.532
1200,2003-07-16,320.78558,331.08444,323.7522,322.93332,272.3892,345.09308,329.12427,293.38037,302.42612,304.97647,251.63142,320.82916,329.372,326.47693,342.12958,329.9751,323.7207,321.5576,321.35413,306.92502,274.30444,300.05972,292.9827,295.48697,297.52673,335.02628,-129350.875,8768.606,3196.9307,-84156.87,3100.0,1500.0,149162.73,3609.499,22788.852,141333.61,30168.406,-15.747917,5741.912,66891.27,4818.3027
1201,2003-07-23,320.81046,331.09134,323.7569,322.93872,272.38947,345.0933,329.1309,293.255,302.42972,304.97964,251.63148,320.8317,329.38382,326.49097,342.12976,329.98276,323.72366,321.57877,321.3731,306.95752,274.30444,300.06006,292.9824,295.49023,297.52875,335.02628,-129609.164,8611.196,3193.4473,-84153.31,3100.0,1500.0,149089.56,3611.7578,22927.79,141929.39,30169.94,-15.711502,5708.878,66890.67,4818.3765
1202,2003-07-30,320.8309,331.09848,323.76297,322.94504,272.38974,345.10327,329.1375,293.50412,302.43298,304.98218,251.63153,320.83572,329.39368,326.49896,342.13007,329.99146,323.72906,321.5963,321.38156,306.9646,274.30444,300.0605,292.9821,295.4954,297.5311,335.02628,-129792.97,8594.393,3174.9878,-84165.73,3100.0,1500.0,149039.92,3614.1108,22967.482,142105.88,30152.693,-15.890923,5622.7754,66911.27,4818.5283
1203,2003-08-06,320.81204,331.093,323.76144,322.94266,272.39005,345.12256,329.144,293.48843,302.43576,304.98032,251.63158,320.83896,329.36417,326.46954,342.1303,329.99,323.73428,321.57275,321.34903,306.9073,274.30444,300.06097,292.9818,295.49484,297.53372,335.02628,-129468.48,8870.23,3169.415,-84181.94,3100.0,1500.0,149271.11,3616.6123,22698.822,140925.08,30139.984,-15.956055,5663.8613,66919.74,4818.6934
1204,2003-08-13,320.8115,331.0933,323.75815,322.93915,272.39035,345.14114,329.15048,293.28683,302.43826,304.98108,251.63162,320.83862,329.39,326.4886,342.13016,329.98596,323.73337,321.575,321.36386,306.94446,274.30444,300.0615,292.98157,295.4948,297.53577,335.02628,-129556.76,8686.979,3170.8086,-84186.05,3100.0,1500.0,149041.66,3619.0256,22835.639,141623.83,30150.912,-15.899384,5752.814,66915.97,4818.871
1205,2003-08-20,320.83148,331.09778,323.7654,322.94614,272.39066,345.15826,329.15698,293.28375,302.44052,304.9839,251.63167,320.84042,329.41016,326.4942,342.13022,329.99176,323.7356,321.59634,321.37894,306.96423,274.30444,300.06195,292.98135,295.49658,297.53754,335.02628,-129788.6,8606.467,3165.932,-84185.08,3100.0,1500.0,148991.06,3621.3145,22939.56,142046.1,30149.621,-15.896751,5704.358,66918.95,4819.121
1206,2003-08-27,320.8484,331.10376,323.77127,322.9522,272.39096,345.17026,329.1635,293.48126,302.4424,304.9859,251.6317,320.8437,329.4172,326.50635,342.1304,329.99826,323.74057,321.61212,321.38785,306.97104,274.30444,300.0624,292.98117,295.4996,297.5394,335.02628,-129968.65,8588.202,3153.0486,-84194.84,3100.0,1500.0,148962.89,3623.662,22977.16,142254.16,30138.775,-16.01799,5634.6875,66933.31,4820.019
1207,2003-09-03,320.83865,331.1018,323.76923,322.95032,272.39127,345.17294,329.17014,293.57495,302.444,304.98483,251.63173,320.84656,329.37793,326.48706,342.13058,330.0004,323.74554,321.599,321.35928,306.9328,274.3044,300.06287,292.98102,295.4996,297.54135,335.02628,-129691.1,8777.451,3146.8948,-84207.85,3100.0,1500.0,149198.86,3626.1292,22800.756,141268.89,30128.254,-16.1035,5608.6836,66942.54,4819.949
1208,2003-09-10,320.83698,331.09845,323.764,322.94592,272.39157,345.18347,329.1768,293.53705,302.44543,304.98563,251.63171,320.8465,329.38617,326.48962,342.13052,329.9971,323.74557,321.5977,321.37814,306.95392,274.3044,300.0633,292.9809,295.50238,297.54303,335.02628,-129805.37,8664.064,3141.786,-84216.35,3100.0,1500.0,149090.88,3628.5596,22866.764,141837.16,30127.58,-16.150772,5649.4014,66947.125,4823.0728
1209,2003-09-17,320.8425,331.0996,323.76495,322.94733,272.39188,345.19495,329.18353,293.38956,302.44693,304.98703,251.63167,320.84778,329.38248,326.49356,342.13043,329.99655,323.748,321.60583,321.37772,306.95557,274.3044,300.0638,292.98083,295.49982,297.54465,335.02628,-129833.78,8672.484,3142.5974,-84219.62,3100.0,1500.0,149108.64,3630.9583,22884.541,141801.67,30132.504,-16.12284,5709.303,66944.85,4825.3936
1210,2003-09-24,320.8538,331.104,323.76627,322.9495,272.39218,345.2045,329.19025,293.4109,302.44846,304.98843,251.63164,320.84927,329.38452,326.50436,342.13046,330.00095,323.75128,321.6189,321.39035,306.96976,274.3044,300.06433,292.9808,295.49863,297.5459,335.02628,-129987.68,8613.119,3142.8303,-84216.91,3100.0,1500.0,149062.66,3633.3904,22952.252,142143.05,30137.18,-16.108902,5660.553,66943.484,4826.7505
1211,2003-10-01,320.8394,331.1046,323.76865,322.95187,272.3925,345.2151,329.19693,293.3895,302.4498,304.98694,251.63162,320.85156,329.38605,326.5013,342.1306,330.00452,323.75577,321.6181,321.38788,306.92444,274.3044,300.06485,292.9808,295.49805,297.54688,335.02628,-130005.4,8876.075,3141.6697,-84219.43,3100.0,1500.0,149079.8,3635.9004,22795.535,141763.78,30126.66,-16.116669,5715.3486,66943.984,4827.797
1212,2003-10-08,320.8153,331.096,323.76392,322.94632,272.39276,345.22534,329.20352,293.25818,302.45093,304.98486,251.6316,320.8524,329.35742,326.47464,342.13058,329.99734,323.75854,321.58936,321.3573,306.89697,274.3044,300.0653,292.98083,295.49893,297.54755,335.02628,-129647.6,8972.697,3143.1785,-84214.54,3100.0,1500.0,149285.83,3638.432,22627.248,140869.39,30125.953,-16.043312,5738.4062,66938.57,4828.7935
1213,2003-10-15,320.81595,331.09564,323.75906,322.94208,272.39304,345.23477,329.2101,293.28006,302.4518,304.98657,251.63158,320.85046,329.37048,326.49258,342.1303,329.9935,323.75647,321.5908,321.37518,306.93475,274.3044,300.06586,292.9809,295.49863,297.54813,335.02628,-129749.42,8775.413,3140.7427,-84214.1,3100.0,1500.0,149119.78,3640.8262,22774.574,141615.34,30133.408,-16.043686,5730.375,66940.51,4829.9556
1214,2003-10-22,320.79745,331.09457,323.759,322.942,272.39328,345.24347,329.2167,292.91245,302.4524,304.98508,251.63153,320.85043,329.35056,326.48138,342.13028,329.99237,323.75717,321.58408,321.3562,306.88232,274.3044,300.06644,292.981,295.4962,297.54868,335.02628,-129568.125,9069.281,3146.8945,-84211.2,3100.0,1500.0,149274.8,3643.2625,22595.73,140809.1,30131.682,-15.881256,5948.669,66927.805,4831.545
1215,2003-10-29,320.7758,331.0898,323.75345,322.93604,272.39352,345.245,329.22324,292.31717,302.4526,304.98337,251.63147,320.8487,329.3428,326.46768,342.13016,329.98828,323.75507,321.55795,321.345,306.8703,274.3044,300.067,292.98114,295.48932,297.54865,335.02628,-129378.0,9085.351,3167.789,-84187.27,3100.0,1500.0,149295.61,3645.7324,22499.42,140557.89,30156.768,-15.485146,6142.6787,66896.45,4833.7686
1216,2003-11-05,320.7625,331.07013,323.74603,322.92767,272.3937,345.2042,329.2297,292.40207,302.45212,304.9832,251.63138,320.8458,329.32294,326.43448,342.12988,329.97543,323.75067,321.5397,321.32675,306.87234,274.3044,300.06754,292.9813,295.48367,297.54782,335.02628,-129071.34,9043.559,3179.0508,-84160.09,3100.0,1500.0,149533.5,3648.124,22491.203,140095.81,30172.494,-15.270096,5979.176,66883.55,4836.3027
1217,2003-11-12,320.7876,331.06888,323.74304,322.9254,272.39386,345.13995,329.23596,292.86118,302.4505,304.987,251.63129,320.8421,329.3498,326.46957,342.12912,329.9664,323.74454,321.56165,321.3551,306.9344,274.3044,300.06805,292.9815,295.48865,297.54666,335.02628,-129299.69,8732.774,3165.0032,-84158.03,3100.0,1500.0,149274.25,3650.3896,22770.578,141258.23,30170.582,-15.34832,5830.2876,66896.9,4838.716
1218,2003-11-19,320.7792,331.07016,323.74527,322.92828,272.39398,345.11438,329.2417,292.4829,302.4479,304.9862,251.6312,320.84204,329.32095,326.45056,342.129,329.96628,323.74448,321.56772,321.34357,306.87616,274.3044,300.0686,292.98172,295.48465,297.54626,335.02628,-129226.305,9079.279,3168.9514,-84162.75,3100.0,1500.0,149500.84,3652.7034,22596.291,140473.1,30167.068,-15.171455,6118.02,66885.36,4840.6006
1219,2003-11-26,320.76865,331.05545,323.7375,322.92047,272.39404,345.08362,329.24658,291.51883,302.44498,304.985,251.63112,320.8405,329.30112,326.42337,342.12885,329.9589,323.74283,321.55145,321.3323,306.87762,274.3044,300.06906,292.98196,295.4725,297.54535,335.02628,-129017.02,9030.179,3205.0566,-84129.85,3100.0,1500.0,149664.14,3654.9104,22557.242,140171.03,30212.537,-14.554962,6476.4097,66833.87,4841.9854
1220,2003-12-03,320.73544,331.03152,323.72626,322.90762,272.39404,345.05212,329.25043,291.03412,302.4416,304.9812,251.63103,320.83646,329.27808,326.3985,342.1281,329.94092,323.73624,321.51105,321.28412,306.82178,274.3044,300.06946,292.98224,295.46115,297.5433,335.02628,-128391.98,9274.68,3237.3315,-84078.11,3100.0,1500.0,149886.47,3656.8887,22306.072,138873.69,30239.918,-13.976936,6552.7363,66789.766,4843.1504
1221,2003-12-10,320.7487,331.02548,323.721,322.9034,272.39404,345.01312,329.253,291.48773,302.43698,304.98373,251.63095,320.83026,329.30045,326.42618,342.12708,329.92947,323.72528,321.5246,321.32825,306.89987,274.3044,300.06973,292.98254,295.4627,297.54037,335.02628,-128701.336,8868.384,3236.6372,-84043.41,3100.0,1500.0,149685.88,3658.3442,22636.44,140450.03,30251.758,-13.806488,6233.384,66786.42,4844.2017
1222,2003-12-17,320.74585,331.02658,323.72467,322.90686,272.39395,344.9801,329.25397,291.91718,302.43088,304.98395,251.63087,320.8288,329.29132,326.42902,342.12665,329.91907,323.72275,321.52246,321.30133,306.8523,274.3044,300.07007,292.98282,295.462,297.5382,335.02628,-128509.52,9115.612,3225.026,-84049.7,3100.0,1500.0,149786.0,3659.3875,22478.97,139611.5,30235.424,-13.846001,6195.811,66799.195,4845.2305
1223,2003-12-24,320.72394,331.0123,323.71793,322.89948,272.39377,344.96094,329.25327,291.33374,302.424,304.98132,251.63078,320.82562,329.26178,326.39603,342.12637,329.9076,323.71927,321.50763,321.2823,306.83215,274.3044,300.0703,292.98315,295.45477,297.53625,335.02628,-128198.336,9216.467,3246.504,-84038.42,3100.0,1500.0,150027.03,3660.0503,22402.164,138969.97,30258.178,-13.441269,6500.0747,66767.414,4846.3975
1224,2003-12-31,320.68396,330.9962,323.7049,322.88684,272.39352,344.93228,329.25092,290.59378,302.41702,304.97684,251.63068,320.82034,329.2284,326.37695,342.12576,329.89478,323.71265,321.47467,321.26465,306.7769,274.3044,300.0704,292.98346,295.44275,297.53357,335.02628,-127847.9,9473.653,3282.3735,-83997.34,3100.0,1500.0,150192.97,3660.1375,22171.08,138262.9,30287.729,-12.840279,6748.38,66718.39,4847.7236
1225,2004-01-07,320.6857,330.99466,323.69647,322.8805,272.39328,344.8988,329.247,290.6967,302.40982,304.97772,251.63058,320.81467,329.21744,326.39154,342.12518,329.89017,323.70337,321.47247,321.28366,306.83255,274.3044,300.0704,292.9838,295.43842,297.52985,335.02628,-127927.77,9158.33,3299.788,-83951.38,3100.0,1500.0,150088.83,3659.4692,22380.137,139098.6,30314.55,-12.501778,6521.743,66696.26,4848.9033
1226,2004-01-14,320.69275,330.99582,323.69882,322.87988,272.39294,344.86502,329.24164,291.49673,302.40198,304.97815,251.6305,320.81134,329.25543,326.36884,342.12524,329.8844,323.69766,321.48288,321.26266,306.8234,274.3044,300.07037,292.98413,295.44122,297.52643,335.02628,-127708.29,9230.039,3284.811,-83946.77,3100.0,1500.0,149871.64,3658.2258,22404.03,138617.56,30296.148,-12.63858,6224.979,66716.17,4849.612
1227,2004-01-21,320.62555,330.9859,323.6874,322.86713,272.39258,344.83047,329.23474,291.89673,302.3938,304.97028,251.63042,320.80597,329.184,326.3174,342.12537,329.86948,323.6887,321.41843,321.2081,306.6925,274.3044,300.07025,292.98444,295.43997,297.5238,335.02628,-126985.0,9849.536,3282.4902,-83959.31,3100.0,1500.0,150357.42,3656.7075,21840.414,136553.84,30268.518,-12.730789,6128.032,66726.19,4849.605
1228,2004-01-28,320.57156,330.96353,323.666,322.84647,272.39215,344.79285,329.22623,292.02835,302.38617,304.9664,251.63036,320.79602,329.14508,326.2951,342.125,329.8515,323.66968,321.36395,321.19766,306.70062,274.3044,300.06995,292.98474,295.43744,297.52084,335.02628,-126564.586,9732.877,3291.1963,-83962.984,3100.0,1500.0,150542.16,3654.506,21798.54,136452.52,30280.846,-12.75145,6100.7544,66723.25,4849.092
1229,2004-02-04,320.53952,330.94632,323.6562,322.83716,272.39175,344.76517,329.2162,292.08963,302.37982,304.96478,251.63031,320.78665,329.15152,326.3034,342.12408,329.8358,323.6485,321.34323,321.1974,306.69092,274.3044,300.0695,292.98505,295.4363,297.51764,335.02628,-126419.36,9773.5205,3298.0469,-83960.66,3100.0,1500.0,150505.58,3651.5745,21783.273,136595.28,30283.248,-12.785286,6088.921,66718.95,4848.3228
1230,2004-02-11,320.5991,330.95657,323.66644,322.84744,272.39133,344.75552,329.20496,292.23648,302.37503,304.9722,251.63026,320.78125,329.22913,326.3607,342.12335,329.83856,323.63358,321.3956,321.25305,306.83875,274.3044,300.06897,292.98532,295.4399,297.51453,335.02628,-127056.125,9021.987,3294.4473,-83957.984,3100.0,1500.0,150007.69,3647.8816,22416.21,138962.0,30306.645,-12.894165,6015.7495,66721.914,4847.446
1231,2004-02-18,320.58667,330.96042,323.67578,322.85495,272.39096,344.7478,329.19308,292.3684,302.37173,304.96915,251.63023,320.7818,329.19397,326.32764,342.12347,329.84515,323.63214,321.3793,321.20062,306.7185,274.3044,300.06845,292.98557,295.43893,297.51257,335.02628,-126661.55,9647.944,3291.7769,-83964.97,3100.0,1500.0,150416.6,3644.05,21975.945,136918.19,30278.81,-13.043861,5997.463,66728.44,4846.5986
1232,2004-02-25,320.54123,330.9502,323.66776,322.84586,272.3906,344.7411,329.18076,292.33426,302.36978,304.96365,251.6302,320.7774,329.19446,326.3183,342.12335,329.8376,323.62503,321.33215,321.19174,306.6953,274.3044,300.06784,292.98578,295.43677,297.5106,335.02628,-126433.15,9711.422,3302.225,-83964.72,3100.0,1500.0,150392.88,3640.072,21817.438,136761.83,30283.521,-13.0756,6016.41,66722.58,4845.827
1233,2004-03-03,320.53564,330.9433,323.66525,322.84308,272.39026,344.76675,329.16818,292.37637,302.369,304.9639,251.63019,320.7729,329.2002,326.31366,342.12302,329.831,323.6151,321.329,321.2003,306.73718,274.3044,300.06714,292.98596,295.43524,297.50827,335.02628,-126448.664,9483.498,3310.3542,-83960.01,3100.0,1500.0,150373.17,3635.622,21985.514,137230.48,30297.475,-13.125328,5984.7153,66718.555,4845.0273
1234,2004-03-10,320.5858,330.954,323.6721,322.85098,272.38995,344.77676,329.15573,292.40936,302.36896,304.96875,251.63016,320.771,329.24164,326.3541,342.1229,329.83536,323.60956,321.37796,321.2451,306.82593,274.3044,300.0664,292.9861,295.43866,297.5061,335.02628,-126976.03,9065.051,3308.03,-83958.68,3100.0,1500.0,150053.66,3630.9182,22401.402,138833.08,30307.662,-13.214668,5995.5396,66719.87,4844.0854
1235,2004-03-17,320.5913,330.96436,323.68454,322.8639,272.38968,344.745,329.14374,292.46658,302.3695,304.96808,251.63016,320.77402,329.24924,326.3672,342.12335,329.84216,323.61307,321.37418,321.2477,306.7703,274.30444,300.06577,292.9862,295.4373,297.50485,335.02628,-127201.33,9329.353,3309.5398,-83959.49,3100.0,1500.0,150090.22,3626.3914,22175.24,138572.84,30295.246,-13.294876,5946.9893,66721.83,4842.8555
1236,2004-03-24,320.60226,330.96216,323.6885,322.8667,272.3894,344.71246,329.13245,292.67218,302.37048,304.9685,251.63017,320.77652,329.25504,326.3513,342.12366,329.84448,323.6158,321.372,321.24307,306.81607,274.30444,300.06506,292.98627,295.43655,297.5037,335.02628,-127199.3,9071.586,3311.396,-83963.2,3100.0,1500.0,150123.89,3622.0195,22320.016,138668.95,30305.895,-13.425537,5865.7114,66726.59,4840.66
1237,2004-03-31,320.62738,330.9629,323.68912,322.86646,272.38916,344.7308,329.122,292.85513,302.3718,304.96942,251.63023,320.7774,329.2658,326.34555,342.12366,329.8422,323.61703,321.39926,321.2478,306.84167,274.30444,300.0644,292.9863,295.4386,297.50275,335.02628,-127237.86,8984.884,3308.6118,-83969.66,3100.0,1500.0,150076.7,3617.7966,22473.67,138833.28,30302.783,-13.587486,5803.5967,66733.836,4837.183
1238,2004-04-07,320.6471,330.9707,323.69196,322.87027,272.38892,344.802,329.1126,292.95538,302.3735,304.9692,251.63034,320.7784,329.27142,326.3711,342.12375,329.8482,323.61966,321.41953,321.26166,306.8438,274.30444,300.06375,292.98627,295.44455,297.50235,335.02628,-127432.55,9000.804,3300.0193,-83979.48,3100.0,1500.0,149998.66,3613.8926,22505.955,139185.42,30287.299,-13.775558,5790.2036,66744.66,4833.1914
1239,2004-04-14,320.65866,330.98816,323.70053,322.87927,272.38873,344.82068,329.10452,292.81454,302.3757,304.96863,251.63045,320.78113,329.29852,326.3927,342.12418,329.8635,323.62515,321.44324,321.2819,306.84653,274.30444,300.0631,292.9862,295.44498,297.50266,335.02628,-127752.43,9037.866,3299.905,-83989.63,3100.0,1500.0,149745.31,3610.3481,22554.209,139655.62,30282.424,-13.864967,5887.001,66747.36,4829.5493
1240,2004-04-21,320.68982,331.0066,323.71133,322.8906,272.38855,344.8216,329.0981,292.8631,302.37842,304.9703,251.63055,320.7858,329.31696,326.4114,342.12503,329.88257,323.63336,321.47043,321.3033,306.88712,274.30444,300.0625,292.98608,295.4442,297.50305,335.02628,-128124.266,8837.855,3303.6182,-83989.66,3100.0,1500.0,149628.94,3607.1904,22711.525,140334.23,30290.332,-13.929871,5788.917,66748.3,4826.7476
1241,2004-04-28,320.72238,331.02142,323.7203,322.89993,272.3884,344.86685,329.0933,293.24225,302.38138,304.9722,251.63066,320.79156,329.3281,326.4281,342.1259,329.89777,323.64517,321.4949,321.3146,306.9093,274.30444,300.0619,292.98596,295.44833,297.5036,335.02628,-128379.93,8740.7705,3292.0103,-84001.9,3100.0,1500.0,149559.22,3604.5627,22806.805,140649.83,30278.8,-14.196709,5659.134,66767.24,4824.1562
1242,2004-05-05,320.71368,331.02374,323.7225,322.90137,272.3883,344.9305,329.09003,293.43167,302.38452,304.9695,251.63077,320.79642,329.3128,326.40488,342.1265,329.90604,323.657,321.48288,321.2902,306.85556,274.30444,300.06128,292.98575,295.4538,297.50473,335.02628,-128192.71,9017.604,3280.0542,-84020.766,3100.0,1500.0,149699.48,3602.6494,22572.078,139686.05,30251.752,-14.445595,5611.758,66784.58,4821.8315
1243,2004-05-12,320.71667,331.0304,323.7223,322.90152,272.3882,344.97705,329.08832,293.36972,302.38797,304.9692,251.63087,320.79816,329.3325,326.4271,342.12674,329.91327,323.66187,321.49136,321.31137,306.88596,274.30444,300.06073,292.98553,295.4585,297.50623,335.02628,-128398.71,8880.651,3272.9722,-84038.32,3100.0,1500.0,149491.39,3601.2478,22686.225,140418.08,30245.902,-14.621315,5686.6416,66795.27,4820.204
1244,2004-05-19,320.7393,331.04218,323.73038,322.91046,272.38818,345.01624,329.08817,293.25623,302.39194,304.97134,251.63095,320.80203,329.34665,326.44458,342.12714,329.9268,323.6679,321.5125,321.33087,306.9089,274.30444,300.0602,292.9853,295.46143,297.50797,335.02628,-128717.42,8776.106,3268.3296,-84047.305,3100.0,1500.0,149420.95,3600.2917,22782.438,140958.47,30242.742,-14.7211075,5706.526,66800.89,4819.6035
1245,2004-05-26,320.76526,331.05524,323.73868,322.9191,272.38818,345.04092,329.0895,293.38965,302.39624,304.9735,251.63101,320.8073,329.36215,326.4606,342.12762,329.94043,323.67773,321.53387,321.34326,306.93076,274.30444,300.0598,292.98502,295.46567,297.50995,335.02628,-128974.93,8677.906,3257.184,-84058.83,3100.0,1500.0,149292.23,3599.9275,22874.264,141332.05,30233.172,-14.907921,5637.921,66815.836,4819.565
1246,2004-06-02,320.75674,331.05542,323.7417,322.92114,272.3882,345.06094,329.09216,293.5491,302.40063,304.97183,251.63107,320.8122,329.35138,326.43613,342.12817,329.94446,323.6886,321.52527,321.3234,306.8838,274.30444,300.0596,292.98474,295.46924,297.51227,335.02628,-128829.53,8921.177,3245.344,-84076.76,3100.0,1500.0,149431.84,3600.2341,22670.982,140484.27,30210.451,-15.1191025,5589.07,66833.125,4819.61
1247,2004-06-09,320.76172,331.0599,323.74036,322.92062,272.3883,345.08017,329.09595,293.55817,302.4051,304.97253,251.63113,320.81424,329.3573,326.45984,342.1283,329.94727,323.6939,321.52823,321.33862,306.9132,274.30444,300.05948,292.9844,295.47278,297.51453,335.02628,-128979.01,8754.109,3237.5637,-84093.15,3100.0,1500.0,149319.31,3600.9873,22763.014,141094.6,30207.998,-15.271805,5611.934,66844.54,4819.657
1248,2004-06-16,320.76547,331.06845,323.74506,322.92572,272.3884,345.09293,329.10065,293.38623,302.4096,304.97308,251.63118,320.8176,329.36258,326.4629,342.12857,329.95724,323.69904,321.5385,321.34424,306.89362,274.30444,300.05933,292.9841,295.47678,297.5168,335.02628,-129109.766,8839.932,3230.4807,-84104.28,3100.0,1500.0,149267.48,3602.1309,22711.312,141094.11,30196.36,-15.344345,5704.337,66850.16,4819.6445
1249,2004-06-23,320.78854,331.07764,323.7497,322.93088,272.38855,345.10052,329.10608,293.36752,302.41406,304.9758,251.63124,320.82123,329.37445,326.4788,342.12894,329.96707,323.70486,321.55737,321.36023,306.94373,274.30444,300.0592,292.98376,295.48175,297.51913,335.02628,-129344.74,8637.11,3220.034,-84110.94,3100.0,1500.0,149170.25,3603.6057,22897.719,141675.08,30192.693,-15.4314575,5663.4336,66860.03,4819.449
1250,2004-06-30,320.7955,331.08084,323.75354,322.9342,272.38876,345.1026,329.11206,293.5608,302.41833,304.97653,251.6313,320.82535,329.37363,326.46793,342.12933,329.97177,323.7132,321.56375,321.3512,306.92355,274.30444,300.05923,292.98343,295.48563,297.5218,335.02628,-129319.5,8759.804,3204.7087,-84128.6,3100.0,1500.0,149212.12,3605.4304,22821.09,141255.64,30172.74,-15.627205,5597.248,66880.24,4819.037
1251,2004-07-07,320.7821,331.08023,323.75177,322.93265,272.38898,345.0885,329.1185,293.62646,302.42233,304.97537,251.63136,320.8276,329.36243,326.46863,342.12952,329.97363,323.7183,321.5511,321.34805,306.90027,274.30444,300.05945,292.9831,295.48697,297.52448,335.02628,-129275.23,8884.724,3197.3945,-84146.625,3100.0,1500.0,149269.1,3607.5757,22695.27,141016.3,30160.895,-15.756073,5586.052,66892.586,4818.5264
1252,2004-07-14,320.78558,331.08444,323.7522,322.93332,272.3892,345.0946,329.1251,293.38037,302.42612,304.97656,251.63142,320.82916,329.372,326.47693,342.12958,329.97513,323.7207,321.5576,321.35413,306.92505,274.30444,300.05978,292.98276,295.48697,297.52676,335.02628,-129350.875,8768.53,3196.6987,-84156.94,3100.0,1500.0,149162.73,3609.807,22788.838,141333.64,30168.367,-15.748245,5741.9185,66891.37,4818.2964
1253,2004-07-21,320.81046,331.09134,323.7569,322.93872,272.38947,345.0948,329.13174,293.25504,302.42975,304.97974,251.63148,320.8317,329.38382,326.49097,342.12976,329.98276,323.72366,321.57877,321.3731,306.95752,274.30444,300.0601,292.98245,295.49026,297.52878,335.02628,-129609.19,8611.157,3193.099,-84153.44,3100.0,1500.0,149089.55,3612.0654,22927.773,141929.39,30169.902,-15.711777,5708.884,66890.766,4818.371
1254,2004-07-28,320.8309,331.09848,323.76297,322.94504,272.38977,345.10477,329.13834,293.50415,302.43298,304.98227,251.63153,320.83572,329.39368,326.49896,342.13007,329.99146,323.72906,321.5963,321.38156,306.9646,274.30444,300.06052,292.98215,295.49542,297.5311,335.02628,-129793.04,8594.354,3174.7559,-84165.77,3100.0,1500.0,149039.92,3614.4177,22967.473,142105.89,30152.65,-15.891205,5622.781,66911.37,4818.5234
1255,2004-08-04,320.81204,331.093,323.76144,322.94266,272.39005,345.12405,329.14487,293.48843,302.43576,304.9804,251.63158,320.83896,329.36417,326.46954,342.1303,329.99,323.73428,321.57275,321.34903,306.9073,274.30444,300.061,292.98187,295.49487,297.53372,335.02628,-129468.555,8870.191,3169.067,-84182.03,3100.0,1500.0,149271.11,3616.9185,22698.807,140925.1,30139.947,-15.956314,5663.867,66919.83,4818.688
1256,2004-08-11,320.8115,331.0933,323.75815,322.93915,272.39035,345.14264,329.15134,293.28683,302.43826,304.98117,251.63162,320.83862,329.39,326.4886,342.13016,329.98596,323.73337,321.575,321.36386,306.94446,274.30444,300.06152,292.98163,295.49484,297.5358,335.02628,-129556.78,8686.979,3170.6924,-84186.03,3100.0,1500.0,149041.64,3619.3315,22835.625,141623.83,30150.875,-15.899696,5752.8193,66916.055,4818.866
1257,2004-08-18,320.83148,331.09778,323.7654,322.94614,272.39066,345.15973,329.1578,293.28375,302.44052,304.98398,251.63167,320.84042,329.41016,326.4942,342.13022,329.99176,323.7356,321.59637,321.37897,306.96423,274.3044,300.06198,292.9814,295.49658,297.53757,335.02628,-129788.6,8606.467,3165.6995,-84185.11,3100.0,1500.0,148991.06,3621.6199,22939.55,142046.1,30149.584,-15.896873,5704.364,66919.04,4819.115
1258,2004-08-25,320.8484,331.10376,323.77127,322.9522,272.39096,345.17172,329.16434,293.4813,302.4424,304.986,251.63168,320.8437,329.4172,326.50635,342.1304,329.99826,323.74057,321.61212,321.38785,306.97107,274.3044,300.06244,292.9812,295.49963,297.53943,335.02628,-129968.664,8588.126,3152.8162,-84194.98,3100.0,1500.0,148962.89,3623.9668,22977.145,142254.16,30138.74,-16.018219,5634.694,66933.4,4820.0137
1259,2004-09-01,320.83865,331.1018,323.76923,322.95032,272.39127,345.1744,329.17096,293.57495,302.444,304.98492,251.63173,320.84656,329.37793,326.48706,342.13058,330.0004,323.74557,321.599,321.35928,306.9328,274.3044,300.0629,292.98105,295.49963,297.54138,335.02628,-129691.1,8777.451,3146.6624,-84207.97,3100.0,1500.0,149198.86,3626.4324,22800.746,141268.9,30128.217,-16.10366,5608.6885,66942.63,4819.9443
1260,2004-09-08,320.83698,331.09845,323.764,322.94592,272.39157,345.18494,329.1776,293.53705,302.44543,304.98572,251.6317,320.8465,329.38617,326.48962,342.13052,329.9971,323.74557,321.5977,321.37814,306.95392,274.3044,300.06332,292.98096,295.5024,297.54303,335.02628,-129805.38,8664.026,3141.0896,-84216.44,3100.0,1500.0,149090.88,3628.862,22866.754,141837.17,30127.543,-16.150955,5649.4077,66947.22,4823.068
1261,2004-09-15,320.8425,331.0996,323.76495,322.94733,272.39188,345.1964,329.1844,293.38956,302.44693,304.98712,251.63167,320.84778,329.38248,326.49356,342.13043,329.99655,323.748,321.60583,321.37772,306.95557,274.3044,300.06384,292.98087,295.49982,297.54468,335.02628,-129833.78,8672.408,3142.1326,-84219.69,3100.0,1500.0,149108.64,3631.2622,22884.531,141801.69,30132.475,-16.123062,5709.3086,66944.93,4825.388
1262,2004-09-22,320.85382,331.104,323.76627,322.9495,272.39218,345.20596,329.19107,293.41092,302.44846,304.98853,251.63164,320.84927,329.38452,326.50436,342.13046,330.00095,323.75128,321.6189,321.39035,306.96976,274.3044,300.06436,292.98083,295.49863,297.5459,335.02628,-129987.68,8613.081,3142.5984,-84217.01,3100.0,1500.0,149062.66,3633.695,22952.244,142143.06,30137.148,-16.109108,5660.559,66943.555,4826.7456
1263,2004-09-29,320.8394,331.1046,323.76865,322.95187,272.3925,345.21652,329.19775,293.38953,302.4498,304.98703,251.63162,320.85156,329.38605,326.5013,342.1306,330.00452,323.75577,321.6181,321.38788,306.92447,274.3044,300.06488,292.98083,295.49808,297.5469,335.02628,-130005.4,8876.037,3141.3215,-84219.53,3100.0,1500.0,149079.8,3636.2036,22795.523,141763.8,30126.627,-16.116974,5715.354,66944.06,4827.793
1264,2004-10-06,320.8153,331.096,323.76392,322.94632,272.3928,345.2268,329.20435,293.2582,302.45096,304.98495,251.63159,320.8524,329.35742,326.47464,342.13058,329.99734,323.75854,321.58936,321.3573,306.897,274.3044,300.06534,292.98087,295.49896,297.54758,335.02628,-129647.6,8972.584,3142.83,-84214.63,3100.0,1500.0,149285.83,3638.7334,22627.238,140869.38,30125.92,-16.043571,5738.412,66938.65,4828.7886
1265,2004-10-13,320.81595,331.09564,323.75906,322.94208,272.39307,345.2362,329.21094,293.28006,302.4518,304.98666,251.63158,320.85046,329.37048,326.49258,342.1303,329.9935,323.75647,321.5908,321.37518,306.93475,274.3044,300.0659,292.98093,295.49866,297.54816,335.02628,-129749.42,8775.413,3140.2778,-84214.16,3100.0,1500.0,149119.78,3641.1255,22774.562,141615.34,30133.377,-16.043945,5730.381,66940.586,4829.9507
1266,2004-10-20,320.79745,331.09457,323.759,322.942,272.3933,345.2449,329.2175,292.91248,302.4524,304.98517,251.63153,320.85043,329.35056,326.48138,342.13028,329.99237,323.75717,321.58408,321.35623,306.88232,274.3044,300.06647,292.98105,295.49622,297.5487,335.02628,-129568.125,9069.281,3146.546,-84211.37,3100.0,1500.0,149274.8,3643.5605,22595.72,140809.11,30131.652,-15.881432,5948.674,66927.88,4831.54
1267,2004-10-27,320.7758,331.0898,323.75345,322.93604,272.39352,345.2464,329.22403,292.31717,302.4526,304.98346,251.63147,320.8487,329.3428,326.46768,342.13016,329.98828,323.75507,321.55795,321.345,306.87033,274.3044,300.06702,292.98117,295.48932,297.54868,335.02628,-129378.0,9085.312,3167.5571,-84187.336,3100.0,1500.0,149295.61,3646.0298,22499.408,140557.89,30156.736,-15.485413,6142.684,66896.516,4833.7627
1268,2004-11-03,320.7625,331.07013,323.74603,322.92767,272.39374,345.2056,329.23053,292.4021,302.45212,304.98328,251.63138,320.8458,329.32294,326.43448,342.12988,329.97543,323.75067,321.5397,321.32675,306.87234,274.30438,300.06754,292.98135,295.48367,297.54785,335.02628,-129071.34,9043.559,3178.7021,-84160.09,3100.0,1500.0,149533.5,3648.4202,22491.191,140095.83,30172.465,-15.270294,5979.181,66883.62,4836.298
1269,2004-11-10,320.7876,331.06888,323.74304,322.9254,272.3939,345.14136,329.23676,292.86118,302.4505,304.9871,251.63129,320.8421,329.3498,326.46957,342.12912,329.9664,323.74454,321.56165,321.3551,306.9344,274.30438,300.06808,292.98154,295.48865,297.5467,335.02628,-129299.69,8732.735,3164.3079,-84158.06,3100.0,1500.0,149274.25,3650.6846,22770.566,141258.23,30170.553,-15.348572,5830.292,66896.97,4838.7104
1270,2004-11-17,320.7792,331.07016,323.74527,322.92828,272.39398,345.11578,329.2425,292.4829,302.44794,304.9863,251.6312,320.84204,329.32095,326.45056,342.129,329.96628,323.74448,321.56772,321.34357,306.87616,274.30438,300.06863,292.98175,295.48465,297.5463,335.02628,-129226.305,9079.279,3168.9514,-84162.77,3100.0,1500.0,149500.84,3652.9968,22596.283,140473.1,30167.037,-15.171745,6118.026,66885.43,4840.596
1271,2004-11-24,320.76865,331.05545,323.7375,322.92047,272.39404,345.08502,329.24738,291.51886,302.445,304.98508,251.63112,320.8405,329.30112,326.42337,342.12885,329.9589,323.74283,321.55145,321.3323,306.87762,274.30438,300.0691,292.98203,295.4725,297.54538,335.02628,-129017.1,9030.141,3204.4766,-84129.984,3100.0,1500.0,149664.14,3655.202,22557.234,140171.05,30212.51,-14.555267,6476.4146,66833.945,4841.98
1272,2004-12-01,320.73544,331.03152,323.72626,322.90762,272.39407,345.05353,329.25122,291.03412,302.4416,304.9813,251.63103,320.83646,329.27808,326.3985,342.1281,329.94092,323.73627,321.51105,321.28415,306.82178,274.30438,300.0695,292.98227,295.46118,297.54333,335.02628,-128391.98,9274.642,3236.8667,-84078.24,3100.0,1500.0,149886.47,3657.1785,22306.062,138873.7,30239.89,-13.977104,6552.741,66789.84,4843.146
1273,2004-12-08,320.7487,331.02548,323.721,322.9034,272.39404,345.01453,329.25375,291.48773,302.43698,304.98383,251.63095,320.83026,329.30045,326.42618,342.12708,329.92947,323.72528,321.5246,321.32825,306.89987,274.30438,300.06976,292.98257,295.46274,297.5404,335.02628,-128701.336,8868.384,3236.4048,-84043.45,3100.0,1500.0,149685.88,3658.6318,22636.428,140450.05,30251.729,-13.806694,6233.388,66786.484,4844.1963
1274,2004-12-15,320.74585,331.02658,323.72467,322.90686,272.39395,344.98148,329.25476,291.9172,302.4309,304.98404,251.63086,320.8288,329.29132,326.42902,342.12665,329.91907,323.72275,321.52246,321.30133,306.85233,274.30438,300.07007,292.98288,295.46204,297.53824,335.02628,-128509.54,9115.573,3224.794,-84049.734,3100.0,1500.0,149786.02,3659.6733,22478.957,139611.53,30235.396,-13.84623,6195.8154,66799.26,4845.2266
1275,2004-12-22,320.72394,331.0123,323.71793,322.89948,272.39377,344.9623,329.25403,291.33374,302.424,304.9814,251.63078,320.82562,329.26178,326.39603,342.12637,329.9076,323.71927,321.50763,321.2823,306.83215,274.30438,300.0703,292.9832,295.4548,297.53625,335.02628,-128198.336,9216.351,3246.2715,-84038.52,3100.0,1500.0,150027.03,3660.3342,22402.154,138969.98,30258.15,-13.441444,6500.0796,66767.48,4846.3936
1276,2004-12-29,320.68396,330.9962,323.7049,322.88684,272.39355,344.93365,329.25168,290.59378,302.41702,304.9769,251.63068,320.82034,329.2284,326.37695,342.12576,329.89478,323.71268,321.4747,321.26465,306.7769,274.30438,300.07043,292.9835,295.44278,297.5336,335.02628,-127847.9,9473.575,3282.2578,-83997.375,3100.0,1500.0,150192.95,3660.4194,22171.068,138262.92,30287.703,-12.840446,6748.385,66718.46,4847.719
1277,2005-01-05,320.72092,330.95938,323.69986,322.8712,272.39328,344.9115,329.24777,290.89474,302.40982,304.9796,251.6316,320.8126,329.31815,326.2604,342.1251,329.858,323.70145,321.49704,321.21054,306.8877,274.3044,300.0704,292.98383,295.4351,297.52985,335.02628,-127041.555,8893.454,3300.484,-83957.84,3100.0,1500.0,149874.89,3659.7202,22636.53,137615.44,30333.715,-12.554123,6394.903,66699.67,4799.945
1278,2005-01-12,320.72223,330.95316,323.6838,322.86316,272.39297,344.93933,329.24234,291.7954,302.40204,304.97836,251.63097,320.80225,329.20602,326.35696,342.12402,329.83838,323.68512,321.49335,321.25858,306.82904,274.3044,300.07028,292.98416,295.4432,297.5264,335.02628,-127379.63,9203.125,3276.918,-83957.12,3100.0,1500.0,150470.89,3658.516,22438.537,138564.16,30290.207,-12.801476,6141.889,66727.555,4849.4062
1279,2005-01-19,320.70642,330.96225,323.6859,322.8655,272.39258,344.90506,329.2353,292.05048,302.39404,304.9771,251.63065,320.79907,329.23944,326.34326,342.12366,329.8406,323.6782,321.48663,321.24332,306.8188,274.3044,300.07013,292.98447,295.4463,297.52414,335.02628,-127276.68,9264.374,3268.3257,-83971.12,3100.0,1500.0,150080.9,3656.7903,22405.82,138200.19,30277.346,-12.905739,6078.1934,66739.02,4850.1055
1280,2005-01-26,320.63025,330.95773,323.6758,322.85455,272.39218,344.8516,329.22662,292.19275,302.38693,304.9691,251.63054,320.7945,329.16904,326.2958,342.12384,329.83322,323.6699,321.41635,321.19135,306.68793,274.3044,300.06992,292.98477,295.44397,297.5225,335.02628,-126610.73,9878.986,3271.3452,-83981.75,3100.0,1500.0,150517.33,3654.654,21825.775,136192.4,30254.852,-12.997139,6053.373,66743.47,4850.0215
1281,2005-02-02,320.57172,330.93982,323.65567,322.83542,272.39178,344.8001,329.21643,292.20557,302.38132,304.9651,251.63048,320.78528,329.13193,326.27658,342.12366,329.8212,323.65176,321.359,321.18283,306.6962,274.3044,300.06952,292.98508,295.44058,297.52017,335.02628,-126233.28,9759.257,3283.8828,-83981.42,3100.0,1500.0,150674.69,3651.813,21777.797,136137.25,30270.527,-13.011787,6056.6187,66736.836,4849.46
1282,2005-02-09,320.53708,330.92627,323.64713,322.82742,272.3914,344.76395,329.20505,292.20523,302.37735,304.96335,251.63042,320.77658,329.1402,326.28745,342.12292,329.81024,323.6315,321.3367,321.18417,306.68668,274.3044,300.069,292.98535,295.4388,297.51733,335.02628,-126124.484,9797.165,3293.2861,-83975.516,3100.0,1500.0,150618.88,3648.2773,21760.373,136319.84,30275.209,-13.029655,6060.2393,66729.9,4848.655
1283,2005-02-16,320.59494,330.9395,323.65842,322.8388,272.39105,344.7493,329.19287,292.31683,302.37476,304.97064,251.63037,320.77182,329.21936,326.34683,342.12234,329.81683,323.61746,321.38815,321.2412,306.83466,274.3044,300.06845,292.9856,295.4419,297.51443,335.02628,-126791.98,9043.406,3291.6602,-83970.28,3100.0,1500.0,150102.64,3644.077,22392.791,138719.38,30300.254,-13.117111,5995.8096,66730.86,4847.7524
1284,2005-02-23,320.58145,330.94583,323.6687,322.84732,272.39075,344.73865,329.18018,292.4268,302.37323,304.9675,251.63034,320.77298,329.18542,326.31552,342.12262,329.8266,323.6169,321.3714,321.18994,306.71457,274.3044,300.06793,292.9858,295.44055,297.51257,335.02628,-126424.18,9667.399,3290.6157,-83975.31,3100.0,1500.0,150498.81,3639.8298,21952.938,136703.38,30273.674,-13.243454,5982.8794,66735.83,4846.884
1285,2005-03-02,320.53525,330.93762,323.66144,322.83902,272.39044,344.73022,329.16727,292.3781,302.3726,304.9619,251.63031,320.76917,329.18698,326.30765,342.12265,329.82162,323.61066,321.3239,321.18207,306.6915,274.3044,300.06735,292.986,295.43805,297.51062,335.02628,-126218.65,9729.378,3302.8062,-83973.414,3100.0,1500.0,150464.77,3635.5242,21795.002,136570.45,30279.385,-13.251915,6005.3696,66728.71,4846.0933
1286,2005-03-09,320.52914,330.93243,323.6596,322.83698,272.39014,344.7549,329.1544,292.41028,302.37265,304.96207,251.63028,320.7652,329.19363,326.30426,342.1224,329.81717,323.6016,321.32065,321.1915,306.73352,274.3044,300.06668,292.98615,295.43625,297.5083,335.02628,-126254.41,9499.952,3311.5125,-83967.36,3100.0,1500.0,150436.11,3630.8345,21963.98,137059.42,30294.154,-13.279694,5976.081,66723.65,4845.2793
1287,2005-03-16,320.57895,330.94455,323.66702,322.8455,272.3899,344.7644,329.14175,292.43616,302.37317,304.9669,251.63025,320.7638,329.2358,326.34576,342.12234,329.8233,323.59686,321.36957,321.2371,306.82242,274.3044,300.06595,292.98624,295.43945,297.5061,335.02628,-126799.49,9080.278,3310.2356,-83964.73,3100.0,1500.0,150108.11,3625.9695,22380.793,138679.33,30305.021,-13.349403,5988.6143,66724.09,4844.324
1288,2005-03-23,320.58426,330.95605,323.67996,322.85895,272.38965,344.73233,329.12964,292.48822,302.37396,304.96622,251.63025,320.7673,329.24408,326.35974,342.12286,329.8316,323.6011,321.36588,321.2404,306.76688,274.30444,300.0653,292.9863,295.4379,297.5048,335.02628,-127040.445,9343.428,3312.4424,-83964.68,3100.0,1500.0,150138.73,3621.342,22155.643,138434.1,30293.184,-13.412102,5941.303,66725.3,4843.083
1289,2005-03-30,320.5951,330.95486,323.6844,322.8622,272.3894,344.69965,329.11835,292.68985,302.375,304.9666,251.63026,320.77026,329.25043,326.3446,342.12326,329.8352,323.60455,321.36383,321.23636,306.8128,274.30444,300.06467,292.98633,295.43698,297.5036,335.02628,-127052.24,9084.584,3314.8804,-83967.59,3100.0,1500.0,150166.81,3616.9163,22301.389,138543.14,30304.318,-13.527481,5860.957,66729.43,4840.8794
1290,2005-04-06,320.62018,330.95642,323.68536,322.86237,272.38916,344.71786,329.10797,292.86978,302.37622,304.96753,251.63033,320.77155,329.2617,326.33954,342.1233,329.83398,323.60648,321.39124,321.2416,306.8385,274.30444,300.064,292.98633,295.43887,297.5026,335.02628,-127102.87,8997.15,3311.9775,-83973.125,3100.0,1500.0,150114.94,3612.6753,22456.012,138718.77,30301.635,-13.675972,5799.557,66736.12,4837.3936
1291,2005-04-13,320.63992,330.96497,323.68854,322.86655,272.38895,344.78903,329.0987,292.96765,302.37778,304.96735,251.63042,320.77295,329.26767,326.36566,342.12344,329.84088,323.6097,321.41168,321.25598,306.84076,274.30444,300.0634,292.98627,295.4447,297.50214,335.02628,-127308.49,9012.03,3303.8516,-83982.49,3100.0,1500.0,150032.97,3608.7817,22489.23,139080.8,30286.518,-13.852531,5786.7305,66746.44,4833.3926
1292,2005-04-20,320.65152,330.98303,323.69742,322.87585,272.38876,344.80774,329.09076,292.82492,302.37973,304.96677,251.63052,320.77603,329.29514,326.38776,342.1239,329.857,323.6158,321.43564,321.27664,306.8436,274.30444,300.06277,292.98618,295.44504,297.50238,335.02628,-127637.93,9048.405,3304.665,-83992.18,3100.0,1500.0,149775.95,3605.2683,22538.229,139559.69,30281.967,-13.931908,5883.98,66748.7,4829.743
1293,2005-04-27,320.68277,331.00198,323.70847,322.88745,272.38858,344.8087,329.0845,292.872,302.3822,304.96848,251.63063,320.78104,329.31387,326.40692,342.12476,329.8767,323.62457,321.46307,321.29843,306.8843,274.30444,300.06216,292.98605,295.44418,297.50272,335.02628,-128018.555,8847.814,3307.7969,-83991.555,3100.0,1500.0,149656.78,3602.1565,22696.412,140245.94,30290.154,-13.988037,5786.254,66749.25,4826.9365
1294,2005-05-04,320.71548,331.01727,323.71765,322.89706,272.38846,344.85394,329.0799,293.24988,302.3849,304.97037,251.63074,320.78708,329.3253,326.42398,342.12564,329.8925,323.6369,321.48776,321.3101,306.9066,274.30444,300.06158,292.98587,295.4482,297.5032,335.02628,-128282.055,8750.152,3296.653,-84003.59,3100.0,1500.0,149584.48,3599.587,22792.516,140568.33,30278.867,-14.247269,5656.766,66767.86,4824.338
1295,2005-05-11,320.7069,331.02,323.7201,322.8987,272.38834,344.9176,329.07684,293.43823,302.38773,304.9677,251.63084,320.79224,329.31024,326.4011,342.1263,329.90128,323.64923,321.47598,321.28598,306.85294,274.30444,300.061,292.98566,295.4536,297.5043,335.02628,-128101.82,9026.333,3285.1611,-84021.75,3100.0,1500.0,149722.38,3597.74,22558.574,139610.53,30252.035,-14.489746,5609.6377,66784.88,4822.009
1296,2005-05-18,320.71008,331.02698,323.72003,322.89905,272.38824,344.9642,329.07535,293.37546,302.39093,304.96747,251.63095,320.79425,329.33014,326.42365,342.12656,329.90897,323.6545,321.48468,321.30746,306.88342,274.30444,300.06046,292.98544,295.45822,297.50574,335.02628,-128313.984,8888.955,3277.8484,-84039.195,3100.0,1500.0,149512.36,3596.4094,22673.447,140348.0,30246.379,-14.659554,5684.739,66795.31,4820.376
1297,2005-05-25,320.73285,331.03906,323.72827,322.90814,272.3882,345.00345,329.0754,293.26123,302.39462,304.9696,251.63103,320.79837,329.34448,326.4414,342.12698,329.92285,323.66098,321.50607,321.32724,306.90646,274.30444,300.05994,292.98517,295.46112,297.50745,335.02628,-128638.586,8783.873,3273.6685,-84047.72,3100.0,1500.0,149440.2,3595.529,22770.346,140893.27,30243.383,-14.754196,5704.7993,66800.68,4819.7705
1298,2005-06-01,320.75897,331.0524,323.73676,322.917,272.3882,345.0282,329.07697,293.39407,302.39868,304.9718,251.63109,320.80386,329.36017,326.45764,342.12747,329.93683,323.67117,321.52765,321.33984,306.92844,274.30444,300.05954,292.9849,295.4653,297.5094,335.02628,-128901.47,8685.249,3262.059,-84059.016,3100.0,1500.0,149309.73,3595.2417,22862.83,141271.28,30233.963,-14.936607,5636.342,66815.41,4819.728
1299,2005-06-08,320.75064,331.0528,323.7399,322.91916,272.38824,345.04825,329.07986,293.55298,302.40286,304.97018,251.63115,320.809,329.34952,326.4334,342.12802,329.94116,323.6824,321.5193,321.3202,306.8815,274.30444,300.05933,292.9846,295.46884,297.51166,335.02628,-128760.93,8928.175,3250.7983,-84076.59,3100.0,1500.0,149448.19,3595.626,22660.176,140427.44,30211.371,-15.143768,5587.6226,66832.51,4819.767
1300,2005-06-15,320.7558,331.05753,323.73868,322.91876,272.3883,345.06754,329.08386,293.56158,302.4071,304.97092,251.6312,320.81122,329.3556,326.45728,342.12817,329.94424,323.68805,321.52246,321.33563,306.91104,274.30444,300.0592,292.98428,295.47235,297.5139,335.02628,-128914.67,8760.842,3243.019,-84092.92,3100.0,1500.0,149334.36,3596.4573,22752.78,141041.34,30209.025,-15.293037,5610.6045,66843.75,4819.812
1301,2005-06-22,320.75977,331.06625,323.74347,322.924,272.38843,345.08032,329.08875,293.38925,302.41144,304.9715,251.63126,320.81476,329.361,326.4605,342.12845,329.95444,323.6935,321.53296,321.3414,306.8915,274.30444,300.05905,292.98395,295.47632,297.51614,335.02628,-129049.484,8846.274,3236.0552,-84103.74,3100.0,1500.0,149281.28,3597.6785,22701.625,141044.06,30197.486,-15.362419,5703.1104,66849.21,4819.7964
1302,2005-06-29,320.78302,331.0756,323.7482,322.92926,272.38858,345.08798,329.09436,293.3702,302.4157,304.97424,251.6313,320.81854,329.37296,326.4766,342.12885,329.9645,323.69962,321.55203,321.35757,306.94168,274.30444,300.05893,292.9836,295.48126,297.51846,335.02628,-129288.15,8643.109,3225.837,-84110.37,3100.0,1500.0,149183.12,3599.23,22888.553,141628.05,30193.906,-15.446785,5662.2944,66858.93,4819.5957
1303,2005-07-06,320.79016,331.07895,323.75217,322.93268,272.38876,345.0901,329.10052,293.56317,302.41983,304.97504,251.63136,320.82285,329.37222,326.46585,342.12924,329.96936,323.70822,321.5586,321.3487,306.9216,274.30444,300.05896,292.98328,295.4851,297.5211,335.02628,-129266.26,8765.416,3209.8184,-84127.74,3100.0,1500.0,149223.9,3601.1245,22812.418,141211.31,30174.027,-15.640015,5596.1855,66879.02,4819.1816
1304,2005-07-13,320.77692,331.07846,323.75046,322.9312,272.38898,345.076,329.1071,293.6286,302.42368,304.97388,251.63142,320.82526,329.36115,326.4667,342.12943,329.9714,323.7136,321.54614,321.34567,306.89838,274.30444,300.05917,292.98294,295.48642,297.52374,335.02628,-129225.14,8890.108,3202.2712,-84145.67,3100.0,1500.0,149280.31,3603.3318,22687.064,140974.53,30162.242,-15.766731,5585.0596,66891.266,4818.6665
1305,2005-07-20,320.78058,331.0828,323.75098,322.93198,272.3892,345.08212,329.11386,293.38226,302.42734,304.9751,251.63148,320.82697,329.3708,326.47513,342.1295,329.97305,323.71622,321.55286,321.35187,306.92322,274.30444,300.05948,292.9826,295.48642,297.52603,335.02628,-129303.734,8773.722,3202.2722,-84155.945,3100.0,1500.0,149173.19,3605.6191,22781.066,141294.16,30169.773,-15.756935,5740.99,66889.94,4818.434
1306,2005-07-27,320.80563,331.0898,323.75577,322.93744,272.38947,345.08234,329.12067,293.2567,302.43085,304.9783,251.63155,320.82962,329.38266,326.48926,342.1297,329.9808,323.71942,321.57422,321.37097,306.95578,274.30444,300.0598,292.98227,295.4897,297.528,335.02628,-129564.695,8616.193,3198.2097,-84152.23,3100.0,1500.0,149099.02,3607.934,22920.424,141891.97,30171.35,-15.718796,5708.0127,66889.26,4818.504
1307,2005-08-03,320.82623,331.09705,323.7619,322.94385,272.38974,345.09232,329.12744,293.50565,302.43396,304.98083,251.63159,320.83374,329.39258,326.49738,342.12997,329.98965,323.72504,321.59195,321.37958,306.9629,274.30444,300.0602,292.982,295.49484,297.53036,335.02628,-129750.83,8599.124,3179.7476,-84164.44,3100.0,1500.0,149048.69,3610.3447,22960.518,142070.4,30154.143,-15.896645,5621.9585,66909.79,4818.655
1308,2005-08-10,320.80756,331.09164,323.76044,322.94153,272.39005,345.11163,329.13412,293.48978,302.43665,304.979,251.63164,320.8371,329.36316,326.46802,342.13025,329.9883,323.73047,321.56857,321.34714,306.90564,274.30444,300.0607,292.9817,295.49426,297.53296,335.02628,-129428.81,8874.612,3173.942,-84180.664,3100.0,1500.0,149279.8,3612.9055,22692.236,140891.6,30141.473,-15.960388,5663.091,66918.18,4818.8184
1309,2005-08-17,320.8072,331.09204,323.7572,322.9381,272.39032,345.13022,329.14075,293.28802,302.43906,304.9798,251.63168,320.83688,329.38904,326.48715,342.1301,329.98438,323.72974,321.57098,321.36206,306.94287,274.30444,300.0612,292.98145,295.49423,297.53503,335.02628,-129519.266,8691.324,3175.6846,-84184.69,3100.0,1500.0,149049.52,3615.3794,22829.393,141592.0,30152.42,-15.902481,5752.0845,66914.34,4818.994
1310,2005-08-24,320.82733,331.0966,323.7645,322.94513,272.39062,345.14737,329.14737,293.28482,302.44125,304.98264,251.63173,320.83878,329.40924,326.49286,342.13016,329.99026,323.73212,321.5925,321.37726,306.96274,274.30444,300.06168,292.98123,295.49597,297.53677,335.02628,-129753.07,8610.581,3170.691,-84183.63,3100.0,1500.0,148998.45,3617.7256,22933.656,142015.81,30151.152,-15.898666,5703.6675,66917.28,4819.24
1311,2005-08-31,320.8444,331.10263,323.77042,322.95126,272.39093,345.1594,329.15408,293.48224,302.44305,304.98465,251.63174,320.84213,329.41632,326.50507,342.13034,329.99683,323.73727,321.6084,321.38623,306.9696,274.30444,300.0621,292.98105,295.49902,297.53864,335.02628,-129934.98,8592.05,3157.6924,-84193.33,3100.0,1500.0,148969.89,3620.1272,22971.576,142225.42,30140.328,-16.019028,5634.03,66931.59,4820.1357
1312,2005-09-07,320.8348,331.10074,323.76843,322.94943,272.39124,345.1621,329.16083,293.57574,302.44458,304.9836,251.63179,320.8451,329.37717,326.48587,342.13052,329.99908,323.74243,321.59546,321.35776,306.9314,274.30444,300.06253,292.9809,295.499,297.5406,335.02628,-129659.46,8781.258,3151.3054,-84206.29,3100.0,1500.0,149205.7,3622.6465,22795.553,141241.94,30129.818,-16.103508,5608.0703,66940.77,4820.0645
1313,2005-09-14,320.83328,331.09747,323.76328,322.9451,272.39154,345.17264,329.16763,293.53775,302.44595,304.98444,251.63176,320.84512,329.3854,326.4885,342.13046,329.99585,323.74258,321.59427,321.37668,306.95255,274.30444,300.06296,292.98077,295.50177,297.54224,335.02628,-129775.195,8667.64,3145.964,-84214.56,3100.0,1500.0,149097.12,3625.131,22861.79,141811.33,30129.158,-16.149971,5648.812,66945.33,4823.1855
1314,2005-09-21,320.83896,331.09866,323.76422,322.94653,272.39185,345.18417,329.1744,293.39017,302.4474,304.98584,251.63173,320.84647,329.38174,326.4925,342.1304,329.99536,323.74515,321.60257,321.37634,306.95425,274.3044,300.06348,292.98068,295.4992,297.54388,335.02628,-129805.18,8675.869,3147.3591,-84217.97,3100.0,1500.0,149114.55,3627.5728,22879.828,141777.06,30134.09,-16.121399,5708.739,66943.03,4825.5044
1315,2005-09-28,320.85037,331.10312,323.76556,322.94873,272.39215,345.19376,329.18124,293.41147,302.44885,304.9873,251.6317,320.84805,329.38382,326.50333,342.13043,329.99985,323.74857,321.61575,321.38904,306.96848,274.3044,300.064,292.98065,295.49802,297.5451,335.02628,-129960.445,8616.427,3147.8245,-84215.12,3100.0,1500.0,149068.25,3630.034,22947.795,142119.61,30138.77,-16.10685,5660.0127,66941.63,4826.859
1316,2005-10-05,320.8361,331.10376,323.768,322.95117,272.39243,345.20435,329.18805,293.38998,302.45016,304.9858,251.63167,320.8504,329.3854,326.50034,342.13055,330.00345,323.7532,321.6151,321.38663,306.92322,274.3044,300.06448,292.98062,295.49744,297.54608,335.02628,-129979.67,8879.229,3146.198,-84217.76,3100.0,1500.0,149085.1,3632.5837,22791.318,141741.45,30128.248,-16.114174,5714.829,66942.12,4827.904
1317,2005-10-12,320.81213,331.0952,323.7633,322.94565,272.39273,345.21463,329.19482,293.2586,302.45126,304.98373,251.63165,320.85126,329.35684,326.47372,342.13052,329.99634,323.75607,321.58646,321.3561,306.8958,274.3044,300.06494,292.98065,295.49832,297.54675,335.02628,-129623.13,8975.657,3147.7063,-84212.66,3100.0,1500.0,149290.95,3635.1677,22623.258,140848.11,30127.541,-16.040146,5737.9067,66936.69,4828.8975
1318,2005-10-19,320.81293,331.09488,323.75848,322.94144,272.39297,345.2241,329.2016,293.28043,302.45212,304.98547,251.63162,320.84943,329.3699,326.4917,342.13025,329.99255,323.75412,321.588,321.37405,306.9336,274.3044,300.0655,292.98074,295.49802,297.54733,335.02628,-129726.17,8778.259,3145.5012,-84212.25,3100.0,1500.0,149124.6,3637.6191,22770.799,141595.08,30134.992,-16.040161,5729.8955,66938.62,4830.0586
1319,2005-10-26,320.79453,331.09387,323.75845,322.94138,272.39322,345.23282,329.20828,292.91275,302.45264,304.984,251.63158,320.84943,329.35,326.48053,342.13022,329.99146,323.75494,321.58142,321.35513,306.88123,274.3044,300.06604,292.98083,295.4956,297.54788,335.02628,-129546.09,9072.126,3150.9565,-84209.54,3100.0,1500.0,149279.38,3640.1094,22592.16,140789.98,30133.262,-15.877335,5948.2056,66925.91,4831.6455
1320,2005-11-02,320.77298,331.0891,323.7529,322.93546,272.39346,345.23438,329.2149,292.31744,302.45285,304.98233,251.63152,320.84775,329.3423,326.4669,342.13013,329.98743,323.75293,321.5554,321.34396,306.86923,274.3044,300.0666,292.98096,295.4887,297.54785,335.02628,-129357.06,9088.008,3172.5515,-84185.44,3100.0,1500.0,149299.95,3642.6243,22496.04,140539.44,30158.344,-15.4808655,6142.2314,66894.55,4833.8677
1321,2005-11-09,320.75983,331.0695,323.74554,322.92712,272.39365,345.1936,329.2215,292.4023,302.45233,304.98215,251.63144,320.8449,329.32245,326.43375,342.12985,329.97464,323.74863,321.53726,321.32578,306.8713,274.3044,300.06714,292.9811,295.48306,297.54703,335.02628,-129051.28,9046.172,3183.5781,-84158.4,3100.0,1500.0,149537.7,3645.055,22488.006,140078.22,30174.059,-15.26545,5978.7476,66881.64,4836.4014
1322,2005-11-16,320.785,331.06827,323.74258,322.9249,272.3938,345.1294,329.22787,292.86133,302.45068,304.98596,251.63133,320.84125,329.3493,326.46887,342.1291,329.96564,323.74258,321.55933,321.35416,306.93338,274.3044,300.06766,292.98132,295.48804,297.54587,335.02628,-129280.69,8735.232,3168.9512,-84156.2,3100.0,1500.0,149278.23,3647.363,22767.555,141241.45,30172.135,-15.343422,5829.8745,66894.99,4838.8115
1323,2005-11-23,320.7767,331.06958,323.74484,322.9278,272.3939,345.10382,329.23373,292.48303,302.44806,304.9852,251.63124,320.84122,329.32053,326.4499,342.12897,329.96555,323.7426,321.5655,321.34268,306.8752,274.3044,300.0682,292.98154,295.48407,297.54547,335.02628,-129208.22,9081.623,3173.247,-84160.805,3100.0,1500.0,149504.7,3649.7212,22593.445,140457.08,30168.611,-15.166382,6117.6177,66883.45,4840.6953
1324,2005-11-30,320.76627,331.0549,323.73706,322.92,272.39395,345.0731,329.23877,291.51895,302.44513,304.984,251.63116,320.83975,329.3007,326.42273,342.1288,329.9582,323.74106,321.54932,321.33145,306.87668,274.3044,300.06863,292.98178,295.47192,297.5446,335.02628,-128999.88,9032.522,3209.3525,-84127.99,3100.0,1500.0,149667.7,3651.973,22554.555,140155.77,30214.068,-14.549721,6476.019,66831.97,4842.077
1325,2005-12-07,320.73315,331.031,323.72583,322.90717,272.39398,345.04163,329.2427,291.03418,302.4417,304.98022,251.63107,320.83572,329.27768,326.3979,342.12808,329.94028,323.73456,321.50897,321.28333,306.8209,274.3044,300.06903,292.98203,295.4606,297.54254,335.02628,-128375.53,9276.947,3240.9297,-84076.445,3100.0,1500.0,149889.83,3653.9963,22303.53,138859.06,30241.438,-13.971336,6552.36,66787.875,4843.241
1326,2005-12-14,320.7465,331.02496,323.7206,322.90298,272.39395,345.00266,329.2454,291.48776,302.43707,304.9828,251.631,320.82956,329.30005,326.4256,342.12704,329.92883,323.72366,321.52264,321.32745,306.899,274.3044,300.0693,292.9823,295.46216,297.5396,335.02628,-128685.79,8870.424,3240.5815,-84041.35,3100.0,1500.0,149689.08,3655.4963,22634.033,140436.06,30253.266,-13.800774,6233.0234,66784.53,4844.2915
1327,2005-12-21,320.7437,331.0261,323.72433,322.90646,272.39386,344.96964,329.2465,291.9172,302.43097,304.983,251.63092,320.82816,329.29095,326.42844,342.12662,329.91846,323.72122,321.52057,321.3006,306.85147,274.3044,300.0696,292.9826,295.46146,297.53748,335.02628,-128494.664,9117.689,3229.2046,-84047.88,3100.0,1500.0,149789.06,3656.5825,22476.703,139598.17,30236.916,-13.840248,6195.4585,66797.305,4845.319
1328,2005-12-28,320.72192,331.01184,323.7176,322.89908,272.39368,344.9505,329.24588,291.3337,302.42407,304.9804,251.63083,320.825,329.26144,326.39548,342.12634,329.90704,323.7178,321.5058,321.2816,306.83133,274.3044,300.06985,292.9829,295.45422,297.5355,335.02628,-128184.04,9218.428,3250.4487,-84036.48,3100.0,1500.0,150029.94,3657.2874,22400.027,138957.23,30259.656,-13.435341,6499.732,66765.53,4846.4854
1329,2006-01-04,320.682,330.99573,323.70456,322.88647,272.39343,344.9219,329.24365,290.59375,302.41708,304.97592,251.63072,320.81976,329.22806,326.37646,342.12573,329.89426,323.71127,321.47296,321.26398,306.7761,274.3044,300.06995,292.98322,295.4422,297.5328,335.02628,-127834.31,9475.575,3286.436,-83995.47,3100.0,1500.0,150195.7,3657.415,22169.1,138250.72,30289.191,-12.8341675,6748.0474,66716.52,4847.8105
1330,2006-01-11,320.6838,330.99426,323.69614,322.88013,272.3932,344.88846,329.23987,290.6966,302.40988,304.97684,251.63063,320.8141,329.2171,326.39105,342.12518,329.88965,323.70203,321.4708,321.28302,306.8318,274.3044,300.06995,292.98355,295.43787,297.5291,335.02628,-127914.914,9160.215,3303.5015,-83949.81,3100.0,1500.0,150091.47,3656.7869,22378.225,139086.97,30315.996,-12.495682,6521.4224,66694.41,4848.9873
1331,2006-01-18,320.69095,330.99542,323.69852,322.87955,272.39285,344.8547,329.23462,291.49667,302.402,304.97726,251.63054,320.81082,329.25513,326.36838,342.1252,329.8839,323.69638,321.4813,321.26205,306.82266,274.3044,300.06992,292.98386,295.4407,297.5257,335.02628,-127696.11,9231.844,3288.643,-83944.97,3100.0,1500.0,149874.16,3655.5894,22402.23,138606.42,30297.58,-12.632462,6224.67,66714.31,4849.6963
1332,2006-01-25,320.62378,330.98553,323.68713,322.8668,272.3925,344.82016,329.22787,291.8968,302.39383,304.96942,251.63046,320.80545,329.1837,326.31693,342.12534,329.869,323.68747,321.41684,321.2075,306.69177,274.3044,300.0698,292.98416,295.43942,297.52307,335.02628,-126972.82,9851.267,3285.9736,-83957.336,3100.0,1500.0,150359.84,3654.1187,21838.56,136542.56,30269.932,-12.724564,6127.7056,66724.36,4849.6865
1333,2006-02-01,320.5699,330.9632,323.66568,322.84616,272.39206,344.7826,329.21948,292.02832,302.38617,304.96555,251.6304,320.79553,329.14478,326.29468,342.125,329.85104,323.66852,321.36246,321.19708,306.69992,274.30444,300.0695,292.98447,295.4369,297.5201,335.02628,-126553.16,9734.571,3295.1426,-83961.24,3100.0,1500.0,150544.44,3651.965,21796.895,136442.1,30282.246,-12.745064,6100.4424,66721.414,4849.1724
1334,2006-02-08,320.5379,330.94598,323.6559,322.83685,272.39166,344.75494,329.20953,292.08957,302.37982,304.96393,251.63036,320.7862,329.15125,326.30298,342.12408,329.83533,323.6474,321.3418,321.19684,306.69025,274.30444,300.06903,292.98477,295.4358,297.5169,335.02628,-126408.44,9775.174,3301.6475,-83958.805,3100.0,1500.0,150507.8,3649.078,21781.746,136585.38,30284.635,-12.779007,6088.6226,66717.15,4848.4014
1335,2006-02-15,320.59753,330.95627,323.6662,322.84714,272.39124,344.74533,329.19852,292.2364,302.37503,304.97137,251.63031,320.78082,329.22888,326.3603,342.12332,329.83817,323.6325,321.39426,321.25253,306.83807,274.30444,300.06848,292.98502,295.4394,297.51382,335.02628,-127045.77,9023.5625,3298.046,-83956.23,3100.0,1500.0,150009.8,3645.4348,22414.775,138952.56,30308.012,-12.887939,6015.4614,66720.11,4847.5234
1336,2006-02-22,320.58517,330.9601,323.67554,322.85468,272.39087,344.73767,329.1867,292.36832,302.37173,304.96835,251.63028,320.78137,329.19373,326.32727,342.12344,329.84476,323.6311,321.378,321.20013,306.71786,274.30444,300.06796,292.98526,295.43845,297.51187,335.02628,-126651.695,9649.56,3294.9111,-83963.266,3100.0,1500.0,150418.6,3641.654,21974.6,136909.17,30280.164,-13.03746,5997.1836,66726.66,4846.677
1337,2006-03-01,320.5398,330.9499,323.6675,322.84558,272.3905,344.73102,329.1744,292.33414,302.36978,304.9629,251.63025,320.777,329.1942,326.31793,342.12335,329.83722,323.62402,321.3309,321.19128,306.6947,274.30444,300.06738,292.98547,295.43628,297.5099,335.02628,-126423.74,9712.924,3305.9414,-83963.0,3100.0,1500.0,150394.78,3637.7139,21816.178,136753.22,30284.86,-13.069313,6016.1406,66720.8,4845.904
1338,2006-03-08,320.53427,330.94302,323.66504,322.84283,272.39017,344.75674,329.16196,292.37622,302.36896,304.9631,251.63022,320.77252,329.19998,326.31332,342.12302,329.83066,323.61417,321.3278,321.19983,306.7366,274.30444,300.06668,292.98566,295.43475,297.50757,335.02628,-126439.78,9484.879,3313.7195,-83958.37,3100.0,1500.0,150375.0,3633.296,21984.324,137222.25,30298.793,-13.118965,5984.4536,66716.805,4845.1025
1339,2006-03-15,320.58447,330.95374,323.67188,322.85074,272.38986,344.76685,329.14957,292.4092,302.36893,304.968,251.6302,320.77063,329.24142,326.3538,342.12286,329.83502,323.60867,321.3768,321.24466,306.82538,274.30444,300.06595,292.9858,295.43817,297.50543,335.02628,-126967.555,9066.437,3310.9329,-83956.87,3100.0,1500.0,150055.4,3628.6235,22400.287,138825.22,30308.96,-13.208336,5995.2837,66718.125,4844.16
1340,2006-03-22,320.59006,330.96408,323.68433,322.86368,272.3896,344.73514,329.13763,292.46643,302.3695,304.96735,251.63019,320.77365,329.24905,326.36688,342.12332,329.84183,323.6122,321.37308,321.2473,306.76974,274.30444,300.06528,292.9859,295.43683,297.50418,335.02628,-127193.22,9330.657,3312.7893,-83957.695,3100.0,1500.0,150091.88,3624.1255,22174.2,138565.31,30296.531,-13.288528,5946.74,66720.1,4842.928
1341,2006-03-29,320.60104,330.9619,323.68832,322.86652,272.3893,344.70267,329.1264,292.672,302.37048,304.96777,251.63022,320.77618,329.25485,326.35098,342.12363,329.84418,323.615,321.37097,321.24268,306.81555,274.30444,300.0646,292.98596,295.4361,297.50302,335.02628,-127191.69,9072.857,3314.5312,-83961.63,3100.0,1500.0,150125.48,3619.7803,22319.041,138661.77,30307.16,-13.419258,5865.469,66724.89,4840.734
1342,2006-04-05,320.62622,330.96265,323.68893,322.86627,272.38907,344.72104,329.11603,292.85495,302.37177,304.9687,251.63028,320.77707,329.26562,326.34528,342.12366,329.8419,323.61624,321.39825,321.2474,306.84116,274.30447,300.0639,292.98596,295.4381,297.50208,335.02628,-127230.52,8986.154,3311.395,-83967.99,3100.0,1500.0,150078.2,3615.581,22472.762,138826.4,30304.031,-13.5811615,5803.3604,66732.14,4837.256
1343,2006-04-12,320.646,330.9705,323.69177,322.87006,272.38882,344.7923,329.10666,292.9552,302.37347,304.9685,251.63037,320.7781,329.27124,326.37085,342.12375,329.84793,323.6189,321.41855,321.26132,306.8433,274.30447,300.06326,292.98593,295.4441,297.50168,335.02628,-127425.516,9001.956,3302.8054,-83977.82,3100.0,1500.0,150000.1,3611.6987,22505.107,139178.86,30288.53,-13.769371,5789.973,66742.984,4833.2627
1344,2006-04-19,320.6576,330.98795,323.70038,322.8791,272.3886,344.81107,329.09863,292.81436,302.37567,304.9679,251.63048,320.78085,329.29837,326.39243,342.12415,329.86325,323.62445,321.44232,321.28156,306.84604,274.30447,300.06265,292.98587,295.44452,297.502,335.02628,-127745.72,9039.022,3303.269,-83987.984,3100.0,1500.0,149746.67,3608.1743,22553.398,139649.34,30283.639,-13.858795,5886.7754,66745.695,4829.618
1345,2006-04-26,320.68878,331.0064,323.71118,322.8904,272.38846,344.812,329.09225,292.86288,302.37836,304.9696,251.63058,320.78555,329.3168,326.41116,342.125,329.8823,323.6327,321.46954,321.30298,306.88666,274.30447,300.062,292.98575,295.44376,297.5024,335.02628,-128117.88,8839.126,3306.288,-83987.93,3100.0,1500.0,149630.25,3605.035,22710.77,140328.2,30291.53,-13.923676,5788.6978,66746.65,4826.817
1346,2006-05-03,320.7214,331.02124,323.72015,322.89978,272.3883,344.85733,329.0875,293.24203,302.38132,304.9715,251.63069,320.7913,329.32794,326.42786,342.12585,329.89752,323.64453,321.49405,321.3143,306.90884,274.30447,300.0614,292.9856,295.44788,297.50296,335.02628,-128373.9,8741.927,3294.6802,-84000.234,3100.0,1500.0,149560.47,3602.425,22806.102,140644.06,30279.979,-14.190598,5658.921,66765.625,4824.224
1347,2006-05-10,320.71274,331.02356,323.72238,322.9012,272.38818,344.921,329.08426,293.43146,302.38446,304.9688,251.6308,320.79617,329.31268,326.40466,342.1265,329.90582,323.6564,321.4821,321.2899,306.85513,274.30447,300.0608,292.9854,295.45337,297.50412,335.02628,-128186.78,9018.643,3282.9558,-84018.95,3100.0,1500.0,149700.7,3600.5288,22571.42,139680.5,30252.914,-14.439613,5611.549,66782.97,4821.8994
1348,2006-05-17,320.7158,331.0302,323.72214,322.90137,272.38812,344.96762,329.0826,293.36954,302.38794,304.96854,251.6309,320.79794,329.33237,326.42688,342.12674,329.91306,323.6613,321.4906,321.3111,306.8855,274.30447,300.06027,292.9852,295.45807,297.50558,335.02628,-128393.11,8881.804,3275.643,-84036.836,3100.0,1500.0,149492.55,3599.1428,22685.615,140412.77,30247.049,-14.615349,5686.435,66793.69,4820.2705
1349,2006-05-24,320.73843,331.042,323.73022,322.9103,272.38806,345.00687,329.0825,293.256,302.39188,304.97067,251.63098,320.80182,329.34653,326.4444,342.12714,329.92657,323.66733,321.51178,321.33063,306.90848,274.30447,300.05972,292.98495,295.461,297.50735,335.02628,-128712.12,8777.068,3270.9956,-84045.555,3100.0,1500.0,149422.06,3598.2024,22781.871,140953.39,30243.865,-14.71508,5706.3257,66799.31,4819.669
1350,2006-05-31,320.76443,331.05505,323.73856,322.91898,272.38806,345.03162,329.08386,293.38943,302.39618,304.97284,251.63104,320.8071,329.36203,326.4604,342.12762,329.94022,323.6772,321.53314,321.343,306.93036,274.30447,300.05933,292.98465,295.46524,297.50934,335.02628,-128969.86,8678.867,3260.3174,-84057.29,3100.0,1500.0,149293.28,3597.8533,22873.736,141327.22,30234.285,-14.902092,5637.725,66814.27,4819.631
1351,2006-06-07,320.75595,331.05527,323.74158,322.921,272.38812,345.0517,329.08658,293.5489,302.40057,304.97116,251.6311,320.812,329.35126,326.43594,342.12817,329.94427,323.68808,321.5246,321.32315,306.8834,274.30447,300.0591,292.98438,295.46884,297.51166,335.02628,-128824.68,8922.1,3248.4775,-84075.086,3100.0,1500.0,149432.86,3598.1743,22670.496,140479.61,30211.541,-15.113342,5588.8774,66831.59,4819.674
1352,2006-06-14,320.76096,331.05975,323.74023,322.9205,272.38818,345.07098,329.09042,293.55798,302.40503,304.97186,251.63116,320.81406,329.35718,326.45966,342.1283,329.94708,323.69342,321.5276,321.3384,306.91284,274.30447,300.059,292.98404,295.47238,297.51395,335.02628,-128974.375,8755.036,3240.1182,-84091.65,3100.0,1500.0,149320.3,3598.9417,22762.559,141090.12,30209.072,-15.266136,5611.7466,66843.02,4819.7207
1353,2006-06-21,320.76477,331.0683,323.74493,322.9256,272.3883,345.08377,329.09515,293.38602,302.40955,304.97244,251.63121,320.8174,329.36246,326.4627,342.12857,329.95706,323.69855,321.53787,321.344,306.89325,274.30447,300.05887,292.9837,295.47638,297.51624,335.02628,-129105.375,8840.854,3233.6172,-84102.52,3100.0,1500.0,149268.39,3600.099,22710.893,141089.83,30197.418,-15.338547,5704.154,66848.66,4819.7075
1354,2006-06-28,320.78787,331.0775,323.74957,322.93076,272.38846,345.09143,329.1006,293.3673,302.414,304.97516,251.63127,320.82104,329.37433,326.47864,342.12894,329.96692,323.7044,321.5568,321.36002,306.94336,274.30447,300.05875,292.98337,295.48135,297.51855,335.02628,-129340.45,8637.878,3223.0515,-84109.4,3100.0,1500.0,149171.14,3601.5876,22897.33,141670.98,30193.734,-15.4257965,5663.254,66858.55,4819.5107
1355,2006-07-05,320.79483,331.08072,323.75345,322.93408,272.38864,345.09354,329.1066,293.56058,302.41827,304.97592,251.63133,320.82516,329.3735,326.46777,342.12933,329.9716,323.71274,321.56317,321.35098,306.92322,274.30447,300.05878,292.98303,295.48523,297.52124,335.02628,-129315.35,8760.573,3207.2644,-84126.914,3100.0,1500.0,149212.97,3603.4216,22820.73,141251.7,30173.766,-15.621536,5597.0737,66878.766,4819.0977
1356,2006-07-12,320.78146,331.0801,323.75168,322.93256,272.38885,345.07947,329.11304,293.62625,302.42227,304.97473,251.6314,320.82745,329.36234,326.4685,342.12952,329.97348,323.7179,321.55054,321.34787,306.89993,274.30447,300.059,292.9827,295.48657,297.52393,335.02628,-129271.36,8885.496,3199.8328,-84145.12,3100.0,1500.0,149269.9,3605.573,22694.94,141012.55,30161.902,-15.750458,5585.8804,66891.13,4818.587
1357,2006-07-19,320.78497,331.08435,323.7521,322.9332,272.3891,345.0856,329.11966,293.38016,302.42606,304.97592,251.63145,320.829,329.37192,326.4768,342.12955,329.97498,323.7203,321.55707,321.3539,306.9247,274.30447,300.0593,292.98236,295.4866,297.5262,335.02628,-129347.07,8769.338,3199.7175,-84155.45,3100.0,1500.0,149163.5,3607.8096,22788.533,141330.0,30169.36,-15.742737,5741.748,66889.93,4818.3564
1358,2006-07-26,320.80988,331.09122,323.7568,322.9386,272.38937,345.08585,329.1263,293.25482,302.4297,304.9791,251.63152,320.83157,329.38373,326.4908,342.12976,329.9826,323.72327,321.57828,321.37292,306.9572,274.30447,300.05963,292.98206,295.4899,297.52823,335.02628,-129605.68,8611.928,3195.8872,-84151.875,3100.0,1500.0,149090.27,3610.0742,22927.496,141925.92,30170.879,-15.706352,5708.719,66889.35,4818.4297
1359,2006-08-02,320.83032,331.0984,323.7629,322.94495,272.38965,345.09583,329.13297,293.50394,302.43292,304.98163,251.63156,320.83557,329.3936,326.49884,342.13007,329.9913,323.7287,321.59583,321.3814,306.9643,274.30447,300.06006,292.98175,295.49506,297.53058,335.02628,-129789.44,8595.163,3177.0786,-84164.27,3100.0,1500.0,149040.6,3612.4348,22967.213,142102.56,30153.613,-15.885727,5622.6196,66909.96,4818.582
1360,2006-08-09,320.8115,331.0929,323.76138,322.94257,272.38995,345.11517,329.1395,293.48822,302.43573,304.97977,251.6316,320.83884,329.36407,326.46942,342.1303,329.98987,323.73395,321.5723,321.34888,306.90698,274.30447,300.06055,292.98148,295.4945,297.5332,335.02628,-129465.234,8870.922,3171.7363,-84180.6,3100.0,1500.0,149271.81,3614.9453,22698.574,140921.9,30140.896,-15.951004,5663.7095,66918.445,4818.746
1361,2006-08-16,320.81097,331.0932,323.75806,322.93906,272.39026,345.13376,329.146,293.28662,302.43823,304.98053,251.63165,320.8385,329.38992,326.48846,342.13016,329.98584,323.73303,321.57455,321.36368,306.94415,274.30444,300.06107,292.98123,295.49448,297.53528,335.02628,-129553.7,8687.788,3173.3623,-84184.64,3100.0,1500.0,149042.28,3617.369,22835.41,141620.78,30151.803,-15.894394,5752.6636,66914.68,4818.923
1362,2006-08-23,320.831,331.0977,323.76535,322.94604,272.39056,345.1509,329.1525,293.28354,302.44046,304.98337,251.6317,320.84033,329.41006,326.49408,342.13022,329.99164,323.73526,321.59595,321.37878,306.96396,274.30444,300.06155,292.98102,295.49625,297.53705,335.02628,-129785.64,8607.082,3168.254,-84183.8,3100.0,1500.0,148991.69,3619.6665,22939.357,142043.16,30150.502,-15.891693,5704.213,66917.69,4819.1714
1363,2006-08-30,320.8479,331.10367,323.7712,322.95212,272.39087,345.16296,329.15906,293.48108,302.44235,304.98538,251.63171,320.84357,329.4171,326.50623,342.1304,329.99814,323.74026,321.61172,321.3877,306.97076,274.30444,300.062,292.98083,295.4993,297.5389,335.02628,-129965.77,8588.743,3155.3699,-84193.586,3100.0,1500.0,148963.45,3622.0225,22976.97,142251.33,30139.643,-16.013031,5634.5454,66932.055,4820.0693
1364,2006-09-06,320.8382,331.1017,323.76917,322.95026,272.39117,345.16565,329.1657,293.5747,302.44394,304.9843,251.63176,320.84647,329.3779,326.48697,342.13058,330.0003,323.74527,321.59863,321.35916,306.93253,274.30444,300.06244,292.98068,295.4993,297.5409,335.02628,-129688.664,8778.222,3148.8665,-84206.59,3100.0,1500.0,149199.53,3624.4968,22800.664,141266.55,30129.104,-16.09871,5608.556,66941.305,4819.999
1365,2006-09-13,320.83655,331.0984,323.76398,322.94586,272.39148,345.1762,329.1724,293.5368,302.44537,304.9851,251.63173,320.8464,329.3861,326.48953,342.1305,329.997,323.7453,321.59732,321.37802,306.95367,274.30444,300.06287,292.98056,295.50208,297.54254,335.02628,-129802.82,8664.72,3143.759,-84214.95,3100.0,1500.0,149091.4,3626.9363,22866.635,141834.69,30128.416,-16.145943,5649.272,66945.91,4823.1226
1366,2006-09-20,320.84207,331.09955,323.7649,322.94727,272.39178,345.1877,329.1791,293.38934,302.44687,304.9865,251.6317,320.8477,329.38242,326.49347,342.13043,329.99646,323.74774,321.60547,321.3776,306.95532,274.30444,300.0634,292.98047,295.4995,297.5442,335.02628,-129831.33,8673.062,3144.8035,-84218.195,3100.0,1500.0,149109.12,3629.3367,22884.418,141799.25,30133.328,-16.118118,5709.1743,66943.65,4825.4424
1367,2006-09-27,320.8534,331.1039,323.7662,322.94943,272.3921,345.1973,329.18585,293.4107,302.4484,304.98795,251.63167,320.84918,329.38446,326.50427,342.13046,330.00085,323.751,321.61856,321.39023,306.9695,274.30444,300.06393,292.98044,295.49832,297.54544,335.02628,-129985.195,8613.732,3145.6174,-84215.6,3100.0,1500.0,149063.12,3631.7673,22952.14,142140.72,30137.99,-16.104118,5660.426,66942.29,4826.7993
1368,2006-10-04,320.839,331.10455,323.7686,322.9518,272.3924,345.20792,329.19257,293.3893,302.44974,304.98642,251.63165,320.85147,329.386,326.50122,342.13058,330.00443,323.75552,321.6178,321.38776,306.92422,274.30444,300.06445,292.98044,295.49777,297.54645,335.02628,-130003.14,8876.612,3143.6448,-84218.1,3100.0,1500.0,149080.25,3634.2852,22795.434,141761.55,30127.455,-16.112053,5715.2227,66942.805,4827.8447
1369,2006-10-11,320.8149,331.09595,323.7639,322.94626,272.39267,345.2182,329.19922,293.258,302.45087,304.98434,251.63162,320.8523,329.3574,326.47458,342.13058,329.99725,323.7583,321.58905,321.35718,306.89676,274.30444,300.0649,292.98047,295.49866,297.54712,335.02628,-129645.35,8973.196,3145.6165,-84213.21,3100.0,1500.0,149286.28,3636.8293,22627.156,140867.22,30126.736,-16.038826,5738.2827,66937.41,4828.84
1370,2006-10-18,320.81558,331.09558,323.759,322.94202,272.39294,345.22766,329.20584,293.27988,302.45175,304.98605,251.63159,320.8504,329.37042,326.4925,342.1303,329.9934,323.75626,321.59048,321.3751,306.9345,274.30444,300.06546,292.98053,295.49835,297.5477,335.02628,-129747.23,8775.875,3142.5986,-84212.83,3100.0,1500.0,149120.2,3639.2385,22774.496,141613.27,30134.178,-16.039268,5730.253,66939.36,4830.002
1371,2006-10-25,320.7971,331.0945,323.75894,322.94193,272.3932,345.2364,329.21243,292.91226,302.45233,304.9846,251.63156,320.85034,329.3505,326.4813,342.13028,329.99228,323.75696,321.5838,321.3561,306.8821,274.3044,300.06604,292.98065,295.4959,297.54825,335.02628,-129566.17,9069.706,3148.7515,-84210.06,3100.0,1500.0,149275.19,3641.6873,22595.662,140807.11,30132.438,-15.876801,5948.549,66926.67,4831.591
1372,2006-11-01,320.77545,331.08975,323.7534,322.93597,272.39343,345.2379,329.219,292.317,302.45255,304.98288,251.63148,320.8486,329.34277,326.4676,342.13016,329.98822,323.75485,321.55765,321.3449,306.8701,274.3044,300.0666,292.98077,295.48904,297.54825,335.02628,-129376.13,9085.852,3170.1128,-84186.25,3100.0,1500.0,149296.0,3644.165,22499.36,140555.97,30157.51,-15.480797,6142.56,66895.32,4833.813
1373,2006-11-08,320.76218,331.07007,323.746,322.92764,272.39362,345.19714,329.2255,292.4019,302.45206,304.9827,251.63141,320.84573,329.3229,326.43442,342.12988,329.97537,323.75046,321.53943,321.32666,306.87213,274.3044,300.06714,292.98096,295.4834,297.54742,335.02628,-129069.414,9043.981,3181.1406,-84158.89,3100.0,1500.0,149533.89,3646.5635,22491.152,140093.97,30173.225,-15.265778,5979.062,66882.44,4836.3467
1374,2006-11-15,320.78726,331.06882,323.743,322.92535,272.3938,345.13297,329.23178,292.86096,302.45044,304.9865,251.63132,320.842,329.34973,326.4695,342.12912,329.9663,323.74432,321.5614,321.355,306.93417,274.3044,300.0677,292.98114,295.48837,297.54626,335.02628,-129297.914,8733.235,3167.0933,-84156.8,3100.0,1500.0,149274.62,3648.839,22770.535,141256.45,30171.3,-15.344147,5830.1753,66895.81,4838.7593
1375,2006-11-22,320.7789,331.0701,323.74524,322.92825,272.3939,345.1074,329.23755,292.4827,302.44788,304.98572,251.63123,320.84195,329.32092,326.4505,342.129,329.96622,323.7443,321.56747,321.34348,306.87598,274.3044,300.06824,292.98138,295.48438,297.54587,335.02628,-129224.52,9079.778,3170.9246,-84161.53,3100.0,1500.0,149501.2,3651.1643,22596.26,140471.38,30167.771,-15.167328,6117.908,66884.29,4840.6455
1376,2006-11-29,320.76834,331.05542,323.73743,322.92044,272.39395,345.07666,329.24246,291.51865,302.44495,304.9845,251.63113,320.84045,329.30106,326.4233,342.1288,329.95883,323.74265,321.55124,321.3322,306.8774,274.3044,300.0687,292.98163,295.47223,297.54498,335.02628,-129015.42,9030.602,3207.3774,-84128.91,3100.0,1500.0,149664.45,3653.383,22557.22,140169.42,30213.229,-14.550919,6476.299,66832.805,4842.0283
1377,2006-12-06,320.73517,331.0315,323.7262,322.90756,272.39398,345.04517,329.24634,291.0339,302.44153,304.9807,251.63106,320.8364,329.27805,326.39844,342.1281,329.94086,323.73608,321.5108,321.28406,306.8216,274.3044,300.0691,292.98187,295.4609,297.54294,335.02628,-128390.36,9275.141,3239.1885,-84077.13,3100.0,1500.0,149886.8,3655.3743,22306.055,138872.12,30240.6,-13.972908,6552.629,66788.72,4843.1934
1378,2006-12-13,320.7484,331.02542,323.72095,322.90338,272.39395,345.0062,329.24893,291.48755,302.43692,304.98328,251.63098,320.8302,329.3004,326.42612,342.12708,329.9294,323.72513,321.52438,321.32816,306.8997,274.3044,300.06937,292.98218,295.46246,297.54,335.02628,-128699.88,8868.959,3238.8408,-84042.38,3100.0,1500.0,149686.17,3656.842,22636.428,140448.5,30252.43,-13.802513,6233.2793,66785.39,4844.243
1379,2006-12-20,320.74557,331.02652,323.72464,322.90683,272.39386,344.97318,329.24997,291.917,302.43082,304.9835,251.63089,320.82877,329.2913,326.42896,342.12665,329.919,323.7226,321.52225,321.30124,306.85214,274.3044,300.0697,292.98248,295.46176,297.53784,335.02628,-128508.12,9115.997,3226.8833,-84048.54,3100.0,1500.0,149786.31,3657.898,22478.967,139610.06,30236.078,-13.842125,6195.7085,66798.164,4845.273
1380,2006-12-27,320.7237,331.01224,323.7179,322.89944,272.39368,344.95407,329.2493,291.33356,302.42395,304.98087,251.6308,320.8256,329.26175,326.39597,342.12637,329.90756,323.71912,321.50742,321.2822,306.83197,274.3044,300.06995,292.9828,295.45453,297.5359,335.02628,-128196.84,9216.889,3248.3628,-84037.41,3100.0,1500.0,150027.31,3658.573,22402.168,138968.56,30258.826,-13.4374695,6499.974,66766.4,4846.4404
1381,2007-01-03,320.68372,330.99612,323.70486,322.8868,272.39346,344.9254,329.24695,290.5936,302.41696,304.97638,251.6307,320.82028,329.22836,326.37692,342.12576,329.89474,323.71252,321.4745,321.2646,306.7767,274.3044,300.07004,292.98312,295.4425,297.5332,335.02628,-127846.48,9473.998,3284.5786,-83996.23,3100.0,1500.0,150193.25,3658.672,22171.094,138261.56,30288.365,-12.83651,6748.279,66717.4,4847.7656
1382,2007-01-10,320.68546,330.99463,323.69644,322.88046,272.3932,344.892,329.2431,290.69647,302.4098,304.9773,251.6306,320.8146,329.2174,326.39148,342.12518,329.89014,323.70322,321.47226,321.2836,306.83237,274.3044,300.07004,292.98343,295.43817,297.5295,335.02628,-127926.49,9158.829,3301.5293,-83950.4,3100.0,1500.0,150089.1,3658.016,22380.148,139097.31,30315.174,-12.498016,6521.6465,66695.266,4848.9434
1383,2007-01-17,320.6925,330.99576,323.6988,322.87985,272.39288,344.85825,329.2378,291.49655,302.40195,304.9777,251.63051,320.81128,329.2554,326.36877,342.12524,329.88434,323.6975,321.4827,321.2626,306.82324,274.3044,300.07004,292.98376,295.441,297.5261,335.02628,-127707.05,9230.498,3286.5527,-83945.81,3100.0,1500.0,149871.89,3656.7876,22404.047,138616.31,30296.77,-12.634972,6224.884,66715.195,4849.6523
1384,2007-01-24,320.62534,330.98587,323.6874,322.8671,272.3925,344.8237,329.23096,291.89655,302.39374,304.96985,251.63043,320.80594,329.184,326.31735,342.12537,329.86942,323.68857,321.41827,321.20804,306.69235,274.30444,300.06992,292.9841,295.43973,297.52344,335.02628,-126983.93,9849.882,3284.1157,-83958.02,3100.0,1500.0,150357.67,3655.2876,21840.441,136552.64,30269.12,-12.727211,6127.9414,66725.23,4849.644
1385,2007-01-31,320.57135,330.9635,323.66595,322.84644,272.3921,344.78613,329.22247,292.0282,302.3861,304.96594,251.63037,320.796,329.14505,326.29507,342.125,329.85147,323.66956,321.3638,321.1976,306.70047,274.30444,300.0696,292.9844,295.4372,297.5205,335.02628,-126563.43,9733.3,3293.2861,-83961.875,3100.0,1500.0,150542.39,3653.1055,21798.57,136451.39,30281.44,-12.747803,6100.6646,66722.305,4849.1294
1386,2007-02-07,320.53934,330.9463,323.65616,322.83713,272.39166,344.75845,329.21246,292.08948,302.37976,304.96436,251.63033,320.78662,329.1515,326.30334,342.12408,329.83572,323.6484,321.34305,321.19733,306.69077,274.30444,300.06915,292.98468,295.4361,297.5173,335.02628,-126418.266,9773.791,3299.9043,-83959.49,3100.0,1500.0,150505.8,3650.1914,21783.31,136594.19,30283.83,-12.781746,6088.831,66718.02,4848.3613
1387,2007-02-14,320.5989,330.95654,323.6664,322.8474,272.39127,344.74884,329.20135,292.23633,302.37497,304.97177,251.6303,320.78122,329.22913,326.36063,342.12335,329.83853,323.63345,321.39545,321.253,306.8386,274.30444,300.06863,292.98495,295.43967,297.5142,335.02628,-127055.055,9022.372,3296.0732,-83957.055,3100.0,1500.0,150007.89,3646.5178,22416.246,138960.94,30307.217,-12.890785,6015.6616,66720.984,4847.4834
1388,2007-02-21,320.5865,330.9604,323.67575,322.85492,272.39087,344.74115,329.18948,292.36826,302.3717,304.96872,251.63026,320.78174,329.19394,326.3276,342.12347,329.84512,323.63202,321.37915,321.20056,306.71835,274.30444,300.0681,292.98523,295.43872,297.51227,335.02628,-126660.54,9648.329,3293.2861,-83964.04,3100.0,1500.0,150416.8,3642.708,21975.984,136917.19,30279.375,-13.040482,5997.377,66727.516,4846.6367
1389,2007-02-28,320.54105,330.95016,323.66772,322.84583,272.3905,344.7345,329.17715,292.3341,302.36975,304.96326,251.63023,320.77734,329.19443,326.31827,342.12335,329.83755,323.6249,321.332,321.1917,306.6952,274.30444,300.06754,292.98544,295.43655,297.51028,335.02628,-126432.19,9711.693,3304.1997,-83963.88,3100.0,1500.0,150393.06,3638.7456,21817.48,136760.86,30284.074,-13.0722885,6016.325,66721.68,4845.8647
1390,2007-03-07,320.5355,330.94327,323.66522,322.84305,272.3902,344.7602,329.16464,292.37622,302.36893,304.96347,251.6302,320.77286,329.2002,326.31363,342.12302,329.83096,323.61502,321.32886,321.20023,306.73706,274.30444,300.06683,292.98563,295.43503,297.50797,335.02628,-126447.81,9483.805,3312.095,-83959.14,3100.0,1500.0,150373.36,3634.307,21985.56,137229.55,30298.018,-13.121979,5984.6323,66717.67,4845.065
1391,2007-03-14,320.58563,330.95398,323.67206,322.85095,272.3899,344.77023,329.15222,292.4092,302.36893,304.96832,251.63019,320.77094,329.2416,326.35406,342.1229,329.83533,323.60947,321.3778,321.24506,306.8258,274.30444,300.0661,292.98578,295.43845,297.5058,335.02628,-126975.16,9065.436,3309.5388,-83957.73,3100.0,1500.0,150053.83,3629.615,22401.451,138832.16,30308.195,-13.211449,5995.4575,66718.984,4844.1226
1392,2007-03-21,320.59116,330.96432,323.6845,322.8639,272.3896,344.73853,329.14023,292.46643,302.36948,304.96768,251.63017,320.77396,329.24924,326.36716,342.12332,329.84213,323.61298,321.37405,321.24768,306.77017,274.30444,300.06543,292.98587,295.4371,297.50455,335.02628,-127200.47,9329.739,3311.1653,-83958.64,3100.0,1500.0,150090.39,3625.0989,22175.291,138571.95,30295.775,-13.291603,5946.909,66720.96,4842.8916
1393,2007-03-28,320.6021,330.96213,323.68848,322.8667,272.38934,344.70602,329.12897,292.672,302.37045,304.9681,251.63019,320.7765,329.255,326.35126,342.12366,329.84445,323.61572,321.3719,321.243,306.81595,274.30444,300.06476,292.98593,295.43637,297.50342,335.02628,-127198.51,9071.741,3313.1377,-83962.55,3100.0,1500.0,150124.06,3620.7373,22320.072,138668.11,30306.414,-13.422462,5865.634,66725.74,4840.6963
1394,2007-04-04,320.62723,330.96286,323.6891,322.86646,272.38907,344.7244,329.11853,292.85498,302.37177,304.96902,251.63026,320.77737,329.2658,326.34552,342.12366,329.84216,323.61694,321.39914,321.24774,306.84155,274.30447,300.0641,292.98596,295.4384,297.50247,335.02628,-127237.1,8985.307,3310.1196,-83968.71,3100.0,1500.0,150076.86,3616.5222,22473.73,138832.48,30303.293,-13.584251,5803.519,66732.984,4837.219
1395,2007-04-11,320.64697,330.97067,323.69193,322.87024,272.38885,344.79562,329.10916,292.95523,302.37347,304.9688,251.63036,320.77838,329.2714,326.37106,342.12375,329.84818,323.61957,321.4194,321.26163,306.8437,274.30447,300.06345,292.98593,295.44434,297.50208,335.02628,-127431.83,9001.111,3301.4128,-83978.63,3100.0,1500.0,149998.8,3612.6257,22506.018,139184.66,30287.799,-13.772514,5790.128,66743.83,4833.2266
1396,2007-04-18,320.6585,330.98813,323.70053,322.87924,272.38864,344.81436,329.1011,292.81442,302.37567,304.96823,251.63046,320.7811,329.2985,326.39267,342.12418,329.8635,323.6251,321.4431,321.28183,306.8464,274.30447,300.06284,292.98587,295.4448,297.50238,335.02628,-127751.664,9038.136,3301.645,-83988.84,3100.0,1500.0,149745.44,3609.0874,22554.27,139654.89,30282.916,-13.8619,5886.927,66746.53,4829.583
1397,2007-04-25,320.68967,331.0066,323.7113,322.89056,272.3885,344.8153,329.0947,292.86295,302.3784,304.96994,251.63057,320.78577,329.31693,326.41138,342.12503,329.88254,323.6333,321.47034,321.30328,306.887,274.30447,300.0622,292.98578,295.44403,297.50278,335.02628,-128123.57,8838.202,3305.1274,-83988.81,3100.0,1500.0,149629.06,3605.9353,22711.59,140333.52,30290.816,-13.926765,5788.845,66747.49,4826.783
1398,2007-05-02,320.72226,331.0214,323.72028,322.89993,272.38834,344.8606,329.08987,293.2421,302.38135,304.9718,251.63068,320.79153,329.32806,326.42807,342.1259,329.89774,323.6451,321.4948,321.31458,306.90918,274.30447,300.06158,292.98563,295.44815,297.50333,335.02628,-128379.336,8741.116,3293.287,-84001.1,3100.0,1500.0,149559.34,3603.3135,22806.87,140649.14,30279.273,-14.193733,5659.063,66766.445,4824.1895
1399,2007-05-09,320.71356,331.0237,323.7225,322.90134,272.3882,344.9243,329.08664,293.43152,302.38446,304.96912,251.63078,320.7964,329.3128,326.40485,342.1265,329.906,323.65695,321.4828,321.29016,306.85547,274.30447,300.061,292.98544,295.4536,297.50446,335.02628,-128192.07,9017.758,3281.68,-84019.945,3100.0,1500.0,149699.61,3601.4053,22572.14,139685.39,30252.22,-14.44281,5611.688,66783.78,4821.865
1400,2007-05-16,320.71655,331.03036,323.72226,322.90152,272.38815,344.97086,329.08493,293.3696,302.38794,304.96884,251.63089,320.79816,329.3325,326.42706,342.12674,329.91324,323.6618,321.49127,321.31134,306.88583,274.30447,300.06046,292.98523,295.4583,297.50595,335.02628,-128398.02,8880.959,3274.3647,-84037.48,3100.0,1500.0,149491.52,3600.0088,22686.291,140417.42,30246.363,-14.618523,5686.572,66794.5,4820.237
1401,2007-05-23,320.73917,331.04214,323.73035,322.91043,272.3881,345.0101,329.0848,293.25607,302.39188,304.97095,251.63097,320.802,329.34665,326.44458,342.12714,329.9268,323.66785,321.51242,321.33084,306.90878,274.30447,300.05994,292.985,295.46124,297.5077,335.02628,-128716.79,8776.414,3269.7227,-84046.336,3100.0,1500.0,149421.06,3599.0574,22782.508,140957.84,30243.191,-14.718315,5706.459,66800.12,4819.637
1402,2007-05-30,320.76514,331.0552,323.73868,322.9191,272.3881,345.03482,329.08615,293.3895,302.39618,304.9731,251.63103,320.80728,329.36215,326.46057,342.12762,329.9404,323.67767,321.53378,321.34323,306.93066,274.30447,300.05954,292.9847,295.4655,297.5097,335.02628,-128974.36,8678.098,3258.5754,-84057.99,3100.0,1500.0,149292.33,3598.698,22874.336,141331.47,30233.613,-14.9051895,5637.8555,66815.08,4819.5977
1403,2007-06-06,320.75662,331.0554,323.7417,322.9211,272.38815,345.0549,329.08884,293.54895,302.4006,304.97147,251.63109,320.81216,329.35135,326.43613,342.12817,329.94443,323.68854,321.52518,321.32336,306.88367,274.30447,300.05933,292.98444,295.4691,297.51202,335.02628,-128829.016,8921.406,3246.968,-84075.695,3100.0,1500.0,149431.94,3599.0093,22671.055,140483.67,30210.885,-15.11647,5589.0054,66832.38,4819.642
1404,2007-06-13,320.7616,331.05988,323.74036,322.9206,272.3882,345.07416,329.09265,293.55804,302.40506,304.97217,251.63115,320.81424,329.3573,326.4598,342.1283,329.94724,323.69385,321.52817,321.33862,306.91312,274.30447,300.0592,292.9841,295.47263,297.51428,335.02628,-128978.48,8754.383,3238.9563,-84092.266,3100.0,1500.0,149319.42,3599.767,22763.086,141094.05,30208.422,-15.269211,5611.8706,66843.8,4819.6895
1405,2007-06-20,320.76538,331.06845,323.74503,322.92572,272.38834,345.08694,329.09735,293.3861,302.40955,304.97272,251.6312,320.81757,329.36255,326.46286,342.12857,329.9572,323.69897,321.53842,321.3442,306.89352,274.30447,300.05905,292.9838,295.47662,297.51657,335.02628,-129109.32,8840.238,3232.1067,-84103.46,3100.0,1500.0,149267.58,3600.915,22711.385,141093.58,30196.777,-15.341667,5704.2744,66849.43,4819.677
1406,2007-06-27,320.78845,331.07764,323.74966,322.93088,272.3885,345.09457,329.10275,293.3674,302.41403,304.97543,251.63126,320.8212,329.37442,326.4788,342.12894,329.96707,323.70483,321.5573,321.36023,306.94363,274.30447,300.05896,292.98346,295.4816,297.5189,335.02628,-129344.21,8637.38,3221.6584,-84110.27,3100.0,1500.0,149170.36,3602.3945,22897.795,141674.53,30193.105,-15.428864,5663.3716,66859.305,4819.4814
1407,2007-07-04,320.7954,331.0808,323.75354,322.93417,272.38867,345.09668,329.10876,293.56067,302.41827,304.97617,251.63132,320.82532,329.3736,326.46793,342.12933,329.97174,323.71313,321.5637,321.35117,306.92346,274.30447,300.059,292.98312,295.48547,297.52155,335.02628,-129318.97,8760.072,3206.219,-84127.836,3100.0,1500.0,149212.22,3604.2212,22821.162,141255.12,30173.148,-15.624596,5597.188,66879.53,4819.0684
1408,2007-07-11,320.782,331.0802,323.75174,322.93265,272.3889,345.0826,329.11517,293.62634,302.42227,304.975,251.63138,320.8276,329.36243,326.46863,342.12952,329.9736,323.71826,321.55103,321.34802,306.90018,274.30447,300.0592,292.9828,295.48682,297.52423,335.02628,-129274.77,8885.033,3198.6716,-84145.81,3100.0,1500.0,149269.19,3606.3665,22695.344,141015.81,30161.29,-15.753532,5585.992,66891.89,4818.5576
1409,2007-07-18,320.7855,331.08444,323.7522,322.9333,272.38913,345.08875,329.1218,293.38025,302.4261,304.9762,251.63144,320.82916,329.372,326.47693,342.12958,329.9751,323.72064,321.55753,321.3541,306.92496,274.30447,300.0595,292.98245,295.48682,297.52655,335.02628,-129350.43,8768.723,3198.4395,-84156.15,3100.0,1500.0,149162.81,3608.5972,22788.914,141333.17,30168.758,-15.7458725,5741.8594,66890.68,4818.3267
1410,2007-07-25,320.81036,331.09134,323.7569,322.9387,272.3894,345.08896,329.12845,293.2549,302.4297,304.97937,251.6315,320.8317,329.38382,326.49094,342.12976,329.98273,323.7236,321.5787,321.37308,306.95746,274.30447,300.05984,292.98215,295.4901,297.52856,335.02628,-129608.875,8611.425,3194.3765,-84152.664,3100.0,1500.0,149089.62,3610.8567,22927.852,141928.95,30170.283,-15.709389,5708.8267,66890.09,4818.4004
1411,2007-08-01,320.8308,331.09848,323.76297,322.945,272.38968,345.09894,329.13504,293.50403,302.43295,304.9819,251.63155,320.8357,329.39368,326.49896,342.13007,329.99142,323.72903,321.59625,321.38156,306.9645,274.30447,300.06027,292.98187,295.49527,297.53088,335.02628,-129792.516,8594.778,3175.9175,-84165.16,3100.0,1500.0,149040.0,3613.211,22967.547,142105.47,30153.031,-15.888771,5622.724,66910.695,4818.5527
1412,2007-08-08,320.81195,331.093,323.76144,322.94266,272.38998,345.11826,329.14157,293.48834,302.43573,304.98004,251.63159,320.83896,329.36414,326.4695,342.1303,329.99,323.73425,321.5727,321.349,306.9072,274.30444,300.06076,292.9816,295.49472,297.5335,335.02628,-129468.08,8870.348,3170.4604,-84181.445,3100.0,1500.0,149271.19,3615.715,22698.885,140924.67,30140.316,-15.954033,5663.8125,66919.164,4818.718
1413,2007-08-15,320.81143,331.0933,323.75815,322.93915,272.3903,345.13684,329.14807,293.28674,302.43823,304.9808,251.63164,320.8386,329.38998,326.48856,342.13016,329.98593,323.73334,321.57495,321.36383,306.94437,274.30444,300.06128,292.98132,295.4947,297.53558,335.02628,-129556.55,8687.211,3172.3174,-84185.34,3100.0,1500.0,149041.73,3618.1316,22835.7,141623.44,30151.236,-15.897415,5752.764,66915.4,4818.8955
1414,2007-08-22,320.83142,331.09775,323.7654,322.94614,272.3906,345.154,329.15454,293.28363,302.4405,304.9836,251.63168,320.84042,329.41013,326.4942,342.13022,329.99176,323.73557,321.5963,321.37894,306.96417,274.30444,300.06177,292.9811,295.49646,297.53735,335.02628,-129788.37,8606.62,3167.3242,-84184.59,3100.0,1500.0,148991.14,3620.4229,22939.625,142045.7,30149.941,-15.89476,5704.3105,66918.4,4819.1445
1415,2007-08-29,320.84833,331.10373,323.77127,322.95218,272.3909,345.16602,329.1611,293.48117,302.44238,304.98563,251.6317,320.8437,329.41718,326.50632,342.1304,329.99823,323.74054,321.61206,321.38782,306.97098,274.30444,300.06223,292.98093,295.4995,297.5392,335.02628,-129968.31,8588.358,3154.0935,-84194.3,3100.0,1500.0,148962.94,3622.773,22977.219,142253.78,30139.09,-16.016083,5634.642,66932.76,4820.042
1416,2007-09-05,320.8386,331.10178,323.7692,322.95032,272.3912,345.1687,329.16772,293.57486,302.44397,304.98456,251.63174,320.84656,329.37793,326.48703,342.13058,330.0004,323.7455,321.59897,321.35925,306.9327,274.30444,300.06265,292.98077,295.49948,297.5412,335.02628,-129690.66,8777.644,3147.7068,-84207.19,3100.0,1500.0,149198.92,3625.2424,22800.818,141268.56,30128.56,-16.101448,5608.638,66942.01,4819.973
1417,2007-09-12,320.8369,331.09845,323.764,322.94592,272.3915,345.17926,329.17438,293.53696,302.4454,304.98535,251.63171,320.8465,329.38617,326.48962,342.13052,329.9971,323.74554,321.59763,321.3781,306.95386,274.30444,300.06308,292.98068,295.50226,297.54285,335.02628,-129805.02,8664.104,3142.5984,-84215.63,3100.0,1500.0,149090.94,3627.6758,22866.828,141836.81,30127.883,-16.148804,5649.357,66946.59,4823.0957
1418,2007-09-19,320.84244,331.0996,323.76492,322.9473,272.3918,345.19077,329.18112,293.38947,302.4469,304.98676,251.63168,320.84775,329.38245,326.49356,342.13043,329.99655,323.74796,321.60577,321.37772,306.9555,274.30444,300.0636,292.9806,295.4997,297.5445,335.02628,-129833.45,8672.638,3143.759,-84218.92,3100.0,1500.0,149108.69,3630.0723,22884.604,141801.33,30132.803,-16.120949,5709.26,66944.32,4825.416
1419,2007-09-26,320.85376,331.10397,323.76627,322.9495,272.39212,345.20032,329.18784,293.4108,302.4484,304.9882,251.63165,320.84927,329.3845,326.50436,342.13046,330.00095,323.75125,321.61887,321.39035,306.9697,274.30444,300.06415,292.98056,295.4985,297.54572,335.02628,-129987.29,8613.31,3143.992,-84216.28,3100.0,1500.0,149062.72,3632.5024,22952.316,142142.73,30137.475,-16.10704,5660.5107,66942.96,4826.773
1420,2007-10-03,320.83932,331.1046,323.76865,322.95187,272.39243,345.2109,329.19452,293.3894,302.44977,304.98666,251.63164,320.85156,329.38605,326.5013,342.1306,330.0045,323.75574,321.61807,321.38788,306.92438,274.30444,300.06467,292.98056,295.49796,297.54672,335.02628,-130005.18,8876.266,3142.8313,-84218.734,3100.0,1500.0,149079.86,3635.0159,22795.6,141763.47,30126.947,-16.1148,5715.3066,66943.47,4827.82
1421,2007-10-10,320.81525,331.096,323.76392,322.94632,272.39273,345.2212,329.20114,293.25812,302.4509,304.9846,251.6316,320.85236,329.35742,326.47464,342.13058,329.9973,323.7585,321.58932,321.35727,306.8969,274.3044,300.06512,292.9806,295.49884,297.5474,335.02628,-129647.35,8972.889,3144.4548,-84213.836,3100.0,1500.0,149285.89,3637.5525,22627.31,140869.1,30126.236,-16.041428,5738.3647,66938.07,4828.8154
1422,2007-10-17,320.8159,331.09564,323.75906,322.94205,272.393,345.23065,329.20776,293.27997,302.45178,304.9863,251.63159,320.85046,329.37048,326.49258,342.1303,329.99347,323.75644,321.59073,321.37518,306.9347,274.3044,300.06567,292.98068,295.49854,297.54797,335.02628,-129749.2,8775.606,3141.6694,-84213.56,3100.0,1500.0,149119.83,3639.9534,22774.637,141615.05,30133.686,-16.042076,5730.335,66940.016,4829.9775
1423,2007-10-24,320.7974,331.09457,323.759,322.942,272.39325,345.23938,329.21432,292.91235,302.45236,304.9848,251.63155,320.8504,329.35056,326.48135,342.13028,329.99234,323.75714,321.58405,321.3562,306.88226,274.3044,300.06625,292.98077,295.4961,297.54852,335.02628,-129567.97,9069.397,3148.0542,-84210.7,3100.0,1500.0,149274.84,3642.3948,22595.793,140808.81,30131.955,-15.879494,5948.6294,66927.31,4831.567
1424,2007-10-31,320.77573,331.08978,323.75342,322.936,272.39346,345.2409,329.2209,292.31708,302.45258,304.98312,251.63148,320.8487,329.3428,326.46765,342.13016,329.98828,323.75504,321.5579,321.34497,306.87024,274.3044,300.0668,292.98093,295.4892,297.5485,335.02628,-129377.81,9085.504,3168.9507,-84186.74,3100.0,1500.0,149295.66,3644.867,22499.48,140557.62,30157.037,-15.483543,6142.638,66895.97,4833.789
1425,2007-11-07,320.76245,331.0701,323.74603,322.92767,272.39368,345.2001,329.2274,292.402,302.4521,304.98294,251.6314,320.8458,329.32294,326.43448,342.12988,329.97543,323.75064,321.53967,321.32675,306.87228,274.3044,300.06735,292.98108,295.48355,297.54767,335.02628,-129071.05,9043.75,3179.8633,-84159.57,3100.0,1500.0,149533.55,3647.261,22491.264,140095.56,30172.76,-15.268387,5979.138,66883.06,4836.323
1426,2007-11-14,320.78754,331.06885,323.74304,322.9254,272.39383,345.1359,329.23364,292.86108,302.45047,304.98676,251.6313,320.84207,329.34976,326.46957,342.12912,329.96637,323.7445,321.5616,321.35507,306.93433,274.3044,300.06787,292.9813,295.48853,297.5465,335.02628,-129299.5,8732.928,3165.9312,-84157.555,3100.0,1500.0,149274.3,3649.5312,22770.639,141257.98,30170.84,-15.346733,5830.2505,66896.42,4838.7363
1427,2007-11-21,320.77914,331.07016,323.74527,322.92828,272.39392,345.11032,329.23938,292.48282,302.4479,304.98596,251.63121,320.842,329.32095,326.45056,342.129,329.96625,323.74445,321.5677,321.34357,306.8761,274.3044,300.06842,292.9815,295.48456,297.5461,335.02628,-129226.08,9079.47,3169.9954,-84162.11,3100.0,1500.0,149500.9,3651.8499,22596.354,140472.84,30167.32,-15.169884,6117.9824,66884.9,4840.6216
1428,2007-11-28,320.7686,331.05545,323.73746,322.92047,272.39398,345.07956,329.2443,291.51877,302.44498,304.98474,251.63112,320.84048,329.3011,326.42337,342.12885,329.9589,323.7428,321.55142,321.3323,306.87756,274.3044,300.0689,292.98178,295.47238,297.54523,335.02628,-129016.81,9030.293,3205.984,-84129.5,3100.0,1500.0,149664.17,3654.0623,22557.303,140170.81,30212.785,-14.553482,6476.373,66833.41,4842.0054
1429,2007-12-05,320.73538,331.03152,323.72626,322.90762,272.394,345.0481,329.24817,291.03403,302.44156,304.98093,251.63104,320.83646,329.27808,326.3985,342.1281,329.94092,323.73624,321.51102,321.28412,306.82172,274.3044,300.06927,292.98203,295.46106,297.54318,335.02628,-128391.75,9274.794,3238.3765,-84077.74,3100.0,1500.0,149886.52,3656.0464,22306.129,138873.47,30240.164,-13.975349,6552.7,66789.305,4843.1704
1430,2007-12-12,320.74866,331.02545,323.72098,322.9034,272.39398,345.00912,329.25073,291.48764,302.43695,304.9835,251.63097,320.83026,329.30045,326.42618,342.12708,329.92944,323.72525,321.52457,321.32822,306.8998,274.3044,300.06958,292.98233,295.46262,297.54022,335.02628,-128701.14,8868.499,3237.3325,-84042.98,3100.0,1500.0,149685.9,3657.5073,22636.498,140449.81,30252.0,-13.805038,6233.349,66785.98,4844.221
1431,2007-12-19,320.7458,331.02658,323.72467,322.90686,272.3939,344.9761,329.25174,291.9171,302.43088,304.9837,251.63087,320.8288,329.29132,326.429,342.12665,329.91907,323.72275,321.52243,321.3013,306.85226,274.3044,300.0699,292.98264,295.4619,297.5381,335.02628,-128509.34,9115.766,3225.954,-84049.1,3100.0,1500.0,149786.03,3658.557,22479.027,139611.3,30235.658,-13.84446,6195.7764,66798.75,4845.2505
1432,2007-12-26,320.7239,331.0123,323.71793,322.89948,272.3937,344.95694,329.25104,291.33365,302.42398,304.98108,251.63078,320.82562,329.26178,326.39603,342.12637,329.9076,323.71927,321.5076,321.28226,306.8321,274.3044,300.07013,292.98294,295.45468,297.5361,335.02628,-128198.09,9216.658,3247.433,-84037.875,3100.0,1500.0,150027.08,3659.225,22402.223,138969.77,30258.408,-13.439728,6500.04,66766.98,4846.418
1433,2008-01-02,320.68393,330.99615,323.7049,322.88684,272.3935,344.9283,329.2487,290.5937,302.417,304.97656,251.63069,320.82034,329.2284,326.37695,342.12576,329.89478,323.71265,321.47467,321.26465,306.77682,274.3044,300.07025,292.98328,295.44266,297.53345,335.02628,-127847.7,9473.807,3283.5327,-83996.74,3100.0,1500.0,150193.0,3659.3179,22171.135,138262.7,30287.957,-12.83876,6748.346,66717.97,4847.743
1434,2008-01-09,320.68567,330.99466,323.69647,322.8805,272.39322,344.89487,329.2448,290.6966,302.40982,304.97748,251.6306,320.81464,329.21744,326.3915,342.12518,329.89017,323.70334,321.47244,321.28366,306.8325,274.3044,300.07025,292.9836,295.43832,297.52972,335.02628,-127927.516,9158.561,3300.8335,-83950.79,3100.0,1500.0,150088.86,3658.6553,22380.193,139098.39,30314.773,-12.50029,6521.71,66695.836,4848.923
1435,2008-01-16,320.6927,330.9958,323.69882,322.87988,272.3929,344.86108,329.23947,291.49667,302.40198,304.9779,251.63051,320.81134,329.2554,326.36884,342.12524,329.8844,323.69763,321.48285,321.26263,306.82336,274.3044,300.07022,292.98392,295.44113,297.5263,335.02628,-127708.13,9230.2295,3285.6245,-83946.414,3100.0,1500.0,149871.67,3657.4194,22404.082,138617.36,30296.37,-12.637222,6224.946,66715.76,4849.631
1436,2008-01-23,320.62552,330.9859,323.6874,322.8671,272.39255,344.82657,329.2326,291.89667,302.39377,304.97003,251.63043,320.80597,329.184,326.31738,342.12537,329.86948,323.6887,321.41843,321.20807,306.69247,274.3044,300.0701,292.98425,295.43988,297.52365,335.02628,-126984.98,9849.651,3283.5347,-83958.8,3100.0,1500.0,150357.45,3655.9102,21840.469,136553.66,30268.734,-12.729393,6128.001,66725.78,4849.623
1437,2008-01-30,320.57153,330.96353,323.66595,322.84647,272.39212,344.78897,329.22412,292.0283,302.38614,304.96616,251.63037,320.79602,329.14508,326.2951,342.125,329.8515,323.66968,321.36392,321.19766,306.70056,274.3044,300.0698,292.98456,295.43735,297.52072,335.02628,-126564.49,9732.994,3292.2412,-83962.58,3100.0,1500.0,150542.19,3653.7188,21798.596,136452.34,30281.057,-12.750008,6100.7236,66722.84,4849.1094
1438,2008-02-06,320.5395,330.94632,323.6562,322.83713,272.3917,344.7613,329.21408,292.08957,302.3798,304.96454,251.63033,320.78665,329.15152,326.3034,342.12408,329.83575,323.6485,321.3432,321.1974,306.6909,274.3044,300.06934,292.98486,295.43622,297.5175,335.02628,-126419.25,9773.599,3299.2065,-83960.15,3100.0,1500.0,150505.61,3650.7964,21783.326,136595.12,30283.459,-12.783936,6088.8896,66718.56,4848.341
1439,2008-02-13,320.59906,330.95657,323.66644,322.8474,272.3913,344.75165,329.2029,292.23642,302.375,304.97195,251.63028,320.78125,329.22913,326.36066,342.12335,329.83856,323.63354,321.3956,321.25302,306.83868,274.30444,300.06882,292.98514,295.43982,297.5144,335.02628,-127055.95,9022.026,3295.376,-83957.59,3100.0,1500.0,150007.72,3647.1135,22416.264,138961.83,30306.848,-12.892952,6015.719,66721.52,4847.464
1440,2008-02-20,320.58664,330.96042,323.67575,322.85495,272.39093,344.74396,329.19107,292.36835,302.3717,304.96893,251.63025,320.7818,329.19397,326.32764,342.12347,329.84515,323.6321,321.37927,321.20062,306.71844,274.30444,300.0683,292.98538,295.43887,297.51248,335.02628,-126661.445,9648.099,3292.706,-83964.55,3100.0,1500.0,150416.62,3643.2937,21975.998,136918.03,30279.012,-13.042564,5997.433,66728.05,4846.6167
1441,2008-02-27,320.5412,330.95016,323.66772,322.84586,272.39056,344.73727,329.1787,292.3342,302.36978,304.96344,251.63022,320.7774,329.19446,326.3183,342.12335,329.8376,323.625,321.33212,321.19174,306.69528,274.30444,300.06772,292.9856,295.43668,297.5105,335.02628,-126433.0,9711.499,3303.2705,-83964.46,3100.0,1500.0,150392.9,3639.3237,21817.49,136761.69,30283.72,-13.074371,6016.3804,66722.195,4845.845
1442,2008-03-05,320.5356,330.9433,323.66525,322.84308,272.39023,344.76297,329.1662,292.3763,302.36896,304.96365,251.63019,320.7729,329.2002,326.31366,342.12302,329.831,323.6151,321.32898,321.2003,306.73715,274.30444,300.06702,292.98578,295.43518,297.50815,335.02628,-126448.51,9483.612,3311.1653,-83959.64,3100.0,1500.0,150373.19,3634.88,21985.566,137230.33,30297.668,-13.123993,5984.6865,66718.18,4845.046
1443,2008-03-12,320.5858,330.95398,323.6721,322.85095,272.38992,344.77298,329.15375,292.4093,302.36893,304.9685,251.63017,320.77097,329.2416,326.3541,342.1229,329.83536,323.60956,321.37793,321.2451,306.8259,274.30444,300.06628,292.98593,295.43857,297.50598,335.02628,-126975.94,9065.204,3308.61,-83958.32,3100.0,1500.0,150053.69,3630.1821,22401.451,138832.92,30307.852,-13.213409,5995.5103,66719.49,4844.1035
1444,2008-03-19,320.59128,330.96436,323.68454,322.8639,272.38965,344.74124,329.14175,292.46652,302.3695,304.96786,251.63017,320.774,329.24924,326.36716,342.12332,329.84216,323.61307,321.37415,321.2477,306.77026,274.30444,300.0656,292.98605,295.43723,297.50473,335.02628,-127201.24,9329.507,3310.235,-83959.086,3100.0,1500.0,150090.25,3625.661,22175.291,138572.69,30295.438,-13.293579,5946.962,66721.45,4842.8726
1445,2008-03-26,320.60223,330.96216,323.6885,322.8667,272.38937,344.70874,329.13046,292.6721,302.37048,304.9683,251.63019,320.7765,329.25504,326.35126,342.12366,329.84448,323.61578,321.372,321.24304,306.81604,274.30444,300.06494,292.9861,295.4365,297.5036,335.02628,-127199.13,9071.586,3312.0928,-83962.87,3100.0,1500.0,150123.9,3621.294,22320.064,138668.81,30306.082,-13.424431,5865.684,66726.23,4840.677
1446,2008-04-02,320.62735,330.9629,323.68912,322.86646,272.38913,344.72708,329.12006,292.85507,302.3718,304.9692,251.63025,320.77737,329.2658,326.34555,342.12366,329.8422,323.617,321.39923,321.24777,306.8416,274.30444,300.06427,292.9861,295.4385,297.50262,335.02628,-127237.7,8985.037,3309.3071,-83969.35,3100.0,1500.0,150076.72,3617.0752,22473.723,138833.14,30302.963,-13.586189,5803.5693,66733.48,4837.2007
1447,2008-04-09,320.64706,330.9707,323.69196,322.87027,272.3889,344.7983,329.11066,292.95532,302.37347,304.969,251.63034,320.77838,329.27142,326.3711,342.12375,329.8482,323.61963,321.4195,321.26166,306.84375,274.30444,300.0636,292.9861,295.44446,297.50223,335.02628,-127432.49,9000.842,3300.8318,-83979.055,3100.0,1500.0,149998.67,3613.175,22506.004,139185.31,30287.477,-13.774315,5790.1772,66744.31,4833.208
1448,2008-04-16,320.65863,330.98816,323.70053,322.87927,272.38867,344.81705,329.10257,292.81448,302.3757,304.9684,251.63045,320.78113,329.29852,326.39267,342.12418,329.8635,323.62515,321.44324,321.2819,306.84647,274.30444,300.063,292.98602,295.44492,297.50256,335.02628,-127752.36,9038.021,3300.95,-83989.45,3100.0,1500.0,149745.31,3609.6335,22554.256,139655.52,30282.6,-13.863777,5886.975,66747.016,4829.5654
1449,2008-04-23,320.6898,331.0066,323.71133,322.8906,272.38852,344.81796,329.09616,292.86304,302.3784,304.9701,251.63055,320.7858,329.31696,326.4114,342.12503,329.88257,323.63336,321.47043,321.3033,306.8871,274.30447,300.06238,292.98593,295.44415,297.50296,335.02628,-128124.15,8838.087,3304.1992,-83989.2,3100.0,1500.0,149628.94,3606.4783,22711.574,140334.11,30290.508,-13.928619,5788.8916,66747.95,4826.764
1450,2008-04-30,320.72235,331.02142,323.7203,322.89993,272.38837,344.86325,329.09137,293.2422,302.38135,304.972,251.63066,320.79153,329.3281,326.4281,342.1259,329.89777,323.64517,321.4949,321.3146,306.90924,274.30447,300.06177,292.98578,295.44824,297.5035,335.02628,-128379.836,8740.924,3292.706,-84001.6,3100.0,1500.0,149559.23,3603.8533,22806.85,140649.72,30278.969,-14.195534,5659.11,66766.91,4824.1724
1451,2008-05-07,320.71365,331.02374,323.7225,322.90137,272.38824,344.9269,329.0881,293.4316,302.3845,304.9693,251.63077,320.7964,329.3128,326.40488,342.1265,329.90604,323.657,321.48288,321.29016,306.85553,274.30447,300.06116,292.9856,295.45374,297.50464,335.02628,-128192.53,9017.604,3281.0994,-84020.23,3100.0,1500.0,149699.5,3601.9426,22572.12,139685.94,30251.92,-14.444588,5611.7334,66784.24,4821.847
1452,2008-05-14,320.71664,331.0304,323.7223,322.90152,272.38818,344.97348,329.0864,293.36966,302.38797,304.969,251.63087,320.79816,329.3325,326.4271,342.12674,329.91327,323.66187,321.49136,321.31137,306.8859,274.30447,300.0606,292.98538,295.45844,297.5061,335.02628,-128398.59,8880.767,3273.7842,-84038.07,3100.0,1500.0,149491.42,3600.5435,22686.271,140417.95,30246.068,-14.620293,5686.616,66794.945,4820.2207
1453,2008-05-21,320.73926,331.04218,323.73035,322.91043,272.38812,345.0127,329.08624,293.25616,302.3919,304.97113,251.63095,320.80203,329.34665,326.44458,342.12714,329.9268,323.6679,321.51248,321.33087,306.90887,274.30447,300.0601,292.98514,295.46136,297.50787,335.02628,-128717.32,8776.221,3269.142,-84046.87,3100.0,1500.0,149420.97,3599.5896,22782.484,140958.36,30242.902,-14.719948,5706.503,66800.56,4819.6196
1454,2008-05-28,320.76523,331.05524,323.73868,322.9191,272.38812,345.03738,329.0876,293.3896,302.3962,304.9733,251.63103,320.80728,329.36215,326.4606,342.12762,329.94043,323.67773,321.53384,321.34326,306.93073,274.30447,300.0597,292.98486,295.4656,297.50986,335.02628,-128974.836,8677.983,3257.7637,-84058.46,3100.0,1500.0,149292.25,3599.2278,22874.31,141331.97,30233.33,-14.906876,5637.8984,66815.516,4819.5806
1455,2008-06-04,320.7567,331.0554,323.7417,322.92114,272.38818,345.05743,329.09027,293.54904,302.40063,304.97162,251.63109,320.8122,329.35138,326.43613,342.12817,329.94446,323.6886,321.52527,321.3234,306.88376,274.30447,300.05948,292.9846,295.46918,297.51218,335.02628,-128829.44,8921.216,3246.3875,-84076.21,3100.0,1500.0,149431.86,3599.5366,22671.027,140484.16,30210.607,-15.118134,5589.0474,66832.82,4819.626
1456,2008-06-11,320.7617,331.0599,323.74036,322.92062,272.38824,345.0767,329.09406,293.55814,302.4051,304.97232,251.63113,320.81424,329.3573,326.4598,342.1283,329.94727,323.6939,321.52823,321.33862,306.91318,274.30447,300.05936,292.98428,295.47272,297.51443,335.02628,-128978.945,8754.266,3238.261,-84092.84,3100.0,1500.0,149319.33,3600.292,22763.057,141094.5,30208.15,-15.270874,5611.912,66844.234,4819.673
1457,2008-06-18,320.76547,331.06845,323.74506,322.92572,272.38837,345.08945,329.09875,293.38617,302.40958,304.97287,251.6312,320.8176,329.36258,326.46286,342.12857,329.9572,323.69904,321.53848,321.34424,306.8936,274.30447,300.0592,292.98395,295.4767,297.51672,335.02628,-129109.74,8840.124,3231.41,-84103.88,3100.0,1500.0,149267.5,3601.4375,22711.357,141094.0,30196.508,-15.343292,5704.315,66849.86,4819.6597
1458,2008-06-25,320.78854,331.07764,323.74966,322.93088,272.38852,345.09708,329.1042,293.36746,302.41403,304.9756,251.63124,320.82123,329.37445,326.4788,342.12894,329.96707,323.70486,321.55737,321.36023,306.9437,274.30447,300.0591,292.9836,295.4817,297.51904,335.02628,-129344.67,8637.187,3220.7312,-84110.62,3100.0,1500.0,149170.28,3602.915,22897.762,141674.97,30192.84,-15.430481,5663.4126,66859.73,4819.464
1459,2008-07-02,320.7955,331.08084,323.75354,322.9342,272.3887,345.09915,329.11017,293.56073,302.4183,304.97635,251.6313,320.82535,329.37363,326.46793,342.12933,329.97177,323.7132,321.56372,321.3512,306.92352,274.30447,300.05914,292.98328,295.48557,297.5217,335.02628,-129319.41,8759.88,3205.4055,-84128.164,3100.0,1500.0,149212.14,3604.7397,22821.13,141255.55,30172.883,-15.626228,5597.2266,66879.945,4819.0527
1460,2008-07-09,320.78207,331.08023,323.75177,322.93265,272.38892,345.08508,329.1166,293.6264,302.4223,304.97516,251.63138,320.8276,329.36243,326.46863,342.12952,329.97363,323.7183,321.5511,321.34805,306.90024,274.30444,300.05936,292.98294,295.4869,297.52438,335.02628,-129275.2,8884.839,3198.2078,-84146.26,3100.0,1500.0,149269.11,3606.885,22695.312,141016.2,30161.035,-15.755112,5586.0303,66892.3,4818.541
1461,2008-07-16,320.78555,331.08444,323.7522,322.9333,272.38916,345.09122,329.1232,293.38034,302.4261,304.97635,251.63144,320.82916,329.372,326.47693,342.12958,329.9751,323.7207,321.5576,321.35413,306.92502,274.30444,300.05966,292.9826,295.4869,297.52667,335.02628,-129350.83,8768.6455,3197.626,-84156.67,3100.0,1500.0,149162.73,3609.116,22788.88,141333.55,30168.508,-15.747337,5741.8965,66891.07,4818.311
1462,2008-07-23,320.81046,331.09134,323.7569,322.93872,272.38943,345.0914,329.12985,293.25497,302.42972,304.97952,251.63148,320.8317,329.38382,326.49097,342.12976,329.98276,323.72366,321.57877,321.3731,306.95752,274.30444,300.06,292.9823,295.4902,297.5287,335.02628,-129609.164,8611.273,3193.912,-84152.984,3100.0,1500.0,149089.56,3611.3745,22927.814,141929.31,30170.04,-15.710823,5708.864,66890.48,4818.3857
1463,2008-07-30,320.83087,331.09848,323.76297,322.94504,272.38974,345.10138,329.13647,293.5041,302.43298,304.98206,251.63153,320.83572,329.39368,326.49896,342.13007,329.99146,323.72906,321.5963,321.38156,306.96457,274.30444,300.0604,292.98203,295.49536,297.53104,335.02628,-129792.9,8594.508,3175.4526,-84165.58,3100.0,1500.0,149039.94,3613.7278,22967.51,142105.81,30152.785,-15.890152,5622.7603,66911.086,4818.538
1464,2008-08-06,320.812,331.093,323.76144,322.94266,272.39,345.1207,329.14297,293.4884,302.43576,304.9802,251.63159,320.83896,329.36417,326.46954,342.1303,329.99,323.73428,321.57275,321.34903,306.90726,274.30444,300.0609,292.98175,295.4948,297.53366,335.02628,-129468.43,8870.27,3169.7632,-84181.77,3100.0,1500.0,149271.12,3616.2302,22698.85,140925.02,30140.08,-15.955437,5663.847,66919.555,4818.702
1465,2008-08-13,320.8115,331.0933,323.75815,322.93915,272.39032,345.13928,329.14944,293.2868,302.43826,304.98096,251.63162,320.83862,329.39,326.4886,342.13016,329.98596,323.73337,321.575,321.36386,306.94443,274.30444,300.0614,292.98148,295.49478,297.53574,335.02628,-129556.71,8687.057,3171.273,-84185.94,3100.0,1500.0,149041.67,3618.645,22835.662,141623.77,30151.002,-15.898842,5752.8,66915.78,4818.88
1466,2008-08-20,320.83148,331.09778,323.7654,322.94614,272.39062,345.1564,329.15594,293.28372,302.44052,304.98376,251.63167,320.84042,329.41016,326.4942,342.13022,329.99176,323.7356,321.59634,321.37894,306.9642,274.30444,300.0619,292.98126,295.49652,297.53748,335.02628,-129788.58,8606.467,3166.3958,-84184.98,3100.0,1500.0,148991.08,3620.9346,22939.59,142046.02,30149.713,-15.896072,5704.344,66918.77,4819.1294
1467,2008-08-27,320.84836,331.10376,323.77127,322.9522,272.39093,345.16843,329.16248,293.48123,302.4424,304.98578,251.6317,320.8437,329.4172,326.50635,342.1304,329.99823,323.74057,321.61212,321.38785,306.97104,274.30444,300.06235,292.98108,295.49957,297.53934,335.02628,-129968.62,8588.241,3153.7454,-84194.65,3100.0,1500.0,148962.9,3623.2832,22977.182,142254.08,30138.867,-16.017319,5634.674,66933.12,4820.0283
1468,2008-09-03,320.83865,331.10178,323.76923,322.95032,272.39127,345.1711,329.1691,293.57492,302.44397,304.9847,251.63173,320.84656,329.37793,326.48706,342.13058,330.0004,323.74554,321.599,321.35928,306.93277,274.30444,300.06277,292.98093,295.49957,297.54132,335.02628,-129691.055,8777.528,3147.3582,-84207.75,3100.0,1500.0,149198.88,3625.7507,22800.781,141268.84,30128.342,-16.102806,5608.6714,66942.375,4819.958
1469,2008-09-10,320.83698,331.09845,323.764,322.94592,272.39154,345.18164,329.17575,293.53702,302.44543,304.9855,251.63171,320.8465,329.38617,326.48962,342.13052,329.9971,323.74557,321.59766,321.37814,306.9539,274.30444,300.06323,292.98083,295.50235,297.54297,335.02628,-129805.336,8664.104,3141.902,-84216.1,3100.0,1500.0,149090.88,3628.1821,22866.793,141837.1,30127.666,-16.150146,5649.389,66946.95,4823.0815
1470,2008-09-17,320.8425,331.0996,323.76495,322.94733,272.39185,345.19315,329.1825,293.38953,302.44693,304.9869,251.63167,320.84778,329.38248,326.49356,342.13043,329.99655,323.748,321.60583,321.37772,306.95554,274.3044,300.06375,292.98074,295.4998,297.54462,335.02628,-129833.734,8672.522,3143.0618,-84219.39,3100.0,1500.0,149108.66,3630.5798,22884.568,141801.61,30132.59,-16.122307,5709.2915,66944.68,4825.4014
1471,2008-09-24,320.8538,331.104,323.76627,322.9495,272.39215,345.2027,329.18924,293.41086,302.44843,304.98834,251.63165,320.84927,329.38452,326.50436,342.13046,330.00095,323.75128,321.6189,321.39035,306.96973,274.3044,300.06427,292.9807,295.4986,297.54584,335.02628,-129987.66,8613.193,3143.411,-84216.78,3100.0,1500.0,149062.67,3633.0112,22952.277,142143.0,30137.264,-16.1083,5660.5415,66943.3,4826.7593
1472,2008-10-01,320.83936,331.1046,323.76865,322.95187,272.39246,345.2133,329.1959,293.38947,302.4498,304.98682,251.63162,320.85156,329.38605,326.5013,342.1306,330.00452,323.75577,321.6181,321.38788,306.92444,274.3044,300.0648,292.9807,295.49802,297.54684,335.02628,-130005.33,8876.113,3141.7854,-84219.24,3100.0,1500.0,149079.81,3635.5225,22795.56,141763.73,30126.744,-16.116203,5715.3364,66943.82,4827.806
1473,2008-10-08,320.81528,331.096,323.76392,322.94632,272.39276,345.22357,329.2025,293.25818,302.45093,304.98474,251.6316,320.8524,329.35742,326.47464,342.13058,329.99734,323.75854,321.58936,321.3573,306.89697,274.3044,300.06525,292.98074,295.4989,297.5475,335.02628,-129647.54,8972.735,3143.6423,-84214.336,3100.0,1500.0,149285.86,3638.0562,22627.275,140869.33,30126.035,-16.042824,5738.395,66938.4,4828.8013
1474,2008-10-15,320.81595,331.09564,323.75906,322.94208,272.39304,345.233,329.2091,293.28003,302.4518,304.98645,251.63158,320.85046,329.37048,326.49258,342.1303,329.99347,323.75647,321.59076,321.37518,306.93472,274.3044,300.0658,292.9808,295.4986,297.5481,335.02628,-129749.41,8775.452,3141.0908,-84213.85,3100.0,1500.0,149119.78,3640.4531,22774.598,141615.28,30133.484,-16.043182,5730.3633,66940.34,4829.964
1475,2008-10-22,320.79742,331.09457,323.759,322.942,272.39328,345.2417,329.21567,292.9124,302.45236,304.98495,251.63153,320.85043,329.35056,326.48138,342.13028,329.99237,323.75717,321.58408,321.3562,306.88232,274.3044,300.06638,292.98093,295.49615,297.54865,335.02628,-129568.125,9069.319,3147.1265,-84211.14,3100.0,1500.0,149274.81,3642.8916,22595.754,140809.05,30131.762,-15.880768,5948.657,66927.65,4831.553
1476,2008-10-29,320.7758,331.0898,323.75342,322.93604,272.3935,345.24323,329.22223,292.31714,302.4526,304.98328,251.63147,320.8487,329.3428,326.46765,342.13016,329.98828,323.75507,321.55792,321.345,306.8703,274.3044,300.06693,292.98105,295.4893,297.5486,335.02628,-129377.95,9085.389,3168.4863,-84187.19,3100.0,1500.0,149295.61,3645.3623,22499.44,140557.86,30156.846,-15.484688,6142.667,66896.29,4833.7764
1477,2008-11-05,320.7625,331.07013,323.74603,322.92767,272.3937,345.20242,329.2287,292.40207,302.4521,304.9831,251.6314,320.8458,329.32294,326.43448,342.12988,329.97543,323.75064,321.5397,321.32675,306.8723,274.3044,300.06747,292.98123,295.48364,297.54776,335.02628,-129071.3,9043.598,3179.399,-84159.96,3100.0,1500.0,149533.52,3647.7544,22491.225,140095.77,30172.57,-15.269615,5979.165,66883.39,4836.3105
1478,2008-11-12,320.78757,331.06888,323.74304,322.9254,272.39386,345.1382,329.235,292.86115,302.45047,304.98688,251.6313,320.8421,329.3498,326.46957,342.12912,329.9664,323.7445,321.56165,321.3551,306.93436,274.3044,300.068,292.9814,295.48862,297.5466,335.02628,-129299.62,8732.813,3165.467,-84157.836,3100.0,1500.0,149274.27,3650.0222,22770.598,141258.19,30170.654,-15.347893,5830.276,66896.74,4838.7236
1479,2008-11-19,320.7792,331.07016,323.74527,322.92828,272.39395,345.1126,329.2407,292.48288,302.4479,304.9861,251.63121,320.84204,329.32095,326.45056,342.129,329.96628,323.74448,321.56772,321.34357,306.87616,274.3044,300.06854,292.98166,295.48462,297.54623,335.02628,-129226.28,9079.394,3169.532,-84162.57,3100.0,1500.0,149500.86,3652.338,22596.312,140473.03,30167.137,-15.171005,6118.0103,66885.2,4840.6084
1480,2008-11-26,320.76865,331.05545,323.7375,322.92047,272.394,345.08188,329.2456,291.5188,302.44498,304.9849,251.63112,320.8405,329.30112,326.42337,342.12885,329.9589,323.7428,321.55145,321.3323,306.8776,274.3044,300.069,292.9819,295.47247,297.54532,335.02628,-129017.01,9030.179,3205.4048,-84129.65,3100.0,1500.0,149664.14,3654.5469,22557.264,140171.0,30212.61,-14.55455,6476.3984,66833.72,4841.9927
1481,2008-12-03,320.73544,331.03152,323.72626,322.90762,272.39404,345.05038,329.24945,291.0341,302.4416,304.98108,251.63104,320.83646,329.27808,326.3985,342.1281,329.94092,323.73624,321.51102,321.28412,306.82178,274.3044,300.0694,292.98218,295.46115,297.54327,335.02628,-128391.98,9274.68,3237.6807,-84078.06,3100.0,1500.0,149886.48,3656.5278,22306.092,138873.64,30239.988,-13.976372,6552.7266,66789.62,4843.158
1482,2008-12-10,320.7487,331.02545,323.721,322.9034,272.394,345.01138,329.252,291.4877,302.43698,304.98364,251.63095,320.83026,329.30045,326.42618,342.12708,329.92947,323.72528,321.5246,321.32825,306.89984,274.3044,300.06967,292.98245,295.46268,297.54034,335.02628,-128701.336,8868.423,3236.8696,-84043.36,3100.0,1500.0,149685.88,3657.9854,22636.459,140449.98,30251.826,-13.8059845,6233.374,66786.28,4844.209
1483,2008-12-17,320.74582,331.02658,323.72467,322.90686,272.39392,344.97836,329.25302,291.91714,302.43088,304.98386,251.63087,320.8288,329.29132,326.42902,342.12665,329.91907,323.72275,321.52243,321.30133,306.8523,274.3044,300.07,292.98276,295.46198,297.53818,335.02628,-128509.49,9115.612,3225.4897,-84049.586,3100.0,1500.0,149786.02,3659.0315,22478.992,139611.47,30235.488,-13.845566,6195.8013,66799.05,4845.2383
1484,2008-12-24,320.72394,331.0123,323.71793,322.89948,272.39374,344.95923,329.25232,291.3337,302.42398,304.98123,251.63078,320.82562,329.26178,326.39603,342.12637,329.9076,323.71927,321.5076,321.2823,306.83212,274.3044,300.07025,292.9831,295.45474,297.5362,335.02628,-128198.336,9216.543,3246.9688,-84038.18,3100.0,1500.0,150027.05,3659.6963,22402.188,138969.94,30258.246,-13.440735,6500.065,66767.27,4846.405
1485,2008-12-31,320.68396,330.9962,323.7049,322.88684,272.39352,344.93057,329.24997,290.59375,302.417,304.9767,251.63069,320.82034,329.2284,326.37695,342.12576,329.89478,323.71265,321.47467,321.26465,306.77686,274.3044,300.07034,292.9834,295.44272,297.53354,335.02628,-127847.85,9473.691,3282.9531,-83997.11,3100.0,1500.0,150192.97,3659.786,22171.098,138262.84,30287.795,-12.839722,6748.37,66718.26,4847.731
1486,2009-01-07,320.6857,330.99466,323.69647,322.8805,272.39325,344.8971,329.24606,290.69666,302.40982,304.97763,251.63058,320.81467,329.21744,326.39154,342.12518,329.89017,323.70337,321.47244,321.28366,306.83252,274.3044,300.07034,292.98373,295.4384,297.52982,335.02628,-127927.695,9158.369,3300.1362,-83951.19,3100.0,1500.0,150088.83,3659.1199,22380.158,139098.55,30314.615,-12.501259,6521.734,66696.11,4848.9097
1487,2009-01-14,320.69272,330.99582,323.69882,322.87988,272.39294,344.86334,329.2407,291.49673,302.40198,304.97803,251.6305,320.81134,329.25543,326.36884,342.12524,329.8844,323.69766,321.48288,321.26266,306.8234,274.3044,300.07034,292.98404,295.4412,297.5264,335.02628,-127708.266,9230.154,3285.0425,-83946.7,3100.0,1500.0,149871.64,3657.8794,22404.05,138617.52,30296.213,-12.638252,6224.9697,66716.03,4849.6196
1488,2009-01-21,320.62555,330.9859,323.6874,322.86713,272.39258,344.8288,329.23383,291.8967,302.3938,304.97018,251.63042,320.80597,329.184,326.3174,342.12537,329.86948,323.6887,321.41843,321.2081,306.6925,274.3044,300.0702,292.98438,295.43994,297.52374,335.02628,-126985.0,9849.536,3282.9536,-83959.17,3100.0,1500.0,150357.42,3656.365,21840.43,136553.8,30268.58,-12.730377,6128.023,66726.06,4849.6113
1489,2009-01-28,320.57156,330.96353,323.666,322.84647,272.39215,344.79117,329.22534,292.02832,302.38614,304.96628,251.63036,320.79602,329.14508,326.2951,342.125,329.8515,323.66968,321.36395,321.19766,306.7006,274.3044,300.0699,292.98468,295.4374,297.5208,335.02628,-126564.56,9732.916,3291.545,-83962.85,3100.0,1500.0,150542.17,3654.168,21798.559,136452.5,30280.904,-12.750931,6100.746,66723.12,4849.0977
1490,2009-02-04,320.53952,330.94632,323.6562,322.83716,272.39172,344.7635,329.21527,292.08963,302.37982,304.9647,251.63031,320.78665,329.15152,326.3034,342.12408,329.8358,323.6485,321.3432,321.1974,306.69092,274.3044,300.06946,292.985,295.43628,297.51758,335.02628,-126419.36,9773.56,3298.5107,-83960.445,3100.0,1500.0,150505.6,3651.2405,21783.293,136595.23,30283.31,-12.784813,6088.911,66718.83,4848.329
1491,2009-02-11,320.5991,330.95657,323.66644,322.8474,272.39133,344.75385,329.2041,292.23648,302.37503,304.97208,251.63028,320.78125,329.22913,326.3607,342.12335,329.83856,323.63358,321.3956,321.25305,306.8387,274.3044,300.0689,292.98526,295.43988,297.5145,335.02628,-127056.1,9021.987,3294.6787,-83957.9,3100.0,1500.0,150007.69,3647.5515,22416.229,138961.97,30306.703,-12.893929,6015.74,66721.78,4847.452
1492,2009-02-18,320.58664,330.96042,323.67575,322.85495,272.39093,344.74612,329.19223,292.3684,302.37173,304.96906,251.63025,320.7818,329.19397,326.32764,342.12347,329.84515,323.63214,321.3793,321.20062,306.71848,274.3044,300.0684,292.9855,295.4389,297.51254,335.02628,-126661.55,9648.06,3292.124,-83964.77,3100.0,1500.0,150416.6,3643.7246,21975.963,136918.16,30278.87,-13.043449,5997.4536,66728.31,4846.6055
1493,2009-02-25,320.54123,330.9502,323.66776,322.84586,272.3906,344.73944,329.17987,292.33426,302.36978,304.96356,251.63022,320.7774,329.19446,326.3183,342.12335,329.8376,323.62503,321.33215,321.19174,306.6953,274.30444,300.0678,292.98572,295.43674,297.51056,335.02628,-126433.125,9711.422,3302.6895,-83964.68,3100.0,1500.0,150392.89,3639.7502,21817.455,136761.81,30283.578,-13.075264,6016.4004,66722.45,4845.8345
1494,2009-03-04,320.53564,330.9433,323.66525,322.84308,272.39026,344.7651,329.16733,292.37634,302.369,304.96378,251.63019,320.7729,329.2002,326.31366,342.12302,329.831,323.6151,321.32898,321.2003,306.73718,274.30444,300.0671,292.9859,295.4352,297.50824,335.02628,-126448.664,9483.536,3310.5857,-83959.93,3100.0,1500.0,150373.17,3635.3022,21985.531,137230.44,30297.531,-13.124893,5984.707,66718.44,4845.034
1495,2009-03-11,320.5858,330.954,323.6721,322.85098,272.38995,344.77515,329.15488,292.40936,302.36896,304.96863,251.63017,320.771,329.24164,326.3541,342.1229,329.83536,323.60956,321.37793,321.2451,306.82593,274.30444,300.06638,292.98605,295.43863,297.50607,335.02628,-126976.03,9065.089,3308.3782,-83958.58,3100.0,1500.0,150053.66,3630.6016,22401.418,138833.03,30307.715,-13.214279,5995.5303,66719.75,4844.092
1496,2009-03-18,320.5913,330.96436,323.68454,322.8639,272.38965,344.74338,329.14288,292.46658,302.3695,304.968,251.63016,320.774,329.24924,326.3672,342.12335,329.84216,323.61307,321.37418,321.2477,306.7703,274.30444,300.0657,292.98615,295.4373,297.50482,335.02628,-127201.305,9329.392,3310.0037,-83959.39,3100.0,1500.0,150090.22,3626.077,22175.256,138572.81,30295.3,-13.29438,5946.9814,66721.7,4842.862
1497,2009-03-25,320.60226,330.96216,323.6885,322.8667,272.3894,344.71085,329.1316,292.67215,302.37048,304.9684,251.63017,320.77652,329.25504,326.3513,342.12366,329.84448,323.6158,321.372,321.24307,306.81607,274.30444,300.06503,292.9862,295.43652,297.50366,335.02628,-127199.3,9071.586,3311.7446,-83963.15,3100.0,1500.0,150123.9,3621.707,22320.031,138668.94,30305.947,-13.425194,5865.703,66726.48,4840.6665
1498,2009-04-01,320.62738,330.9629,323.68912,322.86646,272.38913,344.7292,329.12115,292.8551,302.3718,304.96933,251.63025,320.7774,329.2658,326.34555,342.12366,329.8422,323.61703,321.39926,321.24777,306.84164,274.30444,300.06433,292.98624,295.43857,297.50272,335.02628,-127237.83,8984.961,3308.9595,-83969.64,3100.0,1500.0,150076.72,3617.4858,22473.688,138833.25,30302.834,-13.587013,5803.5884,66733.72,4837.1895
1499,2009-04-08,320.6471,330.9707,323.69196,322.87027,272.38892,344.8004,329.11176,292.95535,302.3735,304.96912,251.63034,320.7784,329.27142,326.3711,342.12375,329.8482,323.61966,321.4195,321.26166,306.84378,274.30444,300.0637,292.9862,295.44452,297.50232,335.02628,-127432.516,9000.842,3300.4832,-83979.36,3100.0,1500.0,149998.66,3613.5835,22505.973,139185.39,30287.35,-13.775246,5790.1953,66744.54,4833.198
1500,2009-04-15,320.65866,330.98816,323.70053,322.87927,272.3887,344.81912,329.1037,292.81454,302.3757,304.96854,251.63045,320.78113,329.29852,326.3927,342.12418,329.8635,323.62515,321.44324,321.2819,306.8465,274.30444,300.06308,292.98615,295.44498,297.50262,335.02628,-127752.43,9037.944,3300.2542,-83989.54,3100.0,1500.0,149745.31,3610.04,22554.225,139655.61,30282.477,-13.86467,5886.9927,66747.25,4829.555
1501,2009-04-22,320.6898,331.0066,323.71133,322.8906,272.38855,344.82004,329.09726,292.86307,302.37842,304.9702,251.63055,320.7858,329.31696,326.4114,342.12503,329.88257,323.63336,321.47043,321.3033,306.88712,274.30444,300.06244,292.98605,295.44418,297.50302,335.02628,-128124.266,8838.011,3303.8506,-83989.555,3100.0,1500.0,149628.94,3606.8835,22711.541,140334.2,30290.383,-13.929512,5788.91,66748.19,4826.754
1502,2009-04-29,320.72238,331.02142,323.7203,322.89993,272.3884,344.8653,329.09247,293.24222,302.38138,304.9721,251.63066,320.79156,329.3281,326.4281,342.1259,329.89777,323.64517,321.4949,321.3146,306.90927,274.30444,300.06183,292.9859,295.4483,297.50357,335.02628,-128379.88,8740.887,3292.4736,-84001.88,3100.0,1500.0,149559.22,3604.2568,22806.82,140649.81,30278.848,-14.196281,5659.1265,66767.14,4824.1626
1503,2009-05-06,320.71365,331.02374,323.7225,322.90137,272.38828,344.92896,329.0892,293.43164,302.38452,304.96942,251.63077,320.79642,329.3128,326.40488,342.1265,329.90604,323.657,321.48288,321.2902,306.85556,274.30444,300.06125,292.98572,295.45377,297.5047,335.02628,-128192.65,9017.604,3280.7507,-84020.5,3100.0,1500.0,149699.48,3602.345,22572.092,139686.03,30251.8,-14.445374,5611.751,66784.47,4821.838
1504,2009-05-13,320.71667,331.0304,323.7223,322.90152,272.3882,344.9755,329.0875,293.36972,302.38797,304.96912,251.63087,320.79816,329.3325,326.4271,342.12674,329.91327,323.66187,321.49136,321.31137,306.88593,274.30444,300.0607,292.9855,295.45847,297.5062,335.02628,-128398.664,8880.728,3273.3208,-84038.2,3100.0,1500.0,149491.39,3600.9438,22686.238,140418.05,30245.951,-14.621002,5686.634,66795.164,4820.2104
1505,2009-05-20,320.7393,331.04218,323.73038,322.91043,272.38815,345.0147,329.08734,293.2562,302.39194,304.97125,251.63095,320.80203,329.34665,326.44458,342.12714,329.9268,323.6679,321.5125,321.33087,306.90887,274.30444,300.06018,292.98526,295.4614,297.50793,335.02628,-128717.41,8776.221,3268.562,-84047.24,3100.0,1500.0,149420.94,3599.989,22782.453,140958.45,30242.787,-14.720787,5706.5186,66800.78,4819.611
1506,2009-05-27,320.76526,331.05524,323.73868,322.9191,272.38815,345.0394,329.08868,293.38962,302.3962,304.97342,251.63101,320.8073,329.36215,326.4606,342.12762,329.94043,323.67773,321.53384,321.34326,306.93076,274.30444,300.05978,292.985,295.46564,297.50992,335.02628,-128974.88,8677.944,3257.4165,-84058.72,3100.0,1500.0,149292.23,3599.6257,22874.28,141332.03,30233.22,-14.907539,5637.9136,66815.734,4819.5713
1507,2009-06-03,320.75674,331.05542,323.7417,322.92114,272.3882,345.05942,329.09134,293.54907,302.40063,304.97174,251.63107,320.8122,329.35138,326.43613,342.12817,329.94446,323.6886,321.52527,321.3234,306.88376,274.30444,300.05957,292.98468,295.46924,297.51224,335.02628,-128829.53,8921.177,3245.8074,-84076.56,3100.0,1500.0,149431.83,3599.9333,22670.996,140484.25,30210.498,-15.118767,5589.063,66833.02,4819.616
1508,2009-06-10,320.7617,331.0599,323.74036,322.92062,272.38828,345.07867,329.09515,293.55817,302.4051,304.97244,251.63113,320.81424,329.3573,326.4598,342.1283,329.94727,323.6939,321.52823,321.33862,306.9132,274.30444,300.05942,292.98438,295.47278,297.5145,335.02628,-128979.01,8754.227,3237.6794,-84092.98,3100.0,1500.0,149319.33,3600.6875,22763.027,141094.56,30208.041,-15.271591,5611.9272,66844.44,4819.6636
1509,2009-06-17,320.76547,331.06845,323.74506,322.92572,272.3884,345.09143,329.09982,293.3862,302.40958,304.973,251.63118,320.8176,329.36258,326.4629,342.12857,329.9572,323.69904,321.5385,321.34424,306.89362,274.30444,300.0593,292.98404,295.47678,297.51678,335.02628,-129109.766,8840.046,3230.8293,-84104.15,3100.0,1500.0,149267.48,3601.832,22711.328,141094.08,30196.402,-15.343956,5704.331,66850.06,4819.651
1510,2009-06-24,320.78854,331.07764,323.7497,322.93088,272.38855,345.09903,329.10526,293.3675,302.41406,304.9757,251.63124,320.82123,329.37445,326.4788,342.12894,329.96707,323.70486,321.55737,321.36023,306.9437,274.30444,300.05917,292.9837,295.48175,297.5191,335.02628,-129344.74,8637.11,3220.2664,-84110.89,3100.0,1500.0,149170.28,3603.3079,22897.732,141675.06,30192.734,-15.431091,5663.4277,66859.93,4819.455
1511,2009-07-01,320.7955,331.08084,323.75354,322.9342,272.38873,345.1011,329.11127,293.56076,302.41833,304.97647,251.6313,320.82535,329.37363,326.46793,342.12933,329.97177,323.7132,321.56375,321.3512,306.92355,274.30444,300.0592,292.98337,295.48563,297.52176,335.02628,-129319.48,8759.88,3204.9412,-84128.47,3100.0,1500.0,149212.14,3605.1323,22821.102,141255.61,30172.781,-15.62677,5597.241,66880.15,4819.043
1512,2009-07-08,320.7821,331.08023,323.75177,322.93265,272.38895,345.087,329.11768,293.62643,302.4223,304.97528,251.63136,320.8276,329.36243,326.46863,342.12952,329.97363,323.7183,321.5511,321.34805,306.90027,274.30444,300.05942,292.98303,295.48694,297.52444,335.02628,-129275.23,8884.801,3197.3945,-84146.484,3100.0,1500.0,149269.1,3607.2778,22695.285,141016.28,30160.932,-15.755753,5586.045,66892.5,4818.532
1513,2009-07-15,320.78558,331.08444,323.7522,322.93332,272.3892,345.09314,329.1243,293.38037,302.42612,304.97647,251.63142,320.82916,329.372,326.47693,342.12958,329.9751,323.7207,321.5576,321.35413,306.92502,274.30444,300.05972,292.9827,295.48697,297.52673,335.02628,-129350.875,8768.606,3196.9307,-84156.87,3100.0,1500.0,149162.73,3609.5088,22788.852,141333.61,30168.408,-15.747925,5741.9116,66891.27,4818.3027
1514,2009-07-22,320.81046,331.09134,323.7569,322.93872,272.38947,345.09335,329.13092,293.255,302.42972,304.97964,251.63148,320.8317,329.38382,326.49097,342.12976,329.98276,323.72366,321.57877,321.3731,306.95752,274.30444,300.06006,292.9824,295.49023,297.52875,335.02628,-129609.164,8611.196,3193.4473,-84153.31,3100.0,1500.0,149089.56,3611.7678,22927.79,141929.39,30169.94,-15.711502,5708.878,66890.67,4818.3765
1515,2009-07-29,320.8309,331.09848,323.76297,322.94504,272.38974,345.1033,329.13754,293.50412,302.43298,304.98218,251.63153,320.83572,329.39368,326.49896,342.13007,329.99146,323.72906,321.5963,321.38156,306.9646,274.30444,300.0605,292.9821,295.4954,297.5311,335.02628,-129792.97,8594.393,3174.9878,-84165.73,3100.0,1500.0,149039.92,3614.12,22967.482,142105.88,30152.693,-15.89093,5622.7754,66911.27,4818.529
1516,2009-08-05,320.81204,331.093,323.76144,322.94266,272.39005,345.12262,329.14404,293.48843,302.43576,304.98032,251.63158,320.83896,329.36417,326.46954,342.1303,329.99,323.73428,321.57275,321.34903,306.9073,274.30444,300.06097,292.9818,295.49484,297.53372,335.02628,-129468.48,8870.23,3169.415,-84181.94,3100.0,1500.0,149271.11,3616.6216,22698.822,140925.1,30139.984,-15.956055,5663.8613,66919.74,4818.6934
1517,2009-08-12,320.8115,331.0933,323.75815,322.93915,272.39035,345.14117,329.1505,293.28683,302.43826,304.98108,251.63162,320.83862,329.39,326.4886,342.13016,329.98596,323.73337,321.575,321.36386,306.94446,274.30444,300.0615,292.98157,295.4948,297.53577,335.02628,-129556.76,8686.979,3170.8086,-84186.05,3100.0,1500.0,149041.66,3619.0356,22835.639,141623.83,30150.912,-15.899384,5752.814,66915.97,4818.8716
1518,2009-08-19,320.83148,331.09778,323.7654,322.94614,272.39066,345.1583,329.157,293.28375,302.44052,304.9839,251.63167,320.84042,329.41016,326.4942,342.13022,329.99176,323.7356,321.59634,321.37894,306.96423,274.30444,300.06195,292.98135,295.49658,297.53754,335.02628,-129788.6,8606.467,3165.932,-84185.08,3100.0,1500.0,148991.06,3621.3247,22939.56,142046.1,30149.621,-15.896759,5704.358,66918.95,4819.121
1519,2009-08-26,320.8484,331.10376,323.77127,322.9522,272.39096,345.17032,329.16354,293.48126,302.4424,304.9859,251.6317,320.8437,329.4172,326.50635,342.1304,329.99826,323.74057,321.61212,321.38785,306.97104,274.30444,300.0624,292.98117,295.4996,297.5394,335.02628,-129968.65,8588.202,3153.0486,-84194.84,3100.0,1500.0,148962.89,3623.6714,22977.16,142254.16,30138.775,-16.017998,5634.6875,66933.31,4820.019
1520,2009-09-02,320.83865,331.1018,323.76923,322.95032,272.39127,345.17297,329.17017,293.57495,302.444,304.98483,251.63173,320.84656,329.37793,326.48706,342.13058,330.0004,323.74554,321.599,321.35928,306.9328,274.3044,300.06287,292.98102,295.4996,297.54135,335.02628,-129691.1,8777.451,3146.8948,-84207.85,3100.0,1500.0,149198.86,3626.1384,22800.756,141268.89,30128.254,-16.1035,5608.6836,66942.54,4819.949
1521,2009-09-09,320.83698,331.09845,323.764,322.94592,272.39157,345.1835,329.17682,293.53705,302.44543,304.98563,251.63171,320.8465,329.38617,326.48962,342.13052,329.9971,323.74557,321.5977,321.37814,306.95392,274.3044,300.0633,292.9809,295.50238,297.54303,335.02628,-129805.37,8664.064,3141.6697,-84216.35,3100.0,1500.0,149090.88,3628.5688,22866.764,141837.16,30127.58,-16.150772,5649.4014,66947.125,4823.0728
1522,2009-09-16,320.8425,331.0996,323.76495,322.94733,272.39188,345.195,329.18356,293.38956,302.44693,304.98703,251.63167,320.84778,329.38248,326.49356,342.13043,329.99655,323.748,321.60583,321.37772,306.95557,274.3044,300.0638,292.98083,295.49982,297.54465,335.02628,-129833.78,8672.484,3142.5974,-84219.62,3100.0,1500.0,149108.64,3630.9678,22884.541,141801.67,30132.504,-16.12284,5709.303,66944.85,4825.3936
1523,2009-09-23,320.8538,331.104,323.76627,322.9495,272.39218,345.20456,329.19028,293.4109,302.44846,304.98843,251.63164,320.84927,329.38452,326.50436,342.13046,330.00095,323.75128,321.6189,321.39035,306.96976,274.3044,300.06433,292.9808,295.49863,297.5459,335.02628,-129987.68,8613.119,3142.8303,-84216.91,3100.0,1500.0,149062.66,3633.4,22952.252,142143.05,30137.18,-16.108902,5660.553,66943.484,4826.751
1524,2009-09-30,320.8394,331.1046,323.76865,322.95187,272.3925,345.21512,329.19693,293.3895,302.4498,304.98694,251.63162,320.85156,329.38605,326.5013,342.1306,330.00452,323.75577,321.6181,321.38788,306.92444,274.3044,300.06485,292.9808,295.49805,297.54688,335.02628,-130005.4,8876.075,3141.5535,-84219.43,3100.0,1500.0,149079.8,3635.9102,22795.535,141763.78,30126.662,-16.116669,5715.3486,66943.984,4827.7974
1525,2009-10-07,320.8153,331.096,323.76392,322.94632,272.39276,345.2254,329.20355,293.25818,302.45093,304.98486,251.6316,320.8524,329.35742,326.47464,342.13058,329.99734,323.75854,321.58936,321.3573,306.89697,274.3044,300.0653,292.98083,295.49893,297.54755,335.02628,-129647.6,8972.697,3143.1785,-84214.54,3100.0,1500.0,149285.83,3638.4414,22627.248,140869.39,30125.953,-16.043312,5738.4062,66938.57,4828.7935
1526,2009-10-14,320.81595,331.09564,323.75906,322.94208,272.39304,345.23483,329.21014,293.28006,302.4518,304.98657,251.63158,320.85046,329.37048,326.49258,342.1303,329.9935,323.75647,321.5908,321.37518,306.93475,274.3044,300.06586,292.9809,295.49863,297.54813,335.02628,-129749.42,8775.413,3140.7427,-84214.1,3100.0,1500.0,149119.78,3640.836,22774.574,141615.34,30133.408,-16.043686,5730.375,66940.51,4829.9556
1527,2009-10-21,320.79745,331.09457,323.759,322.942,272.39328,345.24353,329.2167,292.91245,302.4524,304.98508,251.63153,320.85043,329.35056,326.48138,342.13028,329.99237,323.75717,321.58408,321.3562,306.88232,274.3044,300.06644,292.981,295.4962,297.54868,335.02628,-129568.125,9069.281,3146.8945,-84211.2,3100.0,1500.0,149274.8,3643.2717,22595.73,140809.1,30131.684,-15.881256,5948.669,66927.805,4831.545
1528,2009-10-28,320.7758,331.0898,323.75345,322.93604,272.39352,345.24503,329.22327,292.31717,302.4526,304.9834,251.63147,320.8487,329.3428,326.46768,342.13016,329.98828,323.75507,321.55795,321.345,306.8703,274.3044,300.067,292.98114,295.48932,297.54865,335.02628,-129378.0,9085.351,3167.789,-84187.27,3100.0,1500.0,149295.61,3645.7417,22499.42,140557.89,30156.768,-15.485153,6142.6787,66896.45,4833.7686
1529,2009-11-04,320.7625,331.07013,323.74603,322.92767,272.3937,345.20422,329.22974,292.40207,302.45212,304.9832,251.63138,320.8458,329.32294,326.43448,342.12988,329.97543,323.75067,321.5397,321.32675,306.87234,274.3044,300.06754,292.9813,295.48367,297.54782,335.02628,-129071.34,9043.559,3179.0508,-84160.09,3100.0,1500.0,149533.5,3648.133,22491.203,140095.81,30172.494,-15.270096,5979.176,66883.55,4836.3027
1530,2009-11-11,320.7876,331.06888,323.74304,322.9254,272.39386,345.14,329.236,292.86118,302.4505,304.987,251.63129,320.8421,329.3498,326.46957,342.12912,329.9664,323.74454,321.56165,321.3551,306.9344,274.3044,300.06805,292.9815,295.48865,297.54666,335.02628,-129299.69,8732.774,3165.0032,-84158.03,3100.0,1500.0,149274.25,3650.399,22770.578,141258.23,30170.582,-15.34832,5830.2876,66896.9,4838.716
1531,2009-11-18,320.7792,331.07016,323.74527,322.92828,272.39398,345.1144,329.24173,292.4829,302.4479,304.9862,251.6312,320.84204,329.32095,326.45056,342.129,329.96628,323.74448,321.56772,321.34357,306.87616,274.3044,300.0686,292.98172,295.48465,297.54626,335.02628,-129226.305,9079.279,3168.9514,-84162.75,3100.0,1500.0,149500.84,3652.713,22596.291,140473.1,30167.068,-15.171455,6118.02,66885.36,4840.601
1532,2009-11-25,320.76865,331.05545,323.7375,322.92047,272.39404,345.08365,329.2466,291.51883,302.44498,304.985,251.63112,320.8405,329.30112,326.42337,342.12885,329.9589,323.74283,321.55145,321.3323,306.87762,274.3044,300.06906,292.98196,295.4725,297.54535,335.02628,-129017.02,9030.179,3205.0566,-84129.85,3100.0,1500.0,149664.14,3654.9194,22557.242,140171.03,30212.537,-14.554962,6476.4097,66833.87,4841.9854
1533,2009-12-02,320.73544,331.03152,323.72626,322.90762,272.39404,345.05215,329.25046,291.03412,302.4416,304.9812,251.63103,320.83646,329.27808,326.3985,342.1281,329.94092,323.73624,321.51105,321.28415,306.82178,274.3044,300.06946,292.98224,295.46115,297.5433,335.02628,-128391.98,9274.68,3237.3315,-84078.11,3100.0,1500.0,149886.47,3656.898,22306.072,138873.69,30239.918,-13.976936,6552.7363,66789.766,4843.1514
1534,2009-12-09,320.7487,331.02548,323.721,322.9034,272.39404,345.01318,329.253,291.48773,302.43698,304.98373,251.63095,320.83026,329.30045,326.42618,342.12708,329.92947,323.72528,321.5246,321.32825,306.89987,274.3044,300.06973,292.98254,295.4627,297.54037,335.02628,-128701.336,8868.384,3236.6372,-84043.41,3100.0,1500.0,149685.88,3658.3533,22636.44,140450.03,30251.758,-13.806488,6233.384,66786.42,4844.2017
1535,2009-12-16,320.74585,331.02658,323.72467,322.90686,272.39395,344.98013,329.254,291.91718,302.43088,304.98395,251.63087,320.8288,329.29132,326.42902,342.12665,329.91907,323.72275,321.52246,321.30133,306.8523,274.3044,300.07007,292.98282,295.462,297.5382,335.02628,-128509.52,9115.612,3225.026,-84049.7,3100.0,1500.0,149786.0,3659.3965,22478.97,139611.5,30235.424,-13.846001,6195.8115,66799.195,4845.2305
1536,2009-12-23,320.72394,331.0123,323.71793,322.89948,272.39377,344.96097,329.2533,291.33374,302.424,304.98135,251.63078,320.82562,329.26178,326.39603,342.12637,329.9076,323.71927,321.50763,321.2823,306.83215,274.3044,300.0703,292.98315,295.45477,297.53625,335.02628,-128198.336,9216.467,3246.504,-84038.42,3100.0,1500.0,150027.03,3660.0593,22402.166,138969.97,30258.178,-13.441269,6500.0747,66767.414,4846.3975
1537,2009-12-30,320.68396,330.9962,323.7049,322.88684,272.39352,344.9323,329.25095,290.59378,302.41702,304.97684,251.63068,320.82034,329.2284,326.37695,342.12576,329.89478,323.71265,321.47467,321.26465,306.7769,274.3044,300.0704,292.98346,295.44275,297.53357,335.02628,-127847.9,9473.653,3282.3735,-83997.34,3100.0,1500.0,150192.97,3660.1462,22171.08,138262.9,30287.73,-12.840279,6748.3804,66718.39,4847.7236
1538,2010-01-06,320.72092,330.95938,323.69986,322.8712,272.39328,344.9102,329.24704,290.8947,302.40982,304.97952,251.6316,320.8126,329.31815,326.2604,342.1251,329.858,323.70145,321.49704,321.21054,306.8877,274.3044,300.0704,292.9838,295.43506,297.52982,335.02628,-127041.555,8893.567,3300.832,-83957.8,3100.0,1500.0,149874.89,3659.449,22636.537,137615.44,30333.74,-12.553986,6394.8984,66699.61,4799.948
1539,2010-01-13,320.72223,330.95316,323.6838,322.86316,272.39294,344.93802,329.2416,291.7954,302.402,304.97827,251.63097,320.80225,329.20602,326.35696,342.12402,329.83838,323.68512,321.49335,321.25858,306.82904,274.3044,300.07025,292.98413,295.4432,297.52637,335.02628,-127379.63,9203.125,3277.149,-83957.086,3100.0,1500.0,150470.9,3658.2466,22438.545,138564.14,30290.234,-12.801346,6141.8853,66727.49,4849.411
1540,2010-01-20,320.70642,330.96225,323.6859,322.8655,272.39258,344.90375,329.23456,292.05045,302.39404,304.97705,251.63065,320.79907,329.23944,326.34326,342.12366,329.8406,323.6782,321.48663,321.24332,306.8188,274.3044,300.07013,292.98444,295.4463,297.52414,335.02628,-127276.664,9264.413,3268.5576,-83971.086,3100.0,1500.0,150080.9,3656.5242,22405.83,138200.19,30277.371,-12.905525,6078.1895,66738.95,4850.1094
1541,2010-01-27,320.63025,330.95773,323.6758,322.85455,272.39218,344.85028,329.2259,292.19275,302.38693,304.96902,251.63055,320.7945,329.16904,326.2958,342.12384,329.83322,323.6699,321.41635,321.19135,306.68793,274.3044,300.0699,292.98474,295.44397,297.52246,335.02628,-126610.695,9879.102,3271.5771,-83981.62,3100.0,1500.0,150517.33,3654.3916,21825.783,136192.39,30254.871,-12.996918,6053.3687,66743.414,4850.0254
1542,2010-02-03,320.57172,330.93982,323.65567,322.83542,272.39175,344.7988,329.21573,292.20554,302.38132,304.965,251.63048,320.78528,329.13193,326.27658,342.12366,329.8212,323.65176,321.359,321.18283,306.6962,274.3044,300.0695,292.98505,295.44055,297.52014,335.02628,-126233.26,9759.257,3284.1143,-83981.35,3100.0,1500.0,150674.69,3651.5535,21777.805,136137.25,30270.55,-13.0114975,6056.6143,66736.78,4849.463
1543,2010-02-10,320.53708,330.92627,323.64713,322.82742,272.3914,344.76266,329.20438,292.20523,302.37735,304.9633,251.63042,320.77658,329.1402,326.28745,342.12292,329.81024,323.6315,321.3367,321.18417,306.68665,274.3044,300.069,292.98532,295.43878,297.5173,335.02628,-126124.46,9797.204,3293.6338,-83975.47,3100.0,1500.0,150618.88,3648.0205,21760.38,136319.84,30275.234,-13.029404,6060.2354,66729.836,4848.658
1544,2010-02-17,320.59494,330.9395,323.65842,322.8388,272.39105,344.74802,329.1922,292.31683,302.37476,304.97058,251.63039,320.77182,329.21936,326.34683,342.12234,329.81683,323.61746,321.38815,321.24118,306.83466,274.3044,300.06842,292.98557,295.4419,297.5144,335.02628,-126791.98,9043.406,3291.8916,-83970.28,3100.0,1500.0,150102.64,3643.8242,22392.799,138719.38,30300.281,-13.116928,5995.805,66730.8,4847.757
1545,2010-02-24,320.58145,330.94583,323.6687,322.84732,272.39072,344.73737,329.1795,292.4268,302.37323,304.96744,251.63034,320.77298,329.18542,326.31552,342.12262,329.8266,323.6169,321.3714,321.18994,306.71454,274.3044,300.0679,292.98578,295.44052,297.51257,335.02628,-126424.164,9667.399,3290.732,-83975.33,3100.0,1500.0,150498.8,3639.58,21952.943,136703.38,30273.695,-13.243225,5982.8765,66735.77,4846.8877
1546,2010-03-03,320.53525,330.93762,323.66144,322.83902,272.3904,344.72897,329.1666,292.3781,302.3726,304.96185,251.63031,320.76917,329.18698,326.30765,342.12265,329.82162,323.61066,321.3239,321.18207,306.6915,274.3044,300.06732,292.98596,295.43805,297.51062,335.02628,-126218.65,9729.378,3303.1543,-83973.25,3100.0,1500.0,150464.77,3635.2766,21795.01,136570.45,30279.408,-13.251663,6005.3657,66728.66,4846.0986
1547,2010-03-10,320.52914,330.93243,323.6596,322.83698,272.39014,344.75366,329.15372,292.41028,302.37265,304.962,251.63028,320.7652,329.19363,326.30426,342.1224,329.81717,323.6016,321.32065,321.1915,306.73352,274.30444,300.06665,292.9861,295.43625,297.50827,335.02628,-126254.41,9499.991,3311.7458,-83967.33,3100.0,1500.0,150436.11,3630.5889,21963.986,137059.4,30294.176,-13.279503,5976.0776,66723.59,4845.2837
1548,2010-03-17,320.57895,330.94455,323.66702,322.8455,272.3899,344.76315,329.14108,292.43616,302.37317,304.9668,251.63026,320.7638,329.2358,326.34576,342.12234,329.8233,323.59686,321.36957,321.2371,306.82242,274.30444,300.06595,292.9862,295.43942,297.50607,335.02628,-126799.47,9080.278,3310.468,-83964.64,3100.0,1500.0,150108.11,3625.725,22380.803,138679.31,30305.043,-13.349197,5988.6104,66724.03,4844.328
1549,2010-03-24,320.58426,330.95605,323.67996,322.85895,272.38962,344.73108,329.129,292.4882,302.37396,304.96613,251.63025,320.7673,329.24408,326.35974,342.12286,329.8316,323.6011,321.36588,321.2404,306.76688,274.30444,300.0653,292.98627,295.4379,297.5048,335.02628,-127040.42,9343.428,3312.6738,-83964.65,3100.0,1500.0,150138.73,3621.099,22155.648,138434.08,30293.205,-13.411949,5941.3,66725.24,4843.087
1550,2010-03-31,320.5951,330.95486,323.6844,322.8622,272.38937,344.69843,329.1177,292.68985,302.375,304.96655,251.63026,320.77026,329.2504,326.3446,342.12326,329.8352,323.60455,321.36383,321.23636,306.8128,274.30444,300.06464,292.9863,295.43698,297.50357,335.02628,-127052.195,9084.584,3314.996,-83967.555,3100.0,1500.0,150166.81,3616.675,22301.396,138543.12,30304.344,-13.527382,5860.954,66729.375,4840.8833
1551,2010-04-07,320.62018,330.95642,323.68536,322.86237,272.38916,344.71664,329.10733,292.86975,302.37622,304.96747,251.63033,320.77155,329.2617,326.33954,342.1233,329.83398,323.60648,321.39124,321.2416,306.8385,274.30444,300.064,292.9863,295.43887,297.50256,335.02628,-127102.87,8997.15,3312.0938,-83973.05,3100.0,1500.0,150114.94,3612.435,22456.02,138718.77,30301.656,-13.675842,5799.554,66736.055,4837.3965
1552,2010-04-14,320.63992,330.96497,323.68854,322.86655,272.38895,344.7878,329.09802,292.96762,302.37778,304.96725,251.63042,320.77295,329.26767,326.36566,342.12344,329.84088,323.6097,321.41168,321.25598,306.84076,274.30444,300.06335,292.98624,295.4447,297.5021,335.02628,-127308.49,9012.069,3303.9668,-83982.4,3100.0,1500.0,150032.97,3608.5422,22489.24,139080.78,30286.537,-13.852394,5786.7266,66746.38,4833.397
1553,2010-04-21,320.65152,330.98303,323.69742,322.87585,272.38876,344.80652,329.09012,292.82492,302.37973,304.96667,251.63052,320.77603,329.29514,326.38776,342.1239,329.857,323.6158,321.43564,321.27664,306.8436,274.30444,300.06277,292.98615,295.44504,297.50238,335.02628,-127637.93,9048.405,3304.7812,-83992.1,3100.0,1500.0,149775.95,3605.0298,22538.238,139559.69,30281.986,-13.931686,5883.9766,66748.66,4829.747
1554,2010-04-28,320.68277,331.00198,323.70847,322.88745,272.38858,344.80746,329.08386,292.872,302.38217,304.9684,251.63063,320.78104,329.31387,326.40692,342.12476,329.8767,323.62457,321.46307,321.29843,306.8843,274.30444,300.06216,292.98602,295.44415,297.50272,335.02628,-128018.555,8847.853,3308.0293,-83991.52,3100.0,1500.0,149656.78,3601.9192,22696.422,140245.94,30290.174,-13.98793,5786.2495,66749.2,4826.9395
1555,2010-05-05,320.71548,331.01727,323.71765,322.89706,272.38846,344.85275,329.07925,293.24988,302.3849,304.9703,251.63074,320.78708,329.3253,326.42398,342.12564,329.8925,323.6369,321.48776,321.3101,306.90656,274.30444,300.06155,292.98584,295.44818,297.5032,335.02628,-128282.055,8750.191,3297.1184,-84003.53,3100.0,1500.0,149584.48,3599.3503,22792.525,140568.33,30278.889,-14.2472,5656.763,66767.805,4824.342
1556,2010-05-12,320.7069,331.02,323.7201,322.8987,272.38834,344.9164,329.0762,293.43823,302.38773,304.96765,251.63084,320.79224,329.31024,326.4011,342.1263,329.90128,323.6492,321.47598,321.28598,306.85294,274.30444,300.06097,292.98566,295.4536,297.50427,335.02628,-128101.79,9026.371,3285.2764,-84021.75,3100.0,1500.0,149722.36,3597.504,22558.58,139610.53,30252.059,-14.489517,5609.635,66784.836,4822.0117
1557,2010-05-19,320.71005,331.02698,323.72003,322.89905,272.38824,344.963,329.0747,293.37543,302.39093,304.9674,251.63095,320.79425,329.33014,326.42365,342.12656,329.90897,323.6545,321.48468,321.30746,306.88342,274.30444,300.06046,292.9854,295.45822,297.50574,335.02628,-128313.96,8888.955,3278.1963,-84039.164,3100.0,1500.0,149512.34,3596.1746,22673.453,140347.98,30246.398,-14.659386,5684.736,66795.26,4820.3794
1558,2010-05-26,320.73285,331.03906,323.72827,322.90814,272.3882,345.00226,329.07477,293.26123,302.39462,304.96954,251.63103,320.79837,329.34448,326.4414,342.12698,329.92285,323.66095,321.50604,321.32724,306.90646,274.30444,300.0599,292.98517,295.4611,297.50745,335.02628,-128638.586,8783.912,3273.7847,-84047.68,3100.0,1500.0,149440.2,3595.2947,22770.355,140893.25,30243.402,-14.753937,5704.7964,66800.63,4819.774
1559,2010-06-02,320.75897,331.0524,323.73676,322.917,272.3882,345.027,329.07632,293.39404,302.39868,304.97174,251.63109,320.80386,329.36017,326.45764,342.12747,329.93683,323.67117,321.52765,321.33984,306.92844,274.30444,300.0595,292.98486,295.4653,297.50937,335.02628,-128901.445,8685.249,3262.5234,-84058.914,3100.0,1500.0,149309.73,3595.0083,22862.838,141271.27,30233.98,-14.936539,5636.339,66815.35,4819.7314
1560,2010-06-09,320.75064,331.0528,323.7399,322.91916,272.38824,345.0471,329.07922,293.55295,302.40286,304.97012,251.63115,320.809,329.34952,326.4334,342.12802,329.94116,323.6824,321.5193,321.3202,306.8815,274.30444,300.05933,292.98456,295.46884,297.51166,335.02628,-128760.93,8928.175,3251.2622,-84076.59,3100.0,1500.0,149448.19,3595.393,22660.182,140427.42,30211.39,-15.143578,5587.6196,66832.46,4819.771
1561,2010-06-16,320.7558,331.05753,323.73868,322.91876,272.3883,345.06638,329.08322,293.56158,302.4071,304.97086,251.6312,320.81122,329.3556,326.45728,342.12817,329.94424,323.68805,321.52246,321.33563,306.91104,274.30444,300.05917,292.98425,295.47235,297.5139,335.02628,-128914.66,8760.88,3243.2524,-84092.86,3100.0,1500.0,149334.36,3596.2253,22752.783,141041.33,30209.045,-15.292923,5610.6016,66843.7,4819.8154
1562,2010-06-23,320.75977,331.06625,323.74347,322.924,272.38843,345.07916,329.08813,293.38925,302.41144,304.97144,251.63126,320.81476,329.361,326.4605,342.12845,329.95444,323.6935,321.53296,321.3414,306.8915,274.30444,300.05905,292.98392,295.47632,297.51614,335.02628,-129049.484,8846.274,3236.1714,-84103.7,3100.0,1500.0,149281.28,3597.4473,22701.63,141044.06,30197.504,-15.362221,5703.1074,66849.164,4819.7993
1563,2010-06-30,320.78302,331.0756,323.7482,322.92926,272.38858,345.08682,329.09375,293.3702,302.4157,304.97418,251.6313,320.81854,329.37296,326.4766,342.12885,329.9645,323.69962,321.55203,321.35757,306.94168,274.30444,300.05893,292.98358,295.48126,297.51843,335.02628,-129288.086,8643.147,3226.1855,-84110.37,3100.0,1500.0,149183.12,3598.9993,22888.559,141628.05,30193.924,-15.446632,5662.2915,66858.88,4819.598
1564,2010-07-07,320.79016,331.07895,323.75217,322.93268,272.38876,345.08893,329.0999,293.56317,302.41983,304.97495,251.63136,320.82285,329.37222,326.46585,342.12924,329.96936,323.70822,321.5586,321.34866,306.9216,274.30444,300.05896,292.98325,295.4851,297.5211,335.02628,-129266.26,8765.493,3210.0508,-84127.68,3100.0,1500.0,149223.89,3600.8948,22812.428,141211.3,30174.045,-15.639893,5596.1826,66878.98,4819.1846
1565,2010-07-14,320.77692,331.07846,323.75046,322.9312,272.38898,345.07486,329.10648,293.62857,302.42365,304.97382,251.63144,320.82526,329.36115,326.4667,342.12943,329.9714,323.7136,321.54614,321.34567,306.89838,274.30444,300.05917,292.9829,295.48642,297.52374,335.02628,-129225.12,8890.108,3202.3875,-84145.67,3100.0,1500.0,149280.31,3603.1023,22687.074,140974.52,30162.256,-15.766579,5585.0566,66891.22,4818.6694
1566,2010-07-21,320.78058,331.0828,323.75098,322.93198,272.3892,345.081,329.11325,293.38226,302.4273,304.97504,251.6315,320.82697,329.3708,326.47513,342.1295,329.97305,323.71622,321.55286,321.35187,306.92322,274.30444,300.05948,292.98257,295.48642,297.52603,335.02628,-129303.7,8773.722,3202.2722,-84155.875,3100.0,1500.0,149173.19,3605.3901,22781.076,141294.16,30169.787,-15.756882,5740.9873,66889.9,4818.4365
1567,2010-07-28,320.80563,331.0898,323.75577,322.93744,272.38947,345.0812,329.12003,293.2567,302.43082,304.97824,251.63155,320.82962,329.38266,326.48926,342.1297,329.9808,323.71942,321.57422,321.37097,306.95578,274.30444,300.05978,292.98227,295.4897,297.528,335.02628,-129564.695,8616.193,3198.4421,-84152.195,3100.0,1500.0,149099.02,3607.704,22920.428,141891.97,30171.363,-15.718597,5708.01,66889.22,4818.507
1568,2010-08-04,320.82623,331.09705,323.7619,322.94385,272.38974,345.0912,329.1268,293.50565,302.43396,304.98077,251.63159,320.83374,329.39258,326.49738,342.12997,329.98965,323.72504,321.59195,321.37958,306.9629,274.30444,300.06018,292.98196,295.4948,297.53033,335.02628,-129750.83,8599.124,3180.0962,-84164.375,3100.0,1500.0,149048.69,3610.115,22960.521,142070.4,30154.154,-15.8965,5621.955,66909.74,4818.658
1569,2010-08-11,320.80756,331.09164,323.76044,322.94153,272.39005,345.1105,329.1335,293.48978,302.43665,304.97894,251.63164,320.8371,329.36316,326.46802,342.13025,329.9883,323.73047,321.56857,321.34714,306.90564,274.30444,300.06067,292.9817,295.49426,297.53296,335.02628,-129428.79,8874.612,3174.058,-84180.63,3100.0,1500.0,149279.8,3612.676,22692.238,140891.56,30141.486,-15.9602585,5663.088,66918.13,4818.8203
1570,2010-08-18,320.8072,331.09204,323.7572,322.9381,272.39032,345.1291,329.14014,293.28802,302.43906,304.97974,251.63168,320.83685,329.38904,326.48715,342.1301,329.98438,323.72974,321.57098,321.36206,306.94287,274.30444,300.0612,292.98145,295.49423,297.535,335.02628,-129519.266,8691.401,3175.8008,-84184.62,3100.0,1500.0,149049.52,3615.1504,22829.398,141592.0,30152.438,-15.902367,5752.082,66914.305,4818.9966
1571,2010-08-25,320.82733,331.0966,323.7645,322.94513,272.39062,345.14624,329.14676,293.28482,302.44125,304.98257,251.63173,320.83878,329.40924,326.49286,342.13016,329.99026,323.73212,321.5925,321.37726,306.9627,274.30444,300.06165,292.9812,295.49597,297.53677,335.02628,-129753.07,8610.581,3170.8071,-84183.61,3100.0,1500.0,148998.45,3617.4976,22933.662,142015.81,30151.17,-15.898552,5703.6646,66917.24,4819.2437
1572,2010-09-01,320.8444,331.10263,323.77042,322.95126,272.39093,345.1583,329.15344,293.4822,302.44305,304.9846,251.63174,320.84213,329.41632,326.50507,342.13034,329.99683,323.73727,321.6084,321.38623,306.96957,274.30444,300.0621,292.98102,295.49902,297.5386,335.02628,-129934.98,8592.05,3157.9248,-84193.33,3100.0,1500.0,148969.89,3619.9,22971.582,142225.42,30140.34,-16.018944,5634.0273,66931.55,4820.1387
1573,2010-09-08,320.8348,331.10074,323.76843,322.94943,272.39124,345.161,329.16022,293.57574,302.44458,304.98355,251.63179,320.8451,329.37717,326.48587,342.13052,329.99908,323.74243,321.59546,321.35776,306.9314,274.30444,300.06253,292.98087,295.499,297.5406,335.02628,-129659.41,8781.296,3151.3054,-84206.305,3100.0,1500.0,149205.7,3622.4194,22795.56,141241.94,30129.832,-16.103416,5608.068,66940.74,4820.067
1574,2010-09-15,320.83328,331.09747,323.76328,322.9451,272.39154,345.17157,329.167,293.53775,302.44595,304.98438,251.63176,320.84512,329.3854,326.4885,342.13046,329.99585,323.74258,321.59427,321.37668,306.95255,274.30444,300.06296,292.98074,295.50177,297.54224,335.02628,-129775.195,8667.64,3146.0793,-84214.53,3100.0,1500.0,149097.16,3624.9045,22861.793,141811.33,30129.172,-16.14988,5648.81,66945.3,4823.1885
1575,2010-09-22,320.83893,331.09866,323.76422,322.94653,272.39185,345.18307,329.1738,293.39017,302.4474,304.98578,251.63173,320.84647,329.38174,326.4925,342.1304,329.99536,323.74515,321.60257,321.37634,306.95425,274.30444,300.06345,292.98065,295.4992,297.54385,335.02628,-129805.18,8675.908,3147.4753,-84217.94,3100.0,1500.0,149114.56,3627.347,22879.836,141777.06,30134.104,-16.121307,5708.7354,66942.99,4825.507
1576,2010-09-29,320.85037,331.10312,323.76556,322.94873,272.39212,345.19266,329.1806,293.41147,302.44885,304.98724,251.6317,320.84805,329.38382,326.50333,342.13043,329.99985,323.74857,321.61575,321.38904,306.96848,274.3044,300.064,292.98062,295.49802,297.54507,335.02628,-129960.445,8616.427,3148.057,-84215.05,3100.0,1500.0,149068.25,3629.8074,22947.799,142119.6,30138.781,-16.106735,5660.01,66941.59,4826.8623
1577,2010-10-06,320.8361,331.10376,323.768,322.95117,272.39243,345.20325,329.18744,293.38998,302.45016,304.98575,251.63168,320.8504,329.3854,326.50034,342.13055,330.00345,323.7532,321.6151,321.38663,306.92322,274.3044,300.06448,292.98062,295.49744,297.54608,335.02628,-129979.64,8879.266,3146.4304,-84217.72,3100.0,1500.0,149085.1,3632.3562,22791.326,141741.45,30128.26,-16.114044,5714.826,66942.086,4827.9067
1578,2010-10-13,320.81213,331.0952,323.7633,322.94565,272.3927,345.21356,329.1942,293.2586,302.45126,304.98367,251.63165,320.85126,329.35684,326.47372,342.13052,329.99634,323.75607,321.58646,321.3561,306.89578,274.3044,300.06494,292.98065,295.49832,297.54675,335.02628,-129623.13,8975.657,3147.8225,-84212.66,3100.0,1500.0,149290.95,3634.941,22623.264,140848.1,30127.557,-16.040054,5737.9043,66936.66,4828.9014
1579,2010-10-20,320.81293,331.09488,323.75848,322.94144,272.39297,345.22302,329.201,293.28043,302.45212,304.9854,251.63162,320.84943,329.3699,326.4917,342.13025,329.99255,323.75412,321.588,321.37405,306.9336,274.3044,300.06546,292.9807,295.49802,297.54733,335.02628,-129726.17,8778.335,3145.5012,-84212.12,3100.0,1500.0,149124.6,3637.3938,22770.805,141595.06,30135.006,-16.040047,5729.8926,66938.58,4830.0615
1580,2010-10-27,320.79453,331.09387,323.75845,322.94138,272.39322,345.23175,329.20767,292.91275,302.45264,304.98395,251.63158,320.84943,329.35,326.48053,342.13022,329.99146,323.75494,321.58142,321.35513,306.88123,274.3044,300.06604,292.9808,295.49557,297.54788,335.02628,-129546.09,9072.126,3151.189,-84209.5,3100.0,1500.0,149279.38,3639.8855,22592.168,140789.98,30133.275,-15.8771515,5948.2026,66925.875,4831.6484
1581,2010-11-03,320.77298,331.0891,323.7529,322.93546,272.39346,345.2333,329.2143,292.31744,302.45285,304.98227,251.63152,320.84775,329.3423,326.4669,342.13013,329.98743,323.75293,321.5554,321.34396,306.86923,274.3044,300.0666,292.98096,295.4887,297.54785,335.02628,-129357.06,9088.008,3172.6677,-84185.41,3100.0,1500.0,149299.95,3642.4014,22496.045,140539.44,30158.354,-15.480713,6142.2285,66894.51,4833.871
1582,2010-11-10,320.75983,331.0695,323.74554,322.92712,272.39365,345.19254,329.2209,292.40228,302.45233,304.9821,251.63144,320.8449,329.32245,326.43375,342.12985,329.97464,323.74863,321.53726,321.32578,306.8713,274.3044,300.0671,292.9811,295.48306,297.54703,335.02628,-129051.28,9046.172,3183.8105,-84158.4,3100.0,1500.0,149537.72,3644.833,22488.01,140078.22,30174.072,-15.265297,5978.746,66881.6,4836.4043
1583,2010-11-17,320.785,331.06827,323.74258,322.9249,272.3938,345.12836,329.2273,292.86133,302.45065,304.9859,251.63135,320.84125,329.3493,326.46887,342.1291,329.96564,323.74258,321.55933,321.35416,306.93338,274.3044,300.06766,292.9813,295.48804,297.54587,335.02628,-129280.69,8735.27,3169.1836,-84156.14,3100.0,1500.0,149278.23,3647.1414,22767.559,141241.45,30172.148,-15.343338,5829.872,66894.96,4838.8145
1584,2010-11-24,320.7767,331.06958,323.74484,322.9278,272.3939,345.10278,329.23312,292.48303,302.44806,304.98514,251.63126,320.84122,329.32053,326.4499,342.12897,329.96555,323.7426,321.5655,321.34268,306.8752,274.3044,300.06818,292.9815,295.48407,297.54547,335.02628,-129208.22,9081.7,3173.8267,-84160.7,3100.0,1500.0,149504.7,3649.5007,22593.451,140457.08,30168.621,-15.166298,6117.615,66883.414,4840.6978
1585,2010-12-01,320.76627,331.0549,323.73706,322.92,272.39395,345.07205,329.23816,291.51892,302.44513,304.98392,251.63116,320.83975,329.3007,326.42273,342.1288,329.9582,323.74106,321.54932,321.33145,306.87668,274.3044,300.06863,292.98175,295.4719,297.5446,335.02628,-128999.86,9032.561,3209.5845,-84127.95,3100.0,1500.0,149667.7,3651.754,22554.557,140155.77,30214.082,-14.54966,6476.0166,66831.93,4842.0806
1586,2010-12-08,320.73315,331.031,323.72583,322.90717,272.39398,345.04056,329.24213,291.03418,302.4417,304.98016,251.63109,320.83572,329.27768,326.3979,342.12808,329.94028,323.73456,321.50897,321.28333,306.8209,274.3044,300.06903,292.98203,295.46057,297.54254,335.02628,-128375.53,9276.947,3241.2778,-84076.34,3100.0,1500.0,149889.83,3653.7786,22303.533,138859.06,30241.45,-13.97126,6552.3584,66787.84,4843.244
1587,2010-12-15,320.7465,331.02496,323.7206,322.90298,272.39395,345.00162,329.2448,291.48776,302.43707,304.98273,251.631,320.82956,329.30005,326.4256,342.12704,329.92883,323.72366,321.52264,321.32745,306.899,274.3044,300.0693,292.9823,295.46213,297.5396,335.02628,-128685.79,8870.501,3240.813,-84041.32,3100.0,1500.0,149689.08,3655.2793,22634.037,140436.06,30253.28,-13.800674,6233.021,66784.5,4844.2944
1588,2010-12-22,320.7437,331.0261,323.72433,322.90646,272.39386,344.9686,329.2459,291.91718,302.43097,304.98294,251.63092,320.82816,329.29095,326.42844,342.12662,329.91846,323.72122,321.52057,321.3006,306.85147,274.3044,300.0696,292.98257,295.46143,297.53745,335.02628,-128494.664,9117.689,3229.437,-84047.82,3100.0,1500.0,149789.06,3656.3677,22476.707,139598.16,30236.928,-13.840164,6195.457,66797.27,4845.322
1589,2010-12-29,320.72192,331.01184,323.7176,322.89908,272.39368,344.94946,329.2453,291.3337,302.42407,304.98035,251.63083,320.825,329.26144,326.39548,342.12634,329.90704,323.7178,321.5058,321.2816,306.83133,274.3044,300.06985,292.9829,295.45422,297.5355,335.02628,-128184.04,9218.504,3250.565,-84036.414,3100.0,1500.0,150029.94,3657.0735,22400.033,138957.23,30259.668,-13.435326,6499.7305,66765.5,4846.4893
1590,2011-01-05,320.682,330.99573,323.70456,322.88647,272.39343,344.92087,329.24307,290.59372,302.41705,304.97586,251.63072,320.81976,329.22806,326.37646,342.12573,329.89426,323.71127,321.47296,321.26398,306.7761,274.3044,300.06995,292.98322,295.4422,297.5328,335.02628,-127834.31,9475.653,3286.5522,-83995.47,3100.0,1500.0,150195.7,3657.2024,22169.105,138250.7,30289.203,-12.834152,6748.0444,66716.49,4847.8125
1591,2011-01-12,320.6838,330.99426,323.69614,322.88013,272.3932,344.88742,329.2393,290.6966,302.40988,304.97678,251.63063,320.8141,329.2171,326.39105,342.12518,329.88965,323.70203,321.4708,321.28302,306.8318,274.3044,300.06995,292.98352,295.43787,297.52908,335.02628,-127914.914,9160.215,3303.734,-83949.71,3100.0,1500.0,150091.45,3656.5762,22378.229,139086.97,30316.008,-12.495567,6521.421,66694.37,4848.99
1592,2011-01-19,320.69095,330.99542,323.69852,322.87955,272.39285,344.8537,329.23407,291.49667,302.402,304.9772,251.63054,320.81082,329.25513,326.36838,342.1252,329.8839,323.69638,321.4813,321.26205,306.82266,274.3044,300.06992,292.98386,295.44067,297.5257,335.02628,-127696.11,9231.92,3288.643,-83944.984,3100.0,1500.0,149874.16,3655.381,22402.234,138606.42,30297.594,-12.6324005,6224.667,66714.29,4849.699
1593,2011-01-26,320.62378,330.98553,323.68713,322.8668,272.3925,344.81915,329.22733,291.89676,302.39383,304.96936,251.63046,320.80545,329.1837,326.31693,342.12534,329.869,323.68747,321.41684,321.2075,306.69177,274.30444,300.0698,292.98416,295.43942,297.52304,335.02628,-126972.82,9851.267,3286.0894,-83957.336,3100.0,1500.0,150359.83,3653.913,21838.564,136542.55,30269.941,-12.72448,6127.704,66724.336,4849.689
1594,2011-02-02,320.5699,330.9632,323.66568,322.84616,272.39206,344.7816,329.21893,292.02832,302.38617,304.96548,251.6304,320.79553,329.14478,326.29468,342.125,329.85104,323.66852,321.36246,321.19708,306.69992,274.30444,300.06946,292.98447,295.4369,297.5201,335.02628,-126553.16,9734.571,3295.2588,-83961.24,3100.0,1500.0,150544.44,3651.7617,21796.902,136442.08,30282.254,-12.745018,6100.4404,66721.39,4849.175
1595,2011-02-09,320.5379,330.94598,323.6559,322.83685,272.39163,344.75394,329.20898,292.08957,302.37982,304.96387,251.63036,320.7862,329.15125,326.30298,342.12408,329.83533,323.6474,321.3418,321.19684,306.69025,274.30444,300.069,292.98474,295.4358,297.5169,335.02628,-126408.44,9775.212,3301.88,-83958.805,3100.0,1500.0,150507.8,3648.8767,21781.75,136585.38,30284.645,-12.77887,6088.62,66717.11,4848.405
1596,2011-02-16,320.59753,330.95627,323.6662,322.84714,272.39124,344.74435,329.19797,292.2364,302.37503,304.9713,251.63031,320.78082,329.22888,326.3603,342.12332,329.83817,323.6325,321.39423,321.25253,306.83807,274.30444,300.06848,292.98502,295.43936,297.5138,335.02628,-127045.77,9023.5625,3298.046,-83956.24,3100.0,1500.0,150009.78,3645.2363,22414.777,138952.56,30308.021,-12.887802,6015.4595,66720.086,4847.5264
1597,2011-02-23,320.58517,330.9601,323.67554,322.85468,272.39087,344.7367,329.18616,292.3683,302.37173,304.9683,251.63028,320.78137,329.19373,326.32727,342.12344,329.84476,323.6311,321.378,321.20013,306.71786,274.30444,300.06796,292.98526,295.43842,297.51187,335.02628,-126651.695,9649.56,3295.1426,-83963.25,3100.0,1500.0,150418.6,3641.4585,21974.605,136909.16,30280.172,-13.037407,5997.1807,66726.63,4846.6797
1598,2011-03-02,320.5398,330.9499,323.6675,322.84558,272.3905,344.73004,329.1739,292.33414,302.36978,304.96283,251.63025,320.777,329.1942,326.31793,342.12335,329.83722,323.62402,321.3309,321.19128,306.6947,274.30444,300.06738,292.98547,295.43625,297.5099,335.02628,-126423.74,9712.924,3306.1738,-83962.93,3100.0,1500.0,150394.78,3637.5195,21816.184,136753.22,30284.865,-13.069267,6016.139,66720.78,4845.9062
1599,2011-03-09,320.53427,330.94302,323.66504,322.84283,272.39017,344.75577,329.16144,292.37622,302.36896,304.96304,251.63022,320.77252,329.19998,326.31332,342.12302,329.83066,323.61417,321.3278,321.19983,306.7366,274.30444,300.06668,292.98566,295.43475,297.50757,335.02628,-126439.78,9484.917,3314.068,-83958.305,3100.0,1500.0,150375.0,3633.1035,21984.328,137222.25,30298.8,-13.118942,5984.451,66716.77,4845.1055
1600,2011-03-16,320.58447,330.95374,323.67188,322.85074,272.38986,344.76584,329.14908,292.4092,302.36893,304.96793,251.6302,320.77063,329.24142,326.3538,342.12286,329.83502,323.60867,321.3768,321.24466,306.82538,274.30444,300.06595,292.98578,295.43817,297.5054,335.02628,-126967.53,9066.437,3311.1653,-83956.836,3100.0,1500.0,150055.4,3628.4326,22400.293,138825.19,30308.97,-13.20826,5995.282,66718.09,4844.1626
1601,2011-03-23,320.59006,330.96408,323.68433,322.86368,272.38956,344.73416,329.13712,292.46643,302.3695,304.9673,251.63019,320.77365,329.24905,326.36688,342.12332,329.84183,323.6122,321.37308,321.2473,306.76974,274.30444,300.06528,292.98587,295.4368,297.50418,335.02628,-127193.22,9330.696,3312.7893,-83957.67,3100.0,1500.0,150091.88,3623.936,22174.203,138565.31,30296.541,-13.288452,5946.739,66720.07,4842.9307
1602,2011-03-30,320.60104,330.9619,323.68832,322.86652,272.3893,344.7017,329.1259,292.672,302.37048,304.9677,251.63022,320.77618,329.25485,326.35098,342.12363,329.84418,323.615,321.37097,321.24268,306.81555,274.30447,300.06458,292.98593,295.43607,297.50302,335.02628,-127191.69,9072.857,3314.6475,-83961.52,3100.0,1500.0,150125.48,3619.5918,22319.043,138661.77,30307.17,-13.419136,5865.4683,66724.86,4840.7354
1603,2011-04-06,320.62622,330.96265,323.68893,322.86627,272.38907,344.72006,329.1155,292.85495,302.37177,304.96863,251.63028,320.77707,329.26562,326.34528,342.12366,329.8419,323.61624,321.39825,321.2474,306.84116,274.30447,300.0639,292.98596,295.4381,297.50208,335.02628,-127230.52,8986.193,3311.5112,-83967.99,3100.0,1500.0,150078.2,3615.393,22472.766,138826.4,30304.041,-13.581062,5803.3584,66732.11,4837.258
1604,2011-04-13,320.646,330.9705,323.69177,322.87006,272.38882,344.79132,329.10617,292.9552,302.37347,304.96844,251.63037,320.7781,329.27124,326.37085,342.12375,329.84793,323.6189,321.41855,321.26132,306.8433,274.30447,300.06326,292.98593,295.44406,297.50168,335.02628,-127425.516,9001.956,3303.0369,-83977.82,3100.0,1500.0,150000.1,3611.5122,22505.11,139178.86,30288.537,-13.769264,5789.9717,66742.95,4833.265
1605,2011-04-20,320.6576,330.98795,323.70038,322.8791,272.3886,344.8101,329.09814,292.81436,302.37567,304.96786,251.63048,320.78085,329.29837,326.39243,342.12415,329.86325,323.62445,321.44232,321.28156,306.84604,274.30447,300.06262,292.98584,295.44452,297.502,335.02628,-127745.7,9039.022,3303.269,-83987.984,3100.0,1500.0,149746.67,3607.9888,22553.404,139649.34,30283.646,-13.858688,5886.774,66745.67,4829.6206
1606,2011-04-27,320.68878,331.0064,323.71118,322.8904,272.38846,344.81107,329.09177,292.86288,302.37836,304.96954,251.63058,320.78555,329.3168,326.41116,342.125,329.8823,323.6327,321.46954,321.30298,306.88666,274.30447,300.062,292.98575,295.44376,297.5024,335.02628,-128117.88,8839.126,3306.4043,-83987.9,3100.0,1500.0,149630.25,3604.8499,22710.773,140328.2,30291.54,-13.923584,5788.697,66746.63,4826.8193
1607,2011-05-04,320.7214,331.02124,323.72015,322.89978,272.3883,344.85638,329.087,293.24203,302.38132,304.97144,251.63069,320.7913,329.32794,326.42786,342.12585,329.89752,323.64453,321.49405,321.3143,306.9088,274.30447,300.0614,292.9856,295.44788,297.50296,335.02628,-128373.9,8741.965,3295.1455,-84000.2,3100.0,1500.0,149560.47,3602.2405,22806.105,140644.06,30279.988,-14.1905365,5658.919,66765.59,4824.2256
1608,2011-05-11,320.71274,331.02356,323.72238,322.9012,272.38818,344.92007,329.08377,293.43146,302.38446,304.96878,251.6308,320.79617,329.31268,326.40466,342.1265,329.90582,323.6564,321.4821,321.2899,306.85513,274.30447,300.0608,292.9854,295.45337,297.5041,335.02628,-128186.78,9018.643,3283.072,-84018.95,3100.0,1500.0,149700.7,3600.345,22571.424,139680.5,30252.924,-14.439522,5611.547,66782.945,4821.9014
1609,2011-05-18,320.7158,331.0302,323.72214,322.90137,272.38812,344.96667,329.08212,293.36954,302.38794,304.96848,251.6309,320.79794,329.33237,326.42688,342.12674,329.91306,323.6613,321.4906,321.3111,306.8855,274.30447,300.06024,292.98517,295.45807,297.50558,335.02628,-128393.086,8881.804,3275.8755,-84036.805,3100.0,1500.0,149492.55,3598.9595,22685.617,140412.77,30247.055,-14.615265,5686.4336,66793.67,4820.2725
1610,2011-05-25,320.73843,331.042,323.73022,322.9103,272.38806,345.00595,329.082,293.256,302.39188,304.9706,251.63098,320.80182,329.34653,326.4444,342.12714,329.92657,323.66733,321.51178,321.33063,306.90848,274.30447,300.05972,292.98492,295.461,297.50735,335.02628,-128712.12,8777.068,3271.1118,-84045.484,3100.0,1500.0,149422.06,3598.0195,22781.873,140953.39,30243.875,-14.715012,5706.323,66799.3,4819.671
1611,2011-06-01,320.76443,331.05505,323.73856,322.91898,272.38806,345.0307,329.08337,293.38943,302.39618,304.97278,251.63104,320.8071,329.36203,326.4604,342.12762,329.94022,323.6772,321.53314,321.343,306.93036,274.30447,300.05933,292.98465,295.46524,297.50934,335.02628,-128969.86,8678.867,3260.3174,-84057.29,3100.0,1500.0,149293.28,3597.671,22873.74,141327.22,30234.291,-14.902008,5637.724,66814.26,4819.633
1612,2011-06-08,320.75595,331.05527,323.74158,322.921,272.3881,345.05078,329.0861,293.5489,302.40057,304.9711,251.6311,320.812,329.35126,326.43594,342.12817,329.94427,323.68808,321.5246,321.32315,306.8834,274.30447,300.0591,292.98434,295.46884,297.51166,335.02628,-128824.66,8922.138,3248.5928,-84075.086,3100.0,1500.0,149432.86,3597.9932,22670.498,140479.61,30211.553,-15.113312,5588.876,66831.58,4819.676
1613,2011-06-15,320.76096,331.05975,323.74023,322.9205,272.38818,345.07007,329.0899,293.55795,302.40503,304.97183,251.63116,320.81406,329.35718,326.45966,342.1283,329.94708,323.69342,321.5276,321.3384,306.91284,274.30447,300.059,292.98404,295.47238,297.51392,335.02628,-128974.375,8755.036,3240.5806,-84091.62,3100.0,1500.0,149320.3,3598.7612,22762.564,141090.12,30209.078,-15.266022,5611.7456,66843.0,4819.7227
1614,2011-06-22,320.76477,331.0683,323.74493,322.9256,272.3883,345.08286,329.09464,293.38602,302.40955,304.97238,251.63121,320.8174,329.36246,326.4627,342.12857,329.95706,323.69855,321.53787,321.344,306.89325,274.30447,300.05884,292.9837,295.47638,297.51624,335.02628,-129105.375,8840.854,3233.7334,-84102.55,3100.0,1500.0,149268.39,3599.919,22710.896,141089.81,30197.422,-15.338463,5704.1523,66848.63,4819.7095
1615,2011-06-29,320.78787,331.0775,323.74957,322.93076,272.38846,345.09055,329.1001,293.3673,302.414,304.9751,251.63127,320.82104,329.37433,326.47864,342.12894,329.96692,323.7044,321.5568,321.36002,306.94336,274.30447,300.05875,292.98337,295.48135,297.51855,335.02628,-129340.43,8637.916,3223.284,-84109.4,3100.0,1500.0,149171.14,3601.4082,22897.334,141670.97,30193.742,-15.425697,5663.2524,66858.52,4819.5127
1616,2011-07-06,320.79483,331.08072,323.75345,322.93408,272.38864,345.09265,329.1061,293.56058,302.41827,304.97586,251.63133,320.82516,329.3735,326.46777,342.12933,329.9716,323.71274,321.56317,321.35098,306.92322,274.30447,300.05878,292.98303,295.48523,297.5212,335.02628,-129315.305,8760.612,3207.613,-84126.914,3100.0,1500.0,149212.97,3603.2424,22820.732,141251.7,30173.771,-15.621506,5597.0723,66878.75,4819.0996
1617,2011-07-13,320.78146,331.0801,323.75168,322.93256,272.38885,345.07858,329.11255,293.62625,302.42227,304.9747,251.6314,320.82745,329.36234,326.4685,342.12952,329.97348,323.7179,321.55054,321.34787,306.89993,274.30447,300.059,292.9827,295.48657,297.52393,335.02628,-129271.36,8885.533,3200.0647,-84145.04,3100.0,1500.0,149269.9,3605.3938,22694.941,141012.55,30161.906,-15.750397,5585.8784,66891.12,4818.5884
1618,2011-07-20,320.78497,331.08435,323.7521,322.9332,272.3891,345.08472,329.11917,293.38016,302.42606,304.9759,251.63145,320.829,329.37192,326.4768,342.12955,329.97498,323.7203,321.55707,321.3539,306.9247,274.30447,300.0593,292.98236,295.4866,297.5262,335.02628,-129347.07,8769.338,3200.0662,-84155.42,3100.0,1500.0,149163.5,3607.6301,22788.537,141330.0,30169.365,-15.742691,5741.7466,66889.91,4818.3584
1619,2011-07-27,320.80988,331.09122,323.7568,322.9386,272.38937,345.08496,329.12582,293.25482,302.42966,304.97906,251.63152,320.83157,329.38373,326.4908,342.12976,329.9826,323.72327,321.57828,321.37292,306.9572,274.30447,300.05963,292.98206,295.4899,297.52823,335.02628,-129605.68,8611.928,3195.8872,-84151.836,3100.0,1500.0,149090.27,3609.8948,22927.498,141925.92,30170.885,-15.706291,5708.718,66889.33,4818.431
1620,2011-08-03,320.83032,331.0984,323.7629,322.94495,272.38965,345.09494,329.13248,293.50394,302.43292,304.9816,251.63156,320.83557,329.3936,326.49884,342.13007,329.9913,323.7287,321.59583,321.3814,306.9643,274.30447,300.06003,292.98175,295.49506,297.53058,335.02628,-129789.44,8595.163,3177.6577,-84164.27,3100.0,1500.0,149040.6,3612.2559,22967.22,142102.56,30153.621,-15.885666,5622.618,66909.94,4818.5835
1621,2011-08-10,320.8115,331.0929,323.76138,322.94257,272.38995,345.1143,329.139,293.48822,302.43573,304.97974,251.6316,320.83884,329.36407,326.4694,342.1303,329.98987,323.73395,321.5723,321.34888,306.90698,274.30447,300.06055,292.98148,295.4945,297.5332,335.02628,-129465.234,8870.922,3171.7363,-84180.6,3100.0,1500.0,149271.81,3614.7666,22698.578,140921.9,30140.9,-15.950951,5663.708,66918.42,4818.7476
1622,2011-08-17,320.81097,331.0932,323.75806,322.93906,272.39026,345.13287,329.1455,293.28662,302.43823,304.9805,251.63165,320.8385,329.38992,326.48846,342.13016,329.98584,323.73303,321.57455,321.36368,306.94415,274.30447,300.06107,292.98123,295.49448,297.53528,335.02628,-129553.68,8687.788,3173.4785,-84184.64,3100.0,1500.0,149042.28,3617.1904,22835.414,141620.78,30151.807,-15.894371,5752.6626,66914.664,4818.925
1623,2011-08-24,320.831,331.0977,323.76535,322.94604,272.39056,345.15005,329.152,293.28354,302.44046,304.9833,251.6317,320.8403,329.41006,326.49408,342.13022,329.99164,323.73526,321.59595,321.37878,306.96396,274.30444,300.06152,292.981,295.49625,297.53705,335.02628,-129785.64,8607.082,3168.3691,-84183.8,3100.0,1500.0,148991.69,3619.4888,22939.357,142043.14,30150.504,-15.891693,5704.212,66917.67,4819.1733
1624,2011-08-31,320.8479,331.10367,323.7712,322.95212,272.39087,345.16208,329.1586,293.48108,302.44235,304.98532,251.63171,320.84357,329.4171,326.50623,342.1304,329.99814,323.74026,321.61172,321.3877,306.97076,274.30444,300.062,292.9808,295.4993,297.5389,335.02628,-129965.77,8588.743,3155.486,-84193.48,3100.0,1500.0,148963.45,3621.8447,22976.973,142251.33,30139.646,-16.013008,5634.544,66932.03,4820.071
1625,2011-09-07,320.8382,331.1017,323.76917,322.95026,272.39117,345.1648,329.16522,293.5747,302.44394,304.98425,251.63176,320.84647,329.3779,326.48697,342.13058,330.0003,323.74527,321.59863,321.35916,306.93253,274.30444,300.06244,292.98065,295.4993,297.5409,335.02628,-129688.664,8778.222,3148.8665,-84206.56,3100.0,1500.0,149199.55,3624.319,22800.666,141266.55,30129.11,-16.098625,5608.5547,66941.28,4820.001
1626,2011-09-14,320.83655,331.0984,323.76398,322.94586,272.39148,345.17535,329.1719,293.5368,302.44537,304.98505,251.63173,320.8464,329.3861,326.48953,342.1305,329.997,323.7453,321.5973,321.37802,306.95367,274.30444,300.06287,292.98053,295.50208,297.54254,335.02628,-129802.82,8664.72,3143.9915,-84214.88,3100.0,1500.0,149091.4,3626.7593,22866.637,141834.69,30128.422,-16.145874,5649.2705,66945.89,4823.1235
1627,2011-09-21,320.84207,331.09955,323.7649,322.94727,272.39178,345.18686,329.17862,293.38934,302.44687,304.98645,251.6317,320.8477,329.38242,326.49347,342.13043,329.99646,323.74774,321.60547,321.3776,306.95532,274.30444,300.0634,292.98047,295.4995,297.5442,335.02628,-129831.33,8673.062,3144.8035,-84218.164,3100.0,1500.0,149109.12,3629.1602,22884.418,141799.25,30133.334,-16.118065,5709.1733,66943.63,4825.444
1628,2011-09-28,320.8534,331.1039,323.7662,322.94943,272.3921,345.19647,329.18536,293.4107,302.4484,304.98788,251.63167,320.84918,329.38446,326.50427,342.13046,330.00085,323.751,321.61856,321.39023,306.9695,274.30444,300.06393,292.98044,295.49832,297.54544,335.02628,-129985.195,8613.771,3145.6174,-84215.6,3100.0,1500.0,149063.12,3631.59,22952.143,142140.72,30137.994,-16.104065,5660.4243,66942.266,4826.801
1629,2011-10-05,320.839,331.10455,323.7686,322.9518,272.3924,345.20706,329.19208,293.3893,302.44974,304.9864,251.63165,320.85147,329.386,326.50122,342.13058,330.00443,323.75552,321.6178,321.38776,306.92422,274.30444,300.06445,292.98044,295.49774,297.54645,335.02628,-130003.14,8876.612,3143.761,-84218.1,3100.0,1500.0,149080.27,3634.108,22795.436,141761.53,30127.463,-16.112038,5715.221,66942.78,4827.8457
1630,2011-10-12,320.8149,331.09595,323.7639,322.94626,272.39267,345.21735,329.19873,293.258,302.45087,304.9843,251.63162,320.8523,329.3574,326.47458,342.13058,329.99725,323.7583,321.58905,321.35718,306.89676,274.30444,300.0649,292.98047,295.49866,297.54712,335.02628,-129645.35,8973.196,3145.7327,-84213.21,3100.0,1500.0,149286.28,3636.6528,22627.158,140867.22,30126.742,-16.038727,5738.2817,66937.39,4828.842
1631,2011-10-19,320.81558,331.09558,323.759,322.94202,272.39294,345.2268,329.20538,293.27988,302.45175,304.98602,251.63159,320.8504,329.37042,326.4925,342.1303,329.9934,323.75626,321.59048,321.3751,306.9345,274.30444,300.06546,292.98053,295.49835,297.5477,335.02628,-129747.21,8775.875,3142.5986,-84212.84,3100.0,1500.0,149120.2,3639.0632,22774.498,141613.27,30134.184,-16.039215,5730.252,66939.336,4830.003
1632,2011-10-26,320.7971,331.0945,323.75894,322.94193,272.3932,345.23557,329.21194,292.91226,302.45233,304.98453,251.63156,320.85034,329.3505,326.4813,342.13028,329.99228,323.75696,321.5838,321.3561,306.8821,274.30444,300.06604,292.98062,295.4959,297.54825,335.02628,-129566.17,9069.706,3149.1,-84209.95,3100.0,1500.0,149275.19,3641.513,22595.664,140807.11,30132.443,-15.876762,5948.547,66926.66,4831.592
1633,2011-11-02,320.77545,331.08975,323.7534,322.93597,272.39343,345.2371,329.2185,292.317,302.45255,304.98285,251.63148,320.8486,329.34277,326.4676,342.13016,329.98822,323.75485,321.55765,321.3449,306.8701,274.3044,300.0666,292.98077,295.48904,297.54825,335.02628,-129376.13,9085.852,3170.345,-84186.234,3100.0,1500.0,149296.0,3643.9915,22499.361,140555.95,30157.518,-15.480759,6142.5596,66895.305,4833.814
1634,2011-11-09,320.76218,331.07007,323.746,322.92764,272.39362,345.19632,329.22504,292.4019,302.45206,304.98264,251.63141,320.84573,329.3229,326.43442,342.12988,329.97537,323.75046,321.53943,321.32666,306.87213,274.3044,300.06714,292.98096,295.4834,297.54742,335.02628,-129069.414,9044.059,3181.2568,-84158.83,3100.0,1500.0,149533.89,3646.3904,22491.154,140093.97,30173.23,-15.265762,5979.061,66882.42,4836.3486
1635,2011-11-16,320.78726,331.06882,323.743,322.92535,272.3938,345.13214,329.23132,292.86096,302.45044,304.98645,251.63132,320.842,329.34973,326.4695,342.12912,329.9663,323.74432,321.5614,321.355,306.93417,274.3044,300.06766,292.98114,295.48837,297.54626,335.02628,-129297.88,8733.235,3167.3252,-84156.74,3100.0,1500.0,149274.62,3648.6665,22770.537,141256.45,30171.305,-15.344078,5830.1743,66895.8,4838.761
1636,2011-11-23,320.7789,331.0701,323.74524,322.92825,272.3939,345.10657,329.2371,292.4827,302.44788,304.9857,251.63123,320.84195,329.32092,326.4505,342.129,329.96622,323.7443,321.56747,321.34348,306.87598,274.3044,300.0682,292.98135,295.48438,297.54587,335.02628,-129224.52,9079.778,3171.2732,-84161.53,3100.0,1500.0,149501.2,3650.993,22596.262,140471.38,30167.777,-15.167252,6117.9077,66884.266,4840.6475
1637,2011-11-30,320.76834,331.05542,323.73743,322.92044,272.39395,345.07584,329.242,291.51865,302.44495,304.98447,251.63113,320.84045,329.30106,326.4233,342.1288,329.95883,323.74265,321.55124,321.3322,306.8774,274.3044,300.0687,292.9816,295.47223,297.54498,335.02628,-129015.39,9030.717,3207.4937,-84128.84,3100.0,1500.0,149664.45,3653.2126,22557.22,140169.42,30213.236,-14.550858,6476.298,66832.78,4842.029
1638,2011-12-07,320.73517,331.0315,323.7262,322.90756,272.39398,345.04434,329.24588,291.0339,302.44153,304.98068,251.63106,320.8364,329.27805,326.39844,342.1281,329.94086,323.73608,321.5108,321.28406,306.8216,274.3044,300.06906,292.98187,295.4609,297.54294,335.02628,-128390.336,9275.141,3239.1885,-84077.13,3100.0,1500.0,149886.8,3655.2046,22306.06,138872.12,30240.604,-13.972847,6552.627,66788.7,4843.1943
1639,2011-12-14,320.7484,331.02542,323.72095,322.90338,272.39395,345.0054,329.24847,291.48755,302.43692,304.98322,251.63098,320.8302,329.3004,326.42612,342.12708,329.9294,323.72513,321.52438,321.32816,306.8997,274.3044,300.06937,292.98218,295.46246,297.54,335.02628,-128699.88,8868.959,3238.8408,-84042.31,3100.0,1500.0,149686.17,3656.6736,22636.432,140448.5,30252.434,-13.802475,6233.2783,66785.375,4844.245
1640,2011-12-21,320.74557,331.02652,323.72464,322.90683,272.39386,344.97238,329.2495,291.917,302.43082,304.98343,251.63089,320.82877,329.2913,326.42896,342.12665,329.919,323.7226,321.52225,321.30124,306.85214,274.3044,300.06967,292.98248,295.46176,297.53784,335.02628,-128508.12,9116.035,3226.9995,-84048.54,3100.0,1500.0,149786.31,3657.7307,22478.967,139610.06,30236.086,-13.842064,6195.708,66798.15,4845.2734
1641,2011-12-28,320.7237,331.01224,323.7179,322.89944,272.39368,344.95325,329.24884,291.33356,302.42395,304.98083,251.6308,320.8256,329.26175,326.39597,342.12637,329.90756,323.71912,321.50742,321.2822,306.83197,274.3044,300.06995,292.9828,295.45453,297.5359,335.02628,-128196.84,9216.927,3248.5942,-84037.41,3100.0,1500.0,150027.31,3658.407,22402.172,138968.56,30258.832,-13.437393,6499.972,66766.38,4846.4414
1642,2012-01-04,320.68372,330.99612,323.70486,322.8868,272.39343,344.92462,329.24652,290.5936,302.41696,304.97632,251.6307,320.82028,329.22836,326.37692,342.12576,329.89474,323.71252,321.4745,321.2646,306.7767,274.3044,300.07004,292.98312,295.4425,297.5332,335.02628,-127846.48,9473.998,3284.5786,-83996.195,3100.0,1500.0,150193.25,3658.507,22171.096,138261.56,30288.371,-12.836449,6748.2783,66717.375,4847.767
1643,2012-01-11,320.68546,330.99463,323.69644,322.88046,272.3932,344.89117,329.24265,290.69647,302.4098,304.97723,251.6306,320.8146,329.2174,326.39148,342.12518,329.89014,323.70322,321.47226,321.2836,306.83237,274.3044,300.07004,292.98343,295.43817,297.52948,335.02628,-127926.47,9158.867,3301.7617,-83950.336,3100.0,1500.0,150089.1,3657.852,22380.152,139097.31,30315.18,-12.497955,6521.645,66695.25,4848.9443
1644,2012-01-18,320.6925,330.99576,323.6988,322.87985,272.39288,344.85742,329.23734,291.49655,302.40195,304.97763,251.63051,320.81128,329.2554,326.36877,342.12524,329.88434,323.6975,321.4827,321.2626,306.82324,274.30444,300.07004,292.98376,295.44098,297.5261,335.02628,-127707.05,9230.498,3286.6685,-83945.81,3100.0,1500.0,149871.89,3656.6257,22404.047,138616.31,30296.77,-12.634903,6224.8833,66715.18,4849.6533
1645,2012-01-25,320.62534,330.98587,323.6874,322.8671,272.3925,344.8229,329.23053,291.89655,302.39374,304.9698,251.63043,320.80594,329.18396,326.31735,342.12537,329.86942,323.68857,321.41827,321.20804,306.69235,274.30444,300.0699,292.98407,295.43973,297.52344,335.02628,-126983.93,9849.92,3284.3477,-83958.02,3100.0,1500.0,150357.67,3655.1274,21840.443,136552.64,30269.127,-12.727173,6127.9395,66725.22,4849.6455
1646,2012-02-01,320.57135,330.9635,323.66595,322.84644,272.3921,344.78534,329.22205,292.02817,302.3861,304.9659,251.63039,320.796,329.14505,326.29507,342.125,329.85147,323.66956,321.3638,321.1976,306.70047,274.30444,300.06958,292.9844,295.4372,297.5205,335.02628,-126563.43,9733.338,3293.4023,-83961.875,3100.0,1500.0,150542.39,3652.947,21798.572,136451.39,30281.443,-12.747734,6100.6626,66722.29,4849.1313
1647,2012-02-08,320.53934,330.9463,323.65616,322.83713,272.39166,344.75766,329.21204,292.08948,302.37976,304.9643,251.63033,320.78662,329.1515,326.30334,342.12408,329.83572,323.6484,321.34305,321.19733,306.69077,274.30444,300.06915,292.98468,295.43607,297.5173,335.02628,-126418.266,9773.829,3300.0205,-83959.445,3100.0,1500.0,150505.8,3650.0344,21783.312,136594.19,30283.834,-12.7816925,6088.8306,66718.01,4848.3623
1648,2012-02-15,320.5989,330.95654,323.6664,322.8474,272.39127,344.74805,329.20093,292.23633,302.37497,304.9717,251.6303,320.78122,329.22913,326.36063,342.12335,329.83853,323.63345,321.39545,321.253,306.8386,274.30444,300.06863,292.98495,295.43967,297.5142,335.02628,-127055.055,9022.372,3296.3052,-83957.055,3100.0,1500.0,150007.89,3646.3628,22416.25,138960.94,30307.22,-12.890732,6015.66,66720.98,4847.485
1649,2012-02-22,320.5865,330.9604,323.67575,322.85492,272.39087,344.7404,329.1891,292.36826,302.3717,304.9687,251.63026,320.78174,329.19394,326.3276,342.12347,329.84512,323.63202,321.37915,321.20056,306.71835,274.30444,300.0681,292.9852,295.43872,297.51227,335.02628,-126660.54,9648.406,3293.2861,-83964.01,3100.0,1500.0,150416.8,3642.5552,21975.986,136917.17,30279.38,-13.040428,5997.3765,66727.51,4846.6377
1650,2012-02-29,320.54105,330.95016,323.66772,322.84583,272.3905,344.7337,329.17676,292.3341,302.36975,304.9632,251.63023,320.77734,329.19443,326.31827,342.12335,329.83755,323.6249,321.332,321.1917,306.6952,274.30444,300.06754,292.98544,295.43655,297.51028,335.02628,-126432.19,9711.693,3304.316,-83963.85,3100.0,1500.0,150393.06,3638.5942,21817.482,136760.86,30284.08,-13.072258,6016.325,66721.664,4845.8667
1651,2012-03-07,320.5355,330.94327,323.66522,322.84305,272.3902,344.75943,329.16425,292.37622,302.36893,304.96344,251.6302,320.77286,329.2002,326.31363,342.12302,329.83096,323.61502,321.32886,321.20023,306.73706,274.30444,300.06683,292.98563,295.43503,297.50797,335.02628,-126447.79,9483.805,3312.2112,-83959.1,3100.0,1500.0,150373.34,3634.1572,21985.564,137229.55,30298.021,-13.121956,5984.6313,66717.66,4845.066
1652,2012-03-14,320.58563,330.95398,323.67206,322.85095,272.3899,344.76947,329.15182,292.4092,302.36893,304.9683,251.63019,320.77094,329.2416,326.35406,342.1229,329.83533,323.60947,321.3778,321.24506,306.8258,274.30444,300.0661,292.98575,295.43845,297.5058,335.02628,-126975.16,9065.474,3309.6545,-83957.664,3100.0,1500.0,150053.83,3629.4666,22401.455,138832.14,30308.201,-13.211395,5995.457,66718.96,4844.123
1653,2012-03-21,320.59116,330.96432,323.6845,322.8639,272.3896,344.73776,329.13983,292.46643,302.36948,304.96765,251.63017,320.77396,329.24924,326.36716,342.12332,329.84213,323.61298,321.37405,321.24768,306.77017,274.30444,300.06543,292.98587,295.4371,297.50455,335.02628,-127200.445,9329.739,3311.2815,-83958.64,3100.0,1500.0,150090.39,3624.9512,22175.297,138571.95,30295.777,-13.291565,5946.9087,66720.94,4842.8916
1654,2012-03-28,320.6021,330.96213,323.68848,322.8667,272.38934,344.7053,329.12857,292.672,302.37045,304.96808,251.6302,320.7765,329.255,326.35126,342.12366,329.84445,323.61572,321.3719,321.243,306.81595,274.30444,300.06476,292.98593,295.43637,297.50342,335.02628,-127198.51,9071.779,3313.37,-83962.48,3100.0,1500.0,150124.06,3620.5898,22320.072,138668.11,30306.418,-13.422417,5865.633,66725.734,4840.6978
1655,2012-04-04,320.62723,330.96286,323.6891,322.86646,272.38907,344.72363,329.11813,292.85498,302.37177,304.969,251.63026,320.77737,329.2658,326.34552,342.12366,329.84216,323.61694,321.39914,321.24774,306.84152,274.30447,300.0641,292.98596,295.4384,297.50244,335.02628,-127237.1,8985.307,3310.2358,-83968.71,3100.0,1500.0,150076.86,3616.376,22473.736,138832.48,30303.295,-13.5842285,5803.518,66732.98,4837.22
1656,2012-04-11,320.64697,330.97067,323.69193,322.87024,272.38885,344.7949,329.10876,292.95523,302.37347,304.96878,251.63036,320.77838,329.2714,326.37106,342.12375,329.84818,323.61957,321.4194,321.26163,306.8437,274.30447,300.06345,292.98593,295.44434,297.50204,335.02628,-127431.83,9001.148,3301.4128,-83978.63,3100.0,1500.0,149998.8,3612.4802,22506.018,139184.66,30287.803,-13.772461,5790.127,66743.81,4833.2275
1657,2012-04-18,320.6585,330.98813,323.70053,322.87924,272.38864,344.81363,329.1007,292.8144,302.37567,304.9682,251.63046,320.7811,329.2985,326.39267,342.12418,329.8635,323.6251,321.4431,321.28183,306.8464,274.30447,300.06284,292.98587,295.4448,297.50238,335.02628,-127751.664,9038.136,3301.645,-83988.84,3100.0,1500.0,149745.44,3608.943,22554.271,139654.89,30282.92,-13.861809,5886.926,66746.52,4829.584
1658,2012-04-25,320.68967,331.0066,323.7113,322.89056,272.3885,344.81458,329.0943,292.86295,302.3784,304.96988,251.63057,320.78577,329.31693,326.41138,342.12503,329.88254,323.6333,321.47034,321.30328,306.887,274.30447,300.0622,292.98578,295.44403,297.50278,335.02628,-128123.57,8838.202,3305.3604,-83988.81,3100.0,1500.0,149629.06,3605.7913,22711.59,140333.52,30290.82,-13.926727,5788.8447,66747.48,4826.7837
1659,2012-05-02,320.72226,331.0214,323.72028,322.89993,272.38834,344.85986,329.0895,293.2421,302.38135,304.97177,251.63068,320.79153,329.32806,326.42807,342.1259,329.89774,323.6451,321.4948,321.31458,306.90918,274.30447,300.06158,292.98563,295.44815,297.50333,335.02628,-128379.336,8741.116,3293.519,-84001.1,3100.0,1500.0,149559.34,3603.1697,22806.871,140649.16,30279.277,-14.193687,5659.0625,66766.43,4824.1914
1660,2012-05-09,320.71356,331.0237,323.7225,322.90134,272.3882,344.92355,329.08624,293.43152,302.38446,304.9691,251.63078,320.7964,329.3128,326.40485,342.1265,329.906,323.65695,321.4828,321.29016,306.85547,274.30447,300.06097,292.98544,295.4536,297.50446,335.02628,-128192.07,9017.758,3281.7961,-84019.914,3100.0,1500.0,149699.61,3601.2622,22572.14,139685.39,30252.22,-14.442772,5611.6875,66783.77,4821.866
1661,2012-05-16,320.71655,331.03036,323.72226,322.90152,272.38815,344.97015,329.08456,293.3696,302.38794,304.9688,251.63089,320.79816,329.3325,326.42706,342.12674,329.91324,323.6618,321.49127,321.31134,306.88583,274.30447,300.06046,292.98523,295.4583,297.50595,335.02628,-128398.02,8880.959,3274.3647,-84037.48,3100.0,1500.0,149491.52,3599.8662,22686.297,140417.42,30246.365,-14.618515,5686.5713,66794.48,4820.239
1662,2012-05-23,320.73917,331.04214,323.73035,322.91043,272.3881,345.00937,329.0844,293.25607,302.39188,304.97092,251.63097,320.802,329.34665,326.44458,342.12714,329.9268,323.66785,321.51242,321.33084,306.90878,274.30447,300.0599,292.985,295.46124,297.5077,335.02628,-128716.79,8776.414,3269.954,-84046.336,3100.0,1500.0,149421.06,3598.9153,22782.51,140957.84,30243.195,-14.718269,5706.458,66800.11,4819.638
1663,2012-05-30,320.76514,331.0552,323.73868,322.9191,272.3881,345.03412,329.08575,293.3895,302.39618,304.97308,251.63103,320.80728,329.36215,326.46057,342.12762,329.9404,323.67767,321.53378,321.34323,306.93066,274.30447,300.05954,292.9847,295.46548,297.50967,335.02628,-128974.36,8678.135,3258.5754,-84057.99,3100.0,1500.0,149292.33,3598.5564,22874.338,141331.47,30233.62,-14.905167,5637.854,66815.07,4819.5996
1664,2012-06-06,320.75662,331.0554,323.7417,322.9211,272.38815,345.05417,329.08844,293.54895,302.4006,304.9714,251.63109,320.81216,329.35135,326.43613,342.12817,329.94443,323.68854,321.52518,321.32336,306.88367,274.30447,300.05933,292.9844,295.4691,297.512,335.02628,-128829.016,8921.406,3247.2004,-84075.59,3100.0,1500.0,149431.94,3598.868,22671.057,140483.67,30210.89,-15.116402,5589.004,66832.37,4819.6436
1665,2012-06-13,320.7616,331.05988,323.74036,322.9206,272.3882,345.07346,329.09225,293.55804,302.40506,304.9721,251.63115,320.81424,329.3573,326.4598,342.1283,329.94724,323.69385,321.52817,321.33862,306.91312,274.30447,300.0592,292.9841,295.47263,297.51425,335.02628,-128978.48,8754.461,3239.1885,-84092.266,3100.0,1500.0,149319.42,3599.6265,22763.088,141094.03,30208.424,-15.269218,5611.869,66843.79,4819.6904
1666,2012-06-20,320.76538,331.06845,323.74503,322.92572,272.38834,345.08624,329.09695,293.38608,302.40955,304.9727,251.6312,320.81757,329.36255,326.46286,342.12857,329.9572,323.69897,321.53842,321.3442,306.89352,274.30447,300.05905,292.9838,295.47662,297.51657,335.02628,-129109.3,8840.238,3232.1067,-84103.42,3100.0,1500.0,149267.58,3600.7747,22711.387,141093.58,30196.78,-15.341637,5704.2734,66849.414,4819.6777
1667,2012-06-27,320.78845,331.07764,323.74966,322.93088,272.3885,345.09387,329.1024,293.3674,302.41403,304.97537,251.63126,320.8212,329.37442,326.4788,342.12894,329.96707,323.70483,321.5573,321.36023,306.94363,274.30447,300.05893,292.98346,295.4816,297.5189,335.02628,-129344.21,8637.38,3221.6584,-84110.24,3100.0,1500.0,149170.36,3602.255,22897.795,141674.55,30193.11,-15.428818,5663.3706,66859.3,4819.4814
1668,2012-07-04,320.7954,331.0808,323.75354,322.93417,272.38867,345.09598,329.10837,293.56067,302.41827,304.97614,251.63132,320.82532,329.3736,326.46793,342.12933,329.97174,323.71313,321.56366,321.35117,306.92346,274.30447,300.059,292.98312,295.48547,297.52155,335.02628,-129318.97,8760.072,3206.3347,-84127.85,3100.0,1500.0,149212.22,3604.0813,22821.162,141255.12,30173.148,-15.62455,5597.1875,66879.52,4819.0693
1669,2012-07-11,320.782,331.0802,323.75174,322.93265,272.3889,345.0819,329.1148,293.62634,302.42227,304.97498,251.63138,320.8276,329.36243,326.46863,342.12952,329.9736,323.71826,321.55103,321.34802,306.90018,274.30447,300.0592,292.9828,295.48682,297.52423,335.02628,-129274.75,8885.033,3198.7878,-84145.78,3100.0,1500.0,149269.19,3606.2266,22695.344,141015.81,30161.291,-15.753471,5585.992,66891.88,4818.5586
1670,2012-07-18,320.7855,331.08444,323.7522,322.9333,272.38913,345.08804,329.12143,293.38025,302.4261,304.97617,251.63144,320.82916,329.372,326.47693,342.12958,329.9751,323.72064,321.55753,321.3541,306.92496,274.30447,300.0595,292.98245,295.48682,297.52655,335.02628,-129350.43,8768.723,3198.788,-84156.15,3100.0,1500.0,149162.81,3608.4578,22788.914,141333.17,30168.76,-15.745781,5741.859,66890.664,4818.3276
1671,2012-07-25,320.81036,331.09134,323.7569,322.9387,272.3894,345.08826,329.12805,293.2549,302.4297,304.97934,251.6315,320.8317,329.38382,326.49094,342.12976,329.98273,323.7236,321.5787,321.37308,306.95746,274.30447,300.05984,292.98215,295.4901,297.52856,335.02628,-129608.875,8611.425,3194.725,-84152.664,3100.0,1500.0,149089.62,3610.7173,22927.852,141928.95,30170.287,-15.709366,5708.826,66890.08,4818.4014
1672,2012-08-01,320.8308,331.09848,323.76297,322.945,272.38968,345.09824,329.13467,293.50403,302.43295,304.98184,251.63155,320.8357,329.39368,326.49896,342.13007,329.99142,323.72903,321.59625,321.38156,306.9645,274.30447,300.06024,292.98184,295.49527,297.53088,335.02628,-129792.516,8594.778,3175.9175,-84165.16,3100.0,1500.0,149040.0,3613.0715,22967.547,142105.47,30153.031,-15.888779,5622.7236,66910.69,4818.554
1673,2012-08-08,320.81195,331.093,323.76144,322.94266,272.38998,345.11758,329.1412,293.48834,302.43573,304.98,251.63159,320.83896,329.36414,326.4695,342.1303,329.99,323.73425,321.5727,321.349,306.9072,274.30444,300.06076,292.98157,295.49472,297.5335,335.02628,-129468.08,8870.386,3170.4604,-84181.445,3100.0,1500.0,149271.19,3615.5757,22698.885,140924.67,30140.32,-15.954018,5663.812,66919.16,4818.7188
1674,2012-08-15,320.81143,331.0933,323.75815,322.93915,272.3903,345.13617,329.14767,293.2867,302.43823,304.98077,251.63164,320.8386,329.38998,326.48856,342.13016,329.98593,323.73334,321.57495,321.36383,306.94437,274.30444,300.06128,292.98132,295.4947,297.53558,335.02628,-129556.55,8687.211,3172.4336,-84185.34,3100.0,1500.0,149041.73,3617.9932,22835.7,141623.44,30151.24,-15.897377,5752.7637,66915.38,4818.8965
1675,2012-08-22,320.83142,331.09775,323.7654,322.94614,272.3906,345.1533,329.15417,293.28363,302.4405,304.98358,251.63168,320.84042,329.41013,326.4942,342.13022,329.99176,323.73557,321.5963,321.37894,306.96417,274.30444,300.06177,292.9811,295.49643,297.53735,335.02628,-129788.37,8606.62,3167.3242,-84184.555,3100.0,1500.0,148991.14,3620.2844,22939.627,142045.69,30149.943,-15.894707,5704.3096,66918.38,4819.1455
1676,2012-08-29,320.84833,331.10373,323.77127,322.95218,272.3909,345.16534,329.1607,293.48117,302.44238,304.9856,251.6317,320.8437,329.41718,326.50632,342.1304,329.99823,323.74054,321.61206,321.38782,306.97098,274.30444,300.06223,292.98093,295.49948,297.5392,335.02628,-129968.26,8588.358,3154.2097,-84194.28,3100.0,1500.0,148962.94,3622.6345,22977.223,142253.78,30139.092,-16.016014,5634.6406,66932.75,4820.043
1677,2012-09-05,320.8386,331.10178,323.7692,322.95032,272.3912,345.16803,329.16736,293.57486,302.44397,304.98453,251.63174,320.84656,329.37793,326.48703,342.13058,330.0004,323.7455,321.59897,321.35925,306.9327,274.30444,300.06265,292.98077,295.49948,297.54117,335.02628,-129690.66,8777.683,3148.1692,-84207.19,3100.0,1500.0,149198.92,3625.1047,22800.82,141268.56,30128.562,-16.101402,5608.637,66941.99,4819.974
1678,2012-09-12,320.8369,331.09845,323.764,322.94592,272.3915,345.1786,329.174,293.53696,302.4454,304.98532,251.63171,320.8465,329.38617,326.48962,342.13052,329.9971,323.74554,321.59763,321.3781,306.95386,274.30444,300.06308,292.98068,295.50226,297.54285,335.02628,-129805.02,8664.104,3142.8308,-84215.63,3100.0,1500.0,149090.94,3627.5383,22866.828,141836.81,30127.885,-16.148758,5649.3564,66946.586,4823.0967
1679,2012-09-19,320.84244,331.0996,323.76492,322.9473,272.3918,345.1901,329.18073,293.38947,302.4469,304.98672,251.63168,320.84775,329.38245,326.49356,342.13043,329.99655,323.74796,321.60577,321.37772,306.9555,274.30444,300.0636,292.9806,295.4997,297.5445,335.02628,-129833.45,8672.676,3143.8752,-84218.92,3100.0,1500.0,149108.7,3629.9348,22884.605,141801.33,30132.805,-16.120918,5709.258,66944.31,4825.417
1680,2012-09-26,320.85376,331.10397,323.76627,322.9495,272.39212,345.19968,329.18747,293.4108,302.4484,304.98813,251.63165,320.84927,329.3845,326.50436,342.13046,330.00095,323.75125,321.61887,321.39035,306.9697,274.30444,300.06415,292.98056,295.4985,297.54572,335.02628,-129987.29,8613.349,3144.1082,-84216.28,3100.0,1500.0,149062.72,3632.3643,22952.318,142142.73,30137.475,-16.10701,5660.51,66942.95,4826.774
1681,2012-10-03,320.83932,331.1046,323.76865,322.95187,272.39243,345.21027,329.19415,293.3894,302.44977,304.98663,251.63164,320.85156,329.38605,326.5013,342.1306,330.0045,323.75574,321.61807,321.38788,306.92438,274.30444,300.06467,292.98056,295.49796,297.54672,335.02628,-130005.18,8876.266,3142.8313,-84218.695,3100.0,1500.0,149079.86,3634.8777,22795.6,141763.47,30126.951,-16.114777,5715.306,66943.46,4827.821
1682,2012-10-10,320.81525,331.096,323.76392,322.94632,272.39273,345.22055,329.20078,293.2581,302.4509,304.98456,251.6316,320.85236,329.35742,326.47464,342.13058,329.9973,323.7585,321.58932,321.35727,306.8969,274.3044,300.06512,292.9806,295.49884,297.5474,335.02628,-129647.35,8972.889,3144.571,-84213.836,3100.0,1500.0,149285.89,3637.4153,22627.31,140869.1,30126.238,-16.041397,5738.3643,66938.055,4828.8164
1683,2012-10-17,320.8159,331.09564,323.75906,322.94205,272.393,345.22998,329.2074,293.27997,302.45178,304.98627,251.63159,320.85046,329.37048,326.49258,342.1303,329.99347,323.75644,321.59073,321.37518,306.9347,274.3044,300.06564,292.98068,295.49854,297.54797,335.02628,-129749.2,8775.606,3141.6694,-84213.52,3100.0,1500.0,149119.83,3639.817,22774.639,141615.05,30133.688,-16.042038,5730.333,66940.0,4829.9785
1684,2012-10-24,320.7974,331.09457,323.759,322.942,272.39325,345.2387,329.21396,292.91235,302.45236,304.98477,251.63155,320.8504,329.35056,326.48135,342.13028,329.99234,323.75714,321.58405,321.3562,306.88226,274.3044,300.06625,292.98077,295.4961,297.54852,335.02628,-129567.945,9069.436,3148.1704,-84210.7,3100.0,1500.0,149274.84,3642.2593,22595.795,140808.81,30131.955,-15.879501,5948.6284,66927.305,4831.5674
1685,2012-10-31,320.77573,331.08978,323.75342,322.936,272.39346,345.24023,329.22052,292.31708,302.45258,304.9831,251.63148,320.8487,329.3428,326.46765,342.13016,329.98828,323.75504,321.5579,321.34497,306.87024,274.3044,300.0668,292.98093,295.4892,297.5485,335.02628,-129377.81,9085.504,3169.067,-84186.74,3100.0,1500.0,149295.66,3644.732,22499.48,140557.62,30157.04,-15.483498,6142.6377,66895.95,4833.79
1686,2012-11-07,320.76245,331.0701,323.74603,322.92767,272.39368,345.19946,329.22702,292.402,302.4521,304.98288,251.6314,320.8458,329.32294,326.43448,342.12988,329.97543,323.75064,321.53967,321.32675,306.87228,274.3044,300.06735,292.98108,295.48355,297.54767,335.02628,-129071.05,9043.789,3179.8633,-84159.586,3100.0,1500.0,149533.55,3647.126,22491.264,140095.55,30172.758,-15.268356,5979.137,66883.06,4836.3237
1687,2012-11-14,320.78754,331.06885,323.74304,322.9254,272.39383,345.13525,329.23328,292.86108,302.45047,304.9867,251.6313,320.84207,329.34976,326.46957,342.12912,329.96637,323.7445,321.5616,321.35507,306.93433,274.3044,300.06787,292.9813,295.48853,297.5465,335.02628,-129299.5,8732.928,3166.1636,-84157.52,3100.0,1500.0,149274.3,3649.3967,22770.639,141257.98,30170.842,-15.346687,5830.249,66896.42,4838.737
1688,2012-11-21,320.77914,331.07016,323.74527,322.92828,272.39392,345.10968,329.239,292.48282,302.4479,304.9859,251.63121,320.842,329.32095,326.45056,342.129,329.96625,323.74445,321.5677,321.34357,306.8761,274.3044,300.06842,292.9815,295.48456,297.5461,335.02628,-129226.08,9079.509,3169.9954,-84162.11,3100.0,1500.0,149500.89,3651.7163,22596.354,140472.84,30167.322,-15.169853,6117.982,66884.89,4840.623
1689,2012-11-28,320.7686,331.05545,323.73746,322.92047,272.39398,345.07895,329.24393,291.51877,302.44498,304.98468,251.63113,320.84048,329.3011,326.42337,342.12885,329.9589,323.7428,321.55142,321.3323,306.87756,274.3044,300.06888,292.98175,295.47238,297.54523,335.02628,-129016.81,9030.293,3206.2163,-84129.5,3100.0,1500.0,149664.17,3653.9292,22557.303,140170.81,30212.787,-14.553413,6476.3716,66833.4,4842.0063
1690,2012-12-05,320.73538,331.03152,323.72626,322.90762,272.394,345.04745,329.2478,291.03403,302.44156,304.9809,251.63104,320.83646,329.27808,326.3985,342.1281,329.94092,323.73624,321.51102,321.28412,306.82172,274.3044,300.06927,292.98203,295.46106,297.54315,335.02628,-128391.75,9274.831,3238.3765,-84077.71,3100.0,1500.0,149886.52,3655.9146,22306.129,138873.47,30240.166,-13.9752655,6552.699,66789.305,4843.1714
1691,2012-12-12,320.74866,331.02545,323.72098,322.9034,272.39398,345.00848,329.25037,291.48764,302.43695,304.98346,251.63097,320.83026,329.30045,326.42618,342.12708,329.92944,323.72525,321.52457,321.32822,306.8998,274.3044,300.06958,292.98233,295.46262,297.54022,335.02628,-128701.14,8868.537,3237.4487,-84042.98,3100.0,1500.0,149685.9,3657.3762,22636.5,140449.81,30252.0,-13.805,6233.3486,66785.97,4844.222
1692,2012-12-19,320.7458,331.02658,323.72467,322.90686,272.3939,344.97546,329.25137,291.91708,302.43088,304.98367,251.63087,320.8288,329.29132,326.429,342.12665,329.91907,323.72275,321.52243,321.3013,306.85226,274.3044,300.0699,292.98264,295.4619,297.5381,335.02628,-128509.34,9115.766,3226.0703,-84049.1,3100.0,1500.0,149786.03,3658.4265,22479.025,139611.3,30235.658,-13.844437,6195.7764,66798.74,4845.251
1693,2012-12-26,320.7239,331.0123,323.71793,322.89948,272.3937,344.95633,329.2507,291.33365,302.42398,304.98105,251.6308,320.82562,329.26178,326.39603,342.12637,329.9076,323.71927,321.5076,321.28226,306.8321,274.3044,300.07013,292.98294,295.45468,297.5361,335.02628,-128198.09,9216.696,3247.5493,-84037.89,3100.0,1500.0,150027.08,3659.096,22402.223,138969.77,30258.41,-13.439713,6500.039,66766.97,4846.419
1694,2013-01-02,320.68393,330.99615,323.7049,322.88684,272.3935,344.92767,329.24835,290.5937,302.417,304.97653,251.63069,320.82034,329.2284,326.37695,342.12576,329.89478,323.71265,321.47467,321.26465,306.77682,274.3044,300.07025,292.98328,295.44266,297.53345,335.02628,-127847.7,9473.807,3283.649,-83996.71,3100.0,1500.0,150193.0,3659.1895,22171.139,138262.7,30287.957,-12.83873,6748.3447,66717.95,4847.7437
1695,2013-01-09,320.68567,330.99466,323.69647,322.8805,272.39322,344.89423,329.24448,290.6966,302.40982,304.97745,251.6306,320.81464,329.21744,326.3915,342.12518,329.89017,323.70334,321.47244,321.28366,306.8325,274.3044,300.07025,292.9836,295.43832,297.52972,335.02628,-127927.516,9158.561,3301.066,-83950.75,3100.0,1500.0,150088.86,3658.5278,22380.193,139098.39,30314.777,-12.500259,6521.71,66695.83,4848.923
1696,2013-01-16,320.6927,330.9958,323.69882,322.87988,272.3929,344.86047,329.23914,291.49667,302.40198,304.97787,251.63051,320.81134,329.2554,326.36884,342.12524,329.8844,323.69763,321.48285,321.26263,306.82336,274.3044,300.07022,292.98392,295.44113,297.5263,335.02628,-127708.13,9230.2295,3285.8564,-83946.414,3100.0,1500.0,149871.67,3657.293,22404.084,138617.36,30296.37,-12.637215,6224.946,66715.74,4849.631
1697,2013-01-23,320.62552,330.9859,323.6874,322.8671,272.39255,344.82593,329.23227,291.89667,302.39377,304.97,251.63043,320.80597,329.184,326.31738,342.12537,329.86948,323.6887,321.41843,321.20807,306.69247,274.3044,300.0701,292.98425,295.43988,297.52365,335.02628,-126984.98,9849.69,3283.651,-83958.8,3100.0,1500.0,150357.45,3655.7852,21840.469,136553.66,30268.734,-12.72937,6128.0,66725.77,4849.6245
1698,2013-01-30,320.57153,330.96353,323.66595,322.84647,272.39212,344.78833,329.2238,292.0283,302.38614,304.96613,251.63037,320.79602,329.14508,326.2951,342.125,329.8515,323.66968,321.36392,321.19766,306.70056,274.3044,300.0698,292.98456,295.43735,297.52072,335.02628,-126564.49,9733.071,3292.2412,-83962.58,3100.0,1500.0,150542.19,3653.5955,21798.598,136452.34,30281.057,-12.7499695,6100.722,66722.836,4849.11
1699,2013-02-06,320.5395,330.94632,323.6562,322.83713,272.3917,344.76065,329.21375,292.08957,302.3798,304.9645,251.63033,320.78665,329.15152,326.3034,342.12408,329.83575,323.6485,321.3432,321.1974,306.6909,274.30444,300.06934,292.98486,295.43622,297.5175,335.02628,-126419.25,9773.599,3299.3228,-83960.15,3100.0,1500.0,150505.61,3650.674,21783.332,136595.12,30283.459,-12.783936,6088.889,66718.555,4848.341
1700,2013-02-13,320.59906,330.95657,323.66644,322.8474,272.3913,344.75104,329.2026,292.23642,302.375,304.97192,251.63028,320.78125,329.22913,326.36066,342.12335,329.83856,323.63354,321.39557,321.25302,306.83868,274.30444,300.06882,292.98514,295.43982,297.5144,335.02628,-127055.95,9022.026,3295.376,-83957.56,3100.0,1500.0,150007.72,3646.9932,22416.264,138961.83,30306.85,-12.892944,6015.718,66721.516,4847.465
1701,2013-02-20,320.58664,330.96042,323.67575,322.85495,272.3909,344.74335,329.19073,292.36835,302.3717,304.96887,251.63025,320.7818,329.19397,326.32764,342.12347,329.84515,323.6321,321.37927,321.20062,306.71844,274.30444,300.0683,292.98538,295.43887,297.51245,335.02628,-126661.445,9648.138,3292.706,-83964.516,3100.0,1500.0,150416.62,3643.1748,21975.998,136918.03,30279.014,-13.0425415,5997.432,66728.04,4846.617
1702,2013-02-27,320.5412,330.95016,323.66772,322.84586,272.39056,344.73666,329.1784,292.3342,302.36978,304.9634,251.63022,320.7774,329.19446,326.3183,342.12335,329.8376,323.625,321.33212,321.19174,306.69528,274.30444,300.06772,292.9856,295.43668,297.51047,335.02628,-126433.0,9711.499,3303.503,-83964.46,3100.0,1500.0,150392.9,3639.2063,21817.492,136761.69,30283.72,-13.074356,6016.3804,66722.19,4845.846
1703,2013-03-06,320.5356,330.9433,323.66525,322.84308,272.39023,344.76236,329.16586,292.3763,302.36896,304.96362,251.63019,320.7729,329.2002,326.31366,342.12302,329.831,323.6151,321.32898,321.2003,306.73715,274.30444,300.06702,292.98578,295.43518,297.50815,335.02628,-126448.51,9483.612,3311.1653,-83959.6,3100.0,1500.0,150373.19,3634.7632,21985.566,137230.33,30297.672,-13.123962,5984.686,66718.17,4845.0464
1704,2013-03-13,320.58575,330.95398,323.6721,322.85095,272.38992,344.7724,329.15344,292.4093,302.36893,304.96848,251.63017,320.77097,329.2416,326.3541,342.1229,329.83536,323.60956,321.37793,321.2451,306.8259,274.30444,300.06628,292.98593,295.43857,297.50598,335.02628,-126975.94,9065.204,3308.61,-83958.29,3100.0,1500.0,150053.69,3630.0664,22401.453,138832.92,30307.854,-13.213394,5995.5103,66719.49,4844.1035
1705,2013-03-20,320.59128,330.96436,323.68454,322.8639,272.38965,344.74063,329.14145,292.46652,302.3695,304.96783,251.63017,320.774,329.24924,326.36716,342.12332,329.84216,323.61307,321.37415,321.2477,306.77026,274.30444,300.0656,292.98602,295.43723,297.50473,335.02628,-127201.24,9329.507,3310.3513,-83959.086,3100.0,1500.0,150090.25,3625.546,22175.291,138572.69,30295.438,-13.293549,5946.9614,66721.445,4842.873
1706,2013-03-27,320.60223,330.96216,323.6885,322.8667,272.38937,344.70816,329.13016,292.6721,302.37048,304.96826,251.63019,320.7765,329.25504,326.35126,342.12366,329.84448,323.61578,321.372,321.24304,306.81604,274.30444,300.06494,292.9861,295.4365,297.5036,335.02628,-127199.13,9071.586,3312.209,-83962.87,3100.0,1500.0,150123.9,3621.1797,22320.064,138668.81,30306.082,-13.424408,5865.6836,66726.23,4840.6772
1707,2013-04-03,320.62735,330.9629,323.68912,322.86646,272.38913,344.7265,329.11972,292.85507,302.3718,304.96918,251.63025,320.77737,329.2658,326.34555,342.12366,329.8422,323.617,321.39923,321.24777,306.8416,274.30444,300.06424,292.9861,295.4385,297.50262,335.02628,-127237.7,8985.037,3309.5396,-83969.35,3100.0,1500.0,150076.72,3616.9612,22473.723,138833.14,30302.965,-13.586128,5803.569,66733.48,4837.201
1708,2013-04-10,320.64706,330.9707,323.69196,322.87027,272.3889,344.79773,329.11032,292.95532,302.37347,304.96896,251.63034,320.77838,329.27142,326.3711,342.12375,329.8482,323.61963,321.4195,321.26166,306.84375,274.30444,300.0636,292.9861,295.44446,297.50223,335.02628,-127432.49,9000.842,3300.8318,-83979.055,3100.0,1500.0,149998.67,3613.062,22506.006,139185.3,30287.477,-13.774315,5790.177,66744.3,4833.209
1709,2013-04-17,320.65863,330.98816,323.70053,322.87927,272.38867,344.81647,329.10226,292.81448,302.3757,304.96835,251.63045,320.78113,329.29852,326.39267,342.12418,329.8635,323.62515,321.4432,321.2819,306.84647,274.30444,300.063,292.98602,295.44492,297.50256,335.02628,-127752.36,9038.021,3301.0662,-83989.42,3100.0,1500.0,149745.31,3609.521,22554.258,139655.52,30282.602,-13.863747,5886.974,66747.0,4829.566
1710,2013-04-24,320.6898,331.0066,323.71133,322.8906,272.38852,344.81738,329.09586,292.86304,302.3784,304.97006,251.63055,320.7858,329.31696,326.4114,342.12503,329.88257,323.63336,321.47043,321.3033,306.8871,274.30447,300.06238,292.98593,295.44415,297.50293,335.02628,-128124.15,8838.087,3304.4316,-83989.2,3100.0,1500.0,149628.94,3606.366,22711.576,140334.11,30290.506,-13.9285965,5788.8916,66747.945,4826.7646
1711,2013-05-01,320.72235,331.02142,323.7203,322.89993,272.38837,344.86267,329.09106,293.2422,302.38135,304.97195,251.63066,320.79153,329.3281,326.4281,342.1259,329.89777,323.64517,321.4949,321.3146,306.90924,274.30447,300.06174,292.98578,295.44824,297.5035,335.02628,-128379.836,8740.962,3292.8223,-84001.56,3100.0,1500.0,149559.23,3603.7415,22806.852,140649.72,30278.97,-14.195503,5659.109,66766.9,4824.173
1712,2013-05-08,320.71365,331.02374,323.7225,322.90137,272.38824,344.92633,329.0878,293.4316,302.3845,304.96927,251.63077,320.7964,329.3128,326.40488,342.1265,329.90604,323.657,321.48288,321.29016,306.85553,274.30447,300.06116,292.9856,295.45374,297.50464,335.02628,-128192.53,9017.604,3281.0994,-84020.24,3100.0,1500.0,149699.5,3601.8313,22572.12,139685.92,30251.92,-14.444572,5611.7314,66784.24,4821.848
1713,2013-05-15,320.71664,331.0304,323.7223,322.90152,272.38818,344.9729,329.0861,293.36966,302.38797,304.96896,251.63087,320.79816,329.3325,326.4271,342.12674,329.91327,323.66187,321.49136,321.31137,306.8859,274.30447,300.0606,292.98538,295.45844,297.5061,335.02628,-128398.57,8880.767,3273.9004,-84038.07,3100.0,1500.0,149491.42,3600.4324,22686.271,140417.95,30246.07,-14.620262,5686.6157,66794.945,4820.2207
1714,2013-05-22,320.73926,331.04218,323.73035,322.91043,272.38812,345.01212,329.08594,293.25616,302.3919,304.9711,251.63097,320.80203,329.34665,326.44458,342.12714,329.9268,323.6679,321.51248,321.33087,306.90887,274.30447,300.0601,292.98514,295.46136,297.50787,335.02628,-128717.32,8776.221,3269.2583,-84046.87,3100.0,1500.0,149420.97,3599.479,22782.484,140958.36,30242.904,-14.719933,5706.5015,66800.56,4819.62
1715,2013-05-29,320.76523,331.05524,323.73868,322.9191,272.38812,345.03683,329.08728,293.3896,302.3962,304.97327,251.63103,320.80728,329.36215,326.4606,342.12762,329.94043,323.67773,321.53384,321.34326,306.93073,274.30447,300.0597,292.98486,295.4656,297.50986,335.02628,-128974.836,8677.983,3257.7637,-84058.43,3100.0,1500.0,149292.25,3599.1174,22874.31,141331.94,30233.33,-14.906845,5637.8975,66815.51,4819.5815
1716,2013-06-05,320.7567,331.0554,323.7417,322.92114,272.38818,345.0569,329.08997,293.54904,302.40063,304.9716,251.63109,320.8122,329.35138,326.43613,342.12817,329.94446,323.6886,321.52527,321.3234,306.88376,274.30447,300.05948,292.9846,295.46918,297.51218,335.02628,-128829.44,8921.253,3246.5032,-84076.21,3100.0,1500.0,149431.86,3599.4263,22671.03,140484.16,30210.613,-15.118057,5589.047,66832.81,4819.6265
1717,2013-06-12,320.7617,331.0599,323.74036,322.92062,272.38824,345.07614,329.09378,293.55814,302.4051,304.9723,251.63113,320.81424,329.3573,326.4598,342.1283,329.94727,323.6939,321.52823,321.33862,306.91318,274.30447,300.05936,292.98425,295.47272,297.51443,335.02628,-128978.945,8754.266,3238.3772,-84092.805,3100.0,1500.0,149319.33,3600.1821,22763.057,141094.5,30208.15,-15.270836,5611.9116,66844.23,4819.6733
1718,2013-06-19,320.76547,331.06845,323.74506,322.92572,272.38837,345.0889,329.09845,293.38617,302.40958,304.97284,251.6312,320.8176,329.36258,326.46286,342.12857,329.9572,323.69904,321.53848,321.34424,306.8936,274.30447,300.0592,292.98395,295.4767,297.51672,335.02628,-129109.74,8840.124,3231.41,-84103.85,3100.0,1500.0,149267.5,3601.3284,22711.357,141094.0,30196.508,-15.343239,5704.315,66849.85,4819.6606
1719,2013-06-26,320.78854,331.07764,323.74966,322.93088,272.38852,345.09656,329.10388,293.36746,302.41403,304.97556,251.63124,320.82123,329.37445,326.4788,342.12894,329.96707,323.70486,321.55737,321.36023,306.9437,274.30447,300.05908,292.9836,295.4817,297.51904,335.02628,-129344.67,8637.187,3220.8464,-84110.62,3100.0,1500.0,149170.28,3602.806,22897.762,141674.97,30192.842,-15.43045,5663.412,66859.72,4819.465
1720,2013-07-03,320.7955,331.08084,323.75354,322.9342,272.3887,345.09863,329.1099,293.56073,302.4183,304.97632,251.6313,320.82535,329.37363,326.46793,342.12933,329.97177,323.7132,321.56372,321.3512,306.92352,274.30447,300.05914,292.98328,295.48557,297.5217,335.02628,-129319.41,8759.88,3205.638,-84128.164,3100.0,1500.0,149212.14,3604.6309,22821.133,141255.55,30172.885,-15.626221,5597.226,66879.945,4819.053
1721,2013-07-10,320.78207,331.08023,323.75177,322.93265,272.38892,345.08453,329.1163,293.6264,302.4223,304.97513,251.63138,320.8276,329.36243,326.46863,342.12952,329.97363,323.7183,321.5511,321.34805,306.90024,274.30447,300.05936,292.98294,295.4869,297.52438,335.02628,-129275.2,8884.839,3198.324,-84146.26,3100.0,1500.0,149269.11,3606.7764,22695.312,141016.2,30161.035,-15.755081,5586.03,66892.29,4818.542
1722,2013-07-17,320.78555,331.08444,323.7522,322.9333,272.38916,345.09067,329.12292,293.38034,302.4261,304.97632,251.63144,320.82916,329.372,326.47693,342.12958,329.9751,323.7207,321.5576,321.35413,306.92502,274.30444,300.05966,292.9826,295.4869,297.52667,335.02628,-129350.83,8768.6455,3197.7422,-84156.67,3100.0,1500.0,149162.73,3609.007,22788.88,141333.55,30168.508,-15.747299,5741.8965,66891.06,4818.3125
1723,2013-07-24,320.81046,331.09134,323.7569,322.93872,272.38943,345.09088,329.12955,293.25497,302.42972,304.9795,251.63148,320.8317,329.38382,326.49097,342.12976,329.98276,323.72366,321.57877,321.3731,306.9575,274.30444,300.06,292.9823,295.4902,297.5287,335.02628,-129609.164,8611.273,3194.0278,-84152.984,3100.0,1500.0,149089.56,3611.2656,22927.818,141929.31,30170.04,-15.710831,5708.8633,66890.47,4818.386
1724,2013-07-31,320.83087,331.09848,323.76297,322.94504,272.38974,345.10086,329.13617,293.5041,302.43298,304.98203,251.63155,320.83572,329.39368,326.49896,342.13007,329.99146,323.72906,321.5963,321.38156,306.96457,274.30444,300.0604,292.982,295.49536,297.53104,335.02628,-129792.9,8594.508,3175.5688,-84165.54,3100.0,1500.0,149039.94,3613.619,22967.512,142105.81,30152.79,-15.890167,5622.7603,66911.08,4818.539
1725,2013-08-07,320.812,331.093,323.76144,322.94266,272.39,345.12018,329.1427,293.4884,302.43576,304.98016,251.63159,320.83896,329.36417,326.46954,342.1303,329.99,323.73428,321.57275,321.34903,306.90726,274.30444,300.0609,292.98172,295.4948,297.53366,335.02628,-129468.43,8870.309,3169.7632,-84181.77,3100.0,1500.0,149271.12,3616.1213,22698.852,140925.02,30140.08,-15.955414,5663.8467,66919.55,4818.704
1726,2013-08-14,320.8115,331.0933,323.75815,322.93915,272.39032,345.13876,329.14917,293.2868,302.43826,304.98093,251.63164,320.83862,329.39,326.4886,342.13016,329.98596,323.73337,321.575,321.36386,306.94443,274.30444,300.0614,292.98148,295.49478,297.53574,335.02628,-129556.71,8687.057,3171.505,-84185.94,3100.0,1500.0,149041.67,3618.5366,22835.664,141623.77,30151.004,-15.898811,5752.8,66915.77,4818.8804
1727,2013-08-21,320.83148,331.09778,323.7654,322.94614,272.39062,345.15588,329.15564,293.2837,302.44052,304.98373,251.63167,320.84042,329.41016,326.4942,342.13022,329.99176,323.7356,321.59634,321.37894,306.9642,274.30444,300.0619,292.98126,295.49652,297.53748,335.02628,-129788.58,8606.505,3166.512,-84184.98,3100.0,1500.0,148991.08,3620.827,22939.59,142046.02,30149.713,-15.8960495,5704.3438,66918.766,4819.1304
1728,2013-08-28,320.84836,331.10376,323.77127,322.9522,272.39093,345.1679,329.1622,293.48123,302.4424,304.98575,251.6317,320.8437,329.4172,326.50635,342.1304,329.99823,323.74057,321.61212,321.38785,306.97104,274.30444,300.06235,292.98108,295.49957,297.53934,335.02628,-129968.62,8588.241,3153.7454,-84194.65,3100.0,1500.0,148962.9,3623.1753,22977.184,142254.08,30138.867,-16.017288,5634.674,66933.12,4820.0283
1729,2013-09-04,320.83865,331.10178,323.76923,322.95032,272.39124,345.1706,329.16882,293.57492,302.44397,304.98468,251.63173,320.84656,329.37793,326.48706,342.13058,330.0004,323.74554,321.599,321.35928,306.93277,274.30444,300.06277,292.98093,295.49957,297.54132,335.02628,-129691.055,8777.566,3147.3582,-84207.69,3100.0,1500.0,149198.88,3625.6436,22800.781,141268.84,30128.34,-16.102776,5608.6704,66942.36,4819.9585
1730,2013-09-11,320.83698,331.09845,323.764,322.94592,272.39154,345.18112,329.17548,293.53702,302.44543,304.98547,251.63171,320.8465,329.38617,326.48962,342.13052,329.9971,323.74557,321.59766,321.37814,306.9539,274.30444,300.06323,292.9808,295.50235,297.54297,335.02628,-129805.336,8664.104,3142.1345,-84216.1,3100.0,1500.0,149090.88,3628.0752,22866.793,141837.1,30127.666,-16.150131,5649.389,66946.95,4823.082
1731,2013-09-18,320.8425,331.0996,323.76495,322.94733,272.39185,345.19263,329.18222,293.38953,302.44693,304.98688,251.63167,320.84778,329.38248,326.49356,342.13043,329.99655,323.748,321.60583,321.37772,306.95554,274.3044,300.06372,292.98074,295.4998,297.54462,335.02628,-129833.734,8672.561,3143.178,-84219.39,3100.0,1500.0,149108.66,3630.472,22884.568,141801.61,30132.59,-16.122292,5709.291,66944.67,4825.4023
1732,2013-09-25,320.8538,331.104,323.76627,322.9495,272.39215,345.20218,329.18893,293.41086,302.44843,304.9883,251.63165,320.84927,329.38452,326.50436,342.13046,330.00095,323.75125,321.6189,321.39035,306.96973,274.3044,300.06427,292.9807,295.4986,297.54584,335.02628,-129987.66,8613.193,3143.411,-84216.74,3100.0,1500.0,149062.67,3632.903,22952.28,142142.98,30137.266,-16.108276,5660.5405,66943.3,4826.76
1733,2013-10-02,320.83936,331.1046,323.76865,322.95187,272.39246,345.21277,329.19562,293.38947,302.4498,304.9868,251.63162,320.85156,329.38605,326.5013,342.1306,330.00452,323.75577,321.6181,321.38788,306.92444,274.3044,300.0648,292.9807,295.49802,297.54684,335.02628,-130005.33,8876.113,3141.9016,-84219.24,3100.0,1500.0,149079.81,3635.4148,22795.56,141763.73,30126.742,-16.116188,5715.3364,66943.81,4827.8066
1734,2013-10-09,320.81528,331.096,323.76392,322.94632,272.39276,345.22305,329.20224,293.25815,302.45093,304.9847,251.6316,320.8524,329.35742,326.47464,342.13058,329.99734,323.75854,321.58936,321.3573,306.89697,274.3044,300.06525,292.98074,295.4989,297.5475,335.02628,-129647.54,8972.735,3143.6423,-84214.336,3100.0,1500.0,149285.86,3637.949,22627.275,140869.33,30126.035,-16.042824,5738.3945,66938.4,4828.802
1735,2013-10-16,320.81595,331.09564,323.75906,322.94208,272.39304,345.23248,329.20883,293.28003,302.4518,304.98642,251.63158,320.85046,329.37048,326.49258,342.1303,329.99347,323.75647,321.59076,321.37518,306.93472,274.3044,300.0658,292.9808,295.4986,297.5481,335.02628,-129749.41,8775.452,3141.0908,-84213.82,3100.0,1500.0,149119.78,3640.3467,22774.598,141615.28,30133.488,-16.043228,5730.3623,66940.336,4829.964
1736,2013-10-23,320.79742,331.09457,323.759,322.942,272.39328,345.2412,329.2154,292.9124,302.45236,304.98492,251.63153,320.85043,329.35056,326.48138,342.13028,329.99237,323.75717,321.58408,321.3562,306.88232,274.3044,300.06638,292.98093,295.49615,297.54865,335.02628,-129568.125,9069.358,3147.2427,-84211.14,3100.0,1500.0,149274.81,3642.7854,22595.758,140809.03,30131.762,-15.880745,5948.657,66927.65,4831.5537
1737,2013-10-30,320.7758,331.0898,323.75342,322.93604,272.3935,345.2427,329.22195,292.31714,302.4526,304.98325,251.63147,320.8487,329.3428,326.46765,342.13016,329.98828,323.75507,321.55792,321.345,306.8703,274.3044,300.06693,292.98105,295.4893,297.5486,335.02628,-129377.95,9085.428,3168.6025,-84187.19,3100.0,1500.0,149295.61,3645.2566,22499.441,140557.86,30156.846,-15.484665,6142.666,66896.28,4833.7764
1738,2013-11-06,320.7625,331.07013,323.74603,322.92767,272.3937,345.20193,329.22842,292.40207,302.4521,304.98306,251.6314,320.8458,329.32294,326.43448,342.12988,329.97543,323.75064,321.5397,321.32675,306.8723,274.3044,300.06747,292.98123,295.48364,297.54776,335.02628,-129071.266,9043.636,3179.399,-84159.96,3100.0,1500.0,149533.52,3647.6492,22491.225,140095.77,30172.57,-15.269592,5979.1646,66883.38,4836.3105
1739,2013-11-13,320.78757,331.06888,323.74304,322.9254,272.39386,345.1377,329.23468,292.86115,302.45047,304.98685,251.6313,320.8421,329.3498,326.46957,342.12912,329.9664,323.7445,321.56165,321.3551,306.93436,274.3044,300.068,292.9814,295.48862,297.5466,335.02628,-129299.62,8732.813,3165.699,-84157.836,3100.0,1500.0,149274.27,3649.9172,22770.598,141258.19,30170.654,-15.347855,5830.276,66896.74,4838.723
1740,2013-11-20,320.7792,331.07016,323.74527,322.92828,272.39395,345.11212,329.24042,292.48288,302.4479,304.98608,251.63121,320.84204,329.32095,326.45056,342.129,329.96628,323.74448,321.56772,321.34357,306.87616,274.3044,300.06854,292.98166,295.48462,297.5462,335.02628,-129226.28,9079.432,3169.532,-84162.57,3100.0,1500.0,149500.86,3652.2334,22596.312,140473.05,30167.139,-15.170982,6118.0093,66885.2,4840.609
1741,2013-11-27,320.76865,331.05545,323.7375,322.92047,272.394,345.08136,329.24533,291.5188,302.44498,304.98486,251.63112,320.8405,329.30112,326.42337,342.12885,329.9589,323.7428,321.55145,321.3323,306.8776,274.3044,300.069,292.9819,295.47247,297.54532,335.02628,-129017.01,9030.179,3205.4048,-84129.65,3100.0,1500.0,149664.14,3654.4434,22557.266,140171.0,30212.61,-14.55452,6476.398,66833.71,4841.9927
1742,2013-12-04,320.73544,331.03152,323.72626,322.90762,272.39404,345.0499,329.24918,291.0341,302.4416,304.98105,251.63104,320.83646,329.27808,326.3985,342.1281,329.94092,323.73624,321.51102,321.28412,306.82178,274.3044,300.0694,292.98218,295.46115,297.54327,335.02628,-128391.945,9274.68,3237.913,-84078.06,3100.0,1500.0,149886.48,3656.425,22306.094,138873.64,30239.99,-13.976364,6552.7256,66789.62,4843.158
1743,2013-12-11,320.7487,331.02545,323.721,322.9034,272.394,345.0109,329.25174,291.4877,302.43698,304.9836,251.63095,320.83026,329.30045,326.42618,342.12708,329.92947,323.72528,321.5246,321.32825,306.89984,274.3044,300.06967,292.98245,295.46268,297.54034,335.02628,-128701.336,8868.423,3236.9858,-84043.36,3100.0,1500.0,149685.88,3657.8833,22636.459,140449.98,30251.826,-13.805954,6233.374,66786.27,4844.2095
1744,2013-12-18,320.74582,331.02658,323.72467,322.90686,272.39392,344.97787,329.25275,291.91714,302.43088,304.98383,251.63087,320.8288,329.29132,326.42902,342.12665,329.91907,323.72275,321.52243,321.30133,306.8523,274.3044,300.07,292.98276,295.46198,297.53818,335.02628,-128509.49,9115.612,3225.4897,-84049.555,3100.0,1500.0,149786.02,3658.9297,22478.992,139611.47,30235.492,-13.845551,6195.801,66799.05,4845.2383
1745,2013-12-25,320.72394,331.0123,323.71793,322.89948,272.39374,344.95874,329.25204,291.3337,302.42398,304.9812,251.63078,320.82562,329.26178,326.39603,342.12637,329.9076,323.71927,321.5076,321.2823,306.83212,274.3044,300.07025,292.98306,295.45474,297.5362,335.02628,-128198.336,9216.582,3246.9688,-84038.18,3100.0,1500.0,150027.03,3659.5957,22402.188,138969.94,30258.246,-13.440727,6500.065,66767.266,4846.406
1746,2014-01-01,320.68396,330.9962,323.7049,322.88684,272.39352,344.93008,329.2497,290.59375,302.417,304.97668,251.63069,320.82034,329.2284,326.37695,342.12576,329.89478,323.71265,321.47467,321.26465,306.77686,274.3044,300.07034,292.9834,295.44272,297.53354,335.02628,-127847.85,9473.691,3283.1855,-83997.11,3100.0,1500.0,150192.97,3659.6858,22171.1,138262.84,30287.795,-12.839706,6748.37,66718.24,4847.7314
1747,2014-01-08,320.6857,330.99466,323.69647,322.8805,272.39325,344.8966,329.2458,290.69666,302.40982,304.9776,251.63058,320.81467,329.21744,326.39154,342.12518,329.89017,323.70337,321.47244,321.28366,306.83252,274.3044,300.07034,292.98373,295.4384,297.52982,335.02628,-127927.695,9158.369,3300.1362,-83951.19,3100.0,1500.0,150088.83,3659.0205,22380.158,139098.56,30314.615,-12.501228,6521.7334,66696.11,4848.9106
1748,2014-01-15,320.69272,330.99582,323.69882,322.87988,272.39294,344.86285,329.24045,291.49673,302.40198,304.978,251.6305,320.81134,329.25543,326.36884,342.12524,329.8844,323.69766,321.48288,321.26266,306.8234,274.3044,300.0703,292.98404,295.4412,297.5264,335.02628,-127708.266,9230.191,3285.1587,-83946.7,3100.0,1500.0,149871.66,3657.7808,22404.05,138617.52,30296.213,-12.638245,6224.9697,66716.03,4849.6196
1749,2014-01-22,320.62555,330.9859,323.6874,322.86713,272.39258,344.8283,329.23358,291.8967,302.3938,304.97015,251.63042,320.80597,329.184,326.3174,342.12537,329.86948,323.6887,321.41843,321.2081,306.6925,274.3044,300.0702,292.98438,295.43994,297.52374,335.02628,-126985.0,9849.536,3282.9536,-83959.17,3100.0,1500.0,150357.42,3656.2676,21840.432,136553.8,30268.58,-12.73037,6128.0225,66726.055,4849.612
1750,2014-01-29,320.57156,330.96353,323.666,322.84647,272.39215,344.79068,329.22507,292.02832,302.38614,304.96625,251.63036,320.79602,329.14508,326.2951,342.125,329.8515,323.66968,321.36395,321.19766,306.7006,274.3044,300.0699,292.98468,295.4374,297.5208,335.02628,-126564.56,9732.955,3291.6611,-83962.85,3100.0,1500.0,150542.17,3654.0718,21798.559,136452.48,30280.904,-12.750916,6100.745,66723.11,4849.0986
1751,2014-02-05,320.53952,330.94632,323.6562,322.83716,272.39172,344.763,329.21503,292.08963,302.37982,304.96466,251.63031,320.78665,329.15152,326.3034,342.12408,329.8358,323.6485,321.3432,321.1974,306.69092,274.3044,300.06943,292.985,295.43628,297.51758,335.02628,-126419.33,9773.56,3298.5107,-83960.445,3100.0,1500.0,150505.6,3651.145,21783.295,136595.23,30283.31,-12.784805,6088.911,66718.83,4848.329
1752,2014-02-12,320.5991,330.95657,323.66644,322.8474,272.39133,344.75336,329.20383,292.23648,302.37503,304.97208,251.63028,320.78125,329.22913,326.3607,342.12335,329.83856,323.63358,321.3956,321.25305,306.8387,274.3044,300.0689,292.98526,295.43988,297.5145,335.02628,-127056.1,9021.987,3294.795,-83957.9,3100.0,1500.0,150007.69,3647.4575,22416.23,138961.97,30306.705,-12.893913,6015.74,66721.78,4847.4526
1753,2014-02-19,320.58664,330.96042,323.67575,322.85495,272.39093,344.74567,329.19196,292.3684,302.37173,304.96902,251.63025,320.7818,329.19397,326.32764,342.12347,329.84515,323.63214,321.3793,321.20062,306.71848,274.3044,300.0684,292.9855,295.4389,297.51254,335.02628,-126661.55,9648.06,3292.124,-83964.77,3100.0,1500.0,150416.6,3643.632,21975.963,136918.16,30278.867,-13.043457,5997.4536,66728.305,4846.6055
1754,2014-02-26,320.54123,330.9502,323.66776,322.84586,272.3906,344.73895,329.17963,292.33426,302.36978,304.96353,251.63022,320.7774,329.19446,326.3183,342.12335,329.8376,323.62503,321.33215,321.19174,306.6953,274.30444,300.0678,292.98572,295.43674,297.51056,335.02628,-126433.125,9711.46,3302.6895,-83964.65,3100.0,1500.0,150392.89,3639.6587,21817.455,136761.81,30283.578,-13.075249,6016.4004,66722.445,4845.835
1755,2014-03-05,320.53564,330.9433,323.66525,322.84308,272.39026,344.76465,329.16708,292.37634,302.369,304.96378,251.63019,320.7729,329.2002,326.31366,342.12302,329.831,323.6151,321.32898,321.2003,306.73718,274.30444,300.0671,292.9859,295.4352,297.50824,335.02628,-126448.664,9483.536,3310.7014,-83959.9,3100.0,1500.0,150373.19,3635.2117,21985.531,137230.44,30297.531,-13.124878,5984.707,66718.43,4845.034
1756,2014-03-12,320.5858,330.954,323.6721,322.85098,272.38995,344.77466,329.15463,292.40936,302.36896,304.96863,251.63017,320.771,329.24164,326.3541,342.1229,329.83536,323.60956,321.37793,321.2451,306.82593,274.30444,300.06638,292.98605,295.43863,297.50607,335.02628,-126976.03,9065.089,3308.3782,-83958.55,3100.0,1500.0,150053.66,3630.5112,22401.42,138833.03,30307.717,-13.214272,5995.53,66719.74,4844.093
1757,2014-03-19,320.5913,330.96436,323.68454,322.8639,272.38965,344.7429,329.14264,292.46658,302.3695,304.96796,251.63016,320.774,329.24924,326.3672,342.12335,329.84216,323.61307,321.37418,321.2477,306.7703,274.30444,300.0657,292.98615,295.4373,297.50482,335.02628,-127201.305,9329.392,3310.0037,-83959.39,3100.0,1500.0,150090.22,3625.9873,22175.256,138572.81,30295.3,-13.294357,5946.9814,66721.695,4842.862
1758,2014-03-26,320.60226,330.96216,323.6885,322.8667,272.3894,344.7104,329.13135,292.67215,302.37048,304.96838,251.63017,320.77652,329.25504,326.3513,342.12366,329.84448,323.6158,321.372,321.24307,306.81607,274.30444,300.06503,292.9862,295.43652,297.50366,335.02628,-127199.3,9071.586,3311.8608,-83963.15,3100.0,1500.0,150123.9,3621.6182,22320.035,138668.94,30305.945,-13.425171,5865.703,66726.48,4840.6675
1759,2014-04-02,320.62738,330.9629,323.68912,322.86646,272.38913,344.72873,329.1209,292.8551,302.3718,304.9693,251.63025,320.7774,329.2658,326.34555,342.12366,329.8422,323.61703,321.39926,321.24777,306.84164,274.30444,300.06433,292.98624,295.43857,297.50272,335.02628,-127237.83,8984.961,3308.9595,-83969.64,3100.0,1500.0,150076.72,3617.3975,22473.69,138833.25,30302.832,-13.58699,5803.588,66733.71,4837.19
1760,2014-04-09,320.6471,330.9707,323.69196,322.87027,272.38892,344.79996,329.1115,292.95535,302.3735,304.9691,251.63034,320.7784,329.27142,326.3711,342.12375,329.8482,323.61966,321.4195,321.26166,306.84378,274.30444,300.0637,292.9862,295.44452,297.50232,335.02628,-127432.516,9000.842,3300.4832,-83979.36,3100.0,1500.0,149998.66,3613.4958,22505.973,139185.39,30287.352,-13.775223,5790.1943,66744.54,4833.198
1761,2014-04-16,320.65866,330.98816,323.70053,322.87927,272.3887,344.81866,329.10345,292.81454,302.3757,304.9685,251.63045,320.78113,329.29852,326.3927,342.12418,329.8635,323.62515,321.44324,321.2819,306.8465,274.30444,300.06308,292.98615,295.44498,297.50262,335.02628,-127752.43,9037.944,3300.2542,-83989.54,3100.0,1500.0,149745.31,3609.953,22554.227,139655.61,30282.475,-13.864655,5886.992,66747.24,4829.555
1762,2014-04-23,320.6898,331.0066,323.71133,322.8906,272.38855,344.81958,329.09702,292.86307,302.37842,304.97018,251.63055,320.7858,329.31696,326.4114,342.12503,329.88257,323.63336,321.47043,321.3033,306.88712,274.30444,300.06244,292.98602,295.44418,297.50302,335.02628,-128124.266,8838.011,3303.9668,-83989.555,3100.0,1500.0,149628.94,3606.7966,22711.541,140334.2,30290.383,-13.929512,5788.9097,66748.18,4826.754
1763,2014-04-30,320.72238,331.02142,323.7203,322.89993,272.3884,344.86487,329.09222,293.24222,302.38138,304.97208,251.63066,320.79156,329.3281,326.4281,342.1259,329.89777,323.64517,321.4949,321.3146,306.90927,274.30444,300.06183,292.9859,295.4483,297.50357,335.02628,-128379.88,8740.887,3292.4736,-84001.88,3100.0,1500.0,149559.22,3604.1704,22806.82,140649.81,30278.846,-14.196266,5659.126,66767.13,4824.163
1764,2014-05-07,320.71365,331.02374,323.7225,322.90137,272.38828,344.9285,329.08896,293.43164,302.38452,304.9694,251.63077,320.79642,329.3128,326.40488,342.1265,329.90604,323.657,321.48288,321.2902,306.85556,274.30444,300.06125,292.98572,295.45377,297.5047,335.02628,-128192.65,9017.604,3280.7507,-84020.5,3100.0,1500.0,149699.48,3602.2583,22572.092,139686.03,30251.8,-14.445366,5611.7495,66784.46,4821.838
1765,2014-05-14,320.71667,331.0304,323.7223,322.90152,272.3882,344.97507,329.08725,293.36972,302.38797,304.96912,251.63087,320.79816,329.3325,326.4271,342.12674,329.91327,323.66187,321.49136,321.31137,306.88593,274.30444,300.0607,292.9855,295.45847,297.5062,335.02628,-128398.664,8880.728,3273.3208,-84038.2,3100.0,1500.0,149491.39,3600.8584,22686.24,140418.05,30245.951,-14.620987,5686.634,66795.164,4820.211
1766,2014-05-21,320.7393,331.04218,323.73038,322.91043,272.38815,345.01425,329.0871,293.2562,302.39194,304.97122,251.63095,320.80203,329.34665,326.44458,342.12714,329.9268,323.6679,321.5125,321.33087,306.90887,274.30444,300.06018,292.98526,295.4614,297.50793,335.02628,-128717.41,8776.221,3268.6782,-84047.24,3100.0,1500.0,149420.94,3599.9036,22782.453,140958.45,30242.785,-14.720772,5706.5186,66800.78,4819.611
1767,2014-05-28,320.76526,331.05524,323.73868,322.9191,272.38815,345.03897,329.08844,293.38962,302.3962,304.9734,251.63101,320.8073,329.36215,326.4606,342.12762,329.94043,323.67773,321.53384,321.34326,306.93076,274.30444,300.05975,292.985,295.46564,297.50992,335.02628,-128974.88,8677.944,3257.4165,-84058.72,3100.0,1500.0,149292.23,3599.5403,22874.28,141332.03,30233.22,-14.907532,5637.9136,66815.73,4819.5723
1768,2014-06-04,320.75674,331.05542,323.7417,322.92114,272.3882,345.059,329.09113,293.54907,302.40063,304.9717,251.63107,320.8122,329.35138,326.43613,342.12817,329.94446,323.6886,321.52527,321.3234,306.88376,274.30444,300.05957,292.98468,295.46924,297.51224,335.02628,-128829.53,8921.216,3245.8074,-84076.56,3100.0,1500.0,149431.83,3599.848,22670.998,140484.25,30210.498,-15.118752,5589.0625,66833.02,4819.6167
1769,2014-06-11,320.7617,331.0599,323.74036,322.92062,272.38828,345.07825,329.0949,293.55817,302.4051,304.9724,251.63113,320.81424,329.3573,326.4598,342.1283,329.94727,323.6939,321.52823,321.33862,306.9132,274.30444,300.05942,292.98438,295.47278,297.5145,335.02628,-128979.01,8754.227,3237.6794,-84092.98,3100.0,1500.0,149319.33,3600.6025,22763.031,141094.6,30208.041,-15.271576,5611.9272,66844.44,4819.6636
1770,2014-06-18,320.76547,331.06845,323.74506,322.92572,272.3884,345.091,329.0996,293.3862,302.40958,304.97296,251.63118,320.8176,329.36258,326.4629,342.12857,329.9572,323.69904,321.5385,321.34424,306.89362,274.30444,300.0593,292.98404,295.47678,297.51678,335.02628,-129109.766,8840.046,3230.8293,-84104.15,3100.0,1500.0,149267.48,3601.7476,22711.328,141094.08,30196.402,-15.343956,5704.331,66850.06,4819.651
1771,2014-06-25,320.78854,331.07764,323.7497,322.93088,272.38855,345.09863,329.105,293.3675,302.41406,304.97568,251.63124,320.82123,329.37445,326.4788,342.12894,329.96707,323.70486,321.55737,321.36023,306.9437,274.30444,300.05917,292.9837,295.48175,297.5191,335.02628,-129344.74,8637.149,3220.2664,-84110.91,3100.0,1500.0,149170.28,3603.2236,22897.732,141675.06,30192.734,-15.431076,5663.4272,66859.93,4819.455
1772,2014-07-02,320.7955,331.08084,323.75354,322.9342,272.38873,345.10068,329.11102,293.56076,302.41833,304.97644,251.6313,320.82535,329.37363,326.46793,342.12933,329.97177,323.7132,321.56375,321.3512,306.92355,274.30444,300.0592,292.98337,295.4856,297.52176,335.02628,-129319.48,8759.88,3204.9412,-84128.47,3100.0,1500.0,149212.14,3605.0479,22821.105,141255.61,30172.783,-15.62677,5597.2407,66880.14,4819.043
1773,2014-07-09,320.7821,331.08023,323.75177,322.93265,272.38895,345.0866,329.11743,293.62643,302.4223,304.97525,251.63136,320.8276,329.36243,326.46863,342.12952,329.97363,323.7183,321.5511,321.34805,306.90027,274.30444,300.05942,292.98303,295.48694,297.52444,335.02628,-129275.23,8884.801,3197.5107,-84146.484,3100.0,1500.0,149269.1,3607.193,22695.285,141016.28,30160.932,-15.755745,5586.0444,66892.49,4818.532
1774,2014-07-16,320.78558,331.08444,323.7522,322.93332,272.3892,345.0927,329.12405,293.38037,302.42612,304.97644,251.63142,320.82916,329.372,326.47693,342.12958,329.9751,323.7207,321.5576,321.35413,306.92502,274.30444,300.05972,292.9827,295.48697,297.52673,335.02628,-129350.875,8768.606,3197.0464,-84156.87,3100.0,1500.0,149162.73,3609.4243,22788.854,141333.61,30168.408,-15.74791,5741.9116,66891.27,4818.3027
1775,2014-07-23,320.81046,331.09134,323.7569,322.93872,272.38947,345.09293,329.1307,293.255,302.42972,304.9796,251.63148,320.8317,329.38382,326.49097,342.12976,329.98276,323.72366,321.57877,321.3731,306.95752,274.30444,300.06006,292.9824,295.49023,297.52875,335.02628,-129609.164,8611.234,3193.4473,-84153.24,3100.0,1500.0,149089.56,3611.683,22927.79,141929.39,30169.94,-15.711487,5708.877,66890.67,4818.377
1776,2014-07-30,320.8309,331.09848,323.76297,322.94504,272.38974,345.1029,329.1373,293.50412,302.43298,304.98215,251.63153,320.83572,329.39368,326.49896,342.13007,329.99146,323.72906,321.5963,321.38156,306.9646,274.30444,300.0605,292.9821,295.4954,297.5311,335.02628,-129792.97,8594.393,3174.9878,-84165.73,3100.0,1500.0,149039.92,3614.0361,22967.482,142105.88,30152.693,-15.890915,5622.7744,66911.27,4818.529
1777,2014-08-06,320.81204,331.093,323.76144,322.94266,272.39005,345.1222,329.14383,293.48843,302.43576,304.9803,251.63158,320.83896,329.36417,326.46954,342.1303,329.99,323.73428,321.57275,321.34903,306.9073,274.30444,300.06097,292.9818,295.49484,297.53372,335.02628,-129468.48,8870.23,3169.415,-84181.94,3100.0,1500.0,149271.11,3616.5376,22698.822,140925.08,30139.984,-15.956032,5663.8613,66919.734,4818.6934
1778,2014-08-13,320.8115,331.0933,323.75815,322.93915,272.39035,345.14078,329.1503,293.28683,302.43826,304.98105,251.63162,320.83862,329.39,326.4886,342.13016,329.98596,323.73337,321.575,321.36386,306.94446,274.30444,300.0615,292.98157,295.4948,297.53577,335.02628,-129556.76,8686.979,3170.9248,-84186.01,3100.0,1500.0,149041.66,3618.9517,22835.639,141623.83,30150.912,-15.899368,5752.8135,66915.96,4818.8716
1779,2014-08-20,320.83148,331.09778,323.7654,322.94614,272.39066,345.1579,329.15677,293.28375,302.44052,304.98386,251.63167,320.84042,329.41016,326.4942,342.13022,329.99176,323.7356,321.59634,321.37894,306.96423,274.30444,300.06195,292.98135,295.49658,297.53754,335.02628,-129788.6,8606.467,3166.28,-84185.08,3100.0,1500.0,148991.06,3621.2407,22939.562,142046.1,30149.621,-15.896751,5704.358,66918.945,4819.1216
1780,2014-08-27,320.8484,331.10376,323.77127,322.9522,272.39096,345.1699,329.1633,293.48126,302.4424,304.98587,251.6317,320.8437,329.4172,326.50635,342.1304,329.99826,323.74057,321.61212,321.38785,306.97104,274.30444,300.0624,292.98117,295.4996,297.5394,335.02628,-129968.65,8588.202,3153.1648,-84194.84,3100.0,1500.0,148962.89,3623.5881,22977.16,142254.14,30138.775,-16.01799,5634.6875,66933.305,4820.0195
1781,2014-09-03,320.83865,331.1018,323.76923,322.95032,272.39127,345.17258,329.16992,293.57495,302.444,304.9848,251.63173,320.84656,329.37793,326.48706,342.13058,330.0004,323.74554,321.599,321.35928,306.9328,274.3044,300.06287,292.98102,295.4996,297.54135,335.02628,-129691.1,8777.451,3146.8948,-84207.85,3100.0,1500.0,149198.86,3626.055,22800.756,141268.89,30128.254,-16.103554,5608.683,66942.54,4819.95
1782,2014-09-10,320.83698,331.09845,323.764,322.94592,272.39157,345.1831,329.17657,293.53705,302.44543,304.9856,251.63171,320.8465,329.38617,326.48962,342.13052,329.9971,323.74557,321.5977,321.37814,306.95392,274.3044,300.0633,292.9809,295.50238,297.54303,335.02628,-129805.37,8664.064,3141.786,-84216.35,3100.0,1500.0,149090.88,3628.4858,22866.768,141837.16,30127.578,-16.150764,5649.4014,66947.12,4823.0728
1783,2014-09-17,320.8425,331.0996,323.76495,322.94733,272.39188,345.19458,329.18335,293.38956,302.44693,304.987,251.63167,320.84778,329.38248,326.49356,342.13043,329.99655,323.748,321.60583,321.37772,306.95557,274.3044,300.0638,292.98083,295.49982,297.54465,335.02628,-129833.78,8672.484,3142.5974,-84219.62,3100.0,1500.0,149108.64,3630.8838,22884.541,141801.67,30132.504,-16.122826,5709.303,66944.84,4825.394
1784,2014-09-24,320.8538,331.104,323.76627,322.9495,272.39218,345.20416,329.19006,293.4109,302.44846,304.98843,251.63164,320.84927,329.38452,326.50436,342.13046,330.00095,323.75128,321.6189,321.39035,306.96976,274.3044,300.06433,292.9808,295.49863,297.5459,335.02628,-129987.68,8613.156,3142.8303,-84216.87,3100.0,1500.0,149062.66,3633.3164,22952.252,142143.05,30137.182,-16.108902,5660.553,66943.47,4826.751
1785,2014-10-01,320.8394,331.1046,323.76865,322.95187,272.3925,345.21472,329.19672,293.3895,302.4498,304.9869,251.63162,320.85156,329.38605,326.5013,342.1306,330.00452,323.75577,321.6181,321.38788,306.92444,274.3044,300.06485,292.98077,295.49805,297.54688,335.02628,-130005.4,8876.075,3141.6697,-84219.39,3100.0,1500.0,149079.8,3635.8264,22795.537,141763.8,30126.662,-16.116661,5715.3486,66943.984,4827.798
1786,2014-10-08,320.8153,331.096,323.76392,322.94632,272.39276,345.225,329.20334,293.25818,302.45093,304.98483,251.6316,320.8524,329.35742,326.47464,342.13058,329.99734,323.75854,321.58936,321.3573,306.89697,274.3044,300.0653,292.98083,295.49893,297.54755,335.02628,-129647.6,8972.697,3143.1785,-84214.51,3100.0,1500.0,149285.83,3638.3584,22627.248,140869.39,30125.955,-16.043297,5738.406,66938.57,4828.7935
1787,2014-10-15,320.81595,331.09564,323.75906,322.94208,272.39304,345.23444,329.20993,293.28006,302.4518,304.98654,251.63158,320.85046,329.37048,326.49258,342.1303,329.9935,323.75647,321.5908,321.37518,306.93475,274.3044,300.06586,292.9809,295.49863,297.54813,335.02628,-129749.42,8775.413,3140.7427,-84214.1,3100.0,1500.0,149119.78,3640.7534,22774.574,141615.34,30133.408,-16.04367,5730.375,66940.5,4829.9556
1788,2014-10-22,320.79745,331.09457,323.759,322.942,272.39328,345.24313,329.2165,292.91245,302.4524,304.98505,251.63153,320.85043,329.35056,326.48138,342.13028,329.99237,323.75717,321.58408,321.3562,306.88232,274.3044,300.06644,292.981,295.4962,297.54868,335.02628,-129568.125,9069.281,3146.8945,-84211.2,3100.0,1500.0,149274.8,3643.1897,22595.73,140809.1,30131.682,-15.881248,5948.669,66927.805,4831.546
1789,2014-10-29,320.7758,331.0898,323.75345,322.93604,272.39352,345.24463,329.22305,292.31717,302.4526,304.98337,251.63147,320.8487,329.3428,326.46768,342.13016,329.98828,323.75507,321.55795,321.345,306.8703,274.3044,300.067,292.98114,295.48932,297.54865,335.02628,-129378.0,9085.389,3167.789,-84187.24,3100.0,1500.0,149295.61,3645.66,22499.42,140557.89,30156.77,-15.485146,6142.6787,66896.445,4833.7686
1790,2014-11-05,320.7625,331.07013,323.74603,322.92767,272.3937,345.20383,329.22952,292.40207,302.45212,304.98315,251.63138,320.8458,329.32294,326.43448,342.12988,329.97543,323.75067,321.5397,321.32675,306.87234,274.3044,300.06754,292.9813,295.48367,297.54782,335.02628,-129071.34,9043.559,3179.0508,-84160.09,3100.0,1500.0,149533.5,3648.051,22491.203,140095.81,30172.494,-15.270088,5979.176,66883.55,4836.3027
1791,2014-11-12,320.7876,331.06888,323.74304,322.9254,272.39386,345.13962,329.23578,292.86118,302.4505,304.98697,251.63129,320.8421,329.3498,326.46957,342.12912,329.9664,323.74454,321.56165,321.3551,306.9344,274.3044,300.06805,292.9815,295.48865,297.54666,335.02628,-129299.69,8732.813,3165.1194,-84158.03,3100.0,1500.0,149274.25,3650.3176,22770.578,141258.23,30170.582,-15.348305,5830.287,66896.9,4838.716
1792,2014-11-19,320.7792,331.07016,323.74527,322.92828,272.39398,345.11404,329.2415,292.48288,302.4479,304.9862,251.6312,320.84204,329.32095,326.45056,342.129,329.96628,323.74448,321.56772,321.34357,306.87616,274.3044,300.0686,292.98172,295.48465,297.54626,335.02628,-129226.305,9079.317,3169.0676,-84162.72,3100.0,1500.0,149500.84,3652.6316,22596.291,140473.1,30167.068,-15.17144,6118.02,66885.35,4840.6016
1793,2014-11-26,320.76865,331.05545,323.7375,322.92047,272.39404,345.08328,329.2464,291.51883,302.44498,304.98495,251.63112,320.8405,329.30112,326.42337,342.12885,329.9589,323.74283,321.55145,321.3323,306.87762,274.3044,300.06906,292.98196,295.4725,297.54535,335.02628,-129017.02,9030.179,3205.0566,-84129.85,3100.0,1500.0,149664.14,3654.8389,22557.244,140171.03,30212.54,-14.554947,6476.4097,66833.87,4841.986
1794,2014-12-03,320.73544,331.03152,323.72626,322.90762,272.39404,345.0518,329.25024,291.03412,302.4416,304.98117,251.63103,320.83646,329.27808,326.3985,342.1281,329.94092,323.73624,321.51105,321.28412,306.82178,274.3044,300.06946,292.98224,295.46115,297.5433,335.02628,-128391.98,9274.68,3237.3315,-84078.11,3100.0,1500.0,149886.47,3656.818,22306.072,138873.69,30239.916,-13.976921,6552.7363,66789.766,4843.1514
1795,2014-12-10,320.7487,331.02548,323.721,322.9034,272.39404,345.0128,329.25278,291.48773,302.43698,304.98373,251.63095,320.83026,329.30045,326.42618,342.12708,329.92947,323.72528,321.5246,321.32825,306.89987,274.3044,300.06973,292.98254,295.4627,297.54037,335.02628,-128701.336,8868.384,3236.7534,-84043.41,3100.0,1500.0,149685.88,3658.2737,22636.44,140450.03,30251.758,-13.806473,6233.3833,66786.42,4844.2017
1796,2014-12-17,320.74585,331.02658,323.72467,322.90686,272.39395,344.97977,329.25378,291.91718,302.43088,304.98392,251.63087,320.8288,329.29132,326.42902,342.12665,329.91907,323.72275,321.52246,321.30133,306.8523,274.3044,300.07004,292.98282,295.462,297.5382,335.02628,-128509.52,9115.612,3225.026,-84049.7,3100.0,1500.0,149786.0,3659.3179,22478.97,139611.5,30235.424,-13.845978,6195.811,66799.18,4845.231
1797,2014-12-24,320.72394,331.0123,323.71793,322.89948,272.39377,344.9606,329.25308,291.33374,302.424,304.98132,251.63078,320.82562,329.26178,326.39603,342.12637,329.9076,323.71927,321.50763,321.2823,306.83215,274.3044,300.0703,292.98315,295.45477,297.53625,335.02628,-128198.336,9216.505,3246.504,-84038.42,3100.0,1500.0,150027.03,3659.981,22402.166,138969.97,30258.178,-13.441269,6500.0747,66767.414,4846.3984
1798,2014-12-31,320.68396,330.9962,323.7049,322.88684,272.39352,344.93195,329.25073,290.59378,302.41702,304.9768,251.63068,320.82034,329.2284,326.37695,342.12576,329.89478,323.71265,321.47467,321.26465,306.7769,274.3044,300.0704,292.98346,295.44275,297.53357,335.02628,-127847.9,9473.653,3282.3735,-83997.34,3100.0,1500.0,150192.97,3660.0686,22171.082,138262.9,30287.73,-12.840263,6748.38,66718.39,4847.7236
1799,2015-01-07,320.6857,330.99466,323.69647,322.8805,272.39328,344.89847,329.24683,290.69666,302.40982,304.97772,251.63058,320.81467,329.21744,326.39154,342.12518,329.89017,323.70337,321.47247,321.28366,306.83255,274.3044,300.0704,292.9838,295.43842,297.52985,335.02628,-127927.75,9158.33,3299.788,-83951.38,3100.0,1500.0,150088.83,3659.401,22380.139,139098.6,30314.55,-12.50177,6521.7427,66696.26,4848.9033
1800,2015-01-14,320.69275,330.99582,323.69882,322.87988,272.39294,344.86472,329.24146,291.49673,302.40198,304.97812,251.6305,320.81134,329.25543,326.36884,342.12524,329.8844,323.69766,321.48288,321.26266,306.8234,274.3044,300.07037,292.98413,295.44122,297.52643,335.02628,-127708.29,9230.076,3284.811,-83946.77,3100.0,1500.0,149871.64,3658.158,22404.03,138617.56,30296.15,-12.638603,6224.979,66716.164,4849.612
1801,2015-01-21,320.62555,330.9859,323.6874,322.86713,272.39258,344.83014,329.23456,291.89673,302.3938,304.97028,251.63042,320.80597,329.184,326.3174,342.12537,329.86948,323.6887,321.41843,321.2081,306.6925,274.3044,300.07025,292.98444,295.43997,297.5238,335.02628,-126985.0,9849.536,3282.4902,-83959.31,3100.0,1500.0,150357.42,3656.6401,21840.414,136553.84,30268.518,-12.730789,6128.032,66726.19,4849.605
1802,2015-01-28,320.57156,330.96353,323.666,322.84647,272.39215,344.79254,329.22607,292.02835,302.38617,304.96637,251.63036,320.79602,329.14508,326.2951,342.125,329.8515,323.66968,321.36395,321.19766,306.70062,274.3044,300.06995,292.98474,295.43744,297.52084,335.02628,-126564.586,9732.877,3291.4287,-83962.984,3100.0,1500.0,150542.17,3654.44,21798.54,136452.52,30280.846,-12.751411,6100.7544,66723.25,4849.092
1803,2015-02-04,320.53952,330.94632,323.6562,322.83716,272.39175,344.76483,329.216,292.08963,302.37982,304.96475,251.63031,320.78665,329.15152,326.3034,342.12408,329.8358,323.6485,321.34323,321.1974,306.69092,274.3044,300.0695,292.98505,295.4363,297.5176,335.02628,-126419.36,9773.5205,3298.0469,-83960.625,3100.0,1500.0,150505.58,3651.509,21783.273,136595.28,30283.248,-12.785294,6088.921,66718.95,4848.3228
1804,2015-02-11,320.5991,330.95657,323.66644,322.84744,272.39133,344.7552,329.2048,292.23648,302.37503,304.97217,251.63026,320.78125,329.22913,326.3607,342.12335,329.83856,323.63358,321.3956,321.25305,306.83875,274.3044,300.06897,292.98532,295.4399,297.51453,335.02628,-127056.125,9021.987,3294.4473,-83957.984,3100.0,1500.0,150007.69,3647.8171,22416.21,138962.0,30306.645,-12.89415,6015.749,66721.914,4847.446
1805,2015-02-18,320.58667,330.96042,323.67578,322.85495,272.39096,344.74747,329.19293,292.3684,302.37173,304.96915,251.63023,320.7818,329.19397,326.32764,342.12347,329.84515,323.63214,321.3793,321.20062,306.7185,274.3044,300.06845,292.98557,295.43893,297.51257,335.02628,-126661.55,9647.944,3291.8926,-83964.97,3100.0,1500.0,150416.6,3643.986,21975.945,136918.19,30278.81,-13.043861,5997.4624,66728.44,4846.5986
1806,2015-02-25,320.54123,330.9502,323.66776,322.84586,272.3906,344.74075,329.18057,292.33426,302.36978,304.96365,251.6302,320.7774,329.19446,326.3183,342.12335,329.8376,323.62503,321.33215,321.19174,306.6953,274.3044,300.06784,292.98578,295.43677,297.5106,335.02628,-126433.15,9711.422,3302.225,-83964.72,3100.0,1500.0,150392.88,3640.0088,21817.438,136761.83,30283.521,-13.075592,6016.409,66722.58,4845.8276
1807,2015-03-04,320.53564,330.9433,323.66525,322.84308,272.39026,344.76645,329.16803,292.37637,302.369,304.96387,251.63019,320.7729,329.2002,326.31366,342.12302,329.831,323.6151,321.329,321.2003,306.73718,274.3044,300.06714,292.98596,295.43524,297.50827,335.02628,-126448.664,9483.536,3310.3542,-83960.01,3100.0,1500.0,150373.17,3635.559,21985.514,137230.48,30297.475,-13.125328,5984.715,66718.555,4845.0273
1808,2015-03-11,320.5858,330.954,323.6721,322.85098,272.38995,344.77646,329.15558,292.40936,302.36896,304.96872,251.63016,320.771,329.24164,326.3541,342.1229,329.83536,323.60956,321.37796,321.2451,306.82593,274.30444,300.0664,292.9861,295.43866,297.5061,335.02628,-126976.03,9065.051,3308.262,-83958.68,3100.0,1500.0,150053.66,3630.856,22401.402,138833.08,30307.662,-13.214668,5995.539,66719.85,4844.0854
1809,2015-03-18,320.5913,330.96436,323.68454,322.8639,272.38968,344.74466,329.1436,292.46658,302.3695,304.96808,251.63016,320.77402,329.24924,326.3672,342.12335,329.84216,323.61307,321.37418,321.2477,306.7703,274.30444,300.06577,292.9862,295.4373,297.50485,335.02628,-127201.33,9329.353,3309.656,-83959.49,3100.0,1500.0,150090.22,3626.3296,22175.24,138572.84,30295.248,-13.294899,5946.9893,66721.82,4842.8555
1810,2015-03-25,320.60226,330.96216,323.6885,322.8667,272.3894,344.71216,329.13226,292.67218,302.37048,304.9685,251.63017,320.77652,329.25504,326.3513,342.12366,329.84448,323.6158,321.372,321.24307,306.81607,274.30444,300.06506,292.98627,295.43655,297.5037,335.02628,-127199.3,9071.586,3311.6284,-83963.2,3100.0,1500.0,150123.89,3621.9583,22320.018,138668.95,30305.893,-13.4255295,5865.711,66726.59,4840.661
1811,2015-04-01,320.62738,330.9629,323.68912,322.86646,272.38916,344.7305,329.12183,292.85513,302.3718,304.9694,251.63023,320.7774,329.2658,326.34555,342.12366,329.8422,323.61703,321.39926,321.2478,306.84167,274.30444,300.0644,292.9863,295.4386,297.50275,335.02628,-127237.86,8984.884,3308.6118,-83969.66,3100.0,1500.0,150076.7,3617.7356,22473.672,138833.28,30302.783,-13.587479,5803.5967,66733.836,4837.183
1812,2015-04-08,320.6471,330.9707,323.69196,322.87027,272.38892,344.8017,329.11243,292.95538,302.3735,304.9692,251.63034,320.7784,329.27142,326.3711,342.12375,329.8482,323.61966,321.41953,321.26166,306.8438,274.30444,300.06375,292.98627,295.44455,297.50235,335.02628,-127432.55,9000.804,3300.0193,-83979.48,3100.0,1500.0,149998.66,3613.8318,22505.955,139185.42,30287.3,-13.775558,5790.2036,66744.66,4833.1914
1813,2015-04-15,320.65866,330.98816,323.70053,322.87927,272.38873,344.82037,329.10437,292.81454,302.3757,304.9686,251.63045,320.78113,329.29852,326.3927,342.12418,329.8635,323.62515,321.44324,321.2819,306.84653,274.30444,300.0631,292.9862,295.44498,297.50266,335.02628,-127752.43,9037.905,3300.0212,-83989.63,3100.0,1500.0,149745.31,3610.2876,22554.209,139655.62,30282.424,-13.86496,5887.0005,66747.35,4829.55
1814,2015-04-22,320.68982,331.0066,323.71133,322.8906,272.38855,344.8213,329.09793,292.8631,302.37842,304.9703,251.63055,320.7858,329.31696,326.4114,342.12503,329.88257,323.63336,321.47043,321.3033,306.88712,274.30444,300.0625,292.98608,295.4442,297.50305,335.02628,-128124.266,8837.895,3303.6182,-83989.66,3100.0,1500.0,149628.94,3607.13,22711.525,140334.23,30290.332,-13.929863,5788.917,66748.3,4826.7476
1815,2015-04-29,320.72238,331.02142,323.7203,322.89993,272.3884,344.86655,329.09314,293.24225,302.38138,304.97217,251.63066,320.79156,329.3281,326.4281,342.1259,329.89777,323.64517,321.4949,321.3146,306.9093,274.30444,300.0619,292.98593,295.4483,297.5036,335.02628,-128379.93,8740.809,3292.126,-84001.9,3100.0,1500.0,149559.22,3604.5027,22806.807,140649.83,30278.8,-14.196701,5659.134,66767.24,4824.1562
1816,2015-05-06,320.71368,331.02374,323.7225,322.90137,272.3883,344.9302,329.08984,293.43167,302.38452,304.96948,251.63077,320.79642,329.3128,326.40488,342.1265,329.90604,323.657,321.48288,321.2902,306.85556,274.30444,300.06128,292.98575,295.4538,297.50473,335.02628,-128192.71,9017.604,3280.4023,-84020.766,3100.0,1500.0,149699.48,3602.5898,22572.076,139686.05,30251.752,-14.445618,5611.758,66784.57,4821.8315
1817,2015-05-13,320.71667,331.0304,323.7223,322.90152,272.3882,344.97675,329.08817,293.36972,302.38797,304.9692,251.63087,320.79816,329.3325,326.4271,342.12674,329.91327,323.66187,321.49136,321.31137,306.88596,274.30444,300.06073,292.98553,295.4585,297.5062,335.02628,-128398.71,8880.688,3272.9722,-84038.32,3100.0,1500.0,149491.39,3601.188,22686.225,140418.08,30245.902,-14.6213,5686.641,66795.266,4820.204
1818,2015-05-20,320.7393,331.04218,323.73038,322.91046,272.38818,345.01593,329.088,293.25623,302.39194,304.9713,251.63095,320.80203,329.34665,326.44458,342.12714,329.9268,323.6679,321.5125,321.33087,306.9089,274.30444,300.0602,292.9853,295.46143,297.50797,335.02628,-128717.42,8776.182,3268.3296,-84047.305,3100.0,1500.0,149420.95,3600.2324,22782.44,140958.47,30242.742,-14.7211,5706.526,66800.88,4819.6035
1819,2015-05-27,320.76526,331.05524,323.73868,322.9191,272.38818,345.04062,329.08932,293.38965,302.39624,304.97348,251.63101,320.8073,329.36215,326.4606,342.12762,329.94043,323.67773,321.53387,321.34326,306.93076,274.30444,300.0598,292.98502,295.46567,297.50995,335.02628,-128974.91,8677.906,3257.3003,-84058.83,3100.0,1500.0,149292.23,3599.8682,22874.266,141332.05,30233.174,-14.907913,5637.9204,66815.836,4819.566
1820,2015-06-03,320.75674,331.05542,323.7417,322.92114,272.3882,345.06064,329.092,293.5491,302.40063,304.9718,251.63107,320.8122,329.35138,326.43613,342.12817,329.94446,323.6886,321.52527,321.3234,306.8838,274.30444,300.0596,292.98474,295.46924,297.51227,335.02628,-128829.53,8921.177,3245.4602,-84076.76,3100.0,1500.0,149431.83,3600.175,22670.982,140484.27,30210.455,-15.119087,5589.07,66833.125,4819.6104
1821,2015-06-10,320.76172,331.0599,323.74036,322.92062,272.3883,345.0799,329.0958,293.55817,302.4051,304.9725,251.63113,320.81424,329.3573,326.45984,342.1283,329.94727,323.6939,321.52823,321.33862,306.9132,274.30444,300.05948,292.9844,295.47278,297.51453,335.02628,-128979.01,8754.109,3237.5637,-84093.15,3100.0,1500.0,149319.31,3600.9285,22763.014,141094.6,30207.998,-15.271797,5611.934,66844.53,4819.6577
1822,2015-06-17,320.76547,331.06845,323.74506,322.92572,272.3884,345.09262,329.1005,293.38623,302.4096,304.97308,251.63118,320.8176,329.36258,326.4629,342.12857,329.95724,323.69904,321.5385,321.34424,306.89362,274.30444,300.05933,292.9841,295.47678,297.5168,335.02628,-129109.766,8839.932,3230.4807,-84104.28,3100.0,1500.0,149267.48,3602.072,22711.314,141094.11,30196.36,-15.344345,5704.337,66850.16,4819.645
1823,2015-06-24,320.78854,331.07764,323.7497,322.93088,272.38855,345.10025,329.1059,293.36752,302.41406,304.97577,251.63124,320.82123,329.37445,326.4788,342.12894,329.96707,323.70486,321.55737,321.36023,306.94373,274.30444,300.0592,292.98376,295.48175,297.51913,335.02628,-129344.74,8637.11,3220.1501,-84110.94,3100.0,1500.0,149170.25,3603.5474,22897.72,141675.08,30192.691,-15.4314575,5663.4336,66860.03,4819.449
1824,2015-07-01,320.7955,331.08084,323.75354,322.9342,272.38876,345.1023,329.1119,293.5608,302.41833,304.97653,251.6313,320.82535,329.37363,326.46793,342.12933,329.97177,323.7132,321.56375,321.3512,306.92355,274.30444,300.05923,292.98343,295.48563,297.5218,335.02628,-129319.5,8759.804,3204.7087,-84128.56,3100.0,1500.0,149212.12,3605.3716,22821.092,141255.64,30172.74,-15.627182,5597.2476,66880.24,4819.0376
1825,2015-07-08,320.7821,331.08023,323.75177,322.93265,272.38898,345.0882,329.11832,293.62646,302.42233,304.97534,251.63136,320.8276,329.36243,326.46863,342.12952,329.97363,323.7183,321.5511,321.34805,306.90027,274.30444,300.05945,292.9831,295.48697,297.52448,335.02628,-129275.23,8884.724,3197.3945,-84146.625,3100.0,1500.0,149269.1,3607.5173,22695.273,141016.3,30160.89,-15.756058,5586.051,66892.586,4818.5264
1826,2015-07-15,320.78558,331.08444,323.7522,322.93332,272.3892,345.09433,329.12494,293.38037,302.42612,304.97653,251.63142,320.82916,329.372,326.47693,342.12958,329.97513,323.7207,321.5576,321.35413,306.92505,274.30444,300.05978,292.98276,295.48697,297.52676,335.02628,-129350.875,8768.53,3196.9307,-84156.94,3100.0,1500.0,149162.73,3609.7485,22788.838,141333.64,30168.367,-15.748245,5741.9185,66891.37,4818.2964
1827,2015-07-22,320.81046,331.09134,323.7569,322.93872,272.38947,345.0945,329.1316,293.25504,302.42975,304.9797,251.63148,320.8317,329.38382,326.49097,342.12976,329.98276,323.72366,321.57877,321.3731,306.95752,274.30444,300.0601,292.98245,295.49026,297.52878,335.02628,-129609.19,8611.157,3193.099,-84153.44,3100.0,1500.0,149089.55,3612.0068,22927.775,141929.39,30169.9,-15.711777,5708.884,66890.766,4818.371
1828,2015-07-29,320.8309,331.09848,323.76297,322.94504,272.38977,345.10446,329.13818,293.50415,302.43298,304.98224,251.63153,320.83572,329.39368,326.49896,342.13007,329.99146,323.72906,321.5963,321.38156,306.9646,274.30444,300.06052,292.98215,295.49542,297.5311,335.02628,-129793.04,8594.354,3174.872,-84165.77,3100.0,1500.0,149039.92,3614.359,22967.47,142105.89,30152.65,-15.891212,5622.7803,66911.37,4818.5244
1829,2015-08-05,320.81204,331.093,323.76144,322.94266,272.39005,345.12378,329.14468,293.48843,302.43576,304.98038,251.63158,320.83896,329.36417,326.46954,342.1303,329.99,323.73428,321.57275,321.34903,306.9073,274.30444,300.061,292.98187,295.49487,297.53372,335.02628,-129468.555,8870.191,3169.067,-84182.03,3100.0,1500.0,149271.11,3616.86,22698.807,140925.1,30139.947,-15.956306,5663.867,66919.83,4818.6885
1830,2015-08-12,320.8115,331.0933,323.75815,322.93915,272.39035,345.14233,329.15115,293.28683,302.43826,304.98114,251.63162,320.83862,329.39,326.4886,342.13016,329.98596,323.73337,321.575,321.36386,306.94446,274.30444,300.06152,292.98163,295.4948,297.5358,335.02628,-129556.78,8686.979,3170.6924,-84186.03,3100.0,1500.0,149041.64,3619.2734,22835.625,141623.83,30150.875,-15.899696,5752.8193,66916.04,4818.866
1831,2015-08-19,320.83148,331.09778,323.7654,322.94614,272.39066,345.15945,329.15765,293.28375,302.44052,304.98395,251.63167,320.84042,329.41016,326.4942,342.13022,329.99176,323.7356,321.59637,321.37897,306.96423,274.3044,300.06198,292.9814,295.49658,297.53757,335.02628,-129788.6,8606.467,3165.6995,-84185.11,3100.0,1500.0,148991.06,3621.562,22939.55,142046.1,30149.586,-15.896866,5704.364,66919.04,4819.1157
1832,2015-08-26,320.8484,331.10376,323.77127,322.9522,272.39096,345.17145,329.16418,293.4813,302.4424,304.98596,251.63168,320.8437,329.4172,326.50635,342.1304,329.99826,323.74057,321.61212,321.38785,306.97107,274.3044,300.06244,292.9812,295.49963,297.53943,335.02628,-129968.664,8588.163,3152.9324,-84194.98,3100.0,1500.0,148962.89,3623.9087,22977.145,142254.16,30138.74,-16.018211,5634.694,66933.4,4820.0137
1833,2015-09-02,320.83865,331.1018,323.76923,322.95032,272.39127,345.17413,329.1708,293.57495,302.444,304.9849,251.63173,320.84656,329.37793,326.48706,342.13058,330.0004,323.74557,321.599,321.35928,306.9328,274.3044,300.0629,292.98105,295.49963,297.54138,335.02628,-129691.1,8777.451,3146.6624,-84207.97,3100.0,1500.0,149198.86,3626.3745,22800.746,141268.9,30128.217,-16.103653,5608.689,66942.625,4819.9443
1834,2015-09-09,320.83698,331.09845,323.764,322.94592,272.39157,345.18466,329.17746,293.53705,302.44543,304.9857,251.6317,320.8465,329.38617,326.48962,342.13052,329.9971,323.74557,321.5977,321.37814,306.95392,274.3044,300.06332,292.98096,295.5024,297.54303,335.02628,-129805.38,8664.026,3141.0896,-84216.4,3100.0,1500.0,149090.88,3628.8044,22866.754,141837.16,30127.545,-16.150955,5649.407,66947.21,4823.0684
1835,2015-09-16,320.8425,331.0996,323.76495,322.94733,272.39188,345.19614,329.1842,293.38956,302.44693,304.9871,251.63167,320.84778,329.38248,326.49356,342.13043,329.99655,323.748,321.60583,321.37772,306.95557,274.3044,300.06384,292.98087,295.49982,297.54468,335.02628,-129833.78,8672.445,3142.1326,-84219.69,3100.0,1500.0,149108.64,3631.204,22884.531,141801.69,30132.475,-16.123062,5709.3086,66944.93,4825.3887
1836,2015-09-23,320.85382,331.104,323.76627,322.9495,272.39218,345.2057,329.19092,293.41092,302.44846,304.98853,251.63164,320.84927,329.38452,326.50436,342.13046,330.00095,323.75128,321.6189,321.39035,306.96976,274.3044,300.06436,292.98083,295.49863,297.5459,335.02628,-129987.68,8613.081,3142.5984,-84217.01,3100.0,1500.0,149062.66,3633.6372,22952.244,142143.06,30137.148,-16.109108,5660.559,66943.55,4826.7456
1837,2015-09-30,320.8394,331.1046,323.76865,322.95187,272.3925,345.21625,329.19757,293.38953,302.4498,304.987,251.63162,320.85156,329.38605,326.5013,342.1306,330.00452,323.75577,321.6181,321.38788,306.92447,274.3044,300.06488,292.98083,295.49808,297.5469,335.02628,-130005.4,8876.037,3141.4377,-84219.53,3100.0,1500.0,149079.8,3636.146,22795.523,141763.8,30126.629,-16.116966,5715.354,66944.055,4827.793
1838,2015-10-07,320.8153,331.096,323.76392,322.94632,272.3928,345.22653,329.2042,293.2582,302.45096,304.98492,251.63159,320.8524,329.35742,326.47464,342.13058,329.99734,323.75854,321.58936,321.3573,306.897,274.3044,300.06534,292.98087,295.49896,297.54758,335.02628,-129647.6,8972.584,3142.83,-84214.63,3100.0,1500.0,149285.83,3638.676,22627.238,140869.38,30125.922,-16.043556,5738.411,66938.64,4828.7886
1839,2015-10-14,320.81595,331.09564,323.75906,322.94208,272.39307,345.23593,329.2108,293.28006,302.4518,304.98663,251.63158,320.85046,329.37048,326.49258,342.1303,329.9935,323.75647,321.5908,321.37518,306.93475,274.3044,300.0659,292.98093,295.49866,297.54816,335.02628,-129749.42,8775.413,3140.2778,-84214.16,3100.0,1500.0,149119.78,3641.0686,22774.564,141615.34,30133.377,-16.043922,5730.381,66940.586,4829.951
1840,2015-10-21,320.79745,331.09457,323.759,322.942,272.3933,345.24463,329.21735,292.91245,302.4524,304.98514,251.63153,320.85043,329.35056,326.48138,342.13028,329.99237,323.75717,321.58408,321.35623,306.88232,274.3044,300.06647,292.98105,295.49622,297.5487,335.02628,-129568.125,9069.281,3146.546,-84211.37,3100.0,1500.0,149274.8,3643.504,22595.72,140809.11,30131.65,-15.881424,5948.674,66927.88,4831.54
1841,2015-10-28,320.7758,331.0898,323.75345,322.93604,272.39352,345.24612,329.22388,292.31717,302.4526,304.98346,251.63147,320.8487,329.3428,326.46768,342.13016,329.98828,323.75507,321.55795,321.345,306.87033,274.3044,300.06702,292.98117,295.48932,297.54868,335.02628,-129378.0,9085.312,3167.5571,-84187.336,3100.0,1500.0,149295.61,3645.9734,22499.408,140557.89,30156.738,-15.485397,6142.683,66896.516,4833.7627
1842,2015-11-04,320.7625,331.07013,323.74603,322.92767,272.39374,345.20532,329.23035,292.4021,302.45212,304.98325,251.63138,320.8458,329.32294,326.43448,342.12988,329.97543,323.75067,321.5397,321.32675,306.87234,274.30438,300.06754,292.98135,295.48367,297.54785,335.02628,-129071.34,9043.559,3178.7021,-84160.09,3100.0,1500.0,149533.5,3648.363,22491.193,140095.83,30172.465,-15.270287,5979.181,66883.62,4836.298
1843,2015-11-11,320.7876,331.06888,323.74304,322.9254,272.3939,345.1411,329.2366,292.86118,302.4505,304.98706,251.63129,320.8421,329.3498,326.46957,342.12912,329.9664,323.74454,321.56165,321.3551,306.9344,274.30438,300.06808,292.98154,295.48865,297.5467,335.02628,-129299.69,8732.774,3164.3079,-84158.06,3100.0,1500.0,149274.25,3650.6284,22770.568,141258.23,30170.553,-15.348564,5830.291,66896.97,4838.7104
1844,2015-11-18,320.7792,331.07016,323.74527,322.92828,272.39398,345.1155,329.24234,292.4829,302.44794,304.9863,251.6312,320.84204,329.32095,326.45056,342.129,329.96628,323.74448,321.56772,321.34357,306.87616,274.30438,300.06863,292.98175,295.48465,297.5463,335.02628,-129226.305,9079.279,3168.9514,-84162.77,3100.0,1500.0,149500.84,3652.9407,22596.283,140473.1,30167.04,-15.17173,6118.026,66885.43,4840.5967
1845,2015-11-25,320.76865,331.05545,323.7375,322.92047,272.39404,345.08475,329.24722,291.51886,302.445,304.98505,251.63112,320.8405,329.30112,326.42337,342.12885,329.9589,323.74283,321.55145,321.3323,306.87762,274.30438,300.0691,292.982,295.4725,297.54538,335.02628,-129017.1,9030.141,3204.5918,-84129.984,3100.0,1500.0,149664.14,3655.146,22557.234,140171.05,30212.51,-14.55526,6476.4146,66833.94,4841.9805
1846,2015-12-02,320.73544,331.03152,323.72626,322.90762,272.39407,345.05325,329.25107,291.03412,302.4416,304.98126,251.63103,320.83646,329.27808,326.3985,342.1281,329.94092,323.73627,321.51105,321.28415,306.82178,274.30438,300.0695,292.98227,295.46118,297.54333,335.02628,-128391.98,9274.642,3237.099,-84078.21,3100.0,1500.0,149886.47,3657.123,22306.062,138873.7,30239.89,-13.977089,6552.741,66789.84,4843.146
1847,2015-12-09,320.7487,331.02548,323.721,322.9034,272.39404,345.01425,329.2536,291.48773,302.43698,304.98383,251.63095,320.83026,329.30045,326.42618,342.12708,329.92947,323.72528,321.5246,321.32825,306.89987,274.30438,300.06976,292.98257,295.46274,297.5404,335.02628,-128701.336,8868.384,3236.4048,-84043.45,3100.0,1500.0,149685.88,3658.577,22636.428,140450.05,30251.73,-13.806679,6233.388,66786.484,4844.197
1848,2015-12-16,320.74585,331.02658,323.72467,322.90686,272.39395,344.9812,329.2546,291.9172,302.4309,304.984,251.63086,320.8288,329.29132,326.42902,342.12665,329.91907,323.72275,321.52246,321.30133,306.85233,274.30438,300.07007,292.98288,295.46204,297.53824,335.02628,-128509.54,9115.612,3224.9102,-84049.734,3100.0,1500.0,149786.0,3659.619,22478.957,139611.53,30235.395,-13.846245,6195.8154,66799.26,4845.2266
1849,2015-12-23,320.72394,331.0123,323.71793,322.89948,272.39377,344.96207,329.25388,291.33374,302.424,304.9814,251.63078,320.82562,329.26178,326.39603,342.12637,329.9076,323.71927,321.50763,321.2823,306.83215,274.30438,300.0703,292.9832,295.4548,297.53625,335.02628,-128198.336,9216.351,3246.2715,-84038.52,3100.0,1500.0,150027.03,3660.28,22402.156,138969.98,30258.154,-13.441444,6500.0796,66767.48,4846.3945
1850,2015-12-30,320.68396,330.9962,323.7049,322.88684,272.39355,344.9334,329.25153,290.59378,302.41702,304.9769,251.63068,320.82034,329.2284,326.37695,342.12576,329.89478,323.71268,321.4747,321.26465,306.7769,274.30438,300.07043,292.9835,295.44278,297.5336,335.02628,-127847.9,9473.575,3282.2578,-83997.375,3100.0,1500.0,150192.95,3660.3657,22171.068,138262.9,30287.703,-12.840439,6748.385,66718.45,4847.719
1851,2016-01-06,320.72092,330.95938,323.69986,322.8712,272.39328,344.91125,329.24762,290.89474,302.40982,304.97958,251.6316,320.8126,329.31815,326.2604,342.1251,329.858,323.70145,321.49704,321.21054,306.8877,274.3044,300.0704,292.98383,295.4351,297.52985,335.02628,-127041.555,8893.454,3300.484,-83957.84,3100.0,1500.0,149874.89,3659.6665,22636.53,137615.44,30333.715,-12.554115,6394.9023,66699.67,4799.945
1852,2016-01-13,320.72223,330.95316,323.6838,322.86316,272.39297,344.93906,329.2422,291.7954,302.40204,304.97833,251.63097,320.80225,329.20602,326.35696,342.12402,329.83838,323.68512,321.49335,321.25858,306.82904,274.3044,300.07028,292.98416,295.4432,297.5264,335.02628,-127379.63,9203.125,3276.918,-83957.12,3100.0,1500.0,150470.89,3658.4631,22438.537,138564.16,30290.207,-12.80146,6141.889,66727.555,4849.4062
1853,2016-01-20,320.70642,330.96225,323.6859,322.8655,272.39258,344.90482,329.23514,292.05048,302.39404,304.9771,251.63065,320.79907,329.23944,326.34326,342.12366,329.8406,323.6782,321.48663,321.24332,306.8188,274.3044,300.07013,292.98447,295.4463,297.52414,335.02628,-127276.68,9264.374,3268.3257,-83971.12,3100.0,1500.0,150080.9,3656.7378,22405.822,138200.19,30277.346,-12.905724,6078.1934,66739.02,4850.1055
1854,2016-01-27,320.63025,330.95773,323.6758,322.85455,272.39218,344.85135,329.22647,292.19275,302.38693,304.9691,251.63054,320.7945,329.16904,326.2958,342.12384,329.83322,323.6699,321.41635,321.19135,306.68793,274.3044,300.06992,292.98477,295.44397,297.5225,335.02628,-126610.73,9878.986,3271.3452,-83981.72,3100.0,1500.0,150517.33,3654.6025,21825.775,136192.4,30254.852,-12.997131,6053.3726,66743.47,4850.0215
1855,2016-02-03,320.57172,330.93982,323.65567,322.83542,272.39178,344.79984,329.21628,292.20557,302.38132,304.96506,251.63048,320.78528,329.13193,326.27658,342.12366,329.8212,323.65176,321.359,321.18283,306.6962,274.3044,300.06952,292.98508,295.44058,297.52017,335.02628,-126233.26,9759.257,3283.8828,-83981.42,3100.0,1500.0,150674.69,3651.762,21777.797,136137.25,30270.527,-13.011772,6056.618,66736.836,4849.46
1856,2016-02-10,320.53708,330.92627,323.64713,322.82742,272.3914,344.7637,329.20493,292.20523,302.37735,304.96335,251.63042,320.77658,329.1402,326.28745,342.12292,329.81024,323.6315,321.3367,321.18417,306.68668,274.3044,300.069,292.98535,295.4388,297.51733,335.02628,-126124.484,9797.165,3293.2861,-83975.484,3100.0,1500.0,150618.88,3648.2266,21760.373,136319.84,30275.209,-13.029655,6060.2393,66729.9,4848.655
1857,2016-02-17,320.59494,330.9395,323.65842,322.8388,272.39105,344.74905,329.19275,292.31683,302.37476,304.97064,251.63037,320.77182,329.21936,326.34683,342.12234,329.81683,323.61746,321.38815,321.2412,306.83466,274.3044,300.06845,292.9856,295.4419,297.51443,335.02628,-126791.98,9043.406,3291.7764,-83970.28,3100.0,1500.0,150102.64,3644.027,22392.793,138719.38,30300.254,-13.117073,5995.8096,66730.86,4847.7524
1858,2016-02-24,320.58145,330.94583,323.6687,322.84732,272.39075,344.7384,329.18005,292.4268,302.37323,304.9675,251.63034,320.77298,329.18542,326.31552,342.12262,329.8266,323.6169,321.3714,321.18994,306.71457,274.3044,300.06793,292.9858,295.44055,297.51257,335.02628,-126424.18,9667.399,3290.6157,-83975.31,3100.0,1500.0,150498.81,3639.7805,21952.938,136703.38,30273.672,-13.243446,5982.8794,66735.83,4846.8843
1859,2016-03-02,320.53525,330.93762,323.66144,322.83902,272.39044,344.72998,329.16714,292.3781,302.3726,304.9619,251.63031,320.76917,329.18698,326.30765,342.12265,329.82162,323.61066,321.3239,321.18207,306.6915,274.3044,300.06735,292.986,295.43805,297.51062,335.02628,-126218.65,9729.378,3302.8062,-83973.414,3100.0,1500.0,150464.77,3635.4756,21795.0,136570.45,30279.385,-13.251915,6005.369,66728.71,4846.0938
1860,2016-03-09,320.52914,330.93243,323.6596,322.83698,272.39014,344.75467,329.15427,292.41028,302.37265,304.96207,251.63028,320.7652,329.19363,326.30426,342.1224,329.81717,323.6016,321.32065,321.1915,306.73352,274.3044,300.06665,292.98615,295.43625,297.5083,335.02628,-126254.41,9499.952,3311.5125,-83967.36,3100.0,1500.0,150436.11,3630.786,21963.98,137059.42,30294.154,-13.279701,5976.081,66723.64,4845.28
1861,2016-03-16,320.57895,330.94455,323.66702,322.8455,272.3899,344.76416,329.1416,292.43616,302.37317,304.96686,251.63025,320.7638,329.2358,326.34576,342.12234,329.8233,323.59686,321.36957,321.2371,306.82242,274.3044,300.06595,292.98624,295.43945,297.5061,335.02628,-126799.49,9080.278,3310.2356,-83964.73,3100.0,1500.0,150108.11,3625.9211,22380.793,138679.33,30305.021,-13.349396,5988.6143,66724.086,4844.325
1862,2016-03-23,320.58426,330.95605,323.67996,322.85895,272.38965,344.7321,329.12952,292.48822,302.37396,304.9662,251.63025,320.7673,329.24408,326.35974,342.12286,329.8316,323.6011,321.36588,321.2404,306.76688,274.30444,300.0653,292.9863,295.4379,297.5048,335.02628,-127040.445,9343.428,3312.4424,-83964.68,3100.0,1500.0,150138.73,3621.294,22155.639,138434.1,30293.184,-13.412109,5941.303,66725.3,4843.083
1863,2016-03-30,320.5951,330.95486,323.6844,322.8622,272.3894,344.6994,329.11823,292.68985,302.375,304.9666,251.63026,320.77026,329.25043,326.3446,342.12326,329.8352,323.60455,321.36383,321.23636,306.8128,274.30444,300.06467,292.98633,295.43698,297.5036,335.02628,-127052.24,9084.584,3314.8804,-83967.59,3100.0,1500.0,150166.81,3616.869,22301.389,138543.14,30304.32,-13.527481,5860.9565,66729.43,4840.8794
1864,2016-04-06,320.62018,330.95642,323.68536,322.86237,272.38916,344.71762,329.10785,292.86978,302.37622,304.9675,251.63033,320.77155,329.2617,326.33954,342.1233,329.83398,323.60648,321.39124,321.2416,306.8385,274.30444,300.064,292.98633,295.43887,297.5026,335.02628,-127102.87,8997.15,3311.9775,-83973.086,3100.0,1500.0,150114.94,3612.6284,22456.012,138718.77,30301.635,-13.675964,5799.557,66736.1,4837.3936
1865,2016-04-13,320.63992,330.96497,323.68854,322.86655,272.38895,344.7888,329.09857,292.96765,302.37778,304.96732,251.63042,320.77295,329.26767,326.36566,342.12344,329.84088,323.6097,321.41168,321.25598,306.84076,274.30444,300.0634,292.98627,295.4447,297.50214,335.02628,-127308.49,9012.03,3303.8516,-83982.49,3100.0,1500.0,150032.97,3608.7349,22489.232,139080.8,30286.516,-13.852531,5786.7305,66746.44,4833.3926
1866,2016-04-20,320.65152,330.98303,323.69742,322.87585,272.38876,344.80753,329.09064,292.82492,302.37973,304.96674,251.63052,320.77603,329.29514,326.38776,342.1239,329.857,323.6158,321.43564,321.27664,306.8436,274.30444,300.06277,292.98618,295.44504,297.50238,335.02628,-127637.93,9048.405,3304.665,-83992.18,3100.0,1500.0,149775.95,3605.2212,22538.229,139559.69,30281.965,-13.931908,5883.98,66748.7,4829.743
1867,2016-04-27,320.68277,331.00198,323.70847,322.88745,272.38858,344.80844,329.08438,292.872,302.3822,304.96844,251.63063,320.78104,329.31387,326.40692,342.12476,329.8767,323.62457,321.46307,321.29843,306.8843,274.30444,300.06216,292.98605,295.44418,297.50272,335.02628,-128018.555,8847.814,3307.7969,-83991.555,3100.0,1500.0,149656.78,3602.1096,22696.412,140245.94,30290.152,-13.9880295,5786.2534,66749.25,4826.9365
1868,2016-05-04,320.71548,331.01727,323.71765,322.89706,272.38846,344.8537,329.07977,293.24988,302.3849,304.97037,251.63074,320.78708,329.3253,326.42398,342.12564,329.8925,323.6369,321.48776,321.3101,306.9066,274.30444,300.06158,292.98587,295.4482,297.5032,335.02628,-128282.055,8750.152,3296.653,-84003.59,3100.0,1500.0,149584.48,3599.5403,22792.518,140568.33,30278.867,-14.247261,5656.766,66767.86,4824.338
1869,2016-05-11,320.7069,331.02,323.7201,322.8987,272.38834,344.9174,329.07672,293.43823,302.38773,304.9677,251.63084,320.79224,329.31024,326.4011,342.1263,329.90128,323.64923,321.47598,321.28598,306.85294,274.30444,300.061,292.98566,295.4536,297.5043,335.02628,-128101.82,9026.333,3285.1611,-84021.75,3100.0,1500.0,149722.38,3597.6934,22558.574,139610.53,30252.037,-14.489738,5609.6377,66784.88,4822.009
1870,2016-05-18,320.71008,331.02698,323.72003,322.89905,272.38824,344.964,329.07523,293.37546,302.39093,304.96744,251.63095,320.79425,329.33014,326.42365,342.12656,329.90897,323.6545,321.48468,321.30746,306.88342,274.30444,300.06046,292.98544,295.45822,297.50574,335.02628,-128313.984,8888.955,3277.8484,-84039.164,3100.0,1500.0,149512.36,3596.3635,22673.447,140348.0,30246.379,-14.659538,5684.739,66795.31,4820.376
1871,2016-05-25,320.73285,331.03906,323.72827,322.90814,272.3882,345.0032,329.0753,293.26123,302.39462,304.9696,251.63103,320.79837,329.34448,326.4414,342.12698,329.92285,323.66098,321.50607,321.32724,306.90646,274.30444,300.05994,292.98517,295.46112,297.50745,335.02628,-128638.586,8783.873,3273.6685,-84047.72,3100.0,1500.0,149440.2,3595.4824,22770.348,140893.27,30243.383,-14.75412,5704.799,66800.68,4819.7705
1872,2016-06-01,320.75897,331.0524,323.73676,322.917,272.3882,345.02795,329.07684,293.39407,302.39868,304.9718,251.63109,320.80386,329.36017,326.45764,342.12747,329.93683,323.67117,321.52765,321.33984,306.92844,274.30444,300.05954,292.9849,295.4653,297.5094,335.02628,-128901.47,8685.249,3262.059,-84059.016,3100.0,1500.0,149309.73,3595.1958,22862.83,141271.28,30233.96,-14.9366,5636.342,66815.41,4819.728
1873,2016-06-08,320.75064,331.0528,323.7399,322.91916,272.38824,345.04803,329.07974,293.55298,302.40286,304.97015,251.63115,320.809,329.34952,326.4334,342.12802,329.94116,323.6824,321.5193,321.3202,306.8815,274.30444,300.05933,292.9846,295.46884,297.51166,335.02628,-128760.93,8928.175,3250.914,-84076.59,3100.0,1500.0,149448.19,3595.5803,22660.176,140427.44,30211.371,-15.143768,5587.6226,66832.51,4819.767
1874,2016-06-15,320.7558,331.05753,323.73868,322.91876,272.3883,345.06732,329.08374,293.56158,302.4071,304.97092,251.6312,320.81122,329.3556,326.45728,342.12817,329.94424,323.68805,321.52246,321.33563,306.91104,274.30444,300.0592,292.98428,295.47235,297.5139,335.02628,-128914.67,8760.842,3243.1362,-84092.92,3100.0,1500.0,149334.36,3596.4119,22752.78,141041.34,30209.027,-15.293022,5610.6045,66843.74,4819.8125
1875,2016-06-22,320.75977,331.06625,323.74347,322.924,272.38843,345.08008,329.08862,293.38925,302.41144,304.9715,251.63126,320.81476,329.361,326.4605,342.12845,329.95444,323.6935,321.53296,321.3414,306.8915,274.30444,300.05905,292.98395,295.47632,297.51614,335.02628,-129049.484,8846.274,3236.1714,-84103.74,3100.0,1500.0,149281.28,3597.6328,22701.629,141044.06,30197.484,-15.362404,5703.1104,66849.2,4819.7964
1876,2016-06-29,320.78302,331.0756,323.7482,322.92926,272.38858,345.08774,329.09424,293.3702,302.4157,304.9742,251.6313,320.81854,329.37296,326.4766,342.12885,329.9645,323.69962,321.55203,321.35757,306.94168,274.30444,300.05893,292.9836,295.48126,297.51846,335.02628,-129288.15,8643.109,3225.837,-84110.37,3100.0,1500.0,149183.12,3599.1846,22888.553,141628.05,30193.906,-15.446777,5662.2944,66858.93,4819.5957
1877,2016-07-06,320.79016,331.07895,323.75217,322.93268,272.38876,345.08984,329.1004,293.56317,302.41983,304.975,251.63136,320.82285,329.37222,326.46585,342.12924,329.96936,323.70822,321.5586,321.3487,306.9216,274.30444,300.05896,292.98328,295.4851,297.5211,335.02628,-129266.26,8765.455,3209.8184,-84127.74,3100.0,1500.0,149223.89,3601.0793,22812.418,141211.31,30174.027,-15.639999,5596.1855,66879.016,4819.1816
1878,2016-07-13,320.77692,331.07846,323.75046,322.9312,272.38898,345.07578,329.10696,293.6286,302.42368,304.97388,251.63142,320.82526,329.36115,326.4667,342.12943,329.9714,323.7136,321.54614,321.34567,306.89838,274.30444,300.05917,292.98294,295.48642,297.52374,335.02628,-129225.14,8890.108,3202.3875,-84145.67,3100.0,1500.0,149280.31,3603.2869,22687.064,140974.53,30162.242,-15.766731,5585.059,66891.26,4818.667
1879,2016-07-20,320.78058,331.0828,323.75098,322.93198,272.3892,345.0819,329.11374,293.38226,302.42734,304.97507,251.63148,320.82697,329.3708,326.47513,342.1295,329.97305,323.71622,321.55286,321.35187,306.92322,274.30444,300.05948,292.9826,295.48642,297.52603,335.02628,-129303.734,8773.722,3202.2722,-84155.945,3100.0,1500.0,149173.19,3605.5742,22781.066,141294.16,30169.773,-15.7569275,5740.9897,66889.94,4818.434
1880,2016-07-27,320.80563,331.0898,323.75577,322.93744,272.38947,345.08212,329.12054,293.2567,302.43085,304.97827,251.63155,320.82962,329.38266,326.48926,342.1297,329.9808,323.71942,321.57422,321.37097,306.95578,274.30444,300.0598,292.98227,295.4897,297.528,335.02628,-129564.695,8616.193,3198.2097,-84152.23,3100.0,1500.0,149099.02,3607.8887,22920.422,141891.97,30171.35,-15.718788,5708.012,66889.26,4818.504
1881,2016-08-03,320.82623,331.09705,323.7619,322.94385,272.38974,345.09207,329.12732,293.50565,302.43396,304.98083,251.63159,320.83374,329.39258,326.49738,342.12997,329.98965,323.72504,321.59195,321.37958,306.9629,274.30444,300.0602,292.982,295.49484,297.53036,335.02628,-129750.83,8599.124,3179.8638,-84164.44,3100.0,1500.0,149048.69,3610.2996,22960.518,142070.4,30154.14,-15.896629,5621.9585,66909.78,4818.6553
1882,2016-08-10,320.80756,331.09164,323.76044,322.94153,272.39005,345.11142,329.134,293.48978,302.43665,304.979,251.63164,320.8371,329.36316,326.46802,342.13025,329.9883,323.73047,321.56857,321.34714,306.90564,274.30444,300.0607,292.9817,295.49426,297.53296,335.02628,-129428.81,8874.612,3174.058,-84180.664,3100.0,1500.0,149279.8,3612.86,22692.236,140891.56,30141.47,-15.960381,5663.091,66918.18,4818.8184
1883,2016-08-17,320.8072,331.09204,323.7572,322.9381,272.39032,345.13,329.14062,293.28802,302.43906,304.97977,251.63168,320.83688,329.38904,326.48715,342.1301,329.98438,323.72974,321.57098,321.36206,306.94287,274.30444,300.0612,292.98145,295.49423,297.53503,335.02628,-129519.266,8691.363,3175.6846,-84184.69,3100.0,1500.0,149049.52,3615.3345,22829.395,141592.0,30152.422,-15.902481,5752.0845,66914.336,4818.994
1884,2016-08-24,320.82733,331.0966,323.7645,322.94513,272.39062,345.14716,329.14725,293.28482,302.44125,304.9826,251.63173,320.83878,329.40924,326.49286,342.13016,329.99026,323.73212,321.5925,321.37726,306.96274,274.30444,300.06168,292.98123,295.49597,297.53677,335.02628,-129753.07,8610.581,3170.691,-84183.63,3100.0,1500.0,148998.45,3617.681,22933.656,142015.81,30151.152,-15.898651,5703.667,66917.28,4819.2407
1885,2016-08-31,320.8444,331.10263,323.77042,322.95126,272.39093,345.15918,329.15396,293.48224,302.44305,304.98465,251.63174,320.84213,329.41632,326.50507,342.13034,329.99683,323.73727,321.6084,321.38623,306.9696,274.30444,300.0621,292.98105,295.49902,297.53864,335.02628,-129934.98,8592.05,3157.6924,-84193.33,3100.0,1500.0,148969.89,3620.0828,22971.576,142225.42,30140.328,-16.01902,5634.03,66931.59,4820.1357
1886,2016-09-07,320.8348,331.10074,323.76843,322.94943,272.39124,345.1619,329.1607,293.57574,302.44458,304.9836,251.63179,320.8451,329.37717,326.48587,342.13052,329.99908,323.74243,321.59546,321.35776,306.9314,274.30444,300.06253,292.9809,295.499,297.5406,335.02628,-129659.46,8781.258,3151.3054,-84206.29,3100.0,1500.0,149205.7,3622.6018,22795.553,141241.94,30129.818,-16.103508,5608.0693,66940.77,4820.0645
1887,2016-09-14,320.83328,331.09747,323.76328,322.9451,272.39154,345.17242,329.1675,293.53775,302.44595,304.98444,251.63176,320.84512,329.3854,326.4885,342.13046,329.99585,323.74258,321.59427,321.37668,306.95255,274.30444,300.06296,292.98077,295.50177,297.54224,335.02628,-129775.195,8667.64,3146.0793,-84214.56,3100.0,1500.0,149097.12,3625.0867,22861.79,141811.33,30129.158,-16.149948,5648.812,66945.33,4823.1855
1888,2016-09-21,320.83896,331.09866,323.76422,322.94653,272.39185,345.18396,329.1743,293.39017,302.4474,304.98584,251.63173,320.84647,329.38174,326.4925,342.1304,329.99536,323.74515,321.60257,321.37634,306.95425,274.3044,300.06348,292.98068,295.4992,297.54388,335.02628,-129805.18,8675.869,3147.3591,-84217.97,3100.0,1500.0,149114.55,3627.5283,22879.828,141777.06,30134.09,-16.121399,5708.739,66943.03,4825.5044
1889,2016-09-28,320.85037,331.10312,323.76556,322.94873,272.39215,345.19354,329.18112,293.41147,302.44885,304.98727,251.6317,320.84805,329.38382,326.50333,342.13043,329.99985,323.74857,321.61575,321.38904,306.96848,274.3044,300.064,292.98065,295.49802,297.5451,335.02628,-129960.445,8616.427,3147.8245,-84215.12,3100.0,1500.0,149068.25,3629.9893,22947.795,142119.61,30138.768,-16.106857,5660.0127,66941.63,4826.8594
1890,2016-10-05,320.8361,331.10376,323.768,322.95117,272.39243,345.20413,329.18793,293.38998,302.45016,304.98578,251.63167,320.8504,329.3854,326.50034,342.13055,330.00345,323.7532,321.6151,321.38663,306.92322,274.3044,300.06448,292.98062,295.49744,297.54608,335.02628,-129979.67,8879.266,3146.198,-84217.72,3100.0,1500.0,149085.1,3632.5388,22791.32,141741.45,30128.246,-16.114166,5714.829,66942.12,4827.904
1891,2016-10-12,320.81213,331.0952,323.7633,322.94565,272.39273,345.21442,329.19473,293.2586,302.45126,304.98373,251.63165,320.85126,329.35684,326.47372,342.13052,329.99634,323.75607,321.58646,321.3561,306.8958,274.3044,300.06494,292.98065,295.49832,297.54675,335.02628,-129623.13,8975.657,3147.8225,-84212.66,3100.0,1500.0,149290.95,3635.1233,22623.258,140848.11,30127.541,-16.040138,5737.9067,66936.69,4828.8975
1892,2016-10-19,320.81293,331.09488,323.75848,322.94144,272.39297,345.22388,329.20148,293.28043,302.45212,304.98544,251.63162,320.84943,329.3699,326.4917,342.13025,329.99255,323.75412,321.588,321.37405,306.9336,274.3044,300.0655,292.98074,295.49802,297.54733,335.02628,-129726.17,8778.259,3145.5012,-84212.25,3100.0,1500.0,149124.6,3637.5747,22770.799,141595.08,30134.992,-16.040154,5729.8955,66938.62,4830.059
1893,2016-10-26,320.79453,331.09387,323.75845,322.94138,272.39322,345.2326,329.20816,292.91275,302.45264,304.98398,251.63158,320.84943,329.35,326.48053,342.13022,329.99146,323.75494,321.58142,321.35513,306.88123,274.3044,300.06604,292.98083,295.4956,297.54788,335.02628,-129546.09,9072.126,3150.9565,-84209.54,3100.0,1500.0,149279.38,3640.0657,22592.16,140789.98,30133.262,-15.877327,5948.2056,66925.91,4831.646
1894,2016-11-02,320.77298,331.0891,323.7529,322.93546,272.39346,345.23416,329.21478,292.31744,302.45285,304.9823,251.63152,320.84775,329.3423,326.4669,342.13013,329.98743,323.75293,321.5554,321.34396,306.86923,274.3044,300.0666,292.98096,295.4887,297.54785,335.02628,-129357.06,9088.008,3172.5515,-84185.44,3100.0,1500.0,149299.95,3642.5808,22496.037,140539.44,30158.344,-15.480858,6142.231,66894.55,4833.8677
1895,2016-11-09,320.75983,331.0695,323.74554,322.92712,272.39365,345.1934,329.22137,292.4023,302.45233,304.98215,251.63144,320.8449,329.32245,326.43375,342.12985,329.97464,323.74863,321.53726,321.32578,306.8713,274.3044,300.06714,292.9811,295.48306,297.54703,335.02628,-129051.28,9046.172,3183.5781,-84158.4,3100.0,1500.0,149537.7,3645.0115,22488.006,140078.22,30174.057,-15.26545,5978.7476,66881.63,4836.4014
1896,2016-11-16,320.785,331.06827,323.74258,322.9249,272.3938,345.1292,329.22775,292.86133,302.45068,304.98596,251.63133,320.84125,329.3493,326.46887,342.1291,329.96564,323.74258,321.55933,321.35416,306.93338,274.3044,300.06766,292.98132,295.48804,297.54587,335.02628,-129280.69,8735.232,3168.9512,-84156.2,3100.0,1500.0,149278.23,3647.3196,22767.555,141241.45,30172.135,-15.343452,5829.8745,66894.99,4838.8115
1897,2016-11-23,320.7767,331.06958,323.74484,322.9278,272.3939,345.1036,329.2336,292.48303,302.44806,304.9852,251.63124,320.84122,329.32053,326.4499,342.12897,329.96555,323.7426,321.5655,321.34268,306.8752,274.3044,300.0682,292.98154,295.48407,297.54547,335.02628,-129208.22,9081.661,3173.247,-84160.805,3100.0,1500.0,149504.7,3649.678,22593.447,140457.08,30168.611,-15.166367,6117.6177,66883.445,4840.6953
1898,2016-11-30,320.76627,331.0549,323.73706,322.92,272.39395,345.07288,329.23865,291.51895,302.44513,304.98398,251.63116,320.83975,329.3007,326.42273,342.1288,329.9582,323.74106,321.54932,321.33145,306.87668,274.3044,300.06863,292.98178,295.47192,297.5446,335.02628,-128999.88,9032.522,3209.3525,-84127.99,3100.0,1500.0,149667.7,3651.93,22554.555,140155.77,30214.068,-14.549713,6476.018,66831.96,4842.077
1899,2016-12-07,320.73315,331.031,323.72583,322.90717,272.39398,345.0414,329.2426,291.03418,302.4417,304.9802,251.63107,320.83572,329.27768,326.3979,342.12808,329.94028,323.73456,321.50897,321.28333,306.8209,274.3044,300.06903,292.98203,295.4606,297.54254,335.02628,-128375.53,9276.947,3240.9297,-84076.445,3100.0,1500.0,149889.83,3653.9534,22303.53,138859.06,30241.438,-13.971329,6552.36,66787.87,4843.241
1900,2016-12-14,320.7465,331.02496,323.7206,322.90298,272.39395,345.00244,329.24527,291.48776,302.43707,304.9828,251.631,320.82956,329.30005,326.4256,342.12704,329.92883,323.72366,321.52264,321.32745,306.899,274.3044,300.0693,292.9823,295.46216,297.5396,335.02628,-128685.79,8870.424,3240.6978,-84041.35,3100.0,1500.0,149689.1,3655.4536,22634.033,140436.06,30253.266,-13.800758,6233.0234,66784.53,4844.2915
1901,2016-12-21,320.7437,331.0261,323.72433,322.90646,272.39386,344.96942,329.24637,291.9172,302.43097,304.983,251.63092,320.82816,329.29095,326.42844,342.12662,329.91846,323.72122,321.52057,321.3006,306.85147,274.3044,300.0696,292.9826,295.46146,297.53748,335.02628,-128494.664,9117.689,3229.3208,-84047.88,3100.0,1500.0,149789.06,3656.5405,22476.703,139598.17,30236.916,-13.840248,6195.4585,66797.3,4845.319
1902,2016-12-28,320.72192,331.01184,323.7176,322.89908,272.39368,344.95032,329.2458,291.3337,302.42407,304.9804,251.63083,320.825,329.26144,326.39548,342.12634,329.90704,323.7178,321.5058,321.2816,306.83133,274.3044,300.06985,292.9829,295.45422,297.5355,335.02628,-128184.04,9218.465,3250.565,-84036.48,3100.0,1500.0,150029.94,3657.245,22400.027,138957.23,30259.656,-13.435387,6499.732,66765.53,4846.4854
1903,2017-01-04,320.682,330.99573,323.70456,322.88647,272.39343,344.9217,329.24353,290.59372,302.41708,304.9759,251.63072,320.81976,329.22806,326.37646,342.12573,329.89426,323.71127,321.47296,321.26398,306.7761,274.3044,300.06995,292.98322,295.4422,297.5328,335.02628,-127834.31,9475.575,3286.436,-83995.47,3100.0,1500.0,150195.7,3657.373,22169.1,138250.72,30289.191,-12.8341675,6748.0474,66716.52,4847.8105
1904,2017-01-11,320.6838,330.99426,323.69614,322.88013,272.3932,344.88824,329.23975,290.6966,302.40988,304.97684,251.63063,320.8141,329.2171,326.39105,342.12518,329.88965,323.70203,321.4708,321.28302,306.8318,274.3044,300.06995,292.98355,295.43787,297.5291,335.02628,-127914.914,9160.215,3303.5015,-83949.81,3100.0,1500.0,150091.47,3656.7454,22378.225,139086.97,30315.996,-12.495689,6521.4224,66694.41,4848.9873
1905,2017-01-18,320.69095,330.99542,323.69852,322.87955,272.39285,344.85452,329.23453,291.49667,302.402,304.97723,251.63054,320.81082,329.25513,326.36838,342.1252,329.8839,323.69638,321.4813,321.26205,306.82266,274.3044,300.06992,292.98386,295.4407,297.5257,335.02628,-127696.11,9231.844,3288.643,-83944.97,3100.0,1500.0,149874.16,3655.548,22402.23,138606.42,30297.58,-12.632462,6224.6694,66714.31,4849.6963
1906,2017-01-25,320.62378,330.98553,323.68713,322.8668,272.3925,344.81998,329.22775,291.8968,302.39383,304.9694,251.63046,320.80545,329.1837,326.31693,342.12534,329.869,323.68747,321.41684,321.2075,306.69177,274.3044,300.0698,292.98416,295.43942,297.52307,335.02628,-126972.82,9851.267,3285.9736,-83957.336,3100.0,1500.0,150359.84,3654.0784,21838.56,136542.56,30269.932,-12.724556,6127.7056,66724.36,4849.6865
1907,2017-02-01,320.5699,330.9632,323.66568,322.84616,272.39206,344.7824,329.21936,292.02832,302.38617,304.9655,251.6304,320.79553,329.14478,326.29468,342.125,329.85104,323.66852,321.36246,321.19708,306.69992,274.30444,300.0695,292.98447,295.4369,297.5201,335.02628,-126553.16,9734.571,3295.1426,-83961.24,3100.0,1500.0,150544.44,3651.9248,21796.895,136442.1,30282.246,-12.745056,6100.4424,66721.414,4849.1724
1908,2017-02-08,320.5379,330.94598,323.6559,322.83685,272.39166,344.75476,329.2094,292.08957,302.37982,304.96393,251.63036,320.7862,329.15125,326.30298,342.12408,329.83533,323.6474,321.3418,321.19684,306.69025,274.30444,300.06903,292.98477,295.4358,297.5169,335.02628,-126408.44,9775.174,3301.7637,-83958.805,3100.0,1500.0,150507.8,3649.0383,21781.746,136585.38,30284.635,-12.778999,6088.6226,66717.15,4848.4014
1909,2017-02-15,320.59753,330.95627,323.6662,322.84714,272.39124,344.74515,329.1984,292.2364,302.37503,304.97134,251.63031,320.78082,329.22888,326.3603,342.12332,329.83817,323.6325,321.39426,321.25253,306.83807,274.30444,300.06848,292.98502,295.4394,297.51382,335.02628,-127045.77,9023.5625,3298.046,-83956.23,3100.0,1500.0,150009.8,3645.396,22414.775,138952.56,30308.014,-12.887939,6015.461,66720.11,4847.5244
1910,2017-02-22,320.58517,330.9601,323.67554,322.85468,272.39087,344.7375,329.18658,292.36832,302.37173,304.96832,251.63028,320.78137,329.19373,326.32727,342.12344,329.84476,323.6311,321.378,321.20013,306.71786,274.30444,300.06796,292.98526,295.43845,297.51187,335.02628,-126651.695,9649.56,3294.9111,-83963.266,3100.0,1500.0,150418.6,3641.6157,21974.602,136909.17,30280.162,-13.037453,5997.1836,66726.66,4846.677
1911,2017-03-01,320.5398,330.9499,323.6675,322.84558,272.3905,344.73083,329.17432,292.33414,302.36978,304.96286,251.63025,320.777,329.1942,326.31793,342.12335,329.83722,323.62402,321.3309,321.19128,306.6947,274.30444,300.06738,292.98547,295.43628,297.5099,335.02628,-126423.74,9712.924,3305.9414,-83963.0,3100.0,1500.0,150394.78,3637.676,21816.178,136753.22,30284.857,-13.069313,6016.1406,66720.8,4845.904
1912,2017-03-08,320.53427,330.94302,323.66504,322.84283,272.39017,344.75656,329.16187,292.37622,302.36896,304.9631,251.63022,320.77252,329.19998,326.31332,342.12302,329.83066,323.61417,321.3278,321.19983,306.7366,274.30444,300.06668,292.98566,295.43475,297.50757,335.02628,-126439.78,9484.879,3313.8357,-83958.37,3100.0,1500.0,150375.0,3633.2578,21984.324,137222.25,30298.793,-13.1189575,5984.4526,66716.805,4845.1025
1913,2017-03-15,320.58447,330.95374,323.67188,322.85074,272.38986,344.76663,329.14948,292.4092,302.36893,304.96796,251.6302,320.77063,329.24142,326.3538,342.12286,329.83502,323.60867,321.3768,321.24466,306.82538,274.30444,300.06595,292.9858,295.43817,297.50543,335.02628,-126967.555,9066.437,3310.9329,-83956.87,3100.0,1500.0,150055.4,3628.5862,22400.287,138825.22,30308.96,-13.208336,5995.2837,66718.125,4844.16
1914,2017-03-22,320.59006,330.96408,323.68433,322.86368,272.3896,344.73492,329.13754,292.46643,302.3695,304.96732,251.63019,320.77365,329.24905,326.36688,342.12332,329.84183,323.6122,321.37308,321.2473,306.76974,274.30444,300.06528,292.9859,295.43683,297.50418,335.02628,-127193.22,9330.657,3312.7893,-83957.71,3100.0,1500.0,150091.88,3624.0881,22174.2,138565.31,30296.531,-13.288521,5946.74,66720.1,4842.9287
1915,2017-03-29,320.60104,330.9619,323.68832,322.86652,272.3893,344.70248,329.1263,292.672,302.37048,304.96777,251.63022,320.77618,329.25485,326.35098,342.12363,329.84418,323.615,321.37097,321.24268,306.81555,274.30444,300.0646,292.98596,295.4361,297.50302,335.02628,-127191.69,9072.857,3314.5312,-83961.63,3100.0,1500.0,150125.48,3619.7432,22319.041,138661.77,30307.16,-13.4192505,5865.469,66724.89,4840.734
1916,2017-04-05,320.62622,330.96265,323.68893,322.86627,272.38907,344.72086,329.11594,292.85495,302.37177,304.9687,251.63028,320.77707,329.26562,326.34528,342.12366,329.8419,323.61624,321.39825,321.2474,306.84116,274.30447,300.0639,292.98596,295.4381,297.50208,335.02628,-127230.52,8986.154,3311.395,-83967.99,3100.0,1500.0,150078.2,3615.544,22472.762,138826.4,30304.031,-13.581154,5803.36,66732.14,4837.256
1917,2017-04-12,320.646,330.9705,323.69177,322.87006,272.38882,344.7921,329.10657,292.9552,302.37347,304.96848,251.63037,320.7781,329.27124,326.37085,342.12375,329.84793,323.6189,321.41855,321.26132,306.8433,274.30447,300.06326,292.98593,295.4441,297.50168,335.02628,-127425.516,9001.956,3302.9216,-83977.82,3100.0,1500.0,150000.1,3611.6619,22505.107,139178.86,30288.53,-13.769363,5789.9727,66742.984,4833.2627
1918,2017-04-19,320.6576,330.98795,323.70038,322.8791,272.3886,344.81085,329.09854,292.81436,302.37567,304.9679,251.63048,320.78085,329.29837,326.39243,342.12415,329.86325,323.62445,321.44232,321.28156,306.84604,274.30447,300.06265,292.98587,295.44452,297.502,335.02628,-127745.72,9039.022,3303.269,-83987.984,3100.0,1500.0,149746.69,3608.138,22553.398,139649.34,30283.639,-13.858795,5886.775,66745.695,4829.618
1919,2017-04-26,320.68878,331.0064,323.71118,322.8904,272.38846,344.81183,329.09216,292.86288,302.37836,304.9696,251.63058,320.78555,329.3168,326.41116,342.125,329.8823,323.6327,321.46954,321.30298,306.88666,274.30447,300.062,292.98575,295.44376,297.5024,335.02628,-128117.88,8839.126,3306.288,-83987.93,3100.0,1500.0,149630.25,3604.9985,22710.771,140328.2,30291.525,-13.923676,5788.6978,66746.65,4826.817
1920,2017-05-03,320.7214,331.02124,323.72015,322.89978,272.3883,344.85712,329.0874,293.24203,302.38132,304.9715,251.63069,320.7913,329.32794,326.42786,342.12585,329.89752,323.64453,321.49405,321.3143,306.90884,274.30447,300.0614,292.9856,295.44788,297.50296,335.02628,-128373.9,8741.927,3294.7964,-84000.234,3100.0,1500.0,149560.47,3602.3887,22806.105,140644.06,30279.98,-14.190598,5658.921,66765.625,4824.224
1921,2017-05-10,320.71274,331.02356,323.72238,322.9012,272.38818,344.9208,329.08417,293.43146,302.38446,304.9688,251.6308,320.79617,329.31268,326.40466,342.1265,329.90582,323.6564,321.4821,321.2899,306.85513,274.30447,300.0608,292.9854,295.45337,297.50412,335.02628,-128186.78,9018.643,3282.9558,-84018.95,3100.0,1500.0,149700.7,3600.4927,22571.42,139680.5,30252.914,-14.439613,5611.549,66782.97,4821.8994
1922,2017-05-17,320.7158,331.0302,323.72214,322.90137,272.38812,344.96744,329.08252,293.36954,302.38794,304.96854,251.6309,320.79794,329.33237,326.42688,342.12674,329.91306,323.6613,321.4906,321.3111,306.8855,274.30447,300.06027,292.9852,295.45807,297.50558,335.02628,-128393.11,8881.804,3275.643,-84036.836,3100.0,1500.0,149492.55,3599.1072,22685.615,140412.77,30247.049,-14.615349,5686.435,66793.69,4820.2705
1923,2017-05-24,320.73843,331.042,323.73022,322.9103,272.38806,345.00668,329.0824,293.256,302.39188,304.97064,251.63098,320.80182,329.34653,326.4444,342.12714,329.92657,323.66733,321.51178,321.33063,306.90848,274.30447,300.05972,292.98495,295.461,297.50735,335.02628,-128712.12,8777.068,3270.9956,-84045.555,3100.0,1500.0,149422.06,3598.1665,22781.871,140953.39,30243.865,-14.715065,5706.3257,66799.31,4819.669
1924,2017-05-31,320.76443,331.05505,323.73856,322.91898,272.38806,345.03143,329.08377,293.38943,302.39618,304.9728,251.63104,320.8071,329.36203,326.4604,342.12762,329.94022,323.6772,321.53314,321.343,306.93036,274.30447,300.05933,292.98465,295.46524,297.50934,335.02628,-128969.86,8678.867,3260.3174,-84057.29,3100.0,1500.0,149293.28,3597.8176,22873.736,141327.22,30234.283,-14.902084,5637.725,66814.27,4819.631
1925,2017-06-07,320.75595,331.05527,323.74158,322.921,272.38812,345.0515,329.0865,293.5489,302.40057,304.97116,251.6311,320.812,329.35126,326.43594,342.12817,329.94427,323.68808,321.5246,321.32315,306.8834,274.30447,300.0591,292.98438,295.46884,297.51166,335.02628,-128824.68,8922.1,3248.4775,-84075.086,3100.0,1500.0,149432.86,3598.1384,22670.496,140479.61,30211.541,-15.113327,5588.8774,66831.59,4819.6743
1926,2017-06-14,320.76096,331.05975,323.74023,322.9205,272.38818,345.0708,329.0903,293.55798,302.40503,304.97186,251.63116,320.81406,329.35718,326.45966,342.1283,329.94708,323.69342,321.5276,321.3384,306.91284,274.30447,300.059,292.98404,295.47238,297.51395,335.02628,-128974.375,8755.036,3240.4644,-84091.65,3100.0,1500.0,149320.3,3598.9065,22762.56,141090.12,30209.072,-15.266136,5611.7466,66843.02,4819.7207
1927,2017-06-21,320.76477,331.0683,323.74493,322.9256,272.3883,345.0836,329.09503,293.38602,302.40955,304.97244,251.63121,320.8174,329.36246,326.4627,342.12857,329.95706,323.69855,321.53787,321.344,306.89325,274.30447,300.05887,292.9837,295.47638,297.51624,335.02628,-129105.375,8840.854,3233.6172,-84102.52,3100.0,1500.0,149268.39,3600.064,22710.893,141089.81,30197.418,-15.338539,5704.154,66848.66,4819.7075
1928,2017-06-28,320.78787,331.0775,323.74957,322.93076,272.38846,345.09125,329.1005,293.3673,302.414,304.97513,251.63127,320.82104,329.37433,326.47864,342.12894,329.96692,323.7044,321.5568,321.36002,306.94336,274.30447,300.05875,292.98337,295.48135,297.51855,335.02628,-129340.45,8637.878,3223.0515,-84109.4,3100.0,1500.0,149171.14,3601.5522,22897.332,141670.97,30193.734,-15.4257965,5663.254,66858.54,4819.5107
1929,2017-07-05,320.79483,331.08072,323.75345,322.93408,272.38864,345.09335,329.1065,293.56058,302.41827,304.9759,251.63133,320.82516,329.3735,326.46777,342.12933,329.9716,323.71274,321.56317,321.35098,306.92322,274.30447,300.05878,292.98303,295.48523,297.52124,335.02628,-129315.35,8760.573,3207.2644,-84126.914,3100.0,1500.0,149212.97,3603.3865,22820.73,141251.7,30173.766,-15.621536,5597.073,66878.766,4819.0977
1930,2017-07-12,320.78146,331.0801,323.75168,322.93256,272.38885,345.07928,329.11295,293.62625,302.42227,304.97473,251.6314,320.82745,329.36234,326.4685,342.12952,329.97348,323.7179,321.55054,321.34787,306.89993,274.30447,300.059,292.9827,295.48657,297.52393,335.02628,-129271.36,8885.496,3199.949,-84145.12,3100.0,1500.0,149269.9,3605.538,22694.94,141012.55,30161.902,-15.750458,5585.8804,66891.13,4818.587
1931,2017-07-19,320.78497,331.08435,323.7521,322.9332,272.3891,345.08545,329.11957,293.38016,302.42606,304.97592,251.63145,320.829,329.37192,326.4768,342.12955,329.97498,323.7203,321.55707,321.3539,306.9247,274.30447,300.0593,292.98236,295.4866,297.5262,335.02628,-129347.07,8769.338,3199.8337,-84155.45,3100.0,1500.0,149163.5,3607.7742,22788.533,141330.0,30169.36,-15.742729,5741.748,66889.93,4818.3564
1932,2017-07-26,320.80988,331.09122,323.7568,322.9386,272.38937,345.08566,329.12622,293.25482,302.4297,304.9791,251.63152,320.83157,329.38373,326.4908,342.12976,329.9826,323.72327,321.57828,321.37292,306.9572,274.30447,300.05963,292.98206,295.4899,297.52823,335.02628,-129605.68,8611.928,3195.8872,-84151.875,3100.0,1500.0,149090.27,3610.0388,22927.496,141925.92,30170.879,-15.706329,5708.719,66889.35,4818.4297
1933,2017-08-02,320.83032,331.0984,323.7629,322.94495,272.38965,345.09564,329.13287,293.50394,302.43292,304.98163,251.63156,320.83557,329.3936,326.49884,342.13007,329.9913,323.7287,321.59583,321.3814,306.9643,274.30447,300.06006,292.98175,295.49506,297.53058,335.02628,-129789.44,8595.163,3177.1938,-84164.27,3100.0,1500.0,149040.6,3612.3997,22967.215,142102.56,30153.613,-15.885719,5622.6196,66909.96,4818.582
1934,2017-08-09,320.8115,331.0929,323.76138,322.94257,272.38995,345.115,329.1394,293.48822,302.43573,304.97977,251.6316,320.83884,329.36407,326.46942,342.1303,329.98987,323.73395,321.5723,321.34888,306.90698,274.30447,300.06055,292.98148,295.4945,297.5332,335.02628,-129465.234,8870.922,3171.7363,-84180.6,3100.0,1500.0,149271.81,3614.9104,22698.574,140921.9,30140.895,-15.951004,5663.7085,66918.445,4818.746
1935,2017-08-16,320.81097,331.0932,323.75806,322.93906,272.39026,345.13358,329.1459,293.28662,302.43823,304.98053,251.63165,320.8385,329.38992,326.48846,342.13016,329.98584,323.73303,321.57455,321.36368,306.94415,274.30444,300.06107,292.98123,295.49448,297.53528,335.02628,-129553.7,8687.788,3173.3623,-84184.64,3100.0,1500.0,149042.28,3617.3342,22835.41,141620.78,30151.803,-15.894386,5752.6636,66914.68,4818.923
1936,2017-08-23,320.831,331.0977,323.76535,322.94604,272.39056,345.15073,329.1524,293.28354,302.44046,304.98334,251.6317,320.84033,329.41006,326.49408,342.13022,329.99164,323.73526,321.59595,321.37878,306.96396,274.30444,300.06155,292.98102,295.49625,297.53705,335.02628,-129785.64,8607.082,3168.254,-84183.8,3100.0,1500.0,148991.69,3619.6318,22939.357,142043.16,30150.502,-15.891678,5704.213,66917.69,4819.1714
1937,2017-08-30,320.8479,331.10367,323.7712,322.95212,272.39087,345.16278,329.15897,293.48108,302.44235,304.98535,251.63171,320.84357,329.4171,326.50623,342.1304,329.99814,323.74026,321.61172,321.3877,306.97076,274.30444,300.062,292.98083,295.4993,297.5389,335.02628,-129965.77,8588.743,3155.3699,-84193.586,3100.0,1500.0,148963.45,3621.987,22976.97,142251.33,30139.64,-16.013031,5634.545,66932.05,4820.0693
1938,2017-09-06,320.8382,331.1017,323.76917,322.95026,272.39117,345.1655,329.16562,293.5747,302.44394,304.9843,251.63176,320.84647,329.3779,326.48697,342.13058,330.0003,323.74527,321.59863,321.35916,306.93253,274.30444,300.06244,292.98068,295.4993,297.5409,335.02628,-129688.664,8778.222,3148.8665,-84206.59,3100.0,1500.0,149199.55,3624.4617,22800.666,141266.55,30129.104,-16.098701,5608.5557,66941.305,4819.999
1939,2017-09-13,320.83655,331.0984,323.76398,322.94586,272.39148,345.17603,329.1723,293.5368,302.44537,304.9851,251.63173,320.8464,329.3861,326.48953,342.1305,329.997,323.7453,321.59732,321.37802,306.95367,274.30444,300.06287,292.98056,295.50208,297.54254,335.02628,-129802.82,8664.72,3143.759,-84214.95,3100.0,1500.0,149091.4,3626.9019,22866.635,141834.69,30128.416,-16.145935,5649.272,66945.91,4823.1226
1940,2017-09-20,320.84207,331.09955,323.7649,322.94727,272.39178,345.18756,329.179,293.38934,302.44687,304.9865,251.6317,320.8477,329.38242,326.49347,342.13043,329.99646,323.74774,321.60547,321.3776,306.95532,274.30444,300.0634,292.98047,295.4995,297.5442,335.02628,-129831.33,8673.062,3144.8035,-84218.195,3100.0,1500.0,149109.12,3629.3018,22884.418,141799.25,30133.326,-16.118118,5709.1743,66943.64,4825.4424
1941,2017-09-27,320.8534,331.1039,323.7662,322.94943,272.3921,345.19714,329.18576,293.4107,302.4484,304.9879,251.63167,320.84918,329.38446,326.50427,342.13046,330.00085,323.751,321.61856,321.39023,306.9695,274.30444,300.06393,292.98044,295.49832,297.54544,335.02628,-129985.195,8613.732,3145.6174,-84215.6,3100.0,1500.0,149063.12,3631.7324,22952.14,142140.72,30137.99,-16.104118,5660.4253,66942.28,4826.7993
1942,2017-10-04,320.839,331.10455,323.7686,322.9518,272.3924,345.20773,329.19247,293.3893,302.44974,304.98642,251.63165,320.85147,329.386,326.50122,342.13058,330.00443,323.75552,321.6178,321.38776,306.92422,274.30444,300.06445,292.98044,295.49777,297.54645,335.02628,-130003.14,8876.612,3143.6448,-84218.1,3100.0,1500.0,149080.25,3634.2502,22795.434,141761.55,30127.455,-16.112045,5715.2227,66942.805,4827.8447
1943,2017-10-11,320.8149,331.09595,323.7639,322.94626,272.39267,345.21805,329.19913,293.258,302.45087,304.98434,251.63162,320.8523,329.3574,326.47458,342.13058,329.99725,323.7583,321.58905,321.35718,306.89676,274.30444,300.0649,292.98047,295.49866,297.54712,335.02628,-129645.35,8973.196,3145.6165,-84213.21,3100.0,1500.0,149286.28,3636.795,22627.158,140867.22,30126.736,-16.038826,5738.2827,66937.41,4828.84
1944,2017-10-18,320.81558,331.09558,323.759,322.94202,272.39294,345.2275,329.20575,293.27988,302.45175,304.98605,251.63159,320.8504,329.37042,326.4925,342.1303,329.9934,323.75626,321.59048,321.3751,306.9345,274.30444,300.06546,292.98053,295.49835,297.5477,335.02628,-129747.23,8775.875,3142.5986,-84212.83,3100.0,1500.0,149120.2,3639.2036,22774.496,141613.27,30134.176,-16.039268,5730.253,66939.36,4830.002
1945,2017-10-25,320.7971,331.0945,323.75894,322.94193,272.3932,345.23624,329.21234,292.91226,302.45233,304.9846,251.63156,320.85034,329.3505,326.4813,342.13028,329.99228,323.75696,321.5838,321.3561,306.8821,274.3044,300.06604,292.98065,295.4959,297.54825,335.02628,-129566.17,9069.706,3148.984,-84210.03,3100.0,1500.0,149275.19,3641.6528,22595.662,140807.11,30132.44,-15.876801,5948.549,66926.67,4831.591
1946,2017-11-01,320.77545,331.08975,323.7534,322.93597,272.39343,345.23776,329.2189,292.317,302.45255,304.98288,251.63148,320.8486,329.34277,326.4676,342.13016,329.98822,323.75485,321.55765,321.3449,306.8701,274.3044,300.0666,292.98077,295.48904,297.54825,335.02628,-129376.13,9085.852,3170.1128,-84186.25,3100.0,1500.0,149296.0,3644.1306,22499.36,140555.97,30157.51,-15.480797,6142.56,66895.32,4833.813
1947,2017-11-08,320.76218,331.07007,323.746,322.92764,272.39362,345.197,329.2254,292.4019,302.45206,304.9827,251.63141,320.84573,329.3229,326.43442,342.12988,329.97537,323.75046,321.53943,321.32666,306.87213,274.3044,300.06714,292.98096,295.4834,297.54742,335.02628,-129069.414,9044.0205,3181.1406,-84158.89,3100.0,1500.0,149533.89,3646.5295,22491.152,140093.97,30173.225,-15.265778,5979.062,66882.44,4836.3467
1948,2017-11-15,320.78726,331.06882,323.743,322.92535,272.3938,345.1328,329.2317,292.86096,302.45044,304.9865,251.63132,320.842,329.34973,326.4695,342.12912,329.9663,323.74432,321.5614,321.355,306.93417,274.3044,300.0677,292.98114,295.48837,297.54626,335.02628,-129297.914,8733.235,3167.0933,-84156.8,3100.0,1500.0,149274.62,3648.8052,22770.535,141256.45,30171.3,-15.344147,5830.1753,66895.81,4838.76
1949,2017-11-22,320.7789,331.0701,323.74524,322.92825,272.3939,345.1072,329.23746,292.4827,302.44788,304.98572,251.63123,320.84195,329.32092,326.4505,342.129,329.96622,323.7443,321.56747,321.34348,306.87598,274.3044,300.06824,292.98138,295.48438,297.54587,335.02628,-129224.52,9079.778,3170.9246,-84161.53,3100.0,1500.0,149501.2,3651.1304,22596.26,140471.38,30167.771,-15.16732,6117.908,66884.28,4840.6455
1950,2017-11-29,320.76834,331.05542,323.73743,322.92044,272.39395,345.07648,329.24237,291.51865,302.44495,304.9845,251.63113,320.84045,329.30106,326.4233,342.1288,329.95883,323.74265,321.55124,321.3322,306.8774,274.3044,300.0687,292.98163,295.47223,297.54498,335.02628,-129015.42,9030.641,3207.3774,-84128.91,3100.0,1500.0,149664.45,3653.3496,22557.22,140169.42,30213.23,-14.550919,6476.299,66832.805,4842.0283
1951,2017-12-06,320.73517,331.0315,323.7262,322.90756,272.39398,345.045,329.24628,291.0339,302.44153,304.9807,251.63106,320.8364,329.27805,326.39844,342.1281,329.94086,323.73608,321.5108,321.28406,306.8216,274.3044,300.0691,292.98187,295.4609,297.54294,335.02628,-128390.36,9275.141,3239.1885,-84077.13,3100.0,1500.0,149886.8,3655.3408,22306.057,138872.12,30240.6,-13.972908,6552.628,66788.72,4843.1934
1952,2017-12-13,320.7484,331.02542,323.72095,322.90338,272.39395,345.00604,329.24884,291.48755,302.43692,304.98328,251.63098,320.8302,329.3004,326.42612,342.12708,329.9294,323.72513,321.52438,321.32816,306.8997,274.3044,300.06937,292.98218,295.46246,297.54,335.02628,-128699.88,8868.959,3238.8408,-84042.38,3100.0,1500.0,149686.17,3656.8093,22636.43,140448.5,30252.43,-13.802513,6233.2793,66785.39,4844.243
1953,2017-12-20,320.74557,331.02652,323.72464,322.90683,272.39386,344.97302,329.24988,291.917,302.43082,304.98346,251.63089,320.82877,329.2913,326.42896,342.12665,329.919,323.7226,321.52225,321.30124,306.85214,274.3044,300.0697,292.98248,295.46176,297.53784,335.02628,-128508.12,9115.997,3226.8833,-84048.54,3100.0,1500.0,149786.31,3657.8652,22478.965,139610.06,30236.08,-13.842125,6195.7085,66798.164,4845.273
1954,2017-12-27,320.7237,331.01224,323.7179,322.89944,272.39368,344.9539,329.2492,291.33356,302.42395,304.98087,251.6308,320.8256,329.26175,326.39597,342.12637,329.90756,323.71912,321.50742,321.2822,306.83197,274.3044,300.06995,292.9828,295.45453,297.5359,335.02628,-128196.84,9216.889,3248.3628,-84037.41,3100.0,1500.0,150027.31,3658.54,22402.17,138968.56,30258.824,-13.4374695,6499.9736,66766.4,4846.4404
1955,2018-01-03,320.68372,330.99612,323.70486,322.8868,272.39346,344.92526,329.2469,290.5936,302.41696,304.97635,251.6307,320.82028,329.22836,326.37692,342.12576,329.89474,323.71252,321.4745,321.2646,306.7767,274.3044,300.07004,292.98312,295.4425,297.5332,335.02628,-127846.48,9473.998,3284.5786,-83996.23,3100.0,1500.0,150193.25,3658.6396,22171.096,138261.56,30288.363,-12.836502,6748.279,66717.4,4847.7656
1956,2018-01-10,320.68546,330.99463,323.69644,322.88046,272.3932,344.8918,329.243,290.69647,302.4098,304.97726,251.6306,320.8146,329.2174,326.39148,342.12518,329.89014,323.70322,321.47226,321.2836,306.83237,274.3044,300.07004,292.98343,295.43817,297.5295,335.02628,-127926.49,9158.867,3301.6455,-83950.4,3100.0,1500.0,150089.1,3657.984,22380.148,139097.31,30315.174,-12.498016,6521.6465,66695.266,4848.9434
1957,2018-01-17,320.6925,330.99576,323.6988,322.87985,272.39288,344.8581,329.2377,291.49655,302.40195,304.9777,251.63051,320.81128,329.2554,326.36877,342.12524,329.88434,323.6975,321.4827,321.2626,306.82324,274.3044,300.07004,292.98376,295.441,297.5261,335.02628,-127707.05,9230.498,3286.6685,-83945.81,3100.0,1500.0,149871.89,3656.7556,22404.047,138616.31,30296.766,-12.634964,6224.8843,66715.195,4849.6523
1958,2018-01-24,320.62534,330.98587,323.6874,322.8671,272.3925,344.82355,329.23087,291.89655,302.39374,304.96982,251.63043,320.80594,329.184,326.31735,342.12537,329.86942,323.68857,321.41827,321.20804,306.69235,274.30444,300.06992,292.9841,295.43973,297.52344,335.02628,-126983.93,9849.882,3284.1157,-83958.02,3100.0,1500.0,150357.67,3655.256,21840.441,136552.64,30269.12,-12.727203,6127.9404,66725.23,4849.644
1959,2018-01-31,320.57135,330.9635,323.66595,322.84644,272.3921,344.78598,329.2224,292.0282,302.3861,304.96594,251.63037,320.796,329.14505,326.29507,342.125,329.85147,323.66956,321.3638,321.1976,306.70047,274.30444,300.0696,292.9844,295.4372,297.5205,335.02628,-126563.43,9733.338,3293.2861,-83961.875,3100.0,1500.0,150542.39,3653.074,21798.57,136451.39,30281.436,-12.747803,6100.664,66722.305,4849.1294
1960,2018-02-07,320.53934,330.9463,323.65616,322.83713,272.39166,344.7583,329.21237,292.08948,302.37976,304.96432,251.63033,320.78662,329.1515,326.30334,342.12408,329.83572,323.6484,321.34305,321.19733,306.69077,274.30444,300.06915,292.98468,295.4361,297.5173,335.02628,-126418.266,9773.791,3299.9043,-83959.46,3100.0,1500.0,150505.8,3650.1602,21783.31,136594.19,30283.83,-12.781746,6088.831,66718.02,4848.3613
1961,2018-02-14,320.5989,330.95654,323.6664,322.8474,272.39127,344.7487,329.20126,292.23633,302.37497,304.97174,251.6303,320.78122,329.22913,326.36063,342.12335,329.83853,323.63345,321.39545,321.253,306.8386,274.30444,300.06863,292.98495,295.43967,297.5142,335.02628,-127055.055,9022.372,3296.0732,-83957.055,3100.0,1500.0,150007.89,3646.4875,22416.248,138960.94,30307.217,-12.890778,6015.6616,66720.984,4847.484
1962,2018-02-21,320.5865,330.9604,323.67575,322.85492,272.39087,344.741,329.18942,292.36826,302.3717,304.96872,251.63026,320.78174,329.19394,326.3276,342.12347,329.84512,323.63202,321.37915,321.20056,306.71835,274.30444,300.0681,292.98523,295.43872,297.51227,335.02628,-126660.54,9648.329,3293.2861,-83964.04,3100.0,1500.0,150416.8,3642.678,21975.984,136917.19,30279.375,-13.040474,5997.377,66727.516,4846.6367
1963,2018-02-28,320.54105,330.95016,323.66772,322.84583,272.3905,344.73434,329.1771,292.3341,302.36975,304.96326,251.63023,320.77734,329.19443,326.31827,342.12335,329.83755,323.6249,321.332,321.1917,306.6952,274.30444,300.06754,292.98544,295.43655,297.51028,335.02628,-126432.19,9711.693,3304.1997,-83963.88,3100.0,1500.0,150393.06,3638.7153,21817.48,136760.86,30284.074,-13.072281,6016.325,66721.68,4845.8647
1964,2018-03-07,320.5355,330.94327,323.66522,322.84305,272.3902,344.76004,329.16458,292.37622,302.36893,304.96347,251.6302,320.77286,329.2002,326.31363,342.12302,329.83096,323.61502,321.32886,321.20023,306.73706,274.30444,300.06683,292.98563,295.43503,297.50797,335.02628,-126447.81,9483.805,3312.095,-83959.14,3100.0,1500.0,150373.36,3634.2776,21985.56,137229.55,30298.018,-13.121979,5984.6323,66717.67,4845.065
1965,2018-03-14,320.58563,330.95398,323.67206,322.85095,272.3899,344.77008,329.15213,292.4092,302.36893,304.96832,251.63019,320.77094,329.2416,326.35406,342.1229,329.83533,323.60947,321.3778,321.24506,306.8258,274.30444,300.0661,292.98578,295.43845,297.5058,335.02628,-126975.16,9065.436,3309.5388,-83957.73,3100.0,1500.0,150053.83,3629.5857,22401.451,138832.16,30308.195,-13.211449,5995.4575,66718.98,4844.1226
1966,2018-03-21,320.59116,330.96432,323.6845,322.8639,272.3896,344.73837,329.14017,292.46643,302.36948,304.96768,251.63017,320.77396,329.24924,326.36716,342.12332,329.84213,323.61298,321.37405,321.24768,306.77017,274.30444,300.06543,292.98587,295.4371,297.50455,335.02628,-127200.47,9329.739,3311.1653,-83958.64,3100.0,1500.0,150090.39,3625.07,22175.291,138571.95,30295.775,-13.291595,5946.909,66720.95,4842.8916
1967,2018-03-28,320.6021,330.96213,323.68848,322.8667,272.38934,344.70587,329.12888,292.672,302.37045,304.9681,251.63019,320.7765,329.255,326.35126,342.12366,329.84445,323.61572,321.3719,321.243,306.81595,274.30444,300.06476,292.98593,295.43637,297.50342,335.02628,-127198.51,9071.741,3313.254,-83962.516,3100.0,1500.0,150124.06,3620.7083,22320.072,138668.11,30306.414,-13.422455,5865.634,66725.74,4840.6963
1968,2018-04-04,320.62723,330.96286,323.6891,322.86646,272.38907,344.72424,329.11847,292.85498,302.37177,304.96902,251.63026,320.77737,329.2658,326.34552,342.12366,329.84216,323.61694,321.39914,321.24774,306.84155,274.30447,300.0641,292.98596,295.4384,297.50247,335.02628,-127237.1,8985.307,3310.1196,-83968.71,3100.0,1500.0,150076.86,3616.4932,22473.73,138832.48,30303.293,-13.584251,5803.5186,66732.984,4837.219
1969,2018-04-11,320.64697,330.97067,323.69193,322.87024,272.38885,344.7955,329.10907,292.95523,302.37347,304.9688,251.63036,320.77838,329.2714,326.37106,342.12375,329.84818,323.61957,321.4194,321.26163,306.8437,274.30447,300.06345,292.98593,295.44434,297.50204,335.02628,-127431.83,9001.148,3301.4128,-83978.63,3100.0,1500.0,149998.8,3612.597,22506.018,139184.66,30287.799,-13.772507,5790.128,66743.83,4833.2266
1970,2018-04-18,320.6585,330.98813,323.70053,322.87924,272.38864,344.81424,329.101,292.81442,302.37567,304.96823,251.63046,320.7811,329.2985,326.39267,342.12418,329.8635,323.6251,321.4431,321.28183,306.8464,274.30447,300.06284,292.98587,295.4448,297.50238,335.02628,-127751.664,9038.136,3301.645,-83988.84,3100.0,1500.0,149745.44,3609.0593,22554.271,139654.89,30282.916,-13.86187,5886.9263,66746.53,4829.583
1971,2018-04-25,320.68967,331.0066,323.7113,322.89056,272.3885,344.8152,329.0946,292.86295,302.3784,304.9699,251.63057,320.78577,329.31693,326.41138,342.12503,329.88254,323.6333,321.47034,321.30328,306.887,274.30447,300.0622,292.98578,295.44403,297.50278,335.02628,-128123.57,8838.202,3305.1274,-83988.81,3100.0,1500.0,149629.06,3605.907,22711.59,140333.52,30290.814,-13.926765,5788.845,66747.49,4826.783
1972,2018-05-02,320.72226,331.0214,323.72028,322.89993,272.38834,344.86047,329.0898,293.2421,302.38135,304.9718,251.63068,320.79153,329.32806,326.42807,342.1259,329.89774,323.6451,321.4948,321.31458,306.90918,274.30447,300.06158,292.98563,295.44815,297.50333,335.02628,-128379.336,8741.116,3293.4028,-84001.1,3100.0,1500.0,149559.34,3603.2852,22806.87,140649.14,30279.273,-14.193733,5659.063,66766.445,4824.1895
1973,2018-05-09,320.71356,331.0237,323.7225,322.90134,272.3882,344.92413,329.08655,293.43152,302.38446,304.96912,251.63078,320.7964,329.3128,326.40485,342.1265,329.906,323.65695,321.4828,321.29016,306.85547,274.30447,300.061,292.98544,295.4536,297.50446,335.02628,-128192.07,9017.758,3281.68,-84019.945,3100.0,1500.0,149699.61,3601.3772,22572.14,139685.39,30252.22,-14.44281,5611.688,66783.78,4821.865
1974,2018-05-16,320.71655,331.03036,323.72226,322.90152,272.38815,344.97073,329.08487,293.3696,302.38794,304.96884,251.63089,320.79816,329.3325,326.42706,342.12674,329.91324,323.6618,321.49127,321.31134,306.88583,274.30447,300.06046,292.98523,295.4583,297.50595,335.02628,-128398.02,8880.959,3274.3647,-84037.48,3100.0,1500.0,149491.52,3599.9807,22686.291,140417.42,30246.363,-14.618515,5686.572,66794.5,4820.237
1975,2018-05-23,320.73917,331.04214,323.73035,322.91043,272.3881,345.00995,329.08472,293.25607,302.39188,304.97095,251.63097,320.802,329.34665,326.44458,342.12714,329.9268,323.66785,321.51242,321.33084,306.90878,274.30447,300.05994,292.985,295.46124,297.5077,335.02628,-128716.79,8776.414,3269.838,-84046.336,3100.0,1500.0,149421.06,3599.0293,22782.51,140957.84,30243.191,-14.718315,5706.459,66800.12,4819.637
1976,2018-05-30,320.76514,331.0552,323.73868,322.9191,272.3881,345.03467,329.0861,293.3895,302.39618,304.9731,251.63103,320.80728,329.36215,326.46057,342.12762,329.9404,323.67767,321.53378,321.34323,306.93066,274.30447,300.05954,292.9847,295.4655,297.5097,335.02628,-128974.36,8678.098,3258.5754,-84057.99,3100.0,1500.0,149292.33,3598.6704,22874.336,141331.47,30233.613,-14.9051895,5637.8555,66815.08,4819.5977
1977,2018-06-06,320.75662,331.0554,323.7417,322.9211,272.38815,345.05475,329.08878,293.54895,302.4006,304.97144,251.63109,320.81216,329.35135,326.43613,342.12817,329.94443,323.68854,321.52518,321.32336,306.88367,274.30447,300.05933,292.9844,295.4691,297.51202,335.02628,-128829.016,8921.406,3246.968,-84075.664,3100.0,1500.0,149431.94,3598.9814,22671.055,140483.67,30210.889,-15.11644,5589.0054,66832.375,4819.642
1978,2018-06-13,320.7616,331.05988,323.74036,322.9206,272.3882,345.07404,329.09256,293.55804,302.40506,304.97214,251.63115,320.81424,329.3573,326.4598,342.1283,329.94724,323.69385,321.52817,321.33862,306.91312,274.30447,300.0592,292.9841,295.47263,297.51428,335.02628,-128978.48,8754.383,3238.9563,-84092.266,3100.0,1500.0,149319.42,3599.7393,22763.086,141094.05,30208.422,-15.269203,5611.8706,66843.8,4819.6895
1979,2018-06-20,320.76538,331.06845,323.74503,322.92572,272.38834,345.0868,329.09726,293.38608,302.40955,304.97272,251.6312,320.81757,329.36255,326.46286,342.12857,329.9572,323.69897,321.53842,321.3442,306.89352,274.30447,300.05905,292.9838,295.47662,297.51657,335.02628,-129109.32,8840.238,3232.1067,-84103.46,3100.0,1500.0,149267.58,3600.888,22711.387,141093.58,30196.777,-15.34166,5704.2744,66849.43,4819.677
1980,2018-06-27,320.78845,331.07764,323.74966,322.93088,272.3885,345.09445,329.1027,293.3674,302.41403,304.9754,251.63126,320.8212,329.37442,326.4788,342.12894,329.96707,323.70483,321.5573,321.36023,306.94363,274.30447,300.05896,292.98346,295.4816,297.5189,335.02628,-129344.21,8637.38,3221.6584,-84110.27,3100.0,1500.0,149170.36,3602.367,22897.795,141674.53,30193.105,-15.428864,5663.3716,66859.305,4819.4814
1981,2018-07-04,320.7954,331.0808,323.75354,322.93417,272.38867,345.09653,329.10867,293.56067,302.41827,304.97617,251.63132,320.82532,329.3736,326.46793,342.12933,329.97174,323.71313,321.56366,321.35117,306.92346,274.30447,300.059,292.98312,295.48547,297.52155,335.02628,-129318.97,8760.072,3206.219,-84127.836,3100.0,1500.0,149212.22,3604.1934,22821.162,141255.12,30173.145,-15.624596,5597.188,66879.53,4819.0684
1982,2018-07-11,320.782,331.0802,323.75174,322.93265,272.3889,345.08246,329.1151,293.62634,302.42227,304.975,251.63138,320.8276,329.36243,326.46863,342.12952,329.9736,323.71826,321.55103,321.34802,306.90018,274.30447,300.0592,292.9828,295.48682,297.52423,335.02628,-129274.77,8885.033,3198.6716,-84145.81,3100.0,1500.0,149269.19,3606.3389,22695.344,141015.81,30161.287,-15.753532,5585.992,66891.89,4818.5576
1983,2018-07-18,320.7855,331.08444,323.7522,322.9333,272.38913,345.0886,329.12173,293.38025,302.4261,304.9762,251.63144,320.82916,329.372,326.47693,342.12958,329.9751,323.72064,321.55753,321.3541,306.92496,274.30447,300.0595,292.98245,295.48682,297.52655,335.02628,-129350.43,8768.723,3198.4395,-84156.15,3100.0,1500.0,149162.81,3608.5698,22788.916,141333.17,30168.758,-15.745865,5741.8594,66890.68,4818.3267
1984,2018-07-25,320.81036,331.09134,323.7569,322.9387,272.3894,345.0888,329.12836,293.2549,302.4297,304.97937,251.6315,320.8317,329.38382,326.49094,342.12976,329.98273,323.7236,321.5787,321.37308,306.95746,274.30447,300.05984,292.98215,295.4901,297.52856,335.02628,-129608.875,8611.425,3194.4927,-84152.664,3100.0,1500.0,149089.62,3610.829,22927.852,141928.95,30170.285,-15.709389,5708.8267,66890.086,4818.4004
1985,2018-08-01,320.8308,331.09848,323.76297,322.945,272.38968,345.0988,329.13498,293.50403,302.43295,304.9819,251.63155,320.8357,329.39368,326.49896,342.13007,329.99142,323.72903,321.59625,321.38156,306.9645,274.30447,300.06027,292.98187,295.49527,297.53088,335.02628,-129792.516,8594.778,3175.9175,-84165.16,3100.0,1500.0,149040.0,3613.1836,22967.547,142105.47,30153.027,-15.888763,5622.724,66910.695,4818.5527
1986,2018-08-08,320.81195,331.093,323.76144,322.94266,272.38998,345.11813,329.1415,293.48834,302.43573,304.98004,251.63159,320.83896,329.36414,326.4695,342.1303,329.99,323.73425,321.5727,321.349,306.9072,274.30444,300.06076,292.9816,295.49472,297.5335,335.02628,-129468.08,8870.348,3170.4604,-84181.445,3100.0,1500.0,149271.19,3615.6875,22698.885,140924.67,30140.316,-15.954033,5663.8125,66919.164,4818.718
1987,2018-08-15,320.81143,331.0933,323.75815,322.93915,272.3903,345.13672,329.14798,293.28674,302.43823,304.9808,251.63164,320.8386,329.38998,326.48856,342.13016,329.98593,323.73334,321.57495,321.36383,306.94437,274.30444,300.06128,292.98132,295.4947,297.53558,335.02628,-129556.55,8687.211,3172.4336,-84185.34,3100.0,1500.0,149041.73,3618.1045,22835.7,141623.44,30151.238,-15.897415,5752.7637,66915.4,4818.8955
1988,2018-08-22,320.83142,331.09775,323.7654,322.94614,272.3906,345.15384,329.15448,293.28363,302.4405,304.9836,251.63168,320.84042,329.41013,326.4942,342.13022,329.99176,323.73557,321.5963,321.37894,306.96417,274.30444,300.06177,292.9811,295.49646,297.53735,335.02628,-129788.37,8606.62,3167.3242,-84184.59,3100.0,1500.0,148991.14,3620.3958,22939.625,142045.7,30149.941,-15.89476,5704.31,66918.39,4819.1445
1989,2018-08-29,320.84833,331.10373,323.77127,322.95218,272.3909,345.16586,329.161,293.48117,302.44238,304.98563,251.6317,320.8437,329.41718,326.50632,342.1304,329.99823,323.74054,321.61206,321.38782,306.97098,274.30444,300.06223,292.98093,295.4995,297.5392,335.02628,-129968.29,8588.358,3154.0935,-84194.3,3100.0,1500.0,148962.94,3622.7456,22977.219,142253.78,30139.09,-16.016068,5634.6416,66932.76,4820.0425
1990,2018-09-05,320.8386,331.10178,323.7692,322.95032,272.3912,345.16858,329.16766,293.57486,302.44397,304.98456,251.63174,320.84656,329.37793,326.48703,342.13058,330.0004,323.7455,321.59897,321.35925,306.9327,274.30444,300.06265,292.98077,295.49948,297.5412,335.02628,-129690.66,8777.644,3147.8225,-84207.19,3100.0,1500.0,149198.92,3625.2156,22800.818,141268.56,30128.56,-16.10144,5608.6377,66942.01,4819.973
1991,2018-09-12,320.8369,331.09845,323.764,322.94592,272.3915,345.1791,329.17432,293.53696,302.4454,304.98535,251.63171,320.8465,329.38617,326.48962,342.13052,329.9971,323.74554,321.59763,321.3781,306.95386,274.30444,300.06308,292.98068,295.50226,297.54285,335.02628,-129805.02,8664.104,3142.5984,-84215.63,3100.0,1500.0,149090.94,3627.6487,22866.828,141836.81,30127.883,-16.148788,5649.357,66946.59,4823.0957
1992,2018-09-19,320.84244,331.0996,323.76492,322.9473,272.3918,345.1906,329.18103,293.38947,302.4469,304.98676,251.63168,320.84775,329.38245,326.49356,342.13043,329.99655,323.74796,321.60577,321.37772,306.9555,274.30444,300.0636,292.9806,295.4997,297.5445,335.02628,-129833.45,8672.676,3143.8752,-84218.92,3100.0,1500.0,149108.69,3630.045,22884.604,141801.33,30132.803,-16.120949,5709.2593,66944.32,4825.416
1993,2018-09-26,320.85376,331.10397,323.76627,322.9495,272.39212,345.2002,329.18777,293.4108,302.4484,304.98816,251.63165,320.84927,329.3845,326.50436,342.13046,330.00095,323.75125,321.61887,321.39035,306.9697,274.30444,300.06415,292.98056,295.4985,297.54572,335.02628,-129987.29,8613.31,3143.992,-84216.28,3100.0,1500.0,149062.72,3632.475,22952.316,142142.73,30137.475,-16.107025,5660.5107,66942.96,4826.7734
1994,2018-10-03,320.83932,331.1046,323.76865,322.95187,272.39243,345.2108,329.19446,293.3894,302.44977,304.98666,251.63164,320.85156,329.38605,326.5013,342.1306,330.0045,323.75574,321.61807,321.38788,306.92438,274.30444,300.06467,292.98056,295.49796,297.54672,335.02628,-130005.18,8876.266,3142.8313,-84218.734,3100.0,1500.0,149079.86,3634.9883,22795.6,141763.47,30126.947,-16.1148,5715.3066,66943.47,4827.82
1995,2018-10-10,320.81525,331.096,323.76392,322.94632,272.39273,345.22107,329.20108,293.2581,302.4509,304.9846,251.6316,320.85236,329.35742,326.47464,342.13058,329.9973,323.7585,321.58932,321.35727,306.8969,274.3044,300.06512,292.9806,295.49884,297.5474,335.02628,-129647.35,8972.889,3144.4548,-84213.836,3100.0,1500.0,149285.89,3637.5256,22627.31,140869.1,30126.236,-16.041435,5738.3647,66938.06,4828.8154
1996,2018-10-17,320.8159,331.09564,323.75906,322.94205,272.393,345.23053,329.2077,293.27997,302.45178,304.9863,251.63159,320.85046,329.37048,326.49258,342.1303,329.99347,323.75644,321.59073,321.37518,306.9347,274.3044,300.06567,292.98068,295.49854,297.54797,335.02628,-129749.2,8775.606,3141.6694,-84213.56,3100.0,1500.0,149119.83,3639.9265,22774.637,141615.05,30133.686,-16.042076,5730.3345,66940.016,4829.9775
1997,2018-10-24,320.7974,331.09457,323.759,322.942,272.39325,345.23923,329.21426,292.91235,302.45236,304.9848,251.63155,320.8504,329.35056,326.48135,342.13028,329.99234,323.75714,321.58405,321.3562,306.88226,274.3044,300.06625,292.98077,295.4961,297.54852,335.02628,-129567.97,9069.436,3148.0542,-84210.7,3100.0,1500.0,149274.84,3642.3682,22595.793,140808.81,30131.955,-15.879501,5948.629,66927.31,4831.567
1998,2018-10-31,320.77573,331.08978,323.75342,322.936,272.39346,345.24075,329.22083,292.31708,302.45258,304.98312,251.63148,320.8487,329.3428,326.46765,342.13016,329.98828,323.75504,321.5579,321.34497,306.87024,274.3044,300.0668,292.98093,295.4892,297.5485,335.02628,-129377.81,9085.504,3168.9507,-84186.74,3100.0,1500.0,149295.66,3644.8403,22499.48,140557.62,30157.037,-15.483528,6142.638,66895.97,4833.789
1999,2018-11-07,320.76245,331.0701,323.74603,322.92767,272.39368,345.19998,329.2273,292.402,302.4521,304.9829,251.6314,320.8458,329.32294,326.43448,342.12988,329.97543,323.75064,321.53967,321.32675,306.87228,274.3044,300.06735,292.98108,295.48355,297.54767,335.02628,-129071.05,9043.75,3179.8633,-84159.57,3100.0,1500.0,149533.55,3647.2346,22491.264,140095.56,30172.756,-15.268372,5979.138,66883.06,4836.323
2000,2018-11-14,320.78754,331.06885,323.74304,322.9254,272.39383,345.13577,329.23358,292.86108,302.45047,304.98672,251.6313,320.84207,329.34976,326.46957,342.12912,329.96637,323.7445,321.5616,321.35507,306.93433,274.3044,300.06787,292.9813,295.48853,297.5465,335.02628,-129299.5,8732.928,3165.9312,-84157.555,3100.0,1500.0,149274.3,3649.505,22770.639,141257.98,30170.838,-15.346733,5830.25,66896.42,4838.7363
2001,2018-11-21,320.77914,331.07016,323.74527,322.92828,272.39392,345.1102,329.23932,292.48282,302.4479,304.98593,251.63121,320.842,329.32095,326.45056,342.129,329.96625,323.74445,321.5677,321.34357,306.8761,274.3044,300.06842,292.9815,295.48456,297.5461,335.02628,-129226.08,9079.47,3169.9954,-84162.11,3100.0,1500.0,149500.9,3651.8235,22596.354,140472.84,30167.32,-15.169876,6117.9824,66884.9,4840.6216
2002,2018-11-28,320.7686,331.05545,323.73746,322.92047,272.39398,345.07944,329.24423,291.51877,302.44498,304.9847,251.63112,320.84048,329.3011,326.42337,342.12885,329.9589,323.7428,321.55142,321.3323,306.87756,274.3044,300.0689,292.98178,295.47238,297.54523,335.02628,-129016.81,9030.293,3205.984,-84129.5,3100.0,1500.0,149664.17,3654.036,22557.303,140170.81,30212.787,-14.553482,6476.3726,66833.41,4842.0054
2003,2018-12-05,320.73538,331.03152,323.72626,322.90762,272.394,345.04797,329.24808,291.03403,302.44156,304.98093,251.63104,320.83646,329.27808,326.3985,342.1281,329.94092,323.73624,321.51102,321.28412,306.82172,274.3044,300.06927,292.98203,295.46106,297.54318,335.02628,-128391.75,9274.794,3238.3765,-84077.74,3100.0,1500.0,149886.52,3656.0205,22306.129,138873.47,30240.164,-13.975334,6552.7,66789.305,4843.1704
2004,2018-12-12,320.74866,331.02545,323.72098,322.9034,272.39398,345.009,329.25064,291.48764,302.43695,304.9835,251.63097,320.83026,329.30045,326.42618,342.12708,329.92944,323.72525,321.52457,321.32822,306.8998,274.3044,300.06958,292.98233,295.46262,297.54022,335.02628,-128701.14,8868.499,3237.3325,-84042.98,3100.0,1500.0,149685.9,3657.482,22636.498,140449.81,30252.0,-13.805023,6233.349,66785.98,4844.221
2005,2018-12-19,320.7458,331.02658,323.72467,322.90686,272.3939,344.97595,329.25165,291.9171,302.43088,304.9837,251.63087,320.8288,329.29132,326.429,342.12665,329.91907,323.72275,321.52243,321.3013,306.85226,274.3044,300.0699,292.98264,295.4619,297.5381,335.02628,-128509.34,9115.766,3225.954,-84049.1,3100.0,1500.0,149786.03,3658.5312,22479.027,139611.3,30235.658,-13.84446,6195.7764,66798.75,4845.251
2006,2018-12-26,320.7239,331.0123,323.71793,322.89948,272.3937,344.95682,329.25098,291.33365,302.42398,304.98108,251.63078,320.82562,329.26178,326.39603,342.12637,329.9076,323.71927,321.5076,321.28226,306.8321,274.3044,300.07013,292.98294,295.45468,297.5361,335.02628,-128198.09,9216.658,3247.433,-84037.875,3100.0,1500.0,150027.08,3659.1997,22402.223,138969.77,30258.408,-13.43972,6500.0396,66766.98,4846.418
2007,2019-01-02,320.68393,330.99615,323.7049,322.88684,272.3935,344.9282,329.24863,290.5937,302.417,304.97656,251.63069,320.82034,329.2284,326.37695,342.12576,329.89478,323.71265,321.47467,321.26465,306.77682,274.3044,300.07025,292.98328,295.44266,297.53345,335.02628,-127847.7,9473.807,3283.5327,-83996.74,3100.0,1500.0,150193.0,3659.2927,22171.135,138262.7,30287.957,-12.838753,6748.346,66717.97,4847.743
2008,2019-01-09,320.68567,330.99466,323.69647,322.8805,272.39322,344.89474,329.24475,290.6966,302.40982,304.97748,251.6306,320.81464,329.21744,326.3915,342.12518,329.89017,323.70334,321.47244,321.28366,306.8325,274.3044,300.07025,292.9836,295.43832,297.52972,335.02628,-127927.516,9158.561,3300.8335,-83950.79,3100.0,1500.0,150088.86,3658.6301,22380.193,139098.39,30314.773,-12.500282,6521.71,66695.836,4848.923
2009,2019-01-16,320.6927,330.9958,323.69882,322.87988,272.3929,344.86096,329.2394,291.49667,302.40198,304.9779,251.63051,320.81134,329.2554,326.36884,342.12524,329.8844,323.69763,321.48285,321.26263,306.82336,274.3044,300.07022,292.98392,295.44113,297.5263,335.02628,-127708.13,9230.2295,3285.7402,-83946.414,3100.0,1500.0,149871.67,3657.3945,22404.082,138617.36,30296.37,-12.637215,6224.9463,66715.76,4849.631
2010,2019-01-23,320.62552,330.9859,323.6874,322.8671,272.39255,344.82645,329.23254,291.89667,302.39377,304.97003,251.63043,320.80597,329.184,326.31738,342.12537,329.86948,323.6887,321.41843,321.20807,306.69247,274.3044,300.0701,292.98425,295.43988,297.52365,335.02628,-126984.98,9849.651,3283.651,-83958.8,3100.0,1500.0,150357.45,3655.8855,21840.469,136553.66,30268.732,-12.729393,6128.001,66725.78,4849.623
2011,2019-01-30,320.57153,330.96353,323.66595,322.84647,272.39212,344.78885,329.22406,292.0283,302.38614,304.96616,251.63037,320.79602,329.14508,326.2951,342.125,329.8515,323.66968,321.36392,321.19766,306.70056,274.3044,300.0698,292.98456,295.43735,297.52072,335.02628,-126564.49,9732.994,3292.2412,-83962.58,3100.0,1500.0,150542.19,3653.6943,21798.598,136452.34,30281.057,-12.750008,6100.7236,66722.84,4849.1094
2012,2019-02-06,320.5395,330.94632,323.6562,322.83713,272.3917,344.76117,329.21402,292.08957,302.3798,304.96454,251.63033,320.78665,329.15152,326.3034,342.12408,329.83575,323.6485,321.3432,321.1974,306.6909,274.3044,300.06934,292.98486,295.43622,297.5175,335.02628,-126419.25,9773.599,3299.2065,-83960.15,3100.0,1500.0,150505.61,3650.772,21783.328,136595.12,30283.459,-12.783936,6088.8896,66718.56,4848.341
2013,2019-02-13,320.59906,330.95657,323.66644,322.8474,272.3913,344.75153,329.20285,292.23642,302.375,304.97195,251.63028,320.78125,329.22913,326.36066,342.12335,329.83856,323.63354,321.3956,321.25302,306.83868,274.30444,300.06882,292.98514,295.43982,297.5144,335.02628,-127055.95,9022.026,3295.376,-83957.59,3100.0,1500.0,150007.72,3647.0898,22416.264,138961.83,30306.848,-12.892952,6015.719,66721.516,4847.464
2014,2019-02-20,320.58664,330.96042,323.67575,322.85495,272.39093,344.74384,329.191,292.36835,302.3717,304.9689,251.63025,320.7818,329.19397,326.32764,342.12347,329.84515,323.6321,321.37927,321.20062,306.71844,274.30444,300.0683,292.98538,295.43887,297.51248,335.02628,-126661.445,9648.099,3292.706,-83964.55,3100.0,1500.0,150416.62,3643.2705,21975.998,136918.03,30279.012,-13.042564,5997.433,66728.05,4846.6167
2015,2019-02-27,320.5412,330.95016,323.66772,322.84586,272.39056,344.73715,329.17865,292.3342,302.36978,304.96344,251.63022,320.7774,329.19446,326.3183,342.12335,329.8376,323.625,321.33212,321.19174,306.69528,274.30444,300.06772,292.9856,295.43668,297.5105,335.02628,-126433.0,9711.499,3303.2705,-83964.46,3100.0,1500.0,150392.9,3639.301,21817.488,136761.69,30283.72,-13.074371,6016.3804,66722.195,4845.845
2016,2019-03-06,320.5356,330.9433,323.66525,322.84308,272.39023,344.76285,329.16614,292.3763,302.36896,304.96365,251.63019,320.7729,329.2002,326.31366,342.12302,329.831,323.6151,321.32898,321.2003,306.73715,274.30444,300.06702,292.98578,295.43518,297.50815,335.02628,-126448.51,9483.612,3311.1653,-83959.64,3100.0,1500.0,150373.19,3634.857,21985.566,137230.33,30297.666,-13.123978,5984.6865,66718.18,4845.046
2017,2019-03-13,320.5858,330.95398,323.6721,322.85095,272.38992,344.77286,329.1537,292.4093,302.36893,304.9685,251.63017,320.77097,329.2416,326.3541,342.1229,329.83536,323.60956,321.37793,321.2451,306.8259,274.30444,300.06628,292.98593,295.43857,297.50598,335.02628,-126975.94,9065.204,3308.61,-83958.32,3100.0,1500.0,150053.69,3630.1592,22401.451,138832.92,30307.852,-13.213409,5995.5103,66719.49,4844.1035
2018,2019-03-20,320.59128,330.96436,323.68454,322.8639,272.38965,344.74112,329.1417,292.46652,302.3695,304.96786,251.63017,320.774,329.24924,326.36716,342.12332,329.84216,323.61307,321.37415,321.2477,306.77026,274.30444,300.0656,292.98605,295.43723,297.50473,335.02628,-127201.24,9329.507,3310.235,-83959.086,3100.0,1500.0,150090.25,3625.6382,22175.291,138572.69,30295.438,-13.293564,5946.962,66721.45,4842.8726
2019,2019-03-27,320.60223,330.96216,323.6885,322.8667,272.38937,344.70862,329.1304,292.6721,302.37048,304.9683,251.63019,320.7765,329.25504,326.35126,342.12366,329.84448,323.61578,321.372,321.24304,306.81604,274.30444,300.06494,292.9861,295.4365,297.5036,335.02628,-127199.13,9071.586,3312.0928,-83962.87,3100.0,1500.0,150123.9,3621.2717,22320.064,138668.81,30306.082,-13.424423,5865.684,66726.23,4840.677
2020,2019-04-03,320.62735,330.9629,323.68912,322.86646,272.38913,344.72696,329.12,292.85507,302.3718,304.9692,251.63025,320.77737,329.2658,326.34555,342.12366,329.8422,323.617,321.39923,321.24777,306.8416,274.30444,300.06427,292.9861,295.4385,297.50262,335.02628,-127237.7,8985.037,3309.4233,-83969.35,3100.0,1500.0,150076.72,3617.0527,22473.723,138833.14,30302.963,-13.586182,5803.5693,66733.48,4837.2007
2021,2019-04-10,320.64706,330.9707,323.69196,322.87027,272.3889,344.79822,329.1106,292.95532,302.37347,304.969,251.63034,320.77838,329.27142,326.3711,342.12375,329.8482,323.61963,321.4195,321.26166,306.84375,274.30444,300.0636,292.9861,295.44446,297.50223,335.02628,-127432.49,9000.842,3300.8318,-83979.055,3100.0,1500.0,149998.67,3613.1526,22506.004,139185.31,30287.477,-13.77433,5790.1772,66744.305,4833.208
2022,2019-04-17,320.65863,330.98816,323.70053,322.87927,272.38867,344.81693,329.1025,292.81448,302.3757,304.96838,251.63045,320.78113,329.29852,326.39267,342.12418,329.8635,323.62515,321.44324,321.2819,306.84647,274.30444,300.063,292.98602,295.44492,297.50256,335.02628,-127752.36,9038.021,3301.0662,-83989.45,3100.0,1500.0,149745.31,3609.6113,22554.256,139655.52,30282.6,-13.86377,5886.975,66747.016,4829.5654
2023,2019-04-24,320.6898,331.0066,323.71133,322.8906,272.38852,344.81784,329.0961,292.86304,302.3784,304.9701,251.63055,320.7858,329.31696,326.4114,342.12503,329.88257,323.63336,321.47043,321.3033,306.8871,274.30447,300.06238,292.98593,295.44415,297.50296,335.02628,-128124.15,8838.087,3304.1992,-83989.2,3100.0,1500.0,149628.94,3606.456,22711.574,140334.11,30290.506,-13.928612,5788.8916,66747.95,4826.764
2024,2019-05-01,320.72235,331.02142,323.7203,322.89993,272.38837,344.86313,329.0913,293.2422,302.38135,304.97195,251.63066,320.79153,329.3281,326.4281,342.1259,329.89777,323.64517,321.4949,321.3146,306.90924,274.30447,300.06177,292.98578,295.44824,297.5035,335.02628,-128379.836,8740.924,3292.706,-84001.6,3100.0,1500.0,149559.23,3603.8315,22806.852,140649.72,30278.969,-14.195534,5659.1094,66766.91,4824.1724
2025,2019-05-08,320.71365,331.02374,323.7225,322.90137,272.38824,344.9268,329.08804,293.4316,302.3845,304.9693,251.63077,320.7964,329.3128,326.40488,342.1265,329.90604,323.657,321.48288,321.29016,306.85553,274.30447,300.06116,292.9856,295.45374,297.50464,335.02628,-128192.53,9017.604,3281.0994,-84020.23,3100.0,1500.0,149699.5,3601.9207,22572.12,139685.94,30251.92,-14.444588,5611.7334,66784.24,4821.847
2026,2019-05-15,320.71664,331.0304,323.7223,322.90152,272.38818,344.97336,329.08633,293.36966,302.38797,304.969,251.63087,320.79816,329.3325,326.4271,342.12674,329.91327,323.66187,321.49136,321.31137,306.8859,274.30447,300.0606,292.98538,295.45844,297.5061,335.02628,-128398.59,8880.767,3273.9004,-84038.07,3100.0,1500.0,149491.42,3600.5215,22686.271,140417.95,30246.068,-14.620285,5686.616,66794.945,4820.2207
2027,2019-05-22,320.73926,331.04218,323.73035,322.91043,272.38812,345.01257,329.08618,293.25616,302.3919,304.97113,251.63095,320.80203,329.34665,326.44458,342.12714,329.9268,323.6679,321.51248,321.33087,306.90887,274.30447,300.0601,292.98514,295.46136,297.50787,335.02628,-128717.32,8776.221,3269.2583,-84046.87,3100.0,1500.0,149420.97,3599.5674,22782.484,140958.36,30242.902,-14.71994,5706.503,66800.56,4819.6196
2028,2019-05-29,320.76523,331.05524,323.73868,322.9191,272.38812,345.03726,329.08752,293.3896,302.3962,304.9733,251.63103,320.80728,329.36215,326.4606,342.12762,329.94043,323.67773,321.53384,321.34326,306.93073,274.30447,300.0597,292.98486,295.4656,297.50986,335.02628,-128974.836,8677.983,3257.7637,-84058.46,3100.0,1500.0,149292.25,3599.2063,22874.31,141331.97,30233.33,-14.906876,5637.8984,66815.516,4819.5806
2029,2019-06-05,320.7567,331.0554,323.7417,322.92114,272.38818,345.0573,329.0902,293.54904,302.40063,304.97162,251.63109,320.8122,329.35138,326.43613,342.12817,329.94446,323.6886,321.52527,321.3234,306.88376,274.30447,300.05948,292.9846,295.46918,297.51218,335.02628,-128829.44,8921.216,3246.3875,-84076.21,3100.0,1500.0,149431.86,3599.515,22671.027,140484.16,30210.607,-15.118126,5589.047,66832.81,4819.6255
2030,2019-06-12,320.7617,331.0599,323.74036,322.92062,272.38824,345.0766,329.094,293.55814,302.4051,304.97232,251.63113,320.81424,329.3573,326.4598,342.1283,329.94727,323.6939,321.52823,321.33862,306.91318,274.30447,300.05936,292.98428,295.47272,297.51443,335.02628,-128978.945,8754.266,3238.261,-84092.84,3100.0,1500.0,149319.33,3600.2703,22763.057,141094.5,30208.15,-15.270874,5611.9116,66844.234,4819.673
2031,2019-06-19,320.76547,331.06845,323.74506,322.92572,272.38837,345.08936,329.0987,293.38617,302.40958,304.97287,251.6312,320.8176,329.36258,326.46286,342.12857,329.9572,323.69904,321.53848,321.34424,306.8936,274.30447,300.0592,292.98395,295.4767,297.51672,335.02628,-129109.74,8840.124,3231.41,-84103.85,3100.0,1500.0,149267.5,3601.416,22711.357,141094.0,30196.508,-15.343285,5704.315,66849.86,4819.66
2032,2019-06-26,320.78854,331.07764,323.74966,322.93088,272.38852,345.097,329.10413,293.36746,302.41403,304.9756,251.63124,320.82123,329.37445,326.4788,342.12894,329.96707,323.70486,321.55737,321.36023,306.9437,274.30447,300.0591,292.9836,295.4817,297.51904,335.02628,-129344.67,8637.187,3220.7312,-84110.62,3100.0,1500.0,149170.28,3602.8933,22897.762,141674.97,30192.84,-15.430489,5663.4126,66859.73,4819.464
2033,2019-07-03,320.7955,331.08084,323.75354,322.9342,272.3887,345.09906,329.1101,293.56073,302.4183,304.97635,251.6313,320.82535,329.37363,326.46793,342.12933,329.97177,323.7132,321.56372,321.3512,306.92352,274.30447,300.05914,292.98328,295.48557,297.5217,335.02628,-129319.41,8759.88,3205.4055,-84128.164,3100.0,1500.0,149212.14,3604.7185,22821.13,141255.55,30172.883,-15.626221,5597.2266,66879.945,4819.0527
2034,2019-07-10,320.78207,331.08023,323.75177,322.93265,272.38892,345.085,329.11655,293.6264,302.4223,304.97516,251.63138,320.8276,329.36243,326.46863,342.12952,329.97363,323.7183,321.5511,321.34805,306.90024,274.30444,300.05936,292.98294,295.4869,297.52438,335.02628,-129275.2,8884.839,3198.2078,-84146.26,3100.0,1500.0,149269.11,3606.8635,22695.312,141016.2,30161.035,-15.755104,5586.0303,66892.3,4818.541
2035,2019-07-17,320.78555,331.08444,323.7522,322.9333,272.38916,345.0911,329.12317,293.38034,302.4261,304.97635,251.63144,320.82916,329.372,326.47693,342.12958,329.9751,323.7207,321.5576,321.35413,306.92502,274.30444,300.05966,292.9826,295.4869,297.52667,335.02628,-129350.83,8768.6455,3197.626,-84156.67,3100.0,1500.0,149162.73,3609.0945,22788.88,141333.55,30168.508,-15.747322,5741.8965,66891.07,4818.311
2036,2019-07-24,320.81046,331.09134,323.7569,322.93872,272.38943,345.0913,329.1298,293.25497,302.42972,304.97952,251.63148,320.8317,329.38382,326.49097,342.12976,329.98276,323.72366,321.57877,321.3731,306.95752,274.30444,300.06,292.9823,295.4902,297.5287,335.02628,-129609.164,8611.273,3193.912,-84152.984,3100.0,1500.0,149089.56,3611.353,22927.816,141929.31,30170.037,-15.710815,5708.864,66890.48,4818.3857
2037,2019-07-31,320.83087,331.09848,323.76297,322.94504,272.38974,345.1013,329.1364,293.5041,302.43298,304.98206,251.63153,320.83572,329.39368,326.49896,342.13007,329.99146,323.72906,321.5963,321.38156,306.96457,274.30444,300.0604,292.98203,295.49536,297.53104,335.02628,-129792.9,8594.508,3175.4526,-84165.58,3100.0,1500.0,149039.94,3613.7065,22967.512,142105.81,30152.785,-15.890152,5622.7603,66911.086,4818.538
2038,2019-08-07,320.812,331.093,323.76144,322.94266,272.39,345.1206,329.1429,293.4884,302.43576,304.9802,251.63159,320.83896,329.36417,326.46954,342.1303,329.99,323.73428,321.57275,321.34903,306.90726,274.30444,300.0609,292.98175,295.4948,297.53366,335.02628,-129468.43,8870.309,3169.7632,-84181.77,3100.0,1500.0,149271.12,3616.209,22698.85,140925.02,30140.08,-15.955437,5663.847,66919.555,4818.703
2039,2019-08-14,320.8115,331.0933,323.75815,322.93915,272.39032,345.1392,329.14938,293.2868,302.43826,304.98096,251.63162,320.83862,329.39,326.4886,342.13016,329.98596,323.73337,321.575,321.36386,306.94443,274.30444,300.0614,292.98148,295.49478,297.53574,335.02628,-129556.71,8687.057,3171.273,-84185.94,3100.0,1500.0,149041.67,3618.6235,22835.662,141623.77,30151.002,-15.898834,5752.8,66915.78,4818.88
2040,2019-08-21,320.83148,331.09778,323.7654,322.94614,272.39062,345.1563,329.15588,293.28372,302.44052,304.98376,251.63167,320.84042,329.41016,326.4942,342.13022,329.99176,323.7356,321.59634,321.37894,306.9642,274.30444,300.0619,292.98126,295.49652,297.53748,335.02628,-129788.58,8606.467,3166.3958,-84184.98,3100.0,1500.0,148991.08,3620.9138,22939.59,142046.02,30149.71,-15.896072,5704.3438,66918.77,4819.1294
2041,2019-08-28,320.84836,331.10376,323.77127,322.9522,272.39093,345.16833,329.1624,293.48123,302.4424,304.98578,251.6317,320.8437,329.4172,326.50635,342.1304,329.99823,323.74057,321.61212,321.38785,306.97104,274.30444,300.06235,292.98108,295.49957,297.53934,335.02628,-129968.62,8588.241,3153.7454,-84194.65,3100.0,1500.0,148962.9,3623.2617,22977.182,142254.08,30138.867,-16.017334,5634.674,66933.12,4820.0283
2042,2019-09-04,320.83865,331.10178,323.76923,322.95032,272.39127,345.17102,329.16904,293.57492,302.44397,304.9847,251.63173,320.84656,329.37793,326.48706,342.13058,330.0004,323.74554,321.599,321.35928,306.93277,274.30444,300.06277,292.98093,295.49957,297.54132,335.02628,-129691.055,8777.528,3147.3582,-84207.75,3100.0,1500.0,149198.88,3625.7295,22800.781,141268.84,30128.338,-16.102806,5608.6714,66942.375,4819.958
2043,2019-09-11,320.83698,331.09845,323.764,322.94592,272.39154,345.18155,329.1757,293.53702,302.44543,304.9855,251.63171,320.8465,329.38617,326.48962,342.13052,329.9971,323.74557,321.59766,321.37814,306.9539,274.30444,300.06323,292.98083,295.50235,297.54297,335.02628,-129805.336,8664.104,3141.902,-84216.1,3100.0,1500.0,149090.88,3628.1611,22866.793,141837.1,30127.666,-16.150146,5649.389,66946.95,4823.082
2044,2019-09-18,320.8425,331.0996,323.76495,322.94733,272.39185,345.19302,329.18243,293.38953,302.44693,304.9869,251.63167,320.84778,329.38248,326.49356,342.13043,329.99655,323.748,321.60583,321.37772,306.95554,274.3044,300.06375,292.98074,295.4998,297.54462,335.02628,-129833.734,8672.522,3143.178,-84219.39,3100.0,1500.0,149108.66,3630.558,22884.568,141801.61,30132.59,-16.122307,5709.291,66944.68,4825.4014
2045,2019-09-25,320.8538,331.104,323.76627,322.9495,272.39215,345.2026,329.18918,293.41086,302.44843,304.98834,251.63165,320.84927,329.38452,326.50436,342.13046,330.00095,323.75128,321.6189,321.39035,306.96973,274.3044,300.06427,292.9807,295.4986,297.54584,335.02628,-129987.66,8613.193,3143.411,-84216.78,3100.0,1500.0,149062.67,3632.9897,22952.277,142143.0,30137.264,-16.1083,5660.5415,66943.3,4826.7593
2046,2019-10-02,320.83936,331.1046,323.76865,322.95187,272.39246,345.2132,329.19583,293.38947,302.4498,304.98682,251.63162,320.85156,329.38605,326.5013,342.1306,330.00452,323.75577,321.6181,321.38788,306.92444,274.3044,300.0648,292.9807,295.49802,297.54684,335.02628,-130005.33,8876.113,3141.7854,-84219.24,3100.0,1500.0,149079.81,3635.5015,22795.56,141763.73,30126.742,-16.116196,5715.3364,66943.82,4827.806
2047,2019-10-09,320.81528,331.096,323.76392,322.94632,272.39276,345.22345,329.20245,293.25818,302.45093,304.98474,251.6316,320.8524,329.35742,326.47464,342.13058,329.99734,323.75854,321.58936,321.3573,306.89697,274.3044,300.06525,292.98074,295.4989,297.5475,335.02628,-129647.54,8972.735,3143.6423,-84214.336,3100.0,1500.0,149285.86,3638.0352,22627.275,140869.33,30126.035,-16.042831,5738.395,66938.4,4828.8013
2048,2019-10-16,320.81595,331.09564,323.75906,322.94208,272.39304,345.2329,329.20905,293.28003,302.4518,304.98645,251.63158,320.85046,329.37048,326.49258,342.1303,329.99347,323.75647,321.59076,321.37518,306.93472,274.3044,300.0658,292.9808,295.4986,297.5481,335.02628,-129749.41,8775.452,3141.0908,-84213.85,3100.0,1500.0,149119.78,3640.4324,22774.598,141615.28,30133.486,-16.043182,5730.3633,66940.34,4829.964
2049,2019-10-23,320.79742,331.09457,323.759,322.942,272.39328,345.2416,329.21564,292.9124,302.45236,304.98495,251.63153,320.85043,329.35056,326.48138,342.13028,329.99237,323.75717,321.58408,321.3562,306.88232,274.3044,300.06638,292.98093,295.49615,297.54865,335.02628,-129568.125,9069.319,3147.1265,-84211.14,3100.0,1500.0,149274.81,3642.8704,22595.754,140809.05,30131.762,-15.880768,5948.657,66927.65,4831.553
2050,2019-10-30,320.7758,331.0898,323.75342,322.93604,272.3935,345.24313,329.22217,292.31714,302.4526,304.98328,251.63147,320.8487,329.3428,326.46765,342.13016,329.98828,323.75507,321.55792,321.345,306.8703,274.3044,300.06693,292.98105,295.4893,297.5486,335.02628,-129377.95,9085.389,3168.4863,-84187.19,3100.0,1500.0,149295.61,3645.3416,22499.44,140557.86,30156.846,-15.484688,6142.667,66896.29,4833.7764
2051,2019-11-06,320.7625,331.07013,323.74603,322.92767,272.3937,345.20233,329.22867,292.40207,302.4521,304.98306,251.6314,320.8458,329.32294,326.43448,342.12988,329.97543,323.75064,321.5397,321.32675,306.8723,274.3044,300.06747,292.98123,295.48364,297.54776,335.02628,-129071.3,9043.598,3179.399,-84159.96,3100.0,1500.0,149533.52,3647.734,22491.225,140095.77,30172.57,-15.269615,5979.165,66883.39,4836.3105
2052,2019-11-13,320.78757,331.06888,323.74304,322.9254,272.39386,345.13812,329.23492,292.86115,302.45047,304.98688,251.6313,320.8421,329.3498,326.46957,342.12912,329.9664,323.7445,321.56165,321.3551,306.93436,274.3044,300.068,292.9814,295.48862,297.5466,335.02628,-129299.62,8732.813,3165.5833,-84157.836,3100.0,1500.0,149274.27,3650.0015,22770.598,141258.19,30170.652,-15.347893,5830.276,66896.74,4838.7236
2053,2019-11-20,320.7792,331.07016,323.74527,322.92828,272.39395,345.11252,329.24066,292.48288,302.4479,304.98608,251.63121,320.84204,329.32095,326.45056,342.129,329.96628,323.74448,321.56772,321.34357,306.87616,274.3044,300.06854,292.98166,295.48462,297.54623,335.02628,-129226.28,9079.394,3169.532,-84162.57,3100.0,1500.0,149500.86,3652.3174,22596.312,140473.03,30167.137,-15.171005,6118.0103,66885.2,4840.6084
2054,2019-11-27,320.76865,331.05545,323.7375,322.92047,272.394,345.0818,329.24554,291.5188,302.44498,304.98486,251.63112,320.8405,329.30112,326.42337,342.12885,329.9589,323.7428,321.55145,321.3323,306.8776,274.3044,300.069,292.9819,295.47247,297.54532,335.02628,-129017.01,9030.179,3205.4048,-84129.65,3100.0,1500.0,149664.14,3654.5266,22557.264,140171.0,30212.61,-14.554543,6476.3984,66833.72,4841.9927
2055,2019-12-04,320.73544,331.03152,323.72626,322.90762,272.39404,345.0503,329.2494,291.0341,302.4416,304.98108,251.63104,320.83646,329.27808,326.3985,342.1281,329.94092,323.73624,321.51102,321.28412,306.82178,274.3044,300.0694,292.98218,295.46115,297.54327,335.02628,-128391.98,9274.68,3237.6807,-84078.06,3100.0,1500.0,149886.48,3656.5078,22306.092,138873.64,30239.988,-13.976372,6552.7266,66789.62,4843.158
2056,2019-12-11,320.7487,331.02545,323.721,322.9034,272.394,345.0113,329.25195,291.4877,302.43698,304.98364,251.63095,320.83026,329.30045,326.42618,342.12708,329.92947,323.72528,321.5246,321.32825,306.89984,274.3044,300.06967,292.98245,295.46268,297.54034,335.02628,-128701.336,8868.423,3236.8696,-84043.36,3100.0,1500.0,149685.88,3657.9658,22636.459,140449.98,30251.826,-13.8059845,6233.374,66786.28,4844.209
2057,2019-12-18,320.74582,331.02658,323.72467,322.90686,272.39392,344.97827,329.25296,291.91714,302.43088,304.98383,251.63087,320.8288,329.29132,326.42902,342.12665,329.91907,323.72275,321.52243,321.30133,306.8523,274.3044,300.07,292.98276,295.46198,297.53818,335.02628,-128509.49,9115.612,3225.4897,-84049.555,3100.0,1500.0,149786.02,3659.0117,22478.992,139611.47,30235.488,-13.845566,6195.8013,66799.05,4845.2383
2058,2019-12-25,320.72394,331.0123,323.71793,322.89948,272.39374,344.9591,329.25226,291.3337,302.42398,304.98123,251.63078,320.82562,329.26178,326.39603,342.12637,329.9076,323.71927,321.5076,321.2823,306.83212,274.3044,300.07025,292.9831,295.45474,297.5362,335.02628,-128198.336,9216.543,3246.9688,-84038.18,3100.0,1500.0,150027.05,3659.6765,22402.186,138969.94,30258.246,-13.440735,6500.065,66767.27,4846.405
2059,2020-01-01,320.68396,330.9962,323.7049,322.88684,272.39352,344.93048,329.2499,290.59375,302.417,304.9767,251.63069,320.82034,329.2284,326.37695,342.12576,329.89478,323.71265,321.47467,321.26465,306.77686,274.3044,300.07034,292.9834,295.44272,297.53354,335.02628,-127847.85,9473.691,3283.0693,-83997.11,3100.0,1500.0,150192.97,3659.7664,22171.1,138262.84,30287.795,-12.839722,6748.37,66718.26,4847.731
2060,2020-01-08,320.6857,330.99466,323.69647,322.8805,272.39325,344.897,329.246,290.69666,302.40982,304.97763,251.63058,320.81467,329.21744,326.39154,342.12518,329.89017,323.70337,321.47244,321.28366,306.83252,274.3044,300.07034,292.98373,295.4384,297.52982,335.02628,-127927.695,9158.369,3300.1362,-83951.19,3100.0,1500.0,150088.83,3659.1008,22380.158,139098.55,30314.613,-12.501244,6521.7334,66696.11,4848.9097
2061,2020-01-15,320.69272,330.99582,323.69882,322.87988,272.39294,344.86325,329.24066,291.49673,302.40198,304.97803,251.6305,320.81134,329.25543,326.36884,342.12524,329.8844,323.69766,321.48288,321.26266,306.8234,274.3044,300.07034,292.98404,295.4412,297.5264,335.02628,-127708.266,9230.154,3285.0425,-83946.7,3100.0,1500.0,149871.64,3657.8604,22404.05,138617.52,30296.213,-12.638245,6224.9697,66716.03,4849.6196
2062,2020-01-22,320.62555,330.9859,323.6874,322.86713,272.39258,344.8287,329.2338,291.8967,302.3938,304.97018,251.63042,320.80597,329.184,326.3174,342.12537,329.86948,323.6887,321.41843,321.2081,306.6925,274.3044,300.0702,292.98438,295.43994,297.52374,335.02628,-126985.0,9849.536,3282.9536,-83959.17,3100.0,1500.0,150357.42,3656.346,21840.43,136553.8,30268.576,-12.730377,6128.023,66726.06,4849.6113
2063,2020-01-29,320.57156,330.96353,323.666,322.84647,272.39215,344.79108,329.22528,292.02832,302.38614,304.96628,251.63036,320.79602,329.14508,326.2951,342.125,329.8515,323.66968,321.36395,321.19766,306.7006,274.3044,300.0699,292.98468,295.4374,297.5208,335.02628,-126564.56,9732.916,3291.545,-83962.85,3100.0,1500.0,150542.17,3654.1492,21798.559,136452.5,30280.904,-12.750931,6100.745,66723.12,4849.0977
2064,2020-02-05,320.53952,330.94632,323.6562,322.83716,272.39172,344.7634,329.2152,292.08963,302.37982,304.96466,251.63031,320.78665,329.15152,326.3034,342.12408,329.8358,323.6485,321.3432,321.1974,306.69092,274.3044,300.06943,292.985,295.43628,297.51758,335.02628,-126419.36,9773.56,3298.5107,-83960.445,3100.0,1500.0,150505.6,3651.2217,21783.293,136595.23,30283.309,-12.784813,6088.911,66718.83,4848.329
2065,2020-02-12,320.5991,330.95657,323.66644,322.8474,272.39133,344.75375,329.20404,292.23648,302.37503,304.97208,251.63028,320.78125,329.22913,326.3607,342.12335,329.83856,323.63358,321.3956,321.25305,306.8387,274.3044,300.0689,292.98526,295.43988,297.5145,335.02628,-127056.1,9021.987,3294.6787,-83957.9,3100.0,1500.0,150007.69,3647.533,22416.23,138961.97,30306.705,-12.893929,6015.74,66721.78,4847.452
2066,2020-02-19,320.58664,330.96042,323.67575,322.85495,272.39093,344.74603,329.19217,292.3684,302.37173,304.96906,251.63025,320.7818,329.19397,326.32764,342.12347,329.84515,323.63214,321.3793,321.20062,306.71848,274.3044,300.0684,292.9855,295.4389,297.51254,335.02628,-126661.55,9648.06,3292.124,-83964.77,3100.0,1500.0,150416.6,3643.7068,21975.963,136918.16,30278.87,-13.043449,5997.4536,66728.31,4846.6055
2067,2020-02-26,320.54123,330.9502,323.66776,322.84586,272.3906,344.73935,329.1798,292.33426,302.36978,304.96356,251.63022,320.7774,329.19446,326.3183,342.12335,329.8376,323.62503,321.33215,321.19174,306.6953,274.30444,300.0678,292.98572,295.43674,297.51056,335.02628,-126433.125,9711.422,3302.6895,-83964.68,3100.0,1500.0,150392.89,3639.7324,21817.455,136761.81,30283.576,-13.075256,6016.4004,66722.45,4845.8345
2068,2020-03-04,320.53564,330.9433,323.66525,322.84308,272.39026,344.765,329.1673,292.37634,302.369,304.96378,251.63019,320.7729,329.2002,326.31366,342.12302,329.831,323.6151,321.32898,321.2003,306.73718,274.30444,300.0671,292.9859,295.4352,297.50824,335.02628,-126448.664,9483.536,3310.5857,-83959.93,3100.0,1500.0,150373.17,3635.2847,21985.531,137230.44,30297.531,-13.124893,5984.707,66718.44,4845.034
2069,2020-03-11,320.5858,330.954,323.6721,322.85098,272.38995,344.77505,329.15485,292.40936,302.36896,304.96863,251.63017,320.771,329.24164,326.3541,342.1229,329.83536,323.60956,321.37793,321.2451,306.82593,274.30444,300.06638,292.98605,295.43863,297.50607,335.02628,-126976.03,9065.089,3308.3782,-83958.58,3100.0,1500.0,150053.66,3630.5835,22401.418,138833.03,30307.717,-13.214279,5995.5303,66719.75,4844.092
2070,2020-03-18,320.5913,330.96436,323.68454,322.8639,272.38965,344.7433,329.14282,292.46658,302.3695,304.968,251.63016,320.774,329.24924,326.3672,342.12335,329.84216,323.61307,321.37418,321.2477,306.7703,274.30444,300.0657,292.98615,295.4373,297.50482,335.02628,-127201.305,9329.392,3310.0037,-83959.39,3100.0,1500.0,150090.22,3626.059,22175.254,138572.81,30295.3,-13.294373,5946.9814,66721.7,4842.862
2071,2020-03-25,320.60226,330.96216,323.6885,322.8667,272.3894,344.71075,329.13156,292.67215,302.37048,304.9684,251.63017,320.77652,329.25504,326.3513,342.12366,329.84448,323.6158,321.372,321.24307,306.81607,274.30444,300.06503,292.9862,295.43652,297.50366,335.02628,-127199.3,9071.586,3311.7446,-83963.15,3100.0,1500.0,150123.9,3621.6897,22320.031,138668.94,30305.947,-13.425194,5865.703,66726.48,4840.6665
2072,2020-04-01,320.62738,330.9629,323.68912,322.86646,272.38913,344.7291,329.12112,292.8551,302.3718,304.96933,251.63025,320.7774,329.2658,326.34555,342.12366,329.8422,323.61703,321.39926,321.24777,306.84164,274.30444,300.06433,292.98624,295.43857,297.50272,335.02628,-127237.83,8984.961,3308.9595,-83969.64,3100.0,1500.0,150076.72,3617.4685,22473.688,138833.25,30302.832,-13.587013,5803.5884,66733.72,4837.1895
2073,2020-04-08,320.6471,330.9707,323.69196,322.87027,272.38892,344.80032,329.1117,292.95535,302.3735,304.96912,251.63034,320.7784,329.27142,326.3711,342.12375,329.8482,323.61966,321.4195,321.26166,306.84378,274.30444,300.0637,292.9862,295.44452,297.50232,335.02628,-127432.516,9000.842,3300.4832,-83979.36,3100.0,1500.0,149998.66,3613.5662,22505.973,139185.39,30287.35,-13.77523,5790.195,66744.54,4833.198
2074,2020-04-15,320.65866,330.98816,323.70053,322.87927,272.3887,344.81903,329.10364,292.81454,302.3757,304.9685,251.63045,320.78113,329.29852,326.3927,342.12418,329.8635,323.62515,321.44324,321.2819,306.8465,274.30444,300.06308,292.98615,295.44498,297.50262,335.02628,-127752.43,9037.944,3300.2542,-83989.54,3100.0,1500.0,149745.31,3610.023,22554.225,139655.61,30282.475,-13.86467,5886.9927,66747.25,4829.555
2075,2020-04-22,320.6898,331.0066,323.71133,322.8906,272.38855,344.81995,329.09723,292.86307,302.37842,304.9702,251.63055,320.7858,329.31696,326.4114,342.12503,329.88257,323.63336,321.47043,321.3033,306.88712,274.30444,300.06244,292.98605,295.44418,297.50302,335.02628,-128124.266,8838.011,3303.9668,-83989.555,3100.0,1500.0,149628.94,3606.866,22711.541,140334.2,30290.38,-13.92952,5788.91,66748.19,4826.754
2076,2020-04-29,320.72238,331.02142,323.7203,322.89993,272.3884,344.8652,329.0924,293.24222,302.38138,304.97208,251.63066,320.79156,329.3281,326.4281,342.1259,329.89777,323.64517,321.4949,321.3146,306.90927,274.30444,300.06183,292.9859,295.4483,297.50357,335.02628,-128379.88,8740.887,3292.4736,-84001.88,3100.0,1500.0,149559.22,3604.2397,22806.82,140649.81,30278.848,-14.196289,5659.1265,66767.14,4824.1626
2077,2020-05-06,320.71365,331.02374,323.7225,322.90137,272.38828,344.92886,329.08914,293.43164,302.38452,304.96942,251.63077,320.79642,329.3128,326.40488,342.1265,329.90604,323.657,321.48288,321.2902,306.85556,274.30444,300.06125,292.98572,295.45377,297.5047,335.02628,-128192.65,9017.604,3280.7507,-84020.5,3100.0,1500.0,149699.48,3602.3276,22572.092,139686.03,30251.8,-14.445374,5611.751,66784.47,4821.838
2078,2020-05-13,320.71667,331.0304,323.7223,322.90152,272.3882,344.9754,329.08743,293.36972,302.38797,304.96912,251.63087,320.79816,329.3325,326.4271,342.12674,329.91327,323.66187,321.49136,321.31137,306.88593,274.30444,300.0607,292.9855,295.45847,297.5062,335.02628,-128398.664,8880.728,3273.3208,-84038.2,3100.0,1500.0,149491.39,3600.9272,22686.24,140418.05,30245.951,-14.621002,5686.634,66795.164,4820.2104
2079,2020-05-20,320.7393,331.04218,323.73038,322.91043,272.38815,345.01462,329.08728,293.2562,302.39194,304.97125,251.63095,320.80203,329.34665,326.44458,342.12714,329.9268,323.6679,321.5125,321.33087,306.90887,274.30444,300.06018,292.98526,295.4614,297.50793,335.02628,-128717.41,8776.221,3268.562,-84047.24,3100.0,1500.0,149420.94,3599.9722,22782.453,140958.45,30242.783,-14.720787,5706.5186,66800.78,4819.611
2080,2020-05-27,320.76526,331.05524,323.73868,322.9191,272.38815,345.0393,329.08862,293.38962,302.3962,304.9734,251.63101,320.8073,329.36215,326.4606,342.12762,329.94043,323.67773,321.53384,321.34326,306.93076,274.30444,300.05978,292.985,295.46564,297.50992,335.02628,-128974.88,8677.944,3257.4165,-84058.72,3100.0,1500.0,149292.23,3599.6091,22874.28,141332.03,30233.219,-14.907539,5637.9136,66815.734,4819.5713
2081,2020-06-03,320.75674,331.05542,323.7417,322.92114,272.3882,345.05933,329.0913,293.54907,302.40063,304.97174,251.63107,320.8122,329.35138,326.43613,342.12817,329.94446,323.6886,321.52527,321.3234,306.88376,274.30444,300.05957,292.98468,295.46924,297.51224,335.02628,-128829.53,8921.177,3245.8074,-84076.56,3100.0,1500.0,149431.83,3599.916,22670.996,140484.25,30210.498,-15.118767,5589.063,66833.02,4819.616
2082,2020-06-10,320.7617,331.0599,323.74036,322.92062,272.38828,345.07858,329.0951,293.55817,302.4051,304.97244,251.63113,320.81424,329.3573,326.4598,342.1283,329.94727,323.6939,321.52823,321.33862,306.9132,274.30444,300.05942,292.98438,295.47278,297.5145,335.02628,-128979.01,8754.227,3237.6794,-84092.98,3100.0,1500.0,149319.33,3600.6707,22763.031,141094.6,30208.041,-15.271584,5611.9272,66844.44,4819.6636
2083,2020-06-17,320.76547,331.06845,323.74506,322.92572,272.3884,345.09134,329.0998,293.3862,302.40958,304.973,251.63118,320.8176,329.36258,326.4629,342.12857,329.9572,323.69904,321.5385,321.34424,306.89362,274.30444,300.0593,292.98404,295.47678,297.51678,335.02628,-129109.766,8840.046,3230.8293,-84104.15,3100.0,1500.0,149267.48,3601.8152,22711.328,141094.08,30196.402,-15.343956,5704.331,66850.06,4819.651
2084,2020-06-24,320.78854,331.07764,323.7497,322.93088,272.38855,345.09897,329.1052,293.3675,302.41406,304.9757,251.63124,320.82123,329.37445,326.4788,342.12894,329.96707,323.70486,321.55737,321.36023,306.9437,274.30444,300.05917,292.9837,295.48175,297.5191,335.02628,-129344.74,8637.11,3220.2664,-84110.89,3100.0,1500.0,149170.28,3603.2913,22897.732,141675.06,30192.734,-15.431091,5663.4277,66859.93,4819.455
2085,2020-07-01,320.7955,331.08084,323.75354,322.9342,272.38873,345.101,329.1112,293.56076,302.41833,304.97644,251.6313,320.82535,329.37363,326.46793,342.12933,329.97177,323.7132,321.56375,321.3512,306.92355,274.30444,300.0592,292.98337,295.48563,297.52176,335.02628,-129319.48,8759.88,3204.9412,-84128.47,3100.0,1500.0,149212.14,3605.1157,22821.102,141255.61,30172.783,-15.62677,5597.241,66880.15,4819.043
2086,2020-07-08,320.7821,331.08023,323.75177,322.93265,272.38895,345.08694,329.1176,293.62643,302.4223,304.97528,251.63136,320.8276,329.36243,326.46863,342.12952,329.97363,323.7183,321.5511,321.34805,306.90027,274.30444,300.05942,292.98303,295.48694,297.52444,335.02628,-129275.23,8884.801,3197.3945,-84146.484,3100.0,1500.0,149269.1,3607.2607,22695.285,141016.28,30160.932,-15.755753,5586.045,66892.5,4818.532
2087,2020-07-15,320.78558,331.08444,323.7522,322.93332,272.3892,345.09305,329.12424,293.38037,302.42612,304.97647,251.63142,320.82916,329.372,326.47693,342.12958,329.9751,323.7207,321.5576,321.35413,306.92502,274.30444,300.05972,292.9827,295.48697,297.52673,335.02628,-129350.875,8768.606,3196.9307,-84156.87,3100.0,1500.0,149162.73,3609.492,22788.854,141333.61,30168.406,-15.747917,5741.9116,66891.27,4818.3027
2088,2020-07-22,320.81046,331.09134,323.7569,322.93872,272.38947,345.09326,329.1309,293.255,302.42972,304.97964,251.63148,320.8317,329.38382,326.49097,342.12976,329.98276,323.72366,321.57877,321.3731,306.95752,274.30444,300.06006,292.9824,295.49023,297.52875,335.02628,-129609.164,8611.196,3193.4473,-84153.31,3100.0,1500.0,149089.56,3611.7507,22927.79,141929.39,30169.94,-15.711502,5708.878,66890.67,4818.3765
2089,2020-07-29,320.8309,331.09848,323.76297,322.94504,272.38974,345.1032,329.13748,293.50412,302.43298,304.98218,251.63153,320.83572,329.39368,326.49896,342.13007,329.99146,323.72906,321.5963,321.38156,306.9646,274.30444,300.0605,292.9821,295.4954,297.5311,335.02628,-129792.97,8594.393,3174.9878,-84165.73,3100.0,1500.0,149039.92,3614.1033,22967.482,142105.88,30152.693,-15.890923,5622.7744,66911.27,4818.529
2090,2020-08-05,320.81204,331.093,323.76144,322.94266,272.39005,345.12253,329.144,293.48843,302.43576,304.98032,251.63158,320.83896,329.36417,326.46954,342.1303,329.99,323.73428,321.57275,321.34903,306.9073,274.30444,300.06097,292.9818,295.49484,297.53372,335.02628,-129468.48,8870.23,3169.415,-84181.94,3100.0,1500.0,149271.11,3616.605,22698.822,140925.08,30139.984,-15.956047,5663.8613,66919.74,4818.6934
2091,2020-08-12,320.8115,331.0933,323.75815,322.93915,272.39035,345.1411,329.15048,293.28683,302.43826,304.98108,251.63162,320.83862,329.39,326.4886,342.13016,329.98596,323.73337,321.575,321.36386,306.94446,274.30444,300.0615,292.98157,295.4948,297.53577,335.02628,-129556.76,8686.979,3170.8086,-84186.05,3100.0,1500.0,149041.66,3619.0188,22835.639,141623.83,30150.912,-15.899384,5752.814,66915.96,4818.8716
2092,2020-08-19,320.83148,331.09778,323.7654,322.94614,272.39066,345.1582,329.15695,293.28375,302.44052,304.9839,251.63167,320.84042,329.41016,326.4942,342.13022,329.99176,323.7356,321.59634,321.37894,306.96423,274.30444,300.06195,292.98135,295.49658,297.53754,335.02628,-129788.6,8606.467,3166.048,-84185.08,3100.0,1500.0,148991.06,3621.3079,22939.56,142046.1,30149.621,-15.896751,5704.358,66918.95,4819.121
2093,2020-08-26,320.8484,331.10376,323.77127,322.9522,272.39096,345.17023,329.16348,293.48126,302.4424,304.9859,251.6317,320.8437,329.4172,326.50635,342.1304,329.99826,323.74057,321.61212,321.38785,306.97104,274.30444,300.0624,292.98117,295.4996,297.5394,335.02628,-129968.65,8588.202,3153.0486,-84194.84,3100.0,1500.0,148962.89,3623.6553,22977.16,142254.16,30138.775,-16.01799,5634.6875,66933.31,4820.019
2094,2020-09-02,320.83865,331.1018,323.76923,322.95032,272.39127,345.1729,329.1701,293.57495,302.444,304.98483,251.63173,320.84656,329.37793,326.48706,342.13058,330.0004,323.74554,321.599,321.35928,306.9328,274.3044,300.06287,292.98102,295.4996,297.54135,335.02628,-129691.1,8777.451,3146.8948,-84207.85,3100.0,1500.0,149198.86,3626.1218,22800.756,141268.89,30128.254,-16.1035,5608.6836,66942.54,4819.949
2095,2020-09-09,320.83698,331.09845,323.764,322.94592,272.39157,345.18344,329.17676,293.53705,302.44543,304.98563,251.63171,320.8465,329.38617,326.48962,342.13052,329.9971,323.74557,321.5977,321.37814,306.95392,274.3044,300.0633,292.9809,295.50238,297.54303,335.02628,-129805.37,8664.064,3141.786,-84216.35,3100.0,1500.0,149090.88,3628.5522,22866.764,141837.16,30127.58,-16.150764,5649.4014,66947.125,4823.0728
2096,2020-09-16,320.8425,331.0996,323.76495,322.94733,272.39188,345.19492,329.18353,293.38956,302.44693,304.98703,251.63167,320.84778,329.38248,326.49356,342.13043,329.99655,323.748,321.60583,321.37772,306.95557,274.3044,300.0638,292.98083,295.49982,297.54465,335.02628,-129833.78,8672.484,3142.5974,-84219.62,3100.0,1500.0,149108.64,3630.9507,22884.541,141801.67,30132.504,-16.122833,5709.303,66944.85,4825.3936
2097,2020-09-23,320.8538,331.104,323.76627,322.9495,272.39218,345.20447,329.19025,293.4109,302.44846,304.98843,251.63164,320.84927,329.38452,326.50436,342.13046,330.00095,323.75128,321.6189,321.39035,306.96976,274.3044,300.06433,292.9808,295.49863,297.5459,335.02628,-129987.68,8613.119,3142.8303,-84216.91,3100.0,1500.0,149062.66,3633.3835,22952.252,142143.05,30137.18,-16.108902,5660.553,66943.484,4826.751
2098,2020-09-30,320.8394,331.1046,323.76865,322.95187,272.3925,345.21506,329.1969,293.3895,302.4498,304.98694,251.63162,320.85156,329.38605,326.5013,342.1306,330.00452,323.75577,321.6181,321.38788,306.92444,274.3044,300.06485,292.9808,295.49805,297.54688,335.02628,-130005.4,8876.075,3141.6697,-84219.43,3100.0,1500.0,149079.8,3635.8936,22795.535,141763.78,30126.66,-16.116669,5715.3486,66943.984,4827.7974
2099,2020-10-07,320.8153,331.096,323.76392,322.94632,272.39276,345.2253,329.20352,293.25818,302.45093,304.98486,251.6316,320.8524,329.35742,326.47464,342.13058,329.99734,323.75854,321.58936,321.3573,306.89697,274.3044,300.0653,292.98083,295.49893,297.54755,335.02628,-129647.6,8972.697,3143.1785,-84214.54,3100.0,1500.0,149285.83,3638.4253,22627.248,140869.39,30125.953,-16.043312,5738.4062,66938.57,4828.7935
2100,2020-10-14,320.81595,331.09564,323.75906,322.94208,272.39304,345.23474,329.2101,293.28006,302.4518,304.98657,251.63158,320.85046,329.37048,326.49258,342.1303,329.9935,323.75647,321.5908,321.37518,306.93475,274.3044,300.06586,292.9809,295.49863,297.54813,335.02628,-129749.42,8775.413,3140.7427,-84214.1,3100.0,1500.0,149119.78,3640.8193,22774.574,141615.34,30133.408,-16.043686,5730.375,66940.5,4829.9556
2101,2020-10-21,320.79745,331.09457,323.759,322.942,272.39328,345.24344,329.21667,292.91245,302.4524,304.98508,251.63153,320.85043,329.35056,326.48138,342.13028,329.99237,323.75717,321.58408,321.3562,306.88232,274.3044,300.06644,292.981,295.4962,297.54868,335.02628,-129568.125,9069.281,3146.8945,-84211.2,3100.0,1500.0,149274.8,3643.2556,22595.729,140809.1,30131.682,-15.881256,5948.669,66927.805,4831.545
2102,2020-10-28,320.7758,331.0898,323.75345,322.93604,272.39352,345.24496,329.2232,292.31717,302.4526,304.98337,251.63147,320.8487,329.3428,326.46768,342.13016,329.98828,323.75507,321.55795,321.345,306.8703,274.3044,300.067,292.98114,295.48932,297.54865,335.02628,-129378.0,9085.351,3167.789,-84187.27,3100.0,1500.0,149295.61,3645.726,22499.42,140557.89,30156.768,-15.485146,6142.6787,66896.45,4833.7686
2103,2020-11-04,320.7625,331.07013,323.74603,322.92767,272.3937,345.20416,329.2297,292.40207,302.45212,304.9832,251.63138,320.8458,329.32294,326.43448,342.12988,329.97543,323.75067,321.5397,321.32675,306.87234,274.3044,300.06754,292.9813,295.48367,297.54782,335.02628,-129071.34,9043.559,3179.0508,-84160.09,3100.0,1500.0,149533.5,3648.117,22491.203,140095.81,30172.494,-15.270096,5979.176,66883.55,4836.3027
2104,2020-11-11,320.7876,331.06888,323.74304,322.9254,272.39386,345.13992,329.23596,292.86118,302.4505,304.987,251.63129,320.8421,329.3498,326.46957,342.12912,329.9664,323.74454,321.56165,321.3551,306.9344,274.3044,300.06805,292.9815,295.48865,297.54666,335.02628,-129299.69,8732.774,3165.0032,-84158.03,3100.0,1500.0,149274.25,3650.3828,22770.578,141258.23,30170.582,-15.34832,5830.2876,66896.9,4838.716
2105,2020-11-18,320.7792,331.07016,323.74527,322.92828,272.39398,345.11435,329.24167,292.4829,302.4479,304.9862,251.6312,320.84204,329.32095,326.45056,342.129,329.96628,323.74448,321.56772,321.34357,306.87616,274.3044,300.0686,292.98172,295.48465,297.54626,335.02628,-129226.305,9079.279,3168.9514,-84162.75,3100.0,1500.0,149500.84,3652.6968,22596.291,140473.1,30167.068,-15.171448,6118.02,66885.36,4840.601
2106,2020-11-25,320.76865,331.05545,323.7375,322.92047,272.39404,345.0836,329.24658,291.51883,302.44498,304.985,251.63112,320.8405,329.30112,326.42337,342.12885,329.9589,323.74283,321.55145,321.3323,306.87762,274.3044,300.06906,292.98196,295.4725,297.54535,335.02628,-129017.02,9030.179,3205.0566,-84129.85,3100.0,1500.0,149664.14,3654.9036,22557.242,140171.03,30212.537,-14.554962,6476.4097,66833.87,4841.986
2107,2020-12-02,320.73544,331.03152,323.72626,322.90762,272.39404,345.0521,329.25043,291.03412,302.4416,304.9812,251.63103,320.83646,329.27808,326.3985,342.1281,329.94092,323.73624,321.51105,321.28412,306.82178,274.3044,300.06946,292.98224,295.46115,297.5433,335.02628,-128391.98,9274.68,3237.3315,-84078.11,3100.0,1500.0,149886.47,3656.8823,22306.072,138873.69,30239.918,-13.976936,6552.7363,66789.766,4843.1514
