,date,hds_g40_0367,hds_g40_0415,hds_g40_0416,hds_g40_0041,hds_g40_0366,hds_up_mang,hds_low_mang,hds_sub_terrace,hds_butterfield,hds_camphill_air,hds_sandypoint,hds_te_awa,hds_haw_town,hds_burdon,hds_ne_moraine,hds_cameron,hds_n_hawflat,hds_hawflat,hds_haw_domain,hds_w_hawflat,hds_s_terrace,hds_mid_e_terrace,hds_mid_terrace,hds_nw_terrace,hds_n_mid_terrace,hds_ne_terrace,riv_h1_flux,riv_h2_flux,riv_h3_flux,riv_c1_flux,riv_gview_flux,riv_john_flux,moraine_top_to_haweaflat,mangawera_to_river_zone,haweaflat_to_main_terrace,haweaflat_to_river_zone,river_zone_to_main_terrace,river_zone_to_sub_terrace,main_terrace_to_sub_terrace,main_terrace_to_clutha,main_terrace_to_sandy_point
0,2000-09-27,319.6279,330.57407,323.3963,322.5701,272.21646,340.08328,326.6465,285.0733,301.8588,304.61224,251.61397,320.4959,328.6828,325.90454,342.10474,329.41196,323.0138,320.57806,320.7856,306.0406,274.2773,299.4924,292.4411,294.79825,296.79395,334.84106,-117901.55,11475.673,5750.831,-80792.41,3100.0,1500.0,153401.64,2768.8794,20683.115,127086.91,32002.22,7.327278,8063.2983,64005.28,4844.3135
1,1980-07-23,319.74643,330.88443,323.6276,322.75363,272.22562,340.01843,326.63083,286.22205,300.41534,304.51047,251.35954,320.50714,330.32373,326.32617,343.87317,329.44635,323.01468,320.6499,321.02612,306.34155,274.27234,299.4166,292.43417,294.88885,296.79364,334.83804,-112463.16,16927.41,7680.5015,-78608.21,3100.0,1500.0,219869.81,2754.0845,21990.688,134043.17,37889.86,20.967407,7453.541,63902.73,4973.34
2,1980-07-30,319.84595,331.54413,324.15662,323.23584,272.25314,339.98282,326.59436,288.68222,298.80637,304.58154,251.24348,320.59348,331.1646,326.86505,344.51202,329.73508,323.05594,320.75,321.35562,306.48242,274.26245,299.49664,292.42038,295.04773,296.80826,334.83188,-114413.08,21331.402,8104.355,-77186.43,3100.0,1500.0,220304.11,2728.0374,22683.506,140736.6,41366.145,17.49168,6838.2974,63882.582,5043.7827
3,1980-08-06,319.94046,331.91678,324.4122,323.48685,272.28143,340.09164,326.5749,290.04816,300.1739,304.9337,251.496,320.73428,331.24524,327.1364,344.1454,330.1809,323.1499,320.85602,321.55142,306.67645,274.2576,300.04877,292.4136,295.16156,296.84695,334.8292,-124942.97,17451.281,6529.8022,-80509.414,3100.0,1500.0,201437.62,2723.0493,23147.629,146717.73,38599.69,18.333141,6510.0303,64226.953,4789.494
4,1980-08-13,320.09338,332.09195,324.49823,323.59607,272.31174,340.48346,326.63342,291.00565,307.3908,305.8071,252.20499,320.87067,331.08707,327.28934,343.64767,330.56644,323.27808,321.00253,321.74997,307.05875,274.2708,300.773,292.43195,295.28348,296.90417,334.8391,-130736.414,15082.225,4380.132,-84249.3,3100.0,1500.0,183505.56,2760.286,24237.453,150491.95,37754.02,42.999146,6188.3677,64462.99,4120.62
5,1980-08-20,320.56448,332.2964,324.68848,323.84134,272.4473,342.16544,327.04193,292.53918,343.78674,310.49677,255.47398,321.0558,331.22418,327.72986,343.4605,330.96445,323.47122,321.3835,322.42432,308.81305,274.3701,302.52402,292.57025,295.73737,297.03244,334.9092,-138886.44,10712.488,-5961.42,-102301.0,255.4448,255.4448,176345.27,2877.3901,29618.195,163126.31,40816.086,209.06772,5455.7817,64238.137,534.8462
6,1980-08-27,320.75046,332.46417,324.8409,323.99722,272.55103,343.39136,327.5353,293.53555,351.03522,308.46997,253.69888,321.27045,331.23715,327.72403,343.47055,331.20953,323.72714,321.6008,322.31827,307.77283,274.45834,302.05002,292.69388,295.98685,297.20978,334.97214,-138276.17,15813.606,-3274.9429,-93457.484,255.4448,255.4448,176655.02,3158.973,25918.723,156163.23,38622.945,243.04712,5044.8667,65927.83,3121.9392
7,1980-09-03,320.79877,332.5396,324.81174,323.95975,272.5767,343.69293,327.77023,293.65677,341.5048,307.7473,253.2407,321.38672,331.2435,327.757,343.53714,331.30948,323.90417,321.68008,322.30762,307.79095,274.4982,301.7319,292.75052,296.03116,297.35544,335.00146,-145495.94,11373.399,-3487.1582,-95063.17,255.4448,255.4448,179292.92,3284.9312,25543.803,159694.72,34670.207,182.85109,5142.074,66958.664,3567.7234
8,1980-09-10,320.78796,332.57797,324.6674,323.7862,272.53635,343.55518,327.86856,293.402,330.4876,306.1057,252.24402,321.42847,331.1798,327.6599,343.5804,331.3493,324.02795,321.70096,322.0472,307.25513,274.51752,301.14136,292.77924,295.86017,297.4623,335.0166,-156678.64,2064.6533,-2344.818,-93803.586,255.4448,255.4448,181145.31,3338.9724,23327.906,163468.33,24931.896,115.35025,5156.3076,68154.414,4639.4785
9,1980-09-17,320.82678,332.59418,324.5372,323.6553,272.48495,343.40396,327.904,293.16473,327.5869,306.14883,252.58412,321.39917,331.12024,327.65738,343.54993,331.40353,324.1004,321.73505,322.0323,307.44507,274.53485,301.6569,292.80612,295.69412,297.5146,335.03033,-158079.02,-1072.736,-2655.4792,-94245.055,255.4448,255.4448,180119.45,3335.865,23894.451,167091.22,23364.197,92.56229,5225.9375,68142.18,4194.1567
10,1980-09-24,320.95468,332.62878,324.4789,323.59946,272.47986,343.69986,328.0581,293.06866,336.68045,307.14786,253.45882,321.3873,331.03842,327.7008,343.43903,331.48785,324.17752,321.83774,322.0816,307.73096,274.5799,302.65094,292.87292,295.617,297.5561,335.06348,-163744.67,-6399.2827,-5711.2393,-98825.96,255.4448,255.4448,175940.0,3372.0828,24729.154,172180.44,20053.506,121.2767,5096.9604,68053.234,3325.9885
11,1980-10-01,320.90247,332.58133,324.40094,323.5325,272.45807,343.6506,328.15723,292.36343,327.77557,305.46774,252.13506,321.36502,330.7125,327.5295,343.2739,331.47562,324.24384,321.82037,321.8951,306.95264,274.60114,302.16528,292.90823,295.4899,297.57108,335.08014,-155435.2,-155.37457,-1087.7778,-89419.33,3100.0,1500.0,171084.31,3411.0413,22593.629,163763.62,22460.178,95.218796,5486.6113,68110.62,4902.6006
12,1980-10-08,320.78857,332.44675,324.275,323.416,272.42416,343.2138,328.06677,291.18845,313.98114,304.29132,251.47801,321.3132,330.43903,327.36768,343.11127,331.35562,324.2524,321.74033,321.76614,306.6947,274.58878,301.564,292.8982,295.33295,297.5496,335.07333,-150868.89,1950.5728,1534.3845,-85596.66,3100.0,1500.0,167692.34,3353.3542,21967.395,159182.28,23446.408,33.16301,6100.8354,67738.98,5420.01
13,1980-10-15,320.72696,332.29257,324.1439,323.28284,272.38486,342.79382,327.92752,290.21365,306.28314,303.82477,251.28725,321.2522,330.23795,327.2287,342.9443,331.21933,324.23416,321.6865,321.63913,306.56186,274.57175,301.17798,292.88297,295.14703,297.51306,335.06314,-152399.33,-1294.7056,1496.9982,-85490.8,3100.0,1500.0,164076.98,3270.665,21493.465,158881.55,20173.951,-0.9628525,6416.043,67463.72,5514.3433
14,1980-10-22,320.67044,332.1154,323.9873,323.13052,272.33685,342.442,327.7901,289.31335,302.15387,303.53577,251.2383,321.17575,329.8999,327.05185,342.71875,331.0732,324.20334,321.63232,321.48932,306.3712,274.55487,300.93134,292.8692,294.92938,297.45905,335.05292,-152470.36,-3816.0579,1268.2998,-84532.01,3100.0,1500.0,158688.4,3198.031,20845.74,157248.33,17348.74,-11.161079,6689.909,67023.055,5521.3037
15,1980-10-29,320.5927,331.8982,323.82892,322.99313,272.29547,342.1386,327.66614,288.01477,299.5901,303.4189,251.19214,321.0899,329.44556,326.84564,342.47662,330.91446,324.15805,321.56195,321.36914,306.20416,274.53815,300.93225,292.85678,294.76105,297.38693,335.04272,-147091.47,-1528.3628,2701.3376,-82966.61,3100.0,1500.0,152979.61,3134.861,20636.137,151898.56,19448.66,-26.693954,7214.1396,66422.37,5546.4497
16,1980-11-05,320.49677,331.67084,323.6906,322.87283,272.26852,341.95596,327.56558,286.93073,298.06165,304.1528,251.33728,321.01315,329.1473,326.6679,342.33493,330.7419,324.09967,321.47525,321.31558,306.20477,274.52768,301.30743,292.8541,294.68076,297.3113,335.0325,-143180.98,-62.092773,3280.8655,-81909.38,3100.0,1500.0,151800.03,3077.8396,20695.123,148478.52,21186.77,-72.02525,7581.1333,65953.16,5437.5845
17,1980-11-12,320.4274,331.47357,323.58673,322.76648,272.25128,341.83044,327.49573,286.41876,297.42706,303.85986,251.39764,320.9455,328.9923,326.5002,342.23672,330.549,324.0325,321.40503,321.16827,306.06326,274.52075,301.4383,292.85693,294.5904,297.2438,335.0223,-140652.27,36.6781,3442.3467,-81225.766,3100.0,1500.0,150465.83,3047.6516,20422.006,144913.55,20902.084,-63.478878,7571.4263,65435.594,5374.6216
18,1980-11-19,320.33487,331.28113,323.49567,322.6795,272.23947,341.6805,327.43985,286.0355,296.75735,303.5212,251.30142,320.87524,328.77502,326.32986,342.13574,330.34076,323.95508,321.3181,321.04678,305.85757,274.50803,301.12518,292.85187,294.5078,297.1787,335.0121,-135304.9,2783.504,4598.8506,-79701.25,3100.0,1500.0,149507.4,3020.6465,20049.129,139864.22,23042.842,-39.615376,7695.6323,64883.01,5433.3438
19,1980-11-26,320.22906,331.10477,323.39822,322.57745,272.22327,341.53403,327.38358,285.73,296.07187,303.3746,251.22925,320.8052,328.65848,326.1833,342.1805,330.13815,323.86792,321.2205,320.9139,305.70374,274.49164,300.7975,292.8416,294.41138,297.11572,335.00186,-134466.1,1692.0394,4373.8647,-80235.81,3100.0,1500.0,154145.9,2993.2002,19517.64,137724.4,21678.084,-36.516,7726.1387,64616.66,5481.59
20,1980-12-03,320.11996,330.9928,323.33392,322.50555,272.19745,341.38388,327.32712,285.48822,295.48392,303.29944,251.18709,320.73065,328.65128,326.0877,342.37634,329.95624,323.77512,321.11926,320.80936,305.56488,274.47537,300.46036,292.83127,294.3126,297.05032,334.99164,-132253.14,2068.0396,4626.831,-79787.39,3100.0,1500.0,161968.4,2969.2397,19136.701,135807.28,21774.195,-38.727283,7738.7446,64318.9,5506.552
21,1980-12-10,320.02393,330.95026,323.3323,322.5003,272.1828,341.21356,327.27084,285.28946,295.0926,303.34634,251.24156,320.66382,328.72998,326.06174,342.60806,329.8213,323.68268,321.02768,320.77716,305.51526,274.4595,300.12946,292.82114,294.26794,296.98328,334.9816,-128061.516,4961.621,5752.806,-77764.32,3100.0,1492.5779,168974.97,2944.4731,19209.434,133730.33,24623.322,-38.512016,7807.764,63788.945,5436.27
22,1980-12-17,319.92203,330.95477,323.33795,322.4898,272.17233,341.02805,327.21524,285.12936,294.79953,303.32416,251.23732,320.61322,328.81616,326.04556,342.83072,329.74042,323.5983,320.93628,320.70367,305.3854,274.44394,299.8396,292.81097,294.20456,296.92212,334.9717,-129398.53,3437.95,5213.439,-78590.92,3100.0,1088.9266,176048.16,2924.9539,18661.885,133942.36,22877.588,-37.013054,7787.629,63596.21,5438.868
23,1980-12-24,319.80878,330.998,323.33905,322.4727,272.14548,340.82483,327.1596,284.98547,294.53433,303.23257,251.1786,320.5614,328.9716,326.05228,343.11075,329.70117,323.51834,320.8388,320.63297,305.2416,274.4285,299.5986,292.80035,294.10062,296.85895,334.9618,-130282.32,2155.2017,4672.6855,-79197.516,3100.0,1181.6691,185645.02,2908.3345,18118.898,134625.47,21198.967,-37.43847,7732.0728,63489.984,5488.4277
24,1980-12-31,319.6912,331.0815,323.36807,322.48895,272.11273,340.60336,327.10406,284.8467,294.3142,303.1905,251.12653,320.51175,329.1253,326.08887,343.3867,329.70123,323.443,320.7398,320.6023,305.13422,274.41318,299.37766,292.78906,294.0091,296.78833,334.9519,-129107.91,3034.154,5153.5366,-78660.086,3100.0,696.09674,193460.6,2889.567,17858.719,134577.61,21959.074,-36.172863,7725.793,63262.594,5522.466
25,1981-01-07,319.5828,331.18506,323.44034,322.55887,272.09015,340.36984,327.04898,284.7199,294.15332,303.27563,251.08832,320.4787,329.2789,326.15903,343.60065,329.73724,323.37595,320.6515,320.63937,305.1092,274.39798,299.15717,292.7768,293.99008,296.71597,334.942,-125354.07,6897.778,6712.2983,-77381.59,3100.0,580.66846,198834.89,2866.7996,18082.414,133282.03,25943.564,-35.30483,7810.8213,62936.42,5534.894
26,1981-01-14,319.49765,331.2973,323.51865,322.62817,272.0752,340.13486,326.99478,284.61862,293.9911,303.3416,251.06572,320.46994,329.43628,326.24078,343.75165,329.80154,323.3227,320.5825,320.6681,305.0912,274.38287,298.95648,292.7634,293.986,296.65317,334.93207,-126008.67,7244.398,6812.718,-77359.53,3100.0,326.17,202270.34,2846.5918,18041.059,134107.39,26380.58,-33.636917,7843.436,62772.656,5528.596
27,1981-01-21,319.40634,331.39798,323.58762,322.69626,272.06155,339.90924,326.9417,284.53488,293.85217,303.3979,251.04573,320.4712,329.5066,326.30338,343.8461,329.87814,323.28256,320.51572,320.70044,305.04837,274.3679,298.78806,292.74857,293.99152,296.59775,334.92218,-124841.43,9192.474,7438.221,-76823.81,3100.0,266.84787,204517.44,2827.6545,18008.729,133421.73,28193.43,-32.792397,7889.504,62598.55,5532.1943
28,1981-01-28,319.3173,331.47983,323.63248,322.7381,272.0492,339.6869,326.88956,284.466,293.7058,303.42026,251.0346,320.4796,329.5551,326.3506,343.90082,329.9525,323.25128,320.45135,320.71155,305.00467,274.353,298.63144,292.73218,293.9874,296.54883,334.91226,-125871.17,9057.323,7330.7183,-76901.21,3100.0,263.63187,205575.34,2810.6326,17835.701,133748.81,27989.047,-32.52517,7894.639,62504.26,5524.043
29,1981-02-04,319.24985,331.55035,323.6687,322.77368,272.0374,339.4673,326.8381,284.40445,293.56125,303.4375,251.0377,320.48703,329.625,326.40112,343.94406,330.02115,323.22546,320.40027,320.73904,305.00876,274.33823,298.46387,292.71405,293.982,296.5024,334.9023,-125689.9,9690.01,7604.6953,-76413.164,3100.0,179.75514,206323.92,2793.9058,17879.6,134078.06,28729.14,-30.932201,7911.478,62351.676,5493.4004
30,1981-02-11,319.2117,331.62372,323.7651,322.88217,272.04947,339.26123,326.78723,284.352,293.42963,303.61554,251.12523,320.5054,329.74512,326.49115,343.99686,330.08777,323.20724,320.3727,320.86313,305.12357,274.32355,298.308,292.6941,294.07013,296.45996,334.8924,-119721.68,15727.592,9516.724,-73438.13,3100.0,109.00318,207284.31,2771.1138,18562.244,131999.1,34855.887,-28.977758,8061.8125,61841.785,5374.4126
31,1981-02-18,319.17426,331.70847,323.8529,322.96228,272.07263,339.07657,326.73685,284.32764,293.36124,303.702,251.13335,320.54886,329.88535,326.56857,344.1213,330.15652,323.20334,320.35306,320.90375,305.12488,274.30896,298.17224,292.6722,294.14136,296.435,334.88248,-122994.39,14595.375,8915.018,-75128.04,3100.0,139.77246,211596.67,2753.8274,18441.525,133373.17,33712.133,-28.995865,8084.33,61893.1,5361.5044
32,1981-02-25,319.17438,331.82874,323.94348,323.0423,272.079,338.906,326.687,284.31244,293.27524,303.73117,251.10551,320.58765,330.19635,326.69394,344.30603,330.24005,323.2064,320.35327,320.98663,305.2346,274.2945,298.0616,292.64847,294.1877,296.41776,334.87253,-124004.5,14784.084,8976.669,-75499.055,3100.0,431.3853,216710.77,2739.09,18762.107,135916.28,34223.92,-26.059711,8113.159,61976.305,5350.768
33,1981-03-04,319.22427,331.9907,324.08005,323.17148,272.0863,338.76587,326.63834,284.3025,293.18274,303.8247,251.11488,320.6346,330.53687,326.86765,344.48666,330.36566,323.22186,320.39218,321.1251,305.40506,274.2804,298.11664,292.62323,294.25662,296.40424,334.8628,-124243.734,16211.136,9334.6875,-74975.85,3100.0,133.34047,220437.36,2722.0066,19407.27,138727.97,36017.875,-24.738249,8177.7705,61955.836,5301.78
34,1981-03-11,319.45068,332.2575,324.2314,323.32886,272.10782,339.6918,326.77625,284.96606,295.938,307.11758,253.68819,320.7056,330.96432,327.2542,344.7605,330.62473,323.2884,320.54562,321.61444,306.9743,274.3379,299.99307,292.69568,294.51965,296.4217,334.88937,-136461.94,9108.038,5961.7656,-81054.086,3100.0,1500.0,225999.27,2785.8933,23326.82,155169.88,33106.535,-130.66733,7828.9546,62673.57,3572.143
35,1981-03-18,319.5519,332.54553,324.42905,323.50577,272.13455,339.96735,326.9269,285.19968,294.80084,305.12564,251.91211,320.80383,331.34897,327.39023,345.12958,330.8457,323.40884,320.67984,321.50027,305.7841,274.3767,299.59265,292.7403,294.59232,296.47433,334.90695,-134898.9,13391.915,6798.557,-78548.1,3100.0,1236.1672,236409.84,2818.5366,20412.744,150590.16,34162.22,-92.49456,7778.8364,62974.49,4889.427
36,1981-03-25,319.62244,332.79004,324.60925,323.67218,272.14236,339.58215,326.9011,284.97873,294.33173,304.25592,251.34476,320.8852,331.69366,327.61124,345.2472,331.04666,323.48972,320.7492,321.65454,305.94742,274.3627,299.03397,292.7092,294.59875,296.50104,334.89774,-135237.61,15210.877,8080.089,-76779.57,3100.0,733.2546,235913.64,2830.3403,21040.59,154086.75,36239.953,-54.95187,8042.266,62878.67,5184.1104
37,1981-04-01,319.75308,333.00754,324.74582,323.7991,272.14685,339.35797,326.84286,284.85193,294.15973,304.10934,251.2284,320.97516,331.9667,327.81168,345.30557,331.27072,323.57788,320.86246,321.7892,306.107,274.34833,298.75418,292.67603,294.6035,296.52173,334.8883,-141463.44,12449.75,7731.466,-77501.04,3100.0,1006.7448,235156.9,2806.1523,21511.672,159958.8,34349.484,-42.632603,8121.1885,63011.113,5209.2686
38,1981-04-08,319.89023,333.20114,324.8953,323.9572,272.1538,339.24908,326.77493,284.9531,294.02155,304.13406,251.18553,321.0648,332.16202,327.99988,345.29788,331.48965,323.68167,320.98737,321.97952,306.27673,274.33398,298.53403,292.64185,294.65903,296.5372,334.8788,-139953.28,15758.39,8839.449,-76000.84,3100.0,744.7713,232464.97,2779.1091,22267.066,161634.44,37831.23,-34.864838,8129.2686,62898.305,5196.01
39,1981-04-15,320.00583,333.34753,325.02954,324.09958,272.17612,339.20258,326.70563,285.36133,293.91064,304.22736,251.19904,321.17087,332.25406,328.13977,345.19724,331.68478,323.79898,321.10382,322.13208,306.39468,274.3196,298.35873,292.6069,294.74792,296.558,334.86926,-141190.44,17137.533,8966.913,-75594.22,3100.0,660.6773,227422.05,2752.1765,22692.814,162952.3,39105.52,-27.690342,8058.636,62860.27,5153.674
40,1981-04-22,320.12744,333.4531,325.10272,324.17648,272.19052,339.179,326.63907,286.02893,293.81107,304.30933,251.13861,321.27365,332.34067,328.2464,345.0995,331.85382,323.91873,321.2206,322.24432,306.53656,274.3054,298.4234,292.57166,294.81348,296.58582,334.85968,-145134.75,15580.642,8577.776,-77283.94,3100.0,1500.0,222454.16,2729.3115,23096.62,166034.52,38093.293,-20.58215,7798.427,63190.605,5176.764
41,1981-04-29,320.30103,333.569,325.14703,324.22717,272.19028,339.45285,326.63974,287.38617,296.4502,305.414,251.9442,321.36166,332.46524,328.40607,345.09824,332.0204,324.0475,321.372,322.44495,307.0475,274.31064,299.15622,292.56317,294.9108,296.6215,334.8636,-152623.67,11125.551,6879.82,-79680.52,3100.0,1500.0,221221.1,2727.6375,24527.64,173777.86,35448.895,-52.60694,7275.4917,63765.266,4657.538
42,1981-05-06,320.43198,333.6804,325.18518,324.25723,272.18475,339.61615,326.6512,288.6486,295.73532,304.6745,251.49892,321.43802,332.54944,328.4591,345.14127,332.15247,324.18527,321.50516,322.41174,306.78113,274.31424,299.07632,292.55228,294.91324,296.6618,334.86642,-156050.36,9567.473,6553.2554,-79691.664,3100.0,1500.0,221875.6,2737.7766,23847.277,174657.6,33162.508,-34.14195,6787.9805,64057.93,4969.0996
43,1981-05-13,320.53253,333.7643,325.19473,324.26404,272.17395,339.6655,326.6307,289.4549,296.44467,304.37262,251.50594,321.48672,332.60248,328.52097,345.1341,332.2582,324.29617,321.6014,322.45044,306.8552,274.30872,299.15588,292.52853,294.87616,296.68658,334.86282,-158763.19,7866.3154,6437.2764,-79312.21,3100.0,1500.0,220603.64,2740.7073,24087.484,177441.92,31756.166,-21.155487,6544.36,64103.984,4931.324
44,1981-05-20,320.65027,333.84964,325.26706,324.35034,272.18375,339.8981,326.64548,290.23044,299.15305,305.08435,251.9675,321.53537,332.67526,328.6374,345.1312,332.3731,324.40323,321.71066,322.62213,307.152,274.31488,299.6368,292.52103,294.95422,296.70743,334.86737,-156360.06,10581.6875,6541.2954,-78446.3,3100.0,1500.0,219472.98,2733.717,25216.994,178733.53,35377.945,-8.765533,6379.1,63917.73,4629.4624
45,1981-05-27,320.73984,333.91498,325.35077,324.43835,272.2055,339.95987,326.64014,290.79736,296.97964,304.56735,251.38107,321.60843,332.71432,328.68622,345.0938,332.45633,324.51242,321.81125,322.66345,306.95963,274.31265,299.36975,292.50208,295.0225,296.73834,334.8661,-155577.8,12904.723,7331.76,-78453.58,3100.0,1500.0,217198.9,2726.9282,24815.057,177185.84,36380.984,3.2747002,6290.246,64088.562,5029.6885
46,1981-06-03,320.82025,333.95126,325.41132,324.508,272.2219,339.9921,326.6114,291.14978,297.63257,304.72275,251.4901,321.68118,332.71664,328.7447,345.02014,332.53305,324.60785,321.8946,322.76532,307.1309,274.3049,299.86694,292.47577,295.09866,296.77173,334.86093,-155434.48,14092.037,7095.519,-78087.445,3100.0,1500.0,214268.23,2716.0789,25400.611,177425.45,37649.473,6.1272697,6290.8184,64089.195,4932.595
47,1981-06-10,321.0154,334.0498,325.49954,324.604,272.25537,340.72223,326.74747,291.88443,313.98282,307.3564,253.2947,321.76495,332.8529,328.9534,345.063,332.662,324.72836,322.05508,323.04736,308.02124,274.34445,300.99533,292.51584,295.30664,296.8321,334.88873,-164533.0,7871.0444,1302.4363,-88287.9,3100.0,1500.0,214800.95,2785.8604,27937.092,186870.23,36187.387,79.14914,5892.494,64313.484,3568.8726
48,1981-06-17,321.13327,334.13617,325.62936,324.74625,272.3004,341.09882,326.90363,292.41003,313.24976,305.98523,252.07808,321.8668,332.90277,328.98022,345.0644,332.76532,324.86963,322.19287,323.06284,307.45734,274.37347,300.77023,292.54218,295.45847,296.91776,334.90945,-156030.81,17103.621,4468.365,-81528.53,3100.0,1500.0,213374.38,2829.409,26443.693,179512.61,40025.348,97.27136,5826.419,64714.445,4556.9907
49,1981-06-24,321.22894,334.16666,325.69922,324.8232,272.34357,341.15787,326.94678,292.6394,309.239,305.78226,251.9488,321.96884,332.9088,329.0384,344.9655,332.81345,324.974,322.2903,323.1627,307.64496,274.37653,300.5488,292.53336,295.5691,296.9986,334.9121,-157545.25,17168.867,4254.0566,-82636.75,3100.0,1500.0,209255.38,2863.7444,26937.213,180070.9,40237.71,74.24615,5904.6577,64993.023,4557.6855
50,1981-07-01,321.4385,334.21436,325.8567,325.01764,272.4298,341.71747,327.08176,293.21002,320.49985,307.54968,253.12753,322.08597,332.95966,329.21252,344.82376,332.90067,325.0931,322.47012,323.49628,308.3705,274.41006,301.05508,292.5682,295.86008,297.09787,334.93604,-153638.17,20941.365,1613.0918,-87172.67,3100.0,1500.0,203369.73,2895.7173,29247.406,180585.67,45345.258,103.81003,5789.631,64873.53,3340.5203
51,1981-07-08,321.6045,334.24432,325.90338,325.0543,272.50244,342.28012,327.26752,293.72012,325.33963,307.3812,252.88136,322.23642,332.9128,329.22177,344.65005,332.98694,325.24014,322.6347,323.47354,308.2112,274.45053,301.1443,292.61438,296.03085,297.2402,334.965,-164477.78,15443.883,-225.5662,-90297.63,3100.0,1500.0,197038.52,2989.6199,28357.53,183256.34,39414.957,132.95784,5523.843,66018.45,3788.8906
52,1981-07-15,321.70087,334.204,325.8147,324.9657,272.51236,342.4992,327.3857,293.9306,322.60284,306.72708,252.48213,322.31433,332.76645,329.1494,344.4543,333.00275,325.35333,322.73077,323.39697,308.1005,274.47418,300.98117,292.63882,296.05795,297.3704,334.98227,-168428.5,12552.102,-167.17209,-89985.53,3100.0,1500.0,191252.73,3076.512,27741.5,183852.5,36145.24,110.789665,5446.2666,66909.09,4235.4956
53,1981-07-22,321.75748,334.10245,325.6852,324.84003,272.49832,342.48328,327.4287,294.03116,317.3956,305.99564,252.04181,322.3348,332.55594,329.02524,344.15918,332.96057,325.4266,322.785,323.2892,307.9581,274.48486,300.78967,292.64703,296.02646,297.46786,334.99048,-169347.44,10929.312,698.40515,-88648.64,3100.0,1500.0,182809.38,3104.0303,27147.145,182869.56,34015.168,76.94821,5436.333,67507.5,4677.0854
54,1981-07-29,321.83948,333.9563,325.61963,324.80457,272.50894,342.51236,327.456,294.1603,317.3087,306.29767,252.29965,322.33865,332.29453,328.94302,343.7933,332.89822,325.47433,322.85117,323.3444,308.1747,274.49783,301.2999,292.6602,296.09418,297.5454,335.0002,-162071.58,14879.4,1051.5583,-87616.69,3100.0,1500.0,172545.53,3097.5205,27924.656,178883.73,37702.65,69.31551,5521.122,67400.02,4376.6626
55,1981-08-05,321.96896,333.80286,325.53806,324.7364,272.55078,342.80673,327.55533,294.37708,322.8757,307.09915,252.87054,322.3688,332.0168,328.85794,343.45367,332.8316,325.52725,322.9529,323.35153,308.41302,274.5277,301.95703,292.69882,296.19766,297.63705,335.02176,-166558.4,11034.158,-1349.7977,-92255.12,3100.0,1500.0,163192.95,3123.0703,28549.902,179756.38,35327.07,88.81857,5401.612,67704.266,3841.5803
56,1981-08-12,321.97968,333.5876,325.387,324.59134,272.55484,342.82697,327.60904,294.38583,316.56268,305.73007,251.86267,322.3661,331.65366,328.60974,343.0732,332.68402,325.56107,322.96667,323.13672,307.90628,274.5391,301.4936,292.71368,296.18085,297.71756,335.03046,-163307.84,12441.023,972.84973,-87181.18,3100.0,1500.0,154108.52,3157.1743,26821.166,173533.72,33930.992,58.33792,5436.568,68269.89,4983.3184
57,1981-08-19,321.9635,333.29895,325.2183,324.44858,272.55115,342.6351,327.5562,294.26587,308.85187,305.26862,251.60011,322.3221,331.14276,328.37894,342.64343,332.4546,325.5438,322.9451,323.04828,307.90588,274.53137,301.0672,292.7037,296.1752,297.76904,335.02576,-155617.81,15580.295,2451.5083,-84944.586,3100.0,1500.0,143253.62,3119.2493,26812.863,167177.58,36266.863,24.626572,5661.05,68197.07,5130.9224
58,1981-08-26,321.94812,332.97018,325.0549,324.30408,272.5589,342.44614,327.48264,294.10428,304.3435,305.05298,251.42917,322.27835,330.68146,328.11917,342.15457,332.19183,325.50656,322.9204,322.9215,307.82706,274.52167,300.69373,292.69266,296.1931,297.81387,335.01953,-151156.98,16772.19,3164.7727,-84143.91,3100.0,1500.0,132023.86,3067.2727,26481.264,161341.14,36723.363,12.305107,5846.8936,68213.086,5262.999
59,1981-09-02,321.91354,332.57822,324.78928,324.0519,272.54767,342.24152,327.3988,293.7503,301.3209,304.79315,251.31473,322.21338,330.0001,327.77017,341.56708,331.8855,325.44766,322.87354,322.68326,307.6849,274.50983,300.37524,292.6804,296.14392,297.85233,335.01175,-152783.03,12922.638,2858.0608,-85988.73,3100.0,1500.0,117710.23,3027.682,25818.393,157314.8,33135.164,-5.140442,6007.9263,68545.32,5345.902
60,1981-09-09,321.91675,332.13458,324.40198,323.6676,272.507,342.21844,327.362,293.39014,304.4001,305.08032,251.77751,322.10052,329.2457,327.38083,340.9516,331.57486,325.36414,322.83835,322.38,307.69946,274.5092,300.6615,292.68533,295.9917,297.87958,335.0117,-161277.73,1433.0835,404.92886,-91583.25,3100.0,1500.0,102624.32,3025.797,25413.303,158303.2,24463.55,-0.7500992,5920.6216,68988.72,4865.857
61,1981-09-16,321.90503,331.65897,324.0147,323.3005,272.4573,342.29974,327.3801,293.1157,307.0566,305.05713,251.89828,321.94147,328.61804,326.96756,340.40176,331.22287,325.2578,322.78647,322.10007,307.5502,274.5166,300.9364,292.70316,295.82565,297.88013,335.0172,-156522.14,-506.18335,122.94106,-90544.22,3100.0,1500.0,92305.61,3044.6672,24907.506,153451.12,22549.715,14.496254,5876.352,68927.9,4805.481
62,1981-09-23,321.80884,331.1432,323.62735,322.9256,272.40366,342.2007,327.36682,292.5629,303.11414,304.16455,251.41011,321.757,327.93323,326.4881,339.96808,330.79752,325.1205,322.6702,321.7154,307.0938,274.51236,300.79147,292.70618,295.59424,297.8494,335.01462,-152447.72,-3036.2314,475.97528,-87984.63,3100.0,1500.0,85939.71,3042.7031,23301.836,146826.12,18524.65,5.626465,5989.49,68820.93,5319.01
63,1981-09-30,321.66797,330.61246,323.30417,322.62274,272.35855,341.99588,327.3058,291.5938,299.34506,303.74142,251.22543,321.55234,327.35672,326.05234,339.6406,330.3386,324.94592,322.5133,321.4449,306.87228,274.49844,300.83963,292.6969,295.4181,297.78735,335.0052,-140494.48,1332.7302,2772.8474,-84458.58,3100.0,1500.0,82663.86,3001.5444,22907.541,137376.58,22165.424,-8.371849,6427.0747,68130.89,5438.0225
64,1981-10-07,321.54684,330.13992,323.07764,322.40097,272.34134,341.87866,327.2543,290.52225,299.39957,303.90372,251.38185,321.36926,327.0155,325.71582,339.4524,329.8908,324.7573,322.37024,321.23453,306.78946,274.4876,301.0393,292.69278,295.31992,297.723,334.9978,-133823.89,2676.4585,3205.4028,-84177.49,3100.0,1500.0,83747.805,2966.2947,22800.957,131420.4,23536.916,-14.049465,6803.0044,67521.87,5259.836
65,1981-10-14,321.43787,329.7793,322.90375,322.20416,272.3177,341.8061,327.21725,289.66156,298.0052,303.71472,251.28624,321.20193,326.98148,325.46216,339.5174,329.44925,324.5683,322.23575,320.98746,306.5716,274.4773,300.82343,292.6902,295.176,297.6634,334.99072,-133010.86,-301.86475,2428.9844,-84621.305,3100.0,1500.0,93153.0,2947.4177,21962.338,129521.125,20148.469,-20.85963,6932.2397,67294.195,5367.2744
66,1981-10-21,321.304,329.52872,322.75433,322.03186,272.27737,341.72015,327.17236,288.81854,296.65463,303.3883,251.19302,321.03146,326.90363,325.2435,339.7521,329.08276,324.37787,322.0839,320.74432,306.3078,274.46378,300.6469,292.68375,294.97375,297.59314,334.98135,-131431.95,-2564.4167,1947.553,-83726.984,3100.0,1500.0,101901.875,2928.8489,20947.05,127546.5,17263.188,-31.574406,7107.1807,66910.61,5442.784
67,1981-10-28,321.1444,329.36395,322.65796,321.92462,272.24088,341.6109,327.12354,287.56186,295.88525,303.27115,251.14348,320.8665,326.89243,325.09064,340.06024,328.7926,324.18747,321.91754,320.57925,306.10535,274.44925,300.5169,292.67636,294.81235,297.50827,334.9712,-125526.07,-187.09668,3201.8057,-82320.62,3100.0,1500.0,112119.16,2903.9036,20504.648,123756.49,19350.658,-40.586353,7560.1094,66339.555,5481.9956
68,1981-11-04,320.9574,329.28006,322.6164,321.86816,272.21658,341.4753,327.07617,286.52795,295.3955,303.26913,251.14008,320.72443,326.94327,324.98447,340.43195,328.5643,324.00305,321.73505,320.43912,305.9082,274.4348,300.24115,292.66953,294.69873,297.4213,334.961,-120813.27,2014.4788,4073.8892,-80995.54,3100.0,1500.0,122845.984,2879.9355,19939.193,120349.38,21052.305,-35.278217,7802.9805,65748.66,5480.896
69,1981-11-11,320.80103,329.26862,322.60257,321.83392,272.19943,341.3148,327.03006,285.9939,295.03705,303.24628,251.17352,320.60132,327.08643,324.95395,340.76743,328.41064,323.82587,321.57593,320.34036,305.8013,274.42047,299.94183,292.6631,294.5925,297.33774,334.95084,-119427.5,1716.4558,4165.8315,-80195.92,3100.0,1500.0,130057.5,2860.894,19602.402,120077.32,20824.133,-34.329704,7862.1084,65230.086,5425.837
70,1981-11-18,320.6409,329.29312,322.60864,321.83112,272.1889,341.14926,326.98462,285.6437,294.73538,303.2656,251.20232,320.49475,327.15225,324.93027,341.04776,328.32623,323.66415,321.42157,320.27173,305.67926,274.40622,299.714,292.6569,294.51688,297.25577,334.94064,-115537.07,4166.838,5095.8374,-78958.04,3100.0,1374.0205,136546.47,2842.6772,19380.758,117885.33,22995.738,-28.178942,7936.4307,64688.887,5393.1353
71,1981-11-25,320.4747,329.34665,322.60962,321.81543,272.1757,340.97385,326.93976,285.38727,294.46326,303.23346,251.17879,320.40475,327.23944,324.92694,341.32196,328.28458,323.5167,321.26904,320.18295,305.52264,274.39203,299.49957,292.65073,294.42688,297.1782,334.93045,-116128.68,2979.6323,4719.4717,-79647.32,3100.0,1049.7262,143951.52,2827.7869,18813.402,117900.82,21629.518,-29.404625,7921.083,64438.16,5413.6963
72,1981-12-02,320.3097,329.42438,322.6173,321.81064,272.15262,340.78406,326.89554,285.1793,294.2815,303.18726,251.15121,320.32095,327.3342,324.942,341.5678,328.2775,323.3818,321.12015,320.11853,305.38174,274.37793,299.29047,292.64435,294.32977,297.0992,334.92023,-115126.02,3283.2695,4899.9946,-79282.18,3100.0,709.0042,150472.47,2813.7358,18401.547,117531.0,21730.932,-31.910034,7903.532,64149.996,5432.4443
73,1981-12-09,320.16275,329.53018,322.6744,321.8577,272.14035,340.58478,326.85275,285.0062,294.10727,303.2871,251.21169,320.25058,327.57895,325.0157,341.84918,328.30084,323.2602,320.98718,320.1279,305.3363,274.36423,299.1495,292.63785,294.28604,297.0193,334.91022,-112043.43,6078.459,5952.248,-77316.54,3100.0,926.736,159033.39,2796.2683,18466.105,117074.82,24577.438,-34.825073,7955.5083,63635.062,5362.283
74,1981-12-16,320.01505,329.6943,322.75525,321.9117,272.13202,340.38263,326.8114,284.86826,293.93988,303.4088,251.21043,320.20178,327.90222,325.12137,342.27454,328.35815,323.1564,320.86087,320.11096,305.22165,274.35077,299.0151,292.63083,294.22708,296.94635,334.90036,-114808.44,4369.656,5300.2773,-78192.56,3100.0,800.4863,172042.4,2780.8403,17959.898,119476.02,22837.666,-39.394234,7935.2505,63475.027,5367.492
75,1981-12-23,319.86084,329.91147,322.8281,321.96136,272.10715,340.17633,326.77072,284.74512,293.7812,303.2022,251.1533,320.1588,328.1404,325.22827,342.7005,328.46088,323.06653,320.73398,320.0714,305.0651,274.3374,298.84915,292.62277,294.11874,296.87274,334.89047,-116784.93,3143.7336,4795.2783,-78836.02,3100.0,584.2322,182258.5,2772.268,17393.207,121192.16,21164.492,-37.646965,7834.1914,63349.52,5419.773
76,1981-12-30,319.70627,330.1351,322.90213,322.02234,272.0762,339.9633,326.73032,284.622,293.6209,303.12213,251.10223,320.12048,328.3572,325.35236,343.03207,328.60245,322.98724,320.60898,320.0801,304.9601,274.32413,298.68918,292.6134,294.02063,296.7925,334.88058,-116604.914,3965.2437,5298.4194,-78302.62,3100.0,440.2945,190043.4,2761.1406,17135.2,122330.06,21929.162,-35.577168,7813.446,63106.977,5456.299
77,1982-01-06,319.5836,330.3556,323.01016,322.1192,272.04663,339.74442,326.68988,284.5074,293.46896,303.1413,251.02559,320.09723,328.63745,325.5101,343.28162,328.76743,322.92172,320.51132,320.13962,304.9261,274.3109,298.54147,292.60254,293.96118,296.71054,334.8707,-116740.43,5176.0146,5981.153,-78209.37,3100.0,497.96518,195844.52,2746.0024,17196.918,124073.33,23471.338,-41.45829,7817.321,62936.523,5507.998
78,1982-01-13,319.46863,330.56955,323.13165,322.234,272.0274,339.52966,326.64926,284.40897,293.3747,303.21838,251.04541,320.0972,328.87872,325.65494,343.49713,328.9444,322.87488,320.4219,320.21408,304.911,274.2978,298.3992,292.59,293.94284,296.63364,334.86078,-115608.14,7694.1035,6949.242,-76410.77,3100.0,245.11815,200969.4,2729.5522,17288.69,124635.34,26029.158,-33.364594,7873.2666,62543.324,5461.055
79,1982-01-20,319.3662,330.77078,323.24335,322.33655,272.01764,339.32388,326.60843,284.3292,293.28336,303.26993,251.03355,320.1131,329.0994,325.7992,343.67236,329.12305,322.84235,320.3481,320.28253,304.9022,274.28473,298.2607,292.5757,293.92914,296.56604,334.85086,-117139.8,7981.4707,7079.6104,-76604.81,3100.0,128.1688,204434.42,2715.123,17307.156,126502.484,26482.64,-30.887527,7891.617,62358.684,5453.1377
80,1982-01-27,319.25876,330.95636,323.34775,322.43896,272.00726,339.1297,326.5674,284.262,293.17896,303.32718,251.0148,320.13736,329.2655,325.92603,343.85922,329.29395,322.8234,320.27725,320.35367,304.86823,274.27176,298.1599,292.55957,293.92938,296.505,334.84097,-116872.29,9865.451,7709.9873,-76119.445,3100.0,226.5175,209494.45,2700.8416,17319.428,126912.78,28306.29,-29.594154,7928.285,62172.195,5459.314
81,1982-02-03,319.1554,331.1592,323.44986,322.53146,271.9973,338.93762,326.52634,284.2071,293.07504,303.38034,251.00479,320.1696,329.5244,326.07712,344.18472,329.4579,322.8144,320.2107,320.4165,304.83963,274.25888,298.06793,292.54156,293.9227,296.4508,334.83105,-119136.38,9624.491,7586.004,-76282.82,3100.0,230.03772,219853.28,2687.5444,17198.094,129137.64,28110.332,-29.773945,7930.092,62075.816,5453.628
82,1982-02-10,319.07687,331.3995,323.58276,322.65033,271.9875,338.7455,326.4861,284.1581,292.97437,303.3835,251.00826,320.2058,329.88687,326.26523,344.4563,329.64066,322.81454,320.1616,320.50916,304.8591,274.24606,297.95428,292.52167,293.91418,296.4001,334.8211,-120672.29,10167.436,7864.2764,-75747.65,3100.0,235.51361,226395.8,2675.153,17297.953,132042.16,28855.953,-28.426699,7935.2954,61912.855,5425.6426
83,1982-02-17,319.03192,331.6307,323.77252,322.84485,272.00113,338.56342,326.4451,284.11655,292.88132,303.5606,251.09631,320.2597,330.18195,326.47537,344.60715,329.84634,322.82828,320.14124,320.70343,304.9952,274.23337,297.8405,292.4999,293.99963,296.3539,334.8112,-116535.72,16095.246,9819.258,-72781.914,3100.0,147.46478,228221.81,2656.2822,18052.26,132117.19,35032.54,-26.404667,8080.5493,61395.875,5308.9697
84,1982-02-24,318.9921,331.83044,323.9229,322.9881,272.02567,338.3995,326.40323,284.1021,292.8004,303.6519,251.10509,320.34238,330.3557,326.6342,344.6839,330.05307,322.86224,320.13354,320.80328,305.0158,274.22073,297.72812,292.47632,294.06897,296.32593,334.80124,-121326.3,14857.754,9216.275,-74473.28,3100.0,143.72728,228831.16,2642.4048,18000.098,134744.66,33894.86,-26.325981,8098.1904,61441.07,5297.8647
85,1982-03-03,318.9937,332.0118,324.033,323.09683,272.03323,338.24716,326.36087,284.09613,292.72598,303.68546,251.07794,320.41867,330.58752,326.79794,344.76807,330.24783,322.90652,320.1481,320.92795,305.14206,274.2082,297.63254,292.451,294.1142,296.30646,334.7913,-123294.336,14967.99,9274.555,-74846.01,3100.0,372.84543,229636.83,2630.7593,18378.588,137714.84,34410.57,-23.430195,8123.076,61521.168,5288.709
86,1982-03-10,319.04837,332.20865,324.17163,323.23627,272.04144,338.12216,326.31888,284.0948,292.65805,303.79666,251.08823,320.49744,330.89316,326.99854,344.93436,330.4406,322.96265,320.20242,321.09857,305.3273,274.196,297.55533,292.42435,294.18307,296.29156,334.78152,-124171.06,16323.867,9620.506,-74332.59,3100.0,164.02283,233246.58,2616.1135,19072.18,140905.11,36206.71,-22.376707,8186.7896,61500.773,5240.7627
87,1982-03-17,319.18716,332.43976,324.31174,323.3716,272.05252,338.38635,326.31802,284.32697,292.59564,305.05087,251.87338,320.58768,331.22498,327.2628,345.0472,330.66977,323.04333,320.314,321.3575,305.96274,274.20837,297.98004,292.43015,294.28647,296.28955,334.7781,-133148.94,11578.333,7972.712,-76874.414,3100.0,150.42003,233991.72,2628.2795,20576.688,150674.61,33541.86,-42.77501,8044.9766,61834.57,4709.4185
88,1982-03-24,319.27054,332.63333,324.4488,323.50616,272.06055,338.45355,326.3269,284.4062,292.53705,304.25903,251.33977,320.68073,331.37064,327.38947,345.04425,330.8862,323.1504,320.41434,321.39526,305.58755,274.2142,297.7773,292.4251,294.32498,296.29886,334.77304,-133069.27,13979.343,8463.889,-76063.58,3100.0,106.0914,231805.94,2633.1006,19845.16,149768.62,34783.88,-46.655037,8039.7437,61956.28,5081.482
89,1982-03-31,319.37186,332.77594,324.5634,323.62674,272.06787,338.2964,326.29178,284.33127,292.48984,303.99527,251.16153,320.7686,331.53738,327.54333,344.9721,331.07025,323.2499,320.50903,321.5567,305.78665,274.2022,297.57947,292.3934,294.37164,296.30267,334.76343,-133186.67,15604.175,9209.19,-74984.37,3100.0,66.71715,227104.86,2621.12,20602.912,152052.75,36839.242,-37.930466,8178.256,61886.504,5136.7256
90,1982-04-07,319.51935,332.909,324.65207,323.71173,272.07364,338.20178,326.2483,284.29495,292.45538,303.94394,251.11777,320.86008,331.73477,327.68674,344.9778,331.2382,323.35596,320.63718,321.67285,305.94455,274.19028,297.4834,292.36032,294.39624,296.3096,334.7538,-138790.4,12824.593,8642.903,-75956.55,3100.0,224.64876,226169.97,2604.7358,21078.217,156901.77,34882.25,-32.12036,8199.599,62039.27,5122.7163
91,1982-04-14,319.66687,333.04767,324.77588,323.84488,272.08148,338.1668,326.20145,284.427,292.42984,304.0704,251.1043,320.9469,331.91672,327.84488,345.01196,331.396,323.4695,320.7705,321.8561,306.1275,274.17844,297.40372,292.3262,294.46695,296.31567,334.7442,-136942.31,16105.861,9595.319,-74608.19,3100.0,333.0366,225802.06,2584.2212,21885.035,158295.42,38352.65,-27.964363,8210.237,61965.582,5097.1074
92,1982-04-21,319.7892,333.17014,324.90295,323.97812,272.1043,338.16937,326.1539,284.82562,292.4138,304.14923,251.12819,321.0502,332.02353,327.97156,344.96985,331.54544,323.59137,320.8921,321.99646,306.2424,274.1667,297.31873,292.29132,294.5669,296.33038,334.73456,-137910.23,17533.68,9801.263,-74281.09,3100.0,278.2777,222769.16,2565.4902,22312.043,159369.27,39737.47,-22.37244,8134.2876,61946.66,5053.0977
93,1982-04-28,319.91522,333.26013,324.97397,324.05106,272.1191,338.18317,326.10684,285.4993,292.40213,304.1649,251.072,321.1508,332.1071,328.06668,344.8518,331.6789,323.71234,321.01144,322.09653,306.37854,274.15503,297.24258,292.25583,294.6361,296.35416,334.72495,-141617.38,16046.956,9365.6875,-76017.3,3100.0,247.33458,217174.16,2551.938,22690.812,162166.16,38660.52,-13.285637,7856.547,62277.363,5076.151
94,1982-05-05,320.05276,333.29977,324.9858,324.06595,272.11456,338.20868,326.06076,286.6757,292.38922,304.09845,251.04692,321.23172,332.07516,328.1115,344.5623,331.78687,323.8281,321.1377,322.14908,306.47357,274.1435,297.1847,292.21988,294.65576,296.37842,334.7153,-146673.33,12896.375,8571.042,-76917.99,3100.0,248.98604,206172.61,2541.562,22986.656,165261.34,36052.93,-12.565418,7374.6255,62616.156,5066.551
95,1982-05-12,320.16693,333.24536,324.92072,324.0141,272.1002,338.2486,326.01584,287.8135,292.37146,303.99634,251.03488,321.2856,331.81042,328.05518,344.08868,331.84262,323.9344,321.2428,322.14194,306.49557,274.13208,297.17883,292.18362,294.63788,296.3953,334.70566,-149547.52,10484.527,8047.467,-77360.85,3100.0,893.44604,190393.4,2531.8794,23051.139,165705.56,33853.418,-10.083551,7000.444,62854.336,5060.577
96,1982-05-19,320.2599,333.09998,324.78802,323.90118,272.08618,338.28876,325.9723,288.61847,292.3481,303.9045,251.06227,321.31003,331.47656,327.92557,343.64487,331.83923,324.01993,321.32513,322.09854,306.50687,274.12076,297.50214,292.14716,294.6038,296.40195,334.696,-150000.17,8884.874,7814.235,-76972.24,3100.0,744.554,177975.14,2520.13,23132.564,164429.44,32441.082,-7.793001,6739.335,62885.24,5016.6147
97,1982-05-26,320.50302,333.0292,324.76135,323.92255,272.10974,339.5236,326.16113,290.10626,298.0813,308.01868,254.17026,321.33383,331.39233,328.07867,343.4921,331.87167,324.12402,321.4975,322.57175,308.18646,274.1927,299.78152,292.22632,294.92468,296.43198,334.73373,-151048.02,7711.828,4731.6616,-81775.27,3100.0,1500.0,174524.78,2584.463,28009.39,173440.39,35914.82,-76.712425,6180.479,63222.86,2914.0283
98,1982-06-02,320.60922,333.0054,324.8137,323.96625,272.15915,339.94803,326.34418,291.0879,296.65555,305.5327,251.9768,321.4029,331.4556,327.96118,343.71625,331.8405,324.25812,321.6371,322.30817,306.8217,274.242,299.41324,292.274,295.0448,296.51288,334.75894,-145823.2,13333.355,6241.896,-79333.47,3100.0,1500.0,183023.94,2624.231,24316.184,162707.75,36377.48,-29.967941,5906.428,63674.29,4579.2417
99,1982-06-09,320.69095,333.03784,324.88492,324.03342,272.18628,339.99893,326.42087,291.53134,304.56647,306.30377,252.57457,321.44492,331.65445,328.08243,343.9737,331.80093,324.32785,321.7053,322.479,307.42105,274.2592,299.59277,292.2767,295.15714,296.57983,334.76978,-146423.73,12963.469,4028.6099,-82865.53,3100.0,1500.0,190383.88,2694.959,26033.24,166588.39,38177.97,20.973423,5945.3804,63629.76,4093.474
100,1982-06-16,320.74478,333.08966,324.9311,324.06332,272.20718,339.9364,326.46967,291.81168,302.27567,304.9923,251.55919,321.49994,331.74255,328.0682,344.05185,331.79837,324.39792,321.7719,322.3712,306.92612,274.26865,299.10623,292.2691,295.17554,296.65378,334.77545,-149134.22,12399.842,5658.069,-80348.32,3100.0,1500.0,191212.9,2706.735,24448.152,165489.53,35198.56,41.22388,5882.397,64172.01,4865.208
101,1982-06-23,320.78708,333.0679,324.97668,324.1295,272.224,339.73795,326.43332,291.92847,299.7165,304.78986,251.40082,321.53714,331.6314,328.07547,343.77304,331.79565,324.43893,321.8132,322.4751,307.0913,274.26025,298.8027,292.2375,295.24182,296.7055,334.76868,-140885.25,18925.852,7032.7153,-78161.375,3100.0,1175.7585,180626.64,2691.7148,25148.496,161484.06,40650.883,27.46288,6076.2944,64042.387,4877.9624
102,1982-06-30,320.8588,332.96405,324.989,324.1599,272.2604,339.7101,326.4054,292.14236,300.12454,305.12024,251.5211,321.59854,331.37497,328.02612,343.29172,331.78046,324.48477,321.87762,322.52585,307.2313,274.25778,298.69742,292.2153,295.3595,296.76382,334.766,-141222.25,19070.459,6412.898,-79626.15,3100.0,1063.5897,165978.61,2673.0212,25494.361,159745.4,40906.824,25.18615,6085.952,64196.336,4741.501
103,1982-07-07,320.90295,332.7634,324.96683,324.17966,272.30032,339.64188,326.36404,292.3506,298.1574,304.97098,251.22957,321.6579,330.86905,327.88315,342.7101,331.69446,324.52658,321.9239,322.56735,307.2224,274.25095,298.4076,292.1885,295.51614,296.82883,334.76025,-131228.47,25943.13,7774.188,-76484.97,3100.0,659.67773,149101.56,2650.201,25495.895,151146.81,45616.645,16.89294,6210.6523,64210.492,5013.3423
104,1982-07-14,320.94412,332.47403,324.8045,324.02835,272.32697,339.56097,326.31198,292.4757,297.58282,304.9184,251.23126,321.70615,330.32968,327.65182,342.0872,331.53824,324.5531,321.95776,322.43417,307.22913,274.24176,298.26996,292.1599,295.58127,296.90268,334.75275,-138439.73,19944.727,6214.382,-80601.695,3100.0,822.4768,133298.61,2635.6816,25195.87,150181.0,40449.543,5.9825287,6164.835,64828.117,4970.3057
105,1982-07-21,321.06497,332.15082,324.57755,323.8262,272.34244,339.83035,326.34705,292.75372,304.9676,306.06335,252.18329,321.70578,329.81818,327.44498,341.4947,331.36716,324.5649,322.03497,322.39014,307.6316,274.25543,298.7442,292.16464,295.6498,296.9819,334.76114,-141811.22,14862.179,3228.3896,-86343.92,3100.0,949.1176,118781.79,2667.634,26232.514,150708.31,37826.336,35.842934,5956.8364,65193.312,4041.997
106,1982-07-28,321.08475,331.75894,324.3016,323.57126,272.33237,339.91623,326.37866,292.93805,302.2571,305.03366,251.3852,321.6654,329.05185,327.04684,340.87262,331.10486,324.55893,322.04007,322.1025,307.15295,274.26157,298.55795,292.1605,295.6245,297.04816,334.7643,-138908.06,14287.285,4481.3677,-83094.65,3100.0,613.2196,101959.586,2698.0796,24592.592,143326.53,35175.914,34.393967,5858.419,65862.37,4950.9556
107,1982-08-04,321.10672,331.29175,324.0562,323.36832,272.33627,339.93353,326.3786,293.04944,303.26797,305.38593,251.71754,321.58734,328.4542,326.73688,340.25052,330.77997,324.50763,322.03113,322.03995,307.39767,274.26285,298.74417,292.15085,295.6777,297.09244,334.764,-128321.31,18430.547,4592.5825,-82571.37,3100.0,1500.0,88711.914,2691.9275,25405.602,136060.67,39179.64,33.416794,5944.857,65636.51,4530.598
108,1982-08-11,321.0862,330.77222,323.77878,323.1146,272.34753,339.90115,326.3727,293.04623,300.95395,304.89328,251.3172,321.5156,327.72498,326.30392,339.65613,330.3912,324.44022,321.99283,321.7665,307.10645,274.26178,298.66364,292.13928,295.68906,297.1382,334.76205,-126758.99,16761.771,4816.407,-82165.555,3100.0,1169.2396,75932.55,2686.2866,24330.43,129120.375,36476.016,25.024334,5962.717,65996.836,4969.8105
109,1982-08-18,321.10385,330.23227,323.49292,322.8505,272.3567,339.98428,326.38202,293.1142,304.1535,305.47516,251.87009,321.4142,327.22177,325.95654,339.1001,329.98157,324.34476,321.96725,321.62125,307.34036,274.26694,298.938,292.13754,295.71243,297.18002,334.7644,-123461.984,15122.171,3494.4714,-84837.336,3100.0,1500.0,66468.04,2690.724,24929.736,125492.04,36009.67,31.669281,5904.831,66001.68,4379.8184
110,1982-08-25,321.08484,329.68903,323.27615,322.6581,272.37506,340.0736,326.4071,293.22296,303.98322,305.25082,251.61472,321.31332,326.70187,325.56982,338.56082,329.55237,324.239,321.91992,321.42822,307.15228,274.27344,299.12378,292.1389,295.76468,297.22113,334.76773,-113995.195,18961.033,4403.936,-82443.79,3100.0,1500.0,57701.17,2699.8198,24334.117,116688.43,38024.34,35.182556,5922.068,66079.02,4701.614
111,1982-09-01,321.1787,329.2239,323.14316,322.54074,272.43698,340.59735,326.53275,293.53357,317.61548,307.17883,253.0819,321.2369,326.46893,325.39835,338.09747,329.19922,324.1335,321.949,321.47702,307.84793,274.30795,300.41095,292.18036,295.94135,297.28555,334.79062,-112610.96,17028.953,363.13364,-90408.19,3100.0,1500.0,52239.83,2751.976,26329.209,116561.69,38861.438,79.1597,5758.0625,65961.414,3180.911
112,1982-09-08,321.10953,328.73544,322.91946,322.31375,272.45703,340.85388,326.65292,293.45532,314.22968,305.712,251.83284,321.16754,325.8857,324.92163,337.63712,328.79086,324.03604,321.87555,321.05612,307.02264,274.33078,300.37222,292.207,295.9402,297.36105,334.80554,-112070.81,15657.198,1837.7288,-86891.26,3100.0,1500.0,44967.414,2817.6418,23469.129,108226.19,34133.938,89.26914,5771.7705,66969.92,4690.787
113,1982-09-15,320.9802,328.18372,322.52054,321.89163,272.4031,340.7445,326.649,292.9615,307.23306,304.7357,251.46342,321.02118,325.40176,324.4545,337.2241,328.30237,323.88153,321.72772,320.61682,306.76355,274.3271,300.16086,292.19797,295.722,297.39664,334.80194,-118249.59,5246.992,1197.3695,-89018.695,3100.0,1500.0,42893.56,2831.3264,22130.383,107930.46,24971.846,53.16131,5823.28,67617.164,4941.897
114,1982-09-22,320.83777,327.675,322.16003,321.52658,272.33,340.6141,326.6085,292.4625,302.2835,303.9412,251.11867,320.81616,325.0205,324.02502,336.93283,327.7791,323.69058,321.56137,320.25,306.42834,274.3181,299.73404,292.18292,295.4709,297.38437,334.79465,-112219.836,3935.4868,2463.5781,-85714.87,3100.0,1500.0,45339.098,2800.9697,21041.49,103190.61,23017.363,25.253407,5919.589,67510.93,5236.1626
115,1982-09-29,320.6809,327.22635,321.8591,321.2171,272.26743,340.46008,326.54166,291.81168,298.9859,303.50092,251.01765,320.59818,324.70065,323.6524,336.7908,327.28482,323.4794,321.3822,319.91385,306.1544,274.3049,299.37738,292.16345,295.20532,297.33597,334.78436,-109477.78,559.9764,2090.8108,-84843.52,3100.0,1500.0,49242.562,2758.9048,20038.77,100209.37,19189.145,2.0571365,6050.2437,67148.12,5280.28
116,1982-10-06,320.5069,326.84195,321.63803,321.0097,272.2248,340.3106,326.47296,290.85867,297.38382,303.3815,251.00679,320.38446,324.39294,323.33716,336.74933,326.85388,323.26065,321.19302,319.69186,305.95624,274.29175,299.10028,292.14563,295.02554,297.26306,334.77408,-99189.53,4695.589,4090.142,-81893.86,3100.0,1403.9207,51947.37,2715.9043,19750.408,93537.18,22919.344,-6.9732018,6437.7017,66372.63,5263.6484
117,1982-10-13,320.33627,326.4737,321.46585,320.84866,272.20514,340.14716,326.40738,289.76572,296.43494,303.3721,251.0118,320.1993,324.05515,323.04797,336.69592,326.48233,323.04404,321.0111,319.4909,305.7826,274.2786,298.98483,292.1296,294.90784,297.187,334.76376,-93304.03,6242.2915,4835.9136,-80842.76,3100.0,1064.7197,49912.273,2680.431,19384.143,88205.39,24200.338,-18.07079,6808.73,65748.88,5239.153
118,1982-10-20,320.19028,326.09647,321.2666,320.653,272.1789,339.97458,326.34714,288.8791,295.80368,303.44678,250.98506,320.03027,323.70102,322.7614,336.54376,326.12073,322.8343,320.84683,319.2722,305.61768,274.26547,298.87396,292.1153,294.75656,297.11334,334.75345,-93049.8,2896.0054,3828.2368,-81631.336,3100.0,1500.0,45749.203,2652.8208,18756.748,86123.87,20904.33,-37.15249,6966.2915,65484.8,5246.056
119,1982-10-27,320.03265,325.75717,321.0548,320.4363,272.1397,339.81073,326.2927,288.05426,295.38773,303.1221,250.9847,319.85883,323.4251,322.46298,336.37567,325.86133,322.63037,320.67517,318.9952,305.34702,274.25235,299.81445,292.1026,294.5471,297.03168,334.7431,-90848.836,659.60034,3025.115,-81118.055,3100.0,1500.0,48146.367,2636.5474,17905.508,82718.76,17876.71,-35.29065,7072.0986,65028.664,5240.199
120,1982-11-03,319.84793,325.49982,320.90204,320.28256,272.10474,339.667,326.24887,286.84628,295.0319,303.12125,250.95853,319.69165,323.2236,322.239,336.32974,325.56625,322.4264,320.48755,318.8156,305.13965,274.23923,300.42902,292.09122,294.38177,296.93646,334.73276,-84610.375,2962.2551,4174.4204,-79797.06,3100.0,1500.0,53013.285,2615.7788,17634.895,78178.07,19981.25,-41.057472,7493.383,64450.008,5274.027
121,1982-11-10,319.63242,325.31616,320.80756,320.18118,272.08133,339.5975,326.2187,285.93045,294.74127,303.03976,250.95955,319.5448,323.11432,322.0465,336.4306,325.26675,322.22565,320.28024,318.62863,304.90887,274.2261,300.42807,292.08087,294.26303,296.8408,334.7224,-79059.1,5300.552,5177.5674,-78511.18,3100.0,1500.0,60153.15,2597.7573,17080.348,73310.79,21809.143,-31.952549,7665.5093,63834.426,5279.691
122,1982-11-17,319.44592,325.25754,320.76443,320.11374,272.0647,339.60587,326.1979,285.44492,294.47424,302.9866,250.99423,319.41284,323.25867,321.98523,336.72534,-888.0,322.02692,320.09225,318.49808,304.78375,274.21295,300.3913,292.07126,294.14908,296.75162,334.71204,-77019.26,5050.3228,5172.346,-77715.74,3100.0,1500.0,69986.914,2585.4836,16742.916,72523.73,21484.266,-28.228214,7702.344,63296.46,5233.0264
123,1982-11-24,319.25696,325.3173,320.77682,320.1089,272.0544,339.63727,326.18192,285.1216,294.2917,303.10492,251.0239,319.29758,323.4079,321.98154,337.24908,-888.0,321.83853,319.9108,318.4246,304.65836,274.1998,300.38614,292.0622,294.07324,296.66702,334.70166,-73102.375,7445.4126,6207.1846,-76484.55,3100.0,1500.0,81084.85,2572.6638,16540.814,70807.44,23830.615,-26.328085,7784.3774,62765.324,5209.021
124,1982-12-01,319.10803,325.51627,320.83066,320.1351,272.0472,340.00928,326.1877,285.1176,294.12372,304.19922,251.63464,319.20572,323.7052,322.10953,337.98376,-888.0,321.6651,319.7555,318.4605,305.0132,274.21158,301.0061,292.08838,294.04785,296.59357,334.69125,-75705.53,5138.065,5077.2637,-78604.414,3100.0,1500.0,94380.97,2584.439,17154.531,74763.17,22341.264,-67.51338,7582.5938,62640.496,4812.102
125,1982-12-08,318.91833,325.77194,320.9057,320.18228,272.0336,340.11472,326.21744,285.00516,293.969,303.41034,251.23524,319.13333,323.93777,322.17035,338.729,-888.0,321.51517,319.59927,318.3077,304.38385,274.2168,300.65283,292.10565,293.95865,296.53357,334.68106,-74159.65,6425.8105,5298.8833,-77658.67,3100.0,1500.0,105169.2,2603.2507,15654.106,72448.85,22300.523,-51.714714,7568.3247,62421.41,5140.3374
126,1982-12-15,318.7288,326.0312,320.99756,320.25623,272.02118,339.96066,326.21738,284.76797,293.8461,303.10388,251.12187,319.06686,324.2021,322.3069,339.3221,-888.0,321.37543,319.43387,318.31558,304.3165,274.2037,300.07364,292.09735,293.8928,296.46887,334.671,-71237.25,9373.802,6788.8003,-75376.13,3100.0,1500.0,113904.12,2593.872,15649.008,72259.32,25313.883,-39.393097,7681.2583,61880.45,5182.839
127,1982-12-22,318.5449,326.3231,321.10617,320.33228,272.01193,339.801,326.20587,284.5931,293.72403,303.0271,251.0797,319.01898,324.57928,322.47293,339.83112,-888.0,321.25128,319.28015,318.2922,304.17627,274.19052,299.6417,292.08908,293.81482,296.4079,334.66092,-74015.76,7747.4697,6199.6367,-76100.97,3100.0,1500.0,125612.914,2585.2708,15069.057,74771.64,23447.44,-33.35901,7663.404,61665.965,5213.164
128,1982-12-29,318.35608,326.65332,321.21417,320.4082,271.98618,339.6062,326.18518,284.44598,293.60013,302.92334,251.01234,318.97592,324.97577,322.6624,340.34302,325.2964,321.14316,319.12912,318.2795,304.0273,274.17725,299.30215,292.08115,293.69775,296.34412,334.65085,-76507.36,6360.6,5646.3447,-76655.37,3100.0,1500.0,138079.95,2579.9526,14526.558,77701.0,21737.201,-32.981018,7600.579,61531.688,5271.5107
129,1983-01-05,318.16803,326.99854,321.34076,320.5105,271.95438,339.38034,326.15738,284.30914,293.47577,302.88147,250.95984,318.93973,325.3562,322.86554,340.81985,325.51443,321.05038,318.98334,318.31082,303.92203,274.16397,299.0125,292.07352,293.59573,296.27222,334.64075,-76953.67,7155.6562,6136.949,-76089.39,3100.0,895.96674,148376.97,2572.072,14297.839,79800.8,22516.887,-30.708727,7586.2183,61279.492,5309.1416
130,1983-01-12,317.995,327.359,321.50873,320.66388,271.93243,339.1367,326.12454,284.1868,293.3872,302.97446,250.92366,318.92197,325.75867,323.10535,341.27252,325.8026,320.97424,318.85382,318.41876,303.9086,274.15063,299.17575,292.06607,293.57117,296.19794,334.63068,-74933.664,10946.534,7874.375,-74795.91,3100.0,850.07355,158408.34,2559.273,14578.854,80852.37,26704.215,-28.91692,7668.6187,60936.773,5325.1367
131,1983-01-19,317.8789,327.82697,321.73627,320.86102,271.92105,339.0832,326.1008,284.21765,293.312,304.14948,251.24306,318.9364,326.52322,323.5159,341.9964,326.08026,320.92007,318.764,318.6721,304.26038,274.15054,299.46353,292.07693,293.62076,296.135,334.62057,-79738.26,10081.885,7351.0356,-75551.79,3100.0,1500.0,180837.1,2548.4753,15352.663,89006.78,27158.93,-64.51245,7689.822,60944.355,5099.7764
132,1983-01-26,317.74008,328.38794,322.04254,321.1259,271.9127,338.92822,326.08856,284.19345,293.22192,303.5055,251.02225,318.98538,327.23853,323.8787,342.76926,326.4183,320.89883,318.68842,318.74692,303.93472,274.1468,299.18948,292.08215,293.62994,296.08875,334.61047,-81033.984,12748.54,8106.207,-74750.58,3100.0,1500.0,198747.75,2554.4622,14779.964,91057.66,28894.35,-47.949055,7653.9355,60769.94,5271.9106
133,1983-02-02,317.5967,328.91754,322.2932,321.352,271.9005,338.676,326.06024,284.09387,293.1378,303.23346,250.92267,319.0493,327.69708,324.23007,343.2889,326.83774,320.89957,318.60675,318.89633,303.9227,274.13315,298.85538,292.0726,293.60757,296.047,334.60037,-85598.38,12459.745,8220.679,-74644.07,3100.0,1246.4236,207638.17,2547.5442,14679.671,95993.34,28692.143,-35.608524,7690.1836,60644.234,5322.946
134,1983-02-09,317.49026,329.38696,322.5167,321.55954,271.8885,338.46146,326.0265,284.01663,293.06287,303.2123,250.90643,319.12292,328.1777,324.56863,343.6014,327.28427,320.92148,318.55212,319.07495,303.97128,274.11948,298.5824,292.0618,293.59256,296.0055,334.59027,-89099.9,12861.506,8573.716,-74076.484,3100.0,919.60864,212994.48,2533.848,14820.378,100949.94,29448.146,-30.751432,7718.3765,60471.98,5307.639
135,1983-02-16,317.42804,329.79672,322.77167,321.82248,271.90015,338.26663,325.9888,283.95724,292.99765,303.3905,250.99052,319.2148,328.588,324.9035,343.8066,327.704,320.96756,318.53397,319.35092,304.14084,274.10574,298.345,292.0497,293.6788,295.96683,334.58014,-86676.84,18710.688,10731.391,-71074.9,3100.0,609.0475,215887.05,2514.5664,15624.931,102907.25,35826.715,-27.588856,7880.8115,59957.426,5194.4424
136,1983-02-23,317.3778,330.15323,322.98578,322.02893,271.9231,338.0862,325.94846,283.93155,292.94128,303.485,250.99994,319.3354,328.87592,325.17313,343.9615,328.0939,321.0417,318.53674,319.5233,304.1882,274.09195,298.1408,292.0363,293.75085,295.9454,334.57004,-93084.52,17360.154,10134.328,-72739.914,3100.0,459.85123,217942.19,2500.8396,15620.24,107199.47,34684.41,-26.738829,7908.016,60006.637,5184.0225
137,1983-03-02,317.37766,330.47003,323.1534,322.19443,271.92932,337.9114,325.90646,283.91818,292.8864,303.52173,250.97441,319.44955,329.2016,325.43628,344.0929,328.4566,321.13434,318.565,319.71744,304.3451,274.07812,297.9631,292.02145,293.7984,295.93198,334.55994,-96539.54,17359.387,10192.375,-73103.54,3100.0,424.82294,219060.81,2489.3257,16039.761,111711.57,35196.355,-23.247358,7939.21,60090.816,5174.8965
138,1983-03-09,317.44275,330.77316,323.3376,322.38083,271.9363,337.75903,325.86426,283.91165,292.8332,303.623,250.98651,319.56497,329.55518,325.71695,344.2201,328.7958,321.24316,318.6398,319.95047,304.56046,274.06454,297.8427,292.00558,293.86935,295.9222,334.55,-98704.836,18625.488,10544.833,-72583.81,3100.0,293.53195,220480.55,2475.2483,16752.047,116076.805,36988.8,-21.418661,8005.684,60075.754,5126.981
139,1983-03-16,317.56125,331.08243,323.5175,322.54858,271.94116,337.67416,325.82407,283.9351,292.78094,304.19333,251.06276,319.68787,330.03036,326.02618,344.41098,329.11926,321.3725,318.756,320.19354,304.81403,274.05322,297.762,291.9914,293.92346,295.91943,334.54022,-107776.81,14569.655,9329.119,-73868.9,3100.0,393.01062,225227.89,2457.7742,17272.951,125116.4,34390.95,-32.900635,8047.0156,60350.527,5041.341
140,1983-03-23,317.6656,331.3886,323.7055,322.73117,271.93988,337.60748,325.78726,283.9477,292.72858,303.8223,251.00359,319.80817,330.3686,326.2652,344.6253,329.43185,321.52243,318.8749,320.34122,304.83737,274.04126,297.6073,291.97482,293.9534,295.91815,334.53043,-109576.25,16217.595,9815.886,-73604.414,3100.0,208.0907,229827.58,2453.8977,17525.168,127576.85,35697.184,-32.282394,7992.7153,60383.77,5079.61
141,1983-03-30,317.81168,331.69232,323.90585,322.93036,271.94638,337.5396,325.7469,283.94083,292.68323,303.77817,250.99396,319.93225,330.76794,326.5544,344.81503,329.74088,321.67996,319.01263,320.58707,305.07977,274.02774,297.48044,291.95453,294.0178,295.91803,334.52063,-111604.94,17699.549,10374.87,-72821.35,3100.0,471.93295,232432.05,2444.1255,18372.646,132370.67,37761.316,-27.77898,8073.849,60324.074,5037.3667
142,1983-04-06,318.00546,332.0082,324.0918,323.10562,271.9522,337.50012,325.7046,283.9439,292.64484,303.7703,250.9895,320.06647,331.20566,326.84933,345.03488,330.05792,321.8513,319.18872,320.79184,305.2761,274.0142,297.39053,291.93268,294.0539,295.92416,334.51083,-119308.73,14710.07,9718.952,-73906.37,3100.0,344.46643,237188.47,2432.1477,18907.957,140032.58,35747.305,-23.803726,8076.0234,60497.984,5003.661
143,1983-04-13,318.21088,332.33652,324.32538,323.3411,271.96118,337.56744,325.665,284.12643,292.6102,304.0809,251.11101,320.2024,331.6201,327.16873,345.27917,330.39438,322.03772,319.38092,321.0873,305.58917,274.00537,297.5977,291.91595,294.14386,295.9315,334.50104,-120043.734,17703.893,10524.166,-72883.24,3100.0,572.75885,242431.16,2418.5923,20042.014,144860.48,39225.047,-22.988632,8051.99,60462.906,4894.0083
144,1983-04-20,318.43015,332.68097,324.5698,323.59164,271.9913,337.9543,325.70142,284.75592,292.58188,305.05884,252.04393,320.365,331.9541,327.50848,345.49258,330.7553,322.25378,319.592,321.43008,306.13422,274.0185,298.26657,291.92844,294.32855,295.9595,334.50684,-124997.95,17993.84,10037.977,-74034.72,3100.0,1497.3618,245134.05,2428.7898,21617.701,151644.88,40443.13,-41.290245,7867.01,60640.395,4348.6475
145,1983-04-27,318.63055,332.9887,324.7634,323.7818,272.01697,338.18692,325.74664,285.6113,292.55792,304.73288,251.5868,320.5379,332.2245,327.75488,345.49786,331.1184,322.49133,319.8053,321.59293,306.03897,274.02905,298.60828,291.93613,294.44037,296.0106,334.51364,-130927.74,16886.305,9462.739,-75571.305,3100.0,1496.6445,240284.19,2445.2751,21442.93,155969.61,39233.902,-35.19816,7536.5913,61134.195,4650.82
146,1983-05-04,318.85794,333.21985,324.87747,323.89996,272.02094,338.46646,325.8012,286.9831,293.08875,305.1413,252.07588,320.69104,332.35873,327.97742,345.32153,331.43878,322.72534,320.02463,321.81628,306.4789,274.04266,299.08862,291.94693,294.52338,296.06473,334.52316,-139455.7,12862.116,8164.024,-77539.5,3100.0,1500.0,230995.88,2471.2356,22690.79,163712.84,36481.58,-52.54856,6997.045,61682.35,4336.0625
147,1983-05-11,319.09915,333.39343,324.93695,323.97098,272.0238,339.02603,325.9283,288.5091,299.06473,305.6743,252.69,320.82574,332.40424,328.13553,345.1812,331.73868,322.97202,320.25656,321.99072,306.79926,274.07843,300.02115,291.98782,294.61734,296.1295,334.5484,-146219.23,9620.453,6594.8115,-79697.81,3100.0,1500.0,225162.17,2516.74,23563.662,169381.08,34032.016,-63.312756,6448.983,62276.668,3932.6428
148,1983-05-18,319.32147,333.54926,325.00818,324.04785,272.03342,339.59238,326.08832,289.7139,307.3562,306.359,252.88182,320.94562,332.49362,328.2933,345.1493,331.98227,323.21548,320.4767,322.13876,306.93076,274.12198,301.05597,292.03918,294.70636,296.20178,334.57935,-151484.27,6753.05,3950.9448,-81672.99,3100.0,1500.0,222706.17,2568.5623,24050.803,174120.47,33154.918,0.8282013,6040.72,62476.44,3843.825
149,1983-05-25,319.50204,333.6715,325.11276,324.1652,272.05975,339.87888,326.21048,290.5652,309.0898,306.01624,252.39311,321.06427,332.5485,328.39905,345.09515,332.15964,323.43747,320.66925,322.26245,306.82553,274.15018,301.23157,292.06912,294.8009,296.27274,334.5999,-148990.16,10853.716,4930.7573,-80201.13,3100.0,1500.0,219052.08,2615.072,24087.914,172996.08,36206.14,71.177986,5889.827,62484.375,4186.9985
150,1983-06-01,319.64316,333.73383,325.18277,324.24487,272.09006,339.90353,326.24982,291.05112,305.64038,305.03162,251.65114,321.1868,332.55197,328.44077,345.02628,332.261,323.62598,320.82468,322.3154,306.66812,274.15323,300.8487,292.06436,294.85416,296.33945,334.60312,-148363.1,13423.135,6636.3745,-78872.43,3100.0,1500.0,216192.84,2636.153,23800.24,171201.92,37122.24,63.793625,5890.8125,62763.887,4653.665
151,1983-06-08,319.76633,333.7676,325.23566,324.30948,272.112,339.92172,326.236,291.30396,302.3,304.77808,251.46985,321.2977,332.55347,328.49127,344.99188,332.3134,323.78464,320.95416,322.409,306.74014,274.14563,300.3732,292.0455,294.90964,296.40088,334.59897,-148084.31,14999.939,7186.6475,-77686.79,3100.0,1500.0,215134.44,2629.629,24080.998,170880.3,38298.777,45.760544,5978.123,62839.742,4759.077
152,1983-06-15,319.9324,333.8115,325.2717,324.34964,272.1378,340.1267,326.24466,291.59695,305.08914,305.23935,251.86093,321.3998,332.60165,328.57086,344.97263,332.37204,323.9342,321.10712,322.50732,306.99268,274.1474,300.30344,292.04086,294.9716,296.46616,334.60138,-153938.3,11574.953,5747.578,-81195.016,3100.0,1500.0,214082.08,2635.2615,24726.098,174787.66,36266.55,46.61713,5864.857,63092.746,4359.123
153,1983-06-22,320.13214,333.87573,325.39484,324.4985,272.18417,340.5213,326.31445,292.03955,310.6046,306.15372,252.33437,321.50317,332.67157,328.70346,344.94986,332.45813,324.08862,321.28784,322.74597,307.34845,274.1648,300.46036,292.05942,295.15436,296.53943,334.6147,-148646.55,17163.566,5064.8457,-81750.94,3100.0,1500.0,212305.2,2659.7627,26022.473,173957.7,41587.684,70.51953,5819.565,63062.707,3938.6875
154,1983-06-29,320.57843,334.0313,325.61517,324.74673,272.31607,341.8083,326.63196,293.08783,340.87207,309.60214,254.84656,321.68472,332.89142,329.05478,344.93637,332.6672,324.29147,321.6542,323.2513,308.6957,274.24637,302.30646,292.1691,295.56607,296.68335,334.67285,-158217.33,12278.838,-3290.0374,-97096.39,255.4448,255.4448,208734.08,2765.9673,30186.14,184672.9,42161.883,203.31335,5253.712,63146.48,1211.2063
155,1983-07-06,320.77783,334.15732,325.83215,324.97244,272.41678,342.5845,326.95947,293.82684,339.8964,307.93445,253.08844,321.89578,332.96805,329.0919,344.97983,332.8462,324.53574,321.8754,323.26904,307.87302,274.31052,302.40012,292.25674,295.85284,296.86584,334.71927,-150110.95,22237.535,374.97528,-86221.58,3100.0,1500.0,209329.45,2955.6287,27464.223,175772.2,45096.094,211.56372,5123.126,64366.625,3624.3892
156,1983-07-13,321.05713,334.2836,325.9206,325.0589,272.5064,343.32227,327.23557,294.4235,349.00125,309.38928,254.37689,322.07953,333.1022,329.3074,345.02307,332.99515,324.74036,322.12344,323.52,308.7727,274.3736,303.62466,292.34485,296.09372,297.0586,334.76498,-165551.92,12690.178,-5525.262,-98948.62,255.4448,255.4448,208723.5,3047.7703,29972.055,186874.34,40213.152,226.93898,4825.0137,65186.035,2060.8428
157,1983-07-20,321.11877,334.33566,325.89746,325.01147,272.51392,343.55063,327.42654,294.58682,336.28296,306.624,252.20389,322.2068,333.03665,329.18378,344.9349,333.08188,324.93155,322.2226,323.25204,307.68414,274.407,302.86716,292.3938,296.0824,297.23376,334.79025,-167080.56,13764.408,-697.3623,-88671.19,3100.0,1500.0,206102.6,3196.747,26202.152,182317.19,35698.59,144.69846,4801.023,66817.73,4722.3086
158,1983-07-27,321.14276,334.29654,325.77316,324.88828,272.47495,343.23166,327.38986,294.43018,320.82648,305.69592,251.82071,322.2348,332.92145,329.12244,344.82886,333.0559,325.03098,322.25806,323.19287,307.7533,274.40112,302.3567,292.39,295.98447,297.3417,334.78802,-168591.73,11455.408,782.2246,-87845.44,3100.0,1500.0,203367.36,3159.8423,26295.303,183626.16,34064.758,73.87369,5070.1997,67233.71,4890.5693
159,1983-08-03,321.36792,334.30823,325.82162,324.9711,272.51184,343.5592,327.4789,294.75262,331.35306,307.73416,253.39622,322.2834,332.94836,329.26285,344.77487,333.0971,325.13287,322.43768,323.48044,308.58423,274.43646,303.1715,292.44568,296.1411,297.4504,334.81445,-165993.81,12781.296,-2158.8403,-93419.195,255.4448,255.4448,201189.66,3133.9473,29053.273,186579.02,38238.914,97.038635,5023.0615,66875.5,3204.0854
160,1983-08-10,321.54922,334.35938,325.88046,325.02228,272.5679,344.01553,327.6761,295.0859,336.31448,307.71164,253.2171,322.38055,333.01675,329.2997,344.905,333.16638,325.27274,322.6051,323.48358,308.41125,274.48486,303.51746,292.52213,296.26822,297.5847,334.85013,-171634.1,10510.555,-3133.0798,-94164.95,3100.0,1500.0,205928.73,3200.8386,28314.762,188155.66,35140.2,124.62634,4834.296,67597.53,3639.5725
161,1983-08-17,321.74338,334.45132,325.928,325.0715,272.61307,344.50198,327.8943,295.41797,341.95892,308.29196,253.72577,322.45728,333.1216,329.41553,344.98044,333.24628,325.40237,322.7734,323.6092,308.74887,274.53592,304.0059,292.60498,296.381,297.72058,334.8878,-175473.84,8333.439,-5165.6104,-97524.43,3100.0,1500.0,206025.16,3280.3508,29308.094,192504.3,34303.242,142.55885,4651.6157,67991.01,3113.8809
162,1983-08-24,321.89734,334.5103,326.00436,325.1574,272.66333,344.94196,328.12656,295.7528,343.81683,308.02554,253.47185,322.53748,333.1154,329.46075,344.81665,333.32864,325.53613,322.91995,323.6782,308.6907,274.58636,304.06927,292.68985,296.50824,297.85794,334.92517,-172572.17,11593.596,-4510.5054,-95468.484,3100.0,1500.0,198894.3,3373.2974,29065.84,190665.1,35853.383,138.81775,4566.2856,68458.734,3533.7534
163,1983-08-31,321.8899,334.4351,325.969,325.123,272.67432,344.7179,328.17963,295.61325,328.1484,306.12466,252.00343,322.59045,332.8958,329.3137,344.48645,333.30383,325.6348,322.94507,323.5282,308.09943,274.59647,303.2159,292.72125,296.505,297.96912,334.93445,-168822.56,14990.637,-609.0174,-88323.07,3100.0,1500.0,189330.19,3411.607,27030.523,184237.9,35550.594,73.19934,4886.0015,69089.55,5139.8047
164,1983-09-07,321.90375,334.26865,325.80487,324.9648,272.66022,344.32098,328.10828,295.20212,319.50803,305.88434,252.04277,322.5948,332.58835,329.16394,344.11258,333.204,325.68066,322.962,323.43137,308.19302,274.5928,302.97717,292.736,296.44418,298.05136,334.93402,-173459.69,10325.385,-925.59906,-91268.97,3100.0,1500.0,179783.2,3366.038,27158.072,184793.66,32279.332,38.7023,5229.3213,69413.484,4936.054
165,1983-09-14,322.0351,334.1069,325.57498,324.7325,272.64053,344.42026,328.15512,294.99185,326.8687,306.85437,253.00323,322.56982,332.30597,329.0404,343.8073,333.1271,325.71976,323.05215,323.32706,308.4863,274.61887,303.66547,292.79465,296.3567,298.1304,334.95425,-186532.28,-2049.078,-4517.3574,-99467.84,3100.0,1500.0,172293.56,3373.1462,27767.303,191739.48,24068.305,59.70253,5110.824,69914.15,3952.6487
166,1983-09-21,322.0798,333.93112,325.34784,324.51282,272.59576,344.49118,328.24536,294.7354,324.83957,306.0414,252.44609,322.49805,331.9926,328.8159,343.662,333.00623,325.7446,323.08078,323.10516,308.0573,274.6421,303.26712,292.852,296.20102,298.1803,334.97256,-184000.05,-2971.212,-3169.6494,-94989.49,3100.0,1500.0,170407.42,3415.0073,26319.764,188427.44,21720.955,64.04288,5127.1367,70211.2,4697.7114
167,1983-09-28,322.3613,333.8809,325.26193,324.44168,272.63116,345.45694,328.55884,294.88428,351.0818,309.4584,255.15326,322.44403,332.09317,328.95718,343.871,332.95322,325.77368,323.27267,323.3683,309.32166,274.72122,304.41272,292.98944,296.27136,298.2435,335.02994,-192730.48,-12003.388,-11562.604,-110699.484,255.4448,255.4448,178606.16,3487.8564,30332.04,200196.47,20075.846,166.16974,4760.1787,69713.38,1564.2883
168,1983-10-05,322.3017,333.86362,325.24088,324.3996,272.62753,345.69147,328.87097,294.30606,342.08618,306.21823,252.54013,322.407,332.0838,328.73502,344.2326,332.8844,325.8265,323.25165,322.98865,307.7648,274.7687,303.7803,293.08536,296.17245,298.3015,335.06558,-181630.03,-2569.109,-4188.1206,-93696.4,255.4448,255.4448,192121.81,3679.065,25282.135,187598.12,20664.97,116.37402,4979.715,70526.47,5005.4707
169,1983-10-12,322.21603,333.8508,325.20102,324.34534,272.60147,345.2434,328.84964,293.15997,327.88544,305.7587,252.51419,322.32764,332.2136,328.74048,344.61935,332.76715,325.79178,323.1785,322.9767,307.94455,274.77094,303.9132,293.1198,296.04172,298.30728,335.06952,-179259.52,-2033.6659,-2953.138,-93387.94,255.4448,255.4448,205260.19,3662.0662,25991.047,188569.86,22253.95,60.279358,5686.041,70047.91,4783.5415
170,1983-10-19,322.1467,333.8932,325.19336,324.31097,272.5666,344.81305,328.79684,292.1929,317.14444,304.6389,251.7579,322.26813,332.31567,328.70947,344.81067,332.71664,325.75778,323.12094,322.826,307.50037,274.7671,303.52863,293.1472,295.86447,298.29816,335.06918,-181337.48,-4092.4727,-1370.5781,-90302.09,3100.0,1500.0,210020.9,3613.2825,24504.223,189013.86,18809.367,17.325974,6049.847,70073.41,5590.494
171,1983-10-26,322.06427,333.90744,325.1341,324.23672,272.50977,344.36932,328.6664,291.15134,308.1526,303.9635,251.52072,322.19315,332.28772,328.6655,344.86127,332.68805,325.71082,323.04697,322.7147,307.3016,274.75003,303.60248,293.15717,295.62552,298.25726,335.05945,-182620.22,-6467.2188,-823.43713,-88510.59,3100.0,1500.0,211575.08,3538.5984,23830.824,189823.14,16163.87,-17.118622,6472.547,69665.84,5736.3535
172,1983-11-02,321.97986,333.8917,325.09457,324.19846,272.46222,344.0568,328.5455,289.7158,303.3957,303.75473,251.43806,322.1211,332.18228,328.6152,344.83688,332.66403,325.66226,322.97388,322.65805,307.1473,274.73282,303.37708,293.16763,295.44315,298.19397,335.0494,-179027.5,-4254.076,752.1576,-86617.875,3100.0,1500.0,211313.12,3459.537,23642.572,187373.6,18156.2,-28.522476,7091.647,69043.4,5790.3364
173,1983-11-09,321.87753,333.8431,325.05292,324.16214,272.4294,343.84448,328.44,288.2685,300.49298,303.70486,251.42061,322.0617,332.03467,328.53818,344.78778,332.60986,325.61398,322.8882,322.59442,306.9933,274.71582,302.89932,293.17886,295.3131,298.12488,335.03937,-175645.58,-2191.727,1899.0232,-84979.91,3100.0,1500.0,210697.36,3393.887,23243.24,184072.23,19874.312,-30.273636,7590.248,68389.56,5785.0127
174,1983-11-16,321.80823,333.78784,325.0004,324.11136,272.40527,343.63678,328.34372,287.4719,298.57504,303.65598,251.44702,322.00592,331.97693,328.48398,344.7804,332.54224,325.56137,322.82367,322.5415,306.92,274.69907,302.4868,293.1905,295.19574,298.05695,335.02936,-174832.12,-2551.5405,2175.5547,-83961.984,3100.0,1500.0,210869.39,3343.5024,23084.543,183299.28,19681.463,-35.56302,7762.5,67820.58,5724.011
175,1983-11-23,321.7476,333.74158,324.9724,324.0893,272.3907,343.525,328.26038,287.03647,297.3203,303.97122,251.65903,321.95282,331.91116,328.44116,344.79877,332.47723,325.51126,322.7652,322.53204,306.96445,274.6901,302.21445,293.21268,295.13284,297.98984,335.01935,-171623.53,-529.1365,3056.227,-82996.49,3100.0,1500.0,212222.95,3308.2212,23307.719,181443.2,21836.441,-47.33344,7853.1655,67279.766,5553.668
176,1983-11-30,321.6664,333.68298,324.92722,324.04218,272.37512,343.32565,328.19006,286.69077,296.60355,303.7391,251.51562,321.90637,331.78976,328.3636,344.71057,332.4098,325.4636,322.6989,322.43597,306.71213,274.67932,301.7948,293.23166,295.04416,297.92957,335.00934,-171836.58,-1411.784,2771.2246,-83402.71,3100.0,1500.0,209478.38,3277.171,22551.025,179707.69,20478.58,-44.53762,7902.7617,67037.52,5667.1973
177,1983-12-07,321.57843,333.58716,324.84976,323.97076,272.3476,343.05478,328.11356,286.37466,295.95578,303.60257,251.44943,321.85046,331.5897,328.26013,344.57455,332.33917,325.4091,322.62238,322.35583,306.5927,274.66345,301.69324,293.24246,294.94318,297.86472,334.9995,-169983.62,-1071.5454,3098.602,-82882.77,3100.0,1500.0,205976.64,3246.4448,22228.156,177200.03,20605.326,-46.836967,7946.8237,66737.15,5708.904
178,1983-12-14,321.5046,333.48773,324.795,323.92645,272.33154,342.80136,328.04224,286.11765,295.43985,303.70276,251.48851,321.79642,331.46725,328.18027,344.54163,332.25626,325.34988,322.55414,322.32547,306.54877,274.64804,301.69138,293.2524,294.8997,297.79678,334.98987,-165512.94,1715.1885,4178.253,-80824.914,3100.0,1500.0,206412.58,3212.5168,22342.8,173949.52,23401.938,-52.72281,8045.462,66219.31,5652.341
179,1983-12-21,321.4241,333.4002,324.7378,323.86618,272.3198,342.58374,327.97745,285.91055,295.095,303.72913,251.48032,321.75055,331.34445,328.09134,344.49625,332.15814,325.2912,322.48184,322.24033,306.42932,274.63287,301.42535,293.2609,294.83856,297.73462,334.98022,-166229.06,243.61414,3614.9749,-81657.03,3100.0,1500.0,205768.77,3185.1973,21849.28,172761.83,21689.717,-54.370163,8041.879,66041.28,5661.879
180,1983-12-28,321.33035,333.29977,324.65143,323.77753,272.2919,342.3982,327.9159,285.7287,294.82257,303.5413,251.42146,321.69296,331.1945,327.978,344.44653,332.05057,325.2262,322.39764,322.12347,306.27304,274.61792,301.07745,293.26764,294.73502,297.6709,334.97058,-165747.97,-880.1434,3348.776,-82225.695,3100.0,1500.0,205629.66,3166.424,21243.434,170913.98,20218.598,-51.578285,7981.9844,65924.21,5713.9355
181,1984-01-04,321.2283,333.1967,324.5714,323.69974,272.25854,342.21362,327.85474,285.5573,294.57104,303.46475,251.3706,321.62634,331.05096,327.87115,344.419,331.93976,325.1522,322.30463,322.03412,306.15424,274.60324,300.78348,293.27228,294.64307,297.6003,334.96097,-162795.47,110.38928,3830.2095,-81668.375,3100.0,1235.6458,206125.16,3145.6575,20907.008,168181.84,20946.096,-48.669548,7983.6416,65693.66,5749.7686
182,1984-01-11,321.13098,333.10825,324.53802,323.6737,272.23572,342.01352,327.79333,285.4027,294.3654,303.53473,251.33405,321.56653,330.97278,327.79953,344.44327,331.84058,325.0736,322.21548,322.00168,306.10764,274.5888,300.675,293.27463,294.6201,297.5282,334.95135,-157090.33,4043.2969,5227.4893,-80372.23,3100.0,1077.5403,208102.58,3119.7756,21020.965,164342.52,24727.076,-45.880295,8069.4253,65360.387,5764.296
183,1984-01-18,321.0508,333.0622,324.53088,323.66138,272.22067,341.80496,327.73294,285.2767,294.2091,303.5897,251.31326,321.52417,331.024,327.76877,344.602,331.7502,324.9979,322.13892,321.96487,306.0683,274.57465,300.51364,293.27457,294.61176,297.4654,334.94174,-155967.06,4510.8003,5349.5024,-80339.484,3100.0,1500.0,214259.05,3096.1477,20915.61,163352.52,25171.191,-43.933678,8105.118,65190.46,5761.3906
184,1984-01-25,320.95972,333.0512,324.54947,323.67685,272.20715,341.60666,327.67383,285.17093,294.0607,303.63898,251.29524,321.49002,331.0443,327.75412,344.68915,331.69608,324.92758,322.05933,321.944,306.00702,274.56073,300.41077,293.2719,294.614,297.4096,334.93213,-153451.31,6559.3047,5989.9746,-79791.74,3100.0,1272.3254,216722.58,3074.108,20802.602,161478.42,26989.36,-42.9524,8154.7217,65010.324,5767.909
185,1984-02-01,320.87344,333.0424,324.55634,323.68185,272.19568,341.45276,327.61923,285.10925,293.9223,304.0867,251.35616,321.46606,331.04825,327.7536,344.7365,331.6584,324.8627,321.98428,321.9521,306.03394,274.54987,300.3186,293.2705,294.62775,297.36078,334.92255,-154025.56,6096.6846,5639.3794,-80131.5,3100.0,1500.0,218266.48,3051.2107,20753.424,161905.61,26792.443,-59.094673,8195.174,65000.08,5714.604
186,1984-02-08,320.80072,333.03867,324.56213,323.6837,272.18533,341.27634,327.5705,285.0448,293.7941,303.81055,251.31837,321.4455,331.07474,327.734,344.77518,331.6323,324.8046,321.91913,321.90207,305.94205,274.5385,300.12186,293.26538,294.62085,297.31726,334.91296,-152387.03,7173.805,6000.776,-79521.05,3100.0,1344.642,219336.03,3036.8672,20546.316,160208.19,27507.318,-49.730812,8161.5977,64828.004,5722.5605
187,1984-02-15,320.75,333.03436,324.62045,323.75336,272.19818,341.08942,327.5176,284.96924,293.6764,303.86746,251.38922,321.43344,331.1026,327.75717,344.72348,331.61838,324.7499,321.8702,321.97586,306.02933,274.5254,299.94788,293.2547,294.69385,297.27686,334.9034,-145249.62,13248.457,7674.347,-76478.0,3100.0,1186.3627,216810.94,3016.1992,21115.094,156897.34,33257.19,-43.339455,8309.241,64285.418,5617.1045
188,1984-02-22,320.69806,333.0116,324.64847,323.7794,272.22195,340.9253,327.46274,284.92453,293.5693,303.92834,251.39505,321.44534,331.05975,327.74106,344.64325,331.6047,324.7081,321.8265,321.9631,306.0084,274.51254,299.7794,293.24142,294.75302,297.25204,334.89386,-147209.12,12219.166,7133.5938,-78136.95,3100.0,1143.5986,214612.38,2995.9514,20907.555,156480.31,32139.809,-41.614906,8333.949,64314.258,5608.8164
189,1984-02-29,320.67938,332.98706,324.65012,323.78198,272.22903,340.77084,327.40704,284.8914,293.46698,303.94678,251.36874,321.44894,331.08514,327.73987,344.5788,331.5994,324.66953,321.80023,321.97763,306.0876,274.5,299.8238,293.22565,294.7907,297.23328,334.88434,-146500.58,12532.914,7231.462,-78481.484,3100.0,831.7771,212381.16,2978.2522,21146.824,156510.75,32670.984,-37.88994,8365.2,64378.914,5600.9414
190,1984-03-07,320.71445,333.00848,324.69836,323.83493,272.23843,340.72476,327.35876,284.91998,293.3935,304.768,251.52126,321.45886,331.2602,327.82986,344.71332,331.62604,324.6407,321.81485,322.11887,306.3849,274.49365,300.48877,293.2157,294.88812,297.21848,334.875,-146080.23,13279.489,7143.9263,-78295.125,3100.0,1500.0,216828.42,2954.0698,22100.943,159192.56,34403.14,-61.39112,8475.878,64488.07,5459.084
191,1984-03-14,320.8232,333.12292,324.78296,323.90372,272.25253,341.07666,327.38162,285.19196,293.3389,305.4313,252.36952,321.48965,331.56732,327.9742,344.93393,331.68768,324.64365,321.88297,322.22375,306.8664,274.5144,301.08093,293.2408,294.98917,297.22266,334.87515,-152251.27,9445.316,5695.684,-80957.875,3100.0,1500.0,222599.61,2975.6162,23373.975,165380.3,31736.73,-99.058525,8192.4375,64762.242,4894.5986
192,1984-03-21,320.85992,333.23547,324.87915,323.9898,272.26212,341.17166,327.4169,285.2415,293.27985,304.52664,251.68042,321.52057,331.6975,328.03644,344.96884,331.75507,324.6666,321.92426,322.19833,306.42734,274.52362,300.65875,293.2471,295.0146,297.23776,334.87286,-150618.72,11943.6045,6323.9746,-79936.4,3100.0,1500.0,221802.86,2988.049,22315.309,163591.7,32973.99,-73.58333,8249.375,64888.324,5393.4014
193,1984-03-28,320.91223,333.30997,324.9604,324.07217,272.2696,341.052,327.38733,285.1252,293.2401,304.2402,251.47192,321.5524,331.8567,328.1331,344.9547,331.82428,324.6805,321.96216,322.29733,306.5871,274.5123,300.27652,293.22208,295.0499,297.24417,334.86374,-149348.03,13612.843,7139.1685,-78741.56,3100.0,1500.0,219940.12,2976.3616,22900.61,164893.22,35000.934,-53.63246,8408.746,64802.2,5476.21
194,1984-04-04,321.0079,333.3929,325.0235,324.12756,272.27542,341.0077,327.3411,285.05847,293.21713,304.1752,251.42815,321.5927,332.0332,328.23038,344.96295,331.9055,324.70682,322.03342,322.3618,306.71274,274.50125,300.01425,293.19534,295.06525,297.25272,334.8546,-153827.66,10984.638,6618.846,-79666.63,3100.0,1500.0,219010.98,2958.968,23266.963,168913.22,33096.336,-45.365982,8438.7295,64937.75,5465.871
195,1984-04-11,321.1023,333.47708,325.1169,324.22815,272.2835,341.0103,327.28738,285.21494,293.20114,304.24155,251.41833,321.63214,332.16956,328.3356,344.96204,331.99203,324.7458,322.11014,322.48944,306.85794,274.49048,299.80054,293.16742,295.12274,297.25928,334.84552,-150778.02,14371.101,7398.4004,-78261.586,3100.0,1500.0,217895.12,2937.7253,23925.736,169156.36,36326.42,-39.6125,8405.821,64827.953,5440.5923
196,1984-04-18,321.17328,333.54984,325.21252,324.328,272.30667,341.02893,327.2313,285.68768,293.1891,304.3469,251.44621,321.69006,332.2512,328.4189,344.93552,332.07675,324.797,322.17676,322.58786,306.9495,274.48004,299.61493,293.1387,295.20883,297.2728,334.83643,-150735.11,15851.289,7368.099,-77907.23,3100.0,1336.2108,216319.86,2915.3638,24239.523,169492.89,37485.777,-33.373634,8299.057,64786.336,5396.3735
197,1984-04-25,321.24985,333.61096,325.26334,324.37698,272.32156,341.0391,327.17535,286.3952,293.1746,304.3683,251.3942,321.74826,332.34332,328.48645,344.875,332.15863,324.85147,322.24457,322.65073,307.05975,274.46997,299.52582,293.10953,295.26813,297.2935,334.82733,-153607.17,14440.89,7009.842,-79623.64,3100.0,1202.3557,213184.92,2897.7502,24514.545,171812.98,36488.43,-24.58191,8007.5103,65097.37,5420.1514
198,1984-05-02,321.33786,333.66202,325.275,324.3841,272.31702,341.05045,327.12128,287.57553,293.15244,304.30017,251.37352,321.79108,332.41428,328.53857,344.8298,332.23184,324.90588,322.32074,322.68005,307.13412,274.4602,299.45563,293.07996,295.2838,297.31335,334.81827,-158190.2,11342.176,6516.223,-80505.91,3100.0,1500.0,211095.19,2884.0107,24739.027,175185.45,34173.117,-24.327461,7527.3716,65426.16,5411.999
199,1984-05-09,321.41046,333.70865,325.26678,324.37585,272.30316,341.1026,327.07205,288.71988,293.1203,304.76538,251.42136,321.8169,332.4491,328.5908,344.82736,332.29904,324.96008,322.38602,322.7396,307.23666,274.45294,299.5653,293.05316,295.29138,297.3261,334.80923,-162384.2,8371.004,5789.0234,-81232.33,3100.0,1500.0,210835.55,2863.5127,24960.756,179154.22,32117.781,-39.127533,7220.8633,65784.62,5369.617
200,1984-05-16,321.51047,333.76788,325.26294,324.3736,272.29575,341.47604,327.07755,289.76544,293.08032,305.30304,252.19583,321.83502,332.4915,328.6488,344.8325,332.3773,325.0199,322.4647,322.80383,307.61658,274.46948,300.05496,293.05872,295.32498,297.33832,334.8078,-165359.97,6142.5137,5028.042,-82197.74,3100.0,1500.0,210099.81,2880.2832,26022.652,182601.12,30629.977,-66.69992,6707.3647,65919.34,4853.1406
201,1984-05-23,321.5947,333.8268,325.3115,324.43338,272.31293,341.83313,327.15076,290.68976,293.2337,305.3062,252.40256,321.8573,332.5251,328.7078,344.78775,332.45734,325.08997,322.54556,322.88312,307.61108,274.49545,300.27554,293.07654,295.41147,297.36176,334.81644,-161348.62,9860.842,5476.1577,-80916.56,3100.0,1500.0,207496.89,2900.781,26264.299,181279.23,33613.707,-70.89603,6483.5454,65857.555,4756.1675
202,1984-05-30,321.64273,333.84763,325.3637,324.49036,272.33624,341.8609,327.18903,291.27954,293.79187,304.8459,251.86339,321.8962,332.51596,328.72406,344.67038,332.50763,325.15475,322.60342,322.9043,307.46182,274.50378,300.11728,293.069,295.47562,297.39218,334.81952,-159871.44,11898.118,5692.3154,-81181.8,3100.0,1500.0,203228.92,2907.108,25924.598,179427.89,34760.36,-52.772278,6414.9,66014.44,5125.616
203,1984-06-06,321.68298,333.82736,325.3903,324.52692,272.35486,341.8364,327.19144,291.64502,294.57864,304.85352,251.87843,321.9365,332.444,328.7263,344.4948,332.5269,325.20633,322.64734,322.95853,307.56284,274.50607,300.06317,293.05246,295.54675,297.42365,334.81827,-158649.48,13413.634,5739.219,-80640.516,3100.0,1500.0,197820.97,2905.065,26254.191,178306.62,35902.223,-41.063335,6415.1074,66053.27,5100.204
204,1984-06-13,321.75674,333.77792,325.3612,324.50677,272.3717,342.04956,327.239,292.08224,298.02228,305.41937,252.44124,321.9738,332.30246,328.71356,344.17468,332.5378,325.2617,322.7107,323.00623,307.8384,274.52448,300.26944,293.05817,295.62866,297.46628,334.82816,-163027.61,10149.404,4527.227,-83301.19,3100.0,1500.0,187359.72,2920.7031,26886.154,180681.58,33566.25,-50.58953,6230.1953,66481.27,4737.951
205,1984-06-20,321.7945,333.64413,325.34976,324.52652,272.3954,342.05136,327.267,292.38727,296.46625,305.05182,251.79979,322.0032,331.98328,328.60757,343.69522,332.49454,325.30966,322.75674,323.01147,307.62082,274.53424,299.95148,293.052,295.72928,297.51132,334.83197,-153037.8,17255.227,5614.1895,-80446.35,3100.0,1299.9222,172485.38,2921.0574,26434.393,172529.3,38701.594,-26.834362,6296.1304,66397.42,5193.967
206,1984-06-27,321.8307,333.4258,325.28052,324.48083,272.42648,341.9767,327.2548,292.61072,297.90952,305.26727,251.8531,322.0389,331.6095,328.46475,343.14673,332.38428,325.33554,322.7881,323.00937,307.76773,274.536,299.829,293.03494,295.84006,297.55933,334.8301,-151804.53,17423.555,4916.131,-81520.85,3100.0,1200.7913,157690.84,2913.7688,26763.826,169103.3,38958.027,-10.253849,6304.907,66546.24,5136.626
207,1984-07-04,321.9013,333.17688,325.24634,324.49097,272.47635,342.1391,327.29526,293.02423,303.01736,306.31125,252.38425,322.07413,331.15298,328.3518,342.63925,332.24286,325.35883,322.8436,323.12668,308.12277,274.554,300.05453,293.04083,296.06607,297.62366,334.83942,-142777.9,22650.48,3959.1838,-82401.94,3100.0,1223.3467,144082.55,2924.1162,27834.926,162896.31,43921.484,27.091824,6287.902,66477.61,4720.755
208,1984-07-11,321.92908,332.88583,325.09073,324.3369,272.5151,342.11072,327.3263,293.2496,301.45865,305.52924,251.7901,322.1115,330.73145,328.08575,342.19696,332.0454,325.37415,322.87015,322.9086,307.7888,274.5636,299.8145,293.03564,296.13986,297.70676,334.84286,-148772.0,18096.62,3458.4807,-84555.375,3100.0,1046.6406,134531.0,2948.137,26478.965,159801.53,38227.754,22.825237,6187.129,67301.516,5176.6987
209,1984-07-18,322.08206,332.62338,324.90604,324.1717,272.5519,342.51456,327.44656,293.64102,314.17642,307.31107,253.28069,322.10535,330.38034,327.9802,341.84238,331.8727,325.3667,322.9646,322.95642,308.51587,274.5988,300.59833,293.0665,296.24844,297.79648,334.864,-153865.31,11689.38,-1179.6077,-93824.414,3100.0,1101.6168,126414.06,3023.6738,28556.04,163659.11,35883.75,64.39305,5912.1543,67587.42,3545.7034
210,1984-07-25,322.2744,332.42123,324.79074,324.0681,272.61053,343.3756,327.76242,294.3564,331.22723,308.43008,254.02473,322.10727,330.17374,327.87302,341.5696,331.76166,325.38663,323.09924,322.94296,308.76312,274.67102,301.87103,293.1496,296.4072,297.91168,334.9111,-156667.67,8250.618,-4766.7217,-99002.445,255.4448,255.4448,120443.69,3154.7544,29120.324,164701.72,33611.59,152.824,5436.638,68259.38,2924.3796
211,1984-08-01,322.29224,332.18842,324.6999,323.9884,272.6482,343.74753,328.0243,294.7105,330.19052,307.2323,253.02148,322.09003,329.88513,327.6378,341.365,331.5864,325.39035,323.11273,322.7845,308.29272,274.72034,302.29193,293.20154,296.50076,298.01608,334.9423,-145893.3,15009.516,-2144.0957,-91822.8,3100.0,1500.0,117670.28,3294.2112,27543.516,155135.78,36155.484,148.24121,5413.34,68853.875,4229.007
212,1984-08-08,322.32352,331.9893,324.59186,323.87692,272.68906,344.03058,328.20743,294.87497,330.62888,307.6007,253.3733,322.06418,329.75763,327.52615,341.29333,331.38403,325.35834,323.12134,322.73178,308.53763,274.7621,302.6351,293.24347,296.57672,298.11295,334.9681,-148880.2,11290.54,-4025.7075,-96007.984,3100.0,1500.0,118393.59,3360.7878,28042.492,156194.95,33896.96,131.79459,5363.5425,69248.33,3805.805
213,1984-08-15,322.2404,331.79547,324.46182,323.73514,272.68982,344.01144,328.29764,294.81525,320.5999,305.86304,252.10529,322.0119,329.59717,327.2788,341.32916,331.1388,325.30746,323.0478,322.45093,307.88504,274.7816,301.94852,293.25528,296.53046,298.1913,334.97842,-144553.67,13290.713,-764.8118,-89425.36,3100.0,1500.0,122055.65,3409.7588,25753.75,149943.97,32456.387,81.97211,5442.208,69894.18,5262.823
214,1984-08-22,322.18597,331.63757,324.38837,323.66336,272.69418,343.90137,328.27222,294.7249,315.2554,305.92218,252.29979,321.93567,329.61002,327.20062,341.45282,330.94272,325.21948,322.9806,322.43246,308.0945,274.7894,302.18314,293.25168,296.53595,298.24115,334.9804,-138542.05,15549.342,-204.78835,-89403.14,3100.0,1500.0,127773.984,3381.835,26380.914,148035.23,35037.996,47.502205,5633.4253,69709.85,4920.718
215,1984-08-29,322.18558,331.5828,324.4113,323.67905,272.7289,344.04733,328.31284,294.76413,317.4176,306.5022,252.66129,321.90076,329.72522,327.20102,341.68033,330.81296,325.14972,322.96164,322.4444,308.22925,274.8128,302.3992,293.2711,296.61526,298.3005,334.9931,-137731.44,15605.905,-1061.4236,-91291.11,3100.0,1500.0,134830.42,3370.4856,26697.527,148147.66,35488.137,53.315605,5666.001,69738.375,4585.119
216,1984-09-05,322.08484,331.54465,324.35648,323.59796,272.72354,343.95975,328.3092,294.43832,310.7787,305.29617,251.78566,321.86295,329.6997,327.07465,341.884,330.6808,325.08432,322.87473,322.2108,307.71497,274.8201,301.81018,293.26978,296.5513,298.35236,334.9945,-141033.94,13280.295,230.32605,-89540.63,3100.0,1500.0,140482.62,3375.403,24804.963,146725.56,31506.002,25.768623,5830.6045,70376.914,5544.915
217,1984-09-12,321.9674,331.49228,324.1632,323.36813,272.65897,343.68326,328.21173,293.85715,303.8257,304.46234,251.50116,321.77057,329.66565,326.9434,342.0441,330.56784,324.98965,322.7578,321.93756,307.4844,274.81216,301.48438,293.24905,296.31827,298.36826,334.98508,-151262.45,2931.5303,100.535126,-91552.41,3100.0,1500.0,145658.02,3345.109,23651.387,151687.0,23105.912,2.33667,5938.423,70881.77,5729.601
218,1984-09-19,321.9195,331.4892,324.03082,323.22293,272.598,343.639,328.16055,293.46982,306.02243,304.8854,252.0539,321.64572,329.75363,326.92325,342.24365,330.51395,324.88898,322.68677,321.86188,307.60995,274.81787,301.5654,293.24908,296.12753,298.35074,334.98502,-151500.98,-144.49194,-650.22943,-92398.53,3100.0,1500.0,152150.42,3318.9412,24034.055,155026.64,21688.23,0.9257889,5959.6533,70560.45,5132.0
219,1984-09-26,321.81516,331.49387,323.92734,323.102,272.54285,343.5297,328.12292,292.90594,302.9146,304.12662,251.60376,321.52655,329.6633,326.82083,342.34387,330.46365,324.79868,322.58582,321.6549,307.16183,274.82016,301.21503,293.2463,295.89468,298.30914,334.98245,-152435.05,-2908.1963,-137.56848,-89697.78,3100.0,1500.0,153759.3,3301.6145,22499.139,154747.53,17841.33,-2.5232544,6073.829,70405.516,5658.067
220,1984-10-03,321.67773,331.41806,323.81848,323.0072,272.49594,343.29425,328.03552,291.92743,299.25137,303.79874,251.48805,321.40054,329.34314,326.69205,342.13837,330.40588,324.6971,322.45782,321.56107,307.0131,274.81287,301.02234,293.2318,295.71533,298.23752,334.97308,-145054.05,1053.0505,2024.5198,-86394.016,3100.0,1500.0,145416.31,3252.2412,22368.53,150103.4,21518.303,-16.369942,6516.51,69652.76,5710.532
221,1984-10-10,321.5552,331.24182,323.6987,322.90564,272.47293,343.0764,327.94827,290.8181,297.58737,303.75723,251.47617,321.29593,328.92056,326.51852,341.7202,330.31375,324.59586,322.34277,321.45825,306.8844,274.8058,300.9425,293.21902,295.599,298.16223,334.96368,-141149.23,2444.2632,2792.5867,-85234.1,3100.0,1500.0,133482.28,3202.501,22172.982,145783.72,22748.691,-26.449127,6915.816,69027.29,5697.818
222,1984-10-17,321.4597,330.98532,323.50372,322.72424,272.4436,342.88382,327.87006,289.9207,296.5972,303.62885,251.44617,321.19577,328.45258,326.28534,341.35217,330.173,324.4943,322.24268,321.2883,306.73666,274.79892,300.91818,293.2076,295.44287,298.089,334.95428,-141753.23,-810.2036,2017.5564,-85965.2,3100.0,1500.0,124541.195,3167.329,21627.64,143385.97,19539.904,-37.31064,7064.8438,68717.516,5707.7607
223,1984-10-24,321.37854,330.7911,323.34235,322.55197,272.4052,342.93137,327.82053,289.21848,295.97537,304.08777,251.80222,321.08398,328.50467,326.15283,341.4678,330.01062,324.38757,322.14566,321.1721,306.80322,274.80664,301.50052,293.21735,295.28146,298.00894,334.9449,-142171.44,-3911.3752,1163.3531,-86230.51,3100.0,1500.0,137390.06,3154.148,21576.375,144230.97,16860.074,-71.60942,7126.6836,68363.17,5448.0293
224,1984-10-31,321.24722,330.74942,323.31845,322.50815,272.37344,342.8615,327.80365,288.03836,295.62085,303.62985,251.55206,320.97656,328.6668,326.09375,341.91794,329.8322,324.2808,322.0273,321.03366,306.38162,274.8106,301.43588,293.22214,295.13013,297.92416,334.9355,-137421.02,-1127.4534,2244.8613,-84549.32,3100.0,1500.0,153031.4,3135.6812,20686.467,140971.8,18763.023,-63.526764,7578.6484,67828.92,5666.831
225,1984-11-07,321.0808,330.78067,323.33603,322.51096,272.3481,342.6962,327.77338,286.89877,295.2324,303.44626,251.46297,320.88626,328.76056,326.07584,342.32016,329.71216,324.17078,321.88055,320.95813,306.20825,274.80405,301.04758,293.2121,295.00543,297.83572,334.9261,-134207.5,1000.87787,3218.5237,-83056.42,3100.0,1500.0,162926.75,3114.0586,20210.404,138969.06,20458.65,-48.866142,7891.4307,67214.69,5725.0522
226,1984-11-14,320.9513,330.85638,323.36383,322.5212,272.32944,342.552,327.73627,286.31735,294.9276,303.39777,251.47719,320.81235,328.98224,326.1217,342.65988,329.6685,324.06342,321.76028,320.91974,306.1252,274.7976,300.74966,293.202,294.8927,297.74994,334.91672,-134163.95,602.7298,3356.5552,-82182.41,3100.0,1500.0,171678.42,3095.58,19981.898,140048.98,20244.525,-44.51188,7968.528,66673.05,5683.006
227,1984-11-21,320.8212,330.98288,323.43866,322.57953,272.31747,342.40494,327.6935,285.9411,294.6627,303.41278,251.50047,320.75336,329.28574,326.2024,343.05133,329.68765,323.96912,321.64636,320.91818,306.0288,274.79126,300.58078,293.19183,294.81274,297.66565,334.90732,-131855.53,2913.1562,4306.645,-80898.71,3100.0,1500.0,183882.58,3078.0056,19858.127,139951.9,22414.293,-37.287766,8051.457,66111.45,5654.8696
228,1984-11-28,320.68918,331.1692,323.52917,322.64767,272.30276,342.2457,327.64822,285.66904,294.44217,303.7119,251.47627,320.7135,329.6036,326.3327,343.53644,329.75317,323.8895,321.53897,320.94107,305.93964,274.78503,300.3799,293.1815,294.73392,297.58618,334.89792,-134865.0,1319.0433,3744.6497,-81681.37,3100.0,1500.0,197308.6,3057.2124,19510.139,143212.75,21075.89,-51.41489,8094.8306,65919.98,5678.1797
229,1984-12-05,320.56183,331.40988,323.6337,322.73193,272.27835,342.07983,327.60458,285.4579,294.2647,303.45773,251.46019,320.68512,329.9357,326.4776,344.03467,329.87686,323.82697,321.4387,320.935,305.80692,274.77924,300.2398,293.17123,294.63565,297.5072,334.88873,-135616.12,1727.8765,4020.0173,-81256.555,3100.0,1452.5518,211603.95,3046.7754,19195.967,144657.94,21186.002,-47.65073,8021.511,65593.305,5692.756
230,1984-12-12,320.45416,331.68823,323.79443,322.87494,272.26498,341.90652,327.56015,285.2774,294.11823,303.43204,251.51178,320.674,330.377,326.6843,344.4548,330.05524,323.77933,321.35565,321.02673,305.7841,274.7737,300.197,293.1608,294.5846,297.42773,334.87967,-134683.95,4403.873,5139.3735,-79240.49,3100.0,1500.0,222458.36,3033.1267,19377.887,146661.45,23998.596,-43.42666,8069.0244,65041.76,5630.2607
231,1984-12-19,320.34897,331.97354,323.93805,322.9968,272.25546,341.73343,327.51532,285.12967,293.97052,303.4075,251.50783,320.68756,330.68893,326.87213,344.83276,330.28494,323.75305,321.28192,321.075,305.69104,274.76828,300.32465,293.14963,294.5155,297.35468,334.87064,-139131.17,2695.8396,4600.5957,-80071.984,3100.0,1500.0,232232.52,3018.4058,19000.48,150291.39,22279.436,-41.335815,8032.8643,64832.336,5640.1016
232,1984-12-26,320.41962,332.38144,324.11526,323.18176,272.25128,342.84537,327.74872,285.8455,302.20038,307.83957,254.69966,320.7206,331.2247,327.36725,345.44348,330.6597,323.78635,321.32236,321.65237,307.44406,274.8538,302.47787,293.26398,294.73242,297.31488,334.9137,-151012.73,-3826.825,349.78406,-87936.22,255.4448,255.4448,251026.86,3102.2756,23474.719,169028.19,21084.602,-207.10864,7585.6865,65397.145,3415.4138
233,1985-01-02,320.35602,332.812,324.36664,323.3952,272.25583,343.02893,328.02423,286.0244,300.8277,304.99197,252.33656,320.8011,331.66153,327.52573,345.97226,330.98138,323.8817,321.3451,321.42215,305.7514,274.91455,301.96066,293.34286,294.70276,297.31854,334.94305,-149683.45,1002.98737,1997.8186,-83806.1,3100.0,1474.3027,264556.88,3168.6807,18982.334,162590.0,20986.816,-103.04295,7426.3794,65552.695,5298.548
234,1985-01-09,320.2247,333.12955,324.5429,323.56122,272.23492,342.4257,328.00266,285.6378,298.13358,303.82996,251.62889,320.85605,331.88422,327.7378,346.06372,331.2596,323.91733,321.26968,321.53305,305.72824,274.90817,301.3814,293.32657,294.59653,297.28317,334.93405,-147962.89,4986.422,4488.6826,-81158.664,3100.0,1468.55,262778.06,3203.623,19206.604,163647.47,24789.45,-57.655815,7748.3657,65177.42,5745.5127
235,1985-01-16,320.1488,333.3556,324.6741,323.6928,272.21872,342.0244,327.93576,285.38562,296.82877,303.67245,251.4788,320.92474,332.0181,327.9021,346.07562,331.5172,323.95544,321.2332,321.63794,305.72952,274.9017,300.97006,293.3089,294.5465,297.2407,334.92508,-150442.77,5246.4546,5042.788,-80623.234,3100.0,1468.1061,261154.38,3176.981,19270.945,165874.61,25298.156,-46.19864,7867.903,64949.906,5817.449
236,1985-01-23,320.08044,333.51877,324.7741,323.8011,272.20435,341.73383,327.85736,285.20676,295.99786,303.66745,251.42474,320.99448,332.0494,328.01685,346.02292,331.72797,324.00458,321.20673,321.7333,305.70737,274.89523,300.60483,293.29028,294.5234,297.198,334.9161,-150696.14,7092.6367,5892.4614,-79823.414,3100.0,1470.9609,257627.42,3149.1956,19340.252,166080.34,27164.543,-43.244774,7958.092,64712.582,5839.4355
237,1985-01-30,320.02164,333.60184,324.8193,323.85638,272.1917,341.48856,327.77637,285.07294,295.39566,303.66647,251.40323,321.06116,331.96918,328.0657,345.78726,331.88345,324.05753,321.1857,321.78595,305.68103,274.88882,300.27408,293.2709,294.4997,297.15793,334.9071,-152579.7,6881.59,5911.1514,-79742.76,3100.0,1207.1364,247605.39,3121.7532,19257.406,166291.47,26999.092,-43.352333,7990.523,64564.984,5835.9775
238,1985-02-06,319.9872,333.58994,324.80783,323.86258,272.17984,341.2601,327.6963,284.96436,295.00253,303.67178,251.40294,321.11353,331.79547,328.0477,345.4233,331.97272,324.10623,321.1763,321.8208,305.6932,274.8825,299.97144,293.2509,294.4805,297.11795,334.89813,-152345.03,7493.475,6263.4883,-79144.445,3100.0,934.776,234570.95,3094.0793,19368.318,165105.39,27766.945,-41.375,8027.3804,64367.73,5806.3574
239,1985-02-13,319.9811,333.50797,324.811,323.89905,272.19193,341.04605,327.61847,284.87643,294.71686,303.83786,251.48868,321.16052,331.58435,328.01123,345.07483,331.9923,324.14807,321.18445,321.91513,305.8016,274.87628,299.7093,293.2301,294.55383,297.08023,334.88916,-145353.56,13513.527,7966.673,-76079.55,3100.0,699.00854,223458.47,3060.4453,20066.9,160374.36,33619.766,-38.67578,8184.217,63811.035,5687.081
240,1985-02-20,319.9727,333.39804,324.77542,323.87766,272.21472,340.8481,327.54398,284.82336,294.4953,303.9138,251.49611,321.21426,331.3842,327.93484,344.89615,331.9541,324.18616,321.19147,321.90402,305.79285,274.87015,299.47943,293.20844,294.61285,297.05832,334.8802,-146993.62,12466.398,7419.298,-77710.03,3100.0,557.3742,219706.0,3032.5718,19955.031,158719.97,32505.326,-38.12912,8217.239,63826.355,5674.202
241,1985-02-27,319.99615,333.3144,324.7413,323.85092,272.22055,340.65738,327.4726,284.7843,294.29996,303.93436,251.469,321.24713,331.36725,327.90106,344.83804,331.8919,324.21133,321.20975,321.92087,305.8835,274.86407,299.28436,293.18573,294.6505,297.04227,334.87122,-146083.33,12768.107,7520.5273,-78029.22,3100.0,430.9507,218592.0,3008.5662,20262.451,158284.52,33037.51,-34.56082,8256.094,63880.934,5663.497
242,1985-03-06,320.0622,333.27545,324.76636,323.87952,272.2272,340.4949,327.4045,284.75436,294.16342,304.0188,251.47893,321.27643,331.4659,327.92484,344.84384,331.84387,324.23218,321.25714,321.98712,306.0296,274.85834,299.1206,293.16217,294.71213,297.02875,334.86243,-144340.23,14281.479,7912.4556,-77462.87,3100.0,446.33536,219030.05,2983.119,20861.959,158468.31,34822.676,-33.586555,8328.679,63836.008,5613.9004
243,1985-03-13,320.15555,333.2769,324.79312,323.89584,272.231,340.37375,327.33945,284.7349,294.02243,303.9998,251.4984,321.3103,331.59964,327.96533,344.87234,331.82584,324.25897,321.32507,322.0109,306.11996,274.85284,298.96564,293.1375,294.7307,297.0208,334.8538,-148838.86,11090.682,7099.931,-78430.234,3100.0,360.6768,219783.86,2962.8818,21090.535,161782.19,32289.012,-34.667206,8307.665,63962.74,5562.006
244,1985-03-20,320.22556,333.28912,324.82996,323.9342,272.22833,340.28836,327.27634,284.71103,293.89804,304.00598,251.46979,321.33698,331.64014,327.99622,344.8591,331.82953,324.29025,321.38156,322.05826,306.17126,274.84738,298.81924,293.11136,294.75223,297.01022,334.84515,-147706.17,12515.808,7501.1377,-78249.945,3100.0,323.95358,219260.98,2941.6313,21381.57,161718.69,33641.28,-35.130875,8342.753,64000.96,5573.8467
245,1985-03-27,320.32837,333.30865,324.8906,323.9996,272.23425,340.21536,327.21512,284.69034,293.7727,304.09164,251.47336,321.37283,331.759,328.06357,344.81003,331.84857,324.32446,321.45856,322.15826,306.34726,274.84195,298.67664,293.08368,294.81488,297.0011,334.83652,-146354.75,14094.307,7973.7466,-77472.91,3100.0,240.68529,216477.06,2917.2725,22065.727,162611.16,35638.305,-33.053818,8419.847,63932.887,5521.612
246,1985-04-03,320.46317,333.33633,324.93323,324.03683,272.2392,340.16754,327.15555,284.6797,293.64938,304.09204,251.47092,321.41745,331.87387,328.12454,344.73322,331.88394,324.36887,321.56046,322.21408,306.4812,274.83655,298.54178,293.0545,294.84497,296.999,334.82785,-150570.47,11456.949,7311.6797,-78555.87,3100.0,188.05591,213078.83,2897.8755,22484.613,165994.16,33699.258,-31.040642,8418.738,64089.42,5484.4883
247,1985-04-10,320.59045,333.359,324.99847,324.1124,272.24622,340.1551,327.09778,284.85223,293.53357,304.17712,251.47011,321.45947,331.93985,328.18634,344.65417,331.92325,324.4208,321.66217,322.3272,306.6313,274.83115,298.41867,293.02383,294.9141,296.99747,334.8192,-147095.72,14856.795,8183.4097,-77233.41,3100.0,146.46523,210218.67,2875.4739,23178.215,165453.45,37062.445,-28.302656,8388.618,64003.062,5452.371
248,1985-04-17,320.68857,333.37317,325.06647,324.18707,272.26825,340.1616,327.04218,285.31354,293.42963,304.28964,251.49834,321.51767,331.96106,328.22787,344.5763,331.96072,324.47958,321.7487,322.4087,306.725,274.82574,298.3966,292.99182,295.00827,297.00476,334.81055,-146586.64,16360.09,8105.1655,-76929.32,3100.0,133.03625,207707.38,2852.7878,23522.12,165029.97,38195.19,-24.093254,8286.101,63981.33,5406.4014
249,1985-04-24,320.78738,333.39044,325.09668,324.21564,272.2821,340.16675,326.98956,286.0218,293.37222,304.3136,251.44434,321.5746,332.03848,328.26672,344.5569,331.99005,324.5371,321.8318,322.4566,306.83704,274.82034,298.38284,292.95856,295.07324,297.02066,334.80188,-149048.61,14972.259,7719.5083,-78676.87,3100.0,1500.0,206522.66,2835.6099,23828.2,166875.67,37178.7,-16.385542,7993.8237,64308.277,5430.5674
250,1985-05-01,320.89444,333.42975,325.1064,324.21768,272.27667,340.18033,326.93997,287.21118,293.30212,304.2465,251.42099,321.61588,332.15637,328.3166,344.62912,332.02393,324.59155,321.9207,322.47964,306.91336,274.81494,298.30753,292.9242,295.09268,297.037,334.7932,-153469.75,11885.195,7209.1733,-79582.055,3100.0,479.58182,208641.58,2822.8467,24063.164,170333.12,34850.73,-16.696617,7511.051,64646.223,5422.0103
251,1985-05-08,320.97842,333.49,325.11017,324.21255,272.26154,340.20807,326.89267,288.34637,293.22058,304.14432,251.40984,321.64047,332.24893,328.36008,344.71744,332.06976,324.64407,321.99225,322.4839,306.92853,274.80957,298.21243,292.8889,295.07388,297.04636,334.78455,-156862.67,9479.842,6698.1333,-80027.67,3100.0,355.37476,211215.0,2811.022,24073.82,173142.66,32671.676,-14.981998,7133.775,64883.836,5416.2417
252,1985-05-15,321.04633,333.56433,325.11804,324.21576,272.24692,340.23383,326.84756,289.1458,293.13504,304.34946,251.43803,321.6544,332.35718,328.42676,344.83893,332.12646,324.69202,322.05255,322.5278,306.97852,274.80417,298.1446,292.85278,295.0507,297.04608,334.77585,-159595.12,7569.33,6278.8135,-79724.64,3100.0,529.8644,214567.2,2791.8052,24212.283,176519.45,31295.994,-18.3824,6918.633,64977.965,5370.96
253,1985-05-22,321.11288,333.65167,325.19006,324.2941,272.2507,340.27927,326.80753,289.82614,293.0511,304.53357,251.52797,321.6753,332.47205,328.51712,344.92224,332.19907,324.7415,322.1147,322.63126,307.09415,274.8008,298.1925,292.819,295.0948,297.04044,334.76718,-156111.05,11039.429,7183.8623,-78109.8,3100.0,1500.0,215537.39,2773.4346,24785.824,176385.12,34691.37,-22.933208,6770.5576,64771.777,5281.3823
254,1985-05-29,321.1742,333.73035,325.27838,324.38324,272.26636,340.29825,326.7725,290.3911,292.97592,304.3559,251.45425,321.71964,332.55774,328.58957,344.9346,332.2773,324.7975,322.17703,322.6921,307.11188,274.79715,298.1778,292.7843,295.15613,297.04352,334.75848,-155498.78,12775.647,7332.573,-78827.414,3100.0,735.73175,214756.05,2761.9976,24988.922,176064.16,35875.36,-21.87885,6625.4126,64821.78,5336.377
255,1985-06-05,321.22568,333.77908,325.34717,324.45782,272.2811,340.29135,326.73715,290.77158,292.91125,304.34677,251.45728,321.7717,332.56128,328.64127,344.8261,332.3488,324.85498,322.23242,322.76523,307.16882,274.79218,298.15005,292.7475,295.2225,297.0548,334.74997,-154951.53,14340.92,7417.672,-78229.445,3100.0,464.11026,210301.5,2749.902,25222.395,175680.75,37036.95,-18.958889,6595.7363,64798.88,5316.2905
256,1985-06-12,321.3349,333.78836,325.35056,324.4734,272.2966,340.70065,326.76724,291.3453,292.85492,305.54156,252.43692,321.82474,332.4567,328.691,344.49423,332.42508,324.92255,322.32062,322.8995,307.73618,274.81677,298.7998,292.75177,295.33466,297.08054,334.75314,-160926.7,10329.115,5983.4746,-81593.09,3100.0,1064.7632,197678.1,2772.2104,26647.984,180410.3,34645.082,-47.63322,6289.9126,65228.48,4685.838
257,1985-06-19,321.46933,333.74677,325.38345,324.5464,272.33133,341.3865,326.93835,292.15167,294.95764,306.49173,253.3236,321.88055,332.26288,328.71667,344.08792,332.49515,325.0187,322.44183,323.0864,308.10004,274.87363,299.6403,292.801,295.57446,297.1361,334.78146,-154010.23,16056.797,5467.217,-81742.76,3100.0,1347.206,184516.66,2816.6182,27922.645,177316.34,39352.07,-89.58305,6080.9326,65503.29,4127.2666
258,1985-06-26,321.57065,333.6659,325.39185,324.57248,272.38174,341.7437,327.12344,292.77063,298.97247,306.34695,252.9553,321.95633,332.1109,328.67087,343.89853,332.5007,325.121,322.54892,323.10278,307.97467,274.9231,299.846,292.84003,295.76816,297.22342,334.81165,-153895.7,16814.865,4553.2295,-82759.68,3100.0,1500.0,180362.44,2866.356,27435.42,174484.81,39145.164,-83.871826,5960.971,66021.04,4421.84
259,1985-07-03,321.6081,333.58148,325.44626,324.6423,272.43213,341.54654,327.18018,293.0085,296.58356,305.4915,251.91093,322.02255,332.07718,328.6205,343.92902,332.42828,325.18494,322.60284,323.11322,307.696,274.93726,299.39902,292.83044,295.9109,297.30917,334.81754,-143999.4,24193.836,5966.5273,-79507.0,3100.0,1077.0188,183041.16,2886.0393,26695.21,166670.73,44061.035,-39.175976,6152.1426,65984.875,5129.547
260,1985-07-10,321.67517,333.54868,325.44925,324.6285,272.4733,341.39246,327.184,293.13504,299.00113,305.75046,252.09395,322.092,332.1437,328.6307,344.0459,332.36755,325.22433,322.66064,323.10065,307.88364,274.94412,299.3667,292.81152,295.98428,297.3965,334.81845,-154292.12,17411.525,3582.353,-85305.83,3100.0,1233.0381,187397.58,2907.1533,26970.043,171376.44,39091.656,-13.740349,6121.8057,66519.39,4824.8955
261,1985-07-17,321.73242,333.55997,325.4161,324.58133,272.47687,341.3751,327.20294,293.24738,300.4512,305.57776,251.99518,322.1243,332.20865,328.6225,344.18884,332.34662,325.25916,322.70767,323.03983,307.82086,274.9552,299.3383,292.7997,295.98743,297.47534,334.82242,-158811.34,14165.901,3000.1558,-86099.3,3100.0,869.3261,192028.67,2938.5852,26583.846,173822.28,36075.754,5.5193596,6036.647,67096.766,4958.132
262,1985-07-24,321.81207,333.61157,325.4013,324.55722,272.47595,341.4834,327.2422,293.44592,304.58545,305.91904,252.31448,322.13443,332.32742,328.67578,344.37424,332.36148,325.2877,322.76718,323.0586,307.99408,274.97205,299.5435,292.7973,295.99225,297.53934,334.83047,-162617.0,11086.227,1742.6509,-88496.945,3100.0,1395.5764,197281.67,2970.3877,27027.844,177798.45,34273.543,23.903614,5905.5146,67420.086,4622.578
263,1985-07-31,321.8502,333.68677,325.47067,324.6298,272.48645,341.53787,327.2785,293.5846,304.361,305.62564,252.01465,322.1487,332.44003,328.72852,344.54102,332.40067,325.31982,322.80475,323.10626,307.89893,274.98566,299.56357,292.79184,296.0432,297.5912,334.83636,-156257.61,16172.188,3098.021,-84666.766,3100.0,1021.73834,201563.11,2985.3672,26793.785,175273.36,37608.41,32.40392,5963.729,67438.13,4977.4062
264,1985-08-07,321.8573,333.74957,325.49954,324.64514,272.4954,341.44693,327.26544,293.5281,301.95615,305.20206,251.75385,322.17477,332.503,328.75558,344.59973,332.4455,325.34753,322.81888,323.07434,307.80466,274.98853,299.6888,292.7729,296.0417,297.63583,334.83478,-160786.02,13775.866,3091.8699,-85106.77,3100.0,1500.0,202473.72,2980.511,26381.135,177125.69,35171.03,20.27071,6020.3975,67719.62,5213.896
265,1985-08-14,321.96478,333.81628,325.53085,324.68076,272.5184,341.6875,327.31815,293.6886,309.5772,306.3891,252.70515,322.20197,332.54965,328.86475,344.5125,332.5326,325.38312,322.9015,323.21255,308.27835,275.01108,300.39478,292.78275,296.10284,297.68604,334.8469,-164638.45,10956.877,614.1236,-89850.875,3100.0,1500.0,197647.75,3001.6387,27874.234,181894.9,34829.926,42.491047,5885.414,67678.27,4211.3203
266,1985-08-21,322.12888,333.8737,325.6202,324.78955,272.57935,342.31537,327.5106,294.1339,322.34003,307.50537,253.4396,322.26318,332.55188,328.96957,344.3355,332.6583,325.45618,323.03857,323.38834,308.61844,275.0614,301.4492,292.8329,296.2719,297.7619,334.87857,-163698.08,12404.607,-1514.9961,-92839.6,255.4448,255.4448,190810.64,3073.7458,28990.258,182747.22,36837.31,95.82507,5656.137,67747.61,3545.8564
267,1985-08-28,322.16797,333.8663,325.6507,324.82138,272.6226,342.6354,327.6804,294.277,319.6558,306.66003,252.60909,322.3336,332.4534,328.91852,344.1996,332.7169,325.5353,323.09213,323.3364,308.24088,275.0957,301.66025,292.86237,296.35876,297.84555,334.89923,-162325.08,14643.286,-213.84146,-89137.23,3100.0,1500.0,187430.31,3151.1787,27650.146,178970.12,36521.766,102.51522,5681.6304,68325.25,4600.5146
268,1985-09-04,322.1384,333.8048,325.5521,324.7139,272.6197,342.6309,327.72565,293.9633,313.12808,305.747,252.07156,322.36038,332.2673,328.8082,344.04324,332.69727,325.57373,323.08023,323.19598,308.02966,275.10556,301.89816,292.85956,296.30975,297.91095,334.90295,-166935.98,11213.523,280.3607,-89548.36,3100.0,1500.0,183333.89,3177.9146,26796.947,178765.86,32740.824,64.388145,5849.8735,68922.516,5097.748
269,1985-09-11,322.17227,333.72247,325.35257,324.50256,272.58664,342.85635,327.78674,293.63678,315.26797,306.00415,252.52777,322.34036,332.0627,328.70935,343.85788,332.66406,325.58618,323.09705,323.0546,308.14536,275.12454,302.3311,292.87115,296.171,297.96152,334.91306,-179598.17,-582.70374,-2042.7471,-95377.72,3100.0,1500.0,178181.66,3202.9478,26771.5,185395.36,24323.86,61.360947,5763.269,69473.65,4599.0312
270,1985-09-18,322.12006,333.5848,325.13245,324.2829,272.5212,342.93652,327.81927,293.21274,309.22928,304.66513,251.68805,322.26233,331.75125,328.48352,343.63358,332.5697,325.57465,323.04913,322.7986,307.6036,275.13165,301.8356,292.86835,295.94455,297.9732,334.915,-176521.66,-1059.4703,130.25455,-89534.31,3100.0,1500.0,172771.98,3215.3855,24995.91,181580.0,21843.514,38.333893,5840.9478,69649.27,5538.2354
271,1985-09-25,322.03397,333.37726,324.89572,324.04642,272.45316,342.79825,327.75595,292.51328,302.4928,303.95422,251.45235,322.1468,331.37775,328.2547,343.33615,332.40488,325.5194,322.96417,322.5851,307.39038,275.12256,301.59888,292.84518,295.67697,297.941,334.90564,-176208.08,-4515.9175,385.54056,-88157.57,3100.0,1500.0,165962.58,3176.3027,24198.984,180005.86,18290.998,10.173454,6054.821,69332.95,5676.662
272,1985-10-02,321.94217,333.15192,324.71472,323.88327,272.40686,342.64685,327.68134,291.53052,299.41388,303.7874,251.41714,322.02676,331.0278,328.0457,343.2367,332.2076,325.44345,322.87256,322.45743,307.24612,275.11346,301.34558,292.82446,295.50256,297.88345,334.89624,-167648.14,-529.6036,2524.1802,-85031.76,3100.0,1500.0,166631.44,3123.376,24100.182,174014.44,22004.666,-6.7273636,6486.122,68571.75,5677.868
273,1985-10-09,321.8572,332.98184,324.61368,323.78406,272.38434,342.49026,327.60797,290.4231,297.74457,303.7643,251.41586,321.92535,330.9319,327.91138,343.34036,331.9979,325.35947,322.78757,322.35513,307.12628,275.10434,301.00897,292.8063,295.39185,297.8233,334.88684,-163644.23,864.3002,3333.6904,-83910.84,3100.0,1500.0,172587.36,3079.6362,23898.068,170869.86,23274.555,-19.266232,6887.258,67958.5,5658.165
274,1985-10-16,321.79706,332.8783,324.53705,323.69162,272.35556,342.32825,327.53827,289.52997,296.68103,303.64203,251.38808,321.83447,330.96216,327.82703,343.49533,331.82095,325.27606,322.71896,322.2354,306.99954,275.09518,300.6903,292.7907,295.2407,297.7656,334.87744,-165655.1,-2471.2173,2471.4734,-84659.86,3100.0,1500.0,178408.75,3049.1787,23388.668,171781.97,19975.71,-31.14938,7035.994,67663.49,5665.1963
275,1985-10-23,321.72675,332.81213,324.4583,323.59848,272.3142,342.16412,327.47192,288.6945,295.99576,303.4605,251.38826,321.73944,330.94272,327.74472,343.63904,331.6908,325.19528,322.6438,322.10806,306.81693,275.08594,300.38263,292.77753,295.04517,297.69867,334.86798,-166552.23,-5034.5557,1852.2407,-84111.68,3100.0,1500.0,183724.52,3025.5212,22681.262,172070.3,17174.23,-39.054703,7204.9688,67244.29,5655.297
276,1985-10-30,321.63336,332.76,324.40918,323.54865,272.27747,341.98892,327.40836,287.45816,295.47934,303.3971,251.36334,321.6454,330.87173,327.67548,343.74503,331.5899,325.11475,322.55557,322.0319,306.66208,275.07666,300.1012,292.76648,294.8921,297.61823,334.85855,-162535.53,-2827.6846,3008.6287,-82793.234,3100.0,1500.0,187612.03,2999.051,22408.064,169411.58,19236.592,-43.82235,7649.1206,66673.35,5676.645
277,1985-11-06,321.51303,332.71097,324.37393,323.51282,272.25253,341.79144,327.34726,286.447,295.12247,303.4113,251.36548,321.56702,330.7835,327.60028,343.8262,331.50702,325.03555,322.4493,321.9556,306.50662,275.06732,299.84427,292.75717,294.78592,297.53574,334.8491,-158999.62,-745.4926,3821.2683,-81508.1,3100.0,1145.9889,190894.98,2972.9055,21995.494,166268.69,20914.064,-37.436653,7887.2847,66091.57,5669.206
278,1985-11-13,321.42264,332.6797,324.3423,323.47495,272.2346,341.57266,327.28882,285.92728,294.81708,303.39615,251.39975,321.498,330.8117,327.56577,343.90814,331.4411,324.95535,322.36322,321.89948,306.43286,275.0579,299.6212,292.7491,294.6868,297.45636,334.8396,-158290.23,-1126.2607,3884.655,-80734.39,3100.0,906.52734,193649.42,2950.482,21807.055,165951.9,20674.309,-35.743942,7946.527,65585.59,5611.5166
279,1985-11-20,321.32806,332.67963,324.3451,323.47623,272.22324,341.3594,327.234,285.59006,294.54065,303.7979,251.42859,321.43896,330.86942,327.56497,344.08893,331.42776,324.88235,322.27948,321.90564,306.38214,275.04834,300.04688,292.74185,294.63452,297.3783,334.8301,-155617.25,888.4883,4568.671,-79664.375,3100.0,1500.0,200211.8,2921.343,21815.045,165070.88,22829.744,-47.365433,8084.2974,65147.19,5579.561
280,1985-11-27,321.26797,332.75607,324.37515,323.49365,272.21426,341.46332,327.22272,285.55197,294.3475,304.55283,252.04245,321.40036,331.06714,327.63345,344.49295,331.4243,324.82367,322.21893,321.93604,306.65134,275.06033,300.5367,292.7649,294.61652,297.31128,334.82495,-158306.02,-1102.574,3663.8525,-81623.74,3100.0,1500.0,213619.17,2929.4048,22443.857,168046.72,21429.549,-83.86257,7883.8047,65028.742,5184.7573
281,1985-12-04,321.17062,332.878,324.4329,323.53415,272.19867,341.3839,327.23254,285.42667,294.21564,303.78778,251.60089,321.37042,331.22836,327.67474,344.74518,331.44876,324.77933,322.1484,321.84525,306.16537,275.0666,300.179,292.77985,294.5351,297.25476,334.81882,-157497.56,8.842407,3984.4966,-80726.46,3100.0,1500.0,219681.3,2932.6963,21170.27,166544.34,21436.22,-62.474915,7862.9155,64819.883,5520.552
282,1985-12-11,321.07443,332.9569,324.4913,323.59082,272.18594,341.13135,327.20416,285.1979,294.09683,303.52005,251.50102,321.3446,331.2762,327.72318,344.7407,331.49673,324.73135,322.0708,321.8682,306.12653,275.05695,299.82233,292.77194,294.47742,297.1917,334.80963,-154739.6,2854.5564,5280.424,-78468.5,3100.0,1500.0,217570.67,2919.4282,21255.229,165520.8,24237.643,-49.46334,7970.686,64297.34,5551.3833
283,1985-12-18,320.98193,332.96912,324.48648,323.58603,272.17667,340.92422,327.16522,285.0278,293.9791,303.44766,251.4628,321.3304,331.14706,327.6961,344.56345,331.53836,324.69128,321.99768,321.82397,306.01294,275.04718,299.56982,292.76297,294.40805,297.13208,334.8004,-156636.05,1306.7019,4811.5303,-79225.34,3100.0,1286.9279,211125.45,2903.775,20757.572,165139.8,22511.287,-44.045235,7957.862,64106.066,5577.452
284,1985-12-25,320.88113,332.92972,324.42157,323.52335,272.151,340.72617,327.12048,284.8841,293.8715,303.34586,251.39525,321.30234,331.00626,327.62766,344.51285,331.5408,324.64957,321.91684,321.74936,305.87662,275.03726,299.4215,292.75302,294.30295,297.0698,334.7912,-157119.58,27.106812,4380.019,-79810.74,3100.0,1223.7378,211461.89,2890.5884,20240.73,164136.97,20921.73,-42.406395,7904.078,64003.254,5635.4717
285,1986-01-01,320.77582,332.9108,324.37857,323.4817,272.11948,340.5206,327.07294,284.7513,293.75232,303.3948,251.34099,321.2637,330.98215,327.5939,344.65643,331.513,324.60165,321.83084,321.7093,305.78024,275.02725,299.29376,292.74207,294.21573,297.0004,334.78195,-155317.06,852.34186,4811.998,-79279.34,3100.0,1500.0,217522.52,2873.1865,20012.332,162929.2,21687.08,-44.42714,7910.44,63800.51,5674.7104
286,1986-01-08,320.6816,332.9288,324.41113,323.5277,272.09805,340.30997,327.02417,284.6405,293.6335,304.71436,251.30244,321.23795,331.0191,327.66168,344.7189,331.49683,324.5554,321.7598,321.85587,305.889,275.01715,299.1411,292.73004,294.25284,296.9306,334.7727,-152958.05,3564.295,5511.2163,-78121.27,3100.0,991.5775,218381.06,2828.9507,20496.75,164039.16,25583.61,-100.90039,8190.3765,63772.08,5691.2734
287,1986-01-15,320.61142,332.93768,324.44592,323.555,272.08417,340.10388,326.9757,284.57587,293.5386,303.8498,251.28038,321.23822,331.03534,327.62338,344.72644,331.49805,324.52402,321.70438,321.74408,305.7416,275.00693,299.0195,292.71683,294.24533,296.87637,334.76346,-151323.9,5057.0522,5929.9595,-78260.83,3100.0,1500.0,218293.6,2828.5,20187.826,160159.52,25943.453,-72.00583,7980.859,63500.305,5688.6816
288,1986-01-22,320.52625,332.93372,324.45486,323.5642,272.07166,339.91016,326.92813,284.50665,293.47388,303.57922,251.2608,321.229,331.00333,327.60507,344.75076,331.49203,324.4853,321.6355,321.7287,305.6851,274.99658,298.89713,292.70233,294.23312,296.8288,334.75418,-148849.61,7154.042,6823.1665,-77664.734,3100.0,926.0841,219724.0,2827.494,20116.072,158097.0,27748.209,-51.519543,8022.9673,63269.92,5695.509
289,1986-01-29,320.44043,332.9134,324.44928,323.5588,272.06055,339.71915,326.8803,284.44736,293.42096,303.54788,251.25009,321.2221,330.91785,327.57364,344.63135,331.48035,324.445,321.5668,321.6991,305.62927,274.98615,298.75064,292.6864,294.22095,296.7848,334.7449,-148809.98,7102.9033,6804.476,-77706.3,3100.0,973.1507,215250.66,2810.9023,19895.041,157054.52,27553.918,-44.736877,8027.665,63152.668,5689.819
290,1986-02-05,320.3726,332.84097,324.41272,323.53052,272.05008,339.5278,326.83197,284.39542,293.3886,303.5483,251.25363,321.2109,330.73367,327.50696,344.36932,331.45203,324.4036,321.50793,321.67236,305.61588,274.9756,298.60056,292.66904,294.21097,296.74203,334.73563,-147229.1,7833.4443,7118.622,-77199.81,3100.0,627.64813,206599.47,2793.3325,19882.398,155124.33,28301.129,-40.058937,8043.0913,62986.305,5661.2915
291,1986-02-12,320.32907,332.7365,324.40686,323.5486,272.0634,339.34445,326.78336,284.35245,293.35098,303.71518,251.34106,321.20416,330.58435,327.45334,344.2103,331.39322,324.3622,321.46677,321.72296,305.70355,274.96494,298.46103,292.65012,294.294,296.70282,334.72632,-139331.97,13968.5,8929.998,-74215.95,3100.0,517.78265,202962.5,2770.1277,20480.277,150257.39,34293.473,-36.765724,8187.5415,62463.9,5543.9487
292,1986-02-19,320.2817,332.6537,324.3983,323.53973,272.08762,339.17606,326.73474,284.33655,293.30667,303.7926,251.34926,321.21466,330.52972,327.39966,344.20483,331.3181,324.3264,321.42688,321.69052,305.67963,274.9542,298.34964,292.6297,294.361,296.68073,334.717,-140691.88,12967.545,8347.213,-75899.52,3100.0,638.46954,204677.19,2752.813,20274.4,149275.77,33158.508,-35.591743,8207.476,62506.758,5532.901
293,1986-02-26,320.2665,332.6255,324.4052,323.5409,272.0949,339.01584,326.6863,284.3289,293.25452,303.81512,251.32213,321.2157,330.6876,327.4101,344.33936,331.2592,324.28912,321.40265,321.7019,305.76077,274.94333,298.34848,292.60773,294.40466,296.6658,334.7077,-139898.97,13285.369,8419.189,-76266.16,3100.0,749.89954,209682.12,2738.3264,20516.086,149798.86,33675.297,-32.071686,8234.922,62585.285,5524.4316
294,1986-03-05,320.2949,332.6763,324.48224,323.60992,272.10297,338.88248,326.63885,284.32578,293.19818,303.9031,251.3321,321.2235,330.97333,327.5021,344.57825,331.24136,324.25955,321.41238,321.77817,305.90317,274.93265,298.3236,292.58466,294.47168,296.65445,334.69858,-138634.19,14825.498,8783.952,-75741.7,3100.0,1191.3605,216586.52,2721.5273,21090.19,151250.33,35471.723,-30.42123,8298.615,62562.113,5477.9272
295,1986-03-12,320.35315,332.78418,324.5637,323.67297,272.1082,338.79178,326.59262,284.3296,293.1393,303.88785,251.35172,321.246,331.23785,327.61673,344.72833,331.31085,324.2483,321.4483,321.82224,305.9926,274.9221,298.73328,292.56042,294.49445,296.64963,334.68958,-143848.69,11565.299,7949.604,-76740.055,3100.0,790.8383,219220.45,2709.3662,21296.826,155824.67,32903.31,-31.248064,8269.881,62704.984,5429.549
296,1986-03-19,320.43753,332.90457,324.65823,323.76843,272.1128,339.10443,326.56955,284.55792,293.07687,304.98178,251.94247,321.274,331.4102,327.76157,344.8162,331.39786,324.25583,321.50327,322.0016,306.5246,274.93643,299.23834,292.56958,294.58493,296.64615,334.68054,-145136.58,11794.266,7670.6343,-78017.5,3100.0,1500.0,220723.89,2721.1946,22757.5,159900.05,34183.266,-58.328995,8128.099,62890.48,5013.1294
297,1986-03-26,320.51456,333.02023,324.7757,323.8826,272.12946,339.20743,326.57086,284.63077,293.01782,304.39703,251.55815,321.3224,331.62067,327.86826,344.83728,331.49255,324.28702,321.57245,322.04938,306.2695,274.94388,298.92627,292.56772,294.66306,296.65762,334.67154,-143621.66,14328.542,8182.3657,-76661.055,3100.0,1326.5629,218990.89,2712.2456,22355.67,159411.73,36087.023,-48.414238,8225.402,62924.13,5284.5547
298,1986-04-02,320.6104,333.12466,324.85156,323.94846,272.1357,339.11157,326.54172,284.5585,292.96753,304.0876,251.39699,321.37228,331.81778,327.98047,344.85486,331.59708,324.32526,321.6477,322.12027,306.39908,274.93274,298.6366,292.53836,294.67905,296.67175,334.6625,-148285.84,11742.475,7760.489,-77457.875,3100.0,1095.011,218302.98,2702.023,22709.639,163674.39,34155.71,-38.2101,8290.073,63086.48,5352.5195
299,1986-04-09,320.7112,333.23383,324.95734,324.06018,272.14325,339.09744,326.50418,284.6906,292.92578,304.1237,251.3596,321.42047,331.9895,328.10583,344.9045,331.70715,324.37408,321.73193,322.2596,306.5517,274.92148,298.46854,292.50772,294.74332,296.68326,334.6535,-145523.58,15110.827,8799.393,-76037.234,3100.0,1282.017,218890.78,2682.0217,23380.576,164325.86,37604.105,-33.04613,8292.692,63001.33,5343.6064
300,1986-04-16,320.78992,333.33813,325.07108,324.1767,272.16577,339.12018,326.4622,285.1145,292.89417,304.22577,251.37788,321.4879,332.10565,328.21417,344.9092,331.81784,324.4358,321.8074,322.37283,306.6514,274.91013,298.3392,292.47638,294.8376,296.702,334.64447,-145872.27,16560.873,8809.612,-75692.41,3100.0,1111.4386,217785.27,2662.5889,23721.785,165144.33,38792.992,-27.205666,8213.104,62983.316,5303.9033
301,1986-04-23,320.87466,333.4272,325.13852,324.2417,272.18033,339.14578,326.4183,285.80032,292.86716,304.24783,251.32121,321.55664,332.22433,328.30402,344.86877,331.9247,324.50217,321.88467,322.45038,306.7703,274.89874,298.21777,292.4447,294.90347,296.72858,334.63544,-149122.25,15119.983,8434.864,-77419.37,3100.0,902.22485,215063.02,2648.8503,24020.12,167864.83,37774.926,-18.347452,7932.955,63312.105,5328.6533
302,1986-04-30,320.97168,333.5057,325.1649,324.2632,272.1756,339.17603,326.37408,286.97858,292.83856,304.1809,251.29723,321.61026,332.3247,328.37857,344.85516,332.02313,324.5695,321.97107,322.49423,306.85297,274.8873,298.13376,292.4129,294.92303,296.75473,334.62637,-154063.58,11991.855,7804.027,-78315.7,3100.0,1091.4038,213840.06,2639.0383,24259.533,171646.78,35326.39,-17.68737,7454.6006,63653.273,5319.748
303,1986-05-07,321.0487,333.5747,325.1674,324.26123,272.1611,339.21442,326.33038,288.1111,292.80487,304.0795,251.28644,321.64505,332.3751,328.42496,344.85587,332.1095,324.636,322.04187,322.50922,306.8724,274.87585,298.06183,292.38116,294.90536,296.77316,334.61734,-157675.67,9562.934,7282.305,-78758.4,3100.0,957.0707,213490.75,2629.2415,24285.342,174396.7,33134.406,-15.277092,7081.893,63895.11,5314.2373
304,1986-05-14,321.11102,333.63132,325.16055,324.2523,272.147,339.24823,326.28754,288.90967,292.76663,303.991,251.31482,321.66467,332.41125,328.4621,344.8441,332.1828,324.69586,322.10004,322.52393,306.89227,274.86435,297.97824,292.34952,294.87103,296.781,334.60828,-159889.64,7903.6113,7050.242,-78370.23,3100.0,838.73065,212629.61,2617.4216,24350.488,176565.8,31746.373,-13.065687,6821.6816,63926.566,5269.2627
305,1986-05-21,321.1861,333.68713,325.20566,324.31107,272.1529,339.40848,326.27368,289.65732,292.72586,304.46597,251.73901,321.6854,332.45398,328.5394,344.8325,332.2565,324.7558,322.1674,322.65512,307.1518,274.8623,298.17157,292.33124,294.93246,296.78482,334.60507,-156569.05,11038.927,7814.127,-77212.16,3100.0,1103.9202,211347.08,2607.747,25320.951,176857.45,35127.05,-16.79775,6651.0806,63751.664,4990.625
306,1986-05-28,321.27182,333.74966,325.27884,324.39322,272.17493,339.66406,326.30273,290.3892,292.68686,304.88864,251.99518,321.73178,332.50894,328.62207,344.82712,332.34,324.8303,322.2506,322.7693,307.32047,274.87134,298.53247,292.32864,295.0507,296.80542,334.6099,-156649.69,12216.599,7535.619,-78677.32,3100.0,1113.742,210170.1,2614.779,25904.977,177704.88,36273.44,-26.352734,6464.57,63967.93,4860.0576
307,1986-06-04,321.44333,333.86697,325.3858,324.51978,272.21033,340.584,326.50684,291.43643,301.12604,307.21204,253.99533,321.7979,332.63693,328.8367,344.86255,332.4895,324.94098,322.39346,323.10406,308.31586,274.93237,300.14102,292.3988,295.33417,296.86414,334.65173,-160256.61,10977.944,4392.206,-82655.54,3100.0,1500.0,210164.78,2677.8298,28792.545,184849.52,37105.223,-73.54706,6064.4585,64439.117,3452.4644
308,1986-06-11,321.65134,334.02637,325.53406,324.66425,272.27768,341.52582,326.8358,292.49902,318.91382,308.2707,254.18246,321.8968,332.8209,329.0209,344.9092,332.686,325.09842,322.59265,323.23337,308.3456,275.01895,301.2285,292.50516,295.5838,296.97546,334.71188,-167956.73,6896.0117,-963.0936,-91428.805,3100.0,1500.0,209272.03,2785.2456,28855.576,189481.14,35338.66,55.385162,5562.225,64862.785,3089.0718
309,1986-06-18,321.91037,334.1986,325.74454,324.89896,272.38846,342.30777,327.2068,293.39417,336.2156,309.16928,254.54427,322.02396,333.01025,329.2505,345.02316,332.89127,325.25797,322.82788,323.53256,308.74704,275.10297,302.3435,292.6088,295.8827,297.1123,334.7708,-164762.28,11814.181,-3295.145,-94947.695,3100.0,1500.0,210533.16,2918.6807,30379.188,190033.08,39825.73,193.06702,5312.0576,64997.094,2299.9197
310,1986-06-25,322.1202,334.37192,325.93115,325.08493,272.50052,343.0296,327.587,294.13132,346.24316,308.98697,254.27954,322.2033,333.15378,329.4026,345.05545,333.0943,325.43073,323.03403,323.6686,308.75742,275.18018,303.08176,292.70428,296.13586,297.2866,334.82556,-168196.89,12559.5205,-4447.932,-95858.484,3100.0,1500.0,208291.6,3117.7583,30267.66,191050.7,39072.395,238.5979,5042.7646,65923.69,2748.9966
311,1986-07-02,322.174,334.45898,326.07236,325.23605,272.568,343.26413,327.80597,294.45926,337.54898,307.548,253.02246,322.35492,333.1865,329.43872,345.0298,333.20078,325.57697,323.12183,323.71985,308.39636,275.21964,302.4827,292.74872,296.30875,297.45197,334.8543,-159589.52,20732.393,-774.912,-88071.87,3100.0,1500.0,206778.92,3258.6477,28953.113,184223.69,42850.516,185.35487,5180.397,66668.734,4253.2476
312,1986-07-09,322.22238,334.49493,326.07782,325.22873,272.606,343.31265,327.8753,294.55905,329.54065,307.09662,252.80807,322.4733,333.19165,329.46194,345.0091,333.23795,325.68466,323.18646,323.70203,308.4495,275.23962,301.99878,292.76773,296.3732,297.60156,334.86957,-169835.7,14906.432,-1621.1047,-91546.234,3100.0,1500.0,206323.27,3288.847,28684.273,188400.31,37837.324,129.96027,5240.85,67575.82,4405.964
313,1986-07-16,322.24017,334.49902,326.0097,325.15216,272.59634,343.18915,327.87234,294.52716,321.08237,306.14313,252.20447,322.5283,333.1474,329.41055,344.97818,333.24664,325.7647,323.21808,323.59576,308.20294,275.24878,301.42535,292.77377,296.33484,297.72342,334.87735,-173317.11,12526.6875,-318.20258,-89571.57,3100.0,1500.0,206002.66,3290.2437,27649.248,189163.19,34692.754,81.139725,5323.9575,68347.086,5046.7305
314,1986-07-23,322.24893,334.46927,325.92026,325.05975,272.56784,342.8946,327.79443,294.45798,313.4533,305.51254,251.90033,322.53467,333.0748,329.3542,344.89264,333.23352,325.8099,323.2312,323.51907,308.12448,275.24594,301.27972,292.7655,296.25958,297.8058,334.87668,-174947.77,10666.24,688.0721,-88565.86,3100.0,1500.0,203713.94,3248.8352,27326.117,189965.36,32917.508,39.97251,5432.9883,68715.25,5283.9346
315,1986-07-30,322.4176,334.46652,325.96448,325.1368,272.6039,343.17987,327.8486,294.7725,324.86493,307.57404,253.43689,322.5606,333.03873,329.47192,344.66843,333.28226,325.86362,323.36032,323.78702,308.92056,275.27792,302.34818,292.80844,296.40753,297.8897,334.9003,-172058.27,11933.493,-2370.242,-94074.77,3100.0,1500.0,194843.95,3233.2153,30036.107,192289.27,37061.07,79.07177,5357.6855,68290.23,3614.4236
316,1986-08-06,322.58734,334.43945,325.9846,325.16333,272.67178,343.80264,328.069,295.2034,335.97913,308.16565,253.74518,322.64023,332.88174,329.46198,344.26276,333.34628,325.96408,323.50848,323.81702,308.96417,275.33472,302.8476,292.88882,296.56506,298.00906,334.94138,-177928.83,8789.832,-4819.542,-97618.9,3100.0,1500.0,181008.03,3307.1682,29977.172,193422.44,34131.758,119.70819,5064.0483,68883.94,3489.9102
317,1986-08-13,322.66782,334.29843,325.87854,325.0714,272.70493,344.1889,328.25943,295.43658,336.30167,307.56528,253.34137,322.68073,332.5576,329.31046,343.73996,333.313,326.04648,323.58493,323.72882,308.79196,275.3777,302.76367,292.9529,296.6225,298.12534,334.97302,-177184.55,8839.893,-4365.159,-95904.22,3100.0,1500.0,166101.89,3410.0037,29224.707,190013.19,32826.49,118.417786,4940.01,69505.69,4045.2266
318,1986-08-20,322.68304,334.04614,325.7285,324.9513,272.7246,344.2465,328.34442,295.50122,329.91177,306.81985,252.79573,322.68015,332.05856,329.08218,343.16165,333.17102,326.0852,323.60315,323.63165,308.62537,275.4007,302.46634,292.99176,296.6608,298.22006,334.99084,-169673.7,12602.932,-2442.2183,-92235.48,3100.0,1500.0,150919.66,3449.623,28611.455,182431.1,34643.016,88.57222,5070.0645,69785.15,4650.1704
319,1986-08-27,322.69653,333.7221,325.54904,324.79993,272.7497,344.19388,328.3683,295.4657,324.63324,306.76468,252.72864,322.66315,331.48892,328.83234,342.57672,332.95322,326.08893,323.6096,323.54175,308.65012,275.41693,302.26178,293.02356,296.7145,298.3045,335.00397,-165735.06,13286.176,-2162.3215,-92242.75,3100.0,1500.0,136647.08,3441.2935,28552.691,176847.66,35025.984,66.89836,5241.605,69950.11,4697.54
320,1986-09-03,322.6669,333.33246,325.26938,324.53476,272.749,344.0377,328.3576,295.18643,319.8193,306.11816,252.34514,322.616,330.8115,328.46616,341.9811,332.6733,326.0629,323.57535,323.27493,308.38773,275.42627,302.02014,293.04803,296.67923,298.37952,335.01233,-166825.56,10232.491,-1859.671,-92830.836,3100.0,1500.0,123209.76,3437.2346,27446.135,171751.48,31279.418,42.046906,5414.216,70527.79,5116.7183
321,1986-09-10,322.61966,332.8803,324.84818,324.1131,272.69876,343.81335,328.31012,294.73227,315.63452,305.52612,252.17009,322.5002,330.0852,328.02966,341.41254,332.33563,325.98926,323.50784,322.89587,308.1544,275.42892,302.0033,293.06543,296.49188,298.42667,335.01602,-173752.1,163.21521,-2463.9268,-95433.05,3100.0,1500.0,111562.75,3427.9326,26295.602,170871.44,22862.771,25.933304,5484.6294,71159.9,5255.5713
322,1986-09-17,322.5422,332.39804,324.44373,323.72076,272.6281,343.56052,328.24228,294.25693,310.75906,304.84924,251.90387,322.32306,329.40027,327.58356,340.97604,331.93387,325.86972,323.40573,322.55887,307.87393,275.42575,301.73398,293.0767,296.27036,298.42825,335.01566,-167706.02,-1191.9254,-1176.3562,-92361.94,3100.0,1500.0,104214.91,3395.6028,25356.383,164680.77,21092.832,8.6241,5635.0874,71085.484,5509.272
323,1986-09-24,322.4209,331.9235,324.07077,323.34943,272.5615,343.2503,328.13675,293.5684,304.95187,304.11368,251.5893,322.12155,328.9107,327.15137,340.72638,331.48547,325.71402,323.26572,322.19733,307.51822,275.41342,301.44244,293.077,296.01584,298.39172,335.00882,-163848.17,-4045.2183,-588.93335,-90372.53,3100.0,1500.0,103233.22,3340.8696,24077.73,159575.53,17587.393,-8.71553,5861.7295,70817.74,5787.704
324,1986-10-01,322.27542,331.50632,323.81332,323.0992,272.51178,342.9503,328.0162,292.54468,301.059,303.86047,251.51874,321.91367,328.59436,326.81497,340.67224,331.06726,325.53223,323.10483,321.96347,307.32648,275.3972,301.5522,293.0733,295.83566,298.32617,334.99924,-152817.95,166.14124,1542.3923,-87090.98,3100.0,1500.0,107907.32,3268.9265,23799.654,152032.53,21207.02,-16.356834,6337.8486,70042.49,5804.2295
325,1986-10-08,322.13538,331.18536,323.66202,322.94022,272.4863,342.70657,327.91052,291.39633,298.85843,303.81216,251.50885,321.73572,328.4738,326.57855,340.81033,330.67984,325.34473,322.9511,321.77246,307.16385,275.38107,301.55072,293.07086,295.71707,298.25623,334.98962,-146909.89,1736.103,2366.0635,-85889.27,3100.0,1500.0,116141.086,3205.2827,23464.281,147363.31,22443.49,-28.727364,6770.889,69406.0,5787.05
326,1986-10-15,322.01852,330.97183,323.54868,322.80078,272.45483,342.53253,327.8217,290.46307,297.46497,303.67465,251.47588,321.57803,328.5328,326.4199,341.0761,330.3488,325.16245,322.81436,321.5765,306.99722,275.36502,301.31494,293.0693,295.55978,298.18787,334.97998,-147292.31,-1448.6938,1700.0449,-86580.87,3100.0,1500.0,126152.984,3160.8884,22795.986,147116.58,19305.732,-37.601875,6948.8696,69090.51,5795.537
327,1986-10-22,321.89035,330.83817,323.44775,322.67648,272.4112,342.4094,327.74445,289.58228,296.56497,303.4832,251.47203,321.42422,328.5242,326.2814,341.33936,330.09464,324.98828,322.67245,321.38522,306.77826,275.34903,300.99417,293.06833,295.35876,298.11053,334.97034,-146895.89,-3865.0823,1245.1979,-85982.38,3100.0,1500.0,133936.53,3127.9712,21939.254,146456.97,16648.338,-43.951572,7141.893,68650.75,5785.609
328,1986-10-29,321.73874,330.74255,323.3777,322.5998,272.37253,342.28394,327.67404,288.29498,295.90897,303.4107,251.44374,321.27792,328.4682,326.169,341.56274,329.90186,324.82047,322.519,321.25485,306.58862,275.3331,300.69696,293.06763,295.19803,298.02048,334.9607,-141790.88,-1552.5894,2310.6858,-84616.77,3100.0,1500.0,140582.31,3095.7412,21515.375,143065.94,18608.59,-51.13008,7605.89,68055.56,5806.133
329,1986-11-05,321.5605,330.67484,323.33228,322.54727,272.34598,342.12372,327.60803,287.12924,295.42065,303.4164,251.44308,321.15262,328.42416,326.06842,341.7694,329.75253,324.66016,322.34946,321.1345,306.40073,275.31726,300.4492,293.06696,295.08182,297.92883,334.95105,-137417.9,616.6128,3161.175,-83282.68,3100.0,1476.4979,146918.25,3065.5635,20969.176,139525.9,20308.057,-45.395485,7908.4194,67440.086,5797.555
330,1986-11-12,321.41302,330.6499,323.30478,322.5046,272.32663,341.93024,327.5461,286.53326,295.07632,303.39496,251.47496,321.04224,328.53238,326.03152,341.98056,329.6442,324.5054,322.2026,321.04587,306.2986,275.30145,300.219,293.06607,294.97266,297.84024,334.94138,-136138.84,303.20935,3257.7607,-82461.51,3100.0,1159.5048,153015.08,3040.2766,20659.672,139144.03,20089.445,-43.64898,7982.732,66902.22,5738.5586
331,1986-11-19,321.26193,330.6574,323.30603,322.4987,272.3141,341.73584,327.48755,286.14554,294.79462,303.41263,251.50081,320.94562,328.57712,326.00354,342.16937,329.57645,324.36374,322.05923,320.98505,306.1799,275.28574,299.99564,293.06473,294.8939,297.75278,334.9317,-132350.53,2710.0664,4195.664,-81197.086,3100.0,828.38727,158259.66,3016.1711,20423.46,136923.11,22252.854,-37.03659,8065.746,66343.45,5703.142
332,1986-11-26,321.1057,330.6624,323.28815,322.47092,272.29895,341.53976,327.43182,285.86127,294.53378,303.37976,251.47427,320.86374,328.53503,325.96307,342.24023,329.53632,324.2336,321.9171,320.89523,306.0277,275.27005,299.82825,293.06265,294.80072,297.66956,334.922,-132831.67,1559.0433,3830.2102,-81866.09,3100.0,867.1097,159081.47,2996.3528,19883.77,136279.73,20912.271,-37.30758,8055.907,66078.99,5721.74
333,1986-12-03,320.94943,330.6196,323.23413,322.4199,272.2741,341.33563,327.378,285.63055,294.33356,303.33176,251.44392,320.78375,328.3324,325.88007,342.13553,329.49902,324.1115,321.77582,320.8062,305.88336,275.25443,299.68466,293.05957,294.701,297.5849,334.9123,-131096.11,1903.5112,4045.2087,-81478.91,3100.0,1095.1414,154529.4,2977.9595,19476.047,134030.81,21043.48,-39.399155,8043.2026,65777.82,5739.607
334,1986-12-10,320.8085,330.5291,323.17828,322.37616,272.26038,341.12912,327.32666,285.43808,294.17337,303.38638,251.50093,320.70834,328.16687,325.79202,342.0287,329.439,323.99457,321.6451,320.75595,305.8176,275.23914,299.5252,293.05557,294.65198,297.49945,334.9028,-126386.984,4794.826,5108.724,-79484.19,3100.0,618.5651,152527.06,2957.1655,19485.662,130463.29,23858.354,-41.061188,8090.9546,65237.24,5667.664
335,1986-12-17,320.6627,330.44434,323.1184,322.31067,272.25067,340.9267,327.27756,285.28162,294.00684,303.36658,251.49619,320.6417,328.08414,325.6992,342.03708,329.3565,323.8834,321.513,320.64835,305.66937,275.22412,299.36697,293.05032,294.5821,297.4209,334.8934,-126779.43,3362.4353,4556.8276,-80325.28,3100.0,600.00793,155280.73,2940.7893,18886.973,129142.375,22142.33,-40.456444,8052.4575,65030.566,5671.0933
336,1986-12-24,320.5056,330.37515,323.04672,322.23267,272.22443,340.72202,327.2296,285.1398,293.85696,303.27588,251.43652,320.5678,327.97366,325.60605,342.06982,329.26886,323.7715,321.37283,320.5313,305.50192,275.20914,299.21313,293.04327,294.47333,297.3413,334.884,-126465.11,2160.5063,4170.591,-80934.016,3100.0,449.85556,156912.5,2927.0513,18275.512,127844.12,20631.129,-41.43389,7986.1045,64910.293,5722.053
337,1986-12-31,320.3425,330.3234,322.99286,322.17383,272.1923,340.50986,327.18225,285.0027,293.7047,303.232,251.38333,320.49008,327.9757,325.5386,342.1971,329.18387,323.65753,321.22775,320.4425,305.36578,275.19424,299.06827,293.03433,294.37616,297.25568,334.8746,-123772.28,3142.3513,4647.1465,-80392.95,3100.0,389.7077,162930.25,2911.0996,17922.002,125923.125,21400.91,-40.35755,7967.157,64667.613,5757.317
338,1987-01-07,320.1878,330.32462,323.00952,322.18845,272.1703,340.2917,327.13477,284.87708,293.5574,303.31128,251.34384,320.42294,328.0774,325.53537,342.40305,329.11868,323.54504,321.09097,320.4269,305.31024,275.17938,298.91934,293.02332,294.34747,297.1696,334.8652,-118715.64,7075.9517,6058.936,-79103.14,3100.0,212.87125,169541.73,2891.08,18029.19,123426.57,25235.775,-39.04129,8035.597,64317.418,5770.899
339,1987-01-14,320.05493,330.3717,323.05573,322.22244,272.15582,340.07553,327.0871,284.77594,293.41858,303.37183,251.31982,320.37836,328.2239,325.56802,342.6056,329.09174,323.44183,320.97217,320.41083,305.26382,275.16455,298.77844,293.0102,294.33258,297.09375,334.85577,-118350.89,7509.892,6175.493,-79064.75,3100.0,192.40184,174870.77,2873.3015,17896.51,123403.87,25693.127,-37.27246,8055.629,64125.73,5765.45
340,1987-01-21,319.9149,330.4501,323.11234,322.2719,272.14255,339.87073,327.03934,284.6917,293.34888,303.4244,251.29832,320.34644,328.3638,325.6159,342.86176,329.0995,323.34985,320.85513,320.4099,305.19485,275.1498,298.69586,292.9949,294.32773,297.02573,334.84634,-116483.48,9526.712,6815.5015,-78506.414,3100.0,256.67834,182851.69,2856.4814,17788.854,122471.86,27525.51,-36.076298,8091.0845,63922.613,5769.987
341,1987-01-28,319.78748,330.5911,323.19806,322.34128,272.13165,339.74258,326.9957,284.67105,293.255,304.13968,251.41336,320.3307,328.70273,325.75134,343.24152,329.1455,323.26938,320.7497,320.48822,305.28943,275.14023,298.7402,292.98456,294.34738,296.96558,334.8369,-118636.984,8746.459,6317.7026,-78888.75,3100.0,649.5517,195149.33,2836.4104,17899.982,125915.93,27344.562,-49.786533,8129.685,63934.85,5675.003
342,1987-02-04,319.67584,330.8084,323.3317,322.44846,272.12198,339.567,326.957,284.63297,293.1554,303.69418,251.33658,320.32965,329.14276,325.89633,343.7167,329.24536,323.2064,320.66122,320.48083,305.1441,275.1293,298.6837,292.97006,294.3343,296.91296,334.82745,-118632.19,9938.776,6723.209,-78304.78,3100.0,562.89355,208359.1,2831.0747,17609.094,126718.39,28055.316,-46.399307,8058.979,63733.598,5710.3306
343,1987-02-11,319.5917,331.09003,323.53607,322.64453,272.1343,339.35645,326.91208,284.56445,293.0648,303.68726,251.38828,320.34644,329.6007,326.14105,344.20813,329.40332,323.15683,320.5947,320.6476,305.25247,275.11465,298.60233,292.94812,294.3996,296.86353,334.818,-114010.43,15919.57,8618.058,-75212.14,3100.0,717.1311,221368.56,2814.4624,18264.201,127321.03,34001.688,-40.54474,8208.72,63164.527,5613.999
344,1987-02-18,319.51514,331.40137,323.74844,322.83246,272.15738,339.17694,326.86496,284.52792,292.9888,303.74615,251.38649,320.40204,330.04865,326.38165,344.53622,329.62564,323.1342,320.5463,320.75308,305.25864,275.10007,298.60538,292.92407,294.45337,296.83002,334.80853,-119187.35,14696.881,8099.594,-76831.85,3100.0,1050.2911,228399.56,2796.9707,18165.42,131580.27,32899.926,-38.431427,8229.098,63169.062,5607.6255
345,1987-02-25,319.48163,331.68298,323.919,322.99078,272.16367,339.0178,326.8168,284.50345,292.92102,303.7704,251.35527,320.46368,330.38522,326.60794,344.6872,329.87787,323.13364,320.5265,320.89154,305.37375,275.08554,298.5927,292.89807,294.48575,296.80365,334.79907,-121759.35,14798.734,8210.117,-77146.97,3100.0,1500.0,228709.02,2781.7034,18542.6,135523.08,33447.23,-33.968697,8254.524,63210.203,5600.632
346,1987-03-04,319.5041,331.9338,324.08463,323.15952,272.17078,338.89542,326.7691,284.4879,292.86066,304.27167,251.36292,320.5363,330.6828,326.85226,344.76382,330.14374,323.15686,320.55313,321.11227,305.59372,275.07135,298.66495,292.8707,294.56042,296.78152,334.7898,-123610.25,15759.74,8338.508,-76608.35,3100.0,1295.7936,227826.12,2756.2366,19303.291,140047.92,35251.44,-38.971397,8383.447,63247.043,5553.766
347,1987-03-11,319.62207,332.1783,324.2197,323.2916,272.18195,339.2477,326.75638,284.76172,292.80676,305.2283,252.17609,320.62463,330.95224,327.09274,344.82007,330.44284,323.21298,320.6426,321.32587,306.24734,275.087,299.58414,292.88312,294.65335,296.77362,334.78342,-131988.56,11368.169,6847.664,-79345.58,3100.0,1500.0,226409.11,2779.4287,20889.244,148178.12,32608.357,-78.55909,8080.7866,63481.58,4962.216
348,1987-03-18,319.72986,332.41782,324.35382,323.43277,272.19745,339.76035,326.86157,285.09836,292.90717,305.62305,252.75954,320.71637,331.13565,327.3037,344.8696,330.73077,323.3115,320.74973,321.5095,306.36844,275.12253,300.34152,292.92136,294.77457,296.79068,334.7958,-133940.16,12402.035,6504.61,-80320.3,3100.0,1500.0,225795.31,2810.8286,21452.918,151369.78,33703.746,-109.70455,8009.6567,63806.184,4683.258
349,1987-03-25,319.8145,332.60403,324.49844,323.576,272.21442,339.7509,326.92313,285.08627,292.96204,304.55984,251.75899,320.81406,331.34375,327.4458,344.81027,330.94113,323.42056,320.84726,321.5767,306.049,275.1286,299.9972,292.91678,294.82706,296.8162,334.801,-133126.84,15122.599,7432.65,-78297.73,3100.0,1500.0,220905.44,2825.7344,20844.703,150948.7,35642.68,-77.691376,8129.8813,63810.492,5314.8203
350,1987-04-01,320.02164,332.80057,324.62744,323.71167,272.2314,340.3031,327.0579,285.41956,303.4835,306.7568,253.51187,320.9126,331.66647,327.75797,344.85605,331.20184,323.54318,321.00827,321.97537,307.21677,275.16446,300.9797,292.95224,295.00345,296.8538,334.82706,-143010.75,9384.758,4197.8716,-83114.7,255.4448,255.4448,221708.53,2860.2725,23942.852,164103.28,33790.793,-106.70871,8032.442,64329.746,4054.6055
351,1987-04-08,320.20538,333.03802,324.84222,323.92554,272.26508,340.7863,327.24118,285.98453,307.1776,306.50708,252.82982,321.03534,331.98688,327.9656,345.07556,331.45206,323.71066,321.1966,322.10196,306.9072,275.20715,301.26337,292.9967,295.16394,296.92215,334.85825,-141481.7,13405.136,3762.1768,-83055.24,3100.0,1500.0,226837.9,2913.9578,23392.68,163621.9,36989.258,-1.736824,7776.3745,64396.47,4638.0996
352,1987-04-15,320.2879,333.22543,324.99487,324.07367,272.297,340.66415,327.27588,286.43445,302.94363,305.05313,251.84175,321.1617,332.11334,328.07483,345.03784,331.627,323.8535,321.3035,322.15067,306.6293,275.20715,300.78433,292.98163,295.21124,296.9839,334.85986,-141351.62,16571.637,5865.413,-79404.43,3100.0,1500.0,222013.8,2949.649,22738.625,162254.36,37561.35,10.258125,7753.651,64527.84,5291.9614
353,1987-04-22,320.37057,333.32748,325.05182,324.13184,272.3099,340.4838,327.21707,286.97925,299.31577,304.52646,251.52591,321.26724,332.18976,328.16153,344.94022,331.76633,323.9684,321.39062,322.22867,306.73367,275.19186,300.30368,292.94553,295.22018,297.03174,334.85086,-144549.38,15316.456,6403.032,-80217.445,3100.0,1500.0,217714.97,2941.3882,23024.908,164684.6,36668.617,7.9808426,7599.7485,64825.605,5465.6045
354,1987-04-29,320.4908,333.42157,325.08408,324.1644,272.30453,340.51465,327.16,288.1013,299.92828,304.7902,251.7323,321.34982,332.29114,328.2674,344.91333,331.89224,324.07895,321.50183,322.32333,306.9497,275.18332,300.0965,292.9194,295.23288,297.07205,334.8465,-150323.34,11643.004,5504.2495,-81912.15,3100.0,1500.0,216045.34,2925.2783,23654.65,169664.64,34575.29,6.5298843,7153.112,65105.645,5301.4688
355,1987-05-06,320.64822,333.52438,325.11777,324.2009,272.31003,340.7799,327.16138,289.32684,304.52704,305.38492,252.24121,321.419,332.3738,328.37976,344.89304,332.02954,324.19864,321.64133,322.43042,307.2035,275.18942,300.18057,292.9146,295.26202,297.11075,334.85236,-155763.95,8342.092,3916.3503,-85001.5,3100.0,1500.0,214375.53,2931.8599,24419.88,174435.8,32695.865,25.894348,6699.0503,65264.566,4722.029
356,1987-05-13,320.7327,333.5972,325.12204,324.20276,272.30502,340.88757,327.15067,290.12357,301.83072,304.64838,251.73872,321.47552,332.3933,328.39648,344.86557,332.12976,324.3135,321.73294,322.40274,306.94803,275.18762,299.8377,292.89978,295.2255,297.14285,334.8527,-157517.11,7754.506,4715.758,-82080.64,3100.0,1365.6764,212873.17,2941.072,23675.871,174941.77,30905.186,26.35046,6452.527,65515.75,5275.2373
357,1987-05-20,320.82324,333.65076,325.16315,324.25806,272.31433,340.94302,327.116,290.7468,302.4004,304.85355,251.98227,321.51675,332.43716,328.47543,344.8528,332.20798,324.40817,321.82043,322.53293,307.18417,275.1826,299.8418,292.8814,295.25836,297.16022,334.85068,-154217.81,10796.429,5252.3286,-81467.766,3100.0,1376.15,211979.97,2926.395,24632.57,175077.02,34358.402,24.590824,6358.742,65235.72,4961.469
358,1987-05-27,320.98242,333.7413,325.27127,324.37814,272.3589,341.29294,327.16138,291.47974,309.31012,306.04657,252.67847,321.58875,332.55368,328.62787,344.88492,332.33478,324.5173,321.96188,322.73965,307.60287,275.1985,300.81573,292.8932,295.40134,297.1927,334.86325,-156176.84,10833.1875,3179.6292,-86057.89,3100.0,1500.0,211860.88,2938.7979,26068.88,178287.08,35767.094,52.83044,6133.1245,65273.703,4281.271
359,1987-06-03,321.26712,333.91425,325.45575,324.57742,272.44742,342.21948,327.39667,292.43475,328.15247,308.2924,254.18251,321.71613,332.77203,328.902,345.01633,332.53845,324.66806,322.20642,323.08945,308.3818,275.25674,302.2849,292.9649,295.681,297.2776,334.90546,-161301.86,9358.609,-1816.6,-94016.98,3100.0,1500.0,213822.69,3023.697,28619.715,185019.67,37131.082,135.32492,5720.8174,65316.285,2732.7598
360,1987-06-10,321.40958,334.07272,325.5715,324.6796,272.5026,342.86676,327.66205,293.0823,330.03802,307.1541,253.20288,321.85904,332.87894,328.96423,345.06705,332.71454,324.84436,322.36386,323.05273,307.8803,275.30453,302.3001,293.0232,295.8025,297.39224,334.94064,-165922.97,8908.027,-944.2876,-90867.71,3100.0,1500.0,213298.55,3165.2083,26800.076,185008.27,33728.83,151.07037,5441.1196,66436.58,4096.7373
361,1987-06-17,321.66068,334.229,325.74014,324.8812,272.58167,343.74606,327.95218,293.81564,343.4135,309.00208,254.55338,321.9872,333.04205,329.2349,345.11115,332.8954,325.00513,322.5843,323.45944,308.83807,275.3675,303.40485,293.10342,296.07516,297.51828,334.98648,-163723.33,11657.731,-4602.8,-97603.08,3100.0,1500.0,212106.11,3252.7468,29924.094,189156.48,39040.08,188.23253,5227.205,66424.89,2501.8745
362,1987-06-24,321.71396,334.3314,325.86508,324.9944,272.63312,344.09036,328.17795,294.20474,333.8718,306.82938,252.64626,322.13812,333.07227,329.2132,345.07098,333.0241,325.17978,322.6818,323.34647,307.94525,275.40363,302.75204,293.14755,296.19785,297.6549,335.0139,-162488.17,15996.661,-549.9244,-88508.945,3100.0,1500.0,209914.9,3384.976,26832.406,183389.97,37671.574,141.46204,5188.5,67655.664,4912.537
363,1987-07-01,321.8085,334.376,325.97427,325.13254,272.68167,344.17175,328.23407,294.4528,329.12924,307.36954,253.1153,322.24792,333.11685,329.34418,345.0321,333.07675,325.30063,322.78287,323.60422,308.52536,275.42148,302.58978,293.1674,296.37933,297.77304,335.02853,-156705.64,20254.586,-654.06244,-89827.04,3100.0,1500.0,208082.0,3384.0737,28641.13,182718.11,42659.62,107.1561,5378.5996,67593.125,4220.101
364,1987-07-08,321.84125,334.39523,325.98676,325.12485,272.70752,344.03647,328.2479,294.55927,320.11023,306.0797,252.10098,322.36353,333.08878,329.29453,344.96997,333.10687,325.42227,322.8447,323.46768,308.034,275.42932,301.86417,293.17505,296.42136,297.8947,335.0363,-165188.52,16611.047,399.47092,-88525.04,3100.0,1500.0,206639.3,3391.6914,26717.75,183212.77,37115.582,68.28334,5417.042,68677.164,5392.724
365,1987-07-15,321.90128,334.38205,325.9089,325.04675,272.69247,343.80743,328.1893,294.55853,315.8997,306.08063,252.33723,322.40717,333.04602,329.29077,344.925,333.10486,325.50223,322.90292,323.4657,308.2449,275.4298,301.6115,293.17438,296.3993,297.98798,335.03882,-170205.61,12404.228,-298.4706,-90928.63,3100.0,1500.0,205805.31,3367.7905,27225.836,186891.39,34534.188,42.069412,5487.411,69096.695,5027.1953
366,1987-07-22,322.00842,334.37866,325.85974,325.0005,272.68582,343.79816,328.1933,294.7465,318.1685,306.36166,252.61113,322.43338,333.00366,329.2931,344.81152,333.1268,325.57874,322.99432,323.473,308.35962,275.44406,301.6434,293.19504,296.4029,298.0686,335.051,-173640.55,9612.608,-1162.8889,-92764.82,3100.0,1500.0,201678.16,3359.7192,27528.764,189527.31,32703.143,47.367622,5393.9707,69450.695,4768.6943
367,1987-07-29,322.10196,334.32977,325.86533,325.03018,272.69955,343.8299,328.22598,294.93304,318.497,306.56522,252.65808,322.45847,332.8463,329.27243,344.4538,333.13632,325.65262,323.07965,323.548,308.43872,275.4609,301.65536,293.22165,296.48022,298.1391,335.06503,-167300.48,13879.717,-620.39154,-90599.22,3100.0,1500.0,189137.67,3358.803,27871.043,186129.6,36142.22,51.95233,5450.1523,69406.664,4762.07
368,1987-08-05,322.16974,334.18646,325.7777,324.95096,272.71878,343.81424,328.2525,294.98563,317.8485,306.3512,252.55257,322.49112,332.53403,329.13846,343.92566,333.11115,325.7188,323.14398,323.4761,308.37842,275.47415,302.21216,293.24536,296.51627,298.20993,335.0766,-170442.55,11433.646,-1054.6927,-91768.37,3100.0,1500.0,173671.33,3368.526,27580.283,184654.62,33566.723,45.944138,5451.7896,69775.836,4898.241
369,1987-08-12,322.2665,333.97647,325.63144,324.8282,272.7351,343.9349,328.31482,295.10684,320.51004,306.76917,252.92006,322.49915,332.11435,328.98962,343.3846,333.0297,325.76605,323.2189,323.45334,308.56528,275.494,302.645,293.28006,296.5582,298.27863,335.0928,-170405.83,9875.908,-2187.8625,-93719.05,3100.0,1500.0,158847.03,3386.3228,28184.18,183021.16,32930.27,54.546127,5393.335,69930.15,4518.2227
370,1987-08-19,322.27878,333.6859,325.46967,324.6932,272.74402,343.91428,328.3482,295.12042,315.24506,305.84415,252.17995,322.4857,331.59302,328.71484,342.81998,332.84448,325.79034,323.2318,323.30472,308.225,275.5007,302.21887,293.2981,296.57907,298.33618,335.0999,-162028.48,14359.99,123.17312,-88815.31,3100.0,1500.0,144888.53,3396.1365,27093.607,174018.12,34660.04,35.404556,5510.695,70149.21,5365.761
371,1987-08-26,322.2526,333.31186,325.25577,324.5075,272.74634,343.7177,328.28378,294.91855,307.9067,305.33725,251.85487,322.44595,330.95663,328.40503,342.241,332.56604,325.76917,323.2029,323.1545,308.13245,275.49042,301.77875,293.2937,296.57986,298.37775,335.09518,-156797.11,15678.071,1207.6982,-87465.336,3100.0,1500.0,131283.47,3358.4275,26718.012,166934.89,35138.395,7.036278,5752.0693,70191.52,5613.702
372,1987-09-02,322.20877,332.88382,324.96085,324.22684,272.7288,343.49612,328.18967,294.51453,303.13327,304.924,251.64285,322.37708,330.23453,328.025,341.6735,332.24106,325.7145,323.1501,322.8926,307.95102,275.47617,301.61545,293.28485,296.5148,298.40973,335.0876,-157784.95,12082.634,1237.0718,-88778.83,3100.0,1500.0,118626.34,3312.2927,25958.84,162192.27,31612.617,-6.1800613,5954.6396,70523.28,5787.0166
373,1987-09-09,322.17557,332.4275,324.56427,323.82358,272.67322,343.34525,328.11002,294.03516,302.46133,304.7268,251.75063,322.25406,329.62732,327.61673,341.17993,331.8763,325.6242,323.0877,322.53983,307.81085,275.46497,301.59756,293.28125,296.32645,298.42307,335.08206,-165304.17,1426.395,-36.91781,-92603.56,3100.0,1500.0,109544.19,3286.77,25141.07,162518.84,23237.29,-15.0863495,5961.8594,70976.266,5632.39
374,1987-09-16,322.13303,331.98584,324.19257,323.46375,272.60715,343.28415,328.06396,293.62265,302.3975,304.5548,251.81879,322.08148,329.10593,327.23178,340.8817,331.4872,325.50232,323.00983,322.25504,307.65704,275.4578,301.56802,293.28424,296.12625,298.4032,335.0793,-160414.3,-479.54077,139.5423,-91164.44,3100.0,1500.0,106249.81,3270.643,24633.102,158225.31,21471.96,-13.138649,6002.738,70797.48,5566.9727
375,1987-09-23,322.03818,331.5882,323.88278,323.1474,272.54648,343.16156,328.0083,293.0126,299.71704,303.97107,251.56326,321.89374,328.77,326.87265,340.7954,331.08337,325.3561,322.89285,321.92896,307.30835,275.4452,301.30502,293.28052,295.89084,298.3549,335.07275,-157673.64,-3436.9902,247.04355,-89547.72,3100.0,1500.0,109679.76,3245.794,23389.945,154504.75,17832.078,-20.503391,6136.312,70548.15,5826.75
376,1987-09-30,321.9107,331.2518,323.6759,322.9444,272.5004,342.99448,327.9315,292.04337,297.6702,303.76355,251.5078,321.70142,328.53534,326.59814,340.84497,330.7037,325.18835,322.75012,321.72983,307.13342,275.42825,301.07098,293.27145,295.7233,298.28156,335.06308,-147614.6,690.70374,2222.5737,-86482.54,3100.0,1500.0,115106.44,3201.2021,23132.084,148029.05,21496.3,-26.06723,6555.2144,69800.69,5839.204
377,1987-10-07,321.7865,331.0006,323.56253,322.8215,272.47766,342.83182,327.85757,290.93814,296.62994,303.74246,251.50607,321.53873,328.49445,326.41412,341.03293,330.40073,325.01764,322.61365,321.56976,306.9862,275.4114,301.3746,293.26303,295.61472,298.20633,335.05338,-142522.92,2191.3042,2899.6206,-85418.234,3100.0,1500.0,123917.414,3160.2861,22837.04,144298.64,22707.889,-34.097153,6944.289,69193.164,5820.0107
378,1987-10-14,321.85184,330.97522,323.5886,322.81732,272.4972,343.2976,327.9589,290.44778,310.703,306.18994,253.27954,321.42795,328.9951,326.5565,341.5495,330.2616,324.87912,322.61548,321.6932,307.72827,275.43542,302.68927,293.31183,295.6247,298.16415,335.07217,-149098.08,-4318.5566,-2337.8513,-95508.37,3100.0,1500.0,141881.48,3215.1526,25052.885,153137.22,20661.021,10.019798,6818.295,68673.81,3968.886
379,1987-10-21,321.75186,331.05963,323.61337,322.8062,272.47958,343.53854,328.10416,289.84088,308.25604,304.58075,252.03473,321.34464,329.09598,326.46503,342.07272,330.16492,324.78238,322.52448,321.41626,306.80063,275.44925,302.3603,293.3469,295.4752,298.1305,335.084,-148681.12,-4221.659,-768.872,-88796.41,3100.0,1500.0,153405.92,3278.011,21911.318,149699.44,16587.541,22.689041,6894.4067,68976.58,5559.218
380,1987-10-28,321.5718,331.1041,323.57956,322.75873,272.4331,343.3679,328.07803,288.48947,301.2268,303.7177,251.61583,321.23193,329.15762,326.43253,342.44333,330.06708,324.65625,322.36325,321.30753,306.5921,275.4329,301.81525,293.33997,295.28122,298.05978,335.07477,-144104.58,-1706.8857,1223.838,-86117.35,3100.0,1500.0,163126.89,3263.5984,21382.541,147481.78,18475.297,-10.698181,7474.135,68507.19,5858.686
381,1987-11-04,321.39322,331.17426,323.59793,322.76184,272.40216,343.1781,328.0181,287.25308,298.43204,303.56,251.5385,321.13626,329.336,326.43973,342.8188,330.02094,324.53174,322.20477,321.23743,306.41623,275.41608,301.38562,293.33228,295.14874,297.9802,335.0651,-140941.28,413.33154,2456.4978,-84370.836,3100.0,1500.0,174998.61,3222.6167,20863.586,145955.38,20188.924,-20.823368,7836.12,67908.74,5897.0996
382,1987-11-11,321.2575,331.30313,323.65128,322.7929,272.38037,342.95,327.94882,286.62213,297.0219,303.49176,251.55003,321.05872,329.64383,326.52115,343.2269,330.02863,324.41656,322.07892,321.21176,306.33295,275.39932,301.02475,293.32465,295.03098,297.90054,335.0554,-141240.11,2.2298584,2742.0854,-83368.82,3100.0,1500.0,185890.78,3189.2075,20620.27,147755.98,19983.102,-28.478294,7935.6055,67366.086,5848.051
383,1987-11-18,321.12506,331.4642,323.73163,322.8616,272.36636,342.71933,327.8788,286.2173,296.23074,303.49246,251.5701,320.99878,329.83838,326.6093,343.54593,330.0909,324.32004,321.9632,321.21848,306.23685,275.38272,300.71454,293.31708,294.94754,297.82028,335.0457,-139131.47,2290.3516,3786.2092,-82007.37,3100.0,1429.866,193431.12,3158.8416,20471.348,147581.72,22152.576,-30.16222,8033.9336,66798.04,5814.373
384,1987-11-25,320.9924,331.6112,323.785,322.90265,272.3502,342.49133,327.8104,285.9238,295.62567,303.45383,251.54222,320.95602,329.94302,326.68118,343.70627,330.185,324.24036,321.8537,321.1973,306.1098,275.3662,300.44357,293.30948,294.85217,297.74313,335.03598,-141264.56,1024.3296,3480.5442,-82620.9,3100.0,1084.32,196549.97,3132.8167,20026.596,148926.62,20818.932,-34.450024,8034.9976,66525.32,5832.5195
385,1987-12-02,320.86386,331.7216,323.81155,322.92538,272.32452,342.26114,327.7443,285.68805,295.23026,303.40527,251.51207,320.91678,329.97726,326.72586,343.78864,330.28186,324.17316,321.7492,321.18182,305.99316,275.34982,300.23788,293.30167,294.75186,297.66357,335.02628,-141305.61,1240.3374,3733.158,-82196.83,3100.0,1500.0,198109.39,3108.8787,19717.805,149038.88,20952.25,-37.3836,8030.9697,66217.91,5849.0806
386,1987-12-09,320.75458,331.81516,323.85852,322.97443,272.3101,342.03192,327.68182,285.49283,294.9045,303.46152,251.56964,320.88632,330.06808,326.78708,343.901,330.36606,324.11594,321.65985,321.21564,305.95892,275.3338,300.0554,293.29373,294.70346,297.58252,335.01675,-138698.16,3978.8542,4819.3115,-80174.77,3100.0,898.31354,201393.25,3083.2007,19853.512,148205.83,23764.531,-39.49577,8085.947,65673.16,5776.3633
387,1987-12-16,320.6446,331.90396,323.89185,322.99896,272.29968,341.81018,327.62302,285.33508,294.6166,303.44565,251.56558,320.8702,330.12222,326.8258,343.98416,330.443,324.07022,321.5737,321.19348,305.84555,275.3181,299.8477,293.2852,294.6351,297.50793,335.0074,-141183.95,2399.6638,4281.691,-81001.24,3100.0,668.3262,203629.97,3061.981,19383.883,149180.55,22049.957,-38.73325,8053.702,65465.055,5779.0947
388,1987-12-23,320.52652,331.96298,323.883,322.98654,272.27277,341.58914,327.56668,285.19284,294.3809,303.35974,251.50688,320.84692,330.07132,326.8298,343.9891,330.50757,324.02786,321.48245,321.1511,305.71167,275.30252,299.67,293.27545,294.52896,297.432,334.998,-142606.75,1062.5469,3927.38,-81601.445,3100.0,485.10117,203111.95,3044.407,18897.617,149487.39,20559.371,-40.724503,7993.614,65346.41,5829.4893
389,1987-12-30,320.4057,331.9861,323.86047,322.96805,272.24002,341.36197,327.5125,285.05603,294.21393,303.32007,251.45471,320.81732,329.98883,326.81256,343.97122,330.5491,323.9844,321.38794,321.1205,305.60638,275.28702,299.51154,293.26416,294.4351,297.34995,334.9886,-141205.17,1935.8076,4408.115,-81055.016,3100.0,608.3522,202570.0,3025.0188,18660.74,148212.9,21325.688,-40.36477,7980.0083,65108.465,5864.529
390,1988-01-06,320.31235,331.9942,323.85797,322.97086,272.20868,341.13058,327.45956,284.93018,294.038,303.3398,251.37724,320.79144,329.95923,326.81458,343.95502,330.56992,323.94077,321.3129,321.12198,305.56256,275.27164,299.33856,293.25113,294.376,297.26688,334.97916,-139692.16,3238.167,4954.092,-80952.35,3100.0,370.06403,201973.28,3004.4788,18718.75,147251.6,22733.469,-46.98648,7984.8594,64935.234,5914.899
391,1988-01-13,320.22168,331.99893,323.87363,322.9907,272.188,340.90622,327.40738,284.82135,293.8842,303.40973,251.3959,320.77606,329.95636,326.81036,343.97308,330.57886,323.90146,321.23853,321.13016,305.5311,275.25638,299.171,293.23618,294.35593,297.1888,334.96976,-136738.31,5829.578,5894.0845,-79132.625,3100.0,284.62277,203005.44,2983.213,18752.316,145315.47,25236.266,-39.012627,8042.358,64531.24,5865.5693
392,1988-01-20,320.13934,332.01917,323.89645,323.01035,272.1768,340.69278,327.3556,284.7323,293.73282,303.49478,251.38249,320.7688,330.03787,326.8314,344.06232,330.59152,323.86322,321.1731,321.13788,305.51013,275.24124,299.16415,293.21915,294.3425,297.1197,334.96033,-136607.31,6189.77,6011.221,-79343.05,3100.0,191.83687,206401.94,2963.5532,18747.139,145328.1,25692.38,-37.26506,8069.714,64349.035,5856.5264
393,1988-01-27,320.06577,332.07068,323.94907,323.06525,272.16748,340.63318,327.31448,284.75092,293.5842,304.37738,251.60844,320.76968,330.14795,326.90234,344.2177,330.6095,323.83044,321.11658,321.2395,305.70084,275.23608,299.26907,293.2138,294.38593,297.05862,334.9509,-136283.86,7356.0527,6164.3457,-79523.82,3100.0,531.5593,211709.12,2948.0337,19281.371,146603.81,27517.537,-63.489105,8105.1387,64299.113,5690.343
394,1988-02-03,319.976,332.1346,324.0024,323.10815,272.1601,340.48026,327.28607,284.7272,293.44797,303.82748,251.44327,320.78308,330.23227,326.91748,344.32245,330.63995,323.80777,321.05627,321.17407,305.43323,275.22833,299.04828,293.20242,294.38,297.01077,334.94147,-136307.7,7972.745,6192.7896,-79316.016,3100.0,302.1804,214240.02,2941.2102,18593.258,144847.5,27257.586,-52.248005,8036.9966,64187.52,5810.326
395,1988-02-10,319.89743,332.19046,324.0359,323.13705,272.14926,340.23923,327.24338,284.64145,293.37326,303.60788,251.38162,320.7884,330.31802,326.95667,344.3901,330.67828,323.78003,320.99515,321.18674,305.4259,275.2134,298.85754,293.17853,294.3568,296.96338,334.932,-135811.73,8684.751,6660.8696,-78679.3,3100.0,226.64789,215809.84,2931.3484,18611.137,145031.97,28005.152,-42.909225,8075.3354,63996.1,5821.013
396,1988-02-17,319.84973,332.25604,324.13235,323.2437,272.16202,340.02844,327.1952,284.5752,293.30066,303.74368,251.45288,320.80493,330.46173,327.04156,344.46982,330.726,323.7564,320.9589,321.3019,305.5301,275.19858,298.7622,293.15244,294.4305,296.9179,334.92258,-129691.74,14705.611,8457.274,-75623.664,3100.0,774.75836,217664.75,2907.3896,19270.03,142931.22,33931.707,-38.57158,8225.651,63448.89,5710.9956
397,1988-02-24,319.80643,332.33682,324.21988,323.32367,272.18594,339.8684,327.145,284.55643,293.227,303.88315,251.49438,320.84763,330.59738,327.11685,344.59717,330.7851,323.74704,320.9324,321.344,305.55566,275.18542,298.70822,293.12656,294.49417,296.8891,334.91312,-132997.72,13519.793,7870.4277,-77358.945,3100.0,580.7989,221512.02,2889.8396,19221.402,144399.64,32811.61,-38.467644,8237.535,63476.13,5674.644
398,1988-03-02,319.81436,332.4442,324.29877,323.3993,272.19525,339.8385,327.10223,284.6231,293.15482,304.27112,251.66402,320.88727,330.8111,327.23758,344.7099,330.8668,323.74603,320.93472,321.45325,305.80655,275.18097,298.7387,293.11078,294.55606,296.8692,334.9037,-134360.1,13362.459,7725.546,-78167.305,3100.0,443.72778,223307.8,2883.0435,19879.865,147384.27,33316.35,-43.925377,8207.874,63584.465,5528.4893
399,1988-03-09,319.85388,332.56024,324.40527,323.50452,272.20605,339.7377,327.06653,284.63113,293.08746,304.0897,251.52274,320.93494,331.0137,327.3574,344.7326,330.96838,323.7603,320.96927,321.5423,305.80148,275.17334,298.57376,293.0886,294.61978,296.85675,334.8944,-133747.45,15167.427,8147.5405,-77376.35,3100.0,262.67575,221782.48,2868.4075,20107.191,148319.88,35081.18,-38.74636,8282.115,63567.527,5600.0317
400,1988-03-16,319.92035,332.66898,324.47583,323.5649,272.2105,339.59555,327.01978,284.59418,293.02618,303.95355,251.48021,320.9867,331.20325,327.4685,344.7703,331.07886,323.78815,321.0219,321.60342,305.89774,275.15936,298.4284,293.05563,294.63034,296.84857,334.8853,-139229.27,11922.685,7429.1646,-78228.87,3100.0,732.60266,221994.17,2854.5269,20326.004,152661.45,32546.176,-37.61064,8279.334,63686.773,5586.1377
401,1988-03-23,319.9717,332.77747,324.55533,323.64615,272.20813,339.50592,326.96982,284.56488,292.9683,304.17657,251.43582,321.03162,331.33624,327.57965,344.8288,331.18936,323.827,321.0708,321.71353,305.98276,275.14554,298.31613,293.02118,294.65714,296.83704,334.8762,-139442.9,13062.595,7716.0244,-78019.96,3100.0,289.05563,223343.6,2832.378,20686.756,154475.34,33902.617,-40.999027,8356.545,63768.324,5605.758
402,1988-03-30,320.0621,332.89148,324.66446,323.75626,272.21426,339.43863,326.91843,284.54745,292.9166,304.0974,251.43388,321.08795,331.54532,327.71045,344.84863,331.3048,323.8759,321.14487,321.83383,306.1471,275.1318,298.2018,292.98544,294.71588,296.8278,334.86707,-138863.31,14789.048,8263.513,-77244.07,3100.0,200.22455,221941.06,2814.316,21351.94,156043.31,35911.215,-38.432842,8390.059,63668.324,5554.714
403,1988-04-06,320.18835,333.00732,324.7501,323.83392,272.2194,339.40067,326.8668,284.53824,292.87054,304.04272,251.42874,321.152,331.7431,327.83728,344.8463,331.43018,323.93716,321.2465,321.9264,306.29068,275.11823,298.13214,292.94864,294.74033,296.8255,334.85794,-144010.69,12100.938,7657.17,-78295.67,3100.0,220.9547,220250.84,2801.0127,21796.621,160599.95,33981.375,-34.37536,8387.104,63802.24,5517.3506
404,1988-04-13,320.31082,333.1159,324.8585,323.9509,272.22653,339.40036,326.81564,284.70255,292.8279,304.1446,251.42616,321.21457,331.8892,327.96533,344.8341,331.55417,324.0093,321.35193,322.08072,306.4544,275.1048,298.0782,292.91092,294.80795,296.82355,334.84882,-141559.53,15412.042,8609.35,-76952.195,3100.0,725.25806,218606.45,2780.742,22540.406,161323.39,37425.957,-30.582361,8367.715,63708.1,5485.0107
405,1988-04-20,320.4072,333.21118,324.96747,324.06503,272.24857,339.42163,326.76544,285.147,292.7926,304.24255,251.45319,321.29465,331.987,328.06848,344.82587,331.66956,324.09192,321.44522,322.19858,306.5572,275.0915,298.00528,292.87244,294.90125,296.8308,334.8397,-141986.92,16866.621,8548.633,-76634.05,3100.0,450.07288,217448.94,2760.503,22924.89,161991.1,38569.43,-25.458042,8267.426,63673.586,5438.297
406,1988-04-27,320.5073,333.30096,325.03552,324.131,272.26236,339.44342,326.71667,285.84683,292.76123,304.26343,251.3979,321.3739,332.11655,328.16257,344.81992,331.77695,324.17606,321.5376,322.28284,306.68027,275.0783,297.92075,292.8333,294.96454,296.84702,334.83057,-145363.88,15414.581,8172.96,-78367.07,3100.0,328.0822,215908.03,2745.5012,23258.96,164822.42,37559.79,-16.92131,7976.2397,63987.258,5460.324
407,1988-05-04,320.61877,333.38507,325.06882,324.15918,272.25674,339.47137,326.66956,287.034,292.72873,304.1978,251.37329,321.4375,332.2221,328.2441,344.79434,331.87906,324.2589,321.63824,322.33475,306.76657,275.06528,297.83878,292.7937,294.98184,296.86374,334.8214,-150498.62,12272.765,7590.0674,-79258.07,3100.0,267.19556,213930.27,2734.2437,23525.701,168748.98,35163.4,-16.709484,7491.279,64314.066,5449.371
408,1988-05-11,320.70917,333.44098,325.06873,324.157,272.24136,339.50912,326.62402,288.17163,292.69202,304.0971,251.36108,321.4817,332.2244,328.27994,344.67966,331.96866,324.3394,321.72205,322.3523,306.7879,275.05237,297.76498,292.7537,294.96155,296.87354,334.8123,-154165.81,9838.465,7070.2085,-79690.055,3100.0,245.24852,209501.45,2723.6758,23573.0,171238.08,32978.8,-14.557926,7112.7666,64541.574,5441.7505
409,1988-05-18,320.78302,333.448,325.03638,324.12894,272.22638,339.54245,326.58014,288.97314,292.65076,304.00827,251.38783,321.5079,332.14514,328.27603,344.47485,332.02963,324.4105,321.79065,322.35706,306.8066,275.03955,297.71252,292.7135,294.92444,296.87354,334.80313,-156076.97,8202.478,6845.3413,-79286.14,3100.0,224.388,202554.83,2711.2117,23657.342,172493.66,31602.957,-12.5182,6848.0176,64557.67,5394.8706
410,1988-05-25,320.85046,333.4175,325.03366,324.15088,272.2292,339.56534,326.5382,289.63196,292.60754,304.73666,251.42589,321.53058,332.04208,328.2969,344.28165,332.0549,324.47302,321.85712,322.49036,306.95236,275.0269,297.66547,292.6732,294.98224,296.86673,334.79398,-152502.66,11168.617,7446.9287,-77655.27,3100.0,461.15503,196568.4,2678.5945,24290.557,172077.06,35015.496,-21.90989,6840.9814,64462.168,5338.9316
411,1988-06-01,320.91556,333.36398,325.0432,324.17184,272.24344,339.57898,326.50037,290.1984,292.56763,304.36493,251.37701,321.57132,331.92633,328.25327,344.08914,332.05225,324.53616,321.92148,322.47885,306.95102,275.0143,297.60315,292.63293,295.04593,296.86987,334.7848,-150242.6,13266.76,7731.93,-78420.44,3100.0,352.72372,190686.02,2669.0974,24447.348,168692.56,36270.504,-23.22749,6616.6133,64473.95,5369.4463
412,1988-06-08,320.96744,333.28043,325.02805,324.1712,272.2575,339.5882,326.46494,290.59082,292.53296,304.32745,251.3964,321.6072,331.7579,328.2018,343.85974,332.02032,324.58673,321.97153,322.50378,307.0019,275.00214,297.58325,292.5932,295.112,296.88202,334.77582,-148246.7,14896.358,7843.729,-77844.38,3100.0,312.08914,183820.58,2662.2676,24651.518,166394.16,37427.87,-19.510983,6585.4277,64442.58,5335.514
413,1988-06-15,321.04944,333.1856,324.97147,324.1233,272.26965,339.83563,326.46228,291.05353,292.50357,305.0275,251.93077,321.63684,331.6233,328.15994,343.6635,331.98077,324.63156,322.03488,322.54007,307.3326,275.00754,298.02023,292.5781,295.18826,296.90387,334.77188,-152193.33,11540.962,6781.8354,-80406.02,3100.0,552.5068,178810.14,2671.4658,25407.203,168569.14,35135.383,-30.399796,6356.298,64792.633,4988.5996
414,1988-06-22,321.16043,333.11963,324.99493,324.17722,272.29742,340.38086,326.57498,291.74002,292.99603,306.024,252.8771,321.66577,331.5288,328.18192,343.52032,331.9607,324.6908,322.12613,322.71344,307.76352,275.04153,298.82755,292.60294,295.40024,296.9464,334.7899,-144804.86,17282.53,6576.5884,-80280.58,3100.0,1500.0,174463.16,2701.4216,26862.475,166132.0,40026.695,-67.39134,6197.271,64955.707,4414.6533
415,1988-06-29,321.28787,333.09073,325.06693,324.25897,272.34778,340.9986,326.77893,292.516,300.486,307.10776,253.37627,321.728,331.5467,328.24005,343.43716,331.9581,324.7747,322.2415,322.83807,308.03018,275.09402,299.50165,292.65378,295.65594,297.02887,334.82626,-146684.7,16286.338,3391.0327,-84037.35,3100.0,1225.172,171955.39,2750.8735,27513.219,167378.47,40220.504,-50.060215,5930.463,65377.85,4059.189
416,1988-07-06,321.35687,333.0501,325.17044,324.37668,272.40942,341.0909,326.91452,292.97733,302.51324,306.35046,252.39009,321.80344,331.53476,328.22083,343.40976,331.92368,324.84912,322.3253,322.86905,307.70535,275.12222,299.25665,292.67133,295.85727,297.1294,334.846,-137626.52,23950.646,4625.323,-81473.13,3100.0,811.9596,171527.22,2797.65,26600.355,159865.06,44630.504,14.712471,5986.872,65519.742,4747.1724
417,1988-07-13,321.4692,333.0326,325.18274,324.3767,272.4704,341.14664,327.0078,293.2698,308.97995,306.68707,252.71873,321.88907,331.5885,328.2504,343.4844,331.90506,324.9025,322.4206,322.88638,307.97906,275.1419,299.45206,292.67792,295.9733,297.2401,334.86002,-148592.28,16940.139,1722.3358,-88517.336,3100.0,1343.7728,174244.58,2867.2349,27143.588,164900.44,39507.516,55.670734,5877.1543,66143.95,4202.6323
418,1988-07-20,321.50052,333.03177,325.1293,324.30777,272.47546,341.099,327.06485,293.3757,306.4492,305.677,251.95601,321.92804,331.59415,328.18262,343.5944,331.87848,324.94504,322.45322,322.74194,307.60684,275.15158,299.1669,292.67175,295.9588,297.33597,334.8672,-151661.31,14953.342,2640.9656,-86110.65,3100.0,853.898,177869.89,2922.63,25748.818,164800.6,36138.223,57.332935,5849.3804,66978.26,5061.91
419,1988-07-27,321.65964,333.09613,325.1243,324.3018,272.49826,341.46683,327.18167,293.74777,319.0657,307.31216,253.34514,321.94556,331.76663,328.32578,343.78522,331.93253,324.97824,322.56628,322.9073,308.3537,275.18405,300.2735,292.69864,296.0341,297.42273,334.89026,-157880.48,9657.518,-1378.3536,-94357.43,3100.0,1500.0,182848.52,2979.5032,28007.363,172776.17,34827.18,87.28303,5599.7637,67120.37,3515.5044
420,1988-08-03,321.8142,333.2431,325.26236,324.44543,272.5565,342.09482,327.41965,294.27304,328.94617,307.86234,253.51949,322.00037,331.99963,328.47168,344.03583,332.04465,325.0519,322.69864,323.0528,308.42258,275.2385,300.80954,292.7577,296.20844,297.5264,334.92886,-153848.72,13818.203,-2051.92,-93156.68,3100.0,1500.0,188951.9,3070.9353,28224.586,172571.66,37842.766,153.6622,5406.8403,67376.195,3530.9648
421,1988-08-10,321.83517,333.3355,325.31448,324.4814,272.58777,342.26636,327.5668,294.38235,324.6409,306.65594,252.63498,322.0591,332.00626,328.4703,343.97195,332.11612,325.12338,322.73712,322.96027,308.02173,275.26678,300.49643,292.7821,296.2415,297.6243,334.94937,-157684.02,12767.034,-849.4423,-90638.59,3100.0,1448.2493,184244.55,3157.2397,26685.146,172214.14,34749.184,125.59654,5399.782,68146.9,4574.8096
422,1988-08-17,321.8092,333.2998,325.24258,324.41376,272.5813,342.0961,327.5737,294.25766,315.23813,305.7142,252.05396,322.06976,331.79874,328.38644,343.67435,332.12686,325.1575,322.72626,322.87805,307.85095,275.27045,300.20578,292.77386,296.1929,297.69177,334.95267,-157081.1,12762.6875,774.44727,-87889.57,3100.0,1440.9047,174560.25,3162.9692,26055.86,170491.19,33962.98,73.73483,5539.5723,68457.84,5111.6895
423,1988-08-24,322.00598,333.26535,325.2637,324.4688,272.6433,342.65625,327.71912,294.65884,331.98425,308.3244,254.0511,322.09943,331.7121,328.5155,343.34238,332.18658,325.2015,322.87112,323.18793,308.899,275.3182,301.4596,292.82883,296.3818,297.7749,334.98676,-157549.06,11356.553,-4129.4946,-97618.95,3100.0,1500.0,164079.45,3181.2715,29439.09,175116.14,36897.74,127.68902,5323.288,68071.99,2890.5266
424,1988-08-31,322.1153,333.20645,325.28247,324.50125,272.7163,343.26605,327.9788,295.03586,338.30984,307.9292,253.52391,322.17166,331.46857,328.43015,343.0376,332.2298,325.2901,322.97705,323.138,308.53552,275.37704,301.90448,292.90146,296.54242,297.8914,335.0288,-156277.36,13488.381,-3810.01,-95245.71,3100.0,1500.0,155347.66,3289.5825,28090.924,170392.84,36220.02,152.91135,5124.212,68801.67,3777.7588
425,1988-09-07,322.04803,333.04337,325.1139,324.32767,272.71512,343.17145,328.04755,294.72522,325.1089,306.22015,252.27745,322.1824,331.09625,328.1926,342.86496,332.12213,325.3277,322.93857,322.87524,307.97397,275.3918,301.3889,292.91504,296.4808,297.98148,335.04025,-158355.31,11486.862,-1618.0845,-91967.56,3100.0,1500.0,153150.0,3355.003,26022.29,166405.55,32085.812,98.4651,5350.2583,69703.65,5125.242
426,1988-09-14,322.12268,332.917,324.8984,324.09833,272.69724,343.42993,328.1315,294.51318,332.00363,307.334,253.49121,322.13773,331.0193,328.1354,342.8516,332.0246,325.3248,322.97586,322.81168,308.5116,275.42447,302.32922,292.95575,296.38928,298.05505,335.06415,-171936.44,-1653.5154,-5868.0815,-102198.23,255.4448,255.4448,155505.34,3383.125,27326.652,175923.9,24214.557,95.816696,5213.206,70128.6,3706.7837
427,1988-09-21,322.0716,332.8302,324.733,323.91382,272.64545,343.49896,328.2241,294.20917,325.0704,305.67715,252.2762,322.05493,330.9741,327.9384,343.078,331.91296,325.3134,322.9312,322.5126,307.72522,275.44702,301.9549,292.98495,296.1929,298.0961,335.08118,-168579.19,-1279.5563,-2694.835,-94090.7,3100.0,1500.0,165461.39,3429.984,24734.033,172083.05,21464.014,82.87244,5256.156,70606.67,5211.4126
428,1988-09-28,321.93988,332.77728,324.57874,323.7324,272.57098,343.14316,328.13727,293.45642,312.22916,304.34122,251.64177,321.92944,331.03522,327.81622,343.4224,331.74307,325.24704,322.81305,322.28577,307.37308,275.43604,301.21912,292.96997,295.90155,298.07785,335.0748,-168460.94,-4122.4673,-1201.43,-90840.23,3100.0,1500.0,177621.22,3385.7932,23468.402,172404.97,17858.377,22.386688,5591.6484,70418.914,5725.593
429,1988-10-05,321.81488,332.7753,324.53323,323.67865,272.51602,342.78418,328.00323,292.39493,305.21198,303.9474,251.50238,321.8058,331.13382,327.78162,343.75443,331.63333,325.16208,322.69852,322.21335,307.2257,275.4203,300.84482,292.95084,295.69995,298.02344,335.06503,-161618.03,-164.02496,1413.9951,-87126.73,3100.0,1420.0875,188129.03,3297.305,23344.56,170116.25,21578.207,-1.1014175,6135.5986,69628.47,5778.6094
430,1988-10-12,321.73892,332.84476,324.57263,323.70694,272.4945,342.54752,327.89557,291.28964,304.01276,304.28214,251.75981,321.7231,331.33762,327.84512,344.14203,331.61758,325.08835,322.62582,322.22586,307.25214,275.41083,300.9911,292.9429,295.59393,297.96582,335.0596,-160545.34,613.6107,1726.7441,-87130.56,3100.0,1500.0,199867.5,3228.0613,23645.639,171176.47,23002.717,-5.890526,6565.6084,68930.67,5484.2324
431,1988-10-19,322.0117,333.11688,324.76407,323.89444,272.56198,343.5404,328.13617,291.19876,336.0767,308.71878,254.95143,321.72867,331.90512,328.29785,344.64737,331.82083,325.08698,322.8122,322.7017,308.7576,275.48175,303.16345,293.04922,295.75558,297.97104,335.1103,-174519.6,-8909.331,-7745.63,-105751.16,255.4448,255.4448,212668.88,3314.5117,28436.72,188612.73,21921.205,107.27206,6185.2666,68228.53,1975.656
432,1988-10-26,322.1181,333.4408,324.95914,324.0616,272.60907,344.534,328.60132,291.16193,347.60983,307.91418,254.1085,321.79758,332.17578,328.44122,344.96902,332.10056,325.18005,322.92325,322.64224,308.01376,275.56607,303.89178,293.17694,295.7885,298.02377,335.17078,-179470.86,-9343.654,-8053.2744,-101204.08,3100.0,1500.0,218621.47,3514.0532,25770.09,189535.97,17595.404,163.91466,5884.572,69024.984,3445.0125
433,1988-11-02,322.05115,333.64294,325.02277,324.1177,272.60062,344.80505,328.8466,290.15924,339.64676,306.68802,253.27971,321.8194,332.2226,328.5084,345.07233,332.28543,325.23813,322.89633,322.61423,307.66006,275.60455,303.76486,293.243,295.69138,298.04443,335.1996,-177359.47,-6246.637,-5507.2686,-96670.31,3100.0,1500.0,219766.25,3643.5693,24688.598,187908.64,18809.008,114.5766,6325.0815,69198.984,4415.893
434,1988-11-09,321.86667,333.71902,325.01358,324.10358,272.5646,344.52835,328.8651,288.70035,323.35022,304.77933,252.01093,321.81396,332.12384,328.43683,345.07053,332.3631,325.2566,322.77515,322.45923,307.009,275.60645,302.93195,293.25992,295.52228,298.03134,335.203,-172821.4,-2235.7896,-1245.1976,-89102.78,3100.0,1500.0,220012.28,3654.3723,22608.398,182385.38,19580.96,57.458054,6980.597,69128.4,5748.9224
435,1988-11-16,321.72714,333.7246,324.9627,324.0528,272.52365,343.9919,328.7259,287.76373,310.92917,304.0263,251.7082,321.78064,332.0666,328.40808,345.00754,332.36377,325.2337,322.6689,322.40784,306.9111,275.58957,302.15445,293.25217,295.34277,297.98898,335.19327,-171939.92,-2400.2786,368.70493,-86570.03,3100.0,1500.0,217764.36,3574.6902,22353.445,181991.72,19426.332,4.127762,7367.743,68593.77,5894.9473
436,1988-11-23,321.6187,333.7031,324.93384,324.03143,272.49655,343.50705,328.57166,287.19797,304.89053,303.84378,251.65184,321.7464,331.97565,328.36688,344.96558,332.34442,325.20633,322.58502,322.37943,306.804,275.57275,301.56174,293.24597,295.2227,297.93414,335.18353,-168456.14,-33.796753,2070.262,-84517.06,3100.0,1500.0,217447.17,3485.373,22206.904,179501.16,21636.234,-9.4444275,7629.122,67959.27,5891.6104
437,1988-11-30,321.51816,333.6657,324.8901,323.98822,272.47037,343.06992,328.4233,286.79526,301.39972,303.7265,251.5943,321.71497,331.87372,328.3135,344.916,332.3105,325.1771,322.50766,322.31714,306.66852,275.55594,301.1184,293.24133,295.10287,297.87564,335.17377,-169182.97,-1182.0876,2144.3252,-84735.4,3100.0,1249.9004,216616.14,3410.473,21790.941,178761.22,20357.807,-17.207542,7735.794,67615.76,5911.7744
438,1988-12-07,321.42316,333.61346,324.83698,323.93903,272.43655,342.68008,328.28738,286.47766,299.1276,303.6466,251.56076,321.6761,331.75412,328.24997,344.8707,332.26608,325.14386,322.43234,322.26038,306.54837,275.53946,300.76428,293.2384,294.98666,297.81046,335.16418,-167904.69,-891.3715,2629.2424,-84060.945,3100.0,864.589,216276.03,3347.2886,21506.902,177094.83,20521.271,-29.871002,7805.6187,67246.52,5916.8213
439,1988-12-14,321.3456,333.56198,324.81433,323.9245,272.41525,342.32867,328.16498,286.21362,297.65863,303.66525,251.60005,321.63937,331.68585,328.20856,344.85733,332.21472,325.1075,322.36823,322.24854,306.4976,275.52316,300.45676,293.23663,294.92627,297.74084,335.15472,-163985.03,1921.9668,3874.7878,-81833.86,3100.0,730.6905,216714.69,3289.5034,21615.158,174475.36,23343.328,-35.61053,7915.4136,66647.484,5842.941
440,1988-12-21,321.26453,333.51593,324.7801,323.8864,272.39853,342.01178,328.05438,285.99536,296.68427,303.6251,251.58606,321.61084,331.6132,328.15265,344.86563,332.16202,325.07187,322.30234,322.18207,306.37552,275.50687,300.19443,293.2351,294.84882,297.67514,335.14526,-165205.38,450.78015,3453.032,-82517.805,3100.0,514.26245,218012.42,3242.1592,21147.742,173848.52,21656.545,-39.020638,7925.8438,66395.586,5841.1616
441,1988-12-28,321.1732,333.46695,324.72156,323.82498,272.36584,341.71777,327.9547,285.80096,295.99933,303.52353,251.5207,321.57166,331.51413,328.08505,344.8596,332.10742,325.03055,322.22754,322.10126,306.234,275.49057,299.96603,293.23322,294.7368,297.60608,335.1358,-165554.83,-810.8963,3217.7107,-83008.69,3100.0,370.02057,218668.42,3202.8557,20639.04,173032.89,20211.43,-45.239,7899.9683,66243.234,5886.713
442,1989-01-04,321.07666,333.40613,324.6651,323.7718,272.32785,341.43585,327.8638,285.61908,295.46313,303.4716,251.46307,321.5257,331.38547,328.01086,344.80154,332.04822,324.9822,322.14685,322.03793,306.12106,275.47424,299.75656,293.23035,294.63818,297.52948,335.1263,-163278.03,128.26526,3729.328,-82373.734,3100.0,330.86362,217313.19,3166.3813,20381.201,170811.84,20955.701,-46.052414,7911.9897,65975.28,5916.777
443,1989-01-11,320.98676,333.3377,324.6408,323.7578,272.30054,341.1636,327.77945,285.4547,295.10382,303.54202,251.41963,321.486,331.29428,327.95374,344.7767,331.98163,324.92938,322.07083,322.02386,306.07922,275.4579,299.58868,293.22595,294.6084,297.45123,335.1168,-158004.98,4028.6855,5163.4053,-81006.44,3100.0,892.7073,217325.33,3129.1257,20558.146,167139.0,24751.312,-44.963684,8004.9463,65604.664,5925.8228
444,1989-01-18,320.91516,333.28464,324.63004,323.7467,272.28116,340.90573,327.70062,285.31946,294.82144,303.59464,251.39207,321.46115,331.27216,327.91516,344.78613,331.91727,324.87775,322.0074,321.99667,306.04282,275.44153,299.4395,293.21967,294.59344,297.3825,335.1073,-157073.02,4477.89,5317.6895,-80910.13,3100.0,388.0997,218188.56,3096.5999,20495.654,165905.92,25208.672,-43.225113,8045.888,65398.62,5916.762
445,1989-01-25,320.8327,333.2362,324.6255,323.74518,272.26346,340.6687,327.62625,285.20496,294.55917,303.6408,251.36736,321.44034,331.20248,327.87073,344.7684,331.85916,324.8278,321.93936,321.97305,305.9814,275.4251,299.2897,293.21115,294.58957,297.32098,335.09775,-154403.5,6530.044,5986.4946,-80303.086,3100.0,663.28485,218198.75,3067.4165,20421.13,163371.28,27039.0,-41.387043,8099.3193,65185.516,5917.619
446,1989-02-01,320.74838,333.18256,324.60416,323.72363,272.24728,340.44174,327.55597,285.10825,294.36005,303.65427,251.3518,321.4231,331.13263,327.819,344.7377,331.80252,324.7771,321.86893,321.929,305.9181,275.40866,299.17416,293.2002,294.57678,297.2661,335.08823,-153999.12,6498.172,5917.421,-80320.375,3100.0,327.60416,217758.4,3041.5493,20199.424,161991.56,26851.127,-41.413414,8109.8105,65056.117,5906.8174
447,1989-02-08,320.68066,333.13525,324.5836,323.7034,272.23203,340.22162,327.48862,285.02145,294.2084,303.66342,251.35065,321.4027,331.11096,327.78214,344.74136,331.74808,324.7246,321.8073,321.90283,305.90024,275.3922,299.0673,293.18677,294.56335,297.2139,335.07867,-152474.52,7232.1353,6223.3228,-79773.61,3100.0,858.6351,218300.17,3017.283,20195.408,160817.92,27606.36,-40.280434,8131.032,64869.742,5874.0156
448,1989-02-15,320.63693,333.11078,324.63373,323.76505,272.24112,340.01794,327.4231,284.9462,294.05722,303.83057,251.43361,321.39307,331.15973,327.7977,344.77487,331.70468,324.67535,321.7652,321.9745,305.98743,275.3757,298.93173,293.17078,294.63828,297.16595,335.0691,-145258.42,13296.131,7855.8,-76730.99,3100.0,407.65646,219355.92,2987.9778,20798.389,157435.77,33401.008,-38.247288,8273.941,64314.66,5752.336
449,1989-02-22,320.59018,333.09952,324.6735,323.7994,272.26126,339.83755,327.35892,284.9001,293.92517,303.90775,251.4373,321.40842,331.1748,327.79688,344.78033,331.6772,324.638,321.72705,321.9667,305.9671,275.3592,298.79327,293.1523,294.69647,297.13528,335.0595,-147375.31,12256.154,7297.8667,-78372.68,3100.0,131.08058,219702.84,2964.3765,20620.305,157399.42,32288.0,-38.272484,8296.206,64326.09,5737.316
450,1989-03-01,320.5764,333.09323,324.6919,323.81635,272.26477,339.67133,327.29587,284.86456,293.79474,303.92996,251.40614,321.41757,331.238,327.81305,344.74384,331.66318,324.60425,321.70627,321.98975,306.04825,275.34262,298.66837,293.13138,294.7322,297.11172,335.04993,-146923.56,12555.102,7395.034,-78691.22,3100.0,201.5718,217881.02,2944.2673,20874.83,157796.89,32824.895,-35.11582,8326.21,64373.22,5724.266
451,1989-03-08,320.60568,333.0942,324.73508,323.86234,272.26944,339.53592,327.2348,284.83588,293.66693,304.01535,251.41214,321.4304,331.32224,327.85327,344.67508,331.6658,324.5792,321.71814,322.05475,306.18387,275.32632,298.5847,293.10855,294.79095,297.0917,335.04053,-145315.66,14061.203,7786.608,-78115.305,3100.0,60.502445,214979.14,2922.2573,21421.021,158052.31,34607.496,-33.56211,8391.143,64317.33,5672.007
452,1989-03-15,320.66702,333.10907,324.76007,323.8827,272.27182,339.46567,327.17734,284.83377,293.54294,304.5456,251.4702,321.45117,331.43402,327.916,344.6649,331.68024,324.56946,321.75684,322.12732,306.34824,275.31183,298.6078,293.0861,294.8318,297.0786,335.03122,-150555.86,10365.062,6620.47,-79335.71,3100.0,1500.0,214221.33,2897.48,21798.742,162652.16,32070.873,-50.34922,8432.745,64553.965,5589.2583
453,1989-03-22,320.72833,333.1486,324.80527,323.92813,272.27124,339.59967,327.13553,284.94257,293.4278,304.72598,251.7297,321.4697,331.5381,327.96448,344.77765,331.70868,324.57465,321.7979,322.17746,306.55954,275.3097,298.8196,293.07883,294.88345,297.06836,335.02194,-149543.36,11673.455,6810.8613,-79757.42,3100.0,749.11725,218341.4,2897.7148,22474.158,162878.66,33360.26,-64.75763,8288.0625,64610.41,5400.1484
454,1989-03-29,320.79834,333.2238,324.89377,324.01184,272.28058,339.60803,327.10364,284.95544,293.3722,304.33344,251.52185,321.49738,331.75137,328.05524,344.84848,331.75504,324.58755,321.85086,322.2379,306.5039,275.3028,298.71594,293.06293,294.9409,297.06577,335.01263,-147808.2,13780.596,7438.451,-78606.57,3100.0,473.62787,218792.47,2888.1301,22566.186,163236.14,35314.85,-49.637794,8378.534,64550.844,5513.9424
455,1989-04-05,320.94034,333.33298,324.97165,324.08536,272.28983,339.86154,327.1298,285.12073,293.3132,305.15073,252.39284,321.53632,331.96048,328.21466,344.87436,331.8586,324.62283,321.95035,322.41205,307.08612,275.31006,299.14957,293.06476,295.03098,297.0762,335.01926,-153925.3,10055.046,6279.3975,-81073.49,3100.0,770.4993,217419.9,2897.7744,24160.875,170498.5,33257.293,-75.85388,8290.243,64836.297,4953.5137
456,1989-04-12,321.04507,333.42694,325.07944,324.1967,272.30438,339.94287,327.14883,285.37634,293.25726,304.58636,251.68344,321.5848,332.08856,328.29315,344.83603,331.9583,324.6808,322.0478,322.46524,306.82535,275.31082,298.8953,293.05606,295.1022,297.09662,335.0217,-150060.83,14363.221,7142.8843,-78964.22,3100.0,670.89026,214654.88,2895.9648,23712.283,168304.9,36427.5,-57.485363,8235.333,64813.277,5381.7104
457,1989-04-19,321.10382,333.47714,325.1624,324.28275,272.3251,339.82904,327.09702,285.7965,293.21832,304.40076,251.50465,321.64233,332.1361,328.3529,344.76935,332.02856,324.72913,322.10486,322.54465,306.90482,275.294,298.6657,293.0217,295.1682,297.11353,335.0124,-149602.23,15954.488,7381.798,-78244.18,3100.0,597.1396,212210.89,2877.8147,24002.346,168111.05,37633.645,-40.213673,8190.239,64755.33,5450.3057
458,1989-04-26,321.17377,333.5186,325.20087,324.31943,272.3372,339.7629,327.0343,286.46524,293.1923,304.37213,251.40453,321.69775,332.21594,328.40433,344.72305,332.08923,324.77618,322.1657,322.59515,307.0075,275.27716,298.51785,292.98648,295.21655,297.13406,335.00305,-152171.62,14584.2295,7138.703,-79822.81,3100.0,508.352,210051.83,2857.0156,24262.406,170107.39,36671.863,-28.184917,7923.935,65044.535,5493.743
459,1989-05-03,321.25662,333.56464,325.20938,324.32193,272.33017,339.73233,326.97055,287.6171,293.16953,304.28857,251.36523,321.73746,332.30542,328.4537,344.73,332.14536,324.82245,322.2359,322.6177,307.07587,275.2603,298.4165,292.95065,295.22427,297.1525,334.99374,-156599.8,11508.238,6708.3506,-80625.96,3100.0,682.6243,209923.53,2840.0637,24469.393,173450.44,34384.355,-26.179945,7456.6455,65347.73,5486.69
460,1989-05-10,321.31958,333.6182,325.20383,324.30963,272.3136,339.73013,326.909,288.71576,293.1427,304.1789,251.34673,321.75934,332.37213,328.48874,344.795,332.1997,324.8677,322.2908,322.61743,307.08353,275.24344,298.33963,292.91443,295.19836,297.1626,334.9844,-159867.05,9117.537,6342.0825,-80999.336,3100.0,716.0446,211975.05,2823.4321,24464.342,176025.88,32327.955,-23.292244,7093.416,65556.35,5478.939
461,1989-05-17,321.36823,333.67493,325.19907,324.29984,272.2976,339.73572,326.8507,289.4832,293.10886,304.08557,251.36987,321.7682,332.43152,328.52563,344.82205,332.25473,324.9076,322.33408,322.62335,307.09457,275.22662,298.27286,292.87802,295.15677,297.1623,334.97504,-161922.84,7530.498,6141.828,-80551.63,3100.0,680.66864,211995.3,2805.5571,24521.502,178214.53,30990.668,-20.719206,6837.903,65555.45,5430.8604
462,1989-05-24,321.44315,333.7388,325.24905,324.36356,272.30328,339.96915,326.8478,290.26807,293.125,304.81894,252.07692,321.78156,332.48892,328.619,344.82593,332.32895,324.95413,322.3963,322.7784,307.467,275.22583,298.6463,292.86383,295.23138,297.16138,334.97687,-158948.83,10334.765,6637.7695,-79796.78,3100.0,1344.8593,210726.08,2800.7498,25796.73,179360.39,34218.59,-33.693604,6629.5254,65391.695,4979.955
463,1989-05-31,321.5224,333.80832,325.32886,324.4507,272.32648,340.26047,326.89392,291.0224,294.7185,305.15982,252.18773,321.82468,332.56274,328.70193,344.8344,332.41312,325.02133,322.47498,322.87906,307.5512,275.23593,298.91507,292.86487,295.3491,297.18134,334.9864,-158903.73,11670.532,6058.818,-81283.65,3100.0,1154.5504,210060.03,2807.493,26134.352,179895.7,35229.293,-45.69256,6427.955,65634.94,4909.7983
464,1989-06-07,321.56784,333.8607,325.40234,324.5264,272.3475,340.3209,326.91125,291.467,294.91666,304.8673,251.8349,321.8779,332.6051,328.7466,344.83664,332.48853,325.0869,322.5318,322.91806,307.443,275.23557,299.21027,292.85144,295.42914,297.21216,334.98874,-157955.64,13635.95,6193.254,-80292.555,3100.0,1033.1682,209710.12,2811.1367,25902.502,178611.78,36330.87,-30.386398,6389.9136,65695.74,5141.72
465,1989-06-14,321.73715,333.98816,325.4935,324.62573,272.3744,341.21558,327.11536,292.38495,314.61148,307.9898,254.26843,321.9382,332.78366,328.9997,344.91766,332.632,325.18033,322.66217,323.26855,308.6786,275.29318,300.88644,292.9191,295.68262,297.27203,335.03168,-167810.97,6702.299,218.9484,-89391.836,3100.0,1500.0,211096.75,2883.122,29388.209,190783.94,34575.523,-20.410156,5896.188,66198.18,3420.1653
466,1989-06-21,321.9823,334.1715,325.7216,324.87567,272.47345,342.1808,327.5023,293.4369,331.03207,308.74542,254.3214,322.0433,333.00082,329.21753,345.03827,332.8342,325.33337,322.89304,323.4993,308.6939,275.37955,301.7184,293.02747,295.99933,297.3845,335.0952,-163848.06,12278.807,-2317.189,-93948.97,3100.0,1500.0,212092.86,2979.3765,29772.436,189268.67,39107.113,124.2791,5497.105,66227.46,2797.364
467,1989-06-28,322.08102,334.29962,325.8682,325.0143,272.55466,342.4485,327.7584,293.91217,329.04837,307.41675,253.12996,322.1824,333.08798,329.27542,345.0587,332.97284,325.4708,323.01263,323.5014,308.28207,275.42108,301.39313,293.0744,296.14972,297.51202,335.12796,-164662.83,14751.131,-863.0261,-90233.9,3100.0,1500.0,210562.66,3146.4824,28315.592,186901.39,38258.67,161.90402,5452.8486,67075.18,4122.0376
468,1989-07-05,322.08606,334.33594,325.9668,325.12747,272.5956,342.25537,327.8033,294.01797,318.2925,306.21194,252.15111,322.2904,333.06897,329.29138,344.95364,333.0246,325.56238,323.05002,323.5633,308.1147,275.4239,300.85,293.06854,296.25912,297.6218,335.13388,-155745.53,22282.02,2363.0437,-84182.414,3100.0,1500.0,206366.28,3198.5203,27755.158,180699.45,42683.4,102.45637,5723.381,67378.6,5067.058
469,1989-07-12,322.18564,334.35248,325.9789,325.1356,272.64008,342.32272,327.8307,294.20337,319.6491,306.96344,252.79675,322.39734,333.0463,329.35266,344.822,333.08188,325.64322,323.14255,323.63803,308.51767,275.43558,301.20895,293.07648,296.36035,297.736,335.14606,-167643.66,14769.979,-776.5366,-91784.81,3100.0,1500.0,201774.31,3206.6821,28725.262,187011.66,37992.66,91.410774,5650.412,67951.055,4311.6626
470,1989-07-19,322.23282,334.33835,325.91357,325.06396,272.64163,342.3748,327.868,294.307,316.88144,306.1713,252.22542,322.459,332.94843,329.28116,344.69757,333.1093,325.72195,323.1956,323.52396,308.21188,275.44553,300.9612,293.0837,296.35455,297.8398,335.1571,-171200.0,12562.061,-3.7149906,-89982.6,3100.0,1500.0,198406.2,3239.0994,27544.957,186867.97,34638.414,70.05523,5587.997,68767.21,5003.8623
471,1989-07-26,322.22614,334.2552,325.7885,324.93896,272.61148,342.1666,327.80777,294.25137,308.95242,305.26172,251.68822,322.4614,332.7649,329.1631,344.44565,333.0601,325.75934,323.19574,323.40253,308.0304,275.4353,300.45258,293.06464,296.2732,297.90485,335.15402,-171862.45,11138.17,1318.5664,-88032.9,3100.0,1320.5654,190816.52,3220.8184,26865.203,185910.36,32754.668,31.990662,5665.232,69190.42,5478.757
472,1989-08-02,322.22186,334.0955,325.70612,324.88297,272.59747,341.93594,327.70648,294.16873,303.9428,305.03558,251.55081,322.44333,332.47354,329.03577,343.9665,332.96948,325.7688,323.19205,323.39337,308.04883,275.4192,300.10678,293.0393,296.26807,297.94217,335.14673,-163332.53,15815.069,2951.047,-84764.28,3100.0,1110.8302,176770.5,3158.9675,27017.93,180322.4,36463.08,14.71534,5871.1987,68943.84,5530.401
473,1989-08-09,322.34427,333.9046,325.606,324.8073,272.63293,342.1994,327.72272,294.33572,313.75195,306.72714,252.84796,322.45416,332.11896,328.9644,343.44702,332.89117,325.78665,323.2776,323.46658,308.6125,275.43292,300.6696,293.0574,296.36438,297.99744,335.1602,-168689.78,10634.629,-850.0212,-92737.28,3100.0,1500.0,161976.14,3153.33,28698.428,182764.67,34589.758,31.388046,5735.9,68880.28,4177.953
474,1989-08-16,322.3492,333.64328,325.428,324.6437,272.63965,342.26007,327.75803,294.387,310.15265,305.5337,251.87625,322.44507,331.6327,328.673,342.92447,332.74054,325.80502,323.28378,323.2339,308.0468,275.43835,300.2925,293.06598,296.35516,298.05444,335.16794,-165049.58,12160.34,1146.7513,-87634.68,3100.0,1176.1063,149044.58,3177.6245,26783.096,175290.62,33138.176,33.498634,5715.1367,69398.555,5344.3755
475,1989-08-23,322.3055,333.28738,325.212,324.45914,272.63187,341.99176,327.6751,294.24823,303.12848,304.96274,251.5425,322.38696,331.0007,328.37753,342.34705,332.48117,325.7675,323.23685,323.10706,307.99948,275.4206,299.9066,293.044,296.337,298.08206,335.15945,-156414.8,15515.278,2704.4695,-85102.37,3100.0,900.7907,134821.06,3139.0984,26645.305,167422.95,35475.04,9.399063,5928.013,69279.01,5548.17
476,1989-08-30,322.26968,332.87903,324.99545,324.26978,272.63687,341.75937,327.5796,294.07553,299.97543,304.86456,251.46086,322.3251,330.31772,328.05264,341.7293,332.17548,325.7051,323.18967,322.95645,307.95007,275.40222,299.65717,293.0226,296.34854,298.10382,335.15045,-151188.45,16592.363,3179.2847,-84740.96,3100.0,834.12396,119878.43,3082.049,26420.588,160331.7,36023.973,-9.415428,6091.216,69213.57,5571.9004
477,1989-09-06,322.21494,332.40952,324.6923,323.98,272.62457,341.5502,327.4862,293.72025,298.20108,304.65308,251.35443,322.24158,329.5953,327.64893,341.08163,331.81387,325.61954,323.12054,322.68613,307.78778,275.38306,299.4488,293.0015,296.2949,298.12173,335.14084,-152023.1,12829.591,2739.7603,-86720.75,3100.0,693.2719,105498.47,3042.5044,25709.518,155381.78,32506.715,-18.496067,6223.767,69498.07,5634.9106
478,1989-09-13,322.1457,331.87497,324.24258,323.53326,272.5677,341.35733,327.39838,293.2403,297.0398,304.2229,251.2761,322.1028,328.78955,327.14993,340.42007,331.40588,325.49945,323.02444,322.27417,307.5403,275.36337,299.28574,292.98077,296.09433,298.12094,335.13077,-158270.11,2425.5361,1702.9476,-89610.73,3100.0,691.3597,90902.625,3020.0864,24486.977,153579.03,23744.95,-27.064102,6204.041,69979.18,5681.699
479,1989-09-20,322.0594,331.27625,323.77277,323.0939,272.4953,341.18555,327.3186,292.7891,296.30978,303.89798,251.2542,321.90442,327.88974,326.6222,339.76303,330.94775,325.34012,322.90396,321.92136,307.33853,275.34375,299.16367,292.96106,295.8684,298.08228,335.12067,-151658.31,718.23645,2071.074,-87782.375,3100.0,763.5893,76501.14,2992.0244,23825.033,146499.77,21958.176,-32.87214,6246.4927,69747.44,5667.6357
480,1989-09-27,321.9471,330.61584,323.31836,322.66003,272.43564,341.0314,327.2464,292.2039,295.74442,303.64346,251.24689,321.6852,327.0903,326.07095,339.12283,330.43356,325.1523,322.75986,321.53867,307.0758,275.3242,299.05893,292.94217,295.63095,298.01675,335.1106,-147071.5,-2569.5718,1506.0571,-87333.06,3100.0,715.5666,65069.055,2962.8616,22850.46,139771.67,18341.414,-36.7267,6331.1567,69384.586,5654.294
481,1989-10-04,321.8017,329.9227,322.9517,322.31836,272.39423,340.88358,327.18048,291.29602,295.34073,303.5718,251.25816,321.45566,326.39444,325.54614,338.52505,329.87408,324.9398,322.58847,321.2379,306.8716,275.30466,298.9814,292.9239,295.46982,297.93127,335.10046,-134415.8,1694.2332,3287.7163,-84566.51,3100.0,664.1106,57514.54,2930.0696,22499.943,129148.52,22037.418,-34.231007,6691.5796,68626.336,5623.346
482,1989-10-11,321.64835,329.24606,322.65604,322.03638,272.37494,340.73166,327.12006,290.2369,295.0213,303.57684,251.26878,321.2433,325.86047,325.0694,338.00674,329.27872,324.71204,322.41125,320.95065,306.6843,275.2852,298.9256,292.90604,295.36414,297.84564,335.09033,-126075.195,3401.8052,3909.6167,-83622.99,3100.0,1024.1287,53029.844,2900.2402,22047.354,120702.25,23298.66,-35.874756,7044.3916,68020.35,5594.0723
483,1989-10-18,321.50897,328.62494,322.3734,321.74747,272.3485,340.57968,327.06458,289.3756,294.7439,303.45975,251.24236,321.0393,325.44147,324.6299,337.6042,328.70114,324.47614,322.2401,320.63202,306.4824,275.26575,298.85693,292.8884,295.2127,297.76398,335.0802,-123425.69,409.563,2944.2002,-84470.11,3100.0,864.89325,51314.9,2879.9758,21259.998,115916.76,19999.25,-39.744507,7156.263,67726.945,5597.9814
484,1989-10-25,321.3503,328.07407,322.0882,321.45792,272.30905,340.43857,327.01324,288.5625,294.4789,303.27316,251.24031,320.8285,325.03125,324.207,337.33762,328.16208,324.23422,322.05392,320.303,306.2175,275.24634,298.82706,292.87088,295.01257,297.67432,335.07,-119598.35,-1816.8066,2251.2473,-83975.96,3100.0,1500.0,52803.395,2863.8345,20265.92,110858.74,17183.604,-41.764656,7294.541,67300.8,5587.099
485,1989-11-01,321.16003,327.57324,321.84482,321.2253,272.27383,340.29807,326.96503,287.3454,294.2987,303.20068,251.21173,320.61682,324.61484,323.81778,337.18878,327.6266,323.98624,321.8473,320.0326,305.97876,275.22693,298.76788,292.85336,294.852,297.57224,335.05984,-111097.33,723.0378,3395.68,-82683.91,3100.0,814.52374,54570.945,2844.5923,19720.69,103391.734,19272.9,-44.8529,7709.593,66714.68,5608.633
486,1989-11-08,320.93582,327.11838,321.63654,321.02576,272.2502,340.14294,326.91925,286.3634,294.13342,303.20468,251.20975,320.42078,324.24817,323.44885,337.09518,327.14285,323.73544,321.61655,319.77008,305.73767,275.20755,298.65234,292.8357,294.73615,297.46927,335.04962,-103399.71,3123.5115,4197.989,-81406.125,3100.0,530.08167,57482.156,2824.7742,19019.078,95981.37,20965.195,-38.14389,7918.805,66110.945,5601.237
487,1989-11-15,320.7378,326.77344,321.4711,320.85065,272.23337,339.9706,326.8754,285.85565,293.96246,303.17883,251.2401,320.23672,324.14548,323.1935,337.11108,326.71613,323.48212,321.40237,319.54727,305.58347,275.1882,298.53595,292.81778,294.62558,297.37036,335.03943,-99002.11,3032.7314,4263.2344,-80624.47,3100.0,404.22314,63638.918,2808.2952,18536.176,92390.68,20744.07,-36.41677,7957.7705,65575.984,5543.3247
488,1989-11-22,320.53052,326.52307,321.35645,320.732,272.2229,339.80353,326.83304,285.52167,293.81836,303.19247,251.26427,320.06567,324.00558,322.9748,337.25745,326.36108,323.2358,321.1879,319.3627,305.41333,275.16885,298.4249,292.7995,294.54404,297.27365,335.02917,-92418.945,5679.239,5183.138,-79388.54,3100.0,399.96414,68917.23,2791.8555,18178.79,87360.0,22926.031,-30.115751,8015.7954,65014.54,5508.915
489,1989-11-29,320.31238,326.31995,321.24512,320.61172,272.20953,339.63983,326.7916,285.27646,293.66705,303.1533,251.2357,319.91086,323.84998,322.7768,337.43475,326.05453,322.99832,320.97116,319.15836,305.20654,275.14954,298.32324,292.7808,294.44693,297.18216,335.01892,-90406.984,4684.1685,4806.3096,-80069.984,3100.0,390.27267,72256.13,2778.4214,17467.41,84387.56,21571.09,-30.508595,7986.332,64740.53,5528.052
490,1989-12-06,320.09235,326.14233,321.13467,320.4969,272.1862,339.4752,326.75165,285.07907,293.5151,303.11185,251.21521,319.76187,323.6943,322.59576,337.59003,325.79382,322.76947,320.75473,318.97742,305.01923,275.13046,298.22946,292.76187,294.34277,297.09006,335.00885,-86763.625,5171.632,4990.3125,-79707.125,3100.0,590.7511,75488.375,2766.3477,16925.645,80975.48,21690.0,-32.316193,7954.9155,64427.867,5538.8706
491,1989-12-13,319.886,325.99756,321.06534,320.42798,272.17358,339.30453,326.71277,284.91245,293.39383,303.1562,251.26212,319.6245,323.60168,322.46292,337.71823,325.59607,322.54987,320.54984,318.86206,304.90994,275.11163,298.27237,292.74258,294.2885,296.99777,334.9989,-80888.32,8219.165,6070.7754,-77706.62,3100.0,102.09313,77902.02,2751.2068,16832.76,77000.67,24547.816,-33.540977,7988.4004,63874.117,5472.4766
492,1989-12-20,319.77768,325.9535,321.0141,320.3837,272.17715,339.89105,326.80972,285.2713,293.31256,305.84338,253.14677,319.51132,323.54114,322.51926,337.85397,325.5261,322.3629,320.40683,319.04077,305.88684,275.14575,299.4699,292.79617,294.3976,296.93054,335.01517,-85109.99,4012.9968,3895.917,-82126.555,3100.0,1500.0,78984.54,2794.9597,18909.28,83574.88,22755.396,-123.45692,7725.112,64087.164,4289.728
493,1989-12-27,319.57684,325.94012,320.97894,320.32632,272.17148,339.95416,326.91553,285.32684,293.2136,304.06787,251.76886,319.41925,323.55704,322.33218,338.06216,325.42712,322.2071,320.24896,318.64526,304.65204,275.16537,299.51907,292.82877,294.31693,296.89035,335.02454,-81589.7,5252.5664,3670.8164,-81140.65,3100.0,792.2725,87333.984,2828.0164,15671.189,75423.16,20945.203,-97.77072,7562.9697,64126.605,5260.3457
494,1990-01-03,319.3244,325.95285,320.93805,320.25955,272.1397,339.51135,326.89264,285.04596,293.1377,303.23853,251.30774,319.30856,323.65588,322.2694,338.47476,325.27988,322.0242,320.02167,318.49246,304.4596,275.1458,299.27426,292.80545,294.1649,296.82303,335.01456,-77890.086,6514.629,4725.278,-79841.75,3100.0,1500.0,97529.38,2830.0613,15210.549,73374.53,21698.375,-63.45311,7679.177,63831.617,5542.941
495,1990-01-10,319.09543,326.04947,320.9715,320.27982,272.11673,339.17337,326.8467,284.83875,293.089,303.18045,251.1786,319.2083,323.81717,322.2957,338.97684,325.19034,321.8393,319.8136,318.4486,304.37036,275.12613,298.96188,292.78098,294.1067,296.74524,335.00458,-72463.02,10558.464,6475.59,-78251.61,3100.0,1095.3152,106360.73,2805.7737,15231.695,71031.36,25677.506,-51.005825,7799.021,63428.133,5607.701
496,1990-01-17,318.8965,326.18774,321.0326,320.32318,272.10153,338.91257,326.79205,284.68777,293.05807,303.2026,251.12563,319.1346,323.99393,322.359,339.3828,325.1983,321.66794,319.63065,318.4126,304.29602,275.10645,298.7666,292.75555,294.07175,296.67365,334.99457,-71845.69,11042.811,6716.361,-78050.59,3100.0,778.97394,112284.805,2784.6155,15008.743,71021.79,26170.727,-43.881554,7841.732,63184.8,5615.6255
497,1990-01-24,318.6934,326.34396,321.103,320.38028,272.08774,338.70242,326.73483,284.57034,293.0321,303.2385,251.09277,319.07712,324.17276,322.43454,339.703,325.25052,321.5134,319.45514,318.39636,304.20197,275.0868,298.61584,292.7294,294.0513,296.6078,334.98456,-69800.5,13096.391,7427.4214,-77385.94,3100.0,1191.8386,119075.27,2764.766,14842.219,70169.57,28032.2,-39.93027,7888.266,62934.68,5623.685
498,1990-01-31,318.49258,326.50803,321.17432,320.43427,272.07504,338.51212,326.6773,284.4766,293.00427,303.24933,251.07474,319.03436,324.35803,322.51917,339.9707,325.33392,321.3745,319.28564,318.37408,304.11414,275.06714,298.43616,292.70258,294.02432,296.5477,334.97452,-70376.28,13039.023,7381.1035,-77359.43,3100.0,683.8412,124416.18,2746.4114,14555.994,70681.28,27871.285,-37.958893,7889.6465,62768.152,5616.4463
499,1990-02-07,318.31622,326.6702,321.24283,320.48965,272.06268,338.32776,326.62033,284.3955,292.97058,303.25885,251.07329,318.99945,324.5473,322.61603,340.16116,325.4332,321.2496,319.13406,318.38153,304.08273,275.04752,298.2662,292.67514,293.99808,296.48965,334.96448,-70003.47,13725.922,7702.558,-76780.6,3100.0,437.03503,127701.88,2728.3591,14494.01,71342.17,28651.14,-35.338814,7900.7183,62546.773,5585.455
500,1990-02-14,318.17325,326.83316,321.36765,320.61606,272.07385,338.15253,326.56415,284.32724,292.93347,303.43182,251.1575,318.98022,324.78238,322.75772,340.3081,325.54767,321.1403,319.01093,318.50153,304.1731,275.02795,298.12537,292.647,294.0672,296.43536,334.95444,-64038.164,19807.918,9659.051,-73724.64,3100.0,480.2337,130613.24,2703.9026,15085.214,69864.836,34824.24,-32.456505,8044.6494,61971.305,5465.5493
501,1990-02-21,318.03412,326.99405,321.48282,320.71832,272.09576,337.99216,326.50906,284.28964,292.896,303.51514,251.16278,318.99136,324.95993,322.87045,340.44666,325.66827,321.05215,318.9022,318.5314,304.14603,275.0084,297.9927,292.6182,294.1211,296.39853,334.94437,-67303.234,18717.84,9102.74,-75339.8,3100.0,403.0063,133883.42,2685.0645,14881.736,71235.66,33724.867,-31.628553,8060.8247,61961.84,5451.821
502,1990-02-28,317.93814,327.1658,321.57977,320.80115,272.10065,337.8407,326.45502,284.26315,292.85422,303.5404,251.13261,319.00595,325.25174,323.01764,340.57535,325.79956,320.97986,318.81595,318.60272,304.23444,274.98886,297.85394,292.5886,294.1514,296.36945,334.93427,-68079.23,18949.227,9204.666,-75641.83,3100.0,216.73914,136304.77,2668.9119,15106.548,73488.32,34277.76,-27.917618,8083.308,61987.9,5439.7734
503,1990-03-07,317.89993,327.35516,321.709,320.92014,272.10617,337.71442,326.4025,284.24326,292.81064,303.63052,251.13986,319.0289,325.586,323.20328,340.69183,325.9453,320.92413,318.77347,318.72903,304.3876,274.9696,297.7442,292.55853,294.20532,296.34415,334.92435,-67915.2,20424.11,9602.511,-75053.98,3100.0,142.16273,138301.66,2650.514,15635.343,75909.75,36110.176,-25.970282,8141.614,61913.414,5388.7266
504,1990-03-14,318.0134,327.64917,321.8616,321.06067,272.12112,338.38654,326.48294,284.72345,292.76602,306.28726,253.04431,319.07224,326.08405,323.59534,340.91336,326.20193,320.90973,318.82382,319.15512,305.65656,275.00308,298.85278,292.60095,294.3987,296.34317,334.94055,-78685.46,14165.822,7015.996,-79412.03,3100.0,295.79184,143337.48,2689.6504,18448.465,90134.44,33319.727,-113.17068,7899.9805,62447.926,4162.9517
505,1990-03-21,318.0399,327.97388,322.04843,321.2273,272.13812,338.65353,326.57736,284.92535,292.72577,304.80515,251.88878,319.13828,326.47028,323.7466,341.25568,326.44534,320.94278,318.88385,319.06564,304.7688,275.02658,298.6027,292.6286,294.4569,296.3697,334.95297,-77218.84,17731.693,7554.7754,-78060.9,3100.0,268.49933,152259.95,2716.3477,16436.756,86656.93,34461.05,-93.52298,7809.4224,62647.76,4966.8438
506,1990-03-28,318.04926,328.26804,322.22086,321.38278,272.14447,338.3769,326.54608,284.7655,292.71252,304.03308,251.3545,319.19553,326.86853,323.98444,341.51215,326.67386,320.96704,318.8948,319.20142,304.8547,275.01,298.1848,292.59924,294.4673,296.379,334.94547,-77057.17,19686.076,8684.928,-76387.945,3100.0,205.04854,155429.34,2717.9907,16830.973,89500.484,36562.355,-61.038097,8020.071,62532.703,5237.8076
507,1990-04-04,318.11618,328.55267,322.37836,321.51852,272.14706,338.1668,326.4844,284.65192,292.72617,303.8526,251.22232,319.26297,327.2664,324.2271,341.6577,326.9339,320.99847,318.9464,319.32892,304.99585,274.99008,297.9376,292.56433,294.46274,296.38306,334.9357,-83065.13,16960.09,8337.462,-77085.11,3100.0,232.51491,156801.0,2694.6887,17177.863,95419.3,34672.117,-44.068237,8081.362,62623.906,5268.8164
508,1990-04-11,318.19354,328.81662,322.5477,321.6897,272.15192,338.0539,326.41644,284.74765,292.7537,303.8953,251.18309,319.33374,327.58057,324.46112,341.75803,327.20187,321.04846,319.01556,319.52777,305.16202,274.97012,297.76462,292.52875,294.509,296.38208,334.9259,-81598.195,20305.262,9443.818,-75566.4,3100.0,120.302635,157812.16,2666.6694,17867.53,97601.76,38202.855,-35.55162,8089.165,62476.547,5251.2173
509,1990-04-18,318.2503,329.05545,322.71686,321.85834,272.1721,338.00314,326.3487,285.1354,292.7872,303.99652,251.1962,319.42575,327.81583,324.66205,341.84125,327.45752,321.11844,319.0807,319.69388,305.2705,274.95016,297.63486,292.49268,294.59055,296.38705,334.91608,-83134.4,21694.016,9703.283,-75132.47,3100.0,383.57993,158627.52,2639.6414,18227.39,99687.27,39625.004,-27.993694,8020.8584,62405.07,5206.8857
510,1990-04-25,318.3161,329.28607,322.85068,321.98044,272.18427,337.98022,326.28366,285.79037,292.81656,304.0277,251.134,319.52133,328.14093,324.86276,341.96255,327.6943,321.20123,319.14957,319.82733,305.4037,274.93024,297.5717,292.4563,294.64508,296.39966,334.90628,-87652.62,20175.764,9325.754,-76785.234,3100.0,279.4511,161010.7,2618.39,18546.938,104067.04,38603.645,-18.486176,7747.113,62689.324,5228.2705
511,1990-05-02,318.42816,329.5453,322.97116,322.0898,272.18027,338.17453,326.2323,287.0794,292.83435,304.99908,251.44208,319.6087,328.5121,325.1271,342.19775,327.939,321.29352,319.25143,320.05182,305.82135,274.92368,297.8593,292.43823,294.7063,296.41406,334.89642,-95833.625,15877.816,7916.288,-78411.62,3100.0,1395.8372,166239.06,2605.376,19520.084,112932.555,35974.89,-54.898045,7244.287,63160.938,4991.9365
512,1990-05-09,318.55075,329.86758,323.09314,322.19754,272.17392,338.60934,326.2666,288.5072,292.84027,305.20706,252.1818,319.69272,328.8803,325.36835,342.56323,328.23657,321.4138,319.36966,320.17517,306.0522,274.93726,298.5243,292.44778,294.75598,296.43845,334.9018,-101963.24,13136.648,6912.2104,-80091.46,3100.0,1500.0,174692.83,2627.5024,20152.445,118831.92,33610.094,-74.99557,6646.6724,63517.13,4584.326
513,1990-05-16,318.6671,330.24765,323.24777,322.33032,272.1729,339.08194,326.36798,289.64203,294.7521,305.3567,252.56087,319.76993,329.43158,325.6719,342.9907,328.57822,321.55588,319.49078,320.33978,306.20575,274.9615,299.1616,292.47168,294.79663,296.47192,334.92203,-107560.53,11019.97,6038.505,-80802.17,3100.0,1500.0,185744.39,2666.835,20566.316,126091.875,32018.146,-86.62692,6244.242,63780.793,4326.5874
514,1990-05-23,318.9094,330.749,323.559,322.64645,272.21472,340.2874,326.67297,291.14932,320.5012,308.67667,254.82468,319.8716,330.09354,326.245,343.47174,329.07114,321.74066,319.70035,320.92935,307.50348,275.044,301.1861,292.57657,295.10684,296.53278,334.98425,-113092.57,9799.32,346.87897,-88933.02,3100.0,1500.0,195639.2,2762.717,24377.201,139749.2,36413.035,-1.1535645,5659.493,63734.0,2515.235
515,1990-05-30,319.12634,331.26263,323.91504,322.98642,272.3049,340.98904,327.01013,292.29318,329.84058,307.6834,253.59592,320.04858,330.7262,326.59964,343.9717,329.5371,321.97922,319.95633,321.06717,306.8645,275.11664,301.29858,292.66818,295.31293,296.64178,335.04028,-116619.17,13192.4,408.1769,-89540.03,3100.0,1500.0,206864.64,2870.1572,22764.543,140758.39,36483.406,120.59241,5286.541,64240.438,3234.2446
516,1990-06-06,319.21216,331.6861,324.16348,323.22424,272.35452,341.00525,327.1433,292.67035,324.9843,306.39548,252.6666,320.2244,331.09787,326.87457,344.32733,329.91357,322.19284,320.0881,321.20883,306.6649,275.1361,300.78857,292.68646,295.37216,296.7387,335.05963,-118731.99,15891.045,2179.6199,-85684.05,3100.0,1500.0,213103.69,2986.6763,22198.355,142758.69,37103.957,126.25108,5359.1514,64692.19,4160.249
517,1990-06-13,319.2496,332.0324,324.31348,323.3604,272.36423,340.82153,327.14194,292.7662,315.54474,305.3582,251.9251,320.37646,331.39124,327.0955,344.5784,330.24323,322.3838,320.1744,321.2898,306.4888,275.1324,300.2075,292.67355,295.34857,296.81772,335.063,-125164.02,13992.148,3533.243,-84009.555,3100.0,1500.0,218021.5,2999.2832,21557.502,147174.1,34758.613,82.44272,5434.462,65208.598,4859.409
518,1990-06-20,319.3874,332.36676,324.54962,323.61417,272.39597,340.91214,327.14957,293.02695,318.2469,306.27197,252.5757,320.525,331.73737,327.44437,344.76044,330.60773,322.57214,320.3269,321.6653,307.06012,275.13947,300.4301,292.677,295.47705,296.89044,335.0739,-122826.77,18789.164,3006.1907,-85514.08,3100.0,1500.0,220766.36,2990.053,23445.023,151113.44,40365.336,83.532585,5492.2847,64999.316,4110.9033
519,1990-06-27,319.52243,332.67816,324.79095,323.85696,272.44446,341.0686,327.18835,293.3462,318.0509,306.22464,252.32104,320.71436,331.9898,327.69934,344.86298,330.96445,322.78833,320.49225,321.86536,307.0311,275.15085,300.71362,292.68817,295.6195,296.97958,335.08792,-127549.06,19376.094,2969.8528,-85158.61,3100.0,1500.0,220503.86,3001.0225,23322.25,154172.81,40176.332,83.04745,5449.9307,65426.33,4464.219
520,1990-07-04,319.7436,332.96884,325.0641,324.15808,272.52197,341.47046,327.28543,293.8437,326.18057,307.59918,253.22293,320.9185,332.23666,328.04532,344.896,331.31345,323.01978,320.7161,322.3025,307.726,275.17755,301.31357,292.7225,295.8866,297.08755,335.11267,-126290.016,23352.143,970.17676,-88472.37,3100.0,1500.0,217665.67,3024.5696,25472.77,157594.88,45238.8,111.414276,5388.534,65353.035,3493.659
521,1990-07-11,319.90536,333.19864,325.21,324.2942,272.57996,341.81128,327.40768,294.21707,327.04385,306.9983,252.69415,321.13928,332.33432,328.18735,344.81525,331.6004,323.2753,320.90845,322.34485,307.47098,275.20294,301.1382,292.7571,296.01462,297.2196,335.13666,-139062.55,18231.498,164.85011,-90057.62,3100.0,1500.0,212636.03,3092.5522,24364.938,161923.22,39298.184,109.40485,5205.315,66492.46,4209.433
522,1990-07-18,319.99478,333.32498,325.2035,324.2863,272.5735,341.82095,327.43613,294.27902,320.39703,306.14297,252.16962,321.2776,332.3303,328.2422,344.7517,331.78735,323.49292,321.028,322.34546,307.34198,275.2069,300.74564,292.76382,295.99564,297.32635,335.14572,-144930.25,15339.798,867.7858,-88919.97,3100.0,1500.0,210285.2,3125.4202,23810.828,164801.27,36184.977,76.63657,5232.256,67259.98,4727.7095
523,1990-07-25,320.0795,333.41495,325.17746,324.2608,272.54974,341.70596,327.40735,294.30127,314.64227,305.61417,251.88814,321.36307,332.3491,328.28958,344.7711,331.92926,323.67078,321.13083,322.3578,307.30484,275.20178,300.76746,292.75974,295.9422,297.4012,335.14844,-148653.33,13150.567,1550.0548,-88174.84,3100.0,1354.1595,210813.38,3106.5188,23676.48,167529.16,34240.266,46.719437,5273.494,67678.555,4964.378
524,1990-08-01,320.26144,333.53668,325.2748,324.3802,272.57022,341.90375,327.441,294.52634,320.3289,306.80423,252.76276,321.4509,332.46017,328.47318,344.81433,332.07947,323.83783,321.2999,322.62683,307.84686,275.21545,301.2326,292.7837,296.04788,297.46988,335.16425,-146170.88,15701.296,242.1653,-90192.48,3100.0,1500.0,210560.66,3095.554,25522.082,170075.66,38209.066,67.24924,5277.8086,67393.67,4034.6665
525,1990-08-08,320.45905,333.65067,325.3665,324.47458,272.61652,342.32037,327.56833,294.80304,327.5083,307.22467,253.03828,321.57693,332.4844,328.58282,344.63248,332.24252,324.02716,321.4913,322.73047,307.94504,275.2453,301.53204,292.83212,296.1576,297.56146,335.19147,-153707.25,12426.297,-1602.7604,-93366.28,3100.0,1500.0,202016.64,3142.218,25712.217,173845.48,35499.277,92.0349,5106.232,67838.266,3864.5042
526,1990-08-15,320.59085,333.65982,325.35797,324.4765,272.63525,342.54156,327.67267,294.94186,326.03906,306.74197,252.67018,321.67313,332.33328,328.5659,344.2916,332.34283,324.20245,321.6298,322.73697,307.81558,275.26508,301.46976,292.86847,296.1905,297.64908,335.21182,-155324.56,12125.545,-1118.8899,-91673.36,3100.0,1500.0,190690.23,3197.1562,25269.793,173382.81,34389.125,86.64277,5057.1143,68300.54,4328.1484
527,1990-08-22,320.6298,333.54123,325.2908,324.43332,272.63422,342.36325,327.65988,294.86032,316.1097,305.5578,251.78404,321.72986,331.97305,328.42667,343.80832,332.3283,324.33514,321.69254,322.6784,307.51324,275.259,300.96848,292.87067,296.18298,297.71075,335.2142,-149215.44,16444.947,1711.7715,-86270.17,3100.0,1500.0,176122.61,3191.5117,24422.44,167019.86,36240.95,46.40983,5270.5303,68501.85,5213.8506
528,1990-08-29,320.6738,333.3202,325.16843,324.3385,272.63742,342.09183,327.5761,294.6612,309.74582,305.35187,251.6953,321.76498,331.54053,328.2582,343.2616,332.22382,324.4243,321.74374,322.65076,307.57523,275.24307,300.7545,292.86075,296.1912,297.7564,335.20966,-146818.78,17133.998,2346.5605,-86031.22,3100.0,1500.0,161505.72,3134.7898,24637.879,163105.44,36856.617,17.933807,5518.463,68472.805,5196.9697
529,1990-09-05,320.69366,333.0234,324.94824,324.13443,272.62128,341.81152,327.47665,294.26163,304.80865,304.82187,251.34921,321.77274,330.88925,327.97626,342.70554,332.04474,324.4829,321.7688,322.4568,307.3503,275.2234,300.42316,292.84723,296.12656,297.79385,335.20242,-149683.44,13558.706,2602.5398,-86791.19,3100.0,1500.0,147150.48,3084.667,23853.504,159667.06,33186.348,5.673332,5727.0146,68841.69,5504.6963
530,1990-09-12,320.70038,332.66278,324.59293,323.77567,272.55798,341.52008,327.3615,293.71115,301.0371,304.2584,251.1973,321.71225,330.3034,327.62653,342.21774,331.7851,324.49503,321.76257,322.14062,307.13736,275.19916,300.1049,292.82895,295.90903,297.8062,335.192,-158229.73,2903.6562,1763.6626,-89309.71,3100.0,1500.0,136909.39,3042.605,22834.71,160519.36,24246.887,-10.043724,5784.952,69311.19,5591.7563
531,1990-09-19,320.69864,332.2951,324.24982,323.44577,272.48077,341.28082,327.25388,293.20038,298.84265,303.8999,251.15607,321.58466,329.8137,327.295,341.9442,331.48425,324.46158,321.73584,321.89807,306.97787,275.17505,299.84122,292.8122,295.67212,297.77765,335.18152,-154283.19,992.7638,2311.384,-87293.305,3100.0,1271.1521,134002.56,2996.3052,22413.877,156979.75,22481.06,-19.904633,5882.8843,69056.03,5584.776
532,1990-09-26,320.67523,331.97214,323.9827,323.17548,272.41724,341.07806,327.15628,292.5621,297.45914,303.63504,251.14143,321.44186,329.51593,327.0133,341.83014,331.1753,324.39838,321.69025,321.65585,306.76617,275.15097,299.62344,292.79678,295.4265,297.72043,335.17105,-153293.08,-2566.3804,1736.2671,-86728.37,3100.0,1091.23,134970.1,2952.3152,21704.654,155125.08,18756.264,-25.348915,6006.743,68670.67,5571.741
533,1990-10-03,320.62152,331.68515,323.8046,323.00864,272.37256,340.8911,327.06915,291.60608,296.5687,303.56305,251.14949,321.3011,329.19907,326.7745,341.7055,330.88513,324.3147,321.62247,321.50986,306.6216,275.12698,299.50977,292.7824,295.26047,297.64194,335.16058,-144476.77,1420.5125,3582.5867,-83884.19,3100.0,1043.8593,133886.89,2908.453,21658.482,149132.44,22462.475,-27.013,6400.8433,67895.21,5539.6035
534,1990-10-10,320.56354,331.40643,323.66324,322.8773,272.3504,340.70532,326.99197,290.5038,295.9314,303.57278,251.1586,321.18478,328.8589,326.55322,341.53662,330.6256,324.22156,321.5536,321.37393,306.4964,275.1031,299.6997,292.76883,295.1532,297.56244,335.1501,-139775.5,2855.519,4243.6143,-82885.914,3100.0,1500.0,130312.61,2869.632,21521.623,144395.17,23728.357,-33.314236,6782.053,67278.99,5509.829
535,1990-10-17,320.59784,331.18863,323.53098,322.74942,272.33313,341.02094,327.00284,289.94608,296.71216,305.4486,252.31781,321.08746,328.75677,326.47464,341.50632,330.43784,324.13745,321.54166,321.42285,307.0801,275.1136,300.98685,292.80356,295.12714,297.49838,335.15286,-143910.27,-2510.2427,1888.8103,-86607.26,3100.0,1500.0,132266.86,2876.3987,22953.672,149173.72,20466.062,-121.66916,6765.6094,67264.94,4714.391
536,1990-10-24,320.55164,331.04965,323.43875,322.63028,272.30515,341.04257,327.04318,289.28915,296.6044,304.03265,251.51126,320.99976,328.78156,326.2852,341.7391,330.21286,324.06894,321.49744,321.10526,306.24487,275.11475,300.7267,292.82547,294.95157,297.44568,335.1521,-142173.69,-3249.352,1522.4261,-84642.3,3100.0,1500.0,143370.14,2889.0115,20599.924,144017.47,17372.03,-83.519485,6819.63,66987.44,5334.3203
537,1990-10-31,320.44482,330.95483,323.37518,322.5557,272.26712,340.7893,327.01352,287.94397,295.98145,303.4026,251.21748,320.89386,328.7532,326.18143,342.0008,330.00488,323.97025,321.39304,320.98322,306.0631,275.09055,300.18637,292.8117,294.76233,297.36847,335.1416,-137187.55,-837.6208,3116.2444,-82787.86,3100.0,1500.0,151290.22,2877.0715,20238.234,140942.52,19438.047,-62.10814,7360.937,66386.96,5516.194
538,1990-11-07,320.3172,330.88916,323.33743,322.51315,272.24066,340.60184,326.96918,286.80695,295.42175,303.31808,251.15659,320.80347,328.69507,326.0897,342.18616,329.85574,323.8663,321.27487,320.8824,305.8904,275.06638,299.8132,292.79764,294.63535,297.2846,335.13107,-133209.14,1308.8193,4139.478,-81292.45,3100.0,1215.8717,156597.03,2850.3591,19789.578,137644.3,21179.562,-47.977386,7655.792,65767.4,5541.5957
539,1990-11-14,320.22107,330.85516,323.30917,322.47446,272.22168,340.41345,326.9189,286.21945,295.0365,303.27518,251.16917,320.72525,328.75494,326.05206,342.3463,329.7522,323.7624,321.17828,320.81143,305.8055,275.04224,299.54135,292.78348,294.5217,297.2023,335.12054,-132260.83,961.6578,4286.4507,-80404.1,3100.0,1500.0,160998.53,2828.9448,19570.863,137281.69,20963.936,-42.066147,7734.19,65225.49,5491.3037
540,1990-11-21,320.12027,330.84833,323.3065,322.46835,272.20956,340.22525,326.86688,285.8354,294.73734,303.2881,251.18788,320.65714,328.77502,326.02264,342.5001,329.68478,323.66684,321.08365,320.766,305.7041,275.0182,299.338,292.76932,294.44147,297.1207,335.11002,-128734.805,3374.8184,5245.8276,-79110.02,3100.0,1018.39197,165587.31,2808.355,19458.082,135093.64,23149.477,-34.178246,7820.4775,64664.516,5458.206
541,1990-11-28,320.01135,330.83905,323.28787,322.44238,272.19485,340.03424,326.81506,285.55435,294.50656,303.2534,251.1577,320.6006,328.71484,325.97983,342.5257,329.6409,323.5789,320.98767,320.69006,305.56448,274.99423,299.15222,292.75507,294.34866,297.04312,335.09946,-129468.984,2154.6626,4874.8,-79761.09,3100.0,964.71954,165319.81,2791.053,18997.701,134525.06,21779.848,-33.81585,7813.871,64398.074,5476.8584
542,1990-12-05,319.9005,330.8008,323.24445,322.3994,272.1704,339.84006,326.76523,285.3296,294.2849,303.2176,251.13701,320.54327,328.6133,325.91748,342.5156,329.59906,323.49582,320.89038,320.6197,305.4405,274.9706,298.97104,292.74103,294.25015,296.96414,335.08908,-128103.92,2451.8384,5030.944,-79385.47,3100.0,568.4129,165842.36,2774.954,18678.229,132867.77,21858.873,-34.626247,7801.114,64098.39,5486.7256
543,1990-12-12,319.80356,330.78168,323.23828,322.39514,272.15686,339.64008,326.7175,285.14117,294.12784,303.2683,251.18445,320.49118,328.65387,325.9023,342.64905,329.56866,323.4165,320.80276,320.6041,305.39136,274.9473,299.0838,292.72687,294.20392,296.8844,335.07886,-124265.8,5327.043,6144.494,-77384.29,3100.0,412.69775,171623.03,2756.3445,18789.902,130790.32,24741.764,-35.804115,7853.2295,63563.977,5419.7153
544,1990-12-19,319.73904,330.87927,323.29333,322.42996,272.15176,339.72104,326.699,285.17133,293.97232,304.61462,251.74364,320.4578,329.07373,326.03735,343.179,329.55667,323.34958,320.73813,320.70975,305.72238,274.94366,299.4413,292.7393,294.21466,296.81555,335.0716,-128558.5,2403.0095,4798.5317,-79548.664,3100.0,1500.0,191424.03,2751.837,19370.852,136620.66,23002.172,-89.246864,7778.949,63588.777,5062.463
545,1990-12-26,319.63245,331.09967,323.40588,322.506,272.13287,339.61728,326.6978,285.1046,293.84912,303.65823,251.31963,320.43866,329.4697,326.13702,343.80878,329.6054,323.30237,320.66458,320.5891,305.18872,274.93472,299.17136,292.74323,294.11893,296.7581,335.06354,-129757.75,2172.4653,4405.4434,-79601.9,3100.0,884.71075,208437.75,2759.071,17939.771,136393.12,21223.457,-68.22476,7635.772,63508.2,5381.8164
546,1991-01-02,319.50775,331.3545,323.51508,322.59326,272.10065,339.33243,326.66495,284.91293,293.74142,303.23697,251.12486,320.41748,329.80646,326.2973,344.25577,329.72537,323.25336,320.56946,320.6099,305.09012,274.91135,298.8914,292.7255,294.0031,296.68933,335.05328,-129942.375,3046.3035,5154.9307,-78794.914,3100.0,637.4265,220327.12,2750.7302,17703.213,138431.3,21972.09,-50.1684,7672.7812,63244.008,5500.6323
547,1991-01-09,319.40247,331.6082,323.67047,322.73895,272.07803,339.08157,326.6234,284.75534,293.64752,303.2639,251.0505,320.41714,330.1358,326.48083,344.54324,329.9001,323.2158,320.49374,320.70947,305.08206,274.88803,298.68103,292.70636,293.97018,296.61584,335.04306,-127827.016,6818.8784,6822.9326,-77400.086,3100.0,568.9779,226761.67,2729.3826,17974.47,139202.61,25980.9,-42.903923,7771.641,62886.555,5532.3286
548,1991-01-16,319.32635,331.8337,323.81003,322.8692,272.06308,338.84995,326.57788,284.6351,293.55902,303.3177,251.0147,320.44452,330.3553,326.64496,344.6773,330.09818,323.19827,320.44324,320.7951,305.0818,274.86475,298.50806,292.68588,293.95657,296.551,335.0328,-129908.65,7069.7974,6974.43,-77312.21,3100.0,361.45908,228108.53,2710.752,18001.88,141421.2,26436.53,-38.02955,7808.964,62694.57,5531.2485
549,1991-01-23,319.24783,332.00656,323.91504,322.9765,272.04944,338.6355,326.5308,284.5386,293.46973,303.3717,250.98843,320.48163,330.43213,326.76056,344.706,330.28604,323.19812,320.3983,320.87338,305.05508,274.84158,298.3554,292.66415,293.95493,296.49347,335.02255,-129841.625,8936.707,7624.7773,-76732.65,3100.0,420.21622,227380.39,2693.465,18037.15,141575.95,28264.09,-35.992424,7856.441,62495.57,5536.089
550,1991-01-30,319.17407,332.13367,323.98007,323.04245,272.037,338.42773,326.48334,284.4607,293.39563,303.39453,250.9735,320.5227,330.4846,326.84372,344.73022,330.44223,323.2081,320.35724,320.9208,305.02557,274.81848,298.22897,292.64114,293.94534,296.4427,335.01227,-131688.39,8735.733,7529.8145,-76776.9,3100.0,431.168,227339.75,2678.1223,17924.688,142487.89,28071.266,-34.614586,7861.828,62379.6,5527.7896
551,1991-02-06,319.12393,332.23944,324.03314,323.09796,272.02496,338.22296,326.43585,284.39227,293.33893,303.41327,250.97398,320.55917,330.5626,326.92422,344.75433,330.57022,323.2227,320.3301,320.9795,305.04272,274.79544,298.12402,292.61685,293.9357,296.39484,335.002,-132205.08,9311.014,7811.106,-76262.664,3100.0,583.9714,227077.38,2662.972,18033.97,143361.67,28820.46,-32.468414,7878.5576,62208.27,5497.0586
552,1991-02-13,319.1047,332.33218,324.13998,323.22076,272.03668,338.03015,326.38828,284.3346,293.26575,303.5933,251.06032,320.60364,330.6593,327.03003,344.74365,330.68152,323.24323,320.32687,321.12753,305.16898,274.77252,298.0074,292.59122,294.02106,296.35153,334.99173,-126774.055,15307.303,9754.708,-73268.305,3100.0,272.75836,225288.38,2641.4492,18776.238,141561.48,34983.08,-30.236696,8029.658,61683.203,5377.709
553,1991-02-20,319.09634,332.4094,324.22406,323.30923,272.0604,337.92133,326.34454,284.34933,293.1917,304.34644,251.18048,320.67172,330.70853,327.12762,344.7255,330.78156,323.27695,320.33807,321.25272,305.3232,274.7541,298.00583,292.57037,294.12308,296.32706,334.98145,-131394.0,13486.42,8733.919,-75356.945,3100.0,888.4917,223901.84,2620.028,19011.557,144543.19,33817.637,-49.307823,8101.647,61856.76,5290.144
554,1991-02-27,319.1194,332.4748,324.2813,323.36642,272.0679,337.7848,326.30676,284.35468,293.11777,303.9289,251.08347,320.73367,330.80222,327.18167,344.6846,330.86908,323.3187,320.36618,321.27576,305.30975,274.73453,297.9083,292.54642,294.16995,296.31534,334.97116,-131485.53,14247.219,8919.431,-75533.66,3100.0,525.9096,221226.89,2616.034,19092.305,144295.88,34294.082,-39.24216,8049.6284,61907.074,5332.415
555,1991-03-06,319.186,332.5384,324.3513,323.44064,272.07465,337.6339,326.26364,284.3307,293.05093,303.84952,251.06105,320.78824,330.93915,327.27423,344.66965,330.94952,323.36014,320.42056,321.38507,305.47403,274.71204,297.77808,292.51688,294.2286,296.3064,334.96106,-130816.26,15755.587,9422.921,-74924.97,3100.0,343.29303,219868.83,2605.9338,19728.57,145533.1,36095.14,-32.28002,8126.5464,61856.547,5300.4453
556,1991-03-13,319.28638,332.6169,324.40683,323.4885,272.0786,337.53107,326.21857,284.3187,292.99228,303.81024,251.07114,320.8457,331.10074,327.36862,344.6896,331.0335,323.41077,320.5006,321.4464,305.5802,274.68988,297.6574,292.48624,294.2483,296.30255,334.9511,-136185.4,12462.746,8635.009,-75874.33,3100.0,191.14153,219650.11,2593.8586,19971.219,149657.97,33532.992,-31.758268,8105.729,61983.707,5251.6987
557,1991-03-20,319.3666,332.69345,324.4681,323.55322,272.0762,337.47,326.17188,284.30344,292.93744,303.81436,251.0379,320.8941,331.1845,327.44714,344.698,331.11826,323.46844,320.5721,321.52795,305.6462,274.66776,297.54883,292.45438,294.27176,296.2963,334.94116,-135828.83,13825.815,9037.1455,-75694.45,3100.0,177.92986,219539.2,2579.0369,20297.293,150419.7,34881.24,-31.222198,8138.604,62025.18,5263.1035
558,1991-03-27,319.48273,332.76877,324.5563,323.6465,272.0823,337.42822,326.12418,284.29138,292.88776,303.9036,251.03851,320.95056,331.34113,327.55875,344.64453,331.20557,323.53043,320.66528,321.66144,305.84048,274.64575,297.45908,292.4214,294.3381,296.29178,334.93118,-135253.47,15423.847,9499.888,-74923.414,3100.0,176.0611,216048.97,2560.479,21038.969,152101.34,36923.832,-28.818642,8214.484,61962.816,5209.7812
559,1991-04-03,319.63455,332.82343,324.61298,323.70157,272.08755,337.41064,326.07602,284.2891,292.84122,303.90756,251.03401,321.01495,331.40884,327.6374,344.44037,331.2981,323.60284,320.7858,321.74127,305.98828,274.6238,297.452,292.3874,294.37222,296.2948,334.9212,-140009.53,12690.058,8823.655,-76008.03,3100.0,267.19556,207353.5,2546.683,21478.67,155688.5,34944.176,-26.129118,8212.657,62123.855,5171.665
560,1991-04-10,319.7806,332.84335,324.66895,323.7747,272.09473,337.42834,326.02783,284.44095,292.79553,304.12125,251.03142,321.07358,331.4381,327.7017,344.3292,331.36798,323.6816,320.90695,321.8797,306.16412,274.602,297.45966,292.3525,294.4519,296.29904,334.91122,-136921.5,15989.243,9674.605,-74707.43,3100.0,1167.0667,204012.06,2526.2732,22254.09,155347.89,38398.613,-25.13764,8224.878,62076.395,5139.355
561,1991-04-17,319.89703,332.88135,324.74606,323.8567,272.11682,337.46994,325.97998,284.8548,292.75592,304.15057,251.05861,321.1455,331.53964,327.7655,344.40244,331.42017,323.76535,321.0119,321.96707,306.2566,274.58023,297.4463,292.31686,294.55554,296.3133,334.90125,-136592.33,17565.17,9874.17,-74428.14,3100.0,587.9262,207200.34,2509.532,22609.955,155233.62,39772.383,-20.981377,8128.552,62058.215,5093.063
562,1991-04-24,320.0242,332.9714,324.82364,323.92947,272.13214,337.59262,325.93695,285.59354,292.7201,304.75668,251.13797,321.2177,331.76953,327.89554,344.56476,331.48627,323.8476,321.12027,322.10837,306.52478,274.56384,297.54657,292.2879,294.65698,296.33813,334.89124,-140795.75,15505.476,9046.669,-76508.08,3100.0,1479.7573,211198.12,2494.1099,23271.05,160178.98,38654.656,-22.516249,7871.6133,62508.88,5027.242
563,1991-05-01,320.1631,333.0932,324.8923,323.9843,272.1302,337.74985,325.9031,286.86774,292.68445,304.5026,251.16603,321.28354,331.97507,328.00034,344.68155,331.58386,323.93515,321.241,322.14093,306.5891,274.55136,297.60547,292.26367,294.69327,296.36865,334.88126,-145919.3,12644.493,8222.422,-77634.484,3100.0,913.17664,212892.77,2497.1672,23483.996,163937.05,35990.504,-27.39201,7276.4717,62863.824,4992.0073
564,1991-05-08,320.26648,333.20358,324.92477,324.0068,272.11743,337.82623,325.86896,288.02982,292.64886,304.1371,251.05292,321.3305,332.07773,328.07272,344.72568,331.69177,324.02042,321.33603,322.15506,306.53662,274.5342,297.52014,292.23236,294.6723,296.39325,334.87125,-149752.02,10393.248,7823.4067,-77911.13,3100.0,914.3066,213174.8,2495.4045,23338.537,166843.52,33775.176,-22.065746,6914.511,63109.324,5058.873
565,1991-05-15,320.35016,333.2944,324.93753,324.01547,272.10315,337.85184,325.82886,288.815,292.61478,303.9392,251.0251,321.36215,332.1494,328.13443,344.74918,331.79315,324.09775,321.41376,322.1811,306.55157,274.51315,297.42154,292.19504,294.63165,296.4052,334.86124,-152296.2,8722.735,7693.275,-77411.51,3100.0,690.9251,213174.31,2483.0125,23393.512,169419.62,32370.193,-16.860512,6674.664,63131.527,5046.53
566,1991-05-22,320.42905,333.37317,324.99573,324.08374,272.1063,337.87558,325.78702,289.4567,292.58386,303.97476,251.04594,321.39398,332.21585,328.2128,344.75226,331.88467,324.17075,321.4895,322.2833,306.6385,274.4917,297.33133,292.157,294.65955,296.40793,334.8512,-148695.34,12334.979,8778.729,-75579.125,3100.0,581.92883,212386.02,2461.7075,23918.123,168928.28,35841.67,-12.568188,6571.237,62883.02,5000.3296
567,1991-05-29,320.5069,333.43567,325.07053,324.16553,272.12106,337.89786,325.74518,289.9978,292.55823,304.06985,250.99214,321.44656,332.2579,328.2839,344.69336,331.96716,324.2469,321.56793,322.37524,306.7148,274.47037,297.25037,292.11914,294.72836,296.41647,334.8412,-148463.28,13771.523,9040.28,-76362.88,3100.0,525.8227,209515.22,2441.6445,24254.262,169146.22,37250.02,-10.705517,6485.9453,62961.387,5032.516
568,1991-06-05,320.60504,333.46768,325.13165,324.24118,272.13916,338.1402,325.71695,290.53226,292.53482,304.81558,251.40169,321.50928,332.223,328.34875,344.5211,332.04138,324.32666,321.65726,322.51715,307.06628,274.46466,297.48944,292.10324,294.84778,296.4363,334.8314,-148925.42,14581.305,8690.149,-76682.03,3100.0,422.9107,203030.3,2436.4548,25222.22,170247.2,38407.0,-19.510687,6341.6396,63049.168,4742.8228
569,1991-06-12,320.6922,333.45807,325.1265,324.241,272.15527,338.33926,325.72717,290.96747,292.51157,304.71417,251.48097,321.5718,332.12155,328.33954,344.30142,332.09225,324.4137,321.74527,322.51254,306.98367,274.46274,297.56543,292.0928,294.9144,296.4738,334.82706,-152882.44,12172.646,7844.194,-78347.77,3100.0,447.20453,195958.16,2444.8965,24938.578,170894.34,36036.86,-28.129791,6199.8926,63426.402,4743.5815
570,1991-06-19,320.78348,333.41272,325.15366,324.29977,272.17532,338.52682,325.76715,291.3871,292.49088,305.1038,251.77887,321.62097,331.968,328.34805,344.0391,332.11566,324.4964,321.83118,322.65717,307.2582,274.463,297.7698,292.0856,295.06412,296.5166,334.8321,-145184.88,18447.545,8450.426,-76986.664,3100.0,386.53516,187461.89,2452.2869,25932.787,167249.31,41235.65,-38.133793,6199.1636,63447.76,4578.465
571,1991-06-26,320.8954,333.3367,325.16696,324.33405,272.21375,338.83093,325.84897,291.89758,293.5843,305.64334,252.14848,321.69217,331.78796,328.3317,343.69427,332.11835,324.58582,321.93478,322.7476,307.493,274.4759,298.08926,292.0964,295.25443,296.58267,334.846,-146102.25,18455.617,7295.6606,-78940.14,3100.0,429.42963,176593.55,2473.3044,26501.79,166605.72,41175.51,-54.544186,6075.8496,63859.516,4331.0176
572,1991-07-03,320.9821,333.19913,325.20056,324.39865,272.26367,338.95612,325.91318,292.32318,295.3593,305.58847,251.8028,321.76453,331.55014,328.2625,343.2729,332.0692,324.6678,322.02487,322.82468,307.46765,274.4828,298.04648,292.0996,295.46313,296.66476,334.8559,-137121.39,25060.986,7876.1196,-76958.89,3100.0,443.33664,164835.38,2484.0264,26474.234,159569.2,45866.133,-42.142105,6130.041,63957.668,4560.121
573,1991-07-10,321.0461,332.9911,325.09634,324.29855,272.30066,338.85815,325.92365,292.50555,295.18427,305.2162,251.40317,321.83304,331.10425,328.08572,342.80844,331.95572,324.72574,322.08783,322.69214,307.3317,274.47458,297.85266,292.0827,295.53784,296.7554,334.8553,-144917.88,19337.803,6225.9917,-81008.6,3100.0,447.98682,152029.44,2498.4644,25790.283,158725.39,40699.727,-22.603333,6087.899,64595.133,4749.19
574,1991-07-17,321.07782,332.71097,324.87668,324.08942,272.29117,338.6797,325.89664,292.52582,294.55487,304.71643,251.08154,321.83493,330.63083,327.82864,342.3104,331.77417,324.74475,322.1076,322.51477,307.20813,274.45715,297.62817,292.05396,295.5116,296.82742,334.84824,-146162.94,16356.554,6177.1167,-81057.875,3100.0,115.69594,140041.19,2505.656,25224.77,156123.39,37673.625,-17.656704,6081.8755,65121.383,5000.958
575,1991-07-24,321.18283,332.40805,324.6581,323.8948,272.2919,338.81485,325.9242,292.76016,299.08533,305.67496,251.9109,321.80194,330.09607,327.62918,341.78403,331.58923,324.74008,322.16794,322.4672,307.5857,274.45676,298.0593,292.05,295.5357,296.88837,334.85303,-147378.44,12486.623,3902.3022,-85757.66,3100.0,741.7292,126221.61,2533.5017,26270.96,155949.55,36023.41,1.7076988,5909.801,65297.43,4162.962
576,1991-07-31,321.23453,332.05887,324.4958,323.76624,272.3094,338.97614,325.9796,292.9882,300.75922,305.51575,251.64801,321.76373,329.53955,327.34732,341.20636,331.34915,324.729,322.19693,322.36615,307.4239,274.45972,298.0783,292.05185,295.61423,296.94547,334.8602,-136972.05,18046.9,4944.8027,-82069.89,3100.0,392.66293,111947.87,2561.5203,25818.717,146994.12,39393.926,25.045551,5912.071,65371.406,4521.7026
577,1991-08-07,321.27432,331.65146,324.26727,323.55936,272.33484,339.1068,326.0249,293.09024,303.9488,305.74945,251.86981,321.7226,328.94818,327.04074,340.64084,331.09332,324.695,322.2084,322.2207,307.50943,274.46097,298.76184,292.05246,295.6688,297.0045,334.86612,-137762.83,14954.225,3524.308,-85039.2,3100.0,585.7967,98899.96,2585.3464,25886.275,143560.47,36976.555,44.96724,5875.2144,65639.07,4286.1724
578,1991-08-14,321.62662,331.4218,324.21008,323.52548,272.44498,340.45428,326.3729,293.9884,339.33636,310.04932,255.12463,321.71713,329.04813,327.169,340.41217,330.96658,324.6912,322.44214,322.57867,309.082,274.54382,301.29065,292.16776,295.99356,297.12128,334.92905,-144436.02,7548.187,-6476.982,-103317.92,3100.0,1500.0,98877.695,2700.4426,30817.812,153839.14,37172.51,183.40437,5226.0117,65425.55,757.0381
579,1991-08-21,322.16962,331.5097,324.4518,323.78152,272.66428,343.11185,327.20795,295.75714,393.1917,313.79178,257.52438,321.8298,329.6139,327.53363,340.7276,331.03876,324.80655,322.8591,323.06625,310.26025,274.72977,304.27362,292.42822,296.59406,297.35574,335.06442,-149959.98,4560.4424,-18101.348,-119711.43,255.4448,255.4448,111067.4,2846.987,34501.895,163510.48,38503.867,466.95074,4010.0469,66005.81,-1973.2933
580,1991-08-28,322.0925,331.53232,324.52017,323.8089,272.7461,343.97668,327.8162,296.19046,376.46472,308.6294,253.36922,321.92584,329.50232,327.1972,341.10876,330.9734,324.92664,322.85416,322.5002,308.05237,274.8212,303.32565,292.55923,296.68597,297.58917,335.13467,-140830.48,15225.598,-7056.16,-96062.69,3100.0,1500.0,118842.945,3502.4314,26599.494,145841.22,35242.918,325.28693,3834.5322,68674.664,3757.3665
581,1991-09-04,321.86563,331.40793,324.3158,323.57593,272.708,343.4354,327.82315,295.4817,341.56204,306.35934,252.06944,321.8706,329.37296,326.98853,341.3263,330.74142,324.88348,322.67477,322.2137,307.7769,274.81406,302.44354,292.5546,296.5073,297.71744,335.13614,-141572.08,12631.922,-3187.5276,-93123.01,3100.0,1500.0,125506.195,3471.9824,25312.105,144428.42,31990.045,138.89452,4648.9473,69471.33,4812.6885
582,1991-09-11,321.69852,331.27927,324.05768,323.28278,272.62943,342.82715,327.69662,294.71634,322.39633,304.92667,251.36824,321.7611,329.2167,326.76318,341.4347,330.53793,324.78818,322.52084,321.849,307.35666,274.79584,301.69675,292.53653,296.21823,297.78662,335.12973,-149712.89,3043.3418,-1395.1886,-92616.14,3100.0,1500.0,129280.24,3347.123,23521.67,147181.27,23463.367,61.219376,5036.145,70102.92,5399.3896
583,1991-09-18,321.81763,331.28613,323.9622,323.18506,272.61362,343.19025,327.76172,294.65103,338.46814,307.9391,253.8907,321.6494,329.4861,326.927,341.71182,330.51486,324.70395,322.56497,322.05356,308.4875,274.83426,303.13223,292.59998,296.16718,297.83997,335.16275,-154611.39,-3870.083,-7118.0376,-103952.875,255.4448,255.4448,139123.28,3301.6843,27092.062,158318.0,23253.662,106.94704,4880.749,69446.12,2664.5303
584,1991-09-25,321.70517,331.33713,323.8996,323.0893,272.57715,343.22748,327.86206,294.2337,330.56067,305.35156,251.90561,321.56738,329.4561,326.7329,342.06516,330.46753,324.66214,322.47876,321.6439,307.1436,274.8559,302.59744,292.64374,295.95026,297.87823,335.18423,-152909.94,-3207.4492,-3073.0603,-92933.82,3100.0,1500.0,148577.55,3352.4585,22639.398,152290.83,17887.31,82.14769,4942.276,70106.55,5118.3013
585,1991-10-02,321.50095,331.31888,323.79288,322.97763,272.51157,342.68546,327.72864,293.06152,314.18927,304.1376,251.33311,321.433,329.37234,326.63742,342.21475,330.35068,324.56006,322.3014,321.51715,306.95404,274.83176,301.82022,292.62735,295.7017,297.84866,335.17368,-144668.25,1071.9675,576.9758,-87768.03,3100.0,1500.0,151530.69,3272.5342,22326.412,148536.3,21580.58,24.925552,5665.2964,69397.734,5461.0312
586,1991-10-09,321.35114,331.265,323.73456,322.9219,272.4762,342.22552,327.5764,291.8124,306.69437,303.88248,251.21373,321.322,329.2417,326.55676,342.1683,330.2617,324.4534,322.16632,321.43112,306.81027,274.8078,301.2962,292.6148,295.54507,297.80185,335.1631,-141250.94,2503.8198,2080.9417,-85848.95,3100.0,1500.0,149419.58,3160.5398,22056.775,146124.97,22895.455,-4.4611664,6241.9443,68710.43,5496.137
587,1991-10-16,321.24582,331.19336,323.6501,322.8287,272.43768,341.8128,327.43042,290.80066,302.55597,303.6729,251.1418,321.22546,329.17435,326.47504,342.1604,330.19888,324.3558,322.0623,321.31155,306.66217,274.78406,301.3,292.6059,295.3612,297.74966,335.15247,-143280.47,-804.3579,1684.1392,-86154.14,3100.0,1500.0,150658.62,3079.6829,21541.33,146741.72,19711.176,-15.747902,6508.341,68326.055,5513.196
588,1991-10-23,321.14008,331.15247,323.56354,322.7289,272.38846,341.46594,327.30225,289.85135,299.89523,303.44653,251.12042,321.12582,329.15533,326.40286,342.32315,330.11295,324.26462,321.9592,321.18228,306.45993,274.76047,301.0666,292.60028,295.14017,297.68362,335.14188,-144148.2,-3346.976,1365.8177,-85299.75,3100.0,1500.0,157534.9,3018.1912,20860.846,147056.23,17001.44,-28.730873,6763.456,67820.49,5505.078
589,1991-10-30,321.01642,331.1574,323.537,322.6953,272.34494,341.19296,327.19135,288.50363,298.1644,303.3557,251.08228,321.02664,329.24152,326.38098,342.60294,330.03992,324.1761,321.84775,321.1172,306.29095,274.73706,300.71283,292.59747,294.96515,297.6018,335.13123,-140448.6,-1147.676,2654.7842,-83753.414,3100.0,1500.0,167442.84,2964.2378,20589.916,145401.5,19064.672,-36.692978,7274.652,67168.85,5524.074
590,1991-11-06,320.86972,331.20157,323.55453,322.70364,272.31396,340.9491,327.0937,287.26614,296.99106,303.35287,251.07515,320.9471,329.3156,326.37646,342.86194,329.99908,324.09253,321.7228,321.06564,306.1268,274.71384,300.39,292.5968,294.8391,297.5169,335.1206,-137671.55,899.9096,3596.4006,-82287.695,3100.0,1500.0,174864.44,2917.1006,20198.357,143658.06,20782.674,-32.726654,7623.0005,66508.055,5513.275
591,1991-11-13,320.7576,331.26074,323.5722,322.71054,272.29053,340.7035,327.00647,286.62344,296.25116,303.32697,251.10312,320.88245,329.4266,326.40503,343.01096,329.9958,324.0129,321.6227,321.03772,306.04932,274.69073,300.12195,292.59763,294.72287,297.4344,335.10995,-137778.25,476.349,3756.0273,-81366.28,3100.0,1500.0,177516.22,2878.7256,20033.924,144400.83,20577.098,-36.389145,7724.118,65933.61,5451.823
592,1991-11-20,320.64386,331.3065,323.5921,322.73022,272.27414,340.472,326.92752,286.2027,295.6363,303.34314,251.12633,320.82864,329.42722,326.40976,343.07816,330.01306,323.9434,321.5267,321.02298,305.9531,274.6678,299.8922,292.5994,294.6394,297.3527,335.09927,-134966.44,2818.1465,4739.3193,-80024.25,3100.0,1284.7114,178812.4,2844.588,19960.855,142698.92,22760.07,-34.085747,7827.057,65346.812,5414.2603
593,1991-11-27,320.52563,331.33176,323.5832,322.71646,272.25537,340.2512,326.85547,285.8926,295.22415,303.30853,251.09726,320.78452,329.39566,326.39615,343.11688,330.02872,323.8806,321.43082,320.97037,305.81946,274.64496,299.6703,292.60144,294.54346,297.27524,335.0886,-136166.33,1575.308,4404.284,-80630.28,3100.0,1071.9774,179948.19,2817.03,19528.068,142612.88,21413.367,-34.644867,7833.369,65059.785,5430.407
594,1991-12-04,320.40857,331.34427,323.56244,322.69492,272.22717,340.0358,326.79,285.64352,294.91016,303.2727,251.07674,320.73834,329.35498,326.37564,343.1625,330.03552,323.8209,321.3352,320.92587,305.70184,274.62256,299.465,292.6037,294.44302,297.1965,335.0781,-135373.62,1829.4585,4634.6074,-80212.21,3100.0,931.9511,181684.92,2792.9822,19236.922,141715.39,21546.262,-36.603745,7832.306,64744.047,5438.5083
595,1991-12-11,320.30756,331.3606,323.57507,322.71085,272.21033,339.8189,326.73004,285.4345,294.6264,303.3221,251.12439,320.69797,329.38617,326.38336,343.23926,330.03717,323.76395,321.25095,320.93182,305.6576,274.60046,299.27698,292.6055,294.39426,297.11716,335.06772,-132039.97,4650.5264,5711.8193,-78173.06,3100.0,929.1263,184227.97,2768.1729,19355.805,140005.66,24371.02,-37.38242,7891.1377,64195.305,5369.408
596,1991-12-18,320.20282,331.38315,323.57806,322.70572,272.19763,339.6028,326.67386,285.26257,294.39487,303.30096,251.11632,320.67032,329.39075,326.37494,343.3176,330.04074,323.71295,321.16656,320.88297,305.53577,274.57852,299.09244,292.60623,294.32532,297.04453,335.05734,-133849.78,3092.0974,5171.188,-78978.49,3100.0,521.0421,186859.19,2748.3806,18867.076,140210.88,22642.412,-36.580055,7863.5737,63981.695,5371.618
597,1991-12-25,320.0878,331.39764,323.55063,322.67276,272.16864,339.38538,326.62064,285.10797,294.22397,303.21152,251.05444,320.63525,329.34885,326.34973,343.3691,330.04312,323.66174,321.07474,320.81912,305.39502,274.55667,298.9165,292.60547,294.21664,296.9708,335.04697,-134752.89,1793.6238,4680.5796,-79561.625,3100.0,362.84976,188612.23,2732.4863,18358.87,140106.0,21022.553,-38.08697,7802.995,63855.645,5420.2505
598,1992-01-01,319.9683,331.40744,323.52838,322.64996,272.13397,339.16217,326.5697,284.9601,294.0518,303.22134,250.99887,320.59537,329.3339,326.33105,343.45117,330.04034,323.60797,320.97876,320.78244,305.29062,274.53494,298.77786,292.60294,294.12274,296.89084,335.03656,-133194.9,2642.5483,5133.4575,-79004.05,3100.0,730.16895,191765.92,2714.0427,18127.71,139056.27,21793.113,-38.974678,7799.8447,63622.297,5453.493
599,1992-01-08,319.85715,331.4353,323.5578,322.6823,272.10965,338.93488,326.52048,284.82614,293.89886,303.26978,250.95721,320.56488,329.40475,326.34946,343.5905,330.03925,323.5542,320.88998,320.7977,305.2538,274.5133,298.64572,292.59845,294.09805,296.81055,335.02615,-128825.2,6567.5376,6660.2896,-77708.11,3100.0,333.86234,196418.94,2693.5872,18334.361,136776.34,25732.66,-37.16089,7869.661,63271.895,5465.672
600,1992-01-15,319.76752,331.4883,323.6072,322.7251,272.09305,338.71124,326.47275,284.71762,293.75223,303.32095,250.93141,320.55356,329.51245,326.3923,343.70392,330.05447,323.50613,320.81723,320.80917,305.22797,274.4918,298.4958,292.59183,294.08728,296.74066,335.01575,-128976.88,6948.03,6780.442,-77660.055,3100.0,185.796,199272.9,2675.9275,18290.174,137000.75,26180.992,-34.963226,7897.044,63085.098,5458.9004
601,1992-01-22,319.67004,331.53452,323.65186,322.77072,272.07788,338.50046,326.42612,284.62708,293.606,303.37393,250.90848,320.5502,329.52505,326.41623,343.7437,330.08252,323.4651,320.74426,320.82336,305.17673,274.4704,298.3571,292.58298,294.08685,296.67886,335.0053,-127340.11,8929.439,7416.976,-77098.47,3100.0,327.2565,200001.55,2659.165,18245.895,135671.9,28005.1,-33.622414,7938.915,62889.86,5461.78
602,1992-01-29,319.57336,331.56262,323.67172,322.78912,272.06412,338.2958,326.3802,284.55206,293.46558,303.39432,250.89471,320.5523,329.52316,326.42468,343.7626,330.10864,323.42807,320.6716,320.81433,305.12363,274.44907,298.22424,292.5718,294.0772,296.6242,334.99487,-127866.8,8831.28,7318.4155,-77151.11,3100.0,108.959724,200492.72,2644.4077,18052.275,135328.34,27811.41,-33.24258,7940.261,62775.605,5452.6045
603,1992-02-05,319.4958,331.588,323.68726,322.80444,272.05103,338.09402,326.33453,284.48486,293.37634,303.40997,250.89568,320.552,329.55966,326.4427,343.78806,330.13058,323.39258,320.61005,320.82236,305.11758,274.42786,298.0953,292.55838,294.0666,296.57275,334.9844,-127216.03,9500.186,7599.1216,-76638.836,3100.0,167.19537,201121.58,2629.9438,18089.508,135102.4,28561.46,-31.740475,7953.722,62603.68,5420.996
604,1992-02-12,319.4465,331.62784,323.76898,322.8974,272.06186,337.90366,326.2889,284.4272,293.29147,303.58633,250.9829,320.56207,329.67422,326.50983,343.85956,330.1554,323.36206,320.57068,320.92914,305.22195,274.4067,297.98026,292.54263,294.14902,296.52576,334.97397,-120848.66,15561.529,9476.557,-73640.945,3100.0,48.855316,203253.45,2609.2485,18747.555,132646.16,34650.086,-29.714201,8099.542,62073.984,5301.0215
605,1992-02-19,319.39737,331.68768,323.84534,322.9664,272.0838,337.7328,326.24332,284.39786,293.19855,303.67136,250.98997,320.5975,329.77728,326.56674,343.9617,330.1912,323.3444,320.53848,320.95502,305.2143,274.38568,297.8728,292.5247,294.21487,296.49658,334.9635,-123796.19,14458.418,8886.2295,-75307.0,3100.0,139.64209,206395.8,2594.096,18607.14,133614.27,33519.633,-29.5572,8119.0225,62106.777,5287.09
606,1992-02-26,319.38504,331.76266,323.90793,323.02396,272.08905,337.57565,326.19754,284.37796,293.10522,303.69922,250.96004,320.62805,329.94553,326.64932,344.00983,330.24454,323.33273,320.5256,321.01675,305.3132,274.36475,297.75928,292.50455,294.25644,296.47537,334.953,-124295.09,14685.887,8956.581,-75655.88,3100.0,165.58737,206396.28,2581.3281,18901.021,135223.23,34043.383,-26.621881,8145.3364,62172.383,5275.16
607,1992-03-04,319.4211,331.83694,323.9934,323.11017,272.0952,337.44687,326.15225,284.36365,293.01663,303.79108,250.96805,320.66367,330.10287,326.7485,343.9697,330.31656,323.33148,320.5494,321.1212,305.46933,274.34415,297.65674,292.48276,294.3208,296.45807,334.94272,-123643.81,16172.917,9324.24,-75111.836,2925.7585,0.0,203302.66,2565.9895,19499.31,136507.47,35848.355,-25.311262,8207.552,62135.156,5224.3916
608,1992-03-11,319.4899,331.89435,324.04025,323.1503,272.09872,337.3583,326.10733,284.35715,292.93384,303.7776,250.98627,320.7058,330.1991,326.81885,343.8763,330.39432,323.34576,320.59897,321.16592,305.56424,274.32388,297.55258,292.45926,294.34116,296.44763,334.93256,-128678.36,12907.066,8492.33,-76088.94,2817.136,0.0,199132.77,2555.1768,19697.254,140008.7,33286.527,-26.434223,8178.0586,62264.63,5170.7505
609,1992-03-18,319.5384,331.93115,324.07434,323.1904,272.09583,337.3069,326.06195,284.3443,292.85596,303.78732,250.95511,320.73782,330.22482,326.86075,343.84244,330.4581,323.3694,320.63965,321.22302,305.61652,274.30368,297.47025,292.43393,294.3635,296.43555,334.9224,-127728.08,14315.196,8878.568,-75917.46,2851.964,0.0,198614.6,2542.01,19971.316,139971.73,34637.617,-26.98785,8205.203,62304.227,5180.5576
610,1992-03-25,319.62253,331.9878,324.1467,323.26605,272.1015,337.27225,326.01596,284.33298,292.78595,303.87738,250.95636,320.7762,330.42465,326.95895,343.85965,330.517,323.3977,320.70166,321.33734,305.7983,274.28357,297.40564,292.40686,294.4277,296.42563,334.9122,-126677.34,15939.147,9336.898,-75148.18,3100.0,90.92406,198459.88,2524.9043,20656.016,141419.39,36675.89,-25.354097,8276.636,62238.6,5126.9463
611,1992-04-01,319.74234,332.07205,324.2198,323.32843,272.10632,337.26004,325.96964,284.3306,292.72217,303.88162,250.95203,320.82428,330.65546,327.0673,343.8936,330.59247,323.4378,320.79218,321.41278,305.9375,274.26352,297.33047,292.37827,294.45923,296.42355,334.902,-131390.08,13236.618,8662.405,-76229.336,3100.0,59.41596,198455.1,2512.1985,21049.342,145679.72,34711.65,-23.404938,8270.977,62393.89,5088.343
612,1992-04-08,319.8579,332.17032,324.32544,323.43918,272.1132,337.2819,325.92322,284.48386,292.66235,303.9704,250.94931,320.8726,330.85428,327.18976,343.95947,330.68268,323.48886,320.88626,321.55356,306.0959,274.2436,297.26755,292.34824,294.52994,296.42267,334.8918,-128640.08,16627.348,9600.66,-74912.47,3100.0,78.14698,199723.64,2495.2397,21749.904,146307.55,38171.4,-20.678112,8256.418,62307.996,5054.7866
613,1992-04-15,319.94635,332.2771,324.44333,323.558,272.13498,337.3261,325.87692,284.8985,292.61023,304.0885,250.97664,320.94098,331.01312,327.3033,344.033,330.78232,323.55148,320.96857,321.66907,306.19876,274.22372,297.20953,292.317,294.6296,296.43115,334.8816,-129043.55,18072.47,9723.716,-74610.15,3100.0,136.03496,201101.53,2477.606,22102.773,147246.23,39510.83,-16.44608,8176.807,62291.02,5007.205
614,1992-04-22,320.03824,332.3893,324.5252,323.63406,272.14877,337.37204,325.83124,285.5831,292.5631,304.1175,250.91989,321.0123,331.19644,327.414,344.0818,330.89108,323.61887,321.05078,321.75406,306.3221,274.20395,297.1477,292.28467,294.6985,296.4493,334.87137,-132487.61,16620.045,9319.366,-76356.34,3100.0,78.14698,200995.06,2464.8418,22411.281,150359.27,38483.297,-8.753254,7891.5005,62619.6,5028.083
615,1992-04-29,320.14246,332.49506,324.5695,323.6711,272.14328,337.4223,325.78638,286.76593,292.51694,304.05353,250.89339,321.07083,331.32782,327.50912,344.068,331.00604,323.68854,321.1431,321.80774,306.4089,274.1843,297.08688,292.25146,294.7168,296.4684,334.86115,-137699.0,13478.116,8519.261,-77260.84,3100.0,182.92769,198955.19,2455.708,22654.213,154453.44,35879.324,-9.006271,7403.26,62953.914,5016.64
616,1992-05-06,320.22586,332.56583,324.57413,323.67303,272.12808,337.48203,325.74234,287.90616,292.46906,303.9533,250.88005,321.1116,331.33472,327.55194,343.9614,331.11084,323.75903,321.2197,321.82565,306.42938,274.1647,297.0339,292.21753,294.697,296.4804,334.8509,-141391.3,11040.965,7995.922,-77700.5,3100.0,59.32904,194636.8,2446.5288,22685.85,156996.3,33690.95,-7.2207985,7024.33,63185.426,5008.6055
617,1992-05-13,320.29288,332.58603,324.54547,323.64786,272.1133,337.5392,325.6991,288.71158,292.41916,303.86456,250.90695,321.135,331.2582,327.5551,343.77493,331.1882,323.82278,321.28162,321.83136,306.4468,274.14523,297.05438,292.18307,294.6604,296.48233,334.84064,-143334.89,9362.072,7766.2974,-77305.09,3100.0,110.74156,188258.52,2435.601,22745.25,158371.1,32285.797,-5.443466,6759.2246,63207.14,4961.705
618,1992-05-20,320.36185,332.5694,324.5476,323.67358,272.1174,337.65488,325.66064,289.41928,292.3697,304.5726,251.06938,321.15527,331.15454,327.58276,343.59015,331.22916,323.87982,321.34543,321.96506,306.6584,274.13052,297.16205,292.15475,294.72147,296.47772,334.83038,-139784.6,12374.809,8391.218,-75949.08,3100.0,621.08575,182428.3,2412.0981,23550.34,158044.72,35720.37,-13.903545,6678.706,63089.47,4827.812
619,1992-05-27,320.42087,332.54218,324.56946,323.7046,272.13382,337.72253,325.62955,290.00946,292.32544,304.2545,250.95755,321.19446,331.1093,327.5655,343.52832,331.23947,323.93936,321.40637,321.96637,306.60498,274.115,297.08902,292.12485,294.79236,296.48434,334.8201,-137813.56,14427.933,8743.204,-76580.72,3100.0,212.56703,181427.11,2404.6787,23561.127,155375.27,37092.227,-15.837929,6501.1206,63148.133,4906.7705
620,1992-06-03,320.46442,332.5217,324.59488,323.73645,272.1483,337.73114,325.59424,290.39,292.28778,304.15976,250.92389,321.23254,331.08154,327.56815,343.4849,331.2337,323.9896,321.4519,322.0066,306.64474,274.09598,296.99393,292.08978,294.86032,296.49957,334.8098,-136347.39,16082.674,8934.521,-75935.38,3100.0,48.811855,180211.28,2395.705,23726.691,154169.73,38304.137,-12.274673,6482.18,63129.66,4903.212
621,1992-06-10,320.5097,332.48212,324.57553,323.71777,272.1565,337.73627,325.55884,290.6733,292.2563,304.11484,250.90526,321.267,330.9554,327.5384,343.2899,331.22336,324.03317,321.4951,321.99075,306.66296,274.0771,296.92892,292.05478,294.88766,296.52008,334.79974,-139853.14,13494.612,8334.677,-77429.18,3100.0,76.19131,173277.36,2385.919,23659.441,155059.92,36060.684,-11.656332,6380.0557,63380.79,4905.7207
622,1992-06-17,320.59305,332.38568,324.57483,323.7572,272.1751,338.06314,325.5704,291.16553,292.23047,305.19724,251.65765,321.2954,330.6369,327.51904,342.83255,331.2142,324.07642,321.5599,322.16904,307.18698,274.08075,297.38348,292.05124,295.05396,296.5451,334.79813,-132404.27,19141.516,8622.125,-76793.875,3100.0,164.71819,157658.05,2388.634,25276.064,152063.48,41286.484,-23.132273,6285.8125,63394.43,4452.6445
623,1992-06-24,320.6884,332.21222,324.53793,323.74985,272.21658,338.5179,325.66086,291.772,292.21597,305.71786,252.11867,321.34998,330.21094,327.41718,342.2355,331.17413,324.13858,321.64594,322.2106,307.32358,274.1022,297.81024,292.07257,295.2575,296.60342,334.8109,-132251.94,19393.164,7510.661,-78652.84,3100.0,241.46756,140408.8,2415.815,25589.62,149268.58,41167.633,-41.236774,6114.123,63807.184,4218.24
624,1992-07-01,320.72485,331.9207,324.47095,323.72577,272.26343,338.51816,325.69788,292.106,292.21417,305.06204,251.23138,321.39615,329.6696,327.1884,341.57684,331.03183,324.18387,321.69272,322.16638,307.02896,274.10077,297.5549,292.06235,295.42633,296.67526,334.81317,-120768.586,26782.52,8476.891,-75902.81,3100.0,78.929245,123166.99,2419.0498,24815.166,138071.97,45983.227,-37.381233,6230.4497,63818.703,4740.491
625,1992-07-08,320.90424,331.6196,324.3474,323.62155,272.33783,338.92715,325.8154,292.5985,297.47513,307.10202,252.80437,321.4527,329.22647,327.08646,341.02023,330.89728,324.21426,321.8196,322.24734,307.839,274.12253,298.59268,292.0847,295.62622,296.77606,334.8316,-131702.0,17569.324,2630.4014,-88490.61,3100.0,1500.0,109039.914,2491.3616,26955.19,142873.86,41319.996,-16.267395,5950.1787,64215.86,3099.6343
626,1992-07-15,320.99918,331.32526,324.15958,323.44153,272.37115,339.38165,325.98926,293.02863,304.54352,306.59717,252.29236,321.4734,328.88406,326.81622,340.69388,330.6942,324.24997,321.89255,322.03137,307.4526,274.15237,298.73172,292.1192,295.70715,296.89093,334.85593,-132841.14,15539.274,2154.0803,-87369.01,3100.0,554.98395,105252.88,2587.7815,25473.121,139104.81,37592.14,49.772972,5707.8477,65232.516,3843.6016
627,1992-07-22,321.089,331.06976,323.99002,323.27274,272.3883,339.7685,326.14252,293.40277,314.83762,306.9264,252.70665,321.44113,328.75534,326.671,340.56714,330.48178,324.24762,321.94385,321.95905,307.70807,274.17944,299.31482,292.15073,295.75735,296.98956,334.8784,-133922.53,12315.063,317.27893,-90866.85,3100.0,1500.0,105974.58,2672.2056,26031.336,140005.73,35611.344,107.312256,5522.64,65733.07,3390.996
628,1992-07-29,321.2051,330.91742,323.9714,323.26782,272.43982,340.36212,326.3551,293.88712,325.35132,307.7318,253.17403,321.4195,328.75043,326.6337,340.60657,330.32794,324.24408,322.02133,322.0304,307.96536,274.22342,300.30457,292.20688,295.92392,297.0928,334.91275,-127265.49,15969.75,-897.27136,-91351.68,3100.0,1500.0,108945.31,2748.4343,26815.674,137744.69,39064.223,161.99248,5397.282,65862.66,2998.0732
629,1992-08-05,321.26367,330.8319,323.95502,323.23636,272.49252,340.83606,326.55902,294.18973,329.70667,307.45786,252.95255,321.4231,328.77252,326.55994,340.75592,330.19394,324.2456,322.06314,321.93112,307.82056,274.26413,300.76303,292.25974,296.02707,297.20636,334.945,-130403.02,13813.051,-1687.9707,-92343.31,3100.0,1500.0,114238.91,2842.1208,26074.041,137541.39,36097.426,177.88684,5256.4707,66572.57,3351.1216
630,1992-08-12,321.41962,330.8606,323.9899,323.26172,272.5588,341.63095,326.83163,294.6792,343.4788,308.89236,254.09818,321.42795,329.07648,326.69565,341.01517,330.16428,324.2512,322.1695,322.08136,308.44354,274.32693,301.86545,292.34485,296.19046,297.3339,334.9928,-134251.47,10420.703,-5701.721,-99312.59,3100.0,1500.0,122258.28,2934.5752,27822.94,143676.4,35509.816,215.70096,4942.0938,66860.16,2128.173
631,1992-08-19,321.4466,330.92734,324.0709,323.3327,272.61172,342.16605,327.08008,295.01193,342.30682,307.7584,253.07869,321.4489,329.18948,326.67365,341.2846,330.1405,324.27484,322.20163,321.9963,307.92636,274.37775,301.75467,292.4151,296.29813,297.46408,335.03247,-128860.625,15456.298,-3252.653,-93137.42,3100.0,1500.0,128046.92,3062.177,26007.754,138874.02,36583.637,195.1417,4841.686,67620.59,3471.7393
632,1992-08-26,321.4266,330.95963,324.10153,323.35684,272.64746,342.341,327.1977,295.02377,336.28195,307.2999,252.81592,321.4566,329.2404,326.68497,341.42636,330.1043,324.2732,322.18805,321.98956,307.94055,274.40433,301.5064,292.45367,296.36154,297.57535,335.05533,-127776.4,16366.549,-2547.9766,-92681.14,3100.0,1500.0,130259.3,3104.9363,25817.22,138248.33,36842.45,148.9908,4973.76,67993.664,3705.5034
633,1992-09-02,321.37332,330.93866,324.03613,323.2809,272.655,342.34842,327.25082,294.7676,329.29956,306.56686,252.31244,321.4516,329.04828,326.58615,341.3667,330.06793,324.26227,322.1482,321.8352,307.67102,274.42102,301.14548,292.48087,296.3333,297.67374,335.0713,-132330.84,12999.346,-1936.0582,-92814.07,3100.0,1500.0,126398.45,3116.956,24663.068,138151.8,32950.617,108.10896,5135.218,68694.07,4258.5234
634,1992-09-09,321.2458,330.8007,323.7675,322.99396,272.59155,341.95905,327.18768,294.17267,316.8318,304.88016,251.32358,321.38007,328.63068,326.31305,341.1621,329.9647,324.21808,322.03897,321.45596,307.08978,274.4125,300.58252,292.47568,296.0841,297.7295,335.06967,-140544.47,3881.922,-464.59796,-91459.516,3100.0,1500.0,120406.08,3093.1125,22413.12,138683.8,23835.883,51.53563,5308.138,69494.7,5189.4023
635,1992-09-16,321.11948,330.5795,323.47125,322.7031,272.50436,341.43967,327.0493,293.53595,307.53708,304.0691,251.04333,321.23822,328.26978,326.0594,340.91156,329.80444,324.1284,321.91223,321.21933,306.89493,274.39093,300.27573,292.45517,295.80148,297.72266,335.0588,-137005.0,2104.0645,1029.7317,-88374.836,3100.0,1500.0,115523.34,3010.8213,21844.951,136550.47,22146.555,10.763634,5565.258,69237.516,5322.283
636,1992-09-23,321.00223,330.32092,323.21994,322.4507,272.4346,341.0157,326.9098,292.81995,302.81854,303.6829,250.96667,321.0847,327.86136,325.7967,340.62445,329.60617,324.02103,321.79068,320.97855,306.65634,274.36954,300.05405,292.43777,295.52695,297.67795,335.0479,-136252.62,-1418.1299,1000.9436,-87344.85,3100.0,1500.0,109652.95,2926.3289,21051.158,134685.89,18550.77,-1.1782761,5776.9424,68800.02,5339.082
637,1992-09-30,320.87054,330.01334,323.00412,322.26062,272.38556,340.67465,326.78305,291.8143,300.01367,303.55777,250.9504,320.92957,327.341,325.51614,340.2963,329.36646,323.902,321.65857,320.81613,306.48477,274.34833,299.85892,292.4234,295.33936,297.60724,335.03702,-127030.01,2611.1724,3119.3809,-84219.92,3100.0,1500.0,102503.9,2854.266,20932.32,127753.98,22295.402,-12.155426,6225.8057,67965.79,5315.5596
638,1992-10-07,320.74304,329.66293,322.81058,322.08728,272.35992,340.39148,326.67233,290.6773,298.2355,303.53812,250.94916,320.79346,326.8596,325.22952,339.9556,329.10315,323.77576,321.53067,320.65057,306.3316,274.32727,299.87537,292.4117,295.21466,297.5328,335.02612,-121560.24,4105.813,3950.8276,-83036.766,3100.0,1500.0,95205.59,2794.8608,20700.69,121922.81,23593.37,-20.959229,6643.2744,67293.42,5287.419
639,1992-10-14,320.63974,329.30966,322.60284,321.88028,272.328,340.15347,326.5777,289.75125,297.02008,303.40887,250.9162,320.66342,326.49673,324.9507,339.6664,328.81332,323.64423,321.41547,320.43973,306.16382,274.30634,299.92053,292.40225,295.0494,297.46033,335.0152,-121340.27,923.28564,3122.9788,-83709.56,3100.0,1500.0,90679.24,2752.3684,20142.855,119339.9,20320.91,-29.269943,6805.1665,66944.39,5292.0767
640,1992-10-21,320.52396,329.01642,322.41003,321.67746,272.28354,339.96646,326.49774,288.88055,296.26648,303.21567,250.91052,320.52356,326.3458,324.7147,339.59982,328.54102,323.5062,321.2894,320.2183,305.9342,274.28555,300.27988,292.39456,294.8383,297.37906,335.00427,-119954.83,-1507.3298,2450.9265,-83085.42,3100.0,1500.0,96704.77,2719.7925,19380.93,117236.016,17443.416,-36.859455,6981.1704,66474.4,5283.1187
641,1992-10-28,320.59738,329.00076,322.43933,321.69363,272.30508,340.6029,326.62204,288.1114,314.5448,306.37616,253.20596,320.4198,326.84442,324.9127,340.0093,328.4222,323.39093,321.30112,320.4534,306.9179,274.31613,301.6879,292.45947,294.8735,297.32306,335.0291,-121163.5,-3163.269,-1798.8401,-93357.89,3100.0,1500.0,115576.43,2798.786,22532.514,124388.2,21137.064,24.668438,7112.8545,65567.9,3013.1445
642,1992-11-04,320.4426,329.07278,322.51035,321.74258,272.30664,340.91888,326.76434,287.21994,311.4962,304.4919,251.59203,320.36197,326.86374,324.76907,340.50858,328.3055,323.31247,321.18433,320.15924,305.74194,274.3329,301.24863,292.50623,294.80765,297.28662,335.0445,-115490.984,2251.2092,1796.1715,-83993.555,3100.0,1500.0,125697.48,2860.921,19008.633,115724.53,20992.07,53.24312,7309.729,65837.1,4989.448
643,1992-11-11,320.24155,329.1068,322.48544,321.69196,272.27344,340.6678,326.7298,286.519,302.5507,303.5107,251.1353,320.2731,327.04697,324.75443,340.91464,328.17438,323.1927,321.0078,320.05325,305.61493,274.31198,300.7352,292.50098,294.6453,297.22314,335.03357,-113804.484,2192.4197,3049.031,-81606.78,3100.0,1500.0,135392.12,2831.8303,18611.9,115643.48,20744.318,14.0261,7538.915,65400.902,5240.626
644,1992-11-18,320.07312,329.2093,322.52002,321.71426,272.2522,340.43555,326.66907,286.06766,299.1809,303.59647,251.05516,320.19363,327.24512,324.80737,341.3424,328.14496,323.0721,320.86038,320.03925,305.5213,274.2912,300.66074,292.49612,294.55048,297.1523,335.02264,-110898.21,4407.836,4341.0127,-79817.21,3100.0,1500.0,146963.16,2777.99,18487.383,115328.29,22956.871,-17.176666,7725.7197,64892.965,5266.192
645,1992-11-25,319.9128,329.38077,322.5937,321.75864,272.2309,340.21017,326.6043,285.74863,297.67892,303.5393,250.9925,320.13602,327.58795,324.90732,341.79895,328.1586,322.96545,320.72574,319.99808,305.37204,274.27054,300.4004,292.49155,294.44943,297.08337,335.0117,-112744.58,3174.7642,4172.5654,-80256.35,3100.0,1500.0,159850.17,2741.585,18024.174,117230.08,21612.389,-32.262463,7740.8726,64625.125,5303.1294
646,1992-12-02,319.76007,329.57028,322.6736,321.81873,272.20132,340.0011,326.5427,285.49625,296.76428,303.25763,250.94717,320.08746,327.80634,325.00058,342.1641,328.22748,322.8731,320.59912,319.96432,305.22238,274.25,300.04865,292.48724,294.33444,297.0121,335.00073,-112789.336,3584.557,4619.1685,-79714.06,3100.0,1500.0,167520.03,2718.775,17642.988,117790.24,21728.105,-30.748985,7713.66,64263.777,5325.3037
647,1992-12-09,319.6294,329.75998,322.76672,321.90573,272.1836,339.79834,326.48508,285.286,296.0583,303.24097,251.00044,320.05164,328.0204,325.12238,342.44644,328.33542,322.79443,320.49057,320.0104,305.18472,274.22983,299.74216,292.48346,294.2739,296.93832,334.98996,-110615.2,6364.5234,5857.169,-77591.3,3100.0,1498.1407,173574.92,2694.8909,17765.746,117897.164,24592.977,-33.618427,7779.926,63683.215,5253.9463
648,1992-12-16,319.4995,329.94424,322.8399,321.96463,272.17044,339.5921,326.4306,285.1165,295.49255,303.20914,250.99477,320.03406,328.16806,325.21826,342.6781,328.4665,322.73325,320.38947,320.00375,305.06503,274.20996,299.45816,292.47992,294.1978,296.86996,334.97934,-113626.695,4726.196,5386.07,-78338.266,3100.0,988.7961,178676.6,2674.0854,17287.559,119645.47,22869.19,-33.60847,7757.425,63446.84,5255.312
649,1992-12-23,319.36438,330.10855,322.8748,321.9899,272.14114,339.3749,326.3781,284.96518,295.1047,303.11557,250.9331,320.01492,328.25864,325.29385,342.8553,328.6023,322.68292,320.28723,319.9848,304.92963,274.1902,299.20502,292.47607,294.08286,296.79962,334.9687,-115718.195,3354.5168,4882.466,-78878.26,3100.0,762.45935,182750.7,2657.0732,16796.95,121076.81,21203.549,-34.944916,7699.244,63300.94,5303.5996
650,1992-12-30,319.22958,330.2522,322.90894,322.02063,272.1061,339.1428,326.32715,284.82043,294.79462,303.07327,250.87794,319.99442,328.34598,325.36456,343.00592,328.7304,322.63922,320.18607,319.98914,304.8277,274.1705,298.98523,292.47165,293.98157,296.72223,334.95804,-115250.24,4172.1777,5391.1763,-78285.836,3100.0,550.68146,186555.11,2638.9907,16577.988,121349.75,21978.576,-34.250294,7690.5684,63037.203,5336.347
651,1993-01-06,319.1265,330.393,322.9752,322.083,272.07266,338.89932,326.27753,284.68756,294.51053,303.09528,250.7969,319.98245,328.51904,325.47055,343.16907,328.85114,322.60294,320.10947,320.03677,304.79446,274.15088,298.79172,292.4663,293.91928,296.64273,334.9474,-114923.195,5399.2524,6091.324,-78143.19,3100.0,510.30765,191074.08,2619.9192,16666.871,122261.97,23525.455,-39.916763,7704.3403,62846.883,5384.6113
652,1993-01-13,319.03012,330.53745,323.0648,322.17026,272.04987,338.65738,326.22913,284.57324,294.3124,303.1716,250.81468,319.9865,328.67834,325.57053,343.3037,328.973,322.57864,320.03854,320.0982,304.77957,274.13135,298.6129,292.45978,293.89902,296.56784,334.9367,-113351.77,7942.2173,7094.7026,-76302.875,3100.0,422.8238,194159.88,2600.5405,16773.877,122138.57,26107.365,-32.423733,7769.5786,62437.438,5334.5596
653,1993-01-20,318.94595,330.683,323.1528,322.24973,272.0367,338.425,326.18164,284.47946,294.1471,303.22156,250.8011,320.00293,328.9001,325.68454,343.48413,329.0954,322.56287,319.98123,320.15427,304.77078,274.11188,298.4598,292.45178,293.8842,296.5019,334.92603,-114486.36,8249.811,7237.964,-76462.05,3100.0,407.56952,199513.1,2583.6418,16806.99,123641.28,26562.943,-30.423933,7795.9062,62241.04,5323.783
654,1993-01-27,318.85477,330.85483,323.26093,322.35025,272.0232,338.20648,326.1349,284.40024,293.98245,303.27744,250.78026,320.02686,329.15204,325.81354,343.79514,329.22223,322.55634,319.92532,320.22327,304.73843,274.09244,298.3177,292.4421,293.88364,296.4423,334.91534,-114151.44,10139.097,7878.7847,-75947.875,3100.0,268.02127,209153.03,2567.3018,16839.602,124313.26,28388.04,-29.65989,7839.423,62044.168,5327.3457
655,1993-02-03,318.7664,331.0606,323.375,322.4526,272.01038,337.994,326.08875,284.33447,293.83398,303.3024,250.76788,320.06082,329.39905,325.96527,344.0799,329.36765,322.55814,319.873,320.28665,304.70975,274.0731,298.17822,292.43054,293.87466,296.38922,334.90466,-116487.61,9918.358,7781.388,-76022.39,3100.0,228.99469,216433.64,2552.7043,16732.758,126545.6,28193.965,-29.683107,7842.0503,61930.953,5318.92
656,1993-02-10,318.70242,331.2656,323.48535,322.5572,271.99792,337.7845,326.0429,284.27548,293.6794,303.38046,250.77031,320.09927,329.61984,326.12402,344.23972,329.53546,322.56818,319.83728,320.37985,304.73984,274.0538,298.06195,292.417,293.86804,296.33926,334.89398,-117902.41,10397.44,8026.923,-75537.36,3100.0,268.23856,219106.88,2537.3164,16865.85,128896.97,28942.86,-29.20303,7866.351,61777.234,5288.3066
657,1993-02-17,318.67142,331.44882,323.64453,322.7258,272.00912,337.58664,325.9973,284.2262,293.53583,303.52454,250.8597,320.15274,329.8478,326.2964,344.3169,329.71344,322.58997,319.82855,320.55603,304.8703,274.03455,297.9473,292.40134,293.95435,296.29416,334.88327,-113287.484,16398.842,10018.238,-72554.52,3100.0,390.7942,219507.58,2517.6538,17623.605,128183.336,35143.977,-27.407196,8007.378,61252.824,5169.5957
658,1993-02-24,318.64377,331.59787,323.76743,322.8451,272.0314,337.40875,325.95175,284.20416,293.40332,303.60126,250.86845,320.23148,329.9452,326.41617,344.31836,329.8832,322.6283,319.8301,320.63962,304.88818,274.01538,297.82346,292.3836,294.02338,296.26706,334.87256,-117605.625,15191.801,9430.119,-74228.25,3100.0,361.02448,217821.34,2503.3057,17574.352,130130.06,34005.613,-27.11673,8028.889,61292.04,5156.287
659,1993-03-03,318.65628,331.71634,323.84616,322.92563,272.03696,337.24542,325.9062,284.19104,293.34143,303.6312,250.83955,320.30133,330.08316,326.5305,344.288,330.03418,322.67343,319.8512,320.7433,305.01022,273.99625,297.725,292.3638,294.06805,296.24823,334.86185,-118999.94,15339.18,9496.059,-74587.29,3100.0,147.59517,215161.44,2490.6326,17949.01,132189.8,34522.484,-24.191872,8056.881,61365.88,5145.1504
660,1993-03-10,318.74738,331.83957,323.95193,323.03793,272.0467,337.31815,325.8722,284.31537,293.2503,304.31863,251.21945,320.37228,330.31274,326.69537,344.32016,330.18134,322.7273,319.92294,320.94583,305.47214,273.9917,297.9134,292.3622,294.17236,296.23535,334.85132,-120009.6,16129.278,9504.418,-74852.66,3100.0,214.5227,215119.81,2485.9092,19268.225,135863.19,36283.867,-31.14716,8018.8784,61407.074,4856.4546
661,1993-03-17,318.84872,331.97714,324.0467,323.1206,272.05585,337.29706,325.85004,284.3579,293.15637,303.9447,251.02107,320.4512,330.54523,326.8211,344.3656,330.32346,322.79977,320.0171,320.992,305.33096,273.98352,297.7455,292.3534,294.20386,296.23654,334.84094,-125580.26,13308.4,8684.929,-75499.38,3100.0,71.15001,215142.28,2487.3088,18944.291,139414.39,33656.594,-33.579773,8012.6377,61600.0,4972.4565
662,1993-03-24,318.92014,332.08514,324.124,323.20218,272.05316,337.17123,325.81137,284.3064,293.06613,303.7822,250.89038,320.51572,330.6057,326.91837,344.30203,330.45624,322.87613,320.0895,321.0892,305.4002,273.96484,297.56952,292.32773,294.22006,296.233,334.83057,-125616.05,14681.654,9201.419,-75178.01,3100.0,137.81679,211683.16,2472.236,19282.71,140387.02,35007.51,-31.409616,8080.768,61648.305,5041.76
663,1993-03-31,319.0335,332.1601,324.2047,323.29352,272.05862,337.08615,325.76895,284.27463,292.98578,303.84607,250.86494,320.585,330.70413,327.02582,344.16745,330.57465,322.95444,320.1855,321.23096,305.5993,273.9462,297.4641,292.30017,294.283,296.22928,334.8202,-125160.18,16282.961,9710.128,-74352.5,3084.612,35.209053,205577.19,2452.4954,20042.197,141840.55,37064.527,-28.040863,8169.371,61586.68,5003.114
664,1993-04-07,319.18518,332.21783,324.25632,323.34454,272.06335,337.03885,325.7245,284.26056,292.91425,303.84366,250.85246,320.6586,330.80215,327.1112,344.03802,330.6788,323.04044,320.3098,321.31714,305.75034,273.92758,297.42413,292.2711,294.315,296.23224,334.80978,-129979.61,13530.101,9056.073,-75409.67,3100.0,291.27206,200576.66,2438.8438,20487.283,145553.72,35082.645,-25.046213,8173.628,61746.387,4969.543
665,1993-04-14,319.3321,332.2731,324.3329,323.4337,272.07016,337.03595,325.67905,284.4011,292.84955,303.9302,250.84746,320.72516,330.9139,327.20383,344.01904,330.76596,323.13098,320.435,321.45935,305.918,273.909,297.38663,292.24066,294.3875,296.23584,334.7994,-127088.51,16937.672,10000.481,-74085.836,3100.0,747.94385,200042.77,2421.781,21248.643,145617.61,38554.7,-21.709381,8170.2256,61666.953,4938.454
666,1993-04-21,319.44983,332.34836,324.43314,323.53775,272.09195,337.0635,325.6333,284.79932,292.79462,304.0477,250.87453,320.80618,331.0515,327.3008,344.09686,330.84625,323.22614,320.545,321.57584,306.0281,273.8905,297.3131,292.20914,294.4901,296.2485,334.78903,-127386.55,18376.682,10176.474,-73782.195,3100.0,354.9836,202246.88,2404.328,21642.018,146346.3,39937.773,-17.10836,8101.679,61657.66,4892.335
667,1993-04-28,319.56912,332.44046,324.50882,323.60883,272.10577,337.09937,325.58786,285.47397,292.74524,304.07675,250.81796,320.8876,331.21265,327.40164,344.11255,330.9362,323.32047,320.65207,321.66364,306.1588,273.87207,297.23163,292.1767,294.56186,296.2708,334.77863,-130831.15,16915.297,9715.936,-75530.195,3100.0,310.48114,200835.14,2391.7334,21984.459,149356.08,38852.965,-9.171314,7822.7036,61994.066,4913.994
668,1993-05-05,319.69937,332.51028,324.53983,323.6359,272.10037,337.14368,325.54315,286.65225,292.69656,304.01282,250.79163,320.95465,331.27438,327.47162,343.9846,331.0321,323.41275,320.7673,321.71466,306.2511,273.8537,297.1657,292.14343,294.58276,296.294,334.76825,-135922.19,13773.02,8911.426,-76439.016,3100.0,261.1547,195077.05,2382.786,22252.6,152995.2,36242.254,-9.24062,7339.462,62336.074,4903.4214
669,1993-05-12,319.80685,332.52917,324.5189,323.6166,272.08524,337.19986,325.49924,287.7921,292.6456,303.91208,250.77882,321.0009,331.20245,327.47754,343.8022,331.11075,323.50122,320.86404,321.7223,306.2737,273.83542,297.2106,292.1096,294.56546,296.31003,334.75784,-139283.3,11326.529,8382.975,-76885.78,3100.0,321.95444,189286.95,2373.8442,22299.814,154848.34,34032.22,-7.347355,6963.9414,62576.203,4896.524
670,1993-05-19,319.94904,332.54968,324.4882,323.60013,272.07706,337.65955,325.50488,288.87573,292.59204,305.45587,251.7226,321.03192,331.19373,327.55603,343.78152,331.1827,323.58704,320.976,321.899,306.87692,273.84488,297.95294,292.1138,294.63156,296.32288,334.75534,-143689.66,7921.412,7092.152,-78351.266,3100.0,1500.0,188841.61,2379.1853,23832.475,160976.62,32500.354,-31.221338,6589.6074,62880.59,4306.061
671,1993-05-26,320.04614,332.6077,324.5416,323.65744,272.09167,337.91507,325.53522,289.72806,292.54022,304.6854,251.35706,321.07123,331.32028,327.5851,343.9612,331.2294,323.68118,321.07803,321.88293,306.528,273.85114,297.96567,292.11307,294.69385,296.3457,334.75375,-138462.19,12782.067,8157.0605,-76069.88,3100.0,1306.2673,194528.86,2390.7715,23265.39,157003.16,35808.86,-38.579372,6361.708,62745.812,4550.8896
672,1993-06-02,320.15363,332.7218,324.6378,323.7547,272.11356,338.1722,325.58804,290.45035,293.1493,305.1058,251.93233,321.1212,331.52765,327.72992,344.1757,331.32114,323.76913,321.17322,322.0486,306.94684,273.8583,298.5314,292.11295,294.8123,296.37772,334.7613,-139268.58,13527.603,8047.007,-78011.29,3100.0,1101.5734,200005.11,2410.3608,24490.178,160200.4,37086.668,-50.394184,6201.581,62978.156,4216.965
673,1993-06-09,320.31305,332.9252,324.8167,323.93332,272.1479,338.87228,325.757,291.33408,301.73145,306.838,253.04738,321.19824,331.88745,327.99457,344.4837,331.49738,323.888,321.31668,322.3267,307.51184,273.9015,299.7495,292.16284,295.04828,296.44174,334.79413,-142650.62,12910.448,4879.095,-81224.984,3100.0,1500.0,208753.27,2457.5215,26120.172,166598.72,38476.344,-32.08334,5924.2793,63226.05,3484.0105
674,1993-06-16,320.62213,333.23724,325.06277,324.17294,272.24048,339.97412,326.08887,292.42532,326.44012,308.9687,254.35533,321.32022,332.32794,328.3715,344.83243,331.78406,324.05667,321.5837,322.6606,308.18655,273.9843,301.37936,292.26828,295.34268,296.5525,334.855,-154268.5,7108.2866,-1938.1497,-94428.78,3100.0,1500.0,215505.55,2567.7703,28212.12,177448.48,36708.46,116.042114,5348.0884,63444.582,1831.3812
675,1993-06-23,320.80234,333.53207,325.31567,324.42795,272.32535,340.60297,326.39417,293.1344,332.94653,307.6856,253.14616,321.48126,332.57968,328.55194,345.0195,332.06668,324.24716,321.78137,322.76633,307.6985,274.04407,301.66168,292.3425,295.54913,296.69223,334.90027,-148303.02,15941.838,484.6801,-87804.86,3100.0,1500.0,217344.78,2729.0728,26876.988,173105.7,40329.805,193.38248,5229.145,64172.637,3130.7869
676,1993-06-30,320.96503,333.75174,325.49908,324.6138,272.39807,341.00598,326.597,293.5728,333.3762,307.7927,253.15237,321.65082,332.75003,328.76807,345.02698,332.2957,324.41565,321.94888,322.9791,308.00247,274.0817,301.64456,292.38705,295.72894,296.83786,334.93036,-152660.12,15438.304,-641.29236,-90032.69,3100.0,1500.0,214250.55,2835.096,27648.443,176939.8,40379.28,187.4376,5203.3516,64719.6,3074.5784
677,1993-07-07,321.0275,333.86813,325.65836,324.79102,272.4502,341.1268,326.6958,293.80807,325.2598,306.48645,251.99629,321.8073,332.7473,328.82532,344.84946,332.45264,324.577,322.0476,323.05673,307.65793,274.09695,300.95087,292.402,295.8836,296.9757,334.945,-144684.53,23773.01,2886.619,-82746.27,3100.0,1500.0,206681.17,2881.1042,26500.512,170500.98,44474.066,136.60411,5370.165,65258.29,4329.5845
678,1993-07-14,321.04874,333.85788,325.62994,324.75656,272.46616,340.89554,326.65518,293.76038,313.7595,305.58707,251.40044,321.9285,332.5832,328.77994,344.50644,332.51224,324.70142,322.09842,322.99158,307.53784,274.0867,300.34396,292.38318,295.8995,297.0944,334.9418,-153973.58,18322.469,3103.0088,-84228.57,3100.0,1500.0,195584.69,2855.0342,25791.504,172434.78,39257.44,71.32215,5518.766,66066.516,4809.076
679,1993-07-21,321.16696,333.7799,325.52536,324.66843,272.46783,340.9215,326.64496,293.8508,315.94403,306.2471,252.09656,321.99426,332.3485,328.74496,344.06522,332.542,324.80313,322.2014,323.0293,307.906,274.09143,300.49533,292.3873,295.9203,297.19968,334.94894,-159614.23,13454.627,1221.8649,-88692.164,3100.0,1500.0,182302.86,2838.9888,26781.39,175739.1,36707.152,65.31368,5461.8506,66439.695,4063.2573
680,1993-07-28,321.29538,333.65347,325.39902,324.56134,272.4724,341.11002,326.69452,294.0974,318.988,306.40063,252.20656,322.03433,332.02432,328.6345,343.66208,332.52963,324.90088,322.31146,322.98563,307.9151,274.10852,300.55536,292.41107,295.94376,297.29724,334.96472,-161802.38,10985.488,473.88547,-89761.96,3100.0,1500.0,170964.58,2858.8367,26713.053,175377.05,34602.36,75.51949,5316.8345,66927.84,4042.071
681,1993-08-04,321.37793,333.48074,325.3099,324.50232,272.4864,341.1912,326.73077,294.2566,318.18274,306.23056,252.0464,322.05063,331.72842,328.503,343.33237,332.44302,324.9749,322.3855,322.98584,307.9045,274.12003,300.4548,292.42966,296.01157,297.37906,334.97656,-153522.67,15865.245,1575.3605,-86714.22,3100.0,1500.0,163019.97,2870.7039,26739.506,169545.19,37987.36,70.04224,5385.498,66968.63,4225.8843
682,1993-08-11,321.38367,333.25943,325.16873,324.3659,272.48993,340.9955,326.69696,294.15067,310.557,305.26334,251.33536,322.05536,331.34015,328.2829,342.99634,332.29,325.0178,322.39847,322.80902,307.5822,274.11356,300.21036,292.4257,295.9958,297.4477,334.97586,-154409.47,14464.495,2714.572,-84939.6,3100.0,1390.1006,154885.0,2854.3833,25590.598,165784.3,35326.332,36.8508,5514.301,67396.75,4920.356
683,1993-08-18,321.49777,333.0403,325.0254,324.24374,272.50708,341.1067,326.71124,294.254,316.29504,306.48477,252.41255,322.03827,331.00577,328.1838,342.62967,332.14694,325.0357,322.47363,322.85596,308.12164,274.1241,300.92868,292.44757,296.0492,297.5134,334.98688,-155325.64,11555.457,205.13416,-90216.06,3100.0,1500.0,145218.33,2849.3318,27262.68,167044.75,35114.008,51.72921,5444.378,67300.16,3775.2676
684,1993-08-25,321.52405,332.7787,324.91196,324.1489,272.5239,341.12595,326.73645,294.3312,312.9871,305.59924,251.59073,322.02325,330.55695,327.9303,342.16138,331.9626,325.0529,322.49585,322.70303,307.6833,274.12985,300.60178,292.46497,296.08972,297.5774,334.99463,-147329.38,16277.767,2449.3013,-84901.47,3100.0,1500.0,132980.69,2853.6255,25902.947,158354.17,36672.547,42.845726,5507.9717,67585.61,4734.909
685,1993-09-01,321.52396,332.42688,324.72742,323.991,272.53635,340.98737,326.6977,294.20792,308.80423,305.4479,251.5404,321.9882,329.9735,327.65933,341.5951,331.69675,325.03198,322.48483,322.59927,307.7369,274.12155,300.3851,292.46457,296.11987,297.6284,334.99246,-143124.25,17031.107,2699.8264,-85122.88,3100.0,1500.0,118998.65,2829.2947,25975.32,152712.7,37220.906,26.142548,5684.9067,67609.71,4688.66
686,1993-09-08,321.5932,332.05368,324.50168,323.78317,272.55743,341.20157,326.73566,294.11264,315.74652,306.40808,252.31497,321.94803,329.36053,327.40036,341.0318,331.4483,325.00208,322.51755,322.49155,307.9991,274.13416,300.84857,292.49493,296.16382,297.69193,335.00482,-147260.62,11499.052,-176.6924,-91611.45,3100.0,1500.0,105328.52,2841.7705,26572.617,152035.66,33827.4,48.304497,5659.205,67909.34,3919.8655
687,1993-09-15,321.5405,331.59814,324.10074,323.37717,272.5121,341.159,326.7464,293.71796,310.34457,304.83688,251.27573,321.85144,328.62753,326.896,340.45306,331.1075,324.94742,322.45538,322.00204,307.27325,274.13306,300.566,292.50775,295.97165,297.73856,335.0077,-152841.97,2903.0771,645.9331,-89942.09,3100.0,1500.0,92679.46,2870.5684,23816.645,147995.66,24151.666,31.913292,5636.86,68871.44,5062.716
688,1993-09-22,321.4431,331.04477,323.6399,322.94156,272.43106,340.85593,326.66595,293.15814,303.06277,303.99338,250.9651,321.66873,327.82642,326.3994,339.88907,330.67764,324.82336,322.33572,321.65332,307.06335,274.1125,300.29816,292.49475,295.71222,297.72614,334.99683,-146286.5,1320.1602,1820.0824,-87101.69,3100.0,1500.0,81708.195,2831.3257,23141.102,141588.62,22389.92,9.341972,5812.0977,68698.56,5225.245
689,1993-09-29,321.34155,330.47168,323.23337,322.54474,272.36633,340.61365,326.57913,292.49594,299.78397,303.62704,250.89276,321.4653,327.1884,325.91925,339.44614,330.21164,324.66522,322.20737,321.29858,306.804,274.09207,300.26865,292.48312,295.4562,297.67935,334.98596,-142462.45,-2012.8247,1535.428,-86279.23,3100.0,1500.0,76492.78,2778.824,22216.26,136281.28,18699.66,-10.857498,5966.9277,68332.164,5249.0146
690,1993-10-06,321.2148,329.93698,322.93726,322.26266,272.32162,340.41644,326.49808,291.53165,298.00635,303.5158,250.88307,321.2574,326.72565,325.50647,339.16812,329.74414,324.4845,322.05878,321.04483,306.6121,274.07184,300.52835,292.47278,295.28384,297.6089,334.9751,-131037.66,2176.85,3517.9214,-83321.5,3100.0,1500.0,76249.5,2730.5408,21980.035,127672.11,22412.727,-16.684322,6376.378,67562.05,5232.0537
691,1993-10-13,321.10394,329.53174,322.77087,322.09204,272.3051,340.32483,326.44464,290.4734,298.22375,304.2699,251.09879,321.0799,326.64795,325.27478,339.18704,329.29004,324.29718,321.92606,320.91656,306.5961,274.05597,300.8091,292.4695,295.2096,297.53983,334.9672,-126026.695,2965.56,3529.4138,-83386.48,3100.0,1500.0,85902.79,2689.1616,22065.021,124820.76,23803.664,-51.31694,6818.7695,67037.3,5023.7173
692,1993-10-20,320.99744,329.27515,322.6593,321.94922,272.27948,340.26132,326.40662,289.61325,297.3674,303.6513,250.92998,320.9272,326.66904,325.05984,339.42795,328.88898,324.11768,321.7981,320.64496,306.29993,274.03912,300.551,292.46567,295.0585,297.47806,334.9585,-125430.79,475.08154,2951.5134,-83445.984,3100.0,1500.0,95360.37,2678.8167,21063.068,122341.73,20339.498,-41.1314,6860.996,66768.72,5194.0015
693,1993-10-27,320.86942,329.09097,322.53003,321.79877,272.23776,340.19534,326.36215,288.76285,296.41913,303.2592,250.88116,320.76868,326.5835,324.87653,339.67633,328.57095,323.936,321.65277,320.4242,306.06815,274.01926,300.16046,292.4583,294.84592,297.40567,334.94763,-124367.414,-1906.0869,2422.482,-82753.08,3100.0,1500.0,102078.29,2665.007,20163.746,120933.1,17443.11,-40.30051,7034.6855,66327.41,5212.6724
694,1993-11-03,320.71725,328.94852,322.43134,321.6974,272.20108,340.11343,326.31842,287.50882,295.7355,303.1558,250.84442,320.6147,326.47656,324.7261,339.8942,328.32568,323.75687,321.4955,320.2706,305.86908,273.99954,299.8679,292.45166,294.68036,297.3191,334.93674,-118698.94,442.8977,3665.5913,-81371.695,3100.0,1500.0,108179.66,2642.5684,19747.451,117019.39,19538.389,-44.54697,7479.3677,65733.266,5240.054
695,1993-11-10,320.53592,328.84247,322.36646,321.62662,272.1764,339.97882,326.27533,286.48447,295.2799,303.157,250.84256,320.48022,326.41177,324.59555,340.10934,328.12708,323.5837,321.32053,320.1301,305.67236,273.97998,299.618,292.44562,294.56445,297.2303,334.92587,-113890.57,2639.1277,4590.265,-80046.83,3100.0,1500.0,114582.55,2620.8577,19210.5,113110.06,21301.225,-37.13217,7717.477,65129.473,5234.624
696,1993-11-17,320.3846,328.78195,322.32385,321.5694,272.1588,339.79855,326.2331,285.95258,294.95184,303.13507,250.8767,320.36057,326.47525,324.53088,340.29633,327.9753,323.41547,321.16705,320.0233,305.5647,273.9605,299.38577,292.44003,294.45624,297.1447,334.91498,-112223.35,2350.4492,4647.265,-79242.38,3100.0,1130.6042,119007.76,2603.7175,18896.398,112268.56,21046.867,-35.10887,7774.891,64602.08,5177.408
697,1993-11-24,320.2288,328.744,322.3019,321.54315,272.1478,339.60812,326.19183,285.60193,294.66336,303.1548,250.90584,320.25394,326.45596,324.465,340.44025,327.8644,323.25912,321.01678,319.9417,305.44064,273.94116,299.20416,292.43472,294.37885,297.06046,334.90408,-107969.15,4831.972,5606.643,-77998.484,3100.0,1208.6573,122609.74,2587.1697,18686.346,109414.24,23257.486,-28.538855,7849.4146,64053.383,5143.387
698,1993-12-01,320.06616,328.7166,322.27036,321.49933,272.13406,339.41418,326.15152,285.34412,294.42102,303.12183,250.88113,320.16107,326.4452,324.4048,340.57483,327.77896,323.11337,320.86664,319.83264,305.27798,273.92194,299.05188,292.42947,294.28723,296.98068,334.89322,-108041.31,3662.226,5194.0557,-78677.87,3100.0,1142.1644,126444.414,2574.0085,18132.182,108543.38,21853.91,-28.960129,7833.6025,63795.99,5163.044
699,1993-12-08,319.90277,328.70535,322.2392,321.46002,272.11053,339.21786,326.1129,285.13675,294.24167,303.0861,250.86446,320.07132,326.45114,324.3585,340.72653,327.71234,322.9761,320.71747,319.7433,305.1348,273.90308,298.89862,292.42432,294.18845,296.89972,334.8825,-106392.54,3994.9243,5342.881,-78323.73,3100.0,1034.95,131050.53,2562.017,17738.14,107219.43,21931.764,-31.42787,7813.393,63501.945,5174.832
700,1993-12-15,319.75525,328.72165,322.24994,321.4677,272.09784,339.01718,326.07584,284.96194,294.0716,303.138,250.91666,319.9918,326.531,324.3575,340.8959,327.66766,322.84753,320.58112,319.71646,305.0706,273.88458,298.7662,292.41888,294.14175,296.81796,334.87195,-102456.59,6900.468,6480.121,-76341.37,3100.0,617.34827,135873.06,2547.4622,17773.064,105332.05,24845.578,-32.97454,7860.246,62972.695,5109.4746
701,1993-12-22,319.60434,328.76358,322.25955,321.46188,272.08902,338.8162,326.0393,284.81915,293.91397,303.11835,250.91235,319.92944,326.58975,324.35068,341.08533,327.6658,322.73102,320.44714,319.6403,304.9274,273.86615,298.93326,292.41257,294.0747,296.74307,334.8614,-103858.54,5365.609,5902.0967,-77186.69,3100.0,1395.2722,140898.88,2536.3604,17207.84,105417.72,23084.246,-32.38703,7821.799,62776.883,5115.9937
702,1993-12-29,319.46326,328.8386,322.25674,321.45047,272.0662,338.76984,326.0127,284.7912,293.75626,304.01294,251.13187,319.8696,326.67303,324.4035,341.32935,327.67142,322.62302,320.32074,319.66882,305.04825,273.85855,299.16672,292.42,294.01538,296.6692,334.85086,-106194.26,3158.6145,4785.061,-78581.18,3100.0,1500.0,147272.61,2526.9304,17300.168,108415.66,21415.508,-68.324554,7759.1655,62829.465,4990.8975
703,1994-01-05,319.30225,328.95517,322.28455,321.46246,272.0388,338.6258,325.99817,284.70798,293.60297,303.33585,250.91534,319.81744,326.84415,324.42154,341.65845,327.71378,322.52805,320.1907,319.54654,304.67474,273.8481,299.27942,292.4219,293.92322,296.59674,334.8403,-103844.83,4867.7266,5376.7827,-77721.4,3100.0,1500.0,157373.92,2531.476,16458.156,105913.33,22099.453,-53.506855,7660.614,62589.375,5158.2427
704,1994-01-12,319.15073,329.1676,322.41248,321.56705,272.01822,338.44495,325.97507,284.59692,293.4731,303.8128,250.89601,319.7765,327.43393,324.6298,342.25677,327.81174,322.43588,320.06424,319.66687,304.77115,273.83356,299.80276,292.41614,293.9157,296.52228,334.82974,-101505.17,8164.531,6790.312,-76540.83,255.4448,255.4448,178037.1,2514.5754,16950.975,108530.77,26133.482,-68.51489,7819.656,62358.293,5161.397
705,1994-01-19,319.02368,329.57773,322.6554,321.75803,272.0055,338.27774,325.95648,284.50754,293.39188,303.39624,250.79709,319.77542,328.30505,324.9367,343.30957,327.96024,322.36392,319.96484,319.70502,304.63885,273.81805,299.94427,292.40717,293.9009,296.46048,334.81918,-103431.01,8976.542,7082.1646,-76417.805,3100.0,1500.0,210713.94,2509.022,16706.127,112077.914,26547.11,-52.504242,7770.361,62140.426,5219.2314
706,1994-01-26,319.03152,330.2245,323.0037,322.0792,272.00922,339.14474,326.15677,285.05594,299.8435,306.1712,253.55608,319.81323,329.15448,325.53778,344.19278,328.3953,322.34995,319.9536,320.2285,306.0659,273.86908,301.92334,292.48898,294.11505,296.4347,334.85626,-110977.96,7572.6006,5651.6885,-80881.22,3100.0,1500.0,228920.9,2589.048,20322.223,127045.125,28220.984,-138.59941,7481.8047,62419.707,3479.942
707,1994-02-02,318.94995,330.8056,323.32608,322.3685,272.0259,339.41296,326.33597,285.2077,297.50552,304.4045,251.56978,319.91138,329.72296,325.83932,344.67642,328.82892,322.39722,319.95435,320.162,304.77994,273.9013,301.22183,292.5433,294.14832,296.44937,334.88077,-113804.484,9816.353,6087.7266,-78433.44,3100.0,1500.0,238074.95,2630.3982,16959.207,125680.56,27760.76,-71.789,7454.904,62561.164,4892.2324
708,1994-02-09,318.8298,331.20767,323.53107,322.5592,272.01596,339.06522,326.32257,284.93347,295.85376,303.57986,250.9815,319.99353,330.0202,326.1063,344.794,329.20032,322.4222,319.8875,320.292,304.79208,273.8825,300.31403,292.52518,294.07828,296.43698,334.87027,-116519.26,10481.68,7085.534,-76899.016,3100.0,1500.0,236148.61,2634.5676,16970.2,129326.61,28539.773,-44.987373,7661.061,62356.11,5203.0317
709,1994-02-16,318.76746,331.49002,323.71945,322.7669,272.02722,338.81567,326.27893,284.7557,295.26938,303.61514,250.946,320.08286,330.1607,326.3317,344.70737,329.55176,322.45935,319.86362,320.5131,304.9292,273.8637,299.84473,292.50607,294.1316,296.41748,334.8598,-112937.98,16385.498,9266.545,-73535.08,3100.0,1109.0483,229411.6,2609.5107,17689.443,129203.35,34686.395,-36.1679,7881.5,61791.12,5150.658
710,1994-02-23,318.7203,331.65567,323.82895,322.88727,272.04977,338.59003,326.224,284.65054,294.814,303.6652,250.91827,320.1899,330.07068,326.44696,344.44785,329.84177,322.51862,319.85822,320.61633,304.94803,273.845,299.6917,292.48645,294.1814,296.40964,334.8493,-117625.66,15152.045,8827.14,-75024.5,3100.0,1500.0,218222.6,2591.5315,17640.762,130673.234,33596.703,-34.87796,7940.937,61794.7,5155.1777
711,1994-03-02,318.71948,331.74542,323.86856,322.9406,272.05594,338.37485,326.16592,284.57938,294.5426,303.681,250.87863,320.2772,330.10693,326.5343,344.33878,330.0332,322.5853,319.87512,320.72137,305.067,273.82645,299.45972,292.46658,294.21393,296.40573,334.83884,-118848.93,15300.922,8976.891,-75271.54,3100.0,1500.0,214736.75,2576.0828,18021.918,132081.38,34144.35,-31.133945,7993.2124,61838.473,5150.545
712,1994-03-09,318.77408,331.85306,323.95773,323.03513,272.06302,338.20004,326.10855,284.52853,294.32376,303.76843,250.88551,320.35532,330.3303,326.67126,344.38147,330.17654,322.65662,319.93054,320.86792,305.24292,273.80832,299.17508,292.44693,294.2734,296.40292,334.82855,-118935.76,16713.207,9388.559,-74667.32,3100.0,1393.0558,215677.89,2557.6418,18680.734,134179.86,35962.926,-29.603516,8074.2476,61787.51,5102.6836
713,1994-03-16,318.8667,331.99203,324.04895,323.11575,272.06738,338.07996,326.0523,284.4951,294.15762,303.75433,250.90587,320.43472,330.58914,326.8194,344.4692,330.34103,322.73828,320.01474,320.9652,305.36,273.79056,299.35468,292.4273,294.2918,296.40497,334.81842,-125141.62,13355.115,8580.678,-75607.4,3100.0,1267.8491,217249.64,2543.4678,18970.963,139318.2,33407.098,-29.35301,8059.92,61910.617,5051.7314
714,1994-03-23,318.94318,332.14786,324.15274,323.2198,272.06525,338.00555,325.99844,284.46243,294.02606,303.8731,250.87807,320.5071,330.7886,326.96857,344.61774,330.49652,322.828,320.09442,321.09753,305.45056,273.77295,299.5466,292.40732,294.31912,296.404,334.8083,-125946.35,14547.238,8908.9795,-75423.49,3100.0,1500.0,221340.14,2524.909,19414.443,141581.4,34754.953,-34.012123,8117.8516,61976.227,5067.666
715,1994-03-30,319.06024,332.3294,324.2956,323.36285,272.07147,337.96826,325.94827,284.43777,293.89496,303.8921,250.88333,320.59006,331.09805,327.16458,344.76468,330.65045,322.92474,320.19916,321.2701,305.65094,273.7555,299.41846,292.38678,294.38492,296.40506,334.79816,-126437.41,16148.155,9397.614,-74658.016,3100.0,1500.0,223462.53,2506.423,20199.035,144601.33,36791.61,-30.081013,8181.171,61905.69,5020.3906
716,1994-04-06,319.2175,332.50876,324.42307,323.4816,272.07684,337.98776,325.90063,284.42368,293.7656,303.87393,250.88347,320.68298,331.35446,327.34735,344.73416,330.8267,323.03445,320.33585,321.40622,305.81757,273.73822,299.1683,292.36554,294.41745,296.41382,334.78806,-132599.94,13327.3955,8745.412,-75733.2,3100.0,1500.0,219339.6,2493.1575,20677.314,150239.92,34816.64,-26.547386,8185.179,62064.664,4986.3105
717,1994-04-13,319.3733,332.62283,324.53912,323.61398,272.0842,338.0602,325.85388,284.57263,293.644,303.96228,250.88573,320.7735,331.39505,327.4754,344.49594,330.99744,323.155,320.4773,321.5846,305.99884,273.72107,298.91666,292.3435,294.4913,296.4238,334.77792,-130665.28,16648.342,9685.981,-74420.48,3100.0,1451.7695,208968.42,2475.0986,21453.676,150755.52,38274.016,-23.255281,8176.9224,61989.35,4955.863
718,1994-04-20,319.50204,332.6538,324.60645,323.7005,272.1065,338.14874,325.80753,284.99014,293.5343,304.0813,250.91833,320.8743,331.30615,327.52362,344.1982,331.12766,323.2817,320.60373,321.70346,306.11508,273.70404,298.78555,292.32074,294.59558,296.44302,334.76782,-130886.266,18072.281,9831.447,-74128.39,3100.0,1094.0983,199099.72,2456.8564,21862.332,150255.34,39628.363,-18.942173,8103.619,61987.66,4910.666
719,1994-04-27,319.64355,332.64407,324.61844,323.72687,272.12216,338.3021,325.7662,285.73358,293.43048,304.77264,251.01526,320.96597,331.25238,327.56976,343.94897,331.20276,323.40295,320.73163,321.8388,306.39996,273.6928,298.7665,292.30515,294.70285,296.47244,334.7577,-134631.62,15961.983,8954.722,-76375.37,3100.0,1500.0,191127.14,2438.7393,22565.982,153405.27,38516.293,-31.049356,7853.6504,62464.375,4838.5645
720,1994-05-04,319.78546,332.6094,324.58844,323.69965,272.11942,338.39105,325.73215,286.95676,293.37213,304.2615,250.90767,321.0362,331.1632,327.54117,343.71625,331.23743,323.5178,320.86096,321.80533,306.34937,273.68018,298.58667,292.28677,294.72836,296.50687,334.7476,-138073.89,13451.624,8275.823,-77083.31,3100.0,1201.1824,183906.97,2440.9417,22495.74,153907.0,35867.695,-23.947418,7294.58,62802.59,4897.4214
721,1994-05-11,319.89642,332.5538,324.5181,323.63245,272.1049,338.42368,325.6918,288.0813,293.3042,303.98813,250.85898,321.0715,331.05325,327.4947,343.59985,331.23514,323.61264,320.95828,321.77985,306.36353,273.6635,298.41577,292.26193,294.7047,296.5319,334.7375,-140445.22,11124.67,7888.7695,-77457.516,3100.0,1031.9513,182025.38,2437.106,22504.7,154917.19,33669.934,-16.467758,6938.9976,63035.523,4915.138
722,1994-05-18,319.9881,332.5082,324.45566,323.57178,272.0908,338.45444,325.64987,288.87302,293.22992,303.87045,250.88033,321.08417,330.98712,327.45923,343.5249,331.21817,323.68735,321.03708,321.7599,306.37848,273.64694,298.3731,292.2366,294.6691,296.54416,334.7274,-141630.77,9497.067,7702.0967,-77045.38,3100.0,1071.0214,180181.4,2424.819,22554.635,155830.3,32259.43,-13.3449745,6688.143,63068.625,4876.0903
723,1994-05-25,320.0864,332.4652,324.45084,323.5842,272.0967,338.60693,325.6145,289.61203,293.15723,304.31854,251.15651,321.0943,330.9169,327.46133,343.42007,331.2029,323.7488,321.11743,321.8529,306.62564,273.63965,298.61206,292.2236,294.7246,296.54852,334.71732,-137310.08,12764.036,8519.496,-75776.15,3100.0,1500.0,176673.67,2411.6506,23465.469,154737.02,35690.336,-19.035671,6509.79,62882.58,4671.0166
724,1994-06-01,320.23813,332.46698,324.48734,323.63873,272.12454,339.21393,325.70706,290.57666,293.09085,305.735,252.55081,321.1308,330.9354,327.5495,343.4043,331.25375,323.83017,321.23837,322.05557,307.26514,273.66794,299.87094,292.25958,294.9219,296.57877,334.7333,-138255.53,12835.32,7644.5103,-78909.56,3100.0,1500.0,176170.03,2444.5369,25338.955,157894.77,36764.715,-70.26716,6199.439,63261.24,3894.9622
725,1994-06-08,320.3185,332.49188,324.557,323.7042,272.15475,339.39804,325.78204,291.14206,293.03476,304.8344,251.48476,321.18765,331.04364,327.54828,343.53055,331.25244,323.9231,321.3356,322.00195,306.71326,273.6814,299.67398,292.27454,295.02487,296.63522,334.74396,-136030.33,15783.461,7740.7534,-77297.234,3100.0,1500.0,180972.25,2458.0337,23895.156,153980.1,37768.797,-50.387363,6146.2246,63445.027,4573.4097
726,1994-06-15,320.39728,332.53665,324.59213,323.72922,272.16898,339.47806,325.81592,291.48615,294.83508,305.02966,251.82593,321.23282,331.18457,327.6202,343.64545,331.2596,323.98926,321.4044,322.07004,307.02777,273.68414,299.6363,292.2742,295.08472,296.6877,334.74747,-141034.84,12556.178,6864.033,-79549.92,3100.0,1500.0,184164.92,2475.2986,24591.242,158323.77,35480.797,-52.837566,6062.5293,63861.29,4347.109
727,1994-06-22,320.47855,332.59265,324.69504,323.84756,272.19308,339.6329,325.86383,291.87064,296.42084,305.1163,251.69894,321.28134,331.25717,327.6952,343.6537,331.3111,324.05942,321.48605,322.19556,307.07202,273.69287,299.7736,292.28217,295.22156,296.74435,334.75522,-133677.69,19270.207,7598.895,-77600.57,3100.0,1500.0,183026.8,2480.6519,24930.494,155182.66,40651.574,-38.77586,6087.3677,63899.695,4452.2197
728,1994-06-29,320.71213,332.7177,324.87927,324.04663,272.2647,340.55072,326.0882,292.76135,318.58783,308.54916,253.97774,321.37372,331.48605,327.99738,343.63885,331.47388,324.16544,321.67062,322.62054,308.29758,273.75436,301.44614,292.36386,295.57358,296.83673,334.79987,-141083.8,14562.273,214.30515,-89175.02,3100.0,1500.0,180809.27,2559.985,28462.115,165135.08,41638.855,55.657803,5674.088,64006.03,2544.7585
729,1994-07-06,320.93216,332.85953,325.1049,324.28873,272.3774,341.29874,326.39117,293.60904,329.88104,308.0466,253.3002,321.53033,331.61642,328.1151,343.67725,331.6545,324.32306,321.89224,322.7522,307.9799,273.82214,302.33566,292.4551,295.8953,296.99045,334.8493,-135074.56,22519.945,807.0688,-87292.46,3100.0,1500.0,179739.89,2663.162,27627.252,159328.5,45143.76,149.34534,5432.325,64490.086,2957.9976
730,1994-07-13,321.05933,332.94662,325.1608,324.32883,272.45047,341.60538,326.58615,293.95883,327.49475,307.43408,252.7714,321.6845,331.6408,328.15973,343.6562,331.76633,324.4563,322.02322,322.73672,307.89407,273.8561,302.4672,292.50018,296.02032,297.1514,334.8754,-146047.16,16818.834,-434.99387,-89986.016,3100.0,1500.0,177858.56,2802.4675,26979.557,162885.47,39503.074,156.14978,5363.1675,65633.03,3539.3486
731,1994-07-20,321.1246,332.96497,325.10236,324.26483,272.4601,341.79993,326.69836,294.0688,323.2591,306.5205,252.21799,321.76587,331.53693,328.11404,343.5072,331.81577,324.55698,322.09433,322.64755,307.71515,273.87433,302.18723,292.5245,296.02103,297.28687,334.89056,-150026.69,14283.251,234.85269,-88907.18,3100.0,1500.0,172860.77,2872.8005,26143.758,163577.95,36213.742,117.01076,5334.097,66537.836,4120.388
732,1994-07-27,321.18585,332.91034,325.00153,324.17014,272.45294,341.93723,326.75702,294.1562,319.77112,306.16602,252.06844,321.7964,331.31177,328.0436,343.21674,331.81985,324.62518,322.14987,322.594,307.72235,273.8853,302.14734,292.5401,295.99564,297.3911,334.9007,-152065.33,11984.128,436.50656,-89027.62,3100.0,1500.0,163796.23,2891.6707,26018.537,164173.28,34276.62,88.72921,5320.893,67048.61,4247.534
733,1994-08-03,321.2524,332.79608,324.9444,324.14307,272.46677,342.0798,326.8068,294.2655,318.79175,306.2093,252.10109,321.81372,330.9866,327.96158,342.87683,331.78464,324.67725,322.2075,322.63174,307.81152,273.89728,302.17426,292.55872,296.05624,297.47742,334.91144,-144655.44,16437.104,1320.3102,-86823.99,3100.0,1500.0,153980.42,2890.6147,26349.502,159598.53,37822.117,76.715225,5410.5034,67021.445,4219.339
734,1994-08-10,321.3723,332.6704,324.88065,324.08978,272.50964,342.43555,326.90964,294.4501,324.4881,306.9977,252.74518,321.8488,330.81274,327.91046,342.6165,331.7312,324.73053,322.30212,322.6583,308.10135,273.9241,302.4122,292.59995,296.15173,297.57504,334.9325,-149503.61,12470.742,-1103.3331,-91825.91,3100.0,1500.0,148224.72,2919.6138,27055.68,161517.28,35508.76,92.39243,5304.793,67294.766,3587.334
735,1994-08-17,321.56482,332.5844,324.85193,324.0739,272.57025,343.15445,327.13437,294.89374,337.161,308.26028,253.67596,321.8872,330.74405,327.92545,342.4673,331.7067,324.79834,322.45078,322.76065,308.52646,273.979,303.3023,292.6825,296.30353,297.69522,334.97318,-152405.44,9796.588,-4419.3745,-97129.16,255.4448,255.4448,145194.62,3001.3042,28265.703,164353.02,34722.047,130.78336,4999.7314,67593.93,2692.5618
736,1994-08-24,321.56705,332.46075,324.8084,324.03427,272.59744,343.322,327.28174,295.02103,328.93536,306.44666,252.15456,321.90988,330.53442,327.7358,342.35742,331.60724,324.85544,322.47076,322.5755,307.80243,274.0051,302.79718,292.72745,296.34546,297.8037,334.99384,-144481.28,15779.733,-511.61554,-88378.79,3100.0,1500.0,143847.27,3086.653,25881.76,155549.12,35792.906,105.109634,5060.981,68290.59,4504.49
737,1994-08-31,321.5305,332.29968,324.7184,323.95035,272.60587,343.08585,327.27213,294.82263,318.59204,305.80075,251.81854,321.8963,330.31747,327.60373,342.21118,331.44073,324.85648,322.44205,322.50464,307.80756,274.0025,302.4613,292.73474,296.34842,297.8812,334.9944,-141386.22,16821.48,728.9387,-87348.31,3100.0,1500.0,140771.78,3067.2837,25770.445,152451.89,36321.152,54.71962,5354.7944,68427.41,4698.5474
738,1994-09-07,321.51605,332.12173,324.5786,323.809,272.60416,342.9182,327.24982,294.50623,314.65662,305.65515,251.77393,321.87234,329.99747,327.43527,341.99542,331.29297,324.84128,322.42422,322.3604,307.73227,274.00253,302.44135,292.74792,296.31375,297.94995,334.9966,-145501.83,12648.57,287.3275,-89621.29,3100.0,1500.0,135038.11,3035.9763,25336.29,152124.06,32783.766,37.35495,5543.5454,68832.984,4722.6953
739,1994-09-14,321.53955,331.92548,324.33472,323.54987,272.57123,342.9403,327.26782,294.18417,316.74084,305.83795,252.14557,321.81055,329.71152,327.24387,341.7204,331.14908,324.81366,322.422,322.14713,307.7438,274.0128,302.5791,292.7776,296.17593,298.0057,335.00586,-156539.73,1255.0259,-1814.9768,-94813.45,3100.0,1500.0,128881.24,3046.9524,24942.332,156815.72,24235.943,41.266434,5477.5425,69405.65,4361.5044
740,1994-09-21,321.57593,331.72107,324.1061,323.3286,272.53387,343.1561,327.3487,293.98816,322.14752,305.97412,252.47884,321.70947,329.38528,327.05356,341.46072,331.0176,324.7755,322.4252,322.0003,307.73862,274.03485,303.20798,292.8259,296.03937,298.03687,335.02332,-155161.69,-1166.3219,-2541.8254,-94965.9,3100.0,1500.0,123610.49,3087.482,24904.307,156164.64,22337.434,61.37996,5399.585,69411.09,4084.2144
741,1994-09-28,321.56516,331.50836,323.8921,323.11508,272.50427,343.36374,327.44843,293.61194,321.37277,305.81802,252.37662,321.60352,329.05392,326.83704,341.31046,330.85742,324.72638,322.3967,321.8035,307.51,274.05597,303.64215,292.87497,295.8806,298.04703,335.04007,-155534.19,-4693.939,-3215.503,-94362.02,3100.0,1500.0,121652.73,3123.548,24063.457,154924.12,18732.254,63.755684,5448.4336,69404.445,4297.386
742,1994-10-05,321.43262,331.23697,323.6812,322.9209,272.46295,343.25995,327.46265,292.6641,312.58417,304.41025,251.45094,321.47815,328.5274,326.5099,341.07962,330.61423,324.64746,322.27798,321.5397,306.95032,274.05334,303.15332,292.89273,295.70303,298.02304,335.04016,-144751.33,952.5067,676.8134,-87258.375,3100.0,1500.0,115285.484,3115.2563,22585.215,145102.95,21619.889,27.531136,5919.037,69068.02,5252.3086
743,1994-10-12,321.29346,330.8909,323.46957,322.724,272.43152,342.9876,327.39117,291.4515,304.89774,303.8789,251.20706,321.34637,328.09723,326.2192,340.74158,330.31012,324.53207,322.1434,321.35294,306.78873,274.0359,302.67456,292.89133,295.55737,297.97797,335.0298,-138579.16,2616.0942,2230.4695,-85198.76,3100.0,1500.0,108583.43,3054.6924,22208.662,139152.02,22866.617,-0.88074493,6454.8335,68500.78,5380.1226
744,1994-10-19,321.19586,330.50992,323.23807,322.50003,272.39737,342.72632,327.31052,290.4802,301.10342,303.6396,251.12785,321.216,327.59875,325.9088,340.3586,329.98553,324.4052,322.03275,321.1284,306.62003,274.0187,302.2492,292.8916,295.3866,297.92844,335.01938,-137855.62,-512.03076,1796.3995,-85580.5,3100.0,1500.0,100218.945,3002.8118,21558.617,135830.38,19654.926,-17.629822,6687.954,68194.51,5412.0166
745,1994-10-26,321.08957,330.09128,322.96,322.23538,272.3525,342.4784,327.23257,289.57513,298.85324,303.40884,251.11409,321.06964,326.99713,325.54138,339.95853,329.64374,324.2689,321.91226,320.86777,306.38736,274.0018,301.99533,292.89337,295.1777,297.866,335.00897,-135292.7,-2834.6382,1441.972,-84831.34,3100.0,1500.0,92024.77,2965.104,20715.53,130959.72,16934.297,-30.158798,6918.743,67752.46,5407.5264
746,1994-11-02,320.9555,329.63705,322.6986,321.99637,272.31335,342.23883,327.16074,288.26947,297.44232,303.31442,251.08583,320.91095,326.43597,325.16956,339.62552,329.2629,324.1183,321.77066,320.6417,306.17596,273.98517,301.81815,292.8965,295.01306,297.78775,334.9986,-127409.31,-366.76947,2670.6855,-83384.91,3100.0,1500.0,87551.51,2930.0781,20299.111,123290.87,18959.729,-37.693523,7411.3823,67155.11,5431.9736
747,1994-11-09,320.8175,329.2399,322.50787,321.8164,272.29044,342.23254,327.11172,287.24167,296.66098,304.4254,251.5031,320.76044,326.2104,324.91614,339.53253,328.87885,323.9569,321.62054,320.54327,306.31955,273.9847,301.8427,292.92288,294.95645,297.7084,334.98862,-122141.37,872.3803,2936.5374,-83094.97,255.4448,255.4448,93862.95,2906.4026,20555.06,119917.27,20663.873,-95.34671,7691.9097,66726.3,5144.0703
748,1994-11-16,320.72604,329.09692,322.46582,321.73962,272.283,342.4189,327.17252,286.9237,296.6247,304.8163,252.31303,320.63144,326.70767,324.88406,339.9913,328.60495,323.80814,321.50977,320.44586,306.39032,274.00488,302.546,292.97818,294.94012,297.65137,334.99582,-120347.766,409.48474,2493.8804,-83471.57,3100.0,1500.0,117405.53,2920.5562,20782.934,120743.33,20288.986,-129.81006,7609.332,66405.96,4684.007
749,1994-11-23,320.72125,329.26688,322.6022,321.84512,272.30917,343.00436,327.41016,287.05878,312.19415,306.39352,253.69121,320.5405,327.24408,325.09167,340.77087,328.52225,323.69745,321.473,320.5873,306.91647,274.05984,303.56015,293.08154,295.0484,297.63074,335.03525,-120378.516,818.2031,373.1194,-88173.016,3100.0,1500.0,135936.48,3006.5703,22381.902,125457.99,22866.389,-104.42562,7425.5063,66077.86,3453.7437
750,1994-11-30,320.58438,329.4869,322.72705,321.92963,272.32257,343.01096,327.59155,286.8736,308.3806,304.70343,252.00763,320.4882,327.5554,325.11414,341.4643,328.4834,323.6074,321.3744,320.35443,305.8709,274.08514,302.8502,293.1433,294.98544,297.6257,335.05423,-120074.3,2002.4808,1433.4962,-84807.484,3100.0,1500.0,151652.58,3067.1108,19294.352,121850.56,20805.234,-30.884407,7454.0825,66242.06,4961.6943
751,1994-12-07,320.38824,329.6813,322.7981,321.96637,272.29556,342.57666,327.56693,286.44064,302.09546,303.68756,251.39633,320.41965,327.9105,325.1958,342.05057,328.4765,323.48846,321.20877,320.27344,305.65207,274.07095,302.08038,293.14932,294.83102,297.58652,335.04562,-119088.78,2755.8184,2765.419,-82757.24,3100.0,1500.0,166222.28,3071.7166,18606.307,122369.12,20808.344,-29.788002,7616.006,66015.984,5385.368
752,1994-12-14,320.2311,329.91907,322.91208,322.06393,272.27814,342.19928,327.49808,286.11267,299.2148,303.49783,251.31885,320.3618,328.2432,325.34418,342.56393,328.55038,323.37592,321.07227,320.30194,305.59045,274.05502,301.5188,293.15207,294.74893,297.53116,335.03568,-116651.93,5583.3486,4315.2393,-80180.73,3100.0,1500.0,177896.92,3039.58,18602.3,122955.27,23660.996,-34.516884,7760.2324,65459.438,5388.314
753,1994-12-21,320.08514,330.17877,323.02005,322.1482,272.26627,341.86243,327.4191,285.86627,297.6062,303.41385,251.28012,320.3272,328.53625,325.49356,342.98154,328.69086,323.2853,320.95145,320.29813,305.46494,274.03934,301.08603,293.15424,294.65958,297.47412,335.02573,-119853.19,3998.8494,4011.315,-80747.58,3100.0,1126.7363,187834.14,3009.92,18068.197,125646.21,21980.404,-34.49033,7783.5117,65224.863,5407.0283
754,1994-12-28,319.9387,330.43106,323.10925,322.21588,272.2388,341.5484,327.33932,285.66003,296.605,303.3023,251.2113,320.29718,328.81503,325.6361,343.29938,328.8681,323.21252,320.8354,320.2962,305.32816,274.02396,300.72696,293.15564,294.53928,297.41037,335.0158,-122519.54,2609.3267,3794.1035,-81197.46,3100.0,857.11395,195713.1,2983.4302,17556.65,128373.734,20519.986,-39.051056,7763.6973,65080.633,5460.509
755,1995-01-04,319.79556,330.65887,323.18988,322.2878,272.2059,341.24677,327.26254,285.4735,295.88885,303.25177,251.15613,320.27188,328.98816,325.7623,343.5174,329.05612,323.1541,320.72504,320.32144,305.22803,274.00888,300.4349,293.156,294.43488,297.33658,335.0059,-122705.195,3397.3472,4354.828,-80555.16,3100.0,836.6446,200176.31,2955.5415,17328.133,129553.33,21301.707,-42.403175,7780.4717,64819.453,5495.671
756,1995-01-11,319.6679,330.8481,323.28796,322.38934,272.18338,340.955,327.18988,285.30774,295.3674,303.32938,251.11723,320.26212,329.12234,325.8858,343.64664,329.23563,323.10907,320.62988,320.40054,305.2077,273.99414,300.19464,293.15506,294.40155,297.25946,334.996,-119903.61,7162.345,5798.4233,-79196.69,3100.0,999.35675,201830.02,2924.5283,17563.662,128974.18,25121.682,-42.194305,7877.127,64457.68,5509.382
757,1995-01-18,319.56754,331.0135,323.37976,322.47675,272.1685,340.6784,327.12125,285.17255,295.02585,303.39014,251.095,320.27353,329.28842,326.0039,343.77225,329.39917,323.07907,320.55664,320.4603,305.19342,273.97968,299.959,293.15234,294.38437,297.1905,334.9861,-121210.89,7459.7905,5953.76,-79112.336,3100.0,571.19434,204683.94,2897.289,17552.934,130322.625,25584.879,-40.37879,7921.184,64260.11,5504.491
758,1995-01-25,319.46268,331.1619,323.46564,322.56357,272.15494,340.42438,327.05655,285.0587,294.74146,303.4437,251.07584,320.2919,329.38608,326.1029,343.8723,329.54614,323.06137,320.48682,320.52023,305.15366,273.9655,299.73218,293.14755,294.3786,297.12778,334.97623,-120644.734,9364.111,6621.282,-78523.14,3100.0,688.5348,206902.72,2872.5215,17557.941,130234.42,27420.256,-39.267025,7976.6914,64055.516,5509.196
759,1995-02-01,319.36258,331.28998,323.53055,322.62546,272.1426,340.18204,326.99554,284.96265,294.49728,303.46436,251.0658,320.3159,329.47482,326.18704,343.95816,329.67773,323.05136,320.42065,320.5569,305.1132,273.95166,299.5284,293.14038,294.36435,297.07104,334.96637,-122257.94,9188.282,6547.562,-78557.56,3100.0,292.57587,208785.0,2850.792,17406.25,131180.17,27236.584,-38.246666,7988.9175,63934.344,5502.0024
760,1995-02-08,319.28668,331.40054,323.58707,322.6839,272.1309,339.94742,326.9375,284.8775,294.30673,303.6992,251.07019,320.33893,329.55463,326.2773,343.9713,329.79752,323.04608,320.37033,320.63165,305.1458,273.9381,299.33875,293.1306,294.35928,297.01663,334.9565,-122985.63,9578.735,6720.076,-78047.75,3100.0,359.15573,207674.6,2826.5083,17524.082,132598.84,27997.598,-46.55324,8047.3833,63807.324,5472.6123
761,1995-02-15,319.2424,331.4702,323.68207,322.7973,272.1432,339.72955,326.88177,284.80768,294.1616,303.78717,251.15904,320.37326,329.56842,326.35202,343.82935,329.90335,323.04877,320.3447,320.75443,305.24625,273.92484,299.15335,293.11816,294.43793,296.9671,334.94666,-117100.32,15676.455,8468.529,-75063.67,3100.0,153.41873,201118.45,2802.3606,18180.646,129848.1,33908.9,-42.584152,8166.764,63263.86,5355.006
762,1995-02-22,319.19876,331.45132,323.7096,322.8348,272.16644,339.53543,326.82803,284.76477,294.0196,303.7716,251.16856,320.42526,329.3226,326.32568,343.4533,329.97363,323.06067,320.32346,320.76584,305.23285,273.91183,298.97287,293.10294,294.49463,296.93475,334.9368,-119626.73,14647.549,7963.417,-76720.51,3100.0,100.83281,187581.27,2786.3738,18040.967,128869.59,32791.97,-38.290203,8179.3125,63273.13,5343.063
763,1995-03-01,319.19025,331.3243,323.63446,322.78812,272.17297,339.3568,326.77588,284.7307,293.90082,303.77182,251.14221,320.45782,328.91293,326.22858,342.94098,329.9799,323.06854,320.3151,320.77292,305.31934,273.89917,298.8079,293.08496,294.52902,296.90897,334.92697,-118450.375,14966.914,8082.761,-77049.445,2928.4023,0.0,170741.94,2770.8967,18312.97,126741.1,33330.547,-34.213493,8210.733,63324.13,5333.1187
764,1995-03-08,319.22623,331.11844,323.54916,322.729,272.18045,339.2102,326.72574,284.70322,293.77997,303.8525,251.1531,320.47565,328.65164,326.10565,342.4353,329.91434,323.0702,320.334,320.78998,305.4516,273.88705,298.66574,293.06473,294.58743,296.8862,334.91736,-115257.66,16590.361,8480.603,-76489.05,2854.9526,0.0,157051.4,2752.4995,18849.941,124047.016,35140.83,-32.564453,8277.032,63275.145,5284.3057
765,1995-03-15,319.28906,330.90442,323.45233,322.6374,272.1852,339.10645,326.6772,284.6846,293.65915,303.83008,251.17368,320.4831,328.4939,325.9884,342.13055,329.79327,323.0678,320.36877,320.74167,305.5182,273.87543,298.57727,293.04218,294.60254,296.8697,334.90787,-117722.59,13500.377,7672.9585,-77457.85,3100.0,71.323845,152358.31,2739.1147,18972.314,124389.41,32598.69,-33.092323,8250.411,63396.605,5233.3027
766,1995-03-22,319.40063,330.77438,323.4117,322.61288,272.1928,339.60562,326.6825,285.02695,293.5417,305.6725,252.27397,320.47815,328.50867,326.00357,342.13354,329.69376,323.066,320.4287,320.92432,306.34088,273.90353,299.467,293.07205,294.73615,296.85876,334.9045,-117758.0,13054.403,6911.8564,-79640.89,3100.0,1040.5128,155725.28,2763.1316,21055.979,127962.73,33828.793,-96.88497,8053.8867,63684.297,4495.001
767,1995-03-29,319.64447,330.88916,323.53177,322.73422,272.23477,340.91708,326.98618,285.90228,307.33536,307.8806,254.74878,320.50592,329.0926,326.29175,342.5723,329.73022,323.12228,320.59494,321.28232,307.42395,274.00433,301.19452,293.20007,295.08484,296.9048,334.95767,-120311.76,12339.864,4214.5903,-84355.45,3100.0,1500.0,170707.73,2849.586,24154.38,137012.42,35129.223,-206.87772,7700.867,64372.773,2757.3528
768,1995-04-05,319.76575,331.1215,323.73575,322.88608,272.27585,341.04675,327.21832,286.08228,302.98575,305.3602,252.18362,320.5683,329.70923,326.3975,343.13763,329.78766,323.2082,320.7317,321.08167,306.09735,274.05356,300.43896,293.2534,295.1307,296.98746,334.99103,-122287.41,13071.861,4921.8164,-81624.77,3100.0,668.23926,185256.66,2920.2385,20544.566,134674.28,33023.613,-69.81067,7729.089,64805.69,4727.0864
769,1995-04-12,319.82364,331.35022,323.91437,323.04645,272.286,340.5954,327.19666,286.07642,300.04608,304.82043,251.71338,320.60992,330.11923,326.60852,343.55844,329.87817,323.23944,320.77917,321.23218,306.33347,274.0474,299.95407,293.22702,295.1322,297.02643,334.98572,-119924.29,16298.3,6127.1943,-79420.6,3100.0,1431.387,194005.28,2930.816,21412.33,137243.05,36490.168,-36.017155,7895.452,64644.84,4978.448
770,1995-04-19,319.8755,331.61673,324.11594,323.23013,272.30905,340.30615,327.13272,286.44724,298.34845,304.48087,251.42093,320.68008,330.62234,326.82697,343.9852,330.0414,323.2805,320.83447,321.34702,306.31256,274.0398,299.6012,293.19708,295.1808,297.0583,334.97937,-120863.72,18219.424,6908.148,-78315.49,3100.0,730.47314,206567.14,2904.5996,21428.207,139600.38,37585.754,-21.637943,7860.407,64601.86,5131.974
771,1995-04-26,319.93878,331.9144,324.29648,323.38904,272.32205,340.0813,327.04376,287.03156,296.878,304.333,251.27165,320.76117,331.0578,327.06702,344.31467,330.25824,323.33328,320.89554,321.47537,306.42896,274.0282,299.31122,293.1605,295.20657,297.08618,334.97006,-125660.79,16762.422,6937.1704,-79651.44,3100.0,651.85504,212836.17,2878.1377,21725.557,145023.3,36692.504,-16.50259,7642.08,64861.145,5199.3604
772,1995-05-03,320.02563,332.2018,324.42966,323.50656,272.31604,339.94736,326.95554,288.11124,296.02267,304.22522,251.22159,320.83908,331.38092,327.29022,344.4932,330.5129,323.40207,320.9787,321.58417,306.51736,274.01694,299.08527,293.12366,295.19897,297.10748,334.96075,-132426.53,13553.588,6650.3076,-80323.7,3100.0,511.30722,215042.55,2851.3274,21984.94,151295.44,34458.53,-20.576714,7207.146,65133.27,5197.323
773,1995-05-10,320.10016,332.42657,324.51642,323.58524,272.3005,339.87567,326.87344,289.14713,295.46588,304.1082,251.20007,320.90622,331.5098,327.4432,344.41867,330.76666,323.48538,321.05566,321.66022,306.54474,274.00604,298.89795,293.08676,295.16122,297.11783,334.95148,-137710.53,11034.082,6344.986,-80611.75,3100.0,443.55396,209512.8,2825.5022,22054.012,155746.7,32413.23,-19.950874,6867.776,65313.957,5191.377
774,1995-05-17,320.18576,332.57626,324.55472,323.62912,272.2881,339.98538,326.83334,289.9697,298.3155,304.64603,251.68898,320.96075,331.54224,327.5661,344.2888,330.99313,323.57855,321.13794,321.77344,306.7832,274.00626,299.01077,293.0648,295.14886,297.12064,334.94965,-141874.53,8572.515,5198.8135,-81248.516,3100.0,393.01062,204024.39,2808.587,22751.092,160084.75,31317.648,-4.5877914,6561.607,65296.71,4853.89
775,1995-05-24,320.28162,332.70886,324.6389,323.7301,272.2993,340.20877,326.84586,290.75394,301.49625,305.25455,252.01369,321.01816,331.6463,327.70474,344.31833,331.18192,323.6842,321.23572,321.94586,306.9746,274.01843,299.18524,293.05902,295.22815,297.12708,334.95596,-139692.52,11520.3125,5085.158,-81301.67,3100.0,576.84406,204782.08,2815.262,23529.621,161139.33,34678.453,24.219097,6356.622,65097.895,4644.2007
776,1995-05-31,320.56198,332.9362,324.84222,323.95212,272.3801,341.13226,327.06387,291.9201,325.516,308.23383,254.11705,321.11737,331.9796,328.06876,344.47055,331.45847,323.82877,321.46664,322.3973,308.10687,274.08267,300.6084,293.12524,295.51627,297.16968,334.99854,-146295.39,8864.231,-1232.0807,-93863.23,3100.0,946.1189,207248.47,2895.5454,27078.703,171106.19,36511.76,108.16448,5822.252,64986.727,2453.2527
777,1995-06-07,320.73462,333.17648,325.04166,324.15085,272.4586,341.80585,327.34805,292.77933,329.6337,307.42194,253.21977,321.26758,332.16913,328.2123,344.6386,331.7064,324.018,321.65762,322.46155,307.60825,274.14566,300.7816,293.1896,295.7076,297.26108,335.0404,-147161.9,12357.622,-326.91434,-89317.93,3100.0,1345.9023,209368.0,3014.4346,25561.863,169587.89,36276.75,163.4982,5545.0845,65741.84,3549.183
778,1995-06-14,320.8038,333.32535,325.10168,324.20282,272.48486,341.86435,327.46286,293.08667,322.82242,306.25714,252.4849,321.38733,332.2259,328.283,344.60614,331.87192,324.1696,321.75308,322.46436,307.4397,274.17007,300.5734,293.20007,295.7312,297.34647,335.05533,-151712.75,10775.934,722.0894,-88066.93,3100.0,1500.0,205538.86,3107.5273,24890.814,171172.44,33685.21,116.16894,5510.3574,66464.57,4282.924
779,1995-06-21,320.83478,333.36337,325.16272,324.28738,272.4963,341.69272,327.46326,293.21542,314.06476,305.51102,251.85185,321.4729,332.09967,328.3023,344.27582,331.9699,324.28745,321.81116,322.5543,307.36426,274.17642,300.21634,293.1854,295.78915,297.40796,335.05753,-143479.89,17886.758,3356.7927,-83241.14,3100.0,1500.0,193235.42,3101.1729,24817.95,166263.31,38587.082,69.778305,5716.3936,66590.85,4877.1055
780,1995-06-28,320.88547,333.29083,325.16266,324.3101,272.51968,341.50653,327.40924,293.33,309.13004,305.38232,251.73836,321.5626,331.82773,328.25992,343.81628,332.0029,324.38715,321.87564,322.60596,307.4555,274.17706,299.98358,293.1628,295.8683,297.46457,335.05554,-143745.89,18302.432,3642.8354,-83613.96,3100.0,1227.258,178657.6,3058.9075,25040.8,164260.38,38834.59,43.67006,5810.981,66777.516,4914.3965
781,1995-07-05,321.01907,333.17557,325.20264,324.39276,272.57764,341.64066,327.4157,293.67697,313.52005,306.5446,252.45128,321.658,331.6135,328.27045,343.38818,332.00714,324.485,321.9967,322.8242,307.94235,274.19528,300.26245,293.1651,296.0828,297.53665,335.06564,-137043.52,23050.545,2652.459,-85302.13,3100.0,748.6392,166967.5,3041.673,26599.617,160868.11,43933.24,52.993927,5838.972,66601.84,4171.442
782,1995-07-12,321.15106,333.0455,325.15323,324.3487,272.63367,341.92212,327.49194,294.04764,318.04987,306.7897,252.58315,321.7671,331.33496,328.1821,343.05,331.97604,324.5933,322.1194,322.78082,307.95828,274.22495,300.44754,293.18396,296.2178,297.63733,335.08362,-146739.98,16944.75,300.56204,-90157.36,3100.0,1111.3082,158201.31,3077.759,26312.52,162400.64,38466.76,70.21797,5632.9785,67441.28,4137.503
783,1995-07-19,321.206,332.86954,324.98685,324.18875,272.63358,341.9842,327.5346,294.18433,315.19876,306.0402,252.09839,321.80603,330.9696,327.99384,342.77136,331.86978,324.66913,322.17313,322.62466,307.7314,274.24292,300.27155,293.18723,296.21466,297.72498,335.09332,-148791.23,14483.065,716.5188,-89114.4,3100.0,1187.0581,151508.77,3118.1404,25398.611,160468.28,35228.56,55.576157,5574.7056,68211.64,4681.21
784,1995-07-26,321.25198,332.66327,324.8119,324.0198,272.61758,341.95544,327.5369,294.28104,312.7319,305.79965,252.03844,321.79163,330.69617,327.82343,342.47836,331.71988,324.70187,322.20526,322.51547,307.74356,274.25464,300.18634,293.1826,296.1811,297.78616,335.09854,-149262.73,12245.009,671.4766,-89586.34,3100.0,1087.1448,144877.64,3121.3186,25336.6,159643.67,33423.46,41.155525,5543.8037,68593.8,4699.6543
785,1995-08-02,321.26904,332.43372,324.70325,323.93484,272.6151,341.86203,327.5158,294.32193,309.2719,305.46475,251.75893,321.76166,330.3494,327.64334,342.1814,331.53705,324.70865,322.21487,322.4591,307.65387,274.26154,299.9601,293.172,296.2039,297.82782,335.10022,-139816.7,17352.043,2349.2305,-85716.65,3100.0,631.0814,138610.52,3098.1443,25131.57,152966.3,36883.293,28.62349,5677.0967,68513.9,4975.128
786,1995-08-09,321.27313,332.1697,324.5507,323.79083,272.61975,341.72217,327.4685,294.24423,306.51645,305.24347,251.67091,321.73563,329.92447,327.42258,341.7905,331.3322,324.6954,322.20972,322.32098,307.59045,274.26367,299.78772,293.1556,296.1976,297.86383,335.09842,-141207.08,14904.587,2153.7324,-86809.59,3100.0,657.33093,128277.75,3070.499,24797.934,150399.47,34560.22,18.643852,5748.064,68703.36,5026.158
787,1995-08-16,321.29648,331.8755,324.37564,323.62842,272.61963,341.66873,327.43713,294.22873,306.22824,305.41812,251.85161,321.68854,329.54855,327.20776,341.37424,331.12866,324.66455,322.21057,322.21805,307.64664,274.27005,300.0072,293.14594,296.19077,297.89426,335.09943,-139466.47,13879.876,1799.0717,-87455.945,3100.0,926.5622,119341.484,3052.133,24930.615,147790.81,34004.875,13.294151,5754.6177,68736.016,4831.2427
788,1995-08-23,321.48553,331.66986,324.3291,323.60965,272.68213,342.2858,327.58954,294.6897,324.144,307.9063,253.6662,321.67,329.47125,327.2209,341.18887,331.01282,324.64917,322.332,322.42514,308.5174,274.32056,301.656,293.19855,296.38654,297.95193,335.13113,-137700.0,13201.592,-2818.4702,-95946.61,3100.0,1500.0,117375.7,3100.7356,27723.262,149961.17,36711.754,76.29207,5490.5625,68407.695,2929.848
789,1995-08-30,321.54404,331.53403,324.32925,323.60437,272.741,342.7702,327.82056,294.98615,327.5951,307.12708,252.87766,321.68927,329.40594,327.0762,341.23114,330.8762,324.66348,322.38174,322.28442,308.0145,274.37088,302.14224,293.25192,296.51242,298.03705,335.16284,-134674.4,15988.974,-1800.6975,-92271.06,3100.0,1500.0,121009.75,3203.399,25995.629,144263.9,36046.957,99.872734,5363.3047,69105.164,4065.4497
790,1995-09-06,321.67236,331.48932,324.3129,323.57288,272.79565,343.4643,328.08612,295.16037,339.59583,308.64838,254.09209,321.69955,329.61862,327.1579,341.4968,330.78415,324.66455,322.4673,322.38052,308.66342,274.4341,302.85263,293.32416,296.6367,298.13602,335.20358,-143539.53,8814.94,-6827.3457,-102586.734,255.4448,255.4448,131266.77,3298.2007,27720.871,151874.94,32782.69,138.99896,5172.8467,69521.25,2676.1724
791,1995-09-13,321.74936,331.54233,324.24194,323.46127,272.8073,344.23553,328.44592,295.24384,346.8824,308.15924,253.77171,321.7003,329.73685,327.11334,341.86093,330.76334,324.6848,322.52454,322.16473,308.3051,274.5076,303.40582,293.41177,296.59598,298.24643,335.25168,-156069.19,-766.68225,-8339.903,-104878.82,3100.0,1500.0,140421.14,3474.5815,26016.37,157243.55,23538.012,160.7611,4790.815,70812.195,3275.9163
792,1995-09-20,321.69888,331.58246,324.12106,323.31772,272.76303,344.47766,328.66208,295.0129,339.3232,306.73514,252.92136,321.63135,329.7728,327.02148,342.12827,330.7293,324.66782,322.4784,321.95053,307.848,274.55063,303.5049,293.45825,296.4204,298.30698,335.2786,-154360.8,-1382.2926,-5755.471,-99292.09,255.4448,255.4448,147020.28,3597.791,24443.559,156446.66,21335.822,116.10333,4831.773,71309.17,4277.976
793,1995-09-27,321.71042,331.65964,324.06836,323.2424,272.74194,344.84235,328.84985,294.72855,340.8939,307.2647,253.54277,321.5566,330.05838,327.09857,342.54333,330.7301,324.63226,322.46957,321.94492,308.0945,274.59888,303.7687,293.51352,296.29047,298.33902,335.30917,-158756.05,-6445.23,-7664.3667,-102810.08,255.4448,255.4448,161693.8,3651.151,25030.076,162591.08,18507.332,115.884735,4874.086,71177.984,3564.7546
794,1995-10-04,321.73972,331.86908,324.1691,323.33197,272.75714,345.4203,329.14084,294.296,346.98877,307.7865,253.8783,321.5148,330.43143,327.2611,343.21164,330.82303,324.6226,322.4884,322.0284,308.14627,274.66446,304.6687,293.59497,296.27844,298.37204,335.35196,-155895.61,-3375.2795,-7651.7114,-102279.1,255.4448,255.4448,180249.36,3732.5986,25408.268,164253.6,21663.385,137.14136,5015.9287,70896.766,3327.4158
795,1995-10-11,321.57895,332.11566,324.279,323.40448,272.73938,345.29153,329.23688,293.28397,331.4206,305.37128,252.1006,321.48892,330.84357,327.2997,343.8652,330.89923,324.6103,322.38086,321.83774,307.20093,274.6877,304.13895,293.62,296.13568,298.3836,335.36533,-152290.1,1146.3647,-2540.8958,-92168.95,3100.0,1500.0,199014.19,3792.631,22527.018,160463.19,21461.705,68.57193,5549.5674,71116.64,5376.411
796,1995-10-18,321.42908,332.36765,324.33994,323.4297,272.68573,344.7834,329.096,292.18234,315.17664,304.271,251.59029,321.44333,331.1995,327.43814,344.3904,331.00296,324.5638,322.26196,321.7935,307.055,274.67828,303.98114,293.60202,295.9005,298.35526,335.3558,-156421.27,-1999.4438,-1180.768,-90750.375,3100.0,1500.0,212263.14,3731.6104,22007.475,165162.83,18646.818,6.569763,6085.701,70850.02,5698.8936
797,1995-10-25,321.3463,332.6367,324.41678,323.48364,272.63455,344.49365,328.97986,291.20862,310.26218,304.25137,251.75204,321.40732,331.48773,327.6111,344.73154,331.17218,324.53195,322.1951,321.8156,307.01022,274.67484,303.76645,293.595,295.67844,298.30756,335.35028,-160966.16,-5105.919,-1488.7599,-90597.12,3100.0,1500.0,220699.11,3650.497,21826.795,170479.45,16254.311,-12.146408,6456.472,70307.945,5486.575
798,1995-11-01,321.24307,332.8511,324.5048,323.5667,272.58868,344.271,328.87637,289.81274,305.45386,303.86417,251.50053,321.3818,331.57944,327.7181,344.84436,331.34158,324.52057,322.12387,321.82852,306.76175,274.66995,303.2559,293.5887,295.4942,298.24295,335.3437,-159589.39,-2680.3096,376.60144,-87826.33,3100.0,1500.0,221784.67,3585.0671,21306.043,170362.36,18050.404,-24.819878,7046.917,69726.07,5748.3096
799,1995-11-08,321.1199,332.97803,324.54797,323.61505,272.55234,343.9894,328.75464,288.34302,301.50943,303.70868,251.43002,321.3686,331.53516,327.7647,344.8211,331.47882,324.51556,322.03848,321.84055,306.6203,274.66095,302.80362,293.57928,295.35077,298.17007,335.33414,-158214.25,-729.9174,1649.4307,-85972.28,3100.0,1500.0,219726.84,3517.8933,20998.434,169172.23,19783.463,-24.427635,7564.2065,69032.445,5774.8325
800,1995-11-15,321.04105,333.0576,324.55872,323.6294,272.52487,343.69397,328.6386,287.5294,299.17123,303.6444,251.44469,321.35855,331.55234,327.80908,344.81268,331.57465,324.51218,321.98297,321.85556,306.56223,274.6521,302.34985,293.57227,295.2231,298.09702,335.3246,-159113.67,-1212.9648,1988.7648,-84846.92,3100.0,1500.0,218646.98,3460.6,20936.152,170070.72,19609.445,-33.53074,7742.1562,68415.58,5719.55
801,1995-11-22,320.96558,333.11334,324.5783,323.65598,272.50522,343.41638,328.52975,287.0156,297.6844,303.64224,251.46451,321.34842,331.53064,327.8322,344.81235,331.6492,324.51376,321.93246,321.8763,306.4831,274.6433,302.0569,293.5672,295.13208,298.02277,335.315,-156927.39,1023.60156,3080.7207,-83372.11,3100.0,1500.0,218442.36,3409.7507,20922.973,168757.08,21788.537,-31.40113,7889.968,67790.5,5683.659
802,1995-11-29,320.88818,333.1386,324.57016,323.64923,272.4835,343.1547,328.42947,286.64096,296.69897,303.59937,251.4358,321.34113,331.4479,327.82642,344.73398,331.71204,324.51602,321.88214,321.85333,306.3699,274.6346,302.09714,293.56357,295.03186,297.9512,335.30545,-158680.03,-232.50256,2817.545,-83897.1,3100.0,1500.0,215315.53,3367.0652,20626.762,168816.69,20474.85,-35.769638,7928.248,67477.65,5703.1567
803,1995-12-06,320.81256,333.13867,324.54184,323.6253,272.45267,342.92322,328.3423,286.34222,296.00955,303.5582,251.41704,321.32593,331.38077,327.80533,344.76218,331.7222,324.51474,321.8307,321.82953,306.2681,274.62625,301.82703,293.56107,294.92953,297.87747,335.29605,-158215.66,-17.072632,3097.4392,-83416.46,3100.0,1500.0,217407.03,3330.062,20445.85,167920.8,20615.166,-42.97556,7952.0654,67139.32,5716.285
804,1995-12-13,320.75302,333.1676,324.56442,323.65118,272.43356,342.73,328.2633,286.0931,295.47498,303.6012,251.46623,321.3119,331.46857,327.83624,344.9609,331.7323,324.51007,321.78925,321.85883,306.2368,274.61816,301.5256,293.559,294.87894,297.8027,335.28683,-155314.88,2719.8289,4212.149,-81320.59,3100.0,1500.0,224607.39,3294.167,20609.873,166850.03,23423.928,-46.103897,8029.334,66568.61,5648.9653
805,1995-12-20,320.90128,333.37598,324.68686,323.7824,272.45926,343.73337,328.46478,286.66263,304.9634,307.85254,254.52286,321.33755,331.87494,328.19846,345.57788,331.8909,324.55075,321.88867,322.34488,307.83984,274.6931,303.39935,293.67203,295.10785,297.77237,335.32486,-166087.16,-3913.0283,-704.9075,-91439.73,255.4448,255.4448,245017.4,3365.7139,24921.025,182542.5,22262.74,-168.05566,7630.964,66726.4,3192.7087
806,1995-12-27,320.91187,333.6689,324.87308,323.9332,272.47806,344.09662,328.78696,286.87106,308.84653,305.84286,252.805,321.40674,332.21085,328.3023,345.9893,332.09586,324.64886,321.9508,322.1446,306.52252,274.75714,303.47858,293.76904,295.1104,297.7903,335.35858,-167366.19,-2058.0403,-712.6855,-89255.14,3100.0,1474.5392,255342.64,3466.6516,21162.375,178492.31,20082.207,-84.110275,7392.4897,67131.82,4746.291
807,1996-01-03,320.96594,333.9201,325.02533,324.07898,272.49307,344.25433,328.98907,286.88986,321.7335,306.7821,253.57378,321.46332,332.42508,328.55664,346.10355,332.31186,324.71088,322.0053,322.37778,307.12448,274.7985,303.9427,293.83286,295.12033,297.79797,335.3846,-171550.19,-3465.0916,-3089.7773,-94952.516,3100.0,1468.242,255180.02,3587.7095,23044.871,185128.66,21625.867,10.706009,7356.0737,66864.58,3748.0837
808,1996-01-10,320.88525,334.05682,325.1284,324.1818,272.48392,344.16565,329.10724,286.7121,315.63812,304.93292,252.01082,321.52838,332.38943,328.54837,345.9415,332.4815,324.78183,321.97964,322.28488,306.30685,274.81982,303.23758,293.86743,295.0916,297.79813,335.39694,-166368.84,3087.0625,1380.6786,-86112.78,3100.0,1476.3503,247461.22,3661.5044,20738.145,178631.75,23937.297,19.743164,7489.9272,67254.83,5594.203
809,1996-01-17,320.78333,334.03494,325.09946,324.16434,272.45135,343.72098,328.9925,286.36377,305.75162,304.121,251.56154,321.5567,332.1912,328.50024,345.56155,332.52798,324.80902,321.91696,322.26968,306.2612,274.8103,302.58948,293.85776,295.01337,297.77237,335.3878,-165509.28,3730.316,2808.3708,-84378.66,3100.0,1495.2759,233629.67,3628.0896,20612.586,176720.42,24408.48,-4.9695435,7720.303,67125.44,5863.576
810,1996-01-24,320.70737,333.9113,325.02524,324.11377,272.4262,343.34396,328.8566,286.11957,301.46698,303.9731,251.45308,321.57077,331.86884,328.37936,345.1418,332.50275,324.82175,321.86948,322.23874,306.1962,274.8008,302.10977,293.8469,294.97583,297.74008,335.37866,-162280.02,5837.956,4062.1616,-83134.05,3100.0,1500.0,221087.0,3561.5046,20545.287,172345.45,26285.605,-20.39917,7876.1016,66889.125,5911.4165
811,1996-01-31,320.64096,333.73944,324.91196,324.01947,272.40533,343.0011,328.7227,285.93582,299.06583,303.91165,251.41437,321.57095,331.55457,328.22946,344.9013,332.4092,324.81955,321.82202,322.16827,306.1265,274.79138,301.75806,293.83502,294.94232,297.70657,335.3695,-160798.23,5868.373,4316.052,-82822.91,3100.0,1500.0,215780.86,3498.9563,20328.709,168873.28,26131.799,-30.613098,7955.9956,66722.15,5910.909
812,1996-02-07,320.59406,333.58704,324.81485,323.9338,272.38675,342.6888,328.59796,285.7845,297.5923,303.88147,251.40694,321.5542,331.39548,328.1135,344.83606,332.2823,324.80087,321.7812,322.11298,306.10135,274.78198,301.48264,293.8222,294.9153,297.67038,335.36035,-158201.48,6664.0044,4808.9814,-82074.72,3100.0,1500.0,215782.02,3443.0498,20335.986,166225.45,26898.625,-34.41439,8028.3394,66499.07,5880.459
813,1996-02-14,320.57114,333.47263,324.81403,323.9491,272.39346,342.41754,328.4818,285.65756,296.652,304.0225,251.48894,321.54053,331.34647,328.06445,344.77737,332.15738,324.774,321.75717,322.15778,306.1809,274.77267,301.20224,293.80832,294.97815,297.6346,335.35123,-150105.64,12742.541,6398.5024,-78888.26,3100.0,1500.0,214420.11,3386.028,20928.799,161764.03,32513.66,-37.354134,8205.202,65906.85,5759.841
814,1996-02-21,320.54465,333.3806,324.81018,323.943,272.41135,342.18976,328.3738,285.56683,296.0157,304.0812,251.49396,321.54776,331.30627,328.008,344.78406,332.04782,324.75046,321.7346,322.1238,306.15436,274.76337,300.93304,293.79318,295.0273,297.61298,335.34207,-151412.02,11755.504,5943.307,-80441.75,3100.0,1461.9824,216225.67,3339.8545,20744.016,160828.73,31421.73,-42.291107,8257.984,65889.54,5745.522
815,1996-02-28,320.54968,333.3253,324.80664,323.93683,272.4128,341.9874,328.2727,285.49216,295.5234,304.0908,251.46512,321.5472,331.3674,327.9938,344.78894,331.96967,324.72433,321.72733,322.12866,306.2305,274.7541,300.80768,293.7765,295.0569,297.59567,335.33292,-150433.08,12092.67,6114.7764,-80690.55,3100.0,1305.6588,216254.17,3300.8252,21002.807,160851.78,31973.115,-40.810837,8313.364,65914.7,5733.5796
816,1996-03-06,320.60843,333.29868,324.84442,323.98132,272.41705,341.90854,328.18622,285.4865,295.21902,304.90787,251.62262,321.5542,331.4445,328.04718,344.71164,331.92798,324.70563,321.76044,322.2585,306.52914,274.75104,300.80316,293.76672,295.1477,297.58105,335.32397,-149706.55,12810.908,6083.7783,-80573.5,3100.0,1500.0,212628.53,3258.2424,21932.21,162933.42,33694.58,-76.68707,8439.986,65989.3,5579.608
817,1996-03-13,320.6847,333.27048,324.8528,323.9803,272.4196,341.8201,328.11682,285.46463,295.049,304.38327,251.54845,321.57278,331.48062,328.02823,344.6035,331.90234,324.70575,321.81198,322.19867,306.45782,274.7466,300.59952,293.75302,295.16135,297.57666,335.3152,-152878.7,10395.824,5456.541,-81278.92,3100.0,1429.5618,208887.55,3237.066,21790.97,163459.69,31181.162,-61.526653,8344.603,66070.82,5604.785
818,1996-03-20,320.73123,333.2289,324.84464,323.97653,272.41388,341.72037,328.04092,285.39624,294.8242,304.19138,251.48093,321.57446,331.43777,328.00552,344.53146,331.87314,324.70496,321.8417,322.20715,306.4885,274.73776,300.38666,293.73102,295.16626,297.56747,335.3064,-150706.95,11885.004,6061.26,-80948.04,3100.0,1500.0,207436.39,3215.7983,21980.924,162310.69,32518.441,-50.47003,8405.192,66061.65,5640.8467
819,1996-03-27,320.81122,333.2173,324.8784,324.01312,272.41696,341.64505,327.964,285.3394,294.6272,304.23856,251.47566,321.58282,331.58008,328.0477,344.5814,331.8503,324.7053,321.893,322.2784,306.6461,274.72894,300.19983,293.70694,295.21616,297.55746,335.29758,-148597.19,13523.103,6519.239,-80076.83,3100.0,1202.1384,209240.1,3182.5686,22596.74,162830.69,34425.934,-45.06453,8493.339,65954.44,5593.0894
820,1996-04-03,320.92258,333.25262,324.9263,324.04904,272.4193,341.59967,327.889,285.29837,294.46338,304.22458,251.47102,321.60257,331.75977,328.1153,344.6038,331.86594,324.71747,321.97018,322.32086,306.7666,274.7201,300.15436,293.6809,295.23715,297.55307,335.2888,-152540.48,10923.964,6031.8853,-81098.04,3100.0,1017.4793,208884.39,3154.9185,22974.309,166485.97,32621.258,-41.573586,8503.309,66078.14,5556.859
821,1996-04-10,321.0273,333.30505,325.01007,324.13864,272.4241,341.589,327.8175,285.48383,294.3189,304.56088,251.46996,321.62625,331.90637,328.21066,344.65234,331.90927,324.74188,322.05072,322.45746,306.93484,274.7113,300.2739,293.65308,295.3062,297.54855,335.28,-149507.77,14087.77,6467.81,-79736.83,3100.0,1500.0,209888.75,3119.7932,23723.63,167156.16,35694.035,-49.76043,8489.615,66019.8,5526.8213
822,1996-04-17,321.1168,333.38638,325.1183,324.24652,272.4454,341.68332,327.7571,286.05927,294.21463,304.95932,251.6438,321.67636,332.0677,328.31406,344.7971,331.98447,324.782,322.1266,322.575,307.13132,274.7083,300.77173,293.63168,295.4147,297.55438,335.2712,-149848.84,15312.266,6177.9263,-79766.01,3100.0,1500.0,214109.55,3094.4324,24360.768,168393.6,36799.195,-58.881268,8311.203,66026.65,5383.3203
823,1996-04-24,321.2109,333.49365,325.2034,324.32098,272.4609,341.83078,327.71973,286.8883,294.11642,304.88217,251.66095,321.73544,332.249,328.41232,344.8501,332.06784,324.83093,322.20538,322.63263,307.24155,274.7103,300.86032,293.61557,295.48663,297.5733,335.26242,-152921.45,14033.711,5777.6445,-81725.43,3100.0,1500.0,213545.34,3087.5676,24678.785,170981.53,35749.656,-50.452675,7920.2104,66349.27,5374.132
824,1996-05-01,321.3504,333.58978,325.24377,324.3602,272.46234,342.2882,327.75095,288.36102,294.02896,305.58862,252.40036,321.7855,332.33444,328.52713,344.7266,332.20114,324.89166,322.3142,322.76035,307.69977,274.73322,302.01642,293.627,295.57,297.6022,335.2638,-159185.45,9990.296,4654.9233,-84047.555,3100.0,1500.0,207092.84,3110.009,25964.533,177126.62,33235.58,-85.0398,7266.866,66822.664,4897.4204
825,1996-05-08,321.42795,333.63083,325.23727,324.34842,272.45615,342.5211,327.81082,289.61127,293.97412,304.88443,251.84972,321.82806,332.28653,328.51575,344.5504,332.30762,324.96286,322.39432,322.6934,307.3265,274.7471,302.04852,293.62448,295.56592,297.6365,335.26468,-161713.33,8455.746,4486.3613,-83815.78,3100.0,1500.0,201283.81,3119.5002,24959.93,176845.56,31227.89,-65.79564,6909.7373,67169.836,5308.6904
826,1996-05-15,321.49414,333.60764,325.1802,324.29996,272.44406,342.75482,327.8571,290.4415,293.93613,304.94934,252.15479,321.84406,332.13715,328.4971,344.24222,332.34238,325.01602,322.44974,322.71555,307.53116,274.7542,301.9045,293.61136,295.5526,297.65912,335.2673,-163574.8,6505.4395,4321.2783,-83828.99,3100.0,1500.0,190962.73,3133.808,25490.71,178550.11,29942.24,-69.396454,6654.9434,67272.14,5112.0205
827,1996-05-22,321.5488,333.51337,325.13556,324.2807,272.45184,342.9591,327.90057,291.1232,294.80246,304.79016,251.9711,321.8533,331.89493,328.42123,343.8791,332.32388,325.0621,322.50195,322.7243,307.4646,274.76144,301.617,293.59793,295.58795,297.6797,335.27008,-157782.56,10444.961,4964.7734,-81872.875,3100.0,1500.0,180051.12,3138.6252,25491.25,174202.97,32945.273,-54.51049,6528.474,67085.84,5205.0356
828,1996-05-29,321.63776,333.40723,325.10062,324.27005,272.47443,343.36377,327.98798,291.87088,301.3338,305.80905,252.81413,321.87094,331.75577,328.40323,343.67477,332.28436,325.10745,322.57098,322.84372,307.94693,274.78616,301.9488,293.60904,295.72424,297.71326,335.28513,-156898.78,10846.91,3833.4604,-84491.93,3100.0,1500.0,175821.44,3164.3447,26899.873,174696.7,33992.06,-63.60508,6314.692,67350.76,4645.103
829,1996-06-05,321.73325,333.35294,325.13876,324.31805,272.50793,343.85468,328.163,292.60693,310.999,306.85956,253.18304,321.90213,331.75323,328.42767,343.64426,332.25507,325.1702,322.65747,322.92776,308.09964,274.83075,302.3131,293.6486,295.90875,297.7769,335.31424,-156294.48,11167.578,949.3979,-87272.0,3100.0,1500.0,176016.23,3213.4575,27330.047,174528.19,35502.457,21.353241,6079.586,67419.53,4421.9346
830,1996-06-12,321.88055,333.34406,325.16623,324.34515,272.5675,344.2619,328.37982,293.22726,319.94308,307.31906,253.44759,321.94534,331.80847,328.4681,343.67838,332.2533,325.2351,322.78174,322.97754,308.2615,274.87915,302.68518,293.69458,296.04938,297.8611,335.34628,-161464.8,8132.4233,-1402.5024,-92883.805,3100.0,1500.0,176802.89,3296.9465,27781.059,177080.17,33119.855,72.35602,5782.5225,67738.984,3800.445
831,1996-06-19,321.93362,333.33575,325.2258,324.4156,272.6125,344.3705,328.5278,293.57767,317.32477,306.40698,252.59872,321.99234,331.81378,328.44183,343.74072,332.23325,325.28717,322.8408,322.98523,307.97968,274.90674,302.36447,293.71307,296.1629,297.94675,335.364,-151923.86,15834.523,968.55383,-87353.52,3100.0,1500.0,178610.36,3393.5505,26949.736,170560.94,37297.71,81.32641,5834.1777,68086.75,4753.5244
832,1996-06-26,321.9428,333.3006,325.2563,324.44528,272.64276,344.22668,328.53735,293.71173,311.16562,305.772,252.12054,322.0404,331.78525,328.41476,343.66412,332.18143,325.31454,322.85876,322.97495,307.921,274.9123,301.9627,293.70242,296.23846,298.0239,335.3664,-151216.27,16912.14,1811.9569,-86315.83,3100.0,1500.0,175698.8,3423.2786,26610.938,168684.56,37348.008,52.780502,5931.0024,68446.88,5180.135
833,1996-07-03,321.977,333.2255,325.32028,324.5329,272.68564,344.143,328.5136,293.901,309.18155,306.00085,252.17677,322.08884,331.6571,328.408,343.36902,332.13055,325.33463,322.89218,323.09378,308.1176,274.9173,301.72305,293.69254,296.39346,298.098,335.36838,-142896.34,22592.385,2618.448,-84836.83,3100.0,1500.0,166143.25,3405.3682,27216.404,163909.69,42057.3,40.034294,6065.437,68378.91,5070.823
834,1996-07-10,321.97894,333.06662,325.23428,324.44662,272.7095,343.98962,328.46454,293.9773,304.7576,305.44916,251.75858,322.1399,331.26205,328.24362,342.90527,332.0436,325.35452,322.9006,322.94583,307.90668,274.91595,301.29968,293.67532,296.43634,298.17603,335.36584,-150431.69,17768.299,2045.0674,-86777.01,3100.0,1500.0,152707.44,3391.1345,26199.896,163155.78,36947.996,22.799232,6058.735,69138.945,5511.3633
835,1996-07-17,321.99,332.8177,325.01834,324.24554,272.6958,343.85623,328.39832,293.9868,303.48798,305.36484,251.86829,322.12637,330.77692,328.0242,342.3719,331.9013,325.34637,322.8987,322.81317,307.95526,274.91342,301.11743,293.6577,296.41174,298.23584,335.36237,-152359.03,14210.002,1453.3462,-88413.055,3100.0,1429.4749,139096.06,3373.65,26160.662,161863.55,34222.992,5.7806473,6041.2446,69557.04,5342.4478
836,1996-07-24,322.0125,332.51483,324.78238,324.03006,272.6797,343.8254,328.36536,294.09247,303.82092,305.43015,251.96841,322.07602,330.18378,327.76526,341.83383,331.71082,325.31924,322.8987,322.6665,307.95273,274.91684,301.02966,293.64957,296.38504,298.27936,335.3629,-151833.45,11937.183,1004.077,-89358.875,3100.0,1444.8595,125346.516,3361.484,26042.463,159019.66,32447.879,4.236328,5964.033,69848.2,5250.44
837,1996-07-31,321.99866,332.16406,324.6004,323.87778,272.67673,343.73853,328.32812,294.1424,302.031,305.21243,251.77208,322.0067,329.7422,327.49237,341.37244,331.4554,325.27078,322.87064,322.56152,307.86417,274.9165,300.80167,293.63715,296.41086,298.30685,335.36078,-141025.02,17036.336,2386.1462,-85889.27,3100.0,1247.5101,116620.71,3338.2659,25805.32,150803.28,35922.14,0.024215698,6067.5894,69712.47,5450.333
838,1996-08-07,321.9907,331.81735,324.4106,323.69754,272.68738,343.69037,328.2941,294.1266,302.56534,305.3859,251.9634,321.94315,329.30206,327.2366,341.02094,331.1776,325.20596,322.84174,322.41473,307.9002,274.91782,300.76645,293.6277,296.42657,298.33496,335.35965,-141919.3,14161.091,1384.9713,-88369.13,3100.0,1500.0,109586.14,3321.8462,25737.648,148249.73,33676.742,-1.7614479,6073.1685,69845.586,5230.8477
839,1996-08-14,321.95676,331.47803,324.2062,323.50156,272.6834,343.6039,328.2627,294.09195,300.83694,305.04605,251.74939,321.85837,328.96057,326.95898,340.76865,330.87784,325.1253,322.7899,322.22348,307.7331,274.91705,300.5822,293.61588,296.40405,298.35648,335.357,-138490.58,14059.705,1879.0598,-87116.266,3100.0,1173.0641,106378.1,3310.0667,25118.482,143787.6,32896.4,-5.9212494,6082.3613,69984.055,5466.0557
840,1996-08-21,321.9432,331.1729,324.0818,323.3904,272.6954,343.59204,328.2424,294.1388,302.6054,305.44995,252.06204,321.77005,328.75366,326.77795,340.56943,330.59393,325.03046,322.74954,322.17053,307.88556,274.92014,300.6369,293.60965,296.44662,298.37213,335.35693,-131730.9,16450.521,1697.7235,-87506.49,3100.0,1098.4442,104164.48,3296.8337,25581.213,139756.4,35284.17,-2.269825,6119.176,69786.21,5112.587
841,1996-08-28,321.93942,330.9113,324.00558,323.32025,272.72696,343.7101,328.27545,294.20532,305.57736,305.9,252.30647,321.70822,328.56876,326.62033,340.41583,330.34253,324.9433,322.72183,322.1061,307.94748,274.9328,300.78354,293.61703,296.5269,298.40018,335.3635,-128997.484,16930.521,864.18427,-88927.58,3100.0,1495.0116,102480.414,3305.1494,25643.258,136780.77,35696.887,11.546028,6115.3164,69824.01,4906.4316
842,1996-09-04,321.87305,330.64966,323.8478,323.15393,272.72968,343.6989,328.29584,293.98193,304.4033,305.38055,251.93465,321.64127,328.25977,326.36993,340.26666,330.09027,324.85196,322.64853,321.86725,307.65854,274.93915,300.70657,293.61566,296.49945,298.42908,335.36557,-131514.98,13623.763,674.491,-89874.266,3100.0,1325.6501,100240.516,3323.274,24476.97,134286.58,31856.111,11.987083,6180.7197,70349.305,5323.4854
843,1996-09-11,321.764,330.36682,323.54373,322.82687,272.67343,343.51013,328.2542,293.49918,300.4395,304.48407,251.53825,321.52304,327.91287,326.05573,340.1247,329.82034,324.73135,322.5288,321.4955,307.31192,274.93338,300.5675,293.5975,296.28934,298.43152,335.35913,-139469.03,3731.7375,475.16425,-91446.72,3100.0,1500.0,99210.95,3326.459,22957.248,135529.45,23213.793,-5.3783264,6193.0854,70971.81,5690.4604
844,1996-09-18,321.6489,330.09415,323.26096,322.53802,272.59885,343.30222,328.1819,293.0136,297.9582,304.0087,251.44041,321.3498,327.644,325.7867,340.04898,329.552,324.58078,322.39444,321.2376,307.12408,274.92368,300.62396,293.57382,296.05252,298.39026,335.34982,-135682.84,1893.748,1114.0145,-89290.984,3100.0,1500.0,100341.79,3298.1782,22366.04,133386.02,21454.418,-19.002274,6269.9053,70760.59,5731.9395
845,1996-09-25,321.52368,329.85275,323.03714,322.30045,272.5383,343.14124,328.11053,292.40726,296.74887,303.7247,251.41945,321.1718,327.41534,325.54706,340.04105,329.2831,324.41934,322.25378,320.98465,306.88904,274.91415,300.5776,293.55038,295.80936,298.32104,335.3405,-134885.81,-1598.8018,772.9371,-88722.46,3100.0,1500.0,102761.56,3262.8186,21531.451,132060.2,17964.678,-28.641087,6370.0244,70395.82,5734.7715
846,1996-10-02,321.37708,329.6451,322.88892,322.15747,272.49664,343.01547,328.045,291.48746,296.05453,303.64798,251.42949,320.99957,327.23328,325.35422,340.08716,329.04474,324.25308,322.10004,320.83365,306.7223,274.90482,300.59946,293.52716,295.64423,298.23227,335.33118,-126220.69,2402.3179,2615.8894,-85894.05,3100.0,1500.0,106182.43,3225.5593,21340.71,126900.25,21671.205,-32.14055,6736.695,69628.13,5712.271
847,1996-10-09,321.38763,329.59222,322.9028,322.16257,272.52234,343.46686,328.13904,290.79556,309.53543,305.9219,253.11914,320.8833,327.5291,325.4564,340.34802,328.95853,324.11203,322.0647,320.9724,307.409,274.9332,301.89758,293.55652,295.67648,298.17206,335.34808,-126871.99,895.7904,-854.20105,-93477.45,255.4448,255.4448,117038.086,3273.2185,23592.96,131343.38,23731.887,19.696095,6828.7183,68806.1,3962.6133
848,1996-10-16,321.35107,329.69547,322.96652,322.19278,272.53888,343.9187,328.3476,290.32013,312.90695,305.70288,252.69897,320.81903,327.81662,325.48734,340.8678,328.9131,324.01752,322.0186,320.85413,306.9808,274.96954,302.2001,293.59717,295.63535,298.1442,335.37064,-130304.14,-1563.6587,-1734.8716,-92525.78,3100.0,1500.0,131654.31,3353.8118,22073.975,132555.9,19967.531,48.76821,6773.8916,69054.52,4670.423
849,1996-10-23,321.2584,329.88324,323.0082,322.1956,272.52106,344.13226,328.47916,289.68558,313.22226,305.25955,252.57198,320.7441,328.22083,325.57977,341.4867,328.90375,323.92432,321.9273,320.77338,306.81332,274.99084,302.1132,293.61713,295.4895,298.1058,335.3827,-132822.92,-3989.3118,-2332.5134,-92073.72,3100.0,1500.0,148613.17,3418.8452,21312.328,135625.7,17107.018,43.205795,6883.7183,68941.71,4806.7197
850,1996-10-30,321.078,330.09534,323.07202,322.23593,272.48605,344.0538,328.51102,288.4406,306.64694,304.0811,251.76387,320.6648,328.49368,325.63312,342.12994,328.92175,323.8297,321.77957,320.65857,306.30026,274.9944,301.54172,293.61258,295.3133,298.04456,335.38232,-129039.23,-597.196,416.41946,-87107.16,3100.0,1500.0,164940.3,3432.8208,19872.021,133558.66,18448.412,23.315163,7390.2207,68708.445,5674.5117
851,1996-11-06,320.87094,330.32248,323.1433,322.2898,272.45233,343.7725,328.43927,287.1827,300.98376,303.6441,251.55624,320.59332,328.70856,325.72855,342.64923,328.99078,323.7288,321.6084,320.62744,306.1247,274.98526,301.0677,293.59076,295.16138,297.9648,335.37302,-126906.54,1521.6366,1994.3354,-84906.08,3100.0,1500.0,176557.8,3392.9949,19377.973,133244.11,20163.043,-1.8917236,7789.346,68119.56,5797.8945
852,1996-11-13,320.71967,330.54935,323.23178,322.358,272.429,343.4829,328.35223,286.5406,298.45728,303.52347,251.54463,320.54065,329.014,325.86945,342.94406,329.12216,323.6371,321.4789,320.63974,306.0468,274.97635,300.7267,293.56964,295.03137,297.88193,335.3637,-128133.56,1056.8589,2437.1096,-83735.29,3100.0,1360.9392,181791.73,3348.0046,19182.559,135824.03,19975.656,-17.44585,7901.3037,67555.49,5762.3936
853,1996-11-20,320.57736,330.71802,323.30234,322.42966,272.41394,343.21533,328.2651,286.13052,297.0783,303.5065,251.55783,320.504,329.01016,325.94455,342.96805,329.28226,323.56442,321.3635,320.6627,305.95218,274.9676,300.59317,293.5493,294.9386,297.79706,335.35437,-126367.73,3321.7207,3568.8862,-82281.99,3100.0,1150.161,178767.22,3306.5823,19108.738,135055.11,22163.896,-20.723007,8005.801,66960.375,5733.149
854,1996-11-27,320.4359,330.78424,323.29437,322.42746,272.39685,342.9671,328.18298,285.83496,296.2661,303.4579,251.52744,320.47806,328.82608,325.93677,342.81573,329.40036,323.50516,321.253,320.62714,305.81842,274.95898,300.4279,293.52963,294.83545,297.71466,335.34503,-128007.83,2072.8052,3322.5405,-82835.81,3100.0,1457.8973,172003.66,3271.787,18705.604,134628.02,20842.215,-29.479855,8009.8667,66660.18,5755.1914
855,1996-12-04,320.29926,330.76108,323.23642,322.38153,272.37036,342.73923,328.10767,285.6015,295.6503,303.41382,251.50804,320.4447,328.61905,325.87433,342.6108,329.45563,323.45053,321.1444,320.57782,305.695,274.95084,300.2189,293.51077,294.72922,297.63022,335.33585,-126993.1,2333.9907,3609.7524,-82382.85,3100.0,1389.0575,166222.53,3241.3623,18409.492,132751.31,20987.125,-35.517082,8005.537,66328.04,5767.553
856,1996-12-11,320.18002,330.68307,323.19022,322.352,272.35516,342.52377,328.03806,285.40778,295.25543,303.45544,251.55675,320.40894,328.41373,325.8029,342.38297,329.45126,323.39545,321.04617,320.56055,305.63953,274.94305,300.023,293.49228,294.67496,297.545,335.32684,-122956.95,5173.286,4728.18,-80312.59,3100.0,939.8173,160272.6,3210.7466,18499.055,129505.6,23811.992,-38.15878,8060.5537,65759.164,5701.933
857,1996-12-18,320.0569,330.5807,323.12088,322.28513,272.34375,342.3162,327.97208,285.2502,294.92554,303.42862,251.55025,320.37607,328.24515,325.7024,342.28543,329.40167,323.33975,320.94528,320.4732,305.5028,274.93542,299.91138,293.47348,294.6009,297.46655,335.31778,-123702.97,3700.2136,4218.6523,-81102.14,3100.0,1010.0477,160164.31,3186.1165,17986.67,128008.89,22103.66,-38.022064,8028.6816,65527.047,5707.949
858,1996-12-25,319.92258,330.5109,323.0516,322.2092,272.31577,342.10773,327.90915,285.10867,294.63113,303.33536,251.49133,320.32892,328.21198,325.6261,342.39526,329.32336,323.27664,320.83453,320.37616,305.34573,274.92792,299.8208,293.45404,294.48932,297.38696,335.30875,-123748.445,2460.7954,3868.7505,-81671.77,3100.0,1500.0,165996.75,3165.3428,17462.617,127170.71,20604.805,-38.975204,7967.524,65385.6,5761.433
859,1997-01-01,319.78305,330.5011,323.0263,322.17664,272.28186,341.89523,327.84888,284.97275,294.38797,303.2901,251.43954,320.2761,328.278,325.60077,342.6298,329.25342,323.20642,320.7185,320.31714,305.2229,274.92053,299.67334,293.43365,294.38995,297.30142,335.29968,-121736.71,3389.733,4367.368,-81096.26,3100.0,1043.3811,174005.52,3143.3127,17194.207,126080.07,21378.32,-38.864456,7952.3784,65123.68,5799.0117
860,1997-01-08,319.65244,330.54422,323.06656,322.21616,272.25812,341.68262,327.7901,284.84863,294.2254,303.36862,251.40167,320.23575,328.39597,325.634,342.85745,329.2223,323.1352,320.61084,320.33154,305.18185,274.91327,299.5342,293.41208,294.35956,297.21564,335.2906,-117365.14,7270.1606,5791.463,-79776.61,3100.0,714.43665,180428.73,3118.044,17372.5,124210.86,25211.85,-38.1438,8023.6924,64756.61,5814.359
861,1997-01-15,319.5445,330.61975,323.13138,322.26956,272.24182,341.4746,327.73227,284.7494,294.0538,303.4291,251.37947,320.21878,328.55966,325.6938,343.04077,329.23172,323.0715,320.52127,320.3424,305.15,274.90613,299.44437,293.38916,294.34424,297.1404,335.2815,-117604.664,7654.1147,5919.278,-79714.336,3100.0,1500.0,184929.83,3095.34,17315.25,124718.32,25670.61,-36.815895,8047.018,64552.88,5811.2236
862,1997-01-22,319.42938,330.69525,323.1929,322.3288,272.22678,341.2774,327.6753,284.66696,293.9013,303.4819,251.36002,320.21277,328.61426,325.73682,343.1417,329.26718,323.0174,320.4332,320.3596,305.09338,274.8991,299.3203,293.36478,294.33942,297.07336,335.2724,-116131.04,9634.601,6568.8057,-79136.25,3100.0,950.5952,186799.45,3074.2334,17282.156,123689.164,27503.277,-35.83983,8085.3745,64337.95,5817.992
863,1997-01-29,319.3156,330.72775,323.2121,322.35074,272.2129,341.08282,327.619,284.5987,293.75006,303.50098,251.34938,320.21432,328.51263,325.73416,343.04907,329.308,322.97025,320.34665,320.3481,305.03424,274.89218,299.1437,293.33884,294.3249,297.01352,335.26328,-116670.66,9542.132,6484.297,-79174.164,3100.0,581.0162,181803.08,3055.016,17071.094,122945.516,27319.209,-35.54895,8082.569,64203.76,5811.6787
864,1997-02-05,319.2232,330.69363,323.18817,322.3362,272.19952,340.88867,327.56308,284.53708,293.59933,303.51416,251.35294,320.2114,328.3859,325.69315,342.85568,329.3264,322.92563,320.2716,320.33582,305.01846,274.88538,298.9934,293.3113,294.30957,296.95682,335.25415,-115489.62,10245.641,6780.793,-78643.914,3100.0,412.08932,175638.4,3036.2715,17066.701,121513.945,28078.305,-34.06614,8092.363,64011.617,5782.452
865,1997-02-12,319.1586,330.61725,323.2028,322.3746,272.21017,340.70282,327.50766,284.4842,293.46198,303.68546,251.44026,320.2124,328.25482,325.6614,342.6081,329.3102,322.8832,320.21677,320.40594,305.10837,274.87863,298.86072,293.28223,294.38513,296.90466,335.245,-108110.28,16345.436,8545.271,-75617.61,3100.0,504.3537,168365.1,3011.5007,17675.775,117257.19,34036.562,-32.076477,8230.355,63455.64,5664.5347
866,1997-02-19,319.09232,330.5202,323.19452,322.36957,272.2316,340.53226,327.4524,284.45844,293.37805,303.76477,251.4483,320.23044,328.14792,325.59933,342.48688,329.25943,322.8474,320.16553,320.3776,305.08017,274.87198,298.70938,293.25156,294.44412,296.87012,335.23584,-109639.07,15338.254,7977.812,-77269.33,3100.0,235.4267,167401.16,2991.6602,17475.537,116063.15,32922.246,-32.00737,8245.522,63464.42,5652.8193
867,1997-02-26,319.0608,330.4661,323.19138,322.36343,272.2361,340.36966,327.39694,284.44135,293.29532,303.78717,251.42116,320.2366,328.24686,325.5948,342.5045,329.19897,322.81018,320.12933,320.38782,305.15863,274.8654,298.58768,293.2194,294.47964,296.843,335.22668,-108789.74,15660.615,8068.7065,-77597.55,3100.0,148.98587,169197.95,2974.669,17702.863,116241.18,33460.184,-28.99685,8268.311,63507.586,5642.898
868,1997-03-05,319.07645,330.4753,323.24728,322.41504,272.24152,340.23483,327.3422,284.42932,293.2018,303.8737,251.43092,320.24557,328.45062,325.65784,342.59567,329.16522,322.7772,320.12784,320.4562,305.29797,274.85916,298.50745,293.1861,294.53827,296.8195,335.21768,-107242.9,17217.012,8455.529,-77030.195,3100.0,272.75836,172058.89,2955.321,18245.562,117031.27,35276.35,-27.674946,8327.247,63448.484,5594.206
869,1997-03-12,319.12433,330.53564,323.30252,322.45392,272.24408,340.13986,327.28824,284.4247,293.10953,303.85648,251.45023,320.26465,328.66547,325.73975,342.70218,329.1753,322.75757,320.1529,320.48367,305.38055,274.85318,298.41205,293.1517,294.55304,296.80264,335.2088,-111933.26,13996.222,7642.6577,-77989.07,3100.0,402.61514,174429.86,2940.068,18401.102,120801.53,32730.209,-28.78946,8294.158,63557.027,5543.0557
870,1997-03-19,319.15213,330.61145,323.36417,322.51273,272.24017,340.07892,327.2345,284.41333,293.01938,303.86334,251.42128,320.2805,328.79086,325.8115,342.78842,329.2183,322.75012,320.1717,320.53845,305.4243,274.84726,298.30515,293.11594,294.56976,296.7838,335.19992,-111057.57,15418.887,8047.702,-77796.016,3100.0,310.5246,176432.05,2923.0962,18642.229,121346.59,34095.16,-29.347578,8317.873,63575.035,5555.264
871,1997-03-26,319.217,330.70737,323.4625,322.60782,272.2448,340.02817,327.18076,284.4031,292.9371,303.95078,251.4245,320.30878,329.0652,325.93958,342.86136,329.286,322.7525,320.2139,320.6567,305.60098,274.8414,298.20233,293.0789,294.6279,296.76703,335.19104,-110189.12,17017.803,8525.068,-77002.04,3100.0,341.98923,177419.94,2902.2124,19291.045,123257.664,36129.523,-27.702091,8385.418,63485.754,5503.271
872,1997-04-02,319.31952,330.82736,323.5559,322.68668,272.2484,339.9996,327.1272,284.40143,292.863,303.95343,251.42172,320.3511,329.33713,326.0729,342.91934,329.38208,322.7713,320.288,320.73672,305.73685,274.83554,298.10193,293.04068,294.65347,296.7578,335.18213,-115066.36,14345.727,7868.803,-78064.59,3100.0,199.26843,177856.02,2885.8096,19670.03,127779.69,34198.85,-25.725372,8375.991,63619.64,5466.291
873,1997-04-09,319.42017,330.96494,323.6818,322.81717,272.25406,340.0036,327.0749,284.56564,292.7942,304.46924,251.42162,320.3975,329.60483,326.24503,343.038,329.50943,322.80624,320.3706,320.9332,305.94165,274.82974,298.24423,293.00143,294.7377,296.74997,335.1732,-113269.48,17283.143,8541.9,-76885.5,3100.0,312.7845,180943.05,2857.6892,20452.588,130069.5,37636.574,-30.409184,8424.263,63614.58,5434.6826
874,1997-04-16,319.52228,331.15228,323.84235,322.97293,272.27792,340.22626,327.03912,285.14835,292.73462,304.95523,251.79811,320.4718,329.9397,326.4319,343.3608,329.6514,322.86166,320.45837,321.0983,306.2831,274.83798,298.6292,292.98087,294.86816,296.75537,335.16425,-114698.57,18351.768,8186.315,-77292.3,3100.0,1173.9333,190078.1,2854.699,21407.742,132774.92,38743.387,-37.53068,8158.2344,63625.535,5147.66
875,1997-04-23,319.63498,331.41406,323.99954,323.11328,272.29932,340.53665,327.06662,286.07666,292.68387,305.10507,252.15009,320.55634,330.37747,326.66364,343.6927,329.8466,322.9389,320.55923,321.2397,306.46573,274.85806,298.94324,292.97574,294.97885,296.78317,335.16528,-119475.81,16753.81,7469.2183,-79701.82,3100.0,1500.0,197137.89,2868.656,21911.975,138122.84,37553.566,-44.34578,7762.5356,64054.996,4975.445
876,1997-04-30,319.76297,331.70477,324.14612,323.24045,272.3023,340.81464,327.13177,287.47803,292.64157,305.15964,252.28548,320.63712,330.812,326.91138,343.9653,330.0913,323.03635,320.67902,321.37473,306.61795,274.8804,299.15482,292.97284,295.04486,296.82248,335.1755,-126644.35,13371.224,6648.563,-81084.77,3100.0,1500.0,202687.28,2892.239,22301.738,145323.47,35048.94,-56.80831,7205.9043,64536.42,4902.5195
877,1997-05-07,319.83844,331.96173,324.2528,323.32983,272.2918,340.8205,327.14575,288.63135,292.60852,304.3977,251.62619,320.70773,331.05786,327.06415,344.141,330.32846,323.1382,320.76828,321.38956,306.34506,274.88654,298.85446,292.94684,295.01312,296.8536,335.17523,-131211.7,11577.295,6418.2397,-80704.44,3100.0,1132.1254,205305.78,2901.3257,21553.766,148410.55,32852.344,-38.45977,6867.14,64805.387,5314.907
878,1997-05-14,319.89127,332.15735,324.31204,323.38303,272.27512,340.70984,327.0995,289.33182,292.5861,304.05978,251.47977,320.76007,331.17786,327.192,344.13245,330.54337,323.2268,320.8299,321.45047,306.36868,274.8801,298.59326,292.90326,294.9488,296.86304,335.16623,-134684.14,9914.052,6479.5356,-79910.945,3100.0,858.6785,202440.8,2889.0464,21642.15,151963.94,31527.11,-28.797857,6680.745,64787.125,5368.9336
879,1997-05-21,319.975,332.2901,324.38815,323.47913,272.27936,340.8365,327.0864,290.0468,293.09558,304.612,252.04443,320.81265,331.18167,327.32275,343.92508,330.7474,323.3212,320.9123,321.63885,306.71396,274.887,298.75485,292.87842,295.0024,296.8659,335.16656,-132557.67,12845.971,7184.9087,-78942.09,3100.0,647.8133,193718.38,2880.0796,22826.81,153298.88,34930.742,-31.157185,6516.577,64589.926,4981.805
880,1997-05-28,320.1085,332.3763,324.4625,323.57852,272.3059,341.328,327.18024,290.9417,298.29056,305.78104,252.95052,320.89008,331.1382,327.4512,343.68488,330.9373,323.44357,321.0375,321.8655,307.21127,274.92377,299.3744,292.89572,295.17316,296.8936,335.18784,-134399.95,13136.765,6005.8804,-81796.77,3100.0,959.6348,185288.16,2904.0479,24258.4,156283.61,35880.984,-56.208267,6234.5728,64951.152,4390.964
881,1997-06-04,320.18716,332.39343,324.51306,323.64426,272.33508,341.46768,327.2586,291.48767,297.52472,305.24384,252.17139,320.97668,330.97885,327.44412,343.44077,331.04132,323.57285,321.14124,321.86624,306.8348,274.949,299.2171,292.89767,295.2725,296.94226,335.2013,-132986.81,15530.312,5966.876,-80293.875,3100.0,1441.4261,176847.44,2920.1868,23299.459,152509.0,37044.523,-21.13786,6162.5894,65043.207,4966.582
882,1997-06-11,320.24353,332.3258,324.46567,323.60724,272.34717,341.35645,327.2582,291.73798,297.97372,305.0056,251.97311,321.04086,330.69406,327.38367,343.08783,331.06683,323.66916,321.20593,321.85272,306.86575,274.95554,299.07343,292.87457,295.29544,296.9853,335.20187,-136420.8,12918.987,5398.7236,-81621.23,3100.0,978.8439,165140.73,2929.2278,23286.1,152584.64,34939.766,-2.7104797,6114.848,65305.434,5085.627
883,1997-06-18,320.32227,332.19534,324.45554,323.63553,272.36627,341.43542,327.28214,292.09918,302.30286,305.77478,252.33205,321.08722,330.40573,327.3421,342.58783,331.05215,323.75107,321.2807,321.99518,307.17932,274.9726,299.2184,292.8671,295.43832,297.02734,335.20987,-128464.18,18603.492,5013.413,-81706.266,3100.0,854.9845,150763.47,2940.2412,24371.361,148481.94,40327.53,23.905857,6119.8315,65205.766,4844.544
884,1997-06-25,320.37723,331.96548,324.38245,323.5922,272.39978,341.3501,327.28882,292.3577,300.28436,305.16364,251.7557,321.14932,329.83057,327.1412,341.9884,330.95786,323.82367,321.345,321.92462,306.9525,274.98068,298.93915,292.84842,295.5444,297.08322,335.2118,-126443.266,20249.664,5768.824,-80717.07,3100.0,620.69464,133015.6,2943.198,23672.496,142096.12,40058.004,31.483723,6115.3315,65507.32,5241.008
885,1997-07-02,320.41748,331.6375,324.29077,323.54645,272.43716,341.1795,327.24838,292.54395,298.58774,305.1648,251.65504,321.19128,329.2985,326.93262,341.33554,330.77652,323.86304,321.38275,321.95917,307.0874,274.97824,298.73257,292.81622,295.69226,297.13748,335.2064,-115756.11,26636.832,6726.228,-78696.66,3100.0,462.0242,116860.48,2930.1384,24121.521,133527.4,44996.777,20.040524,6267.075,65424.64,5271.6504
886,1997-07-09,320.44583,331.22925,324.07297,323.3462,272.4622,341.02405,327.1956,292.6535,297.0531,304.88266,251.4637,321.2235,328.6588,326.60257,340.69318,330.52664,323.8807,321.4047,321.76044,306.96814,274.97345,298.62302,292.782,295.74426,297.20044,335.1994,-121602.74,21145.307,5633.926,-81912.19,3100.0,279.3642,101821.71,2915.2585,23480.395,130522.99,39732.64,4.9145203,6224.0005,66059.25,5395.2993
887,1997-07-16,320.6698,330.86667,323.87106,323.17337,272.50732,341.63034,327.3233,293.16928,314.92178,307.6154,253.58998,321.22467,328.26184,326.49753,340.13898,330.3298,323.89062,321.54895,321.88116,307.98184,275.0164,299.87903,292.81537,295.9018,297.2861,335.22574,-127765.59,13604.154,-634.4386,-94145.86,3100.0,1154.5504,89615.52,2984.791,26393.021,135826.03,37573.273,75.37595,5833.459,66202.586,3147.3574
888,1997-07-23,320.7453,330.4567,323.62137,322.9484,272.52734,342.0876,327.52563,293.6148,317.04932,306.44998,252.58221,321.20987,327.51923,326.0684,339.56363,330.05334,323.90976,321.6041,321.55817,307.29013,275.05927,299.77863,292.85007,295.94186,297.3796,335.25232,-124834.95,13976.999,628.17255,-89613.7,3100.0,1068.8484,73859.38,3095.6184,24043.59,127030.71,34452.793,103.76004,5576.095,67234.52,4534.04
889,1997-07-30,320.67694,329.89627,323.33014,322.69098,272.5164,341.91025,327.5395,293.58878,307.37793,305.16656,251.70607,321.12396,326.89514,325.62213,338.95,329.63327,323.85846,321.53317,321.32523,306.99673,275.06146,299.33725,292.82925,295.92725,297.43,335.2506,-111234.41,20181.07,3636.2212,-83389.91,3100.0,799.9214,64094.594,3110.2727,23163.64,115669.78,37871.52,69.29663,5816.917,67332.984,5342.502
890,1997-08-06,320.71533,329.39075,323.11713,322.48502,272.5414,342.02658,327.5695,293.66995,312.15622,306.2944,252.64821,321.04294,326.59872,325.37173,338.4715,329.225,323.77634,321.52658,321.249,307.4479,275.07938,299.78397,292.83145,295.98798,297.48172,335.25986,-112977.14,15710.255,839.4564,-89785.195,3100.0,1422.3909,60426.234,3106.2957,24316.91,115885.81,35996.535,62.29615,5765.34,67347.38,4293.599
891,1997-08-13,320.8193,329.00467,322.98428,322.35715,272.58694,342.55258,327.74133,294.03885,323.64697,307.3064,253.3747,320.97995,326.41226,325.17935,338.16623,328.9146,323.70844,321.57425,321.187,307.68552,275.12698,300.7036,292.8762,296.10074,297.55673,335.28998,-112302.2,13913.479,-1641.6503,-93605.06,255.4448,255.4448,58593.8,3169.7344,24879.064,114960.41,35164.914,113.87515,5490.4517,67578.44,3635.5576
892,1997-08-20,321.0921,328.86063,323.04288,322.42026,272.70123,343.81784,328.17407,294.92368,351.7336,310.2556,255.40022,320.96768,326.7134,325.33075,338.15533,328.7578,323.67654,321.75186,321.4859,308.7437,275.22934,302.7045,292.99863,296.42642,297.67978,335.35858,-112688.82,12296.295,-8602.388,-105108.89,255.4448,255.4448,67145.04,3277.2815,28061.793,120642.805,37596.094,233.57062,4950.6367,67551.5,1376.4895
893,1997-08-27,321.0387,328.74487,323.04318,322.40616,272.75897,344.26752,328.5517,295.19052,344.1431,307.35956,253.02103,320.97968,326.49286,325.01855,338.32043,328.55872,323.66647,321.72495,321.0917,307.39435,275.29242,302.71887,293.06827,296.5082,297.8131,335.4003,-105880.58,18661.703,-3167.6758,-92577.0,3100.0,1500.0,70610.27,3535.2498,23567.484,108241.766,35892.656,181.04109,4868.777,68991.06,4524.898
894,1997-09-03,320.8881,328.56863,322.86694,322.20615,272.74307,344.04324,328.58868,294.74008,327.1007,306.22098,252.44382,320.9165,326.36252,324.81915,338.5186,328.2965,323.57968,321.58908,320.85706,307.26968,275.30344,302.47946,293.06708,296.41418,297.89447,335.40576,-108015.805,14999.827,-1953.9384,-92906.23,3100.0,1500.0,76391.95,3559.5178,22900.941,107680.61,32471.773,100.8864,5247.1045,69579.19,4958.006
895,1997-09-10,320.73117,328.40103,322.61362,321.91544,272.6764,343.78897,328.53183,294.12433,315.0738,304.8232,251.70096,320.808,326.16028,324.54742,338.6946,328.03244,323.46057,321.43832,320.44962,306.74564,275.3024,301.82648,293.05103,296.16113,297.93665,335.4029,-115761.51,5642.5195,-765.5076,-92437.89,3100.0,1500.0,80050.15,3528.3042,20853.947,109006.875,23604.021,42.41504,5424.6553,70286.41,5673.501
896,1997-09-17,320.57983,328.2283,322.36725,321.65717,272.58997,343.47903,328.4017,293.50546,306.77747,304.1032,251.496,320.64246,325.99207,324.335,338.82925,327.76822,323.31152,321.27856,320.1996,306.5373,275.29147,301.2802,293.02347,295.8815,297.92215,335.39313,-112308.93,3860.6255,601.1225,-89526.8,3100.0,1500.0,83553.04,3454.7444,20207.812,107862.38,21919.098,7.084221,5655.876,70013.555,5769.3804
897,1997-09-24,320.4362,328.07538,322.17072,321.44778,272.52066,343.20425,328.2655,292.80325,302.41788,303.7332,251.44258,320.47296,325.8214,324.14474,338.94324,327.55045,323.15607,321.12704,319.96167,306.28842,275.28052,300.89374,292.99844,295.60776,297.87277,335.38333,-111914.63,331.74158,559.0978,-88554.06,3100.0,1500.0,86640.09,3377.642,19356.047,107384.875,18371.502,-3.9262085,5853.9746,69570.17,5776.1616
898,1997-10-01,320.2796,327.94052,322.0405,321.3263,272.47186,342.9457,328.13678,291.80847,299.76535,303.6137,251.43735,320.30942,325.66275,323.99066,339.0486,327.38202,323.00076,320.96988,319.82983,306.1151,275.2695,300.80533,292.97617,295.41992,297.79855,335.37354,-103726.766,4306.4434,2645.0293,-85455.71,3100.0,1500.0,89710.016,3305.405,19217.92,102936.77,22118.21,-14.555374,6293.2124,68729.91,5749.4062
899,1997-10-08,320.131,327.84576,321.9772,321.25946,272.4463,342.7053,328.0227,290.68048,298.0794,303.59845,251.4411,320.1756,325.6173,323.89508,339.18658,327.2245,322.85165,320.82443,319.72455,305.96948,275.25845,300.70187,292.95654,295.2943,297.72083,335.3637,-100074.87,5699.5776,3460.5762,-84287.875,3100.0,1500.0,94240.26,3243.6086,19019.729,100486.914,23419.477,-22.681786,6703.5166,68051.22,5721.86
900,1997-10-15,320.01175,327.81192,321.92975,321.18903,272.4142,342.50174,327.92395,289.7621,296.92273,303.47455,251.4119,320.06046,325.72076,323.85187,339.38812,327.10028,322.7132,320.70078,319.5982,305.81775,275.24734,300.55045,292.93942,295.12787,297.6451,335.35385,-102246.45,2374.5571,2624.2517,-84973.2,3100.0,1500.0,100681.125,3198.2483,18495.133,101798.89,20151.357,-31.111347,6859.744,67696.055,5726.65
901,1997-10-22,319.8862,327.83398,321.88467,321.12106,272.36954,342.339,327.8375,288.89767,296.19504,303.28748,251.40898,319.9475,325.8186,323.82233,339.6572,327.01157,322.5854,320.5762,319.46786,305.60803,275.23615,300.31375,292.92438,294.9157,297.56052,335.344,-103369.47,-212.00903,1980.4054,-84353.51,3100.0,1500.0,108950.97,3163.4585,17776.535,102773.71,17311.486,-38.59412,7032.1567,67218.4,5716.0923
902,1997-10-29,319.7395,327.88046,321.8686,321.0995,272.32953,342.18927,327.75952,287.62775,295.59854,303.21838,251.38068,319.83987,325.83914,323.8064,339.9258,326.9615,322.46536,320.44208,319.3978,305.43094,275.22485,300.05847,292.91095,294.74625,297.46295,335.33408,-99743.13,1980.8354,3188.8044,-82961.7,3100.0,1500.0,115144.664,3128.9363,17498.406,100965.375,19419.262,-44.162777,7482.01,66589.88,5736.8076
903,1997-11-05,319.56427,327.9388,321.8746,321.09888,272.3014,342.0228,327.68768,286.57382,295.20316,303.22934,251.37965,319.75162,325.88834,323.79416,340.1762,326.9399,322.35303,320.29117,319.33307,305.25504,275.21347,299.80786,292.89868,294.6247,297.36404,335.32416,-96765.805,4040.3364,4083.4062,-81603.875,3100.0,1153.5942,121834.02,3096.5056,17111.682,98897.17,21169.104,-37.4177,7727.8804,65952.13,5728.4897
904,1997-11-12,319.4233,328.03796,321.90704,321.11136,272.2803,341.83142,327.62067,286.0258,294.89355,303.2124,251.41109,319.67773,326.13794,323.8565,340.44778,326.9505,322.24573,320.16342,319.3016,305.1709,275.202,299.60333,292.88712,294.51093,297.26907,335.3142,-96882.08,3620.547,4171.285,-80760.6,3100.0,741.4249,129361.45,3069.139,16919.58,100115.87,20949.912,-35.68261,7787.3677,65392.99,5669.5303
905,1997-11-19,319.2819,328.1825,321.97528,321.1656,272.26587,341.6393,327.55807,285.66385,294.6134,303.2355,251.4365,319.61755,326.36057,323.9347,340.7751,327.0053,322.14987,320.04263,319.30063,305.07214,275.19043,299.57272,292.8759,294.4285,297.1761,335.30426,-94573.34,5964.8037,5119.2915,-79476.625,3100.0,1500.0,137960.33,3043.3987,16850.031,99686.1,23150.592,-28.861914,7862.072,64817.363,5635.4204
906,1997-11-26,319.14648,328.38733,322.0568,321.22784,272.24994,341.51843,327.5047,285.44577,294.38547,303.92087,251.53589,319.5757,326.6465,324.08658,341.22345,327.09134,322.06693,319.93228,319.36325,305.09866,275.18375,299.59064,292.87155,294.3666,297.0892,335.29428,-98048.086,3969.0884,4344.1484,-80581.91,3100.0,1500.0,149364.77,3018.3315,16787.121,103692.56,21800.076,-59.25058,7892.358,64671.26,5569.6104
907,1997-12-03,319.00623,328.64874,322.16043,321.3073,272.225,341.34955,327.46237,285.25394,294.22714,303.40558,251.42726,319.54645,326.98938,324.22327,341.71445,327.21942,322.00137,319.8265,319.31537,304.84097,275.1756,299.41608,292.8648,294.265,297.00635,335.28427,-98207.1,4724.309,4629.0356,-79980.555,3100.0,1198.4879,162605.61,3007.343,16205.633,103938.72,21837.477,-49.43711,7791.681,64332.38,5652.434
908,1997-12-10,318.88126,328.9523,322.31622,321.44162,272.20923,341.1419,327.4149,285.05893,294.08118,303.2775,251.45078,319.52725,327.44608,324.442,342.18268,327.39883,321.94574,319.72952,319.40134,304.81827,275.1639,299.22626,292.85242,294.20392,296.92218,335.27444,-97013.586,7470.9805,5890.138,-77886.34,3100.0,957.7226,174397.0,2992.0908,16384.44,105828.81,24723.562,-41.23803,7850.419,63755.836,5602.409
909,1997-12-17,318.75876,329.26245,322.46298,321.5659,272.19745,340.94974,327.36575,284.90314,293.94534,303.23682,251.43797,319.53317,327.74658,324.63477,342.56525,327.6183,321.90735,319.64255,319.44333,304.71494,275.15228,299.06705,292.83917,294.12827,296.84393,335.26474,-101311.68,5745.3726,5388.97,-78668.08,3100.0,738.4263,182358.45,2974.4194,15954.615,109153.7,22993.996,-36.751167,7816.7734,63524.48,5611.0137
910,1997-12-24,318.63086,329.56464,322.56595,321.65186,272.16925,340.75705,327.3157,284.7641,293.81604,303.14578,251.37582,319.5423,328.01675,324.81363,342.96088,327.84998,321.88318,319.55603,319.47647,304.59683,275.14053,298.9405,292.8247,294.01273,296.76462,335.255,-104720.98,4287.217,4827.202,-79239.12,3100.0,853.7241,192259.61,2958.933,15543.016,112264.875,21300.219,-37.06634,7746.3477,63380.562,5663.8774
911,1997-12-31,318.5028,329.88605,322.6962,321.76346,272.1352,340.55545,327.26535,284.62988,293.67896,303.10776,251.32175,319.55362,328.44012,325.03253,343.4053,328.09793,321.86993,319.47226,319.55005,304.51727,275.1287,298.81027,292.80887,293.91052,296.67923,335.24527,-105984.22,4991.9966,5316.876,-78668.43,3100.0,1262.8948,204735.55,2941.3652,15419.163,115235.266,22077.867,-35.55348,7727.2285,63116.316,5700.141
912,1998-01-07,318.38892,330.21704,322.88007,321.9404,272.11118,340.34662,327.215,284.50726,293.54544,303.19974,251.2819,319.58255,328.78763,325.2736,343.7283,328.37036,321.86957,319.4039,319.69528,304.52615,275.1167,298.6589,292.79153,293.88257,296.5935,335.23553,-104807.58,8689.481,6929.389,-77357.67,3100.0,573.54114,211252.75,2919.824,15776.374,116810.0,26131.834,-33.741146,7802.5195,62755.76,5714.362
913,1998-01-14,318.30432,330.4968,323.03653,322.0927,272.0947,340.13843,327.16452,284.41022,293.41693,303.2728,251.25783,319.63684,328.977,325.47183,343.80838,328.65332,321.88687,319.3596,319.8161,304.53952,275.1046,298.51538,292.7726,293.87067,296.519,335.22574,-107629.81,8878.729,7037.472,-77304.53,3100.0,338.2952,209565.6,2900.6487,15860.813,119397.66,26586.148,-31.719364,7826.0977,62559.938,5709.359
914,1998-01-21,318.21707,330.68488,323.13834,322.2045,272.07944,339.9395,327.1138,284.33032,293.35132,303.33444,251.23642,319.69748,328.99118,325.5934,343.75903,328.90213,321.91904,319.32068,319.91595,304.5217,275.09238,298.3891,292.75204,293.86917,296.45352,335.21594,-107956.7,10707.34,7668.776,-76739.48,3100.0,473.23676,206146.22,2882.613,15943.588,119509.73,28414.295,-30.432825,7864.3584,62356.637,5714.0806
915,1998-01-28,318.13422,330.81885,323.20114,322.27057,272.06534,339.74207,327.0629,284.26474,293.26117,303.36093,251.22398,319.75763,329.05756,325.68555,343.80176,329.09216,321.95822,319.28372,319.97867,304.49838,275.08005,298.25238,292.7298,293.85892,296.3961,335.20615,-110065.125,10480.757,7566.501,-76788.75,3100.0,326.0396,207639.75,2866.2349,15868.258,120549.83,28223.213,-30.076555,7862.9707,62234.26,5706.496
916,1998-02-04,318.07614,330.96533,323.27615,322.34335,272.0518,339.5447,327.0119,284.206,293.16278,303.38177,251.22571,319.81052,329.25305,325.80832,343.9727,329.2457,321.99875,319.25992,320.0607,304.5242,275.0676,298.1152,292.70587,293.84787,296.34244,335.1963,-111071.03,11019.513,7845.005,-76274.055,3100.0,179.97244,212911.81,2849.9556,16005.994,122237.99,28975.486,-28.462933,7873.967,62055.566,5676.2183
917,1998-02-11,318.05225,331.1429,323.42874,322.5056,272.06207,339.35745,326.96088,284.15625,293.06723,303.56424,251.3114,319.87256,329.50827,325.98984,344.15176,329.3988,322.04355,319.2616,320.24808,304.66583,275.055,297.97995,292.6802,293.93256,296.29382,335.18646,-106541.09,16970.816,9838.183,-73275.55,3100.0,106.612915,217060.44,2827.2935,16785.0,121876.27,35199.008,-26.388605,8022.0547,61524.023,5557.175
918,1998-02-18,318.03265,331.33163,323.57782,322.6444,272.08334,339.18835,326.90982,284.13483,292.97974,303.6558,251.31775,319.9608,329.76767,326.1544,344.3368,329.56393,322.10138,319.27496,320.35056,304.6912,275.0423,297.85135,292.65286,294.0012,296.26367,335.17657,-111300.24,15732.053,9239.146,-74943.21,3094.0376,38.772728,222307.4,2809.9187,16759.709,124817.45,34063.6,-26.274826,8041.334,61556.113,5544.4136
919,1998-02-25,318.05606,331.54343,323.72092,322.77713,272.08783,339.0304,326.85883,284.12302,292.89624,303.7579,251.28876,320.04504,330.15918,326.35843,344.56964,329.74615,322.1669,319.30997,320.49966,304.835,275.0295,297.78387,292.6239,294.04828,296.24228,335.1667,-113799.78,15752.855,9258.414,-75300.21,3100.0,1324.9114,227903.08,2793.6514,17180.873,128887.61,34580.543,-24.519806,8078.476,61638.703,5533.798
920,1998-03-04,318.13702,331.78308,323.90085,322.95026,272.09317,338.90094,326.80875,284.11752,292.81976,303.80768,251.29689,320.13666,330.53552,326.59265,344.75864,329.96103,322.24475,319.38745,320.6861,305.0241,275.01688,297.85196,292.5937,294.1153,296.22565,335.15698,-115198.21,17142.455,9636.182,-74768.17,3100.0,247.03036,230904.34,2776.9841,17895.02,132561.2,36377.863,-23.387775,8128.294,61597.812,5485.1084
921,1998-03-11,318.33505,332.04077,324.05655,323.1095,272.10483,339.36255,326.8217,284.476,292.75076,305.79813,252.46352,320.24384,330.83215,326.9045,344.80402,330.2279,322.35062,319.53885,321.0473,305.97705,275.0426,298.63492,292.61548,294.26404,296.22488,335.15622,-125781.42,11541.731,7512.4062,-78093.02,3100.0,1500.0,227840.34,2798.5166,20134.291,144568.58,33666.164,-75.323906,7930.247,62036.55,4679.338
922,1998-03-18,318.4528,332.23474,324.18924,323.24268,272.1156,339.4895,326.8554,284.59793,292.6879,304.533,251.6667,320.35745,330.94553,327.00412,344.76474,330.46408,322.49048,319.67853,321.0285,305.3318,275.05774,298.39133,292.62103,294.30893,296.24323,335.1531,-125019.31,14626.5205,8091.4697,-76969.16,3100.0,1135.0371,224464.4,2808.6843,18785.998,141532.58,34846.08,-62.914215,7903.116,62187.113,5262.079
923,1998-03-25,318.57343,332.36023,324.28983,323.35077,272.12054,339.26462,326.82114,284.4766,292.64218,304.06473,251.40157,320.4548,331.0724,327.14218,344.62866,330.64832,322.61407,319.79013,321.18488,305.53128,275.04446,298.0889,292.58524,294.34268,296.2524,335.1435,-124912.99,16321.87,9017.184,-75691.04,3100.0,443.9451,217867.12,2799.4353,19550.531,143504.89,36919.465,-44.171997,8082.0947,62098.863,5376.052
924,1998-04-01,318.74417,332.471,324.36325,323.42285,272.12372,339.13248,326.77274,284.4117,292.61627,303.97617,251.33763,320.55203,331.24115,327.2703,344.61703,330.81558,322.73816,319.9368,321.2974,305.691,275.03104,298.11435,292.54794,294.3608,296.2623,335.13388,-130333.17,13551.553,8525.646,-76576.0,3100.0,1500.0,216803.45,2778.8374,20041.697,148033.47,34970.785,-36.85841,8120.362,62235.223,5373.193
925,1998-04-08,318.97244,332.63745,324.4968,323.57202,272.13593,339.48404,326.81125,284.81076,292.9325,305.24835,252.49252,320.64688,331.50024,327.50806,344.73975,331.00098,322.8823,320.12326,321.6216,306.44278,275.04587,298.7958,292.54916,294.51764,296.28204,335.14407,-130503.164,15524.776,8665.892,-77132.43,3100.0,1500.0,219457.3,2789.249,22332.7,153439.45,38288.04,-67.24386,7976.127,62331.875,4640.749
926,1998-04-15,319.13187,332.80923,324.66553,323.73825,272.16772,339.60907,326.84125,285.3597,293.1128,304.6087,251.67708,320.76956,331.7032,327.64166,344.8366,331.1689,323.04727,320.29388,321.6914,306.0629,275.05286,298.4923,292.53912,294.63217,296.32327,335.14902,-130945.95,17992.229,8959.482,-75886.29,3100.0,921.912,220899.28,2790.9697,21453.6,152552.08,39540.996,-45.150208,7869.398,62413.367,5156.6953
927,1998-04-22,319.26526,332.95062,324.76852,323.83478,272.18076,339.48047,326.7894,285.95328,293.04126,304.28986,251.3769,320.8813,331.892,327.77655,344.8687,331.3169,323.18866,320.4237,321.8002,306.19608,275.0388,298.19946,292.4995,294.67706,296.36008,335.1394,-134964.44,16581.441,8877.869,-77181.914,3100.0,893.44604,220132.3,2779.0066,21825.453,156157.0,38552.83,-25.190302,7678.379,62726.97,5317.7188
928,1998-04-29,319.42035,333.08347,324.83185,323.89215,272.17386,339.429,326.7293,287.0712,293.03632,304.19016,251.32857,320.97556,332.0478,327.90076,344.88657,331.4669,323.32315,320.5676,321.886,306.31006,275.02527,298.0603,292.46066,294.68613,296.39236,335.1302,-140883.81,13372.916,8183.059,-77969.125,3100.0,769.41284,219349.83,2762.76,22181.422,160937.58,35971.254,-21.206718,7231.5303,63049.965,5316.311
929,1998-05-06,319.57193,333.2097,324.8694,323.928,272.1595,339.53024,326.69388,288.2384,293.3996,304.41055,251.62274,321.0512,332.14917,328.01163,344.91446,331.61832,323.45908,320.70615,321.9779,306.49484,275.0194,298.15515,292.43265,294.68704,296.41824,335.1264,-145979.42,10505.52,7421.5,-78903.79,3100.0,931.9511,219270.73,2755.2134,22686.992,165564.19,33747.88,-23.552195,6837.736,63335.65,5120.8994
930,1998-05-13,319.72186,333.32663,324.90024,323.96097,272.15027,339.75662,326.70007,289.1751,295.19257,304.66476,251.96695,321.11453,332.22394,328.11368,344.88632,331.76773,323.59735,320.8445,322.06982,306.657,275.02426,298.33118,292.41986,294.69595,296.44156,335.13013,-149749.89,8427.789,6779.745,-79197.13,3100.0,1000.7909,216768.22,2759.5193,23154.334,169462.58,32251.072,-27.263054,6505.737,63483.18,4887.307
931,1998-05-20,319.85648,333.4044,324.96515,324.0414,272.16064,339.91724,326.71405,289.9432,296.06055,304.68002,251.93634,321.17752,332.23526,328.1915,344.74768,331.89163,323.7322,320.9768,322.18732,306.70712,275.02924,298.33432,292.4077,294.75763,296.46307,335.1341,-146575.86,12079.56,7685.845,-77489.04,3100.0,724.60614,210929.61,2760.0422,23582.824,168661.83,35622.785,-17.541544,6353.18,63348.367,4899.908
932,1998-05-27,320.01065,333.45065,325.04816,324.14102,272.18463,340.21094,326.76575,290.70447,301.4985,305.75693,252.46736,321.25745,332.22357,328.29733,344.54327,332.00052,323.86923,321.1202,322.37207,307.0912,275.04575,298.69897,292.4122,294.9061,296.4977,335.14624,-147879.39,12136.581,5878.296,-80385.86,3100.0,641.98975,203484.36,2767.757,24773.486,170834.9,37422.71,13.642212,6154.015,63466.406,4558.9404
933,1998-06-03,320.19238,333.4838,325.13174,324.24365,272.22345,340.67273,326.894,291.45572,311.3419,306.73856,253.00049,321.35315,332.1985,328.38757,344.38724,332.10376,324.02155,321.29074,322.5438,307.39117,275.0811,299.26,292.44366,295.10614,296.5609,335.17178,-149216.4,12648.878,3513.394,-84187.92,3100.0,1148.8137,197987.97,2824.2766,25698.002,172023.06,38491.547,88.0765,5915.3745,63613.273,4105.673
934,1998-06-10,320.3587,333.4884,325.1423,324.25925,272.26758,340.8948,327.01917,291.9624,312.8294,306.22705,252.58394,321.4497,332.13327,328.38193,344.26202,332.16864,324.16803,321.45236,322.53693,307.22873,275.1075,299.34396,292.46365,295.19992,296.64114,335.1914,-153476.12,10819.307,3302.5703,-84954.0,3100.0,1500.0,193475.77,2882.737,25172.934,172133.16,35694.754,103.15704,5730.9824,64146.516,4285.542
935,1998-06-17,320.439,333.4316,325.1569,324.29742,272.29156,340.78006,327.04276,292.17868,307.0672,305.30527,251.82086,321.5214,331.9637,328.32495,344.0343,332.1613,324.27762,321.5412,322.5687,307.06512,275.10843,299.04205,292.44916,295.28177,296.70795,335.19342,-143988.84,18617.53,5834.4146,-79840.734,3100.0,1285.1025,185969.78,2909.9475,24906.352,165375.5,40567.188,79.3116,5889.201,64346.33,5020.5356
936,1998-06-24,320.6542,333.37326,325.19974,324.36627,272.36005,341.1393,327.1323,292.67343,318.60056,307.1726,253.21446,321.60965,331.86963,328.4132,343.73172,332.18735,324.3817,321.71414,322.81546,307.89685,275.13498,300.18567,292.47137,295.50403,296.7879,335.21344,-147701.97,16071.37,1789.2015,-88287.15,3100.0,1500.0,176037.2,2935.9404,27416.701,169087.34,41240.57,102.23677,5719.0894,64347.21,3496.6199
937,1998-07-01,320.8914,333.34592,325.32352,324.52017,272.45953,341.822,327.3523,293.397,328.79843,308.0733,253.52641,321.74356,331.83405,328.47455,343.6009,332.23956,324.51904,321.92514,323.02243,308.12033,275.1865,301.12085,292.5297,295.8231,296.91653,335.2511,-141697.36,21735.076,543.1917,-88504.875,3100.0,1500.0,172461.08,3011.2527,28154.807,165440.88,45591.16,165.57214,5526.6836,64675.38,3351.5737
938,1998-07-08,320.9537,333.28873,325.29648,324.47372,272.50037,341.95773,327.47372,293.64456,321.4491,306.36008,252.23676,321.86276,331.74557,328.3478,343.59628,332.20398,324.63977,322.00714,322.8207,307.52844,275.2051,300.84692,292.5436,295.89798,297.05334,335.26602,-148945.02,18266.102,1789.3177,-86447.37,3100.0,1500.0,174061.44,3107.7617,25924.643,163809.3,39411.004,121.54619,5476.5845,66009.68,4831.5054
939,1998-07-15,321.06842,333.22943,325.20874,324.3855,272.50607,342.14624,327.54025,293.80252,321.59677,306.86993,252.82039,321.9069,331.66672,328.3417,343.4665,332.14984,324.71118,322.0983,322.85223,307.9491,275.22186,301.11417,292.55624,295.93204,297.16846,335.27966,-154405.47,13226.122,-228.5826,-91086.266,3100.0,1500.0,169686.22,3136.228,27000.07,168349.22,36882.258,106.873535,5421.817,66501.36,4114.3906
940,1998-07-22,321.10135,333.11462,325.08905,324.26422,272.48798,342.17816,327.57382,293.8804,314.8837,305.52023,251.82753,321.92035,331.39383,328.1616,343.19757,332.08047,324.7674,322.1339,322.65033,307.437,275.22794,300.8128,292.55563,295.88202,297.26035,335.286,-153976.56,12942.402,2002.6941,-86627.58,3100.0,1500.0,162141.22,3153.7822,25272.74,164733.58,34297.91,69.075356,5411.676,67249.055,5235.2656
941,1998-07-29,321.38577,333.07495,325.11954,324.33093,272.55273,343.00677,327.77136,294.45837,336.04105,309.00967,254.46504,321.94788,331.4915,328.36328,343.23123,332.08353,324.82135,322.33737,323.07336,308.88297,275.28314,302.56314,292.62512,296.12988,297.3652,335.32663,-153351.03,11728.556,-4554.8516,-98847.305,3100.0,1500.0,164829.42,3182.443,29933.182,171722.6,39024.99,145.43051,5152.546,66665.07,2258.8865
942,1998-08-05,321.6195,333.17737,325.2368,324.43427,272.64877,344.14285,328.19754,295.1515,351.45792,309.15778,254.3523,322.05304,331.71466,328.43958,343.56067,332.17093,324.9463,322.54102,323.08072,308.65622,275.36847,303.60455,292.73898,296.35538,297.52527,335.38867,-159679.4,9676.13,-6615.363,-100368.56,3100.0,1500.0,174479.53,3345.5518,28934.842,173466.8,35369.777,209.02861,4653.1455,67709.62,2769.6968
943,1998-08-12,321.71228,333.29608,325.28275,324.46338,272.68945,344.76733,328.5103,295.44913,348.87442,308.2556,253.72452,322.11685,331.91653,328.49326,343.88388,332.22382,325.04697,322.63397,323.04953,308.44785,275.42352,303.58887,292.81317,296.4275,297.67422,335.4299,-160894.19,9864.803,-5659.2314,-97743.555,3100.0,1500.0,183001.39,3520.493,28014.516,174259.8,33905.652,177.22148,4516.6875,68561.65,3595.9443
944,1998-08-19,321.6729,333.3601,325.3191,324.49057,272.69308,344.72882,328.6016,295.38132,332.5772,306.3888,252.3504,322.14355,331.96985,328.46097,343.96915,332.22418,325.10605,322.62567,322.95062,307.92953,275.43744,302.6675,292.83276,296.41125,297.7846,335.44263,-154646.38,15144.125,-1239.6279,-89669.8,3100.0,1500.0,184501.98,3574.1848,26246.969,169477.4,35453.6,98.55527,4804.051,69079.87,5101.422
945,1998-08-26,321.7079,333.36557,325.3394,324.51926,272.71198,344.60226,328.59213,295.29156,327.2797,306.76526,252.77658,322.1669,331.90295,328.50293,343.76218,332.23376,325.13937,322.65808,323.0439,308.28033,275.44733,302.8544,292.84952,296.45624,297.87595,335.45255,-155111.66,14640.669,-1736.265,-92180.016,3100.0,1500.0,176459.16,3538.4587,27270.068,170867.56,36279.38,72.75441,5048.9536,69038.83,4519.022
946,1998-09-02,321.7725,333.3144,325.28333,324.4649,272.7304,344.66968,328.65546,295.17908,328.12836,307.00916,252.9236,322.20166,331.68903,328.44278,343.43207,332.25638,325.1891,322.71637,322.99445,308.2717,275.47144,303.0031,292.88925,296.48148,297.97446,335.47247,-161631.56,10078.347,-3042.1802,-95409.66,3100.0,1500.0,166907.28,3541.9749,27043.746,172485.84,32542.887,74.184235,5111.853,69573.1,4445.128
947,1998-09-09,321.74646,333.15945,325.03265,324.20023,272.68137,344.4924,328.65942,294.75153,320.83353,305.6161,252.10374,322.17386,331.2548,328.19003,343.06598,332.1832,325.21472,322.6976,322.66504,307.74023,275.47745,302.52902,292.90723,296.28598,298.0456,335.47992,-170885.78,997.4917,-2165.5718,-94758.77,3100.0,1500.0,157563.06,3566.481,24931.36,173240.6,23504.717,48.17479,5176.9795,70473.24,5340.321
948,1998-09-16,321.67447,332.91498,324.72726,323.90433,272.59705,344.0808,328.54968,294.1653,310.7708,304.4976,251.5892,322.05792,330.75827,327.90384,342.72556,332.01678,325.18213,322.62552,322.41324,307.44547,275.46292,302.3271,292.89996,296.02142,298.05566,335.473,-167051.45,-322.1267,-270.14578,-90569.15,3100.0,1500.0,150244.34,3520.7878,24027.287,169579.34,21592.436,10.347427,5443.641,70380.73,5765.1846
949,1998-09-23,321.6007,332.6526,324.46317,323.6384,272.52505,343.69586,328.41107,293.43195,304.54532,303.9826,251.45753,321.92258,330.41434,327.64508,342.55634,331.79538,325.1155,322.54498,322.17938,307.22424,275.4436,302.03543,292.88916,295.75388,298.0243,335.46268,-166172.22,-3783.148,-48.178932,-89333.25,3100.0,1500.0,149646.31,3441.416,23279.523,167745.8,18116.07,-9.9294815,5709.6367,69994.1,5824.8447
950,1998-09-30,321.56155,332.44916,324.31778,323.50488,272.4882,343.58084,328.32755,292.51657,305.915,304.53174,251.95808,321.79153,330.2526,327.50406,342.59653,331.57883,325.03784,322.48843,322.12082,307.31982,275.4356,301.98938,292.897,295.61884,297.97476,335.4602,-158905.02,-647.37213,909.5786,-88724.01,3100.0,1500.0,154279.84,3384.678,23932.986,164398.02,22141.89,-2.724083,6111.644,69132.45,5295.0024
951,1998-10-07,321.56284,332.35367,324.2912,323.4764,272.49094,343.71478,328.34103,291.61087,310.45917,305.3471,252.44655,321.70325,330.3256,327.47354,342.8444,331.43494,324.97498,322.47058,322.1161,307.4109,275.44357,302.3683,292.92966,295.5896,297.93982,335.4689,-157110.22,-128.95679,90.55115,-90133.92,3100.0,1500.0,163495.05,3377.9187,24387.098,164143.98,23490.559,12.195808,6404.1187,68576.71,4852.898
952,1998-10-14,321.62933,332.38284,324.31247,323.48016,272.5039,344.08466,328.46292,291.0617,319.59628,306.16415,253.08147,321.6513,330.54504,327.54123,343.1916,331.38168,324.93765,322.50446,322.13605,307.6055,275.4694,302.95306,292.9894,295.56458,297.9298,335.49017,-162282.92,-4534.0273,-2728.036,-94736.586,3100.0,1500.0,173367.34,3427.4307,24874.506,168804.55,20482.76,47.020386,6355.217,68450.59,4243.2666
953,1998-10-21,321.64752,332.46982,324.33353,323.48007,272.5004,344.4476,328.63406,290.53198,323.29153,306.02036,252.99063,321.60992,330.72876,327.57263,343.493,331.39447,324.92114,322.51285,322.07108,307.389,275.49756,303.39706,293.05426,295.47388,297.92627,335.51324,-165166.2,-6892.16,-3716.091,-94214.51,3100.0,1500.0,181625.28,3502.6958,24016.814,170758.22,17475.496,68.05888,6393.1616,68476.34,4477.2744
954,1998-10-28,321.5751,332.52374,324.34,323.48038,272.47958,344.54648,328.7378,289.39417,319.1131,305.31546,252.46869,321.56265,330.67615,327.54523,343.5821,331.4054,324.8972,322.4581,321.99286,307.05875,275.50946,303.3614,293.0979,295.35767,297.9047,335.5251,-161697.34,-4013.2297,-1849.8025,-90834.45,3100.0,1500.0,182598.81,3545.6267,23128.227,167839.92,18951.195,47.812393,6853.4204,68327.01,5090.8174
955,1998-11-04,321.47604,332.52097,324.31522,323.4591,272.46408,344.5437,328.7798,288.1657,315.87997,305.14136,252.39847,321.5187,330.5491,327.4966,343.5932,331.38962,324.861,322.3787,321.9443,306.9468,275.51392,303.18283,293.13223,295.27222,297.87372,335.5318,-158749.9,-2020.3569,-829.4746,-89469.97,3100.0,1500.0,183184.05,3553.0762,22779.584,165109.58,20564.057,36.696198,7265.143,67926.16,5148.5977
956,1998-11-11,321.3578,332.48825,324.26315,323.40173,272.44055,344.31223,328.74985,287.42303,308.76895,304.1657,251.78052,321.4692,330.5025,327.41086,343.62466,331.3223,324.81174,322.28275,321.8136,306.5768,275.50455,302.47256,293.1481,295.14346,297.83432,335.5289,-156716.62,-1274.0215,890.4211,-85472.73,3100.0,1500.0,184737.47,3534.901,21637.244,162504.12,19845.371,9.824371,7462.2476,67663.664,5773.6445
957,1998-11-18,321.2327,332.4424,324.22076,323.36002,272.41605,343.94247,328.63947,286.88916,302.80847,303.78714,251.62834,321.40634,330.45242,327.34784,343.6849,331.2396,324.74677,322.1766,321.75226,306.45947,275.48456,301.84073,293.1498,295.03223,297.7796,335.51855,-152501.64,1213.002,2583.7344,-83330.9,3100.0,1500.0,187893.78,3480.807,21405.066,159754.33,22015.936,-0.033798218,7683.1143,67113.93,5840.86
958,1998-11-25,321.11765,332.40765,324.18213,323.31506,272.3925,343.58542,328.522,286.51227,299.79147,303.65262,251.56029,321.3486,330.42667,327.29666,343.7705,331.16965,324.68,322.07938,321.67184,306.31674,275.46463,301.3643,293.15204,294.9219,297.72165,335.50818,-152883.0,82.66638,2603.4695,-83606.76,3100.0,1500.0,191484.33,3424.5876,20912.234,159205.81,20705.154,-17.480774,7760.329,66823.516,5874.132
959,1998-12-02,321.00754,332.38132,324.1477,323.27768,272.3612,343.24295,328.40894,286.21515,298.02228,303.56216,251.51581,321.28897,330.38214,327.2511,343.83182,331.11444,324.61368,321.98526,321.60712,306.18704,275.44476,300.98724,293.15463,294.81268,297.65726,335.4978,-151555.03,397.68005,3043.922,-82989.55,3100.0,1060.678,193873.44,3374.3984,20559.816,157967.27,20851.61,-26.823448,7810.1367,66494.38,5890.5054
960,1998-12-09,320.91525,332.35867,324.14346,323.27744,272.34225,342.9242,328.30408,285.97076,296.87344,303.59317,251.56676,321.23593,330.3604,327.22894,343.86017,331.07043,324.54968,321.90393,321.59534,306.13995,275.42526,300.7069,293.1576,294.7588,297.58844,335.48758,-147747.92,3217.5945,4250.1123,-80840.78,3100.0,1016.9578,194907.05,3326.28,20654.994,155771.44,23668.807,-33.761616,7905.533,65930.28,5814.228
961,1998-12-16,320.81964,332.33783,324.12274,323.25015,272.328,342.63312,328.20798,285.77158,296.1634,303.56058,251.55873,321.19553,330.3259,327.1884,343.91516,331.0325,324.49167,321.82263,321.52817,306.0147,275.406,300.47116,293.16037,294.68713,297.52365,335.4775,-149041.1,1728.7976,3793.6406,-81583.766,3100.0,1183.2336,197374.05,3286.501,20160.168,155429.03,21961.895,-39.090614,7904.6826,65708.23,5813.927
962,1998-12-23,320.71384,332.31894,324.07886,323.20038,272.29773,342.36038,328.1193,285.59366,295.58453,303.4625,251.49704,321.14743,330.27017,327.14035,343.9714,330.996,324.4325,321.73364,321.4493,305.8708,275.3868,300.2353,293.16214,294.57935,297.45566,335.46744,-149517.33,462.12292,3520.1287,-82122.57,3100.0,1028.2137,199583.4,3253.0515,19631.047,154983.78,20495.863,-42.908573,7870.0234,65580.32,5861.6533
963,1998-12-30,320.603,332.29477,324.03976,323.16183,272.2621,342.09708,328.03665,285.42596,295.1974,303.4134,251.44244,321.095,330.1893,327.0915,343.98547,330.9599,324.37024,321.63998,321.39197,305.75726,275.36768,299.9972,293.16245,294.48422,297.38016,335.45737,-147469.25,1388.6748,4024.779,-81529.76,3100.0,533.3411,200379.28,3220.219,19365.97,153283.1,21243.629,-42.67572,7875.6704,65334.29,5893.669
964,1999-01-06,320.5169,332.26602,324.0231,323.14847,272.22824,341.83994,327.95886,285.27277,294.88614,303.42548,251.36281,321.04916,330.14453,327.06592,343.9758,330.92377,324.30792,321.56445,321.37064,305.7063,275.34857,299.76898,293.1608,294.4244,297.3024,335.44727,-145420.66,2735.288,4601.2944,-81391.586,3100.0,364.15356,200331.6,3188.4312,19390.695,151889.58,22649.611,-49.09174,7896.3867,65156.66,5941.215
965,1999-01-13,320.4319,332.2348,324.02216,323.15152,272.20535,341.59546,327.88544,285.13965,294.6083,303.48907,251.37978,321.0159,330.0955,327.03168,343.95532,330.88855,324.25067,321.48865,321.35742,305.6682,275.32956,299.55902,293.1569,294.40433,297.22885,335.43713,-141955.83,5361.84,5565.4326,-79542.3,3100.0,252.33241,200060.16,3157.682,19392.72,149415.6,25149.146,-40.523308,7967.5684,64750.863,5889.351
966,1999-01-20,320.3535,332.20267,324.01566,323.1449,272.19223,341.3649,327.81525,285.0284,294.38733,303.52814,251.36461,320.99115,330.0721,327.0046,343.9373,330.8528,324.19473,321.4203,321.33536,305.63467,275.3106,299.36435,293.15048,294.38898,297.16348,335.42703,-141113.45,5806.43,5727.378,-79701.69,3100.0,158.59041,199902.48,3130.4268,19338.074,148418.34,25604.51,-38.402985,7999.1504,64556.816,5877.4893
967,1999-01-27,320.26285,332.15652,324.00748,323.14282,272.17892,341.1492,327.7473,284.9328,294.23212,303.57443,251.34314,320.9697,329.95316,326.95566,343.84497,330.81378,324.1411,321.3464,321.31284,305.57434,275.29175,299.18292,293.14142,294.38785,297.10367,335.4169,-138466.39,7853.549,6384.458,-79182.92,3100.0,64.45725,197144.05,3104.6904,19261.504,145768.31,27429.145,-37.81228,8047.3184,64361.94,5879.593
968,1999-02-03,320.16943,332.06503,323.96356,323.1051,272.1664,340.93658,327.68146,284.85217,294.07013,303.58878,251.33005,320.95035,329.74707,326.8653,343.60266,330.75974,324.08652,321.26874,321.25797,305.50885,275.27295,299.0221,293.12967,294.3782,297.04984,335.40677,-137780.89,7835.4805,6301.9165,-79255.875,3100.0,662.28534,189422.39,3081.3801,19022.934,143610.22,27234.758,-37.837288,8053.6807,64250.695,5869.8135
969,1999-02-10,320.09155,331.9183,323.88257,323.03745,272.15433,340.72568,327.61725,284.77945,293.92148,303.59775,251.33105,320.9231,329.46487,326.74036,343.31546,330.6753,324.02704,321.19708,321.20053,305.48367,275.25424,298.86697,293.11514,294.36768,296.9983,335.39664,-135401.25,8617.698,6597.6016,-78752.09,2913.1147,0.0,180888.31,3059.0164,18983.867,140661.05,27983.648,-36.630203,8071.246,64081.523,5837.708
970,1999-02-17,320.03586,331.74432,323.838,323.02136,272.16623,340.52734,327.5547,284.71683,293.78455,303.76398,251.41599,320.89786,329.19614,326.63132,343.0413,330.55814,323.9638,321.1404,321.22195,305.55942,275.23563,298.70657,293.09793,294.44702,296.9506,335.38647,-126772.17,14790.508,8326.781,-75749.3,2676.3286,0.0,173344.97,3031.1406,19541.02,134847.56,33890.605,-34.485596,8214.613,63546.66,5716.6357
971,1999-02-24,319.97394,331.55762,323.77234,322.96436,272.18903,340.34918,327.4935,284.68204,293.65018,303.83896,251.42146,320.8879,328.95755,326.49243,342.82593,330.41565,323.90268,321.0824,321.1485,305.5192,275.2171,298.56454,293.07803,294.5093,296.91998,335.3763,-127089.42,13862.684,7756.312,-77421.086,2695.6394,0.0,169220.05,3008.6353,19292.877,132274.78,32766.764,-34.322124,8234.981,63575.414,5702.3643
972,1999-03-03,319.94156,331.3832,323.70102,322.89755,272.195,340.18286,327.43323,284.6565,293.51953,303.85727,251.39182,320.86414,328.87177,326.3854,342.66385,330.263,323.83563,321.03586,321.10464,305.58017,275.1987,298.43448,293.0556,294.54788,296.8963,335.36615,-124864.08,14278.975,7844.769,-77767.31,2865.1826,0.0,165743.4,2989.4644,19462.469,130589.16,33295.66,-31.342453,8262.497,63637.203,5690.124
973,1999-03-10,319.95038,331.24295,323.67868,322.88004,272.20193,340.04688,327.37427,284.63766,293.40207,304.1511,251.39926,320.84073,328.87726,326.33817,342.5501,330.1239,323.76917,321.0195,321.13226,305.72165,275.1807,298.3724,293.03113,294.61856,296.87604,335.35617,-122066.75,15721.675,8092.0464,-77233.34,3061.2783,26.386786,163508.75,2964.3367,19973.127,129859.61,35084.383,-33.60751,8360.988,63646.023,5639.0664
974,1999-03-17,320.01187,331.1566,323.6619,322.85654,272.2093,340.1491,327.32858,284.75943,293.34467,304.846,251.75931,320.8272,328.95905,326.33755,342.53558,330.01865,323.7146,321.03882,321.1666,306.0618,275.1768,298.5741,293.02383,294.6832,296.86496,335.34634,-126234.234,11913.265,6791.009,-79042.33,3100.0,176.32185,164188.64,2958.1458,20707.676,133572.61,32489.773,-59.75251,8243.826,63886.86,5347.197
975,1999-03-24,320.02502,331.09384,323.6595,322.8517,272.21228,340.15027,327.29752,284.78955,293.26266,304.241,251.51482,320.81137,328.92365,326.27283,342.48932,329.9352,323.67294,321.0398,321.08493,305.8105,275.16925,298.41138,293.009,294.70493,296.85916,335.3365,-122867.8,14234.76,7340.3564,-78553.82,2953.1155,0.0,162827.22,2952.3022,20212.506,130066.28,33782.547,-50.166252,8234.966,63935.91,5532.4385
976,1999-03-31,320.06003,331.03442,323.67288,322.86588,272.21863,340.03162,327.2491,284.7314,293.18665,304.07452,251.42703,320.79733,329.00122,326.27396,342.42175,329.8668,323.62808,321.04562,321.12177,305.95267,275.15164,298.24664,292.97766,294.7499,296.85123,335.32663,-120006.04,16010.892,8033.888,-77580.81,3100.0,141.5543,160889.5,2934.8398,20730.248,129719.734,35808.76,-40.680252,8344.107,63839.582,5535.129
977,1999-04-07,320.1319,331.02307,323.69366,322.87247,272.2237,339.96155,327.19604,284.69925,293.12204,304.0293,251.40105,320.79385,329.20486,326.31104,342.49332,329.82498,323.59277,321.08102,321.13132,306.05862,275.13416,298.13168,292.9444,294.76892,296.8474,335.3168,-123137.15,13485.228,7464.2227,-78573.98,2985.7598,0.0,164291.56,2915.0676,21002.744,132676.2,33895.574,-36.348137,8352.566,63969.54,5508.445
978,1999-04-14,320.1995,331.07474,323.7818,322.95636,272.23087,339.9401,327.14078,284.8557,293.06564,304.0991,251.39172,320.79437,329.4701,326.40192,342.64276,329.82086,323.56995,321.12122,321.225,306.18817,275.1168,298.08066,292.9096,294.82996,296.8428,335.30695,-119342.38,16943.518,8453.677,-77196.43,3100.0,165.41353,168975.03,2892.1177,21579.168,132843.95,37345.953,-32.130676,8328.307,63858.35,5477.81
979,1999-04-21,320.26648,331.17938,323.90112,323.07227,272.25604,340.13077,327.12402,285.4304,293.0185,304.76343,251.93575,320.82303,329.6973,326.53552,342.81638,329.88602,323.5694,321.16763,321.37033,306.52454,275.11255,298.5614,292.8916,294.95856,296.8514,335.30505,-119966.73,17844.85,7999.759,-77703.625,3100.0,745.07556,173162.42,2883.5461,22499.465,135268.77,38386.582,-38.57183,8154.193,63899.523,5124.5737
980,1999-04-28,320.39584,331.36774,324.01953,323.1835,272.28415,340.75638,327.2382,286.59055,293.69464,306.04456,253.088,320.87173,330.0561,326.7569,343.08502,330.02628,323.60703,321.26212,321.5893,307.16428,275.14413,299.43396,292.9222,295.14954,296.8913,335.32843,-125455.84,15077.343,6327.339,-81815.46,3100.0,1500.0,178751.06,2921.0232,24144.693,142707.6,36993.598,-81.31263,7620.709,64525.777,4393.412
981,1999-05-05,320.46704,331.56537,324.1202,323.26022,272.29407,340.88184,327.3159,287.94962,293.66754,304.82782,251.826,320.9239,330.3285,326.85275,343.3045,330.16534,323.66214,321.34332,321.50992,306.5559,275.15555,299.00677,292.9239,295.1744,296.94443,335.3387,-129294.516,13518.407,6190.2344,-81228.766,3100.0,566.97876,182456.81,2946.1143,22451.352,143530.55,34596.58,-54.87158,7122.414,64989.285,5234.393
982,1999-05-12,320.48666,331.6968,324.1503,323.27692,272.27884,340.67758,327.2672,288.9372,293.48254,304.2391,251.4683,320.9483,330.40845,326.9212,343.28082,330.28845,323.69083,321.36496,321.50772,306.5469,275.13812,298.64517,292.88467,295.11337,296.9692,335.3289,-132739.84,11265.74,6220.3047,-80998.81,3100.0,371.54166,179569.42,2946.5637,22361.48,146350.48,32558.451,-33.378624,6879.811,65187.152,5427.926
983,1999-05-19,320.5702,331.79453,324.15024,323.28586,272.2711,341.02734,327.30838,289.9526,298.97614,305.44254,252.78067,320.96207,330.41217,327.03467,343.11758,330.4506,323.73273,321.4241,321.66953,307.18427,275.15366,299.36078,292.89087,295.15942,296.9896,335.34198,-137037.22,8138.1504,4821.633,-82946.37,3100.0,1500.0,172994.7,2961.7434,24057.027,152428.14,31095.652,-50.258316,6480.0547,65421.773,4530.4883
984,1999-05-26,320.60458,331.85706,324.19485,323.33893,272.28796,341.10092,327.34628,290.69626,296.44348,304.69092,251.85057,320.98563,330.4609,327.04904,343.18536,330.54358,323.78876,321.47592,321.64542,306.69522,275.16092,299.10086,292.88553,295.1942,297.015,335.3494,-131689.55,12922.331,6232.8394,-79755.74,3100.0,856.59247,176126.64,2964.321,22956.203,148096.97,34383.13,-21.53152,6353.25,65248.113,5189.0547
985,1999-06-02,320.62085,331.9395,324.27307,323.41504,272.30457,340.96594,327.30502,291.14645,296.7468,304.68774,251.74599,321.0169,330.64368,327.1435,343.32684,330.6034,323.82428,321.49826,321.73328,306.83957,275.1497,298.89075,292.85452,295.23807,297.03174,335.34384,-131244.42,14175.089,6211.0117,-80471.625,3100.0,583.88446,180413.14,2951.1304,23435.092,149189.75,35738.3,-8.168335,6328.3076,65270.38,5235.5566
986,1999-06-09,320.68716,332.07715,324.40857,323.55185,272.32724,341.2391,327.34418,291.71484,305.19055,306.10507,252.6595,321.06622,330.89865,327.33517,343.47662,330.71945,323.87863,321.5587,321.94592,307.32578,275.1643,299.31335,292.8598,295.38882,297.06467,335.3563,-133220.98,13983.032,3725.3796,-83574.4,3100.0,589.9688,184280.08,2967.826,24807.502,153573.84,37263.723,35.42086,6156.905,65260.676,4612.0024
987,1999-06-16,320.84775,332.25217,324.54218,323.68427,272.38364,341.80713,327.5196,292.43118,317.63425,307.30292,253.44066,321.14432,331.0882,327.53632,343.50336,330.91412,323.97086,321.70065,322.1282,307.69684,275.207,300.04346,292.9047,295.56192,297.12967,335.3884,-141307.86,9889.903,268.05457,-90628.07,3100.0,1465.4158,181420.89,3032.6858,25825.805,159858.67,35031.703,97.128746,5771.589,65552.49,3668.9915
988,1999-06-23,320.8937,332.33524,324.63995,323.8016,272.4261,341.9295,327.6463,292.8223,314.1097,306.02145,252.2994,321.22968,330.96643,327.5363,343.31952,331.03552,324.06754,321.77185,322.14505,307.23743,275.2263,299.76407,292.9178,295.6743,297.20142,335.40436,-132507.38,18490.375,3332.9912,-83673.445,3100.0,1197.5752,172742.1,3102.876,24592.178,152538.88,39177.105,99.75747,5808.3604,65959.77,4845.783
989,1999-06-30,320.8977,332.2852,324.63528,323.8134,272.45303,341.7185,327.62756,292.938,307.23447,305.36105,251.84413,321.3052,330.6832,327.4812,342.92676,331.07697,324.13144,321.79538,322.155,307.22693,275.21893,299.5295,292.8945,295.74017,297.26306,335.40164,-132043.22,19395.934,4183.823,-82879.805,3100.0,760.32983,159850.33,3108.9329,24467.94,149898.4,39322.516,64.443695,5933.116,66255.21,5185.847
990,1999-07-07,321.26498,332.30255,324.79688,324.03122,272.5891,342.79688,327.9051,293.91452,339.2322,310.03873,255.18016,321.4319,330.75195,327.8151,342.57562,331.25513,324.23068,322.07718,322.79666,309.07312,275.29227,301.89465,292.98438,296.19003,297.38422,335.4552,-133139.81,18105.805,-4821.4014,-99762.01,3100.0,1500.0,148677.61,3156.4053,30325.68,158282.84,45114.355,184.89835,5479.2754,65670.336,1431.1821
991,1999-07-14,321.36075,332.27176,324.8202,324.04245,272.67737,343.47388,328.2825,294.56168,340.02386,307.75903,253.16324,321.59937,330.44388,327.6152,342.28625,331.31827,324.39206,322.2027,322.49176,307.84665,275.3552,301.70218,293.06104,296.35498,297.55365,335.50183,-139688.89,17322.402,-2572.9365,-92930.86,3100.0,1500.0,140438.36,3392.453,25898.37,151663.53,37908.902,188.76422,5115.3115,67685.66,4253.672
992,1999-07-21,321.29968,332.07114,324.59036,323.8174,272.65646,343.24847,328.317,294.46902,323.67975,306.13852,252.22917,321.62213,329.9738,327.37085,341.94205,331.18683,324.45206,322.1673,322.27927,307.6152,275.3574,301.18835,293.0542,296.27768,297.6638,335.50604,-140127.7,15179.003,-474.69672,-90164.02,3100.0,1500.0,131488.9,3453.2778,24896.785,148732.08,34915.758,104.92568,5310.8423,68540.21,5088.4956
993,1999-07-28,321.28677,331.8154,324.3705,323.6082,272.6306,343.0772,328.27756,294.43823,316.53973,305.79935,252.13892,321.5879,329.5829,327.15314,341.49503,331.0101,324.45755,322.14954,322.14017,307.62207,275.35654,300.91202,293.04422,296.21173,297.73654,335.508,-139697.47,12995.501,58.509827,-90249.32,3100.0,1500.0,121116.164,3419.2085,24798.39,147140.97,33264.883,59.921806,5387.161,68877.73,5099.0405
994,1999-08-04,321.2701,331.48352,324.1912,323.46976,272.62503,342.94843,328.22153,294.42645,312.04904,305.56442,251.95764,321.5388,328.94095,326.87894,340.9439,330.78342,324.43832,322.12677,322.0544,307.5584,275.35416,300.58017,293.03342,296.22348,297.78723,335.50876,-129320.586,17995.84,1765.9843,-86660.13,3100.0,1479.3228,105490.62,3369.3389,24655.797,138857.6,36828.656,36.147636,5559.649,68733.555,5261.564
995,1999-08-11,321.2299,331.0678,323.9573,323.25354,272.62476,342.7606,328.13455,294.29492,306.92154,305.17352,251.71971,321.48727,328.362,326.54355,340.35703,330.49078,324.39633,322.08102,321.84702,307.39658,275.34494,300.22934,293.01477,296.20026,297.82938,335.50464,-129038.48,15915.535,2039.0339,-86884.59,3100.0,1155.5499,92651.016,3318.896,24001.607,134222.81,34492.316,16.686523,5676.3813,68920.99,5468.2734
996,1999-08-18,321.21155,330.61462,323.6932,323.0142,272.61887,342.64713,328.05667,294.2248,305.90628,305.26675,251.90282,321.40646,327.81683,326.2139,339.83908,330.1689,324.32846,322.03976,321.6834,307.43985,275.33826,300.31622,293.00137,296.1763,297.86166,335.50214,-125697.37,15031.779,1877.2035,-87480.445,3100.0,1230.7782,83713.836,3279.0837,24080.383,129735.41,33994.258,10.804535,5717.6714,68895.54,5236.7915
997,1999-08-25,321.31186,330.24417,323.56082,322.90933,272.6624,343.03577,328.12607,294.52765,317.82153,307.07938,253.19405,321.34116,327.54385,326.0707,339.46683,329.8922,324.26343,322.08414,321.75894,308.03772,275.3641,301.1145,293.03503,296.31488,297.91037,335.52222,-121072.79,15526.159,-1095.9072,-92961.94,3100.0,1500.0,77833.86,3291.268,25937.402,128309.28,36600.883,48.432373,5575.0645,68590.586,3898.0886
998,1999-09-01,321.25275,329.8532,323.4149,322.77325,272.688,343.1007,328.19397,294.548,312.96454,305.62607,251.95354,321.2908,327.08914,325.69232,339.1462,329.54044,324.20358,322.02875,321.462,307.3123,275.37433,300.69745,293.04892,296.35205,297.9664,335.53152,-114398.734,19235.37,1529.0402,-86867.87,3100.0,1500.0,72676.64,3327.4592,23550.824,118060.625,36097.215,40.62053,5645.5195,69140.99,5378.53
999,1999-09-08,321.1498,329.43918,323.1723,322.52118,272.6729,342.87598,328.1285,294.15094,307.6667,305.08875,251.78592,321.1975,326.78394,325.37766,338.91776,329.17316,324.09543,321.91913,321.20956,307.23843,275.36273,300.89127,293.03397,296.2791,297.99933,335.52545,-115854.2,15277.43,1350.26,-89017.41,3100.0,1500.0,73562.37,3309.1992,23108.562,115981.805,32716.06,21.561287,5858.351,69460.375,5398.4146
1000,1999-09-15,321.06418,329.12418,322.89212,322.20587,272.6202,342.75446,328.07486,293.6892,304.75684,304.78986,251.72139,321.07132,326.60468,325.09372,338.90308,328.8148,323.9652,321.81226,320.8682,307.01074,275.35483,300.8825,293.02557,296.08496,298.0131,335.5219,-124440.805,4589.544,277.22794,-91902.73,3100.0,1500.0,79281.734,3289.1575,21988.979,118814.94,23994.281,10.201736,5857.9893,69982.445,5464.296
1001,1999-09-22,320.94824,328.87314,322.64255,321.94244,272.5454,342.6049,328.0057,293.20572,301.256,304.09006,251.44054,320.89932,326.41406,324.8282,339.0151,328.48187,323.8136,321.67825,320.58206,306.7046,275.34137,300.50958,293.01068,295.8434,297.9851,335.5144,-120485.27,3190.2231,1319.7278,-88815.91,3100.0,1500.0,84011.6,3260.4038,21030.316,116345.26,22031.52,-5.3925095,5937.4927,69830.625,5714.4917
1002,1999-09-29,320.81415,328.66187,322.4311,321.7148,272.4802,342.4451,327.91586,292.55753,298.66327,303.67856,251.35988,320.7198,326.23386,324.60327,339.13974,328.19388,323.6486,321.5308,320.3245,306.45886,275.32382,300.1769,292.9913,295.58463,297.92474,335.5039,-119655.94,-298.52106,1054.227,-87994.164,3100.0,1500.0,88216.7,3215.6404,20164.637,115354.375,18420.996,-18.669312,6076.3193,69443.45,5744.6577
1003,1999-10-06,320.66357,328.48236,322.2888,321.57922,272.43472,342.29718,327.82797,291.60104,297.26666,303.57358,251.35426,320.54666,326.06018,324.422,339.25153,327.94946,323.48038,321.37442,320.17563,306.2869,275.3064,299.91525,292.97318,295.40857,297.8422,335.49344,-111066.09,3701.2131,2999.4595,-85039.11,3100.0,1347.6406,91596.56,3167.6719,19978.355,110478.6,22144.521,-21.697975,6470.5415,68646.62,5721.278
1004,1999-10-13,320.51804,328.33157,322.2067,321.49533,272.41202,342.13776,327.74576,290.50342,296.42554,303.57144,251.35977,320.40314,325.96008,324.28757,339.34363,327.73212,323.31723,321.22702,320.0512,306.14066,275.2891,299.69757,292.9562,295.29193,297.75818,335.4829,-106955.875,5122.645,3719.689,-83977.27,3100.0,1110.0045,94538.33,3125.7139,19711.51,107396.79,23428.459,-30.06184,6848.1357,68003.15,5692.2812
1005,1999-10-20,320.39886,328.22366,322.1276,321.39725,272.3826,341.96927,327.67023,289.6103,295.80447,303.4563,251.33199,320.27747,325.96674,324.1889,339.44855,327.55594,323.16357,321.09875,319.90067,305.98578,275.2719,299.52167,292.94028,295.1323,297.67712,335.4724,-108531.07,1834.9194,2817.541,-84740.45,3100.0,715.7404,98825.1,3095.1255,19138.312,107816.8,20147.043,-38.765095,6979.704,67677.01,5694.7397
1006,1999-10-27,320.27097,328.17432,322.05283,321.30423,272.34042,341.80414,327.60138,288.77014,295.36838,303.59933,251.33054,320.1528,326.0233,324.12952,339.6483,327.4197,323.0191,320.96826,319.7819,305.80832,275.25482,299.38528,292.92517,294.93945,297.58765,335.46188,-109582.17,-1004.1804,1949.8744,-84295.055,3100.0,997.8791,106787.836,3065.0596,18459.484,109008.17,17317.705,-57.21692,7185.5815,67298.53,5681.9844
1007,1999-11-03,320.20343,328.27115,322.06635,321.30966,272.31293,342.24393,327.64972,287.95074,295.14865,305.3001,252.80125,320.0405,326.32077,324.25723,340.09085,327.415,322.89896,320.8757,319.91193,306.48273,275.28088,300.41388,292.97067,294.91162,297.50076,335.47073,-108808.945,-596.7741,2045.5327,-85731.945,3100.0,1500.0,121709.0,3089.1494,20297.174,113267.125,19368.283,-145.90257,7317.5737,66965.21,4750.9854
1008,1999-11-10,320.04425,328.48813,322.1786,321.38647,272.30383,342.2638,327.72958,287.0763,295.35715,304.16858,251.86475,319.96667,326.7393,324.30865,340.79416,327.43024,322.80634,320.75793,319.72867,305.58478,275.29782,300.3847,293.00363,294.82642,297.4354,335.47626,-105127.52,3017.3142,2955.1138,-83349.85,3100.0,1496.9673,141317.28,3103.8052,18065.164,108907.34,20871.742,-100.032166,7533.857,66522.01,5417.1904
1009,1999-11-17,320.03247,328.9009,322.3836,321.55057,272.3194,342.61768,327.89178,286.9121,310.27356,306.10513,253.67928,319.92133,327.59726,324.74664,341.65784,327.6522,322.72684,320.71744,320.03497,306.57803,275.33487,301.4366,293.0642,294.86536,297.38724,335.50385,-111207.36,-270.41486,-31.227701,-89309.71,3100.0,1500.0,164105.03,3181.1077,20766.467,120882.34,21290.365,-84.21228,7402.164,66051.625,3785.2144
1010,1999-11-24,320.39337,329.69208,322.90475,322.0393,272.46973,344.29932,328.54428,287.72733,353.32077,311.02615,256.6046,320.0022,329.03275,325.64835,343.02917,328.22006,322.75302,320.99228,320.78162,308.10443,275.47076,304.07846,293.2624,295.26785,297.44086,335.60083,-124250.33,-4973.962,-10658.716,-109958.06,255.4448,255.4448,200448.03,3331.3125,25609.473,141274.39,25933.342,162.4432,6799.366,65248.855,12.871826
1011,1999-12-01,320.25217,330.44498,323.304,322.37692,272.51456,344.66592,329.07852,287.66632,345.07022,306.31003,252.86224,320.14465,329.55576,325.80237,343.96967,328.70984,322.84863,320.95944,320.41153,305.8136,275.53647,303.16318,293.36337,295.23285,297.5129,335.64954,-124603.97,1681.0052,-3235.9368,-90690.55,3100.0,1500.0,216506.48,3724.4753,18414.352,133155.05,20427.43,146.25395,6652.6465,67108.66,5021.6274
1012,1999-12-08,319.968,330.88928,323.40808,322.45712,272.4573,343.94714,328.98184,287.0183,320.14944,304.28336,251.83882,320.1744,329.76086,326.01163,344.16974,329.05765,322.86273,320.76703,320.42313,305.65332,275.51758,302.11563,293.34644,294.9896,297.49976,335.6393,-125321.586,2397.7778,109.24063,-86418.34,3100.0,1500.0,216053.4,3721.4001,17871.473,135599.44,20558.94,50.2305,7094.808,67040.18,5752.701
1013,1999-12-15,319.7957,331.1414,323.49084,322.55615,272.42453,343.3968,328.82645,286.58484,309.5698,303.8722,251.67955,320.20203,329.66855,326.14166,343.9094,329.38232,322.86758,320.65314,320.5111,305.60367,275.499,301.49683,293.3299,294.86346,297.45724,335.6292,-123898.15,5167.4023,2537.1814,-82966.75,3100.0,1500.0,202584.19,3615.71,17964.059,135424.11,23469.064,3.0161438,7385.485,66448.07,5800.7803
1014,1999-12-22,319.6571,331.21185,323.47897,322.55945,272.40198,342.93674,328.66357,286.27338,304.18527,303.6832,251.60474,320.2341,329.4,326.13815,343.5254,329.6053,322.88318,320.56436,320.50613,305.4794,275.48053,301.06076,293.31375,294.7436,297.40698,335.61908,-126527.42,3605.6277,2722.1157,-83060.69,3100.0,1500.0,190036.86,3524.1387,17531.057,135142.84,21840.732,-8.535873,7497.956,66142.445,5826.865
1015,1999-12-29,319.52612,331.16953,323.38287,322.48477,272.36606,342.53882,328.5102,286.02087,300.94168,303.51413,251.51636,320.24268,329.01254,326.05365,343.21567,329.7086,322.8962,320.4775,320.45193,305.33102,275.4622,300.701,293.29816,294.601,297.34705,335.60898,-127289.62,2306.5396,2834.494,-83208.2,3100.0,1329.6919,181455.83,3448.9414,17064.715,133527.58,20445.85,-21.810364,7538.5776,65924.125,5878.7544
1016,2000-01-05,319.39813,331.0843,323.28232,322.40335,272.32605,342.18564,328.37024,285.79794,298.8418,303.53812,251.4486,320.2295,328.7729,325.96246,343.0699,329.73602,322.89706,320.38828,320.4123,305.22333,275.44397,300.71136,293.28314,294.4844,297.27567,335.59885,-125226.88,3124.5486,3497.9563,-82392.45,3100.0,1500.0,179125.92,3380.0593,16904.984,131208.78,21233.902,-36.6482,7615.4,65620.625,5910.6045
1017,2000-01-12,319.28406,331.0102,323.24966,322.3849,272.29718,341.86917,328.24707,285.60287,297.541,303.5581,251.3997,320.21414,328.6682,325.90704,343.0149,329.6898,322.88617,320.30643,320.41074,305.17477,275.42584,300.51224,293.26837,294.43942,297.20074,335.58868,-120203.33,7067.8794,5071.1113,-80852.45,3100.0,1500.0,178604.64,3318.9604,17148.23,127667.44,25066.57,-38.070324,7729.628,65196.41,5922.4985
1018,2000-01-19,319.194,330.94952,323.2408,322.3775,272.2764,341.5989,328.13617,285.4409,296.6532,303.5357,251.36913,320.20868,328.63895,325.87033,342.99136,329.63046,322.86902,320.23886,320.3926,305.1319,275.40778,300.18268,293.25345,294.40915,297.13397,335.57855,-119485.23,7541.65,5361.108,-80634.4,3100.0,1188.1445,178712.48,3269.67,17088.607,126485.16,25546.719,-37.086964,7786.5464,64932.176,5913.632
1019,2000-01-26,319.09653,330.90497,323.24237,322.3826,272.2573,341.36917,328.03372,285.30203,295.97992,303.55603,251.3429,320.20422,328.61246,325.83875,343.03662,329.58435,322.84778,320.16907,320.3822,305.0682,275.3898,300.0939,293.23798,294.39288,297.07346,335.5684,-117117.25,9575.39,6121.975,-79931.266,3100.0,1500.0,181547.64,3226.1135,17045.88,124367.08,27398.898,-39.14408,7859.115,64672.797,5914.4175
1020,2000-02-02,318.99985,330.90546,323.26157,322.39197,272.23972,341.15103,327.9394,285.1835,295.45685,303.56018,251.32678,320.2033,328.74918,325.8478,343.23233,329.54294,322.8228,320.09854,320.36447,305.0068,275.37183,300.0395,293.22156,294.37048,297.01886,335.5582,-117422.63,9501.723,6115.8237,-79872.445,3100.0,1500.0,189459.3,3188.0364,16884.443,124353.99,27229.424,-39.813103,7884.926,64504.72,5905.0703
1021,2000-02-09,318.92456,330.96915,323.31784,322.4359,272.22296,340.9433,327.85178,285.07718,295.10516,303.56512,251.32571,320.2039,328.96646,325.9106,343.4621,329.52887,322.79657,320.04086,320.3849,304.99945,275.35394,299.8302,293.2039,294.34903,296.96652,335.54803,-117164.24,10158.976,6469.9023,-79264.836,3100.0,1471.9781,195959.94,3154.0889,16932.314,125187.91,28000.484,-38.183624,7918.1562,64284.78,5873.2593
1022,2000-02-16,318.87952,331.06607,323.44357,322.56644,272.23056,340.75943,327.76868,284.9843,294.83395,303.73203,251.40924,320.22107,329.18027,326.02408,343.6201,329.56302,322.7766,320.00824,320.51373,305.10663,275.33606,299.62872,293.18475,294.41946,296.91818,335.53784,-111430.84,16162.916,8259.913,-76173.96,3100.0,1403.3992,199051.83,3116.441,17596.943,123665.125,33947.67,-35.980507,8074.824,63704.895,5751.7153
1023,2000-02-23,318.83636,331.16916,323.54846,322.6621,272.24915,340.59842,327.68924,284.9223,294.58145,303.81055,251.41388,320.26767,329.32434,326.11215,343.73706,329.62872,322.7722,319.98557,320.5585,305.10202,275.3182,299.43222,293.164,294.4746,296.88715,335.52765,-114905.93,15034.045,7727.631,-77776.37,3100.0,871.84674,202045.72,3085.75,17481.193,125126.91,32844.035,-35.10656,8106.416,63696.066,5737.0015
1024,2000-03-01,318.83228,331.28186,323.62933,322.73764,272.2511,340.4444,327.61295,284.8726,294.38788,303.8338,251.38383,320.31055,329.52908,326.22357,343.8202,329.71548,322.7763,319.9834,320.63843,305.20544,275.30038,299.21323,293.14157,294.50754,296.86334,335.51746,-115837.07,15235.635,7846.1636,-78064.1,3100.0,588.9258,203303.31,3059.5444,17792.97,127184.16,33389.55,-32.20491,8143.699,63726.152,5723.5605
1025,2000-03-08,318.87943,331.40253,323.73447,322.84286,272.2542,340.3129,327.5407,284.8315,294.24945,303.9215,251.39113,320.3585,329.73813,326.35944,343.84836,329.823,322.79233,320.01996,320.7642,305.36777,275.28284,299.0241,293.11786,294.56448,296.84305,335.50745,-115671.0,16684.293,8253.535,-77462.945,3100.0,439.90335,202385.33,3032.1494,18413.137,129105.47,35208.52,-31.36367,8215.233,63656.555,5670.654
1026,2000-03-15,318.96735,331.52054,323.8128,322.91483,272.25534,340.25256,327.47443,284.8276,294.10104,304.3314,251.47672,320.41525,329.9197,326.49747,343.84668,329.94586,322.82648,320.0892,320.8809,305.56052,275.26828,298.94104,293.09647,294.5992,296.8296,335.49756,-122010.484,12962.818,7183.978,-78665.336,3100.0,1500.0,200465.17,3006.809,18842.43,134667.17,32650.037,-49.00885,8226.415,63846.492,5568.6753
1027,2000-03-22,319.03348,331.62042,323.88525,322.989,272.2508,340.19937,327.41492,284.81192,293.96652,304.09772,251.41467,320.46677,330.01413,326.57626,343.86105,330.06268,322.87637,320.15204,320.9357,305.5542,275.2534,298.82843,293.073,294.6193,296.8169,335.48767,-121401.33,14644.898,7654.152,-78360.305,3100.0,472.49792,200639.25,2989.0771,19019.443,134555.27,33988.676,-43.664795,8208.64,63853.97,5604.366
1028,2000-03-29,319.13324,331.72336,323.98196,323.08734,272.25403,340.12372,327.353,284.77557,293.84958,304.04495,251.39128,320.52176,330.23804,326.7062,343.86548,330.1735,322.9305,320.23184,321.06848,305.73184,275.23642,298.68378,293.0449,294.67197,296.80545,335.47778,-120816.0,16260.733,8240.409,-77494.07,3100.0,460.98117,199566.89,2968.3176,19705.54,136447.2,36017.887,-36.44862,8288.203,63748.11,5565.935
1029,2000-04-05,319.2709,331.83243,324.066,323.16302,272.25632,340.07147,327.29,284.74905,293.73502,304.018,251.37946,320.58533,330.44965,326.8317,343.84302,330.29333,322.9958,320.34186,321.16208,305.8782,275.21915,298.6177,293.0147,294.6949,296.80014,335.46786,-125910.35,13571.587,7633.9473,-78514.96,3100.0,593.011,197403.11,2947.5012,20151.209,140930.23,34096.26,-32.65417,8291.875,63874.176,5530.694
1030,2000-04-12,319.40536,331.93875,324.17255,323.2776,272.26086,340.057,327.22787,284.9076,293.62772,304.098,251.37462,320.64722,330.63412,326.96106,343.8746,330.41174,323.07147,320.45587,321.31625,306.0421,275.20187,298.5699,292.9831,294.75946,296.79523,335.45795,-123408.41,16907.225,8611.44,-77145.56,3100.0,1219.4788,197624.53,2922.759,20890.455,141673.97,37547.863,-28.96217,8267.08,63763.906,5498.0923
1031,2000-04-19,319.51245,332.05487,324.29437,323.40125,272.28055,340.06448,327.16714,285.35492,293.53067,304.2109,251.40054,320.7271,330.81177,327.08536,343.96515,330.52832,323.15726,320.55756,321.44394,306.1499,275.1846,298.48547,292.95013,294.85147,296.7995,335.44803,-124039.516,18335.771,8596.697,-76804.95,3100.0,706.7878,199862.78,2897.7668,21283.04,142856.8,38736.465,-24.215624,8170.267,63722.07,5450.425
1032,2000-04-26,319.66895,332.19714,324.39508,323.50183,272.298,340.42996,327.12918,286.29828,293.43777,305.28833,251.95857,320.8123,331.04617,327.2606,344.05817,330.66846,323.2488,320.68292,321.651,306.7509,275.19226,298.8749,292.95062,294.97772,296.81616,335.4381,-129411.125,15705.372,7513.7954,-79945.06,3100.0,1256.9408,200549.34,2902.522,22755.799,149262.5,37597.61,-47.346115,7693.156,64156.598,5042.7827
1033,2000-05-03,319.7943,332.34372,324.46786,323.56177,272.2998,340.5575,327.11813,287.60635,293.3818,304.56876,251.55023,320.89188,331.2425,327.3613,344.13574,330.81244,323.3525,320.80862,321.64346,306.41397,275.19315,298.748,292.94034,295.00485,296.84564,335.4282,-134108.78,13503.683,7017.385,-80220.18,3100.0,669.71686,201519.16,2898.4795,21982.89,151488.53,35126.914,-36.16014,7218.892,64566.133,5344.621
1034,2000-05-10,319.92932,332.49188,324.50565,323.59842,272.28824,340.8014,327.1515,288.90042,293.32492,305.17105,252.33182,320.94836,331.36453,327.50677,344.18616,330.98514,323.45944,320.92377,321.79175,306.90363,275.19974,299.27853,292.93652,295.04175,296.8719,335.43326,-139863.42,9985.107,6080.1787,-81929.26,3100.0,1500.0,201375.36,2913.3176,23244.516,158036.64,32822.258,-62.047577,6769.6646,64936.31,4865.6123
1035,2000-05-17,320.03302,332.62866,324.54214,323.62985,272.28165,340.94485,327.2004,289.82816,293.26608,304.706,251.92715,320.99866,331.4855,327.5845,344.27225,331.13434,323.57275,321.03275,321.79178,306.6468,275.20648,299.3167,292.93198,295.0314,296.8988,335.4391,-142388.19,8911.329,5826.9834,-81152.47,3100.0,1500.0,202932.08,2922.7349,22612.328,159567.4,31362.066,-54.30153,6478.2407,65079.375,5122.167
1036,2000-05-24,320.1762,332.78555,324.6392,323.74097,272.29434,341.3584,327.30444,290.77634,299.31857,305.85062,253.10123,321.0476,331.68716,327.78632,344.36557,331.3059,323.6865,321.15582,322.06537,307.3408,275.23154,299.98495,292.9524,295.16095,296.92532,335.45917,-141510.61,10977.18,5607.803,-81726.086,3100.0,1500.0,204913.2,2955.4941,24731.107,164236.1,34523.504,-73.6556,6219.8135,65131.113,4291.4043
1037,2000-05-31,320.31042,332.9678,324.80927,323.9098,272.3289,341.7357,327.45612,291.64685,305.53906,306.2243,252.82608,321.1338,331.91748,327.96338,344.5206,331.50366,323.82605,321.29904,322.19388,307.24194,275.26535,300.44525,292.98505,295.3141,296.9792,335.48566,-142825.98,12066.681,3826.6096,-83571.54,3100.0,1500.0,208158.61,2984.0935,24588.287,165645.22,36011.15,-13.122002,5976.0684,65320.43,4550.9307
1038,2000-06-07,320.43988,333.1645,324.98172,324.082,272.36542,341.99408,327.59628,292.2584,312.47705,306.79834,253.01677,321.2381,332.14508,328.16727,344.71362,331.70618,323.96545,321.4339,322.3901,307.4804,275.2942,301.2477,293.01108,295.4712,297.04654,335.50894,-145195.31,12770.031,2136.0872,-86223.55,3100.0,1500.0,212208.3,3046.956,25381.15,168877.97,37144.49,54.74263,5850.805,65426.84,4351.7505
1039,2000-06-14,320.63727,333.37164,325.11966,324.21655,272.4255,342.36966,327.79242,292.8295,321.48676,307.16492,253.3303,321.3607,332.33524,328.36365,344.76108,331.92743,324.11667,321.6187,322.54346,307.70486,275.33093,301.96112,293.04883,295.59976,297.13116,335.53806,-153061.86,9491.802,68.60998,-90941.484,3100.0,1500.0,210364.34,3126.9343,26098.666,174178.34,34713.707,94.068344,5574.8765,65785.336,3735.5005
1040,2000-06-21,320.7918,333.52527,325.28098,324.3964,272.4844,342.76355,327.98865,293.30023,324.4249,307.0721,253.0812,321.49033,332.4283,328.507,344.72238,332.12415,324.2716,321.7756,322.72934,307.7446,275.36264,302.28262,293.0806,295.7634,297.22235,335.56387,-147402.92,16031.807,829.12616,-88390.555,255.4448,255.4448,207528.06,3220.154,26386.617,171878.0,39325.086,126.72956,5539.84,66056.53,4082.1929
1041,2000-06-28,321.02414,333.6829,325.45233,324.57913,272.5684,343.46808,328.23993,293.8967,334.4114,308.2839,253.88882,321.65872,332.62112,328.7374,344.83902,332.3143,324.43747,321.98932,323.01083,308.31903,275.40918,302.80304,293.13434,296.0027,297.34732,335.60025,-152869.31,14331.921,-2469.6147,-94442.48,255.4448,255.4448,210311.33,3311.8079,28045.629,177115.98,39515.918,159.59982,5307.444,66399.17,3204.2476
1042,2000-07-05,321.08813,333.8362,325.64062,324.77258,272.62262,343.7137,328.41556,294.19647,325.78464,306.5894,252.35349,321.8244,332.77924,328.80734,345.04068,332.45505,324.60663,322.09357,323.0437,307.71985,275.4288,302.40958,293.15222,296.16226,297.47705,335.61804,-144448.81,23501.21,1798.8387,-84879.695,3100.0,1500.0,216161.98,3411.0178,26115.812,170125.36,43203.586,121.26825,5421.415,67108.65,5033.917
1043,2000-07-12,321.0901,333.9178,325.67093,324.78235,272.62915,343.4529,328.3654,294.09976,312.15784,305.48206,251.69208,321.9478,332.76657,328.83243,344.8596,332.53043,324.72668,322.1307,322.9945,307.60016,275.41293,301.87143,293.1224,296.15634,297.58093,335.611,-154356.34,18218.506,2285.9573,-86033.984,3100.0,1500.0,207543.53,3405.3953,25456.605,173588.42,38098.844,48.279938,5607.404,67886.266,5557.143
1044,2000-07-19,321.12393,333.87738,325.57834,324.69556,272.60153,343.22238,328.26425,293.9741,305.40573,305.05298,251.5398,322.00894,332.5458,328.76437,344.43054,332.56177,324.81668,322.175,322.94046,307.58484,275.39438,301.3651,293.09082,296.0954,297.65775,335.60193,-158556.53,14877.714,2679.7415,-86174.414,3100.0,1500.0,193602.7,3354.6233,25280.562,174716.11,35396.07,17.400269,5713.1753,68307.12,5626.414
1045,2000-07-26,321.23315,333.7721,325.45996,324.5974,272.586,343.25208,328.21475,294.0728,307.8759,305.7073,252.12802,322.03864,332.2983,328.70358,344.04395,332.56,324.89328,322.26447,322.96033,307.86652,275.39072,301.2933,293.0822,296.08237,297.71945,335.60315,-161703.83,11409.737,1297.5542,-89385.89,3100.0,1500.0,182857.16,3326.7507,26110.773,176597.0,33848.43,16.148521,5646.274,68444.56,4998.852
1046,2000-08-02,321.5259,333.7303,325.4948,324.67554,272.65207,344.06616,328.4191,294.69476,329.5214,308.57455,254.14267,322.09982,332.24902,328.84155,343.9161,332.61255,324.99774,322.4922,323.30283,308.86194,275.44156,302.55154,293.15192,296.327,297.81143,335.64243,-160094.28,11806.065,-3858.883,-97874.414,255.4448,255.4448,179461.55,3373.1934,29370.299,180047.83,37895.266,104.33317,5334.0776,68067.15,2866.273
1047,2000-08-09,321.56335,333.6639,325.46326,324.6309,272.68137,344.28003,328.6201,294.8493,323.12762,306.2009,252.20384,322.17743,332.06445,328.6454,343.7952,332.60947,325.11752,322.55713,323.01962,307.78995,275.46558,302.79932,293.18692,296.3542,297.91425,335.6632,-160514.56,13454.664,-290.57443,-89370.516,3100.0,1500.0,176640.22,3492.2178,25784.006,172993.02,33907.34,84.42425,5287.9893,69237.9,5293.312
1048,2000-08-16,321.5767,333.53006,325.33215,324.50522,272.66797,344.10675,328.61136,294.69626,314.56497,305.83905,252.19806,322.17987,331.82733,328.5392,343.50946,332.52686,325.1585,322.56976,322.98267,307.9867,275.45813,303.56796,293.18033,296.30966,297.97632,335.662,-160106.0,12112.975,33.669308,-89771.484,3100.0,1500.0,167917.0,3495.234,26499.129,172665.17,33587.617,41.3416,5470.2783,69308.45,5109.646
1049,2000-08-23,321.68576,333.3809,325.28748,324.48395,272.6949,344.46838,328.70612,294.84476,318.66724,306.7204,252.80789,322.19727,331.55695,328.477,343.08905,332.4637,325.19635,322.65308,323.06125,308.30103,275.4724,304.4553,293.20605,296.40048,298.04196,335.6759,-156374.05,13757.792,-956.5939,-91626.91,3100.0,1500.0,155613.81,3492.127,27638.291,170633.77,35949.09,54.725174,5461.6426,69177.766,4515.119
1050,2000-08-30,321.731,333.15842,325.19156,324.4096,272.72318,344.89316,328.82855,294.87076,316.93042,306.24347,252.36342,322.2277,331.03116,328.26874,342.55695,332.3465,325.23486,322.69513,322.9584,308.06357,275.4823,304.28683,293.22775,296.46548,298.11642,335.6868,-153160.34,15554.114,-81.72951,-89592.97,3100.0,1500.0,140635.7,3524.276,26734.594,164337.08,35928.535,48.08629,5530.629,69495.86,5089.636
1051,2000-09-06,321.71118,332.82614,324.95078,324.1812,272.7146,345.04016,328.85626,294.53217,311.02704,305.5325,251.92355,322.21567,330.38565,327.95108,341.96838,332.122,325.2357,322.67624,322.72867,307.83102,275.47556,303.64072,293.22827,296.41544,298.1809,335.68613,-155206.23,12144.845,205.59836,-90203.195,3100.0,1500.0,126267.79,3541.49,25712.922,160279.88,32218.379,24.065216,5721.4053,69998.59,5499.6943
1052,2000-09-13,321.83304,332.481,324.6321,323.87018,272.70184,345.53925,329.00165,294.40082,322.72733,307.129,253.34903,322.15845,329.94202,327.73575,341.48257,331.88535,325.21518,322.73975,322.61884,308.37766,275.5003,304.14474,293.27478,296.3579,298.24918,335.70734,-167370.23,-1193.0046,-4867.8354,-101185.7,255.4448,255.4448,116927.484,3595.36,26993.256,166802.52,24291.97,65.62311,5493.9707,70369.26,3952.934
1053,2000-09-20,321.78442,332.0947,324.30435,323.54636,272.64606,345.6209,329.13345,294.09067,316.83652,305.1803,251.95836,322.05005,329.33713,327.28403,341.1412,331.5763,325.1765,322.6864,322.18726,307.4598,275.50995,303.38925,293.30292,296.1599,298.28806,335.7182,-160725.66,-183.0935,-1507.3351,-92355.336,255.4448,255.4448,112171.16,3675.6062,23937.834,157526.64,21296.506,46.448105,5523.8535,70890.38,5642.2554
1054,2000-09-27,321.69687,331.7004,323.96255,323.20627,272.58063,345.34256,329.0825,293.41965,309.46347,304.65198,251.91466,321.88678,328.94592,326.9468,340.98758,331.1993,325.0703,322.58206,321.91705,307.37225,275.4968,303.36865,293.30185,295.91293,298.2744,335.71304,-158548.34,-3943.9106,-1585.6947,-92136.266,3100.0,1500.0,113271.09,3666.404,23509.8,155225.02,18081.78,12.9066925,5769.551,70582.43,5541.905
1055,2000-10-04,321.5822,331.39236,323.76035,323.00635,272.53424,345.0624,329.02322,292.44238,304.4938,304.13278,251.60614,321.71985,328.7526,326.67386,341.06818,330.86636,324.94238,322.4599,321.69962,307.05988,275.4817,303.84253,293.30075,295.7426,298.23236,335.7065,-148325.48,679.2838,1078.9547,-87638.76,3100.0,1500.0,120673.484,3622.932,22949.705,148206.7,21479.254,3.788292,6229.883,69962.07,5873.216
1056,2000-10-11,321.65268,331.28055,323.7613,322.99832,272.5606,345.52957,329.15912,291.73715,319.30893,306.72882,253.50746,321.6076,329.0686,326.76523,341.42657,330.66428,324.83054,322.47217,321.8645,307.89694,275.5063,304.7293,293.35742,295.7962,298.2129,335.7276,-149256.14,-1489.6073,-3095.3489,-96549.58,3100.0,1500.0,134320.14,3645.6,25699.953,153563.39,23761.633,42.561646,6377.4126,69101.17,3842.085
1057,2000-10-18,321.6748,331.31024,323.80792,323.0164,272.58142,346.15814,329.4352,291.29184,325.26413,306.3132,253.06775,321.5494,329.25848,326.73944,341.86523,330.55063,324.77185,322.47528,321.7199,307.4408,275.54196,304.65222,293.43207,295.77686,298.22824,335.7566,-152086.34,-3541.6108,-3636.1042,-95458.13,3100.0,1500.0,144600.94,3749.75,23978.42,153625.03,19843.758,73.51284,6292.678,69482.17,4597.6035
1058,2000-10-25,321.5375,331.31128,323.7359,322.9188,272.5393,346.09088,329.47403,290.4407,314.13605,304.52448,251.94327,321.45743,329.25375,326.61383,342.20334,330.42014,324.69305,322.35733,321.46466,306.7928,275.53818,303.85965,293.45377,295.5631,298.2141,335.75812,-150972.42,-4267.799,-1705.3851,-89762.29,3100.0,1500.0,153397.11,3808.2942,21696.916,151020.2,16354.825,28.305489,6587.732,69586.38,5793.18
1059,2000-11-01,321.3773,331.2859,323.66635,322.8444,272.48828,345.7141,329.35632,289.03146,305.21902,303.862,251.63225,321.34055,329.1913,326.5363,342.38403,330.29565,324.58667,322.2145,321.35202,306.60254,275.51736,303.14813,293.4534,295.36627,298.16217,335.74768,-146035.22,-1842.9941,351.52518,-87191.26,3100.0,1500.0,158006.34,3763.7314,21251.342,148216.02,18310.785,-7.557457,7212.917,69065.9,5989.8916
1060,2000-11-08,321.2172,331.23172,323.61157,322.79227,272.45422,345.32422,329.22433,287.69446,301.16995,303.7233,251.57368,321.23755,329.02252,326.43488,342.37897,330.19632,324.48004,322.07242,321.25098,306.4228,275.49673,302.55927,293.45453,295.23267,298.09805,335.73724,-141885.03,319.86182,1672.531,-85376.8,3100.0,1500.0,156993.06,3696.9102,20740.998,144586.73,20028.51,-16.739456,7659.5654,68447.35,6006.09
1061,2000-11-15,321.09714,331.13498,323.53424,322.71707,272.42978,344.9447,329.09738,286.99954,298.87518,303.64484,251.58972,321.1428,328.8658,326.33414,342.22412,330.09927,324.3743,321.95724,321.1606,306.32712,275.47623,302.07135,293.45703,295.1145,298.0305,335.72678,-140258.75,20.03064,2028.9347,-84306.35,3100.0,1500.0,152005.08,3635.9717,20476.467,142964.55,19824.643,-27.189163,7806.7764,67894.28,5948.045
1062,2000-11-22,320.9757,330.98935,323.44528,322.64127,272.41348,344.6098,328.98068,286.5581,297.45624,303.63037,251.61093,321.05136,328.5764,326.18942,342.00958,329.98886,324.27316,321.84366,321.07175,306.20856,275.45584,301.66428,293.46045,295.0316,297.95926,335.71634,-135419.66,2465.0664,3125.5327,-82893.27,3100.0,1325.3894,146800.45,3580.5483,20270.115,138600.36,21988.42,-26.830318,7938.4253,67321.81,5910.117
1063,2000-11-29,320.84726,330.81293,323.32404,322.52545,272.39526,344.30966,328.87442,286.23743,296.546,303.57642,251.58313,320.96234,328.30307,326.02222,341.85953,329.85074,324.17133,321.726,320.93738,306.0514,275.4356,301.36005,293.4643,294.93713,297.88867,335.70587,-134435.94,1400.9017,2863.7488,-83474.195,3100.0,1023.69403,144620.48,3533.5735,19745.49,135847.66,20653.826,-33.14527,7964.558,67049.625,5926.6904
1064,2000-12-06,320.716,330.65375,323.21448,322.4173,272.36795,344.0343,328.77808,285.98178,295.88235,303.5254,251.56458,320.86633,328.15506,325.87863,341.84955,329.69183,324.065,321.604,320.81583,305.90842,275.4158,301.09384,293.46832,294.8389,297.81375,335.69562,-131642.77,1794.9702,3144.4568,-83043.02,3100.0,1387.9276,147394.34,3492.7112,19353.756,133008.53,20782.523,-40.61427,7978.325,66747.164,5936.4385
1065,2000-12-13,320.59656,330.53937,323.1666,322.37103,272.3522,343.7754,328.69193,285.76807,295.4028,303.5604,251.61356,320.7748,328.11978,325.79324,341.91388,329.54037,323.95627,321.4899,320.75528,305.83804,275.39633,300.82782,293.4717,294.7915,297.73602,335.6855,-126661.85,4707.7383,4260.5605,-80992.27,3100.0,815.9579,150831.44,3452.8242,19366.4,129896.25,23587.473,-43.3131,8047.7417,66205.89,5868.265
1066,2000-12-20,320.47006,330.45886,323.12366,322.3171,272.34058,343.53214,328.61255,285.59225,295.0602,303.52908,251.60684,320.6971,328.08215,325.70892,342.00372,329.41226,323.85083,321.37317,320.64725,305.69373,275.37698,300.57086,293.47357,294.72318,297.66324,335.67535,-127083.55,3289.573,3750.4534,-81802.69,3100.0,580.92926,154879.19,3420.1958,18787.992,128879.01,21873.143,-42.628983,8027.248,66001.266,5871.7876
1067,2000-12-27,320.3314,330.4209,323.07626,322.25555,272.31265,343.29425,328.53943,285.43454,294.7689,303.5231,251.54787,320.6167,328.14682,325.65622,342.2292,329.3082,323.74475,321.24844,320.54813,305.5427,275.3578,300.38416,293.47336,294.62137,297.5879,335.6652,-127119.43,1993.9065,3399.858,-82426.5,3100.0,1130.4304,163632.69,3391.319,18207.271,128696.625,20415.643,-47.782394,7991.8755,65909.66,5922.0854
1068,2001-01-03,320.24475,330.50998,323.09912,322.27023,272.28622,343.4718,328.53952,285.56552,294.51697,305.12204,252.46388,320.54282,328.44034,325.77847,342.75916,329.28043,323.64932,321.15518,320.6761,306.06213,275.36868,300.83517,293.5124,294.63358,297.5144,335.66525,-128000.31,1264.6758,2879.8855,-83870.02,3100.0,1209.6135,180541.8,3390.7825,19449.55,133499.66,21124.79,-121.93283,7860.3994,65939.03,5321.994
1069,2001-01-10,320.11942,330.71472,323.2436,322.38718,272.27438,343.33813,328.56604,285.5321,294.49127,304.10626,251.75887,320.50034,328.9129,325.88126,343.31564,329.31476,323.5766,321.06384,320.58517,305.44592,275.37152,300.54382,293.53723,294.6232,297.4558,335.6626,-123010.48,6547.1587,4453.39,-81707.18,3100.0,777.1921,196406.06,3389.9653,18168.336,129811.28,24760.637,-86.83809,7871.3135,65677.66,5826.661
1070,2001-01-17,319.9921,330.93317,323.38437,322.50296,272.25903,342.94867,328.50983,285.33145,294.36807,303.6779,251.52026,320.47705,329.23343,326.0295,343.66272,329.4096,323.5012,320.95865,320.61655,305.41013,275.3524,300.25632,293.528,294.5818,297.3958,335.6525,-124003.7,7011.7026,4961.1753,-81232.305,3100.0,651.5074,203306.83,3378.9565,18064.082,131784.75,25217.164,-60.388466,7982.069,65467.57,5955.9023
1071,2001-01-24,319.86868,331.11755,323.49323,322.60648,272.24448,342.6397,328.43994,285.18472,294.22305,303.64774,251.45578,320.47247,329.3475,326.13953,343.7805,329.54678,323.43985,320.86395,320.6616,305.35748,275.33337,300.0243,293.5157,294.5647,297.3369,335.64236,-123321.19,8966.585,5760.8115,-80500.836,3100.0,605.0058,204207.61,3351.5447,18009.02,131753.83,27066.945,-50.931427,8057.345,65247.145,5984.9775
1072,2001-01-31,319.7522,331.21533,323.53842,322.6552,272.2315,342.3727,328.36725,285.07187,294.1126,303.6437,251.43195,320.47873,329.23938,326.17593,343.59082,329.6785,323.3922,320.776,320.6729,305.3035,275.31458,299.7942,293.5005,294.54306,297.2816,335.63226,-124427.52,8841.893,5748.392,-80469.19,3100.0,398.3996,195036.3,3324.4348,17802.686,131569.53,26895.902,-47.62833,8075.082,65108.465,5981.8135
1073,2001-02-07,319.6588,331.2016,323.5085,322.64297,272.21936,342.1297,328.2948,284.97684,294.00735,303.64706,251.43054,320.48004,328.9753,326.13806,343.2809,329.75995,323.35107,320.70145,320.67035,305.29004,275.29596,299.58072,293.48264,294.5231,297.22717,335.62213,-123416.65,9530.638,6085.755,-79899.47,3100.0,224.95297,184505.89,3297.7676,17799.076,129877.81,27664.256,-43.6364,8098.4785,64912.914,5951.423
1074,2001-02-14,319.59363,331.1303,323.5047,322.6684,272.2314,341.9114,328.2232,284.8974,293.91626,303.81076,251.51534,320.48215,328.8208,326.1047,343.05392,329.77542,323.31265,320.64685,320.74136,305.37805,275.27756,299.39926,293.4622,294.5932,297.1758,335.61203,-115949.555,15605.361,7762.8125,-76843.805,3100.0,105.8741,178662.67,3265.1592,18391.928,125426.16,33502.125,-40.461132,8242.421,64349.793,5830.9766
1075,2001-02-21,319.52634,331.03674,323.48737,322.65826,272.25424,341.71918,328.15268,284.8494,293.8187,303.88556,251.52144,320.49896,328.6448,326.03345,342.83694,329.74387,323.27997,320.59515,320.7141,305.34976,275.25943,299.2431,293.43924,294.6475,297.14093,335.60193,-117418.89,14597.914,7219.037,-78479.56,3100.0,258.41675,172645.5,3238.5005,18203.67,124010.19,32399.416,-39.86805,8264.325,64354.49,5817.5063
1076,2001-02-28,319.49286,330.9139,323.44034,322.6198,272.26016,341.54135,328.0834,284.81296,293.71393,303.9043,251.49294,320.5012,328.5214,325.95987,342.5608,329.68222,323.24384,320.55725,320.70508,305.42178,275.24158,299.08517,293.41394,294.6795,297.11258,335.59183,-116015.734,14951.723,7328.9746,-78794.57,3100.0,162.50175,164655.08,3215.3564,18417.719,122814.76,32945.805,-36.422585,8293.228,64394.934,5805.879
1077,2001-03-07,319.5041,330.76685,323.4056,322.5994,272.26697,341.39703,328.016,284.78394,293.6106,303.98566,251.50157,320.49905,328.3634,325.89084,342.22943,329.59976,323.2068,320.54974,320.72653,305.54587,275.22424,298.94153,293.38672,294.73477,297.08737,335.5819,-113168.33,16551.49,7731.3477,-78215.62,3100.0,85.10049,155352.2,3190.149,18906.773,121087.72,34747.82,-34.3508,8356.821,64332.082,5754.869
1078,2001-03-14,319.54346,330.58444,323.322,322.52417,272.2709,341.29504,327.9503,284.7641,293.5071,303.96207,251.51985,320.49536,328.0901,325.77304,341.84818,329.49634,323.17365,320.56158,320.67603,305.60547,275.2074,298.80444,293.3576,294.74652,297.06833,335.57217,-115730.2,13493.651,6933.8037,-79167.55,3100.0,41.162994,143601.5,3169.875,19001.453,121139.766,32230.195,-35.127365,8327.557,64438.23,5701.3564
1079,2001-03-21,319.5577,330.36285,323.2132,322.43582,272.26837,341.22638,327.88577,284.73892,293.4053,303.9611,251.49002,320.47363,327.78836,325.6131,341.53143,329.35587,323.1384,320.55786,320.6268,305.61722,275.19083,298.6752,293.32642,294.76074,297.04697,335.5624,-112031.22,15092.798,7351.964,-78967.23,3015.0706,8.916091,137249.86,3148.445,19142.898,117575.96,33600.16,-35.369884,8355.019,64453.957,5711.5977
1080,2001-03-28,319.6025,330.14484,323.14914,322.3849,272.27435,341.16595,327.8222,284.7162,293.35797,304.0388,251.49254,320.45108,327.66302,325.50406,341.2123,329.19263,323.0969,320.5686,320.62976,305.75507,275.17453,298.55966,293.29333,294.81583,297.02737,335.55264,-108143.24,16859.238,7844.7764,-78165.4,2892.9993,0.0,128650.22,3123.3125,19660.916,115469.32,35619.746,-33.466347,8424.953,64360.81,5657.648
1081,2001-04-04,319.67746,329.9354,323.08316,322.31616,272.27927,341.12875,327.7595,284.7029,293.28818,304.03116,251.48906,320.43207,327.6072,325.40353,340.94507,329.02664,323.05618,320.60132,320.58563,305.84845,275.15854,298.4588,293.25848,294.83807,297.01486,335.54288,-109835.98,14412.666,7203.4814,-79223.234,3042.3125,19.215979,124111.76,3102.9653,19900.877,116077.06,33700.844,-31.297611,8417.098,64491.473,5619.109
1082,2001-04-11,319.7429,329.76343,323.05978,322.30356,272.2862,341.1243,327.69824,284.8718,293.2129,304.10757,251.48732,320.40842,327.56046,325.33234,340.77493,328.8682,323.01645,320.63168,320.60953,305.95908,275.14285,298.3647,293.22205,294.89917,297.00302,335.53314,-104164.8,17987.457,8111.4365,-77870.97,3015.99,9.263766,121954.67,3079.1128,20417.37,113424.36,37098.727,-28.27557,8381.227,64377.168,5585.5854
1083,2001-04-18,319.77618,329.61276,323.0556,322.30603,272.308,341.13492,327.63885,285.32794,293.14194,304.21234,251.51474,320.40198,327.46252,325.25443,340.63263,328.7244,322.98007,320.64493,320.6077,306.01266,275.12744,298.2762,293.1842,294.98502,296.99994,335.52338,-101688.22,19656.123,8064.6514,-77536.17,3100.0,50.332935,119281.28,3054.7017,20589.125,111052.0,38259.926,-23.805725,8273.117,64325.535,5537.817
1084,2001-04-25,319.80826,329.46747,323.01233,322.2632,272.32153,341.14066,327.58185,286.03067,293.07486,304.2289,251.4598,320.39676,327.36047,325.16776,340.44077,328.59534,322.94223,320.65308,320.5719,306.08548,275.11237,298.186,293.14517,295.04108,297.00537,335.5136,-102182.055,18433.086,7712.078,-79254.54,3100.0,61.80623,113839.08,3035.845,20708.398,110638.34,37274.246,-15.892452,7975.1157,64620.938,5559.206
1085,2001-05-02,319.84845,329.31006,322.9233,322.17413,272.31564,341.15146,327.5278,287.2143,293.00854,304.15387,251.43552,320.3766,327.20416,325.06036,340.20837,328.4726,322.90103,320.66702,320.49973,306.1195,275.09763,298.1028,293.10507,295.05115,297.01083,335.50385,-104307.37,15527.079,7209.8677,-80126.16,3062.7725,26.95176,107936.24,3021.4084,20750.684,111072.07,34953.08,-16.11232,7486.3433,64927.14,5547.6714
1086,2001-05-09,319.86407,329.13354,322.79776,322.0518,272.29996,341.1714,327.47617,288.3435,292.94168,304.04245,251.42355,320.33624,326.96274,324.91016,339.98203,328.3422,322.85602,320.66162,320.39218,306.08545,275.08316,298.03806,293.06418,295.0228,297.00906,335.4941,-104953.17,13328.318,6715.664,-80535.484,3100.0,229.90735,102869.516,3007.6055,20579.527,110238.13,32789.05,-14.243252,7103.4272,65131.78,5539.6377
1087,2001-05-16,319.85983,328.94672,322.66226,321.9198,272.28467,341.18564,327.42664,289.1352,292.87476,303.94278,251.45052,320.27795,326.75732,324.75662,339.78427,328.19763,322.80188,320.63867,320.28387,306.0507,275.06903,297.99588,293.02258,294.97668,296.9971,335.48434,-104170.65,11906.844,6519.007,-80104.32,3100.0,356.37433,98985.016,2992.2957,20449.656,109063.51,31436.363,-12.360535,6834.132,65121.305,5492.5176
1088,2001-05-23,319.8459,328.78696,322.59644,321.86533,272.2872,341.18976,327.3788,289.77985,292.80936,303.9919,251.48778,320.21704,326.70914,324.66415,339.6948,328.04526,322.74,320.60956,320.2624,306.07788,275.0552,297.95773,292.98053,294.9953,296.97763,335.47455,-97521.28,15702.452,7591.6895,-78271.51,3100.0,397.92154,100286.305,2970.82,20726.676,105863.56,34901.203,-10.232681,6711.3154,64836.03,5436.6084
1089,2001-05-30,319.82816,328.68527,322.59677,321.8682,272.3011,341.1851,327.33307,290.31995,292.74908,304.428,251.4396,320.18005,326.72742,324.63608,339.70657,327.9082,322.6794,320.5832,320.28946,306.138,275.04172,297.9039,292.93817,295.065,296.9649,335.46478,-95453.36,17010.303,7496.0337,-79067.61,3100.0,252.11511,102096.66,2942.9902,20916.705,105202.31,36183.996,-15.554747,6664.6475,64955.93,5466.8066
1090,2001-06-06,319.80234,328.6058,322.60736,321.8805,272.31464,341.17633,327.2908,290.70572,292.69318,304.27438,251.45937,320.16086,326.67432,324.57578,339.70532,327.7984,322.62576,320.55362,320.25012,306.12292,275.0288,297.85318,292.89603,295.12692,296.9629,335.4552,-92653.13,19001.445,7611.084,-78522.266,3100.0,134.51387,101696.125,2929.1267,20906.615,102304.66,37358.383,-16.62106,6559.1113,64884.03,5432.5737
1091,2001-06-13,319.84387,328.5572,322.5803,321.85742,272.3303,341.65796,327.33115,291.3351,292.64145,305.77438,252.6284,320.14713,326.6159,324.60574,339.65958,327.75854,322.58466,320.56042,320.37137,306.8073,275.05157,298.62128,292.90314,295.2506,296.97766,335.45963,-97812.586,14733.607,5976.2803,-82226.664,3100.0,587.057,98872.85,2956.15,22432.7,107503.82,34944.453,-44.473347,6229.6714,65337.836,4675.427
1092,2001-06-20,319.9263,328.5926,322.65088,321.9509,272.3686,342.49814,327.5638,292.2749,296.40704,306.93262,253.78621,320.14948,326.78574,324.72205,339.678,327.79013,322.58566,320.61926,320.5768,307.263,275.1162,299.67462,292.96805,295.51968,297.0295,335.49612,-91157.32,20353.285,5033.8486,-83087.695,3100.0,1045.2064,101665.65,3017.3682,23817.879,106969.11,39604.66,-109.00022,5926.84,65684.22,3906.146
1093,2001-06-27,319.9691,328.68735,322.80365,322.08673,272.42407,342.9181,327.82385,292.98306,304.0076,306.9883,253.30211,320.19196,327.06592,324.82812,339.8259,327.8385,322.6128,320.67252,320.60437,307.03284,275.17224,300.10193,293.02075,295.72974,297.11832,335.53476,-92218.39,20628.006,2773.3113,-84824.19,3100.0,1154.2462,106874.06,3081.7188,23024.25,106646.25,39907.07,-54.44362,5740.8525,66051.336,4306.8706
1094,2001-07-04,319.98227,328.78293,322.98343,322.273,272.4817,342.99026,327.9934,293.44974,310.78418,307.08875,253.00943,320.24768,327.22202,324.9445,339.96832,327.87628,322.6325,320.69806,320.7537,307.11444,275.20856,300.18823,293.04608,295.947,297.21347,335.55984,-85364.09,26782.787,2508.1592,-84938.445,3100.0,1309.5267,107981.125,3158.729,23238.277,103608.58,44676.887,47.694862,5779.48,66111.7,4541.7495
1095,2001-07-11,319.94202,328.76202,322.96988,322.25098,272.5181,342.66232,328.03995,293.53146,305.73114,305.5109,251.86871,320.31543,326.90524,324.80533,339.86255,327.8782,322.6424,320.68658,320.54868,306.58325,275.21478,299.5874,293.0301,295.9664,297.30945,335.56406,-92897.16,22945.354,3467.6538,-84689.266,3100.0,561.5898,98645.21,3208.8098,21419.715,101488.64,38889.406,46.05542,5815.7603,66955.03,5363.4443
1096,2001-07-18,319.88562,328.56396,322.7663,322.06293,272.5032,342.25125,327.96613,293.38666,300.3503,304.7846,251.54315,320.3138,326.39108,324.57986,339.4588,327.81427,322.61688,320.6336,320.38477,306.50278,275.20163,299.17905,292.98807,295.88394,297.37003,335.55472,-94608.12,19933.648,3975.4421,-84576.19,3100.0,363.63205,84821.65,3213.389,21023.87,99702.82,36230.65,18.135628,5921.2075,67373.49,5543.2915
1097,2001-07-25,319.91602,328.32568,322.58557,321.89587,272.4987,342.2446,327.94507,293.5004,304.92572,305.61017,252.24573,320.2788,326.13815,324.45374,339.00583,327.731,322.5793,320.6337,320.35333,306.83026,275.2063,299.40765,292.97195,295.86716,297.41382,335.55762,-96359.02,16267.428,2214.3296,-88493.625,3100.0,578.9736,77091.75,3212.0083,21870.64,101176.44,34721.887,24.468903,5803.764,67467.76,4787.966
1098,2001-08-01,319.98407,328.135,322.5382,321.87466,272.5324,342.56223,328.0357,293.8058,312.87607,306.496,252.78922,320.25464,326.02197,324.39145,338.68433,327.63336,322.55353,320.67114,320.42505,307.0686,275.2319,299.80054,292.98624,295.97702,297.46332,335.575,-89570.08,20034.043,1361.6384,-88809.516,3100.0,1222.3037,74096.67,3246.09,22605.098,98445.5,38364.223,58.62092,5705.522,67314.88,4298.062
1099,2001-08-08,320.013,327.99,322.50034,321.82944,272.57294,342.8571,328.15964,294.00085,316.5319,306.5309,252.76796,320.25256,325.95615,324.29712,338.53616,327.50613,322.53683,320.68732,320.3429,306.98834,275.25958,299.9837,293.00476,296.04584,297.52576,335.5938,-92893.55,17488.422,224.63855,-90546.82,3100.0,682.6243,75077.83,3303.4343,22143.387,98292.66,35702.41,80.78334,5590.58,67742.5,4413.067
1100,2001-08-15,320.0103,327.8718,322.43307,321.7582,272.59186,343.02386,328.2565,294.11124,316.99847,306.29846,252.64984,320.22903,325.89856,324.2043,338.5002,327.3728,322.5107,320.6751,320.2609,306.92685,275.2816,300.02393,293.0167,296.06354,297.5827,335.60855,-92376.89,16946.596,186.7931,-90153.37,3100.0,1094.4895,76221.39,3354.8281,21829.297,97412.305,34822.105,82.850914,5528.0005,68042.17,4567.3594
1101,2001-08-22,319.97122,327.75717,322.3941,321.72778,272.6091,343.0367,328.30215,294.15894,314.2743,305.87665,252.32237,320.1962,325.80655,324.10657,338.48776,327.2337,322.47186,320.6364,320.20718,306.8039,275.29446,299.91223,293.0172,296.09262,297.62686,335.61682,-86463.67,20401.691,1443.0167,-87535.08,3100.0,862.6333,76480.97,3373.608,21452.031,93542.38,36851.453,68.05362,5598.9688,68126.36,4917.8237
1102,2001-08-29,319.9024,327.63437,322.35907,321.69385,272.62515,342.91464,328.28604,294.05023,309.63794,305.47708,252.01413,320.16806,325.70874,324.00275,338.4657,327.0891,322.42188,320.57486,320.13156,306.67932,275.29724,299.7408,293.0049,296.11163,297.66245,335.61795,-83940.71,21675.906,2285.957,-86283.94,3100.0,1409.5704,76857.11,3360.3508,21010.562,90722.03,37234.31,47.057823,5742.0605,68231.6,5207.963
1103,2001-09-05,319.79303,327.49283,322.25146,321.57123,272.61194,342.6662,328.21112,293.65695,304.04147,304.758,251.56363,320.1264,325.53513,323.83286,338.44577,326.93008,322.3591,320.48026,319.92554,306.39,275.28918,299.4153,292.97876,296.0338,297.68573,335.61133,-87429.76,18222.035,2747.5403,-86691.38,3100.0,882.3639,77510.086,3329.5889,19997.166,89724.336,33534.695,26.080887,5919.036,68624.48,5612.774
1104,2001-09-12,319.68323,327.34738,322.0315,321.31836,272.5507,342.39658,328.1027,293.11053,300.19012,304.14896,251.39418,320.04233,325.3666,323.63986,338.4275,326.77396,322.27652,320.37054,319.62753,306.14795,275.27594,299.15665,292.9467,295.80164,297.68243,335.60095,-97279.79,7485.593,1905.0607,-89131.22,3100.0,679.49524,78815.51,3293.538,18863.63,93468.36,24512.326,0.03929138,5942.2637,69075.13,5715.1924
1105,2001-09-19,319.57947,327.21613,321.82114,321.10376,272.47537,342.17838,327.99777,292.6122,298.16623,303.7791,251.35019,319.91232,325.21695,323.47534,338.43536,326.6279,322.17563,320.25827,319.43063,305.97165,275.2629,298.9867,292.91614,295.55078,297.6378,335.59058,-95137.74,5460.9653,2493.2998,-87082.945,3100.0,799.9214,80555.49,3248.1135,18388.29,93131.3,22766.09,-12.259388,6007.0723,68789.23,5712.207
1106,2001-09-26,319.46613,327.10815,321.6544,320.92474,272.41342,341.9962,327.90216,291.9925,296.93823,303.51044,251.33525,319.77667,325.0861,323.32816,338.49335,326.49136,322.06628,320.14133,319.23132,305.74393,275.25003,298.85846,292.88705,295.29074,297.56448,335.58017,-95727.65,1802.0442,1871.2817,-86492.695,3100.0,672.7156,83502.336,3202.9788,17658.35,93349.31,18992.05,-20.393574,6099.848,68367.3,5701.6567
1107,2001-10-03,319.332,327.022,321.54922,320.82764,272.36993,341.83063,327.81586,291.05646,296.2051,303.43777,251.3432,319.6446,324.96802,323.21555,338.59552,326.36658,321.9527,320.012,319.13528,305.58972,275.23734,298.72882,292.85928,295.1108,297.4703,335.56973,-88404.53,5704.1157,3741.0486,-83620.85,3100.0,601.7898,86798.55,3158.7583,17608.424,89653.26,22730.398,-23.72995,6468.1724,67552.81,5671.2773
1108,2001-10-10,319.2018,326.97095,321.5092,320.78482,272.34863,341.6669,327.738,289.97156,295.64407,303.4499,251.35205,319.53937,324.9486,323.15503,338.74283,326.2587,321.84067,319.8903,319.0613,305.4604,275.22473,298.60513,292.83258,294.99048,297.3756,335.55933,-85499.38,7029.0034,4421.2344,-82592.01,3100.0,485.01425,90949.82,3119.3184,17452.535,87786.91,24021.95,-28.206688,6827.7485,66895.81,5641.624
1109,2001-10-17,319.09946,326.96518,321.4713,320.72867,272.3202,341.50592,327.66782,289.08664,295.26273,303.34225,251.32465,319.45123,324.99887,323.12518,338.9327,326.17953,321.73508,319.78793,318.95715,305.32074,275.21222,298.49136,292.80685,294.827,297.2853,335.54886,-88192.52,3631.1582,3495.8672,-83365.984,3100.0,303.70148,95228.52,3090.979,16967.244,89191.75,20736.021,-33.113564,6946.0913,66556.625,5644.9463
1110,2001-10-24,318.9886,326.9819,321.41144,320.65555,272.2787,341.35608,327.6038,288.25446,294.92703,303.1637,251.32198,319.36215,324.96948,323.0771,339.1299,326.12955,321.63602,319.68213,318.83585,305.11703,275.1998,298.39264,292.7818,294.614,297.1878,335.5384,-89495.12,1004.1067,2659.657,-82811.75,3100.0,554.02783,99400.4,3068.77,16292.261,89706.445,17758.902,-34.561474,7083.101,66088.61,5633.3994
1111,2001-10-31,318.8521,327.00287,321.37097,320.61655,272.24136,341.2053,327.54486,287.0309,294.63528,303.1005,251.29295,319.27365,324.9096,323.0375,339.31686,326.09647,321.53998,319.56287,318.76755,304.9435,275.18744,298.3019,292.75726,294.44257,297.07843,335.52792,-85844.13,3193.6418,3829.164,-81467.055,3100.0,483.23242,103674.44,3044.3245,16073.794,87472.48,19870.098,-36.973495,7489.172,65464.29,5654.01
1112,2001-11-07,318.68384,327.02448,321.3536,320.599,272.2156,341.0376,327.48972,286.08688,294.39304,303.11752,251.29048,319.2003,324.86554,322.9945,339.49066,326.072,321.44644,319.42255,318.6997,304.76852,275.1751,298.2109,292.733,294.32108,296.9686,335.51743,-82754.72,5250.4517,4790.985,-80144.73,3100.0,407.43915,107802.86,3019.6316,15724.3955,84897.34,21715.1,-30.678621,7685.6494,64833.45,5646.2686
1113,2001-11-14,318.5464,327.0688,321.35703,320.58893,272.1966,340.85196,327.43738,285.5879,294.2268,303.10367,251.32014,319.13788,324.99622,323.01547,339.65317,326.0603,321.353,319.3009,318.65894,304.685,275.1628,298.11893,292.70886,294.20535,296.864,335.50693,-82595.16,4840.1973,4757.3193,-79327.88,3100.0,149.85506,111853.58,2998.9368,15574.725,85359.46,21400.686,-29.485027,7721.291,64275.37,5588.355
1114,2001-11-21,318.40475,327.14548,321.39282,320.61783,272.18396,340.67435,327.3872,285.25565,294.0509,303.3182,251.34415,319.08572,325.1232,323.05887,339.85428,326.0719,321.26547,319.18405,318.66577,304.60632,275.1505,298.12122,292.68463,294.13,296.76276,335.4964,-80202.125,7033.735,5712.634,-78138.086,3100.0,1500.0,117834.984,2975.374,15580.318,84711.92,23734.818,-29.584503,7814.676,63740.594,5554.518
1115,2001-11-28,318.25598,327.2748,321.4472,320.6487,272.16843,340.50308,327.33936,285.01343,293.8916,303.1609,251.31487,319.04776,325.3641,323.12793,340.16672,326.10315,321.18594,319.06744,318.6117,304.44818,275.13818,298.10257,292.66016,294.03094,296.6688,335.48587,-81833.05,5887.0566,5231.203,-78756.484,3100.0,615.8706,127845.42,2961.03,15151.44,85577.01,22225.527,-27.356737,7751.8105,63437.586,5575.6167
1116,2001-12-05,318.1065,327.47025,321.52856,320.70486,272.14304,340.33545,327.29276,284.8153,293.73343,303.0866,251.29388,319.01343,325.6955,323.25217,340.57755,326.17868,321.11288,318.95178,318.60785,304.3326,275.12613,298.12317,292.6356,293.92197,296.57532,335.4755,-82299.16,6081.036,5418.339,-78365.54,3100.0,352.68027,139591.58,2947.7634,14921.661,87086.266,22312.787,-27.86928,7721.4697,63103.598,5587.983
1117,2001-12-12,318.0429,327.8189,321.70023,320.85934,272.13614,340.63672,327.31903,284.9554,293.5779,304.86026,252.44492,318.9982,326.3029,323.5983,341.27444,326.37805,321.05905,318.88586,318.90277,305.05014,275.14722,299.122,292.65662,293.98,296.4919,335.47757,-84011.99,7050.9976,5691.3887,-78496.02,3100.0,1500.0,158753.84,2963.0366,16814.496,94497.04,25321.553,-87.23655,7619.755,62800.02,4828.032
1118,2001-12-19,317.94626,328.30164,321.9445,321.055,272.14008,340.7549,327.3964,285.0225,293.4417,304.19443,252.087,319.0283,327.00726,323.89346,342.07178,326.62405,321.04193,318.83963,318.88168,304.5057,275.16907,299.1746,292.67804,293.95984,296.43826,335.48325,-88266.664,6323.689,4963.9604,-79041.73,3100.0,1500.0,179517.19,2983.6707,15412.892,97090.52,23362.393,-82.15249,7479.723,62743.344,5125.9956
1119,2001-12-26,317.79578,328.74973,322.14108,321.2158,272.11636,340.47617,327.39822,284.8319,293.37695,303.36572,251.49133,319.0578,327.4151,324.1486,342.6155,326.92508,321.03156,318.752,318.90204,304.18872,275.1638,298.7939,292.66064,293.8229,296.3791,335.47806,-92160.83,5297.1675,4747.563,-78892.83,3100.0,987.8834,188772.06,2990.9768,14517.806,100467.91,21600.65,-56.821655,7487.757,62622.195,5516.4683
1120,2002-01-02,317.64343,329.13907,322.28973,321.35098,272.08206,340.17215,327.35248,284.621,293.3182,303.11584,251.29813,319.08887,327.70712,324.38153,342.9972,327.2994,321.02518,318.65912,318.98602,304.10565,275.1511,299.0497,292.63214,293.69785,296.30475,335.4678,-93812.42,6038.74,5458.1616,-78009.37,3100.0,1497.0107,195984.1,2975.6924,14438.864,103116.18,22389.846,-43.729683,7525.4155,62334.023,5632.202
1121,2002-01-09,317.54782,329.54742,322.48837,321.54105,272.06174,340.16867,327.31897,284.612,293.26053,303.91324,251.6826,319.13812,328.24588,324.71548,343.504,327.65186,321.03366,318.60065,319.23166,304.48508,275.15546,299.60864,292.62677,293.70444,296.22903,335.45883,-94153.36,8981.425,6857.1816,-77559.37,3100.0,1500.0,210718.66,2969.9421,15645.651,107659.3,26551.178,-63.27854,7512.4253,62036.92,5361.7827
1122,2002-01-16,317.4569,329.9964,322.74976,321.77548,272.05157,340.04895,327.30234,284.53897,293.209,303.52316,251.3562,319.22006,328.82956,325.03925,344.01566,327.99185,321.06937,318.56985,319.3482,304.17834,275.15506,299.47812,292.61414,293.69595,296.1718,335.4495,-97749.51,9737.994,7035.7314,-77004.67,3100.0,1500.0,223025.95,2957.669,15061.195,111211.06,26946.965,-49.630135,7569.6416,61887.773,5591.3105
1123,2002-01-23,317.3524,330.3998,322.96967,321.98886,272.0362,339.82825,327.2607,284.3866,293.16315,303.3557,251.21385,319.31192,329.1307,325.32166,344.27994,328.35114,321.12396,318.53262,319.517,304.17444,275.14185,299.14587,292.58292,293.67776,296.1198,335.4392,-99907.04,11511.662,7858.01,-76183.27,3100.0,1500.0,226318.88,2939.2944,15170.8125,114103.96,28784.402,-38.039886,7663.06,61663.82,5672.221
1124,2002-01-30,317.26324,330.7023,323.12112,322.1426,272.02145,339.66885,327.21097,284.27615,293.12033,303.34552,251.17126,319.41135,329.26117,325.52927,344.27615,328.69867,321.19504,318.50745,319.6507,304.1721,275.12854,298.81888,292.5511,293.6585,296.0736,335.4289,-103827.21,11177.383,7836.181,-76115.78,3100.0,1326.6498,222150.47,2920.087,15129.0625,116935.234,28607.98,-34.306522,7686.188,61519.766,5682.447
1125,2002-02-06,317.20718,330.91052,323.2187,322.2494,272.00723,339.52472,327.15558,284.18726,293.07578,303.35794,251.16318,319.50443,329.34558,325.68332,344.2268,328.99066,321.27725,318.50137,319.77728,304.21567,275.11514,298.54877,292.51886,293.6426,296.03033,335.41858,-105845.61,11640.16,8154.2725,-75534.18,3100.0,824.38904,219017.67,2901.4128,15292.832,118870.63,29369.723,-30.895817,7712.099,61323.168,5656.6455
1126,2002-02-13,317.19183,331.07996,323.3552,322.40726,272.01675,339.38004,327.09647,284.1161,293.03024,303.53848,251.24571,319.5992,329.48215,325.85236,344.22437,329.22397,321.36713,318.52304,319.98676,304.37183,275.10165,298.33957,292.4864,293.72693,295.99142,335.40823,-101652.64,17576.314,10276.078,-72496.78,3100.0,818.7828,217819.55,2876.1042,16101.581,118161.945,35721.24,-28.03519,7874.3765,60782.08,5538.426
1127,2002-02-20,317.18423,331.23032,323.47607,322.52798,272.03726,339.23587,327.0356,284.0793,292.98557,303.62952,251.25113,319.71082,329.59686,325.98578,344.25342,329.4169,321.46786,318.5575,320.09637,304.40536,275.08807,298.1489,292.45377,293.79715,295.97043,335.3979,-106415.34,16320.752,9681.342,-74136.336,3100.0,589.27344,218107.3,2855.8274,16095.464,120425.734,34582.938,-27.363167,7902.892,60808.723,5525.388
1128,2002-02-27,317.22263,331.371,323.57236,322.6259,272.04095,339.08798,326.97455,284.056,292.9371,303.66174,251.2219,319.80972,329.78436,326.1298,344.26147,329.58856,321.5714,318.6106,320.23044,304.54633,275.07437,297.97113,292.4209,293.84323,295.95776,335.38754,-108413.1,16414.605,9745.887,-74472.38,3100.0,437.6,216742.03,2837.6077,16499.992,123156.33,35097.734,-23.97947,7935.7324,60872.87,5513.7026
1129,2002-03-06,317.32245,331.50436,323.68927,322.7484,272.04544,338.95804,326.9145,284.04074,292.887,303.75735,251.23015,319.90656,329.9868,326.2877,344.23453,329.75226,321.67905,318.70377,320.40094,304.74365,275.06085,297.81717,292.38815,293.913,295.9489,335.37735,-109116.375,17780.14,10106.234,-73923.414,3100.0,467.02203,214157.16,2816.8887,17187.752,125588.98,36892.156,-22.268972,8003.8423,60838.76,5462.864
1130,2002-03-13,317.466,331.62677,323.77655,322.82996,272.04724,338.86176,326.8557,284.03503,292.8359,303.748,251.24825,320.00513,330.16165,326.4225,344.19247,329.90894,321.79614,318.82758,320.50787,304.8756,275.0474,297.6654,292.35532,293.9394,295.9467,335.3673,-115485.73,14399.362,9263.879,-74897.33,3100.0,251.15901,211465.4,2800.7114,17470.266,130352.97,34316.406,-22.92992,7980.278,60973.16,5409.2793
1131,2002-03-20,317.59204,331.72446,323.85086,322.91232,272.04266,338.7972,326.7976,284.02435,292.782,303.76117,251.21806,320.09055,330.21637,326.52072,344.14212,330.04794,321.91843,318.9459,320.62372,304.96194,275.03378,297.5305,292.32196,293.96796,295.94272,335.35724,-115837.23,15696.6455,9637.806,-74731.83,3100.0,279.0165,209250.2,2782.488,17856.844,131401.67,35653.223,-23.205078,8012.379,61022.41,5419.1714
1132,2002-03-27,317.7572,331.82196,323.94965,323.0179,272.0466,338.74426,326.74023,284.01605,292.73077,303.8553,251.22002,320.1788,330.42902,326.6595,344.14587,330.17194,322.04105,319.0831,320.78903,305.1794,275.02005,297.41013,292.28802,294.03925,295.9405,335.34717,-115851.875,17284.297,10082.32,-73970.64,3100.0,141.85852,208468.58,2760.6316,18657.273,133603.88,37715.227,-21.386044,8088.829,60968.01,5365.1987
1133,2002-04-03,317.9634,331.94553,324.04724,323.10767,272.0498,338.71344,326.68372,284.0174,292.68268,303.8625,251.21603,320.27292,330.69083,326.80856,344.1988,330.30136,322.16965,319.2515,320.91068,305.3488,275.00616,297.29962,292.25342,294.0778,295.94577,335.33707,-121525.46,14432.813,9394.014,-75060.08,3100.0,147.29095,209034.39,2743.5037,19124.732,138695.38,35695.605,-19.305193,8088.0312,61136.047,5326.414
1134,2002-04-10,318.1657,332.0713,324.17245,323.24246,272.05508,338.71677,326.62842,284.15335,292.6356,303.95447,251.21368,320.3639,330.85855,326.9579,344.17432,330.43967,322.30426,319.424,321.09305,305.5371,274.99213,297.20566,292.21817,294.15585,295.95206,335.32693,-119651.01,17808.09,10318.221,-73759.05,3100.0,224.82259,206382.61,2722.589,19950.162,139829.89,39181.76,-16.52499,8093.07,61065.848,5292.783
1135,2002-04-17,318.3361,332.14728,324.27808,323.36035,272.0754,338.74045,326.5746,284.5285,292.59338,304.07538,251.24059,320.47037,330.84,327.04767,343.9477,330.56927,322.44504,319.5814,321.23077,305.66226,274.97794,297.11325,292.18228,294.26355,295.96738,335.3168,-120422.14,19201.42,10480.169,-73469.13,3100.0,123.562096,197230.34,2701.3503,20405.586,140221.62,40553.668,-12.306885,8034.931,61064.207,5245.034
1136,2002-04-24,318.50427,332.14572,324.2954,323.39066,272.0879,338.76395,326.52274,285.1921,292.5538,304.1052,251.18486,320.5706,330.69937,327.0667,343.6,330.66266,322.5821,319.73083,321.3068,305.79987,274.96356,297.0299,292.14578,294.3399,295.9922,335.30667,-123374.49,17750.531,10009.414,-75228.6,3100.0,80.40687,184985.64,2685.435,20794.418,141399.92,39457.914,-4.6307487,7761.215,61408.21,5266.0815
1137,2002-05-01,318.67953,332.08505,324.23972,323.34625,272.08124,338.7927,326.47293,286.36905,292.51315,304.03976,251.1595,320.64398,330.50986,327.03214,343.28357,330.7037,322.7074,319.8821,321.32446,305.89185,274.94907,296.9893,292.10876,294.3653,296.01785,335.29648,-127349.35,14658.05,9195.145,-76146.4,3100.0,1434.9941,175089.97,2673.6604,21086.93,142971.64,36834.902,-4.811346,7281.1406,61760.164,5254.825
1138,2002-05-08,318.82693,331.99036,324.15408,323.2699,272.06494,338.83167,326.4251,287.51657,292.46915,304.1381,251.14711,320.68655,330.3316,326.96692,343.01315,330.69406,322.81732,320.0088,321.32,305.93292,274.9344,296.95917,292.07126,294.36047,296.03647,335.28632,-129986.86,12035.957,8528.437,-76661.52,3100.0,306.70016,168205.78,2658.3296,21180.96,144073.69,34583.652,-6.426697,6939.6265,62055.28,5247.3506
1139,2002-05-15,318.94998,331.87192,324.0587,323.18237,272.04922,338.868,326.37967,288.33615,292.42203,303.9051,251.17311,320.70465,330.12973,326.87018,342.7523,330.64478,322.90723,320.11148,321.2668,305.9283,274.91956,296.88525,292.03342,294.32846,296.04532,335.2761,-130493.26,10596.371,8339.792,-76265.96,3100.0,189.83774,162024.28,2647.9507,21212.309,143418.17,33155.504,-5.2206955,6639.5347,62076.082,5200.605
1140,2002-05-22,319.05746,331.73526,324.00037,323.1466,272.05133,338.89554,326.3355,289.0054,292.37527,303.91345,251.20981,320.7112,329.91217,326.78696,342.51974,330.56583,322.9757,320.19955,321.2939,306.0004,274.90457,296.82065,291.99533,294.3604,296.04617,335.26587,-124808.02,14397.173,9412.243,-74487.336,3100.0,145.81332,156114.16,2630.9976,21708.404,140013.38,36647.516,-1.9791355,6523.687,61836.383,5144.5986
1141,2002-05-29,319.15787,331.59027,323.96494,323.13123,272.06555,338.9339,326.29404,289.58267,292.33353,304.39594,251.19615,320.73154,329.69986,326.7189,342.29105,330.469,323.03256,320.28403,321.34897,306.12152,274.89078,296.7917,291.95905,294.45117,296.05322,335.25565,-123076.734,15585.257,9405.8545,-75491.266,3100.0,199.96379,149723.36,2606.446,22117.506,138541.16,38028.96,-7.4021873,6476.4316,62009.465,5150.836
1142,2002-06-05,319.24185,331.42026,323.92038,323.1034,272.08,338.9608,326.25833,290.00403,292.29593,304.23914,251.20525,320.75705,329.44528,326.59653,341.98526,330.3562,323.08228,320.3559,321.31662,306.12222,274.87723,296.74606,291.92325,294.5372,296.07178,335.24557,-120072.52,17557.516,9690.3955,-74907.57,3100.0,136.68684,141751.36,2595.9219,22205.213,134431.6,39371.887,-8.855757,6384.534,62008.71,5125.629
1143,2002-06-12,319.39825,331.25613,323.83646,323.0369,272.0979,339.56335,326.3253,290.7211,292.2621,305.8189,252.67458,320.77582,329.22052,326.5555,341.6698,330.27338,323.13303,320.4608,321.43906,306.92886,274.90448,297.75568,291.94458,294.6945,296.1109,335.25546,-124908.16,13153.298,7791.721,-79081.03,3100.0,290.01175,133930.8,2638.8298,24136.027,138780.0,36718.31,-33.904785,6000.4106,62527.926,4216.183
1144,2002-06-19,319.6133,331.17572,323.87784,323.11176,272.14337,340.71478,326.61237,291.87573,303.34393,307.82285,254.24646,320.80533,329.28085,326.64285,341.56058,330.24606,323.22324,320.6286,321.7096,307.61954,274.98752,299.21854,292.04395,295.0518,296.19623,335.30743,-119087.52,17731.924,5056.137,-81593.86,3100.0,1315.1765,134254.75,2705.4934,26249.188,139201.06,41881.605,-86.86448,5628.982,63009.547,3092.5137
1145,2002-06-26,319.72058,331.13428,323.96857,323.19193,272.2043,341.00995,326.83908,292.5224,306.1603,306.59897,252.67493,320.87292,329.34323,326.58627,341.67355,330.1996,323.32126,320.75266,321.5849,306.83704,275.03705,299.37735,292.09732,295.24353,296.31824,335.34366,-117668.016,20140.195,4677.9077,-81831.414,3100.0,1500.0,138123.28,2784.714,23962.508,133464.9,41748.395,8.8990555,5533.7905,63502.4,4340.9536
1146,2002-07-03,319.77515,331.10083,324.0676,323.298,272.25473,340.7757,326.9047,292.7541,306.25082,306.15347,252.17355,320.93158,329.4253,326.6057,341.8069,330.11185,323.3679,320.80792,321.67767,306.93387,275.04572,299.34235,292.09457,295.40857,296.42548,335.35178,-109224.71,26755.027,5834.9927,-79390.12,3100.0,1500.0,141399.69,2831.3513,24300.762,128952.45,46492.062,57.30698,5748.3086,63563.586,4653.218
1147,2002-07-10,319.81598,331.05252,324.0616,323.27393,272.28897,340.47598,326.90195,292.81833,302.84198,305.30652,251.56754,320.99896,329.32974,326.52975,341.7398,330.03098,323.4001,320.8514,321.54852,306.69708,275.04068,298.90994,292.07407,295.45203,296.5319,335.35065,-117690.875,21735.008,5623.245,-81269.77,3100.0,1500.0,137456.33,2842.1582,23329.73,129844.93,41027.02,45.880234,5785.4883,64321.32,5043.3335
1148,2002-07-17,319.84677,330.9101,323.92145,323.1389,272.2794,340.2203,326.85043,292.7654,300.2674,304.8563,251.38649,321.01147,328.92892,326.37067,341.3897,329.9458,323.4087,320.86935,321.42514,306.65662,275.0271,298.5873,292.04312,295.4099,296.6136,335.3437,-120424.33,18400.752,5656.6807,-81739.6,3100.0,1098.2269,124767.61,2837.9817,23022.549,129299.69,38111.586,26.91425,5822.75,64804.375,5135.8545
1149,2002-07-24,319.9297,330.69058,323.7296,322.97113,272.27368,340.2557,326.83646,292.89502,303.5531,305.38562,251.86716,320.99213,328.48633,326.20148,340.91003,329.8526,323.40585,320.91617,321.36618,306.87875,275.02536,298.7619,292.03036,295.4008,296.6784,335.34506,-121757.28,15057.542,4337.531,-84617.375,3100.0,1500.0,111449.66,2839.768,23549.572,129127.04,36334.02,31.85485,5717.357,65020.895,4637.3057
1150,2002-07-31,319.94678,330.38324,323.57892,322.85605,272.2761,340.22852,326.81738,292.95728,300.9537,304.84885,251.3694,320.95782,327.95438,325.9358,340.3903,329.66916,323.39365,320.9214,321.25735,306.63202,275.01813,298.4902,292.01184,295.4305,296.72772,335.3427,-111423.41,21059.793,6260.358,-79739.84,3100.0,1110.4825,98817.305,2831.6196,22942.068,120394.41,39881.195,26.957294,5817.7593,65026.43,5168.0186
1151,2002-08-07,319.9781,330.00485,323.36945,322.67056,272.29138,340.2398,326.7911,292.9468,302.17035,305.18967,251.71046,320.92078,327.36496,325.6629,339.83426,329.43137,323.36206,320.92654,321.14523,306.7901,275.0111,298.52634,291.9954,295.45746,296.77493,335.34048,-112913.52,17612.617,4889.1978,-83069.08,3100.0,1313.6119,84996.44,2819.9692,23220.564,118049.06,37590.832,24.995903,5827.2544,65142.348,4772.4385
1152,2002-08-14,320.1131,329.6496,323.196,322.51855,272.33002,340.69806,326.88617,293.24084,314.0064,306.59772,252.81601,320.88107,327.0588,325.49432,339.3787,329.2464,323.33313,321.0021,321.15125,307.26,275.03406,299.7369,292.02264,295.55948,296.84033,335.35928,-113054.625,15003.519,1832.7368,-88563.266,3100.0,1456.3762,77411.586,2868.1213,24519.598,118174.3,37091.52,67.99001,5594.911,65173.44,3688.643
1153,2002-08-21,320.25858,329.426,323.1609,322.49277,272.39584,341.38876,327.09732,293.72644,324.14536,307.56345,253.30838,320.86307,327.07272,325.42694,339.2281,329.0458,323.32074,321.09753,321.1967,307.46783,275.07806,300.50705,292.0812,295.7423,296.9295,335.39294,-108840.12,17061.48,-63.15603,-90415.02,3100.0,1500.0,81765.51,2951.514,25107.408,116430.03,39109.375,130.4074,5384.8066,65366.125,3325.5024
1154,2002-08-28,320.30084,329.2807,323.15524,322.47983,272.44983,341.82635,327.2862,293.95422,325.8525,306.99805,252.82686,320.85672,327.07867,325.3112,339.3131,328.82755,323.30853,321.12555,321.0931,307.2188,275.11066,300.42877,292.1259,295.86078,297.0283,335.4189,-106148.57,18940.12,387.28293,-88741.78,3100.0,1500.0,87174.46,3042.7979,24128.496,112712.42,38809.688,137.48335,5335.2544,65934.08,3954.218
1155,2002-09-04,320.25046,329.13306,323.04852,322.35455,272.45825,341.90393,327.36774,293.72604,320.26465,305.9967,252.17896,320.82285,326.93793,325.1305,339.4134,328.60938,323.2701,321.0783,320.86804,306.88943,275.1208,300.09076,292.1413,295.83316,297.11316,335.42938,-109216.62,15743.897,1006.86487,-88604.72,3100.0,1500.0,90244.74,3093.2114,22809.11,111332.89,34723.246,105.1194,5462.9194,66676.07,4620.1187
1156,2002-09-11,320.2286,329.01407,322.84705,322.11984,272.42517,341.98495,327.41406,293.3799,319.47723,305.8698,252.3524,320.7453,326.863,324.9943,339.50565,328.46085,323.20694,321.03467,320.63806,306.871,275.13074,300.35336,292.15833,295.67532,297.1748,335.4398,-120166.93,4260.2676,-1029.153,-93155.695,3100.0,1500.0,93635.04,3118.069,22202.877,117029.33,25622.74,90.088974,5400.8,67322.26,4406.6035
1157,2002-09-18,320.1581,328.9347,322.6726,321.92603,272.36652,341.93646,327.4296,292.98795,314.22342,304.9692,251.82109,320.62543,326.855,324.84216,339.69214,328.3084,323.1273,320.95517,320.39886,306.46268,275.13324,300.11768,292.1671,295.45825,297.19324,335.4451,-117616.945,3109.7505,446.3727,-88925.41,3100.0,1500.0,101710.66,3122.5898,20932.766,115923.1,23397.787,64.04268,5460.71,67428.55,4989.288
1158,2002-09-25,320.49347,329.18463,322.78772,322.01508,272.43277,343.31186,327.7907,293.38718,353.87723,310.25647,255.81537,320.5623,327.74368,325.38748,340.30038,328.47287,323.08765,321.1632,320.95264,308.47595,275.22748,302.86786,292.3058,295.61102,297.24622,335.51456,-131716.56,-8637.46,-11757.058,-111867.625,255.4448,255.4448,122206.625,3206.2698,26943.178,137629.14,22459.764,208.42899,4872.5273,66584.734,421.70654
1159,2002-10-02,320.43613,329.48645,322.9306,322.13766,272.4586,344.01593,328.22614,293.0511,350.40237,306.74985,252.94524,320.56033,327.78778,325.26196,340.95865,328.60406,323.1214,321.15463,320.55225,306.55276,275.29654,302.53934,292.41238,295.5664,297.31573,335.56708,-122365.086,1741.7161,-3877.9226,-93065.24,3100.0,1500.0,133708.27,3476.6785,21082.611,124496.13,22545.014,189.08435,4886.7935,67747.164,4374.7466
1160,2002-10-09,320.1918,329.62955,322.90863,322.089,272.41382,343.5046,328.19003,291.7103,324.5267,304.59253,251.70284,320.48907,327.9531,325.2549,341.4028,328.58066,323.07278,320.96848,320.4074,306.1743,275.28214,301.57724,292.40515,295.34515,297.3124,335.56146,-118070.35,4316.6694,356.9812,-86822.305,3100.0,1500.0,144206.02,3465.795,20012.686,122426.375,23444.47,84.16399,5697.1006,67546.23,5413.79
1161,2002-10-16,320.0416,329.76343,322.90918,322.0633,272.36618,342.98285,328.04956,290.5992,311.56122,303.8815,251.38727,320.41522,328.1341,325.30765,341.6935,328.5946,323.00183,320.84192,320.3258,306.02017,275.26013,300.88507,292.3896,295.11685,297.28076,335.5505,-121135.7,1076.5444,948.2341,-86023.305,3100.0,1500.0,150236.16,3359.0361,19430.635,125357.51,20227.652,19.707397,6121.2773,67241.086,5589.652
1162,2002-10-23,319.92126,329.88605,322.89612,322.03348,272.31274,342.5305,327.89606,289.6021,305.22287,303.51266,251.30211,320.3422,328.22098,325.3402,341.9149,328.6457,322.93845,320.73907,320.2465,305.82028,275.23816,300.41562,292.37646,294.86816,297.22635,335.53955,-123296.625,-1545.0857,1009.6493,-84723.58,3100.0,1500.0,155433.58,3265.3674,18741.666,127353.945,17424.73,-4.2321777,6454.717,66734.51,5611.551
1163,2002-10-30,319.79483,329.9977,322.9044,322.04068,272.26743,342.12744,327.75125,288.2303,301.58234,303.36368,251.24147,320.27292,328.2745,325.37762,342.1274,328.71054,322.88315,320.63742,320.22333,305.65714,275.21625,300.06427,292.36575,294.6749,297.15088,335.52856,-120595.66,592.15643,2615.309,-82952.49,3100.0,1500.0,161208.3,3184.888,18551.018,126474.38,19559.191,-14.93457,7012.244,66064.2,5636.801
1164,2002-11-06,319.64963,330.09875,322.92896,322.06418,272.23578,341.75903,327.62195,287.01187,299.23486,303.33383,251.2244,320.2212,328.28876,325.40057,342.2915,328.77798,322.835,320.52524,320.20132,305.4981,275.19434,299.7942,292.35736,294.53723,297.0688,335.51755,-118456.61,2590.91,3786.3286,-81351.14,3100.0,1275.6284,165000.4,3118.6562,18242.523,124993.86,21363.756,-19.353851,7375.596,65384.797,5626.692
1165,2002-11-13,319.54333,330.1909,322.94992,322.07846,272.21213,341.4194,327.50766,286.37738,297.69788,303.29343,251.2463,320.1807,328.38425,325.4513,342.40115,328.84598,322.79004,320.43912,320.19727,305.42798,275.17242,299.5552,292.35092,294.41214,296.9871,335.50653,-119034.766,2127.2107,3992.2737,-80344.13,3100.0,1500.0,166787.89,3065.4053,18137.844,126011.03,21125.473,-22.53199,7492.256,64792.703,5565.0596
1166,2002-11-20,319.43884,330.2722,322.98016,322.1103,272.19568,341.1251,327.40598,285.95932,296.68878,303.30173,251.26514,320.1485,328.42014,325.4847,342.50052,328.91376,322.7528,320.3594,320.2064,305.34003,275.15054,299.3525,292.34598,294.3221,296.9052,335.49548,-116710.945,4454.705,5090.732,-78945.69,3100.0,1114.4374,169259.5,3018.8882,18125.895,124832.96,23379.12,-21.106247,7608.7,64189.895,5527.1143
1167,2002-11-27,319.33124,330.33948,322.993,322.11737,272.17694,340.86365,327.315,285.65057,295.98346,303.26157,251.23293,320.12622,328.4256,325.50488,342.56824,328.973,322.72104,320.28088,320.17853,305.21268,275.1287,299.1728,292.34192,294.22067,296.82712,335.48444,-118505.67,3141.7358,4737.9297,-79508.92,3100.0,1160.6782,170685.33,2981.5132,17742.268,125341.234,21967.639,-27.063633,7623.2993,63888.15,5543.308
1168,2002-12-04,319.2259,330.3975,322.99503,322.11768,272.14874,340.62302,327.23413,285.40213,295.43933,303.22104,251.20984,320.1013,328.4487,325.5237,342.6856,329.02136,322.69177,320.2035,320.15985,305.10327,275.1071,299.01184,292.33853,294.11435,296.74768,335.47354,-118313.52,3350.5918,4951.7705,-79058.66,3100.0,917.82684,174686.1,2949.2659,17511.383,125160.64,22057.553,-30.91964,7627.016,63557.33,5551.663
1169,2002-12-11,319.13812,330.4867,323.04532,322.16675,272.13174,340.39273,327.16116,285.19324,295.0732,303.27008,251.2549,320.08267,328.618,325.59732,342.91562,329.07764,322.66498,320.13824,320.2007,305.07278,275.08572,299.00577,292.33524,294.06277,296.6676,335.4628,-115786.84,6143.247,6169.92,-76995.586,3100.0,1003.0073,182219.08,2917.5737,17714.797,124720.08,25014.574,-32.4804,7694.0806,62998.78,5483.321
1170,2002-12-18,319.0483,330.63406,323.1265,322.22617,272.1189,340.1736,327.09464,285.02228,294.77576,303.3995,251.24503,320.08023,328.9211,325.70865,343.2696,329.14575,322.64566,320.07635,320.21927,304.9831,275.06433,298.93985,292.3312,293.99872,296.5947,335.45203,-119182.32,4331.7046,5510.868,-77830.97,3100.0,1500.0,193687.95,2889.5405,17343.01,127541.19,23232.52,-38.117485,7695.516,62814.06,5487.753
1171,2002-12-25,318.95056,330.81668,323.20148,322.2823,272.08975,339.9658,327.03394,284.8711,294.5071,303.20764,251.18182,320.07846,329.14078,325.81345,343.59912,329.248,322.63223,320.0113,320.20953,304.84863,275.04297,298.79556,292.32608,293.88657,296.52228,335.44125,-121706.37,3039.4983,4973.2495,-78377.42,3100.0,1386.4934,201865.44,2870.562,16899.936,129526.67,21514.422,-36.83264,7609.286,62667.08,5538.622
1172,2003-01-01,318.85046,330.98746,323.26614,322.34125,272.0549,339.76443,326.97635,284.72363,294.30383,303.1299,251.12567,320.07703,329.25778,325.9094,343.7703,329.37534,322.622,319.94467,320.236,304.76172,275.02158,298.62173,292.3196,293.78516,296.44397,335.43048,-121828.9,3822.8286,5495.0806,-77796.91,3100.0,808.0483,204913.19,2851.1711,16742.832,130329.62,22284.115,-33.104446,7599.346,62405.625,5572.941
1173,2003-01-08,318.76166,331.11475,323.34225,322.4259,272.03027,339.5639,326.92062,284.5886,294.1415,303.21286,251.08368,320.08704,329.2932,325.99384,343.77014,329.51126,322.61667,319.88837,320.3123,304.75534,275.0002,298.56277,292.31152,293.75995,296.36514,335.41965,-118876.37,7634.891,7172.366,-76480.8,3100.0,468.19547,202971.1,2827.1802,17054.492,129114.99,26384.695,-31.782309,7684.9644,62053.71,5585.388
1174,2003-01-15,318.69727,331.18637,323.39224,322.481,272.0134,339.36472,326.867,284.48044,293.9804,303.27994,251.05771,320.1136,329.25912,326.04065,343.65826,329.6246,322.61902,319.84933,320.35666,304.74942,274.97888,298.58728,292.30176,293.7517,296.29752,335.40884,-119728.45,7946.947,7284.6313,-76426.21,3100.0,1500.0,197711.95,2806.135,17103.297,129171.95,26830.623,-30.040012,7717.167,61870.92,5580.325
1175,2003-01-22,318.6254,331.1903,323.40253,322.50705,271.99792,339.17654,326.81558,284.391,293.83728,303.3359,251.03482,320.13992,329.06723,326.02612,343.46878,329.68988,322.62555,319.80872,320.3811,304.7103,274.95752,298.47424,292.2902,293.75363,296.23907,335.398,-118152.22,9901.17,7918.607,-75863.98,3100.0,993.3593,191108.27,2787.0015,17134.24,126967.83,28650.795,-29.146036,7762.5864,61678.527,5585.507
1176,2003-01-29,318.55292,331.11316,323.3504,322.4754,271.98383,338.99774,326.76538,284.31732,293.68738,303.35657,251.02107,320.16132,328.69452,325.93933,343.11884,329.70392,322.62943,319.7641,320.3568,304.66153,274.9362,298.2733,292.2768,293.74612,296.18863,335.38718,-118076.41,9818.313,7818.883,-75917.5,3100.0,763.85004,178925.75,2770.2546,16967.469,124627.414,28452.838,-28.821692,7766.774,61567.086,5577.3555
1177,2003-02-05,318.49857,330.94614,323.25092,322.3978,271.9704,338.82404,326.71545,284.25162,293.5399,303.37015,251.02199,320.16653,328.384,325.79965,342.72177,329.6549,322.62396,319.72418,320.31717,304.6508,274.91486,298.08203,292.2616,293.73798,296.142,335.3763,-115964.99,10557.736,8099.1294,-75408.805,3100.0,384.36218,167794.75,2754.076,16981.375,121567.39,29197.516,-27.216549,7783.0537,61400.184,5545.9824
1178,2003-02-12,318.469,330.75995,323.21286,322.38626,271.98077,338.65735,326.66537,284.1957,293.40555,303.54407,251.10802,320.16678,328.2254,325.7055,342.50006,329.54715,322.60846,319.69818,320.3614,304.7466,274.89355,297.90973,292.24457,293.8264,296.10022,335.36545,-107755.16,16759.92,10148.263,-72422.234,3100.0,205.48314,164976.97,2731.9915,17621.168,116446.266,35474.12,-25.304108,7937.5947,60883.15,5425.6973
1179,2003-02-19,318.43427,330.61966,323.19522,322.3677,272.0024,338.5019,326.61505,284.169,293.3441,303.62616,251.11467,320.1815,328.16064,325.62576,342.45782,329.41745,322.59027,319.6722,320.32236,304.72415,274.87228,297.79037,292.22583,293.89853,296.0766,335.35458,-108970.35,15764.236,9546.905,-74095.53,3100.0,200.22455,166668.05,2715.1702,17439.38,115224.695,34328.164,-25.334766,7961.2114,60928.484,5411.656
1180,2003-02-26,318.43265,330.5514,323.19653,322.36182,272.00735,338.35162,326.56476,284.15225,293.25226,303.65005,251.08539,320.1862,328.31686,325.62128,342.5699,329.30573,322.56604,319.6586,320.32996,304.8117,274.851,297.6882,292.20535,293.94543,296.06125,335.3437,-108057.625,16084.635,9609.366,-74456.37,3100.0,408.52563,171684.7,2700.6582,17687.738,115584.875,34838.24,-22.410185,7990.5146,61007.7,5399.9414
1181,2003-03-05,318.4785,330.569,323.2645,322.42264,272.01324,338.22482,326.5155,284.14114,293.15628,303.73886,251.09354,320.19647,328.5538,325.6952,342.72668,329.24838,322.54413,319.67938,320.4028,304.96204,274.83005,297.57184,292.18365,294.01477,296.0498,335.33298,-106635.72,17631.072,9970.06,-73926.1,3100.0,396.4439,175718.6,2683.73,18240.252,116649.26,36631.406,-21.09366,8055.3843,60983.49,5349.166
1182,2003-03-12,318.55664,330.64294,323.33487,322.47278,272.01654,338.13553,326.46722,284.13782,293.06314,303.72366,251.11148,320.21927,328.83124,325.79294,342.87885,329.25333,322.53555,319.72693,320.438,305.0553,274.8093,297.46375,292.16064,294.03946,296.04483,335.32242,-111531.95,14388.713,9131.299,-74913.91,3100.0,233.47102,179597.03,2671.1528,18409.986,120830.91,34058.44,-22.247883,8028.274,61123.926,5295.635
1183,2003-03-19,318.6133,330.72815,323.4081,322.5434,272.01346,338.0809,326.41898,284.12808,292.9725,303.73276,251.08087,320.24075,328.9394,325.87042,342.93344,329.3014,322.54,319.76828,320.50082,305.10992,274.7886,297.3583,292.1361,294.06564,296.03793,335.31183,-110876.2,15790.846,9511.497,-74756.88,3100.0,208.35146,179681.66,2656.4712,18675.04,121472.336,35399.973,-22.860336,8057.2476,61175.676,5305.4966
1184,2003-03-26,318.7062,330.793,323.4863,322.62677,272.01895,338.04007,326.37057,284.1197,292.8897,303.8234,251.08243,320.27448,329.05038,325.96307,342.84134,329.37012,322.55472,319.8316,320.61475,305.297,274.7679,297.25958,292.11014,294.13394,296.03278,335.30124,-109856.24,17468.584,9963.443,-74000.89,3100.0,179.36401,174225.61,2638.1775,19365.184,122585.625,37462.508,-21.29081,8130.7046,61121.312,5251.4707
1185,2003-04-02,318.83575,330.83026,323.52615,322.6638,272.02374,338.02097,326.3222,284.12018,292.81503,303.8267,251.0782,320.3174,329.119,326.0243,342.6863,329.44183,322.5836,319.92435,320.67288,305.4354,274.74722,297.18262,292.08276,294.16907,296.03513,335.29065,-114064.42,14744.138,9282.685,-75092.164,3100.0,309.3512,168411.36,2624.249,19721.438,125731.94,35456.062,-19.399097,8126.929,61287.402,5212.665
1186,2003-04-09,318.95972,330.84625,323.5777,322.72934,272.03052,338.0355,326.27414,284.26086,292.74567,303.9139,251.07564,320.3556,329.14923,326.07782,342.55725,329.4986,322.6226,320.019,320.78577,305.5912,274.7266,297.12442,292.05417,294.2436,296.03842,335.28003,-110480.65,18234.186,10214.895,-73790.13,3100.0,953.8112,164407.33,2606.4497,20412.035,124957.6,38939.93,-16.76293,8125.0747,61214.074,5179.165
1187,2003-04-16,319.05313,330.84238,323.63077,322.79297,272.05228,338.07086,326.22656,284.64682,292.6848,304.03015,251.10263,320.40802,329.10828,326.10123,342.40662,329.53638,322.6696,320.09848,320.8621,305.68576,274.706,297.0503,292.02444,294.3475,296.05087,335.2694,-109769.82,19747.709,10384.739,-73498.305,3100.0,129.82025,159523.0,2588.0889,20726.305,124169.0,40320.37,-12.645477,8059.865,61207.934,5131.576
1188,2003-04-23,319.14648,330.80267,323.63235,322.79865,272.06616,338.10657,326.17963,285.31564,292.6296,304.05618,251.0467,320.45746,329.05267,326.09308,342.1424,329.55493,322.7163,320.17285,320.89374,305.7971,274.68546,296.96423,291.99374,294.41977,296.07278,335.25876,-111754.29,18388.523,9923.158,-75254.05,3100.0,102.35389,151210.16,2574.5217,20975.002,125064.44,39234.38,-5.039797,7781.323,61545.906,5152.3647
1189,2003-04-30,319.2487,330.7161,323.57724,322.74713,272.06082,338.1469,326.13367,286.49326,292.5759,303.98782,251.02083,320.48706,328.9165,326.04306,341.8434,329.5452,322.75784,320.25256,320.87805,305.86578,274.66492,296.90027,291.9622,294.4406,296.09546,335.24814,-115102.2,15367.939,9120.2705,-76166.46,3100.0,64.28342,142985.11,2564.562,21140.553,126471.79,36623.26,-5.287365,7297.3003,61887.906,5140.672
1190,2003-05-07,319.32562,330.59195,323.47528,322.65268,272.04578,338.19696,326.0887,287.63632,292.52097,303.88156,251.00775,320.49133,328.6735,325.93652,341.5767,329.49774,322.79147,320.31064,320.81763,305.8621,274.64444,296.8703,291.9299,294.42267,296.11072,335.23746,-116731.5,13018.57,8594.379,-76615.33,3100.0,613.78455,136360.67,2555.1858,21066.877,126335.61,34396.582,-3.5231133,6919.958,62128.27,5132.7417
1191,2003-05-14,319.38086,330.4529,323.35757,322.54248,272.0312,338.2441,326.0447,288.44632,292.46448,303.7866,251.03438,320.47287,328.4741,325.82275,341.3793,329.41595,322.8105,320.34814,320.75018,305.85526,274.62402,296.83737,291.8971,294.38736,296.1155,335.2268,-116776.11,11471.133,8364.9795,-76230.086,3100.0,483.10205,132339.81,2543.5327,21029.143,125765.65,32986.086,-1.772192,6655.7227,62157.656,5085.8643
1192,2003-05-21,319.42444,330.31802,323.3004,322.50256,272.0343,338.28152,326.00174,289.1097,292.40887,303.8422,251.07178,320.448,328.3303,325.74088,341.23053,329.31595,322.8161,320.3767,320.75934,305.9096,274.6036,296.85074,291.86386,294.41776,296.11234,335.21613,-110765.21,15293.579,9404.462,-74452.64,3100.0,246.89998,129204.766,2524.9458,21431.84,122524.555,36481.914,0.2439251,6537.6807,61917.223,5030.0527
1193,2003-05-28,319.51572,330.2127,323.29318,322.51425,272.05594,338.73337,325.98285,289.95715,292.35812,305.5211,251.76125,320.44543,328.26584,325.75565,341.1237,329.23218,322.81973,320.43332,320.9343,306.55472,274.61255,297.44055,291.87112,294.579,296.1193,335.20544,-110870.46,15186.076,8652.421,-77043.43,3100.0,880.27783,126725.15,2530.8384,23044.092,125008.14,37785.613,-23.438084,6277.3564,62235.156,4566.1377
1194,2003-06-04,319.57657,330.12292,323.29962,322.53036,272.0854,339.13205,326.0397,290.65942,292.31284,305.26245,251.98381,320.46457,328.13998,325.6856,340.9809,329.16675,322.8437,320.49023,320.89035,306.36832,274.6299,297.71237,291.88965,294.72406,296.1579,335.2052,-108160.35,17523.643,8480.839,-76812.52,3100.0,450.76822,122340.81,2545.6577,22668.957,120928.29,38851.887,-43.386795,6096.4077,62426.906,4507.129
1195,2003-06-11,319.6282,330.0098,323.24612,322.47772,272.10486,339.35724,326.12234,291.14694,292.5849,305.21173,252.14207,320.47455,327.9955,325.61353,340.7687,329.1032,322.86765,320.53046,320.85837,306.45862,274.64108,297.98883,291.8989,294.8056,296.213,335.2161,-111038.805,14843.993,7522.503,-78900.555,3100.0,1500.0,116710.27,2577.8098,22708.096,121574.96,36356.9,-54.65433,5940.043,62877.85,4432.5757
1196,2003-06-18,319.6871,329.87585,323.24008,322.5016,272.13165,339.62985,326.22836,291.66415,295.46283,305.60724,252.38188,320.47803,327.8192,325.56293,340.51355,329.0296,322.8878,320.5763,320.95618,306.68124,274.65973,298.34122,291.91843,294.9777,296.27365,335.23312,-102307.87,21285.684,7876.577,-77838.234,3100.0,1447.0325,110235.57,2602.6455,23478.453,117205.39,41581.98,-61.965958,5913.4155,63021.496,4267.042
1197,2003-06-25,319.74887,329.7144,323.23746,322.5151,272.17563,339.88507,326.3432,292.177,300.69406,306.01407,252.46468,320.5073,327.574,325.4843,340.2005,328.94003,322.9116,320.62872,320.97876,306.7823,274.68228,298.6227,291.9438,295.1662,296.3545,335.2531,-102039.98,21409.604,6399.7783,-79438.9,3100.0,1309.0922,101471.33,2626.612,23615.72,115131.42,41789.203,-32.080017,5803.42,63376.547,4236.1343
1198,2003-07-02,319.89154,329.60147,323.33334,322.63965,272.2527,340.50677,326.55362,292.96066,317.51236,308.20715,253.66017,320.55093,327.61102,325.58566,339.9669,328.89737,322.94882,320.73615,321.27054,307.54016,274.7335,299.62103,292.00986,295.51624,296.46335,335.29337,-96687.69,24625.549,2054.4734,-85922.49,3100.0,1500.0,98341.63,2698.597,25739.994,115166.78,47156.125,74.45204,5595.913,63299.605,3173.4443
1199,2003-07-09,319.9176,329.48068,323.30484,322.5933,272.3104,340.54263,326.69788,293.29407,314.12323,306.11682,251.98256,320.6225,327.45908,325.37646,339.91458,328.777,322.992,320.7859,320.96732,306.6207,274.75574,299.136,292.03683,295.60187,296.60074,335.31378,-102673.85,22266.758,3749.0654,-83506.92,3100.0,1235.298,99466.03,2779.9114,22742.041,110547.27,40550.082,105.3025,5495.5664,64511.934,4599.115
1200,2003-07-16,319.94467,329.3285,323.15332,322.44016,272.3176,340.3813,326.72653,293.31952,311.99188,305.95862,252.1089,320.6227,327.2267,325.25708,339.8089,328.66953,322.9825,320.79303,320.888,306.85135,274.75488,299.4387,292.03284,295.58405,296.7062,335.31815,-105875.61,18080.812,2833.0984,-86209.51,3100.0,956.2015,94865.66,2834.561,23193.693,112124.92,37925.53,85.13939,5540.0684,64999.953,4294.806
1201,2003-07-23,320.06406,329.1859,323.03534,322.33453,272.3418,340.71127,326.843,293.6633,320.9363,306.98398,252.8927,320.6114,326.95184,325.18018,339.5548,328.59683,322.9731,320.8655,320.89648,307.21393,274.78058,300.00073,292.06735,295.6456,296.80566,335.34116,-108837.08,14213.2295,247.62144,-90995.37,3100.0,1500.0,85438.164,2886.1572,24108.71,114208.08,36124.46,114.6889,5305.897,65356.906,3527.0288
1202,2003-07-30,320.05356,328.9206,322.91006,322.24237,272.35858,340.8095,326.9222,293.80948,317.0827,305.83786,251.92902,320.58755,326.4643,324.89963,339.13168,328.42596,322.96082,320.8554,320.73364,306.71747,274.79126,299.54248,292.08267,295.68948,296.88892,335.35382,-97991.734,21032.453,3182.7668,-83858.89,3100.0,1394.5334,73730.836,2929.365,22639.488,104230.14,39084.97,99.799126,5379.2886,65687.914,4633.1436
1203,2003-08-06,319.96805,328.51178,322.69257,322.03635,272.35696,340.55826,326.87274,293.6121,307.57648,304.8764,251.33173,320.5364,325.95804,324.56378,338.57956,328.14844,322.9098,320.77585,320.5004,306.4778,274.77505,299.01468,292.0621,295.64526,296.94666,335.34763,-97476.51,19223.068,4238.505,-82843.65,3100.0,999.00903,63440.75,2904.7612,21733.344,99637.08,36611.97,57.516296,5562.732,66004.96,5118.481
1204,2003-08-13,319.94223,328.08783,322.48514,321.8405,272.35565,340.45554,326.8215,293.5269,306.62943,305.16467,251.67134,320.45804,325.63623,324.3099,338.0526,327.84308,322.83347,320.72623,320.3857,306.63638,274.76425,298.9539,292.0507,295.62622,296.99094,335.3451,-95280.7,17840.389,3776.5771,-84262.586,3100.0,838.6872,57207.133,2867.2395,22089.777,97561.875,36188.37,38.863518,5602.416,65972.24,4714.6025
1205,2003-08-20,319.94626,327.73068,322.3745,321.7457,272.37805,340.5398,326.82092,293.6181,309.19366,305.59293,251.93658,320.38818,325.45584,324.11975,337.67865,327.52988,322.75513,320.70248,320.33484,306.7261,274.76486,299.0199,292.0569,295.68826,297.03537,335.35043,-88834.79,20578.982,3656.651,-84264.17,3100.0,679.2345,56696.773,2857.8232,22343.201,93533.28,38545.79,42.828743,5610.4136,65874.18,4482.3906
1206,2003-08-27,319.91757,327.43243,322.2986,321.6732,272.4062,340.58527,326.82727,293.62067,308.90158,305.50485,251.80965,320.334,325.28995,323.92664,337.46948,327.22778,322.67618,320.65976,320.22583,306.62497,274.76395,298.94806,292.0628,295.74872,297.08386,335.3547,-85513.266,21742.309,3788.6492,-83912.32,3100.0,683.88464,57536.355,2858.4683,21924.986,89634.875,38808.31,45.104637,5670.8633,66014.1,4638.647
1207,2003-09-03,319.93622,327.2373,322.20755,321.5684,272.43253,340.84265,326.8893,293.56253,315.53003,306.38,252.52728,320.28552,325.22913,323.83737,337.40686,327.01968,322.59888,320.64685,320.16333,306.9036,274.77765,299.43503,292.0908,295.79477,297.14322,335.3691,-91250.37,16058.489,938.13666,-90272.305,3100.0,818.91315,60151.043,2889.9695,22443.697,92492.18,35262.914,62.124832,5617.135,66353.05,3917.5105
1208,2003-09-10,319.8867,327.05896,322.00342,321.33102,272.40488,340.97925,326.96008,293.2985,315.07925,305.48016,251.97443,320.21164,324.99835,323.58145,337.3852,326.80807,322.52185,320.58673,319.7997,306.3874,274.788,299.4199,292.11588,295.6387,297.19345,335.38126,-100421.08,6273.783,146.04529,-91151.48,3100.0,1500.0,60486.75,2942.6619,20402.182,93930.625,25453.373,65.690704,5485.473,67255.24,4584.555
1209,2003-09-17,319.7485,326.83023,321.73898,321.06247,272.33212,340.7402,326.9277,292.79547,307.13052,304.14432,251.25056,320.06802,324.7389,323.29437,337.37085,326.5671,322.40897,320.44788,319.48358,305.93634,274.77396,299.26654,292.10855,295.37543,297.18677,335.37634,-96067.25,5334.352,2061.551,-86322.61,3100.0,1500.0,62536.84,2939.0596,19076.3,90569.16,23234.045,39.278877,5618.046,67280.29,5238.3105
1210,2003-09-24,319.82373,326.80603,321.63263,320.9411,272.32812,341.2174,327.03516,292.61417,323.4253,306.7997,253.38864,319.93845,324.91846,323.41852,337.5553,326.54968,322.29718,320.45386,319.62234,306.8951,274.80328,301.0233,292.16287,295.2981,297.1746,335.40164,-102019.47,-2327.9956,-3897.4272,-97083.375,3100.0,1500.0,69354.83,2977.274,21726.475,100064.49,20921.848,86.205086,5437.283,66621.125,2989.7114
1211,2003-10-01,319.92276,326.95575,321.6927,321.00403,272.37787,342.20712,327.36038,292.44687,342.06888,307.95474,254.04558,319.87433,325.05252,323.5156,337.8836,326.62985,322.2406,320.512,319.69458,306.96423,274.87305,302.44275,292.27512,295.37686,297.1961,335.45538,-98872.23,736.5758,-5120.917,-98419.62,3100.0,1500.0,75711.4,3100.6548,22183.0,99942.42,24377.266,160.70535,5332.5747,66433.61,2548.729
1212,2003-10-08,319.79916,327.01056,321.69598,320.99854,272.39236,342.54324,327.58383,291.64777,335.15417,306.04114,252.58855,319.82474,324.96738,323.37357,338.1949,326.586,322.18976,320.42188,319.44827,306.085,274.90457,302.19095,292.33566,295.31717,297.2139,335.4827,-94024.6,4835.6226,-1552.7242,-90427.53,3100.0,1500.0,79882.07,3216.8398,19626.12,92983.24,24134.715,134.34631,5618.4014,66803.516,4316.461
1213,2003-10-15,319.60898,326.97665,321.5978,320.8788,272.35565,342.33533,327.58627,290.6419,319.71365,304.4356,251.64645,319.74072,324.9268,323.2464,338.4516,326.44623,322.1008,320.2605,319.21973,305.6577,274.89502,301.515,292.3403,295.1017,297.1983,335.48135,-94244.97,2681.3423,-5.339243,-87247.25,3100.0,1500.0,84668.26,3208.9133,18185.838,91663.016,20409.152,64.16812,5975.4253,66857.61,5157.2764
1214,2003-10-22,319.42563,326.93988,321.48175,320.7483,272.30032,342.00842,327.49582,289.6235,309.22864,303.58362,251.27066,319.6331,324.85028,323.13208,338.68832,326.3125,321.99084,320.09692,319.02655,305.34766,274.8737,301.00287,292.32983,294.8364,297.15054,335.47168,-93839.336,506.87866,691.5575,-84850.5,3100.0,1500.0,89968.37,3138.176,17146.79,90930.125,17474.307,14.838905,6344.126,66467.516,5428.0117
1215,2003-10-29,319.24292,326.92352,321.40976,320.675,272.2526,341.66666,327.3809,288.22595,303.59262,303.2918,251.13654,319.52115,324.79166,323.05814,338.9523,326.2003,321.87433,319.9357,318.91937,305.14212,274.85022,300.52628,292.31796,294.62875,297.07706,335.46045,-89182.41,2816.1462,2563.6516,-82786.336,3100.0,1500.0,96206.586,3061.2693,16801.312,88252.61,19608.787,-2.7009506,6926.3774,65810.836,5500.4575
1216,2003-11-05,319.04526,326.94037,321.37936,320.64136,272.21982,341.3318,327.2679,286.99966,300.4453,303.2217,251.1001,319.42532,324.77145,323.0039,339.24777,326.1182,321.7594,319.76605,318.82742,304.94458,274.8269,300.13007,292.30798,294.48148,296.9954,335.44916,-85479.63,4941.8955,3888.7205,-81064.88,3100.0,1500.0,103139.164,2998.241,16355.484,85544.74,21445.129,-11.042732,7299.89,65124.492,5502.1553
1217,2003-11-12,318.8876,327.02356,321.39392,320.63385,272.19568,341.00238,327.16275,286.36078,298.46603,303.16428,251.11621,319.34293,325.02472,323.05386,339.57373,326.07666,321.64648,319.6231,318.77795,304.8449,274.80374,299.81232,292.29996,294.3485,296.9134,335.4379,-85104.9,4565.399,4140.2935,-79991.47,3100.0,1500.0,111824.445,2948.6575,16135.629,86538.695,21190.78,-17.59774,7422.0303,64519.207,5444.016
1218,2003-11-19,318.73242,327.16632,321.45923,320.68246,272.179,340.70374,327.06717,285.93964,297.16504,303.1645,251.13387,319.27472,325.26395,323.13235,339.93542,326.08984,321.54327,319.49036,318.76666,304.73373,274.7807,299.55777,292.2936,294.25195,296.83044,335.4266,-82541.99,6937.42,5309.449,-78550.56,3100.0,1500.0,121326.27,2905.1047,16041.689,86081.734,23482.805,-15.955814,7542.4385,63901.094,5407.0376
1219,2003-11-26,318.57382,327.35065,321.53378,320.73233,272.16013,340.43222,326.98053,285.62823,296.34805,303.12054,251.1018,319.22424,325.52408,323.2355,340.30585,326.1488,321.45184,319.36255,318.7371,304.58853,274.75775,299.32065,292.2886,294.14413,296.75043,335.4153,-84594.72,5637.715,4951.074,-79082.586,3100.0,1080.93,130655.164,2869.5186,15605.989,87795.84,22048.709,-22.694649,7557.897,63582.797,5423.1777
1220,2003-12-03,318.4174,327.5547,321.60965,320.79004,272.1318,340.176,326.90173,285.37457,295.6953,303.06583,251.06706,319.18173,325.7582,323.34808,340.64957,326.25055,321.37213,319.24014,318.7315,304.46188,274.73495,299.1001,292.2844,294.03082,296.66806,335.40402,-85042.05,5843.4556,5190.1074,-78588.69,3100.0,794.14124,138600.56,2838.9763,15333.973,88950.39,22146.77,-28.657852,7563.2974,63233.176,5437.787
1221,2003-12-10,318.2817,327.77542,321.71823,320.8878,272.11456,339.93158,326.8305,285.16196,295.26367,303.1236,251.12192,319.1526,326.0369,323.49823,340.9758,326.3839,321.30475,319.1342,318.79343,304.43213,274.7125,298.8978,292.28085,293.97403,296.58414,335.39288,-83221.84,8614.388,6460.3804,-76513.15,3100.0,762.85046,145969.2,2808.7524,15525.642,89466.63,25157.877,-30.603188,7631.451,62658.492,5363.4385
1222,2003-12-17,318.14554,328.0138,321.82,320.9691,272.10156,339.69827,326.7657,284.98837,294.93558,303.10675,251.11565,319.14267,326.27853,323.6366,341.32568,326.54294,321.2528,319.03525,318.80264,304.3149,274.69037,298.69116,292.2773,293.89786,296.507,335.3819,-86658.0,6918.1934,5853.452,-77281.49,3100.0,553.4629,154268.17,2784.694,15081.143,91800.2,23330.854,-29.973396,7605.6914,62421.473,5363.8867
1223,2003-12-24,318.00168,328.26108,321.89224,321.02484,272.07224,339.46817,326.7054,284.83157,294.63486,303.01666,251.05363,319.13394,326.47452,323.77017,341.65625,326.7211,321.21185,318.93463,318.8053,304.1831,274.6683,298.49313,292.27304,293.7798,296.42902,335.3709,-89325.86,5502.3735,5294.4736,-77829.83,3100.0,262.11078,161890.56,2765.344,14641.712,94045.69,21627.645,-30.600199,7543.7637,62269.21,5411.8164
1224,2003-12-31,317.8565,328.50064,321.97125,321.0932,272.0371,339.23492,326.6485,284.6805,294.38556,302.97678,250.9975,319.12695,326.67978,323.9092,341.92792,326.91068,321.179,318.8348,318.83914,304.08926,274.64636,298.31406,292.2676,293.67523,296.34476,335.35992,-89614.75,6282.7803,5795.06,-77237.98,3100.0,318.26038,168293.05,2745.0269,14481.596,95355.78,22410.695,-29.763891,7532.8833,61998.824,5444.3496
1225,2004-01-07,317.72385,328.7316,322.0912,321.2097,272.01212,338.99915,326.59418,284.5423,294.2176,303.0672,250.95525,319.13315,326.9372,324.0737,342.16336,327.10684,321.15472,318.74707,318.93875,304.082,274.62448,298.20673,292.2607,293.64685,296.2598,335.3489,-87222.6,10077.385,7518.7876,-75910.0,3100.0,87.70805,173981.31,2721.6646,14821.611,95528.266,26571.232,-29.164202,7618.271,61636.207,5455.8857
1226,2004-01-14,317.64127,328.9879,322.24106,321.34915,271.9975,338.9326,326.55115,284.5393,294.0445,304.0962,251.22162,319.1645,327.31763,324.31696,342.45837,327.31705,321.1441,318.6924,319.14044,304.3827,274.6141,298.3154,292.26804,293.6848,296.18735,335.33786,-90892.66,9387.257,7094.705,-76525.24,3100.0,530.34247,181784.42,2702.661,15486.912,100937.74,27029.78,-63.73742,7645.2603,61600.777,5257.1094
1227,2004-01-21,317.53632,329.2688,322.40616,321.50146,271.9859,338.77,326.52014,284.49197,293.90247,303.5373,251.02513,319.2144,327.63272,324.48694,342.82352,327.53003,321.15466,318.6448,319.1638,304.09042,274.60068,298.1262,292.269,293.6888,296.13123,335.32684,-90537.67,12029.229,7853.475,-75724.586,3100.0,298.13867,191394.81,2697.6274,14985.144,100166.53,28784.008,-48.12295,7621.134,61404.117,5396.814
1228,2004-01-28,317.42444,329.56006,322.54865,321.6292,271.97137,338.50522,326.4769,284.3821,293.7711,303.29852,250.93227,319.26654,327.93488,324.68918,343.1768,327.75922,321.1725,318.5857,319.24792,304.06378,274.5789,298.077,292.25592,293.66418,296.08017,335.31583,-93368.516,11834.253,7958.888,-75610.53,3100.0,1500.0,199329.02,2685.8118,14894.095,102994.62,28589.98,-36.070484,7655.174,61261.09,5435.0234
1229,2004-02-04,317.34402,329.87537,322.71625,321.77615,271.95728,338.26526,326.4312,284.2932,293.64786,303.2779,250.91153,319.3223,328.44617,324.94287,343.59833,328.00598,321.19788,318.5467,319.3743,304.09808,274.55713,298.09668,292.24057,293.64618,296.03,335.30478,-95594.914,12319.37,8318.655,-75018.28,3100.0,1500.0,211235.7,2667.853,15066.193,106988.58,29351.762,-30.92101,7683.8345,61071.867,5417.0054
1230,2004-02-11,317.30405,330.23624,322.96613,322.023,271.96704,338.0534,326.38434,284.22186,293.5375,303.45303,250.99149,319.3974,328.94153,325.2552,343.99594,328.2885,321.2378,318.5403,319.62076,304.257,274.53546,298.00986,292.2231,293.72842,295.9837,335.29373,-92586.34,18212.307,10460.085,-71983.53,3100.0,651.55084,220173.42,2644.2603,15889.315,108885.25,35706.418,-27.946005,7846.1367,60535.37,5302.51
1231,2004-02-18,317.2735,330.58426,323.18866,322.2323,271.98816,337.87653,326.33682,284.1839,293.43417,303.54434,250.99597,319.50677,329.27252,325.52438,344.25723,328.60504,321.30167,318.55334,319.77927,304.2983,274.51385,297.93344,292.20364,293.79578,295.9557,335.28268,-98798.4,16886.994,9880.087,-73621.336,3100.0,1054.9414,224724.05,2626.9424,15901.27,113270.97,34575.793,-27.09586,7873.2954,60563.195,5291.18
1232,2004-02-25,317.29132,330.9039,323.36792,322.4054,271.9926,337.72488,326.28903,284.1584,293.37286,303.579,250.96506,319.61508,329.65207,325.79425,344.42154,328.927,321.38342,318.59134,319.96704,304.45108,274.49234,297.9072,292.18222,293.8389,295.93683,335.27164,-102233.56,16898.568,9954.272,-73956.03,3100.0,1362.33,226662.94,2612.588,16341.346,117999.47,35098.676,-23.653385,7904.9644,60627.07,5281.52
1233,2004-03-03,317.37302,331.2077,323.5703,322.6035,271.9979,337.60464,326.2412,284.13748,293.30203,303.66647,250.96017,319.7291,330.07614,326.07626,344.57788,329.2732,321.48297,318.67548,320.19507,304.6575,274.4709,298.3657,292.159,293.90512,295.92276,335.2606,-104485.445,18183.205,10327.39,-73387.67,3100.0,1500.0,228747.42,2595.7937,17082.254,122554.22,36902.152,-21.823872,7973.7236,60590.957,5240.732
1234,2004-03-10,317.5027,331.4965,323.7414,322.76218,272.00055,337.5351,326.19666,284.1276,293.22208,303.7346,250.98738,319.85358,330.39578,326.33203,344.6416,329.58633,321.60446,318.79633,320.37262,304.81955,274.44977,298.63098,292.1344,293.93152,295.9165,335.24973,-112638.21,14627.291,9446.954,-74375.09,3100.0,1500.0,226913.39,2582.4607,17497.148,129461.805,34332.98,-23.75606,7960.505,60736.445,5188.4517
1235,2004-03-17,317.61948,331.72763,323.88138,322.9077,271.99698,337.52875,326.1563,284.11526,293.13873,303.7109,250.95973,319.96967,330.56067,326.52475,344.65973,329.85593,321.743,318.91724,320.54034,304.9168,274.42896,298.46887,292.10855,293.95782,295.91055,335.239,-114374.25,15880.011,9836.325,-74216.35,3100.0,1500.0,225548.39,2569.9773,17921.418,131933.2,35673.92,-24.422398,7979.6553,60778.434,5202.8022
1236,2004-03-24,317.7789,331.9336,324.02884,323.0643,272.00192,337.5736,326.11685,284.1037,293.05878,303.79456,250.96283,320.08865,330.81815,326.74118,344.68973,330.0976,321.88995,319.0604,320.75677,305.15063,274.4082,298.2067,292.0813,294.0266,295.90866,335.22827,-115624.9,17381.766,10294.767,-73452.92,3100.0,1472.4562,224010.16,2554.4924,18741.947,135401.42,37741.42,-22.273756,8056.09,60718.996,5152.333
1237,2004-03-31,317.98242,332.1356,324.15573,323.18832,272.0062,337.65674,326.07623,284.10138,292.98303,303.804,250.96033,320.2119,331.07904,326.9448,344.71625,330.33093,322.048,319.23755,320.92035,305.33414,274.3875,297.98788,292.05286,294.0634,295.916,335.21756,-122265.18,14455.307,9608.901,-74539.54,3100.0,1041.5992,222577.55,2543.0784,19227.088,141315.11,35727.11,-19.97118,8055.6455,60883.484,5115.3496
1238,2004-04-07,318.18454,332.31863,324.30438,323.34885,272.01248,337.76166,326.03384,284.23706,292.91043,303.8996,250.9598,320.3289,331.2866,327.13956,344.70233,330.55176,322.21463,319.4206,321.1379,305.535,274.36688,297.81244,292.0235,294.14056,295.9254,335.20682,-121179.51,17768.91,10531.017,-73238.11,3100.0,901.13837,220445.83,2527.446,20073.812,143279.31,39217.96,-17.105896,8059.591,60811.9,5082.579
1239,2004-04-14,318.35703,332.46274,324.44473,323.49942,272.0338,337.86227,325.98996,284.61542,292.84634,304.02444,250.98949,320.45917,331.37347,327.2871,344.59836,330.75043,322.38837,319.5899,321.3124,305.6731,274.3463,297.65897,291.99344,294.24823,295.94443,335.19608,-122825.88,19095.53,10689.134,-72950.0,3100.0,730.47314,215375.94,2510.9333,20558.406,144811.62,40590.63,-12.853352,8000.818,60810.973,5035.268
1240,2004-04-21,318.5297,332.56122,324.51813,323.57904,272.0473,337.93802,325.9453,285.2798,292.78864,304.05856,250.93524,320.58368,331.43494,327.39148,344.44644,330.91708,322.55966,319.75348,321.43436,305.8262,274.32584,297.51788,291.96292,294.32516,295.9732,335.18533,-126931.27,17562.168,10213.039,-74710.43,3100.0,607.2657,208948.48,2499.012,20985.89,147734.48,39494.05,-5.186512,7728.179,61156.4,5056.1514
1241,2004-04-28,318.71268,332.63025,324.54065,323.60416,272.0416,337.99817,325.9005,286.45615,292.7323,303.99808,250.91124,320.68503,331.47943,327.46747,344.3323,331.04898,322.72235,319.92267,321.5101,305.9369,274.3054,297.39166,291.9321,294.35117,296.0028,335.1746,-132421.8,14366.794,9392.504,-75632.12,3100.0,508.78656,204829.12,2490.4292,21331.703,151495.16,36870.42,-5.4533844,7249.322,61508.543,5044.6294
1242,2004-05-05,318.87125,332.6775,324.53357,323.59933,272.02625,338.054,325.85602,287.60034,292.67426,303.89972,250.90034,320.76004,331.4617,327.50436,344.23376,331.15665,322.8743,320.07053,321.5471,305.97723,274.28503,297.48807,291.90112,294.33862,296.02496,335.16385,-136379.77,11821.682,8850.126,-76093.37,3100.0,1500.0,201145.47,2481.4604,21451.805,154051.88,34622.34,-3.7349358,6876.199,61760.8,5037.117
1243,2004-05-12,319.07263,332.74973,324.53473,323.61377,272.019,338.57266,325.87,288.7386,292.6142,305.65515,251.99054,320.81924,331.55124,327.64124,344.32504,331.26785,323.02008,320.23712,321.783,306.70297,274.2974,298.38852,291.91547,294.42404,296.04474,335.16245,-141938.95,8112.8896,7407.2227,-77874.51,3100.0,1500.0,204109.52,2497.007,23327.814,161869.88,33061.312,-37.15858,6472.4956,62107.8,4344.585
1244,2004-05-19,319.2587,332.88333,324.6377,323.72324,272.03976,339.10706,325.97064,289.80927,292.6627,305.50122,252.3031,320.89218,331.74316,327.76328,344.50314,331.38852,323.18466,320.41602,321.8791,306.65408,274.32413,298.77167,291.94955,294.55417,296.0845,335.1748,-138794.7,12256.041,7933.2354,-76767.34,3100.0,1500.0,208618.52,2526.3965,23589.82,160898.1,36247.492,-66.9367,6127.676,62127.438,4204.13
1245,2004-05-26,319.38293,332.9943,324.75333,323.83658,272.06424,339.14017,326.01382,290.4247,292.82938,304.64142,251.4599,320.97775,331.846,327.84616,344.48834,331.49213,323.33643,320.5526,321.92325,306.38745,274.32346,298.44147,291.9451,294.62534,296.13272,335.17816,-138257.47,14547.587,8547.133,-76689.46,3100.0,1500.0,205823.25,2541.28,22998.18,159835.64,37575.094,-42.648365,6089.9497,62317.62,4742.2812
1246,2004-06-02,319.49326,333.02,324.81305,323.91046,272.0813,339.07706,326.00757,290.77527,293.25574,304.58914,251.43227,321.0623,331.7214,327.88385,344.1495,331.57648,323.46527,320.66547,322.02414,306.5391,274.31204,298.30447,291.92554,294.7037,296.17776,335.17404,-138104.7,15945.41,8846.412,-76084.05,3100.0,1302.3994,192916.97,2534.593,23488.639,159411.62,38876.457,-33.63185,6131.6973,62385.816,4733.848
1247,2004-06-09,319.6485,332.9601,324.7735,323.89124,272.0983,339.34308,326.05902,291.2552,296.8698,305.3197,252.17528,321.1403,331.47983,327.86826,343.67444,331.6395,323.59583,320.80222,322.11444,306.92798,274.32144,298.6473,291.93524,294.80777,296.23508,335.1845,-143154.1,12441.944,7351.6147,-79044.23,3100.0,1121.9124,178246.78,2552.859,24416.328,161940.95,36364.04,-48.472458,5932.5225,62868.312,4272.546
1248,2004-06-16,319.76465,332.81238,324.75272,323.90726,272.12363,339.40314,326.09116,291.61215,296.07315,304.88373,251.50046,321.20438,331.0946,327.75494,343.18848,331.62115,323.7159,320.9218,322.13373,306.69455,274.3233,298.5969,291.93503,294.93063,296.29736,335.18985,-133465.48,19953.95,8597.51,-76223.055,3100.0,881.23395,164336.5,2554.566,24063.28,153653.53,41728.94,-22.838043,5991.0,62867.32,4732.055
1249,2004-06-23,319.97028,332.68143,324.76422,323.949,272.17267,339.97504,326.22784,292.2935,312.39206,307.63,253.29604,321.2803,330.9187,327.82068,342.87912,331.61566,323.83136,321.0824,322.4119,307.72238,274.35855,300.14728,291.98203,295.22122,296.38135,335.21857,-137153.64,16477.93,2871.5254,-84624.99,3100.0,1500.0,156871.44,2609.4993,26916.475,158362.8,42695.492,41.59706,5725.953,63015.914,3425.2703
1250,2004-06-30,320.1857,332.6076,324.8659,324.07346,272.26627,340.4724,326.43747,293.00256,319.66507,307.3748,252.82114,321.3895,330.958,327.8139,342.94446,331.5916,323.96906,321.2842,322.4968,307.5172,274.40256,300.78568,292.0423,295.5161,296.50797,335.25372,-129237.58,24044.305,3491.106,-83367.45,255.4448,255.4448,161619.38,2662.9888,26477.643,151431.83,46484.133,118.63606,5566.6113,63300.832,3532.708
1251,2004-07-07,320.30338,332.58676,324.8799,324.06012,272.3237,340.5602,326.54724,293.25583,316.5557,306.40726,252.13722,321.5021,331.10803,327.78433,343.211,331.51846,324.07376,321.39798,322.39508,307.29657,274.4146,300.61008,292.05923,295.60706,296.64465,335.26678,-138293.78,19037.205,3010.2534,-85022.96,3100.0,1500.0,171279.98,2759.1917,25483.988,153573.2,40776.93,111.705986,5533.0913,64361.96,4219.6465
1252,2004-07-14,320.35513,332.60477,324.8364,323.99576,272.3155,340.4898,326.5662,293.24857,309.67612,305.4233,251.50897,321.54803,331.19077,327.7525,343.40662,331.44598,324.13837,321.4486,322.28555,307.09354,274.4079,300.1122,292.05127,295.57217,296.75452,335.2668,-141823.73,16410.65,3951.6404,-83508.01,3100.0,1500.0,176265.92,2788.542,24654.082,155080.58,37621.46,80.400894,5592.3086,65108.316,4801.476
1253,2004-07-21,320.4611,332.62967,324.80383,323.9586,272.30737,340.5984,326.58286,293.36227,310.78156,305.7898,251.92473,321.5643,331.2275,327.79077,343.41714,331.43713,324.18384,321.5281,322.31415,307.36002,274.4071,300.02283,292.05286,295.56326,296.84,335.2709,-145555.58,12953.631,2849.6997,-86255.83,3100.0,1500.0,174955.64,2789.289,25323.945,159074.58,35873.543,62.87503,5526.374,65395.08,4329.723
1254,2004-07-28,320.53815,332.61343,324.81934,323.99237,272.31693,340.70734,326.6051,293.4775,309.94836,305.5276,251.66534,321.58438,331.0764,327.7634,343.21225,331.43668,324.23337,321.5958,322.3416,307.27023,274.40704,299.75623,292.057,295.61832,296.91248,335.2755,-138532.5,18243.111,4294.577,-82512.19,3100.0,1500.0,167179.9,2791.5664,25127.97,154828.67,39357.727,61.430695,5599.528,65428.23,4635.6274
1255,2004-08-04,320.56726,332.49136,324.73495,323.9158,272.3233,340.6048,326.57285,293.3859,304.8341,304.99417,251.29282,321.6039,330.70416,327.62573,342.77176,331.3878,324.27087,321.6254,322.24228,307.11948,274.39438,299.4263,292.0452,295.6151,296.97485,335.2712,-141177.28,15976.097,4598.5063,-82408.38,3100.0,1261.9822,153383.28,2773.3977,24510.992,153108.9,36792.17,39.074966,5696.1157,65743.875,4968.688
1256,2004-08-11,320.66403,332.29794,324.60324,323.80624,272.33478,340.68237,326.57245,293.43832,308.45197,305.70224,251.94223,321.60095,330.30893,327.50787,342.25797,331.3339,324.2955,321.69205,322.25052,307.4418,274.39313,299.89676,292.05103,295.64612,297.03363,335.2748,-141654.42,13940.281,3125.767,-85451.7,3100.0,1500.0,139601.16,2769.633,25450.89,152872.56,36338.67,38.73965,5645.454,65743.0,4289.3545
1257,2004-08-18,321.0634,332.20074,324.62918,323.88177,272.45206,341.97736,326.895,294.33655,342.3178,309.98837,255.03014,321.65393,330.19635,327.69278,341.8944,331.38617,324.36734,321.9818,322.71097,308.97195,274.474,302.38916,292.17297,296.00903,297.1507,335.3357,-144784.08,10454.611,-5950.7373,-101610.06,3100.0,1500.0,129107.375,2862.7546,30326.781,160503.03,39391.02,181.55083,5076.1255,65368.734,977.42456
1258,2004-08-25,321.13693,332.0413,324.59918,323.85468,272.5258,342.67282,327.2288,294.7475,340.42786,307.38483,252.75871,321.73456,329.7696,327.38474,341.5106,331.32346,324.4796,322.07404,322.38348,307.66077,274.5304,302.1064,292.2632,296.14618,297.29773,335.37997,-138902.78,16656.342,-1443.7158,-89817.69,3100.0,1500.0,119096.47,3078.4333,25878.346,147505.95,37460.332,173.35188,4902.152,66852.336,4009.3276
1259,2004-09-01,321.0315,331.68634,324.30386,323.5668,272.50507,342.40207,327.24393,294.2568,320.91812,305.53735,251.60635,321.70398,329.02405,326.99796,341.00385,331.06433,324.48563,321.99365,322.0708,307.29895,274.52042,301.73157,292.26273,296.03806,297.38898,335.3779,-139041.0,13979.805,908.6477,-87594.19,3100.0,1500.0,105543.266,3104.3074,24464.348,141871.62,33659.34,84.00897,5306.8516,67605.39,5007.409
1260,2004-09-08,321.09625,331.3178,323.95612,323.22067,272.48038,342.60028,327.29803,293.96854,325.33353,306.67685,252.77669,321.6218,328.601,326.75467,340.5169,330.81137,324.4474,322.01035,321.91257,307.76663,274.53558,302.17725,292.29886,295.9275,297.46332,335.39328,-150093.86,794.5161,-3146.6616,-97080.96,3100.0,1500.0,97011.79,3094.0408,25425.252,147927.89,25436.521,84.02804,5220.8906,67991.19,3716.1084
1261,2004-09-15,321.04642,330.88693,323.59302,322.87683,272.42535,342.647,327.34937,293.61865,319.3812,305.07272,251.67429,321.4948,327.8355,326.2733,340.02985,330.47852,324.39117,321.94937,321.49722,306.9889,274.54236,301.70023,292.32532,295.71637,297.50305,335.40292,-143557.86,1210.0391,-363.82996,-89750.43,3100.0,1500.0,85760.445,3116.018,22916.771,138950.94,22591.111,63.56823,5265.8096,68367.57,5006.9844
1262,2004-09-22,320.98035,330.38138,323.20554,322.5032,272.37204,342.52032,327.32416,293.02103,314.88956,304.8941,251.85812,321.32486,327.19775,325.86154,339.56592,330.07782,324.281,321.85687,321.2242,306.97366,274.53635,301.51794,292.33585,295.48422,297.49744,335.4035,-141162.62,-2874.7852,-1193.5371,-90595.22,3100.0,1500.0,78008.0,3090.372,22684.447,135641.14,19204.094,40.21904,5456.167,68045.84,4709.8857
1263,2004-09-29,320.89325,329.85507,322.9068,322.2322,272.34244,342.43515,327.31177,292.16135,312.8244,304.69516,251.75433,321.1497,326.57797,325.43427,339.1108,329.6536,324.15106,321.75082,320.9791,306.72852,274.53406,301.34186,292.35373,295.3441,297.4706,335.40665,-129992.99,1526.5183,945.3327,-87185.086,3100.0,1500.0,69972.195,3064.403,22217.883,126259.14,22714.9,34.698082,5849.5264,67473.805,4851.463
1264,2004-10-06,320.753,329.27875,322.63135,321.97397,272.32004,342.1398,327.24954,291.0307,306.4689,303.97235,251.26665,320.97977,325.99207,324.9794,338.62476,329.1562,323.99667,321.60452,320.6812,306.35236,274.51862,300.95337,292.35556,295.2156,297.4306,335.40054,-121736.14,3923.8335,2811.3887,-83903.72,3100.0,1500.0,63099.86,3021.9248,21223.729,117158.03,23645.674,13.626472,6320.2236,67046.75,5309.7915
1265,2004-10-13,320.62982,328.7173,322.35278,321.69168,272.2855,341.7765,327.15015,290.05115,301.59842,303.57117,251.09872,320.80383,325.59735,324.57535,338.20993,328.6549,323.81924,321.45953,320.38544,306.153,274.49603,300.74356,292.3494,295.03592,297.38043,335.38934,-119451.49,954.7749,2440.3623,-84075.63,3100.0,1500.0,61057.34,2965.992,20497.176,112981.92,20366.395,-6.70179,6561.821,66750.016,5393.4014
1266,2004-10-20,320.50137,328.22278,322.08643,321.42105,272.24054,341.476,327.05322,289.14227,299.04758,303.30896,251.06279,320.61826,325.22745,324.1943,337.95563,328.16418,323.63077,321.30853,320.0857,305.896,274.47363,300.45557,292.34534,294.81833,297.31552,335.3781,-116214.03,-1327.0789,1984.2369,-83261.22,3100.0,1500.0,62810.516,2920.1836,19587.807,108680.086,17484.959,-21.426788,6786.253,66298.59,5398.621
1267,2004-10-27,320.34656,327.79938,321.8739,321.21643,272.20126,341.2228,326.9648,287.836,297.5385,303.20337,251.02367,320.4304,324.9099,323.8658,337.87698,327.68417,323.4339,321.14066,319.8503,305.66977,274.45142,300.1985,292.343,294.64685,297.2339,335.36688,-108449.97,1156.9795,3316.1553,-81778.72,3100.0,1500.0,67395.23,2877.1821,19117.19,102280.78,19588.225,-30.012241,7274.966,65688.43,5422.696
1268,2004-11-03,320.15906,327.4496,321.71112,321.05603,272.1744,340.98328,326.88522,286.7295,296.5875,303.19153,251.01888,320.2583,324.64893,323.57242,337.94247,327.2577,323.23297,320.95044,319.62918,305.44522,274.42935,299.96472,292.34198,294.52554,297.14822,335.35565,-101677.17,3487.7043,4327.5464,-80377.336,3100.0,1500.0,72786.03,2838.7102,18526.21,96089.78,21372.81,-28.752956,7561.3613,65067.527,5415.602
1269,2004-11-10,319.99823,327.19577,321.58572,320.92004,272.15494,340.74402,326.81348,286.15347,295.9113,303.15738,251.04974,320.09915,324.60016,323.3792,338.1056,326.89944,323.02917,320.7775,319.44803,305.31036,274.40744,299.71637,292.34186,294.4124,297.06467,335.34442,-98208.97,3324.5608,4422.276,-79514.164,3100.0,1500.0,78319.49,2807.8352,18158.361,93469.76,21107.893,-32.4226,7641.8853,64525.195,5357.392
1270,2004-11-17,319.8301,327.03735,321.5115,320.83768,272.14224,340.5241,326.74844,285.77283,295.41345,303.16687,251.07588,319.95306,324.5715,323.23077,338.3729,326.61914,322.8318,320.6053,319.30563,305.16122,274.3857,299.5414,292.34213,294.33084,296.9816,335.3332,-92544.45,5912.1294,5445.391,-78223.15,3100.0,1500.0,86014.43,2779.982,17887.658,89589.26,23343.701,-27.856308,7733.137,63963.574,5322.562
1271,2004-11-24,319.65262,326.9745,321.4614,320.7678,272.12708,340.3161,326.689,285.49176,295.05945,303.12567,251.04958,319.82373,324.61456,323.1385,338.74954,326.40747,322.64285,320.43207,319.15283,304.97733,274.3641,299.3971,292.34238,294.2353,296.9023,335.32196,-91694.73,4816.6665,5044.9917,-78867.2,3100.0,1081.3647,95142.08,2757.8867,17290.951,88341.95,21923.432,-28.487823,7728.8647,63695.586,5341.8716
1272,2004-12-01,319.47226,326.9853,321.4297,320.7208,272.1022,340.11035,326.634,285.26257,294.75882,303.07083,251.01938,319.70306,324.66653,323.0904,339.16388,326.2637,322.4635,320.25986,319.03415,304.81137,274.34268,299.2296,292.3422,294.13196,296.8213,335.3107,-89502.96,5211.618,5229.345,-78463.5,3100.0,1343.1643,103654.72,2738.2668,16832.148,86934.66,22005.309,-29.855272,7719.009,63390.08,5360.087
1273,2004-12-08,319.30856,327.04013,321.4461,320.72833,272.0883,339.90915,326.5836,285.07053,294.48706,303.12607,251.07803,319.59802,324.7786,323.1008,339.5042,326.18765,322.2961,320.10187,318.99188,304.7405,274.3217,299.09875,292.34158,294.08203,296.73917,335.29965,-85297.74,8146.035,6413.251,-76462.66,3100.0,1500.0,109568.64,2717.0889,16842.658,85154.625,24953.012,-31.37387,7773.5005,62850.68,5289.247
1274,2004-12-15,319.14142,327.10712,321.4615,320.72577,272.0785,339.71448,326.53674,284.91437,294.29736,303.10648,251.07509,319.5146,324.85696,323.0998,339.75537,326.15796,322.14474,319.94818,318.90134,304.58435,274.30103,298.9718,292.34012,294.0114,296.66376,335.28876,-86470.1,6628.7095,5824.5444,-77291.18,3100.0,1062.1991,114697.914,2700.94,16226.567,85216.83,23167.293,-31.181852,7738.4004,62643.83,5293.4736
1275,2004-12-22,318.96432,327.16928,321.44617,320.69702,272.0523,339.52026,326.49222,284.7726,294.12308,303.01346,251.01624,319.4338,324.87958,323.0853,339.94354,326.15414,322.00446,319.79077,318.8033,304.41235,274.28055,298.84137,292.33725,293.8979,296.58728,335.27786,-86875.96,5389.2544,5243.6226,-77890.234,3100.0,1062.1556,118629.78,2687.95,15614.557,85055.54,21459.664,-32.470337,7668.2417,62517.285,5345.0034
1276,2004-12-29,318.78314,327.2404,321.4416,320.68198,272.02017,339.321,326.44937,284.6346,293.95084,302.96912,250.96347,319.35526,324.96405,323.092,340.13846,326.18948,321.87186,319.63202,318.73837,304.2757,274.2602,298.97372,292.3328,293.79648,296.50433,335.26694,-84961.625,6326.9565,5727.611,-77341.06,3100.0,1068.5876,124367.0,2673.3398,15293.9795,84174.42,22232.818,-31.820236,7650.179,62267.656,5381.6885
1277,2005-01-05,318.64545,327.40094,321.5195,320.73956,271.99124,339.22958,326.4162,284.58044,293.79407,303.81326,251.08357,319.293,325.371,323.26132,340.50458,326.27835,321.7494,319.50568,318.83722,304.4373,274.2477,299.66296,292.33725,293.77448,296.42102,335.25604,-85183.64,6858.2896,5977.7856,-77835.83,3100.0,1500.0,137044.02,2654.4436,15804.824,87621.1,23816.59,-67.30643,7681.8784,62234.63,5305.8086
1278,2005-01-12,318.50504,327.65942,321.67368,320.86548,271.97455,339.12573,326.40033,284.5312,293.64108,303.5029,251.05977,319.2629,325.8042,323.4128,340.99435,326.3981,321.64935,319.3881,318.82825,304.2715,274.2362,300.17795,292.34094,293.76654,296.3496,335.24512,-83033.805,9979.647,7055.349,-75928.72,3100.0,1500.0,149249.27,2652.936,15648.6,86890.12,26392.025,-52.642826,7649.75,61845.387,5310.8267
1279,2005-01-19,318.36334,327.94626,321.82324,320.9887,271.96497,338.98203,326.38388,284.4288,293.50693,303.2353,250.94907,319.25223,326.1407,323.59485,341.41724,326.52686,321.56296,319.2746,318.8645,304.18546,274.21832,300.00867,292.33347,293.7406,296.28873,335.23422,-84206.49,10487.408,7368.683,-75927.84,3100.0,1500.0,157010.62,2647.9216,15490.911,88717.555,26831.8,-38.161102,7690.5024,61641.473,5379.26
1280,2005-01-26,318.21457,328.2201,321.957,321.11185,271.95364,338.90356,326.36362,284.32983,293.39975,303.21027,250.89635,319.25418,326.38776,323.76685,341.75708,326.68445,321.49197,319.16464,318.9284,304.1377,274.19846,299.55902,292.32086,293.73056,296.23395,335.2233,-83909.21,12412.915,8099.7134,-75343.63,3100.0,1500.0,164445.05,2635.3792,15425.416,89524.516,28666.47,-33.34685,7746.047,61434.14,5409.6025
1281,2005-02-02,318.0702,328.47787,322.07706,321.21887,271.94287,338.8509,326.3388,284.25247,293.34125,303.21854,250.8775,319.26965,326.6316,323.9326,342.01636,326.87534,321.4368,319.06107,318.9809,304.09436,274.17868,299.16608,292.30646,293.7159,296.18646,335.2124,-86049.51,12223.667,8039.5747,-75388.2,3100.0,1409.8312,169726.0,2625.112,15220.356,91554.516,28481.496,-31.353617,7753.023,61311.957,5409.5244
1282,2005-02-09,317.95187,328.711,322.18625,321.31918,271.9323,338.7632,326.30847,284.18582,293.26016,303.23386,250.88034,319.2902,326.8695,324.09406,342.18457,327.08243,321.39554,318.97537,319.0552,304.10474,274.1591,298.88513,292.29047,293.7027,296.1424,335.2015,-87068.78,12788.491,8335.842,-74877.69,3100.0,1027.7357,172335.78,2615.524,15247.739,93522.84,29236.936,-29.173506,7769.425,61136.67,5381.6763
1283,2005-02-16,317.86972,328.91586,322.33685,321.4855,271.94522,338.63934,326.27322,284.1325,293.1771,303.8882,250.97116,319.32535,327.06406,324.29388,342.25357,327.29178,321.36984,318.9205,319.28348,304.2905,274.13968,298.73547,292.2732,293.80835,296.1027,335.1906,-83022.69,18345.764,10113.32,-71930.32,3100.0,1500.0,171402.47,2590.6665,16046.308,94092.9,35534.867,-41.25095,8001.504,60722.7,5264.55
1284,2005-02-23,317.79346,329.07965,322.4602,321.60193,271.96912,338.5001,326.23453,284.11676,293.10007,303.65152,250.98294,319.38956,327.1863,324.39832,342.29648,327.4755,321.36713,318.88037,319.3109,304.2487,274.1204,298.56183,292.25482,293.8777,296.0825,335.17972,-86555.375,17562.242,9624.341,-73661.49,3100.0,905.5278,171708.67,2584.8496,15853.824,94557.516,34376.082,-35.327774,7940.2515,60726.81,5253.27
1285,2005-03-02,317.7582,329.21982,322.54105,321.67972,271.9762,338.35544,326.19357,284.1035,293.028,303.5661,250.95825,319.44165,327.35657,324.52292,342.29373,327.63647,321.37354,318.8563,319.4038,304.36234,274.10132,298.3469,292.23538,293.9167,296.06982,335.16882,-87658.97,17762.256,9784.196,-74004.664,3100.0,710.4818,170079.62,2580.206,16139.468,96645.375,34894.113,-28.366045,7968.5654,60782.527,5243.009
1286,2005-03-09,317.78107,329.3484,322.64154,321.78247,271.98398,338.22913,326.15146,284.09445,292.96332,303.68353,250.97096,319.49423,327.56406,324.66895,342.2769,327.78677,321.38983,318.87402,319.54504,304.5416,274.08264,298.2007,292.2153,293.98404,296.05954,335.15814,-87642.84,19165.47,10147.796,-73468.01,3100.0,951.33405,168333.89,2565.6396,16727.445,98726.54,36695.06,-26.458288,8040.7656,60759.703,5193.9243
1287,2005-03-16,317.85254,329.50787,322.74377,321.8703,271.98975,338.17703,326.11087,284.12354,292.90442,304.25766,251.0689,319.55444,327.92178,324.8649,342.41852,327.93668,321.42273,318.9292,319.6984,304.76978,274.0673,298.12918,292.1985,294.0357,296.05588,335.14758,-94584.57,15266.743,8940.449,-74660.086,3100.0,691.88116,173529.98,2548.1545,17152.09,105560.18,34103.617,-45.04922,8068.3647,61019.555,5093.117
1288,2005-03-23,317.90427,329.70532,322.86462,321.98495,271.98944,338.12784,326.07172,284.13544,292.8487,303.84146,250.9978,319.61298,328.15543,325.00656,342.60986,328.10086,321.47382,318.98343,319.75882,304.7371,274.05133,297.98563,292.1794,294.06046,296.05322,335.13702,-94392.96,17110.082,9459.724,-74490.48,3100.0,518.65186,177882.78,2545.0276,17232.914,106026.64,35417.44,-37.89462,8011.5093,61037.15,5140.123
1289,2005-03-30,317.99393,329.91455,323.00568,322.12244,271.9965,338.06223,326.02847,284.12204,292.8019,303.77576,250.98274,319.67682,328.4786,325.21317,342.75497,328.28482,321.53226,319.0544,319.93008,304.94394,274.03333,297.87524,292.1561,294.11942,296.05103,335.1265,-94644.35,18736.682,10047.26,-73678.914,3100.0,861.2426,179301.56,2533.7988,17951.326,109149.23,37490.934,-30.737343,8093.507,60960.254,5100.6206
1290,2005-04-06,318.1287,330.13785,323.1443,322.24405,272.00266,338.0228,325.98392,284.11935,292.7633,303.75848,250.9772,319.75327,328.85715,325.42746,342.87802,328.49246,321.60513,319.1626,320.0641,305.10675,274.0155,297.77075,292.13156,294.15015,296.0545,335.11597,-100690.19,15888.815,9414.332,-74743.78,3100.0,682.9285,181292.84,2520.2266,18351.78,115059.984,35490.297,-26.912767,8094.4917,61116.57,5066.9727
1291,2005-04-13,318.26416,330.35828,323.3088,322.41104,272.01077,338.02066,325.93878,284.2592,292.72888,303.84467,250.97673,319.83206,329.15372,325.64157,342.96875,328.71283,321.694,319.28085,320.26505,305.291,273.99786,297.65384,292.10583,294.222,296.05807,335.10544,-99295.95,19241.945,10368.021,-73430.83,3100.0,557.24384,182091.11,2502.3188,19111.951,117169.92,38986.625,-22.89858,8094.87,61036.74,5036.147
1292,2005-04-20,318.3732,330.55664,323.46783,322.57336,272.03378,338.04233,325.89365,284.64557,292.70117,303.9644,251.00679,319.93155,329.351,325.82126,343.02332,328.92935,321.7985,319.39,320.43118,305.41476,273.98038,297.53723,292.07907,294.3243,296.07025,335.0949,-100813.83,20603.9,10548.316,-73134.945,3100.0,424.0841,182099.53,2484.156,19509.432,119095.8,40372.363,-17.600597,8031.196,61027.87,4990.5503
1293,2005-04-27,318.4869,330.7315,323.57687,322.67917,272.04883,338.06598,325.84912,285.31476,292.67627,303.9958,250.95416,320.03296,329.54297,325.97754,343.0178,329.1326,321.91058,319.49872,320.5569,305.55814,273.96307,297.43536,292.05127,294.39587,296.0917,335.08438,-105114.9,19083.11,10089.285,-74888.86,3100.0,396.66122,179827.4,2471.1597,19856.66,122821.32,39289.566,-9.216274,7754.331,61365.117,5013.009
1294,2005-05-04,318.61508,330.85873,323.6281,322.73065,272.04456,338.095,325.8057,286.49384,292.64886,304.10028,250.93163,320.11923,329.58322,326.0909,342.8655,329.31705,322.02512,319.6202,320.6554,305.67966,273.94592,297.39066,292.02258,294.42395,296.11392,335.07385,-111099.164,15731.978,9176.688,-75816.07,3100.0,1360.6785,172091.4,2458.7214,20178.852,127327.36,36673.223,-11.804892,7299.455,61747.918,5003.5093
1295,2005-05-11,318.72272,330.90204,323.6071,322.7195,272.0305,338.1345,325.76343,287.64355,292.61612,304.12344,250.92197,320.18365,329.42346,326.1087,342.61682,329.4577,322.13943,319.72607,320.6912,305.71832,273.929,297.38702,291.99313,294.41623,296.12964,335.06335,-114973.53,13136.6875,8536.215,-76307.91,3100.0,758.6349,163148.12,2447.2693,20261.96,129339.5,34429.887,-14.22204,6931.709,62030.934,4998.182
1296,2005-05-18,318.81796,330.876,323.5386,322.66525,272.01755,338.22122,325.7249,288.49493,292.57895,304.06973,251.0375,320.2233,329.22153,326.0738,342.33472,329.53748,322.2427,319.81546,320.69495,305.79263,273.9155,297.41187,291.9676,294.39136,296.1362,335.05283,-116656.516,11430.532,8247.845,-76143.47,3100.0,875.4104,154719.44,2442.157,20472.436,129938.61,32999.1,-15.69158,6615.028,62075.78,4897.964
1297,2005-05-25,318.89694,330.80017,323.50714,322.6561,272.02283,338.26993,325.6903,289.1793,292.54172,303.9084,251.02713,320.2498,329.06793,326.02948,342.04617,329.55695,322.33054,319.8926,320.73438,305.80182,273.9013,297.33307,291.94025,294.4201,296.1366,335.04233,-111473.31,15383.589,9374.977,-74288.766,3100.0,637.8176,147516.45,2431.7935,20813.768,126813.11,36480.23,-12.003586,6482.498,61830.004,4884.102
1298,2005-06-01,319.02728,330.69565,323.494,322.67096,272.0461,338.7474,325.6855,290.0474,292.50986,305.29282,251.83394,320.28854,328.84024,326.0255,341.71393,329.55292,322.4093,319.99313,320.91315,306.48856,273.91724,297.901,291.95404,294.5712,296.1471,335.0341,-111720.766,15444.033,8845.361,-76919.22,3100.0,905.44086,137013.03,2447.9836,22577.973,128375.37,37782.254,-41.227722,6156.101,62076.914,4354.2285
1299,2005-06-08,319.11453,330.54868,323.45102,322.65512,272.07672,339.09106,325.74258,290.712,292.48367,305.0472,251.82098,320.33746,328.46906,325.90588,341.35092,329.50845,322.49622,320.08688,320.8803,306.21634,273.93695,298.01318,291.97235,294.7067,296.18704,335.034,-108962.75,17740.42,8728.343,-76385.05,3100.0,667.4135,126584.0,2457.2998,21998.111,123353.57,38893.727,-49.278286,6074.052,62289.766,4446.786
1300,2005-06-15,319.16415,330.3265,323.33057,322.54663,272.09183,339.04666,325.76733,291.01324,292.46637,304.482,251.39693,320.36557,328.12357,325.725,340.9228,329.3979,322.56244,320.13934,320.77325,306.069,273.9339,297.81558,291.95798,294.73773,296.23346,335.033,-110401.54,15658.697,8218.47,-77444.97,3100.0,588.4912,115533.36,2466.0544,21458.727,120979.21,36490.137,-37.448578,6022.1367,62628.81,4717.1045
1301,2005-06-22,319.23236,330.0537,323.25067,322.50888,272.11127,339.14462,325.80838,291.3881,293.10355,305.02948,251.84698,320.3724,327.72443,325.58554,340.44125,329.24747,322.6046,320.19067,320.86496,306.4321,273.9386,298.05466,291.95392,294.88174,296.2765,335.0374,-100988.734,21892.3,8877.756,-76316.11,3100.0,721.08594,104067.836,2469.066,22633.56,115723.76,41898.008,-45.63967,6047.667,62654.07,4431.426
1302,2005-06-29,319.28662,329.7329,323.15964,322.44373,272.1476,339.16556,325.84238,291.72305,293.9615,304.87613,251.47237,320.39792,327.2805,325.3622,339.9668,329.04367,322.63794,320.2414,320.78842,306.2787,273.9415,297.96994,291.9474,295.0174,296.33612,335.0406,-98682.91,22925.854,8528.204,-76817.12,3100.0,680.9294,93060.54,2470.0706,22140.28,110218.88,42015.664,-35.62305,6029.3203,62930.96,4677.759
1303,2005-07-06,319.37595,329.39667,323.10938,322.4358,272.2034,339.29044,325.89215,292.1297,296.8225,305.73843,252.0035,320.42297,326.92566,325.21698,339.52448,328.8258,322.65448,320.3052,320.90213,306.70007,273.9498,298.2511,291.94873,295.24356,296.4088,335.04755,-89528.24,28348.1,7879.599,-77594.22,3100.0,727.3876,82942.68,2489.1401,23346.197,104528.01,47012.527,-19.542057,6048.2856,62878.81,4156.542
1304,2005-07-13,319.40598,329.0259,322.96423,322.2914,272.24258,339.26797,325.92126,292.35837,295.8663,305.05264,251.32619,320.45444,326.49176,324.91318,339.06088,328.55493,322.663,320.3324,320.6594,306.30536,273.95013,298.01242,291.93958,295.32452,296.4978,335.04895,-95350.93,23560.502,6961.898,-79663.61,3100.0,623.6064,73713.84,2509.973,21894.225,101241.83,41499.516,-6.0594482,5969.9673,63695.258,4763.169
1305,2005-07-20,319.4497,328.6372,322.74573,322.07843,272.24506,339.26483,325.9359,292.4854,298.94907,305.30402,251.64822,320.42496,326.16202,324.66937,338.62457,328.26807,322.63724,320.34402,320.5277,306.49374,273.94858,298.1451,291.92838,295.33694,296.57343,335.04892,-97273.45,19353.064,5455.8394,-82811.78,3100.0,779.4954,67960.25,2534.6675,22211.305,101019.58,38678.41,6.475811,5892.8184,64125.71,4375.1646
1306,2005-07-27,319.46942,328.27164,322.54346,321.8788,272.23618,339.29208,325.95914,292.64697,299.42484,304.96103,251.41614,320.3655,325.84662,324.3891,338.2596,327.96283,322.59283,320.33704,320.32214,306.3106,273.94867,298.08768,291.92023,295.31555,296.6331,335.05002,-96182.72,17490.576,5540.4727,-82350.8,3100.0,658.4609,64367.3,2555.287,21517.145,98115.56,36400.05,18.199345,5791.7217,64584.203,4647.1943
1307,2005-08-03,319.49542,327.94904,322.43314,321.78824,272.248,339.3743,325.98703,292.81448,302.40298,305.38742,251.71579,320.2958,325.68533,324.2249,338.0176,327.65442,322.53033,320.33057,320.30972,306.50497,273.95145,298.24832,291.91653,295.38495,296.67877,335.0529,-87402.81,21902.105,5564.969,-81547.51,3100.0,883.58075,64158.086,2565.4758,22159.688,93859.62,40418.62,37.063744,5830.1836,64416.76,4327.492
1308,2005-08-10,319.4602,327.66095,322.32416,321.67035,272.25995,339.32977,325.99054,292.80612,300.05646,304.69464,251.1962,320.24368,325.47183,323.9811,337.86346,327.35306,322.4622,320.28656,320.09155,306.168,273.94675,298.1428,291.90326,295.39023,296.7238,335.05045,-88014.78,20218.56,6030.8438,-80682.49,3100.0,649.59515,64499.33,2566.9685,20998.166,90472.48,37550.363,27.921993,5852.9253,64812.61,4871.032
1309,2005-08-17,319.48523,327.45905,322.2265,321.56842,272.2727,339.43475,326.01385,292.89047,304.19666,305.48282,251.88852,320.17862,325.4547,323.9064,337.82996,327.143,322.38293,320.27335,320.07727,306.5222,273.95047,298.76462,291.90247,295.41962,296.76498,335.05377,-88108.16,18045.402,4351.8086,-84041.305,3100.0,1500.0,67109.484,2578.9758,21927.389,91991.48,37171.18,38.897614,5786.015,64786.754,4143.4185
1310,2005-08-24,319.5164,327.36258,322.22293,321.56888,272.30536,339.6828,326.0893,293.1091,308.1554,305.76065,251.99765,320.13498,325.4824,323.85678,337.9208,326.97354,322.31665,320.27777,320.06656,306.5286,273.96527,299.0667,291.91803,295.51035,296.81366,335.06482,-83140.2,21140.727,4240.941,-83452.625,3100.0,1500.0,71094.305,2609.8542,21966.799,89472.64,39340.26,62.153374,5722.962,64852.805,4128.5664
1311,2005-08-31,319.48087,327.29013,322.2228,321.56256,272.3319,339.75092,326.12863,293.12103,306.26764,305.27795,251.59132,320.10522,325.47452,323.7749,338.07858,326.80905,322.25302,320.23865,319.97958,306.33246,273.96918,298.896,291.91937,295.56442,296.8626,335.06818,-80723.96,22676.012,4934.8203,-81941.88,3100.0,1500.0,74845.09,2626.3018,21275.363,86622.555,39469.58,56.980236,5799.13,65100.67,4559.3716
1312,2005-09-07,319.48566,327.29663,322.19766,321.5141,272.35156,339.9673,326.1877,293.01044,311.42316,305.872,252.14362,320.07764,325.5879,323.79657,338.3302,326.76727,322.1913,320.22318,319.94672,306.56635,273.98145,299.52307,291.9333,295.5883,296.91693,335.07727,-87365.43,17075.975,2599.9885,-87555.6,3100.0,1500.0,81204.086,2653.9045,21667.795,90809.97,35836.414,68.688934,5785.61,65447.47,3977.774
1313,2005-09-14,319.4423,327.37796,322.09174,321.3588,272.3205,340.1214,326.24918,292.71823,309.90872,305.1235,251.67917,320.02863,325.69098,323.72906,338.73148,326.70743,322.1347,320.17505,319.66974,306.12775,273.99185,299.45184,291.94583,295.42303,296.96075,335.0851,-98501.47,6840.4883,1490.1523,-88745.32,3100.0,1500.0,91323.38,2697.306,19871.697,95533.5,25952.31,69.75691,5668.114,66278.23,4547.9917
1314,2005-09-21,319.3296,327.45007,321.95258,321.20154,272.2496,339.985,326.2299,292.23825,303.5938,303.9573,251.07999,319.92087,325.70633,323.64835,339.13934,326.64313,322.05582,320.0666,319.45584,305.7516,273.9828,298.9589,291.9324,295.16403,296.95187,335.07925,-96582.17,5556.356,2977.3982,-84538.6,3100.0,1500.0,97983.945,2689.7756,18729.883,95411.06,23650.629,41.886505,5761.164,66265.95,5074.773
1315,2005-09-28,319.20786,327.49924,321.83484,321.0661,272.1862,339.7792,326.16678,291.57007,299.41382,303.40894,250.91588,319.7995,325.66858,323.58902,339.3894,326.62067,321.96204,319.94937,319.28766,305.52817,273.96655,298.65656,291.91022,294.88608,296.9024,335.06824,-97926.3,1880.2913,2736.1614,-83472.18,3100.0,1091.7949,101402.69,2646.7737,17950.693,96853.414,19805.85,13.800568,5905.1187,65906.47,5155.7617
1316,2005-10-05,319.07858,327.53687,321.77652,321.01117,272.1432,339.59445,326.09842,290.6027,297.55954,303.2791,250.8894,319.68314,325.64856,323.55804,339.5597,326.62573,321.8667,319.83026,319.22952,305.38745,273.9505,298.61078,291.88962,294.6994,296.82693,335.05722,-91484.67,5765.4834,4787.8496,-80458.72,3100.0,1500.0,105286.2,2602.2737,17938.123,94328.51,23562.139,1.914505,6296.1807,65127.22,5147.6636
1317,2005-10-12,318.95932,327.58896,321.78088,321.00974,272.12338,339.41287,326.0327,289.49628,296.50226,303.2748,250.88904,319.5957,325.71796,323.572,339.7335,326.63345,321.77756,319.72415,319.19528,305.27322,273.93466,298.6417,291.87067,294.578,296.74808,335.0462,-89509.12,7027.735,5556.84,-79374.805,3100.0,1500.0,109746.58,2564.4993,17840.996,93591.625,24850.514,-10.4659195,6669.6094,64497.945,5127.728
1318,2005-10-19,318.87167,327.64575,321.77307,320.98575,272.0972,339.24265,325.97272,288.59613,295.8266,303.1605,250.8599,319.52686,325.75977,323.58395,339.85617,326.64273,321.6989,319.64084,319.12534,305.14734,273.919,298.51312,291.8533,294.4157,296.67227,335.0352,-92993.93,3540.379,4674.54,-80125.62,3100.0,1500.0,110984.266,2539.1738,17392.451,95600.586,21540.945,-20.306747,6797.8843,64180.914,5136.9277
1319,2005-10-26,318.7777,327.68237,321.72546,320.92807,272.05814,339.09918,325.91885,287.75723,295.37582,302.9766,250.8585,319.45612,325.724,323.55743,339.94098,326.6568,321.62906,319.5556,319.02933,304.95544,273.9035,298.33188,291.83737,294.202,296.58878,335.02417,-94809.016,848.07886,3685.79,-79575.516,3100.0,1299.1833,113159.13,2520.0098,16732.527,96465.61,18375.676,-23.979206,6934.8228,63732.758,5129.4805
1320,2005-11-02,318.65875,327.70456,321.69098,320.89786,272.02313,338.96698,325.87006,286.55917,295.00235,302.91348,250.83177,319.38367,325.65668,323.5286,340.03082,326.6644,321.5624,319.45706,318.98007,304.79523,273.88818,298.15857,291.82272,294.03177,296.49268,335.01315,-91510.05,3025.7737,4865.398,-78246.78,3100.0,1058.4615,116048.445,2499.093,16550.713,94436.44,20490.617,-27.482866,7321.3477,63131.297,5152.7246
1321,2005-11-09,318.50723,327.7155,321.67273,320.88293,271.99963,338.81848,325.82513,285.6791,294.68842,302.9331,250.83244,319.324,325.57816,323.48428,340.1171,326.66183,321.4972,319.3369,318.92554,304.63156,273.873,297.99405,291.80905,293.91455,296.3955,335.0021,-88639.32,5056.3203,5826.634,-76949.77,3100.0,733.29803,118697.6,2480.0452,16226.791,91864.96,22326.457,-21.222527,7502.9077,62529.91,5147.3447
1322,2005-11-16,318.38712,327.7401,321.66608,320.86816,271.98285,338.64334,325.7832,285.20502,294.41272,302.92148,250.8668,319.27264,325.6626,323.49417,340.20908,326.65744,321.43008,319.2348,318.89255,304.55817,273.85797,297.84885,291.79617,293.80408,296.3032,334.99106,-88561.15,4628.7656,5788.2104,-76162.02,3100.0,904.48474,121399.01,2464.148,16089.64,92208.66,22001.72,-20.746836,7538.914,62001.96,5091.591
1323,2005-11-23,318.2636,327.78238,321.6844,320.88412,271.97235,338.46313,325.74365,284.88623,294.24185,302.95038,250.89546,319.2284,325.7154,323.50296,340.3329,326.66205,321.3664,319.1361,318.8788,304.46548,273.84305,297.72937,291.78378,293.72772,296.21384,334.98004,-85786.43,6985.172,6936.1265,-74932.26,3100.0,880.71246,125322.75,2448.6692,16056.942,90682.94,24411.148,-15.769144,7606.8413,61457.43,5059.399
1324,2005-11-30,318.1316,327.83615,321.69885,320.88763,271.9591,338.2821,325.70587,284.65115,294.05246,302.92346,250.87013,319.19397,325.77148,323.51605,340.47485,326.67554,321.3066,319.0359,318.83246,304.33142,273.82828,297.60333,291.77164,293.63486,296.1307,334.96896,-87281.19,5697.464,6306.2114,-75617.164,3100.0,419.52087,129397.336,2436.5627,15656.03,91049.016,22807.393,-16.44476,7578.0967,61199.37,5080.535
1325,2005-12-07,317.99838,327.89108,321.70502,320.88892,271.93588,338.09943,325.67032,284.46146,293.8822,302.89215,250.8527,319.15955,325.79025,323.5259,340.59888,326.69742,321.24988,318.93536,318.79938,304.21582,273.8139,297.46826,291.75986,293.53427,296.0478,334.95813,-86903.375,5925.16,6448.885,-75268.984,3100.0,261.06775,132451.2,2425.7773,15405.983,90643.93,22885.79,-18.417763,7550.442,60902.566,5093.4585
1326,2005-12-14,317.8811,327.95007,321.7401,320.92465,271.9232,337.9115,325.63635,284.3016,293.70755,302.95184,250.90404,319.13144,325.87662,323.5662,340.71616,326.72495,321.19647,318.84518,318.82196,304.18054,273.79984,297.3421,291.74808,293.49103,295.96512,334.9474,-84021.44,8759.343,7830.7236,-73300.82,3100.0,226.69135,135712.95,2412.5347,15593.029,89479.85,26054.844,-20.083496,7599.4766,60381.426,5029.158
1327,2005-12-21,317.75824,328.01733,321.7696,320.94287,271.91446,337.72195,325.60287,284.1733,293.53345,302.93594,250.89893,319.11707,325.93768,323.58942,340.846,326.759,321.14926,318.75574,318.78555,304.05746,273.7859,297.244,291.73578,293.42435,295.89044,334.93668,-86279.13,7127.821,6985.577,-74150.555,3100.0,72.9753,139456.14,2402.7388,15131.095,90096.53,24032.418,-19.56769,7551.85,60186.938,5035.4175
1328,2005-12-28,317.62335,328.09137,321.77402,320.9374,271.88916,337.53064,325.56958,284.05692,293.3913,302.96625,250.83867,319.0972,325.99744,323.6146,341.0054,326.79758,321.10443,318.6598,318.7512,303.92984,273.772,297.15125,291.72272,293.31906,295.8159,334.92593,-87887.766,5656.784,6319.5596,-74811.0,3100.0,220.04205,144081.97,2393.1255,14691.014,91020.54,22309.545,-22.75093,7493.901,60096.168,5088.2373
1329,2006-01-04,317.48352,328.17285,321.7867,320.94513,271.85764,337.33337,325.53638,283.94366,293.29388,302.8455,250.78415,319.07428,326.04767,323.63623,341.16635,326.84244,321.06033,318.55972,318.71942,303.81216,273.7582,297.03705,291.7087,293.22174,295.73618,334.9152,-86736.25,6617.366,6808.0723,-74268.1,3100.0,224.9095,147929.95,2384.7334,14472.382,90253.83,23071.766,-22.36955,7450.0454,59849.395,5125.467
1330,2006-01-11,317.35165,328.26782,321.84097,321.00058,271.8359,337.13055,325.5024,283.83768,293.1707,302.90836,250.74377,319.05942,326.17477,323.70105,341.35425,326.89453,321.01694,318.4659,318.7635,303.79364,273.7445,296.94748,291.6936,293.2007,295.65598,334.90445,-83003.38,10524.668,8675.762,-72999.336,2897.3672,0.0,152984.39,2372.1714,14759.203,88817.14,27375.691,-20.764614,7529.183,59515.824,5141.0596
1331,2006-01-18,317.2439,328.40076,321.92307,321.07214,271.82172,336.9281,325.46756,283.75595,293.04782,302.9784,250.7195,319.06433,326.37833,323.8032,341.58588,326.96506,320.9795,318.3894,318.8026,303.78195,273.73087,296.8625,291.67728,293.19806,295.58694,334.8937,-83822.984,10875.248,8796.955,-72982.31,3100.0,162.93634,159128.88,2360.0684,14764.072,89874.23,27854.102,-18.939611,7554.799,59352.547,5138.043
1332,2006-01-25,317.1288,328.55453,322.01422,321.15805,271.80862,336.7347,325.43198,283.69095,292.93005,303.03885,250.69815,319.07892,326.5333,323.90668,341.8071,327.06003,320.9507,318.3166,318.8531,303.74448,273.7173,296.7574,291.65964,293.20407,295.52744,334.88293,-83069.2,12813.327,9409.452,-72458.695,3033.117,15.739223,164564.48,2348.5984,14780.822,89849.83,29675.746,-17.873167,7592.386,59177.734,5144.3926
1333,2006-02-01,317.01456,328.69913,322.09213,321.22867,271.79672,336.5463,325.39563,283.63928,292.8207,303.06516,250.68588,319.1025,326.64957,323.9985,341.9508,327.17166,320.9299,318.24536,318.88593,303.70667,273.70377,296.64328,291.64066,293.19992,295.47586,334.8722,-84675.7,12644.304,9291.854,-72542.375,2623.569,0.0,166638.88,2338.547,14643.235,90819.375,29471.688,-17.668262,7589.948,59080.63,5138.3003
1334,2006-02-08,316.92444,328.82236,322.15576,321.28912,271.78522,336.3593,325.35855,283.59354,292.71973,303.08582,250.68846,319.12674,326.76736,324.0874,342.02914,327.287,320.91537,318.18744,318.93622,303.72046,273.6903,296.54315,291.62024,293.19452,295.4281,334.86142,-85050.03,13240.347,9555.5,-72063.71,2636.7878,0.0,167457.92,2328.326,14716.915,91700.63,30212.06,-16.28554,7600.109,58927.48,5109.6426
1335,2006-02-15,316.86908,328.93674,322.26804,321.41437,271.7971,336.1809,325.3206,283.55588,292.6286,303.2709,250.77824,319.16135,326.9201,324.20828,342.07385,327.3989,320.90845,318.15436,319.087,303.85425,273.67688,296.45834,291.59842,293.28815,295.38513,334.85065,-79586.66,19336.643,11751.489,-69118.1,2905.4133,0.0,167751.58,2311.78,15450.979,90173.38,36682.645,-14.557587,7753.98,58431.375,4992.9565
1336,2006-02-22,316.81662,329.03687,322.36725,321.5087,271.82025,336.01932,325.28186,283.5466,292.54868,303.36414,250.78758,319.22052,327.0104,324.29303,342.10977,327.50446,320.91498,318.13306,319.1416,303.86267,273.6635,296.36487,291.5752,293.3657,295.36084,334.83987,-83226.81,18182.66,11050.873,-70807.14,2524.6018,0.0,168050.62,2300.1355,15350.578,91411.84,35452.445,-14.567986,7773.398,58490.434,4981.2773
1337,2006-03-01,316.80667,329.13156,322.4386,321.57684,271.8267,335.87097,325.24243,283.54633,292.4743,303.39615,250.75902,319.27286,327.18295,324.39542,342.12653,327.60474,320.9291,318.1286,319.22708,303.98273,273.65018,296.2779,291.5506,293.41776,295.34595,334.82907,-84160.66,18367.604,11201.673,-71188.57,2512.4177,0.0,167348.7,2290.5874,15663.01,93248.766,36058.977,-11.770037,7802.1743,58581.508,4971.6777
1338,2006-03-08,316.85663,329.23022,322.53302,321.67288,271.8338,335.748,325.20312,283.55103,292.4063,303.4928,250.76855,319.3268,327.3704,324.52078,342.111,327.7093,320.95157,318.16418,319.35657,304.16272,273.63715,296.2083,291.52502,293.49393,295.33582,334.81848,-83923.13,19813.072,11638.53,-70685.49,2631.96,0.0,165469.08,2278.3787,16258.269,94952.16,37936.63,-10.583307,7867.7573,58575.4,4923.5435
1339,2006-03-15,316.9494,329.3261,322.60452,321.73325,271.8383,335.66254,325.16382,283.56296,292.34402,303.48294,250.78842,319.3863,327.53976,324.63007,342.08002,327.8177,320.9876,318.2309,319.42584,304.27747,273.62433,296.13196,291.49844,293.52332,295.33307,334.808,-89477.484,16507.887,10663.826,-71692.95,2629.4314,0.0,163558.23,2270.3777,16456.715,99020.14,35238.06,-11.735592,7835.779,58729.62,4872.4277
1340,2006-03-22,317.02408,329.38354,322.6469,321.7875,271.83627,335.6145,325.12375,283.56732,292.2844,303.49567,250.7586,319.43585,327.4691,324.67825,341.95892,327.9186,321.03415,318.2938,319.50284,304.3455,273.61154,296.06577,291.47064,293.555,295.32913,334.79755,-88928.29,17878.951,11142.813,-71558.62,2503.7969,0.0,157901.45,2259.9783,16751.025,98976.484,36682.496,-12.386705,7866.174,58796.32,4884.3906
1341,2006-03-29,317.1383,329.3819,322.67712,321.8366,271.84262,335.58722,325.08276,283.57242,292.2306,303.58978,250.7609,319.48807,327.3935,324.7163,341.69025,327.99707,321.08548,318.37384,319.61652,304.54572,273.5988,296.0103,291.4417,293.6292,295.32736,334.78708,-87630.125,19561.459,11576.186,-70829.96,2809.5496,0.0,147027.06,2245.7134,17440.324,99070.484,38738.508,-10.851404,7938.601,58760.043,4833.0283
1342,2006-04-05,317.29504,329.32843,322.6717,321.8352,271.84833,335.58246,325.04105,283.58566,292.1819,303.5946,250.75772,319.541,327.36548,324.72025,341.38568,328.0418,321.14258,318.48322,319.66312,304.6904,273.58603,295.96317,291.4117,293.6699,295.33347,334.77658,-91361.02,16844.318,10877.894,-71938.6,2868.1714,0.0,138434.05,2235.611,17772.184,101276.89,36713.684,-8.993458,7934.367,58940.676,4796.518
1343,2006-04-12,317.44708,329.2601,322.6878,321.8699,271.85583,335.6118,324.99884,283.70422,292.1364,303.68393,250.75616,319.5829,327.3434,324.7281,341.1528,328.04874,321.2021,318.5947,319.765,304.85236,273.57327,295.9412,291.38077,293.74997,295.341,334.7661,-87316.54,20435.414,11794.56,-70664.88,3100.0,458.02594,133842.94,2221.2593,18466.293,99934.47,40241.066,-6.441181,7955.765,58884.2,4765.3335
1344,2006-04-19,317.5644,329.19205,322.72076,321.91406,271.87827,335.66696,324.9564,284.03036,292.09802,303.80188,250.78484,319.63568,327.28748,324.71912,340.97803,328.03064,321.26294,318.68896,319.83102,304.94855,273.56055,295.91733,291.34903,293.85928,295.3578,334.7556,-86286.11,21965.855,11951.515,-70394.945,3100.0,171.62823,130153.24,2206.2195,18773.307,98792.414,41611.855,-2.3911953,7915.697,58892.13,4720.245
1345,2006-04-26,317.67883,329.1409,322.73093,321.92407,271.893,335.72818,324.9143,284.66858,292.06412,304.15652,250.72977,319.6864,327.34482,324.73895,340.87112,328.01044,321.3199,318.77603,319.90036,305.10306,273.5478,296.0536,291.3166,293.95087,295.38437,334.7451,-88830.945,20289.19,11266.335,-72278.23,3100.0,525.77924,128379.54,2189.2083,19102.158,101006.22,40503.445,-0.33766937,7703.954,59316.266,4743.221
1346,2006-05-03,317.8925,329.18823,322.7498,321.94028,271.89835,336.41708,324.97104,286.26895,292.0311,305.69098,252.24718,319.72916,327.54538,324.88074,340.95203,328.04855,321.3879,318.91833,320.10117,306.02118,273.57736,297.15228,291.34247,294.1055,295.42642,334.75342,-95633.27,15442.877,9332.604,-75823.61,3100.0,1392.5778,131485.67,2223.3538,21273.217,109061.46,37660.402,-28.880676,6910.5703,59913.344,3831.8486
1347,2006-05-10,318.01077,329.27145,322.77493,321.94775,271.90024,336.7318,325.02673,287.64627,291.9994,304.37296,251.20198,319.76746,327.6534,324.8689,341.09354,328.08594,321.4692,319.03842,319.9432,305.2493,273.59534,296.91272,291.3518,294.11127,295.48157,334.75674,-97093.625,14664.855,8986.186,-75117.54,3100.0,581.0162,134669.89,2255.9119,19312.209,107081.516,35244.94,-31.424057,6494.1343,60304.16,4506.425
1348,2006-05-17,318.1203,329.36115,322.77536,321.94168,271.89294,337.00104,325.0799,288.61383,292.8955,304.8832,252.03029,319.7793,327.79126,324.97665,341.1974,328.15485,321.53345,319.115,320.06314,305.79987,273.60864,297.3703,291.35403,294.13065,295.52066,334.7648,-100499.875,11916.915,8261.655,-76126.85,3100.0,1488.8839,136734.48,2270.7283,20633.408,112725.21,33722.914,-33.34956,6206.008,60530.645,3979.8047
1349,2006-05-24,318.2335,329.4804,322.85236,322.02554,271.91168,337.36588,325.17007,289.53543,296.1013,304.95703,252.03186,319.80304,327.96317,325.07983,341.30902,328.27118,321.60748,319.217,320.15652,305.7864,273.63416,297.8579,291.37323,294.22745,295.56467,334.78162,-96887.46,15792.962,8917.228,-74753.266,3100.0,1500.0,138850.66,2291.5603,20854.408,112174.25,37075.15,-38.37565,5992.3555,60531.332,3981.2607
1350,2006-05-31,318.3497,329.6318,322.99258,322.1605,271.94293,337.74057,325.27136,290.35977,301.43982,305.82104,252.37479,319.8528,328.2515,325.2693,341.4643,328.39365,321.689,319.3207,320.33972,306.10025,273.66406,298.3801,291.3988,294.3874,295.62045,334.8017,-98329.54,16093.714,7472.1157,-76991.305,3100.0,1500.0,143353.3,2312.6729,21761.725,115651.65,38820.504,-13.670597,5812.1875,60755.67,3794.5073
1351,2006-06-07,318.42346,329.78998,323.13306,322.2944,271.97357,337.86417,325.3344,290.86978,301.18677,305.25363,251.73814,319.92386,328.45322,325.37408,341.66537,328.50433,321.77783,319.4112,320.37762,305.83228,273.68222,298.16354,291.40872,294.49905,295.69016,334.81387,-97963.18,18555.508,8036.4385,-76444.07,3100.0,1496.0112,147829.67,2337.3943,21078.408,114578.31,39851.992,29.615913,5766.7153,60946.03,4229.756
1352,2006-06-14,318.61108,330.00482,323.27545,322.42834,272.0238,338.38428,325.47772,291.51562,317.0578,307.1339,253.15993,320.00302,328.7811,325.66147,341.8233,328.74768,321.876,319.56125,320.66287,306.68475,273.72375,299.56265,291.4521,294.67575,295.77246,334.84253,-107234.664,12926.138,3165.5854,-85772.91,3100.0,1500.0,149943.53,2422.6816,23316.21,124323.85,38188.94,113.829666,5460.2007,61142.566,2892.3052
1353,2006-06-21,318.77478,330.2153,323.45975,322.6318,272.0924,338.89307,325.66653,292.14035,321.87994,306.88226,252.66188,320.11237,328.88962,325.80728,341.8821,328.96777,322.00415,319.72757,320.814,306.48782,273.77008,299.8786,291.50354,294.88568,295.87677,334.87488,-101365.336,20593.516,4328.9414,-82335.82,3100.0,1500.0,147756.27,2486.15,23020.316,120767.5,42771.035,155.81052,5356.3584,61491.164,3313.358
1354,2006-06-28,318.82574,330.2905,323.53806,322.7168,272.13586,338.92188,325.72955,292.37033,314.7655,305.64938,251.69714,320.22986,328.76202,325.80618,341.71338,329.06647,322.1196,319.8046,320.80737,306.19888,273.78137,299.257,291.5077,294.98688,295.98175,334.883,-101427.84,22585.309,6016.9106,-79254.38,3100.0,1500.0,139474.34,2532.6633,22062.992,117859.23,42409.8,127.543564,5445.659,62116.484,4253.4663
1355,2006-07-05,318.8853,330.23392,323.57355,322.79532,272.17862,338.89914,325.72977,292.5532,311.17377,305.60843,251.61879,320.32874,328.4159,325.78775,341.3253,329.11572,322.21323,319.87552,320.95593,306.4242,273.7827,298.9524,291.49966,295.14777,296.0824,334.88425,-93564.734,28753.316,7092.384,-77451.85,3100.0,1500.0,125104.38,2518.9604,22711.943,112762.22,47412.777,99.756775,5632.2974,62150.605,4232.998
1356,2006-07-12,318.97534,330.08435,323.50018,322.73157,272.21967,339.00928,325.74295,292.75803,311.00098,305.82343,251.75052,320.42923,328.10757,325.6869,340.84384,329.13193,322.3046,319.96484,320.91562,306.5046,273.79034,299.17093,291.50214,295.2505,296.19623,334.8899,-103044.19,22348.236,5134.1465,-82148.13,3100.0,1500.0,112594.016,2520.8047,22610.56,114565.88,42181.363,85.28367,5558.5312,62877.465,4120.5674
1357,2006-07-19,319.04965,329.86206,323.32724,322.57388,272.22205,339.1161,325.7595,292.89203,310.6259,305.60495,251.66957,320.47052,327.6648,325.49435,340.37943,329.05038,322.3791,320.03033,320.80075,306.4511,273.7984,299.22543,291.5072,295.26532,296.30017,334.89584,-105832.164,18959.572,4671.5293,-82989.5,3100.0,1500.0,101964.7,2537.9727,22263.146,113507.34,38976.727,75.953476,5481.1104,63518.375,4225.159
1358,2006-07-26,319.12387,329.58063,323.12088,322.38757,272.21533,339.23404,325.77933,293.05716,311.19394,305.5673,251.73892,320.46497,327.2024,325.27237,339.93192,328.89722,322.42633,320.08383,320.69135,306.48697,273.80722,299.16177,291.51535,295.25842,296.38455,334.90237,-106284.16,16333.333,4197.5225,-84060.664,3100.0,1500.0,91180.2,2551.627,22207.494,111922.11,36874.797,69.438095,5391.143,63933.67,4157.296
1359,2006-08-02,319.17148,329.2447,322.96408,322.26923,272.22372,339.32162,325.7942,293.18414,310.49448,305.43414,251.6133,320.43896,326.72913,325.0271,339.47723,328.6972,322.449,320.11606,320.63702,306.4612,273.81406,299.19833,291.52283,295.3157,296.453,334.90753,-96744.41,21615.234,5310.2593,-81111.16,3100.0,1500.0,80579.82,2550.8772,22239.59,104818.2,40620.156,67.08154,5469.0493,63916.266,4292.831
1360,2006-08-09,319.18256,328.8761,322.78986,322.10342,272.2353,339.298,325.78125,293.15353,307.43918,305.0824,251.37253,320.4116,326.35736,324.75638,339.0429,328.4261,322.44824,320.11752,320.4663,306.31805,273.81363,299.0464,291.52228,295.32953,296.51678,334.90768,-97594.08,19217.99,5247.686,-81618.2,3100.0,1500.0,74135.51,2538.988,21654.918,101773.836,37959.074,53.76936,5524.2983,64237.355,4521.069
1361,2006-08-16,319.19162,328.50287,322.6057,321.92917,272.2341,339.24606,325.7548,293.11398,305.4073,304.935,251.3417,320.3566,326.02768,324.50235,338.65204,328.1384,322.42145,320.1066,320.32642,306.29443,273.81052,299.0434,291.51993,295.3173,296.5694,334.9059,-95264.27,18457.848,5392.335,-81401.375,3100.0,1500.0,68770.66,2522.5247,21502.213,98781.234,37203.887,39.035973,5553.7505,64362.72,4521.1504
1362,2006-08-23,319.2872,328.21506,322.5264,321.86795,272.26855,339.5241,325.80396,293.33157,313.01,306.17303,252.25816,320.31107,325.91647,324.41318,338.36703,327.91132,322.38852,320.1558,320.3975,306.7582,273.82776,299.73325,291.54782,295.43176,296.62796,334.9184,-90910.78,19972.598,3574.227,-84775.57,3100.0,1500.0,67276.71,2539.6157,22885.521,97809.22,39928.96,54.584816,5486.1055,64181.95,3622.936
1363,2006-08-30,319.27206,327.9331,322.45465,321.80087,272.29456,339.59912,325.83594,293.3431,309.11554,305.16666,251.36389,320.2846,325.65,324.15692,338.15372,327.62027,322.3581,320.13986,320.19894,306.2396,273.8343,299.54913,291.56277,295.48468,296.69186,334.92355,-86442.98,22714.383,5335.1045,-80681.51,3100.0,1500.0,65532.816,2553.7131,21302.326,90890.55,39677.78,58.862984,5566.917,64609.953,4626.176
1364,2006-09-06,319.19333,327.63107,322.28333,321.61612,272.28085,339.3909,325.78235,292.9509,302.9395,304.43777,250.95746,320.2252,325.41132,323.90472,338.01056,327.31302,322.29575,320.0623,319.96637,306.04892,273.82028,299.361,291.5508,295.41544,296.7368,334.91434,-88955.1,18675.088,5555.7905,-81752.336,3100.0,1500.0,66967.01,2528.097,20511.979,89328.89,35787.49,29.322975,5770.741,65015.87,4899.66
1365,2006-09-13,319.12637,327.39087,322.03903,321.33585,272.22543,339.22058,325.71927,292.44583,300.06052,303.96054,250.84645,320.12805,325.25668,323.66733,337.99426,327.02087,322.20935,319.98004,319.6471,305.82718,273.80554,299.06842,291.53943,295.19708,296.758,334.90463,-98229.945,7738.2793,4004.2312,-84537.36,3100.0,1500.0,71271.38,2501.2505,19379.129,92783.58,26178.559,10.225601,5757.7,65508.46,4961.7407
1366,2006-09-20,319.05356,327.2028,321.81464,321.10565,272.1539,339.07266,325.65488,291.96912,298.0908,303.52725,250.74197,319.98572,325.10483,323.46426,338.07703,326.77188,322.10297,319.88715,319.42047,305.62042,273.7899,298.78433,291.52835,294.94904,296.73706,334.89423,-95473.38,5780.94,4353.5503,-82342.15,3100.0,1499.9226,74754.32,2473.709,18754.422,91882.414,24038.074,-0.8029709,5804.8677,65291.797,5023.4585
1367,2006-09-27,318.96567,327.0655,321.63898,320.9149,272.0946,338.92813,325.58957,291.3553,296.80753,303.2289,250.70854,319.83798,324.99725,323.29858,338.22427,326.5836,321.9864,319.7855,319.2035,305.3913,273.77316,298.8374,291.51724,294.6895,296.68448,334.8831,-95662.25,2105.9875,3697.2852,-81764.26,3100.0,1500.0,79723.78,2442.5332,17991.818,91952.234,20176.363,-10.025009,5897.321,64912.395,5028.214
1368,2006-10-04,318.85495,326.99722,321.54483,320.8205,272.05377,338.78772,325.52884,290.42258,296.0767,303.1566,250.71562,319.6963,324.9792,323.20218,338.49048,326.41083,321.86603,319.67105,319.10226,305.24335,273.75644,298.7377,291.50754,294.5139,296.609,334.87195,-88257.8,6062.502,5551.732,-78950.22,3100.0,1500.0,87639.67,2412.1492,17974.938,88607.78,23922.486,-13.924992,6265.4937,64147.527,5005.9487
1369,2006-10-11,318.7466,326.99463,321.52628,320.79382,272.0353,338.65085,325.47357,289.33722,295.54578,303.1738,250.72777,319.58496,325.0202,323.1692,338.8203,326.3075,321.74976,319.56467,319.0329,305.12177,273.73972,298.8044,291.49915,294.4008,296.5318,334.86078,-85513.43,7375.933,6209.275,-77971.195,3100.0,1500.0,93771.21,2384.1008,17836.232,87188.35,25195.312,-17.964394,6627.6177,63540.7,4981.955
1370,2006-10-18,318.66528,327.0561,321.51544,320.7581,272.01022,338.52274,325.4237,288.4496,295.17508,303.06833,250.70363,319.49496,325.16513,323.1839,339.1643,326.24307,321.64355,319.47827,318.941,304.9895,273.723,298.78378,291.49188,294.24414,296.4588,334.8496,-88539.0,3909.954,5188.4824,-78784.92,3100.0,1500.0,101121.74,2365.9006,17370.705,89310.2,21798.943,-22.815887,6748.574,63244.152,4991.2656
1371,2006-10-25,318.57507,327.17276,321.50833,320.72415,271.97205,338.4156,325.37924,287.61923,294.83875,302.88828,250.7048,319.40768,325.36548,323.22314,339.54312,326.2169,321.5482,319.38992,318.8468,304.79626,273.70624,298.55527,291.48557,294.03394,296.37872,334.8384,-90515.95,1207.6967,4156.078,-78282.18,3100.0,1500.0,111226.74,2352.267,16700.1,91345.91,18617.213,-24.29041,6880.2964,62814.438,4984.9565
1372,2006-11-01,318.45837,327.31122,321.5353,320.74222,271.93787,338.31696,325.33865,286.4345,294.53586,302.83044,250.67949,319.32635,325.46848,323.27374,339.89124,326.2462,321.46143,319.29025,318.81622,304.6418,273.68948,298.40594,291.48004,293.8672,296.28635,334.82724,-87840.85,3366.6633,5306.1978,-76991.18,3100.0,1500.0,118308.086,2335.9197,16528.7,90559.89,20730.531,-27.23674,7257.682,62232.438,5009.115
1373,2006-11-08,318.30902,327.45218,321.57996,320.77875,271.91516,338.1975,325.30066,285.57596,294.3275,302.85492,250.68147,319.2652,325.5827,323.3213,340.19455,326.30026,321.3833,319.17136,318.78995,304.48697,273.6727,298.26385,291.47504,293.75363,296.19305,334.81604,-85786.875,5352.689,6244.9165,-75726.84,3100.0,1491.4915,125599.28,2319.4045,16228.183,89424.65,22560.66,-21.516178,7432.92,61650.703,5005.33
1374,2006-11-15,318.19257,327.6263,321.6464,320.82422,271.8992,338.04755,325.2645,285.11072,294.14944,302.8478,250.71776,319.21918,325.8827,323.43842,340.49908,326.41946,321.31094,319.07352,318.79593,304.42685,273.65588,298.56,291.47043,293.64697,296.10486,334.80484,-86775.445,4862.7676,6188.61,-74967.19,3100.0,1225.172,132976.61,2306.2585,16140.887,91464.945,22230.266,-20.505878,7468.1206,61143.29,4952.041
1375,2006-11-22,318.10956,327.87344,321.76376,320.92496,271.89377,338.15472,325.24448,284.96368,293.97037,303.6797,251.22046,319.19037,326.2684,323.63217,340.94128,326.57315,321.25092,318.9994,318.92355,304.73053,273.65704,299.18466,291.49106,293.62167,296.0223,334.7936,-86679.85,6350.4136,6931.7124,-74779.29,3100.0,1500.0,145595.02,2305.292,17019.707,94480.79,24664.492,-38.31962,7412.3105,60706.89,4623.982
1376,2006-11-29,317.9893,328.19193,321.90393,321.0348,271.88824,338.11093,325.24313,284.78775,293.81052,303.1774,250.92128,319.1858,326.64734,323.81033,341.50885,326.73434,321.21057,318.92575,318.89014,304.2754,273.6533,298.98883,291.50467,293.54303,295.95523,334.7824,-89443.39,5607.6084,6310.8545,-75050.26,3100.0,1500.0,159818.7,2312.1428,15908.731,95928.4,22975.217,-29.084707,7407.213,60533.3,4862.3955
1377,2006-12-06,317.8982,328.57837,322.07187,321.17368,271.87094,338.22763,325.24216,284.74258,293.6505,303.86078,251.32474,319.18988,327.22058,324.11252,342.1173,327.01227,321.1817,318.85754,319.05612,304.63742,273.65765,299.64456,291.52905,293.49124,295.88855,334.7714,-92962.47,4796.0947,6135.6743,-75718.62,3100.0,1500.0,176407.69,2313.23,16699.451,102317.19,23074.125,-57.40153,7287.439,60363.164,4598.0874
1378,2006-12-13,317.79764,328.99902,322.29477,321.3742,271.8667,338.1858,325.25955,284.6192,293.50824,303.3115,251.01892,319.22226,327.6926,324.3837,342.65472,327.2764,321.17538,318.8085,319.1255,304.2302,273.6564,299.5049,291.5449,293.45932,295.831,334.7605,-92405.75,8240.774,7602.72,-73177.51,3100.0,1500.0,187450.6,2319.512,16109.648,103083.27,26145.736,-43.617146,7382.2085,59932.715,4812.575
1379,2006-12-20,317.6834,329.3768,322.466,321.52646,271.85852,337.9796,325.25385,284.40707,293.39883,303.00327,250.85617,319.26917,327.98764,324.6198,343.02698,327.56033,321.18576,318.7472,319.20258,304.14224,273.63943,299.04114,291.53787,293.37894,295.7769,334.74963,-97472.11,6484.2554,6974.7827,-73760.71,3100.0,1500.0,194128.31,2307.908,15700.441,107010.1,24109.99,-31.248009,7404.8447,59745.21,4916.4004
1380,2006-12-27,317.57224,329.70547,322.5875,321.63452,271.8334,337.82266,325.24103,284.2392,293.33597,302.86865,250.75418,319.3125,328.26282,324.82672,343.3021,327.85144,321.20892,318.6906,319.26932,304.04163,273.62238,298.70422,291.5301,293.26337,295.72,334.73877,-101574.01,4938.1294,6458.1733,-74272.78,3100.0,1500.0,200315.7,2298.8162,15299.854,110696.64,22383.73,-29.027351,7359.486,59629.297,4994.0723
1381,2007-01-03,317.46417,330.00366,322.70993,321.74847,271.8022,337.65826,325.222,284.0899,293.24994,302.82355,250.68732,319.353,328.55753,325.02725,343.58282,328.13403,321.2423,318.63794,319.36102,303.98068,273.60532,298.42764,291.52176,293.16525,295.65594,334.7279,-103150.82,5619.758,6957.9507,-73702.71,3100.0,1500.0,207623.6,2290.198,15211.112,113279.56,23157.2,-26.28355,7356.032,59397.023,5039.043
1382,2007-01-10,317.37244,330.29446,322.867,321.90707,271.78085,337.47086,325.1977,283.96002,293.16022,302.92105,250.6443,319.40366,328.836,325.24374,343.82794,328.40958,321.28546,318.59967,319.5135,304.00766,273.58826,298.18134,291.51303,293.14813,295.59042,334.71704,-101942.664,9336.197,8814.717,-72422.164,3100.0,1033.342,212893.72,2278.6387,15602.423,114455.45,27462.201,-24.46274,7450.176,59078.1,5057.0493
1383,2007-01-17,317.31198,330.55902,323.01746,322.05356,271.7671,337.26727,325.1693,283.86115,293.07217,303.00165,250.62099,319.47327,329.07202,325.4446,343.98187,328.67926,321.3417,318.58447,319.64468,304.03815,273.57117,297.95868,291.50388,293.1503,295.53525,334.70618,-104856.766,9521.753,8945.321,-72405.26,3100.0,1194.9677,214813.39,2268.8801,15713.104,117275.58,27955.3,-22.390108,7487.701,58929.676,5054.366
1384,2007-01-24,317.2499,330.7768,323.14117,322.18283,271.7545,337.05972,325.13794,283.7834,292.98505,303.0697,250.60182,319.54752,329.19055,325.602,344.05453,328.92572,321.40973,318.57565,319.766,304.039,273.5541,297.7482,291.4942,293.16238,295.48865,334.6953,-105623.945,11326.683,9545.51,-71891.195,3100.0,643.5108,215413.97,2259.5251,15828.281,118209.76,29767.473,-21.065895,7535.4004,58775.027,5060.5186
1385,2007-01-31,317.19308,330.94434,323.22937,322.2742,271.74307,336.84717,325.10437,283.72223,292.89975,303.10208,250.5923,319.62314,329.25806,325.7218,344.0576,329.136,321.48438,318.5696,319.85306,304.035,273.53702,297.56076,291.48386,293.1655,295.44925,334.68448,-108305.02,11051.422,9410.387,-71990.2,3100.0,623.7803,214054.64,2251.108,15782.146,119776.11,29550.96,-20.583534,7542.5767,58701.387,5054.299
1386,2007-02-07,317.16333,331.07394,323.29648,322.34656,271.73212,336.62927,325.06906,283.66956,292.81577,303.12793,250.59782,319.69147,329.33514,325.82632,344.05652,329.30942,321.5604,318.5766,319.94495,304.0777,273.51996,297.39114,291.47263,293.168,295.41312,334.6736,-109476.71,11562.763,9657.537,-71532.984,3100.0,399.3557,213039.25,2242.0989,15942.598,121074.984,30277.477,-18.900646,7561.4775,58574.883,5025.742
1387,2007-02-14,317.1701,331.19098,323.41516,322.4834,271.74454,336.41638,325.0323,283.6269,292.73672,303.31744,250.69096,319.76425,329.46237,325.9597,344.0755,329.45547,321.63803,318.60754,320.1267,304.23477,273.5029,297.22122,291.46036,293.2699,295.38138,334.66278,-104661.72,17588.389,11835.541,-68616.22,3100.0,301.18082,212701.14,2226.5496,16758.13,119841.09,36732.25,-17.012165,7723.3477,58107.91,4909.1504
1388,2007-02-21,317.18124,331.29675,323.51767,322.58533,271.7684,336.2196,324.99448,283.61414,292.66724,303.4142,250.70341,319.8569,329.54092,326.0585,344.0833,329.58536,321.72327,318.64838,320.2121,304.26752,273.48584,297.06177,291.44687,293.35565,295.3676,334.65192,-108862.82,16366.545,11117.163,-70330.99,3100.0,156.46089,212271.6,2215.643,16733.443,121549.67,35486.55,-16.982273,7749.973,58195.91,4897.3125
1389,2007-02-28,317.23492,331.3969,323.59286,322.66217,271.7757,336.0372,324.95587,283.6116,292.6018,303.4498,250.67714,319.93845,329.6959,326.17114,344.09842,329.70453,321.80905,318.70532,320.32288,304.40732,273.46878,296.91364,291.432,293.41602,295.36264,334.64108,-110309.81,16493.2,11250.667,-70741.836,3100.0,101.91929,211725.98,2206.6096,17122.115,123742.25,36077.332,-14.191959,7785.5137,58316.695,4887.7207
1390,2007-03-07,317.34702,331.50317,323.69656,322.77017,271.78372,335.88242,324.91742,283.615,292.5409,303.5497,250.68915,320.01926,329.88553,326.30814,344.07855,329.8252,321.89767,318.8,320.47467,304.60425,273.452,296.79373,291.4161,293.50037,295.36185,334.63043,-110582.09,17884.068,11666.973,-70270.94,3080.1292,33.514133,209605.56,2194.9055,17794.379,125849.95,37935.18,-13.032503,7857.3438,58341.15,4839.7256
1391,2007-03-14,317.4999,331.59674,323.7702,322.83826,271.78928,335.76782,324.87906,283.6263,292.48373,303.54272,250.71135,320.10333,330.01483,326.41766,343.98947,329.94763,321.99536,318.92343,320.56393,304.73575,273.43542,296.7056,291.399,293.53796,295.36798,334.61993,-116548.71,14528.168,10680.305,-71309.836,3100.0,66.977905,205208.92,2187.2996,18062.14,130157.625,35224.797,-14.226423,7831.4985,58526.36,4789.099
1392,2007-03-21,317.633,331.65863,323.82507,322.90598,271.78845,335.69348,324.8404,283.63263,292.4276,303.96832,250.6844,320.17606,330.02054,326.50394,343.89798,330.05417,322.09836,319.04126,320.70496,304.869,273.41888,296.61658,291.38034,293.5955,295.37274,334.60944,-117098.445,15463.335,10868.491,-71344.34,3100.0,117.52123,201947.88,2169.5269,18521.156,131780.45,36628.555,-21.798906,7934.902,58717.31,4801.5117
1393,2007-03-28,317.80362,331.7097,323.9004,322.98965,271.7961,335.64294,324.8026,283.64673,292.37646,303.78024,250.68806,320.254,330.13043,326.58658,343.79068,330.1445,322.20404,319.17697,320.81113,305.04358,273.40234,296.509,291.3602,293.67673,295.381,334.59894,-116097.46,17428.252,11380.338,-70593.7,3017.4844,9.828739,197204.28,2161.2139,19215.303,132079.14,38648.0,-21.42559,7938.796,58678.473,4751.061
1394,2007-04-04,318.01053,331.73987,323.94186,323.03143,271.80325,335.61786,324.76395,283.6624,292.33148,303.68762,250.68665,320.33118,330.16074,326.64938,343.56723,330.22598,322.31094,319.33652,320.8914,305.2043,273.38583,296.40964,291.33862,293.71942,295.39664,334.58844,-120699.69,14662.242,10749.964,-71715.37,3048.6343,21.606247,188397.48,2156.7217,19637.63,135407.83,36606.42,-17.079412,7939.3354,58871.258,4714.994
1395,2007-04-11,318.2089,331.72327,323.98303,323.09225,271.81238,335.6294,324.72424,283.78717,292.29166,303.7652,250.68677,320.3988,330.11493,326.68298,343.30933,330.28275,322.418,319.495,321.01736,305.38007,273.36932,296.32434,291.31567,293.80392,295.4124,334.57794,-117309.09,18188.625,11676.607,-70462.96,3019.7832,10.697927,180467.64,2142.8723,20420.86,134323.95,40112.332,-13.155186,7962.665,58835.758,4683.999
1396,2007-04-18,318.37085,331.67535,324.01807,323.14255,271.83658,335.66885,324.68402,284.12595,292.26028,303.8815,250.71709,320.47534,330.0161,326.68265,343.0806,330.3039,322.5239,319.633,321.09976,305.48993,273.35287,296.249,291.29147,293.91852,295.43652,334.56744,-116609.67,19678.002,11829.377,-70218.086,3037.3699,17.347221,174459.62,2127.9656,20803.902,133191.69,41468.53,-8.276279,7923.385,58868.195,4639.126
1397,2007-04-25,318.5268,331.60098,324.00275,323.1365,271.85318,335.71625,324.6438,284.77182,292.2337,303.9087,250.66275,320.54413,329.87857,326.65338,342.77228,330.29752,322.62076,319.75995,321.13538,305.61502,273.33643,296.17548,291.26617,294.00137,295.46988,334.55695,-118575.86,18299.318,11344.932,-72008.54,2962.6558,0.0,164593.16,2117.6797,21122.88,133709.4,40357.1,-0.18985367,7659.6436,59240.79,4661.9795
1398,2007-05-02,318.68713,331.46146,323.9106,323.05942,271.85062,335.77026,324.604,285.94632,292.20703,303.84158,250.63783,320.5888,329.5215,326.54962,342.31488,330.2598,322.70453,319.88733,321.11267,305.69394,273.32004,296.11566,291.23993,294.03223,295.5038,334.54645,-121620.13,15277.504,10516.851,-72963.4,3072.8877,30.77619,149125.12,2110.91,21343.715,133977.97,37720.01,-0.109451294,7184.499,59617.76,4653.2207
1399,2007-05-09,318.81647,331.24036,323.75256,322.9184,271.8383,335.8355,324.56482,287.10226,292.17712,303.73477,250.62657,320.60123,329.1511,326.37216,341.8039,330.1656,322.7715,319.98648,321.03195,305.6946,273.3037,296.07462,291.21286,294.0231,295.53015,334.53598,-122556.38,12889.072,9968.204,-73457.68,3078.29,32.818783,137171.12,2104.0615,21284.723,132657.66,35428.008,1.8707371,6811.0513,59893.05,4647.891
1400,2007-05-16,318.9269,330.95795,323.56442,322.75894,271.82733,335.9651,324.5294,287.97437,292.14346,304.41446,250.77472,320.58606,328.63385,326.1797,341.3231,330.01248,322.81543,320.06546,321.01212,305.84012,273.29172,296.1286,291.1911,294.0332,295.54633,334.52548,-122825.53,10630.363,9223.247,-73438.805,3100.0,200.96336,123738.484,2086.8306,21595.473,132092.98,33965.43,-8.812624,6614.2456,60119.07,4531.8413
1401,2007-05-23,319.01382,330.64642,323.4134,322.63644,271.83463,336.05377,324.4988,288.6943,292.10938,303.96362,250.75911,320.5602,328.26175,325.93802,340.90527,329.806,322.841,320.1268,320.9037,305.7644,273.27902,296.07428,291.16772,294.0749,295.5588,334.51498,-114489.516,15235.714,10380.094,-71676.414,3100.0,289.79446,115285.15,2083.2627,21721.645,124532.8,37430.098,-9.4021225,6389.8423,59887.887,4521.662
1402,2007-05-30,319.1258,330.36978,323.32416,322.5632,271.85773,336.43234,324.49695,289.49414,292.08185,304.8612,251.40425,320.53854,328.10376,325.81766,340.67828,329.60553,322.8482,320.19217,320.95642,306.2528,273.2867,296.8381,291.17224,294.2088,295.58066,334.50885,-112036.375,15886.8545,10141.297,-73832.27,3100.0,111.74113,114260.56,2089.3625,22980.064,123760.305,38727.76,-19.166847,6143.0767,60113.902,4136.904
1403,2007-06-06,319.2921,330.24875,323.3225,322.57306,271.8972,337.40802,324.6842,290.5641,294.57962,306.55527,253.2598,320.53815,328.17963,325.85712,340.71246,329.46597,322.88138,320.3056,321.1342,306.97244,273.34387,298.18988,291.2451,294.4879,295.64413,334.54074,-112092.89,15854.4795,8516.593,-76813.55,3100.0,1500.0,118799.63,2158.6047,24937.572,126711.734,39670.03,-83.03823,5799.6436,60653.0,3003.1636
1404,2007-06-13,319.3606,330.18005,323.3264,322.5569,271.93295,337.6848,324.82568,291.12717,295.14603,305.03027,251.6644,320.55292,328.2076,325.7412,340.85928,329.32483,322.9238,320.38303,320.90283,306.07968,273.37338,297.73514,291.27917,294.5603,295.73615,334.56274,-112773.336,15378.439,8161.5864,-76457.68,3100.0,598.4869,123130.54,2188.037,22334.33,122236.945,37030.84,-46.64567,5666.549,61180.56,4110.6265
1405,2007-06-20,319.3669,330.07126,323.33994,322.58203,271.95197,337.39133,324.81894,291.23865,294.31375,304.37564,250.9813,320.54498,328.116,325.66946,340.83386,329.17505,322.9137,320.38486,320.91446,306.07358,273.36093,297.23013,291.25476,294.62476,295.79877,334.55557,-102779.08,22608.879,10099.27,-73432.0,3100.0,304.04913,120593.46,2188.484,22523.746,116531.42,42798.17,-23.065138,5922.859,61088.37,4500.641
1406,2007-06-27,319.42972,329.95203,323.35995,322.6135,271.98648,337.46805,324.84964,291.58093,297.85318,305.44287,251.74101,320.56326,327.97055,325.65378,340.57742,329.10168,322.90488,320.42078,321.0159,306.54663,273.36652,297.76895,291.2558,294.79703,295.8684,334.561,-103632.32,21869.955,8409.207,-75763.266,3100.0,391.09842,111904.3,2173.4988,23656.928,117335.64,43151.883,-8.853977,5872.794,61348.19,4023.676
1407,2007-07-04,319.63492,329.8854,323.48547,322.77414,272.07294,338.30533,325.06454,292.4756,318.4615,308.3501,253.56764,320.6177,327.95926,325.8075,340.28403,329.12317,322.93973,320.5703,321.3842,307.5249,273.4261,299.2834,291.3328,295.19717,295.98215,334.60428,-99782.14,24417.459,3000.0376,-84393.48,3100.0,1500.0,104197.664,2265.2341,26464.95,118913.26,48616.426,97.40111,5556.839,61268.12,2445.0942
1408,2007-07-11,319.77542,329.81754,323.4982,322.77542,272.1619,338.823,325.29846,293.0947,323.809,307.27094,252.62437,320.71832,327.88348,325.69647,340.19888,329.08508,323.00824,320.7066,321.2064,306.93805,273.47742,299.2938,291.3995,295.38394,296.14697,334.64218,-108142.63,20663.072,2422.4841,-85589.164,3100.0,1500.0,104607.45,2366.22,24395.488,117186.4,42029.062,149.61546,5267.1504,62510.23,3203.894
1409,2007-07-18,319.74585,329.65674,323.32892,322.60007,272.16064,338.61447,325.34967,293.06683,312.50146,305.2395,251.24632,320.73212,327.55054,325.4474,340.08917,328.92584,323.02365,320.687,320.9271,306.39142,273.47775,298.50964,291.39648,295.32135,296.2715,334.64465,-108215.86,19414.238,4969.416,-81002.45,3100.0,756.93994,100918.266,2441.6064,22513.244,113124.484,38434.348,110.785645,5396.9443,63495.68,4499.14
1410,2007-07-25,319.7028,329.39108,323.0933,322.3776,272.13092,338.2696,325.29794,292.94296,304.30087,304.49338,250.87514,320.67706,327.03595,325.18408,339.7526,328.73196,322.98633,320.63525,320.74228,306.3247,273.46097,298.0757,291.37085,295.22498,296.3446,334.6351,-107042.72,17240.31,6014.82,-80189.01,3100.0,867.32697,89127.445,2401.6848,22137.994,110498.266,36538.715,60.530495,5520.718,63833.15,4695.6265
1411,2007-08-01,319.74707,329.08243,322.94534,322.2685,272.14337,338.2751,325.28952,293.03775,307.80478,305.42563,251.59442,320.61783,326.64236,325.01508,339.30472,328.55554,322.9366,320.64334,320.77936,306.7026,273.46136,298.3646,291.37054,295.29187,296.4027,334.63745,-98849.01,21010.27,5531.2983,-80990.47,3100.0,1500.0,78238.305,2377.2036,23346.453,106397.23,40844.8,55.094078,5578.754,63523.5,3970.2505
1412,2007-08-08,319.77322,328.74857,322.8007,322.1344,272.1724,338.38986,325.31494,293.1174,308.83868,305.45053,251.54713,320.5836,326.25815,324.76846,338.84048,328.34946,322.89548,320.64755,320.62643,306.5622,273.46854,298.5955,291.38132,295.34232,296.47083,334.6445,-100293.58,18503.795,4822.676,-82181.18,3100.0,1500.0,69419.83,2387.906,22739.748,103572.98,38090.332,60.296394,5535.475,63881.516,4108.6997
1413,2007-08-15,320.01968,328.556,322.75122,322.0956,272.25165,339.3094,325.53387,293.7122,332.61343,308.55493,253.9786,320.5645,326.33517,324.86783,338.53317,328.26334,322.87216,320.80005,320.88925,307.77182,273.5282,300.41635,291.46677,295.5639,296.57303,334.68814,-105208.27,12990.272,-2199.2383,-95186.914,3100.0,1500.0,67811.234,2484.3232,26178.307,111472.05,38144.836,152.48007,5101.5303,63753.344,1577.2452
1414,2007-08-22,319.9892,328.33252,322.69327,322.04578,272.29138,339.66583,325.7053,293.96045,325.83902,305.93686,251.72339,320.55695,325.97623,324.5152,338.30942,328.0409,322.87003,320.78915,320.53238,306.48044,273.56097,299.72122,291.51678,295.62125,296.68048,334.71332,-94945.34,21025.84,3047.1753,-82544.57,3100.0,1500.0,65443.312,2587.607,22253.172,97985.29,38567.58,134.43994,5085.6836,64783.375,4296.709
1415,2007-08-29,319.8535,328.0082,322.53433,321.8878,272.28705,339.29703,325.6538,293.6377,310.3728,304.77887,251.03601,320.48862,325.75223,324.27063,338.15317,327.68167,322.799,320.66736,320.36646,306.3934,273.5437,299.01663,291.4987,295.58157,296.7408,334.70343,-89785.0,22479.152,5052.4243,-80338.79,3100.0,1383.2775,66805.65,2551.7004,21837.477,93417.29,39193.508,58.562782,5461.7793,64910.91,4718.703
1416,2007-09-05,319.8209,327.77023,322.4007,321.74338,272.2924,339.24973,325.63315,293.35263,311.79324,305.37195,251.62814,320.42178,325.62015,324.1318,338.08646,327.43817,322.71207,320.61404,320.25916,306.60706,273.5429,299.16888,291.505,295.56525,296.79785,334.7049,-94397.24,16969.357,3277.731,-85621.22,3100.0,1436.8195,68148.016,2512.7778,22174.568,95348.76,35715.016,53.3377,5561.015,65137.23,4088.6343
1417,2007-09-12,319.75717,327.54434,322.17056,321.48392,272.2532,339.2153,325.62433,292.95767,308.85934,304.7363,251.24619,320.33188,325.33215,323.8619,337.9958,327.20316,322.6237,320.53796,319.9107,306.17932,273.54333,299.01804,291.51477,295.37845,296.8407,334.70718,-103521.695,6685.881,2208.8777,-86979.86,3100.0,1500.0,66393.23,2513.8208,20411.139,97204.64,25939.002,45.042595,5507.6084,65845.31,4541.7114
1418,2007-09-19,319.64172,327.27316,321.89697,321.20935,272.18115,338.97626,325.5624,292.4468,303.35715,303.79953,250.82228,320.18198,325.04025,323.57376,337.8706,326.93954,322.5074,320.41257,319.62363,305.8523,273.5296,298.69376,291.50656,295.11755,296.8319,334.6995,-99515.02,5279.946,3378.732,-83517.93,3100.0,1500.0,66167.24,2486.7993,19432.117,94359.984,23730.723,25.060768,5612.491,65736.72,4875.1816
1419,2007-09-26,319.51492,327.01825,321.66306,320.96793,272.11896,338.7087,325.47916,291.77646,299.78464,303.33075,250.69836,320.01627,324.7974,323.32474,337.7978,326.68015,322.37094,320.27615,319.36493,305.6023,273.5114,298.51053,291.49377,294.8424,296.78433,334.68854,-98620.87,1732.6038,3040.439,-82586.305,3100.0,1500.0,68193.27,2440.2678,18585.463,93137.37,19887.71,3.1467514,5760.2026,65357.207,4926.4844
1420,2007-10-03,319.37714,326.814,321.50537,320.82022,272.0776,338.4897,325.4013,290.8123,298.26813,303.24918,250.72495,319.85367,324.60828,323.1343,337.81897,326.4863,322.22638,320.13354,319.22293,305.45282,273.49432,298.96255,291.48413,294.65936,296.71158,334.67822,-90156.33,5719.6904,4993.912,-79802.38,3100.0,1500.0,71684.69,2395.263,18561.188,88385.46,23655.059,-3.4082947,6154.1167,64571.047,4874.159
1421,2007-10-10,319.46542,326.8674,321.55762,320.86047,272.1209,339.08395,325.51877,290.21875,317.33615,306.5188,253.08434,319.75616,324.95636,323.3709,338.08792,326.49527,322.11044,320.15582,319.5056,306.51752,273.52902,300.86566,291.54803,294.74463,296.6738,334.70398,-93141.16,2974.6724,91.01469,-90383.25,3100.0,1500.0,80770.3,2466.1392,21822.633,96184.6,26435.154,53.90245,6203.8228,63667.84,2574.242
1422,2007-10-17,319.38074,326.93262,321.57855,320.8605,272.1254,339.37747,325.64096,289.61008,313.76202,304.50842,251.43031,319.70438,324.90515,323.21066,338.40836,326.4375,322.03555,320.09027,319.17325,305.35123,273.54965,300.77225,291.59402,294.63864,296.6592,334.72012,-93372.26,3008.6626,1984.5845,-83162.55,3100.0,1500.0,84938.11,2528.4836,18305.01,90756.23,21308.375,65.0715,6218.5527,64251.594,4562.302
1423,2007-10-24,319.34192,327.0198,321.53903,320.79846,272.11282,339.6752,325.7243,288.95657,317.49585,305.3906,252.40662,319.62616,325.08237,323.3175,338.77658,326.42596,321.94733,320.02872,319.2307,305.8752,273.56445,301.27396,291.63293,294.5053,296.62943,334.73212,-97229.836,-1719.9922,-1123.0702,-88311.94,3100.0,1500.0,92962.336,2560.7327,19567.91,96606.96,19248.342,67.308105,6332.265,63760.016,3450.3506
1424,2007-10-31,319.20966,327.09802,321.5271,320.78748,272.09494,339.89932,325.8041,287.83313,313.7705,304.23172,251.45041,319.55914,324.9694,323.2155,339.09595,326.37488,321.87198,319.92496,319.03873,305.14072,273.57495,300.71866,291.66705,294.36572,296.5934,334.74118,-92138.41,2263.207,1800.2311,-82475.19,3100.0,1500.0,97416.06,2580.7285,17594.006,90852.0,20319.31,53.987076,6740.3276,63708.453,4570.6123
1425,2007-11-07,318.98755,327.10107,321.46875,320.72726,272.06183,339.70044,325.77332,286.65823,305.2522,303.3605,250.93489,319.47696,324.88156,323.11902,339.34116,326.28064,321.7773,319.74384,318.90063,304.83002,273.56046,299.99213,291.66733,294.205,296.5338,334.73276,-87517.664,4883.0684,4036.7368,-79162.72,3100.0,1500.0,103055.984,2542.0684,16746.816,86926.41,21944.602,32.167053,7127.7124,63244.46,4961.04
1426,2007-11-14,318.81708,327.126,321.4416,320.68695,272.0363,339.39185,325.71136,286.0169,300.75406,303.0918,250.83313,319.3957,324.98865,323.11307,339.5518,326.22092,321.67096,319.59286,318.82834,304.72308,273.5426,299.4934,291.66388,294.0618,296.4665,334.7219,-86493.125,4585.5093,4600.8257,-77723.414,3100.0,1374.3248,107708.33,2492.0415,16456.916,86997.55,21634.287,7.0795517,7271.577,62706.01,4974.739
1427,2007-11-21,318.65753,327.17075,321.44937,320.69028,272.02002,339.0644,325.6436,285.59647,298.4597,303.04163,250.81998,319.32333,325.03726,323.1096,339.7289,326.19595,321.56876,319.45618,318.7879,304.60477,273.5249,299.12094,291.66168,293.96384,296.3951,334.711,-83117.09,7011.7803,6050.462,-76165.66,3100.0,1109.1787,112016.88,2451.2576,16323.215,85218.9,24039.012,-0.1733551,7403.986,62126.41,4956.894
1428,2007-11-28,318.49625,327.22574,321.45505,320.68332,272.00256,338.74258,325.5765,285.29074,297.09195,302.97812,250.77896,319.26315,325.09796,323.11426,339.89282,326.19168,321.47375,319.324,318.72012,304.4501,273.50732,298.80234,291.6607,293.8559,296.3251,334.7001,-84132.98,5774.5186,5644.14,-76654.45,3100.0,778.19165,116606.53,2423.4954,15845.83,85391.78,22480.053,-8.6124115,7421.709,61833.797,4979.171
1429,2007-12-05,318.33777,327.2832,321.45505,320.67682,271.9761,338.4348,325.51352,285.04767,296.2656,302.9262,250.75497,319.20532,325.12152,323.1182,340.03778,326.20193,321.38547,319.19556,318.66965,304.3175,273.49017,298.5299,291.6611,293.7442,296.25162,334.6894,-83377.97,6041.277,5916.0244,-76170.57,3100.0,546.29205,120120.09,2399.4253,15538.703,84839.18,22572.85,-18.341217,7428.8247,61506.105,4989.9814
1430,2007-12-12,318.19812,327.34848,321.487,320.70728,271.96075,338.1382,325.45483,284.84525,295.63986,302.97256,250.80328,319.1557,325.21402,323.15683,340.1734,326.22208,321.3039,319.08078,318.67853,304.26807,273.47333,298.29608,291.6624,293.69135,296.1756,334.67883,-80204.305,8906.256,7322.3613,-74101.94,3100.0,316.73932,123868.586,2375.3157,15669.641,83578.16,25693.201,-23.311893,7502.865,60957.125,4923.017
1431,2007-12-19,318.0558,327.4455,321.52795,320.72958,271.9497,337.85492,325.39966,284.6808,295.2324,302.9479,250.79662,319.1208,325.39047,323.20728,340.38495,326.25336,321.23154,318.96954,318.6365,304.13528,273.4566,298.09518,291.6639,293.61758,296.10538,334.66827,-82357.266,7291.7676,6604.2163,-74878.12,3100.0,355.54858,131680.44,2356.5845,15170.596,84656.555,23741.717,-23.657394,7477.669,60740.996,4926.596
1432,2007-12-26,317.9038,327.58575,321.56763,320.7478,271.92242,337.5836,325.34775,284.53308,294.8927,302.8527,250.73482,319.08496,325.60144,323.2787,340.68607,326.30582,321.165,318.85446,318.59497,303.98727,273.44,297.917,291.66504,293.50146,296.0336,334.6577,-84016.21,5932.8877,6049.649,-75439.15,3100.0,149.55084,140514.19,2341.506,14679.002,86119.12,22025.057,-25.30117,7417.6113,60604.42,4976.8535
1433,2008-01-02,317.7474,327.74564,321.6198,320.78772,271.88916,337.3185,325.29852,284.3907,294.58344,302.81042,250.67873,319.05075,325.75244,323.35773,340.96243,326.38724,321.10303,318.73822,318.5881,303.87784,273.4235,297.75073,291.66537,293.39893,295.95468,334.64716,-83439.77,6783.235,6551.1636,-74866.74,3100.0,241.11987,146281.02,2325.328,14500.22,86466.05,22804.264,-24.146957,7407.992,60350.426,5012.05
1434,2008-01-09,317.60095,327.89688,321.69998,320.86807,271.8659,337.05856,325.25153,284.26074,294.35428,302.90152,250.63705,319.02927,325.8859,323.45303,341.1584,326.48972,321.04715,318.63184,318.64554,303.8569,273.40707,297.58075,291.6645,293.3745,295.87436,334.6366,-80108.14,10658.472,8385.642,-73563.05,3009.898,6.960416,149695.05,2306.215,14776.697,85388.26,27075.723,-23.717772,7497.7676,60007.492,5025.924
1435,2008-01-16,317.4805,328.03897,321.7834,320.94424,271.85037,336.80804,325.20633,284.15765,294.18448,302.9733,250.61186,319.03043,326.03445,323.5509,341.29645,326.60196,321.0012,318.5446,318.68723,303.8412,273.39072,297.42438,291.66208,293.3667,295.80453,334.62604,-81015.69,11006.091,8494.07,-73517.06,3020.2432,10.871765,152005.53,2289.8872,14773.857,86251.305,27530.863,-22.631218,7530.363,59831.37,5021.107
1436,2008-01-23,317.35376,328.1706,321.85794,321.01776,271.83612,336.57428,325.16263,284.07312,294.00943,303.03183,250.58981,319.04034,326.13397,323.63162,341.44357,326.71652,320.9653,318.46115,318.7304,303.79788,273.37448,297.3417,291.65787,293.36835,295.74347,334.61548,-80064.734,12944.63,9126.306,-72965.16,2687.4783,0.0,155473.14,2275.132,14773.731,85780.44,29354.637,-21.995743,7575.2314,59647.973,5026.331
1437,2008-01-30,317.22845,328.3229,321.93152,321.08347,271.82318,336.35217,325.1203,284.00488,293.85233,303.30545,250.57765,319.05765,326.316,323.74765,341.66544,326.82614,320.93707,318.38016,318.78925,303.78564,273.3583,297.25793,291.65167,293.3715,295.69012,334.6049,-81964.414,12554.716,8880.545,-73116.33,3100.0,56.026123,162188.84,2258.1233,14690.999,87647.125,29159.95,-29.804388,7619.864,59598.934,5020.1
1438,2008-02-06,317.12833,328.4903,322.01498,321.1587,271.81082,336.13776,325.0798,283.948,293.68915,303.1543,250.57967,319.07852,326.48453,323.8559,341.8287,326.95157,320.91647,318.31403,318.8229,303.77167,273.34222,297.12067,291.6434,293.36227,295.64133,334.59433,-82238.9,13346.582,9213.024,-72575.31,3100.0,69.93314,164418.33,2248.8816,14712.576,88333.234,29893.588,-25.189808,7591.6807,59419.008,4991.5083
1439,2008-02-13,317.06232,328.62305,322.12894,321.287,271.82205,335.9378,325.03934,283.8965,293.53995,303.27457,250.66985,319.10962,326.57925,323.9757,341.84058,327.0875,320.9033,318.27145,318.9738,303.90128,273.3262,297.0094,291.633,293.44888,295.59705,334.58377,-76782.33,19439.842,11471.707,-69600.13,3100.0,127.86458,161521.95,2233.8025,15429.785,86679.72,36358.332,-21.469128,7749.6377,58904.89,4874.6772
1440,2008-02-20,316.99924,328.70197,322.2076,321.36694,271.84476,335.75925,324.99854,283.8735,293.40402,303.3565,250.6796,319.16452,326.57513,324.03275,341.7782,327.20737,320.9032,318.24048,319.01923,303.90433,273.31024,296.91852,291.62042,293.52103,295.57074,334.57318,-80169.93,18304.7,10799.185,-71267.625,3100.0,238.55577,158469.86,2221.0728,15316.205,87336.69,35136.97,-20.986462,7772.776,58953.44,4862.824
1441,2008-02-27,316.97812,328.76328,322.25327,321.41306,271.85086,335.59717,324.9575,283.8604,293.34045,303.3844,250.65065,319.21005,326.69534,324.1085,341.73724,327.3012,320.9096,318.22562,319.0916,304.01755,273.29437,296.82266,291.6057,293.5686,295.55325,334.56262,-80719.06,18514.172,10968.444,-71631.12,3100.0,153.02759,157120.5,2210.4067,15611.119,88687.76,35751.59,-17.901022,7804.9395,59035.383,4853.23
1442,2008-03-05,317.04935,328.86798,322.34857,321.51233,271.8615,335.70013,324.929,284.00464,293.24738,304.4027,251.09016,319.2581,326.9683,324.28842,341.7926,327.4054,320.92365,318.26505,319.31964,304.56372,273.29504,297.069,291.61188,293.69153,295.54218,334.55225,-81777.99,19020.785,10786.762,-72101.68,3100.0,492.4893,159104.64,2202.9224,16958.701,93231.48,37514.793,-39.28793,7796.705,59152.13,4534.408
1443,2008-03-12,317.1345,329.02313,322.46286,321.60153,271.87207,335.694,324.9145,284.05978,293.15195,303.80597,250.86163,319.3202,327.32336,324.4238,341.93057,327.51782,320.95847,318.33594,319.32233,304.34076,273.29153,296.9288,291.61008,293.72568,295.54706,334.54202,-86760.02,16516.387,10023.465,-72667.96,3100.0,106.265236,163250.19,2212.7686,16430.775,96062.89,34861.035,-33.775005,7748.237,59338.13,4673.158
1444,2008-03-19,317.18634,329.17447,322.56073,321.69568,271.8701,335.56006,324.8812,284.00433,293.06287,303.5554,250.7129,319.3695,327.47922,324.54935,342.02768,327.64575,321.00116,318.384,319.41547,304.40457,273.27615,296.7577,291.58936,293.73907,295.54724,334.5318,-86718.93,17927.283,10610.423,-72324.445,3074.8418,31.515,164424.22,2202.193,16705.604,97437.484,36213.375,-27.349716,7822.204,59384.465,4752.4033
1445,2008-03-26,317.28506,329.31705,322.6763,321.8121,271.8761,335.47144,324.8434,283.96997,292.9864,303.6069,250.68257,319.42795,327.7201,324.7104,342.0428,327.7862,321.05014,318.4559,319.5708,304.61053,273.26077,296.63327,291.56665,293.80185,295.54633,334.52158,-86563.875,19559.998,11140.495,-71497.21,3065.6462,28.038244,162557.3,2183.8083,17404.924,99767.36,38294.188,-23.71492,7914.277,59327.676,4717.7812
1446,2008-04-02,317.4311,329.44308,322.76825,321.89554,271.8816,335.42178,324.8032,283.95465,292.92023,303.60193,250.66864,319.49686,327.89914,324.84598,341.97992,327.934,321.1121,318.56415,319.67386,304.76733,273.24548,296.52155,291.5424,293.8343,295.55164,334.51135,-91833.46,16758.346,10494.329,-72550.77,2753.6865,0.0,158453.08,2171.1252,17766.268,104138.58,36289.887,-20.402067,7920.962,59490.445,4685.9136
1447,2008-04-09,317.57712,329.52264,322.84937,321.99484,271.88904,335.41754,324.7616,284.07083,292.8599,303.6891,250.66331,319.56232,327.90326,324.94107,341.8144,328.07227,321.1858,318.6798,319.82657,304.9416,273.23022,296.42307,291.51672,293.90762,295.55737,334.50113,-89118.88,20243.01,11442.92,-71238.055,2747.3645,0.0,151298.66,2155.391,18487.99,103993.484,39817.97,-16.71749,7935.8394,59417.215,4655.626
1448,2008-04-16,317.69193,329.52982,322.89832,322.06393,271.9115,335.4476,324.71936,284.41913,292.80768,303.80704,250.6908,319.63977,327.74005,324.9616,341.55533,328.17447,321.26822,318.78162,319.92477,305.04752,273.21506,296.33478,291.48993,294.01154,295.57175,334.4909,-88841.33,21718.314,11621.116,-70941.03,2731.847,0.0,141902.52,2139.673,18829.889,102983.766,41201.84,-11.797897,7887.036,59413.05,4610.3223
1449,2008-04-23,317.80533,329.47116,322.883,322.0593,271.9262,335.4902,324.67712,285.0633,292.76096,303.83392,250.63406,319.70908,327.63586,324.9408,341.2408,328.22632,321.3491,318.87506,319.96686,305.16754,273.19995,296.2565,291.46216,294.08432,295.59546,334.48068,-90941.02,20340.098,11161.737,-72684.484,2791.3882,0.0,132675.47,2128.771,19103.389,103625.78,40116.875,-3.634716,7619.3516,59750.76,4632.4863
1450,2008-04-30,317.92963,329.37143,322.82617,322.00674,271.9217,335.54242,324.6353,286.22815,292.71442,303.76627,250.60725,319.7542,327.5079,324.89206,340.90536,328.2291,321.4216,318.97464,319.96152,305.24338,273.1849,296.21887,291.43353,294.10568,295.61987,334.47046,-94459.03,17300.365,10357.693,-73595.08,3100.0,196.44357,124508.56,2121.3364,19274.422,105148.09,37505.24,-3.4990654,7142.4966,60094.027,4623.088
1451,2008-05-07,318.0277,329.24344,322.73376,321.91992,271.9074,335.60785,324.5941,287.36823,292.66467,303.6599,250.59442,319.77222,327.32178,324.79816,340.63846,328.1872,321.4835,319.0528,319.91266,305.24347,273.16992,296.21,291.4042,294.0877,295.63678,334.46027,-96360.89,14869.447,9831.795,-74046.15,3100.0,149.42046,119717.96,2113.86,19210.293,105407.73,35240.316,-1.4624977,6768.506,60336.81,4617.47
1452,2008-05-14,318.10397,329.10162,322.62872,321.82828,271.89362,335.68137,324.5538,288.18445,292.61127,304.1143,250.6333,319.7691,327.08493,324.71384,340.38562,328.11423,321.53003,319.1121,319.91928,305.31134,273.15543,296.17572,291.37482,294.0762,295.64322,334.45004,-97641.75,12771.028,9248.898,-73731.086,3100.0,261.71967,112868.88,2094.564,19336.002,106508.22,33812.316,-8.758913,6590.494,60495.496,4566.7354
1453,2008-05-21,318.16812,328.9333,322.55795,321.78107,271.89743,335.74503,324.51474,288.86377,292.55756,303.79257,250.66774,319.76138,326.8559,324.5855,340.12927,328.01602,321.56506,319.16183,319.88113,305.31207,273.14087,296.13535,291.34485,294.1066,295.64392,334.43982,-90997.04,17100.39,10414.574,-72021.086,3100.0,106.78675,107172.51,2085.7383,19652.43,101446.414,37319.348,-8.161406,6377.688,60221.28,4517.1646
1454,2008-05-28,318.27194,328.7652,322.50824,321.75613,271.91873,336.1638,324.52087,289.67038,292.50998,304.8289,251.4698,319.76416,326.62067,324.52606,339.86847,327.92392,321.59354,319.22748,319.9947,305.85995,273.15103,296.67264,291.3489,294.2424,295.6566,334.43716,-89861.766,17570.322,10094.736,-74314.44,3100.0,358.19962,99690.43,2092.4482,21021.38,101678.39,38619.227,-25.149536,6118.0396,60433.61,4057.606
1455,2008-06-04,318.33548,328.5611,322.44965,321.7205,271.94547,336.46912,324.55948,290.26865,292.4698,304.57297,251.29779,319.7787,326.2821,324.365,339.55804,327.80444,321.6266,319.28784,319.92877,305.60306,273.16272,296.76276,291.35474,294.36142,295.6927,334.43832,-86425.17,19865.246,10176.934,-73652.03,3100.0,1253.0294,90682.516,2111.0325,20442.133,96458.1,39860.848,-29.53236,6037.5312,60587.633,4194.3477
1456,2008-06-11,318.39963,328.30673,322.32852,321.61295,271.96274,336.7148,324.61438,290.72745,292.4387,304.85275,251.68175,319.7807,325.96124,324.21033,339.1689,327.66187,321.64996,319.3302,319.89478,305.83487,273.1735,297.1525,291.3589,294.44305,295.7393,334.44614,-88791.75,16892.459,9077.782,-75917.91,3100.0,708.39575,80894.07,2124.1292,20853.77,96457.05,37309.562,-47.224407,5878.275,61012.95,3991.4617
1457,2008-06-18,318.4777,328.03018,322.2652,321.58966,271.99026,337.1033,324.7168,291.2906,294.10422,305.41852,252.062,319.7742,325.71115,324.08716,338.73074,327.49722,321.66998,319.38544,319.9761,306.08865,273.1991,297.6162,291.38364,294.63226,295.7964,334.46445,-79383.33,23342.262,9528.5625,-75120.88,3100.0,1500.0,72993.04,2149.1233,21706.697,91443.43,42822.605,-59.548244,5821.6685,61180.906,3743.959
1458,2008-06-25,318.52188,327.72012,322.2204,321.55734,272.03204,337.23688,324.78693,291.69296,295.85913,305.04367,251.52557,319.78958,325.4519,323.89316,338.30734,327.27704,321.68204,319.4262,319.88657,305.86588,273.2141,297.54944,291.39395,294.78076,295.87064,334.47552,-77241.84,24581.984,9199.095,-75501.02,3100.0,1170.3262,65999.125,2168.4116,21021.621,86482.32,42896.816,-38.546852,5791.684,61523.492,4100.6357
1459,2008-07-02,318.5599,327.38852,322.20178,321.57187,272.07965,337.30676,324.83313,292.0579,298.4108,305.4568,251.65636,319.802,325.22607,323.7557,337.89108,327.04367,321.6759,319.44928,319.96707,306.1231,273.22427,297.75934,291.39804,294.98917,295.9504,334.48337,-67720.49,30648.025,9337.247,-74202.46,3100.0,700.83386,59629.31,2169.7585,21713.438,80804.02,47876.953,-23.228706,5874.29,61574.96,4010.9858
1460,2008-07-09,318.7144,327.16876,322.18903,321.54437,272.15625,337.7066,324.95917,292.5598,308.13318,306.79877,252.53065,319.84833,325.22034,323.72992,337.60474,326.89844,321.67715,319.5597,319.99072,306.54086,273.2564,298.58636,291.43353,295.1831,296.0673,334.50665,-78572.164,22647.562,4385.4746,-84899.01,3100.0,1401.0524,58864.934,2239.7336,22612.479,85460.03,42986.29,29.443844,5599.775,62071.566,2938.8828
1461,2008-07-16,318.80606,327.0016,322.10632,321.4529,272.19125,338.07767,325.10934,292.92288,313.31833,306.39532,252.18848,319.86972,325.07877,323.57175,337.4522,326.73114,321.6824,319.6259,319.82913,306.28952,273.2881,298.81516,291.46945,295.25238,296.19025,334.52988,-81371.87,19936.688,3683.0051,-84974.516,3100.0,1500.0,58577.59,2333.2493,21609.484,84389.195,39318.35,87.27549,5395.566,62970.336,3416.203
1462,2008-07-23,318.79514,326.80753,321.9606,321.29935,272.18396,338.1118,325.17227,293.0478,310.38412,305.35217,251.48625,319.83646,324.9167,323.3685,337.36057,326.51172,321.6598,319.60522,319.61847,305.97998,273.29718,298.61716,291.47513,295.21274,296.27963,334.5374,-80628.68,18588.998,4772.8745,-82751.33,3100.0,1500.0,59859.34,2378.1426,20519.748,82075.42,36861.074,81.22187,5380.48,63620.387,4101.139
1463,2008-07-30,318.78186,326.63235,321.88617,321.24246,272.18915,338.09787,325.19165,293.108,308.59448,305.3238,251.46101,319.7826,324.813,323.2665,337.3198,326.31644,321.61154,319.57632,319.61075,306.07825,273.29984,298.5929,291.47296,295.25092,296.3418,334.54044,-72170.516,23406.703,5712.285,-80490.38,3100.0,1500.0,60367.35,2368.7231,20881.54,78325.95,40882.438,69.60271,5510.6016,63521.81,4064.5483
1464,2008-08-06,318.7912,326.49786,321.83994,321.18802,272.2136,338.20703,325.22287,293.1571,310.0958,305.52142,251.63368,319.75436,324.73727,323.18146,337.2866,326.1664,321.56332,319.56784,319.537,306.1184,273.30826,298.71173,291.48016,295.2933,296.40704,334.54742,-75431.68,20276.58,4645.865,-82920.2,3100.0,1500.0,60224.816,2372.7966,20780.156,78895.625,38342.2,67.887375,5483.412,63790.645,3912.1958
1465,2008-08-13,318.74304,326.3398,321.74536,321.09143,272.2124,338.1534,325.21393,293.09903,305.74933,304.6718,251.04382,319.70972,324.5814,323.00803,337.2222,325.96606,321.5099,319.51794,319.36377,305.79108,273.30554,298.38025,291.47333,295.26028,296.45975,334.5467,-73365.07,20536.342,6003.6743,-80076.46,3100.0,1477.0629,59775.582,2368.503,19749.62,75757.14,37237.61,51.997353,5523.707,64084.82,4490.391
1466,2008-08-20,318.73282,326.20804,321.69888,321.05505,272.22604,338.15857,325.19995,293.1178,306.15143,305.13028,251.41362,319.65912,324.54803,322.9682,337.18716,325.83377,321.44662,319.48773,319.40103,306.0524,273.30426,298.43784,291.47003,295.303,296.5001,334.54684,-68632.12,22852.994,5780.432,-80798.2,3100.0,1186.8407,60373.965,2349.3926,20517.375,74631.82,39975.96,43.287514,5596.1504,63896.363,4071.977
1467,2008-08-27,318.7346,326.11533,321.70016,321.06006,272.25824,338.2886,325.22037,293.15875,308.00598,305.3776,251.51938,319.63748,324.48782,322.9146,337.15503,325.73694,321.39435,319.47702,319.38477,306.0606,273.31113,298.5936,291.47974,295.38196,296.55032,334.5527,-67389.91,23609.139,5379.2163,-81427.64,3100.0,1500.0,59734.305,2353.7285,20446.395,73103.47,40352.44,50.048866,5617.654,64002.4,4023.0623
1468,2008-09-03,318.68756,326.02728,321.62845,320.974,272.26382,338.32156,325.22662,292.93454,307.0636,304.94696,251.2664,319.61252,324.39008,322.79486,337.13992,325.66956,321.34473,319.43207,319.21878,305.84613,273.3127,299.03488,291.48386,295.35892,296.60025,334.55484,-71888.86,19521.55,5058.5757,-82889.04,3100.0,1500.0,61950.41,2362.6816,19605.54,73137.31,36194.453,45.312195,5683.806,64509.562,4289.336
1469,2008-09-10,318.7615,326.1087,321.53543,320.8371,272.25702,338.75516,325.32715,292.829,318.03983,306.35013,252.52339,319.57083,324.61636,322.89896,337.3395,325.69202,321.2995,319.459,319.1929,306.34494,273.34042,299.91232,291.52603,295.281,296.65216,334.5752,-86737.055,5984.5664,-291.38937,-92787.12,3100.0,1500.0,70525.13,2426.503,20506.922,84382.65,27207.668,70.87527,5409.9453,64921.35,3044.5295
1470,2008-09-17,318.70758,326.1768,321.41943,320.71072,272.21252,338.97614,325.41583,292.5823,315.01132,304.82104,251.43999,319.4974,324.51245,322.7501,337.62515,325.63492,321.2591,319.41162,318.9042,305.55374,273.3577,299.66473,291.5555,295.08078,296.67496,334.5884,-84304.055,6019.7876,1785.1405,-85940.89,3100.0,1500.0,74074.38,2477.947,18174.406,81238.23,24107.693,79.38606,5357.959,65312.8,4299.4165
1471,2008-09-24,318.5597,326.17752,321.25925,320.53174,272.14697,338.76898,325.3804,291.88544,305.7579,303.58627,250.82034,319.38434,324.43347,322.6251,337.89105,325.57907,321.18777,319.2815,318.6691,305.1808,273.34518,299.53885,291.54507,294.7839,296.64365,334.5808,-84369.37,2919.9993,2408.0886,-83182.59,3100.0,1500.0,79692.18,2450.7136,17010.479,81095.4,20024.56,45.505882,5572.202,65113.1,4771.6733
1472,2008-10-01,318.59805,326.36475,321.2942,320.55453,272.1501,339.19543,325.467,291.27893,318.41733,305.98102,252.65688,319.29388,324.7862,322.8803,338.32535,325.74805,321.12048,319.27768,318.92764,306.0551,273.37085,300.8178,291.58936,294.747,296.60922,334.5998,-83131.83,3462.6711,121.08238,-89425.98,3100.0,1500.0,89711.45,2475.5823,19801.805,87205.73,25033.795,73.63311,5741.553,64107.676,2944.005
1473,2008-10-08,318.49796,326.5583,321.36874,320.62314,272.15445,339.42062,325.55447,290.38882,314.95206,304.47223,251.37366,319.25577,324.81326,322.8358,338.77536,325.77728,321.0809,319.2152,318.73492,305.12354,273.3874,300.62866,291.62274,294.66855,296.58667,334.61258,-79789.484,7391.887,3160.361,-82071.78,3100.0,1500.0,95589.02,2507.6223,17364.148,81658.67,24887.158,70.62831,6027.439,64196.324,4462.495
1474,2008-10-15,318.3906,326.71906,321.37228,320.59808,272.12778,339.3387,325.5436,289.45715,308.95535,304.0381,251.2712,319.20413,325.02713,322.92712,339.18762,325.81372,321.0289,319.12146,318.69852,305.14377,273.38107,300.3916,291.62592,294.49567,296.54733,334.60938,-83633.43,3604.7432,2514.8894,-83102.48,3100.0,1500.0,103613.234,2486.378,17253.762,85419.78,21751.36,41.13983,6258.9224,63954.11,4424.955
1475,2008-10-22,318.26852,326.88513,321.36847,320.5745,272.0855,339.21545,325.51178,288.55972,303.87534,303.29175,250.84818,319.14807,325.12314,322.95035,339.52884,325.84988,320.97852,319.02652,318.57452,304.7495,273.3707,299.83838,291.62506,294.2641,296.4934,334.60327,-85306.72,1538.0131,2602.5413,-80570.266,3100.0,1500.0,109868.01,2459.303,16031.026,86199.09,18318.191,22.557297,6472.076,63661.99,4825.252
1476,2008-10-29,318.1185,327.01083,321.3693,320.57266,272.04266,338.98215,325.44815,287.22543,299.91714,302.973,250.67911,319.08414,325.15717,322.98346,339.77933,325.90512,320.9256,318.91205,318.5409,304.58102,273.35373,299.35648,291.6167,294.06705,296.41626,334.59253,-82390.555,3750.5452,4276.1187,-78669.57,3100.0,1500.0,114847.12,2412.3374,15828.669,85096.02,20437.627,-2.5515976,6975.5776,63052.543,4920.5557
1477,2008-11-05,317.94904,327.11847,321.38956,320.5917,272.01367,338.71738,325.38184,286.19104,297.95898,302.9276,250.63937,319.0344,325.18085,323.004,339.9789,325.96814,320.87482,318.7862,318.51193,304.41678,273.33688,299.00226,291.61008,293.93213,296.3329,334.5818,-80130.266,5757.561,5497.7485,-77098.805,3100.0,1258.7661,119232.06,2375.3328,15519.123,83531.445,22292.428,-6.881233,7237.8086,62418.812,4930.2876
1478,2008-11-12,317.8182,327.23892,321.4243,320.61343,271.99274,338.42648,325.31705,285.63757,296.77448,302.88974,250.6595,318.9951,325.36322,323.0816,340.16376,326.03607,320.8253,318.68372,318.5096,304.34714,273.3201,298.7145,291.60507,293.80942,296.25098,334.57104,-80771.78,5289.749,5614.884,-76145.07,3100.0,1406.3544,123678.89,2345.5325,15419.19,84896.766,21982.893,-12.923008,7317.6143,61859.98,4877.2993
1479,2008-11-19,317.6892,327.3846,321.48962,320.66977,271.97882,338.14172,325.2558,285.2669,296.04242,302.9057,250.68283,318.9647,325.55914,323.16922,340.3973,326.1182,320.78217,318.5902,318.53198,304.26047,273.30338,298.47766,291.60147,293.72415,296.1695,334.56027,-78839.97,7594.1743,6862.521,-74802.79,3100.0,1500.0,130759.234,2319.797,15428.0625,84628.336,24404.12,-13.953209,7416.654,61288.09,4844.1353
1480,2008-11-26,317.5563,327.57108,321.57007,320.72794,271.96265,337.8711,325.19864,284.9932,295.49323,302.8725,250.6544,318.94666,325.8464,323.28967,340.7269,326.2194,320.74646,318.49963,318.53177,304.1368,273.28674,298.28537,291.59888,293.62476,296.09222,334.5495,-81436.29,6237.4463,6299.127,-75406.36,3100.0,993.4028,140513.22,2299.526,15061.846,86796.31,22809.7,-16.82645,7411.603,61007.934,4863.433
1481,2008-12-03,317.42615,327.82852,321.67532,320.80966,271.93677,337.609,325.14526,284.77005,295.1084,302.82596,250.62192,318.93378,326.2213,323.46075,341.22226,326.35486,320.71838,318.4136,318.56308,304.03275,273.27017,298.15182,291.59686,293.51868,296.01364,334.53873,-82641.836,6377.632,6496.0186,-74977.98,3100.0,656.3748,154828.9,2281.7673,14861.446,89069.22,22895.148,-19.109016,7404.451,60692.812,4881.99
1482,2008-12-10,317.31763,328.15628,321.83505,320.95352,271.92166,337.3571,325.09607,284.5836,294.78625,302.89453,250.6823,318.93735,326.62296,323.6976,341.73346,326.54797,320.7003,318.34396,318.675,304.03055,273.25394,298.11578,291.5953,293.472,295.93417,334.52814,-81935.57,9064.168,7909.897,-72972.086,3100.0,1285.4502,166404.17,2262.7224,15138.498,91076.87,26071.018,-20.940262,7469.2,60158.926,4812.8906
1483,2008-12-17,317.20993,328.51212,322.00653,321.09482,271.91083,337.11896,325.05048,284.43372,294.48883,302.88605,250.6805,318.96445,327.07477,323.93808,342.19843,326.82675,320.69806,318.28354,318.74316,303.94168,273.23795,298.4548,291.5937,293.40317,295.86224,334.51767,-86763.4,7266.9297,7085.9976,-73789.18,3100.0,1432.6473,177973.33,2248.2476,14811.097,95324.16,24053.639,-20.416718,7433.6787,59954.79,4819.1455
1484,2008-12-24,317.0953,328.87735,322.15503,321.21826,271.88367,336.8959,325.0088,284.29788,294.29346,302.8012,250.61945,318.99713,327.44955,324.1724,342.65356,327.13367,320.7096,318.22375,318.80957,303.83878,273.222,298.89212,291.59128,293.29123,295.7904,334.50723,-91016.266,5715.4204,6501.1294,-74380.484,3100.0,1500.0,188463.19,2236.7354,14511.326,99410.445,22327.06,-22.28312,7367.014,59830.355,4876.298
1485,2008-12-31,316.9805,329.25058,322.30524,321.35324,271.8505,336.69968,324.97247,284.16568,294.10703,302.76886,250.56401,319.03494,327.80078,324.41696,343.12027,327.40363,320.7329,318.1666,318.91104,303.77762,273.2061,298.7158,291.58774,293.19327,295.71365,334.49677,-92928.664,6384.862,6976.5273,-73835.9,3100.0,1500.0,199698.27,2224.0278,14472.559,102502.35,23101.502,-21.823833,7353.3115,59588.703,4919.7744
1486,2009-01-07,316.88132,329.62952,322.51147,321.55075,271.82822,336.54816,324.94034,284.04495,293.93713,302.8857,250.52156,319.0883,328.28433,324.7098,343.53665,327.68942,320.7691,318.12466,319.09448,303.81775,273.19022,298.344,291.58286,293.18292,295.63818,334.4863,-91783.03,10589.301,9039.471,-72449.04,3100.0,1384.9288,210140.72,2208.3647,14921.419,104759.484,27964.926,-21.215229,7455.014,59250.5,4939.8535
1487,2009-01-14,316.81415,329.99628,322.71188,321.73236,271.80927,336.42545,324.90933,283.95157,293.76837,302.91257,250.49626,319.166,328.68277,324.9832,343.83334,328.00677,320.82312,318.10757,319.22824,303.81863,273.17435,298.08105,291.57648,293.1513,295.57635,334.47583,-98104.1,8359.431,8099.2485,-73114.53,3100.0,917.1749,215886.22,2197.9531,14755.27,110106.34,25842.354,-20.199114,7429.8276,59166.207,4941.417
1488,2009-01-21,316.74524,330.32336,322.87576,321.8952,271.78766,336.3022,324.87772,283.86734,293.59702,302.94058,250.47867,319.24506,328.94037,325.21286,344.06946,328.33182,320.89316,318.098,319.37622,303.8183,273.15854,297.86462,291.56857,293.12576,295.51938,334.46533,-99472.734,10152.478,9027.396,-72255.3,3100.0,1101.7472,220599.38,2188.167,14907.012,112402.44,27910.773,-19.12083,7460.5557,58950.78,4945.8467
1489,2009-01-28,316.683,330.6018,323.03656,322.06363,271.77762,336.15845,324.8447,283.79575,293.43573,303.05307,250.4726,319.33362,329.12454,325.42355,344.1735,328.6375,320.9755,318.09534,319.5467,303.86813,273.14273,297.65808,291.5592,293.1549,295.46802,334.45486,-99594.62,13047.1,10053.526,-71312.89,3100.0,599.31256,220939.67,2175.8997,15233.09,113687.38,30989.42,-18.31711,7539.005,58711.51,4933.5317
1490,2009-02-04,316.65103,330.8285,323.12988,322.14648,271.7628,335.9913,324.81024,283.7416,293.3484,302.9944,250.47389,319.4254,329.28058,325.5851,344.2285,328.90878,321.06787,318.10962,319.61664,303.8486,273.12698,297.46393,291.54837,293.1066,295.4267,334.44437,-107810.234,8182.486,8201.172,-72690.81,3100.0,476.88733,220998.66,2169.9287,14848.747,118727.266,26185.604,-17.934135,7447.378,58749.715,4913.6875
1491,2009-02-11,316.65485,331.02042,323.17163,322.18207,271.7376,335.81332,324.77435,283.6768,293.23407,302.83005,250.55212,319.4904,329.41855,325.7214,344.26752,329.14322,321.16318,318.1406,319.6769,303.83664,273.11124,297.2899,291.53613,292.97775,295.37888,334.4339,-113148.82,4579.32,6885.0435,-71874.26,3100.0,237.94734,220685.6,2165.3186,14631.9375,123370.18,22600.047,-17.505537,7322.131,58481.637,4818.874
1492,2009-02-18,316.65884,331.17706,323.19946,322.2078,271.7127,335.63907,324.73703,283.59174,293.1054,302.67493,250.56288,319.53668,329.4917,325.82208,344.29416,329.34366,321.2584,318.17322,319.72226,303.7682,273.09552,297.18036,291.52246,292.81955,295.31573,334.4234,-116577.36,2325.9153,5914.749,-72025.86,3100.0,241.51102,220698.86,2157.9617,14380.219,126482.516,20080.922,-16.372492,7208.5977,58210.79,4806.9736
1493,2009-02-25,316.7345,331.34207,323.2576,322.2699,271.68896,335.67224,324.7082,283.6215,292.97513,303.72632,250.90898,319.57755,329.76575,326.0142,344.43155,329.5299,321.3522,318.2359,319.9401,304.19836,273.0935,297.44604,291.52637,292.74493,295.2406,334.4129,-119736.37,1025.2502,5686.3984,-72380.695,3100.0,1500.0,224157.53,2150.054,15538.978,133001.62,20458.783,-34.51468,7161.182,58058.34,4567.8657
1494,2009-03-04,316.84933,331.53653,323.44656,322.4718,271.69025,335.60272,324.68976,283.58264,292.85376,303.31516,250.71144,319.64478,330.10294,326.20746,344.54837,329.71402,321.4597,318.344,320.1202,304.1675,273.08807,297.35928,291.52386,292.81973,295.17178,334.4026,-111723.96,10878.479,10414.926,-69005.69,3100.0,1200.1393,225116.33,2145.5947,16620.21,130131.98,31274.738,-28.399174,7338.7935,57491.82,4672.0195
1495,2009-03-11,316.99838,331.72385,323.64084,322.6614,271.70737,335.43283,324.6562,283.50037,292.75262,303.21402,250.62962,319.74988,330.3941,326.41522,344.5995,329.90698,321.58047,318.47424,320.31323,304.3515,273.07272,297.16104,291.50568,292.91653,295.12848,334.39246,-115304.94,11184.652,10606.708,-69247.05,3100.0,581.4073,224536.1,2131.6924,17284.992,133674.94,32162.668,-21.39606,7468.6226,57347.9,4674.6196
1496,2009-03-18,317.13956,331.88632,323.80707,322.83615,271.72025,335.3264,324.6194,283.46378,292.66837,303.31168,250.57722,319.8658,330.53964,326.58295,344.58444,330.09735,321.7149,318.6097,320.5013,304.48758,273.0574,296.98715,291.48578,293.02524,295.10663,334.3823,-115594.45,14083.691,11587.333,-69110.23,3100.0,353.15833,222544.36,2115.6086,17905.271,134632.2,35311.027,-18.794226,7586.9575,57331.53,4695.9414
1497,2009-03-25,317.32645,332.02164,323.9615,323.00208,271.7375,335.2591,324.58087,283.45782,292.5995,303.4719,250.57242,319.99155,330.71664,326.7571,344.48404,330.2756,321.85773,318.76886,320.7169,304.7463,273.04208,296.83444,291.46436,293.17194,295.10263,334.37213,-116115.48,16280.077,12450.243,-68599.63,3100.0,259.59015,216756.78,2099.8481,18787.77,136680.36,38332.812,-15.569458,7718.5474,57335.285,4648.591
1498,2009-04-01,317.55878,332.1306,324.06003,323.10034,271.74808,335.2241,324.54126,283.47485,292.54102,303.49826,250.56367,320.11856,330.8599,326.89255,344.36295,330.43863,322.00992,318.9606,320.8512,304.93692,273.0268,296.69693,291.4415,293.25717,295.11563,334.36197,-122820.25,12978.851,11247.881,-70174.336,3100.0,169.10759,211431.83,2090.5786,19226.506,141408.69,35592.3,-12.911327,7720.398,57625.32,4617.8677
1499,2009-04-08,317.78848,332.22046,324.22113,323.29297,271.77072,335.22818,324.5011,283.58945,292.49057,303.76083,250.5674,320.23935,330.97754,327.04462,344.2777,330.57834,322.16663,319.1576,321.1266,305.23175,273.01154,296.5869,291.41736,293.45938,295.13443,334.3518,-113943.61,22448.656,13835.678,-67128.59,3100.0,182.0585,207987.69,2071.3088,20568.29,138715.34,44880.85,-8.468754,7900.216,57430.1,4576.344
1500,2009-04-15,317.9838,332.30862,324.17212,323.1958,271.76416,335.26202,324.46075,283.9144,292.44485,303.37878,250.58833,320.36044,331.06448,327.07434,344.3365,330.69806,322.32825,319.33044,320.96643,305.066,272.9963,296.49875,291.392,293.33307,295.17178,334.34164,-141930.88,531.71484,6212.761,-74676.1,3100.0,288.40375,210708.0,2078.5803,18873.514,151932.05,23099.32,-8.86615,7378.509,58386.414,4563.171
1501,2009-04-22,318.1655,332.40646,324.1715,323.2148,271.72308,335.30545,324.42053,284.46478,292.38675,303.3653,250.53712,320.39157,331.18326,327.17224,344.35565,330.80783,322.46338,319.47623,321.12234,305.2742,272.9811,296.4034,291.36548,293.26984,295.1713,334.33148,-131862.9,8717.199,10287.108,-70747.3,3100.0,173.1493,209516.28,2067.6558,20246.729,150926.45,32309.102,-0.8484802,7222.618,58185.992,4572.4136
1502,2009-04-29,318.36905,332.53485,324.33234,323.39603,271.7336,335.42627,324.38425,285.60217,292.33743,304.16034,250.65306,320.46548,331.45853,327.36887,344.5653,330.9305,322.59525,319.65222,321.4029,305.6317,272.9707,296.5746,291.34445,293.4507,295.16452,334.32135,-127069.375,15080.567,12161.062,-69283.53,3100.0,1375.8458,215958.19,2041.439,21764.166,151758.14,39541.457,-6.9828568,7033.349,58073.55,4467.877
1503,2009-05-06,318.5608,332.71454,324.501,323.55136,271.7547,335.64044,324.35928,286.8697,292.2966,304.2448,250.79529,320.58145,331.7246,327.54144,344.73712,331.07703,322.744,319.82928,321.5193,305.7678,272.96735,296.7983,291.33215,293.59253,295.1872,334.3112,-133583.1,12784.221,11059.928,-71321.64,3100.0,1099.0962,219111.25,2042.9547,22101.96,155787.78,37333.785,-11.788258,6613.979,58406.145,4379.237
1504,2009-05-13,318.7337,332.87506,324.6598,323.7219,271.77887,335.8657,324.35437,287.85327,292.26056,304.3767,250.99127,320.69482,331.86932,327.7076,344.73047,331.25607,322.89713,319.99426,321.7203,305.96265,272.96713,297.0822,291.32312,293.7617,295.22678,334.30447,-130748.21,17461.393,12014.09,-69804.18,3100.0,1112.3079,215904.38,2045.9814,22934.943,155936.6,41685.848,-13.460373,6462.186,58434.887,4261.0176
1505,2009-05-20,319.26337,333.22046,325.03635,324.15707,271.91122,338.1064,324.82443,290.0876,322.82266,311.25763,256.43967,320.87155,332.408,328.40176,345.0927,331.6657,323.13885,320.40118,322.7686,308.90506,273.10532,301.06067,291.50558,294.54056,295.34528,334.3995,-136307.94,16407.344,1429.784,-87844.49,255.4448,255.4448,224983.5,2185.115,31641.3,175006.36,49802.94,-25.150955,5594.667,58479.953,-300.86597
1506,2009-05-27,319.54282,333.561,325.50418,324.62378,272.0834,339.16684,325.2742,291.62024,327.25278,308.00284,252.8991,321.17636,332.67783,328.5451,345.06616,332.02814,323.48364,320.75095,322.7345,307.00983,273.2101,301.05194,291.64148,295.0381,295.57706,334.4742,-125735.29,32118.787,5796.5693,-76891.08,3100.0,1500.0,217249.0,2344.2363,26107.227,159326.75,54161.797,140.42741,5363.3774,59744.83,3065.7468
1507,2009-06-03,319.60193,333.64493,325.5702,324.67084,272.14798,338.6704,325.31866,291.7935,312.60516,305.77332,251.30618,321.4199,332.5936,328.5421,344.8276,332.16943,323.70758,320.86356,322.66626,306.76785,273.20285,300.13046,291.6209,295.124,295.77975,334.471,-136849.12,27172.93,7030.042,-76338.53,3100.0,1500.0,208787.58,2427.8984,24990.188,160567.36,47996.312,108.49672,5681.6396,60975.637,4335.4834
1508,2009-06-10,319.69455,333.6398,325.37918,324.45657,272.12253,338.31296,325.27536,291.86972,305.28754,304.78735,250.9601,321.5422,332.44568,328.46115,344.62546,332.22897,323.86624,320.96216,322.4682,306.67343,273.187,299.59897,291.58856,294.99094,295.93817,334.46188,-156650.7,12038.729,5807.135,-80753.13,3100.0,1500.0,203458.17,2401.5732,24111.39,169380.47,35558.953,62.674355,5580.7197,62275.965,4532.567
1509,2009-06-17,319.8485,333.60782,325.4121,324.54623,272.12656,338.30304,325.2533,292.07965,306.2462,305.53394,251.39034,321.5968,332.3176,328.5138,344.35733,332.2609,323.9908,321.09595,322.7445,307.13907,273.18338,299.49435,291.5739,295.1259,296.04675,334.46124,-135526.8,26731.229,8005.9087,-75658.695,3100.0,1500.0,194460.05,2356.074,25979.936,161791.36,48607.26,53.60239,5822.95,61793.188,4074.1523
1510,2009-06-24,319.97092,333.51285,325.5072,324.67084,272.19217,338.27274,325.2199,292.2845,303.17136,305.3166,250.92123,321.72397,332.08118,328.47223,343.88275,332.24518,324.12228,321.22363,322.83154,307.0717,273.17575,298.98148,291.55493,295.35233,296.1646,334.45782,-131030.95,31628.18,8966.568,-73947.69,3100.0,1500.0,178910.97,2318.3647,25710.285,155752.38,51218.74,44.226124,5984.1333,62056.24,4543.334
1511,2009-07-01,320.07718,333.311,325.4701,324.66116,272.24466,338.13025,325.14978,292.47195,299.65836,305.21265,250.75827,321.84216,331.69003,328.34302,343.2949,332.1567,324.23462,321.32907,322.85468,307.17087,273.1593,298.56857,291.5251,295.5266,296.2916,334.44815,-130413.21,32201.607,8826.68,-74634.25,3100.0,1397.2714,162302.97,2284.134,25806.771,151710.34,51196.27,23.785404,6094.5605,62474.203,4614.245
1512,2009-07-08,320.24414,333.0573,325.37534,324.5993,272.30112,338.22656,325.13184,292.74905,303.69263,306.08798,251.41286,321.93805,331.17142,328.2086,342.6942,332.03714,324.332,321.4671,322.90616,307.54678,273.15768,298.6765,291.51764,295.71872,296.42987,334.44873,-131634.83,30273.219,6738.07,-79107.43,3100.0,1272.4993,145697.12,2283.0374,26707.328,149918.95,50386.848,30.368706,6062.149,62919.6,3991.2197
1513,2009-07-15,320.34763,332.7361,325.22195,324.47296,272.3398,338.23825,325.11844,292.91104,301.7865,305.5923,250.93066,322.00214,330.6144,327.93918,342.07538,331.8419,324.41098,321.557,322.78476,307.34793,273.1531,298.36343,291.50793,295.84988,296.56686,334.44717,-128542.61,31292.086,7289.2744,-77536.2,3100.0,916.6099,130477.43,2284.0586,25882.19,143284.3,49579.797,29.19366,6095.061,63615.914,4516.6367
1514,2009-07-22,320.43768,332.35904,324.88547,324.13306,272.33243,338.1613,325.08258,293.055,300.82916,305.29602,250.97414,322.0016,330.05185,327.60773,341.58673,331.58597,324.44476,321.61417,322.4988,307.31482,273.1432,298.3813,291.49265,295.807,296.6859,334.44183,-141941.5,19578.377,4819.777,-83269.7,3100.0,830.73413,121164.84,2290.0784,25355.73,146103.88,39946.6,15.125027,5907.8843,64681.594,4421.492
1515,2009-07-29,320.65744,332.0559,324.6985,323.97858,272.3537,338.65753,325.1844,293.52637,314.83478,307.2588,252.59172,321.95358,329.75653,327.49423,341.24008,331.3747,324.4585,321.75345,322.59808,308.0509,273.17087,299.329,291.53143,295.931,296.79645,334.46265,-136594.77,19730.52,1595.7972,-88103.97,3100.0,1304.2682,114536.484,2346.2612,27654.018,146261.9,42786.117,61.721863,5685.2456,64597.7,2862.532
1516,2009-08-05,320.9227,331.83966,324.62552,323.92264,272.43777,339.64728,325.45578,294.1897,334.14066,308.6354,253.5999,321.95767,329.53268,327.40628,341.0057,331.2313,324.50394,321.94366,322.6363,308.40738,273.2371,300.53757,291.62567,296.15558,296.94052,334.51053,-138609.42,17189.627,-2482.9648,-94365.06,3100.0,1500.0,109119.74,2452.8215,28566.205,146830.88,41393.906,159.99217,5282.797,65095.78,2003.7074
1517,2009-08-12,320.99353,331.58688,324.47272,323.7705,272.47714,340.10788,325.6606,294.4807,331.11777,307.18796,252.39581,321.943,329.13718,327.11343,340.77277,331.0186,324.5367,321.99918,322.3722,307.78543,273.2782,300.60263,291.68686,296.21115,297.08054,334.54114,-135905.05,18197.85,-601.82043,-89066.81,3100.0,1500.0,103517.5,2579.1223,26350.309,140162.78,38931.375,147.90395,5174.5537,66112.375,3487.85
1518,2009-08-19,321.06342,331.32703,324.32306,323.6287,272.50583,340.3568,325.78973,294.65707,329.9515,307.36798,252.64552,321.8891,328.9959,326.96542,340.64362,330.78326,324.52008,322.03394,322.32584,308.0434,273.30652,300.94275,291.7318,296.27243,297.19595,334.56287,-132608.05,18097.344,-1284.0903,-90841.62,3100.0,1500.0,104664.5,2622.595,27003.39,138829.31,39479.336,122.66023,5170.835,66390.29,3156.477
1519,2009-08-26,321.0796,331.11234,324.14774,323.4303,272.51154,340.5108,325.88632,294.69412,326.6788,306.41473,252.06964,321.8288,328.82642,326.73145,340.64886,330.5674,324.49088,322.0307,322.0385,307.64508,273.32886,301.36703,291.7702,296.2172,297.30096,334.58054,-138158.9,12780.682,-933.3744,-90655.664,3100.0,1500.0,107762.84,2660.973,25457.396,138459.5,33403.582,101.921555,5086.424,67237.15,3835.5684
1520,2009-09-02,321.33105,331.0992,324.04324,323.2984,272.54562,341.56274,326.16974,295.05713,350.80338,309.50397,254.6723,321.76263,329.2517,326.9076,341.02985,330.50793,324.46716,322.1827,322.19916,308.8296,273.4066,303.3667,291.88748,296.2695,297.41833,334.63684,-154123.48,-2055.2354,-9658.124,-108170.08,3100.0,1500.0,124064.5,2740.526,28861.486,154837.25,26879.336,191.45961,4586.246,67484.08,985.53
1521,2009-09-09,321.28113,331.1324,323.89346,323.09756,272.49796,342.10904,326.4117,294.87363,342.60468,306.1987,252.15819,321.68097,329.1158,326.6244,341.37433,330.4153,324.46524,322.1467,321.63373,307.2135,273.45612,302.51767,291.96814,295.98944,297.51086,334.6739,-156940.73,-6119.299,-5602.2344,-96171.4,3100.0,1500.0,129505.36,2921.395,23063.742,150407.0,16070.44,137.5513,4347.278,69014.81,4144.488
1522,2009-09-16,321.10324,331.0336,323.6454,322.83746,272.39276,341.70767,326.3657,294.1006,320.9335,304.19296,251.12437,321.4996,328.99597,326.42624,341.55936,330.22427,324.36838,321.9819,321.36868,306.84894,273.44254,301.5202,291.96326,295.59262,297.49936,334.66684,-149090.27,-4526.6074,-1596.2592,-89001.04,3100.0,1500.0,135790.05,2877.702,22034.725,147338.12,16395.91,57.477722,4822.6445,68613.984,4910.72
1523,2009-09-23,320.9685,330.94653,323.54156,322.73553,272.33032,341.21567,326.25787,293.25592,310.07495,303.69284,250.87805,321.33044,328.90814,326.31735,341.67023,330.0602,324.24902,321.8498,321.26154,306.69238,273.4242,300.84933,291.95428,295.35727,297.4434,334.6563,-140654.14,-55.75354,1628.5326,-85033.914,3100.0,1500.0,139084.34,2755.6194,22017.674,143467.73,20681.107,11.684616,5362.067,67740.234,5024.7344
1524,2009-09-30,320.845,330.85532,323.58228,322.80505,272.32236,340.73938,326.14026,292.19318,304.61697,303.86127,250.82161,321.21313,328.78293,326.26028,341.66367,329.9248,324.13968,321.73682,321.32242,306.6759,273.40604,300.363,291.94843,295.3609,297.38394,334.6458,-124256.29,12752.7705,5864.7124,-79902.13,3100.0,1500.0,138282.23,2652.4307,22700.271,134427.94,32499.693,1.8233337,6133.034,66592.97,5012.376
1525,2009-10-07,320.74353,330.75418,323.6021,322.82584,272.33878,340.3013,326.0286,291.06833,301.37158,303.972,250.80435,321.15787,328.67593,326.18994,341.614,329.8064,324.05002,321.64734,321.27646,306.593,273.38806,299.9943,291.94586,295.38498,297.35388,334.63528,-124714.74,12641.573,5820.3657,-80712.35,3100.0,1474.3684,137477.17,2584.7239,22417.52,132198.31,32209.24,-7.626335,6639.5786,66224.94,4993.9976
1526,2009-10-14,320.67584,330.6562,323.6006,322.8315,272.34338,339.91385,325.92828,290.18353,299.20715,304.025,250.77159,321.11127,328.6006,326.1332,341.558,329.6991,323.97137,321.58054,321.26605,306.58398,273.3703,299.72778,291.9464,295.4033,297.33795,334.62476,-120964.52,15216.45,6332.3306,-80089.92,3100.0,1311.8735,136454.5,2536.936,22476.408,129346.78,34295.5,-20.860176,6985.339,65951.34,4989.0654
1527,2009-10-21,320.60336,330.55295,323.48184,322.6918,272.32123,339.58328,325.83978,289.38007,297.73233,303.78568,250.76465,321.06155,328.41995,325.99887,341.50705,329.59555,323.90082,321.5087,321.05948,306.37213,273.3527,299.54724,291.94965,295.27658,297.3262,334.61423,-131488.78,5709.8833,4351.9253,-83018.31,3100.0,1500.0,136152.08,2510.8684,21351.432,132240.02,25629.578,-29.953476,7121.2285,66165.51,4987.264
1528,2009-10-28,320.50516,330.42648,323.42432,322.66635,272.30063,339.2938,325.76178,288.15958,296.76834,303.85266,250.73894,320.98108,328.1515,325.88742,341.42673,329.47968,323.8221,321.4187,321.06882,306.3357,273.33524,299.39874,291.955,295.26163,297.2936,334.6037,-116701.33,16085.443,7142.4175,-78714.26,3100.0,1500.0,134082.81,2473.5278,21701.982,123955.766,34673.426,-35.741753,7754.8657,65530.055,4996.6836
1529,2009-11-04,320.38083,330.28223,323.3782,322.62628,272.3082,339.02475,325.69266,287.07272,296.13504,303.9559,250.73642,320.9347,327.93066,325.75046,341.3526,329.34717,323.74463,321.3131,320.97708,306.20853,273.31796,299.23856,291.96176,295.28143,297.2699,334.59317,-115486.83,16534.955,6997.772,-79231.7,3100.0,1500.0,133506.19,2440.9648,21128.695,120169.08,34540.91,-34.785904,8097.6035,65308.21,4993.797
1530,2009-11-11,320.28345,330.14206,323.23138,322.45908,272.28958,338.7663,325.63104,286.5446,295.61282,303.73663,250.76193,320.8742,327.79852,325.6032,341.28586,329.20792,323.65903,321.21713,320.7751,306.05798,273.3008,299.05197,291.96924,295.16055,297.25,334.58264,-123450.76,8263.651,5252.4453,-81357.06,3100.0,1049.0309,132558.47,2427.5986,20260.467,122688.734,27143.547,-38.772865,8042.8706,65432.95,4952.7007
1531,2009-11-18,320.17816,329.9827,323.28052,322.56772,272.31152,338.53287,325.57547,286.19818,295.2915,304.13583,250.79869,320.80392,327.58344,325.52863,341.10516,329.06747,323.56598,321.12155,320.95712,306.2031,273.2838,298.8555,291.97684,295.3028,297.21466,334.5721,-94884.95,29166.107,9433.019,-73119.91,3100.0,792.1856,127023.9,2388.0781,21378.613,108469.26,44703.086,-28.094944,8472.514,64248.52,4890.8105
1532,2009-11-25,320.0673,329.8214,323.1025,322.3242,272.3129,338.31732,325.52496,285.98935,295.02182,303.76758,250.76129,320.78357,327.44562,325.32782,341.05966,328.91672,323.48367,321.02338,320.5434,305.81793,273.26697,298.67636,291.98407,295.1401,297.2084,334.56158,-126461.09,3946.327,3535.2214,-84457.3,3100.0,668.4131,130882.76,2388.542,19060.088,119099.39,22295.996,-35.82675,8103.6357,65350.633,4947.6963
1533,2009-12-02,319.93808,329.7026,322.83102,322.03262,272.2241,338.10477,325.47836,285.7702,294.73242,303.19464,250.72517,320.65167,327.2954,325.14005,341.18155,328.76407,323.37625,320.892,320.2723,305.53214,273.25027,298.5155,291.99054,294.79025,297.15942,334.55106,-126437.97,-1209.3494,2330.4226,-82860.84,3100.0,493.09772,136912.28,2392.8577,17895.555,120222.86,16621.477,-39.35053,7843.1567,65316.67,4974.991
1534,2009-12-09,319.81442,329.65024,322.70908,321.90732,272.16675,337.8929,325.43475,285.52924,294.47357,303.0584,250.78268,320.5006,327.3484,325.0686,341.4282,328.63553,323.25272,320.76385,320.16614,305.4066,273.23398,298.42584,291.9963,294.5599,297.06384,334.54074,-119526.11,1824.3447,4177.0933,-79342.625,3100.0,402.4413,146274.1,2374.9832,17933.172,118315.49,19836.973,-40.338318,7831.092,64523.266,4906.491
1535,2009-12-16,319.68198,329.69672,322.69016,321.8575,272.13098,337.68408,325.39328,285.3092,294.29214,302.9587,250.77115,320.3772,327.63965,325.07724,341.86038,328.55298,323.13297,320.63672,320.05478,305.19867,273.21805,298.32956,292.00107,294.35486,296.95703,334.53055,-120142.0,-211.54883,3432.4805,-79603.72,3100.0,609.7863,161423.19,2357.5125,17262.066,119905.516,17411.18,-38.75636,7746.248,64049.56,4919.3413
1536,2009-12-23,319.53702,329.81476,322.71686,321.8643,272.0901,337.47604,325.35312,285.1037,294.11832,302.86832,250.71078,320.27173,327.81165,325.12192,342.2411,328.5379,323.0206,320.50696,319.99637,305.0246,273.20224,298.18375,292.0044,294.1633,296.84332,334.52036,-118824.445,280.02686,3876.0654,-79073.0,3100.0,327.9953,169938.66,2342.0537,16903.545,120344.59,17784.328,-38.491055,7693.79,63580.188,4968.3833
1537,2009-12-30,319.38947,329.94388,322.74872,321.88257,272.05038,337.26547,325.31403,284.91376,293.94028,302.82236,250.66127,320.18802,327.9504,325.17233,342.5314,328.57608,322.91888,320.3794,319.95624,304.86807,273.18655,298.0446,292.00616,293.99863,296.72656,334.51016,-118092.66,672.17236,4190.674,-78377.4,3100.0,248.37761,176901.6,2327.226,16563.516,120624.2,18070.602,-36.808876,7653.844,63110.402,4999.713
1538,2010-01-06,319.27148,330.10504,322.8229,321.94867,272.01468,337.05176,325.27576,284.74136,293.78748,302.87115,250.58542,320.12476,328.20822,325.2898,342.8929,328.64877,322.82968,320.2772,319.99213,304.82178,273.17102,297.94693,292.00632,293.89642,296.6112,334.49997,-115903.67,3311.0293,5548.3667,-77605.375,3100.0,419.3905,187107.75,2311.4219,16812.447,121002.78,21121.377,-41.769455,7673.65,62689.547,5045.3784
1539,2010-01-13,319.15894,330.328,322.92105,322.01474,271.98123,336.84222,325.23813,284.5935,293.62552,302.8182,250.59834,320.0859,328.62274,325.43668,343.3301,328.76523,322.75903,320.18118,319.98682,304.6912,273.15564,297.91626,292.00476,293.76352,296.5049,334.48978,-119607.39,741.5364,4443.2925,-77095.32,3100.0,1500.0,199825.39,2300.3748,16232.178,124784.07,18288.09,-33.774143,7595.517,62285.938,5009.274
1540,2010-01-20,319.0566,330.5804,323.02954,322.10394,271.9482,336.64212,325.20087,284.45026,293.46356,302.75644,250.5854,320.05408,328.93628,325.60437,343.64346,328.92926,322.70178,320.09824,320.03223,304.62967,273.14035,297.86465,292.00153,293.6217,296.3976,334.4796,-120635.09,875.3779,4763.122,-76449.67,3100.0,435.94855,206011.73,2289.78,16224.255,127632.836,18624.85,-30.378944,7551.291,61838.69,5002.0034
1541,2010-01-27,318.94897,330.79117,323.19858,322.29416,271.93967,336.455,325.1637,284.31876,293.3689,303.04086,250.57158,320.0515,329.0769,325.76703,343.7589,329.1144,322.6624,320.02432,320.21347,304.70776,273.12524,297.75452,291.99655,293.67297,296.29248,334.46942,-110967.54,11772.388,9355.704,-73091.25,3100.0,428.73428,206606.67,2269.0327,17351.008,123563.11,30257.43,-27.148216,7795.393,61130.35,4994.876
1542,2010-02-03,318.84937,330.94946,323.35138,322.4493,271.9521,336.27408,325.12656,284.24155,293.27673,303.28357,250.56415,320.09964,329.17328,325.89288,343.7837,329.28656,322.64532,319.96387,320.31924,304.7216,273.11023,297.62234,291.98978,293.7762,296.21912,334.45923,-112107.5,13479.039,9601.472,-73518.32,3100.0,204.78778,205664.11,2252.3948,17447.05,123412.81,31984.379,-26.307728,7900.323,60943.023,4984.5337
1543,2010-02-10,318.77542,331.06604,323.4229,322.5167,271.95114,336.09406,325.08945,284.19803,293.17188,303.30676,250.56482,320.1509,329.23575,325.9762,343.75574,329.43298,322.64203,319.91855,320.36057,304.7195,273.09537,297.4942,291.98117,293.80124,296.1707,334.44904,-116260.85,11428.46,8760.736,-74361.11,3100.0,89.794106,203467.2,2244.738,17264.686,125367.21,30024.129,-25.753946,7875.404,60959.613,4962.0874
1544,2010-02-17,318.73254,331.1405,323.52048,322.63666,271.96405,335.9208,325.05215,284.16052,293.0677,303.4912,250.64658,320.19635,329.25024,326.06384,343.63068,329.5513,322.6456,319.89493,320.51514,304.8603,273.08066,297.37933,291.97076,293.908,296.12955,334.43887,-109322.05,18499.447,10918.993,-71080.914,3100.0,74.88752,197933.31,2229.8794,18051.365,122491.11,37098.766,-23.982635,8033.265,60475.34,4853.2896
1545,2010-02-24,318.69183,331.16898,323.59354,322.7187,271.9938,335.76236,325.0145,284.15033,292.9741,303.63956,250.65793,320.2639,329.19693,326.10007,343.50644,329.6353,322.66074,319.87988,320.57913,304.89343,273.06607,297.27072,291.9585,294.02325,296.10828,334.42868,-110823.414,18920.432,10595.215,-72420.914,3090.934,37.59932,194224.6,2217.2805,18078.88,121857.71,37333.195,-23.787943,8093.6235,60506.844,4838.7524
1546,2010-03-03,318.68787,331.18295,323.53412,322.63635,271.9826,335.61563,324.97638,284.14917,292.88422,303.4108,250.62646,320.3074,329.22125,326.09506,343.42596,329.68988,322.67712,319.87637,320.4841,304.85068,273.0516,297.16162,291.94437,293.943,296.09753,334.4185,-123569.81,8092.552,7309.823,-76296.414,2945.644,0.0,191782.53,2219.4146,17339.762,128315.39,27139.807,-23.511778,7882.0234,61023.45,4843.2715
1547,2010-03-10,318.72754,331.19815,323.50977,322.62048,271.95404,335.49268,324.93848,284.11304,292.7941,303.3427,250.63397,320.30325,329.2821,326.13068,343.35233,329.7308,322.6858,319.89658,320.54504,304.97925,273.0376,297.06613,291.92877,293.88495,296.06543,334.4085,-119287.77,10968.297,8827.258,-73985.71,2881.0452,0.0,189050.33,2211.4622,18065.271,128536.91,30605.46,-22.03188,7900.9463,60819.258,4796.3086
1548,2010-03-17,318.79883,331.21448,323.5253,322.63425,271.94336,335.406,324.90027,284.07104,292.7112,303.34555,250.65466,320.31122,329.34512,326.17346,343.25342,329.76935,322.7,319.94345,320.58524,305.06415,273.0239,296.97443,291.91168,293.8551,296.0275,334.39865,-121534.76,9290.325,8430.686,-74073.24,2872.769,0.0,185324.1,2199.7556,18377.71,130888.62,29452.297,-22.018055,7885.611,60705.113,4743.344
1549,2010-03-24,318.8493,331.2288,323.55518,322.66986,271.93542,335.35623,324.86108,284.02924,292.6332,303.384,250.62961,320.3231,329.39835,326.20673,343.26624,329.79956,322.72153,319.98334,320.64072,305.10806,273.01035,296.8975,291.8928,293.85373,295.9897,334.3888,-119713.76,11348.79,9249.482,-73623.016,3100.0,141.85852,186997.75,2186.7158,18741.732,130473.0,31657.219,-21.873734,7927.463,60578.438,4750.9463
1550,2010-03-31,318.9358,331.2855,323.6004,322.70743,271.92743,335.3276,324.82138,283.997,292.5599,303.74915,250.63155,320.34448,329.61337,326.30902,343.32602,329.83905,322.7478,320.04434,320.73584,305.2652,272.99692,296.83432,291.8722,293.8535,295.95728,334.37897,-123769.914,8608.005,8382.508,-74139.26,2914.9539,0.0,187595.9,2169.2012,19148.934,135214.58,29897.572,-26.927784,7964.031,60637.594,4705.7144
1551,2010-04-07,319.07874,331.375,323.69476,322.80624,271.926,335.47723,324.79025,284.0698,292.4903,304.14954,250.91089,320.37436,329.8379,326.4416,343.36322,329.9137,322.78635,320.14575,320.89606,305.63742,272.99417,296.97366,291.86465,293.91434,295.92923,334.3691,-122146.2,10977.945,9384.028,-73562.984,3100.0,171.9759,187079.61,2164.4045,20450.797,137315.4,33274.508,-33.126064,7927.78,60506.145,4489.462
1552,2010-04-14,319.22958,331.47864,323.7691,322.87286,271.93094,335.7953,324.8046,284.3738,292.42804,304.30963,251.34666,320.42197,329.98236,326.55072,343.355,330.0224,322.84784,320.26373,320.97507,305.8162,273.00424,297.23096,291.87314,293.95834,295.9202,334.36676,-127611.11,7876.2734,8108.9956,-75289.414,2954.15,0.0,185286.25,2181.0725,20920.826,141427.83,30530.129,-40.30297,7694.312,60670.48,4251.788
1553,2010-04-21,319.33994,331.55997,323.84433,322.96014,271.94113,336.0628,324.84183,284.8695,292.37415,304.36942,251.41908,320.46683,330.02783,326.6341,343.28088,330.1321,322.92285,320.3629,321.0928,305.87534,273.01416,297.31894,291.87967,294.0388,295.92163,334.37067,-124422.33,11656.539,9273.275,-73648.96,2933.46,0.0,181896.52,2192.477,21362.633,140733.3,34305.94,-45.125114,7615.5117,60566.84,4214.8706
1554,2010-04-28,319.54953,331.7115,323.98633,323.12314,271.97964,336.98856,325.03406,286.10965,299.5538,306.46658,253.40419,320.53677,330.3782,326.90604,343.47202,330.3061,323.02817,320.5215,321.5021,307.04895,273.07138,298.63983,291.95038,294.35144,295.9565,334.4101,-124407.16,13735.686,8218.936,-77692.05,3100.0,1012.43805,188641.77,2256.562,24692.33,147462.31,38253.117,-93.71658,7148.1987,61031.566,2901.351
1555,2010-05-05,319.77646,332.0084,324.09143,323.164,271.99115,338.00122,325.32297,288.0459,312.86243,307.32812,253.50844,320.62656,330.9984,327.1678,343.97614,330.53275,323.18433,320.72888,321.4804,306.8969,273.15445,299.37656,292.0561,294.39587,296.04694,334.46796,-151878.98,-7216.452,-1978.2014,-88195.96,3100.0,564.63196,203317.14,2354.1736,23244.492,164652.97,20377.28,-25.878845,6012.9424,62173.676,2910.797
1556,2010-05-12,319.8564,332.2829,324.17825,323.23737,271.96182,338.0357,325.44714,289.22623,309.70486,304.96875,251.73407,320.65442,331.25983,327.25714,344.327,330.7252,323.3105,320.83252,321.3995,306.12357,273.1838,298.77252,292.08627,294.25693,296.0973,334.48874,-144092.84,688.93286,3265.4204,-80105.51,3100.0,339.7728,210088.39,2417.3538,21625.168,160507.14,24494.402,64.72774,5741.443,62244.785,4161.9434
1557,2010-05-19,319.9434,332.51288,324.25082,323.2956,271.95743,337.86282,325.46658,289.84198,308.89114,304.69727,251.77094,320.68384,331.5259,327.43994,344.53677,330.93066,323.3959,320.9129,321.49316,306.32486,273.1896,298.64813,292.0831,294.13327,296.10464,334.4932,-149892.77,-3051.9155,2134.9219,-81613.55,3100.0,615.7837,214739.69,2439.0503,22191.88,166825.36,21725.178,68.200005,5593.883,62002.84,3870.6978
1558,2010-05-26,320.00366,332.72147,324.3403,323.37863,271.9509,337.73212,325.45532,290.3241,306.25388,304.01984,251.3206,320.72028,331.69354,327.56345,344.64066,331.14215,323.48334,320.98175,321.53528,306.1185,273.19125,298.63397,292.0741,294.0226,296.09494,334.4948,-149923.72,-1524.749,3843.9106,-78190.45,3100.0,430.12497,215570.56,2435.5925,21862.348,168080.4,22424.076,64.37712,5473.7256,61815.832,4297.0283
1559,2010-06-02,320.16388,332.92142,324.53156,323.599,271.99146,337.98654,325.5017,290.9302,313.99316,305.7655,252.40977,320.78296,331.88364,327.83847,344.63666,331.3773,323.58447,321.11996,321.9185,306.87125,273.21222,299.26492,292.0921,294.1803,296.08466,334.5099,-145472.67,4885.646,4561.121,-81899.11,3100.0,1500.0,212075.03,2450.2742,24833.502,170452.8,32427.484,85.167244,5451.86,61236.89,3181.269
1560,2010-06-09,320.32755,333.09204,324.8892,324.01248,272.10135,338.46136,325.62054,291.56012,321.17676,306.6029,252.53732,320.94278,331.9815,328.0752,344.45822,331.60416,323.73453,321.2942,322.34766,307.13956,273.24866,299.49622,292.13196,294.62994,296.1282,334.53583,-127913.945,23198.727,6916.9673,-77253.89,3100.0,1500.0,202374.38,2478.6865,26301.19,161591.97,47810.848,126.188576,5621.74,60809.695,3186.1147
1561,2010-06-16,320.41235,333.14575,325.09625,324.2333,272.20566,338.594,325.6721,291.9416,316.20328,306.03082,251.78137,321.16547,331.88138,328.1359,344.0851,331.75385,323.90143,321.4187,322.4627,306.99234,273.26434,299.44217,292.14334,294.9606,296.23355,334.54727,-131737.17,24432.414,6909.306,-77311.17,3100.0,1334.9071,188450.38,2500.2185,25589.428,158803.55,46818.305,109.42582,5703.2153,61588.297,3991.8618
1562,2010-06-23,320.55478,333.11832,325.20462,324.37772,272.29254,338.7993,325.72205,292.40033,318.61215,306.80844,252.27002,321.36118,331.73074,328.20905,343.71356,331.8591,324.0561,321.5676,322.71106,307.50934,273.28317,300.2785,292.1594,295.29013,296.37042,334.56085,-129525.93,27490.523,5436.6836,-80364.68,3100.0,1500.0,176808.31,2517.535,27038.852,156895.64,49975.797,108.15468,5731.5884,61999.133,3442.082
1563,2010-06-30,320.66367,333.03134,325.27652,324.4721,272.3735,338.96414,325.7726,292.83096,316.83517,306.50558,251.80269,321.54916,331.48352,328.16388,343.2314,331.88156,324.2085,321.6938,322.7795,307.44104,273.29993,300.15588,292.173,295.57812,296.52762,334.57294,-127824.29,30442.355,5768.241,-79085.76,3100.0,1500.0,162043.9,2533.2104,26601.73,152097.48,50709.277,97.490036,5743.275,62809.137,3991.9004
1564,2010-07-07,320.7009,332.81458,325.20746,324.43066,272.4209,338.84286,325.73914,293.06186,308.6874,305.66064,251.10196,321.68634,330.9417,327.9792,342.63428,331.7685,324.32245,321.75375,322.72528,307.30618,273.29486,299.48633,292.1568,295.7545,296.67758,334.56973,-126069.38,31640.71,6871.1094,-77275.13,3100.0,1500.0,145176.98,2518.8132,25855.207,146065.1,50005.09,60.673172,5869.1733,63594.254,4615.1763
1565,2010-07-14,320.73523,332.49802,325.0499,324.30093,272.4495,338.6688,325.66345,293.15103,303.26654,305.4033,250.91371,321.76834,330.35812,327.74115,341.99515,331.58023,324.39093,321.79337,322.6496,307.36166,273.282,299.04758,292.13028,295.88098,296.8128,334.56094,-125229.78,30901.906,6875.2896,-78148.09,3100.0,1059.7219,129248.586,2473.688,25714.332,141501.28,48876.12,34.064796,6008.0693,64225.754,4701.009
1566,2010-07-21,320.81244,332.13177,324.8711,324.15506,272.4827,338.6671,325.61935,293.29233,304.64404,305.85403,251.2782,321.81473,329.8176,327.49857,341.35864,331.35532,324.42996,321.85168,322.60672,307.59042,273.27878,299.0215,292.11783,296.02777,296.94177,334.55872,-123008.3,30229.852,5886.8857,-80445.15,3100.0,1010.6562,114465.13,2447.735,26163.406,137353.95,48544.867,27.439548,6046.705,64671.246,4328.1694
1567,2010-07-28,320.91223,331.74234,324.66614,323.9769,272.5189,338.82837,325.6288,293.59143,307.88754,306.31796,251.6099,321.83972,329.20703,327.22348,340.76834,331.10205,324.45255,321.92032,322.50955,307.73566,273.2874,299.18274,292.12283,296.1639,297.07248,334.5647,-123951.37,27518.557,4163.9727,-83696.65,3100.0,1428.736,99588.586,2456.0544,26328.324,134276.84,46373.59,37.46129,5937.8823,65313.777,4056.044
1568,2010-08-04,321.2175,331.46143,324.59045,323.9293,272.61838,339.85123,325.864,294.4324,333.7093,309.4537,254.07162,321.87537,329.1745,327.25,340.4674,330.9567,324.48795,322.1325,322.76273,308.90967,273.3548,301.2315,292.21057,296.4882,297.23898,334.6117,-127071.7,22375.953,-3129.831,-96699.06,255.4448,255.4448,98352.18,2534.768,29802.74,139795.6,46309.598,140.9183,5460.3228,65462.37,1520.6589
1569,2010-08-11,321.26242,331.19064,324.36914,323.67184,272.6456,340.39456,326.0884,294.82413,331.21393,307.0993,252.24341,321.89612,328.71573,326.84216,340.24313,330.72723,324.5362,322.17572,322.23328,307.72754,273.4033,301.12247,292.27344,296.47293,297.41235,334.6458,-138333.67,15632.435,-1974.3702,-92288.87,3100.0,1500.0,93240.234,2712.184,25469.42,136420.75,35285.55,135.45892,5124.1323,67504.79,3861.2778
1570,2010-08-18,321.40674,330.95627,324.18567,323.51016,272.6688,341.00912,326.29623,295.18073,340.7836,308.77383,253.79745,321.82504,328.6964,326.8123,340.1623,330.52573,324.516,322.25327,322.37292,308.68588,273.45612,302.42947,292.34344,296.57318,297.54587,334.68295,-132702.31,15243.402,-5347.644,-98469.74,3100.0,1500.0,96477.305,2777.068,28448.611,139223.44,38625.94,153.21652,4975.0117,67407.055,2052.024
1571,2010-08-25,321.36063,330.73627,323.96902,323.26007,272.65915,341.2545,326.44867,295.3098,331.41608,306.21265,251.86525,321.76602,328.31134,326.42822,340.10205,330.2834,324.49658,322.21368,321.8484,307.5029,273.4882,301.90817,292.386,296.4468,297.665,334.70584,-139240.0,10013.1,-2244.1677,-92229.625,3100.0,1500.0,94694.016,2877.079,24301.867,134912.23,29325.498,101.94391,4797.0684,68905.484,4364.3896
1572,2010-09-01,321.32825,330.47583,323.7141,323.01257,272.6208,341.30084,326.48245,295.17432,325.70737,306.31616,252.2948,321.6305,328.09436,326.2454,340.0167,330.03677,324.41013,322.15125,321.7495,307.82037,273.5012,302.39948,292.40338,296.32962,297.72702,334.71536,-133892.6,9628.064,-2054.1252,-92957.64,3100.0,1500.0,95447.39,2863.9583,25291.352,134301.55,30613.48,71.126114,4969.8506,68750.33,3746.9087
1573,2010-09-08,321.42825,330.357,323.63754,322.93008,272.6464,341.98337,326.66293,295.2574,338.98798,307.86136,253.47456,321.5429,328.16196,326.23352,340.09445,329.89948,324.34494,322.19644,321.77377,308.24902,273.55475,303.3881,292.47913,296.37427,297.8023,334.75327,-136327.52,5865.8765,-5490.9,-100024.28,3100.0,1500.0,100853.92,2897.1138,26544.72,137991.1,29504.182,121.14337,4830.039,68772.71,2581.2097
1574,2010-09-15,321.32455,330.23468,323.3986,322.64127,272.5917,342.18356,326.77267,294.88397,328.74786,305.4291,251.73938,321.4421,327.9467,325.91025,340.23883,329.7099,324.28262,322.10263,321.22488,307.08896,273.5798,302.7341,292.51773,296.0714,297.85928,334.77142,-147190.48,-5815.275,-4435.7437,-95580.734,3100.0,1500.0,105471.76,2975.9124,22041.605,138314.38,14999.293,81.93355,4715.8643,70010.125,4604.789
1575,2010-09-22,321.18756,330.0761,323.1369,322.36707,272.49387,341.94083,326.73114,294.25797,317.3812,304.46512,251.46793,321.25137,327.83163,325.71832,340.38663,329.47626,324.157,321.9565,321.00497,306.95868,273.5754,302.2279,292.51788,295.71237,297.83633,334.769,-140569.23,-5614.494,-2398.7986,-91453.89,3100.0,1500.0,111196.8,2937.9524,21761.484,136868.81,15240.133,35.074005,4983.0083,69474.8,4688.1787
1576,2010-09-29,321.17087,330.0315,323.0586,322.2821,272.46368,342.07455,326.76862,293.79956,322.63202,305.6392,252.44739,321.09253,327.94733,325.72726,340.6477,329.36774,324.03867,321.90433,321.01184,307.26727,273.59686,302.7652,292.55692,295.5537,297.79712,334.78455,-139057.92,-6696.1904,-3695.4275,-94517.92,3100.0,1500.0,119825.164,2919.8684,22926.89,139451.88,16435.146,52.482086,5113.0254,68658.305,3701.2412
1577,2010-10-06,321.0916,330.06152,323.04044,322.25055,272.44717,342.18436,326.84003,293.04095,322.71414,305.22076,252.10869,320.9767,327.99512,325.67105,340.98895,329.29144,323.94858,321.8254,320.8712,306.84644,273.6206,302.6911,292.60245,295.40897,297.76157,334.80176,-136342.34,-5373.7207,-2660.9346,-91350.98,3100.0,1500.0,128867.875,2938.4248,21719.072,137096.3,16209.619,60.19153,5366.321,68301.51,4192.025
1578,2010-10-13,320.9221,330.06912,322.99277,322.18686,272.4072,341.88702,326.80826,291.84955,312.76468,303.8855,251.24979,320.85846,328.00037,325.578,341.2483,329.1871,323.84738,321.67987,320.68503,306.33463,273.61734,302.06104,292.61362,295.1899,297.7044,334.80014,-132572.8,-3639.5037,-281.05704,-86271.44,3100.0,1500.0,134946.7,2916.015,20287.74,133813.3,15937.926,23.698349,5838.5225,67885.0,5014.133
1579,2010-10-20,320.78278,330.07663,322.96176,322.1408,272.3608,341.45068,326.71,290.75952,305.06747,303.35968,250.98523,320.74014,328.13165,325.56232,341.47424,329.099,323.73547,321.54883,320.60474,306.19885,273.6019,301.55838,292.61078,294.98047,297.62637,334.78995,-130460.75,-3242.0098,982.59955,-84572.945,3100.0,1500.0,141850.6,2845.35,20073.61,133697.67,16321.564,-4.824539,6217.2876,67272.69,5149.867
1580,2010-10-27,320.6604,330.1144,322.9679,322.13644,272.3211,341.06677,326.6083,289.76147,301.24704,303.21204,250.92813,320.6397,328.2101,325.56177,341.6934,329.0522,323.63467,321.43564,320.547,306.04318,273.58664,301.13513,292.61078,294.8102,297.54062,334.77972,-128751.266,-2378.0132,1937.453,-82895.414,3100.0,1500.0,147816.75,2784.0151,19776.414,133042.23,17085.152,-15.692856,6589.3145,66596.46,5159.275
1581,2010-11-03,320.52814,330.16223,322.9926,322.15878,272.28976,340.7224,326.513,288.39862,298.96835,303.19455,250.88072,320.55774,328.25745,325.5696,341.9071,329.03067,323.54608,321.32205,320.51755,305.89703,273.57147,300.74377,292.61316,294.69208,297.45282,334.76953,-125652.86,258.80518,3421.3354,-81684.16,3100.0,1500.0,153913.2,2733.713,19594.867,131121.11,19725.193,-29.082428,7152.7593,65977.46,5184.1807
1582,2010-11-10,320.37546,330.20914,323.01334,322.1772,272.26538,340.39795,326.42654,287.18927,297.52356,303.21533,250.87085,320.4947,328.23938,325.5582,342.0551,329.02783,323.46652,321.19608,320.47574,305.74457,273.5564,300.39737,292.61737,294.60345,297.3695,334.75934,-123370.82,2208.6846,4301.5396,-80511.62,3100.0,1192.6643,157232.62,2693.6755,19208.125,128937.766,21358.191,-26.696636,7505.787,65404.727,5177.575
1583,2010-11-17,320.26144,330.2576,323.1578,322.3553,272.2817,340.0844,326.34882,286.57065,296.61688,303.61954,250.90524,320.45804,328.36804,325.6499,342.14874,329.03867,323.3927,321.1026,320.67914,305.90234,273.54144,300.09363,292.6227,294.74744,297.2954,334.7491,-106366.08,17380.611,8878.566,-75206.65,3100.0,997.61835,158981.2,2645.153,20532.094,121299.44,36086.5,-26.791893,7975.47,64386.195,5098.6416
1584,2010-11-24,320.1533,330.31192,323.2104,322.3754,272.29962,339.7979,326.27914,286.21878,295.97412,303.61356,250.9259,320.47485,328.41537,325.65753,342.23224,329.06445,323.34143,321.02094,320.5728,305.7383,273.52658,299.822,292.62854,294.75696,297.25992,334.7389,-120209.67,7612.436,5789.719,-79901.48,3100.0,867.6746,161354.17,2622.4546,19405.545,125607.45,26669.5,-29.225773,7942.082,64629.31,5079.932
1585,2010-12-01,320.03854,330.34222,323.26782,322.45953,272.30066,339.5325,326.21643,285.96136,295.48474,303.7545,250.90381,320.4637,328.3746,325.68494,342.23557,329.0891,323.29114,320.93375,320.67923,305.7869,273.5118,299.56445,292.63412,294.83325,297.22394,334.72867,-107521.24,18116.729,8667.629,-76295.96,3100.0,429.03848,160491.4,2595.0615,20012.055,119502.36,36236.914,-29.937878,8172.3164,64177.992,5080.868
1586,2010-12-08,319.9298,330.33774,323.32364,322.51962,272.3188,339.2805,326.1602,285.7867,295.16937,303.9152,250.88626,320.48694,328.28326,325.67856,342.16626,329.10162,323.25034,320.85614,320.6864,305.75146,273.49738,299.33444,292.63925,294.934,297.2042,334.71866,-108974.47,18128.334,8191.5386,-77758.0,3100.0,354.33173,158196.27,2570.8914,19743.982,118016.555,35925.496,-32.978966,8265.192,64246.863,5090.5933
1587,2010-12-15,319.83755,330.30685,323.3225,322.52206,272.32645,339.03452,326.10938,285.66162,294.90924,303.94144,250.93398,320.50247,328.20596,325.65073,342.10214,329.09348,323.2126,320.7855,320.66992,305.73016,273.48322,299.12894,292.64322,294.98782,297.19495,334.70877,-109414.42,17977.768,7942.87,-77380.39,3100.0,191.35883,156931.31,2555.1765,19533.902,116984.11,35599.332,-36.59768,8299.741,64225.727,5029.1514
1588,2010-12-22,319.7386,330.29736,323.28693,322.47226,272.32172,338.79675,326.0622,285.5578,294.66022,303.8474,250.91772,320.5011,328.27536,325.6217,342.2606,329.0681,323.17288,320.7075,320.5843,305.62485,273.46915,298.98117,292.64536,294.9684,297.1852,334.69888,-113339.15,14643.21,6982.559,-79152.8,3100.0,221.172,165197.2,2545.01,18948.402,118117.195,32209.32,-37.23262,8251.401,64453.105,5044.889
1589,2010-12-29,319.77567,330.50284,323.25674,322.4122,272.29388,339.66245,326.22507,286.1608,302.0354,306.95624,253.70299,320.4761,328.79337,325.89505,342.967,329.1945,323.1594,320.70435,320.8287,306.95062,273.53146,300.88086,292.75162,295.02774,297.18875,334.7316,-131151.03,159.94678,1475.6398,-88047.35,3100.0,1112.0905,189817.2,2629.7947,21516.404,136802.36,21661.795,-188.82031,7643.472,65539.42,3266.2615
1590,2011-01-05,319.74622,330.9035,323.38535,322.49487,272.26505,340.1951,326.47803,286.5391,306.12048,305.91547,252.86781,320.45312,329.44388,326.09134,343.88928,329.3945,323.18973,320.71194,320.69595,306.0448,273.60245,301.4332,292.8676,294.95712,297.20663,334.77365,-131923.86,452.7793,989.0992,-86369.125,3100.0,1500.0,214627.69,2697.3008,19033.629,137892.45,19918.043,-164.52625,7336.637,65897.85,3977.2637
1591,2011-01-12,319.65637,331.32538,323.5547,322.61862,272.22803,340.05466,326.61044,286.46454,310.63177,305.38586,252.35182,320.4308,330.0452,326.36676,344.5269,329.62057,323.19705,320.6569,320.7061,305.82855,273.6323,301.2996,292.9236,294.7933,297.1913,334.79526,-135766.58,-1858.7563,-574.07306,-86936.91,3100.0,1500.0,230122.4,2761.8008,18397.379,143563.44,18404.41,-55.392708,7269.7974,65650.58,4355.559
1592,2011-01-19,319.55017,331.67157,323.80176,322.87283,272.21783,339.57986,326.62805,286.1656,305.87845,304.18497,251.2653,320.43982,330.35345,326.58054,344.75735,329.87695,323.1965,320.59854,320.84485,305.50058,273.634,300.5976,292.93796,294.77145,297.15024,334.79745,-122575.695,12412.262,5922.0645,-79460.53,3100.0,1215.1763,231307.72,2758.3098,18475.098,137761.77,30542.031,-16.755066,7643.4756,64956.2,5057.0234
1593,2011-01-26,319.43976,331.908,324.00455,323.07944,272.23376,339.05798,326.5576,285.86038,300.78735,303.9207,250.94983,320.50778,330.48468,326.75516,344.7943,330.1219,323.20212,320.53775,320.98462,305.5015,273.6184,300.0763,292.92627,294.82153,297.11526,334.78766,-122134.38,15984.902,7159.951,-78648.97,3100.0,820.47766,230142.73,2724.7004,18611.045,137133.92,33647.336,-23.868225,7921.23,64641.66,5213.8604
1594,2011-02-02,319.3512,332.07922,324.14288,323.22592,272.24716,338.66803,326.4745,285.67203,298.48706,303.9599,250.86798,320.59225,330.55875,326.88733,344.772,330.33337,323.22394,320.49365,321.1018,305.52338,273.60284,299.71466,292.91296,294.88113,297.0968,334.77786,-122534.76,18024.33,7757.5854,-78195.766,3100.0,700.3123,227876.78,2689.9082,18675.51,137049.78,35519.027,-27.493927,8069.363,64493.203,5232.456
1595,2011-02-09,319.3072,332.22656,324.33893,323.4539,272.2827,338.41605,326.3963,285.5982,297.3325,304.93353,250.97557,320.69238,330.71646,327.0848,344.8389,330.51828,323.25946,320.4839,321.41647,305.85132,273.5923,299.69394,292.90527,295.08286,297.09106,334.76807,-114464.6,26761.791,8622.584,-75671.766,3100.0,1500.0,228722.19,2644.398,19752.277,135199.8,43272.53,-68.70082,8375.684,64202.367,5114.909
1596,2011-02-16,319.29932,332.36185,324.63617,323.78088,272.36987,338.16336,326.32983,285.5694,296.93405,304.96732,250.9722,320.8499,330.8589,327.26453,344.7272,330.67627,323.32175,320.514,321.68964,305.99698,273.58054,299.5135,292.8946,295.3845,297.11752,334.75827,-103382.336,37763.234,9797.8955,-72049.9,3100.0,1224.607,221624.67,2608.2456,20357.717,128445.39,51622.555,-46.548283,8613.865,63600.67,5056.8994
1597,2011-02-23,319.29327,332.436,324.63153,323.73386,272.41122,337.90814,326.26294,285.5619,296.28598,304.5507,250.93082,321.00824,330.8582,327.27844,344.66318,330.80582,323.39874,320.53827,321.53226,305.84598,273.5653,299.29837,292.8777,295.39136,297.17462,334.7485,-131220.44,20073.217,6131.147,-81340.44,3100.0,670.19495,220560.84,2611.3274,19239.531,138871.97,36726.207,-44.661743,8396.174,64761.977,5093.0366
1598,2011-03-02,319.3154,332.50195,324.4791,323.5603,272.35928,337.69574,326.19843,285.51874,295.72394,304.03558,250.88506,321.0399,330.90945,327.2762,344.69678,330.9012,323.45178,320.55402,321.41095,305.80072,273.55023,299.14896,292.8596,295.21033,297.20038,334.7387,-140823.1,10799.117,5179.658,-82596.62,3100.0,932.5161,221440.31,2614.1946,18773.236,146001.44,29208.637,-45.670204,8207.392,65391.3,5101.3545
1599,2011-03-09,319.37732,332.58734,324.43243,323.51382,272.31128,337.53104,326.13632,285.42838,295.3092,303.85693,250.88509,321.02237,331.04974,327.34372,344.78076,330.98846,323.487,320.59372,321.4454,305.8843,273.53558,299.01306,292.84067,295.07944,297.18216,334.72913,-138912.47,11235.558,6090.046,-80405.44,3100.0,1272.4558,222983.69,2593.4902,19270.604,148677.5,30271.066,-43.555016,8203.757,65232.453,5057.5884
1600,2011-03-16,319.46875,332.69464,324.4543,323.5267,272.2843,337.41916,326.07587,285.32907,295.0233,303.7721,250.90094,321.01855,331.2431,327.44348,344.85507,331.0941,323.5267,320.65942,321.49005,305.94608,273.52127,299.03653,292.8208,294.97653,297.1465,334.7197,-142088.38,8845.044,5973.0283,-80093.64,3100.0,859.5912,224161.98,2570.0632,19591.4,153060.27,28742.314,-42.738823,8180.3735,65052.387,5005.5186
1601,2011-03-23,319.54572,332.79895,324.61996,323.7211,272.29288,337.37872,326.01825,285.25122,294.78503,304.1475,250.92526,321.04388,331.36343,327.58792,344.8581,331.19836,323.57825,320.7289,321.74057,306.1617,273.50885,299.02335,292.8021,295.0682,297.10678,334.71027,-128587.95,21164.107,8658.225,-76009.414,3100.0,1500.0,222664.4,2533.6628,20911.42,148471.45,39811.04,-41.98108,8425.154,64400.85,4968.576
1602,2011-03-30,319.6613,332.89484,324.69727,323.77814,272.30698,337.34848,325.96405,285.20798,294.5758,304.08087,250.89603,321.1207,331.5334,327.69067,344.82376,331.30832,323.64975,320.82693,321.7636,306.20587,273.49606,298.92487,292.7815,295.0775,297.09454,334.70084,-142209.14,12362.355,6782.998,-79842.57,3100.0,1500.0,219598.72,2517.7195,20820.22,155648.8,32779.43,-40.636448,8357.269,64715.89,4954.3477
1603,2011-04-06,319.8101,332.97046,324.82233,323.9296,272.31622,337.33432,325.90982,285.15637,294.40652,304.22958,250.88135,321.17923,331.63986,327.8216,344.65173,331.4171,323.72726,320.9481,321.99857,306.47775,273.48212,298.81372,292.7579,295.16666,297.08353,334.69144,-131706.6,21492.924,8600.642,-75926.3,3100.0,1253.073,211586.38,2492.7874,22138.525,153184.12,40998.996,-33.672684,8547.507,64297.996,4911.6157
1604,2011-04-13,319.9605,333.00223,324.9374,324.0566,272.35168,337.36517,325.8569,285.35202,294.2991,304.41718,250.87793,321.27866,331.64526,327.9007,344.40704,331.5095,323.82205,321.08148,322.1364,306.63507,273.4683,298.6849,292.7333,295.29202,297.0918,334.682,-133691.67,21894.107,8191.6523,-76852.35,3100.0,905.7886,202883.05,2468.9983,22668.674,153782.44,41437.48,-30.850273,8496.021,64327.934,4884.0444
1605,2011-04-20,320.08093,332.97726,324.95682,324.08667,272.37558,337.4229,325.80557,285.87766,294.18484,304.44702,250.90622,321.37033,331.5107,327.8965,344.09448,331.5644,323.92078,321.19284,322.18585,306.70822,273.4546,298.57455,292.70786,295.3686,297.115,334.6726,-136645.34,20673.492,7689.557,-77442.0,3100.0,1149.031,192696.4,2455.207,22843.828,154007.95,40333.887,-27.57942,8320.044,64489.273,4841.7275
1606,2011-04-27,320.20078,332.90964,325.0054,324.1648,272.40714,337.48102,325.75583,286.61603,294.07657,304.6507,250.85657,321.4478,331.4335,327.90366,343.81436,331.5743,324.00854,321.2988,322.33936,306.92633,273.44098,298.48117,292.68167,295.51727,297.14243,334.6632,-127881.76,26998.91,8601.691,-76077.84,3100.0,978.10504,184414.95,2432.88,23645.418,149865.28,45586.78,-17.272417,8162.122,64457.375,4850.9336
1607,2011-05-04,320.33096,332.81976,324.9567,324.1098,272.42368,337.5394,325.7077,287.84125,293.98102,304.58267,250.83183,321.52795,331.28012,327.84946,343.4725,331.5568,324.09183,321.4114,322.28986,306.969,273.4275,298.42313,292.65497,295.5693,297.18347,334.6538,-139307.84,19366.29,6820.9624,-80000.336,3100.0,733.7326,174068.92,2424.8672,23627.986,153860.5,39333.387,-18.978434,7620.749,65123.53,4848.234
1608,2011-05-11,320.44543,332.6955,324.91974,324.10562,272.4302,337.68735,325.66592,289.0545,293.88367,305.35834,250.97595,321.5684,331.07254,327.81494,343.24298,331.52792,324.16058,321.50745,322.4269,307.24084,273.41986,298.9819,292.6358,295.69135,297.21872,334.6444,-132340.92,23629.207,7180.0366,-77886.21,255.4448,255.4448,169027.48,2404.2808,24506.705,151448.39,43226.406,-41.507553,7421.318,65284.2,4735.1514
1609,2011-05-18,320.59494,332.61795,324.84802,324.02924,272.44757,338.24277,325.72702,290.2453,293.78946,306.05386,252.21979,321.61737,330.98636,327.7849,343.15433,331.49527,324.23962,321.62283,322.42242,307.67932,273.4427,299.95306,292.65848,295.80356,297.27444,334.65524,-142748.2,16153.192,4928.898,-82684.74,3100.0,1500.0,167318.73,2442.179,25585.203,156664.72,37344.78,-82.0564,6814.6465,65928.86,4021.0972
1610,2011-05-25,320.67447,332.5465,324.7658,323.94342,272.45062,338.45523,325.77676,291.06958,293.7155,304.9755,251.3389,321.62686,330.86273,327.67294,343.0483,331.42526,324.30527,321.70026,322.26917,307.16357,273.45334,299.64926,292.66373,295.79022,297.3324,334.66125,-141345.78,16395.613,5210.303,-81101.59,3100.0,1500.0,164038.69,2465.7285,24153.303,153528.92,36433.133,-56.90023,6577.149,66151.82,4565.1196
1611,2011-06-01,320.7481,332.45035,324.75555,323.9535,272.46313,338.61188,325.8017,291.6697,296.08963,305.6629,251.71048,321.62335,330.74728,327.66107,342.84045,331.35352,324.33774,321.75406,322.3816,307.53714,273.45688,299.67258,292.6587,295.87753,297.37195,334.6638,-134883.55,19787.234,4607.212,-82244.38,3100.0,1500.0,157972.9,2479.6929,25321.201,151901.58,40449.14,-26.826813,6514.765,66057.39,4324.8413
1612,2011-06-08,320.84174,332.35388,324.7682,323.97705,272.5054,338.88168,325.86172,292.19135,300.25806,305.88718,251.79716,321.65277,330.6526,327.61957,342.69705,331.2981,324.37897,321.83453,322.40515,307.57538,273.46957,299.77438,292.66647,296.0009,297.42764,334.6728,-134149.44,20676.566,3966.8496,-83178.26,3100.0,1500.0,155214.83,2492.972,25410.055,149988.62,40718.527,11.087193,6393.7925,66158.43,4122.9526
1613,2011-06-15,320.8883,332.24612,324.55936,323.72678,272.48834,338.96512,325.88358,292.47638,299.93073,304.90323,251.35,321.65234,330.47745,327.44186,342.5896,331.20654,324.4052,321.8677,322.07623,307.2009,273.47058,299.55856,292.65833,295.83545,297.48257,334.6737,-154790.73,4156.1807,1961.4829,-88068.96,3100.0,1500.0,153397.56,2532.4595,23672.008,157435.39,26212.69,9.697296,6036.9326,67297.62,4539.3174
1614,2011-06-22,320.9046,332.09885,324.52863,323.75494,272.47516,338.9366,325.8617,292.6137,298.57013,304.82294,251.1392,321.58813,330.19714,327.3612,342.3207,331.08966,324.3932,321.87173,322.2305,307.34943,273.46292,299.32196,292.6388,295.88803,297.49304,334.66852,-125727.414,23720.18,6276.8413,-78588.05,3100.0,1431.2566,144834.94,2510.6023,24835.955,144338.56,42248.445,7.3296127,6334.0977,66454.8,4665.094
1615,2011-06-29,320.9542,331.90906,324.5873,323.84583,272.54303,338.98798,325.84628,292.83508,299.91183,305.4694,251.33522,321.61798,329.89066,327.28802,341.89624,330.97156,324.3914,321.91138,322.33817,307.572,273.4596,299.27896,292.62607,296.09988,297.52524,334.6663,-120626.44,27465.805,5825.709,-80118.516,3100.0,1109.961,131901.06,2482.7522,25485.133,138964.02,45449.95,12.864193,6433.5737,66246.82,4448.7114
1616,2011-07-06,320.97635,331.66763,324.53818,323.80627,272.59058,338.96933,325.81927,293.07486,298.1235,305.19104,251.01819,321.6632,329.573,327.11267,341.45853,330.8094,324.39502,321.93204,322.2582,307.4523,273.45242,299.0519,292.60898,296.22156,297.5856,334.66135,-121289.984,26974.344,5686.051,-80494.914,3100.0,864.98016,122627.02,2472.2544,24907.584,135012.6,43959.41,5.325302,6410.991,66664.195,4764.802
1617,2011-07-13,321.29108,331.5409,324.44626,323.71402,272.66956,340.01343,326.04282,293.91562,326.94888,309.0291,254.20251,321.70856,329.60455,327.24124,341.26895,330.79596,324.42233,322.14783,322.49158,308.88004,273.51483,301.01785,292.68976,296.43597,297.69812,334.7049,-142744.73,10256.022,-5104.3154,-102126.58,3100.0,1500.0,120326.26,2584.823,29004.746,151222.19,36267.414,99.67162,5704.5205,67100.3,1444.6123
1618,2011-07-20,321.3532,331.41833,324.3114,323.57382,272.6823,340.70862,326.30777,294.41357,326.91623,306.94003,252.40042,321.7167,329.20905,326.95087,341.11026,330.69705,324.48047,322.20944,322.13248,307.74728,273.5695,300.7767,292.76114,296.43906,297.81647,334.74332,-139806.5,12453.4375,-1893.9178,-92224.21,3100.0,1500.0,114239.79,2752.7715,25135.37,143150.5,32706.725,142.98442,5420.3223,68556.84,3858.2446
1619,2011-07-27,321.26196,331.13834,324.08502,323.36688,272.64813,340.47583,326.32156,294.29654,312.8008,305.30154,251.31967,321.63538,328.76498,326.65945,340.79877,330.45914,324.4499,322.12842,321.93436,307.47586,273.56628,300.1484,292.75305,296.35095,297.86743,334.7414,-129416.41,17057.133,1569.557,-86326.42,3100.0,1371.7606,106938.5,2769.8923,24273.842,135298.3,35045.652,68.09002,5685.9116,68773.06,4763.0127
1620,2011-08-03,321.2962,330.86676,324.0472,323.3674,272.68518,340.53067,326.34552,294.39972,315.30917,306.52896,252.18092,321.57986,328.57733,326.58575,340.48618,330.25156,324.39633,322.1341,322.09085,308.03152,273.57834,300.4346,292.76715,296.49844,297.9133,334.75,-116860.97,23385.404,1289.1963,-87198.336,3100.0,1500.0,101466.74,2727.4048,26086.617,130265.625,42007.39,66.733376,5845.069,68141.3,3809.687
1621,2011-08-10,321.29263,330.61377,323.86816,323.15695,272.70163,340.61234,326.3873,294.4733,314.41498,305.8532,251.77283,321.55753,328.28723,326.32184,340.2642,330.03107,324.36038,322.11972,321.7472,307.592,273.59344,300.3148,292.78665,296.44946,297.98102,334.76077,-133705.38,11413.385,-599.382,-91583.086,3100.0,1500.0,98908.3,2747.4702,24224.781,133311.56,30622.936,55.60903,5619.1865,69206.26,4349.789
1622,2011-08-17,321.2585,330.33527,323.56973,322.8573,272.65344,340.54987,326.38495,294.4182,311.64783,305.2881,251.67912,321.44388,327.89383,326.04608,340.0345,329.78656,324.28735,322.062,321.4946,307.4664,273.59854,300.18057,292.7935,296.28067,298.01303,334.7645,-134029.88,6955.3354,-197.23822,-90843.31,3100.0,1217.8708,94121.18,2762.3384,23658.492,132666.5,26985.443,37.215683,5539.547,69482.97,4402.0596
1623,2011-08-24,321.20407,330.0251,323.4637,322.80118,272.65033,340.4267,326.35925,294.34033,307.64847,305.1778,251.40686,321.32272,327.50525,325.82886,339.74167,329.52023,324.19226,321.99426,321.5076,307.44278,273.59854,300.0009,292.79453,296.3196,298.01367,334.76462,-110814.59,21354.275,3134.1267,-83517.48,3100.0,1122.3469,87246.47,2722.016,24022.723,120202.67,38276.277,26.663391,5838.0396,68735.43,4649.38
1624,2011-08-31,321.16986,329.7205,323.33633,322.6628,272.6722,340.36264,326.33582,294.26813,307.5456,305.37802,251.60513,321.2554,327.26956,325.62067,339.50366,329.2571,324.1003,321.94272,321.3386,307.4417,273.6005,300.11163,292.79956,296.32953,298.03128,334.766,-118485.32,14685.234,1289.5421,-88491.95,3100.0,1500.0,84901.516,2699.6494,23754.174,120861.77,32928.414,19.431625,5822.5503,68964.01,4431.6294
1625,2011-09-07,321.0984,329.43692,323.08267,322.39017,272.63712,340.28918,326.31555,293.97745,306.1562,304.83057,251.37032,321.1528,326.94748,325.33054,339.3671,328.98666,323.99982,321.85773,321.01874,307.12396,273.60126,300.04788,292.80423,296.1756,298.0434,334.76654,-124595.01,6875.3613,862.56134,-90163.48,3100.0,1500.0,84605.31,2704.385,22448.143,121111.875,25938.328,15.67421,5808.091,69478.414,4685.9473
1626,2011-09-14,321.01947,329.19626,322.7863,322.06226,272.5627,340.21548,326.2919,293.51974,305.46194,304.44528,251.38918,320.9961,326.79068,325.08276,339.36548,328.73087,323.87454,321.7539,320.69717,306.91568,273.6007,300.1115,292.80817,295.88654,298.02142,334.76608,-130900.76,-3188.683,-1059.105,-92161.44,3100.0,1500.0,89347.086,2705.6082,21318.04,124297.83,16886.562,9.06498,5714.2666,69709.54,4649.1367
1627,2011-09-21,320.9359,329.01645,322.57022,321.83878,272.4915,340.18716,326.2799,293.0937,305.37112,304.21713,251.41121,320.81097,326.64517,324.89215,339.4424,328.50076,323.7347,321.6457,320.4953,306.73746,273.60214,300.09973,292.81586,295.61752,297.9587,334.76694,-126073.805,-3640.4585,-523.9215,-89722.89,3100.0,1500.0,92513.2,2700.546,20913.092,122767.695,16387.91,10.497787,5725.4043,69215.36,4632.369
1628,2011-09-28,320.7989,328.83798,322.40744,321.67377,272.43527,340.0373,326.2393,292.44547,301.53525,303.53674,250.99829,320.63535,326.42133,324.6769,339.48727,328.27588,323.58826,321.50482,320.27274,306.3572,273.59476,299.8152,292.81207,295.37653,297.86865,334.76157,-120667.74,-2440.3408,1010.3439,-86283.16,3100.0,1500.0,93948.875,2675.5742,19961.742,118582.74,16511.613,0.043632507,5930.997,68650.086,5025.4336
1629,2011-10-05,320.63785,328.66193,322.30182,321.57803,272.39856,339.8177,326.16983,291.44614,298.50327,303.359,250.88959,320.4753,326.26074,324.51428,339.5325,328.06247,323.43433,321.34683,320.16095,306.20688,273.581,299.62387,292.80008,295.23074,297.7648,334.75168,-111384.91,2984.2104,3485.418,-83128.77,3100.0,1500.0,96836.34,2627.3186,19982.62,112890.12,21606.36,-10.756004,6400.7715,67765.16,5065.8965
1630,2011-10-12,320.49103,328.51175,322.2825,321.574,272.39297,339.615,326.10123,290.33435,297.10098,303.5055,250.873,320.3538,326.138,324.40842,339.56216,327.86948,323.28543,321.20554,320.13046,306.14175,273.56738,299.49255,292.78876,295.21136,297.67126,334.74176,-102246.67,9531.827,5619.6455,-80787.24,3100.0,1235.6023,97536.29,2581.6763,20244.977,107013.98,27774.943,-19.435501,6912.306,66956.6,5049.2144
1631,2011-10-19,320.37698,328.40378,322.29962,321.58698,272.39688,339.4261,326.03812,289.4665,296.3012,303.62885,250.84206,320.27267,326.18192,324.35657,339.61874,327.75574,323.1503,321.0913,320.09534,306.09955,273.55392,300.0321,292.77798,295.22226,297.60086,334.73184,-99564.586,11422.958,6030.841,-80875.375,3100.0,1281.6257,101065.72,2548.2583,20271.264,104673.445,29496.297,-30.116852,7205.7427,66582.29,5052.9897
1632,2011-10-26,320.25696,328.38672,322.2452,321.48087,272.3674,339.26465,325.98523,288.68988,295.70514,303.4114,250.83675,320.20325,326.338,324.30402,339.87247,327.66614,323.028,320.97336,319.88123,305.84317,273.5406,300.61893,292.76755,295.04724,297.5435,334.72192,-111225.766,655.4459,2816.0354,-83875.45,3100.0,1500.0,112493.07,2535.4324,18915.248,109615.18,18920.459,-40.347046,7239.54,66705.24,5063.195
1633,2011-11-02,320.12332,328.46765,322.19876,321.40952,272.3114,339.25458,325.9516,287.55096,295.3226,303.837,250.983,320.10452,326.56427,324.33862,340.33597,327.58987,322.9065,320.84378,319.82126,305.78513,273.53406,300.7719,292.76657,294.8349,297.46378,334.712,-112249.97,-1770.2856,2027.0726,-83488.4,3100.0,1500.0,126519.43,2521.7354,18562.943,112790.52,16678.604,-78.84014,7545.8984,66465.17,4988.1294
1634,2011-11-09,319.9495,328.5904,322.22162,321.41956,272.27237,339.24667,325.93582,286.55814,295.0804,303.29468,250.87962,320.0148,326.66287,324.33224,340.75583,327.55368,322.79257,320.6938,319.70145,305.4505,273.52585,300.44733,292.7629,294.67017,297.36942,334.70206,-106801.09,2176.1943,3874.9048,-80979.32,3100.0,1500.0,134820.48,2515.268,17906.855,108991.96,19881.426,-55.819046,7705.2114,65739.88,5069.884
1635,2011-11-16,319.80246,328.71448,322.23267,321.4074,272.24216,339.18558,325.91565,286.00162,294.80548,303.00412,250.86134,319.93707,326.83078,324.37973,341.05264,327.5744,322.67972,320.55804,319.62933,305.3124,273.51282,300.12683,292.75198,294.48468,297.27283,334.6921,-109150.44,-656.56213,2945.1282,-80638.78,3100.0,1500.0,140160.19,2506.517,17353.95,111230.83,16872.84,-43.25051,7704.418,65184.477,5052.421
1636,2011-11-23,319.65552,328.85443,322.246,321.41135,272.2123,339.1096,325.89258,285.62268,294.5576,303.29108,250.87636,319.86426,326.9599,324.4467,341.34503,327.65677,322.57645,320.4294,319.62564,305.20062,273.49988,300.21768,292.74072,294.32132,297.16965,334.68216,-108785.805,-643.5263,3162.5686,-79433.18,3100.0,1500.0,147414.28,2488.6375,17100.271,112595.69,17116.988,-53.17138,7768.5444,64633.473,5033.7583
1637,2011-11-30,319.5038,329.0197,322.29,321.44028,272.18484,339.00806,325.8679,285.3357,294.3744,303.0659,250.84958,319.80563,327.14713,324.51944,341.64966,327.72665,322.48615,320.30417,319.5781,305.02783,273.48706,300.0267,292.72916,294.17087,297.06406,334.67224,-108216.83,-88.47449,3474.0405,-79155.19,3100.0,1500.0,155517.03,2481.089,16800.156,112599.64,17342.709,-46.804714,7702.883,64112.23,5059.221
1638,2011-12-07,319.35577,329.18527,322.363,321.50537,272.15964,338.9007,325.84326,285.10083,294.20547,302.9405,250.8346,319.7587,327.31528,324.6094,341.89877,327.81387,322.40665,320.18402,319.5881,304.92575,273.4746,299.694,292.71777,294.06635,296.95917,334.66248,-105952.61,2604.5613,4862.03,-78067.7,3100.0,1500.0,161145.56,2474.9817,16790.545,111964.18,20108.7,-39.826263,7722.6196,63567.594,5071.654
1639,2011-12-14,319.2274,329.34436,322.42404,321.5495,272.13797,338.77844,325.81735,284.90857,294.0627,302.8588,250.8848,319.72708,327.50375,324.703,342.10974,327.9212,322.33957,320.07944,319.57614,304.8011,273.46246,299.42566,292.70636,293.94214,296.86093,334.65286,-108999.7,433.09308,3935.621,-77531.28,3100.0,1081.0604,166176.23,2468.3364,16293.132,114272.516,17748.932,-37.54009,7652.4316,63090.957,5016.058
1640,2011-12-21,319.09732,329.49893,322.49634,321.62054,272.11993,338.6319,325.789,284.73767,293.92664,302.88806,250.87561,319.70038,327.65448,324.7965,342.31244,328.03842,322.28384,319.97842,319.61664,304.7381,273.4504,299.18665,292.69455,293.8632,296.7624,334.64322,-106211.06,3841.3223,5658.3057,-76468.38,3100.0,880.0171,171437.6,2457.7183,16434.512,113493.24,21423.705,-33.71766,7696.2793,62593.13,5024.0156
1641,2011-12-28,318.96176,329.64148,322.54453,321.65628,272.09515,338.45947,325.7584,284.59338,293.7909,302.8382,250.81728,319.6873,327.72092,324.8615,342.44904,328.15768,322.2387,319.87854,319.59314,304.57864,273.43848,298.96234,292.6822,293.75504,296.67014,334.6336,-109897.11,1208.0776,4380.598,-77662.33,3100.0,659.54736,173981.9,2449.9001,15759.888,115212.58,18369.703,-34.18651,7615.9443,62436.69,5077.324
1642,2012-01-04,318.82626,329.74197,322.63254,321.77255,272.07986,338.26154,325.7259,284.46173,293.6547,303.0626,250.77576,319.68112,327.71152,324.93314,342.46725,328.2669,322.19983,319.7815,319.7226,304.6338,273.42664,298.75906,292.66904,293.79944,296.57812,334.62396,-99389.64,11722.517,8786.622,-74397.53,3100.0,439.1211,172700.97,2432.585,16710.41,109890.78,29458.502,-31.426334,7835.961,61860.38,5096.0625
1643,2012-01-11,318.70627,329.80124,322.7109,321.8523,272.08014,338.0445,325.69196,284.3786,293.52542,303.2365,250.73907,319.71173,327.70566,324.97586,342.43814,328.3551,322.17224,319.7003,319.7576,304.6023,273.41486,298.62244,292.6549,293.87006,296.5112,334.61432,-101423.81,11589.215,8396.667,-75508.19,3100.0,388.8385,171305.81,2419.0784,16535.055,109483.94,29242.248,-30.940819,7893.2134,61822.84,5115.698
1644,2012-01-18,318.61093,329.84528,322.7775,321.92932,272.07687,337.8205,325.65717,284.3239,293.40265,303.37305,250.72041,319.74277,327.75873,325.02737,342.43826,328.41757,322.15115,319.63397,319.83664,304.65512,273.40317,298.49344,292.63956,293.9544,296.46194,334.60468,-98018.61,15448.61,9666.368,-74489.52,3100.0,720.08636,171482.17,2407.0654,16854.45,107671.53,33207.33,-29.21884,7998.3,61681.492,5107.464
1645,2012-01-25,318.50925,329.87088,322.81128,321.9615,272.07242,337.60406,325.6217,284.29123,293.34396,303.41083,250.70334,319.77936,327.6842,325.03033,342.39185,328.4633,322.13617,319.56866,319.82727,304.59448,273.39157,298.34198,292.62277,293.99692,296.42758,334.59503,-100932.805,14004.371,8855.0,-75573.52,3100.0,377.58252,169231.06,2399.0461,16512.697,107574.92,31462.19,-29.349398,7990.2725,61790.043,5116.55
1646,2012-02-01,318.4068,329.86166,322.8151,321.97632,272.064,337.39355,325.58557,284.26196,293.25558,303.454,250.69708,319.80194,327.60782,325.01758,342.33438,328.4859,322.1198,319.4993,319.84436,304.5878,273.38004,298.19962,292.6043,294.03845,296.3969,334.5854,-98534.164,16176.339,9478.063,-74836.74,3100.0,328.2126,167823.78,2389.4788,16531.562,105610.39,33469.637,-29.248,8034.609,61726.684,5106.3936
1647,2012-02-08,318.32504,329.84464,322.79538,321.9508,272.05374,337.18613,325.54855,284.2373,293.16254,303.41522,250.69897,319.8189,327.5716,324.9961,342.28278,328.48978,322.1009,319.43967,319.80356,304.55423,273.36856,298.05148,292.5841,294.0313,296.36957,334.5757,-101980.79,13275.49,8442.528,-75825.09,3100.0,251.33284,166432.14,2382.4453,16225.512,106641.23,30584.498,-28.823782,7984.004,61818.9,5085.6265
1648,2012-02-15,318.27094,329.81183,322.8131,321.99142,272.0584,336.98938,325.5104,284.207,293.07114,303.53732,250.78052,319.8262,327.4905,324.99442,342.15784,328.48343,322.07898,319.39703,319.88474,304.65802,273.35718,297.91156,292.562,294.0985,296.33878,334.56604,-94555.23,19346.566,10226.047,-72628.22,3100.0,161.24142,161526.05,2367.4624,16831.652,103201.54,36481.246,-26.996187,8106.3604,61371.24,4978.5146
1649,2012-02-22,318.21454,329.75497,322.79962,321.9737,272.0725,336.81134,325.47128,284.19382,292.98737,303.5484,250.79028,319.84912,327.39572,324.9466,342.05368,328.46304,322.06128,319.3582,319.83566,304.6078,273.34583,297.84915,292.53802,294.12747,296.31863,334.55637,-99036.46,15964.021,9114.003,-74890.43,3100.0,139.33788,159826.98,2357.9473,16458.727,103702.84,33222.914,-27.492569,8074.1074,61512.156,4970.372
1650,2012-02-29,318.19156,329.72522,322.7089,321.85242,272.0465,336.64743,325.43137,284.1734,292.90195,303.2742,250.76073,319.84036,327.51016,324.91476,342.07648,328.43222,322.03897,319.32666,319.70688,304.5407,273.33456,297.84442,292.51215,293.98734,296.29526,334.54666,-108272.125,6740.9043,6252.228,-77552.38,3100.0,509.5254,162479.27,2358.5527,15754.854,109216.97,24326.021,-26.316753,7855.2285,61854.848,4974.2393
1651,2012-03-07,318.21207,329.7469,322.62643,321.74756,271.99554,336.512,325.39133,284.11172,292.81143,302.9673,250.76543,319.7899,327.6631,324.9262,342.15686,328.4192,322.00925,319.3183,319.63083,304.5035,273.3236,297.8202,292.48486,293.75513,296.2439,334.53717,-112145.96,1200.8905,4373.749,-77400.23,3100.0,1331.7345,164413.92,2355.6038,15448.386,114073.914,18800.95,-25.293959,7649.0073,61762.64,4940.2837
1652,2012-03-14,318.2622,329.80524,322.61075,321.72256,271.95395,336.4193,325.35077,284.01187,292.7203,302.8268,250.78633,319.7322,327.8582,324.98657,342.2651,328.43964,321.98117,319.33286,319.644,304.53772,273.31296,297.8102,292.45612,293.5611,296.16327,334.5278,-111282.29,983.84314,4814.55,-75752.46,3100.0,1500.0,166740.36,2343.5146,15856.184,116632.07,19093.701,-23.771837,7574.6807,61281.004,4887.766
1653,2012-03-21,318.29108,329.87747,322.6338,321.74026,271.92435,336.36932,325.30905,283.90237,292.63135,302.77994,250.7614,319.69348,327.94125,325.03705,342.34015,328.4838,321.96365,319.34515,319.65805,304.4957,273.3023,297.7678,292.42575,293.41275,296.0712,334.51843,-111400.9,922.5144,5024.678,-75399.266,3100.0,1008.2659,167838.78,2328.5574,15981.63,117880.53,19188.158,-22.539736,7531.227,60886.656,4900.182
1654,2012-03-28,318.3576,329.96194,322.7297,321.84915,271.9146,336.3435,325.26654,283.80106,292.54654,302.97998,250.7677,319.67883,328.16635,325.16275,342.3819,328.54733,321.9561,319.38144,319.82373,304.71188,273.29175,297.67783,292.39395,293.42316,295.97995,334.50906,-104486.766,8035.645,8734.73,-72534.6,3100.0,1068.0226,167530.98,2307.3005,17405.406,116957.234,27906.51,-18.86362,7711.2,60261.133,4844.102
1655,2012-04-04,318.46872,330.05612,322.94672,322.09503,271.9474,336.34387,325.22363,283.74637,292.4739,303.44962,250.77008,319.72263,328.3777,325.33984,342.31403,328.6358,321.97018,319.46362,320.1179,305.0358,273.28122,297.57584,292.36087,293.64902,295.91626,334.4997,-94113.64,19329.842,12241.516,-69715.195,3100.0,590.9249,162898.16,2278.8623,19100.113,113666.875,39681.36,-13.083,8047.108,59714.99,4792.301
1656,2012-04-11,318.58383,330.1224,323.09833,322.23932,271.98468,336.37933,325.18112,283.8731,292.41385,303.6394,250.77026,319.81952,328.48056,325.44495,342.18436,328.7321,322.01407,319.56256,320.2256,305.16232,273.27075,297.4731,292.32672,293.81747,295.90097,334.4903,-101258.96,16311.104,10870.351,-72271.42,3100.0,441.77213,158258.86,2264.9167,19305.297,116450.27,37059.465,-11.825066,8020.454,59960.926,4769.328
1657,2012-04-18,318.66977,330.141,323.21216,322.38074,272.0176,336.4373,325.13937,284.22845,292.35892,303.8607,250.80559,319.90857,328.41687,325.50586,341.97238,328.80972,322.07126,319.64417,320.40387,305.34735,273.2603,297.3789,292.29166,294.01727,295.9088,334.4809,-94417.49,23392.822,12400.904,-69969.49,3100.0,444.11893,150732.25,2249.4775,20071.72,112833.69,43540.8,-7.016777,8069.855,59826.97,4715.246
1658,2012-04-25,318.76065,330.10486,323.3014,322.4933,272.06442,336.49588,325.09842,284.91333,292.31604,304.11365,250.75645,320.01456,328.30316,325.53207,341.66357,328.85562,322.1344,319.72836,320.5471,305.56372,273.2499,297.2828,292.25583,294.25116,295.94073,334.47147,-92335.39,26529.29,12266.7,-71193.586,3100.0,381.4504,140224.19,2232.7837,20686.213,110785.26,46081.66,1.643055,7920.861,60108.527,4731.048
1659,2012-05-02,318.8654,330.02222,323.29156,322.48904,272.08853,336.5557,325.05838,286.1563,292.28076,304.13428,250.73497,320.1102,328.16833,325.50125,341.361,328.8631,322.19882,319.822,320.5628,305.67554,273.2396,297.20355,292.21936,294.39487,295.99283,334.46207,-98446.805,22455.504,11005.597,-73555.29,3100.0,942.64215,131820.33,2227.3457,20799.781,112428.17,42599.84,0.49220276,7459.0786,60724.582,4722.877
1660,2012-05-09,318.948,329.89716,323.2992,322.52835,272.11203,336.62247,325.01932,287.38605,292.2496,304.28717,250.72986,320.17743,327.9799,325.45148,341.0402,328.8291,322.2567,319.8975,320.66672,305.83658,273.22928,297.15366,292.18234,294.57913,296.04684,334.45264,-90461.18,28592.1,11580.598,-71657.61,3100.0,356.37433,123271.06,2213.684,21353.967,107717.98,47300.812,3.808344,7253.7983,60861.55,4705.3047
1661,2012-05-16,319.01337,329.75113,323.199,322.41153,272.12442,336.6861,324.98126,288.3105,292.22382,304.25113,250.75592,320.23645,327.83987,325.34494,340.79358,328.75586,322.3067,319.95575,320.5391,305.80496,273.21902,297.14236,292.14484,294.62637,296.10898,334.44318,-103897.305,18109.727,9308.684,-75989.91,3100.0,1301.791,119674.08,2211.9377,20782.47,112325.67,38426.5,0.059747696,6899.171,61655.816,4676.415
1662,2012-05-23,319.06308,329.60468,323.05698,322.2717,272.1073,336.7396,324.94458,289.06134,292.191,304.00568,250.793,320.2309,327.65878,325.2196,340.6139,328.65848,322.33517,319.99075,320.44067,305.7926,273.20883,297.1284,292.1069,294.59653,296.1529,334.43375,-104111.08,16076.792,8981.656,-75487.96,3100.0,675.5839,116356.55,2212.096,20669.889,112198.42,36382.434,-2.1403103,6612.835,61927.336,4634.418
1663,2012-05-30,319.12476,329.48758,323.00345,322.2363,272.10748,336.96097,324.92624,289.77505,292.15878,304.82452,251.13538,320.21243,327.6086,325.1937,340.5328,328.56232,322.34775,320.03003,320.53564,306.12424,273.2108,297.37906,292.0855,294.68546,296.1807,334.4267,-99420.24,18813.695,9376.134,-75590.664,3100.0,1500.0,116548.3,2198.8845,21624.143,111881.78,39472.816,-14.3965645,6485.652,62128.25,4431.761
1664,2012-06-06,319.15814,329.40277,322.90015,322.10437,272.09586,337.1098,324.92526,290.2793,292.12863,304.179,251.04387,320.20218,327.51236,325.07114,340.50537,328.47263,322.36096,320.05698,320.30176,305.8132,273.21277,297.39172,292.0638,294.61212,296.21414,334.42133,-110324.18,9177.823,6869.719,-78700.85,3100.0,845.858,116449.4,2217.7502,20345.363,114627.45,29953.11,-21.969667,6135.6177,62660.668,4515.4316
1665,2012-06-13,319.2114,329.31888,322.86584,322.11148,272.0935,337.39996,324.9713,290.72775,292.099,304.85507,251.75072,320.1604,327.34872,325.06055,340.37146,328.4146,322.3639,320.08383,320.47366,306.29037,273.22595,297.7629,292.05734,294.71414,296.23248,334.42822,-96207.836,19199.998,9393.435,-75348.7,3100.0,662.068,111081.59,2221.7048,22109.637,110398.01,39660.492,-28.5803,6138.9575,62367.574,4108.648
1666,2012-06-20,319.24567,329.1862,322.91714,322.19385,272.14124,337.56555,325.01636,291.13422,292.08835,304.78937,251.3172,320.17993,327.07587,324.97574,340.08865,328.34973,322.37622,320.12256,320.51514,306.1473,273.2375,297.79535,292.04858,294.91144,296.27194,334.43405,-88430.875,25812.941,9723.017,-74530.25,3100.0,567.4133,101455.26,2224.7578,21853.969,103258.9,44230.027,-29.895061,6202.326,62340.543,4376.4224
1667,2012-06-27,319.38614,329.1046,322.9673,322.2602,272.19815,338.4253,325.21262,292.02023,300.77936,307.38235,253.59384,320.22745,327.1636,325.1093,339.857,328.34323,322.41315,320.21548,320.8368,307.38074,273.29773,299.34213,292.10782,295.2554,296.35538,334.474,-93192.42,22509.717,5739.567,-80680.28,3100.0,1500.0,99161.73,2286.0312,24947.07,110293.35,43711.13,-67.08573,5836.716,62994.145,2855.621
1668,2012-07-04,319.44174,328.9818,323.03476,322.3545,272.26993,338.74545,325.3787,292.64853,300.55618,306.17133,251.92113,320.29932,326.81818,324.95413,339.61063,328.27267,322.47476,320.3011,320.734,306.51636,273.34308,299.03073,292.1471,295.4867,296.47937,334.504,-83879.25,30213.549,6782.9966,-77683.414,3100.0,1311.2217,88201.58,2319.2644,22547.732,98761.33,47373.035,1.4345284,5811.416,63308.508,4094.608
1669,2012-07-11,319.41742,328.71686,322.87015,322.17685,272.29407,338.37915,325.37085,292.66187,297.0272,304.89053,251.07268,320.3398,326.47006,324.69843,339.28085,328.09982,322.4836,320.28677,320.4725,306.25635,273.33783,298.5333,292.11673,295.46695,296.584,334.4988,-93884.4,22503.871,6236.4414,-80529.37,3100.0,943.4679,82165.11,2353.4224,21421.168,98681.68,39750.746,9.66143,5869.3735,64175.023,4614.657
1670,2012-07-18,319.65207,328.63516,322.84778,322.16547,272.35583,338.98126,325.53885,293.17682,318.69052,308.0435,253.54158,320.35147,326.73184,324.88718,339.21793,328.07004,322.48553,320.43674,320.80444,307.57874,273.38672,299.95676,292.16278,295.67322,296.69852,334.5315,-95598.69,19184.271,154.74564,-92199.945,3100.0,1500.0,87493.3,2440.8628,25203.146,106984.71,41964.438,98.24762,5579.766,64000.305,2034.359
1671,2012-07-25,319.66513,328.55615,322.71323,321.99396,272.35867,339.27457,325.69458,293.4984,315.0988,305.61624,251.65067,320.36838,326.40338,324.5801,339.19443,327.9637,322.51312,320.45987,320.30026,306.30322,273.4209,299.41327,292.19003,295.57364,296.8142,334.5542,-107688.23,10320.424,1819.6221,-87534.734,3100.0,1500.0,83663.81,2549.777,20847.44,104988.6,29592.47,111.55369,5257.283,65746.836,4343.025
1672,2012-08-01,319.64447,328.3588,322.5972,321.92593,272.34805,339.22403,325.71997,293.50122,312.73846,305.69608,251.87784,320.29294,326.19955,324.49207,339.00955,327.81506,322.4817,320.4235,320.4245,306.73422,273.4287,299.49316,292.18213,295.59958,296.86792,334.55853,-87243.875,22874.254,4093.8525,-82649.72,3100.0,1253.1165,79159.26,2554.5771,22506.176,97723.95,41019.76,87.49579,5556.455,65104.383,3910.9434
1673,2012-08-08,319.63702,328.1404,322.64722,322.0069,272.41287,339.26907,325.7508,293.51096,310.81326,305.86774,251.65405,320.29446,325.95163,324.3817,338.6929,327.65393,322.45285,320.41736,320.4793,306.7018,273.44135,299.4793,292.18253,295.7894,296.9332,334.5662,-78178.305,29631.92,5060.203,-80551.32,3100.0,1500.0,71226.61,2528.1091,22405.28,90438.03,45718.188,82.78989,5782.724,64984.43,4189.761
1674,2012-08-15,319.61908,327.8788,322.5626,321.91138,272.4525,339.23203,325.7487,293.5187,308.84164,305.55618,251.51718,320.31052,325.73724,324.20016,338.34332,327.464,322.42368,320.397,320.32123,306.61368,273.44702,299.48828,292.17505,295.8439,297.0139,334.569,-86225.47,23574.764,3853.31,-83776.69,3100.0,1500.0,66542.79,2524.7239,21801.893,90848.88,40113.883,64.11084,5737.2812,65591.086,4301.763
1675,2012-08-22,319.58197,327.5982,322.35974,321.696,272.43927,339.14642,325.72375,293.52402,305.684,304.98547,251.27599,320.26868,325.4655,323.95584,338.04626,327.23682,322.37744,320.35092,320.08063,306.41534,273.4474,299.377,292.16205,295.7652,297.07898,334.56805,-91077.58,17966.197,3655.722,-84570.2,3100.0,1500.0,63526.145,2522.1753,20995.648,90968.99,34978.062,43.54554,5664.9194,66176.93,4529.7593
1676,2012-08-29,319.5762,327.3495,322.19717,321.54077,272.4286,339.21167,325.72205,293.5098,307.75323,305.3609,251.68938,320.19052,325.2906,323.80267,337.82983,327.0345,322.31375,320.3191,320.00635,306.57526,273.45493,299.58017,292.16098,295.7331,297.12164,334.57205,-88000.61,17605.424,3197.1594,-85452.22,3100.0,1500.0,62658.094,2519.378,21424.473,90073.81,35420.5,41.19359,5666.307,66150.586,4108.661
1677,2012-09-05,319.63876,327.24713,322.11932,321.45126,272.4476,339.66794,325.82327,293.5204,318.32315,306.50534,252.58588,320.13312,325.33713,323.7824,337.81546,326.9447,322.2594,320.342,319.98837,306.87946,273.48798,300.50906,292.19736,295.75897,297.17282,334.59387,-92561.336,12582.979,218.94778,-91629.88,3100.0,1500.0,68565.4,2569.2388,22099.123,93806.0,32687.227,78.292786,5542.8853,66331.914,3265.9556
1678,2012-09-12,319.71848,327.3007,322.03146,321.31543,272.44693,340.35898,326.02103,293.53314,328.95132,307.0431,253.0687,320.08273,325.53705,323.79663,338.11075,326.92307,322.22363,320.38168,319.83978,306.8871,273.54062,301.56097,292.26318,295.66776,297.23413,334.6295,-106398.83,94.00964,-3937.9426,-97935.49,255.4448,255.4448,79239.914,2671.4539,21542.02,102258.66,22509.814,133.78854,5180.3794,67055.625,2913.1113
1679,2012-09-19,319.7164,327.3931,321.9125,321.1738,272.41037,340.8793,326.21136,293.41708,331.7249,306.30066,252.71643,319.99667,325.55215,323.7311,338.5088,326.89438,322.1853,320.3633,319.63596,306.51843,273.58603,301.76324,292.32104,295.45667,297.26514,334.66028,-107610.945,-3436.724,-4463.1406,-95350.62,3100.0,1500.0,85119.91,2773.0303,20212.16,103584.984,17652.92,138.03857,4967.992,67344.3,3410.1387
1680,2012-09-26,319.55145,327.39542,321.7671,321.02127,272.34824,340.83014,326.2547,292.74576,318.64523,304.2207,251.34827,319.87573,325.37045,323.53452,338.7877,326.79062,322.1175,320.2268,319.33582,305.72354,273.59393,301.14334,292.32874,295.1608,297.23895,334.66495,-101067.016,-741.0737,-585.683,-87034.14,3100.0,1500.0,88703.19,2788.4194,18037.22,97996.14,17079.217,81.29372,5251.067,67238.1,4810.244
1681,2012-10-03,319.3576,327.36557,321.6413,320.8853,272.28833,340.50122,326.1813,291.60022,307.4378,303.36868,250.97653,319.74002,325.3214,323.42975,339.05777,326.67267,322.01547,320.05582,319.17294,305.4833,273.58078,300.72137,292.30905,294.87836,297.16873,334.65485,-97209.79,-196.63,1116.917,-84039.09,3100.0,1500.0,95918.24,2708.3333,17482.129,96161.93,17099.96,32.39064,5750.474,66533.92,5018.9844
1682,2012-10-10,319.19962,327.39145,321.54092,320.7554,272.23026,340.19452,326.09235,290.35144,302.29578,302.86862,250.89049,319.61234,325.38464,323.37823,339.36252,326.59784,321.90588,319.91025,318.98074,305.14465,273.56775,300.46735,292.29156,294.51965,297.07935,334.64474,-101458.805,-7037.5054,-1863.7339,-83961.3,3100.0,1500.0,103584.63,2643.4375,16077.691,99202.78,8825.978,12.677704,5958.842,65920.76,5051.5913
1683,2012-10-17,319.31427,327.6476,321.62488,320.81448,272.23285,340.7369,326.20184,289.82434,321.27594,306.05276,253.2792,319.51816,326.02896,323.7682,339.83145,326.78033,321.8266,319.95502,319.31726,306.28635,273.6087,301.8799,292.35138,294.39276,296.99945,334.67227,-106588.03,-10998.515,-6599.4585,-94372.97,3100.0,1500.0,117251.875,2707.8682,19663.188,111290.555,10813.498,60.866898,5795.4473,64727.617,2644.3794
1684,2012-10-24,319.30157,327.96097,321.77625,320.94608,272.2356,341.22934,326.38528,289.3212,324.94324,305.11914,252.41042,319.48413,326.25595,323.8535,340.2893,326.9461,321.80426,319.95502,319.20456,305.43906,273.6536,301.90942,292.41925,294.2532,296.9375,334.7028,-106170.18,-8973.965,-5374.6904,-88381.82,3100.0,1500.0,125321.836,2790.5222,17306.584,109308.63,9443.319,95.918205,5795.8584,64645.67,3892.323
1685,2012-10-31,319.11032,328.14307,321.8003,320.9501,272.18817,341.023,326.39447,287.9266,312.8728,303.24002,251.28252,319.42822,326.3536,323.85202,340.66364,327.00537,321.76822,319.8173,319.045,304.7614,273.65384,301.2557,292.42712,293.96042,296.84464,334.7022,-104239.95,-7767.894,-3325.328,-82971.54,3100.0,1500.0,134208.72,2791.6511,15444.017,107025.65,7943.6846,43.725,6311.086,64278.87,4966.269
1686,2012-11-07,318.8988,328.30576,321.81412,320.94928,272.13495,340.6301,326.31964,286.64758,304.4834,302.5402,250.98932,319.3608,326.48865,323.89645,341.04126,327.06256,321.7121,319.6544,318.9846,304.5206,273.64053,300.70813,292.4179,293.6848,296.72614,334.6921,-102084.25,-6277.16,-1301.1552,-80175.78,3100.0,1500.0,143835.88,2722.8188,14938.271,106344.89,9227.126,24.520157,6661.949,63443.31,5133.437
1687,2012-11-14,318.7491,328.49594,321.8605,320.9799,272.09344,340.2453,326.23306,285.9435,300.5714,302.3259,250.9457,319.3027,326.7072,324.00574,341.36688,327.15958,321.65262,319.53278,318.9827,304.3927,273.6273,300.2963,292.41037,293.4485,296.59863,334.682,-102498.98,-6679.729,-966.34644,-78399.59,3100.0,1500.0,150009.86,2665.8872,14757.255,108291.31,8794.931,5.383896,6766.453,62591.3,5113.6597
1688,2012-11-21,318.61026,328.68887,321.9195,321.02847,272.05914,339.89062,326.1483,285.4592,298.38422,302.2311,250.94576,319.2574,326.87653,324.1068,341.64053,327.28482,321.6028,319.4265,318.98816,304.24243,273.61414,299.97314,292.4042,293.24335,296.46667,334.67188,-102105.42,-5790.0156,74.414665,-76888.65,3100.0,1500.0,156564.47,2620.4373,14592.523,109004.57,9817.472,1.3964767,6841.007,61764.59,5090.315
1689,2012-11-28,318.47156,328.87967,321.98444,321.08127,272.02463,339.56876,326.06955,285.0862,297.00772,302.13824,250.90999,319.2233,327.0612,324.21585,341.87683,327.42126,321.56296,319.32657,318.99722,304.07108,273.60104,299.66977,292.39902,293.04993,296.33383,334.66174,-103112.05,-6106.603,30.996002,-76505.24,3100.0,1341.3391,162341.4,2584.6572,14292.355,110489.92,9320.2705,-4.5046387,6847.245,61131.06,5109.126
1690,2012-12-05,318.3391,329.06824,322.0654,321.15405,271.98807,339.27487,325.9984,284.78104,296.17297,302.15213,250.88814,319.1992,327.26938,324.3368,342.11972,327.56805,321.53317,319.2347,319.0373,303.97894,273.5883,299.48172,292.39478,292.89774,296.20047,334.6518,-102668.19,-4391.7627,1506.0555,-75440.27,3100.0,1011.78613,169100.31,2554.5452,14366.519,111127.766,11539.71,-12.636814,6889.909,60509.914,5118.044
1691,2012-12-12,318.22964,329.26758,322.19165,321.27844,271.96655,338.9987,325.9343,284.53046,295.52457,302.39636,250.93536,319.19458,327.52197,324.4936,342.37106,327.71497,321.51437,319.16147,319.1451,304.03802,273.57578,299.2921,292.39084,292.85605,296.0734,334.64197,-100091.29,470.81128,4720.1636,-72982.22,3100.0,1500.0,175059.97,2523.2314,15143.969,110732.125,17656.727,-17.150131,7038.947,59777.004,5052.085
1692,2012-12-19,318.12234,329.46738,322.34253,321.43063,271.96066,338.74106,325.8757,284.3396,295.09866,302.66827,250.9226,319.2206,327.71924,324.6452,342.59494,327.86996,321.51013,319.09827,319.26138,304.05392,273.5633,299.05322,292.38632,292.90338,295.96674,334.63214,-98284.6,4815.9756,7055.005,-72405.6,3100.0,909.65643,180025.95,2495.8489,15607.771,110002.125,22814.668,-16.717678,7206.056,59370.727,5057.1436
1693,2012-12-26,318.01074,329.6571,322.4381,321.51276,271.94037,338.49756,325.82178,284.19974,294.76212,302.65796,250.86049,319.261,327.8593,324.75964,342.7849,328.03226,321.51813,319.03644,319.27957,303.92117,273.55084,298.81473,292.3807,292.8657,295.88382,334.62228,-104110.3,1270.3643,4937.6084,-74196.266,3100.0,608.6564,184486.27,2479.5576,14895.322,112827.91,18509.365,-18.941906,7142.3447,59392.457,5110.0205
1694,2013-01-02,317.8981,329.86377,322.53192,321.6032,271.9083,338.2567,325.77148,284.07138,294.4556,302.6854,250.81213,319.29056,328.12784,324.9095,343.14993,328.2017,321.53043,318.97256,319.35965,303.9062,273.53842,298.7576,292.37354,292.83716,295.80386,334.61246,-102637.27,4348.891,6698.716,-73094.305,3100.0,736.60095,196574.62,2462.8398,15146.163,113222.72,22033.707,-18.134445,7201.24,59162.086,5138.069
1695,2013-01-09,317.90607,330.2091,322.93988,322.0782,271.95276,338.7162,325.8422,284.43057,294.28513,305.98447,252.56392,319.37354,328.7809,325.41376,343.65765,328.46167,321.5698,318.98834,320.16302,305.3896,273.57465,299.83105,292.43207,293.41608,295.75226,334.62582,-80717.914,28158.043,13978.006,-68818.75,3100.0,1151.9863,210052.31,2468.846,20173.082,111435.0,48612.887,-125.142105,7678.6455,58610.156,4047.5332
1696,2013-01-16,317.89258,330.62216,323.35095,322.439,272.03143,338.78775,325.93155,284.66898,294.41336,304.9505,251.55098,319.58902,329.37137,325.7015,344.20755,328.75348,321.67236,319.05524,320.16086,304.62692,273.6029,299.5792,292.47726,293.78854,295.80002,334.63675,-95282.484,23433.385,10912.493,-73486.1,3100.0,1500.0,223421.5,2486.9329,17800.107,113397.01,41918.22,-91.30144,7643.295,59477.805,4744.879
1697,2013-01-23,317.8181,330.98138,323.53073,322.58548,272.03073,338.3602,325.91452,284.5871,294.41498,304.0131,250.9787,319.74814,329.723,325.93253,344.469,329.04752,321.7679,319.05032,320.19913,304.49554,273.59378,299.0932,292.46765,293.8467,295.86206,334.6296,-105064.7,18741.025,9840.2705,-74750.83,3100.0,937.7747,228207.33,2508.3872,17007.14,118924.04,36954.535,-53.18793,7696.4517,60153.8,5086.745
1698,2013-01-30,317.75305,331.2587,323.547,322.5662,271.98563,337.98172,325.8685,284.49942,294.26117,303.45258,250.82808,319.84573,329.897,326.0678,344.59814,329.33685,321.85208,319.03607,320.1265,304.34494,273.58072,298.73398,292.4499,293.6952,295.8993,334.61978,-120594.37,6751.5923,6315.149,-77522.66,3100.0,618.5651,230444.38,2506.9575,15746.245,127964.0,25071.979,-42.674683,7486.6567,60792.375,5166.787
1699,2013-02-06,317.71365,331.4876,323.53827,322.54935,271.9247,337.67007,325.8152,284.38638,294.1076,303.1134,250.78888,319.88068,330.0529,326.1945,344.72266,329.59598,321.92456,319.0273,320.14655,304.3004,273.56763,298.51868,292.4297,293.4965,295.88956,334.60992,-123314.87,4259.844,5819.2065,-76186.26,3100.0,1500.0,232449.77,2492.7173,15498.408,132313.39,22503.23,-36.192543,7379.282,60723.375,5160.9775
1700,2013-02-13,317.71072,331.69122,323.6858,322.7262,271.91553,337.40427,325.75955,284.26282,294.01456,303.33176,250.85742,319.92297,330.24402,326.3884,344.78546,329.8254,321.99527,319.04733,320.39993,304.5131,273.5546,298.3398,292.40723,293.55313,295.84897,334.60007,-111549.484,16327.598,10850.724,-70694.11,3100.0,607.61334,232101.95,2459.9993,17017.54,129161.31,35490.88,-30.406822,7671.128,59888.95,5049.379
1701,2013-02-20,317.71445,331.85583,323.74432,322.75882,271.91605,337.17792,325.70386,284.18875,293.91507,303.21454,250.85652,320.00677,330.3228,326.4879,344.7658,330.03052,322.08115,319.0814,320.36844,304.38547,273.5416,298.12894,292.38266,293.4771,295.82404,334.5902,-127745.33,4562.9766,6244.569,-75520.69,3100.0,439.16455,230153.58,2445.627,15897.984,136872.34,23416.621,-29.322512,7483.5576,60206.57,5051.471
1702,2013-02-27,317.7598,331.9583,323.91336,322.98532,271.92764,336.97925,325.64926,284.1109,293.81445,303.58557,250.83672,320.07224,330.33832,326.64417,344.51538,330.2029,322.1662,319.1349,320.72635,304.76126,273.52863,297.93762,292.35608,293.65424,295.7897,334.58035,-106023.06,24399.312,13128.677,-68664.87,3100.0,310.78537,218414.28,2412.6785,18181.064,128537.26,43579.105,-20.994312,7906.331,59400.875,5011.782
1703,2013-03-06,317.87238,331.98273,324.13052,323.2388,271.99902,336.81686,325.59683,284.10666,293.73276,304.12396,250.84769,320.2243,330.26202,326.76648,344.11163,330.33508,322.27142,319.24893,321.00766,305.0822,273.51602,297.77087,292.328,293.9928,295.79462,334.57068,-102820.68,30340.201,13357.5,-68896.41,3100.0,234.38367,203179.1,2379.3848,19228.283,125795.08,48914.156,-17.515316,8199.262,59313.47,4956.8057
1704,2013-03-13,318.02963,331.9299,324.23776,323.37204,272.06467,336.69943,325.54697,284.16644,293.65323,304.3812,250.86928,320.39597,330.09647,326.8034,343.64236,330.41104,322.39514,319.3942,321.17746,305.33423,273.50366,297.62097,292.29846,294.26657,295.84546,334.56116,-104804.055,31042.13,12467.889,-70142.766,3100.0,146.72597,187572.31,2361.2185,19828.186,125003.11,49380.6,-17.82252,8324.361,59631.66,4899.4736
1705,2013-03-20,318.16818,331.79745,324.259,323.4181,272.11328,336.62354,325.49902,284.24695,293.57578,304.50937,250.84373,320.54507,329.8153,326.7465,343.15753,330.41663,322.52036,319.52698,321.2614,305.47696,273.49133,297.50793,292.26727,294.4837,295.9184,334.5516,-105310.34,31709.033,11815.565,-71535.92,3100.0,1152.5947,173514.77,2349.374,20083.047,122612.414,49497.613,-19.284409,8406.237,60129.3,4908.7476
1706,2013-03-27,318.33972,331.6213,324.26303,323.45865,272.16223,336.5696,325.4522,284.33118,293.5087,304.7015,250.84818,320.67044,329.5315,326.6932,342.6941,330.3595,322.63187,319.66846,321.39343,305.7609,273.47906,297.41028,292.2346,294.7184,296.00027,334.54205,-100598.516,35139.793,11828.345,-70792.12,3100.0,220.99815,159936.1,2333.1182,20854.58,119148.31,52319.85,-17.828148,8550.3545,60395.883,4854.419
1707,2013-04-03,318.5374,331.43463,323.9966,323.14398,272.146,336.5411,325.40625,284.4128,293.42087,304.14325,250.8288,320.74768,329.36493,326.50818,342.41846,330.26312,322.7294,319.81302,321.05872,305.63126,273.46683,297.29565,292.20053,294.58908,296.0863,334.53253,-132374.92,9756.295,6651.7026,-80594.695,3100.0,216.73914,155042.66,2352.2104,19582.283,132637.84,30808.092,-24.021057,8137.9487,61974.125,4858.585
1708,2013-04-10,318.70734,331.25885,323.8375,323.01773,272.09634,336.54956,325.36053,284.57727,293.3662,303.98627,250.82942,320.70523,329.18063,326.3953,342.16132,330.14056,322.78732,319.92426,321.09683,305.79156,273.45462,297.19434,292.16522,294.54428,296.11948,334.52298,-116420.016,19268.938,9961.003,-74364.984,3100.0,164.50089,148844.52,2342.5984,20654.6,127321.125,39820.395,-21.452072,8137.0166,61744.473,4817.7188
1709,2013-04-17,318.8359,331.07187,323.7622,322.9504,272.10022,336.58444,325.31436,284.98624,293.30408,304.03192,250.85905,320.6961,328.96622,326.2738,341.88373,330.00595,322.83038,320.01602,321.0523,305.81958,273.44244,297.10568,292.1289,294.57834,296.14032,334.5134,-116836.23,18094.844,9537.8545,-74902.625,3100.0,131.47171,142819.22,2321.708,20722.432,126191.2,38651.93,-17.626265,8018.0347,61782.75,4774.1177
1710,2013-04-24,318.95508,330.8744,323.68414,322.88718,272.10452,336.625,325.26825,285.64658,293.23615,304.0703,250.80617,320.68674,328.76883,326.15646,341.60703,329.86148,322.85907,320.0951,321.0457,305.93167,273.43033,297.03598,292.0917,294.6273,296.1614,334.50385,-112839.88,19847.637,9930.473,-75108.12,3100.0,380.45084,135264.98,2303.8638,21151.75,123837.03,40272.24,-8.832256,7782.3853,61919.734,4791.3896
1711,2013-05-01,319.07843,330.6865,323.61786,322.8312,272.1102,336.6717,325.22284,286.81174,293.16837,304.1131,250.7847,320.6823,328.61917,326.05362,341.37656,329.7135,322.87784,320.18015,321.03232,306.02664,273.4182,297.00876,292.05383,294.6906,296.1855,334.4943,-111444.27,19985.943,9775.727,-75212.016,3100.0,335.73108,130378.65,2287.7856,21524.31,122527.27,40421.754,-7.875801,7377.4644,62090.152,4775.8423
1712,2013-05-08,319.19577,330.5357,323.53,322.74274,272.1087,336.89896,325.1875,288.07263,293.099,304.99966,251.0762,320.67447,328.5557,325.9915,341.29422,329.5786,322.89203,320.25787,321.04327,306.28598,273.41776,297.3287,292.03165,294.7453,296.21344,334.4847,-116715.68,15007.632,8276.631,-77531.4,3100.0,1500.0,130783.875,2276.7024,21976.463,126264.8,36790.38,-26.85527,6987.5356,62618.64,4578.8716
1713,2013-05-15,319.29987,330.42786,323.4803,322.70157,272.1131,337.24362,325.20435,289.10864,293.0286,304.9923,251.52782,320.658,328.4354,325.91452,341.21957,329.4709,322.90912,320.32953,321.01562,306.38263,273.42947,297.73502,292.02606,294.81668,296.24615,334.4832,-112811.01,17058.982,8473.991,-76646.336,3100.0,1500.0,127510.97,2290.258,22409.135,123786.41,38257.062,-43.992264,6612.0337,62668.31,4327.635
1714,2013-05-22,319.35806,330.2908,323.44543,322.67758,272.13693,337.3217,325.2066,289.83557,292.9692,304.4075,251.07736,320.64795,328.25412,325.79953,341.03882,329.35623,322.9186,320.37567,320.95413,306.1598,273.4285,297.60083,292.00247,294.87808,296.28275,334.47955,-107805.65,20314.453,8980.381,-75193.625,3100.0,1037.7314,121758.3,2296.1848,21957.271,119059.97,40194.723,-25.452633,6504.5396,62592.99,4583.6357
1715,2013-05-29,319.43222,330.13623,323.40253,322.64804,272.16183,337.51694,325.22913,290.5183,292.92618,304.99387,251.65259,320.64334,328.09576,325.73804,340.80124,329.25314,322.9206,320.42062,321.011,306.54483,273.43402,297.9798,291.98788,294.99142,296.32443,334.48242,-106985.195,20395.041,8524.486,-77160.41,3100.0,1500.0,116020.35,2292.895,22959.605,119029.77,40568.45,-42.442596,6344.6445,62880.215,4269.489
1716,2013-06-05,319.6587,330.15097,323.48044,322.7329,272.20676,338.94797,325.5404,291.8959,317.15155,308.85843,254.78914,320.65894,328.46872,326.00363,340.87753,329.31308,322.9747,320.5707,321.43118,308.0676,273.5291,300.51108,292.0983,295.37598,296.41592,334.54794,-113097.15,15543.617,1508.2622,-86921.01,255.4448,255.4448,125319.586,2404.121,27010.95,130725.84,40730.332,-55.834877,5690.1855,63470.37,2026.8792
1717,2013-06-12,319.74976,330.22083,323.34518,322.51517,272.20447,339.4685,325.80814,292.67023,315.84833,306.06226,252.43578,320.67923,328.4357,325.8052,341.1033,329.31613,323.05988,320.68216,320.80472,306.37302,273.5963,300.32855,292.17096,295.15024,296.54495,334.59464,-140178.69,-6438.4224,-2822.187,-90770.055,3100.0,1500.0,128949.92,2513.4148,20868.244,136451.39,16024.244,62.54814,4950.6235,65153.773,3906.2424
1718,2013-06-19,319.90363,330.27164,323.38458,322.61588,272.22937,339.7495,325.99005,293.0443,326.35217,307.35483,253.4243,320.6095,328.54675,325.9771,341.18393,329.37936,323.0717,320.7762,321.22202,307.38007,273.63907,301.44965,292.21057,295.24512,296.5897,334.62454,-111981.19,15005.713,1354.0908,-87966.516,3100.0,1500.0,128924.15,2605.9214,25367.543,129817.41,39324.133,120.99166,5199.669,63837.332,2485.7786
1719,2013-06-26,320.06918,330.34253,323.48746,322.70654,272.31827,340.40698,326.24442,293.61615,335.65222,307.6689,253.39078,320.67615,328.46454,326.01352,341.07358,329.4734,323.1233,320.91483,321.21146,307.2758,273.7006,301.92148,292.27808,295.41495,296.68094,334.66788,-124479.66,7691.2573,-1509.6547,-92980.99,3100.0,1500.0,120586.62,2700.7927,24675.502,133273.53,32563.943,176.74431,4882.347,64611.777,2718.9583
1720,2013-07-03,320.09378,330.28055,323.65012,322.93442,272.39236,340.6758,326.38614,293.87115,330.1118,306.7225,252.3433,320.7394,328.32742,325.9868,340.85245,329.451,323.16882,320.95786,321.42587,307.1076,273.73108,301.27487,292.30447,295.69037,296.78104,334.68985,-92647.086,32069.459,4320.3467,-79676.26,3100.0,1500.0,114329.8,2763.187,24638.266,115611.484,49859.066,149.83652,5254.968,64227.918,3864.9258
1721,2013-07-10,320.53195,330.4491,323.71198,322.92227,272.53247,342.2795,326.80624,294.95224,366.37012,311.3696,256.1104,320.89407,329.10773,326.4438,341.1944,329.63315,323.2614,321.27985,321.7269,308.94897,273.8449,303.60037,292.44907,295.9512,296.97568,334.77005,-146735.14,-6422.62,-13794.7,-116959.21,255.4448,255.4448,133075.77,2851.348,29094.857,151168.62,26616.568,295.1479,4104.2227,65484.555,-528.1033
1722,2013-07-17,320.52646,330.63684,323.58728,322.74777,272.485,342.98502,327.1882,295.33942,356.4285,306.6701,252.62492,320.925,328.9468,326.15155,341.53464,329.72766,323.38602,321.31644,321.06464,306.7116,273.92014,302.86716,292.543,295.66595,297.14297,334.82385,-146161.3,-6852.253,-6971.649,-96168.21,3100.0,1500.0,136276.55,3236.715,21372.904,143124.55,15057.044,203.3171,3533.2341,67869.01,4126.4243
1723,2013-07-24,320.42065,330.65094,323.4326,322.60425,272.40683,342.63834,327.19028,295.03125,334.52576,305.54974,252.20317,320.818,328.91486,326.12137,341.651,329.69507,323.38602,321.22427,321.06195,306.92145,273.92535,302.4048,292.5423,295.4235,297.17923,334.82877,-133329.48,660.6376,-1693.3131,-90813.87,3100.0,1500.0,139049.67,3196.1038,22633.314,140306.25,23354.305,102.5338,4098.01,67354.55,4237.0557
1724,2013-07-31,320.3456,330.63608,323.52283,322.73206,272.40796,342.27487,327.12592,294.8104,321.62405,304.96573,251.53613,320.7728,328.78033,326.09982,341.55347,329.6513,323.37177,321.17252,321.15863,306.74942,273.92584,301.71112,292.5381,295.48334,297.1919,334.83032,-114428.695,16240.857,3717.5994,-82165.3,3100.0,1500.0,133446.88,3075.8254,22821.072,129775.51,35767.465,60.791794,4684.5137,66607.91,4875.2075
1725,2013-08-07,320.30228,330.54092,323.60507,322.8412,272.45004,341.88818,327.01553,294.58264,314.19012,305.12384,251.51541,320.79703,328.55045,326.07053,341.27884,329.59244,323.36383,321.1463,321.25928,306.88675,273.91986,301.24753,292.5281,295.62823,297.22635,334.8272,-109419.16,20935.717,4461.516,-81928.305,3100.0,1500.0,124288.33,2972.1555,23252.244,125044.664,39590.336,32.229813,5118.343,66253.7,4793.6313
1726,2013-08-14,320.3365,330.40332,323.72238,323.00275,272.52762,341.74213,326.9568,294.5854,314.8308,306.0596,251.96239,320.86328,328.37933,326.07877,340.89297,329.5384,323.3748,321.18063,321.48886,307.26517,273.92624,301.183,292.53864,295.90112,297.29572,334.8326,-98674.83,29196.291,4576.5605,-81547.77,3100.0,1500.0,113075.125,2912.4868,24421.908,118728.9,46836.637,38.939285,5408.051,65829.55,4326.3667
1727,2013-08-21,320.37198,330.20947,323.76807,323.06845,272.61053,341.6621,326.93256,294.71326,314.4704,306.23145,251.89978,320.9636,328.0662,325.97876,340.43677,329.4467,323.40628,321.223,321.51605,307.28613,273.93576,301.04102,292.5568,296.13287,297.4002,334.84015,-99851.84,29157.035,3799.3267,-83430.28,3100.0,1500.0,101348.45,2892.0068,24201.96,115083.195,45973.734,41.17527,5488.3374,66248.63,4437.066
1728,2013-08-28,320.36298,329.91226,323.67892,323.01187,272.66064,341.46072,326.88354,294.68,310.44684,305.85974,251.56032,321.0293,327.51495,325.74744,339.91193,329.27344,323.42636,321.22528,321.45123,307.2032,273.93555,300.7212,292.56433,296.2841,297.50882,334.84088,-96328.58,30829.238,4377.8154,-82363.73,3100.0,1500.0,87225.36,2874.1921,23699.908,108513.67,46161.535,28.110733,5666.9526,66689.58,4763.5312
1729,2013-09-04,320.34448,329.54266,323.48187,322.8281,272.68515,341.2631,326.82477,294.4265,308.42816,305.7574,251.53566,321.0517,327.04825,325.4708,339.4419,329.0354,323.42093,321.20813,321.28958,307.18317,273.93256,300.52652,292.57025,296.3534,297.61063,334.83957,-99965.58,27132.754,3216.8994,-85552.625,3100.0,1500.0,79218.15,2854.875,23303.676,106207.54,42718.812,22.084312,5839.022,67349.38,4742.0117
1730,2013-09-11,320.2889,329.18875,323.16595,322.48914,272.6465,341.00034,326.75006,293.98257,304.06003,304.8994,251.1102,321.00165,326.72308,325.13187,339.16504,328.76944,323.38196,321.14807,320.91177,306.82928,273.92313,300.65933,292.56906,296.23007,297.6882,334.8337,-110576.55,17292.834,2349.812,-87949.52,3100.0,1500.0,79536.6,2842.5103,21862.816,107878.5,33643.297,10.643379,5887.6094,68377.57,5152.863
1731,2013-09-18,320.38123,329.0152,322.85327,322.12653,272.58978,341.30273,326.80154,293.8932,316.99188,306.44415,252.7795,320.88458,326.81668,325.05392,339.2357,328.57526,323.31958,321.17154,320.7314,307.36963,273.94714,301.52066,292.61566,296.027,297.74155,334.8511,-129559.83,-2377.2886,-3887.9084,-99440.63,3100.0,1500.0,89153.76,2888.2524,22807.346,121997.06,20503.322,36.557106,5481.8784,68850.42,3448.259
1732,2013-09-25,320.3023,328.88358,322.5737,321.82397,272.49756,341.39713,326.8629,293.43912,312.67892,304.446,251.49208,320.7186,326.52856,324.72833,339.40866,328.3523,323.2488,321.0879,320.266,306.33215,273.9606,300.95844,292.64865,295.65735,297.74036,334.86127,-126404.51,-4818.817,-2166.1514,-91043.57,3100.0,1500.0,93343.484,2938.2153,19400.123,117874.17,13925.231,34.505173,5424.618,69210.79,4990.2285
1733,2013-10-02,320.13657,328.71118,322.32422,321.5675,272.40683,341.09326,326.7898,292.3246,303.8589,303.4388,251.11398,320.51236,326.3677,324.51016,339.57562,328.1066,323.12564,320.92435,320.02112,306.05624,273.94528,300.47476,292.64197,295.28693,297.66397,334.85126,-119370.71,-3950.9417,-333.18265,-86981.54,3100.0,1500.0,100044.46,2889.3535,18772.424,114972.805,14179.382,10.757866,5849.88,68436.19,5206.6914
1734,2013-10-09,319.99768,328.61157,322.23944,321.48535,272.35867,340.81967,326.70126,291.07678,300.1717,303.3156,251.0423,320.3333,326.40097,324.42154,339.8131,327.90533,322.9891,320.7853,319.93655,305.92963,273.93005,300.16238,292.6357,295.0897,297.56067,334.84122,-109763.54,1907.6665,2826.9468,-83424.49,3100.0,1500.0,108317.23,2819.1506,19062.863,110891.58,20209.271,-10.25782,6372.715,67410.87,5218.3457
1735,2013-10-16,319.8942,328.61563,322.21677,321.42426,272.31802,340.56738,326.6143,290.06638,298.188,303.14206,250.99112,320.19757,326.67526,324.416,340.18222,327.7803,322.86215,320.6752,319.79968,305.72815,273.91498,300.13687,292.62976,294.8613,297.461,334.8312,-114090.734,-3452.9082,1035.4204,-84486.32,3100.0,1500.0,120437.31,2771.6162,18255.13,114181.79,14625.84,-23.435184,6513.477,66957.31,5234.506
1736,2013-10-23,319.78757,328.75348,322.24844,321.42715,272.2691,340.34528,326.53592,289.12177,296.98947,303.3706,250.98442,320.07596,327.05417,324.5111,340.8159,327.7702,322.7478,320.56937,319.77957,305.5933,273.90002,300.64728,292.62408,294.64276,297.35162,334.82117,-113241.766,-3335.481,1429.2023,-82716.35,3100.0,1500.0,139065.95,2728.639,18083.838,116614.13,14958.416,-52.19234,6815.108,66304.41,5224.4136
1737,2013-10-30,319.7888,329.1021,322.43005,321.57672,272.2647,340.60037,326.57956,288.08466,306.5142,305.08945,252.30547,320.00745,327.72937,324.84598,341.6407,327.91074,322.66742,320.54962,319.9697,306.09045,273.91415,301.5868,292.659,294.5778,297.25845,334.8314,-116274.4,-4162.796,-678.67017,-88257.44,3100.0,1500.0,161276.4,2759.8206,19777.549,123501.46,17179.68,-24.97953,7042.664,65452.09,3954.185
1738,2013-11-06,319.65192,329.4557,322.6163,321.741,272.2514,340.7082,326.63837,287.07922,304.43317,303.82883,251.36443,319.98312,327.94058,324.94852,342.1681,328.06366,322.6236,320.45578,319.87418,305.35165,273.9205,301.0677,292.68317,294.47275,297.17938,334.83627,-113498.15,539.5205,2295.4795,-82076.88,3100.0,1500.0,168565.86,2790.7285,17823.059,119902.125,18788.225,3.3741608,7257.3486,65213.27,5076.373
1739,2013-11-13,319.50406,329.7044,322.68448,321.78796,272.21902,340.52048,326.6006,286.41135,299.52588,303.1471,251.10379,319.9509,328.1756,325.08182,342.4658,328.21866,322.56985,320.33905,319.86713,305.23816,273.90558,300.47714,292.67746,294.28967,297.08957,334.82623,-116378.086,-1544.4733,2158.8396,-80794.56,3100.0,1500.0,173759.61,2764.279,17369.133,122978.02,16520.576,-10.174248,7368.564,64711.227,5202.419
1740,2013-11-20,319.3767,329.92792,322.7456,321.84262,272.1899,340.3329,326.54807,285.96292,297.54135,302.97906,251.06808,319.92014,328.32065,325.19382,342.6958,328.39957,322.52405,320.242,319.88315,305.11572,273.89075,300.06476,292.67154,294.1266,296.99286,334.81622,-116169.57,-690.24335,3061.6836,-79296.18,3100.0,1283.3207,178428.72,2730.6704,17147.705,123915.625,17361.36,-11.879459,7434.0713,64084.152,5203.512
1741,2013-11-27,319.2533,330.1251,322.806,321.8975,272.16306,340.12262,326.4919,285.62354,296.49585,302.91666,251.02393,319.89746,328.4543,325.30386,342.88443,328.5776,322.48898,320.15286,319.9054,304.99606,273.876,299.76224,292.66534,293.98703,296.893,334.80618,-116931.234,-495.6894,3412.1638,-78987.6,3100.0,1060.7649,182722.28,2703.0571,16925.104,125122.37,17537.58,-19.320492,7459.127,63609.715,5227.903
1742,2013-12-04,319.13782,330.3078,322.90158,321.99545,272.14056,339.89563,326.43723,285.354,295.77548,303.00192,251.00166,319.88788,328.63354,325.4305,343.076,328.7434,322.46512,320.07346,319.985,304.95605,273.86166,299.5145,292.6592,293.92548,296.7938,334.79633,-114118.49,3540.9167,5496.82,-77511.555,3100.0,886.3187,188017.7,2676.4365,17227.455,124528.79,22032.232,-26.151985,7566.524,63085.996,5235.1846
1743,2013-12-11,319.04654,330.48627,323.06702,322.17465,272.145,339.65875,326.38538,285.14865,295.31448,303.26968,251.05061,319.90994,328.82904,325.59186,343.22107,328.90353,322.4552,320.01648,320.15482,305.02896,273.8476,299.28424,292.6529,294.00436,296.70828,334.78665,-108038.36,11218.64,8351.862,-74540.89,3100.0,1012.0034,190700.9,2647.6794,17990.668,122277.24,30083.79,-27.936623,7786.6562,62416.117,5163.2134
1744,2013-12-18,318.95947,330.64545,323.21176,322.3159,272.16028,339.42188,326.3361,285.01108,294.98297,303.4312,251.0368,319.96732,328.95947,325.71484,343.32867,329.05722,322.46347,319.9699,320.24084,305.00967,273.83362,299.07956,292.64584,294.08618,296.65155,334.77695,-110372.97,11849.246,8271.292,-75703.625,3100.0,609.004,193038.6,2627.033,17882.166,122776.02,30591.496,-27.821585,7870.766,62323.324,5172.37
1745,2013-12-25,318.86792,330.77982,323.29272,322.3927,272.1544,339.18573,326.28928,284.91037,294.68973,303.44705,250.97649,320.02188,329.04715,325.8027,343.43597,329.19513,322.48035,319.92108,320.28018,304.95526,273.8197,298.89575,292.63776,294.10925,296.61124,334.7672,-113238.875,11115.094,7856.035,-76849.83,3100.0,483.18896,195888.27,2613.5562,17590.66,123790.67,29673.012,-29.890427,7875.94,62440.293,5222.4614
1746,2014-01-01,318.77448,330.9076,323.29117,322.36807,272.11905,338.94662,326.24454,284.81818,294.4284,303.23694,250.92474,320.05478,329.15683,325.85352,343.62024,329.31747,322.49722,319.8656,320.20828,304.7892,273.80588,298.79074,292.62833,293.98923,296.57114,334.7575,-122366.125,3711.594,5162.1284,-79010.12,3100.0,525.7358,201753.8,2607.9695,16548.592,128402.016,21935.846,-31.73438,7697.812,62703.703,5264.0923
1747,2014-01-08,318.68884,331.07736,323.34293,322.4192,272.0787,338.70615,326.20123,284.70496,294.2558,303.34756,250.88603,320.0585,329.42828,325.9846,344.02585,329.4335,322.5068,319.81213,320.2916,304.7974,273.7921,298.72482,292.61725,293.91995,296.51096,334.7478,-118655.55,7563.7573,6948.3115,-76952.38,3100.0,1086.2756,215001.3,2590.8914,16903.326,128956.84,26138.713,-37.737106,7762.9956,62447.145,5278.7627
1748,2014-01-15,318.62717,331.31644,323.4312,322.47696,272.04367,338.47324,326.1592,284.59946,294.0784,303.13004,250.8609,320.07718,329.79556,326.14746,344.38977,329.58365,322.5211,319.7764,320.28824,304.69,273.77844,298.61755,292.60428,293.7968,296.44742,334.73807,-126172.05,2180.193,4849.6113,-78217.36,3100.0,1159.809,224378.47,2581.0806,16252.762,134643.81,20486.873,-34.07653,7614.6914,62400.844,5282.2114
1749,2014-01-22,318.55716,331.54495,323.5239,322.55942,272.00388,338.25912,326.11728,284.48154,293.9147,303.00793,250.8417,320.08835,330.01755,326.29486,344.5972,329.7683,322.54016,319.739,320.3473,304.6227,273.76483,298.46332,292.5893,293.669,296.37177,334.72836,-126400.78,3267.732,5617.0923,-76957.875,3100.0,679.7125,228680.7,2569.6758,16239.748,136617.23,21645.566,-31.37148,7585.2847,62058.688,5286.9673
1750,2014-01-29,318.49072,331.73773,323.6614,322.70874,271.9885,338.05655,326.07498,284.36768,293.7602,303.1714,250.83527,320.11917,330.1745,326.44882,344.70593,329.95673,322.56644,319.70905,320.4992,304.67953,273.7513,298.3095,292.57217,293.68057,296.2919,334.71863,-121207.336,9935.775,8420.005,-74609.37,3100.0,789.8822,230060.61,2548.373,16958.36,135100.69,28806.752,-29.178164,7737.31,61539.02,5269.3403
1751,2014-02-05,318.45264,331.88977,323.81766,322.87683,271.99756,337.85858,326.0324,284.29105,293.61472,303.40927,250.83893,320.18704,330.26492,326.5912,344.6448,330.13406,322.6058,319.7032,320.6612,304.77887,273.73785,298.15662,292.5529,293.7827,296.23117,334.7089,-119148.07,14248.0625,9821.231,-73697.445,3100.0,281.3633,225234.75,2527.066,17514.031,134360.23,33417.477,-26.506804,7890.606,61232.023,5236.7754
1752,2014-02-12,318.45316,331.96054,324.0979,323.22168,272.06525,337.67087,325.9898,284.26114,293.5005,304.07388,250.92673,320.30157,330.18692,326.7517,344.2937,330.2831,322.6612,319.73407,321.07242,305.15048,273.7245,298.00494,292.53152,294.14948,296.2002,334.69916,-97857.234,34115.5,13673.269,-66924.16,3100.0,184.97028,210222.55,2489.908,19279.291,123865.695,51086.2,-20.51408,8355.346,60266.5,5105.7974
1753,2014-02-19,318.4663,331.91382,324.29688,323.45746,272.1762,337.5007,325.94763,284.3192,293.41656,304.58304,250.94034,320.497,329.90927,326.7867,343.7768,330.3721,322.74414,319.78854,321.27774,305.3385,273.71118,297.86398,292.50815,294.53738,296.2313,334.68942,-97673.836,37491.395,12650.497,-69462.766,3100.0,117.955826,192869.31,2463.4504,19575.285,119228.9,53127.082,-18.923477,8570.621,60415.46,5084.6865
1754,2014-02-26,318.5226,331.77036,324.33826,323.5227,272.2527,337.34268,325.90628,284.42368,293.37564,304.77347,250.91548,320.67603,329.633,326.7348,343.22928,330.38022,322.83188,319.8576,321.37204,305.54578,273.69794,297.7312,292.48282,294.81775,296.3037,334.6797,-100002.84,37022.086,11515.7,-71939.08,3100.0,95.87843,176010.27,2455.9377,19865.41,117306.55,52410.52,-17.397396,8654.596,61013.55,5074.3276
1755,2014-03-05,318.6251,331.56598,324.24295,323.44528,272.29108,337.2114,325.86636,284.53204,293.3237,304.7494,250.92009,320.80338,329.2255,326.6057,342.6804,330.3164,322.90842,319.94528,321.34695,305.69138,273.68506,297.61902,292.4561,294.97787,296.3885,334.67014,-106209.695,32353.408,10052.138,-74611.49,3100.0,114.26177,160102.42,2456.6675,20000.201,117698.836,48450.535,-19.722574,8632.556,61792.47,5038.895
1756,2014-03-12,318.7492,331.3223,324.0337,323.23233,272.28726,337.1193,325.82703,284.61328,293.2631,304.48322,250.93484,320.858,328.99423,326.4213,342.29532,330.19098,322.96423,320.03186,321.19107,305.72266,273.6725,297.51334,292.4279,294.98663,296.46338,334.66074,-116299.61,23459.8,8410.953,-77601.82,3059.899,25.865273,152553.11,2464.015,19813.242,121242.71,41181.516,-24.925364,8496.015,62639.473,4999.547
1757,2014-03-19,318.83508,331.08405,323.73816,322.91888,272.2349,337.0642,325.7868,284.64163,293.19168,303.99518,250.90123,320.8286,328.66254,326.1825,342.02573,330.02277,322.99033,320.0801,320.90765,305.56134,273.65997,297.41846,292.39804,294.81006,296.50745,334.65134,-128034.195,10913.083,6269.0615,-81010.57,3100.0,53.809692,148213.22,2473.6272,18850.395,125933.81,30190.2,-30.95702,8233.473,63482.664,5029.919
1758,2014-03-26,318.9379,330.85962,323.58685,322.79553,272.19507,337.0266,325.74487,284.6074,293.1143,303.9485,250.90573,320.74722,328.5158,326.05554,341.8205,329.83853,322.9822,320.12668,320.92316,305.73068,273.64755,297.33752,292.36673,294.7678,296.50656,334.6419,-114255.56,18639.29,8970.746,-76143.56,2985.5298,0.0,143779.31,2455.8093,19861.86,121276.64,37811.613,-28.232765,8347.674,63101.58,4970.2383
1759,2014-04-02,319.06827,330.66953,323.50623,322.71326,272.18982,337.01154,325.7013,284.57666,293.04532,303.95248,250.89902,320.7047,328.3955,325.94925,341.58868,329.66962,322.96967,320.1997,320.86737,305.81134,273.6352,297.25568,292.3341,294.75616,296.5017,334.63248,-116681.91,15413.234,8194.437,-77559.32,2963.0007,0.0,136946.22,2436.997,20102.873,122359.52,35232.03,-25.83099,8343.357,63175.99,4937.759
1760,2014-04-09,319.18442,330.4827,323.4125,322.62674,272.17883,337.03082,325.6568,284.7224,292.97845,303.91245,250.89719,320.66138,328.23288,325.83093,341.36716,329.5115,322.95618,320.26584,320.8224,305.86523,273.62292,297.18808,292.30038,294.73373,296.4954,334.62305,-114758.38,15365.749,8376.707,-77055.01,3100.0,177.79947,132219.42,2422.5571,20389.807,121240.85,35382.59,-23.819832,8230.29,63140.574,4909.6816
1761,2014-04-16,319.26294,330.28137,323.39655,322.64294,272.19724,337.07336,325.6119,285.133,292.917,304.1225,250.93098,320.63306,327.99207,325.72058,341.06888,329.35336,322.94046,320.31238,320.88913,305.98608,273.61075,297.1632,292.26572,294.83588,296.4894,334.6136,-102960.22,23747.094,9865.345,-73825.445,3100.0,177.01721,123288.34,2398.0234,21092.07,114477.766,42425.293,-17.365475,8240.154,62695.75,4851.9556
1762,2014-04-23,319.3387,330.07565,323.30038,322.53207,272.20947,337.11856,325.5676,285.81738,292.86185,304.35275,250.87451,320.62735,327.92194,325.60272,340.8474,329.18707,322.9247,320.35474,320.79062,306.0142,273.59863,297.1568,292.2304,294.8582,296.50122,334.60416,-112482.37,15422.655,8008.577,-78551.78,3100.0,622.73724,120807.7,2383.0417,20825.686,118259.96,35692.707,-16.213692,7897.19,63313.26,4884.464
1763,2014-04-30,319.47726,329.94128,323.1798,322.4086,272.188,337.6241,325.58734,287.29337,292.80032,305.284,251.9213,320.58417,327.87903,325.55463,340.74323,329.06732,322.9095,320.428,320.8053,306.59988,273.61786,297.85474,292.2381,294.87256,296.51508,334.60577,-116544.86,10367.37,6521.4424,-80699.64,3100.0,1232.6035,118886.89,2413.6687,22257.459,123134.36,32195.668,-38.06302,7091.872,63747.56,4232.0195
1764,2014-05-07,319.56598,329.85565,323.1742,322.41827,272.19443,338.0586,325.6581,288.697,292.74094,305.08,251.81844,320.54437,327.87845,325.50464,340.73956,328.97186,322.90662,320.492,320.8091,306.41278,273.64316,298.1558,292.25385,294.96924,296.53568,334.61465,-106198.12,17753.799,7920.347,-77905.32,3100.0,1017.21857,120436.41,2432.6682,22169.834,117591.29,38024.582,-51.994987,6784.3145,63659.086,4343.2393
1765,2014-05-14,319.64212,329.8277,323.04813,322.24176,272.17978,338.44565,325.7526,289.75238,294.38428,305.1395,252.34613,320.51093,327.94174,325.4592,340.8426,328.91345,322.9063,320.5348,320.62006,306.49173,273.66965,298.68472,292.27078,294.8518,296.568,334.63235,-127414.61,-586.0066,2565.7395,-84730.195,3100.0,1163.025,124631.95,2480.1868,21426.184,128841.98,21357.518,-72.82675,6128.623,64524.215,4010.655
1766,2014-05-21,319.66357,329.80084,323.11627,322.36368,272.19022,338.50974,325.7975,290.42667,294.44608,304.60175,251.51945,320.4467,327.92273,325.45172,340.87085,328.86206,322.89072,320.55316,320.77042,306.28525,273.68115,298.64258,292.26688,294.9523,296.57153,334.63974,-96625.88,23244.637,9152.192,-73890.8,3100.0,1407.7017,123065.19,2475.9062,22194.207,114298.766,42221.188,-40.352695,6342.9556,63430.117,4518.581
1767,2014-05-28,319.84152,329.9402,323.2112,322.40192,272.23108,339.5518,326.03714,291.6767,319.04196,308.39984,254.47495,320.4655,328.50882,325.78006,341.1428,328.97568,322.91367,320.66174,321.03156,307.73322,273.75638,300.8189,292.35205,295.1693,296.62354,334.69174,-127390.8,-7.961914,-1996.8914,-93356.15,3100.0,1500.0,136453.02,2576.8125,25327.826,137603.55,27750.543,-10.858597,5529.3926,64430.703,2391.58
1768,2014-06-04,319.98093,330.17886,323.20963,322.35675,272.23465,340.26035,326.34213,292.59903,326.2115,306.77893,253.21732,320.46143,328.70862,325.7971,341.55972,329.11847,322.98376,320.79782,320.74957,306.68698,273.83444,300.95978,292.44217,295.02396,296.70605,334.74625,-136627.67,-7400.8096,-4347.744,-92944.266,3100.0,1500.0,143893.39,2693.2178,21840.17,139959.02,16546.936,115.110504,4843.14,65122.055,3128.1602
1769,2014-06-11,320.04953,330.35962,323.1777,322.31412,272.2239,340.4656,326.5098,292.87222,326.97513,306.1461,252.97516,320.41174,328.88242,325.8813,341.85898,329.23923,323.00815,320.8437,320.74234,306.69647,273.8726,300.93903,292.47787,294.8141,296.7266,334.7732,-135051.52,-7145.626,-3741.168,-91538.55,3100.0,1500.0,149505.94,2816.6243,22060.754,142432.88,16904.582,148.21475,4707.225,64971.46,3286.7202
1770,2014-06-18,320.06528,330.49164,323.36743,322.55865,272.25806,340.58585,326.60565,293.0096,323.74094,305.79892,252.34435,320.40567,328.89496,325.98926,341.8562,329.3532,323.02664,320.87006,320.99774,306.67633,273.8983,300.82724,292.4978,294.9738,296.7282,334.79163,-109413.26,15839.405,4404.396,-81689.555,3100.0,1500.0,143910.84,2835.7356,23345.02,130138.77,37891.01,131.54027,5157.9346,64189.273,3959.167
1771,2014-06-25,320.11444,330.54947,323.674,322.90555,272.36526,340.7047,326.65857,293.2113,321.80505,306.5221,252.41139,320.5162,328.94424,326.15744,341.69348,329.4675,323.06577,320.93256,321.3571,307.05975,273.91888,301.09232,292.5124,295.36273,296.78,334.80655,-97433.06,27887.092,4947.7056,-80474.32,3100.0,1500.0,137307.81,2820.3354,24655.336,123428.19,47787.918,119.12546,5483.7114,63770.953,3841.522
1772,2014-07-02,320.3204,330.6773,323.84268,323.0523,272.48273,341.39484,326.84067,293.8907,336.32205,308.3377,253.77284,320.69653,329.24554,326.3941,341.74966,329.65152,323.15558,321.10916,321.55658,307.75092,273.97464,302.51376,292.57788,295.669,296.9158,334.84604,-119720.07,14859.604,-2068.639,-94717.484,3100.0,1500.0,140862.95,2886.4192,26201.62,135479.84,39223.21,155.95221,5034.167,64635.145,2429.168
1773,2014-07-09,320.32846,330.7653,323.79486,322.97507,272.48517,341.68768,326.9797,294.1721,329.3935,306.14914,252.16432,320.79877,329.1182,326.27356,341.73694,329.73416,323.25592,321.1479,321.25693,306.81778,274.00745,302.00482,292.6137,295.63303,297.05167,334.8697,-127650.64,9970.533,310.0788,-89188.25,3100.0,1500.0,138042.23,3006.05,22891.148,134580.23,31069.898,129.3919,4828.2227,66241.97,4384.5396
1774,2014-07-16,320.36786,330.7642,323.8661,323.1003,272.5109,341.88077,327.032,294.2411,327.03967,306.85532,252.66048,320.832,329.09006,326.3789,341.61224,329.7588,323.30643,321.18546,321.58386,307.46097,274.02786,301.8802,292.63443,295.81677,297.14392,334.8846,-106944.44,24575.68,1935.9448,-85734.09,3100.0,1500.0,134159.56,2995.5227,25131.37,128058.24,44534.332,106.09195,5178.715,65639.82,3706.0063
1775,2014-07-23,320.3513,330.69586,323.92166,323.16516,272.56216,341.8603,327.04276,294.3134,318.49048,305.81262,251.6157,320.92844,328.75385,326.26547,341.2884,329.73074,323.3659,321.20102,321.4939,307.00287,274.0372,301.17636,292.642,295.96045,297.25085,334.8918,-109161.16,24960.21,3368.8618,-83602.33,3100.0,1500.0,121647.01,2976.651,23446.906,123344.61,42236.617,71.76954,5309.52,66390.96,4857.2744
1776,2014-07-30,320.32114,330.48907,323.8984,323.18393,272.5967,341.56625,326.96027,294.2777,310.5796,305.59525,251.42203,320.98755,328.42395,326.1489,340.83374,329.6368,323.39587,321.18976,321.57346,307.1552,274.02905,300.77866,292.62735,296.1137,297.34647,334.88666,-97977.4,31745.14,5246.8755,-80276.61,3100.0,1500.0,110248.414,2917.391,23834.908,115727.19,47468.848,35.39795,5650.664,66294.97,4907.4077
1777,2014-08-06,320.63077,330.47366,323.8688,323.1242,272.689,342.45584,327.1596,294.97302,338.8476,309.4762,254.58328,321.08398,328.808,326.39438,340.8896,329.71472,323.45822,321.4124,321.80652,308.57416,274.0977,303.04263,292.72174,296.33954,297.49973,334.93503,-129583.2,9516.949,-7073.576,-105084.586,3100.0,1500.0,121101.92,2971.1926,27598.035,137492.03,35357.863,123.34143,4953.8184,66982.48,1526.8665
1778,2014-08-13,320.83713,330.634,323.71237,322.89844,272.68726,343.5616,327.57187,295.73346,355.13608,308.61542,254.22253,321.12204,328.9612,326.34366,341.21375,329.83478,323.5698,321.58017,321.43198,307.9038,274.19232,304.10913,292.855,296.1942,297.6696,335.0019,-154319.06,-10530.393,-11262.162,-108264.53,3100.0,1500.0,128507.94,3223.6396,24432.02,149279.62,15502.253,194.1125,3929.5037,69051.76,2395.9539
1779,2014-08-20,320.76303,330.6396,323.54456,322.7486,272.61655,343.72238,327.75452,295.7074,338.7785,306.13455,252.43207,321.02643,328.62952,326.1484,341.23276,329.8099,323.60968,321.52988,321.22205,307.12802,274.22476,303.29562,292.90387,295.98044,297.73367,335.02554,-134366.19,2852.7893,-2963.4705,-92673.83,3100.0,1500.0,124034.93,3348.454,22665.398,138109.66,24149.28,115.08597,4161.2256,69233.055,4443.1494
1780,2014-08-27,320.6356,330.47092,323.66257,322.9544,272.64444,343.33893,327.69547,295.29535,320.49646,305.4027,251.5509,320.97266,328.28287,326.06613,340.864,329.66956,323.59042,321.44125,321.48572,307.18735,274.21765,302.28857,292.8996,296.16537,297.74854,335.02158,-94786.39,31269.059,4616.8447,-78835.17,3100.0,1500.0,110960.3,3237.65,23635.938,117216.59,46405.16,56.020157,5148.6133,67779.71,5138.4785
1781,2014-09-03,320.54984,330.20374,323.7367,323.04813,272.72614,342.85843,327.56372,294.82086,310.49124,305.39468,251.29034,321.04095,327.91544,325.92538,340.38712,329.4832,323.57672,321.39008,321.4933,307.19278,274.20367,301.59814,292.88754,296.3711,297.80902,335.01266,-96870.66,30991.65,4495.8745,-82165.91,3100.0,1500.0,100360.55,3117.6533,23329.96,112158.38,45463.293,15.826874,5700.0093,67864.2,5286.506
1782,2014-09-10,320.48682,329.8942,323.43137,322.70322,272.69904,342.395,327.42487,294.3148,305.0646,304.71844,251.131,321.05457,327.50626,325.6104,340.02396,329.253,323.55453,321.33295,321.06653,306.88474,274.18903,301.13232,292.87643,296.21863,297.88406,335.00317,-123447.97,11101.177,1219.4269,-90663.01,3100.0,1500.0,95521.68,3073.9531,21702.977,120049.44,28776.045,-6.098381,5676.816,69241.45,5388.51
1783,2014-09-17,320.42145,329.58688,323.18396,322.4836,272.63593,341.98755,327.29413,293.8217,301.7787,304.45465,251.09276,320.94687,327.19,325.36444,339.80722,328.99637,323.49182,321.257,320.95926,306.85434,274.17392,300.8185,292.86667,296.11905,297.9079,334.99326,-108398.57,18330.736,3634.595,-84620.33,3100.0,1500.0,94254.875,3017.7598,21887.041,113103.53,34709.344,-8.214706,5995.891,68881.266,5364.7705
1784,2014-09-24,320.35562,329.31607,322.995,322.28485,272.6035,341.65216,327.17645,293.22055,299.5369,304.26505,251.07492,320.8531,326.911,325.13336,339.6746,328.73453,323.4141,321.18478,320.73373,306.6785,274.15894,300.54565,292.85892,296.01074,297.9124,334.98334,-113353.266,12332.938,3061.335,-86532.63,3100.0,1500.0,93551.07,2963.0527,21196.672,113110.4,29677.398,-26.135468,6189.499,68969.68,5359.862
1785,2014-10-01,320.25592,329.05194,322.7974,322.0941,272.56458,341.37265,327.0723,292.31146,298.0231,304.10187,251.07988,320.73917,326.57104,324.8809,339.56363,328.47952,323.32214,321.08072,320.54648,306.52042,274.1441,300.29236,292.8528,295.8926,297.8968,334.9734,-108440.586,13012.496,3865.2712,-84858.36,3100.0,1386.4934,92193.125,2917.0671,20669.398,108908.65,30016.02,-22.22192,6568.435,68669.18,5335.6533
1786,2014-10-08,320.14252,328.80447,322.63535,321.9361,272.5406,341.12686,326.9805,291.24326,296.9823,304.02966,251.08652,320.6237,326.33505,324.66818,339.4884,328.23315,323.21475,320.96783,320.38608,306.38684,274.12936,300.1152,292.84784,295.7988,297.86707,334.9634,-104417.89,13505.764,4391.0483,-84016.89,3100.0,1500.0,92841.75,2874.1873,20323.854,105383.055,30329.738,-22.5014,6961.243,68307.78,5310.0757
1787,2014-10-15,320.04898,328.60464,322.51895,321.81543,272.5193,340.90582,326.89975,290.3689,296.29785,303.97028,251.06236,320.51398,326.23898,324.51614,339.48346,328.0021,323.10052,320.86774,320.25534,306.29318,274.11472,299.96713,292.84348,295.71466,297.8301,334.95346,-102044.54,13220.658,4705.423,-83950.39,3100.0,1401.8346,95166.25,2838.3909,20114.783,103502.84,30177.389,-29.831749,7203.924,68065.516,5309.448
1788,2014-10-22,319.94724,328.4659,322.37466,321.63846,272.47833,340.713,326.82846,289.54993,295.7354,303.70245,251.0603,320.40338,326.198,324.36554,339.60135,327.79263,322.9861,320.76178,320.01096,306.04666,274.1002,299.80093,292.83926,295.52185,297.78577,334.94348,-109135.38,5203.2764,3191.7058,-85693.7,3100.0,1388.2753,102118.914,2817.069,19050.346,105889.5,22854.37,-38.521103,7311.482,68073.08,5306.0137
1789,2014-10-29,319.83405,328.35992,322.20804,321.45612,272.41397,340.53357,326.76477,288.3009,295.3241,303.36707,251.02946,320.2669,326.03384,324.2181,339.7528,327.61746,322.8665,320.64703,319.7905,305.77094,274.08572,299.64734,292.8348,295.24545,297.71494,334.9335,-111354.32,237.85107,1957.6522,-85772.914,3100.0,1007.57056,106152.195,2798.9504,18058.57,106640.09,17713.67,-55.463745,7558.169,67838.586,5337.1963
1790,2014-11-05,319.68057,328.2868,322.1011,321.34982,272.36288,340.34622,326.70688,287.12573,295.00217,303.26996,251.0277,320.1266,325.998,324.10077,339.95822,327.47867,322.74258,320.49835,319.662,305.57645,274.07132,299.60538,292.82983,295.0437,297.61676,334.92352,-103749.195,4155.184,3748.7144,-82872.98,3100.0,1500.0,114384.48,2772.262,17738.635,102697.43,21173.434,-43.323914,7840.629,67071.37,5330.06
1791,2014-11-12,319.5447,328.28168,322.02145,321.2363,272.32095,340.14618,326.65356,286.5084,294.72223,303.05606,251.0538,320.00174,326.12384,324.04984,340.21765,327.37283,322.61417,320.3624,319.48553,305.3488,274.057,299.52847,292.8241,294.7845,297.51135,334.9135,-108559.555,-2545.0405,1268.4163,-83513.555,3100.0,1435.7329,121078.7,2753.569,16688.723,105911.83,14146.699,-38.041264,7742.7065,66590.24,5285.6714
1792,2014-11-19,319.41818,328.30072,322.01035,321.23227,272.2902,339.9609,326.60416,286.0764,294.47156,303.0786,251.08073,319.88043,326.1391,324.04034,340.41312,327.31253,322.48904,320.24124,319.47794,305.2772,274.0428,299.39633,292.8174,294.63977,297.38977,334.9035,-99299.1,4656.8315,4753.718,-79912.01,3100.0,1150.8998,124838.48,2729.2861,17281.576,101968.57,21845.191,-40.395054,7871.013,65638.06,5247.9463
1793,2014-11-26,319.29053,328.36755,322.10806,321.33032,272.29065,339.79007,326.55792,285.76587,294.29852,303.6215,251.05826,319.80594,326.3996,324.12457,340.71307,327.28442,322.37946,320.12875,319.56403,305.2733,274.0286,299.26703,292.8097,294.6624,297.2807,334.8935,-93180.74,10737.0205,6730.294,-78592.44,3100.0,1165.2849,135453.05,2695.764,17685.629,99879.44,28172.113,-51.91284,8102.152,65066.348,5258.21
1794,2014-12-03,319.1497,328.49286,322.1259,321.29926,272.265,339.6207,326.5144,285.54764,294.1389,303.18524,251.0232,319.76157,326.5333,324.12943,341.04324,327.30276,322.28754,320.00922,319.36023,304.94763,274.01447,299.1221,292.80084,294.47458,297.1966,334.88348,-105952.82,-632.5318,2183.9148,-82447.53,3100.0,872.45514,142663.77,2692.6055,15871.864,104841.03,15814.941,-42.564953,7799.215,65159.38,5293.227
1795,2014-12-10,319.02136,328.6094,322.17065,321.3628,272.24042,339.44965,326.47397,285.33444,293.98,303.20807,251.08272,319.6936,326.62146,324.20364,341.24792,327.3564,322.19568,319.8971,319.458,305.00027,274.0007,298.96866,292.7912,294.4167,297.09576,334.87366,-92852.36,10736.367,7126.744,-76865.445,3100.0,621.30304,145735.2,2676.9128,17007.98,99981.36,27772.396,-40.728973,7977.1455,64197.418,5213.6177
1796,2014-12-17,318.91022,328.70978,322.25363,321.4386,272.244,339.27695,326.43558,285.1734,293.85364,303.32413,251.07133,319.6702,326.67618,324.26413,341.36557,327.42407,322.12024,319.80875,319.46143,304.90945,273.98718,298.82037,292.78055,294.41318,297.0108,334.86395,-95846.95,9570.698,6474.4253,-78371.484,3100.0,446.42227,147713.14,2659.393,16682.193,100474.03,26540.844,-47.9524,7983.304,63987.355,5224.889
1797,2014-12-24,318.7852,328.80908,322.29364,321.4724,272.22855,339.09604,326.39804,285.0453,293.7208,303.3231,251.01205,319.6539,326.76978,324.30847,341.54913,327.489,322.058,319.70908,319.449,304.81274,273.97372,298.67908,292.76855,294.37433,296.93857,334.85425,-95718.836,10148.016,6657.969,-78688.4,3100.0,690.5774,154018.69,2647.535,16342.377,100135.984,26880.982,-44.13674,7978.5,63878.59,5273.951
1798,2014-12-31,318.64877,328.92657,322.26358,321.4084,272.18546,338.9027,326.36093,284.92685,293.57907,303.04288,250.95978,319.6285,326.85107,324.32553,341.756,327.55786,321.99905,319.60117,319.3032,304.54938,273.9603,298.54288,292.75516,294.17255,296.86713,334.84454,-105671.04,709.50415,2927.2485,-81182.88,3100.0,240.72874,159490.5,2645.0566,14843.596,105096.55,16778.535,-43.66021,7724.624,64018.008,5317.9766
1799,2015-01-07,318.51706,329.03558,322.2631,321.41446,272.13788,338.69946,326.3236,284.78128,293.43982,302.99628,250.92123,319.57648,326.9208,324.3743,341.90466,327.6331,321.9365,319.49377,319.3275,304.51736,273.94693,298.4047,292.74023,294.0416,296.77127,334.83484,-98782.77,6411.083,5916.257,-78271.914,3100.0,166.23926,162626.62,2631.976,15339.267,102964.5,23002.771,-41.46875,7769.9146,63480.25,5329.8257
1800,2015-01-14,318.40387,329.12387,322.36353,321.5349,272.1298,338.49472,326.28568,284.6535,293.3669,303.27576,250.90215,319.55737,326.97247,324.45187,341.93433,327.7112,321.88034,319.40527,319.4532,304.59253,273.93362,298.26505,292.7238,294.1013,296.67776,334.82513,-90303.87,14789.662,8889.133,-75746.84,3100.0,190.79385,161130.44,2608.2566,16142.824,99087.766,31604.664,-34.838314,7984.806,62894.504,5313.1465
1801,2015-01-21,318.28418,329.17722,322.45477,321.6306,272.13785,338.29868,326.2473,284.57635,293.28802,303.4686,250.88432,319.58072,326.97668,324.49268,341.93292,327.77792,321.83844,319.32452,319.50113,304.56323,273.92038,298.13928,292.70566,294.18454,296.61295,334.8154,-90079.27,16534.34,9022.287,-76134.766,3100.0,214.26195,161085.4,2591.016,16094.055,97534.93,33052.15,-32.705162,8073.254,62741.113,5315.6416
1802,2015-01-28,318.1663,329.20078,322.49316,321.6726,272.1385,338.10596,326.20877,284.52866,293.2006,303.5337,250.87492,319.60834,326.91684,324.49954,341.88208,327.82513,321.8044,319.24353,319.51382,304.53592,273.9072,298.01898,292.68585,294.23053,296.5681,334.80566,-90527.69,16957.477,8906.781,-76348.91,2927.138,0.0,158480.84,2579.8965,15968.2,96558.85,33279.234,-31.945648,8096.4023,62700.465,5306.151
1803,2015-02-04,318.07254,329.1934,322.5715,321.77994,272.15567,337.91415,326.16974,284.4948,293.11636,303.7839,250.87968,319.63947,326.8977,324.53226,341.7893,327.85123,321.77322,319.17807,319.65204,304.66446,273.89404,297.90683,292.66434,294.3767,296.53357,334.7959,-81014.27,25403.223,10866.29,-73757.43,3100.0,113.26221,155402.92,2560.5928,16626.791,91743.36,41044.39,-28.991194,8287.196,62345.406,5267.402
1804,2015-02-11,318.01166,329.1833,322.59308,321.78104,272.1753,337.73212,326.13013,284.4915,293.0404,303.77054,250.95262,319.68933,326.92712,324.53265,341.72906,327.86243,321.75052,319.135,319.59894,304.63928,273.88098,297.8086,292.64108,294.42032,296.52115,334.78616,-90772.81,18543.127,8693.983,-76163.586,3100.0,178.66867,154307.75,2554.039,16176.162,95091.35,34701.164,-30.213028,8206.219,62538.562,5177.453
1805,2015-02-18,317.94565,329.1314,322.5697,321.7744,272.1797,337.56824,326.0899,284.47937,292.9645,303.7619,250.96124,319.70587,326.73654,324.4793,341.5376,327.86023,321.72778,319.0872,319.60892,304.65277,273.86795,297.70392,292.61612,294.44833,296.50623,334.7764,-86918.58,21319.098,9437.435,-75293.71,2986.2195,0.0,146475.1,2545.0608,16297.671,92462.14,37128.207,-29.95424,8237.929,62471.9,5159.791
1806,2015-02-25,317.92487,329.0006,322.6423,321.89868,272.21948,337.41708,326.04868,284.47192,292.9014,304.14188,250.94162,319.73825,326.54092,324.46445,341.15027,327.82782,321.70477,319.06693,319.81708,304.92242,273.85498,297.59738,292.58948,294.6586,296.4948,334.76663,-71695.695,33335.17,11342.612,-71947.89,2867.1367,0.0,133528.6,2517.4268,17393.387,84905.0,47450.348,-26.01839,8506.12,62037.242,5129.089
1807,2015-03-04,317.9747,328.83334,322.73474,322.01263,272.28494,337.29303,326.0075,284.51288,292.85925,304.47876,250.95053,319.8229,326.442,324.45114,340.76498,327.7566,321.69598,319.10214,319.94897,305.15472,273.84238,297.5151,292.56155,294.90182,296.51602,334.75705,-70541.9,35338.695,10753.1,-73026.6,2982.771,0.0,124696.6,2496.2556,17956.35,82620.67,49073.887,-30.229496,8638.008,62144.36,5080.6416
1808,2015-03-11,318.05536,328.6936,322.57208,321.78735,272.27658,337.20822,325.96677,284.57288,292.8181,304.0074,250.95801,319.87796,326.4345,324.3264,340.571,327.66177,321.69824,319.1461,319.6408,305.00436,273.83002,297.44556,292.53238,294.78683,296.55624,334.7476,-99072.08,12832.588,6156.2217,-81450.18,3100.0,203.74477,123842.055,2513.2832,16646.797,94501.96,29983.814,-37.04938,8250.211,63421.0,5061.4727
1809,2015-03-18,318.069,328.56152,322.35712,321.5802,272.2146,337.16,325.92535,284.5569,292.75995,303.6567,250.92941,319.81625,326.1943,324.16168,340.44516,327.5581,321.67987,319.1316,319.5088,304.94376,273.81772,297.3676,292.50174,294.6169,296.5519,334.73813,-93244.04,13847.538,7293.105,-78833.734,2938.5173,0.0,120964.53,2515.8765,16569.354,92799.37,30832.15,-23.36153,8185.401,63473.723,5071.7065
1810,2015-03-25,318.1267,328.41443,322.2743,321.5222,272.1938,337.1285,325.8823,284.5039,292.70456,303.70847,250.93251,319.752,326.0574,324.0981,340.22107,327.45178,321.64297,319.14972,319.54596,305.09103,273.8055,297.29245,292.46976,294.59357,296.51962,334.72867,-86231.086,17885.873,8653.12,-76480.47,3100.0,135.60036,112892.305,2494.3384,17456.254,90771.13,35193.97,-30.988667,8264.491,63111.83,5016.4497
1811,2015-04-01,318.23633,328.25293,322.3114,321.59283,272.21442,337.11908,325.83792,284.46866,292.65915,303.99496,250.93088,319.73297,325.98135,324.07184,339.92838,327.34692,321.6142,319.20798,319.69095,305.33112,273.79333,297.22412,292.43658,294.72037,296.49454,334.71918,-75997.4,25789.76,10155.462,-74113.99,3100.0,63.848824,104473.72,2465.7292,18521.977,86400.43,42455.14,-27.692339,8461.546,62689.965,4966.791
1812,2015-04-08,318.34155,328.0883,322.29373,321.5655,272.23425,337.1434,325.79318,284.64285,292.62146,304.0163,250.92673,319.75037,325.87195,323.99133,339.6587,327.236,321.6009,319.27335,319.64035,305.36908,273.78122,297.15848,292.40244,294.7744,296.49527,334.7097,-83359.52,20213.791,8875.781,-77050.72,2957.7131,0.0,98949.016,2453.2776,18421.787,88279.53,37901.85,-28.251593,8307.386,62997.87,4946.5605
1813,2015-04-15,318.39832,327.90027,322.21216,321.49982,272.23752,337.19012,325.7487,285.07803,292.5814,303.9978,250.95561,319.7421,325.6408,323.85635,339.39566,327.11334,321.5879,319.3023,319.60654,305.40335,273.7692,297.10815,292.3674,294.8025,296.49887,334.70016,-79851.14,21766.686,9160.206,-75833.64,3100.0,310.09,92472.02,2442.5217,18543.1,85558.305,39025.426,-19.110416,8172.3174,62962.27,4899.521
1814,2015-04-22,318.463,327.7101,322.212,321.52737,272.26172,337.23868,325.7045,285.75723,292.5463,304.20612,250.9054,319.73712,325.59177,323.80396,339.12924,326.9757,321.56766,319.3384,319.70377,305.58972,273.75723,297.07587,292.33176,294.93066,296.50436,334.69064,-70519.516,28331.832,9970.756,-74670.664,3100.0,176.97374,87624.234,2420.7803,19319.46,81389.33,44504.062,-16.114304,8009.94,62854.855,4908.803
1815,2015-04-29,318.59372,327.64172,322.06665,321.3131,272.23853,337.74146,325.72235,287.25787,292.50998,305.63382,251.92772,319.73447,325.73694,323.80933,339.1063,326.89594,321.5586,319.407,319.5858,306.06256,273.7762,297.83078,292.3386,294.84708,296.5295,334.692,-102262.43,2305.3853,3128.4365,-85266.16,3100.0,952.464,93002.89,2450.7734,19257.82,99901.58,23002.219,-46.943794,7025.6367,64354.953,4293.927
1816,2015-05-06,318.6256,327.6549,321.8649,321.0815,272.15793,338.00345,325.7562,288.5189,292.45276,303.9972,251.32918,319.64075,325.79663,323.65973,339.3103,326.823,321.54703,319.4221,319.22192,305.31052,273.78958,297.8149,292.3371,294.52237,296.52216,334.69235,-101290.0,-1465.1501,2015.4651,-82808.266,3100.0,519.9991,100487.01,2488.1472,17161.455,98884.54,17062.748,-42.928566,6299.818,64433.223,4702.666
1817,2015-05-13,318.69662,327.82834,321.8433,321.04395,272.1141,338.6038,325.8794,289.57425,295.66733,305.23843,252.97287,319.5257,326.3347,323.88425,339.76376,326.8949,321.5234,319.4385,319.431,306.17743,273.8262,299.12064,292.36737,294.4368,296.47638,334.71692,-97834.53,364.65332,3276.916,-82364.586,3100.0,1424.39,117350.48,2535.353,19953.18,106092.22,21260.943,-81.82663,5914.0654,64041.113,3628.7268
1818,2015-05-20,318.7622,328.1392,321.97122,321.13202,272.10785,339.1878,326.05704,290.55396,301.07336,305.21478,252.74786,319.46558,326.78964,324.0796,340.31808,327.02167,321.52994,319.4961,319.41003,305.8239,273.8769,299.5124,292.4172,294.35904,296.44818,334.7516,-102856.8,-3187.454,902.49646,-82885.46,3100.0,1500.0,127801.21,2576.3179,18953.754,110704.734,17408.074,-62.229057,5453.5176,63920.023,3825.2764
1819,2015-05-27,318.74448,328.37302,322.04663,321.18774,272.08563,339.10275,326.10098,290.94638,297.66412,303.7888,251.54163,319.4206,326.94046,324.14838,340.65048,327.14545,321.52957,319.49536,319.31158,305.2479,273.8875,298.95837,292.41153,294.15723,296.40305,334.75858,-101523.83,-1812.7744,2241.3801,-80729.07,3100.0,1241.0781,130449.79,2594.973,17677.807,109618.74,17357.182,-13.474583,5349.3984,63599.04,4648.799
1820,2015-06-03,318.7229,328.51913,322.21207,321.39847,272.09647,338.95773,326.08066,291.08,298.8685,304.18213,251.55829,319.40262,326.97806,324.30103,340.67407,327.2982,321.52002,319.48138,319.60648,305.57922,273.88574,298.88474,292.38916,294.26736,296.34134,334.75696,-83557.086,15148.051,8513.46,-74931.734,3100.0,912.43787,125767.07,2566.43,19860.156,102754.61,35508.92,11.887798,5761.592,62517.48,4586.3564
1821,2015-06-10,318.7843,328.67398,322.4855,321.69397,272.16592,339.29565,326.14935,291.5331,309.585,306.2,252.57837,319.4803,327.24252,324.5731,340.65173,327.5067,321.54932,319.5394,319.9869,306.25674,273.9133,299.70825,292.4086,294.62527,296.33798,334.7759,-82556.35,19311.344,6276.3745,-80096.62,3100.0,1500.0,124884.516,2596.9646,21870.213,104629.29,41501.266,68.113235,5772.116,62270.18,3886.7944
1822,2015-06-17,318.93002,328.8867,322.58105,321.73547,272.22006,339.81555,326.31512,292.19342,319.55402,306.56174,252.95847,319.59247,327.5159,324.73615,340.81686,327.74237,321.627,319.67642,319.9409,306.25848,273.95926,300.4369,292.45486,294.68863,296.40048,334.8079,-108382.266,1543.2063,-308.8035,-90592.74,3100.0,1500.0,129826.914,2674.0835,21045.965,116534.33,25165.262,112.5251,5158.7173,63275.516,3213.2593
1823,2015-06-24,319.2102,329.197,322.65933,321.81296,272.26636,340.88214,326.63614,293.0728,341.41653,308.50012,254.50233,319.66214,327.86575,325.067,341.0581,328.0536,321.73022,319.894,320.24387,307.09207,274.04092,301.69727,292.55225,294.77432,296.4778,334.86502,-115269.484,-3101.6313,-5440.049,-98682.086,3100.0,1500.0,133262.9,2830.6504,23447.367,127204.08,24511.44,224.26935,4550.061,63436.883,1562.6106
1824,2015-07-01,319.28445,329.39685,322.94662,322.18115,272.34918,341.4979,326.91028,293.58563,339.9549,307.18494,252.97014,319.77316,327.79108,325.15396,340.98938,328.2908,321.85495,320.00598,320.507,306.5441,274.0999,301.67133,292.61975,295.1222,296.56042,334.90674,-82219.68,26559.473,3383.723,-81593.055,3100.0,1500.0,123560.28,2956.8237,22847.578,108206.11,46282.832,217.543,4855.6978,63281.49,3524.8528
1825,2015-07-08,319.29355,329.42105,323.0585,322.27518,272.42432,341.59387,327.0031,293.71927,330.59122,306.66748,252.55424,319.9369,327.71906,325.18414,340.76157,328.40088,321.96484,320.05426,320.5115,306.56525,274.1236,301.53195,292.6395,295.3188,296.6718,334.92383,-97130.76,18729.492,1683.2122,-87209.57,3100.0,1500.0,117666.016,2999.8425,22369.951,111476.0,39144.02,159.1142,4956.5044,64260.195,3881.213
1826,2015-07-15,319.24503,329.3174,323.10806,322.37762,272.45786,341.42038,326.9895,293.65186,318.4669,305.5988,251.55229,320.0446,327.31088,325.07983,340.37845,328.3884,322.051,320.0525,320.59326,306.34073,274.1269,300.87073,292.63242,295.50525,296.77823,334.92673,-79855.5,31910.238,6031.8853,-78303.21,3100.0,1500.0,104177.3,2971.3855,21787.771,99676.26,47755.258,97.35122,5365.2144,64438.16,4870.088
1827,2015-07-22,319.26877,329.11115,323.11725,322.41794,272.52054,341.30566,326.94022,293.73236,315.0457,306.14877,251.89502,320.16315,326.99335,325.0145,339.90106,328.32544,322.1181,320.09012,320.71103,306.73682,274.1292,300.70047,292.62546,295.7362,296.89294,334.92883,-80951.336,31633.717,4761.6113,-82309.2,3100.0,1500.0,91667.4,2916.3809,22644.299,97892.81,48160.91,70.37281,5536.5244,64737.297,4414.493
1828,2015-07-29,319.3434,328.87268,323.09628,322.42963,272.58804,341.42584,326.9534,294.01636,317.6673,306.68637,252.21188,320.27542,326.6515,324.90433,339.4146,328.2409,322.18814,320.16504,320.7788,306.94797,274.14612,300.7955,292.64053,295.97256,297.02896,334.9411,-79643.48,32236.906,3722.0103,-83936.89,3100.0,1500.0,79840.414,2907.1584,22971.139,94630.67,48500.21,76.430466,5540.713,65159.26,4138.955
1829,2015-08-05,319.49457,328.67044,322.99893,322.32608,272.65112,341.88266,327.07028,294.42914,328.3042,307.78476,253.17749,320.36807,326.53564,324.8465,339.0367,328.173,322.26138,320.28552,320.7696,307.3665,274.1866,301.5539,292.69028,296.14163,297.1858,334.96985,-93407.63,22463.041,-1189.8201,-93406.81,3100.0,1500.0,75921.28,2963.0957,23698.434,100880.39,41681.676,111.30335,5236.825,66069.43,3186.5054
1830,2015-08-12,319.5784,328.46527,322.87875,322.2184,272.6811,342.26065,327.22083,294.7576,330.18158,307.37543,252.82361,320.40594,326.24237,324.66602,338.71887,328.04977,322.32556,320.3582,320.65515,307.15176,274.22733,301.70822,292.7422,296.23767,297.33328,334.9989,-91418.74,22903.67,-926.87384,-91102.93,3100.0,1500.0,69423.375,3047.4153,22835.143,97672.43,40579.36,116.30463,5086.8574,66892.8,3727.461
1831,2015-08-19,319.71548,328.29404,322.8227,322.17526,272.73645,342.78787,327.40576,295.18546,338.95456,308.38144,253.64967,320.42734,326.2011,324.65082,338.47025,327.9487,322.37064,320.45773,320.7562,307.67017,274.27887,302.45947,292.8109,296.40762,297.47406,335.03558,-90761.91,21928.135,-3515.3674,-95966.8,3100.0,1500.0,68320.31,3109.749,24169.34,99086.73,41160.18,141.75172,4901.696,67220.61,2831.778
1832,2015-08-26,319.73944,328.10385,322.65207,321.98068,272.7482,343.09027,327.57632,295.3779,336.26675,307.09537,252.78177,320.4355,325.89218,324.38544,338.26706,327.78342,322.40897,320.48312,320.4062,307.0528,274.31985,302.2851,292.86667,296.36865,297.60913,335.06516,-101420.86,14051.436,-3446.179,-95668.61,3100.0,1500.0,64903.84,3217.5947,21876.543,99248.12,32079.473,120.833725,4685.273,68577.79,3957.4094
1833,2015-09-02,319.69873,327.845,322.4804,321.8341,272.73294,343.10086,327.63834,295.13748,329.56735,306.65558,252.51471,320.36768,325.62155,324.18594,338.06973,327.55176,322.39847,320.44186,320.33295,307.03772,274.34113,302.08014,292.8965,296.35153,297.6967,335.081,-89279.28,20000.549,-1303.4741,-91743.555,3100.0,1500.0,63628.695,3234.6638,21856.188,93218.766,36606.2,88.81546,5008.496,68657.57,4186.8936
1834,2015-09-09,319.6966,327.64096,322.26114,321.56827,272.70877,343.18472,327.70093,294.86563,329.60327,306.52637,252.6729,320.3035,325.48328,323.99307,337.9629,327.34802,322.36902,320.42123,320.02655,306.92395,274.3676,302.07578,292.9352,296.2021,297.77283,335.10052,-107347.92,4055.063,-4033.021,-99028.195,3100.0,1500.0,65900.18,3256.5776,20873.738,100463.33,23901.965,81.44025,4894.622,69570.09,4024.0127
1835,2015-09-16,319.57617,327.4004,321.93762,321.2301,272.61395,342.90042,327.67767,294.38025,318.91437,304.57455,251.53946,320.16278,325.13275,323.62982,337.90756,327.07886,322.30594,320.30692,319.5768,306.12738,274.37125,301.4527,292.94388,295.849,297.7909,335.10422,-105986.695,-44.179565,-1966.8237,-92212.05,3100.0,1500.0,67150.03,3261.3726,18289.004,97353.54,17338.033,45.408676,4975.2646,69928.91,5222.8516
1836,2015-09-23,319.423,327.13867,321.6539,320.94492,272.52054,342.39136,327.54346,293.57092,308.47406,303.65103,251.21417,319.9743,324.86816,323.36182,337.89838,326.7913,322.1948,320.1538,319.30923,305.85886,274.35522,300.9633,292.9269,295.49423,297.73813,335.09412,-100850.516,-1030.635,-447.764,-88879.484,3100.0,1500.0,70286.68,3179.3362,17626.74,94908.43,16053.726,2.4876556,5327.204,69332.875,5398.2363
1837,2015-09-30,319.27838,326.9011,321.55878,320.89017,272.4853,341.96558,327.40305,292.48502,303.47705,303.69864,251.15335,319.80844,324.63702,323.18988,337.89127,326.53094,322.06854,320.01324,319.30402,305.81146,274.33932,300.6104,292.9118,295.4114,297.6555,335.084,-81359.14,12870.539,4657.592,-82613.586,3100.0,1500.0,70504.336,3074.6445,18495.084,84869.87,29182.947,-3.3367157,6066.0137,68050.67,5389.2734
1838,2015-10-07,319.1474,326.7023,321.5242,320.85162,272.48438,341.604,327.27335,291.32016,300.5508,303.76883,251.13483,319.70776,324.52676,323.05002,337.88324,326.2972,321.9488,319.89053,319.19153,305.6755,274.32352,300.37622,292.89847,295.3732,297.59372,335.07388,-81387.32,12061.217,4587.8237,-83325.53,3100.0,1500.0,72673.15,2998.8462,18092.457,82469.47,28274.79,-14.077126,6547.8843,67575.99,5371.9175
1839,2015-10-14,319.0726,326.57288,321.4123,320.70795,272.4443,341.29654,327.15918,290.38257,298.5748,303.46268,251.09447,319.61105,324.506,322.94504,337.96768,326.08948,321.8356,319.8063,318.97665,305.46475,274.30777,300.1633,292.8867,295.16187,297.5393,335.06375,-91263.445,1940.923,1912.7228,-86048.305,3100.0,1444.6857,77209.76,2955.7788,17084.273,86687.16,18766.951,-44.493465,6575.8315,67614.25,5384.8794
1840,2015-10-21,318.99643,326.51434,321.2872,320.5652,272.3794,341.04144,327.05994,289.47235,297.25266,303.1412,251.08768,319.4889,324.4909,322.84323,338.19772,325.91797,321.7272,319.71368,318.80185,305.2348,274.29208,299.93817,292.8761,294.8857,297.4588,335.0536,-91186.414,-914.9792,1240.3229,-84626.94,3100.0,1500.0,84660.03,2919.038,16263.22,87174.45,15476.718,-51.731564,6714.1206,67138.7,5371.6167
1841,2015-10-28,318.87918,326.49362,321.2006,320.47296,272.32483,340.8156,326.97293,288.13705,296.43762,302.98434,251.05563,319.36447,324.41528,322.75244,338.50113,325.80463,321.61832,319.5976,318.6708,305.01068,274.27643,299.7212,292.86627,294.64682,297.35352,335.04346,-87926.59,-188.2091,1904.7139,-83311.78,3100.0,947.64,90397.0,2879.7158,15748.6455,85259.68,15879.453,-54.03371,7139.336,66471.15,5392.341
1842,2015-11-04,318.72934,326.48074,321.13287,320.4023,272.281,340.59134,326.89594,286.95944,295.79086,302.90363,251.04974,319.25204,324.3146,322.66434,338.74197,325.72363,321.50854,319.46262,318.5494,304.7833,274.26083,299.5277,292.8568,294.44196,297.23758,335.03326,-85248.01,476.42426,2356.658,-81916.29,3100.0,786.4489,94502.94,2844.458,15200.168,83023.49,16171.943,-53.79217,7367.409,65746.05,5386.15
1843,2015-11-11,318.60843,326.4763,321.1107,320.37933,272.25333,340.35876,326.82715,286.32812,295.3261,302.94272,251.07736,319.15335,324.33856,322.64032,338.9004,325.66574,321.39832,319.34442,318.51788,304.72977,274.24527,299.34485,292.8473,294.31577,297.11887,335.02307,-80440.4,3723.281,4139.8257,-79734.414,3100.0,807.22253,96096.79,2811.5847,15464.471,80967.164,19869.293,-50.36487,7512.2583,64936.117,5325.3613
1844,2015-11-18,318.4624,326.46262,321.16565,320.4581,272.25986,340.1392,326.76514,285.9174,295.00983,303.24506,251.10487,319.0853,324.29022,322.61322,338.98044,325.6232,321.29465,319.219,318.58698,304.73514,274.22974,299.1618,292.83734,294.37115,297.01187,335.01288,-67934.96,14592.493,8175.9834,-76283.39,3100.0,686.9703,96694.625,2775.1475,16181.556,73912.74,30736.016,-30.755623,7846.236,64032.715,5278.441
1845,2015-11-25,318.29944,326.46646,321.13217,320.38974,272.25116,339.92966,326.7088,285.64377,294.7376,303.10736,251.0722,319.04678,324.3023,322.55527,339.11163,325.58334,321.19818,319.09006,318.3877,304.46204,274.21423,299.00607,292.82663,294.24893,296.93472,335.0027,-80483.72,3348.5542,3655.375,-80953.09,3100.0,421.38965,101776.016,2760.6323,14680.038,77989.29,18821.965,-28.893923,7669.862,64207.746,5310.186
1846,2015-12-02,318.1407,326.56573,321.07993,320.30728,272.19974,339.72086,326.6569,285.39822,294.47473,302.81915,251.03763,318.97067,324.53546,322.585,339.4785,325.5596,321.09985,318.95822,318.2725,304.24152,274.19873,298.87732,292.8149,294.01523,296.843,334.99246,-81009.445,987.6468,2699.2468,-80220.914,3100.0,593.44556,115715.12,2750.3613,14005.312,79883.41,15883.804,-34.508144,7515.915,63908.17,5330.9976
1847,2015-12-09,318.01263,326.76025,321.14307,320.34955,272.16333,339.5144,326.6087,285.1637,294.275,302.78766,251.09146,318.89484,324.84647,322.7157,339.93103,325.59647,321.00412,318.84695,318.2849,304.17694,274.18356,298.7429,292.8023,293.86383,296.73056,334.98242,-78505.75,3390.3115,4266.48,-77718.39,3100.0,530.9943,125828.38,2731.2585,14224.669,80700.39,18814.328,-42.755386,7513.2163,63201.723,5261.4126
1848,2015-12-16,317.8828,326.96066,321.2113,320.39835,272.13586,339.314,326.56335,284.95898,294.09882,302.71768,251.07686,318.84384,325.00302,322.80914,340.25717,325.6936,320.9215,318.7404,318.2519,303.9999,274.1686,298.59485,292.78848,293.7075,296.6173,334.97253,-81112.75,1315.5826,3170.4597,-78231.01,3100.0,316.30472,131137.61,2714.878,13597.12,82590.14,16243.71,-41.799538,7425.335,62807.637,5272.2812
1849,2015-12-23,317.7348,327.12704,321.24585,320.42413,272.09866,339.11423,326.51947,284.7678,293.92233,302.62775,251.0153,318.79965,325.0847,322.87314,340.46335,325.8114,320.84863,318.62598,318.2285,303.84198,274.15366,298.44513,292.77304,293.54413,296.5007,334.96262,-80962.04,1508.5227,3398.117,-77990.164,3100.0,193.44487,134616.2,2699.9724,13260.787,82875.516,16293.622,-39.503216,7372.21,62414.97,5319.911
1850,2015-12-30,317.57803,327.2552,321.31342,320.50345,272.07254,338.90942,326.47665,284.59192,293.76834,302.7958,250.96794,318.76752,325.12534,322.94153,340.5795,325.92062,320.78253,318.51117,318.29785,303.84134,274.13873,298.29376,292.7558,293.5107,296.3833,334.9527,-74689.414,8329.863,6842.7812,-75846.44,3100.0,55.374233,135986.8,2678.8562,13962.95,79620.14,23880.064,-36.474075,7517.9214,61855.62,5341.6343
1851,2016-01-06,317.44104,327.3531,321.39688,320.5899,272.0573,338.70016,326.43463,284.4588,293.61456,302.97894,250.89233,318.76416,325.19043,323.01123,340.63153,326.0158,320.7261,318.41232,318.35367,303.83163,274.1238,298.15195,292.7367,293.5395,296.28546,334.94275,-73634.39,10579.341,7724.2695,-76116.48,3100.0,260.2855,136055.77,2659.7688,14129.505,78702.82,26410.494,-35.11065,7609.095,61672.01,5385.8384
1852,2016-01-13,317.3186,327.42252,321.42694,320.6121,272.0344,338.49582,326.39316,284.35806,293.4616,302.9571,250.90347,318.77188,325.20203,323.03976,340.6453,326.09705,320.6795,318.32504,318.32925,303.74207,274.10892,298.02295,292.71567,293.49353,296.20642,334.9328,-77475.2,7771.23,6397.459,-76172.41,2872.884,0.0,135608.6,2648.883,13680.943,79997.555,23301.803,-34.759346,7545.2925,61518.676,5347.5312
1853,2016-01-20,317.21295,327.47354,321.43317,320.61722,272.00818,338.30112,326.35196,284.2602,293.36694,302.91754,250.88821,318.76675,325.23828,323.0672,340.65668,326.16193,320.63748,318.24564,318.3319,303.70773,274.09402,297.90427,292.6927,293.42755,296.12845,334.92285,-77101.766,8116.043,6687.688,-75789.88,3100.0,122.34523,136010.12,2637.793,13669.711,80129.84,23761.654,-34.153748,7521.21,61288.812,5337.531
1854,2016-01-27,317.0954,327.52863,321.4932,320.68796,271.99533,338.11823,326.3105,284.16806,293.26877,303.06216,250.87027,318.7668,325.3076,323.11526,340.72952,326.21213,320.59933,318.16614,318.40515,303.71475,274.07916,297.7919,292.66772,293.45984,296.05145,334.91287,-71342.21,14012.219,8988.272,-74018.66,3063.1174,27.082136,139325.38,2619.932,14121.201,77204.664,29818.97,-32.576813,7648.4395,60907.832,5334.4873
1855,2016-02-03,316.9764,327.59622,321.54138,320.72244,271.98468,337.93793,326.26862,284.10287,293.16086,303.09396,250.85805,318.78458,325.3843,323.1552,340.8281,326.25903,320.5668,318.087,318.38342,303.63385,274.0643,297.67383,292.64078,293.4505,295.98975,334.9029,-76025.93,10847.14,7714.635,-75345.875,2914.7239,0.0,141710.56,2607.7268,13651.611,78867.09,26576.023,-33.486538,7605.311,60909.758,5328.984
1856,2016-02-10,316.8764,327.65826,321.51404,320.6751,271.95096,337.7568,326.22647,284.03662,293.04828,302.8514,250.85384,318.7831,325.4279,323.16623,340.89087,326.31067,320.53574,318.0126,318.29727,303.49332,274.0495,297.54648,292.61185,293.29895,295.92838,334.89288,-82240.2,4540.9873,4918.57,-76390.39,2652.9949,0.0,142215.38,2602.8833,12790.919,82394.03,19626.652,-32.991913,7405.2993,60897.15,5309.8955
1857,2016-02-17,316.80435,327.7016,321.53714,320.71643,271.9343,337.5837,326.1834,283.94504,292.93655,302.934,250.93076,318.76532,325.45483,323.21225,340.8856,326.36255,320.5028,317.95386,318.39636,303.61023,274.03467,297.4486,292.581,293.27448,295.84964,334.8829,-73644.61,12372.696,8809.721,-72221.55,2507.9348,0.0,140478.5,2585.444,13864.1045,79318.72,28477.803,-30.328312,7542.089,60162.043,5199.1514
1858,2016-02-24,316.73203,327.76382,321.64148,320.82672,271.95242,337.42728,326.13928,283.87955,292.83765,303.23798,250.94025,318.78366,325.63858,323.30023,340.98145,326.40738,320.47717,317.90793,318.50616,303.6724,274.0199,297.37357,292.54825,293.37415,295.78293,334.87286,-70227.68,16895.07,10176.705,-71864.266,3100.0,106.047935,145704.77,2562.6648,14323.715,77844.336,33108.45,-29.35016,7700.974,59847.85,5177.5986
1859,2016-03-02,316.7068,327.8749,321.68698,320.8332,271.9437,337.2827,326.0945,283.84576,292.7473,303.0395,250.90767,318.8146,325.8606,323.3851,341.10422,326.47144,320.4618,317.88394,318.44385,303.61542,274.00513,297.26535,292.51373,293.29294,295.73767,334.86285,-82692.36,6669.966,6182.803,-75599.98,2792.078,0.0,147315.5,2557.4402,13485.196,84738.695,22780.006,-30.370003,7483.838,60163.254,5178.938
1860,2016-03-09,316.7372,327.99338,321.706,320.84283,271.9096,337.16476,326.04993,283.78687,292.65543,302.89084,250.91122,318.812,326.06387,323.4903,341.17715,326.56442,320.45126,317.88953,318.49753,303.70743,273.99066,297.1629,292.47784,293.1723,295.67896,334.853,-82477.44,6653.3564,6714.2686,-74198.055,2719.8928,0.0,147720.75,2548.9846,13910.082,87571.73,23361.451,-28.59908,7420.6724,59936.504,5134.1045
1861,2016-03-16,316.80673,328.1193,321.73694,320.85596,271.8803,337.08557,326.00516,283.71222,292.56625,302.74518,250.92728,318.81137,326.25784,323.5974,341.22482,326.67682,320.4503,317.9251,318.52048,303.7169,273.9764,297.07462,292.44067,293.02078,295.6087,334.8433,-87689.78,2060.7324,4717.149,-74487.914,2771.503,0.0,147690.75,2537.883,13750.844,92542.49,18690.268,-28.077368,7281.026,59722.41,5082.956
1862,2016-03-23,316.85797,328.24902,321.88208,321.03574,271.88037,337.0425,325.95947,283.62726,292.48355,303.0786,250.90579,318.8241,326.4332,323.75238,341.31668,326.7948,320.4615,317.964,318.7848,303.96167,273.9622,297.00046,292.40198,293.12875,295.53006,334.83356,-72816.28,17201.938,11510.25,-69928.89,3048.2896,21.475868,150222.23,2510.9644,15688.912,87067.67,35377.18,-24.87018,7625.1025,58992.527,5071.786
1863,2016-03-30,316.94485,328.40936,321.99463,321.11197,271.88617,337.01572,325.91318,283.59702,292.413,303.08743,250.90198,318.88943,326.7196,323.89923,341.41147,326.92856,320.49142,318.024,318.8002,304.00153,273.948,296.9195,292.36194,293.131,295.48404,334.82382,-87705.234,6444.498,7209.6333,-74050.14,2965.2996,0.0,150814.86,2499.145,15121.892,95231.875,24795.006,-20.462328,7494.194,59292.082,5035.8647
1864,2016-04-06,317.07938,328.54373,322.06662,321.19128,271.86823,337.01035,325.8667,283.5601,292.3402,303.07004,250.89502,318.9271,326.8578,324.0389,341.33426,327.08173,320.5324,318.11685,318.953,304.20297,273.93384,296.841,292.32065,293.116,295.43997,334.8141,-85223.08,9571.123,9091.943,-72157.27,3044.956,20.215546,144671.89,2486.9683,16108.929,96890.63,29009.56,-20.333601,7540.513,59078.23,4994.0034
1865,2016-04-13,317.2029,328.6063,322.35855,321.57538,271.93063,337.0382,325.8201,283.6313,292.28384,303.8893,250.90692,319.01367,326.91275,324.227,341.08328,327.2205,320.5895,318.22025,319.48663,304.72113,273.9197,296.77075,292.27823,293.548,295.4068,334.80432,-54859.7,37077.68,16215.793,-63684.133,3067.1404,28.603216,135134.53,2442.744,18764.713,83970.75,54900.26,-1.4860897,8141.941,57989.52,4922.9614
1866,2016-04-20,317.30945,328.5922,322.53452,321.73743,272.0199,337.0882,325.7742,284.00806,292.25436,304.16605,250.93312,319.20093,326.78726,324.2698,340.73334,327.31726,320.6764,318.33713,319.54184,304.7956,273.90558,296.70105,292.23483,293.8606,295.4461,334.79456,-72608.53,27672.664,12910.658,-70597.03,3100.0,58.894447,124135.68,2426.7605,18441.049,87804.5,46503.625,-3.1132011,8050.8633,58732.82,4890.757
1867,2016-04-27,317.40753,328.47433,322.55505,321.80365,272.06348,337.1398,325.72974,284.7344,292.22733,304.33557,250.88109,319.3349,326.47473,324.2199,340.26608,327.3538,320.76816,318.42706,319.69995,305.06226,273.8915,296.62833,292.19055,294.11737,295.51306,334.78476,-64353.668,34254.46,13475.681,-69468.914,3100.0,46.073914,108519.17,2415.4578,19166.084,82821.41,51611.156,12.421787,7922.0884,59085.04,4900.2417
1868,2016-05-04,317.5338,328.26416,322.5674,321.8524,272.1176,337.1953,325.68655,286.0179,292.21173,304.56357,250.86038,319.46246,326.16827,324.14612,339.7433,327.31607,320.8532,318.5443,319.81723,305.29138,273.87744,296.56097,292.1455,294.3934,295.59613,334.77496,-62748.21,36132.094,12849.714,-70225.2,3021.6223,11.393279,94137.12,2399.4944,19725.027,79802.805,52874.656,6.582535,7586.382,59548.977,4880.126
1869,2016-05-11,317.63007,328.0424,322.4424,321.71237,272.1362,337.25986,325.6446,287.3104,292.1998,304.39233,250.84363,319.55887,325.99915,323.9882,339.38217,327.21054,320.93234,318.62863,319.66302,305.26,273.8634,296.56033,292.09982,294.49023,295.69113,334.76514,-75536.01,26511.951,10592.777,-75024.27,3100.0,56.678017,91446.55,2402.9739,19153.113,83100.57,44399.707,11.080338,7123.74,60609.633,4886.7007
1870,2016-05-18,317.8569,328.06357,322.29077,321.52557,272.11246,338.4299,325.80923,288.9964,294.02026,307.3574,253.70691,319.57278,326.40887,324.1802,339.53394,327.22595,321.0147,318.76288,319.87332,306.72318,273.92557,298.5653,292.1596,294.6138,295.79108,334.7978,-95793.1,9289.249,5236.659,-83460.0,3100.0,1500.0,106082.46,2495.3438,22084.96,103174.06,32199.035,-57.82263,6212.073,62119.426,3054.2363
1871,2016-05-25,317.99164,328.22662,322.1872,321.3586,272.06732,339.1604,326.02637,290.28748,297.7381,305.77652,252.61687,319.5421,326.635,324.1337,339.91977,327.2475,321.11264,318.89676,319.4407,305.52393,273.98764,298.70767,292.21887,294.38467,295.88617,334.8337,-107903.34,-3610.3965,-515.21356,-84848.164,3100.0,1370.4569,114635.66,2564.7363,18178.643,107223.35,17580.01,-48.58705,5337.832,62854.41,3883.5771
1872,2016-06-01,318.02762,328.31195,322.11676,321.29367,272.01483,339.13705,326.10242,290.78506,300.11072,304.82434,251.9893,319.45422,326.6261,324.12973,340.11667,327.27267,321.1568,318.92267,319.41238,305.41846,274.00232,298.46466,292.21164,294.18152,295.902,334.84473,-97324.836,3312.1816,3307.098,-81488.14,3100.0,1311.5693,115034.75,2623.6885,18612.035,104550.19,24504.97,5.6574097,5322.1885,62468.99,4317.4653
1873,2016-06-08,318.03326,328.30637,322.19434,321.4259,272.0306,338.92,326.10153,290.94748,298.2126,304.2746,251.3368,319.42148,326.42685,324.1121,340.04773,327.3023,321.17532,318.9385,319.5562,305.33282,273.99948,298.2606,292.18008,294.28366,295.89072,334.8437,-77698.46,20196.568,9508.129,-73774.41,3100.0,757.50494,107802.375,2596.8943,19407.303,93824.56,39534.117,27.476803,5737.042,61660.375,4708.8213
1874,2016-06-15,318.16617,328.36154,322.39096,321.63092,272.11414,339.17856,326.16684,291.37567,309.6247,306.34973,252.63318,319.4772,326.78864,324.3568,340.04575,327.3928,321.20993,319.03543,319.90668,306.1954,274.02063,299.0818,292.18243,294.59006,295.92053,334.8595,-78922.766,21446.244,6216.8223,-81103.78,3100.0,1500.0,112349.914,2615.6675,21804.81,97830.94,43399.45,76.41902,5726.86,61394.96,3499.0967
1875,2016-06-22,318.26428,328.4606,322.4558,321.65778,272.15726,339.45862,326.26932,291.86816,312.41193,305.6749,252.11823,319.56705,326.8149,324.3591,340.1211,327.45615,321.27896,319.13693,319.75375,305.7557,274.046,299.06757,292.19174,294.6438,296.00003,334.87848,-94333.93,11504.05,4050.4355,-84149.35,3100.0,1500.0,111720.016,2669.692,20036.287,101930.14,32626.836,101.9978,5373.087,62493.887,4037.0112
1876,2016-06-29,318.32944,328.4916,322.414,321.6258,272.15494,339.5868,326.32288,292.15826,311.9746,305.46677,252.06622,319.59134,326.7633,324.3699,340.09903,327.50464,321.3337,319.19183,319.78284,305.853,274.05872,299.00485,292.18475,294.63742,296.05963,334.8887,-91865.91,12876.998,4597.3438,-82878.6,3100.0,1442.2518,109363.695,2711.875,20375.848,101996.72,34094.438,96.08742,5309.178,62708.254,4046.49
1877,2016-07-06,318.3376,328.40424,322.53986,321.83875,272.20615,339.53888,326.31934,292.3187,306.9014,305.11902,251.39323,319.63828,326.38193,324.3213,339.81122,327.49155,321.37686,319.2211,320.03793,305.8419,274.05804,298.58206,292.16064,294.90247,296.1091,334.88962,-63497.836,35202.47,9813.806,-72482.88,3100.0,1001.6601,94430.84,2681.9175,20968.58,86294.11,51392.863,82.4094,5749.029,62067.094,4689.2627
1878,2016-07-13,318.33038,328.20956,322.62567,321.93854,272.2873,339.33673,326.2521,292.35986,301.48495,304.9986,251.0653,319.75687,326.18787,324.24066,339.42056,327.4411,321.41855,319.2414,320.08536,305.88168,274.04422,298.67404,292.11978,295.15585,296.19073,334.8813,-65756.94,35486.41,9362.089,-74860.5,3100.0,644.38,87589.86,2632.5718,20813.227,82709.72,50742.03,50.78521,5974.893,62444.71,4914.019
1879,2016-07-20,318.81235,328.35724,322.60303,321.83157,272.3823,340.79898,326.57297,293.45593,344.1094,310.31378,255.50401,319.8875,326.86008,324.70016,339.46567,327.664,321.50873,319.5813,320.39783,307.9522,274.1371,301.50305,292.2292,295.3482,296.3619,334.9474,-116470.56,-2812.8398,-9005.108,-110745.99,3100.0,1500.0,97663.86,2767.102,25670.484,118329.016,27859.88,205.21997,4737.7866,63573.223,105.754395
1880,2016-07-27,319.04926,328.5484,322.64557,321.91135,272.42038,342.15656,327.06647,294.41495,356.6299,308.73834,253.99979,319.95654,326.70676,324.63458,339.59143,327.83185,321.65836,319.80054,320.29935,306.9268,274.24246,301.84396,292.3583,295.4905,296.53677,335.0228,-98354.1,12523.109,-3853.1965,-95410.81,3100.0,1500.0,93979.664,3052.882,22894.965,106629.64,35431.4,278.10117,4247.955,64799.453,2467.567
1881,2016-08-03,319.139,328.57275,322.68292,321.96768,272.477,342.73,327.3532,294.78406,353.17117,308.4984,253.8177,320.00815,326.65048,324.67172,339.5479,327.88156,321.76562,319.88803,320.41684,307.14322,274.30295,301.97784,292.427,295.66257,296.6766,335.0671,-93078.38,17067.518,-3536.496,-94573.26,3100.0,1500.0,91004.8,3179.3386,23439.021,104352.05,38958.91,237.74463,4295.0684,65146.574,2637.732
1882,2016-08-10,319.11612,328.4954,322.5875,321.85504,272.49222,342.83823,327.49777,294.80396,341.09625,306.7011,252.56865,320.0485,326.37692,324.47168,339.41605,327.83047,321.84546,319.89658,320.129,306.46204,274.3363,301.3179,292.46008,295.6287,296.8072,335.0927,-100138.07,11803.84,-1473.5514,-91643.98,3100.0,1500.0,87028.9,3259.6663,20954.273,102558.58,31644.293,156.95789,4308.7183,66312.58,4087.1782
1883,2016-08-17,319.05084,328.2974,322.46503,321.76642,272.4812,342.53503,327.4736,294.60287,327.18542,305.77194,251.9855,320.0187,326.08475,324.30505,339.1609,327.6859,321.87137,319.84924,320.09155,306.38077,274.3414,300.70312,292.45615,295.61237,296.8895,335.09863,-87034.375,19994.09,2033.1116,-85386.836,3100.0,1445.5548,80426.85,3217.8662,20915.627,95427.0,37615.848,97.9415,4697.104,66210.21,4568.842
1884,2016-08-24,319.00357,328.03503,322.45807,321.79782,272.5144,342.15543,327.38754,294.47153,318.06015,305.54507,251.67361,320.01425,325.81763,324.1666,338.7894,327.49506,321.87274,319.8171,320.14355,306.3995,274.33844,300.2492,292.44348,295.73352,296.95828,335.09888,-74809.04,28298.31,4340.4326,-81787.336,3100.0,1310.8306,72993.84,3124.364,21051.785,87433.516,43805.62,59.778107,5109.3135,65929.05,4805.0957
1885,2016-08-31,318.99323,327.7465,322.43063,321.78214,272.56067,341.87457,327.3029,294.38635,314.60892,305.78748,251.80304,320.04163,325.56702,324.0235,338.37268,327.2999,321.8703,319.81067,320.12778,306.50943,274.33752,300.0773,292.43652,295.85672,297.03995,335.10052,-75808.305,27444.537,3698.5613,-84040.61,3100.0,1269.153,65772.26,3057.5928,21169.572,85175.41,43088.707,45.059326,5316.2197,66089.97,4631.9272
1886,2016-09-07,318.971,327.46515,322.27118,321.60178,272.56277,341.66083,327.23737,294.13684,312.85187,305.4626,251.69463,320.04337,325.33994,323.7982,338.05334,327.08087,321.86185,319.79004,319.8888,306.31622,274.33777,299.94022,292.43408,295.8248,297.12292,335.10297,-85853.766,19194.996,2376.6277,-87848.73,3100.0,1500.0,65561.88,3034.5662,20253.05,86698.06,35728.746,36.584824,5378.8535,66871.57,4743.169
1887,2016-09-14,318.92578,327.20834,321.99594,321.2985,272.50357,341.42755,327.1688,293.69885,309.6888,304.83435,251.50423,319.9688,325.0886,323.5348,337.88852,326.84204,321.82684,319.7353,319.55917,306.04883,274.33377,299.7842,292.42856,295.617,297.17267,335.10245,-94859.05,8564.133,1489.1074,-89772.8,3100.0,1448.0754,66102.555,3021.9944,19038.781,89679.75,26524.059,25.05754,5379.8096,67553.35,4919.401
1888,2016-09-21,318.8424,326.96115,321.73648,321.03955,272.4261,341.11002,327.07434,293.1902,304.4656,304.0044,251.12375,319.8378,324.84207,323.2741,337.7999,326.58484,321.75827,319.64404,319.29776,305.73047,274.3208,299.45813,292.41306,295.37222,297.16797,335.09567,-90671.72,7647.692,2913.2034,-85960.234,3100.0,1500.0,67667.03,2980.6604,18177.422,87171.375,24971.152,14.545593,5521.3228,67434.13,5244.1016
1889,2016-09-28,318.74048,326.7279,321.56198,320.876,272.37482,340.78375,326.96088,292.51385,300.63327,303.71854,251.0096,319.70016,324.6114,323.06876,337.75266,326.33838,321.666,319.5386,319.1497,305.58612,274.30267,299.20407,292.39243,295.2059,297.12622,335.0852,-83641.81,10214.225,4507.9536,-83392.055,3100.0,1186.3627,68301.66,2912.8606,18018.662,83192.836,27189.635,-0.90286255,5846.98,66884.59,5282.4043
1890,2016-10-05,318.62808,326.5126,321.43384,320.75208,272.3438,340.51035,326.8549,291.55835,298.54312,303.62067,250.98766,319.5821,324.39664,322.8821,337.71118,326.10632,321.56586,319.43045,318.9993,305.4156,274.28464,299.00937,292.37357,295.07645,297.0743,335.0747,-80729.21,10402.781,5039.3047,-82397.57,3100.0,1207.962,69389.14,2855.3672,17641.95,80211.65,27181.756,-10.909061,6228.008,66393.336,5270.01
1891,2016-10-12,318.53638,326.33044,321.35327,320.67694,272.32278,340.2669,326.7603,290.4607,297.25635,303.59503,250.98334,319.47797,324.26678,322.7572,337.70157,325.8898,321.46356,319.33942,318.9144,305.31488,274.26663,298.9634,292.35608,294.9864,297.01837,335.06424,-76602.836,12252.619,5821.646,-81040.625,3100.0,890.01276,71160.63,2807.8813,17611.842,77355.2,28900.465,-27.566547,6612.5264,65872.69,5245.2793
1892,2016-10-19,318.62552,326.34915,321.30597,320.6017,272.31555,340.80447,326.8182,290.07867,304.31183,306.3971,252.91537,319.40204,324.47537,322.91367,337.87634,325.87378,321.3855,319.35858,319.07736,306.28754,274.30038,300.21652,292.41165,294.95935,296.98575,335.07913,-91551.43,-988.8029,-328.53952,-90625.055,3100.0,1500.0,78298.98,2848.7546,19486.248,91072.38,19970.123,-117.12958,6357.477,66059.53,3678.9556
1893,2016-10-26,318.58572,326.39395,321.23752,320.51688,272.2828,340.97412,326.91714,289.5379,304.78232,304.51294,251.76297,319.32614,324.4033,322.73975,338.14502,325.78418,321.3359,319.3326,318.7024,305.13113,274.3243,300.05423,292.4543,294.73618,296.9559,335.0903,-89065.516,-857.4982,-74.52908,-85962.72,3100.0,1500.0,83240.21,2893.5745,16314.943,84971.266,16307.055,-60.028465,6305.9756,65982.77,4773.7373
1894,2016-11-02,318.41656,326.34714,321.13065,320.40967,272.23502,340.60965,326.88397,288.13535,300.97565,303.38705,251.16841,319.21753,324.24493,322.59622,338.37756,325.67508,321.25497,319.1889,318.54102,304.8271,274.3089,299.6761,292.44238,294.49252,296.88028,335.08197,-81869.84,3078.4087,2771.224,-82328.78,3100.0,1500.0,87121.95,2883.3306,15810.016,80229.35,19359.55,-36.100967,6926.7603,65343.285,5219.46
1895,2016-11-09,318.21802,326.3014,321.09653,320.3859,272.21204,340.2781,326.81628,286.9091,298.5351,303.2709,251.02832,319.1211,324.15057,322.50598,338.57993,325.57346,321.15482,319.0269,318.48843,304.68918,274.29037,299.39392,292.42618,294.39606,296.79056,335.07147,-72720.81,9856.6875,5826.516,-79198.1,3100.0,1500.0,91409.76,2830.419,15930.606,74521.914,25866.256,-22.70443,7400.214,64506.57,5285.7827
1896,2016-11-16,318.06268,326.32498,321.0573,320.31137,272.1889,339.99445,326.74344,286.28156,297.1452,303.0729,251.01163,319.0462,324.2887,322.4837,338.85287,325.5194,321.05057,318.89127,318.33167,304.4898,274.27185,299.35886,292.41022,294.2105,296.7099,335.06094,-79840.47,2334.3364,3111.255,-80672.32,3100.0,1500.0,98518.27,2797.1128,14941.341,78006.58,18047.611,-21.165241,7360.934,64201.543,5259.7734
1897,2016-11-23,317.8969,326.40387,320.98926,320.22272,272.14706,339.75806,326.67383,285.84875,296.291,302.7933,251.0168,318.95547,324.33295,322.44873,339.19696,325.48462,320.94614,318.7486,318.1902,304.24167,274.25336,299.24548,292.39453,293.94528,296.61456,335.0504,-79861.86,27.1073,2197.3809,-79638.22,3100.0,1500.0,105518.96,2772.721,14179.869,78618.71,14929.128,-13.843021,7288.9966,63620.137,5239.0215
1898,2016-11-30,317.74222,326.52533,320.98285,320.19943,272.10767,339.558,326.60953,285.49387,295.61206,302.65393,250.98161,318.86276,324.49384,322.50604,339.55457,325.48502,320.84192,318.62308,318.1376,304.06744,274.2349,299.01758,292.37903,293.71945,296.49915,335.03986,-78549.09,358.0796,2649.9065,-78755.95,3100.0,1500.0,114321.7,2746.6426,14021.748,79209.89,15298.455,-28.634876,7251.747,62989.445,5257.883
1899,2016-12-07,317.60782,326.67828,321.03778,320.24112,272.07254,339.38034,326.55075,285.19818,295.1598,302.642,250.95819,318.7904,324.66516,322.59116,339.87268,325.53278,320.74933,318.5121,318.12875,303.94077,274.21677,298.8165,292.36398,293.55478,296.37708,335.0295,-77430.016,1661.4756,3505.9646,-77731.55,3100.0,943.29407,121058.46,2720.6614,13937.376,79418.52,16763.107,-35.35483,7246.028,62390.707,5267.3276
1900,2016-12-14,317.486,326.85925,321.10767,320.28928,272.04364,339.20483,326.4967,284.9498,294.8245,302.58807,251.00137,318.73865,324.92664,322.7033,340.17276,325.6159,320.6703,318.4103,318.11862,303.80566,274.19888,298.63464,292.34912,293.39432,296.25806,335.0193,-78824.14,684.1294,3152.468,-76505.68,3100.0,961.8078,128912.086,2699.4268,13576.235,81325.8,15704.466,-35.135063,7195.0137,61752.004,5206.5195
1901,2016-12-21,317.355,327.06836,321.18542,320.34692,272.01587,339.0253,326.44568,284.72888,294.52057,302.51465,250.98386,318.6979,325.18692,322.82452,340.49844,325.7317,320.6028,318.31003,318.11798,303.65887,274.18103,298.47797,292.33395,293.23276,296.13962,335.00903,-79466.89,649.06213,3280.8645,-76216.83,3100.0,620.0427,137643.52,2680.8044,13275.785,82772.72,15582.737,-32.457108,7152.339,61233.45,5215.875
1902,2016-12-28,317.20847,327.28827,321.26712,320.4125,271.98224,338.83743,326.39682,284.52777,294.28915,302.46326,250.92023,318.6675,325.40683,322.9453,340.80988,325.86795,320.54538,318.20496,318.12552,303.51392,274.16318,298.32446,292.31827,293.08252,296.0208,334.9988,-80064.92,887.18225,3515.6028,-76098.766,3100.0,741.2511,144711.5,2663.075,12999.408,83935.5,15742.04,-29.98122,7120.208,60818.723,5263.4253
1903,2017-01-04,317.05466,327.49295,321.34583,320.483,271.94666,338.63754,326.34955,284.3441,294.10477,302.4703,250.86903,318.64728,325.55243,323.05435,341.0487,326.01416,320.49667,318.09863,318.15143,303.4148,274.14536,298.15482,292.30185,292.96143,295.9029,334.98853,-79708.305,2267.668,4334.28,-75325.266,3100.0,500.13815,148868.27,2645.2273,12943.766,84248.484,17221.076,-27.370977,7123.244,60379.67,5291.628
1904,2017-01-11,316.91098,327.66382,321.45096,320.59723,271.92407,338.42798,326.30338,284.1832,293.93317,302.68713,250.82886,318.64392,325.65897,323.1695,341.18277,326.16293,320.45654,318.0024,318.2591,303.46768,274.12756,297.9923,292.2845,292.96176,295.79126,334.97827,-74804.164,8668.715,7673.42,-73464.375,3100.0,346.46558,150110.55,2623.3704,13735.628,82007.44,24574.896,-25.126652,7284.0464,59874.83,5300.7812
1905,2017-01-18,316.79697,327.8215,321.55948,320.69986,271.91046,338.21637,326.2581,284.065,293.77228,302.83652,250.80391,318.66867,325.8533,323.29422,341.3157,326.30865,320.4285,317.92865,318.3307,303.46945,274.10974,297.86304,292.26602,292.98566,295.7015,334.968,-76364.93,9069.089,7778.4824,-73595.95,3100.0,233.99252,153523.92,2605.728,13789.679,83138.5,25210.398,-24.542835,7337.6816,59670.383,5293.492
1906,2017-01-25,316.6952,328.01035,321.66528,320.80228,271.89453,338.12283,326.21948,284.046,293.60608,303.72702,250.98349,318.70142,326.07648,323.46588,341.57758,326.4601,320.413,317.86832,318.48584,303.65622,274.09958,297.9465,292.25684,293.0301,295.62912,334.95767,-78642.89,9157.676,7661.0,-73847.445,3100.0,1500.0,161076.28,2589.163,14182.739,86389.07,26119.8,-52.96463,7391.2534,59653.66,5169.2095
1907,2017-02-01,316.58304,328.24664,321.73642,320.83868,271.86484,337.97812,326.18842,284.00937,293.44275,303.0493,250.88531,318.73544,326.35562,323.581,341.92227,326.62003,320.4114,317.8087,318.38287,303.28873,274.08853,297.85217,292.2449,292.90234,295.5689,334.9474,-86508.28,2576.7996,4176.859,-75394.69,3100.0,529.3429,170714.11,2595.6282,12702.019,90102.59,17924.271,-43.77155,7108.457,59669.273,5237.1445
1908,2017-02-08,316.47614,328.5009,321.8028,320.88272,271.82263,337.75006,326.14932,283.88507,293.35458,302.58774,250.80884,318.73962,326.68655,323.7414,342.22412,326.80423,320.40976,317.73987,318.41006,303.2056,274.07156,297.66315,292.22287,292.72272,295.49118,334.93707,-87122.484,2416.5806,4561.5903,-74027.69,3100.0,316.60892,178098.34,2590.3547,12574.994,93033.2,17730.432,-28.013126,7044.2827,59266.246,5256.0156
1909,2017-02-15,316.40378,328.75858,321.89883,320.95932,271.7936,337.53485,326.1061,283.74728,293.25327,302.42276,250.85837,318.74677,327.00638,323.92593,342.46802,327.0147,320.41077,317.69498,318.47357,303.16217,274.05365,297.51007,292.19775,292.56146,295.39777,334.92673,-89849.54,952.2368,4109.291,-72533.57,3100.0,526.08344,182955.4,2574.377,12495.577,97076.42,16375.952,-22.427998,6981.726,58679.387,5169.161
1910,2017-02-22,316.33948,328.98965,321.99225,321.04642,271.77188,337.34897,326.0606,283.61246,293.14285,302.3482,250.85794,318.7628,327.16364,324.0785,342.60287,327.2356,320.42264,317.66425,318.54675,303.11142,274.03574,297.37607,292.17087,292.41907,295.296,334.9164,-91412.1,1042.9761,4406.0225,-72169.01,3100.0,226.38713,184102.7,2557.342,12536.751,99336.98,16645.467,-20.881256,6940.678,58199.85,5156.4644
1911,2017-03-01,316.3329,329.15268,322.26044,321.3904,271.80563,337.1824,326.01358,283.49915,293.04224,303.1487,250.83998,318.81915,327.24347,324.30865,342.4567,327.4437,320.4482,317.67163,319.0409,303.68085,274.01785,297.23132,292.14224,292.75494,295.19897,334.90607,-65378.19,27733.87,15564.741,-64659.887,3100.0,143.98804,173993.92,2515.7732,16015.089,88464.34,45678.023,-14.573376,7617.8877,57084.918,5108.054
1912,2017-03-08,316.4057,329.22757,322.5713,321.7384,271.89703,337.0466,325.9669,283.51297,292.96936,303.8896,250.85013,318.99265,327.2822,324.49066,342.1464,327.6186,320.508,317.75134,319.38147,304.04868,274.0002,297.1037,292.11234,293.2381,295.1772,334.8959,-64463.094,33453.902,15750.379,-65885.234,3100.0,48.420723,161935.66,2481.972,17005.977,86284.0,51176.54,-12.233067,7978.876,57116.06,5052.356
1913,2017-03-15,316.5321,329.22366,322.65887,321.81808,271.94617,336.95233,325.92148,283.60806,292.9061,303.93747,250.86523,319.1754,327.19507,324.53537,341.7831,327.74332,320.59885,317.8659,319.43655,304.1958,273.98282,296.9881,292.08105,293.4672,295.22174,334.88586,-79008.63,24731.707,12586.301,-70557.02,3100.0,205.57005,149739.27,2478.5713,16858.29,91139.836,43169.73,-17.115068,7919.632,57949.504,5008.835
1914,2017-03-22,316.6395,329.14484,322.65582,321.84158,271.9601,336.8966,325.87662,283.69266,292.8416,303.9602,250.8381,319.2945,327.03394,324.51068,341.45358,327.79974,320.69534,317.96466,319.52686,304.33798,273.96542,296.87833,292.0482,293.63678,295.2762,334.87582,-76501.05,27354.723,13018.048,-70174.66,3100.0,41.901806,141879.6,2472.4644,17194.654,89150.45,45420.996,-18.537128,7987.9785,58368.24,5014.5566
1915,2017-03-29,316.7857,329.03528,322.6042,321.78482,271.96262,336.85962,325.83167,283.76468,292.78183,303.8643,250.83504,319.3848,326.92062,324.46906,341.09296,327.801,320.78458,318.07227,319.5082,304.46826,273.94806,296.77475,292.01373,293.7112,295.33163,334.86578,-85226.13,20533.19,11031.836,-72750.33,3100.0,293.2712,131593.89,2468.028,17193.756,92977.59,39427.8,-21.410934,7913.3105,58996.27,4974.8516
1916,2017-04-05,316.9767,328.884,322.619,321.85104,271.97836,336.8457,325.78635,283.813,292.72873,304.08237,250.83284,319.4459,326.7309,324.45154,340.6683,327.7636,320.86365,318.20636,319.71454,304.806,273.93066,296.68533,291.9778,293.9103,295.37732,334.8557,-72040.16,30767.107,13343.68,-69008.56,3002.4268,4.1355524,119404.664,2446.3645,18502.854,87641.54,48919.812,-19.826124,8144.6494,58863.6,4921.305
1917,2017-04-12,317.16937,328.693,322.63147,321.88123,272.01923,336.86646,325.7407,284.01196,292.6917,304.25235,250.83055,319.53928,326.4987,324.37778,340.2423,327.688,320.94504,318.3527,319.77136,304.97354,273.9133,296.6554,291.94046,294.11386,295.43985,334.84564,-74952.48,29455.629,12309.77,-71052.49,3100.0,62.197365,108752.39,2428.5017,18795.855,86830.2,47620.805,-20.476532,8136.4507,59271.418,4893.699
1918,2017-04-19,317.30014,328.47787,322.49573,321.7388,272.0262,336.91107,325.6955,284.4449,292.657,304.43042,250.85521,319.60095,326.2501,324.2223,339.9141,327.56918,321.01962,318.45102,319.66714,304.98587,273.89594,296.65076,291.90182,294.16354,295.5111,334.83554,-84767.69,20918.955,10186.22,-74101.9,3100.0,628.4739,102794.71,2420.3943,18333.092,89980.36,40157.793,-16.75213,7956.4185,60038.457,4861.419
1919,2017-04-26,317.39404,328.2406,322.3691,321.64447,272.02545,336.9597,325.65207,285.1307,292.6208,304.19608,250.80144,319.609,325.95078,324.04245,339.58408,327.42212,321.06778,318.51166,319.64383,305.10406,273.8786,296.57806,291.86203,294.24316,295.5653,334.82544,-74505.234,26734.455,11666.162,-72414.12,3100.0,263.1538,93001.18,2411.638,18876.723,84175.59,44954.02,1.0904121,7727.522,60151.06,4873.4272
1920,2017-05-03,317.49686,327.99557,322.3069,321.5976,272.04514,337.01498,325.60825,286.3269,292.59396,304.23074,250.77933,319.62152,325.8199,323.9283,339.25092,327.25842,321.09344,318.58368,319.65186,305.2334,273.86124,296.61176,291.8213,294.37088,295.61755,334.81534,-71591.19,28149.896,11549.719,-72573.12,3100.0,435.60086,87472.19,2397.5376,19315.281,82027.08,46000.68,5.0606594,7379.148,60364.555,4854.9077
1921,2017-05-10,317.61838,327.78845,322.1431,321.40118,272.03317,337.3336,325.57733,287.68646,292.5668,304.74207,251.21132,319.6206,325.67685,323.79297,339.03198,327.09555,321.11002,318.65674,319.49292,305.45172,273.86118,296.98962,291.80377,294.34006,295.67322,334.8052,-88811.97,13197.974,7827.125,-78682.39,3100.0,1000.53015,85787.99,2409.218,19148.525,90160.65,33327.957,-11.290375,6689.95,61366.344,4579.9746
1922,2017-05-17,317.68817,327.59503,321.9843,321.25616,272.00424,337.50705,325.56186,288.60284,292.5285,304.08466,251.00296,319.56293,325.4938,323.62088,338.8649,326.92325,321.11267,318.69995,319.35107,305.15335,273.85745,296.90176,291.7805,294.27643,295.70535,334.79507,-81596.766,16284.381,8973.992,-75368.945,3100.0,686.9703,83346.26,2415.5576,18709.775,85956.19,35457.684,-15.157703,6427.7285,61345.34,4713.9463
1923,2017-05-24,317.74268,327.40152,321.88602,321.1638,272.00018,337.565,325.53635,289.27267,292.49252,304.00974,251.07355,319.5075,325.34314,323.5005,338.685,326.75748,321.09866,318.72345,319.29626,305.23184,273.84604,296.8812,291.7458,294.26,295.71924,334.7862,-79783.945,16145.926,9126.539,-75016.32,3100.0,658.3305,80744.49,2403.2913,18951.29,85006.15,35427.535,-15.316105,6251.668,61267.367,4646.728
1924,2017-05-31,317.78284,327.21786,321.8088,321.09305,271.99957,337.60452,325.51334,289.81857,292.46027,303.8829,250.95685,319.46072,325.19922,323.3759,338.50623,326.59628,321.0776,318.74036,319.22614,305.16327,273.8341,296.80676,291.71002,294.25867,295.7297,334.7782,-77286.39,16846.78,9372.887,-75409.88,3100.0,646.77026,78281.03,2389.7874,18849.889,82889.1,35859.98,-12.7287655,6128.383,61350.617,4729.3086
1925,2017-06-07,317.8094,327.03467,321.70956,320.99298,271.99155,337.65863,325.4961,290.19974,292.4304,303.9034,251.0854,319.41522,325.0205,323.24457,338.32733,326.4433,321.05148,318.74548,319.13248,305.1724,273.82297,296.82498,291.67557,294.2294,295.73886,334.77258,-79100.875,13952.965,8674.015,-76035.555,3100.0,565.5446,75529.375,2381.7278,18720.557,82927.72,33211.8,-13.833805,5992.963,61457.34,4647.674
1926,2017-06-14,317.84213,326.84772,321.6484,320.9556,271.99506,337.7806,325.49832,290.52206,292.4022,304.15567,251.26591,319.3678,324.85733,323.14554,338.12167,326.29996,321.02225,318.75385,319.1577,305.30362,273.81793,296.97186,291.6501,294.28558,295.74545,334.77124,-71475.53,18900.898,9902.383,-74611.56,3100.0,846.07526,71277.89,2375.524,19318.066,79275.41,37834.668,-16.525948,5967.8926,61306.457,4540.421
1927,2017-06-21,317.86926,326.67166,321.61874,320.9324,272.0107,337.8907,325.50812,290.85547,292.38065,304.30194,251.26251,319.34457,324.75546,323.05176,337.92264,326.15198,320.99503,318.76547,319.13074,305.31146,273.81476,297.0803,291.62805,294.36472,295.76376,334.77124,-70546.3,19234.908,9649.533,-75543.95,3100.0,826.6489,69530.54,2374.581,19311.557,77601.336,37982.16,-20.641293,5916.545,61462.844,4550.91
1928,2017-06-28,317.9047,326.52878,321.41382,320.6757,271.9727,338.07394,325.54016,291.21695,292.85165,304.08353,251.57143,319.30038,324.64038,322.89267,337.7983,326.01688,320.96875,318.77063,318.80914,305.1682,273.81854,297.34903,291.61673,294.11972,295.78748,334.77618,-92830.47,-2109.831,2046.231,-82460.87,3100.0,815.47986,69614.02,2405.37,17572.807,87815.62,16654.732,-33.980488,5295.176,62370.98,4381.0967
1929,2017-07-05,318.04007,326.4904,321.36255,320.66278,271.96213,338.69785,325.68933,291.80154,300.29868,305.82062,252.89447,319.21075,324.71375,322.9873,337.7789,326.00665,320.94482,318.8386,319.09567,305.94623,273.85587,298.39365,291.65326,294.19196,295.7862,334.80463,-75373.77,11037.044,6075.1895,-80801.195,3100.0,1500.0,70697.664,2472.3113,20814.889,85319.664,33193.96,-34.191925,5221.952,61629.438,3198.8809
1930,2017-07-12,318.05927,326.40695,321.37006,320.66553,271.9784,338.88248,325.79623,292.0341,299.12988,304.59247,251.48753,319.187,324.5305,322.82343,337.7201,325.8939,320.93298,318.8685,318.8565,305.10617,273.874,298.09274,291.66455,294.20587,295.80234,334.81995,-78087.53,9244.766,5662.1353,-80789.12,3100.0,1223.2598,67345.63,2511.5093,18435.324,80915.484,28714.545,12.240623,5159.484,62200.42,4461.255
1931,2017-07-19,318.06885,326.28012,321.38058,320.70132,271.9844,338.8429,325.8229,292.01852,301.45645,304.86337,251.56238,319.15503,324.4921,322.80875,337.6246,325.82822,320.90067,318.86166,318.99423,305.43835,273.87338,298.3398,291.6512,294.30212,295.8119,334.8223,-65988.97,18505.371,7952.0405,-78638.7,3100.0,1500.0,66228.26,2520.7007,19818.914,76234.5,38334.984,33.5079,5421.046,61784.93,4227.4014
1932,2017-07-26,318.21432,326.2913,321.37354,320.65033,272.00806,339.31403,325.9569,292.412,313.80496,306.21393,252.60968,319.17047,324.6287,322.88593,337.61517,325.8942,320.8869,318.9532,318.96402,305.83636,273.90384,299.6126,291.68262,294.31204,295.86115,334.8464,-87149.22,1368.4878,167.05618,-90554.14,3100.0,1500.0,67736.58,2598.11,20020.938,87730.18,24175.035,91.23567,4913.8477,62476.15,3224.1963
1933,2017-08-02,318.32172,326.32208,321.37137,320.66824,272.01727,339.89276,326.15048,292.8175,322.00128,306.31586,252.62468,319.15924,324.59744,322.8878,337.63144,325.9058,320.8915,319.02975,319.01642,305.79752,273.94418,300.13556,291.7296,294.3702,295.91006,334.87766,-77678.79,8957.8955,2476.6975,-86196.43,3100.0,1500.0,66864.664,2693.8613,20385.727,83858.89,31233.357,133.7405,4793.9604,62450.445,3357.2979
1934,2017-08-09,318.28897,326.26453,321.34894,320.6466,272.02393,340.05963,326.2484,292.81436,316.30078,305.14404,251.6921,319.15213,324.47003,322.76303,337.59805,325.84183,320.88895,319.0117,318.86884,305.32407,273.95807,300.1501,291.74152,294.3729,295.9478,334.89053,-76293.92,10097.955,4016.1865,-82581.98,3100.0,1500.0,66653.016,2736.5015,19007.78,79985.91,30011.877,121.538315,4888.986,62825.543,4355.7334
1935,2017-08-16,318.30322,326.25363,321.3037,320.58173,272.0217,340.2651,326.31345,292.8224,317.03217,305.41605,252.08781,319.13095,324.56805,322.78748,337.65686,325.8436,320.87183,319.00815,318.85803,305.56918,273.97034,300.7278,291.75287,294.32703,295.98093,334.9023,-80875.42,5333.12,1910.9874,-85675.24,3100.0,1500.0,70689.69,2750.5986,19438.072,83912.234,26448.908,109.788086,4798.256,62862.496,3889.024
1936,2017-08-23,318.38474,326.35504,321.36218,320.642,272.0511,340.79712,326.45145,293.05887,323.98196,306.21555,252.6609,319.12344,324.73474,322.90573,337.8451,325.88232,320.8648,319.06128,318.99002,305.8391,274.00146,301.2578,291.79242,294.40735,296.02115,334.92734,-77448.28,8584.703,2096.5007,-85773.56,3100.0,1500.0,75042.62,2795.304,20419.836,84627.5,30852.643,132.76701,4716.287,62568.223,3378.416
1937,2017-08-30,318.30896,326.37195,321.37286,320.65314,272.06152,340.9229,326.5076,292.94308,315.1901,304.52798,251.3676,319.126,324.6137,322.77927,337.96606,325.78848,320.8603,319.01843,318.7972,305.10645,274.0064,300.6286,291.79764,294.3878,296.0567,334.9342,-74933.96,11149.854,4937.026,-79853.41,3100.0,1500.0,75180.125,2814.108,18356.443,79166.97,29832.99,91.63213,4847.4736,62936.2,4769.749
1938,2017-09-06,318.179,326.31223,321.2274,320.47797,272.01752,340.6988,326.44098,292.4087,305.3317,303.46405,250.90402,319.0863,324.50967,322.64893,338.04294,325.6893,320.82834,318.9144,318.54623,304.81805,273.98676,300.07657,291.77066,294.1359,296.06537,334.9238,-83983.34,1106.2639,2248.6963,-81737.84,3100.0,1500.0,78210.42,2770.2192,16860.56,82468.03,18833.793,53.350357,4930.682,63220.04,5060.857
1939,2017-09-13,318.0736,326.28357,321.0964,320.33905,271.955,340.46783,326.35703,291.7573,300.9292,303.03238,250.7609,319.00266,324.48578,322.5741,338.17322,325.63306,320.77554,318.8184,318.42508,304.66934,273.96655,299.91263,291.7452,293.8738,296.03314,334.91293,-81176.72,740.53516,3043.6875,-79665.98,3100.0,1500.0,82255.586,2714.3774,16562.768,82270.766,18238.78,27.2137,5089.3164,62828.652,5124.586
1940,2017-09-20,318.1195,326.42856,321.1219,320.3408,271.94336,340.68988,326.38007,291.47415,310.06113,304.74823,252.10406,318.9383,324.82907,322.7691,338.51248,325.74564,320.72952,318.82516,318.5753,305.25623,273.9754,300.75085,291.76245,293.7722,295.99396,334.92227,-84259.05,-2333.0679,130.9511,-84671.72,3100.0,1500.0,91773.9,2727.4949,18185.611,88906.52,18139.81,50.301025,5024.9424,62087.117,3823.3071
1941,2017-09-27,318.0414,326.60574,321.15372,320.36063,271.92694,340.7539,326.4112,290.97388,306.65436,303.5183,251.20497,318.89862,324.88824,322.74084,338.9416,325.76074,320.70203,318.77643,318.39774,304.4848,273.97647,300.55414,291.77133,293.6031,295.95108,334.92627,-82891.01,-1146.7909,1584.5331,-78625.266,3100.0,1500.0,98971.57,2746.1702,16185.264,85976.35,16097.618,56.756554,5133.793,61898.043,4871.5312
1942,2017-10-04,317.89035,326.7377,321.14337,320.33664,271.89792,340.54034,326.35324,289.9453,300.5377,302.84094,250.95474,318.8422,324.96887,322.76657,339.31836,325.76154,320.66104,318.66183,318.33487,304.30835,273.95633,300.03723,291.75284,293.3946,295.88153,334.91537,-81333.05,-499.49854,2699.4783,-76387.516,3100.0,1500.0,106030.89,2702.7383,15838.228,85659.51,16369.168,31.434555,5540.4956,61237.477,5000.789
1943,2017-10-11,317.77234,326.86722,321.16623,320.35107,271.87064,340.35358,326.28775,288.7712,298.06332,302.67752,250.82974,318.79196,325.06415,322.82794,339.5822,325.80695,320.6167,318.57275,318.31845,304.18323,273.9363,299.57336,291.73633,293.22287,295.80194,334.90448,-81116.305,-337.12637,3235.8223,-76339.234,3100.0,1500.0,109910.72,2660.7998,15639.76,86238.54,16535.535,12.143036,5897.63,60782.77,5082.1426
1944,2017-10-18,317.69885,326.99072,321.2403,320.42715,271.84454,340.15613,326.2225,287.80008,296.75806,302.7441,250.74565,318.75754,325.21405,322.92764,339.7565,325.87195,320.5798,318.51443,318.39346,304.2036,273.91635,299.18213,291.72153,293.15485,295.71964,334.8936,-77366.76,4038.837,6059.2847,-74758.65,3100.0,1500.0,112729.86,2622.8494,16204.223,85360.72,22007.531,-1.806324,6251.914,60276.387,5117.4224
1945,2017-10-25,317.63263,327.106,321.288,320.4609,271.81256,339.95255,326.16052,286.94028,295.9701,302.6564,250.67522,318.74475,325.2897,322.9876,339.90027,325.94876,320.55673,318.46985,318.36005,304.03384,273.89648,298.85315,291.70816,293.0281,295.64774,334.88266,-82969.055,-352.5044,3606.6157,-76035.93,3100.0,1363.5903,115957.74,2597.6553,15388.763,87948.46,16676.057,-15.444626,6408.7476,60139.96,5165.793
1946,2017-11-01,317.53192,327.18903,321.34286,320.53757,271.7864,339.7417,326.10254,285.81262,295.42374,302.7852,250.65457,318.7312,325.24634,323.0225,339.99188,326.02136,320.54147,318.40417,318.4412,304.0297,273.87668,298.57968,291.69592,293.01367,295.57278,334.87173,-74609.125,8178.795,8166.343,-72738.65,3100.0,986.4058,116942.59,2569.8035,16077.596,83248.79,26261.074,-14.341705,6955.001,59511.72,5164.991
1947,2017-11-08,317.40445,327.2623,321.45242,320.66113,271.7934,339.51407,326.04837,285.08148,295.04916,303.08017,250.66203,318.75113,325.31372,323.08444,340.10605,326.08112,320.53076,318.3292,318.53802,304.02097,273.85693,298.39987,291.68445,293.1355,295.5149,334.86078,-69268.64,14662.509,10390.894,-71189.03,3100.0,1067.1534,121551.08,2540.8823,16390.486,79439.92,32723.941,-13.071571,7302.2793,59082.324,5145.748
1948,2017-11-15,317.31677,327.36386,321.55212,320.7521,271.80484,339.27087,325.99796,284.71786,294.7415,303.58063,250.70163,318.7933,325.48584,323.19717,340.23947,326.13998,320.5253,318.27597,318.6276,304.08655,273.83728,298.22537,291.67334,293.23193,295.4847,334.84982,-73406.914,12909.029,9438.363,-71836.97,3100.0,1128.0402,124024.81,2515.584,16334.045,82131.125,31400.43,-29.922283,7462.316,59093.9,5084.0864
1949,2017-11-22,317.23697,327.44385,321.6451,320.85876,271.81668,339.04022,325.95114,284.50262,294.48315,303.44943,250.70808,318.83698,325.4807,323.2399,340.29282,326.21033,320.52753,318.23572,318.68652,304.08557,273.81766,298.00897,291.66214,293.3449,295.46835,334.83884,-68428.65,18443.928,11238.015,-70723.23,3100.0,695.836,123598.16,2501.6018,16560.273,78375.45,36499.562,-23.691254,7565.819,58892.566,5068.165
1950,2017-11-29,317.148,327.48508,321.7027,320.91934,271.82983,338.82425,325.9074,284.36578,294.32034,303.44943,250.68121,318.8882,325.4499,323.25925,340.2908,326.26984,320.53363,318.18823,318.7093,304.06693,273.7981,297.81384,291.65045,293.4459,295.46646,334.82785,-69587.97,18730.418,11072.118,-71826.04,3100.0,731.4727,123220.41,2490.5151,16347.127,77492.48,36483.33,-17.888222,7648.0303,59025.355,5084.6646
1951,2017-12-06,317.04922,327.47067,321.70795,320.93826,271.8337,338.61545,325.86685,284.27597,294.17245,303.4929,250.6769,318.9298,325.2515,323.21906,340.19617,326.30667,320.53857,318.13358,318.71292,304.0465,273.77887,297.64435,291.63834,293.5247,295.47192,334.81705,-68941.43,19780.467,11127.7295,-71939.4,3100.0,407.52606,118231.04,2477.6848,16184.011,75405.38,37126.29,-16.370077,7709.49,59142.64,5082.8467
1952,2017-12-13,316.9613,327.397,321.79895,321.087,271.87775,338.40552,325.8286,284.21942,294.04855,303.9219,250.74251,318.97937,325.10458,323.22272,340.0231,326.30527,320.53998,318.08618,318.9424,304.26315,273.7599,297.47458,291.62537,293.80035,295.48376,334.80637,-51328.895,34769.14,14188.714,-66761.98,3100.0,343.4234,113094.91,2449.5557,17188.01,66249.055,50291.85,-12.608665,8060.2153,58567.316,4991.8315
1953,2017-12-20,316.87006,327.30426,321.74258,320.98724,271.8994,338.1968,325.79178,284.22183,293.92004,303.72015,250.67155,319.0555,324.94705,323.10403,339.8886,326.26645,320.54575,318.0406,318.68903,304.02896,273.74097,297.31265,291.61105,293.81216,295.52652,334.7957,-74727.98,16978.812,9209.546,-76114.99,3100.0,282.2325,111729.61,2452.2441,15550.054,72898.266,33711.348,-17.273588,7815.355,59743.434,5076.78
1954,2017-12-27,316.7525,327.19025,321.53268,320.77533,271.84378,337.98856,325.75592,284.18893,293.76434,303.32227,250.61896,319.03168,324.69543,322.93604,339.81213,326.196,320.5347,317.95914,318.48837,303.842,273.7221,297.158,291.59525,293.6446,295.5442,334.785,-76618.28,12340.939,7892.4863,-75921.0,3100.0,77.66892,111384.84,2457.818,14697.326,73301.01,28550.143,-19.564388,7622.883,60131.773,5116.281
1955,2018-01-03,316.61707,327.06815,321.32364,320.56076,271.78198,337.77618,325.71985,284.10675,293.6039,302.98495,250.56067,318.96167,324.46628,322.7629,339.76376,326.1007,320.49982,317.85754,318.26672,303.5978,273.70325,297.02106,291.57788,293.40884,295.5217,334.7743,-79596.46,6336.3784,5712.2847,-76750.32,3090.3594,37.382023,111701.27,2453.6794,13615.899,74195.914,21820.668,-19.568558,7414.846,60255.6,5161.795
1956,2018-01-10,316.4796,326.94467,321.192,320.44458,271.73422,337.55994,325.68292,283.98807,293.44913,302.91617,250.54015,318.87265,324.2903,322.63663,339.72415,325.98914,320.44495,317.74884,318.19388,303.52527,273.68448,296.9052,291.55893,293.27057,295.4637,334.76358,-71703.6,10821.843,8091.5796,-73960.266,3100.0,95.83497,111363.42,2439.412,13873.9,70318.69,26581.098,-17.176537,7452.755,59788.477,5154.1987
1957,2018-01-17,316.3618,326.83563,321.11948,320.36926,271.70688,337.34595,325.64514,283.8773,293.36066,302.9019,250.5118,318.804,324.21176,322.54498,339.69153,325.87448,320.38098,317.65192,318.10483,303.433,273.6657,296.79306,291.5384,293.172,295.39795,334.75284,-71193.84,9771.943,7676.6733,-74139.48,3048.4045,21.51933,111464.91,2423.858,13631.621,69582.586,25391.705,-15.749805,7426.272,59556.664,5155.9893
1958,2018-01-24,316.231,326.72513,321.10428,320.37656,271.69824,337.14285,325.60672,283.7789,293.25983,303.05975,250.52931,318.74857,324.07367,322.46466,339.65103,325.7654,320.31412,317.55368,318.12592,303.42725,273.647,296.67395,291.5164,293.19086,295.3321,334.7421,-61593.926,17509.607,10651.288,-71075.734,2797.9402,0.0,110596.84,2403.9407,14191.532,63961.61,33197.75,-12.874046,7585.3374,58986.64,5116.437
1959,2018-01-31,316.09482,326.6372,321.0491,320.29913,271.6895,336.94583,325.56787,283.71268,293.14795,302.95874,250.51524,318.71613,324.03845,322.3758,339.66656,325.67215,320.24808,317.452,317.96313,303.2347,273.62836,296.69812,291.49295,293.10358,295.28162,334.73135,-69578.375,9742.376,7441.353,-74050.6,2597.1318,0.0,113336.664,2396.0376,13143.596,66224.87,24874.533,-13.026947,7428.711,59105.945,5122.671
1960,2018-02-07,316.05334,326.6735,320.99823,320.2252,271.66437,337.26013,325.56567,283.9576,293.02658,304.34366,251.54198,318.66046,324.29245,322.4658,339.87997,325.6322,320.18033,317.38168,318.04254,303.89514,273.6447,297.39883,291.51694,293.0101,295.22662,334.7236,-73897.695,4615.04,5220.2905,-75215.03,3100.0,684.58,122682.79,2415.6475,14193.971,73402.01,20990.64,-48.089584,7048.3706,59018.035,4445.6167
1961,2018-02-14,315.9785,326.76093,321.01807,320.2302,271.655,337.2558,325.58575,283.96555,292.90625,303.27002,250.9806,318.61057,324.4066,322.45673,340.0734,325.60544,320.1219,317.3314,317.8848,303.13715,273.65158,297.13058,291.5262,292.88217,295.1689,334.7151,-70474.69,6844.564,6106.6514,-72852.13,3100.0,409.61212,124779.86,2434.1382,12837.617,70114.516,22056.082,-38.038216,7028.037,58613.33,4827.1255
1962,2018-02-21,315.86258,326.81235,321.02466,320.22583,271.63733,336.92508,325.55875,283.75452,292.7992,302.74884,250.67575,318.5635,324.4671,322.46826,340.1855,325.62106,320.0618,317.24225,317.84082,303.03656,273.6326,296.98608,291.49774,292.7411,295.0966,334.7043,-69555.16,7163.692,6632.3145,-72797.445,3100.0,89.2726,127499.6,2417.8628,12718.748,69994.01,22205.996,-24.824303,7092.5195,58317.055,5010.4565
1963,2018-02-28,315.794,326.9264,321.03546,320.20752,271.6081,336.8029,325.52927,283.6804,292.70544,303.47604,250.82768,318.5222,324.7904,322.59006,340.37915,325.66183,320.00153,317.16232,317.89606,303.22314,273.62308,297.14026,291.48105,292.59085,295.01837,334.69354,-74721.3,1711.6111,4127.6313,-73866.77,3100.0,1500.0,133805.5,2397.192,12738.741,76832.72,17223.223,-37.826553,7025.1387,58235.555,4880.5356
1964,2018-03-07,315.784,327.11795,321.0951,320.24295,271.58365,336.86566,325.53607,283.69858,292.62125,303.37704,251.22916,318.48413,325.15402,322.7312,340.61353,325.76706,319.95294,317.13058,317.91675,303.3363,273.62552,297.33902,291.48004,292.44614,294.936,334.68872,-74614.16,1680.3533,4386.1685,-72603.5,3100.0,808.4394,138464.06,2406.562,13308.564,79509.71,17451.4,-33.61396,6836.2686,57707.848,4619.205
1965,2018-03-14,315.80246,327.31625,321.19806,320.3316,271.57303,336.8244,325.5424,283.61026,292.55185,302.92514,250.99348,318.4602,325.43948,322.88644,340.75745,325.9002,319.91977,317.1358,317.97498,303.22253,273.62122,297.1969,291.4688,292.3393,294.85208,334.68524,-73576.49,3705.0176,5830.1187,-71277.836,3100.0,685.36224,139609.7,2413.674,13604.569,80865.19,19934.72,-17.771294,6876.3574,57208.14,4743.7344
1966,2018-03-21,315.8349,327.46722,321.34137,320.48752,271.57065,336.6753,325.51334,283.4445,292.5003,302.79794,250.70027,318.46622,325.556,323.037,340.7963,326.03918,319.9021,317.168,318.1302,303.26398,273.6054,297.03467,291.4408,292.3551,294.76987,334.6768,-69525.28,9921.204,9339.217,-69480.414,3100.0,435.51395,138298.1,2393.6082,14527.635,79543.66,27464.137,-20.570827,7071.1357,56761.773,4896.549
1967,2018-03-28,315.90958,327.61264,321.54837,320.70923,271.59647,336.54776,325.4673,283.32993,292.46658,303.1036,250.66978,318.51865,325.89285,323.2375,340.83087,326.174,319.90628,317.20844,318.39908,303.5762,273.58685,296.96844,291.40842,292.54974,294.7103,334.66635,-62189.0,19011.057,13107.434,-66286.02,3100.0,1500.0,138393.97,2363.021,15975.956,78029.97,37730.76,-4.318386,7403.2915,56222.562,4832.211
1968,2018-04-04,316.01126,327.78937,321.6544,320.76776,271.60623,336.47546,325.4172,283.28842,292.4408,302.96725,250.6378,318.59766,326.22858,323.38834,340.92133,326.32666,319.93198,317.27686,318.3817,303.58154,273.56833,296.8768,291.37582,292.5212,294.68823,334.65594,-79374.71,6016.0957,7751.3184,-71391.87,3100.0,1072.6294,140005.55,2354.9792,15155.607,87514.14,24427.145,7.713379,7222.794,56689.508,4826.188
1969,2018-04-11,316.1223,327.94168,321.73178,320.85995,271.591,336.4616,325.36627,283.2977,292.40714,302.96225,250.63458,318.63522,326.33127,323.5294,340.90442,326.49356,319.969,317.35965,318.55264,303.7657,273.54993,296.7635,291.3431,292.52182,294.65933,334.64554,-73749.336,12032.958,11007.453,-68342.38,3100.0,852.02924,136094.05,2340.6943,16288.032,87343.836,31664.115,8.103561,7292.2524,56384.4,4789.2524
1970,2018-04-18,316.2765,328.07324,322.01523,321.22177,271.65945,336.82977,325.38962,283.70367,293.04727,304.65317,251.73048,318.7254,326.46167,323.79996,340.79788,326.7016,320.0329,317.47733,319.15027,304.70108,273.55484,297.41428,291.34253,293.0077,294.64957,334.6513,-51707.09,33820.785,16833.97,-62837.61,3100.0,1500.0,131057.0,2314.6226,19670.082,80429.9,53832.62,-5.0242615,7661.277,55612.297,4106.1367
1971,2018-04-25,316.43427,328.20972,322.08426,321.2069,271.7003,337.12112,325.42987,284.54053,293.9864,304.15662,251.33293,318.88467,326.6953,323.87027,340.78848,326.87286,320.13675,317.62598,318.90155,304.2682,273.56186,297.57196,291.34473,293.02515,294.7132,334.65866,-90859.984,4858.575,6442.7324,-75941.125,3100.0,1489.84,131783.4,2357.3713,16926.658,95829.414,25019.377,-9.429932,6848.462,57327.715,4408.0684
1972,2018-05-02,316.65717,328.39905,322.1476,321.30212,271.68152,337.72266,325.54108,286.0729,301.8953,305.62512,252.63664,318.93192,326.998,324.14127,340.86438,327.1107,320.24783,317.7774,319.31805,305.27014,273.59146,298.7735,291.37805,293.1923,294.76266,334.68185,-77964.766,15922.801,10100.434,-71874.945,3100.0,1500.0,133433.05,2398.0098,20346.37,98049.664,39282.555,-2.7304306,6418.4546,57244.586,3533.3037
1973,2018-05-09,316.81308,328.58044,322.21976,321.33652,271.68787,338.01157,325.6282,287.4489,301.01434,304.51154,251.53674,319.01938,327.10654,324.18924,340.96545,327.27557,320.3742,317.9386,319.1396,304.53357,273.61075,298.665,291.39697,293.18216,294.82632,334.6981,-93773.88,4718.314,5634.3896,-76343.055,3100.0,1500.0,134463.92,2431.6726,17778.965,102502.14,25930.861,35.935688,5811.754,58129.418,4338.314
1974,2018-05-16,316.9291,328.70224,322.26266,321.3973,271.6693,338.03287,325.63864,288.2369,301.36124,304.32294,251.41205,319.056,327.20233,324.30655,341.0151,327.4025,320.4776,318.03818,319.30252,304.76303,273.60837,298.48904,291.38553,293.19598,294.86002,334.69928,-85820.2,11951.293,8743.319,-72847.875,3100.0,1500.0,134225.88,2450.615,18975.941,101446.71,33987.363,49.673496,5762.082,57898.4,4376.998
1975,2018-05-23,317.1705,328.88504,322.513,321.68863,271.74414,338.59067,325.75555,289.24756,315.33395,306.46307,252.75528,319.14706,327.5003,324.62515,341.05396,327.65942,320.5951,318.2249,319.79337,305.70657,273.63818,299.75894,291.41885,293.58063,294.91046,334.72302,-77929.016,21368.809,8558.502,-76143.7,3100.0,1500.0,133996.58,2495.4504,21945.152,102292.27,45950.836,111.2483,5694.4204,57385.54,3086.4163
1976,2018-05-30,317.41693,329.0798,322.62115,321.7525,271.81476,339.2711,325.94324,290.27234,321.78403,306.54526,252.71214,319.3015,327.6038,324.74487,341.05777,327.87766,320.75125,318.44788,319.74045,305.53305,273.67996,300.1487,291.4692,293.70532,295.01987,334.75534,-102620.69,4882.7617,2194.7114,-84636.76,3100.0,1500.0,131190.88,2578.2012,20546.318,112274.32,29550.83,151.41919,5074.702,58716.86,3137.7454
1977,2018-06-06,317.47144,329.0956,322.73166,321.94745,271.8495,339.3842,326.0004,290.65,312.60547,305.0473,251.38141,319.39838,327.3211,324.70944,340.7967,327.9441,320.8884,318.53555,319.94174,305.20502,273.6837,299.33673,291.46707,293.94382,295.11108,334.7613,-70444.22,31872.482,11631.098,-68302.19,3100.0,1500.0,119388.266,2608.762,20719.062,94589.8,51045.93,129.53297,5534.993,58379.008,4474.41
1978,2018-06-13,317.60483,328.99728,322.88992,322.14258,271.9622,339.54437,326.0196,291.00513,313.19626,306.13217,252.008,319.5639,327.10547,324.7843,340.36063,327.98862,321.0109,318.66547,320.24295,305.89462,273.68643,299.35547,291.46405,294.3452,295.23126,334.76642,-70790.3,33752.97,9428.142,-74165.02,3100.0,1500.0,105948.15,2586.2034,22301.807,93364.9,53705.83,106.61679,5717.835,58509.215,3731.6528
1979,2018-06-20,317.71213,328.81497,322.8856,322.15924,272.03845,339.68265,326.0431,291.43344,310.81628,305.691,251.49646,319.73264,326.70016,324.63403,339.89008,327.95587,321.14163,318.78732,320.19345,305.68628,273.69022,299.02557,291.46335,294.59552,295.39197,334.7723,-75599.85,31837.8,8951.4795,-75153.586,3100.0,1500.0,92751.164,2597.447,21325.137,90180.734,50228.867,98.25682,5661.375,59599.23,4328.0312
1980,2018-06-27,317.8292,328.5536,322.79395,322.09744,272.0854,339.7605,326.04736,291.81686,310.7209,305.93472,251.71442,319.83948,326.35843,324.5022,339.40417,327.8526,321.2486,318.89127,320.23538,305.97858,273.6913,298.96964,291.45987,294.8007,295.5518,334.77628,-74690.53,31781.705,7983.268,-77008.21,3100.0,1500.0,81663.45,2603.9297,21840.91,88158.36,50298.895,83.66698,5643.82,60227.195,4060.2969
1981,2018-07-04,317.9111,328.24158,322.6754,321.99686,272.11935,339.76328,326.04172,292.16727,307.96848,305.51437,251.33899,319.9127,325.98798,324.28125,338.9014,327.69012,321.33325,318.96857,320.1303,305.844,273.68927,298.99405,291.4531,294.94473,295.70428,334.77795,-75048.12,30920.477,8007.072,-76929.55,3100.0,1500.0,72245.84,2605.4292,21191.354,84705.98,48302.82,72.14397,5616.6206,61073.46,4461.37
1982,2018-07-11,318.30655,328.1549,322.6587,321.97092,272.20972,340.81018,326.2804,293.08304,337.1482,309.372,254.43692,319.98813,326.30835,324.5292,338.7072,327.71893,321.42438,319.24432,320.48917,307.4682,273.75528,301.39206,291.54233,295.25143,295.89127,334.8271,-90871.94,18247.18,-2155.7036,-96608.98,3100.0,1500.0,77152.82,2688.7046,25424.07,100238.2,43854.113,176.68452,5018.578,61486.47,1171.3606
1983,2018-07-18,318.40356,328.0756,322.3705,321.5999,272.17294,341.3997,326.5306,293.55704,333.66046,306.1135,252.18788,320.01633,325.91678,324.10422,338.68872,327.6187,321.5342,319.3425,319.68738,305.6906,273.80344,300.95413,291.60837,294.93835,296.07117,334.8641,-117709.71,-5145.37,-4651.0933,-93426.51,3100.0,1500.0,76426.99,2903.578,18663.514,104440.555,15335.987,165.44464,4230.1025,64257.516,4087.49
1984,2018-07-25,318.4513,327.9328,322.0094,321.2423,272.06882,341.57272,326.61984,293.5931,328.83002,305.81238,252.54424,319.86224,325.83698,323.9777,338.74738,327.46326,321.55304,319.3399,319.57425,306.0366,273.82104,301.0984,291.63315,294.56326,296.12778,334.87976,-110619.85,-5835.3457,-4120.9033,-91913.875,3100.0,1500.0,82020.266,2949.9856,19825.023,106846.38,16338.261,123.78842,4121.484,64025.24,3517.6729
1985,2018-08-01,318.4474,327.8345,321.8477,321.07895,272.01184,341.6542,326.67654,293.53247,322.0943,304.66232,251.73723,319.72876,325.68256,323.7907,338.86523,327.3009,321.5411,319.3232,319.34033,305.45383,273.8335,300.75583,291.65213,294.30008,296.12793,334.89188,-104750.055,-4057.5605,-1679.6123,-85717.83,3100.0,1500.0,84865.35,2935.6157,18358.768,103006.33,15788.997,94.02394,4129.706,63843.72,4430.5874
1986,2018-08-08,318.39053,327.7135,321.71393,320.94128,271.96002,341.4426,326.63278,293.20276,313.07306,303.8312,251.30913,319.59964,325.56937,323.64902,338.95547,327.11597,321.5004,319.2599,319.1898,305.22253,273.82596,300.3087,291.6448,294.05103,296.08884,334.88998,-100190.06,-2977.8271,179.01411,-82583.78,3100.0,1500.0,87339.72,2882.7727,17944.803,100718.98,16202.31,53.13362,4313.0107,63349.426,4759.143
1987,2018-08-15,318.38397,327.59805,321.83203,321.13556,271.99338,341.29944,326.58463,292.9821,310.84238,304.5894,251.54988,319.51764,325.50992,323.68265,338.9041,326.9859,321.45325,319.24127,319.5319,305.6393,273.8211,300.12833,291.64297,294.28586,296.04486,334.88986,-69384.69,23094.842,9358.838,-73668.04,3100.0,1500.0,83001.08,2804.7307,20775.322,87177.74,42982.035,48.69335,5005.608,61743.387,4448.297
1988,2018-08-22,318.42352,327.48157,321.98688,321.28937,272.08044,341.2789,326.56946,293.03726,311.3327,305.24435,251.7256,319.55972,325.4734,323.68552,338.71344,326.89005,321.43643,319.27664,319.5987,305.76218,273.82355,300.06442,291.65323,294.5654,296.0729,334.89474,-76274.46,20317.717,7154.2583,-79233.9,3100.0,1500.0,78434.41,2775.3013,20839.871,87187.52,40419.016,49.802536,5119.6455,62001.906,4306.726
1989,2018-08-29,318.3998,327.2849,321.99118,321.31253,272.11526,341.09787,326.52734,292.9713,306.4282,304.6447,251.16977,319.59772,325.1997,323.5299,338.41974,326.7412,321.43048,319.26657,319.54312,305.53702,273.81543,299.60672,291.651,294.71185,296.13327,334.89224,-71895.41,24144.623,8334.793,-76438.0,3100.0,1500.0,71007.81,2756.11,20141.857,81251.92,41914.25,41.700623,5309.587,62337.938,4858.119
1990,2018-09-05,318.34338,327.00836,321.96762,321.31705,272.1477,340.7889,326.44098,292.62704,301.6924,304.46832,250.93411,319.61887,324.94424,323.37134,338.06552,326.546,321.41074,319.22754,319.5476,305.55002,273.79654,299.20526,291.63574,294.86713,296.19513,334.88208,-64301.465,29501.047,9273.741,-74737.82,3100.0,1500.0,65786.37,2704.7175,20125.086,74861.16,45623.625,22.636742,5701.8413,62352.934,4984.875
1991,2018-09-12,318.29874,326.72513,321.85278,321.1852,272.15427,340.5067,326.35217,292.1974,299.16794,304.25137,250.79774,319.63,324.7124,323.1671,337.74213,326.3296,321.38113,319.1888,319.35516,305.44455,273.77673,298.93637,291.62103,294.89252,296.2624,334.87115,-73735.85,21532.719,7876.4683,-79259.86,3100.0,1407.18,62293.41,2669.9673,19381.807,76037.516,38666.55,8.350174,5823.611,63115.414,5074.8726
1992,2018-09-19,318.3096,326.52927,321.64774,320.95386,272.11444,340.44522,326.31415,291.94388,302.82803,304.51096,251.29327,319.58267,324.6324,323.02228,337.58316,326.1666,321.34033,319.17322,319.15326,305.5346,273.76904,299.2723,291.62473,294.77594,296.3165,334.86856,-84211.67,10366.369,4715.638,-84570.11,3100.0,1500.0,65906.54,2675.8472,19090.389,81448.63,29500.227,14.289494,5679.1846,63744.95,4594.952
1993,2018-09-26,318.29056,326.39694,321.3869,320.66714,272.04456,340.46878,326.317,291.55978,303.18567,304.18475,251.3109,319.4859,324.42844,322.81836,337.59122,326.00113,321.28876,319.13507,318.83377,305.19406,273.7672,299.43005,291.6379,294.4743,296.33517,334.87003,-93190.414,-1591.23,552.48,-85668.48,3100.0,1500.0,68420.1,2698.7827,17383.562,85797.64,16903.941,22.455109,5484.9126,64091.94,4663.629
1994,2018-10-03,318.23776,326.28394,321.23398,320.53436,271.99915,340.50873,326.33145,290.779,304.8208,304.2779,251.48001,319.35483,324.28265,322.6987,337.66992,325.8522,321.2191,319.07047,318.78607,305.197,273.76654,299.5038,291.65353,294.3235,296.3025,334.87225,-80283.22,6470.9883,4075.5098,-81751.71,3100.0,1500.0,71565.016,2704.3003,18115.824,80617.14,25430.135,30.6828,5852.7266,63355.906,4504.691
1995,2018-10-10,318.11707,326.17053,321.0872,320.36572,271.96323,340.38763,326.31512,289.71204,301.3281,303.34747,250.97551,319.24612,324.1147,322.49808,337.76474,325.67236,321.13977,318.9651,318.479,304.63696,273.75607,299.17227,291.65613,294.06485,296.25476,334.8676,-85955.945,-1328.8884,1264.7025,-81166.61,3100.0,1500.0,74623.414,2697.6716,15993.043,81010.55,15204.525,24.568954,6009.343,63273.28,5016.8438
1996,2018-10-17,317.99332,326.07068,320.93283,320.20337,271.90863,340.15485,326.256,288.70575,298.12424,302.8218,250.80566,319.11087,324.0419,322.37262,337.88974,325.5104,321.04132,318.8432,318.32715,304.46893,273.73676,298.86896,291.6466,293.76907,296.17297,334.8567,-81558.875,-936.511,2254.0354,-78973.03,3100.0,1500.0,78311.35,2662.2537,15749.196,79701.2,15394.526,12.472713,6216.252,62627.562,5095.4077
1997,2018-10-24,317.87308,326.01312,320.9064,320.18942,271.88382,339.95377,326.1936,287.76535,296.74817,302.8992,250.76883,318.99292,324.0014,322.3161,338.0499,325.38614,320.93777,318.73395,318.31866,304.415,273.7176,298.6786,291.63736,293.67325,296.07312,334.84573,-71407.74,7115.901,6671.0874,-75579.414,3100.0,1500.0,82475.48,2618.4326,16440.191,74499.32,24424.86,3.081253,6692.3057,61739.445,5094.809
1998,2018-10-31,317.75174,325.9914,320.88327,320.1483,271.8645,339.76532,326.13412,286.5426,295.96597,302.81107,250.7425,318.9123,323.9654,322.26233,338.25888,325.29697,320.8421,318.6342,318.18033,304.15808,273.69858,298.64957,291.62827,293.52173,295.98697,334.8348,-76932.71,1582.6533,3811.6348,-77222.0,3100.0,1500.0,87552.44,2590.9006,15389.061,75770.12,17844.447,-17.370033,6957.63,61465.64,5117.1743
1999,2018-11-07,317.5808,326.01266,320.82602,320.0797,271.82968,339.57114,326.07962,285.65372,295.41925,302.65753,250.72618,318.82758,323.96533,322.18918,338.57117,325.23196,320.74982,318.49228,318.0532,303.9314,273.67972,298.6075,291.61926,293.32547,295.89612,334.82385,-74299.67,2157.0085,4227.359,-76000.734,3100.0,1500.0,95554.77,2570.1143,14787.136,73903.05,17821.592,-5.595291,7064.8853,60933.867,5128.6953
2000,2018-11-14,317.4767,326.17865,320.84174,320.06903,271.8098,339.6323,326.05304,285.3134,296.13,303.90372,251.31688,318.74918,324.30795,322.34518,339.08304,325.31116,320.65408,318.38757,318.1479,304.26834,273.67896,299.33765,291.6352,293.20535,295.79968,334.81473,-77014.06,-633.99243,2806.6292,-76244.77,3100.0,1500.0,107849.04,2560.0132,15481.723,79813.63,16292.336,-52.88314,7018.743,60442.316,4665.8525
2001,2018-11-21,317.3399,326.40918,320.9101,320.11218,271.797,339.55005,326.049,285.01608,295.4786,302.9747,251.0201,318.6931,324.5181,322.39835,339.58002,325.3689,320.57272,318.29016,317.99985,303.6959,273.67343,299.37964,291.64407,293.0401,295.7064,334.80515,-75305.18,725.07825,3367.8193,-74546.055,3100.0,1500.0,116354.37,2567.9739,14344.116,77480.92,16249.765,-25.077888,6939.007,59874.88,4934.4556
2002,2018-11-28,317.19003,326.62897,320.9826,320.15894,271.78015,339.41437,326.0456,284.72336,295.8915,302.8981,251.0943,318.6464,324.7955,322.53122,339.9759,325.53564,320.49692,318.17334,318.00848,303.67767,273.65994,299.8237,291.641,292.88434,295.60944,334.7978,-75500.016,839.38965,3484.6074,-75332.77,255.4448,255.4448,125578.42,2562.5227,14418.446,79254.84,16697.547,-1.0187721,6957.722,59360.18,4827.972
2003,2018-12-05,317.0205,326.86746,321.0725,320.2319,271.7566,339.31766,326.04547,284.47235,295.2975,302.63208,250.86499,318.61636,325.01538,322.64642,340.31467,325.64856,320.42847,318.0549,317.99512,303.44064,273.64545,299.9136,291.63574,292.7542,295.51157,334.78967,-74851.16,2355.2163,4548.3516,-73767.21,3100.0,1500.0,133102.55,2556.9604,14089.775,79253.07,17766.357,4.316948,6978.5586,58982.527,5065.413
2004,2018-12-12,316.88382,327.10278,321.16846,320.30954,271.72733,339.23734,326.03238,284.23633,294.7968,302.46033,250.7722,318.59637,325.26465,322.80383,340.60095,325.76175,320.3688,317.95834,318.02454,303.3337,273.62747,299.5667,291.6249,292.61716,295.41367,334.77908,-77145.09,1335.8467,4221.321,-73378.07,3100.0,1500.0,138513.58,2541.9248,13842.563,81785.79,16760.018,-8.196602,6941.627,58617.92,5117.78
2005,2018-12-19,316.7553,327.32,321.26346,320.39575,271.69757,339.18976,326.01587,284.0354,294.4703,302.4299,250.724,318.5864,325.46848,322.93503,340.85455,325.89816,320.32428,317.8693,318.0645,303.25098,273.60965,299.1695,291.6136,292.50467,295.31726,334.7685,-77164.82,2630.7058,5100.831,-72595.02,3100.0,1500.0,144072.77,2530.5784,13756.297,82572.61,18189.436,-8.060596,6945.9424,58220.902,5149.385
2006,2018-12-26,316.61014,327.5206,321.33817,320.45975,271.66937,339.1076,325.99445,283.86188,294.2225,302.37207,250.71463,318.58414,325.6193,323.04306,341.08456,326.03873,320.29123,317.77542,318.0752,303.10287,273.59198,298.79984,291.6018,292.3844,295.2249,334.7579,-79135.27,1706.4581,4602.336,-72144.0,3100.0,1500.0,148844.6,2522.4287,13282.771,84020.54,16969.227,-6.134285,6901.932,57844.742,5149.518
2007,2019-01-02,316.45667,327.70135,321.3938,320.509,271.63968,338.96927,325.96796,283.70312,294.03217,302.3097,250.6847,318.5817,325.73587,323.1366,341.27826,326.1845,320.26517,317.6781,318.09027,302.9845,273.57446,298.47708,291.58957,292.26053,295.1325,334.74728,-79742.836,1884.7113,4777.9834,-71824.19,3100.0,1159.4178,152690.45,2515.1536,13011.07,84803.58,17051.969,-4.081642,6870.0405,57489.38,5170.206
2008,2019-01-09,316.31842,327.87952,321.483,320.59973,271.61966,338.7862,325.9371,283.5583,293.8481,302.44754,250.69539,318.58554,325.9186,323.26434,341.49078,326.33276,320.24445,317.59247,318.17847,303.0212,273.5571,298.2092,291.5769,292.22595,295.04007,334.7367,-76884.516,6284.1265,7315.6284,-69939.56,3100.0,1410.7438,157943.16,2502.5957,13574.031,84070.875,22261.617,-5.264168,6966.054,56982.082,5140.85
2009,2019-01-16,316.20755,328.06805,321.56534,320.66788,271.6067,338.57794,325.90292,283.4429,293.65414,302.44458,250.73422,318.60495,326.09882,323.38797,341.67728,326.48752,320.23297,317.5234,318.20654,302.93964,273.53986,297.98083,291.56375,292.16113,294.95923,334.7261,-81245.83,3381.9673,5785.777,-70189.88,3100.0,861.5468,161266.22,2494.1753,13097.628,87124.46,19085.873,-3.4142914,6908.0093,56702.133,5089.048
2010,2019-01-23,316.08713,328.246,321.6137,320.70728,271.582,338.36368,325.8663,283.33334,293.4585,302.31375,250.69608,318.61682,326.22134,323.48657,341.85077,326.6444,320.22903,317.45477,318.21838,302.8036,273.52277,297.7685,291.5499,292.0401,294.87924,334.7155,-83304.62,2080.2622,5075.41,-70694.29,3100.0,657.2875,165971.5,2487.6758,12655.675,88926.65,17422.496,-1.6618004,6828.428,56502.984,5124.198
2011,2019-01-30,315.9674,328.42255,321.67896,320.76813,271.5555,338.14456,325.82782,283.22064,293.346,302.31183,250.68434,318.6259,326.38986,323.6044,342.03342,326.7972,320.2295,317.38565,318.2737,302.7819,273.50583,297.57602,291.53522,291.95322,294.79306,334.70493,-82830.64,3734.3933,6198.246,-69612.92,3100.0,818.7828,170728.78,2476.327,12815.711,89691.71,19424.977,-0.6713562,6835.2036,56138.06,5118.0215
2012,2019-02-06,315.87875,328.58536,321.77628,320.86945,271.5417,337.92224,325.78793,283.1191,293.2164,302.4717,250.68782,318.64725,326.5136,323.73044,342.1148,326.95218,320.2358,317.33646,318.38214,302.86853,273.48904,297.3924,291.51944,291.94998,294.7087,334.6943,-81163.2,7203.6816,8173.079,-68401.99,3100.0,380.277,170249.56,2460.6782,13435.752,89669.375,23692.938,-0.11764526,6926.79,55764.582,5090.542
2013,2019-02-13,315.83258,328.67767,321.97427,321.12402,271.57883,337.7084,325.74713,283.0521,293.08096,303.07104,250.79124,318.70538,326.4918,323.8675,341.95288,327.0982,320.25323,317.3216,318.72406,303.22214,273.47238,297.21567,291.50235,292.2605,294.6417,334.68372,-64261.527,24926.645,15525.735,-62440.695,3100.0,269.3685,160641.83,2430.6924,15548.652,81717.05,43131.242,2.9406128,7417.54,54904.574,4954.451
2014,2019-02-20,315.79788,328.6674,322.25568,321.4696,271.69434,337.5134,325.70593,283.08157,292.96838,303.85974,250.95796,318.85004,326.41214,323.9735,341.63992,327.19894,320.2933,317.33725,319.0963,303.55997,273.45587,297.05585,291.48373,292.804,294.63455,334.67313,-50676.305,40050.582,18216.16,-58952.03,3100.0,274.75748,150269.58,2394.1194,16773.396,72777.4,56764.72,6.820568,7908.0107,54329.25,4790.996
2015,2019-02-27,315.82144,328.6154,322.31735,321.4932,271.7733,337.3332,325.66525,283.20132,292.873,303.83545,250.92871,319.02493,326.4107,323.97687,341.36945,327.24365,320.35492,317.38162,319.023,303.59204,273.4395,296.903,291.46347,293.02933,294.69736,334.66254,-73707.76,24435.951,13081.084,-68644.086,3100.0,285.40506,144261.6,2398.0737,15903.687,80508.92,42273.06,1.866312,7751.644,55603.38,4820.453
2016,2019-03-06,315.90338,328.54016,322.23602,321.4156,271.76785,337.18237,325.62592,283.29742,292.77414,303.62616,250.90956,319.10248,326.2921,323.93875,341.08887,327.25293,320.41336,317.44144,319.01324,303.72845,273.42355,296.7772,291.4418,293.08255,294.7611,334.65213,-76550.47,21221.355,12393.01,-69092.38,3100.0,129.64641,136052.64,2403.7468,15997.631,82740.18,39559.344,-1.1378212,7671.9346,56274.434,4809.709
2017,2019-03-13,316.02313,328.42673,322.2609,321.48923,271.79196,337.07327,325.58676,283.35812,292.68695,303.86758,250.94972,319.156,326.15836,323.93668,340.7636,327.23114,320.4639,317.52307,319.21133,304.04214,273.40796,296.6731,291.41855,293.30182,294.80844,334.64188,-63840.742,31451.54,14963.633,-65158.836,3100.0,214.39232,126824.89,2384.5293,17208.582,77541.164,49257.52,0.62304115,7916.252,56123.555,4731.659
2018,2019-03-20,316.1242,328.2819,322.30054,321.54697,271.84625,337.00366,325.5468,283.4398,292.62033,304.07907,250.9572,319.24466,325.9605,323.88147,340.46017,327.17517,320.51846,317.60812,319.27472,304.16705,273.39252,296.5724,291.39346,293.54233,294.87286,334.6316,-64884.324,31917.049,14313.506,-67004.055,3100.0,339.38168,119685.76,2367.5728,17373.43,75597.33,49354.633,0.030132294,8035.236,56514.457,4719.867
2019,2019-03-27,316.28293,328.18646,322.33035,321.57605,271.88718,337.08185,325.5129,283.61496,292.56488,304.4614,251.17554,319.3236,326.15756,323.92242,340.34232,327.10834,320.57153,317.70975,319.382,304.56873,273.386,296.70734,291.3787,293.75064,294.95282,334.62134,-66395.23,31157.436,13486.122,-68616.38,3100.0,254.67923,121058.95,2364.4485,18174.217,77831.125,48988.73,-4.682144,8027.8257,57041.25,4545.8076
2020,2019-04-03,316.52112,328.24496,322.22568,321.3848,271.87512,337.51324,325.5222,283.98157,292.50735,304.9351,251.96303,319.36694,326.56088,323.99432,340.54205,327.09726,320.62778,317.84918,319.2088,304.85767,273.40536,297.23193,291.398,293.62634,295.03955,334.61545,-97957.34,4744.9585,5528.049,-77001.62,3100.0,647.7264,130817.47,2410.9243,17418.666,96770.914,25120.584,-27.131857,7388.528,58369.62,4033.079
2021,2019-04-10,316.68436,328.36984,322.09854,321.2301,271.8123,337.62775,325.5352,284.14902,292.43307,303.51492,251.36357,319.31033,326.71484,323.98828,340.78845,327.132,320.67572,317.95935,318.99814,304.24164,273.41074,297.08765,291.39563,293.297,295.07364,334.60843,-98230.46,1138.0994,4299.1025,-74941.06,3100.0,431.03763,135327.94,2435.5078,15887.899,99219.875,19863.285,-27.868681,7062.4937,58533.734,4456.216
2022,2019-04-17,316.828,328.51804,322.1037,321.24374,271.7769,337.7679,325.5631,284.447,292.36438,303.93918,251.90355,319.24625,326.90152,324.12927,341.02325,327.22574,320.71286,318.04053,319.16754,304.71152,273.41397,297.3827,291.38803,293.20203,295.0527,334.61115,-91668.21,6561.962,7719.276,-72843.55,3100.0,1081.017,140287.31,2425.3606,17751.91,101055.28,27092.617,-38.658028,7035.1753,58162.22,4155.2607
2023,2019-04-24,316.94543,328.68317,322.12137,321.2266,271.74875,337.79248,325.5729,284.97025,292.30844,303.16306,251.21136,319.22446,327.10754,324.18915,341.2046,327.33597,320.7565,318.12488,319.04135,304.25958,273.41223,297.12256,291.37195,292.99713,295.02774,334.61047,-100438.836,-1660.7821,3583.8647,-74960.56,3100.0,870.54297,142193.73,2428.26,16096.426,105956.766,17071.59,-17.483776,6565.298,58332.72,4578.4253
2024,2019-05-01,317.13113,328.90952,322.25955,321.39166,271.7409,338.2285,325.6517,286.24768,295.75574,304.76886,252.63603,319.20474,327.56757,324.50073,341.4484,327.53833,320.80783,318.23645,319.49146,305.33517,273.435,298.05743,291.38895,293.13477,294.9916,334.62686,-87914.586,11134.742,9726.15,-71703.61,3100.0,1500.0,149688.98,2437.0925,20131.744,107908.83,33632.73,-42.1606,6341.66,57811.777,3631.9478
2025,2019-05-08,317.26254,329.1523,322.43835,321.54034,271.76578,338.37497,325.7059,287.44843,294.82892,303.8228,251.49683,319.265,327.7794,324.6251,341.6382,327.71506,320.8911,318.37598,319.41187,304.59622,273.4479,297.76236,291.3917,293.16818,294.99408,334.6365,-97979.09,5594.959,7305.8765,-72986.52,3100.0,1336.3846,150709.67,2454.069,18002.887,110071.875,26571.062,-10.414745,5938.0894,58079.98,4422.6567
2026,2019-05-15,317.38504,329.3579,322.65054,321.7885,271.79434,338.47763,325.7257,288.2827,298.3427,304.77118,252.05544,319.32178,328.10025,324.8934,341.77417,327.91968,320.97388,318.4749,319.81482,305.28122,273.45358,298.20547,291.3841,293.3932,294.99847,334.64108,-84122.5,19419.734,11408.314,-68987.97,3100.0,1500.0,153725.89,2438.6458,20675.723,108097.88,42085.863,9.49947,6045.346,57512.445,4020.8003
2027,2019-05-22,317.52872,329.56955,322.81952,321.92737,271.83643,338.73996,325.78632,289.18268,302.2731,305.2141,252.15857,319.43915,328.26654,325.06705,341.80948,328.1322,321.08646,318.61487,319.87375,305.28653,273.47256,298.41565,291.39517,293.54086,295.04828,334.65506,-100773.69,9245.112,6779.4004,-75979.38,3100.0,1500.0,150865.19,2473.7976,20139.232,115674.805,32756.521,41.500072,5653.5137,58174.88,3998.6619
2028,2019-05-29,317.64883,329.73114,323.0453,322.20755,271.87686,338.85373,325.82928,289.86765,304.40784,305.26938,251.78683,319.5435,328.46262,325.2616,341.87006,328.35175,321.2058,318.74112,320.2314,305.50226,273.48358,298.80984,291.39557,293.85266,295.10815,334.6635,-79444.266,28923.533,11810.577,-70609.414,3100.0,1500.0,152208.58,2488.691,21554.455,107006.375,50187.74,76.61138,5852.402,58039.406,4264.368
2029,2019-06-05,317.88406,329.999,323.09506,322.16754,271.91376,339.31622,325.95197,290.62646,315.14264,306.30783,252.90436,319.6899,328.91232,325.50137,342.27847,328.61148,321.34766,318.9398,320.15814,305.84576,273.5156,299.76288,291.42572,293.82126,295.2086,334.6866,-123776.56,-4319.094,-1131.3125,-88152.07,3100.0,1500.0,165892.08,2568.5222,20758.516,130542.6,20792.271,110.11982,5049.435,59407.47,3044.0254
2030,2019-06-12,318.0041,330.29266,323.0435,322.09607,271.85626,339.60516,326.06134,291.02228,313.2475,304.65295,251.93687,319.7201,329.0976,325.56573,342.5862,328.8251,321.48468,319.05658,320.01953,305.18967,273.5373,299.43048,291.4424,293.52713,295.27017,334.70267,-123321.305,-5037.2095,-154.86638,-81045.3,3100.0,1500.0,170226.3,2650.0378,18855.746,132413.31,16534.924,116.48077,4669.4507,59935.82,4131.864
2031,2019-06-19,318.07584,330.4663,323.1962,322.31293,271.8536,339.66232,326.0808,291.1285,309.23535,304.63022,251.70833,319.74185,329.10168,325.73477,342.52063,329.00702,321.58957,319.13303,320.36566,305.51865,273.53918,299.0768,291.43243,293.65555,295.27203,334.70486,-99227.21,17144.568,9447.416,-73235.37,3100.0,1500.0,163266.39,2632.8552,21349.797,123094.29,40101.94,96.7719,5202.5894,59065.73,4244.293
2032,2019-06-26,318.17816,330.52872,323.54437,322.7275,271.9578,339.75876,326.08743,291.3349,308.008,305.38425,251.69449,319.8875,329.03845,325.91162,342.1189,329.16293,321.70975,319.25504,320.81787,305.893,273.54178,298.81952,291.42447,294.14404,295.31433,334.70746,-80698.945,35372.566,12093.838,-68480.68,3100.0,1500.0,147840.31,2586.944,22824.953,112741.16,55455.98,89.21852,5675.5107,58420.734,4229.434
2033,2019-07-03,318.26846,330.44247,323.72528,322.93716,272.07193,339.7355,326.0631,291.62073,304.58167,305.3432,251.33525,320.11093,328.6796,325.89648,341.56,329.23346,321.8537,319.37875,320.95688,305.93564,273.53723,298.45126,291.40762,294.53534,295.42975,334.70496,-84268.6,36335.527,11294.437,-71002.375,3100.0,1192.1863,129646.086,2560.7085,22596.28,108765.82,54835.516,71.380585,5813.137,59088.24,4570.326
2034,2019-07-10,318.3964,330.25427,323.70117,322.94482,272.1457,339.78186,326.05078,291.9234,305.58734,305.8588,251.66891,320.29504,328.29474,325.81607,340.99512,329.23706,321.99414,319.5112,321.04236,306.2564,273.53738,298.558,291.39856,294.8193,295.58267,334.70557,-88935.32,33766.574,9163.109,-75290.63,3100.0,1085.5367,114973.79,2563.078,23113.424,107949.21,52846.055,63.300316,5812.9175,59866.625,4213.6113
2035,2019-07-17,318.6648,330.10953,323.69592,322.9604,272.23593,340.37198,326.18466,292.5253,320.55737,307.76453,253.1237,320.44986,328.223,325.86795,340.63303,329.255,322.1383,319.73325,321.25287,307.04254,273.5752,299.63528,291.44324,295.15182,295.7692,334.7324,-95134.44,29382.506,4148.8804,-84212.11,3100.0,1500.0,109672.914,2626.1914,25050.623,112334.164,51259.28,102.337585,5535.88,60520.465,2783.7036
2036,2019-07-24,318.81952,329.95615,323.5719,322.8312,272.27844,340.7863,326.34058,293.03845,321.79892,306.80072,252.38539,320.56332,327.85248,325.66547,340.31873,329.1887,322.2814,319.8791,321.025,306.55795,273.6094,299.7512,291.48438,295.26837,295.96182,334.7568,-104813.41,22873.95,3421.0996,-84283.64,3100.0,1500.0,100813.27,2729.066,23146.223,112135.44,43274.754,128.64397,5235.191,62096.324,3782.0396
2037,2019-07-31,318.8509,329.65134,323.4042,322.70972,272.2875,340.7028,326.36807,293.15872,313.63785,305.78293,251.64337,320.58487,327.25665,325.39322,339.8608,328.9948,322.36295,319.91406,320.95636,306.41577,273.6126,299.3923,291.48358,295.36258,296.10397,334.75952,-90455.836,31135.945,6441.458,-77684.586,3100.0,1500.0,87467.82,2749.1455,22723.477,102013.375,48451.88,87.962585,5467.963,62456.086,4467.201
2038,2019-08-07,318.996,329.32083,323.32486,322.66803,272.3601,340.94473,326.43582,293.39352,319.42087,307.22324,252.67596,320.62555,326.91327,325.28613,339.35382,328.81525,322.41656,320.02167,321.09628,307.0815,273.6342,299.83835,291.50943,295.6116,296.24844,334.77493,-88046.28,31387.287,3709.357,-83526.84,3100.0,1500.0,76043.31,2742.5327,24447.426,100598.54,50422.59,102.38987,5511.4604,62586.81,3369.5898
2039,2019-08-14,319.07965,328.96997,323.1572,322.49948,272.39978,341.1427,326.51923,293.62256,318.79666,306.4509,252.02505,320.66562,326.5175,324.98608,338.87073,328.56906,322.46823,320.09164,320.83884,306.67252,273.65564,299.6197,291.5364,295.70343,296.4057,334.7903,-94455.78,26187.857,3264.0273,-84887.766,3100.0,1500.0,68203.586,2787.132,22807.486,98323.0,43937.63,94.299995,5357.4517,63899.562,4187.0225
2040,2019-08-21,319.16608,328.60516,322.91428,322.26004,272.3956,341.30014,326.5808,293.8327,320.3605,306.60968,252.34552,320.63455,326.19482,324.75,338.4545,328.30154,322.4816,320.139,320.69647,306.87292,273.67465,299.76273,291.56116,295.719,296.53857,334.8039,-97690.08,20988.967,1618.4307,-88550.59,3100.0,1500.0,63296.34,2825.104,23094.428,99311.805,40264.605,91.50299,5239.3745,64655.33,3811.3772
2041,2019-08-28,319.24512,328.27585,322.7164,322.06732,272.39307,341.54065,326.67322,293.996,322.25385,306.64874,252.39755,320.57666,325.91492,324.51352,338.12247,328.0339,322.47546,320.18115,320.53992,306.82605,273.70142,299.8603,291.59805,295.73514,296.65366,334.82288,-97022.56,19025.05,1042.2712,-88902.98,3100.0,1500.0,60423.11,2862.7954,22765.16,97723.72,38352.5,95.35087,5157.6772,65209.7,3836.7212
2042,2019-09-04,319.1829,327.90076,322.38986,321.7096,272.3331,341.37286,326.6747,293.66382,313.6433,304.8831,251.28667,320.4741,325.47516,324.08502,337.85834,327.6676,322.43536,320.1154,320.03516,306.08032,273.70398,299.3054,291.60275,295.50684,296.73062,334.82498,-105455.82,8862.499,1779.5616,-88328.24,3100.0,1439.1663,59817.28,2883.9023,20055.582,96698.43,27421.146,53.014732,5178.325,66329.6,4973.3965
2043,2019-09-11,319.08466,327.502,321.99167,321.2936,272.2216,340.97763,326.58386,293.0135,305.2605,303.8009,250.8959,320.29156,325.10107,323.70132,337.67218,327.2813,322.3368,319.9961,319.63565,305.77036,273.6889,298.89276,291.58438,295.1303,296.73843,334.8146,-106679.19,1192.9281,1327.1577,-87199.29,3100.0,1334.3855,60631.965,2838.5918,18779.09,96786.17,19691.424,22.366325,5266.832,66512.48,5214.9834
2044,2019-09-18,319.00095,327.15146,321.7563,321.08295,272.1464,340.63757,326.48245,292.42,301.21463,303.57773,250.80898,320.09106,324.8392,323.4341,337.5513,326.9249,322.20703,319.88635,319.49167,305.67578,273.6736,298.62573,291.56723,294.93088,296.69214,334.80392,-91889.44,8821.016,5111.862,-81820.3,3100.0,1314.3507,61843.305,2763.8152,19170.85,89869.7,27214.963,7.996376,5596.6587,65670.2,5219.24
2045,2019-09-25,318.90915,326.85333,321.553,320.86133,272.09277,340.3531,326.386,291.7605,298.87097,303.32498,250.74644,319.92694,324.59067,323.16608,337.4834,326.60223,322.07266,319.77692,319.19907,305.3897,273.65854,298.41797,291.5519,294.68607,296.63577,334.79324,-96764.59,1007.8744,2770.7585,-83808.445,3100.0,1125.8237,63454.723,2711.4214,17934.342,90269.984,19026.979,-3.1887207,5685.727,65482.31,5250.133
2046,2019-10-02,318.79816,326.57254,321.3807,320.70972,272.04193,340.106,326.2992,290.79547,297.4406,303.25046,250.72777,319.7588,324.3031,322.93323,337.42303,326.3086,321.93198,319.6551,319.0672,305.24982,273.64365,298.26,291.53842,294.51703,296.55927,334.78256,-85622.766,7117.7485,5565.0835,-80084.35,3100.0,1287.9708,63633.645,2665.8147,18110.625,83842.766,24982.906,-8.867889,6110.4917,64669.715,5235.6567
2047,2019-10-09,318.69052,326.3344,321.40414,320.77286,272.05774,339.87885,326.22263,289.69687,296.55206,303.66562,250.79521,319.63754,324.19373,322.8249,337.37115,326.03198,321.7937,319.5453,319.16226,305.3172,273.62897,298.23676,291.52655,294.629,296.4873,334.77188,-65814.875,22469.154,9919.559,-74138.64,3100.0,1060.3303,65200.96,2610.751,19121.467,73313.74,39365.547,-12.385078,6815.2065,63434.336,5131.5166
2048,2019-10-16,318.59644,326.19498,321.2779,320.57553,272.0462,339.669,326.15625,288.85776,295.9248,303.49075,250.77368,319.56516,324.20047,322.66644,337.45816,325.78806,321.66962,319.4438,318.78372,304.95712,273.61444,298.19092,291.5161,294.39804,296.4516,334.76117,-92592.34,-1494.6418,1632.1313,-83344.7,3100.0,1500.0,71737.99,2595.6423,16631.922,83799.03,15603.993,-28.87143,6624.83,64136.73,5157.6343
2049,2019-10-23,318.46835,326.09402,321.04828,320.33783,271.97235,339.48685,326.09937,288.01514,295.46,302.86377,250.79935,319.41583,324.0257,322.47128,337.68204,325.6058,321.53696,319.3093,318.53287,304.6672,273.60013,298.09842,291.50687,294.0304,296.37598,334.7505,-87254.664,-1906.357,1854.5627,-79819.414,3100.0,1450.8134,76228.83,2587.297,15920.161,81708.25,14236.981,-19.236809,6664.979,63470.31,5120.577
2050,2019-10-30,318.30835,326.00623,320.97745,320.28876,271.94528,339.32263,326.0482,286.76254,295.088,302.93945,250.80385,319.26804,323.88205,322.3648,337.88147,325.4573,321.39566,319.16245,318.50052,304.58652,273.58594,298.02493,291.4985,293.91754,296.26578,334.73978,-73350.445,8668.486,7139.0522,-75840.15,3100.0,1500.0,79863.37,2557.911,16735.746,74274.22,25680.205,-15.34465,7288.447,62411.812,5109.2373
2051,2019-11-06,318.13205,325.93985,320.92484,320.22174,271.93076,339.15527,326.0012,285.85016,294.78964,302.92004,250.78377,319.16385,323.7802,322.2542,338.0663,325.32452,321.2605,319.01154,318.32803,304.3224,273.57193,297.9434,291.49075,293.78665,296.16974,334.72906,-77061.17,4244.231,5049.52,-77571.74,3100.0,1097.8793,84059.52,2536.9368,15708.611,73947.2,20479.852,-17.262413,7364.925,62105.54,5132.897
2052,2019-11-13,318.00085,325.99432,320.95605,320.2402,271.9155,338.97644,325.95792,285.35532,294.5089,303.22733,250.81955,319.06494,324.08923,322.3286,338.45465,325.2527,321.1292,318.8861,318.3739,304.3542,273.55804,298.14606,291.4834,293.73453,296.07614,334.71835,-70086.055,9812.316,7629.8877,-74428.195,3100.0,1500.0,96543.94,2512.3154,16352.428,72798.45,26909.785,-31.88263,7553.906,61426.32,5068.7383
2053,2019-11-20,317.9191,326.25323,321.017,320.25055,271.91342,339.17953,325.964,285.27792,294.3066,304.5087,251.82661,318.99918,324.50085,322.51642,339.16504,325.31158,321.0189,318.79333,318.3966,304.67233,273.57013,298.91714,291.5121,293.6329,296.00064,334.71494,-82867.89,-1151.3274,2241.1484,-77010.93,3100.0,1500.0,113089.914,2517.8823,16156.353,82976.55,16036.065,-97.252625,7227.974,61235.477,4416.9795
2054,2019-11-27,317.77975,326.583,321.09738,320.29102,271.90314,339.163,325.98557,285.1017,294.22632,303.25058,251.34296,318.9301,324.91122,322.628,339.8718,325.3873,320.92776,318.69147,318.22043,303.96036,273.576,298.67184,291.53183,293.41492,295.92236,334.7101,-80269.4,622.6476,2962.4265,-75379.62,3100.0,1500.0,127661.86,2545.897,14647.068,81238.46,16229.339,-63.48919,7062.088,60646.484,4762.128
2055,2019-12-04,317.6161,327.01666,321.26526,320.4016,271.88446,338.9132,325.96472,284.78564,294.1022,302.89835,251.11778,318.8668,325.738,322.9376,340.79868,325.58612,320.83707,318.5644,318.25912,303.8182,273.56302,298.50894,291.5246,293.21512,295.8229,334.69995,-81529.47,663.4061,3406.9382,-74711.93,3100.0,1456.7239,155399.62,2531.7314,14363.476,86200.45,16304.564,-52.77696,7114.915,60115.316,4901.9004
2056,2019-12-11,317.70096,327.82904,321.63693,320.71365,271.92792,339.87863,326.1705,285.27606,305.00278,306.88043,254.37741,318.85913,327.18994,323.74976,342.27103,326.10815,320.7929,318.58255,318.87637,305.5719,273.62958,300.6581,291.6274,293.32162,295.7541,334.7346,-92644.945,-4023.4165,-682.1535,-81249.914,255.4448,255.4448,196888.06,2641.0864,18633.785,106809.055,17331.242,-94.02348,6685.2935,59256.184,2203.5017
2057,2019-12-18,317.56693,328.6815,322.03818,321.0577,271.97226,340.16412,326.37897,285.33466,304.60364,304.18896,252.28242,318.9195,327.85806,324.08908,343.29965,326.63614,320.81018,318.55423,318.6872,303.80032,273.67447,300.57663,291.6998,293.21283,295.71786,334.7574,-94052.26,-747.802,1147.1003,-75456.914,3100.0,1500.0,212883.25,2710.7595,14230.006,104135.35,15317.037,-18.260422,6565.9116,59315.605,4272.1636
2058,2019-12-25,317.40027,329.3365,322.36374,321.36688,271.97748,339.84973,326.41025,285.00735,304.06662,303.80557,251.96442,318.9762,328.47153,324.5719,343.81845,327.18878,320.82037,318.46637,318.99625,304.1112,273.6711,300.3912,291.7041,293.15274,295.6519,334.7544,-92332.12,6148.667,5220.172,-75804.52,3100.0,1500.0,221134.28,2716.9792,15889.137,108109.984,24377.174,0.7544708,6892.141,58888.88,4356.29
2059,2020-01-01,317.25943,329.8616,322.73187,321.7603,271.99335,339.62253,326.4097,284.77362,301.15677,303.60654,251.35791,319.09305,328.81052,324.94177,344.05197,327.695,320.86142,318.41238,319.30487,304.0265,273.66495,299.88583,291.70392,293.31616,295.6002,334.7495,-85587.12,17965.734,10357.34,-71494.71,3100.0,1500.0,222374.56,2688.982,16372.426,105485.06,35804.91,5.899086,7275.985,58702.508,4932.216
2060,2020-01-08,317.1342,330.25925,322.94034,321.94678,271.98465,339.35324,326.36157,284.5925,298.23737,303.36206,251.07704,319.2401,329.06638,325.20856,344.1995,328.13712,320.93295,318.3689,319.40274,303.96167,273.65115,299.38364,291.69275,293.33362,295.58002,334.7392,-99868.234,10320.27,7706.2783,-75290.016,3100.0,1500.0,223762.97,2661.2327,15563.267,112541.61,28083.807,-1.9432907,7269.455,59257.887,5124.1704
2061,2020-01-15,317.054,330.58612,323.0276,322.0245,271.93268,339.10617,326.30444,284.45166,296.83817,303.09738,250.94489,319.34222,329.2747,325.42365,344.31952,328.52863,321.02008,318.34753,319.48383,303.91916,273.6375,298.96,291.6815,293.2102,295.55893,334.7289,-107410.08,5781.5527,6217.9805,-75767.22,3100.0,1439.4705,225162.5,2644.5737,15070.977,118496.42,23432.84,-9.736031,7172.102,59501.105,5201.2183
2062,2020-01-22,316.97922,330.8555,323.08795,322.08237,271.8734,338.8656,326.24475,284.3081,295.9892,302.89194,250.86443,319.4125,329.39954,325.58975,344.40076,328.86087,321.11377,318.33304,319.55023,303.81882,273.62402,298.6084,291.67026,293.04727,295.51703,334.71863,-112042.46,3198.3315,5327.675,-75481.73,3100.0,993.707,226268.5,2625.7026,14601.983,122504.445,20578.807,-16.37983,7087.8237,59450.01,5250.875
2063,2020-01-29,316.91464,331.072,323.2251,322.2505,271.8425,338.6213,326.18457,284.1651,295.40186,303.0835,250.83298,319.47964,329.5204,325.7737,344.43555,329.13525,321.20984,318.3266,319.7792,303.95593,273.6107,298.3123,291.65897,293.0764,295.45853,334.70834,-103663.1,13250.033,10003.028,-71682.12,3100.0,732.51575,225689.16,2594.7888,15801.375,119817.18,31688.469,-16.924305,7333.227,58886.555,5242.6855
2064,2020-02-05,316.8865,331.2784,323.3975,322.42267,271.84036,338.37262,326.12527,284.07138,295.0296,303.29053,250.81726,319.58453,329.81876,325.97186,344.61752,329.37476,321.3153,318.3479,319.95114,304.0462,273.5975,298.20645,291.6475,293.172,295.41843,334.69806,-106374.984,14267.175,10203.985,-71966.1,3100.0,660.32965,231601.16,2567.9556,16089.328,122089.445,33000.598,-16.706535,7456.165,58780.074,5225.4585
2065,2020-02-12,316.98035,331.5407,323.57675,322.6083,271.85986,338.6595,326.1478,284.35617,294.74487,305.35504,252.32463,319.7008,330.1523,326.29184,344.79086,329.6414,321.44232,318.43536,320.343,304.9814,273.62097,298.84265,291.6864,293.35992,295.4077,334.70258,-113751.66,11782.962,8884.373,-71768.12,3100.0,822.95483,233832.92,2582.034,18198.291,131954.6,32922.785,-107.29194,7365.436,58619.477,4212.504
2066,2020-02-19,317.02075,331.76685,323.6883,322.69946,271.87424,338.6159,326.17755,284.4395,294.79272,303.9826,251.3871,319.82193,330.3159,326.3876,344.8676,329.8839,321.59573,318.53015,320.23648,304.20016,273.63458,298.42734,291.7107,293.33722,295.42194,334.70322,-120747.27,8206.785,7235.5264,-74602.83,3100.0,595.5751,234363.12,2600.688,16026.192,132393.27,27471.7,-68.35337,7187.803,59036.73,4877.6606
2067,2020-02-26,317.06644,331.93405,323.78888,322.8102,271.85892,338.23856,326.13272,284.27206,294.63416,303.47794,251.05254,319.90268,330.49796,326.5473,344.8868,330.08228,321.72305,318.59076,320.40854,304.37674,273.6213,298.0395,291.69608,293.32822,295.41333,334.69296,-116545.766,13320.205,9766.551,-71948.33,3100.0,506.09207,233043.44,2588.5256,16938.303,132931.8,33086.152,-38.861485,7402.3457,58818.473,5035.9785
2068,2020-03-04,317.19003,332.0949,323.9668,323.00333,271.87164,337.9572,326.07706,284.1686,294.4257,303.64026,251.00572,320.00833,330.72473,326.7458,344.88467,330.27133,321.84985,318.70514,320.65295,304.63464,273.60837,297.79187,291.68048,293.4576,295.40543,334.6829,-113819.24,18342.076,11563.183,-70280.42,3100.0,409.35138,230851.42,2555.7148,17994.695,133757.22,38724.043,-28.500183,7632.24,58587.78,5008.5986
2069,2020-03-11,317.36356,332.2487,324.13025,323.17047,271.8954,337.75742,326.01855,284.12415,294.26138,303.76764,251.01923,320.13968,330.94272,326.93088,344.87564,330.45447,321.9921,318.8582,320.84357,304.84094,273.5957,297.59662,291.66388,293.58682,295.4168,334.673,-117804.06,18086.041,11306.858,-70697.89,3100.0,660.11237,228725.11,2531.5117,18597.545,137234.4,38949.04,-24.909977,7734.2534,58641.414,4951.028
2070,2020-03-18,317.51834,332.37396,324.1376,323.15274,271.87613,337.62122,325.9601,284.1019,294.1225,303.49112,250.91815,320.2505,331.00885,327.00656,344.82907,330.6228,322.14313,319.0007,320.80316,304.76724,273.58313,297.42456,291.646,293.49283,295.437,334.6631,-134405.86,5728.5713,7276.969,-75942.055,3100.0,315.82666,226392.27,2526.123,17712.69,145792.81,26846.566,-25.552193,7506.1475,59407.83,5039.467
2071,2020-03-25,317.70874,332.46072,324.27344,323.3369,271.86487,337.5198,325.90277,284.05005,294.0159,303.7459,250.89467,320.32425,331.09393,327.161,344.62918,330.7672,322.28278,319.15677,321.13477,305.15488,273.57068,297.26855,291.62683,293.6286,295.43378,334.6532,-116197.625,21979.04,12816.744,-69131.836,3100.0,247.37804,217021.89,2495.6243,19853.996,140143.16,43415.91,-19.72349,7849.3765,58808.645,4987.869
2072,2020-04-01,317.95016,332.51187,324.37946,323.44073,271.88443,337.45435,325.8469,284.0434,293.91187,303.8835,250.83592,320.45633,331.1669,327.26218,344.411,330.88968,322.43524,319.35895,321.24503,305.32785,273.55832,297.1318,291.60632,293.76004,295.4534,334.6433,-127039.06,15993.242,10786.531,-73240.34,3100.0,241.11987,209057.83,2474.2563,20163.352,145334.19,38368.82,-20.24147,7879.4585,59304.348,5001.4287
2073,2020-04-08,318.18857,332.51807,324.47647,323.56726,271.89285,337.4332,325.79297,284.18555,293.80173,304.05035,250.82053,320.5704,331.11304,327.33514,344.07532,330.97952,322.59088,319.5599,321.45117,305.5753,273.54608,297.00574,291.5845,293.92358,295.48505,334.6334,-120789.04,22447.16,12399.864,-70740.93,3100.0,183.92726,197246.02,2452.893,21210.348,142937.72,44617.062,-18.659004,7964.3535,59290.06,4970.256
2074,2020-04-15,318.3999,332.45956,324.6366,323.77567,271.95142,337.4423,325.7411,284.58636,293.71072,304.49283,250.87314,320.71484,330.93973,327.38782,343.6903,331.0223,322.74838,319.75302,321.724,305.86478,273.5339,296.90747,291.56137,294.2357,295.5359,334.6235,-109604.625,32915.883,13378.509,-67523.65,3100.0,606.83105,185145.62,2420.184,22316.785,136120.42,53015.895,-15.786943,8107.4756,59006.055,4886.588
2075,2020-04-22,318.61987,332.3779,324.57785,323.6968,271.98257,337.4593,325.69147,285.32324,293.6142,304.33994,250.82298,320.86383,330.82947,327.3384,343.47546,331.0216,322.9043,319.94193,321.62692,305.89114,273.52182,296.83575,291.53702,294.3234,295.61835,334.61362,-131184.8,17954.738,9970.173,-75670.21,3100.0,608.1783,180050.19,2419.7524,21830.314,144220.33,40470.508,-19.26816,7625.1377,60218.074,4920.362
2076,2020-04-29,318.83417,332.3135,324.36697,323.46027,271.9214,337.4857,325.64395,286.5335,293.49155,303.8056,250.74731,320.90067,330.77545,327.25125,343.42136,330.9965,323.0295,320.10425,321.44803,305.83072,273.50986,296.79562,291.5115,294.14566,295.6814,334.60373,-145458.25,4333.7803,6544.1978,-78996.58,3100.0,490.2294,179928.11,2432.0144,21102.934,152538.95,27770.027,-24.281256,6857.9844,61237.152,4968.0137
2077,2020-05-06,319.0093,332.289,324.25922,323.35522,271.85696,337.5257,325.5976,287.6308,293.39194,303.57428,250.7479,320.8708,330.83252,327.22885,343.5711,330.9643,323.1206,320.2334,321.4332,305.85458,273.49792,296.78793,291.48492,294.00974,295.6946,334.59384,-141258.61,5947.0796,7741.7983,-75856.6,3100.0,1500.0,186190.56,2420.8845,21475.967,152991.58,29503.615,-24.193964,6497.5645,61144.418,4937.9043
2078,2020-05-13,319.13327,332.30606,324.23373,323.32288,271.83145,337.56702,325.55185,288.38058,293.3195,303.51404,250.81561,320.85297,330.8752,327.2276,343.6078,330.955,323.19437,320.32657,321.4213,305.85638,273.48608,296.75876,291.45746,293.93066,295.68524,334.58395,-140967.5,5438.2397,7876.698,-74534.516,3100.0,638.3826,185711.16,2401.6882,21516.506,154096.78,28996.672,-7.3130875,6289.7236,60862.914,4853.4995
2079,2020-05-20,319.23563,332.28165,324.45392,323.61905,271.89218,337.6026,325.50723,289.0051,293.23828,304.20892,250.91727,320.88187,330.7497,327.31772,343.2999,330.9592,323.25906,320.42328,321.8251,306.2339,273.47433,296.68225,291.42923,294.2508,295.6748,334.57407,-108676.94,31845.566,13959.431,-64999.06,3100.0,486.1442,173085.9,2354.4102,23787.646,139037.95,52700.477,6.1528015,6672.3384,59491.105,4721.597
2080,2020-05-27,319.34854,332.17618,324.59927,323.7807,272.00415,337.63174,325.4645,289.6291,293.1783,304.648,250.90262,321.02664,330.53528,327.3053,342.83023,330.94424,323.34695,320.54202,321.93384,306.3691,273.46265,296.6059,291.40042,294.58612,295.72617,334.56418,-114237.555,30525.447,12103.008,-70141.7,3100.0,410.95938,158745.77,2326.796,23969.27,137211.88,50971.21,6.811859,6654.2856,59871.7,4732.1455
2081,2020-06-03,319.45288,331.98694,324.60913,323.82108,272.07477,337.65295,325.4248,290.13214,293.12265,304.8244,250.89436,321.15097,330.11127,327.20178,342.2622,330.87637,323.4343,320.6453,322.00058,306.50275,273.45102,296.53796,291.37122,294.83978,295.81512,334.55426,-111520.61,33009.473,11650.134,-70596.21,3100.0,328.38644,142726.3,2315.7024,24214.965,132326.58,52400.684,5.681965,6657.7915,60283.418,4725.9956
2082,2020-06-10,319.55527,331.71027,324.51764,323.76135,272.13043,337.6667,325.3892,290.54382,293.0724,305.23117,250.87277,321.24933,329.62952,327.0284,341.64487,330.74237,323.50687,320.73828,322.01483,306.64023,273.43973,296.48618,291.3422,295.0584,295.91962,334.54456,-112016.64,32258.934,10549.824,-72659.6,3100.0,389.49042,126711.695,2302.064,24356.21,129203.14,51473.816,-2.042633,6662.642,60982.824,4737.295
2083,2020-06-17,319.64697,331.36337,324.36798,323.6421,272.16827,337.6731,325.35812,290.94754,293.02795,305.2128,250.8462,321.3114,328.99298,326.77054,341.03622,330.54092,323.55865,320.81378,321.93555,306.69278,273.42874,296.44574,291.31345,295.22687,296.02893,334.535,-110365.5,32147.203,9884.033,-73798.93,3100.0,351.0288,110185.31,2298.2822,24298.504,123874.55,50712.61,-8.374374,6585.8027,61595.4,4749.285
2084,2020-06-24,319.77112,330.9924,324.06595,323.338,272.16565,338.02725,325.37006,291.54108,292.98654,305.7672,251.55972,321.31894,328.5952,326.498,340.57053,330.29797,323.58524,320.8869,321.74097,307.033,273.44223,296.9614,291.31882,295.27505,296.13736,334.5318,-124652.23,19545.541,6946.688,-80865.64,3100.0,275.279,103286.04,2337.937,24643.32,129189.164,40648.527,-39.98832,6113.859,62929.34,4340.6216
2085,2020-07-01,319.8659,330.6249,323.8386,323.14645,272.1552,338.39578,325.44565,292.11716,292.94437,305.64645,251.78174,321.2618,328.0542,326.21664,340.12296,330.03857,323.58966,320.94348,321.63098,306.9745,273.46637,297.46213,291.3391,295.35522,296.23184,334.53894,-113744.164,24150.504,7619.207,-77867.05,3100.0,1500.0,92283.516,2364.8777,24568.568,121885.67,43773.137,-55.423656,5983.8354,63194.48,4252.321
2086,2020-07-08,320.14377,330.3606,323.81287,323.15076,272.25333,339.2339,325.6832,292.8796,305.25217,308.3793,253.69238,321.25677,328.0204,326.245,339.83392,329.88208,323.59985,321.1327,321.88803,307.97165,273.52634,299.2402,291.4093,295.6681,296.3587,334.57916,-111366.98,23797.656,1728.256,-88799.44,3100.0,1500.0,89445.18,2455.4702,27584.527,123792.35,47319.96,-3.4391174,5711.3237,62870.062,2039.8035
2087,2020-07-15,320.2849,330.14935,323.62326,322.92026,272.29993,339.90356,325.9608,293.44318,316.97308,307.29547,252.81061,321.27362,327.72162,325.95718,339.67133,329.68854,323.63367,321.23816,321.46024,307.24847,273.58417,299.3994,291.47714,295.66632,296.51505,334.61823,-131376.89,8836.819,-849.09467,-92944.914,3100.0,1500.0,86630.62,2615.1665,24650.02,127469.97,32133.818,103.20824,5205.649,64769.902,3267.9448
2088,2020-07-22,320.3425,329.90417,323.37738,322.67953,272.27783,340.2261,326.14005,293.7111,322.42944,306.7495,252.67046,321.1751,327.53546,325.7478,339.59354,329.45703,323.6099,321.25473,321.30875,307.26535,273.62006,299.59885,291.51532,295.59222,296.61755,334.6422,-123906.11,10618.983,32.385807,-90189.95,3100.0,1342.8601,88384.65,2722.5908,24677.559,124737.98,33406.836,127.29283,5123.44,65135.65,3375.3599
2089,2020-07-29,320.32574,329.66342,323.10507,322.37796,272.2404,340.32855,326.2411,293.78693,317.44263,305.61295,251.94775,321.06006,327.21844,325.44897,339.53986,329.19452,323.55524,321.21625,320.9252,306.7495,273.64124,299.33194,291.53412,295.37164,296.68304,334.656,-132380.75,165.09961,-777.23157,-90022.2,3100.0,1500.0,87758.664,2764.918,22515.49,126315.52,22627.53,106.30922,4945.4395,65902.33,4183.2446
2090,2020-08-05,320.38297,329.47778,323.0329,322.3453,272.24997,340.64142,326.35156,293.85947,323.71,306.72443,252.83907,320.92902,327.19504,325.41632,339.53305,328.99585,323.4786,321.22385,321.09207,307.3109,273.67377,299.7209,291.57025,295.42923,296.71643,334.67776,-112585.47,13162.29,1031.1232,-87518.51,3100.0,1500.0,90101.06,2778.0874,24911.504,120371.8,36149.117,119.50266,5096.7017,64925.6,3199.2441
2091,2020-08-12,320.3497,329.2965,322.91534,322.19833,272.266,340.74316,326.42746,293.85092,319.43872,305.399,251.88022,320.8586,326.9048,325.1555,339.46426,328.7857,323.41824,321.18463,320.73648,306.61227,273.6955,299.31403,291.59326,295.33997,296.76294,334.6921,-122548.25,4325.363,764.8113,-87283.63,3100.0,1305.3981,86478.125,2806.143,22233.688,119749.74,25735.621,93.38196,4949.82,65671.086,4329.567
2092,2020-08-19,320.2487,328.99197,322.8811,322.241,272.28622,340.435,326.3737,293.62323,309.1372,304.80646,251.2961,320.75412,326.49384,324.95728,339.16068,328.52475,323.32318,321.08707,320.85815,306.6338,273.68896,298.77853,291.57913,295.45023,296.77448,334.6867,-88042.805,28438.684,7197.213,-74720.5,3100.0,958.896,76428.25,2747.8076,23131.688,101792.695,45242.066,52.526985,5537.639,64468.324,4769.552
2093,2020-08-26,320.197,328.65115,322.93436,322.31586,272.37915,340.19095,326.3015,293.46832,305.72433,305.33017,251.41759,320.74454,326.24347,324.81332,338.72018,328.26337,323.23538,321.0347,320.90524,306.81363,273.68283,298.60474,291.56793,295.6891,296.81882,334.6815,-84141.47,31514.83,6716.8296,-77496.8,3100.0,914.5674,68372.52,2671.6985,23488.582,95960.17,47654.633,38.16652,5850.3647,64271.043,4579.8906
2094,2020-09-02,320.20932,328.3528,322.83646,322.20374,272.43454,340.2623,326.3026,293.38037,311.5178,306.06885,252.03535,320.75305,326.03693,324.64975,338.34988,328.0395,323.167,321.02487,320.78162,306.99817,273.69543,298.95654,291.5853,295.80023,296.90588,334.6893,-96254.69,22189.973,3095.4639,-86417.93,3100.0,745.2494,65458.47,2678.5596,23539.906,99091.18,40496.152,43.355606,5784.36,65078.305,3998.9036
2095,2020-09-09,320.18652,328.06723,322.62378,321.97827,272.42422,340.34686,326.33688,293.1621,311.81793,305.76834,251.8312,320.70322,325.7522,324.39124,338.08228,327.79053,323.09625,320.9841,320.51984,306.74866,273.71088,299.06906,291.60925,295.75916,296.9882,334.69916,-101693.08,15950.643,2166.6155,-87733.94,3100.0,1500.0,63033.152,2717.2815,22469.875,99231.125,34684.848,53.348335,5738.2524,65933.87,4286.9307
2096,2020-09-16,320.21085,327.85703,322.47287,321.82877,272.4212,340.6045,326.4189,293.0709,319.35074,306.50595,252.5469,320.61703,325.6942,324.28632,337.98474,327.59793,323.01227,320.96768,320.47705,307.0602,273.73807,299.7472,291.65192,295.77127,297.0517,334.7172,-99293.23,14982.795,564.0909,-90336.64,3100.0,1500.0,66406.516,2761.783,23298.018,99766.27,35034.855,77.806076,5693.573,66008.69,3549.7366
2097,2020-09-23,320.1698,327.73517,322.24173,321.53595,272.3861,340.81424,326.51773,292.80493,320.14478,305.70502,252.2004,320.51993,325.5911,324.05765,338.10837,327.41928,322.93005,320.90982,320.04236,306.50513,273.76508,300.12183,291.6966,295.52655,297.10352,334.73523,-117086.664,-2329.532,-2847.9583,-93597.79,3100.0,1500.0,73985.625,2827.6394,20690.885,106130.41,18257.12,80.50836,5425.426,66968.71,4053.9941
2098,2020-09-30,320.11008,327.7,322.00946,321.28622,272.3264,341.02414,326.61154,292.13394,322.66632,305.68735,252.57025,320.3552,325.59885,323.9534,338.48874,327.3065,322.8234,320.82358,319.85654,306.46924,273.7923,300.82922,291.74347,295.22415,297.10098,334.75348,-115379.29,-5776.1304,-4144.469,-93019.94,3100.0,1500.0,84936.625,2879.0496,20439.693,108309.36,15201.223,87.10145,5462.667,66631.49,3684.0496
2099,2020-10-07,319.93658,327.67667,321.85645,321.1201,272.27078,340.91263,326.63416,291.02414,314.1262,303.95502,251.47458,320.1857,325.47247,323.75137,338.898,327.13016,322.7011,320.6662,319.53564,305.65955,273.79877,300.38852,291.76318,294.893,297.04727,334.7573,-109255.57,-4040.6047,-1392.2859,-85321.555,3100.0,1500.0,91840.36,2881.8582,18212.355,103342.195,13676.915,48.153793,5776.485,66234.35,4865.563
2100,2020-10-14,319.79868,327.71753,321.7901,321.02612,272.22314,340.69864,326.58194,289.97803,308.33594,303.6545,251.49336,320.01843,325.79022,323.77994,339.37625,327.0148,322.5591,320.5213,319.45584,305.65018,273.79242,300.2724,291.76654,294.6112,296.95648,334.75214,-106377.71,-4036.034,-563.5077,-84597.98,3100.0,1500.0,106807.06,2825.1577,18413.473,105028.31,14306.605,21.9544,6064.195,65411.14,4720.1045
2101,2020-10-21,319.65338,327.8358,321.80667,321.02087,272.18472,340.50558,326.52066,289.00198,303.61636,303.14377,251.1982,319.8844,325.92508,323.7894,339.83853,326.9507,322.42932,320.38458,319.33942,305.28635,273.78412,299.8777,291.7686,294.3646,296.85498,334.74557,-104392.66,-3308.606,613.6586,-81253.21,3100.0,1500.0,115462.875,2777.2725,17534.297,104307.37,14103.921,11.070839,6365.7314,64656.32,5011.768
2102,2020-10-28,319.48602,327.9694,321.831,321.02353,272.1418,340.258,326.4373,287.61212,299.90982,302.85922,251.0116,319.76953,326.14594,323.83795,340.27304,326.94345,322.3083,320.23627,319.2647,305.05582,273.7704,299.5488,291.76443,294.1278,296.74374,334.7351,-103259.9,-2942.0315,1291.4026,-80935.6,3100.0,1500.0,127351.8,2724.7505,17000.285,104503.93,14143.6875,-11.447823,6843.554,64057.55,5145.9116
2103,2020-11-04,319.3017,328.15833,321.88458,321.05234,272.10202,340.00983,326.3571,286.4864,297.98898,302.73935,251.02185,319.6743,326.42123,323.91544,340.79163,326.9831,322.19772,320.0792,319.20645,304.8292,273.75674,299.26437,291.7618,293.91202,296.62827,334.72464,-102351.93,-2378.787,1890.7844,-78581.42,3100.0,1500.0,140868.42,2682.9285,16416.23,104889.81,14391.586,-13.25148,7064.275,63204.812,5112.5063
2104,2020-11-11,319.157,328.39365,321.96927,321.11908,272.07553,339.75247,326.28326,285.8698,296.80383,302.71393,251.03723,319.59726,326.6978,324.05536,341.22348,327.08295,322.09677,319.95148,319.2256,304.7568,273.7432,298.9925,291.76053,293.74393,296.5105,334.71417,-101435.29,-1103.6521,2982.9739,-77200.16,3100.0,1500.0,147941.5,2646.9487,16493.11,106356.08,16106.661,-16.849865,7169.108,62428.188,5069.6216
2105,2020-11-18,319.016,328.61246,322.03925,321.17514,272.04416,339.50934,326.2159,285.45074,296.04886,302.66513,250.9556,319.54147,326.84784,324.15894,341.5064,327.2278,322.0136,319.83536,319.21524,304.59515,273.7297,298.7474,291.7604,293.57944,296.3958,334.7037,-102625.45,-1668.935,2841.4543,-77736.63,3100.0,963.54614,153114.16,2618.1533,16060.068,107647.68,15310.747,-17.169708,7190.7466,62000.773,5134.5767
2106,2020-11-25,318.87332,328.78928,322.12042,321.2638,272.01236,339.27756,326.1544,285.12827,295.4708,302.78107,250.88861,319.49963,326.91678,324.258,341.64032,327.3804,321.94492,319.72528,319.28308,304.56268,273.71628,298.52335,291.7611,293.5128,296.28268,334.6932,-97878.04,3879.6936,5928.9155,-75856.99,3100.0,758.2003,154208.05,2589.142,16576.303,105568.26,21706.453,-18.745033,7348.7217,61436.383,5171.3716
2107,2020-12-02,318.73828,328.91635,322.25995,321.4288,272.00757,339.0461,326.09784,284.89005,295.094,303.13104,250.8445,319.4925,326.96313,324.3632,341.69055,327.51428,321.893,319.62964,319.4391,304.61444,273.70294,298.33383,291.76215,293.62653,296.1878,334.6827,-89064.414,13647.944,9636.993,-73339.93,3100.0,993.4028,154121.81,2556.8496,17406.266,100750.53,31904.912,-19.383717,7638.1553,60882.65,5185.699
