date,w_004,w_037,w_072,w_097,w_098,w_099,w_100,w_101,w_102
2014-07-01,242.9795613,73.74,,,,,,,
2014-07-02,277.4444444,73.74,,,,,,,
2014-07-03,274.5888158,73.74,,,,,,,
2014-07-04,290.6590909,73.74,,,,,,,
2014-07-05,270.4799499,73.74,,,,,,,
2014-07-06,47.22597402,73.74,,,,,,,
2014-07-07,0.0,73.74,,,,,,,
2014-07-08,206.8,73.74,,,,,,,
2014-07-09,386.9545454,73.74,,,,,,,
2014-07-10,216.5649038,73.74,,,,,,,
2014-07-11,403.0,73.74,,,,,,,
2014-07-12,188.7391304,73.74,,,,,,,
2014-07-13,0.0,73.74,,,,,,,
2014-07-14,0.0,73.74,,,,,,,
2014-07-15,0.0,73.74,,,,,,,
2014-07-16,0.0,73.85,,,,,,,
2014-07-17,0.0,74.15,,,,,,,
2014-07-18,0.0,74.65,,,,,,,
2014-07-19,32.28571428,75.31,,,,,,,
2014-07-20,56.4025974,76.15,,,,,,,
2014-07-21,65.10580596,77.13,,,,,,,
2014-07-22,97.18024133,78.25,,,,,,,
2014-07-23,134.025641,79.49,,,,,,,
2014-07-24,0.0,80.84,,,,,,,
2014-07-25,0.0,82.3,,,,,,,
2014-07-26,0.0,83.83,,,,,,,
2014-07-27,0.0,85.45,,,,,,,
2014-07-28,0.0,87.12,,,,,,,
2014-07-29,0.0,88.84,,,,,,,
2014-07-30,0.0,90.6,,,,,,,
2014-07-31,0.0,92.38,,,,,,,
2014-08-01,215.8581293,94.16,,,,,,,
2014-08-02,274.56,95.95,,,,,,,
2014-08-03,248.3625,97.72,,,,,,,
2014-08-04,267.8909091,99.46,,,,,,,
2014-08-05,264.4658455,101.16,,,,,,,
2014-08-06,44.36862745,102.8,,,,,,,
2014-08-07,0.0,104.38,,,,,,,
2014-08-08,235.0,105.88,,,,,,,
2014-08-09,428.0,107.28,,,,,,,
2014-08-10,254.5288461,108.58,,,,,,,
2014-08-11,363.0,109.77,,,,,,,
2014-08-12,206.3043478,110.82,,,,,,,
2014-08-13,317.6270023,111.73,,,,,,,
2014-08-14,318.4782609,112.48,,,,,,,
2014-08-15,324.3157895,113.06,,,,,,,
2014-08-16,364.0842105,113.56,,,,,,,
2014-08-17,402.0285714,114.05,,,,,,,
2014-08-18,352.2097264,114.53,,,,,,,
2014-08-19,343.0162476,115.0,,,,,,,
2014-08-20,335.8121212,115.47,,,,,,,
2014-08-21,334.3711712,115.93,,,,,,,
2014-08-22,345.1621622,116.38,,,,,,,
2014-08-23,326.0,116.82,,,,,,,
2014-08-24,310.0,117.25,,,,,,,
2014-08-25,321.0,117.67,,,,,,,
2014-08-26,307.8888889,118.08,,,,,,,
2014-08-27,270.0,118.48,,,,,,,
2014-08-28,313.0379404,118.86,,,,,,,
2014-08-29,310.0731707,119.23,,,,,,,
2014-08-30,347.9,119.58,,,,,,,
2014-08-31,309.5705882,119.92,,,,,,,
2014-09-01,171.937232,120.24,,,,,,,
2014-09-02,295.8128813,120.54,,,,,,,
2014-09-03,236.425,120.83,,,,,,,
2014-09-04,280.7,121.1,,,,,,,
2014-09-05,271.7446808,121.35,,,,,,,
2014-09-06,43.43137255,121.57,,,,,,,
2014-09-07,0.0,121.78,,,,,,,
2014-09-08,274.5555555,121.97,,,,,,,
2014-09-09,385.8461538,122.13,,,,,,,
2014-09-10,224.7554348,122.27,,,,,,,
2014-09-11,338.0,122.39,,,,,,,
2014-09-12,226.5190217,122.48,,,,,,,
2014-09-13,414.4427966,122.55,,,,,,,
2014-09-14,359.2916667,122.59,,,,,,,
2014-09-15,347.9333333,122.6,,,,,,,
2014-09-16,337.6,122.6,,,,,,,
2014-09-17,49.8,122.58,,,,,,,
2014-09-18,0.0,122.57,,,,,,,
2014-09-19,0.0,122.54,,,,,,,
2014-09-20,0.0,122.51,,,,,,,
2014-09-21,0.0,122.48,,,,,,,
2014-09-22,62.54166666,122.44,,,,,,,
2014-09-23,308.4839744,122.39,,,,,,,
2014-09-24,391.1965812,122.34,,,,,,,
2014-09-25,373.2777778,122.29,,,,,,,
2014-09-26,312.0,122.24,,,,,,,
2014-09-27,256.6875,122.18,,,,,,,
2014-09-28,252.4278846,122.13,,,,,,,
2014-09-29,251.3846154,122.07,,,,,,,
2014-09-30,273.8,122.01,,,,,,,
2014-10-01,212.1600979,121.95,,,,,,,
2014-10-02,323.7937853,121.89,,,,,,,
2014-10-03,249.15,121.83,,,,,,,
2014-10-04,273.9545454,121.78,,,,,,,
2014-10-05,287.0,121.73,,,,,,,
2014-10-06,41.96666667,121.67,,,,,,,
2014-10-07,0.0,121.63,,,,,,,
2014-10-08,302.8128655,121.58,,,,,,,
2014-10-09,275.9230769,121.54,,,,,,,
2014-10-10,229.8695652,121.51,,,,,,,
2014-10-11,270.0,121.48,,,,,,,
2014-10-12,244.5375,121.45,,,,,,,
2014-10-13,345.0,121.43,,,,,,,
2014-10-14,342.9032258,121.42,,,,,,,
2014-10-15,272.8467742,121.42,,,,,,,
2014-10-16,280.7065217,121.47,,,,,,,
2014-10-17,251.194641,121.6,,,,,,,
2014-10-18,336.6821705,121.83,,,,,,,
2014-10-19,353.4166667,122.12,,,,,,,
2014-10-20,338.61,122.5,,,,,,,
2014-10-21,325.8505263,122.93,,,,,,,
2014-10-22,335.7644737,123.43,,,,,,,
2014-10-23,359.025,123.97,,,,,,,
2014-10-24,325.7733333,124.57,,,,,,,
2014-10-25,300.9799134,125.2,,,,,,,
2014-10-26,333.3435274,125.87,,,,,,,
2014-10-27,276.2805843,126.57,,,,,,,
2014-10-28,208.6226415,127.29,,,,,,,
2014-10-29,264.8,128.03,,,,,,,
2014-10-30,392.9916667,128.77,,,,,,,
2014-10-31,374.926282,129.52,,,,,,,
2014-11-01,233.9241126,130.26,,,,,,,
2014-11-02,327.6833333,131.0,,,,,,,
2014-11-03,238.3731343,131.71,,,,,,,
2014-11-04,235.6550436,132.41,,,,,,,
2014-11-05,288.2222222,133.08,,,,,,,
2014-11-06,40.46811594,133.72,,,,,,,
2014-11-07,0.0,134.31,,,,,,,
2014-11-08,319.4153627,134.86,,,,,,,
2014-11-09,323.8498168,135.35,,,,,,,
2014-11-10,198.0,135.79,,,,,,,
2014-11-11,265.0,136.16,,,,,,,
2014-11-12,312.3545454,136.46,,,,,,,
2014-11-13,273.0,136.68,,,,,,,
2014-11-14,252.0,136.82,,,,,,,
2014-11-15,290.0,136.87,,,,,,,
2014-11-16,257.0,136.84,,,,,,,
2014-11-17,267.0,136.78,,,,,,,
2014-11-18,269.0,136.67,,,,,,,
2014-11-19,228.0,136.53,,,,,,,
2014-11-20,292.0,136.35,,,,,,,
2014-11-21,263.0,136.14,,,,,,,
2014-11-22,273.0,135.91,,,,,,,
2014-11-23,256.0,135.65,,,,,,,
2014-11-24,254.0,135.36,,,,,,,
2014-11-25,264.0,135.06,,,,,,,
2014-11-26,240.875,134.74,,,,,,,
2014-11-27,261.8308823,134.42,,,,,,,
2014-11-28,248.9427663,134.08,,,,,,,
2014-11-29,239.7957958,133.73,,,,,,,
2014-11-30,248.6398929,133.38,,,,,,,
2014-12-01,276.4162679,133.04,,,,,,,
2014-12-02,330.35,132.69,,,,,,,
2014-12-03,215.460199,132.35,,,,,,,
2014-12-04,267.3189824,132.03,,,,,,,
2014-12-05,288.4444444,131.71,,,,,,,
2014-12-06,36.40305523,131.41,,,,,,,
2014-12-07,0.0,131.12,,,,,,,
2014-12-08,311.1109531,130.86,,,,,,,
2014-12-09,392.3131558,130.63,,,,,,,
2014-12-10,294.0,130.42,,,,,,,
2014-12-11,280.0,130.24,,,,,,,
2014-12-12,335.9300699,130.1,,,,,,,
2014-12-13,310.8153846,129.99,,,,,,,
2014-12-14,348.1333333,129.93,,,,,,,
2014-12-15,280.7536232,129.9,,,,,,,
2014-12-16,283.5359943,129.94,,,,,,,
2014-12-17,256.6270492,130.05,,,,,,,
2014-12-18,335.3653846,130.24,,,,,,,
2014-12-19,278.7530364,130.48,,,,,,,
2014-12-20,245.5690789,130.79,,,,,,,
2014-12-21,293.9273649,131.14,,,,,,,
2014-12-22,353.486987,131.55,,,,,,,
2014-12-23,365.0299663,132.0,,,,,,,
2014-12-24,312.3800866,132.49,,,,,,,
2014-12-25,294.8744589,133.01,,,,,,,
2014-12-26,244.4747475,133.56,,,,,,,
2014-12-27,222.3022222,134.13,,,,,,,
2014-12-28,222.9820155,134.72,,,,,,,
2014-12-29,260.3220425,135.32,,,,,,,
2014-12-30,237.9492754,135.94,,,,,,,
2014-12-31,223.3333333,136.55,,,,,,,
2015-01-01,130.2352941,137.16,,,,,,,
2015-01-02,180.2758621,137.76,,,,,,,
2015-01-03,216.8409091,138.35,,,,,,,
2015-01-04,,138.92,,,,,,,
2015-01-05,,139.47,,,,,,,
2015-01-06,0.0,140.0,,,,,,,
2015-01-07,0.0,140.48,,,,,,,
2015-01-08,0.0,140.93,,,,,,,
2015-01-09,296.0,141.34,,,,,,,
2015-01-10,417.0,141.7,,,,,,,
2015-01-11,295.0,142.0,,,,,,,
2015-01-12,601.0,142.25,,,,,,,
2015-01-13,195.2488294,142.43,,,,,,,
2015-01-14,194.7496007,142.54,,,,,,,
2015-01-15,246.0130265,142.58,,,,,,,
2015-01-16,310.1094225,142.58,,,,,,,
2015-01-17,270.6748768,142.57,,,,,,,
2015-01-18,215.5063078,142.56,,,,,,,
2015-01-19,253.3069106,142.54,,,,,,,
2015-01-20,249.3963104,142.52,,,,,,,
2015-01-21,140.9727372,142.49,,,,,,,
2015-01-22,183.7626728,142.46,,,,,,,
2015-01-23,213.2849462,142.43,,,,,,,
2015-01-24,247.5376344,142.39,,,,,,,
2015-01-25,217.2199413,142.34,,,,,,,
2015-01-26,218.2662338,142.3,,,,,,,
2015-01-27,216.4428571,142.24,,,,,,,
2015-01-28,5.2,142.19,,,,,,,
2015-01-29,0.0,142.13,,,,,,,
2015-01-30,0.0,142.07,,,,,,,
2015-01-31,0.0,142.0,,,,,,,
2015-02-01,160.7058823,141.93,,,,,,,
2015-02-02,239.3085535,141.86,,,,,,,
2015-02-03,268.1590909,141.78,,,,,,,
2015-02-04,,141.71,,,,,,,
2015-02-05,146.0,141.62,,,,,,,
2015-02-06,0.0,141.54,,,,,,,
2015-02-07,0.0,141.45,,,,,,,
2015-02-08,0.0,141.37,,,,,,,
2015-02-09,313.6412078,141.27,,,,,,,
2015-02-10,320.0,141.18,,,,,,,
2015-02-11,322.0,141.08,,,,,,,
2015-02-12,609.0,140.99,,,,,,,
2015-02-13,275.875,140.89,,,,,,,
2015-02-14,232.5844595,140.79,,,,,,,
2015-02-15,261.0127628,140.67,,,,,,,
2015-02-16,239.8394661,140.53,,,,,,,
2015-02-17,226.6113886,140.37,,,,,,,
2015-02-18,244.4769231,140.18,,,,,,,
2015-02-19,249.7568627,139.97,,,,,,,
2015-02-20,170.8431373,139.74,,,,,,,
2015-02-21,209.5769231,139.49,,,,,,,
2015-02-22,139.8776224,139.22,,,,,,,
2015-02-23,202.1380471,138.93,,,,,,,
2015-02-24,196.4074074,138.63,,,,,,,
2015-02-25,178.7142857,138.31,,,,,,,
2015-02-26,219.054945,137.97,,,,,,,
2015-02-27,233.3251088,137.62,,,,,,,
2015-02-28,194.9056604,137.25,,,,,,,
2015-03-01,149.7341482,136.87,,,,,,,
2015-03-02,246.9900525,136.49,,,,,,,
2015-03-03,291.3076923,136.09,,,,,,,
2015-03-04,,135.68,,,,,,,
2015-03-05,191.0,135.26,,,,,,,
2015-03-06,0.0,134.83,,,,,,,
2015-03-07,0.0,134.4,,,,,,,
2015-03-08,0.0,133.96,,,,,,,
2015-03-09,313.6412078,133.52,,,,,,,
2015-03-10,367.0,133.07,,,,,,,
2015-03-11,370.0,132.62,,,,,,,
2015-03-12,570.0,132.17,,,,,,,
2015-03-13,301.7945946,131.71,,,,,,,
2015-03-14,277.4054054,131.26,,,,,,,
2015-03-15,284.0,130.81,,,,,,,
2015-03-16,287.8510638,130.33,,,,,,,
2015-03-17,294.3620509,129.83,,,,,,,
2015-03-18,215.0477548,129.28,,,,,,,
2015-03-19,169.4057971,128.71,,,,,,,
2015-03-20,191.3097113,128.1,,,,,,,
2015-03-21,,127.47,,,,,,,
2015-03-22,,126.81,,,,,,,
2015-03-23,,126.14,,,,,,,
2015-03-24,,125.44,,,,,,,
2015-03-25,,124.72,,,,,,,
2015-03-26,,123.99,,,,,,,
2015-03-27,,123.25,,,,,,,
2015-03-28,,122.5,,,,,,,
2015-03-29,,121.74,,,,,,,
2015-03-30,,120.98,,,,,,,
2015-03-31,,120.21,,,,,,,
2015-04-01,171.0451054,119.44,,,,,,,
2015-04-02,245.9925422,118.68,,,,,,,
2015-04-03,273.8351648,117.92,,,,,,,
2015-04-04,380.23,117.17,,,,,,,
2015-04-05,134.0,116.43,,,,,,,
2015-04-06,0.0,115.7,,,,,,,
2015-04-07,0.0,114.99,,,,,,,
2015-04-08,0.0,114.3,,,,,,,
2015-04-09,313.6412078,113.62,,,,,,,
2015-04-10,352.0,112.97,,,,,,,
2015-04-11,332.0,112.34,,,,,,,
2015-04-12,413.0,111.74,,,,,,,
2015-04-13,380.23,111.17,,,,,,,
2015-04-14,380.23,110.64,,,,,,,
2015-04-15,380.23,110.13,,,,,,,
2015-04-16,380.23,109.66,,,,,,,
2015-04-17,380.23,109.2,,,,,,,
2015-04-18,380.23,108.76,,,,,,,
2015-04-19,380.23,108.33,,,,,,,
2015-04-20,380.23,107.92,,,,,,,
2015-04-21,380.23,107.52,,,,,,,
2015-04-22,380.23,107.13,,,,,,,
2015-04-23,380.23,106.75,,,,,,,
2015-04-24,380.23,106.38,,,,,,,
2015-04-25,380.23,106.01,,,,,,,
2015-04-26,380.23,105.66,,,,,,,
2015-04-27,380.23,105.31,,,,,,,
2015-04-28,380.23,104.96,,,,,,,
2015-04-29,380.23,104.62,,,,,,,
2015-04-30,380.23,104.28,,,,,,,
2015-05-01,203.4560405,103.95,,,,,,,
2015-05-02,233.6762329,103.61,,,,,,,
2015-05-03,291.8571429,103.27,,,,,,,
2015-05-04,,102.93,,,,,,,
2015-05-05,163.0,102.58,,,,,,,
2015-05-06,0.0,102.24,,,,,,,
2015-05-07,0.0,101.88,,,,,,,
2015-05-08,0.0,101.52,,,,,,,
2015-05-09,313.6412078,101.15,,,,,,,
2015-05-10,368.0,100.77,,,,,,,
2015-05-11,360.0,100.39,,,,,,,
2015-05-12,417.0,99.99,,,,,,,
2015-05-13,122.0,99.57,,,,,,,
2015-05-14,151.0,99.15,,,,,,,
2015-05-15,183.0,98.71,,,,,,,
2015-05-16,120.0,98.24,,,,,,,
2015-05-17,1.0,97.73,,,,,,,
2015-05-18,0.0,97.17,,,,,,,
2015-05-19,0.0,96.58,,,,,,,
2015-05-20,0.0,95.96,,,,,,,
2015-05-21,0.0,95.32,,,,,,,
2015-05-22,0.0,94.64,,,,,,,
2015-05-23,0.0,93.95,,,,,,,
2015-05-24,0.0,93.25,,,,,,,
2015-05-25,0.0,92.53,,,,,,,
2015-05-26,0.0,91.8,,,,,,,
2015-05-27,0.0,91.08,,,,,,,
2015-05-28,0.0,90.35,,,,,,,
2015-05-29,0.0,89.62,,,,,,,
2015-05-30,0.0,88.91,,,,,,,
2015-05-31,0.0,88.21,,,,,,,
2015-06-01,193.0487546,87.52,,,,,,,
2015-06-02,276.7231997,86.85,,,,,,,
2015-06-03,282.75,86.21,,,,,,,
2015-06-04,,85.6,,,,,,,
2015-06-05,141.0,85.02,,,,,,,
2015-06-06,0.0,84.47,,,,,,,
2015-06-07,0.0,83.97,,,,,,,
2015-06-08,0.0,83.51,,,,,,,
2015-06-09,313.6412078,83.1,,,,,,,
2015-06-10,460.0,82.74,,,,,,,
2015-06-11,454.0,82.43,,,,,,,
2015-06-12,385.0,82.19,,,,,,,
2015-06-13,0.0,82.01,,,,,,,
2015-06-14,0.0,81.9,,,,,,,
2015-06-15,50.0,81.87,,,,,,,
2015-06-16,84.0,81.87,,,,,,,
2015-06-17,146.0,81.87,,,,,,,
2015-06-18,139.0,81.87,,,,,,,
2015-06-19,148.0,81.87,,,,,,,
2015-06-20,99.0,81.87,,,,,,,
2015-06-21,0.0,81.87,,,,,,,
2015-06-22,0.0,81.87,,,,,,,
2015-06-23,65.0,81.87,,,,,,,
2015-06-24,66.0,81.87,,,,,,,
2015-06-25,16.0,81.87,,,,,,,
2015-06-26,0.0,81.87,,,,,,,
2015-06-27,0.0,81.87,,,,,,,
2015-06-28,0.0,81.87,,,,,,,
2015-06-29,0.0,81.87,,,,,,,
2015-06-30,0.0,81.87,,,,,,,
2015-07-01,181.2076106,81.76,,,,,,,
2015-07-02,248.1639918,81.47,,,,,,,
2015-07-03,291.994186,81.02,,,,,,,
2015-07-04,,80.44,,,,,,,
2015-07-05,140.0,79.76,,,,,,,
2015-07-06,0.0,79.01,,,,,,,
2015-07-07,0.0,78.21,,,,,,,
2015-07-08,0.0,77.4,,,,,,,
2015-07-09,313.6412078,76.6,,,,,,,
2015-07-10,403.0,75.85,,,,,,,
2015-07-11,352.0,75.17,,,,,,,
2015-07-12,460.0,74.59,,,,,,,
2015-07-13,0.0,74.14,,,,,,,
2015-07-14,0.0,73.85,,,,,,,
2015-07-15,0.0,73.74,,,,,,,
2015-07-16,0.0,73.85,,,,,,,
2015-07-17,0.0,74.15,,,,,,,
2015-07-18,0.0,74.65,,,,,,,
2015-07-19,0.0,75.31,,,,,,,
2015-07-20,0.0,76.15,,,,,,,
2015-07-21,0.0,77.13,,,,,,,
2015-07-22,0.0,78.25,,,,,,,
2015-07-23,0.0,79.49,,,,,,,
2015-07-24,0.0,80.84,,,,,,,
2015-07-25,0.0,82.3,,,,,,,
2015-07-26,0.0,83.83,,,,,,,
2015-07-27,0.0,85.45,,,,,,,
2015-07-28,0.0,87.12,,,,,,,
2015-07-29,0.0,88.84,,,,,,,
2015-07-30,0.0,90.6,,,,,,,
2015-07-31,0.0,92.38,,,,,,,
2015-08-01,182.3759877,94.16,,,,,,,
2015-08-02,281.5362319,95.95,,,,,,,
2015-08-03,262.2558139,97.72,,,,,,,
2015-08-04,,99.46,,,,,,,
2015-08-05,119.0,101.16,,,,,,,
2015-08-06,0.0,102.8,,,,,,,
2015-08-07,0.0,104.38,,,,,,,
2015-08-08,0.0,105.88,,,,,,,
2015-08-09,313.6412078,107.28,,,,,,,
2015-08-10,435.0,108.58,,,,,,,
2015-08-11,321.0,109.77,,,,,,,
2015-08-12,465.0,110.82,,,,,,,
2015-08-13,0.0,111.73,,,,,,,
2015-08-14,0.0,112.48,,,,,,,
2015-08-15,0.0,113.06,,,,,,,
2015-08-16,0.0,113.56,,,,,,,
2015-08-17,0.0,114.05,,,,,,,
2015-08-18,0.0,114.53,,,,,,,
2015-08-19,0.0,115.0,,,,,,,
2015-08-20,210.0,115.47,,,,,,,
2015-08-21,417.0,115.93,,,,,,,
2015-08-22,425.0,116.38,,,,,,,
2015-08-23,420.0,116.82,,,,,,,
2015-08-24,371.0,117.25,,,,,,,
2015-08-25,242.0,117.67,,59.485,59.485,35.79,35.79,76.83,76.83
2015-08-26,301.0,118.08,,65.625,65.625,38.885,38.885,84.38,84.38
2015-08-27,296.0,118.48,,72.085,72.085,42.18,42.18,92.245,92.245
2015-08-28,287.0,118.86,,78.83,78.83,45.65,45.65,100.36,100.36
2015-08-29,248.0,119.23,,85.805,85.805,49.285,49.285,108.65,108.65
2015-08-30,275.0,119.58,,92.97,92.97,53.06,53.06,117.04,117.04
2015-08-31,252.0,119.92,,100.28,100.28,56.965,56.965,125.47,125.47
2015-09-01,190.1911765,120.24,,107.685,107.685,60.98,60.98,133.865,133.865
2015-09-02,286.8020833,120.54,,115.14,115.14,65.09,65.09,142.155,142.155
2015-09-03,304.6111111,120.83,,122.605,122.605,69.275,69.275,150.265,150.265
2015-09-04,,121.1,,130.03,130.03,73.52,73.52,158.135,158.135
2015-09-05,149.0,121.35,,137.37,137.37,77.805,77.805,165.685,165.685
2015-09-06,0.0,121.57,,144.58,144.58,82.115,82.115,172.85,172.85
2015-09-07,0.0,121.78,,151.615,151.615,86.43,86.43,179.56,179.56
2015-09-08,0.0,121.97,,158.43,158.43,90.74,90.74,185.74,185.74
2015-09-09,313.6412078,122.13,,164.98,164.98,95.02,95.02,191.325,191.325
2015-09-10,404.0,122.27,,171.22,171.22,99.26,99.26,196.245,196.245
2015-09-11,267.0,122.39,,177.105,177.105,103.435,103.435,200.43,200.43
2015-09-12,527.0,122.48,,182.585,182.585,107.53,107.53,203.805,203.805
2015-09-13,313.6412078,122.55,,187.62,187.62,111.535,111.535,206.3,206.3
2015-09-14,313.6412078,122.59,,192.16,192.16,115.425,115.425,207.85,207.85
2015-09-15,313.6412078,122.6,,196.165,196.165,119.185,119.185,208.385,208.385
2015-09-16,313.6412078,122.6,,199.795,199.795,122.915,122.915,208.105,208.105
2015-09-17,305.3818828,122.58,,203.25,203.25,126.72,126.72,207.305,207.305
2015-09-18,343.0,122.57,,206.545,206.545,130.605,130.605,206.01,206.01
2015-09-19,379.9966722,122.54,,209.685,209.685,134.56,134.56,204.265,204.265
2015-09-20,382.0033278,122.51,,212.695,212.695,138.575,138.575,202.105,202.105
2015-09-21,418.0,122.48,,215.58,215.58,142.66,142.66,199.57,199.57
2015-09-22,373.0,122.44,,218.35,218.35,146.8,146.8,196.695,196.695
2015-09-23,363.0,122.39,,221.025,221.025,150.99,150.99,193.52,193.52
2015-09-24,385.0,122.34,,223.615,223.615,155.235,155.235,190.08,190.08
2015-09-25,419.0,122.29,,226.13,226.13,159.525,159.525,186.415,186.415
2015-09-26,422.0,122.24,,228.59,228.59,163.855,163.855,182.56,182.56
2015-09-27,410.0,122.18,,231.0,231.0,168.225,168.225,178.555,178.555
2015-09-28,396.0,122.13,,233.375,233.375,172.625,172.625,174.44,174.44
2015-09-29,445.0,122.07,,235.725,235.725,177.055,177.055,170.245,170.245
2015-09-30,442.0,122.01,,238.07,238.07,181.51,181.51,166.015,166.015
2015-10-01,154.8648649,121.95,,240.415,240.415,185.99,185.99,161.785,161.785
2015-10-02,264.4767045,121.89,,242.78,242.78,190.48,190.48,157.59,157.59
2015-10-03,323.3888889,121.83,,245.175,245.175,194.99,194.99,153.475,153.475
2015-10-04,0.0,121.78,,247.605,247.605,199.505,199.505,149.47,149.47
2015-10-05,140.0131579,121.73,,250.095,250.095,204.025,204.025,145.615,145.615
2015-10-06,0.0,121.67,,252.65,252.65,208.545,208.545,141.95,141.95
2015-10-07,0.0,121.63,,255.285,255.285,213.06,213.06,138.51,138.51
2015-10-08,0.0,121.58,,258.015,258.015,217.57,217.57,135.335,135.335
2015-10-09,313.6412078,121.54,,260.85,260.85,222.065,222.065,132.46,132.46
2015-10-10,417.0,121.51,,263.8,263.8,226.545,226.545,129.92,129.92
2015-10-11,399.0,121.48,,266.885,266.885,231.005,231.005,127.765,127.765
2015-10-12,614.0,121.45,,270.11,270.11,235.44,235.44,126.02,126.02
2015-10-13,413.0,121.43,,273.49,273.49,239.85,239.85,124.725,124.725
2015-10-14,380.0,121.42,,277.04,277.04,244.225,244.225,123.92,123.92
2015-10-15,436.0,121.42,,280.775,280.775,248.565,248.565,123.645,123.645
2015-10-16,397.0,121.47,,284.925,284.925,252.91,252.91,125.15,125.15
2015-10-17,406.0,121.6,,289.69,289.69,257.305,257.305,129.54,129.54
2015-10-18,328.0,121.83,,295.02,295.02,261.75,261.75,136.61,136.61
2015-10-19,335.0,122.12,,300.865,300.865,266.23,266.23,146.17,146.17
2015-10-20,345.0,122.5,,307.17,307.17,270.745,270.745,158.025,158.025
2015-10-21,311.0,122.93,,313.885,313.885,275.29,275.29,171.975,171.975
2015-10-22,275.0,123.43,,320.96,320.96,279.86,279.86,187.82,187.82
2015-10-23,302.0,123.97,,328.345,328.345,284.445,284.445,205.365,205.365
2015-10-24,315.0,124.57,,335.99,335.99,289.045,289.045,224.42,224.42
2015-10-25,296.0,125.2,,343.84,343.84,293.65,293.65,244.785,244.785
2015-10-26,334.0,125.87,,351.845,351.845,298.26,298.26,266.26,266.26
2015-10-27,342.0,126.57,,359.96,359.96,302.865,302.865,288.65,288.65
2015-10-28,332.0,127.29,,368.13,368.13,307.46,307.46,311.76,311.76
2015-10-29,324.0,128.03,,376.3,376.3,312.045,312.045,335.39,335.39
2015-10-30,270.0,128.77,,384.425,384.425,316.61,316.61,359.35,359.35
2015-10-31,279.0,129.52,,392.45,392.45,321.15,321.15,383.435,383.435
2015-11-01,181.6307873,130.26,,400.325,400.325,325.66,325.66,407.455,407.455
2015-11-02,263.2269592,131.0,,408.005,408.005,330.135,330.135,431.21,431.21
2015-11-03,339.1111111,131.71,,415.43,415.43,334.57,334.57,454.505,454.505
2015-11-04,,132.41,,422.555,422.555,338.955,338.955,477.145,477.145
2015-11-05,159.9868421,133.08,,429.33,429.33,343.295,343.295,498.93,498.93
2015-11-06,0.0,133.72,,435.695,435.695,347.575,347.575,519.67,519.67
2015-11-07,0.0,134.31,,441.61,441.61,351.79,351.79,539.155,539.155
2015-11-08,0.0,134.86,,447.02,447.02,355.945,355.945,557.2,557.2
2015-11-09,313.6412078,135.35,,451.875,451.875,360.02,360.02,573.61,573.61
2015-11-10,437.0,135.79,,456.12,456.12,364.02,364.02,588.18,588.18
2015-11-11,416.0,136.16,,459.71,459.71,367.94,367.94,600.715,600.715
2015-11-12,512.0,136.46,,462.59,462.59,371.765,371.765,611.02,611.02
2015-11-13,465.0,136.68,,464.71,464.71,375.5,375.5,618.905,618.905
2015-11-14,478.0,136.82,,466.02,466.02,379.135,379.135,624.16,624.16
2015-11-15,495.0,136.87,,466.465,466.465,382.665,382.665,626.6,626.6
2015-11-16,510.0,136.84,,466.325,466.325,386.115,386.115,627.52,627.52
2015-11-17,532.0,136.78,,465.92,465.92,389.5,389.5,628.36,628.36
2015-11-18,495.0,136.67,,465.265,465.265,392.83,392.83,629.12,629.12
2015-11-19,561.0,136.53,,464.38,464.38,396.105,396.105,629.815,629.815
2015-11-20,538.0,136.35,,463.285,463.285,399.33,399.33,630.44,630.44
2015-11-21,573.0,136.14,,462.0,462.0,402.51,402.51,631.005,631.005
2015-11-22,679.0,135.91,,460.545,460.545,405.635,405.635,631.52,631.52
2015-11-23,548.0,135.65,,458.935,458.935,408.72,408.72,631.985,631.985
2015-11-24,517.0,135.36,,457.19,457.19,411.76,411.76,632.405,632.405
2015-11-25,587.0,135.06,,455.33,455.33,414.765,414.765,632.79,632.79
2015-11-26,599.0,134.74,,453.38,453.38,417.725,417.725,633.145,633.145
2015-11-27,632.0,134.42,,451.35,451.35,420.655,420.655,633.475,633.475
2015-11-28,480.0,134.08,,449.26,449.26,423.55,423.55,633.785,633.785
2015-11-29,487.0,133.73,,447.135,447.135,426.415,426.415,634.085,634.085
2015-11-30,541.0,133.38,,444.99,444.99,429.25,429.25,634.37,634.37
2015-12-01,181.8120401,133.04,,442.845,442.845,432.06,432.06,634.655,634.655
2015-12-02,276.8275862,132.69,,440.72,440.72,434.85,434.85,634.945,634.945
2015-12-03,320.6888889,132.35,,438.635,438.635,437.615,437.615,635.245,635.245
2015-12-04,,132.03,,436.605,436.605,440.36,440.36,635.555,635.555
2015-12-05,151.0,131.71,,434.65,434.65,443.09,443.09,635.89,635.89
2015-12-06,0.0,131.41,,432.795,432.795,445.805,445.805,636.245,636.245
2015-12-07,0.0,131.12,,431.05,431.05,448.51,448.51,636.635,636.635
2015-12-08,0.0,130.86,,429.44,429.44,451.2,451.2,637.065,637.065
2015-12-09,313.6412078,130.63,,427.985,427.985,453.89,453.89,637.535,637.535
2015-12-10,366.0,130.42,,426.7,426.7,456.57,456.57,638.055,638.055
2015-12-11,423.0,130.24,,425.605,425.605,459.25,459.25,638.625,638.625
2015-12-12,521.0,130.1,,424.72,424.72,461.925,461.925,639.26,639.26
2015-12-13,463.0,129.99,,424.065,424.065,464.605,464.605,639.96,639.96
2015-12-14,471.0,129.93,,423.655,423.655,467.29,467.29,640.73,640.73
2015-12-15,572.0,129.9,,423.515,423.515,469.985,469.985,641.58,641.58
2015-12-16,499.0,129.94,,423.66,423.66,472.745,472.745,642.67,642.67
2015-12-17,506.0,130.05,,424.085,424.085,475.63,475.63,644.155,644.155
2015-12-18,467.0,130.24,,424.785,424.785,478.625,478.625,646.005,646.005
2015-12-19,518.0,130.48,,425.74,425.74,481.715,481.715,648.215,648.215
2015-12-20,558.0,130.79,,426.95,426.95,484.885,484.885,650.755,650.755
2015-12-21,557.0,131.14,,428.395,428.395,488.115,488.115,653.61,653.61
2015-12-22,560.0,131.55,,430.075,430.075,491.4,491.4,656.76,656.76
2015-12-23,688.0,132.0,,431.965,431.965,494.72,494.72,660.19,660.19
2015-12-24,659.0,132.49,,434.065,434.065,498.065,498.065,663.88,663.88
2015-12-25,608.0,133.01,,436.365,436.365,501.415,501.415,667.805,667.805
2015-12-26,546.0,133.56,,438.845,438.845,504.755,504.755,671.955,671.955
2015-12-27,624.0,134.13,,441.505,441.505,508.075,508.075,676.305,676.305
2015-12-28,594.0,134.72,,444.33,444.33,511.36,511.36,680.835,680.835
2015-12-29,586.0,135.32,,447.305,447.305,514.595,514.595,685.535,685.535
2015-12-30,555.0,135.94,,450.425,450.425,517.76,517.76,690.375,690.375
2015-12-31,527.0,136.55,,453.675,453.675,520.85,520.85,695.345,695.345
2016-01-01,614.0,137.16,,457.05,457.05,523.845,523.845,700.42,700.42
2016-01-02,546.0,137.76,,460.535,460.535,526.73,526.73,705.58,705.58
2016-01-03,493.0,138.35,,464.12,464.12,529.495,529.495,710.815,710.815
2016-01-04,464.0,138.92,,467.795,467.795,532.12,532.12,716.1,716.1
2016-01-05,382.0,69.0,,471.55,471.55,534.59,534.59,721.415,721.415
2016-01-06,190.0,33.0,,475.375,475.375,536.895,536.895,726.74,726.74
2016-01-07,0.0,47.0,,479.255,479.255,539.02,539.02,732.065,732.065
2016-01-08,136.0,58.0,,483.185,483.185,540.95,540.95,737.36,737.36
2016-01-09,0.0,21.0,,487.15,487.15,542.67,542.67,742.61,742.61
2016-01-10,0.0,45.0,,491.14,491.14,544.165,544.165,747.8,747.8
2016-01-11,0.0,46.0,,495.15,495.15,545.42,545.42,752.91,752.91
2016-01-12,522.0,117.0,,499.16,499.16,546.42,546.42,757.915,757.915
2016-01-13,574.0,142.43,,503.165,503.165,547.155,547.155,762.805,762.805
2016-01-14,514.0,142.54,,507.15,507.15,547.605,547.605,767.555,767.555
2016-01-15,499.0,142.58,,511.115,511.115,547.76,547.76,772.145,772.145
2016-01-16,415.0,142.58,,515.425,515.425,547.735,547.735,776.825,776.825
2016-01-17,461.0,142.57,,520.43,520.43,547.675,547.675,781.83,781.83
2016-01-18,412.0,142.56,,526.08,526.08,547.57,547.57,787.125,787.125
2016-01-19,468.0,142.54,,532.31,532.31,547.425,547.425,792.675,792.675
2016-01-20,399.0,142.52,,539.07,539.07,547.245,547.245,798.46,798.46
2016-01-21,353.0,142.5,,546.295,546.295,547.02,547.02,804.435,804.435
2016-01-22,419.0,142.47,,553.935,553.935,546.76,546.76,810.57,810.57
2016-01-23,444.0,142.44,,561.93,561.93,546.465,546.465,816.84,816.84
2016-01-24,449.0,142.4,,570.225,570.225,546.13,546.13,823.205,823.205
2016-01-25,403.0,142.36,,578.765,578.765,545.76,545.76,829.635,829.635
2016-01-26,448.0,142.32,,587.485,587.485,545.355,545.355,836.1,836.1
2016-01-27,436.0,142.27,,596.34,596.34,544.915,544.915,842.56,842.56
2016-01-28,421.0,142.22,,605.26,605.26,544.44,544.44,848.99,848.99
2016-01-29,464.0,142.16,,614.2,614.2,543.935,543.935,855.36,855.36
2016-01-30,479.0,142.1,,623.095,623.095,543.395,543.395,861.63,861.63
2016-01-31,509.0,142.04,,631.89,631.89,542.82,542.82,867.77,867.77
2016-02-01,589.0,141.98,,640.535,640.535,542.22,542.22,873.75,873.75
2016-02-02,507.0,141.91,,648.965,648.965,541.585,541.585,879.535,879.535
2016-02-03,476.0,141.84,,657.125,657.125,540.925,540.925,885.09,885.09
2016-02-04,419.0,141.76,,664.955,664.955,540.23,540.23,890.39,890.39
2016-02-05,365.0,83.0,,672.405,672.405,539.51,539.51,895.4,895.4
2016-02-06,157.0,61.0,,679.42,679.42,538.765,538.765,900.085,900.085
2016-02-07,0.0,86.0,,685.93,685.93,537.99,537.99,904.415,904.415
2016-02-08,139.0,44.0,,691.895,691.895,537.19,537.19,908.36,908.36
2016-02-09,0.0,22.0,,697.245,697.245,536.365,536.365,911.88,911.88
2016-02-10,0.0,34.0,,701.925,701.925,535.515,535.515,914.945,914.945
2016-02-11,0.0,22.0,,705.885,705.885,534.64,534.64,917.53,917.53
2016-02-12,483.0,135.0,,709.065,709.065,533.74,533.74,919.595,919.595
2016-02-13,581.0,140.99,,711.405,711.405,532.82,532.82,921.11,921.11
2016-02-14,519.0,140.89,,712.85,712.85,531.88,531.88,922.045,922.045
2016-02-15,521.0,140.79,,713.345,713.345,530.915,530.915,922.36,922.36
2016-02-16,501.0,140.68,,712.37,712.37,529.74,529.74,922.29,922.29
2016-02-17,520.0,140.55,,709.53,709.53,528.175,528.175,922.075,922.075
2016-02-18,511.0,140.39,,704.94,704.94,526.24,526.24,921.72,921.72
2016-02-19,478.0,140.21,,698.71,698.71,523.955,523.955,921.225,921.225
2016-02-20,493.0,140.01,,690.965,690.965,521.335,521.335,920.595,920.595
2016-02-21,512.0,139.79,,681.815,681.815,518.395,518.395,919.83,919.83
2016-02-22,534.0,139.55,,671.38,671.38,515.16,515.16,918.935,918.935
2016-02-23,462.0,139.29,,659.775,659.775,511.645,511.645,917.91,917.91
2016-02-24,483.0,139.01,,647.115,647.115,507.865,507.865,916.76,916.76
2016-02-25,484.0,138.71,,633.52,633.52,503.845,503.845,915.48,915.48
2016-02-26,509.0,138.4,,619.11,619.11,499.595,499.595,914.08,914.08
2016-02-27,498.0,138.07,,603.99,603.99,495.135,495.135,912.555,912.555
2016-02-28,500.0,137.73,,588.285,588.285,490.49,490.49,910.915,910.915
2016-02-29,455.0,137.37,,572.11,572.11,485.67,485.67,909.16,909.16
2016-03-01,545.0,137.0,,555.585,555.585,480.695,480.695,907.29,907.29
2016-03-02,470.0,136.62,,538.815,538.815,475.585,475.585,905.31,905.31
2016-03-03,458.0,136.22,,521.93,521.93,470.36,470.36,903.215,903.215
2016-03-04,365.0,135.82,,505.035,505.035,465.03,465.03,901.015,901.015
2016-03-05,368.0,47.0,,488.255,488.255,459.625,459.625,898.71,898.71
2016-03-06,104.0,57.0,,471.705,471.705,454.15,454.15,896.305,896.305
2016-03-07,0.0,110.0,,455.495,455.495,448.63,448.63,893.795,893.795
2016-03-08,156.0,44.0,,439.75,439.75,443.085,443.085,891.185,891.185
2016-03-09,0.0,33.0,,424.58,424.58,437.53,437.53,888.48,888.48
2016-03-10,0.0,22.0,,410.105,410.105,431.98,431.98,885.685,885.685
2016-03-11,0.0,34.0,,396.445,396.445,426.46,426.46,882.795,882.795
2016-03-12,500.0,68.0,,383.705,383.705,420.985,420.985,879.815,879.815
2016-03-13,443.0,131.77,,372.015,372.015,415.57,415.57,876.745,876.745
2016-03-14,434.0,131.29,,361.48,361.48,410.235,410.235,873.59,873.59
2016-03-15,428.0,130.81,,352.225,352.225,405.0,405.0,870.355,870.355
2016-03-16,353.0,,,343.61,343.61,399.675,399.675,865.31,865.31
2016-03-17,394.0,,,334.94,334.94,394.075,394.075,856.895,856.895
2016-03-18,429.0,,,326.225,326.225,388.215,388.215,845.34,845.34
2016-03-19,403.0,,,317.5,317.5,382.125,382.125,830.885,830.885
2016-03-20,367.0,,,308.775,308.775,375.82,375.82,813.77,813.77
2016-03-21,386.0,,,300.075,300.075,369.32,369.32,794.225,794.225
2016-03-22,456.0,,,291.42,291.42,362.65,362.65,772.49,772.49
2016-03-23,449.0,,,282.83,282.83,355.825,355.825,748.805,748.805
2016-03-24,361.0,,,274.325,274.325,348.875,348.875,723.4,723.4
2016-03-25,346.0,,,265.925,265.925,341.81,341.81,696.52,696.52
2016-03-26,371.0,,,257.655,257.655,334.66,334.66,668.395,668.395
2016-03-27,385.0,,,249.53,249.53,327.44,327.44,639.26,639.26
2016-03-28,353.0,,,241.57,241.57,320.17,320.17,609.36,609.36
2016-03-29,378.0,,,233.8,233.8,312.875,312.875,578.93,578.93
2016-03-30,378.0,,,226.24,226.24,305.575,305.575,548.2,548.2
2016-03-31,431.0,,,218.91,218.91,298.29,298.29,517.415,517.415
2016-04-01,452.0,,,211.83,211.83,291.04,291.04,486.805,486.805
2016-04-02,522.0,,,205.02,205.02,283.845,283.845,456.61,456.61
2016-04-03,422.0,,,198.5,198.5,276.73,276.73,427.065,427.065
2016-04-04,385.0,,,192.295,192.295,269.715,269.715,398.41,398.41
2016-04-05,392.0,59.0,,186.42,186.42,262.815,262.815,370.88,370.88
2016-04-06,105.0,57.0,,180.895,180.895,256.06,256.06,344.715,344.715
2016-04-07,0.0,73.0,,175.745,175.745,249.46,249.46,320.145,320.145
2016-04-08,154.0,23.0,,170.99,170.99,243.045,243.045,297.41,297.41
2016-04-09,0.0,22.0,,166.65,166.65,236.83,236.83,276.75,276.75
2016-04-10,0.0,57.0,,162.745,162.745,230.84,230.84,258.395,258.395
2016-04-11,0.0,47.0,,159.29,159.29,225.095,225.095,242.59,242.59
2016-04-12,445.0,100.0,,156.315,156.315,219.615,219.615,229.565,229.565
2016-04-13,385.0,44.0,,153.835,153.835,214.42,214.42,219.555,219.555
2016-04-14,384.0,47.0,,151.875,151.875,209.53,209.53,212.805,212.805
2016-04-15,399.0,47.0,,150.45,150.45,204.965,204.965,209.55,209.55
2016-04-16,397.0,71.0,,149.315,149.315,200.57,200.57,208.155,208.155
2016-04-17,413.0,58.0,,148.22,148.22,196.17,196.17,206.83,206.83
2016-04-18,390.0,47.0,,147.15,147.15,191.78,191.78,205.57,205.57
2016-04-19,379.0,47.0,,146.12,146.12,187.4,187.4,204.375,204.375
2016-04-20,378.0,56.0,,145.12,145.12,183.04,183.04,203.245,203.245
2016-04-21,403.0,60.0,,144.155,144.155,178.71,178.71,202.175,202.175
2016-04-22,383.0,83.0,,143.225,143.225,174.415,174.415,201.155,201.155
2016-04-23,378.0,85.0,,142.33,142.33,170.17,170.17,200.195,200.195
2016-04-24,371.0,108.0,,141.465,141.465,165.98,165.98,199.285,199.285
2016-04-25,364.0,70.0,,140.635,140.635,161.85,161.85,198.425,198.425
2016-04-26,381.0,71.0,,139.845,139.845,157.79,157.79,197.605,197.605
2016-04-27,404.0,70.0,,139.085,139.085,153.81,153.81,196.835,196.835
2016-04-28,393.0,46.0,,138.36,138.36,149.915,149.915,196.1,196.1
2016-04-29,383.0,59.0,,137.665,137.665,146.115,146.115,195.405,195.405
2016-04-30,383.0,44.0,,137.01,137.01,142.415,142.415,194.745,194.745
2016-05-01,470.0,,,136.39,136.39,138.83,138.83,194.12,194.12
2016-05-02,523.0,,,135.805,135.805,135.365,135.365,193.52,193.52
2016-05-03,465.0,,,135.255,135.255,132.025,132.025,192.95,192.95
2016-05-04,389.0,,,134.74,134.74,128.82,128.82,192.4,192.4
2016-05-05,386.0,46.0,,134.26,134.26,125.76,125.76,191.875,191.875
2016-05-06,66.0,57.0,,133.82,133.82,122.85,122.85,191.37,191.37
2016-05-07,119.0,96.0,,133.41,133.41,120.105,120.105,190.88,190.88
2016-05-08,162.0,34.0,,133.04,133.04,117.525,117.525,190.4,190.4
2016-05-09,0.0,22.0,,132.705,132.705,115.12,115.12,189.935,189.935
2016-05-10,0.0,57.0,,132.405,132.405,112.9,112.9,189.475,189.475
2016-05-11,0.0,35.0,,132.14,132.14,110.875,110.875,189.025,189.025
2016-05-12,457.0,223.0,,131.915,131.915,109.045,109.045,188.575,188.575
2016-05-13,318.0,45.0,,131.725,131.725,107.43,107.43,188.12,188.12
2016-05-14,272.0,35.0,,131.57,131.57,106.03,106.03,187.67,187.67
2016-05-15,287.0,45.0,,131.45,131.45,104.855,104.855,187.21,187.21
2016-05-16,277.0,46.0,,131.355,131.355,103.805,103.805,186.76,186.76
2016-05-17,242.0,34.0,,131.27,131.27,102.77,102.77,186.33,186.33
2016-05-18,258.0,46.0,,131.195,131.195,101.75,101.75,185.925,185.925
2016-05-19,243.0,44.0,,131.125,131.125,100.75,100.75,185.535,185.535
2016-05-20,276.0,70.0,,131.06,131.06,99.775,99.775,185.165,185.165
2016-05-21,416.0,103.0,,131.0,131.0,98.815,98.815,184.81,184.81
2016-05-22,404.0,105.0,,130.95,130.95,97.885,97.885,184.475,184.475
2016-05-23,375.0,110.0,,130.9,130.9,96.975,96.975,184.15,184.15
2016-05-24,409.0,83.0,,130.86,130.86,96.09,96.09,183.835,183.835
2016-05-25,412.0,47.0,,130.82,130.82,95.23,95.23,183.53,183.53
2016-05-26,417.0,49.0,,130.78,130.78,94.4,94.4,183.24,183.24
2016-05-27,469.0,47.0,,130.75,130.75,93.595,93.595,182.95,182.95
2016-05-28,398.0,46.0,,130.715,130.715,92.82,92.82,182.67,182.67
2016-05-29,270.0,44.0,,130.685,130.685,92.08,92.08,182.39,182.39
2016-05-30,157.0,47.0,,130.655,130.655,91.37,91.37,182.12,182.12
2016-05-31,207.0,57.0,,130.625,130.625,90.695,90.695,181.845,181.845
2016-06-01,570.0,,,130.595,130.595,90.055,90.055,181.57,181.57
2016-06-02,521.0,,,130.565,130.565,89.45,89.45,181.295,181.295
2016-06-03,521.0,,,130.535,130.535,88.885,88.885,181.015,181.015
2016-06-04,399.0,101.0,,130.5,130.5,88.355,88.355,180.73,180.73
2016-06-05,359.0,57.0,,130.46,130.46,87.865,87.865,180.44,180.44
2016-06-06,59.0,59.0,,130.42,130.42,87.415,87.415,180.14,180.14
2016-06-07,167.0,68.0,,130.375,130.375,87.01,87.01,179.835,179.835
2016-06-08,163.0,34.0,,130.325,130.325,86.645,86.645,179.515,179.515
2016-06-09,0.0,23.0,,130.27,130.27,86.325,86.325,179.18,179.18
2016-06-10,0.0,57.0,,130.21,130.21,86.055,86.055,178.835,178.835
2016-06-11,0.0,47.0,,130.145,130.145,85.83,85.83,178.47,178.47
2016-06-12,552.0,207.0,,130.07,130.07,85.65,85.65,178.09,178.09
2016-06-13,92.0,48.0,,129.99,129.99,85.52,85.52,177.695,177.695
2016-06-14,91.0,72.0,,129.9,129.9,85.445,85.445,177.275,177.275
2016-06-15,135.0,73.0,,129.8,129.8,85.415,85.415,176.835,176.835
2016-06-16,118.0,97.0,,129.58,129.58,85.425,85.425,176.345,176.345
2016-06-17,85.0,140.0,,129.135,129.135,85.45,85.45,175.78,175.78
2016-06-18,71.0,136.0,,128.48,128.48,85.495,85.495,175.15,175.15
2016-06-19,83.0,137.0,,127.635,127.635,85.55,85.55,174.465,174.465
2016-06-20,83.0,95.0,,126.61,126.61,85.62,85.62,173.72,173.72
2016-06-21,75.0,59.0,,125.43,125.43,85.7,85.7,172.935,172.935
2016-06-22,61.0,58.0,,124.105,124.105,85.795,85.795,172.105,172.105
2016-06-23,77.0,74.0,,122.655,122.655,85.895,85.895,171.24,171.24
2016-06-24,9.0,82.0,,121.09,121.09,86.005,86.005,170.345,170.345
2016-06-25,0.0,186.0,,119.435,119.435,86.125,86.125,169.43,169.43
2016-06-26,0.0,153.0,,117.7,117.7,86.25,86.25,168.5,168.5
2016-06-27,0.0,58.0,,115.905,115.905,86.375,86.375,167.555,167.555
2016-06-28,0.0,84.0,,114.06,114.06,86.51,86.51,166.61,166.61
2016-06-29,0.0,58.0,,112.19,112.19,86.645,86.645,165.67,165.67
2016-06-30,0.0,57.0,,110.305,110.305,86.78,86.78,164.735,164.735
2016-07-01,521.0,,,108.425,108.425,86.915,86.915,163.82,163.82
2016-07-02,565.0,,,106.565,106.565,87.05,87.05,162.92,162.92
2016-07-03,521.0,,,104.74,104.74,87.185,87.185,162.05,162.05
2016-07-04,374.0,46.0,,102.965,102.965,87.315,87.315,161.215,161.215
2016-07-05,351.0,35.0,,101.26,101.26,87.44,87.44,160.42,160.42
2016-07-06,88.0,47.0,,99.64,99.64,87.555,87.555,159.67,159.67
2016-07-07,177.0,73.0,,98.125,98.125,87.665,87.665,158.975,158.975
2016-07-08,149.0,34.0,,96.725,96.725,87.77,87.77,158.335,158.335
2016-07-09,0.0,17.0,,95.455,95.455,87.86,87.86,157.76,157.76
2016-07-10,0.0,23.0,,94.34,94.34,87.945,87.945,157.26,157.26
2016-07-11,0.0,33.0,,93.39,93.39,88.015,88.015,156.835,156.835
2016-07-12,674.0,56.0,,92.625,92.625,88.07,88.07,156.495,156.495
2016-07-13,41.0,59.0,,92.055,92.055,88.11,88.11,156.24,156.24
2016-07-14,81.0,58.0,,91.7,91.7,88.135,88.135,156.085,156.085
2016-07-15,13.0,83.0,,91.58,91.58,88.145,88.145,156.03,156.03
2016-07-16,0.0,46.0,,91.58,91.58,88.14,88.14,156.03,156.03
2016-07-17,0.0,46.0,,91.58,91.58,88.12,88.12,156.03,156.03
2016-07-18,0.0,36.0,,91.58,91.58,88.09,88.09,156.03,156.03
2016-07-19,26.0,112.0,,91.58,91.58,88.045,88.045,156.03,156.03
2016-07-20,63.0,213.0,,91.58,91.58,87.99,87.99,156.03,156.03
2016-07-21,111.0,143.0,,91.58,91.58,87.93,87.93,156.03,156.03
2016-07-22,95.0,34.0,,91.58,91.58,87.86,87.86,156.03,156.03
2016-07-23,65.0,35.0,,91.58,91.58,87.78,87.78,156.03,156.03
2016-07-24,89.0,34.0,,91.58,91.58,87.7,87.7,156.03,156.03
2016-07-25,90.0,23.0,,91.58,91.58,87.61,87.61,156.03,156.03
2016-07-26,125.0,23.0,,91.58,91.58,87.515,87.515,156.03,156.03
2016-07-27,122.0,34.0,,91.58,91.58,87.415,87.415,156.03,156.03
2016-07-28,152.0,23.0,,91.58,91.58,87.31,87.31,156.03,156.03
2016-07-29,135.0,34.0,,91.58,91.58,87.205,87.205,156.03,156.03
2016-07-30,141.0,35.0,,91.58,91.58,87.1,87.1,156.03,156.03
2016-07-31,141.0,22.0,,91.58,91.58,86.995,86.995,156.03,156.03
2016-08-01,521.0,,,91.755,91.755,86.89,86.89,155.97,155.97
2016-08-02,603.0,,,92.265,92.265,86.785,86.785,155.795,155.795
2016-08-03,494.0,,,93.075,93.075,86.685,86.685,155.52,155.52
2016-08-04,399.0,34.0,,94.15,94.15,86.585,86.585,155.17,155.17
2016-08-05,344.0,44.0,,95.46,95.46,86.49,86.49,154.76,154.76
2016-08-06,98.0,46.0,,96.98,96.98,86.4,86.4,154.305,154.305
2016-08-07,236.0,59.0,,98.67,98.67,86.315,86.315,153.825,153.825
2016-08-08,0.0,35.0,,100.5,100.5,86.235,86.235,153.335,153.335
2016-08-09,0.0,17.0,,102.44,102.44,86.165,86.165,152.855,152.855
2016-08-10,0.0,47.0,,104.46,104.46,86.105,86.105,152.4,152.4
2016-08-11,0.0,71.0,,106.525,106.525,86.05,86.05,151.99,151.99
2016-08-12,516.0,56.0,,108.605,108.605,86.01,86.01,151.64,151.64
2016-08-13,0.0,34.0,,110.665,110.665,85.98,85.98,151.365,151.365
2016-08-14,0.0,24.0,,112.68,112.68,85.96,85.96,151.19,151.19
2016-08-15,0.0,22.0,,114.615,114.615,85.95,85.95,151.13,151.13
2016-08-16,0.0,34.0,,116.54,116.54,86.0,86.0,151.305,151.305
2016-08-17,0.0,23.0,,118.55,118.55,86.14,86.14,151.815,151.815
2016-08-18,0.0,34.0,,120.65,120.65,86.375,86.375,152.635,152.635
2016-08-19,0.0,34.0,,122.82,122.82,86.695,86.695,153.745,153.745
2016-08-20,0.0,34.0,,125.07,125.07,87.1,87.1,155.115,155.115
2016-08-21,0.0,22.0,,127.39,127.39,87.59,87.59,156.735,156.735
2016-08-22,0.0,33.0,,129.775,129.775,88.16,88.16,158.57,158.57
2016-08-23,0.0,23.0,,132.22,132.22,88.81,88.81,160.6,160.6
2016-08-24,0.0,23.0,,134.725,134.725,89.535,89.535,162.805,162.805
2016-08-25,0.0,22.0,,137.285,137.285,90.33,90.33,165.16,165.16
2016-08-26,0.0,23.0,,139.89,139.89,91.195,91.195,167.64,167.64
2016-08-27,0.0,32.0,,142.545,142.545,92.13,92.13,170.225,170.225
2016-08-28,0.0,33.0,,145.24,145.24,93.13,93.13,172.89,172.89
2016-08-29,0.0,35.0,11.82,147.97,147.97,94.19,94.19,175.615,175.615
2016-08-30,0.0,34.0,12.96,150.735,150.735,95.31,95.31,178.37,178.37
2016-08-31,0.0,23.0,14.12,153.53,153.53,96.485,96.485,181.14,181.14
2016-09-01,526.0,,15.29,156.35,156.35,97.72,97.72,183.9,183.9
2016-09-02,562.0,,16.45,159.195,159.195,99.0,99.0,186.62,186.62
2016-09-03,484.0,,17.6,162.05,162.05,100.335,100.335,189.29,189.29
2016-09-04,364.0,44.0,18.73,164.92,164.92,101.71,101.71,191.875,191.875
2016-09-05,352.0,34.0,19.83,167.8,167.8,103.135,103.135,194.355,194.355
2016-09-06,83.0,85.0,20.89,170.685,170.685,104.6,104.6,196.71,196.71
2016-09-07,172.0,56.0,21.91,173.57,173.57,106.1,106.1,198.91,198.91
2016-09-08,0.0,24.0,22.88,176.45,176.45,107.635,107.635,200.945,200.945
2016-09-09,0.0,23.0,23.79,179.32,179.32,109.21,109.21,202.78,202.78
2016-09-10,0.0,34.0,24.62,182.185,182.185,110.81,110.81,204.395,204.395
2016-09-11,0.0,72.0,25.38,185.03,185.03,112.44,112.44,205.77,205.77
2016-09-12,437.0,41.0,26.05,187.855,187.855,114.095,114.095,206.88,206.88
2016-09-13,0.0,22.0,26.63,190.655,190.655,115.77,115.77,207.7,207.7
2016-09-14,0.0,35.0,27.1,193.425,193.425,117.47,117.47,208.21,208.21
2016-09-15,0.0,34.0,27.47,196.165,196.165,119.185,119.185,208.385,208.385
2016-09-16,0.0,22.0,27.76,198.865,198.865,121.075,121.075,208.105,208.105
2016-09-17,0.0,23.0,28.04,201.51,201.51,123.295,123.295,207.305,207.305
2016-09-18,0.0,22.0,28.29,204.12,204.12,125.825,125.825,206.01,206.01
2016-09-19,0.0,23.0,28.53,206.69,206.69,128.65,128.65,204.265,204.265
2016-09-20,0.0,34.0,28.76,209.23,209.23,131.75,131.75,202.105,202.105
2016-09-21,0.0,35.0,28.97,211.745,211.745,135.11,135.11,199.57,199.57
2016-09-22,0.0,46.0,29.17,214.245,214.245,138.71,138.71,196.695,196.695
2016-09-23,0.0,23.0,29.36,216.735,216.735,142.53,142.53,193.52,193.52
2016-09-24,0.0,34.0,29.54,219.215,219.215,146.565,146.565,190.08,190.08
2016-09-25,0.0,21.0,29.71,221.7,221.7,150.785,150.785,186.415,186.415
2016-09-26,0.0,22.0,29.88,224.185,224.185,155.18,155.18,182.56,182.56
2016-09-27,0.0,22.0,30.03,226.69,226.69,159.73,159.73,178.555,178.555
2016-09-28,0.0,22.0,30.18,229.21,229.21,164.415,164.415,174.44,174.44
2016-09-29,0.0,23.0,30.33,231.75,231.75,169.225,169.225,170.245,170.245
2016-09-30,0.0,34.0,30.47,234.33,234.33,174.135,174.135,166.015,166.015
2016-10-01,550.0,,30.61,236.94,236.94,179.135,179.135,161.785,161.785
2016-10-02,527.0,,30.75,239.595,239.595,184.205,184.205,157.59,157.59
2016-10-03,414.0,,30.89,242.3,242.3,189.325,189.325,153.475,153.475
2016-10-04,379.0,44.0,31.04,245.06,245.06,194.48,194.48,149.47,149.47
2016-10-05,359.0,39.0,31.18,247.88,247.88,199.655,199.655,145.615,145.615
2016-10-06,70.0,109.0,31.33,250.765,250.765,204.825,204.825,141.95,141.95
2016-10-07,132.0,73.0,31.49,253.725,253.725,209.985,209.985,138.51,138.51
2016-10-08,0.0,33.0,31.65,256.765,256.765,215.105,215.105,135.335,135.335
2016-10-09,0.0,24.0,31.82,259.89,259.89,220.175,220.175,132.46,132.46
2016-10-10,0.0,22.0,32.0,263.11,263.11,225.18,225.18,129.92,129.92
2016-10-11,0.0,96.0,32.19,266.42,266.42,230.095,230.095,127.765,127.765
2016-10-12,451.0,28.0,32.39,269.84,269.84,234.91,234.91,126.02,126.02
2016-10-13,0.0,22.0,32.6,273.365,273.365,239.605,239.605,124.725,124.725
2016-10-14,0.0,22.0,32.82,277.01,277.01,244.16,244.16,123.92,123.92
2016-10-15,0.0,22.0,33.06,280.775,280.775,248.565,248.565,123.645,123.645
2016-10-16,0.0,34.0,33.32,284.925,284.925,252.91,252.91,125.15,125.15
2016-10-17,0.0,23.0,33.61,289.69,289.69,257.305,257.305,129.54,129.54
2016-10-18,0.0,33.0,33.91,295.02,295.02,261.75,261.75,136.61,136.61
2016-10-19,0.0,23.0,34.23,300.865,300.865,266.23,266.23,146.17,146.17
2016-10-20,0.0,23.0,34.56,307.17,307.17,270.745,270.745,158.025,158.025
2016-10-21,0.0,35.0,34.92,313.885,313.885,275.29,275.29,171.975,171.975
2016-10-22,0.0,35.0,35.29,320.96,320.96,279.86,279.86,187.82,187.82
2016-10-23,0.0,43.0,35.67,328.345,328.345,284.445,284.445,205.365,205.365
2016-10-24,0.0,44.0,36.06,335.99,335.99,289.045,289.045,224.42,224.42
2016-10-25,0.0,23.0,36.46,343.84,343.84,293.65,293.65,244.785,244.785
2016-10-26,0.0,23.0,36.87,351.845,351.845,298.26,298.26,266.26,266.26
2016-10-27,0.0,70.0,37.29,359.96,359.96,302.865,302.865,288.65,288.65
2016-10-28,0.0,34.0,37.71,368.13,368.13,307.46,307.46,311.76,311.76
2016-10-29,0.0,22.0,38.14,376.3,376.3,312.045,312.045,335.39,335.39
2016-10-30,0.0,34.0,38.57,384.425,384.425,316.61,316.61,359.35,359.35
2016-10-31,0.0,23.0,39.0,392.45,392.45,321.15,321.15,383.435,383.435
2016-11-01,491.0,,39.43,400.325,400.325,325.66,325.66,407.455,407.455
2016-11-02,578.0,,39.86,408.005,408.005,330.135,330.135,431.21,431.21
2016-11-03,423.0,,40.29,415.43,415.43,334.57,334.57,454.505,454.505
2016-11-04,383.0,46.0,40.71,422.555,422.555,338.955,338.955,477.145,477.145
2016-11-05,362.0,38.0,41.13,429.33,429.33,343.295,343.295,498.93,498.93
2016-11-06,58.0,57.0,41.54,435.695,435.695,347.575,347.575,519.67,519.67
2016-11-07,68.0,85.0,41.94,441.61,441.61,351.79,351.79,539.155,539.155
2016-11-08,0.0,35.0,42.33,447.02,447.02,355.945,355.945,557.2,557.2
2016-11-09,0.0,34.0,42.71,451.875,451.875,360.02,360.02,573.61,573.61
2016-11-10,0.0,34.0,43.08,456.12,456.12,364.02,364.02,588.18,588.18
2016-11-11,0.0,61.0,43.43,459.71,459.71,367.94,367.94,600.715,600.715
2016-11-12,498.0,28.0,43.77,462.59,462.59,371.765,371.765,611.02,611.02
2016-11-13,0.0,47.0,44.09,464.71,464.71,375.5,375.5,618.905,618.905
2016-11-14,0.0,47.0,44.39,466.02,466.02,379.135,379.135,624.16,624.16
2016-11-15,0.0,46.0,44.67,466.465,466.465,382.665,382.665,626.6,626.6
2016-11-16,0.0,46.0,44.93,466.465,466.465,386.115,386.115,627.55,627.55
2016-11-17,134.0,71.0,45.19,466.455,466.455,389.5,389.5,628.47,628.47
2016-11-18,351.0,58.0,45.45,466.425,466.425,392.83,392.83,629.36,629.36
2016-11-19,366.0,44.0,45.69,466.365,466.365,396.105,396.105,630.225,630.225
2016-11-20,390.0,34.0,45.93,466.27,466.27,399.33,399.33,631.055,631.055
2016-11-21,410.0,58.0,46.17,466.125,466.125,402.51,402.51,631.86,631.86
2016-11-22,445.0,38.0,46.4,465.92,465.92,405.635,405.635,632.63,632.63
2016-11-23,454.0,43.0,46.63,465.65,465.65,408.72,408.72,633.375,633.375
2016-11-24,442.0,56.0,46.85,465.305,465.305,411.76,411.76,634.085,634.085
2016-11-25,434.0,56.0,47.07,464.875,464.875,414.765,414.765,634.77,634.77
2016-11-26,428.0,43.0,47.28,464.35,464.35,417.725,417.725,635.42,635.42
2016-11-27,373.0,41.0,47.49,463.72,463.72,420.655,420.655,636.035,636.035
2016-11-28,395.0,28.0,47.7,462.97,462.97,423.55,423.55,636.625,636.625
2016-11-29,452.0,56.0,47.9,462.1,462.1,426.415,426.415,637.18,637.18
2016-11-30,454.0,43.0,48.1,461.1,461.1,429.25,429.25,637.705,637.705
2016-12-01,592.0,,48.3,459.95,459.95,432.06,432.06,638.195,638.195
2016-12-02,559.0,,48.5,458.65,458.65,434.85,434.85,638.655,638.655
2016-12-03,406.0,,48.69,457.19,457.19,437.615,437.615,639.085,639.085
2016-12-04,387.0,34.0,48.89,455.555,455.555,440.36,440.36,639.48,639.48
2016-12-05,369.0,33.0,49.08,453.74,453.74,443.09,443.09,639.84,639.84
2016-12-06,73.0,70.0,49.27,451.735,451.735,445.805,445.805,640.165,640.165
2016-12-07,56.0,45.0,49.46,449.53,449.53,448.51,448.51,640.46,640.46
2016-12-08,0.0,22.0,49.65,447.11,447.11,451.2,451.2,640.72,640.72
2016-12-09,0.0,22.0,49.84,444.475,444.475,453.89,453.89,640.95,640.95
2016-12-10,0.0,20.0,50.03,441.61,441.61,456.57,456.57,641.14,641.14
2016-12-11,0.0,70.0,50.22,438.505,438.505,459.25,459.25,641.3,641.3
2016-12-12,486.0,42.0,50.42,435.155,435.155,461.925,461.925,641.42,641.42
2016-12-13,429.0,27.0,50.61,431.545,431.545,464.605,464.605,641.51,641.51
2016-12-14,401.0,39.0,50.8,427.67,427.67,467.29,467.29,641.565,641.565
2016-12-15,401.0,33.0,51.0,423.515,423.515,469.985,469.985,641.58,641.58
2016-12-16,407.0,26.0,51.2,0.0,0.0,472.745,472.745,0.0,0.0
2016-12-17,441.0,41.0,51.41,0.0,0.0,475.63,475.63,0.0,0.0
2016-12-18,488.0,69.0,51.63,0.0,0.0,478.625,478.625,0.0,0.0
2016-12-19,479.0,67.0,51.86,0.0,0.0,481.715,481.715,0.0,0.0
2016-12-20,451.0,47.0,52.09,0.0,0.0,484.885,484.885,0.0,0.0
2016-12-21,428.0,0.0,52.33,0.0,0.0,488.115,488.115,0.0,0.0
2016-12-22,398.0,146.0,52.57,0.0,0.0,491.4,491.4,0.0,0.0
2016-12-23,412.0,159.0,52.82,0.0,0.0,494.72,494.72,0.0,0.0
2016-12-24,462.0,53.0,53.07,0.0,0.0,498.065,498.065,0.0,0.0
2016-12-25,532.0,93.0,53.31,0.0,0.0,501.415,501.415,0.0,0.0
2016-12-26,480.0,78.0,53.56,0.0,0.0,504.755,504.755,0.0,0.0
2016-12-27,508.0,92.0,53.8,0.0,0.0,508.075,508.075,0.0,0.0
2016-12-28,493.0,81.0,54.05,0.0,0.0,511.36,511.36,0.0,0.0
2016-12-29,508.0,125.0,54.29,0.0,0.0,514.595,514.595,0.0,0.0
2016-12-30,456.0,93.0,54.52,0.0,0.0,517.76,517.76,0.0,0.0
2016-12-31,553.0,81.0,54.75,0.0,0.0,520.85,520.85,0.0,0.0
2017-01-01,448.0,65.0,54.97,0.0,0.0,523.845,523.845,0.0,0.0
2017-01-02,448.0,40.0,55.18,0.0,0.0,526.73,526.73,0.3,0.3
2017-01-03,405.0,0.0,55.39,0.0,0.0,529.495,529.495,0.0,0.0
2017-01-04,628.0,0.0,55.58,0.0,0.0,532.12,532.12,0.0,0.0
2017-01-05,297.0,0.0,55.77,0.0,0.0,534.59,534.59,0.0,0.0
2017-01-06,22.0,25.0,55.94,0.0,0.0,536.895,536.895,0.0,0.0
2017-01-07,14.0,78.0,56.09,0.0,0.0,539.02,539.02,0.0,0.0
2017-01-08,134.0,48.0,56.24,0.0,0.0,540.95,540.95,0.0,0.0
2017-01-09,327.0,92.0,56.36,0.0,0.0,542.67,542.67,0.0,0.0
2017-01-10,583.203,105.0,56.48,0.0,0.0,544.165,544.165,0.0,0.0
2017-01-11,0.0,145.0,56.57,0.0,0.0,545.42,545.42,0.05,0.05
2017-01-12,0.0,237.0,56.64,0.0,0.0,546.42,546.42,0.05,0.05
2017-01-13,358.0,24.0,56.7,0.9,0.9,547.155,547.155,0.75,0.75
2017-01-14,377.0,26.0,56.73,0.0,0.0,547.605,547.605,0.4,0.4
2017-01-15,336.0,24.0,56.74,0.0,0.0,547.76,547.76,0.0,0.0
2017-01-16,382.0,50.0,56.74,0.0,0.0,547.735,547.735,0.0,0.0
2017-01-17,409.0,51.0,56.72,0.1,0.1,547.67,547.67,0.0,0.0
2017-01-18,441.0,51.0,56.69,0.0,0.0,547.555,547.555,0.1,0.1
2017-01-19,379.0,13.0,56.66,0.0,0.0,547.4,547.4,0.05,0.05
2017-01-20,318.0,25.0,56.61,0.0,0.0,547.205,547.205,0.0,0.0
2017-01-21,369.0,26.0,56.56,0.05,0.05,546.965,546.965,0.0,0.0
2017-01-22,326.0,12.0,56.5,0.0,0.0,546.685,546.685,0.0,0.0
2017-01-23,249.0,0.0,56.43,0.0,0.0,546.365,546.365,0.0,0.0
2017-01-24,360.0,52.0,56.36,0.0,0.0,546.005,546.005,0.0,0.0
2017-01-25,343.0,26.0,56.27,0.0,0.0,545.61,545.61,0.0,0.0
2017-01-26,338.0,12.0,56.19,0.0,0.0,545.175,545.175,0.0,0.0
2017-01-27,417.0,12.0,56.09,0.0,0.0,544.705,544.705,0.15,0.15
2017-01-28,404.0,26.0,55.99,0.0,0.0,544.2,544.2,0.15,0.15
2017-01-29,427.0,38.0,55.89,0.0,0.0,543.655,543.655,0.0,0.0
2017-01-30,452.0,52.0,55.78,0.05,0.05,543.08,543.08,0.0,0.0
2017-01-31,586.0,63.0,55.67,0.0,0.0,542.47,542.47,0.1,0.1
2017-02-01,476.0,77.0,55.55,0.0,0.0,541.83,541.83,0.0,0.0
2017-02-02,361.0,54.0,55.44,0.0,0.0,541.155,541.155,0.05,0.05
2017-02-03,0.0,,55.32,0.0,0.0,540.45,540.45,0.0,0.0
2017-02-04,655.0,39.0,55.2,0.05,0.05,539.72,539.72,0.05,0.05
2017-02-05,238.0,,55.07,0.2,0.2,538.955,538.955,0.0,0.0
2017-02-06,23.0,38.0,54.95,0.0,0.0,538.165,538.165,0.0,0.0
2017-02-07,4.0,35.0,54.83,0.0,0.0,537.345,537.345,0.0,0.0
2017-02-08,155.0,50.0,54.71,0.0,0.0,536.5,536.5,0.0,0.0
2017-02-09,377.812,90.0,54.58,0.0,0.0,535.625,535.625,0.0,0.0
2017-02-10,576.391,104.0,54.46,0.0,0.0,534.73,534.73,0.0,0.0
2017-02-11,546.203,114.0,54.34,0.0,0.0,533.81,533.81,0.05,0.05
2017-02-12,571.53,151.0,54.23,0.0,0.0,532.865,532.865,0.0,0.0
2017-02-13,470.0,64.0,54.11,0.0,0.0,531.9,531.9,0.0,0.0
2017-02-14,352.0,38.0,54.0,0.0,0.0,530.91,530.91,0.0,0.0
2017-02-15,356.0,51.0,53.89,0.0,0.0,529.715,529.715,0.0,0.0
2017-02-16,411.0,39.0,53.78,0.0,0.0,528.13,528.13,0.0,0.0
2017-02-17,392.0,39.0,53.68,0.0,0.0,526.18,526.18,0.25,0.25
2017-02-18,383.0,51.0,53.57,0.0,0.0,523.88,523.88,0.25,0.25
2017-02-19,391.0,39.0,53.47,0.0,0.0,521.245,521.245,0.05,0.05
2017-02-20,357.0,39.0,53.36,0.0,0.0,518.3,518.3,0.05,0.05
2017-02-21,451.0,,53.26,0.0,0.0,515.06,515.06,0.0,0.0
2017-02-22,384.0,,53.15,0.0,0.0,511.54,511.54,0.05,0.05
2017-02-23,428.0,0.0,53.05,0.0,0.0,507.76,507.76,0.15,0.15
2017-02-24,416.0,,52.94,0.55,0.55,503.735,503.735,0.2,0.2
2017-02-25,444.0,,52.83,0.0,0.0,499.49,499.49,0.0,0.0
2017-02-26,359.0,,52.71,0.0,0.0,495.035,495.035,0.05,0.05
2017-02-27,358.0,80.0,52.6,0.0,0.0,490.39,490.39,0.0,0.0
2017-02-28,416.0,78.0,52.48,0.0,0.0,485.575,485.575,0.05,0.05
2017-03-01,481.0,65.0,52.36,0.0,0.0,480.61,480.61,0.0,0.0
2017-03-02,388.0,53.0,52.23,0.0,0.0,475.505,475.505,0.0,0.0
2017-03-03,,50.0,52.1,0.0,0.0,470.285,470.285,0.0,0.0
2017-03-04,661.0,65.0,51.96,0.0,0.0,464.965,464.965,0.0,0.0
2017-03-05,206.0,150.0,51.82,0.0,0.0,459.565,459.565,0.0,0.0
2017-03-06,25.0,0.0,51.68,0.0,0.0,454.1,454.1,0.0,0.0
2017-03-07,18.0,38.0,51.53,0.0,0.0,448.59,448.59,0.0,0.0
2017-03-08,143.0,63.0,51.37,0.0,0.0,443.05,443.05,0.0,0.0
2017-03-09,455.891,90.0,51.21,0.0,0.0,437.505,437.505,0.0,0.0
2017-03-10,562.406,83.0,51.04,0.0,0.0,431.965,431.965,0.0,0.0
2017-03-11,595.5,123.0,50.86,0.0,0.0,426.445,426.445,0.05,0.05
2017-03-12,663.0,25.0,50.67,0.05,0.05,420.975,420.975,0.05,0.05
2017-03-13,298.0,66.0,50.48,0.0,0.0,415.565,415.565,0.65,0.65
2017-03-14,312.0,65.0,50.28,0.25,0.25,410.235,410.235,0.7,0.7
2017-03-15,327.0,68.0,50.06,0.0,0.0,405.0,405.0,0.6,0.6
2017-03-16,491.0,0.0,49.82,0.0,0.0,399.675,399.675,0.65,0.65
2017-03-17,0.0,,49.54,0.0,0.0,394.075,394.075,0.45,0.45
2017-03-18,672.0,63.0,49.2,0.0,0.0,388.215,388.215,0.5,0.5
2017-03-19,659.0,0.0,48.83,0.0,0.0,382.125,382.125,0.15,0.15
2017-03-20,666.0,65.0,48.41,0.0,0.0,375.82,375.82,0.1,0.1
2017-03-21,677.0,64.0,47.96,0.0,0.0,369.32,369.32,0.1,0.1
2017-03-22,613.0,64.0,47.48,0.0,0.0,362.65,362.65,0.05,0.05
2017-03-23,570.0,0.0,46.97,0.0,0.0,355.83,355.83,0.0,0.0
2017-03-24,597.0,63.0,46.42,0.0,0.0,348.875,348.875,0.0,0.0
2017-03-25,634.0,57.0,45.86,0.0,0.0,341.81,341.81,0.0,0.0
2017-03-26,636.0,38.0,45.27,0.0,0.0,334.66,334.66,0.0,0.0
2017-03-27,609.0,38.0,44.66,0.0,0.0,327.44,327.44,0.0,0.0
2017-03-28,583.0,,44.03,0.0,0.0,320.17,320.17,0.0,0.0
2017-03-29,546.0,0.0,43.4,0.0,0.0,312.875,312.875,0.0,0.0
2017-03-30,584.0,,42.75,0.0,0.0,305.575,305.575,0.0,0.0
2017-03-31,640.0,108.0,42.09,0.0,0.0,298.29,298.29,0.0,0.0
2017-04-01,506.0,79.0,41.43,0.0,0.0,291.04,291.04,0.0,0.0
2017-04-02,378.0,38.0,40.76,0.0,0.0,283.845,283.845,0.0,0.0
2017-04-03,404.0,0.0,40.1,0.0,0.0,276.73,276.73,0.0,0.0
2017-04-04,590.0,65.0,39.44,0.4,0.4,269.715,269.715,0.05,0.05
2017-04-05,192.0,0.0,38.78,0.0,0.0,262.815,262.815,0.0,0.0
2017-04-06,15.0,,38.14,0.0,0.0,256.06,256.06,0.0,0.0
2017-04-07,5.0,49.0,37.5,0.0,0.0,249.46,249.46,0.0,0.0
2017-04-08,152.0,91.0,36.88,0.0,0.0,243.045,243.045,0.0,0.0
2017-04-09,357.5,94.0,36.28,0.0,0.0,236.83,236.83,0.0,0.0
2017-04-10,575.703,198.0,35.7,0.0,0.0,230.84,230.84,0.0,0.0
2017-04-11,545.703,149.0,35.14,0.0,0.0,225.095,225.095,0.15,0.15
2017-04-12,590.188,13.0,34.61,0.0,0.0,219.615,219.615,0.05,0.05
2017-04-13,479.0,0.0,34.11,0.0,0.0,214.42,214.42,0.0,0.0
2017-04-14,496.0,35.0,33.64,0.0,0.0,209.53,209.53,0.0,0.0
2017-04-15,496.0,0.0,33.2,0.0,0.0,204.965,204.965,0.0,0.0
2017-04-16,543.0,59.0,32.78,0.0,0.0,200.57,200.57,0.0,0.0
2017-04-17,560.0,0.0,32.35,0.0,0.0,196.17,196.17,0.0,0.0
2017-04-18,545.0,49.0,31.91,0.0,0.0,191.78,191.78,0.0,0.0
2017-04-19,506.0,50.0,31.47,0.0,0.0,187.4,187.4,0.0,0.0
2017-04-20,535.0,60.0,31.02,0.0,0.0,183.04,183.04,0.0,0.0
2017-04-21,492.0,74.0,30.57,0.0,0.0,178.71,178.71,0.0,0.0
2017-04-22,490.0,48.0,30.12,0.0,0.0,174.415,174.415,0.0,0.0
2017-04-23,461.0,36.0,29.68,0.0,0.0,170.17,170.17,0.0,0.0
2017-04-24,474.0,0.0,29.23,0.0,0.0,165.98,165.98,0.0,0.0
2017-04-25,462.0,50.0,28.79,0.0,0.0,161.85,161.85,0.0,0.0
2017-04-26,453.0,47.0,28.35,0.05,0.05,157.79,157.79,0.0,0.0
2017-04-27,443.0,0.0,27.92,0.0,0.0,153.81,153.81,0.0,0.0
2017-04-28,493.0,49.0,27.5,0.25,0.25,149.915,149.915,0.0,0.0
2017-04-29,473.0,49.0,27.09,0.05,0.05,146.115,146.115,0.0,0.0
2017-04-30,463.0,37.0,26.69,0.05,0.05,142.415,142.415,0.0,0.0
2017-05-01,445.0,54.0,26.3,0.0,0.0,138.83,138.83,0.0,0.0
2017-05-02,388.0,64.0,25.92,0.0,0.0,135.365,135.365,0.0,0.0
2017-05-03,382.0,52.0,25.56,0.0,0.0,132.025,132.025,0.0,0.0
2017-05-04,572.0,13.0,25.22,0.2,0.2,128.82,128.82,0.0,0.0
2017-05-05,201.0,36.0,24.9,0.0,0.0,125.76,125.76,0.0,0.0
2017-05-06,27.0,37.0,24.59,0.0,0.0,122.85,122.85,0.0,0.0
2017-05-07,14.0,37.0,24.31,0.0,0.0,120.105,120.105,0.0,0.0
2017-05-08,152.0,108.0,24.05,0.0,0.0,117.525,117.525,0.0,0.0
2017-05-09,415.5,154.0,23.81,0.0,0.0,115.12,115.12,0.0,0.0
2017-05-10,622.703,212.0,23.6,0.05,0.05,112.9,112.9,0.0,0.0
2017-05-11,570.594,92.0,23.41,0.0,0.0,110.875,110.875,0.25,0.25
2017-05-12,619.22,165.0,23.25,0.0,0.0,109.045,109.045,0.05,0.05
2017-05-13,215.0,,23.13,0.0,0.0,107.43,107.43,0.0,0.0
2017-05-14,177.0,24.0,23.03,0.0,0.0,106.03,106.03,0.0,0.0
2017-05-15,148.0,37.0,22.97,0.0,0.0,104.855,104.855,0.0,0.0
2017-05-16,195.0,0.0,22.92,0.0,0.0,103.805,103.805,0.0,0.0
2017-05-17,162.0,24.0,22.88,0.0,0.0,102.77,102.77,0.0,0.0
2017-05-18,148.0,,22.84,0.0,0.0,101.75,101.75,0.0,0.0
2017-05-19,227.0,0.0,22.81,0.0,0.0,100.75,100.75,0.0,0.0
2017-05-20,185.0,,22.78,0.0,0.0,99.775,99.775,0.0,0.0
2017-05-21,174.0,24.0,22.75,0.0,0.0,98.815,98.815,0.0,0.0
2017-05-22,164.0,0.0,22.72,0.0,0.0,97.885,97.885,0.0,0.0
2017-05-23,73.0,48.0,22.69,0.0,0.0,96.975,96.975,0.0,0.0
2017-05-24,73.0,37.0,22.67,0.0,0.0,96.09,96.09,0.0,0.0
2017-05-25,51.0,37.0,22.65,0.0,0.0,95.23,95.23,0.0,0.0
2017-05-26,143.0,63.0,22.63,0.0,0.0,94.4,94.4,0.0,0.0
2017-05-27,229.0,0.0,22.61,0.0,0.0,93.595,93.595,0.0,0.0
2017-05-28,133.0,24.0,22.59,0.0,0.0,92.82,92.82,0.0,0.0
2017-05-29,14.0,,22.57,0.0,0.0,92.08,92.08,0.0,0.0
2017-05-30,24.0,0.0,22.56,0.0,0.0,91.37,91.37,0.0,0.0
2017-05-31,28.0,,22.54,0.0,0.0,90.695,90.695,0.0,0.0
2017-06-01,446.0,80.0,22.52,0.0,0.0,90.055,90.055,0.0,0.0
2017-06-02,393.0,64.0,22.51,0.0,0.0,89.45,89.45,0.0,0.0
2017-06-03,395.0,79.0,22.49,0.0,0.0,88.885,88.885,0.0,0.0
2017-06-04,519.0,42.0,22.47,0.2,0.2,88.355,88.355,0.0,0.0
2017-06-05,229.0,0.0,22.46,0.0,0.0,87.865,87.865,0.0,0.0
2017-06-06,17.0,0.0,22.44,0.0,0.0,87.415,87.415,0.0,0.0
2017-06-07,13.0,50.0,22.42,0.0,0.0,87.01,87.01,0.0,0.0
2017-06-08,147.0,78.0,22.4,0.0,0.0,86.645,86.645,0.0,0.0
2017-06-09,425.297,93.0,22.38,0.0,0.0,86.325,86.325,0.0,0.0
2017-06-10,636.5,179.0,22.35,0.0,0.0,86.055,86.055,0.0,0.0
2017-06-11,461.688,51.0,22.33,0.0,0.0,85.83,85.83,0.0,0.0
2017-06-12,604.281,242.0,22.3,0.05,0.05,85.65,85.65,0.0,0.0
2017-06-13,6.0,48.0,22.27,0.0,0.0,85.52,85.52,0.0,0.0
2017-06-14,19.0,37.0,22.24,0.0,0.0,85.445,85.445,0.0,0.0
2017-06-15,15.0,49.0,22.2,0.0,0.0,85.415,85.415,0.0,0.0
2017-06-16,30.0,62.0,22.16,0.0,0.0,85.425,85.425,0.0,0.0
2017-06-17,15.0,73.0,22.11,0.0,0.0,85.45,85.45,0.0,0.0
2017-06-18,8.0,62.0,22.05,0.0,0.0,85.495,85.495,0.0,0.0
2017-06-19,15.0,62.0,21.98,0.0,0.0,85.55,85.55,0.0,0.0
2017-06-20,17.0,61.0,21.91,0.0,0.0,85.62,85.62,0.0,0.0
2017-06-21,7.0,74.0,21.83,0.0,0.0,85.7,85.7,0.0,0.0
2017-06-22,16.0,77.0,21.75,0.0,0.0,85.795,85.795,0.0,0.0
2017-06-23,6.0,61.0,21.66,0.0,0.0,85.895,85.895,0.0,0.0
2017-06-24,15.0,70.0,21.57,0.0,0.0,86.005,86.005,0.0,0.0
2017-06-25,14.0,68.0,21.47,0.0,0.0,86.125,86.125,0.0,0.0
2017-06-26,5.0,61.0,21.38,0.0,0.0,86.25,86.25,0.0,0.0
2017-06-27,15.0,119.0,21.28,0.0,0.0,86.375,86.375,0.0,0.0
2017-06-28,5.0,145.0,21.18,0.0,0.0,86.51,86.51,0.0,0.0
2017-06-29,42.0,176.0,21.08,0.0,0.0,86.645,86.645,0.0,0.0
2017-06-30,14.0,118.0,20.98,0.0,0.0,86.78,86.78,0.0,0.0
2017-07-01,441.0,41.0,20.88,0.0,0.0,86.915,86.915,0.0,0.0
2017-07-02,454.0,51.0,20.78,0.0,0.0,87.05,87.05,0.0,0.0
2017-07-03,367.0,0.0,20.69,0.0,0.0,87.185,87.185,0.0,0.0
2017-07-04,510.0,53.0,20.6,0.05,0.05,87.315,87.315,0.3,0.3
2017-07-05,227.0,30.0,20.51,0.0,0.0,87.44,87.44,0.0,0.0
2017-07-06,15.0,37.0,20.43,0.0,0.0,87.555,87.555,0.0,0.0
2017-07-07,4.0,48.0,20.35,0.0,0.0,87.665,87.665,0.0,0.0
2017-07-08,159.0,66.0,20.28,0.0,0.0,87.77,87.77,0.0,0.0
2017-07-09,399.203,77.0,20.22,0.0,0.0,87.86,87.86,0.0,0.0
2017-07-10,567.188,120.0,20.17,0.05,0.05,87.945,87.945,0.0,0.0
2017-07-11,536.609,65.0,20.12,0.0,0.0,88.015,88.015,0.0,0.0
2017-07-12,557.812,121.0,20.08,0.0,0.0,88.07,88.07,0.0,0.0
2017-07-13,38.0,24.0,20.06,0.0,0.0,88.11,88.11,0.0,0.0
2017-07-14,74.0,49.0,20.04,0.0,0.0,88.135,88.135,0.0,0.0
2017-07-15,42.0,37.0,20.03,0.0,0.0,88.145,88.145,0.0,0.0
2017-07-16,62.0,49.0,20.03,0.0,0.0,88.14,88.14,0.0,0.0
2017-07-17,113.0,60.0,20.03,0.0,0.0,88.12,88.12,0.0,0.0
2017-07-18,63.0,24.0,20.03,0.0,0.0,88.09,88.09,0.0,0.0
2017-07-19,86.0,37.0,20.04,0.0,0.0,88.045,88.045,0.0,0.0
2017-07-20,95.0,36.0,20.04,0.0,0.0,87.99,87.99,0.0,0.0
2017-07-21,93.0,92.0,20.04,0.0,0.0,87.93,87.93,0.0,0.0
2017-07-22,145.0,107.0,20.04,0.0,0.0,87.86,87.86,0.0,0.0
2017-07-23,114.0,172.0,20.05,0.0,0.0,87.78,87.78,0.0,0.0
2017-07-24,86.0,149.0,20.05,0.0,0.0,87.7,87.7,0.0,0.0
2017-07-25,90.0,87.0,20.06,0.0,0.0,87.61,87.61,0.0,0.0
2017-07-26,157.0,77.0,20.06,0.0,0.0,87.515,87.515,0.0,0.0
2017-07-27,82.0,135.0,20.07,0.0,0.0,87.415,87.415,0.0,0.0
2017-07-28,143.0,228.0,20.07,0.0,0.0,87.31,87.31,0.0,0.0
2017-07-29,138.0,148.0,20.08,0.0,0.0,87.205,87.205,0.0,0.0
2017-07-30,123.0,77.0,20.09,0.0,0.0,87.1,87.1,0.0,0.0
2017-07-31,134.0,73.0,20.09,0.0,0.0,86.995,86.995,0.0,0.0
2017-08-01,397.0,39.0,20.1,0.0,0.0,86.89,86.89,0.0,0.0
2017-08-02,379.0,53.0,20.11,0.0,0.0,86.785,86.785,0.0,0.0
2017-08-03,371.0,47.0,20.12,0.2,0.2,86.685,86.685,0.05,0.05
2017-08-04,407.0,48.0,20.13,0.25,0.25,86.585,86.585,0.65,0.65
2017-08-05,200.0,50.0,20.14,0.0,0.0,86.49,86.49,0.0,0.0
2017-08-06,14.0,0.0,20.15,0.0,0.0,86.4,86.4,0.0,0.0
2017-08-07,11.0,98.0,20.16,0.0,0.0,86.315,86.315,0.0,0.0
2017-08-08,196.0,115.0,20.17,0.0,0.0,86.235,86.235,0.0,0.0
2017-08-09,388.109,78.0,20.18,0.0,0.0,86.165,86.165,0.0,0.0
2017-08-10,531.312,106.0,20.19,0.0,0.0,86.105,86.105,0.0,0.0
2017-08-11,527.094,51.0,20.2,0.0,0.0,86.05,86.05,0.05,0.05
2017-08-12,0.0,51.0,20.22,0.0,0.0,86.01,86.01,0.05,0.05
2017-08-13,178.0,92.0,20.23,0.0,0.0,85.98,85.98,0.0,0.0
2017-08-14,218.0,78.0,20.24,0.0,0.0,85.96,85.96,0.0,0.0
2017-08-15,182.0,78.0,20.26,0.0,0.0,85.95,85.95,0.0,0.0
2017-08-16,242.0,80.0,20.29,0.0,0.0,86.0,86.0,0.0,0.0
2017-08-17,217.0,107.0,20.34,0.0,0.0,86.14,86.14,0.0,0.0
2017-08-18,249.0,79.0,20.43,0.0,0.0,86.375,86.375,0.0,0.0
2017-08-19,225.0,78.0,20.54,0.0,0.0,86.695,86.695,0.0,0.0
2017-08-20,306.0,122.0,20.67,0.0,0.0,87.1,87.1,0.0,0.0
2017-08-21,269.0,196.0,20.82,0.0,0.0,87.59,87.59,0.0,0.0
2017-08-22,303.5,165.0,21.0,0.0,0.0,88.16,88.16,0.0,0.0
2017-08-23,264.094,95.0,21.2,0.0,0.0,88.81,88.81,0.0,0.0
2017-08-24,263.5,106.0,21.41,0.0,0.0,89.535,89.535,0.0,0.0
2017-08-25,316.797,93.0,21.64,0.0,0.0,90.33,90.33,0.0,0.0
2017-08-26,317.203,89.0,21.88,0.0,0.0,91.195,91.195,0.0,0.0
2017-08-27,323.906,106.0,22.14,0.0,0.0,92.13,92.13,0.0,0.0
2017-08-28,311.188,93.0,22.4,0.0,0.0,93.13,93.13,0.0,0.0
2017-08-29,293.0,92.0,22.68,0.0,0.0,94.19,94.19,0.0,0.0
2017-08-30,415.109,95.0,22.97,0.0,0.0,95.31,95.31,0.0,0.0
2017-08-31,368.391,120.0,23.26,0.0,0.0,96.485,96.485,0.0,0.0
2017-09-01,402.0,52.0,23.56,0.0,0.0,97.72,97.72,0.0,0.0
2017-09-02,420.0,67.0,23.86,0.05,0.05,99.0,99.0,0.0,0.0
2017-09-03,401.0,0.0,24.17,0.0,0.0,100.335,100.335,0.0,0.0
2017-09-04,595.0,38.0,24.48,0.0,0.0,101.71,101.71,0.45,0.45
2017-09-05,183.0,38.0,24.78,3.4,3.4,103.135,103.135,0.0,0.0
2017-09-06,7.0,37.0,25.08,0.0,0.0,104.6,104.6,0.0,0.0
2017-09-07,15.0,90.0,25.38,0.0,0.0,106.1,106.1,0.0,0.0
2017-09-08,114.0,114.0,25.68,0.0,0.0,107.635,107.635,0.0,0.0
2017-09-09,397.297,65.0,25.97,0.0,0.0,109.21,109.21,0.0,0.0
2017-09-10,552.891,52.0,26.25,0.0,0.0,110.81,110.81,0.0,0.0
2017-09-11,530.797,52.0,26.52,0.0,0.0,112.44,112.44,0.0,0.0
2017-09-12,495.031,25.0,26.77,0.0,0.0,114.095,114.095,0.0,0.0
2017-09-13,490.703,92.0,27.02,0.0,0.0,115.77,115.77,0.0,0.0
2017-09-14,480.391,82.0,27.25,0.0,0.0,117.47,117.47,0.0,0.0
2017-09-15,596.0,89.0,27.47,0.0,0.0,119.185,119.185,0.0,0.0
2017-09-16,546.703,62.0,27.67,0.0,0.0,121.075,121.075,0.0,0.0
2017-09-17,581.109,64.0,27.87,0.0,0.0,123.295,123.295,0.0,0.0
2017-09-18,579.5,66.0,28.06,0.0,0.0,125.825,125.825,0.0,0.0
2017-09-19,544.5,65.0,28.25,0.0,0.0,128.65,128.65,0.0,0.0
2017-09-20,602.688,80.0,28.43,0.0,0.0,131.75,131.75,0.0,0.0
2017-09-21,614.109,93.0,28.6,0.0,0.0,135.11,135.11,0.0,0.0
2017-09-22,615.5,97.0,28.78,0.0,0.0,138.71,138.71,0.0,0.0
2017-09-23,662.203,103.0,28.95,0.0,0.0,142.53,142.53,0.0,0.0
2017-09-24,639.797,92.0,29.12,0.0,0.0,146.565,146.565,0.0,0.0
2017-09-25,640.203,102.0,29.29,0.0,0.0,150.785,150.785,0.0,0.0
2017-09-26,602.297,93.0,29.45,0.0,0.0,155.18,155.18,0.0,0.0
2017-09-27,632.297,108.0,29.62,0.0,0.0,159.73,159.73,0.0,0.0
2017-09-28,591.297,138.0,29.78,0.0,0.0,164.415,164.415,0.0,0.0
2017-09-29,575.906,167.0,29.94,0.05,0.05,169.225,169.225,0.05,0.05
2017-09-30,595.297,119.0,30.11,0.0,0.0,174.135,174.135,0.0,0.0
2017-10-01,389.0,39.0,30.28,0.0,0.0,179.135,179.135,0.0,0.0
2017-10-02,430.0,79.0,30.44,0.0,0.0,184.205,184.205,0.0,0.0
2017-10-03,0.0,66.0,30.62,0.0,0.0,189.325,189.325,0.1,0.1
2017-10-04,643.0,50.0,30.79,0.05,0.05,194.48,194.48,0.3,0.3
2017-10-05,181.0,36.0,30.97,0.95,0.95,199.655,199.655,0.0,0.0
2017-10-06,17.0,45.0,31.15,0.0,0.0,204.825,204.825,0.0,0.0
2017-10-07,72.0,75.0,31.34,0.0,0.0,209.985,209.985,0.0,0.0
2017-10-08,219.0,93.0,31.53,0.0,0.0,215.105,215.105,0.0,0.0
2017-10-09,422.5,63.0,31.73,0.0,0.0,220.175,220.175,0.0,0.0
2017-10-10,531.5,64.0,31.93,0.0,0.0,225.18,225.18,0.0,0.0
2017-10-11,578.203,65.0,32.14,0.0,0.0,230.095,230.095,0.0,0.0
2017-10-12,426.313,12.0,32.36,0.05,0.05,234.91,234.91,0.0,0.0
2017-10-13,478.109,65.0,32.59,0.0,0.0,239.605,239.605,0.0,0.0
2017-10-14,469.797,39.0,32.82,0.0,0.0,244.16,244.16,0.1,0.1
2017-10-15,462.0586345,80.0,33.06,0.0,0.0,248.565,248.565,0.15,0.15
2017-10-16,439.4413655,65.0,33.32,0.05,0.05,252.91,252.91,0.15,0.15
2017-10-17,472.703,65.0,33.61,0.0,0.0,257.305,257.305,0.25,0.25
2017-10-18,0.0,50.0,33.91,0.0,0.0,261.75,261.75,0.0,0.0
2017-10-19,504.406,39.0,34.23,0.0,0.0,266.23,266.23,0.05,0.05
2017-10-20,0.0,64.0,34.56,0.0,0.0,270.745,270.745,0.05,0.05
2017-10-21,,49.0,34.92,0.0,0.0,275.29,275.29,0.0,0.0
2017-10-22,498.703,36.0,35.29,0.0,0.0,279.86,279.86,0.0,0.0
2017-10-23,499.906,27.0,35.67,0.0,0.0,284.445,284.445,0.1,0.1
2017-10-24,509.094,36.0,36.06,0.0,0.0,289.045,289.045,0.0,0.0
2017-10-25,535.5,39.0,36.46,0.0,0.0,293.65,293.65,0.05,0.05
2017-10-26,441.609,49.0,36.87,0.1,0.1,298.26,298.26,0.15,0.15
2017-10-27,542.594,51.0,37.29,0.0,0.0,302.865,302.865,0.0,0.0
2017-10-28,538.203,51.0,37.71,0.0,0.0,307.46,307.46,0.15,0.15
2017-10-29,0.0,67.0,38.14,0.0,0.0,312.045,312.045,0.1,0.1
2017-10-30,543.297,151.0,38.57,0.0,0.0,316.61,316.61,0.05,0.05
2017-10-31,445.406,130.0,39.0,0.0,0.0,321.15,321.15,0.05,0.05
2017-11-01,408.0,51.0,39.43,0.0,0.0,325.66,325.66,0.0,0.0
2017-11-02,468.0,51.0,39.86,0.0,0.0,330.135,330.135,0.0,0.0
2017-11-03,,57.0,40.29,0.0,0.0,334.57,334.57,0.0,0.0
2017-11-04,585.0,0.0,40.71,0.05,0.05,338.955,338.955,0.0,0.0
2017-11-05,194.0,24.0,41.13,0.0,0.0,343.295,343.295,0.0,0.0
2017-11-06,7.0,40.0,41.54,0.0,0.0,347.575,347.575,0.0,0.0
2017-11-07,25.0,88.0,41.94,0.0,0.0,351.79,351.79,0.0,0.0
2017-11-08,238.0,93.0,42.33,0.0,0.0,355.945,355.945,0.0,0.0
2017-11-09,406.594,65.0,42.71,0.0,0.0,360.02,360.02,0.0,0.0
2017-11-10,461.703,52.0,43.08,0.05,0.05,364.02,364.02,0.0,0.0
2017-11-11,617.203,67.0,43.43,0.0,0.0,367.94,367.94,0.1,0.1
2017-11-12,516.875,13.0,43.77,0.0,0.0,371.765,371.765,0.0,0.0
2017-11-13,569.594,62.0,44.09,0.0,0.0,375.5,375.5,0.25,0.25
2017-11-14,664.516,53.0,44.39,0.0,0.0,379.135,379.135,0.1,0.1
2017-11-15,537.5,75.0,44.67,0.0,0.0,382.665,382.665,0.1,0.1
2017-11-16,0.0,64.0,44.93,0.0,0.0,386.115,386.115,0.05,0.05
2017-11-17,,65.0,45.19,0.0,0.0,389.5,389.5,0.05,0.05
2017-11-18,517.0,134.0,45.45,0.0,0.0,392.83,392.83,0.05,0.05
2017-11-19,541.187,263.0,45.69,0.0,0.0,396.105,396.105,0.05,0.05
2017-11-20,0.0,241.0,45.93,0.0,0.0,399.33,399.33,0.1,0.1
2017-11-21,568.406,137.0,46.17,0.0,0.0,402.51,402.51,0.05,0.05
2017-11-22,595.907,25.0,46.4,0.0,0.0,405.635,405.635,0.05,0.05
2017-11-23,,13.0,46.63,0.0,0.0,408.72,408.72,0.1,0.1
2017-11-24,0.0,24.0,46.85,0.0,0.0,411.76,411.76,0.05,0.05
2017-11-25,,12.0,47.07,0.1,0.1,414.765,414.765,0.25,0.25
2017-11-26,639.719,25.0,47.28,0.0,0.0,417.725,417.725,0.1,0.1
2017-11-27,520.5,138.0,47.49,0.0,0.0,420.655,420.655,0.0,0.0
2017-11-28,515.281,202.0,47.7,0.2,0.2,423.55,423.55,0.0,0.0
2017-11-29,0.0,233.0,47.9,0.05,0.05,426.415,426.415,0.0,0.0
2017-11-30,535.877,203.0,48.1,0.0,0.0,429.25,429.25,0.1,0.1
2017-12-01,410.0,50.0,48.3,0.0,0.0,432.06,432.06,0.3,0.3
2017-12-02,415.0,51.0,48.5,0.0,0.0,434.85,434.85,0.0,0.0
2017-12-03,378.0,63.0,48.69,0.0,0.0,437.615,437.615,0.0,0.0
2017-12-04,525.0,48.0,48.89,0.0,0.0,440.36,440.36,0.0,0.0
2017-12-05,182.0,0.0,49.08,0.0,0.0,443.09,443.09,0.0,0.0
2017-12-06,16.0,48.0,49.27,0.0,0.0,445.805,445.805,0.0,0.0
2017-12-07,15.0,61.0,49.46,0.0,0.0,448.51,448.51,0.0,0.0
2017-12-08,228.0,95.0,49.65,0.0,0.0,451.2,451.2,0.0,0.0
2017-12-09,467.703,77.0,49.84,0.0,0.0,453.89,453.89,0.0,0.0
2017-12-10,482.594,38.0,50.03,0.1,0.1,456.57,456.57,0.0,0.0
2017-12-11,612.0,52.0,50.22,0.1,0.1,459.25,459.25,0.25,0.25
2017-12-12,568.906,50.0,50.42,0.0,0.0,461.925,461.925,0.0,0.0
2017-12-13,527.594,101.0,50.61,0.0,0.0,464.605,464.605,0.0,0.0
2017-12-14,520.406,91.0,50.8,0.0,0.0,467.29,467.29,0.05,0.05
2017-12-15,509.5,94.0,51.0,0.0,0.0,469.985,469.985,0.2,0.2
2017-12-16,483.812,92.0,51.2,0.35,0.35,472.745,472.745,0.05,0.05
2017-12-17,0.0,75.0,51.41,0.0,0.0,475.63,475.63,0.0,0.0
2017-12-18,500.0,74.0,51.63,0.0,0.0,478.625,478.625,0.0,0.0
2017-12-19,561.688,89.0,51.86,0.15,0.15,481.715,481.715,0.0,0.0
2017-12-20,559.0,106.0,52.09,0.0,0.0,484.885,484.885,0.05,0.05
2017-12-21,576.594,87.0,52.33,0.0,0.0,488.115,488.115,0.05,0.05
2017-12-22,549.015,83.0,52.57,0.0,0.0,491.4,491.4,0.0,0.0
2017-12-23,545.297,75.0,52.82,0.0,0.0,494.72,494.72,0.0,0.0
2017-12-24,572.688,102.0,53.07,0.0,0.0,498.065,498.065,0.0,0.0
2017-12-25,557.906,63.0,53.31,0.0,0.0,501.415,501.415,0.0,0.0
2017-12-26,534.781,36.0,53.56,0.0,0.0,504.755,504.755,0.0,0.0
2017-12-27,529.313,53.0,53.8,0.0,0.0,508.075,508.075,0.0,0.0
2017-12-28,529.5,48.0,54.05,0.0,0.0,511.36,511.36,0.05,0.05
2017-12-29,534.281,63.0,54.29,0.0,0.0,514.595,514.595,0.05,0.05
2017-12-30,0.0,78.0,54.52,0.0,0.0,517.76,517.76,0.0,0.0
2017-12-31,605.812,27.0,54.75,0.0,0.0,520.85,520.85,0.0,0.0
2018-01-01,542.0,24.0,54.97,0.0,0.0,523.845,523.845,0.0,0.0
2018-01-02,430.312,0.0,55.18,0.0,0.0,526.73,526.73,0.0,0.0
2018-01-03,464.125,24.0,55.39,0.0,0.0,529.495,529.495,0.0,0.0
2018-01-04,293.188,24.0,55.58,0.05,0.05,532.12,532.12,0.0,0.0
2018-01-05,285.875,24.0,55.77,0.0,0.0,534.59,534.59,0.0,0.0
2018-01-06,0.0,25.0,55.94,0.0,0.0,536.895,536.895,0.0,0.0
2018-01-07,0.0,0.0,56.09,0.0,0.0,539.02,539.02,0.0,0.0
2018-01-08,0.0,56.0,56.24,0.0,0.0,540.95,540.95,0.0,0.0
2018-01-09,372.093,113.0,56.36,0.0,0.0,542.67,542.67,0.0,0.0
2018-01-10,411.594,164.0,56.48,0.0,0.0,544.165,544.165,0.0,0.0
2018-01-11,430.0,127.0,56.57,0.0,0.0,545.42,545.42,0.0,0.0
2018-01-12,503.187,161.0,56.64,0.0,0.0,546.42,546.42,0.2,0.2
2018-01-13,539.875,25.0,56.7,0.0,0.0,547.155,547.155,0.0,0.0
2018-01-14,601.812,37.0,56.73,0.05,0.05,547.605,547.605,0.0,0.0
2018-01-15,605.5,52.0,56.74,0.0,0.0,547.76,547.76,0.0,0.0
2018-01-16,594.0,38.0,56.74,0.0,0.0,547.735,547.735,0.0,0.0
2018-01-17,570.094,0.0,56.72,0.0,0.0,547.67,547.67,0.0,0.0
2018-01-18,497.0,39.0,56.69,0.0,0.0,547.555,547.555,0.0,0.0
2018-01-19,484.0,,56.66,0.1,0.1,547.4,547.4,0.05,0.05
2018-01-20,507.906,,56.61,0.1,0.1,547.205,547.205,0.05,0.05
2018-01-21,553.313,,56.56,0.0,0.0,546.965,546.965,0.0,0.0
2018-01-22,563.687,0.0,56.5,0.0,0.0,546.685,546.685,0.0,0.0
2018-01-23,509.094,,56.43,0.0,0.0,546.365,546.365,0.05,0.05
2018-01-24,475.812,,56.36,0.05,0.05,546.005,546.005,0.0,0.0
2018-01-25,460.688,,56.27,0.0,0.0,545.61,545.61,0.0,0.0
2018-01-26,530.594,48.0,56.19,0.0,0.0,545.175,545.175,0.0,0.0
2018-01-27,574.5,,56.09,0.05,0.05,544.705,544.705,0.0,0.0
2018-01-28,540.812,0.0,55.99,0.0,0.0,544.2,544.2,0.05,0.05
2018-01-29,533.688,,55.89,0.0,0.0,543.655,543.655,0.0,0.0
2018-01-30,525.125,,55.78,0.0,0.0,543.08,543.08,0.0,0.0
2018-01-31,0.0,62.0,55.67,0.0,0.0,542.47,542.47,0.0,0.0
2018-02-01,527.218,62.0,55.55,0.0,0.0,541.83,541.83,0.1,0.1
2018-02-02,309.406,24.0,55.44,0.1,0.1,541.155,541.155,0.0,0.0
2018-02-03,394.593,36.0,55.32,0.0,0.0,540.45,540.45,0.0,0.0
2018-02-04,315.0,24.0,55.2,0.0,0.0,539.72,539.72,0.0,0.0
2018-02-05,284.218,13.0,55.07,0.0,0.0,538.955,538.955,0.0,0.0
2018-02-06,0.0,40.0,54.95,0.0,0.0,538.165,538.165,0.0,0.0
2018-02-07,0.0,0.0,54.83,0.0,0.0,537.345,537.345,0.0,0.0
2018-02-08,0.0,48.0,54.71,0.0,0.0,536.5,536.5,0.0,0.0
2018-02-09,384.407,142.0,54.58,0.0,0.0,535.625,535.625,0.0,0.0
2018-02-10,447.625,165.0,54.46,0.0,0.0,534.73,534.73,0.0,0.0
2018-02-11,500.094,159.0,54.34,0.0,0.0,533.81,533.81,0.0,0.0
2018-02-12,554.5,149.0,54.23,0.0,0.0,532.865,532.865,0.05,0.05
2018-02-13,329.188,49.0,54.11,0.0,0.0,531.9,531.9,0.15,0.15
2018-02-14,452.5,37.0,54.0,0.0,0.0,530.91,530.91,0.0,0.0
2018-02-15,0.0,0.0,53.89,0.0,0.0,529.715,529.715,0.0,0.0
2018-02-16,483.5,24.0,53.78,0.0,0.0,528.13,528.13,0.0,0.0
2018-02-17,417.5,36.0,53.68,0.0,0.0,526.18,526.18,0.0,0.0
2018-02-18,392.594,25.0,53.57,0.0,0.0,523.88,523.88,0.05,0.05
2018-02-19,416.906,36.0,53.47,0.2,0.2,521.245,521.245,0.1,0.1
2018-02-20,332.094,23.0,53.36,0.0,0.0,518.3,518.3,0.05,0.05
2018-02-21,270.094,24.0,53.26,0.0,0.0,515.06,515.06,0.0,0.0
2018-02-22,294.312,24.0,53.15,0.0,0.0,511.54,511.54,0.0,0.0
2018-02-23,300.906,36.0,53.05,0.0,0.0,507.76,507.76,0.0,0.0
2018-02-24,348.813,41.0,52.94,0.1,0.1,503.735,503.735,0.1,0.1
2018-02-25,333.0,48.0,52.83,0.0,0.0,499.49,499.49,0.0,0.0
2018-02-26,357.5,36.0,52.71,0.0,0.0,495.035,495.035,0.0,0.0
2018-02-27,401.593,24.0,52.6,0.0,0.0,490.39,490.39,0.0,0.0
2018-02-28,407.282,36.0,52.48,0.0,0.0,485.575,485.575,0.0,0.0
2018-03-01,0.0,47.0,52.36,0.0,0.0,480.61,480.61,0.0,0.0
2018-03-02,339.501,24.0,52.23,0.0,0.0,475.505,475.505,0.0,0.0
2018-03-03,343.001,65.0,52.1,0.0,0.0,470.285,470.285,0.0,0.0
2018-03-04,54.312,35.0,51.96,0.0,0.0,464.965,464.965,0.0,0.0
2018-03-05,246.188,25.0,51.82,0.0,0.0,459.565,459.565,0.0,0.0
2018-03-06,0.0,29.0,51.68,0.0,0.0,454.1,454.1,0.0,0.0
2018-03-07,0.0,0.0,51.53,0.0,0.0,448.59,448.59,0.0,0.0
2018-03-08,0.0,145.0,51.37,0.0,0.0,443.05,443.05,0.0,0.0
2018-03-09,324.687,133.0,51.21,0.0,0.0,437.505,437.505,0.0,0.0
2018-03-10,470.593,159.0,51.04,0.0,0.0,431.965,431.965,0.0,0.0
2018-03-11,479.5,158.0,50.86,0.0,0.0,426.445,426.445,0.0,0.0
2018-03-12,532.094,167.0,50.67,0.0,0.0,420.975,420.975,0.1,0.1
2018-03-13,367.594,25.0,50.48,0.0,0.0,415.565,415.565,0.0076731795,0.0076731795
2018-03-14,410.5,50.0,50.28,0.0,0.0,410.235,410.235,0.0076731795,0.0076731795
2018-03-15,385.188,50.0,50.06,0.0,0.0,405.0,405.0,0.0076731795,0.0076731795
2018-03-16,393.625,50.0,49.82,0.0,0.0,399.675,399.675,0.0076731795,0.0076731795
2018-03-17,394.093,37.0,49.54,0.0,0.0,394.075,394.075,0.0076731795,0.0076731795
2018-03-18,392.094,48.0,49.2,0.0,0.0,388.215,388.215,0.0076731795,0.0076731795
2018-03-19,403.594,49.0,48.83,0.0,0.0,382.125,382.125,0.0076731795,0.0076731795
2018-03-20,464.312,49.0,48.41,0.0,0.0,375.82,375.82,0.0076731795,0.0076731795
2018-03-21,433.0,92.0,47.96,0.0,0.0,369.32,369.32,0.0076731795,0.0076731795
2018-03-22,361.907,35.0,47.48,0.0,0.0,362.65,362.65,0.0076731795,0.0076731795
2018-03-23,355.593,11.0,46.97,0.0,0.0,355.83,355.83,0.0076731795,0.0076731795
2018-03-24,389.688,39.0,46.42,0.0,0.0,348.875,348.875,0.0076731795,0.0076731795
2018-03-25,394.219,49.0,45.86,0.0,0.0,341.81,341.81,0.0076731795,0.0076731795
2018-03-26,365.875,36.0,45.27,0.0,0.0,334.66,334.66,0.0076731795,0.0076731795
2018-03-27,347.625,24.0,44.66,0.0,0.0,327.44,327.44,0.0076731795,0.0076731795
2018-03-28,325.875,24.0,44.03,0.0,0.0,320.17,320.17,0.0038898755,0.0038898755
2018-03-29,306.718,24.0,43.4,0.0,0.0,312.875,312.875,0.0,0.0
2018-03-30,372.782,36.0,42.75,0.0,0.0,305.575,305.575,0.0,0.0
2018-03-31,386.218,36.0,42.09,0.0,0.0,298.29,298.29,0.0,0.0
2018-04-01,,36.0,41.43,0.0,0.0,291.04,291.04,0.05,0.05
2018-04-02,432.406,36.0,40.76,0.0,0.0,283.845,283.845,0.0,0.0
2018-04-03,410.187,115.0,40.1,0.0,0.0,276.73,276.73,0.0,0.0
2018-04-04,0.094,37.0,39.44,0.0,0.0,269.715,269.715,0.0,0.0
2018-04-05,245.312,12.0,38.78,0.0,0.0,262.815,262.815,0.0,0.0
2018-04-06,0.0,25.0,38.14,0.0,0.0,256.06,256.06,0.0,0.0
2018-04-07,0.0,1.982053838,37.5,0.0,0.0,249.46,249.46,0.0,0.0
2018-04-08,0.0,318.0,36.88,0.0,0.0,243.045,243.045,0.0,0.0
2018-04-09,343.094,150.0,36.28,0.0,0.0,236.83,236.83,0.0,0.0
2018-04-10,500.5,188.0,35.7,0.0,0.0,230.84,230.84,0.0,0.0
2018-04-11,476.313,130.0,35.14,0.0,0.0,225.095,225.095,0.0,0.0
2018-04-12,533.094,153.0,34.61,0.0,0.0,219.615,219.615,0.1,0.1
2018-04-13,0.0,25.0,34.11,0.0,0.0,214.42,214.42,0.0,0.0
2018-04-14,144.094,24.0,33.64,0.0,0.0,209.53,209.53,0.0,0.0
2018-04-15,313.5,24.0,33.2,0.0,0.0,204.965,204.965,0.0,0.0
2018-04-16,315.0,24.0,32.78,0.0,0.0,200.57,200.57,0.0,0.0
2018-04-17,352.0,35.0,32.35,0.0,0.0,196.17,196.17,0.0,0.0
2018-04-18,336.5,12.0,31.91,0.05,0.05,191.78,191.78,0.0,0.0
2018-04-19,343.219,14.0,31.47,0.0,0.0,187.4,187.4,0.0,0.0
2018-04-20,378.875,24.0,31.02,0.0,0.0,183.04,183.04,0.0,0.0
2018-04-21,395.812,12.0,30.57,0.0,0.0,178.71,178.71,0.0,0.0
2018-04-22,379.5,13.0,30.12,0.0,0.0,174.415,174.415,0.0,0.0
2018-04-23,417.5,14.0,29.68,0.0,0.0,170.17,170.17,0.0,0.0
2018-04-24,393.406,12.0,29.23,0.0,0.0,165.98,165.98,0.0,0.0
2018-04-25,437.094,12.0,28.79,0.0,0.0,161.85,161.85,0.0,0.0
2018-04-26,371.594,12.0,28.35,0.0,0.0,157.79,157.79,0.0,0.0
2018-04-27,339.5,40.0,27.92,0.0,0.0,153.81,153.81,0.0,0.0
2018-04-28,362.719,38.0,27.5,0.0,0.0,149.915,149.915,0.0,0.0
2018-04-29,291.593,0.0,27.09,0.0,0.0,146.115,146.115,0.0,0.0
2018-04-30,290.407,12.0,26.69,0.0,0.0,142.415,142.415,0.0,0.0
2018-05-01,571.188,87.0,26.3,0.0,0.0,138.83,138.83,0.0,0.0
2018-05-02,432.094,11.0,25.92,0.05,0.05,135.365,135.365,0.1,0.1
2018-05-03,428.906,114.0,25.56,0.0,0.0,132.025,132.025,0.0,0.0
2018-05-04,0.188,37.0,25.22,0.0,0.0,128.82,128.82,0.0,0.0
2018-05-05,278.0,27.0,24.9,0.0,0.0,125.76,125.76,0.0,0.0
2018-05-06,0.0,28.0,24.59,0.0,0.0,122.85,122.85,0.0,0.0
2018-05-07,0.0,4.019940179,24.31,0.0,0.0,120.105,120.105,0.0,0.0
2018-05-08,0.0,318.0,24.05,0.0,0.0,117.525,117.525,0.0,0.0
2018-05-09,368.0,177.0,23.81,0.0,0.0,115.12,115.12,0.0,0.0
2018-05-10,493.5,183.0,23.6,0.0,0.0,112.9,112.9,0.0,0.0
2018-05-11,476.093,161.0,23.41,0.0,0.0,110.875,110.875,0.1,0.1
2018-05-12,471.906,138.0,23.25,0.0,0.0,109.045,109.045,0.0,0.0
2018-05-13,231.094,24.0,23.13,0.0,0.0,107.43,107.43,0.0,0.0
2018-05-14,227.188,0.0,23.03,0.0,0.0,106.03,106.03,0.0,0.0
2018-05-15,211.718,39.0,22.97,0.0,0.0,104.855,104.855,0.0,0.0
2018-05-16,238.0,66.0,22.92,0.0,0.0,103.805,103.805,0.0,0.0
2018-05-17,202.282,39.0,22.88,0.0,0.0,102.77,102.77,0.0,0.0
2018-05-18,209.625,11.0,22.84,0.0,0.0,101.75,101.75,0.0,0.0
2018-05-19,244.281,46.0,22.81,0.0,0.0,100.75,100.75,0.0,0.0
2018-05-20,244.906,12.0,22.78,0.0,0.0,99.775,99.775,0.0,0.0
2018-05-21,220.813,12.0,22.75,0.0,0.0,98.815,98.815,0.0,0.0
2018-05-22,186.781,14.0,22.72,0.0,0.0,97.885,97.885,0.0,0.0
2018-05-23,211.906,27.0,22.69,0.0,0.0,96.975,96.975,0.0,0.0
2018-05-24,238.406,13.0,22.67,0.0,0.0,96.09,96.09,0.0,0.0
2018-05-25,237.094,26.0,22.65,0.0,0.0,95.23,95.23,0.0,0.0
2018-05-26,200.094,26.0,22.63,0.0,0.0,94.4,94.4,0.0,0.0
2018-05-27,185.719,26.0,22.61,0.0,0.0,93.595,93.595,0.0,0.0
2018-05-28,115.875,27.0,22.59,0.0,0.0,92.82,92.82,0.0,0.0
2018-05-29,165.0,51.0,22.57,0.0,0.0,92.08,92.08,0.0,0.0
2018-05-30,128.906,26.0,22.56,0.0,0.0,91.37,91.37,0.0,0.0
2018-05-31,11.0,45.0,22.54,0.0,0.0,90.695,90.695,0.0,0.0
2018-06-01,623.188,68.0,22.52,0.0,0.0,90.055,90.055,0.0,0.0
2018-06-02,408.906,38.0,22.51,0.0,0.0,89.45,89.45,0.4,0.4
2018-06-03,479.376,75.0,22.49,0.0,0.0,88.885,88.885,0.0,0.0
2018-06-04,0.0,50.0,22.47,0.05,0.05,88.355,88.355,0.0,0.0
2018-06-05,305.5,13.0,22.46,0.0,0.0,87.865,87.865,0.0,0.0
2018-06-06,0.0,26.0,22.44,0.0,0.0,87.415,87.415,0.0,0.0
2018-06-07,0.0,4.019940179,22.42,0.0,0.0,87.01,87.01,0.0,0.0
2018-06-08,0.0,253.0,22.4,0.0,0.0,86.645,86.645,0.0,0.0
2018-06-09,386.812,144.0,22.38,0.0,0.0,86.325,86.325,0.0,0.0
2018-06-10,539.407,170.0,22.35,0.0,0.0,86.055,86.055,0.0,0.0
2018-06-11,510.407,160.0,22.33,0.0,0.0,85.83,85.83,0.15,0.15
2018-06-12,505.5,140.0,22.3,0.0,0.0,85.65,85.65,0.0,0.0
2018-06-13,0.0,27.0,22.27,0.0,0.0,85.52,85.52,0.0,0.0
2018-06-14,0.0,40.0,22.24,0.0,0.0,85.445,85.445,0.0,0.0
2018-06-15,0.0,36.0,22.2,0.0,0.0,85.415,85.415,0.0,0.0
2018-06-16,0.0,26.0,22.16,0.0,0.0,85.425,85.425,0.0,0.0
2018-06-17,0.0,35.0,22.11,0.0,0.0,85.45,85.45,0.0,0.0
2018-06-18,0.0,36.0,22.05,0.0,0.0,85.495,85.495,0.0,0.0
2018-06-19,0.0,37.0,21.98,0.0,0.0,85.55,85.55,0.0,0.0
2018-06-20,0.0,27.31818182,21.91,0.0,0.0,85.62,85.62,0.0,0.0
2018-06-21,0.0,37.68181818,21.83,0.0,0.0,85.7,85.7,0.0,0.0
2018-06-22,0.0,38.0,21.75,0.0,0.0,85.795,85.795,0.0,0.0
2018-06-23,0.0,15.58426966,21.66,0.0,0.0,85.895,85.895,0.0,0.0
2018-06-24,0.0,20.41573034,21.57,0.0,0.0,86.005,86.005,0.0,0.0
2018-06-25,0.0,0.0,21.47,0.0,0.0,86.125,86.125,0.0,0.0
2018-06-26,0.0,5.916666667,21.38,0.0,0.0,86.25,86.25,0.0,0.0
2018-06-27,0.0,6.083333333,21.28,0.0,0.0,86.375,86.375,0.0,0.0
2018-06-28,0.0,0.0,21.18,0.0,0.0,86.51,86.51,0.0,0.0
2018-06-29,0.0,0.0,21.08,0.0,0.0,86.645,86.645,0.0,0.0
2018-06-30,0.0,0.0,20.98,0.0,0.0,86.78,86.78,0.0,0.0
2018-07-01,640.218,78.0,20.88,0.0,0.0,86.915,86.915,0.0,0.0
2018-07-02,514.593,66.0,20.78,0.0,0.0,87.05,87.05,0.75,0.75
2018-07-03,395.718,24.0,20.69,0.0,0.0,87.185,87.185,0.0,0.0
2018-07-04,0.0,37.0,20.6,0.0,0.0,87.315,87.315,0.1,0.1
2018-07-05,242.688,14.0,20.51,0.0,0.0,87.44,87.44,0.0,0.0
2018-07-06,0.0,37.0,20.43,0.0,0.0,87.555,87.555,0.0,0.0
2018-07-07,0.0,4.019940179,20.35,0.0,0.0,87.665,87.665,0.0,0.0
2018-07-08,0.0,152.0,20.28,0.0,0.0,87.77,87.77,0.0,0.0
2018-07-09,407.407,164.0,20.22,0.0,0.0,87.86,87.86,0.0,0.0
2018-07-10,501.0,178.0,20.17,0.0,0.0,87.945,87.945,0.0,0.0
2018-07-11,503.687,166.0,20.12,0.0,0.0,88.015,88.015,0.0,0.0
2018-07-12,498.0,151.0,20.08,0.0,0.0,88.07,88.07,0.0,0.0
2018-07-13,0.0,18.45255474,20.06,0.0,0.0,88.11,88.11,0.0,0.0
2018-07-14,0.0,6.547445255,20.04,0.0,0.0,88.135,88.135,0.0,0.0
2018-07-15,0.0,13.0,20.03,0.0,0.0,88.145,88.145,0.0,0.0
2018-07-16,0.0,13.76302406,20.03,0.0,0.0,88.14,88.14,0.0,0.0
2018-07-17,0.0,14.03610108,20.03,0.0,0.0,88.12,88.12,0.0,0.0
2018-07-18,0.0,36.97418432,20.03,0.0,0.0,88.09,88.09,0.0,0.0
2018-07-19,0.0,38.67924528,20.04,0.0,0.0,88.045,88.045,0.0,0.0
2018-07-20,0.0,40.0,20.04,0.0,0.0,87.99,87.99,0.0,0.0
2018-07-21,0.0,54.0,20.04,0.0,0.0,87.93,87.93,0.0,0.0
2018-07-22,0.0,12.0,20.04,0.0,0.0,87.86,87.86,0.0,0.0
2018-07-23,0.0,53.0,20.05,0.0,0.0,87.78,87.78,0.0,0.0
2018-07-24,0.0,62.0,20.05,0.0,0.0,87.7,87.7,0.0,0.0
2018-07-25,0.0,32.0,20.06,0.0,0.0,87.61,87.61,0.0,0.0
2018-07-26,0.0,24.0,20.06,0.0,0.0,87.515,87.515,0.0,0.0
2018-07-27,0.0,40.0,20.07,0.0,0.0,87.415,87.415,0.0,0.0
2018-07-28,0.0,48.0,20.07,0.0,0.0,87.31,87.31,0.0,0.0
2018-07-29,0.0,32.0,20.08,0.0,0.0,87.205,87.205,0.0,0.0
2018-07-30,0.0,28.0,20.09,0.0,0.0,87.1,87.1,0.0,0.0
2018-07-31,0.0,56.0,20.09,0.0,0.0,86.995,86.995,0.0,0.0
2018-08-01,595.907,91.0,20.1,0.0,0.0,86.89,86.89,0.0,0.0
2018-08-02,445.188,,20.11,0.0,0.0,86.785,86.785,1.0,1.0
2018-08-03,413.9659241,79.86075949,20.12,0.0,0.0,86.685,86.685,0.000319716,0.000319716
2018-08-04,0.0,50.0,20.13,0.0,0.0,86.585,86.585,0.0,0.0
2018-08-05,272.219,26.0,20.14,0.0,0.0,86.49,86.49,0.0,0.0
2018-08-06,0.0,75.0,20.15,0.0,0.0,86.4,86.4,0.0,0.0
2018-08-07,0.0,4.019940179,20.16,0.0,0.0,86.315,86.315,0.0,0.0
2018-08-08,0.0,86.0,20.17,0.0,0.0,86.235,86.235,0.0,0.0
2018-08-09,435.5,146.0,20.18,0.0,0.0,86.165,86.165,0.0,0.0
2018-08-10,493.281,170.0,20.19,0.0,0.0,86.105,86.105,0.0,0.0
2018-08-11,496.0,163.0,20.2,0.0,0.0,86.05,86.05,0.15,0.15
2018-08-12,575.0,183.0,20.22,0.0,0.0,86.01,86.01,0.05,0.05
2018-08-13,0.0,116.0,20.23,0.0,0.0,85.98,85.98,0.0,0.0
2018-08-14,0.0,101.0,20.24,0.0,0.0,85.96,85.96,0.0,0.0
2018-08-15,0.0,90.0,20.26,0.0,0.0,85.95,85.95,0.0,0.0
2018-08-16,0.0,117.0,20.29,0.0,0.0,86.0,86.0,0.0,0.0
2018-08-17,0.0,89.0,20.34,0.0,0.0,86.14,86.14,0.0,0.0
2018-08-18,0.0,99.0,20.43,0.0,0.0,86.375,86.375,0.0,0.0
2018-08-19,0.0,109.0,20.54,0.0,0.0,86.695,86.695,0.0,0.0
2018-08-20,0.0,104.0,20.67,0.0,0.0,87.1,87.1,0.0,0.0
2018-08-21,0.0,119.0,20.82,0.0,0.0,87.59,87.59,0.0,0.0
2018-08-22,0.0,120.0,21.0,0.0,0.0,88.16,88.16,0.0,0.0
2018-08-23,0.0,113.0,21.2,0.0,0.0,88.81,88.81,0.0,0.0
2018-08-24,0.0,116.0,21.41,0.0,0.0,89.535,89.535,0.0,0.0
2018-08-25,0.0,120.0,21.64,0.0,0.0,90.33,90.33,0.0,0.0
2018-08-26,0.0,116.0,21.88,0.0,0.0,91.195,91.195,0.0,0.0
2018-08-27,0.0,130.0,22.14,0.0,0.0,92.13,92.13,0.0,0.0
2018-08-28,0.0,144.0,22.4,0.0,0.0,93.13,93.13,0.0,0.0
2018-08-29,133.0,142.0,22.68,0.0,0.0,94.19,94.19,0.0,0.0
2018-08-30,405.094,153.0,22.97,0.0,0.0,95.31,95.31,0.0,0.0
2018-08-31,374.625,154.0,23.26,0.0,0.0,96.485,96.485,0.0,0.0
2018-09-01,0.0,64.0,23.56,0.0,0.0,97.72,97.72,0.0,0.0
2018-09-02,0.0,0.0,23.86,0.0,0.0,99.0,99.0,0.95,0.95
2018-09-03,368.7445759,111.1392405,24.17,0.0,0.0,100.335,100.335,0.0076731795,0.0076731795
2018-09-04,0.0,37.0,24.48,0.0,0.0,101.71,101.71,0.0,0.0
2018-09-05,280.593,24.0,24.78,0.0,0.0,103.135,103.135,0.0,0.0
2018-09-06,0.0,25.0,25.08,0.0,0.0,104.6,104.6,0.0,0.0
2018-09-07,0.0,4.019940179,25.38,0.0,0.0,106.1,106.1,0.0,0.0
2018-09-08,0.0,91.0,25.68,0.0,0.0,107.635,107.635,0.0,0.0
2018-09-09,498.0,165.0,25.97,0.0,0.0,109.21,109.21,0.0,0.0
2018-09-10,505.406,168.0,26.25,0.0,0.0,110.81,110.81,0.0,0.0
2018-09-11,362.5,103.0,26.52,0.0,0.0,112.44,112.44,0.0,0.0
2018-09-12,569.094,172.0,26.77,0.0,0.0,114.095,114.095,0.2,0.2
2018-09-13,446.782,146.0,27.02,0.0,0.0,115.77,115.77,0.0,0.0
2018-09-14,405.812,146.0,27.25,0.0,0.0,117.47,117.47,0.0,0.0
2018-09-15,470.188,149.0,27.47,0.0,0.0,119.185,119.185,0.0,0.0
2018-09-16,476.312,168.0,27.67,0.0,0.0,121.075,121.075,0.0,0.0
2018-09-17,486.594,197.0,27.87,0.0,0.0,123.295,123.295,0.0,0.0
2018-09-18,332.094,131.0,28.06,0.0,0.0,125.825,125.825,0.0,0.0
2018-09-19,388.312,148.0,28.25,0.0,0.0,128.65,128.65,0.0,0.0
2018-09-20,454.188,135.0,28.43,0.0,0.0,131.75,131.75,0.0,0.0
2018-09-21,483.906,191.0,28.6,0.0,0.0,135.11,135.11,0.0,0.0
2018-09-22,522.5,147.0,28.78,0.0,0.0,138.71,138.71,0.0,0.0
2018-09-23,479.406,163.0,28.95,0.0,0.0,142.53,142.53,0.0,0.0
2018-09-24,447.094,159.0,29.12,0.0,0.0,146.565,146.565,0.0,0.0
2018-09-25,428.594,138.0,29.29,0.0,0.0,150.785,150.785,0.0,0.0
2018-09-26,449.812,169.0,29.45,0.0,0.0,155.18,155.18,0.0,0.0
2018-09-27,480.094,170.0,29.62,0.0,0.0,159.73,159.73,0.0,0.0
2018-09-28,444.719,190.0,29.78,0.0,0.0,164.415,164.415,0.0,0.0
2018-09-29,447.875,183.0,29.94,0.0,0.0,169.225,169.225,0.0,0.0
2018-09-30,464.906,167.0,30.11,0.0,0.0,174.135,174.135,0.0,0.0
2018-10-01,554.625,66.0,30.28,0.0,0.0,179.135,179.135,0.0,0.0
2018-10-02,,,30.44,0.0,0.0,184.205,184.205,0.75,0.75
2018-10-03,395.7895,61.0,30.62,0.0,0.0,189.325,189.325,0.0076731795,0.0076731795
2018-10-04,0.312,36.0,30.79,0.0,0.0,194.48,194.48,0.0,0.0
2018-10-05,289.0,29.0,30.97,0.0,0.0,199.655,199.655,0.0,0.0
2018-10-06,0.0,39.0,31.15,0.0,0.0,204.825,204.825,0.0,0.0
2018-10-07,0.0,4.019940179,31.34,0.0,0.0,209.985,209.985,0.0,0.0
2018-10-08,0.0,93.0,31.53,0.0,0.0,215.105,215.105,0.0,0.0
2018-10-09,475.781,136.0,31.73,0.0,0.0,220.175,220.175,0.0,0.0
2018-10-10,490.0,158.0,31.93,0.0,0.0,225.18,225.18,0.0,0.0
2018-10-11,336.813,118.0,32.14,0.0,0.0,230.095,230.095,0.0,0.0
2018-10-12,525.718,141.0,32.36,0.0,0.0,234.91,234.91,0.05,0.05
2018-10-13,457.094,148.0,32.59,0.0,0.0,239.605,239.605,0.0,0.0
2018-10-14,513.312,208.0,32.82,0.0,0.0,244.16,244.16,0.0,0.0
2018-10-15,526.688,180.0,33.06,0.0,0.0,248.565,248.565,0.0,0.0
2018-10-16,477.594,179.0,33.32,0.0,0.0,252.91,252.91,0.0,0.0
2018-10-17,401.906,164.0,33.61,0.0,0.0,257.305,257.305,0.0,0.0
2018-10-18,501.906,174.0,33.91,0.0,0.0,261.75,261.75,0.0,0.0
2018-10-19,518.313,201.0,34.23,0.0,0.0,266.23,266.23,0.0,0.0
2018-10-20,477.593,145.0,34.56,0.0,0.0,270.745,270.745,0.5,0.5
2018-10-21,488.594,142.0,34.92,0.0,0.0,275.29,275.29,0.1,0.1
2018-10-22,523.0,159.0,35.29,0.0,0.0,279.86,279.86,0.05,0.05
2018-10-23,654.0,160.0,35.67,0.0,0.0,284.445,284.445,0.1,0.1
2018-10-24,546.594,156.0,36.06,0.0,0.0,289.045,289.045,0.05,0.05
2018-10-25,429.719,153.0,36.46,0.0,0.0,293.65,293.65,0.1,0.1
2018-10-26,360.5,114.0,36.87,0.0,0.0,298.26,298.26,0.0,0.0
2018-10-27,435.593,141.0,37.29,0.0,0.0,302.865,302.865,0.0,0.0
2018-10-28,468.594,129.0,37.71,0.0,0.0,307.46,307.46,0.0,0.0
2018-10-29,482.313,136.0,38.14,0.0,0.0,312.045,312.045,0.0,0.0
2018-10-30,487.687,144.0,38.57,0.0,0.0,316.61,316.61,0.0,0.0
2018-10-31,385.406,129.0,39.0,0.0,0.0,321.15,321.15,0.0,0.0
2018-11-01,517.0,39.0,39.43,0.0,0.0,325.66,325.66,0.0,0.0
2018-11-02,577.781,,39.86,0.0,0.0,330.135,330.135,0.3,0.3
2018-11-03,414.625,50.0,40.29,0.0,0.0,334.57,334.57,0.0076731795,0.0076731795
2018-11-04,0.0,35.0,40.71,0.0,0.0,338.955,338.955,0.0,0.0
2018-11-05,273.594,48.0,41.13,0.0,0.0,343.295,343.295,0.0,0.0
2018-11-06,0.0,12.0,41.54,0.0,0.0,347.575,347.575,0.0,0.0
2018-11-07,0.0,9.240962427,41.94,0.0,0.0,351.79,351.79,0.0,0.0
2018-11-08,0.0,96.0,42.33,0.0,0.0,355.945,355.945,0.0,0.0
2018-11-09,453.812,132.0,42.71,0.0,0.0,360.02,360.02,0.0,0.0
2018-11-10,457.313,295.0,43.08,0.0,0.0,364.02,364.02,0.0,0.0
2018-11-11,409.281,128.0,43.43,0.0,0.0,367.94,367.94,0.0,0.0
2018-11-12,554.782,133.0,43.77,0.05,0.05,371.765,371.765,0.05,0.05
2018-11-13,439.718,150.0,44.09,0.0,0.0,375.5,375.5,0.0,0.0
2018-11-14,504.907,160.0,44.39,0.0,0.0,379.135,379.135,0.0,0.0
2018-11-15,436.687,176.0,44.67,0.0,0.0,382.665,382.665,0.1,0.1
2018-11-16,413.094,154.0,44.93,0.0,0.0,386.115,386.115,0.1,0.1
2018-11-17,391.0625,145.0,45.19,0.0,0.0,389.5,389.5,0.0,0.0
2018-11-18,438.6565,144.0,45.45,0.0,0.0,392.83,392.83,0.05,0.05
2018-11-19,445.093,134.0,45.69,0.0,0.0,396.105,396.105,0.1,0.1
2018-11-20,360.688,99.0,45.93,0.0,0.0,399.33,399.33,0.05,0.05
2018-11-21,368.406,120.1304348,46.17,0.0,0.0,402.51,402.51,0.0,0.0
2018-11-22,460.188,116.8695652,46.4,0.0,0.0,405.635,405.635,0.0,0.0
2018-11-23,478.406,139.0,46.63,0.0,0.0,408.72,408.72,0.0,0.0
2018-11-24,517.219,169.0,46.85,0.0,0.0,411.76,411.76,0.0,0.0
2018-11-25,461.093,118.0,47.07,0.0,0.0,414.765,414.765,0.0,0.0
2018-11-26,442.5,117.0,47.28,0.0,0.0,417.725,417.725,0.0,0.0
2018-11-27,504.407,185.0,47.49,0.0,0.0,420.655,420.655,0.0,0.0
2018-11-28,532.5,176.0,47.7,0.0,0.0,423.55,423.55,0.0,0.0
2018-11-29,524.781,155.0,47.9,0.0,0.0,426.415,426.415,0.1,0.1
2018-11-30,509.719,146.0,48.1,0.0,0.0,429.25,429.25,0.1,0.1
2018-12-01,464.0,53.0,48.3,0.0,0.0,432.06,432.06,0.0,0.0
2018-12-02,359.312,24.0,48.5,0.0,0.0,434.85,434.85,0.05,0.05
2018-12-03,425.093,24.0,48.69,0.0,0.0,437.615,437.615,0.0076731795,0.0076731795
2018-12-04,0.0,28.0,48.89,0.0,0.0,440.36,440.36,0.0,0.0
2018-12-05,215.406,38.0,49.08,0.0,0.0,443.09,443.09,0.0,0.0
2018-12-06,0.0,35.0,49.27,0.0,0.0,445.805,445.805,0.0,0.0
2018-12-07,0.0,13.20478791,49.46,0.0,0.0,448.51,448.51,0.0,0.0
2018-12-08,0.0,95.0,49.65,0.0,0.0,451.2,451.2,0.0,0.0
2018-12-09,463.5,164.0,49.84,0.0,0.0,453.89,453.89,0.0,0.0
2018-12-10,478.187,316.0,50.03,0.0,0.0,456.57,456.57,0.0,0.0
2018-12-11,482.094,158.0,50.22,0.0,0.0,459.25,459.25,0.0,0.0
2018-12-12,463.406,123.0,50.42,0.0,0.0,461.925,461.925,0.0,0.0
2018-12-13,487.812,148.0,50.61,0.0,0.0,464.605,464.605,0.15,0.15
2018-12-14,501.594,164.0,50.8,0.0,0.0,467.29,467.29,0.0,0.0
2018-12-15,499.594,143.0,51.0,0.05,0.05,469.985,469.985,0.0,0.0
2018-12-16,582.219,184.0,51.2,0.0,0.0,472.745,472.745,0.1,0.1
2018-12-17,586.093,190.0,51.41,0.0,0.0,475.63,475.63,0.15,0.15
2018-12-18,482.688,163.0,51.63,0.0,0.0,478.625,478.625,0.05,0.05
2018-12-19,508.812,159.0,51.86,0.0,0.0,481.715,481.715,0.05,0.05
2018-12-20,432.094,133.0,52.09,0.0,0.0,484.885,484.885,0.05,0.05
2018-12-21,505.688,184.2702703,52.33,0.0,0.0,488.115,488.115,0.05,0.05
2018-12-22,428.312,151.7143451,52.57,0.0,0.0,491.4,491.4,0.1,0.1
2018-12-23,477.094,128.0153846,52.82,0.0,0.0,494.72,494.72,0.15,0.15
2018-12-24,524.094,188.9230769,53.07,0.0,0.0,498.065,498.065,0.1,0.1
2018-12-25,522.406,139.0769231,53.31,0.0,0.0,501.415,501.415,0.15,0.15
2018-12-26,434.219,114.0,53.56,0.0,0.0,504.755,504.755,0.05,0.05
2018-12-27,547.375,162.0,53.8,0.0,0.0,508.075,508.075,0.05,0.05
2018-12-28,572.125,165.0,54.05,0.0,0.0,511.36,511.36,0.05,0.05
2018-12-29,604.187,182.0,54.29,0.0,0.0,514.595,514.595,0.05,0.05
2018-12-30,598.688,186.0,54.52,0.0,0.0,517.76,517.76,0.0,0.0
2018-12-31,573.718,182.0,54.75,0.0,0.0,520.85,520.85,0.05,0.05
2019-01-01,553.9535,189.0,54.97,0.0,0.0,523.845,523.845,0.05,0.05
2019-01-02,652.093,185.8529412,55.18,1743.5,1743.5,526.73,526.73,2963.0,2963.0
2019-01-03,437.906,220.0,55.39,1758.5,1758.5,529.495,529.495,2791.0,2791.0
2019-01-04,415.406,136.1578947,55.58,0.0,0.0,532.12,532.12,0.0,0.0
2019-01-05,322.0,157.6190476,55.77,0.0,0.0,534.59,534.59,0.0,0.0
2019-01-06,228.0,153.0,55.94,0.0,0.0,536.895,536.895,0.0,0.0
2019-01-07,66.218,32.0,56.09,0.0,0.0,539.02,539.02,0.0,0.0
2019-01-08,157.219,56.0,56.24,6.5,6.5,540.95,540.95,0.0,0.0
2019-01-09,509.625,160.0,56.36,116.5,116.5,542.67,542.67,0.0,0.0
2019-01-10,566.907,199.0,56.48,93.5,93.5,544.165,544.165,72.0,72.0
2019-01-11,492.781,195.0,56.57,1511.5,1511.5,545.42,545.42,1165.5,1165.5
2019-01-12,632.562,218.0,56.64,1838.5,1838.5,546.42,546.42,1845.0,1845.0
2019-01-13,604.5,227.0,56.7,0.0,0.0,547.155,547.155,0.0,0.0
2019-01-14,541.094,169.0,56.73,0.0,0.0,547.605,547.605,0.0,0.0
2019-01-15,584.812,187.0,56.74,0.0,0.0,547.76,547.76,0.0,0.0
2019-01-16,568.688,204.0,56.74,0.0,0.0,547.735,547.735,0.0,0.0
2019-01-17,638.219,281.0,56.72,0.0,0.0,547.67,547.67,0.0,0.0
2019-01-18,542.687,277.0,56.69,0.0,0.0,547.555,547.555,0.0,0.0
2019-01-19,561.813,197.972973,56.66,0.0,0.0,547.4,547.4,0.0,0.0
2019-01-20,438.5,168.027027,56.61,0.0,0.0,547.205,547.205,0.1,0.1
2019-01-21,511.187,214.0,56.56,0.05,0.05,546.965,546.965,0.05,0.05
2019-01-22,525.906,220.0,56.5,0.0,0.0,546.685,546.685,0.05,0.05
2019-01-23,582.282,184.0,56.43,0.0,0.0,546.365,546.365,0.0,0.0
2019-01-24,450.312,206.0,56.36,0.0,0.0,546.005,546.005,0.0,0.0
2019-01-25,553.688,234.0,56.27,0.0,0.0,545.61,545.61,0.0,0.0
2019-01-26,582.5,138.0,56.19,0.0,0.0,545.175,545.175,0.0,0.0
2019-01-27,495.906,148.0,56.09,0.0,0.0,544.705,544.705,0.0,0.0
2019-01-28,548.906,187.0,55.99,0.0,0.0,544.2,544.2,0.0,0.0
2019-01-29,547.813,190.0,55.89,0.0,0.0,543.655,543.655,0.0,0.0
2019-01-30,539.375,170.0,55.78,0.0,0.0,543.08,543.08,0.0,0.0
2019-01-31,585.625,189.1470588,55.67,1758.5,1758.5,542.47,542.47,2982.5,2982.5
2019-02-01,514.7345,226.0,55.55,0.0,0.0,541.83,541.83,0.0,0.0
2019-02-02,553.782,154.0,55.44,733.5,733.5,541.155,541.155,1189.5,1189.5
2019-02-03,450.719,240.0,55.32,1776.5,1776.5,540.45,540.45,3017.0,3017.0
2019-02-04,374.0,132.0,55.2,0.0,0.0,539.72,539.72,0.0,0.0
2019-02-05,331.406,154.4454685,55.07,0.0,0.0,538.955,538.955,0.0,0.0
2019-02-06,216.718,154.0,54.95,0.0,0.0,538.165,538.165,0.0,0.0
2019-02-07,66.594,48.0,54.83,0.0,0.0,537.345,537.345,0.0,0.0
2019-02-08,255.875,85.0,54.71,1.0,1.0,536.5,536.5,0.0,0.0
2019-02-09,507.687,167.0,54.58,95.0,95.0,535.625,535.625,0.0,0.0
2019-02-10,516.875,206.0,54.46,0.0,0.0,534.73,534.73,0.0,0.0
2019-02-11,522.812,208.0,54.34,1791.5,1791.5,533.81,533.81,3028.5,3028.5
2019-02-12,548.625,155.0,54.23,1839.5,1839.5,532.865,532.865,2186.5,2186.5
2019-02-13,588.407,194.0,54.11,1820.5,1820.5,531.9,531.9,1811.5,1811.5
2019-02-14,517.187,256.0,54.0,1821.0,1821.0,530.91,530.91,1773.0,1773.0
2019-02-15,485.406,223.6666667,53.89,1681.5,1681.5,529.715,529.715,1698.0,1698.0
2019-02-16,493.688,266.3333333,53.78,1815.5,1815.5,528.13,528.13,1715.0,1715.0
2019-02-17,520.812,251.0,53.68,1823.0,1823.0,526.18,526.18,1791.0,1791.0
2019-02-18,437.407,247.0,53.57,1814.5,1814.5,523.88,523.88,2403.0,2403.0
2019-02-19,482.0,259.0,53.47,1824.0,1824.0,521.245,521.245,3096.0,3096.0
2019-02-20,524.093,239.0,53.36,1809.0,1809.0,518.3,518.3,2611.0,2611.0
2019-02-21,410.688,237.0,53.26,1714.75,1714.75,515.06,515.06,2634.5,2634.5
2019-02-22,437.2074118,236.0,53.15,1736.25,1736.25,511.54,511.54,1306.0,1306.0
2019-02-23,513.3865882,237.0,53.05,1812.0,1812.0,507.76,507.76,2651.0,2651.0
2019-02-24,493.218,210.0,52.94,1816.5,1816.5,503.735,503.735,3070.0,3070.0
2019-02-25,479.188,215.5,52.83,1810.5,1810.5,499.49,499.49,3060.5,3060.5
2019-02-26,500.5,258.5,52.71,1774.0,1774.0,495.035,495.035,3012.0,3012.0
2019-02-27,490.719,225.0,52.6,1785.0,1785.0,490.39,490.39,3024.5,3024.5
2019-02-28,395.375,210.0,52.48,1781.0,1781.0,485.575,485.575,3020.0,3020.0
2019-03-01,619.0,184.0,52.36,0.0,0.0,480.61,480.61,0.0,0.0
2019-03-02,541.125,171.0,52.23,1065.5,1065.5,475.505,475.505,1337.0,1337.0
2019-03-03,480.875,200.0,52.1,1733.0,1733.0,470.285,470.285,2959.0,2959.0
2019-03-04,401.688,148.0,51.96,0.0,0.0,464.965,464.965,0.0,0.0
2019-03-05,362.812,147.6131698,51.82,0.0,0.0,459.565,459.565,0.0,0.0
2019-03-06,201.782,128.0,51.68,0.0,0.0,454.1,454.1,0.0,0.0
2019-03-07,55.313,38.0,51.53,0.0,0.0,448.59,448.59,0.0,0.0
2019-03-08,207.218,101.0,51.37,0.0,0.0,443.05,443.05,0.0,0.0
2019-03-09,558.594,176.0,51.21,101.0,101.0,437.505,437.505,0.0,0.0
2019-03-10,480.718,189.0,51.04,841.5,841.5,431.965,431.965,1435.5,1435.5
2019-03-11,570.907,232.0,50.86,1774.0,1774.0,426.445,426.445,2991.0,2991.0
2019-03-12,552.375,198.0,50.67,907.0,907.0,420.975,420.975,106.0,106.0
2019-03-13,488.0,216.0,50.48,1316.0,1316.0,415.565,415.565,2020.0,2020.0
2019-03-14,444.312,145.0,50.28,1828.0,1828.0,410.235,410.235,3120.0,3120.0
2019-03-15,463.282,158.6808511,50.06,1826.0,1826.0,405.0,405.0,3013.5,3013.5
2019-03-16,391.312,128.3191489,49.82,1825.0,1825.0,399.675,399.675,2035.0,2035.0
2019-03-17,437.188,156.96,49.54,583.0,583.0,394.075,394.075,936.5,936.5
2019-03-18,454.125,181.7154386,49.2,0.0,0.0,388.215,388.215,0.0,0.0
2019-03-19,499.781,163.3245614,48.83,0.0,0.0,382.125,382.125,0.0,0.0
2019-03-20,534.406,163.2222222,48.41,0.0,0.0,375.82,375.82,0.0,0.0
2019-03-21,512.594,201.5277778,47.96,1305.5,1305.5,369.32,369.32,2224.5,2224.5
2019-03-22,486.0,160.0140845,47.48,1820.5,1820.5,362.65,362.65,3077.5,3077.5
2019-03-23,490.812,147.5492958,46.97,1804.0,1804.0,355.83,355.83,3044.0,3044.0
2019-03-24,442.782,124.6866197,46.42,1769.5,1769.5,348.875,348.875,2997.5,2997.5
2019-03-25,401.812,139.8557692,45.86,689.5,689.5,341.81,341.81,1112.0,1112.0
2019-03-26,417.906,118.7030543,45.27,0.0,0.0,334.66,334.66,0.0,0.0
2019-03-27,407.688,105.4411765,44.66,0.0,0.0,327.44,327.44,0.0,0.0
2019-03-28,465.812,137.0,44.03,0.0,0.0,320.17,320.17,0.0,0.0
2019-03-29,425.0,182.7640449,43.4,0.0,0.0,312.875,312.875,0.0,0.0
2019-03-30,397.907,156.2359551,42.75,0.0,0.0,305.575,305.575,0.0,0.0
2019-03-31,401.187,147.8421053,42.09,54.0,54.0,298.29,298.29,0.0,0.0
2019-04-01,681.812,197.0,41.43,0.0,0.0,291.04,291.04,0.0,0.0
2019-04-02,521.375,148.0,40.76,1792.5,1792.5,283.845,283.845,2927.5,2927.5
2019-04-03,485.125,182.0,40.1,1697.0,1697.0,276.73,276.73,2911.0,2911.0
2019-04-04,355.0,135.0,39.44,54.0,54.0,269.715,269.715,0.0,0.0
2019-04-05,321.0,74.97143685,38.78,0.0,0.0,262.815,262.815,0.0,0.0
2019-04-06,208.718,122.0,38.14,0.0,0.0,256.06,256.06,0.0,0.0
2019-04-07,88.687,42.0,37.5,0.0,0.0,249.46,249.46,0.0,0.0
2019-04-08,257.594,78.0,36.88,18.0,18.0,243.045,243.045,0.0,0.0
2019-04-09,537.406,177.0,36.28,97.5,97.5,236.83,236.83,0.0,0.0
2019-04-10,459.907,210.0,35.7,1796.5,1796.5,230.84,230.84,3032.5,3032.5
2019-04-11,612.187,203.0,35.14,1764.5,1764.5,225.095,225.095,2977.0,2977.0
2019-04-12,520.938,146.0,34.61,0.0,0.0,219.615,219.615,0.0,0.0
2019-04-13,302.688,139.0,34.11,128.0,128.0,214.42,214.42,0.0,0.0
2019-04-14,343.594,151.0,33.64,0.0,0.0,209.53,209.53,0.0,0.0
2019-04-15,322.5,138.0,33.2,0.0,0.0,204.965,204.965,0.0,0.0
2019-04-16,415.5,132.0,32.78,3.0,3.0,200.57,200.57,0.0,0.0
2019-04-17,411.812,114.2857143,32.35,53.5,53.5,196.17,196.17,0.0,0.0
2019-04-18,391.188,142.8885976,31.91,6.5,6.5,191.78,191.78,0.0,0.0
2019-04-19,402.718,197.7006881,31.47,18.5,18.5,187.4,187.4,0.0,0.0
2019-04-20,390.5,341.125,31.02,52.5,52.5,183.04,183.04,0.0,0.0
2019-04-21,298.688,265.0,30.57,0.0,0.0,178.71,178.71,0.0,0.0
2019-04-22,357.219,267.0,30.12,0.0,0.0,174.415,174.415,0.0,0.0
2019-04-23,364.5,317.7692308,29.68,0.0,0.0,170.17,170.17,0.0,0.0
2019-04-24,398.781,264.5478424,29.23,0.0,0.0,165.98,165.98,0.0,0.0
2019-04-25,388.312,279.7502345,28.79,0.0,0.0,161.85,161.85,0.0,0.0
2019-04-26,362.688,268.9326923,28.35,0.0,0.0,157.79,157.79,0.0,0.0
2019-04-27,384.219,312.0,27.92,0.0,0.0,153.81,153.81,0.0,0.0
2019-04-28,326.0,258.0,27.5,0.0,0.0,149.915,149.915,0.0,0.0
2019-04-29,357.0,173.0,27.09,0.0,0.0,146.115,146.115,0.0,0.0
2019-04-30,339.875,91.0,26.69,0.0,0.0,142.415,142.415,0.0,0.0
2019-05-01,613.782,206.0,26.3,0.0,0.0,138.83,138.83,0.0,0.0
2019-05-02,549.5,173.0,25.92,1792.0,1792.0,135.365,135.365,2244.0,2244.0
2019-05-03,441.093,157.0,25.56,1808.25,1808.25,132.025,132.025,3064.0,3064.0
2019-05-04,356.219,133.0,25.22,0.0,0.0,128.82,128.82,0.0,0.0
2019-05-05,288.907,77.35087719,24.9,0.0,0.0,125.76,125.76,0.0,0.0
2019-05-06,209.188,165.0,24.59,0.0,0.0,122.85,122.85,0.0,0.0
2019-05-07,153.688,32.0,24.31,0.0,0.0,120.105,120.105,0.0,0.0
2019-05-08,251.188,91.0,24.05,9.5,9.5,117.525,117.525,0.0,0.0
2019-05-09,519.813,164.0,23.81,6.5,6.5,115.12,115.12,0.0,0.0
2019-05-10,462.875,166.0,23.6,1775.5,1775.5,112.9,112.9,2996.5,2996.5
2019-05-11,585.594,203.0,23.41,1755.5,1755.5,110.875,110.875,2745.5,2745.5
2019-05-12,464.187,129.0,23.25,0.0,0.0,109.045,109.045,0.0,0.0
2019-05-13,181.625,79.0,23.13,0.0,0.0,107.43,107.43,0.0,0.0
2019-05-14,212.875,62.0,23.03,0.0,0.0,106.03,106.03,0.0,0.0
2019-05-15,192.0,66.0,22.97,0.0,0.0,104.855,104.855,0.0,0.0
2019-05-16,218.218,63.0,22.92,0.0,0.0,103.805,103.805,0.0,0.0
2019-05-17,234.0,64.0,22.88,0.0,0.0,102.77,102.77,0.0,0.0
2019-05-18,214.0,93.0,22.84,0.0,0.0,101.75,101.75,0.0,0.0
2019-05-19,219.0,63.0,22.81,0.0,0.0,100.75,100.75,0.0,0.0
2019-05-20,219.5,90.0,22.78,0.0,0.0,99.775,99.775,0.0,0.0
2019-05-21,232.782,75.0,22.75,0.0,0.0,98.815,98.815,0.0,0.0
2019-05-22,217.718,75.0,22.72,0.0,0.0,97.885,97.885,0.0,0.0
2019-05-23,259.188,94.0,22.69,0.0,0.0,96.975,96.975,0.0,0.0
2019-05-24,199.594,68.0,22.67,0.0,0.0,96.09,96.09,0.0,0.0
2019-05-25,164.906,81.0,22.65,0.0,0.0,95.23,95.23,0.0,0.0
2019-05-26,167.719,65.0,22.63,0.0,0.0,94.4,94.4,0.0,0.0
2019-05-27,123.875,75.0,22.61,0.0,0.0,93.595,93.595,0.0,0.0
2019-05-28,94.625,62.0,22.59,0.0,0.0,92.82,92.82,0.0,0.0
2019-05-29,138.781,51.0,22.57,0.0,0.0,92.08,92.08,0.0,0.0
2019-05-30,84.406,87.0,22.56,0.0,0.0,91.37,91.37,0.0,0.0
2019-05-31,198.188,162.0,22.54,0.0,0.0,90.695,90.695,0.0,0.0
2019-06-01,604.218,200.0,22.52,0.0,0.0,90.055,90.055,0.0,0.0
2019-06-02,629.906,173.0,22.51,1794.0,1794.0,89.45,89.45,3035.5,3035.5
2019-06-03,512.282,171.0,22.49,1826.75,1826.75,88.885,88.885,3121.5,3121.5
2019-06-04,343.187,133.0,22.47,0.0,0.0,88.355,88.355,0.0,0.0
2019-06-05,296.0,84.05859375,22.46,0.0,0.0,87.865,87.865,0.0,0.0
2019-06-06,213.906,70.0,22.44,0.0,0.0,87.415,87.415,0.0,0.0
2019-06-07,133.312,28.0,22.42,0.0,0.0,87.01,87.01,0.0,0.0
2019-06-08,236.5,87.0,22.4,41.5,41.5,86.645,86.645,0.0,0.0
2019-06-09,597.281,210.0,22.38,1.0,1.0,86.325,86.325,0.0,0.0
2019-06-10,464.5,176.0,22.35,849.5,849.5,86.055,86.055,1280.0,1280.0
2019-06-11,635.219,199.0,22.33,1792.5,1792.5,85.83,85.83,1701.5,1701.5
2019-06-12,570.875,156.0,22.3,0.0,0.0,85.65,85.65,0.0,0.0
2019-06-13,96.094,26.88785047,22.27,0.0,0.0,85.52,85.52,0.0,0.0
2019-06-14,79.906,28.26168224,22.24,0.0,0.0,85.445,85.445,0.0,0.0
2019-06-15,211.094,56.96041493,22.2,0.0,0.0,85.415,85.415,0.0,0.0
2019-06-16,163.5,20.35602094,22.16,0.0,0.0,85.425,85.425,0.0,0.0
2019-06-17,91.0,32.53403141,22.11,0.0,0.0,85.45,85.45,0.0,0.0
2019-06-18,74.718,31.0,22.05,0.0,0.0,85.495,85.495,0.0,0.0
2019-06-19,117.407,26.0,21.98,0.0,0.0,85.55,85.55,0.0,0.0
2019-06-20,107.0,48.0,21.91,0.0,0.0,85.62,85.62,0.0,0.0
2019-06-21,90.0,32.0,21.83,0.0,0.0,85.7,85.7,0.0,0.0
2019-06-22,89.0,26.0,21.75,0.0,0.0,85.795,85.795,0.0,0.0
2019-06-23,104.281,24.0,21.66,0.0,0.0,85.895,85.895,0.0,0.0
2019-06-24,101.219,22.0,21.57,0.0,0.0,86.005,86.005,0.0,0.0
2019-06-25,89.375,34.75675676,21.47,0.0,0.0,86.125,86.125,0.0,0.0
2019-06-26,102.0,52.41178257,21.38,0.0,0.0,86.25,86.25,0.0,0.0
2019-06-27,65.906,54.91579802,21.28,0.0,0.0,86.375,86.375,0.0,0.0
2019-06-28,85.594,107.9156626,21.18,0.0,0.0,86.51,86.51,0.0,0.0
2019-06-29,108.718,27.0,21.08,0.0,0.0,86.645,86.645,0.0,0.0
2019-06-30,113.782,27.0,20.98,0.0,0.0,86.78,86.78,0.0,0.0
2019-07-01,526.907,170.5714286,20.88,0.0,0.0,86.915,86.915,0.0,0.0
2019-07-02,649.5,172.0,20.78,1796.0,1796.0,87.05,87.05,2591.0,2591.0
2019-07-03,495.406,183.0,20.69,1826.5,1826.5,87.185,87.185,3126.5,3126.5
2019-07-04,366.313,130.0,20.6,53.0,53.0,87.315,87.315,0.0,0.0
2019-07-05,252.375,78.1875,20.51,0.0,0.0,87.44,87.44,0.0,0.0
2019-07-06,200.188,0.0,20.43,0.0,0.0,87.555,87.555,0.0,0.0
2019-07-07,72.313,35.0,20.35,6.0,6.0,87.665,87.665,0.0,0.0
2019-07-08,274.312,93.0,20.28,54.5,54.5,87.77,87.77,0.0,0.0
2019-07-09,567.719,211.0,20.22,1.0,1.0,87.86,87.86,0.0,0.0
2019-07-10,520.812,187.0,20.17,0.0,0.0,87.945,87.945,0.0,0.0
2019-07-11,591.375,188.0,20.12,1829.5,1829.5,88.015,88.015,1741.0,1741.0
2019-07-12,558.313,152.0,20.08,0.0,0.0,88.07,88.07,0.0,0.0
2019-07-13,110.906,22.0,20.06,0.0,0.0,88.11,88.11,0.0,0.0
2019-07-14,80.688,31.0,20.04,0.0,0.0,88.135,88.135,0.0,0.0
2019-07-15,118.812,26.0,20.03,0.0,0.0,88.145,88.145,0.0,0.0
2019-07-16,101.688,40.0,20.03,0.0,0.0,88.14,88.14,0.0,0.0
2019-07-17,130.219,23.0,20.03,0.0,0.0,88.12,88.12,0.0,0.0
2019-07-18,130.093,24.0,20.03,0.0,0.0,88.09,88.09,0.0,0.0
2019-07-19,122.094,32.0,20.04,0.0,0.0,88.045,88.045,0.0,0.0
2019-07-20,129.313,27.0,20.04,0.0,0.0,87.99,87.99,0.0,0.0
2019-07-21,108.187,11.0,20.04,0.0,0.0,87.93,87.93,0.0,0.0
2019-07-22,96.594,14.0,20.04,0.0,0.0,87.86,87.86,0.0,0.0
2019-07-23,102.0,18.23383085,20.05,22.5,22.5,87.78,87.78,0.0,0.0
2019-07-24,98.312,22.20895522,20.05,0.0,0.0,87.7,87.7,0.0,0.0
2019-07-25,138.782,38.55721393,20.06,0.0,0.0,87.61,87.61,0.0,0.0
2019-07-26,135.218,42.0,20.06,5.0,5.0,87.515,87.515,0.0,0.0
2019-07-27,174.907,60.0,20.07,0.0,0.0,87.415,87.415,0.0,0.0
2019-07-28,154.281,50.0,20.07,0.0,0.0,87.31,87.31,0.0,0.0
2019-07-29,178.719,53.23529412,20.08,0.0,0.0,87.205,87.205,0.0,0.0
2019-07-30,163.781,53.76470588,20.09,0.0,0.0,87.1,87.1,0.0,0.0
2019-07-31,162.0,70.0,20.09,0.0,0.0,86.995,86.995,0.0,0.0
2019-08-01,488.781,162.4285714,20.1,0.0,0.0,86.89,86.89,0.0,0.0
2019-08-02,728.0,202.0,20.11,1775.5,1775.5,86.785,86.785,3011.0,3011.0
2019-08-03,478.406,186.0,20.12,1396.5,1396.5,86.685,86.685,2332.0,2332.0
2019-08-04,363.593,142.0,20.13,2.0,2.0,86.585,86.585,0.0,0.0
2019-08-05,298.312,77.75390625,20.14,0.0,0.0,86.49,86.49,0.0,0.0
2019-08-06,182.406,49.0,20.15,0.0,0.0,86.4,86.4,0.0,0.0
2019-08-07,96.593,16.0,20.16,0.0,0.0,86.315,86.315,0.0,0.0
2019-08-08,289.094,159.0,20.17,76.5,76.5,86.235,86.235,0.0,0.0
2019-08-09,528.281,173.0,20.18,40.0,40.0,86.165,86.165,0.0,0.0
2019-08-10,498.0,179.0,20.19,0.0,0.0,86.105,86.105,0.0,0.0
2019-08-11,605.5,207.0,20.2,1832.5,1832.5,86.05,86.05,2774.5,2774.5
2019-08-12,519.437,135.0,20.22,0.0,0.0,86.01,86.01,0.0,0.0
2019-08-13,295.187,141.0,20.23,9.5,9.5,85.98,85.98,0.0,0.0
2019-08-14,341.313,132.0,20.24,0.0,0.0,85.96,85.96,0.0,0.0
2019-08-15,358.875,158.0,20.26,19.5,19.5,85.95,85.95,0.0,0.0
2019-08-16,411.312,133.0,20.29,91.0,91.0,86.0,86.0,0.0,0.0
2019-08-17,391.688,149.0,20.34,13.0,13.0,86.14,86.14,0.0,0.0
2019-08-18,378.5,140.0,20.43,0.0,0.0,86.375,86.375,0.0,0.0
2019-08-19,371.0,158.0,20.54,11.0,11.0,86.695,86.695,0.0,0.0
2019-08-20,404.906,147.0,20.67,17.0,17.0,87.1,87.1,0.0,0.0
2019-08-21,349.5,133.0,20.82,150.5,150.5,87.59,87.59,0.0,0.0
2019-08-22,397.906,172.0,21.0,70.5,70.5,88.16,88.16,0.0,0.0
2019-08-23,400.313,170.0,21.2,54.5,54.5,88.81,88.81,0.0,0.0
2019-08-24,399.0,190.0,21.41,78.0,78.0,89.535,89.535,0.0,0.0
2019-08-25,439.281,184.0,21.64,34.0,34.0,90.33,90.33,0.0,0.0
2019-08-26,442.406,166.0,21.88,1.0,1.0,91.195,91.195,0.0,0.0
2019-08-27,465.5,176.0,22.14,153.5,153.5,92.13,92.13,0.0,0.0
2019-08-28,456.188,177.0,22.4,32.5,32.5,93.13,93.13,0.0,0.0
2019-08-29,459.812,181.0,22.68,22.0,22.0,94.19,94.19,0.0,0.0
2019-08-30,499.688,165.0,22.97,4.0,4.0,95.31,95.31,0.0,0.0
2019-08-31,495.5,170.0,23.26,70.5,70.5,96.485,96.485,0.0,0.0
2019-09-01,597.0,194.0,23.56,0.05,0.05,97.72,97.72,0.1,0.1
2019-09-02,696.594,170.0,23.86,1765.0,1765.0,99.0,99.0,2994.5,2994.5
2019-09-03,421.5,171.0,24.17,0.0,0.0,100.335,100.335,0.0,0.0
2019-09-04,412.188,138.0,24.48,0.0,0.0,101.71,101.71,0.0,0.0
2019-09-05,285.188,129.3406593,24.78,0.0,0.0,103.135,103.135,0.0,0.0
2019-09-06,60.312,28.0,25.08,0.0,0.0,104.6,104.6,0.0,0.0
2019-09-07,92.282,31.0,25.38,9.5,9.5,106.1,106.1,0.0,0.0
2019-09-08,277.719,178.0,25.68,1.5,1.5,107.635,107.635,0.0,0.0
2019-09-09,545.812,159.0,25.97,0.0,0.0,109.21,109.21,0.0,0.0
2019-09-10,530.313,172.75,26.25,0.0,0.0,110.81,110.81,0.0,0.0
2019-09-11,582.406,193.0,26.52,1817.5,1817.5,112.44,112.44,1433.0,1433.0
2019-09-12,454.875,151.0,26.77,0.0,0.0,114.095,114.095,0.0,0.0
2019-09-13,577.406,170.0,27.02,0.0,0.0,115.77,115.77,0.0,0.0
2019-09-14,506.813,161.0,27.25,0.0,0.0,117.47,117.47,0.0,0.0
2019-09-15,471.593,179.0,27.47,61.5,61.5,119.185,119.185,0.0,0.0
2019-09-16,501.0,178.0,27.67,13.0,13.0,121.075,121.075,0.0,0.0
2019-09-17,506.5,164.0,27.87,0.0,0.0,123.295,123.295,0.0,0.0
2019-09-18,487.407,176.0,28.06,33.0,33.0,125.825,125.825,0.0,0.0
2019-09-19,465.781,185.0,28.25,23.5,23.5,128.65,128.65,0.0,0.0
2019-09-20,494.094,188.0,28.43,65.5,65.5,131.75,131.75,0.0,0.0
2019-09-21,536.5,178.0,28.6,55.0,55.0,135.11,135.11,8.0,8.0
2019-09-22,464.812,213.0,28.78,45.5,45.5,138.71,138.71,3.0,3.0
2019-09-23,468.594,186.0,28.95,33.0,33.0,142.53,142.53,1.0,1.0
2019-09-24,484.906,192.0,29.12,652.5,652.5,146.565,146.565,184.5,184.5
2019-09-25,478.188,180.0,29.29,1658.0,1658.0,150.785,150.785,1291.5,1291.5
2019-09-26,496.0,175.0,29.45,1531.0,1531.0,155.18,155.18,1487.5,1487.5
2019-09-27,460.125,184.0,29.62,1635.0,1635.0,159.73,159.73,2395.0,2395.0
2019-09-28,452.375,184.0,29.78,1622.5,1622.5,164.415,164.415,2801.5,2801.5
2019-09-29,481.812,188.0,29.94,1625.0,1625.0,169.225,169.225,2094.0,2094.0
2019-09-30,488.406,181.0,30.11,1642.5,1642.5,174.135,174.135,1582.5,1582.5
2019-10-01,616.5,172.0,30.28,0.0,0.0,179.135,179.135,0.0,0.0
2019-10-02,533.812,183.0,30.44,1743.0,1743.0,184.205,184.205,2966.0,2966.0
2019-10-03,379.188,161.0,30.62,0.0,0.0,189.325,189.325,0.0,0.0
2019-10-04,363.094,227.0,30.79,105.0,105.0,194.48,194.48,53.5,53.5
2019-10-05,311.906,231.9593407,30.97,0.0,0.0,199.655,199.655,0.0,0.0
2019-10-06,97.0,30.0,31.15,0.0,0.0,204.825,204.825,0.0,0.0
2019-10-07,83.125,74.0,31.34,0.0,0.0,209.985,209.985,0.0,0.0
2019-10-08,302.187,157.0,31.53,65.5,65.5,215.105,215.105,0.0,0.0
2019-10-09,538.907,179.0,31.73,40.5,40.5,220.175,220.175,0.0,0.0
2019-10-10,447.593,178.25,31.93,0.0,0.0,225.18,225.18,0.0,0.0
2019-10-11,547.094,165.0,32.14,1839.0,1839.0,230.095,230.095,1436.5,1436.5
2019-10-12,696.375,184.0,32.36,0.0,0.0,234.91,234.91,0.0,0.0
2019-10-13,447.219,174.0,32.59,48.0,48.0,239.605,239.605,0.0,0.0
2019-10-14,494.687,173.0,32.82,0.0,0.0,244.16,244.16,0.0,0.0
2019-10-15,420.5,193.0,33.06,0.0,0.0,248.565,248.565,0.0,0.0
2019-10-16,484.094,173.0,33.32,0.0,0.0,252.91,252.91,0.0,0.0
2019-10-17,562.0,262.0,33.61,0.0,0.0,257.305,257.305,0.0,0.0
2019-10-18,534.5,299.0,33.91,48.5,48.5,261.75,261.75,0.0,0.0
2019-10-19,412.719,190.0,34.23,0.0,0.0,266.23,266.23,0.0,0.0
2019-10-20,484.0,148.0,34.56,0.0,0.0,270.745,270.745,0.0,0.0
2019-10-21,520.5,165.0,34.92,0.0,0.0,275.29,275.29,0.0,0.0
2019-10-22,483.0,178.0,35.29,1236.5,1236.5,279.86,279.86,216.5,216.5
2019-10-23,478.093,152.0,35.67,1838.0,1838.0,284.445,284.445,216.0,216.0
2019-10-24,444.407,166.0,36.06,1832.5,1832.5,289.045,289.045,327.0,327.0
2019-10-25,500.5,196.0,36.46,1842.0,1842.0,293.65,293.65,272.0,272.0
2019-10-26,497.187,197.0,36.87,1685.5,1685.5,298.26,298.26,217.0,217.0
2019-10-27,528.813,201.0,37.29,369.0,369.0,302.865,302.865,0.0,0.0
2019-10-28,426.0,164.0,37.71,0.0,0.0,307.46,307.46,0.0,0.0
2019-10-29,467.781,172.0,38.14,0.0,0.0,312.045,312.045,0.0,0.0
2019-10-30,516.406,195.0,38.57,0.0,0.0,316.61,316.61,0.0,0.0
2019-10-31,499.813,172.0,39.0,679.5,679.5,321.15,321.15,0.0,0.0
2019-11-01,601.094,243.0,39.43,0.0,0.0,325.66,325.66,0.0,0.0
2019-11-02,594.188,183.0,39.86,1770.0,1770.0,330.135,330.135,2938.0,2938.0
2019-11-03,456.218,183.0,40.29,0.0,0.0,334.57,334.57,0.0,0.0
2019-11-04,293.812,127.0,40.71,97.0,97.0,338.955,338.955,42.0,42.0
2019-11-05,284.812,179.822449,41.13,0.0,0.0,343.295,343.295,0.0,0.0
2019-11-06,112.282,25.0,41.54,0.0,0.0,347.575,347.575,0.0,0.0
2019-11-07,64.687,41.0,41.94,0.0,0.0,351.79,351.79,0.0,0.0
2019-11-08,278.5,106.0,42.33,0.0,0.0,355.945,355.945,0.0,0.0
2019-11-09,523.093,166.0,42.71,40.0,40.0,360.02,360.02,0.0,0.0
2019-11-10,417.282,220.0,43.08,0.0,0.0,364.02,364.02,0.0,0.0
2019-11-11,555.0,134.0,43.43,1438.0,1438.0,367.94,367.94,1339.0,1339.0
2019-11-12,576.813,202.0,43.77,48.5,48.5,371.765,371.765,0.0,0.0
2019-11-13,580.406,203.0,44.09,0.0,0.0,375.5,375.5,0.0,0.0
2019-11-14,613.5,153.0,44.39,0.0,0.0,379.135,379.135,0.0,0.0
2019-11-15,623.406,183.0,44.67,0.0,0.0,382.665,382.665,0.0,0.0
2019-11-16,670.875,181.0,44.93,0.0,0.0,386.115,386.115,0.0,0.0
2019-11-17,620.5,148.0,45.19,0.0,0.0,389.5,389.5,0.0,0.0
2019-11-18,674.25,153.0,45.45,0.0,0.0,392.83,392.83,0.0,0.0
2019-11-19,675.0,186.0,45.69,49.0,49.0,396.105,396.105,0.0,0.0
2019-11-20,657.188,157.0,45.93,0.0,0.0,399.33,399.33,0.0,0.0
2019-11-21,663.375,188.0,46.17,0.0,0.0,402.51,402.51,0.0,0.0
2019-11-22,893.125,182.0,46.4,1194.5,1194.5,405.635,405.635,215.5,215.5
2019-11-23,813.375,197.0,46.63,1841.5,1841.5,408.72,408.72,330.5,330.5
2019-11-24,685.687,186.0,46.85,1841.5,1841.5,411.76,411.76,326.0,326.0
2019-11-25,716.938,202.0,47.07,1842.0,1842.0,414.765,414.765,267.5,267.5
2019-11-26,707.687,227.0,47.28,1841.5,1841.5,417.725,417.725,2067.0,2067.0
2019-11-27,719.0,223.0,47.49,1840.5,1840.5,420.655,420.655,3370.5,3370.5
2019-11-28,682.625,192.0,47.7,1839.0,1839.0,423.55,423.55,2345.5,2345.5
2019-11-29,594.063,207.0,47.9,1841.0,1841.0,426.415,426.415,1442.0,1442.0
2019-11-30,646.625,204.0,48.1,1842.0,1842.0,429.25,429.25,1432.5,1432.5
2019-12-01,549.812,205.0,48.3,0.0,0.0,432.06,432.06,0.0,0.0
2019-12-02,539.218,183.0,48.5,1795.0,1795.0,434.85,434.85,1956.5,1956.5
2019-12-03,448.188,182.0,48.69,643.5,643.5,437.615,437.615,533.5,533.5
2019-12-04,323.406,112.0,48.89,96.0,96.0,440.36,440.36,35.5,35.5
2019-12-05,257.282,68.87755102,49.08,0.0,0.0,443.09,443.09,0.0,0.0
2019-12-06,96.906,53.0,49.27,0.0,0.0,445.805,445.805,0.0,0.0
2019-12-07,115.0,38.0,49.46,4.5,4.5,448.51,448.51,0.0,0.0
2019-12-08,295.813,138.0,49.65,0.0,0.0,451.2,451.2,0.0,0.0
2019-12-09,584.188,181.0,49.84,40.5,40.5,453.89,453.89,0.0,0.0
2019-12-10,371.906,157.0,50.03,0.0,0.0,456.57,456.57,0.0,0.0
2019-12-11,568.5,156.0,50.22,71.5,71.5,459.25,459.25,0.0,0.0
2019-12-12,644.437,218.0,50.42,0.0,0.0,461.925,461.925,0.0,0.0
2019-12-13,614.0,224.0,50.61,0.0,0.0,464.605,464.605,0.0,0.0
2019-12-14,596.875,174.0,50.8,857.5,857.5,467.29,467.29,605.0,605.0
2019-12-15,589.125,174.0,51.0,934.5,934.5,469.985,469.985,0.0,0.0
2019-12-16,507.563,158.2045455,51.2,446.0,446.0,472.745,472.745,167.5,167.5
2019-12-17,588.687,174.7954545,51.41,0.0,0.0,475.63,475.63,0.0,0.0
2019-12-18,511.5,123.0,51.63,0.0,0.0,478.625,478.625,0.0,0.0
2019-12-19,549.5,163.0,51.86,0.0,0.0,481.715,481.715,0.0,0.0
2019-12-20,593.5,152.0,52.09,0.0,0.0,484.885,484.885,0.0,0.0
2019-12-21,561.625,155.0,52.33,0.0,0.0,488.115,488.115,0.0,0.0
2019-12-22,607.125,191.0,52.57,0.0,0.0,491.4,491.4,0.0,0.0
2019-12-23,679.0,193.0,52.82,49.0,49.0,494.72,494.72,0.0,0.0
2019-12-24,720.188,199.0,53.07,0.0,0.0,498.065,498.065,0.0,0.0
2019-12-25,712.875,209.0,53.31,0.0,0.0,501.415,501.415,0.0,0.0
2019-12-26,653.125,183.0,53.56,598.5,598.5,504.755,504.755,384.5,384.5
2019-12-27,627.687,198.0,53.8,1837.0,1837.0,508.075,508.075,2198.5,2198.5
2019-12-28,628.125,191.0,54.05,1823.5,1823.5,511.36,511.36,2803.5,2803.5
2019-12-29,623.063,205.0,54.29,1826.5,1826.5,514.595,514.595,3071.5,3071.5
2019-12-30,649.937,186.0,54.52,1833.5,1833.5,517.76,517.76,3239.5,3239.5
2019-12-31,658.75,218.0,54.75,1831.5,1831.5,520.85,520.85,2699.0,2699.0
2020-01-01,679.813,213.0,54.97,1824.5,1824.5,523.845,523.845,2684.5,2684.5
2020-01-02,496.625,203.0,55.18,1270.0,1270.0,526.73,526.73,1089.5,1089.5
2020-01-03,483.687,178.0,55.39,0.0,0.0,529.495,529.495,0.0,0.0
2020-01-04,426.187,173.0,55.58,1739.5,1739.5,532.12,532.12,2975.5,2975.5
2020-01-05,483.75,134.0,55.77,0.0,0.0,534.59,534.59,0.0,0.0
2020-01-06,329.312,119.0,55.94,10.5,10.5,536.895,536.895,0.0,0.0
2020-01-07,124.687,73.0,56.09,0.0,0.0,539.02,539.02,0.0,0.0
2020-01-08,292.5,118.0,56.24,0.0,0.0,540.95,540.95,0.0,0.0
2020-01-09,0.0,224.0,56.36,5.0,5.0,542.67,542.67,0.0,0.0
2020-01-10,0.0,227.0,56.48,0.0,0.0,544.165,544.165,0.0,0.0
2020-01-11,441.2,208.0,56.57,253.5,253.5,545.42,545.42,0.0,0.0
2020-01-12,406.0,231.0,56.64,1534.0,1534.0,546.42,546.42,562.5,562.5
2020-01-13,658.688,172.0,56.7,1831.3,1831.3,547.155,547.155,2249.5,2249.5
2020-01-14,706.0,208.0,56.73,1820.5,1820.5,547.605,547.605,2246.0,2246.0
2020-01-15,636.0,242.0,56.74,1823.5,1823.5,547.76,547.76,2327.0,2327.0
2020-01-16,658.125,252.0,56.74,1790.5,1790.5,547.735,547.735,3012.5,3012.5
2020-01-17,688.187,249.0,56.72,1775.5,1775.5,547.675,547.675,2988.0,2988.0
2020-01-18,669.375,248.0,56.7,1754.0,1754.0,547.57,547.57,2971.5,2971.5
2020-01-19,650.125,207.0,56.67,1732.0,1732.0,547.425,547.425,2956.5,2956.5
2020-01-20,780.313,238.0,56.62,1719.5,1719.5,547.245,547.245,2941.0,2941.0
2020-01-21,823.812,240.0,56.57,1736.0,1736.0,547.02,547.02,2944.0,2944.0
2020-01-22,880.0,218.0,56.52,1661.5,1661.5,546.76,546.76,2769.0,2769.0
2020-01-23,724.563,228.0,56.45,1760.5,1760.5,546.465,546.465,2973.0,2973.0
2020-01-24,680.0,258.0,56.38,1734.0,1734.0,546.13,546.13,2963.0,2963.0
2020-01-25,679.5,281.0,56.3,1738.0,1738.0,545.76,545.76,2955.5,2955.5
2020-01-26,678.937,261.25,56.22,1732.0,1732.0,545.355,545.355,2936.0,2936.0
2020-01-27,695.0,241.75,56.13,1691.0,1691.0,544.915,544.915,2906.5,2906.5
2020-01-28,701.5,328.0,56.04,1674.0,1674.0,544.44,544.44,2899.0,2899.0
2020-01-29,726.188,271.0,55.94,1710.0,1710.0,543.935,543.935,2910.0,2910.0
2020-01-30,708.0,224.0,55.84,1734.0,1734.0,543.395,543.395,2939.5,2939.5
2020-01-31,602.375,195.0,55.73,1736.5,1736.5,542.82,542.82,2946.5,2946.5
2020-02-01,545.0,156.0,55.62,1488.0,1488.0,542.22,542.22,2516.5,2516.5
2020-02-02,551.812,204.0,55.51,1660.0,1660.0,541.585,541.585,2853.0,2853.0
2020-02-03,84.5,188.0,55.4,0.0,0.0,540.925,540.925,1268.5,1268.5
2020-02-04,446.25,175.0,55.28,1366.0,1366.0,540.23,540.23,1843.5,1843.5
2020-02-05,423.188,148.0,55.16,0.5,0.5,539.51,539.51,0.0,0.0
2020-02-06,330.875,116.0,55.05,1.0,1.0,538.765,538.765,0.0,0.0
2020-02-07,91.25,81.0,54.93,5.5,5.5,537.99,537.99,0.0,0.0
2020-02-08,242.688,101.0,54.81,2.0,2.0,537.19,537.19,0.0,0.0
2020-02-09,0.0,192.0,54.69,25.0,25.0,536.365,536.365,0.0,0.0
2020-02-10,0.0,223.0,54.57,0.0,0.0,535.515,535.515,0.0,0.0
2020-02-11,442.2,187.0,54.45,1224.5,1224.5,534.64,534.64,1548.0,1548.0
2020-02-12,513.5,276.0,54.33,1746.5,1746.5,533.74,533.74,1403.0,1403.0
2020-02-13,612.187,198.0,54.22,1841.5,1841.5,532.82,532.82,2665.5,2665.5
2020-02-14,620.5,223.0,54.11,1841.5,1841.5,531.88,531.88,2212.5,2212.5
2020-02-15,587.5,207.2142857,54.0,1842.0,1842.0,530.915,530.915,2179.0,2179.0
2020-02-16,572.875,199.7857143,53.89,1842.0,1842.0,529.74,529.74,1057.5,1057.5
2020-02-17,501.625,199.0,53.79,1811.0,1811.0,528.175,528.175,433.5,433.5
2020-02-18,557.188,228.9166667,53.68,1804.0108245,1804.0108245,526.24,526.24,2509.5,2509.5
2020-02-19,543.937,220.0833333,53.58,1839.9891755,1839.9891755,523.955,523.955,1802.0,1802.0
2020-02-20,539.75,189.0,53.48,1839.5,1839.5,521.335,521.335,1874.5,1874.5
2020-02-21,541.438,198.0,53.37,1841.0,1841.0,518.395,518.395,2159.0,2159.0
2020-02-22,445.312,185.0,53.27,681.5,681.5,515.16,515.16,1101.5,1101.5
2020-02-23,451.5,176.0,53.16,0.0,0.0,511.645,511.645,0.0,0.0
2020-02-24,504.688,203.0,53.05,1261.0,1261.0,507.865,507.865,1954.0,1954.0
2020-02-25,521.0016653,221.0,52.95,1835.0,1835.0,503.845,503.845,3142.5,3142.5
2020-02-26,552.8733347,231.0,52.83,1823.5,1823.5,499.595,499.595,3087.5,3087.5
2020-02-27,678.312,218.0,52.72,1824.5,1824.5,495.135,495.135,3053.5,3053.5
2020-02-28,566.875,165.0,52.61,249.5,249.5,490.49,490.49,3057.0,3057.0
2020-02-29,434.813,162.0,52.49,0.0,0.0,485.67,485.67,957.5,957.5
2020-03-01,613.125,189.0,52.36,102.0,102.0,480.695,480.695,0.0,0.0
2020-03-02,565.25,187.0,52.24,1743.0,1743.0,475.585,475.585,2317.5,2317.5
2020-03-03,0.0,181.0,52.11,0.0,0.0,470.36,470.36,2715.0,2715.0
2020-03-04,441.25,200.0,51.97,1044.0,1044.0,465.03,465.03,688.5,688.5
2020-03-05,352.187,124.0,51.83,9.5,9.5,459.625,459.625,0.0,0.0
2020-03-06,281.625,126.0,51.68,4.0,4.0,454.15,454.15,0.0,0.0
2020-03-07,113.75,72.0,51.53,7.5,7.5,448.63,448.63,0.0,0.0
2020-03-08,200.0,121.0,51.37,4.5,4.5,443.085,443.085,0.0,0.0
2020-03-09,0.0,218.0,51.21,59.5,59.5,437.53,437.53,0.0,0.0
2020-03-10,0.0,223.0,51.04,47.5,47.5,431.98,431.98,0.0,0.0
2020-03-11,556.5,238.0,50.86,1776.5,1776.5,426.46,426.46,3370.0,3370.0
2020-03-12,492.799,238.0,50.67,1648.5,1648.5,420.985,420.985,2953.5,2953.5
2020-03-13,516.5,182.0,50.48,0.0,0.0,415.57,415.57,2448.0,2448.0
2020-03-14,475.687,173.0,50.28,0.0,0.0,410.235,410.235,2953.0,2953.0
2020-03-15,502.0,186.0,50.06,0.0,0.0,405.0,405.0,3123.5,3123.5
2020-03-16,565.688,172.0,49.82,0.0,0.0,399.675,399.675,3097.5,3097.5
2020-03-17,436.937,149.0,49.54,0.0,0.0,394.075,394.075,3062.5,3062.5
2020-03-18,434.375,188.0,49.2,0.0,0.0,388.215,388.215,3103.5,3103.5
2020-03-19,380.813,155.0,48.83,0.0,0.0,382.125,382.125,3170.5,3170.5
2020-03-20,461.687,173.0,48.41,0.0,0.0,375.82,375.82,3176.0,3176.0
2020-03-21,570.875,183.0,47.96,0.0,0.0,369.32,369.32,3133.5,3133.5
2020-03-22,442.5,140.0,47.48,0.0,0.0,362.65,362.65,3118.5,3118.5
2020-03-23,487.0,174.0,46.97,0.0,0.0,355.825,355.825,2540.0,2540.0
2020-03-24,480.938,163.0,46.42,0.0,0.0,348.875,348.875,1031.5,1031.5
2020-03-25,524.187,176.0,45.86,0.0,0.0,341.81,341.81,2595.0,2595.0
2020-03-26,460.313,152.0,45.27,0.0,0.0,334.66,334.66,3157.5,3157.5
2020-03-27,487.062,156.0,44.66,0.0,0.0,327.44,327.44,2982.5,2982.5
2020-03-28,465.5,152.0,44.03,0.0,0.0,320.17,320.17,2935.5,2935.5
2020-03-29,551.75,168.0,43.4,0.0,0.0,312.875,312.875,2951.0,2951.0
2020-03-30,504.875,177.0,42.75,0.0,0.0,305.575,305.575,3013.0,3013.0
2020-03-31,441.188,174.0,42.09,1220.5,1220.5,298.29,298.29,3027.0,3027.0
2020-04-01,732.812,175.0,41.43,0.0,0.0,291.04,291.04,0.0,0.0
2020-04-02,619.813,193.0,40.76,1411.5,1411.5,283.845,283.845,1273.5,1273.5
2020-04-03,186.813,159.0,40.1,0.0,0.0,276.73,276.73,321.0,321.0
2020-04-04,418.25,203.0,39.44,1012.0,1012.0,269.715,269.715,750.5,750.5
2020-04-05,307.625,95.0,38.78,2.0,2.0,262.815,262.815,0.0,0.0
2020-04-06,251.688,106.0,38.14,0.0,0.0,256.06,256.06,0.0,0.0
2020-04-07,102.0,90.0,37.5,0.0,0.0,249.46,249.46,0.0,0.0
2020-04-08,296.937,146.0,36.88,19.0,19.0,243.045,243.045,0.0,0.0
2020-04-09,0.0,223.0,36.28,174.0,174.0,236.83,236.83,0.0,0.0
2020-04-10,0.0,221.0,35.7,0.0,0.0,230.84,230.84,0.0,0.0
2020-04-11,570.8,259.0,35.14,1758.5,1758.5,225.095,225.095,3324.0,3324.0
2020-04-12,536.5,262.0,34.61,1672.5,1672.5,219.615,219.615,2899.5,2899.5
2020-04-13,495.063,141.0,34.11,178.0,178.0,214.42,214.42,47.0,47.0
2020-04-14,481.187,142.0,33.64,0.0,0.0,209.53,209.53,0.0,0.0
2020-04-15,472.813,164.0,33.2,0.0,0.0,204.965,204.965,0.0,0.0
2020-04-16,474.187,171.0,32.78,0.0,0.0,200.57,200.57,0.0,0.0
2020-04-17,455.5,177.0,32.35,0.0,0.0,196.17,196.17,0.0,0.0
2020-04-18,501.438,174.0,31.91,0.0,0.0,191.78,191.78,0.5,0.5
2020-04-19,473.312,176.0,31.47,0.0,0.0,187.4,187.4,0.0,0.0
2020-04-20,414.25,141.0,31.02,67.5,67.5,183.04,183.04,0.0,0.0
2020-04-21,494.813,169.0,30.57,0.0,0.0,178.71,178.71,0.0,0.0
2020-04-22,515.437,172.0,30.12,0.0,0.0,174.415,174.415,0.0,0.0
2020-04-23,504.0,165.0,29.68,0.0,0.0,170.17,170.17,0.0,0.0
2020-04-24,518.25,163.0,29.23,0.0,0.0,165.98,165.98,0.0,0.0
2020-04-25,496.813,159.0,28.79,48.5,48.5,161.85,161.85,0.0,0.0
2020-04-26,500.625,162.0,28.35,0.0,0.0,157.79,157.79,0.0,0.0
2020-04-27,537.312,163.0,27.92,0.0,0.0,153.81,153.81,0.0,0.0
2020-04-28,441.45,144.5238095,27.5,29.04827586,29.04827586,149.915,149.915,0.0,0.0
2020-04-29,483.05,152.4761905,27.09,29.451724135,29.451724135,146.115,146.115,0.0,0.0
2020-04-30,479.25,160.0,26.69,0.0,0.0,142.415,142.415,0.0,0.0
2020-05-01,710.688,168.0,26.3,0.0,0.0,138.83,138.83,0.0,0.0
2020-05-02,465.625,127.0,25.92,215.0,215.0,135.365,135.365,0.0,0.0
2020-05-03,335.0,191.0,25.56,0.0,0.0,132.025,132.025,1261.0,1261.0
2020-05-04,445.063,177.0,25.22,1331.0,1331.0,128.82,128.82,652.5,652.5
2020-05-05,359.75,112.0,24.9,127.5,127.5,125.76,125.76,0.0,0.0
2020-05-06,208.187,96.0,24.59,0.0,0.0,122.85,122.85,0.0,0.0
2020-05-07,124.813,61.0,24.31,0.0,0.0,120.105,120.105,0.0,0.0
2020-05-08,310.188,156.0,24.05,10.5,10.5,117.525,117.525,0.0,0.0
2020-05-09,0.0,243.0,23.81,9.5,9.5,115.12,115.12,0.0,0.0
2020-05-10,0.0,240.0,23.6,0.0,0.0,112.9,112.9,0.0,0.0
2020-05-11,647.0,225.0,23.41,1740.5,1740.5,110.875,110.875,3243.0,3243.0
2020-05-12,533.401,256.0,23.25,1623.0,1623.0,109.045,109.045,2878.0,2878.0
2020-05-13,327.875,115.0,23.13,0.0,0.0,107.43,107.43,0.0,0.0
2020-05-14,339.813,116.0,23.03,16.5,16.5,106.03,106.03,0.0,0.0
2020-05-15,310.687,126.0,22.97,9.0,9.0,104.855,104.855,0.0,0.0
2020-05-16,290.188,98.0,22.92,1.0,1.0,103.805,103.805,0.0,0.0
2020-05-17,318.125,125.0,22.88,9.5,9.5,102.77,102.77,0.0,0.0
2020-05-18,299.062,125.0,22.84,16.0,16.0,101.75,101.75,0.0,0.0
2020-05-19,273.938,116.0,22.81,0.0,0.0,100.75,100.75,0.0,0.0
2020-05-20,292.5,116.0,22.78,0.0,0.0,99.775,99.775,0.0,0.0
2020-05-21,302.312,119.0,22.75,15.0,15.0,98.815,98.815,0.0,0.0
2020-05-22,269.188,129.0,22.72,7.0,7.0,97.885,97.885,0.0,0.0
2020-05-23,307.687,140.0,22.69,10.0,10.0,96.975,96.975,0.0,0.0
2020-05-24,233.125,133.0,22.67,0.0,0.0,96.09,96.09,0.0,0.0
2020-05-25,296.5,131.0,22.65,0.0,0.0,95.23,95.23,0.0,0.0
2020-05-26,280.563,142.0,22.63,0.0,0.0,94.4,94.4,0.0,0.0
2020-05-27,228.125,124.0,22.61,9.5,9.5,93.595,93.595,0.0,0.0
2020-05-28,247.812,108.0,22.59,0.0,0.0,92.82,92.82,0.0,0.0
2020-05-29,234.188,113.0,22.57,0.0,0.0,92.08,92.08,0.0,0.0
2020-05-30,268.0,115.0,22.56,0.0,0.0,91.37,91.37,0.0,0.0
2020-05-31,305.375,116.0,22.54,0.0,0.0,90.695,90.695,0.0,0.0
2020-06-01,608.062,177.0,22.52,0.0,0.0,90.055,90.055,0.0,0.0
2020-06-02,574.375,146.0,22.51,0.0,0.0,89.45,89.45,0.0,0.0
2020-06-03,482.187,168.0,22.49,0.0,0.0,88.885,88.885,2204.0,2204.0
2020-06-04,485.125,170.0,22.47,1817.0,1817.0,88.355,88.355,1799.0,1799.0
2020-06-05,318.625,111.0,22.46,2.5,2.5,87.865,87.865,0.0,0.0
2020-06-06,321.25,120.0,22.44,1.5,1.5,87.415,87.415,0.0,0.0
2020-06-07,100.812,72.0,22.42,0.0,0.0,87.01,87.01,0.0,0.0
2020-06-08,266.375,166.0,22.4,72.5,72.5,86.645,86.645,0.0,0.0
2020-06-09,0.0,222.0,22.38,19.0,19.0,86.325,86.325,0.0,0.0
2020-06-10,0.0,221.0,22.35,411.0,411.0,86.055,86.055,0.0,0.0
2020-06-11,508.3,226.0,22.33,1739.5,1739.5,85.83,85.83,3077.5,3077.5
2020-06-12,456.701,243.0,22.3,1578.5,1578.5,85.65,85.65,2890.5,2890.5
2020-06-13,142.188,68.0,22.27,2.0,2.0,85.52,85.52,0.0,0.0
2020-06-14,98.312,75.0,22.24,11.5,11.5,85.445,85.445,0.0,0.0
2020-06-15,159.688,77.0,22.2,0.5,0.5,85.415,85.415,0.0,0.0
2020-06-16,125.812,80.0,22.16,2.5,2.5,85.425,85.425,0.0,0.0
2020-06-17,80.063,80.0,22.11,12.0,12.0,85.45,85.45,0.0,0.0
2020-06-18,91.625,69.0,22.05,1.0,1.0,85.495,85.495,0.0,0.0
2020-06-19,93.187,60.0,21.98,0.0,0.0,85.55,85.55,0.0,0.0
2020-06-20,126.813,63.48648649,21.91,1.0,1.0,85.62,85.62,0.0,0.0
2020-06-21,94.062,67.51351351,21.83,10.0,10.0,85.7,85.7,0.0,0.0
2020-06-22,132.5,72.65714286,21.75,0.0,0.0,85.795,85.795,0.0,0.0
2020-06-23,137.813,77.97248677,21.66,0.0,0.0,85.895,85.895,0.0,0.0
2020-06-24,95.187,70.37037037,21.57,0.0,0.0,86.005,86.005,0.0,0.0
2020-06-25,128.313,59.0,21.47,0.0,0.0,86.125,86.125,0.0,0.0
2020-06-26,134.5,79.6,21.38,0.0,0.0,86.25,86.25,0.0,0.0
2020-06-27,138.437,61.32380952,21.28,0.0,0.0,86.375,86.375,0.0,0.0
2020-06-28,102.188,79.07619047,21.18,0.0,0.0,86.51,86.51,0.0,0.0
2020-06-29,136.687,61.0,21.08,0.0,0.0,86.645,86.645,0.0,0.0
2020-06-30,99.688,70.0,20.98,0.0,0.0,86.78,86.78,0.0,0.0
2020-07-01,640.25,175.0,20.88,497.5,497.5,86.915,86.915,361.5,361.5
2020-07-02,635.937,168.0,20.78,0.0,0.0,87.05,87.05,0.0,0.0
2020-07-03,476.625,191.0,20.69,0.0,0.0,87.185,87.185,3306.5,3306.5
2020-07-04,469.062,185.0,20.6,1666.5,1666.5,87.315,87.315,2884.5,2884.5
2020-07-05,368.0,124.0,20.51,5.0,5.0,87.44,87.44,0.0,0.0
2020-07-06,403.5,52.0,20.43,0.0,0.0,87.555,87.555,0.0,0.0
2020-07-07,105.125,73.0,20.35,0.0,0.0,87.665,87.665,0.0,0.0
2020-07-08,304.8289731,153.0,20.28,3.0,3.0,87.77,87.77,0.0,0.0
2020-07-09,0.0,233.0,20.22,108.0,108.0,87.86,87.86,0.0,0.0
2020-07-10,0.0,251.0,20.17,0.0,0.0,87.945,87.945,0.0,0.0
2020-07-11,493.4,208.0,20.12,1699.0,1699.0,88.015,88.015,3307.5,3307.5
2020-07-12,449.898,228.0,20.08,1700.0,1700.0,88.07,88.07,2028.0,2028.0
2020-07-13,98.625,70.0,20.06,7.5,7.5,88.11,88.11,0.0,0.0
2020-07-14,97.875,96.0,20.04,1.0,1.0,88.135,88.135,0.0,0.0
2020-07-15,108.5,68.0,20.03,0.0,0.0,88.145,88.145,0.0,0.0
2020-07-16,95.438,81.0,20.03,0.0,0.0,88.14,88.14,0.0,0.0
2020-07-17,193.062,69.0,20.03,0.0,0.0,88.12,88.12,0.0,0.0
2020-07-18,131.125,87.0,20.03,2.5,2.5,88.09,88.09,0.0,0.0
2020-07-19,132.875,83.0,20.04,0.0,0.0,88.045,88.045,0.0,0.0
2020-07-20,122.75,94.0,20.04,0.5,0.5,87.99,87.99,0.0,0.0
2020-07-21,123.063,95.0,20.04,0.0,0.0,87.93,87.93,0.0,0.0
2020-07-22,101.625,62.0,20.04,9.0,9.0,87.86,87.86,0.0,0.0
2020-07-23,217.0,85.0,20.05,1.0,1.0,87.78,87.78,0.0,0.0
2020-07-24,346.0,94.0,20.05,21.5,21.5,87.7,87.7,0.0,0.0
2020-07-25,309.062,85.0,20.06,1.5,1.5,87.61,87.61,0.0,0.0
2020-07-26,300.813,84.0,20.06,1.5,1.5,87.515,87.515,0.0,0.0
2020-07-27,323.437,81.0,20.07,12.0,12.0,87.415,87.415,0.0,0.0
2020-07-28,350.375,87.0,20.07,9.5,9.5,87.31,87.31,0.0,0.0
2020-07-29,327.688,91.0,20.08,10.0,10.0,87.205,87.205,0.0,0.0
2020-07-30,338.312,85.0,20.09,0.0,0.0,87.1,87.1,0.0,0.0
2020-07-31,367.0,112.0,20.09,5.5,5.5,86.995,86.995,0.0,0.0
2020-08-01,679.0,185.0,20.1,1349.0,1349.0,86.89,86.89,1074.5,1074.5
2020-08-02,582.375,217.0,20.11,1240.5,1240.5,86.785,86.785,901.5,901.5
2020-08-03,420.0,135.0,20.12,0.0,0.0,86.685,86.685,2652.0,2652.0
2020-08-04,395.25,163.0,20.13,1326.0,1326.0,86.585,86.585,607.0,607.0
2020-08-05,350.813,118.0,20.14,2.0,2.0,86.49,86.49,0.0,0.0
2020-08-06,238.5,83.0,20.15,2.5,2.5,86.4,86.4,0.0,0.0
2020-08-07,90.875,84.0,20.16,0.0,0.0,86.315,86.315,0.0,0.0
2020-08-08,346.9646393,164.0,20.17,0.0,0.0,86.235,86.235,0.0,0.0
2020-08-09,0.0,222.0,20.18,70.0,70.0,86.165,86.165,0.0,0.0
2020-08-10,0.0,202.0,20.19,49.0,49.0,86.105,86.105,0.0,0.0
2020-08-11,507.6,212.0,20.2,1739.5,1739.5,86.05,86.05,3313.0,3313.0
2020-08-12,512.5,248.0,20.22,1694.5,1694.5,86.01,86.01,2073.0,2073.0
2020-08-13,344.3333333,147.0,20.23,40.5,40.5,85.98,85.98,0.0,0.0
2020-08-14,356.625,156.0,20.24,7.0,7.0,85.96,85.96,0.0,0.0
2020-08-15,366.5,180.0,20.26,13.5,13.5,85.95,85.95,0.0,0.0
2020-08-16,375.5,171.0,20.29,25.5,25.5,86.0,86.0,0.0,0.0
2020-08-17,366.875,178.0,20.34,39.5,39.5,86.14,86.14,0.0,0.0
2020-08-18,440.813,192.0,20.43,92.0,92.0,86.375,86.375,0.0,0.0
2020-08-19,470.312,178.0,20.54,27.5,27.5,86.695,86.695,0.0,0.0
2020-08-20,471.813,188.0,20.67,0.5,0.5,87.1,87.1,0.0,0.0
2020-08-21,507.5,186.0,20.82,24.0,24.0,87.59,87.59,0.0,0.0
2020-08-22,451.312,192.0,21.0,13.5,13.5,88.16,88.16,0.0,0.0
2020-08-23,436.6824495,224.0,21.2,75.0,75.0,88.81,88.81,0.0,0.0
2020-08-24,410.8175505,210.0,21.41,210.5,210.5,89.535,89.535,0.0,0.0
2020-08-25,488.188,224.0,21.64,1.0,1.0,90.33,90.33,0.0,0.0
2020-08-26,308.812,206.0,21.88,12.5,12.5,91.195,91.195,0.0,0.0
2020-08-27,0.0,241.0,22.14,48.5,48.5,92.13,92.13,0.0,0.0
2020-08-28,0.0,214.0,22.4,119.5,119.5,93.13,93.13,0.0,0.0
2020-08-29,0.0,227.0,22.68,5.5,5.5,94.19,94.19,0.0,0.0
2020-08-30,0.0,224.0,22.97,28.0,28.0,95.31,95.31,0.0,0.0
2020-08-31,0.0,245.0,23.26,0.0,0.0,96.485,96.485,0.0,0.0
2020-09-01,677.75,244.0,23.56,1837.0,1837.0,97.72,97.72,1447.0,1447.0
2020-09-02,574.875,189.0,23.86,1809.0216485,1809.0216485,99.0,99.0,2044.5,2044.5
2020-09-03,388.5,117.0,24.17,0.0,0.0,100.335,100.335,63.5,63.5
2020-09-04,408.063,176.0,24.48,0.0,0.0,101.71,101.71,0.0,0.0
2020-09-05,435.062,122.0,24.78,9.5,9.5,103.135,103.135,0.0,0.0
2020-09-06,241.063,85.0,25.08,1.5,1.5,104.6,104.6,0.0,0.0
2020-09-07,113.5,69.0,25.38,0.0,0.0,106.1,106.1,0.0,0.0
2020-09-08,346.9646393,153.0,25.68,15.0,15.0,107.635,107.635,0.0,0.0
2020-09-09,0.0,266.0,25.97,35.0,35.0,109.21,109.21,0.0,0.0
2020-09-10,0.0,216.0,26.25,0.0,0.0,110.81,110.81,0.0,0.0
2020-09-11,470.3,208.0,26.52,1666.5,1666.5,112.44,112.44,2204.0,2204.0
2020-09-12,576.701,256.0,26.77,1515.5,1515.5,114.095,114.095,2970.0,2970.0
2020-09-13,0.0,250.0,27.02,32.0,32.0,115.77,115.77,0.0,0.0
2020-09-14,0.0,237.0,27.25,9.5,9.5,117.47,117.47,0.0,0.0
2020-09-15,0.0,254.0,27.47,21.5,21.5,119.185,119.185,0.0,0.0
2020-09-16,0.0,213.0,27.67,5.5,5.5,121.075,121.075,0.0,0.0
2020-09-17,0.0,242.0,27.87,0.5,0.5,123.295,123.295,0.0,0.0
2020-09-18,0.0,247.0,28.06,28.5,28.5,125.825,125.825,0.0,0.0
2020-09-19,0.0,252.0,28.25,21.5,21.5,128.65,128.65,0.0,0.0
2020-09-20,0.0,267.0,28.43,15.5,15.5,131.75,131.75,0.0,0.0
2020-09-21,0.0,257.0,28.6,44.5,44.5,135.11,135.11,0.0,0.0
2020-09-22,0.0,261.0,28.78,10.0,10.0,138.71,138.71,0.0,0.0
2020-09-23,0.0,236.0,28.95,6.5,6.5,142.53,142.53,0.0,0.0
2020-09-24,0.0,228.0,29.12,42.5,42.5,146.565,146.565,0.0,0.0
2020-09-25,0.0,236.0,29.29,0.0,0.0,150.785,150.785,0.0,0.0
2020-09-26,0.0,229.0,29.45,518.0,518.0,155.18,155.18,0.0,0.0
2020-09-27,0.0,190.0,29.62,1061.5,1061.5,159.73,159.73,0.0,0.0
2020-09-28,0.0,196.0,29.78,539.5,539.5,164.415,164.415,0.0,0.0
2020-09-29,0.0,198.0,29.94,0.0,0.0,169.225,169.225,0.0,0.0
2020-09-30,0.0,206.0,30.11,0.0,0.0,174.135,174.135,0.0,0.0
2020-10-01,650.125,204.0,30.28,1833.5,1833.5,179.135,179.135,2461.0,2461.0
2020-10-02,581.25,183.0,30.44,1841.9783515,1841.9783515,184.205,184.205,2571.5,2571.5
2020-10-03,438.313,170.0,30.62,0.0,0.0,189.325,189.325,0.0,0.0
2020-10-04,453.812,162.0,30.79,100.0,100.0,194.48,194.48,41.5,41.5
2020-10-05,329.125,126.0,30.97,63.5,63.5,199.655,199.655,0.0,0.0
2020-10-06,256.625,82.0,31.15,21.0,21.0,204.825,204.825,0.0,0.0
2020-10-07,86.625,72.0,31.34,3.5,3.5,209.985,209.985,0.0,0.0
2020-10-08,346.9646393,152.0,31.53,25.0,25.0,215.105,215.105,0.0,0.0
2020-10-09,0.0,257.0,31.73,10.0,10.0,220.175,220.175,0.0,0.0
2020-10-10,0.0,245.0,31.93,202.5,202.5,225.18,225.18,0.0,0.0
2020-10-11,511.7,214.0,32.14,1596.0,1596.0,230.095,230.095,1589.0,1589.0
2020-10-12,647.1,279.0,32.36,1457.0,1457.0,234.91,234.91,2960.0,2960.0
2020-10-13,0.0,229.0,32.59,0.0,0.0,239.605,239.605,0.0,0.0
2020-10-14,0.0,231.0,32.82,492.5,492.5,244.16,244.16,0.0,0.0
2020-10-15,0.0,305.0,33.06,1675.5,1675.5,248.565,248.565,0.0,0.0
2020-10-16,0.0,217.0,33.32,0.0,0.0,252.91,252.91,0.0,0.0
2020-10-17,0.0,207.0,33.61,0.0,0.0,257.305,257.305,0.0,0.0
2020-10-18,0.0,227.0,33.91,450.0,450.0,261.75,261.75,0.0,0.0
2020-10-19,0.0,196.0,34.23,1784.5,1784.5,266.23,266.23,0.0,0.0
2020-10-20,0.0,180.0,34.56,1796.5,1796.5,270.745,270.745,0.0,0.0
2020-10-21,0.0,224.0,34.92,552.0,552.0,275.29,275.29,0.0,0.0
2020-10-22,0.0,231.0,35.29,664.5,664.5,279.86,279.86,0.0,0.0
2020-10-23,0.0,278.0,35.67,862.0,862.0,284.445,284.445,0.0,0.0
2020-10-24,0.0,224.0,36.06,1731.0,1731.0,289.045,289.045,0.0,0.0
2020-10-25,0.0,274.0,36.46,1734.0,1734.0,293.65,293.65,0.0,0.0
2020-10-26,0.0,270.0,36.87,1673.0,1673.0,298.26,298.26,0.0,0.0
2020-10-27,0.0,208.0,37.29,222.0,222.0,302.865,302.865,0.0,0.0
2020-10-28,0.0,255.0,37.71,1.0,1.0,307.46,307.46,0.5,0.5
2020-10-29,0.0,216.0,38.14,0.0,0.0,312.045,312.045,0.0,0.0
2020-10-30,0.0,235.0,38.57,118.5,118.5,316.61,316.61,0.0,0.0
2020-10-31,185.3,218.0,39.0,531.5,531.5,321.15,321.15,0.0,0.0
2020-11-01,656.688,215.0,39.43,1812.0,1812.0,325.66,325.66,3080.5,3080.5
2020-11-02,520.25,204.0,39.86,1834.0,1834.0,330.135,330.135,1729.0,1729.0
2020-11-03,373.375,149.0,40.29,0.0,0.0,334.57,334.57,1335.5,1335.5
2020-11-04,565.875,188.0,40.71,310.5,310.5,338.955,338.955,144.0,144.0
2020-11-05,324.188,104.0,41.13,13.0,13.0,343.295,343.295,0.0,0.0
2020-11-06,266.812,81.0,41.54,1.5,1.5,347.575,347.575,0.0,0.0
2020-11-07,108.5,62.0,41.94,6.0,6.0,351.79,351.79,0.0,0.0
2020-11-08,346.9646393,185.0,42.33,32.0,32.0,355.945,355.945,0.0,0.0
2020-11-09,0.0,241.0,42.71,45.5,45.5,360.02,360.02,0.0,0.0
2020-11-10,0.0,227.0,43.08,356.0,356.0,364.02,364.02,0.0,0.0
2020-11-11,513.0,230.0,43.43,1684.0,1684.0,367.94,367.94,1279.5,1279.5
2020-11-12,630.0,286.0,43.77,1740.5,1740.5,371.765,371.765,2951.5,2951.5
2020-11-13,521.7,284.0,44.09,1698.5,1698.5,375.5,375.5,3216.0,3216.0
2020-11-14,503.2,292.0,44.39,1662.0,1662.0,379.135,379.135,3167.5,3167.5
2020-11-15,534.0,328.0,44.67,1633.5,1633.5,382.665,382.665,2289.0,2289.0
2020-11-16,473.7,342.0,44.93,1629.0,1629.0,386.115,386.115,3122.5,3122.5
2020-11-17,465.1,358.0,45.19,1614.5,1614.5,389.5,389.5,3091.0,3091.0
2020-11-18,566.3,318.0,45.45,1603.0,1603.0,392.83,392.83,3077.0,3077.0
2020-11-19,647.4,339.0,45.69,1651.0,1651.0,396.105,396.105,2791.0,2791.0
2020-11-20,564.8,352.0,45.93,1566.5,1566.5,399.33,399.33,2824.0,2824.0
2020-11-21,481.6,328.0,46.17,1613.5,1613.5,402.51,402.51,3061.0,3061.0
2020-11-22,539.3,362.0,46.4,1613.0,1613.0,405.635,405.635,3080.5,3080.5
2020-11-23,499.0,368.0,46.63,1592.5,1592.5,408.72,408.72,2520.5,2520.5
2020-11-24,483.8,362.0,46.85,1508.0,1508.0,411.76,411.76,1983.0,1983.0
2020-11-25,458.2,330.0,47.07,1419.0,1419.0,414.765,414.765,1875.5,1875.5
2020-11-26,508.8,336.0,47.28,1410.0,1410.0,417.725,417.725,1587.5,1587.5
2020-11-27,504.0,305.0,47.49,1659.0,1659.0,420.655,420.655,2985.5,2985.5
2020-11-28,489.9,280.0,47.7,1666.5,1666.5,423.55,423.55,2966.5,2966.5
2020-11-29,471.0,231.0,47.9,1640.0,1640.0,426.415,426.415,2588.5,2588.5
2020-11-30,520.7,238.0,48.1,1595.5,1595.5,429.25,429.25,2326.0,2326.0
2020-12-01,658.312,159.0,48.3,1761.2,1761.2,432.06,432.06,1165.0,1165.0
2020-12-02,552.938,162.0,48.5,1841.0,1841.0,434.85,434.85,1962.5,1962.5
2020-12-03,428.125,179.0,48.69,0.0,0.0,437.615,437.615,2215.5,2215.5
2020-12-04,513.75,173.0,48.89,509.0,509.0,440.36,440.36,253.0,253.0
2020-12-05,314.937,95.0,49.08,9.0,9.0,443.09,443.09,0.0,0.0
2020-12-06,191.0,92.0,49.27,2.5,2.5,445.805,445.805,0.0,0.0
2020-12-07,101.25,63.0,49.46,0.0,0.0,448.51,448.51,0.0,0.0
2020-12-08,370.1661362,181.0,49.65,19.5,19.5,451.2,451.2,0.0,0.0
2020-12-09,0.0,306.0,49.84,169.0,169.0,453.89,453.89,0.0,0.0
2020-12-10,0.0,196.0,50.03,80.0,80.0,456.57,456.57,0.0,0.0
2020-12-11,607.6,272.0,50.22,1629.0,1629.0,459.25,459.25,1388.0,1388.0
2020-12-12,464.801,206.0,50.42,1741.0,1741.0,461.925,461.925,2951.0,2951.0
2020-12-13,511.398,242.0,50.61,1725.0,1725.0,464.605,464.605,2954.5,2954.5
2020-12-14,519.102,242.0,50.8,1619.0,1619.0,467.29,467.29,2938.5,2938.5
2020-12-15,558.0,266.0,51.0,1669.0,1669.0,469.985,469.985,2910.5,2910.5
2020-12-16,543.4350483,294.9448276,51.2,1652.913793,1652.913793,472.745,472.745,2899.1931035,2899.1931035
2020-12-17,519.0649517,291.0551724,51.41,1662.086207,1662.086207,475.63,475.63,2888.3068965,2888.3068965
2020-12-18,494.199,335.0,51.63,1611.0,1611.0,478.625,478.625,2850.0,2850.0
2020-12-19,484.0,292.0,51.86,1626.0,1626.0,481.715,481.715,2833.0,2833.0
2020-12-20,503.301,273.0,52.09,0.0,0.0,484.885,484.885,0.0,0.0
2020-12-21,551.199,261.0,52.33,1600.0,1600.0,488.115,488.115,2822.0,2822.0
2020-12-22,588.699,234.0,52.57,1684.5,1684.5,491.4,491.4,2864.5,2864.5
2020-12-23,506.301,216.0,52.82,1717.0,1717.0,494.72,494.72,2906.0,2906.0
2020-12-24,422.5,235.0,53.07,1733.0,1733.0,498.065,498.065,2934.5,2934.5
2020-12-25,428.1,255.0,53.31,1683.0,1683.0,501.415,501.415,2887.5,2887.5
2020-12-26,442.701,217.0,53.56,1674.0,1674.0,504.755,504.755,2866.0,2866.0
2020-12-27,438.299,199.0,53.8,1669.0,1669.0,508.075,508.075,2858.5,2858.5
2020-12-28,463.099,231.0,54.05,1709.5,1709.5,511.36,511.36,2906.5,2906.5
2020-12-29,489.801,275.0,54.29,1683.5,1683.5,514.595,514.595,2868.5,2868.5
2020-12-30,520.1,331.0,54.52,1670.0,1670.0,517.76,517.76,2849.0,2849.0
2020-12-31,475.0,281.0,54.75,1678.0,1678.0,520.85,520.85,2888.0,2888.0
2021-01-01,513.725,296.0,54.97,1680.5,1680.5,523.845,523.845,2855.25,2855.25
2021-01-02,513.91075,214.0,55.18,1708.25,1708.25,526.73,526.73,2960.0,2960.0
2021-01-03,486.1,269.5,55.39,1672.0,1672.0,529.495,529.495,2854.75,2854.75
2021-01-04,487.6,255.0,55.58,714.5,714.5,532.12,532.12,493.5,493.5
2021-01-05,346.8,108.0,55.77,0.0,0.0,534.59,534.59,0.0,0.0
2021-01-06,175.1,107.0,55.94,0.0,0.0,536.895,536.895,0.0,0.0
2021-01-07,121.5,31.0,56.09,4.0,4.0,539.02,539.02,0.0,0.0
2021-01-08,185.8,57.0,56.24,0.0,0.0,540.95,540.95,0.0,0.0
2021-01-09,473.1,284.0,56.36,28.5,28.5,542.67,542.67,0.0,0.0
2021-01-10,523.9,464.0,56.48,0.0,0.0,544.165,544.165,0.0,0.0
2021-01-11,700.7,208.0,56.57,1468.0,1468.0,545.42,545.42,1125.0,1125.0
2021-01-12,665.5,276.0,56.64,1840.5,1840.5,546.42,546.42,605.0,605.0
2021-01-13,593.398,271.0,56.7,1684.5,1684.5,547.155,547.155,2854.5,2854.5
2021-01-14,557.0,261.0,56.73,1673.5,1673.5,547.605,547.605,2863.5,2863.5
2021-01-15,502.0504621,286.0344828,56.74,1658.9793105,1658.9793105,547.76,547.76,2850.6448275,2850.6448275
2021-01-16,590.1485379,280.9655172,56.74,1665.0206895,1665.0206895,547.735,547.735,2833.8551725,2833.8551725
2021-01-17,603.704,376.0,56.72,1677.0,1677.0,547.67,547.67,2823.0,2823.0
2021-01-18,434.0,313.0,56.69,1641.0,1641.0,547.555,547.555,2392.0,2392.0
2021-01-19,385.0,230.0,56.66,0.0,0.0,547.4,547.4,0.0,0.0
2021-01-20,310.699,185.0,56.61,0.0,0.0,547.205,547.205,0.0,0.0
2021-01-21,420.5,207.0,56.56,0.0,0.0,546.965,546.965,0.0,0.0
2021-01-22,458.199,237.0,56.5,0.0,0.0,546.685,546.685,0.0,0.0
2021-01-23,483.301,251.0,56.43,48.5,48.5,546.365,546.365,0.0,0.0
2021-01-24,519.301,227.0,56.36,0.0,0.0,546.005,546.005,0.0,0.0
2021-01-25,546.898,250.0,56.27,1120.0,1120.0,545.61,545.61,1714.0,1714.0
2021-01-26,591.199,250.0,56.19,1749.0,1749.0,545.175,545.175,2863.0,2863.0
2021-01-27,580.5,211.0,56.09,1713.5,1713.5,544.705,544.705,2924.5,2924.5
2021-01-28,565.102,216.0,55.99,1729.0,1729.0,544.2,544.2,2921.0,2921.0
2021-01-29,540.597,207.0,55.89,1700.0,1700.0,543.655,543.655,2948.0,2948.0
2021-01-30,462.903,223.0,55.78,1702.0,1702.0,543.08,543.08,2926.0,2926.0
2021-01-31,514.5,232.0,55.67,1725.5,1725.5,542.47,542.47,2906.5,2906.5
2021-02-01,424.374,210.0,55.55,1224.5,1224.5,541.83,541.83,1957.75,1957.75
2021-02-02,512.78825,183.0,55.44,1744.25,1744.25,541.155,541.155,2949.0,2949.0
2021-02-03,451.8,251.5,55.32,1702.5,1702.5,540.45,540.45,2884.25,2884.25
2021-02-04,450.6,230.0,55.2,1190.0,1190.0,539.72,539.72,1005.0,1005.0
2021-02-05,314.7,147.0,55.07,0.0,0.0,538.955,538.955,0.0,0.0
2021-02-06,273.2,65.0,54.95,8.0,8.0,538.165,538.165,0.0,0.0
2021-02-07,162.5,31.0,54.83,5.0,5.0,537.345,537.345,0.0,0.0
2021-02-08,184.6,51.0,54.71,0.0,0.0,536.5,536.5,0.0,0.0
2021-02-09,495.1,372.0,54.58,1.0,1.0,535.625,535.625,0.0,0.0
2021-02-10,491.6,415.0,54.46,0.0,0.0,534.73,534.73,0.0,0.0
2021-02-11,665.8,226.0,54.34,1196.0,1196.0,533.81,533.81,2083.5,2083.5
2021-02-12,638.8,,54.23,0.0,0.0,532.865,532.865,0.0,0.0
2021-02-13,596.0,251.0,54.11,1712.0,1712.0,531.9,531.9,1366.5,1366.5
2021-02-14,493.801,233.0,54.0,1686.5,1686.5,530.91,530.91,2891.5,2891.5
2021-02-15,495.602,235.0,53.89,1687.5,1687.5,529.715,529.715,2898.5,2898.5
2021-02-16,486.699,215.0,53.78,1704.5,1704.5,528.13,528.13,2915.5,2915.5
2021-02-17,483.398,261.0,53.68,1653.0,1653.0,526.18,526.18,2284.0,2284.0
2021-02-18,515.301,214.0,53.57,1741.0,1741.0,523.88,523.88,1445.5,1445.5
2021-02-19,598.602,244.0,53.47,1629.5,1629.5,521.245,521.245,211.5,211.5
2021-02-20,542.097,259.0,53.36,1621.0,1621.0,518.3,518.3,0.0,0.0
2021-02-21,543.6851379,263.6482759,53.26,1758.8586205,1758.8586205,515.06,515.06,29.04827586,29.04827586
2021-02-22,582.3158621,251.3517241,53.15,1738.1413795,1738.1413795,511.54,511.54,708.951724,708.951724
2021-02-23,495.2,247.0,53.05,1763.5,1763.5,507.76,507.76,1440.0,1440.0
2021-02-24,476.0,221.0,52.94,1764.0,1764.0,503.735,503.735,1370.5,1370.5
2021-02-25,498.7,255.0,52.83,1739.5,1739.5,499.49,499.49,1434.0,1434.0
2021-02-26,472.0,249.0,52.71,1747.5,1747.5,495.035,495.035,2225.5,2225.5
2021-02-27,506.6,256.0,52.6,1698.5,1698.5,490.39,490.39,2922.0,2922.0
2021-02-28,543.2,267.0,52.48,1670.5,1670.5,485.575,485.575,2870.5,2870.5
2021-03-01,325.201,197.0,52.36,0.0,0.0,480.61,480.61,0.0,0.0
2021-03-02,773.699,316.0,52.23,1708.5,1708.5,475.505,475.505,2701.5,2701.5
2021-03-03,488.6,232.0,52.1,1664.0,1664.0,470.285,470.285,2874.5,2874.5
2021-03-04,420.9,196.0,51.96,1696.0,1696.0,464.965,464.965,1618.0,1618.0
2021-03-05,299.6,111.0,51.82,0.0,0.0,459.565,459.565,0.0,0.0
2021-03-06,409.2,75.0,51.68,5.0,5.0,454.1,454.1,0.0,0.0
2021-03-07,87.0,41.0,51.53,4.5,4.5,448.59,448.59,0.0,0.0
2021-03-08,157.1,51.0,51.37,0.0,0.0,443.05,443.05,0.0,0.0
2021-03-09,485.4,258.0,51.21,4.5,4.5,437.505,437.505,0.0,0.0
2021-03-10,550.5,451.0,51.04,70.0,70.0,431.965,431.965,0.0,0.0
2021-03-11,633.4,234.0,50.86,1839.5,1839.5,426.445,426.445,3189.5,3189.5
2021-03-12,670.0,0.0,50.67,1840.0,1840.0,420.975,420.975,2426.0,2426.0
2021-03-13,465.6,226.0,50.48,1756.0,1756.0,415.565,415.565,2986.0,2986.0
2021-03-14,494.6,200.0,50.28,1659.0,1659.0,410.235,410.235,2894.0,2894.0
2021-03-15,542.9,249.0,50.06,1227.5,1227.5,405.0,405.0,1289.5,1289.5
2021-03-16,579.1,209.0,49.82,1695.5,1695.5,399.675,399.675,1679.5,1679.5
2021-03-17,486.4,191.0,49.54,1733.5,1733.5,394.075,394.075,1628.0,1628.0
2021-03-18,463.5,226.0,49.2,393.0,393.0,388.215,388.215,367.0,367.0
2021-03-19,454.9,243.0,48.83,0.0,0.0,382.125,382.125,0.0,0.0
2021-03-20,478.0,240.0,48.41,0.0,0.0,375.82,375.82,0.0,0.0
2021-03-21,493.3,244.0,47.96,0.0,0.0,369.32,369.32,0.0,0.0
2021-03-22,460.0,235.0,47.48,0.0,0.0,362.65,362.65,0.0,0.0
2021-03-23,454.2,275.0,46.97,1083.5,1083.5,355.83,355.83,980.0,980.0
2021-03-24,485.7,288.0,46.42,1773.5,1773.5,348.875,348.875,2544.5,2544.5
2021-03-25,427.6,240.0,45.86,1772.5,1772.5,341.81,341.81,3042.5,3042.5
2021-03-26,472.0,253.0,45.27,1769.5,1769.5,334.66,334.66,3001.5,3001.5
2021-03-27,442.1,285.0,44.66,1290.0,1290.0,327.44,327.44,2120.5,2120.5
2021-03-28,466.7,275.0,44.03,351.5,351.5,320.17,320.17,250.5,250.5
2021-03-29,410.9,256.0,43.4,0.0,0.0,312.875,312.875,0.0,0.0
2021-03-30,463.3,245.0,42.75,0.0,0.0,305.575,305.575,0.0,0.0
2021-03-31,450.6,261.0,42.09,347.5,347.5,298.29,298.29,235.5,235.5
2021-04-01,426.799,230.0,41.43,0.0,0.0,291.04,291.04,0.0,0.0
2021-04-02,633.102,178.0,40.76,1679.0,1679.0,283.845,283.845,1818.0,1818.0
2021-04-03,375.6,266.0,40.1,1657.0,1657.0,276.73,276.73,2836.0,2836.0
2021-04-04,396.6,185.0,39.44,1630.5,1630.5,269.715,269.715,1599.5,1599.5
2021-04-05,294.8,138.0,38.78,2.0,2.0,262.815,262.815,0.0,0.0
2021-04-06,281.9,53.0,38.14,8.0,8.0,256.06,256.06,0.0,0.0
2021-04-07,102.3,38.0,37.5,7.5,7.5,249.46,249.46,0.0,0.0
2021-04-08,175.6,84.0,36.88,0.0,0.0,243.045,243.045,0.0,0.0
2021-04-09,439.4,203.0,36.28,161.5,161.5,236.83,236.83,0.0,0.0
2021-04-10,529.5,432.0,35.7,0.0,0.0,230.84,230.84,0.0,0.0
2021-04-11,652.6,221.0,35.14,1401.0,1401.0,225.095,225.095,1628.0,1628.0
2021-04-12,690.8,,34.61,1836.5,1836.5,219.615,219.615,3086.0,3086.0
2021-04-13,398.0,162.0,34.11,0.0,0.0,214.42,214.42,0.0,0.0
2021-04-14,353.7,115.0,33.64,0.0,0.0,209.53,209.53,0.0,0.0
2021-04-15,409.7,153.0,33.2,48.5,48.5,204.965,204.965,0.0,0.0
2021-04-16,444.2,190.0,32.78,0.0,0.0,200.57,200.57,0.0,0.0
2021-04-17,387.7,177.0,32.35,0.0,0.0,196.17,196.17,0.0,0.0
2021-04-18,463.2,180.0,31.91,0.0,0.0,191.78,191.78,0.0,0.0
2021-04-19,459.6,166.0,31.47,48.0,48.0,187.4,187.4,0.0,0.0
2021-04-20,457.7,175.0,31.02,0.0,0.0,183.04,183.04,0.0,0.0
2021-04-21,454.5,183.0,30.57,58.0,58.0,178.71,178.71,0.0,0.0
2021-04-22,438.1,187.0,30.12,0.0,0.0,174.415,174.415,0.0,0.0
2021-04-23,467.7,160.0,29.68,0.0,0.0,170.17,170.17,0.0,0.0
2021-04-24,373.2,158.0,29.23,49.0,49.0,165.98,165.98,0.0,0.0
2021-04-25,382.3,103.0,28.79,0.0,0.0,161.85,161.85,0.0,0.0
2021-04-26,367.3,116.0,28.35,0.0,0.0,157.79,157.79,0.0,0.0
2021-04-27,332.0,105.0,27.92,48.5,48.5,153.81,153.81,0.0,0.0
2021-04-28,345.0,111.0,27.5,0.0,0.0,149.915,149.915,0.0,0.0
2021-04-29,369.8,124.0,27.09,0.0,0.0,146.115,146.115,0.0,0.0
2021-04-30,348.9,115.0,26.69,48.5,48.5,142.415,142.415,0.0,0.0
2021-05-01,497.301,254.0,26.3,0.0,0.0,138.83,138.83,0.0,0.0
2021-05-02,694.199,285.0,25.92,1616.5,1616.5,135.365,135.365,1822.0,1822.0
2021-05-03,479.6,242.0,25.56,1027.0,1027.0,132.025,132.025,1272.5,1272.5
2021-05-04,450.4,173.0,25.22,1652.0,1652.0,128.82,128.82,1565.0,1565.0
2021-05-05,313.2,127.0,24.9,0.0,0.0,125.76,125.76,0.0,0.0
2021-05-06,141.5,58.0,24.59,9.0,9.0,122.85,122.85,0.0,0.0
2021-05-07,118.5,31.0,24.31,3.0,3.0,120.105,120.105,0.0,0.0
2021-05-08,192.1,76.0,24.05,0.0,0.0,117.525,117.525,0.0,0.0
2021-05-09,479.1,235.0,23.81,7.0,7.0,115.12,115.12,0.0,0.0
2021-05-10,499.2,407.0,23.6,0.0,0.0,112.9,112.9,0.0,0.0
2021-05-11,708.9,236.0,23.41,1746.5,1746.5,110.875,110.875,2197.0,2197.0
2021-05-12,675.7,235.0,23.25,1824.0,1824.0,109.045,109.045,3075.0,3075.0
2021-05-13,274.4,276.0,23.13,0.0,0.0,107.43,107.43,0.0,0.0
2021-05-14,303.3,269.0,23.03,0.0,0.0,106.03,106.03,0.0,0.0
2021-05-15,306.6,265.0,22.97,0.0,0.0,104.855,104.855,0.0,0.0
2021-05-16,317.6,293.0,22.92,0.5,0.5,103.805,103.805,0.0,0.0
2021-05-17,321.0,284.0,22.88,2.0,2.0,102.77,102.77,0.0,0.0
2021-05-18,366.3,286.0,22.83,55.5,55.5,101.75,101.75,0.0,0.0
2021-05-19,300.3,284.0,22.79,13.0,13.0,100.75,100.75,0.0,0.0
2021-05-20,274.2,288.0,22.75,46.5,46.5,99.775,99.775,0.0,0.0
2021-05-21,270.6,212.0,22.71,1.0,1.0,98.815,98.815,0.0,0.0
2021-05-22,278.5,107.0,22.67,27.5,27.5,97.885,97.885,0.0,0.0
2021-05-23,249.5,111.0,22.64,27.5,27.5,96.975,96.975,0.0,0.0
2021-05-24,296.4,125.0,22.6,8.5,8.5,96.09,96.09,0.0,0.0
2021-05-25,293.7,132.0,22.57,0.0,0.0,95.23,95.23,0.0,0.0
2021-05-26,354.6,130.0,22.53,8.0,8.0,94.4,94.4,0.0,0.0
2021-05-27,225.0,102.0,22.5,2.5,2.5,93.595,93.595,0.0,0.0
2021-05-28,300.0,119.0,22.47,0.0,0.0,92.82,92.82,0.0,0.0
2021-05-29,343.1,120.0,22.44,0.0,0.0,92.08,92.08,0.0,0.0
2021-05-30,295.0,119.0,22.42,0.0,0.0,91.37,91.37,0.0,0.0
2021-05-31,195.2,118.0,22.39,0.0,0.0,90.695,90.695,0.0,0.0
2021-06-01,439.5,190.3333333,22.37,0.0,0.0,90.055,90.055,0.0,0.0
2021-06-02,655.398,240.0,22.34,1652.0,1652.0,89.45,89.45,1867.0,1867.0
2021-06-03,456.5,194.0,22.32,62.5,62.5,88.885,88.885,0.0,0.0
2021-06-04,487.3,194.0,22.3,1596.0,1596.0,88.355,88.355,1547.5,1547.5
2021-06-05,280.2,133.0,22.29,0.0,0.0,87.865,87.865,10.5,10.5
2021-06-06,142.7,44.0,22.27,14.0,14.0,87.415,87.415,0.0,0.0
2021-06-07,76.6,32.0,22.26,1.0,1.0,87.01,87.01,0.0,0.0
2021-06-08,189.4,92.0,22.24,0.0,0.0,86.645,86.645,0.0,0.0
2021-06-09,461.7,240.0,22.23,0.5,0.5,86.325,86.325,0.0,0.0
2021-06-10,626.0,433.0,22.22,753.5,753.5,86.055,86.055,164.5,164.5
2021-06-11,648.2,290.0,22.21,1669.5,1669.5,85.83,85.83,2909.5,2909.5
2021-06-12,617.6,210.0,22.21,1726.0,1726.0,85.65,85.65,915.0,915.0
2021-06-13,108.6,29.0,22.2,0.0,0.0,85.52,85.52,0.0,0.0
2021-06-14,115.7,35.0,22.2,0.0,0.0,85.445,85.445,0.0,0.0
2021-06-15,94.4,28.0,22.2,0.0,0.0,85.415,85.415,0.0,0.0
2021-06-16,114.7,18.0,22.2,0.0,0.0,85.415,85.415,0.0,0.0
2021-06-17,92.7,36.0,22.2,0.0,0.0,85.415,85.415,0.0,0.0
2021-06-18,133.6,29.0,22.2,0.0,0.0,85.415,85.415,0.0,0.0
2021-06-19,149.1,31.0,22.2,0.0,0.0,85.415,85.415,0.0,0.0
2021-06-20,214.8,20.0,22.2,0.0,0.0,85.415,85.415,0.0,0.0
2021-06-21,71.6,30.0,22.2,0.0,0.0,85.415,85.415,0.0,0.0
2021-06-22,77.7,37.0,22.2,3.0,3.0,85.415,85.415,0.0,0.0
2021-06-23,86.6,19.0,22.2,0.0,0.0,85.415,85.415,0.0,0.0
2021-06-24,99.9,43.0,22.2,0.0,0.0,85.415,85.415,0.0,0.0
2021-06-25,90.0,31.0,22.2,0.0,0.0,85.415,85.415,0.0,0.0
2021-06-26,126.2,30.0,22.2,0.0,0.0,85.415,85.415,0.0,0.0
2021-06-27,146.5,32.0,22.2,0.0,0.0,85.415,85.415,0.0,0.0
2021-06-28,74.4,29.0,22.2,2.0,2.0,85.415,85.415,0.0,0.0
2021-06-29,71.8,30.0,22.2,2.0,2.0,85.415,85.415,0.0,0.0
2021-06-30,97.6,31.0,22.2,0.0,0.0,85.415,85.415,0.0,0.0
