name,stress_period,time_step,ZONE_0,haweaflat,moraine_top,river_zone,main_terrace,sandy_point,clutha,sub_terrace,mangawera
FROM_STORAGE,0,0,0.0,0.0,0.0,0.0,0.0,0.0,0.0,0.0,0.0
FROM_CONSTANT_HEAD,0,0,0.0,0.0,0.0,0.0,0.0,0.0,0.0,0.0,0.0
FROM_WELLS,0,0,0.0,4777.7715,18.260052,1438.9762,8504.589,0.0,0.0,77.06712,1081.1698
FROM_HEAD_DEP_BOUNDS,0,0,0.0,0.0,120344.97,0.0,0.0,0.0,0.0,0.0,0.0
FROM_RECHARGE,0,0,0.0,11435.957,1631.3204,4484.366,15251.537,1894.4105,2240.9023,1178.2632,2905.9722
FROM_STREAM_LEAKAGE,0,0,0.0,3500.0,1100.0,32589.879,3119.7043,36.521347,16.351604,0.0,0.0
FROM_STREAM_FLOW_OUT,0,0,0.0,173263.03,26465.953,811312400.0,119980620.0,2831842300.0,9008936000.0,0.0,0.0
FROM_ZONE_0,0,0,0.0,0.0,0.0,0.0,0.0,0.0,0.0,0.0,0.0
FROM_haweaflat,0,0,0.0,0.0,478.87488,127890.09,21754.281,0.0,0.0,0.0,0.0
FROM_moraine_top,0,0,0.0,123240.68,0.0,0.0,0.0,0.0,0.0,0.0,0.0
FROM_river_zone,0,0,0.0,11789.547,0.0,0.0,31131.969,0.0,42.295303,65.16708,0.0
FROM_main_terrace,0,0,0.0,884.62036,0.0,265.37372,0.0,6507.045,67677.92,6239.052,0.0
FROM_sandy_point,0,0,0.0,0.0,0.0,0.0,1680.8312,0.0,44.89396,0.0,0.0
FROM_clutha,0,0,0.0,0.0,0.0,3.3349185,1773.9293,12.864992,0.0,936.96027,0.0
FROM_sub_terrace,0,0,0.0,0.0,0.0,75.89479,436.3227,0.0,7543.5464,0.0,0.0
FROM_mangawera,0,0,0.0,0.0,0.0,3696.5615,0.0,0.0,0.0,0.0,0.0
TOTAL_IN,0,0,0.0,328891.62,150039.38,811482800.0,120064270.0,2831850800.0,9009013000.0,8496.51,3987.142
TO_STORAGE,0,0,0.0,0.0,0.0,0.0,0.0,0.0,0.0,0.0,0.0
TO_CONSTANT_HEAD,0,0,0.0,0.0,0.0,0.0,0.0,0.0,0.0,0.0,0.0
TO_WELLS,0,0,0.0,5505.3066,0.0,0.0,445.89493,28.567646,0.0,440.7458,290.60635
TO_HEAD_DEP_BOUNDS,0,0,0.0,0.0,332.6543,0.0,0.0,0.0,0.0,0.0,0.0
TO_RECHARGE,0,0,0.0,0.0,0.0,0.0,0.0,0.0,0.0,0.0,0.0
TO_STREAM_LEAKAGE,0,0,0.0,0.0,0.0,127416.12,1633.268,6696.405,74838.83,0.0,0.0
TO_STREAM_FLOW_OUT,0,0,0.0,0.0,0.0,0.0,0.0,0.0,0.0,0.0,0.0
TO_ZONE_0,0,0,0.0,0.0,0.0,0.0,0.0,0.0,0.0,0.0,0.0
TO_haweaflat,0,0,0.0,0.0,123240.68,11789.547,884.62036,0.0,0.0,0.0,0.0
TO_moraine_top,0,0,0.0,478.87488,0.0,0.0,0.0,0.0,0.0,0.0,0.0
TO_river_zone,0,0,0.0,127890.09,0.0,0.0,265.37372,0.0,3.3349185,75.89479,3696.5615
TO_main_terrace,0,0,0.0,21754.281,0.0,31131.969,0.0,1680.8312,1773.9293,436.3227,0.0
TO_sandy_point,0,0,0.0,0.0,0.0,0.0,6507.045,0.0,12.864992,0.0,0.0
TO_clutha,0,0,0.0,0.0,0.0,42.295303,67677.92,44.89396,0.0,7543.5464,0.0
TO_sub_terrace,0,0,0.0,0.0,0.0,65.16708,6239.052,0.0,936.96027,0.0,0.0
TO_mangawera,0,0,0.0,0.0,0.0,0.0,0.0,0.0,0.0,0.0,0.0
TOTAL_OUT,0,0,0.0,155628.56,123573.336,170445.1,83653.18,8450.697,77565.92,8496.51,3987.168
IN-OUT,0,0,0.0,173263.06,26466.04,811312400.0,119980616.0,2831842300.0,9008935000.0,0.0,0.025878906
PERCENT_DISCREPANCY,0,0,,71.51944,19.345621,199.91602,199.7215,199.99881,199.99655,0.0,0.0006490569
FROM_STORAGE,1,4,0.0,0.0015675105,0.0003563891,0.0018440112,0.077702455,0.0010176982,0.0016258679,0.0018779003,0.026994243
FROM_CONSTANT_HEAD,1,4,0.0,0.0,0.0,0.0,0.0,0.0,0.0,0.0,0.0
FROM_WELLS,1,4,0.0,4777.7715,18.260052,1438.9762,8504.589,0.0,0.0,77.06712,1081.1698
FROM_HEAD_DEP_BOUNDS,1,4,0.0,0.0,158672.55,0.0,0.0,0.0,0.0,0.0,0.0
FROM_RECHARGE,1,4,0.0,11435.957,1631.3204,4484.366,15251.537,1894.4105,2240.9023,1178.2632,2905.9722
FROM_STREAM_LEAKAGE,1,4,0.0,3500.0,1100.0,32588.996,3119.7043,36.521347,16.351604,0.0,0.0
FROM_STREAM_FLOW_OUT,1,4,0.0,173263.03,26465.953,811390200.0,119981840.0,2831842300.0,9008939000.0,0.0,0.0
FROM_ZONE_0,1,4,0.0,0.0,0.0,0.0,0.0,0.0,0.0,0.0,0.0
FROM_haweaflat,1,4,0.0,0.0,425.1527,130189.195,21765.037,0.0,0.0,0.0,0.0
FROM_moraine_top,1,4,0.0,143437.6,0.0,0.0,0.0,0.0,0.0,0.0,0.0
FROM_river_zone,1,4,0.0,11848.744,0.0,0.0,31132.113,0.0,42.29531,65.16708,0.0
FROM_main_terrace,1,4,0.0,884.5043,0.0,265.37473,0.0,6507.0347,67677.93,6239.053,0.0
FROM_sandy_point,1,4,0.0,0.0,0.0,0.0,1680.8309,0.0,44.89389,0.0,0.0
FROM_clutha,1,4,0.0,0.0,0.0,3.334919,1773.9291,12.864996,0.0,936.9604,0.0
FROM_sub_terrace,1,4,0.0,0.0,0.0,75.89476,436.32217,0.0,7543.5464,0.0,0.0
FROM_mangawera,1,4,0.0,0.0,0.0,3696.5474,0.0,0.0,0.0,0.0,0.0
TOTAL_IN,1,4,0.0,349147.62,188313.25,811562940.0,120065510.0,2831850800.0,9009016000.0,8496.513,3987.169
TO_STORAGE,1,4,0.0,18000.82,18081.537,1629.8882,11.088364,0.0012001654,0.0031804724,0.0038391992,0.015109143
TO_CONSTANT_HEAD,1,4,0.0,0.0,0.0,0.0,0.0,0.0,0.0,0.0,0.0
TO_WELLS,1,4,0.0,5505.3066,0.0,0.0,445.89493,28.567646,0.0,440.7458,290.60635
TO_HEAD_DEP_BOUNDS,1,4,0.0,0.0,329.56787,0.0,0.0,0.0,0.0,0.0,0.0
TO_RECHARGE,1,4,0.0,0.0,0.0,0.0,0.0,0.0,0.0,0.0,0.0
TO_STREAM_LEAKAGE,1,4,0.0,0.0,0.0,128025.05,1633.268,6696.405,74838.83,0.0,0.0
TO_STREAM_FLOW_OUT,1,4,0.0,0.0,0.0,0.0,0.0,0.0,0.0,0.0,0.0
TO_ZONE_0,1,4,0.0,0.0,0.0,0.0,0.0,0.0,0.0,0.0,0.0
TO_haweaflat,1,4,0.0,0.0,143437.6,11848.744,884.5043,0.0,0.0,0.0,0.0
TO_moraine_top,1,4,0.0,425.1527,0.0,0.0,0.0,0.0,0.0,0.0,0.0
TO_river_zone,1,4,0.0,130189.195,0.0,0.0,265.37473,0.0,3.334919,75.89476,3696.5474
TO_main_terrace,1,4,0.0,21765.037,0.0,31132.113,0.0,1680.8309,1773.9291,436.32217,0.0
TO_sandy_point,1,4,0.0,0.0,0.0,0.0,6507.0347,0.0,12.864996,0.0,0.0
TO_clutha,1,4,0.0,0.0,0.0,42.29531,67677.93,44.89389,0.0,7543.5464,0.0
TO_sub_terrace,1,4,0.0,0.0,0.0,65.16708,6239.053,0.0,936.9604,0.0,0.0
TO_mangawera,1,4,0.0,0.0,0.0,0.0,0.0,0.0,0.0,0.0,0.0
TOTAL_OUT,1,4,0.0,175885.5,161848.7,172743.27,83664.15,8450.698,77565.92,8496.513,3987.169
IN-OUT,1,4,0.0,173262.12,26464.547,811390200.0,119981850.0,2831842300.0,9008938000.0,0.0,0.0
PERCENT_DISCREPANCY,1,4,,66.00045,15.115605,199.91489,199.72147,199.99881,199.99654,0.0,0.0
FROM_STORAGE,2,4,0.0,0.00034416092,0.0031718183,0.0012518087,0.03343507,0.0010750197,0.0014274053,0.0012901564,0.025786627
FROM_CONSTANT_HEAD,2,4,0.0,0.0,0.0,0.0,0.0,0.0,0.0,0.0,0.0
FROM_WELLS,2,4,0.0,4777.7715,18.260052,1438.9762,8504.589,0.0,0.0,77.06712,1081.1698
FROM_HEAD_DEP_BOUNDS,2,4,0.0,0.0,157190.7,0.0,0.0,0.0,0.0,0.0,0.0
FROM_RECHARGE,2,4,0.0,11435.957,1631.3204,4484.366,15251.537,1894.4105,2240.9023,1178.2632,2905.9722
FROM_STREAM_LEAKAGE,2,4,0.0,3500.0,1100.0,32585.648,3119.7043,36.521347,16.351604,0.0,0.0
FROM_STREAM_FLOW_OUT,2,4,0.0,173263.03,26465.953,811648640.0,119985896.0,2831842300.0,9008949000.0,0.0,0.0
FROM_ZONE_0,2,4,0.0,0.0,0.0,0.0,0.0,0.0,0.0,0.0,0.0
FROM_haweaflat,2,4,0.0,0.0,426.05377,133570.7,21811.984,0.0,0.0,0.0,0.0
FROM_moraine_top,2,4,0.0,151412.62,0.0,0.0,0.0,0.0,0.0,0.0,0.0
FROM_river_zone,2,4,0.0,11988.929,0.0,0.0,31132.691,0.0,42.29531,65.16693,0.0
FROM_main_terrace,2,4,0.0,884.31555,0.0,265.3902,0.0,6507.035,67677.984,6239.092,0.0
FROM_sandy_point,2,4,0.0,0.0,0.0,0.0,1680.8307,0.0,44.89389,0.0,0.0
FROM_clutha,2,4,0.0,0.0,0.0,3.3349195,1773.9348,12.864995,0.0,936.9624,0.0
FROM_sub_terrace,2,4,0.0,0.0,0.0,75.89505,436.31104,0.0,7543.553,0.0,0.0
FROM_mangawera,2,4,0.0,0.0,0.0,3696.441,0.0,0.0,0.0,0.0,0.0
TOTAL_IN,2,4,0.0,357262.62,186832.3,811824800.0,120069610.0,2831850800.0,9009026000.0,8496.553,3987.1677
TO_STORAGE,2,4,0.0,22691.252,8626.815,2842.95,58.658535,0.0011394669,0.042093292,0.047333684,0.12028796
TO_CONSTANT_HEAD,2,4,0.0,0.0,0.0,0.0,0.0,0.0,0.0,0.0,0.0
TO_WELLS,2,4,0.0,5505.3066,0.0,0.0,445.89493,28.567646,0.0,440.7458,290.60635
TO_HEAD_DEP_BOUNDS,2,4,0.0,0.0,329.6543,0.0,0.0,0.0,0.0,0.0,0.0
TO_RECHARGE,2,4,0.0,0.0,0.0,0.0,0.0,0.0,0.0,0.0,0.0
TO_STREAM_LEAKAGE,2,4,0.0,0.0,0.0,130049.62,1633.268,6696.405,74838.86,0.0,0.0
TO_STREAM_FLOW_OUT,2,4,0.0,0.0,0.0,0.0,0.0,0.0,0.0,0.0,0.0
TO_ZONE_0,2,4,0.0,0.0,0.0,0.0,0.0,0.0,0.0,0.0,0.0
TO_haweaflat,2,4,0.0,0.0,151412.62,11988.929,884.31555,0.0,0.0,0.0,0.0
TO_moraine_top,2,4,0.0,426.05377,0.0,0.0,0.0,0.0,0.0,0.0,0.0
TO_river_zone,2,4,0.0,133570.7,0.0,0.0,265.3902,0.0,3.3349195,75.89505,3696.441
TO_main_terrace,2,4,0.0,21811.984,0.0,31132.691,0.0,1680.8307,1773.9348,436.31104,0.0
TO_sandy_point,2,4,0.0,0.0,0.0,0.0,6507.035,0.0,12.864995,0.0,0.0
TO_clutha,2,4,0.0,0.0,0.0,42.29531,67677.984,44.89389,0.0,7543.553,0.0
TO_sub_terrace,2,4,0.0,0.0,0.0,65.16693,6239.092,0.0,936.9624,0.0,0.0
TO_mangawera,2,4,0.0,0.0,0.0,0.0,0.0,0.0,0.0,0.0,0.0
TOTAL_OUT,2,4,0.0,184005.3,160369.1,176121.64,83711.64,8450.698,77566.0,8496.553,3987.1675
IN-OUT,2,4,0.0,173257.33,26463.203,811648640.0,119985896.0,2831842300.0,9008948000.0,0.0,0.00024414062
PERCENT_DISCREPANCY,2,4,,64.01906,15.24372,199.91324,199.72133,199.99881,199.99654,0.0,6.1231594e-06
FROM_STORAGE,3,4,0.0,0.00023407271,0.0071153482,0.0009945285,0.024612939,0.001057717,0.0013689846,0.0010313662,0.024308505
FROM_CONSTANT_HEAD,3,4,0.0,0.0,0.0,0.0,0.0,0.0,0.0,0.0,0.0
FROM_WELLS,3,4,0.0,4777.7715,18.260052,1438.9762,8504.589,0.0,0.0,77.06712,1081.1698
FROM_HEAD_DEP_BOUNDS,3,4,0.0,0.0,159781.27,0.0,0.0,0.0,0.0,0.0,0.0
FROM_RECHARGE,3,4,0.0,11435.957,1631.3204,4484.366,15251.537,1894.4105,2240.9023,1178.2632,2905.9722
FROM_STREAM_LEAKAGE,3,4,0.0,3500.0,1100.0,32581.34,3119.7043,36.521347,16.351604,0.0,0.0
FROM_STREAM_FLOW_OUT,3,4,0.0,173263.03,26465.953,811910340.0,119990024.0,2831842300.0,9008960000.0,0.0,0.0
FROM_ZONE_0,3,4,0.0,0.0,0.0,0.0,0.0,0.0,0.0,0.0,0.0
FROM_haweaflat,3,4,0.0,0.0,432.36398,136160.12,21874.938,0.0,0.0,0.0,0.0
FROM_moraine_top,3,4,0.0,155645.53,0.0,0.0,0.0,0.0,0.0,0.0,0.0
FROM_river_zone,3,4,0.0,12091.319,0.0,0.0,31133.2,0.0,42.29531,65.16632,0.0
FROM_main_terrace,3,4,0.0,884.34705,0.0,265.43253,0.0,6507.035,67678.24,6239.2153,0.0
FROM_sandy_point,3,4,0.0,0.0,0.0,0.0,1680.8307,0.0,44.893894,0.0,0.0
FROM_clutha,3,4,0.0,0.0,0.0,3.3349195,1773.9641,12.864995,0.0,936.97046,0.0
FROM_sub_terrace,3,4,0.0,0.0,0.0,75.89618,436.2792,0.0,7543.587,0.0,0.0
FROM_mangawera,3,4,0.0,0.0,0.0,3696.3162,0.0,0.0,0.0,0.0,0.0
TOTAL_IN,3,4,0.0,361597.97,189429.17,812089100.0,120073800.0,2831850800.0,9009036000.0,8496.684,3987.1663
TO_STORAGE,3,4,0.0,24362.623,6988.0317,3263.8906,121.63401,0.0011591659,0.18244877,0.17597045,0.24381053
TO_CONSTANT_HEAD,3,4,0.0,0.0,0.0,0.0,0.0,0.0,0.0,0.0,0.0
TO_WELLS,3,4,0.0,5505.3066,0.0,0.0,445.89493,28.567646,0.0,440.7458,290.60635
TO_HEAD_DEP_BOUNDS,3,4,0.0,0.0,329.48193,0.0,0.0,0.0,0.0,0.0,0.0
TO_RECHARGE,3,4,0.0,0.0,0.0,0.0,0.0,0.0,0.0,0.0,0.0
TO_STREAM_LEAKAGE,3,4,0.0,0.0,0.0,132110.16,1633.268,6696.405,74838.96,0.0,0.0
TO_STREAM_FLOW_OUT,3,4,0.0,0.0,0.0,0.0,0.0,0.0,0.0,0.0,0.0
TO_ZONE_0,3,4,0.0,0.0,0.0,0.0,0.0,0.0,0.0,0.0,0.0
TO_haweaflat,3,4,0.0,0.0,155645.53,12091.319,884.34705,0.0,0.0,0.0,0.0
TO_moraine_top,3,4,0.0,432.36398,0.0,0.0,0.0,0.0,0.0,0.0,0.0
TO_river_zone,3,4,0.0,136160.12,0.0,0.0,265.43253,0.0,3.3349195,75.89618,3696.3162
TO_main_terrace,3,4,0.0,21874.938,0.0,31133.2,0.0,1680.8307,1773.9641,436.2792,0.0
TO_sandy_point,3,4,0.0,0.0,0.0,0.0,6507.035,0.0,12.864995,0.0,0.0
TO_clutha,3,4,0.0,0.0,0.0,42.29531,67678.24,44.893894,0.0,7543.587,0.0
TO_sub_terrace,3,4,0.0,0.0,0.0,65.16632,6239.2153,0.0,936.97046,0.0,0.0
TO_mangawera,3,4,0.0,0.0,0.0,0.0,0.0,0.0,0.0,0.0,0.0
TOTAL_OUT,3,4,0.0,188335.36,162963.05,178706.03,83775.07,8450.698,77566.27,8496.684,3987.1663
IN-OUT,3,4,0.0,173262.61,26466.125,811910400.0,119990024.0,2831842300.0,9008958000.0,0.0,0.0
PERCENT_DISCREPANCY,3,4,,63.012222,15.020834,199.91202,199.72112,199.99881,199.99655,0.0,0.0
FROM_STORAGE,4,4,0.0,0.00012034904,0.0059808795,0.00085785176,0.019447345,0.0010722753,0.0013485808,0.0008714321,0.021778204
FROM_CONSTANT_HEAD,4,4,0.0,0.0,0.0,0.0,0.0,0.0,0.0,0.0,0.0
FROM_WELLS,4,4,0.0,4777.7715,18.260052,1438.9762,8504.589,0.0,0.0,77.06712,1081.1698
FROM_HEAD_DEP_BOUNDS,4,4,0.0,0.0,162665.42,0.0,0.0,0.0,0.0,0.0,0.0
FROM_RECHARGE,4,4,0.0,11435.957,1631.3204,4484.366,15251.537,1894.4105,2240.9023,1178.2632,2905.9722
FROM_STREAM_LEAKAGE,4,4,0.0,3500.0,1100.0,32576.18,3119.7043,36.521347,16.351604,0.0,0.0
FROM_STREAM_FLOW_OUT,4,4,0.0,173263.03,26465.953,812167300.0,119994104.0,2831842300.0,9008970000.0,0.0,0.0
FROM_ZONE_0,4,4,0.0,0.0,0.0,0.0,0.0,0.0,0.0,0.0,0.0
FROM_haweaflat,4,4,0.0,0.0,437.15564,138578.6,21949.875,0.0,0.0,0.0,0.0
FROM_moraine_top,4,4,0.0,159312.34,0.0,0.0,0.0,0.0,0.0,0.0,0.0
FROM_river_zone,4,4,0.0,12170.448,0.0,0.0,31133.385,0.0,42.29531,65.16489,0.0
FROM_main_terrace,4,4,0.0,884.5596,0.0,265.5097,0.0,6507.035,67678.87,6239.4536,0.0
FROM_sandy_point,4,4,0.0,0.0,0.0,0.0,1680.8307,0.0,44.893898,0.0,0.0
FROM_clutha,4,4,0.0,0.0,0.0,3.3349197,1774.0367,12.864995,0.0,936.98834,0.0
FROM_sub_terrace,4,4,0.0,0.0,0.0,75.898766,436.22263,0.0,7543.668,0.0,0.0
FROM_mangawera,4,4,0.0,0.0,0.0,3696.209,0.0,0.0,0.0,0.0,0.0
TOTAL_IN,4,4,0.0,365344.12,192318.12,812348400.0,120077960.0,2831850800.0,9009047000.0,8496.938,3987.1636
TO_STORAGE,4,4,0.0,25615.375,6213.6016,3560.2026,195.66501,0.0011453053,0.45680717,0.40296447,0.34808755
TO_CONSTANT_HEAD,4,4,0.0,0.0,0.0,0.0,0.0,0.0,0.0,0.0,0.0
TO_WELLS,4,4,0.0,5505.3066,0.0,0.0,445.89493,28.567646,0.0,440.7458,290.60635
TO_HEAD_DEP_BOUNDS,4,4,0.0,0.0,329.81738,0.0,0.0,0.0,0.0,0.0,0.0
TO_RECHARGE,4,4,0.0,0.0,0.0,0.0,0.0,0.0,0.0,0.0,0.0
TO_STREAM_LEAKAGE,4,4,0.0,0.0,0.0,134148.25,1633.268,6696.405,74839.32,0.0,0.0
TO_STREAM_FLOW_OUT,4,4,0.0,0.0,0.0,0.0,0.0,0.0,0.0,0.0,0.0
TO_ZONE_0,4,4,0.0,0.0,0.0,0.0,0.0,0.0,0.0,0.0,0.0
TO_haweaflat,4,4,0.0,0.0,159312.34,12170.448,884.5596,0.0,0.0,0.0,0.0
TO_moraine_top,4,4,0.0,437.15564,0.0,0.0,0.0,0.0,0.0,0.0,0.0
TO_river_zone,4,4,0.0,138578.6,0.0,0.0,265.5097,0.0,3.3349197,75.898766,3696.209
TO_main_terrace,4,4,0.0,21949.875,0.0,31133.385,0.0,1680.8307,1774.0367,436.22263,0.0
TO_sandy_point,4,4,0.0,0.0,0.0,0.0,6507.035,0.0,12.864995,0.0,0.0
TO_clutha,4,4,0.0,0.0,0.0,42.29531,67678.87,44.893898,0.0,7543.668,0.0
TO_sub_terrace,4,4,0.0,0.0,0.0,65.16489,6239.4536,0.0,936.98834,0.0,0.0
TO_mangawera,4,4,0.0,0.0,0.0,0.0,0.0,0.0,0.0,0.0,0.0
TOTAL_OUT,4,4,0.0,192086.31,165855.77,181119.77,83850.25,8450.698,77567.01,8496.938,3987.1633
IN-OUT,4,4,0.0,173257.81,26462.36,812167300.0,119994110.0,2831842300.0,9008969000.0,0.0,0.00024414062
PERCENT_DISCREPANCY,4,4,,62.16303,14.776265,199.91084,199.72089,199.99881,199.99654,0.0,6.1231653e-06
FROM_STORAGE,5,4,0.0,5.7894315e-05,1.2035521e-05,0.000719954,0.015838167,0.0010743219,0.0013175696,0.00069955236,0.018298112
FROM_CONSTANT_HEAD,5,4,0.0,0.0,0.0,0.0,0.0,0.0,0.0,0.0,0.0
FROM_WELLS,5,4,0.0,4777.7715,18.260052,1438.9762,8504.589,0.0,0.0,77.06712,1081.1698
FROM_HEAD_DEP_BOUNDS,5,4,0.0,0.0,165073.53,0.0,0.0,0.0,0.0,0.0,0.0
FROM_RECHARGE,5,4,0.0,11435.957,1631.3204,4484.366,15251.537,1894.4105,2240.9023,1178.2632,2905.9722
FROM_STREAM_LEAKAGE,5,4,0.0,3500.0,1100.0,32569.941,3119.7043,36.521347,16.351604,0.0,0.0
FROM_STREAM_FLOW_OUT,5,4,0.0,173263.03,26465.953,812421600.0,119998150.0,2831842300.0,9008980000.0,0.0,0.0
FROM_ZONE_0,5,4,0.0,0.0,0.0,0.0,0.0,0.0,0.0,0.0,0.0
FROM_haweaflat,5,4,0.0,0.0,441.34488,140897.16,22034.877,0.0,0.0,0.0,0.0
FROM_moraine_top,5,4,0.0,162350.98,0.0,0.0,0.0,0.0,0.0,0.0,0.0
FROM_river_zone,5,4,0.0,12234.44,0.0,0.0,31133.102,0.0,42.29531,65.162506,0.0
FROM_main_terrace,5,4,0.0,884.9263,0.0,265.6279,0.0,6507.0347,67680.016,6239.825,0.0
FROM_sandy_point,5,4,0.0,0.0,0.0,0.0,1680.8306,0.0,44.8939,0.0,0.0
FROM_clutha,5,4,0.0,0.0,0.0,3.3349197,1774.1694,12.864995,0.0,937.0195,0.0
FROM_sub_terrace,5,4,0.0,0.0,0.0,75.90335,436.13956,0.0,7543.8193,0.0,0.0
FROM_mangawera,5,4,0.0,0.0,0.0,3696.12,0.0,0.0,0.0,0.0,0.0
TOTAL_IN,5,4,0.0,368447.12,194730.42,812605060.0,120082090.0,2831850800.0,9009057000.0,8497.338,3987.1602
TO_STORAGE,5,4,0.0,26311.984,5585.1465,3787.442,278.4455,0.0011443353,0.8785944,0.7304305,0.43385556
TO_CONSTANT_HEAD,5,4,0.0,0.0,0.0,0.0,0.0,0.0,0.0,0.0,0.0
TO_WELLS,5,4,0.0,5505.3066,0.0,0.0,445.89493,28.567646,0.0,440.7458,290.60635
TO_HEAD_DEP_BOUNDS,5,4,0.0,0.0,330.08496,0.0,0.0,0.0,0.0,0.0,0.0
TO_RECHARGE,5,4,0.0,0.0,0.0,0.0,0.0,0.0,0.0,0.0,0.0
TO_STREAM_LEAKAGE,5,4,0.0,0.0,0.0,136170.08,1633.268,6696.405,74840.055,0.0,0.0
TO_STREAM_FLOW_OUT,5,4,0.0,0.0,0.0,0.0,0.0,0.0,0.0,0.0,0.0
TO_ZONE_0,5,4,0.0,0.0,0.0,0.0,0.0,0.0,0.0,0.0,0.0
TO_haweaflat,5,4,0.0,0.0,162350.98,12234.44,884.9263,0.0,0.0,0.0,0.0
TO_moraine_top,5,4,0.0,441.34488,0.0,0.0,0.0,0.0,0.0,0.0,0.0
TO_river_zone,5,4,0.0,140897.16,0.0,0.0,265.6279,0.0,3.3349197,75.90335,3696.12
TO_main_terrace,5,4,0.0,22034.877,0.0,31133.102,0.0,1680.8306,1774.1694,436.13956,0.0
TO_sandy_point,5,4,0.0,0.0,0.0,0.0,6507.0347,0.0,12.864995,0.0,0.0
TO_clutha,5,4,0.0,0.0,0.0,42.29531,67680.016,44.8939,0.0,7543.8193,0.0
TO_sub_terrace,5,4,0.0,0.0,0.0,65.162506,6239.825,0.0,937.0195,0.0,0.0
TO_mangawera,5,4,0.0,0.0,0.0,0.0,0.0,0.0,0.0,0.0,0.0
TOTAL_OUT,5,4,0.0,195190.67,168266.22,183432.52,83935.04,8450.698,77568.32,8497.339,3987.1604
IN-OUT,5,4,0.0,173256.45,26464.203,812421600.0,119998150.0,2831842300.0,9008979000.0,0.0009765625,0.00024414062
PERCENT_DISCREPANCY,5,4,,61.47794,14.580963,199.90973,199.72061,199.99881,199.99655,1.149257e-05,6.123171e-06
FROM_STORAGE,6,4,0.0,1.3088686e-05,0.0017197336,0.00061629177,0.013654503,0.0010746069,0.0013049678,0.0005557676,0.0152687635
FROM_CONSTANT_HEAD,6,4,0.0,0.0,0.0,0.0,0.0,0.0,0.0,0.0,0.0
FROM_WELLS,6,4,0.0,4777.7715,18.260052,1438.9762,8504.589,0.0,0.0,77.06712,1081.1698
FROM_HEAD_DEP_BOUNDS,6,4,0.0,0.0,166952.06,0.0,0.0,0.0,0.0,0.0,0.0
FROM_RECHARGE,6,4,0.0,11435.957,1631.3204,4484.366,15251.537,1894.4105,2240.9023,1178.2632,2905.9722
FROM_STREAM_LEAKAGE,6,4,0.0,3500.0,1100.0,32562.852,3119.7043,36.521347,16.351604,0.0,0.0
FROM_STREAM_FLOW_OUT,6,4,0.0,173263.03,26465.953,812677250.0,120002230.0,2831842300.0,9008990000.0,0.0,0.0
FROM_ZONE_0,6,4,0.0,0.0,0.0,0.0,0.0,0.0,0.0,0.0,0.0
FROM_haweaflat,6,4,0.0,0.0,445.57776,143267.4,22128.6,0.0,0.0,0.0,0.0
FROM_moraine_top,6,4,0.0,165207.06,0.0,0.0,0.0,0.0,0.0,0.0,0.0
FROM_river_zone,6,4,0.0,12291.448,0.0,0.0,31132.23,0.0,42.29531,65.15897,0.0
FROM_main_terrace,6,4,0.0,885.42236,0.0,265.7915,0.0,6507.0347,67681.81,6240.341,0.0
FROM_sandy_point,6,4,0.0,0.0,0.0,0.0,1680.8306,0.0,44.893906,0.0,0.0
FROM_clutha,6,4,0.0,0.0,0.0,3.3349197,1774.3749,12.864995,0.0,937.06616,0.0
FROM_sub_terrace,6,4,0.0,0.0,0.0,75.910324,436.03043,0.0,7544.058,0.0,0.0
FROM_mangawera,6,4,0.0,0.0,0.0,3696.0444,0.0,0.0,0.0,0.0,0.0
TOTAL_IN,6,4,0.0,371360.7,196613.19,812863040.0,120086264.0,2831850800.0,9009067000.0,8497.896,3987.1572
TO_STORAGE,6,4,0.0,26757.748,4611.552,4058.8464,368.43518,0.0011459114,1.4488132,1.1522685,0.5062901
TO_CONSTANT_HEAD,6,4,0.0,0.0,0.0,0.0,0.0,0.0,0.0,0.0,0.0
TO_WELLS,6,4,0.0,5505.3066,0.0,0.0,445.89493,28.567646,0.0,440.7458,290.60635
TO_HEAD_DEP_BOUNDS,6,4,0.0,0.0,330.4829,0.0,0.0,0.0,0.0,0.0,0.0
TO_RECHARGE,6,4,0.0,0.0,0.0,0.0,0.0,0.0,0.0,0.0,0.0
TO_STREAM_LEAKAGE,6,4,0.0,0.0,0.0,138205.48,1633.268,6696.405,74841.22,0.0,0.0
TO_STREAM_FLOW_OUT,6,4,0.0,0.0,0.0,0.0,0.0,0.0,0.0,0.0,0.0
TO_ZONE_0,6,4,0.0,0.0,0.0,0.0,0.0,0.0,0.0,0.0,0.0
TO_haweaflat,6,4,0.0,0.0,165207.06,12291.448,885.42236,0.0,0.0,0.0,0.0
TO_moraine_top,6,4,0.0,445.57776,0.0,0.0,0.0,0.0,0.0,0.0,0.0
TO_river_zone,6,4,0.0,143267.4,0.0,0.0,265.7915,0.0,3.3349197,75.910324,3696.0444
TO_main_terrace,6,4,0.0,22128.6,0.0,31132.23,0.0,1680.8306,1774.3749,436.03043,0.0
TO_sandy_point,6,4,0.0,0.0,0.0,0.0,6507.0347,0.0,12.864995,0.0,0.0
TO_clutha,6,4,0.0,0.0,0.0,42.29531,67681.81,44.893906,0.0,7544.058,0.0
TO_sub_terrace,6,4,0.0,0.0,0.0,65.15897,6240.341,0.0,937.06616,0.0,0.0
TO_mangawera,6,4,0.0,0.0,0.0,0.0,0.0,0.0,0.0,0.0,0.0
TOTAL_OUT,6,4,0.0,198104.62,170149.1,185795.47,84028.0,8450.698,77570.305,8497.896,3987.157
IN-OUT,6,4,0.0,173256.06,26464.094,812677250.0,120002240.0,2831842300.0,9008989000.0,0.0,0.00024414062
PERCENT_DISCREPANCY,6,4,,60.84868,14.431198,199.9086,199.72032,199.99881,199.99655,0.0,6.1231754e-06
FROM_STORAGE,7,4,0.0,9.165056e-06,0.0,0.0005419138,0.012259623,0.0010772556,0.0012969606,0.00035382388,0.013577333
FROM_CONSTANT_HEAD,7,4,0.0,0.0,0.0,0.0,0.0,0.0,0.0,0.0,0.0
FROM_WELLS,7,4,0.0,4777.7715,18.260052,1438.9762,8504.589,0.0,0.0,77.06712,1081.1698
FROM_HEAD_DEP_BOUNDS,7,4,0.0,0.0,168374.08,0.0,0.0,0.0,0.0,0.0,0.0
FROM_RECHARGE,7,4,0.0,11435.957,1631.3204,4484.366,15251.537,1894.4105,2240.9023,1178.2632,2905.9722
FROM_STREAM_LEAKAGE,7,4,0.0,3500.0,1100.0,32554.99,3119.7043,36.521347,16.351604,0.0,0.0
FROM_STREAM_FLOW_OUT,7,4,0.0,173263.03,26465.953,812936450.0,120006376.0,2831842300.0,9009000000.0,0.0,0.0
FROM_ZONE_0,7,4,0.0,0.0,0.0,0.0,0.0,0.0,0.0,0.0,0.0
FROM_haweaflat,7,4,0.0,0.0,450.25977,145587.61,22230.139,0.0,0.0,0.0,0.0
FROM_moraine_top,7,4,0.0,167476.44,0.0,0.0,0.0,0.0,0.0,0.0,0.0
FROM_river_zone,7,4,0.0,12344.891,0.0,0.0,31130.7,0.0,42.29531,65.15425,0.0
FROM_main_terrace,7,4,0.0,886.03357,0.0,266.00366,0.0,6507.0347,67684.41,6241.007,0.0
FROM_sandy_point,7,4,0.0,0.0,0.0,0.0,1680.8306,0.0,44.893906,0.0,0.0
FROM_clutha,7,4,0.0,0.0,0.0,3.3349197,1774.6615,12.864995,0.0,937.1304,0.0
FROM_sub_terrace,7,4,0.0,0.0,0.0,75.92022,435.8965,0.0,7544.4,0.0,0.0
FROM_mangawera,7,4,0.0,0.0,0.0,3695.9773,0.0,0.0,0.0,0.0,0.0
TOTAL_IN,7,4,0.0,373684.1,198039.89,813124540.0,120090500.0,2831850800.0,9009077000.0,8498.622,3987.1555
TO_STORAGE,7,4,0.0,26654.514,3767.597,4253.116,464.5436,0.0011441256,2.1613457,1.6594858,0.5716139
TO_CONSTANT_HEAD,7,4,0.0,0.0,0.0,0.0,0.0,0.0,0.0,0.0,0.0
TO_WELLS,7,4,0.0,5505.3066,0.0,0.0,445.89493,28.567646,0.0,440.7458,290.60635
TO_HEAD_DEP_BOUNDS,7,4,0.0,0.0,330.9585,0.0,0.0,0.0,0.0,0.0,0.0
TO_RECHARGE,7,4,0.0,0.0,0.0,0.0,0.0,0.0,0.0,0.0,0.0
TO_STREAM_LEAKAGE,7,4,0.0,0.0,0.0,140271.81,1633.268,6696.405,74843.07,0.0,0.0
TO_STREAM_FLOW_OUT,7,4,0.0,0.0,0.0,0.0,0.0,0.0,0.0,0.0,0.0
TO_ZONE_0,7,4,0.0,0.0,0.0,0.0,0.0,0.0,0.0,0.0,0.0
TO_haweaflat,7,4,0.0,0.0,167476.44,12344.891,886.03357,0.0,0.0,0.0,0.0
TO_moraine_top,7,4,0.0,450.25977,0.0,0.0,0.0,0.0,0.0,0.0,0.0
TO_river_zone,7,4,0.0,145587.61,0.0,0.0,266.00366,0.0,3.3349197,75.92022,3695.9773
TO_main_terrace,7,4,0.0,22230.139,0.0,31130.7,0.0,1680.8306,1774.6615,435.8965,0.0
TO_sandy_point,7,4,0.0,0.0,0.0,0.0,6507.0347,0.0,12.864995,0.0,0.0
TO_clutha,7,4,0.0,0.0,0.0,42.29531,67684.41,44.893906,0.0,7544.4,0.0
TO_sub_terrace,7,4,0.0,0.0,0.0,65.15425,6241.007,0.0,937.1304,0.0,0.0
TO_mangawera,7,4,0.0,0.0,0.0,0.0,0.0,0.0,0.0,0.0,0.0
TOTAL_OUT,7,4,0.0,200427.83,171575.0,188107.97,84128.195,8450.698,77573.234,8498.622,3987.1553
IN-OUT,7,4,0.0,173256.27,26464.89,812936450.0,120006370.0,2831842300.0,9008999000.0,0.0,0.00024414062
PERCENT_DISCREPANCY,7,4,,60.356266,14.320251,199.9075,199.71999,199.99881,199.99654,0.0,6.123178e-06
FROM_STORAGE,8,4,0.0,3.9781685e-06,0.0047517554,0.00048656506,0.011082333,0.0010728638,0.0012781385,0.00024375727,0.012480618
FROM_CONSTANT_HEAD,8,4,0.0,0.0,0.0,0.0,0.0,0.0,0.0,0.0,0.0
FROM_WELLS,8,4,0.0,4777.7715,18.260052,1438.9762,8504.589,0.0,0.0,77.06712,1081.1698
FROM_HEAD_DEP_BOUNDS,8,4,0.0,0.0,169004.84,0.0,0.0,0.0,0.0,0.0,0.0
FROM_RECHARGE,8,4,0.0,11435.957,1631.3204,4484.366,15251.537,1894.4105,2240.9023,1178.2632,2905.9722
FROM_STREAM_LEAKAGE,8,4,0.0,3500.0,1100.0,32545.969,3119.7043,36.521347,16.351604,0.0,0.0
FROM_STREAM_FLOW_OUT,8,4,0.0,173263.03,26465.953,813185340.0,120010370.0,2831842600.0,9009011000.0,0.0,0.0
FROM_ZONE_0,8,4,0.0,0.0,0.0,0.0,0.0,0.0,0.0,0.0,0.0
FROM_haweaflat,8,4,0.0,0.0,456.42975,147671.55,22336.43,0.0,0.0,0.0,0.0
FROM_moraine_top,8,4,0.0,168842.4,0.0,0.0,0.0,0.0,0.0,0.0,0.0
FROM_river_zone,8,4,0.0,12386.99,0.0,0.0,31128.402,0.0,42.29531,65.148285,0.0
FROM_main_terrace,8,4,0.0,886.76074,0.0,266.26608,0.0,6507.0347,67687.86,6241.824,0.0
FROM_sandy_point,8,4,0.0,0.0,0.0,0.0,1680.8306,0.0,44.89391,0.0,0.0
FROM_clutha,8,4,0.0,0.0,0.0,3.3349197,1775.0343,12.864995,0.0,937.21344,0.0
FROM_sub_terrace,8,4,0.0,0.0,0.0,75.93331,435.7395,0.0,7544.8564,0.0,0.0
FROM_mangawera,8,4,0.0,0.0,0.0,3695.9216,0.0,0.0,0.0,0.0,0.0
TOTAL_IN,8,4,0.0,375092.94,198676.83,813375500.0,120094590.0,2831851000.0,9009087000.0,8499.517,3987.1543
TO_STORAGE,8,4,0.0,25866.803,3037.9644,4300.2305,563.515,0.0011497532,3.0064313,2.2415793,0.62650806
TO_CONSTANT_HEAD,8,4,0.0,0.0,0.0,0.0,0.0,0.0,0.0,0.0,0.0
TO_WELLS,8,4,0.0,5505.3066,0.0,0.0,445.89493,28.567646,0.0,440.7458,290.60635
TO_HEAD_DEP_BOUNDS,8,4,0.0,0.0,331.49365,0.0,0.0,0.0,0.0,0.0,0.0
TO_RECHARGE,8,4,0.0,0.0,0.0,0.0,0.0,0.0,0.0,0.0,0.0
TO_STREAM_LEAKAGE,8,4,0.0,0.0,0.0,142260.11,1633.268,6696.405,74845.664,0.0,0.0
TO_STREAM_FLOW_OUT,8,4,0.0,0.0,0.0,0.0,0.0,0.0,0.0,0.0,0.0
TO_ZONE_0,8,4,0.0,0.0,0.0,0.0,0.0,0.0,0.0,0.0,0.0
TO_haweaflat,8,4,0.0,0.0,168842.4,12386.99,886.76074,0.0,0.0,0.0,0.0
TO_moraine_top,8,4,0.0,456.42975,0.0,0.0,0.0,0.0,0.0,0.0,0.0
TO_river_zone,8,4,0.0,147671.55,0.0,0.0,266.26608,0.0,3.3349197,75.93331,3695.9216
TO_main_terrace,8,4,0.0,22336.43,0.0,31128.402,0.0,1680.8306,1775.0343,435.7395,0.0
TO_sandy_point,8,4,0.0,0.0,0.0,0.0,6507.0347,0.0,12.864995,0.0,0.0
TO_clutha,8,4,0.0,0.0,0.0,42.29531,67687.86,44.89391,0.0,7544.8564,0.0
TO_sub_terrace,8,4,0.0,0.0,0.0,65.148285,6241.824,0.0,937.21344,0.0,0.0
TO_mangawera,8,4,0.0,0.0,0.0,0.0,0.0,0.0,0.0,0.0,0.0
TOTAL_OUT,8,4,0.0,201836.53,172211.86,190183.17,84232.42,8450.698,77577.12,8499.517,3987.1545
IN-OUT,8,4,0.0,173256.4,26464.969,813185300.0,120010360.0,2831842600.0,9009010000.0,0.0,0.00024414062
PERCENT_DISCREPANCY,8,4,,60.06155,14.271112,199.90648,199.71965,199.99881,199.99655,0.0,6.12318e-06
FROM_STORAGE,9,4,0.0,1.8335461e-06,6.8574323e-06,0.0004408686,0.010195821,0.0010687675,0.0012605687,0.00015058802,0.011602277
FROM_CONSTANT_HEAD,9,4,0.0,0.0,0.0,0.0,0.0,0.0,0.0,0.0,0.0
FROM_WELLS,9,4,0.0,4777.7715,18.260052,1438.9762,8504.589,0.0,0.0,77.06712,1081.1698
FROM_HEAD_DEP_BOUNDS,9,4,0.0,0.0,168831.88,0.0,0.0,0.0,0.0,0.0,0.0
FROM_RECHARGE,9,4,0.0,11435.957,1631.3204,4484.366,15251.537,1894.4105,2240.9023,1178.2632,2905.9722
FROM_STREAM_LEAKAGE,9,4,0.0,3500.0,1100.0,32536.447,3119.7043,36.521347,16.351604,0.0,0.0
FROM_STREAM_FLOW_OUT,9,4,0.0,173263.03,26465.953,813417500.0,120014090.0,2831842600.0,9009020000.0,0.0,0.0
FROM_ZONE_0,9,4,0.0,0.0,0.0,0.0,0.0,0.0,0.0,0.0,0.0
FROM_haweaflat,9,4,0.0,0.0,463.04562,149518.55,22444.938,0.0,0.0,0.0,0.0
FROM_moraine_top,9,4,0.0,169575.73,0.0,0.0,0.0,0.0,0.0,0.0,0.0
FROM_river_zone,9,4,0.0,12417.1875,0.0,0.0,31125.285,0.0,42.29531,65.14105,0.0
FROM_main_terrace,9,4,0.0,887.58563,0.0,266.57892,0.0,6507.0347,67692.27,6242.7905,0.0
FROM_sandy_point,9,4,0.0,0.0,0.0,0.0,1680.8306,0.0,44.89391,0.0,0.0
FROM_clutha,9,4,0.0,0.0,0.0,3.3349197,1775.4954,12.864995,0.0,937.3162,0.0
FROM_sub_terrace,9,4,0.0,0.0,0.0,75.949936,435.5623,0.0,7545.437,0.0,0.0
FROM_mangawera,9,4,0.0,0.0,0.0,3695.88,0.0,0.0,0.0,0.0,0.0
TOTAL_IN,9,4,0.0,375857.28,198510.47,813609500.0,120098424.0,2831851000.0,9009097000.0,8500.578,3987.1536
TO_STORAGE,9,4,0.0,24668.89,2137.5715,4254.439,662.7033,0.0011547678,3.9683297,2.8842113,0.6676314
TO_CONSTANT_HEAD,9,4,0.0,0.0,0.0,0.0,0.0,0.0,0.0,0.0,0.0
TO_WELLS,9,4,0.0,5505.3066,0.0,0.0,445.89493,28.567646,0.0,440.7458,290.60635
TO_HEAD_DEP_BOUNDS,9,4,0.0,0.0,332.01172,0.0,0.0,0.0,0.0,0.0,0.0
TO_RECHARGE,9,4,0.0,0.0,0.0,0.0,0.0,0.0,0.0,0.0,0.0
TO_STREAM_LEAKAGE,9,4,0.0,0.0,0.0,144116.86,1633.268,6696.405,74849.086,0.0,0.0
TO_STREAM_FLOW_OUT,9,4,0.0,0.0,0.0,0.0,0.0,0.0,0.0,0.0,0.0
TO_ZONE_0,9,4,0.0,0.0,0.0,0.0,0.0,0.0,0.0,0.0,0.0
TO_haweaflat,9,4,0.0,0.0,169575.73,12417.1875,887.58563,0.0,0.0,0.0,0.0
TO_moraine_top,9,4,0.0,463.04562,0.0,0.0,0.0,0.0,0.0,0.0,0.0
TO_river_zone,9,4,0.0,149518.55,0.0,0.0,266.57892,0.0,3.3349197,75.949936,3695.88
TO_main_terrace,9,4,0.0,22444.938,0.0,31125.285,0.0,1680.8306,1775.4954,435.5623,0.0
TO_sandy_point,9,4,0.0,0.0,0.0,0.0,6507.0347,0.0,12.864995,0.0,0.0
TO_clutha,9,4,0.0,0.0,0.0,42.29531,67692.27,44.89391,0.0,7545.437,0.0
TO_sub_terrace,9,4,0.0,0.0,0.0,65.14105,6242.7905,0.0,937.3162,0.0,0.0
TO_mangawera,9,4,0.0,0.0,0.0,0.0,0.0,0.0,0.0,0.0,0.0
TOTAL_OUT,9,4,0.0,202600.72,172045.31,192021.2,84338.125,8450.698,77582.06,8500.579,3987.1538
IN-OUT,9,4,0.0,173256.56,26465.156,813417500.0,120014090.0,2831842600.0,9009019000.0,0.0009765625,0.00024414062
PERCENT_DISCREPANCY,9,4,,59.9029,14.284033,199.90562,199.71931,199.99881,199.99655,1.148819e-05,6.1231804e-06
FROM_STORAGE,10,4,0.0,1.7672679e-07,0.0047834693,0.00040537692,0.009432081,0.0010651451,0.0012547675,0.00010687634,0.010819608
FROM_CONSTANT_HEAD,10,4,0.0,0.0,0.0,0.0,0.0,0.0,0.0,0.0,0.0
FROM_WELLS,10,4,0.0,4777.7715,18.260052,1438.9762,8504.589,0.0,0.0,77.06712,1081.1698
FROM_HEAD_DEP_BOUNDS,10,4,0.0,0.0,167880.58,0.0,0.0,0.0,0.0,0.0,0.0
FROM_RECHARGE,10,4,0.0,11435.957,1631.3204,4484.366,15251.537,1894.4105,2240.9023,1178.2632,2905.9722
FROM_STREAM_LEAKAGE,10,4,0.0,3500.0,1100.0,32526.264,3119.7043,36.521347,16.351604,0.0,0.0
FROM_STREAM_FLOW_OUT,10,4,0.0,173263.03,26465.953,813629700.0,120017490.0,2831842600.0,9009028000.0,0.0,0.0
FROM_ZONE_0,10,4,0.0,0.0,0.0,0.0,0.0,0.0,0.0,0.0,0.0
FROM_haweaflat,10,4,0.0,0.0,470.3995,151093.2,22553.447,0.0,0.0,0.0,0.0
FROM_moraine_top,10,4,0.0,169522.94,0.0,0.0,0.0,0.0,0.0,0.0,0.0
FROM_river_zone,10,4,0.0,12435.47,0.0,0.0,31121.312,0.0,42.29531,65.13259,0.0
FROM_main_terrace,10,4,0.0,888.4881,0.0,266.9408,0.0,6507.0347,67697.67,6243.899,0.0
FROM_sandy_point,10,4,0.0,0.0,0.0,0.0,1680.8306,0.0,44.89391,0.0,0.0
FROM_clutha,10,4,0.0,0.0,0.0,3.3349197,1776.0426,12.864994,0.0,937.43915,0.0
FROM_sub_terrace,10,4,0.0,0.0,0.0,75.97033,435.36838,0.0,7546.146,0.0,0.0
FROM_mangawera,10,4,0.0,0.0,0.0,3695.8518,0.0,0.0,0.0,0.0,0.0
TOTAL_IN,10,4,0.0,375823.66,197566.53,813823300.0,120101920.0,2831851000.0,9009105000.0,8501.801,3987.1528
TO_STORAGE,10,4,0.0,23054.697,1252.1729,4126.565,763.38104,0.0011595561,5.050302,3.5873952,0.6980546
TO_CONSTANT_HEAD,10,4,0.0,0.0,0.0,0.0,0.0,0.0,0.0,0.0,0.0
TO_WELLS,10,4,0.0,5505.3066,0.0,0.0,445.89493,28.567646,0.0,440.7458,290.60635
TO_HEAD_DEP_BOUNDS,10,4,0.0,0.0,332.3501,0.0,0.0,0.0,0.0,0.0,0.0
TO_RECHARGE,10,4,0.0,0.0,0.0,0.0,0.0,0.0,0.0,0.0,0.0
TO_STREAM_LEAKAGE,10,4,0.0,0.0,0.0,145814.83,1633.268,6696.405,74853.47,0.0,0.0
TO_STREAM_FLOW_OUT,10,4,0.0,0.0,0.0,0.0,0.0,0.0,0.0,0.0,0.0
TO_ZONE_0,10,4,0.0,0.0,0.0,0.0,0.0,0.0,0.0,0.0,0.0
TO_haweaflat,10,4,0.0,0.0,169522.94,12435.47,888.4881,0.0,0.0,0.0,0.0
TO_moraine_top,10,4,0.0,470.3995,0.0,0.0,0.0,0.0,0.0,0.0,0.0
TO_river_zone,10,4,0.0,151093.2,0.0,0.0,266.9408,0.0,3.3349197,75.97033,3695.8518
TO_main_terrace,10,4,0.0,22553.447,0.0,31121.312,0.0,1680.8306,1776.0426,435.36838,0.0
TO_sandy_point,10,4,0.0,0.0,0.0,0.0,6507.0347,0.0,12.864994,0.0,0.0
TO_clutha,10,4,0.0,0.0,0.0,42.29531,67697.67,44.89391,0.0,7546.146,0.0
TO_sub_terrace,10,4,0.0,0.0,0.0,65.13259,6243.899,0.0,937.43915,0.0,0.0
TO_mangawera,10,4,0.0,0.0,0.0,0.0,0.0,0.0,0.0,0.0,0.0
TOTAL_OUT,10,4,0.0,202677.06,171107.45,193605.6,84446.58,8450.698,77588.195,8501.818,3987.1562
IN-OUT,10,4,0.0,173146.6,26459.078,813629700.0,120017470.0,2831842600.0,9009027000.0,0.017578125,0.0034179688
PERCENT_DISCREPANCY,10,4,,59.86046,14.353644,199.90486,199.71893,199.99881,199.99654,0.00020675745,8.572451e-05
FROM_STORAGE,11,4,0.0,1.1377445,48.931072,0.0003592283,0.008823722,0.001083316,0.0012012445,4.18833e-05,0.010302163
FROM_CONSTANT_HEAD,11,4,0.0,0.0,0.0,0.0,0.0,0.0,0.0,0.0,0.0
FROM_WELLS,11,4,0.0,4777.7715,18.260052,1438.9762,8504.589,0.0,0.0,77.06712,1081.1698
FROM_HEAD_DEP_BOUNDS,11,4,0.0,0.0,166143.44,0.0,0.0,0.0,0.0,0.0,0.0
FROM_RECHARGE,11,4,0.0,11435.957,1631.3204,4484.366,15251.537,1894.4105,2240.9023,1178.2632,2905.9722
FROM_STREAM_LEAKAGE,11,4,0.0,3500.0,1100.0,32515.578,3119.7043,36.521347,16.351604,0.0,0.0
FROM_STREAM_FLOW_OUT,11,4,0.0,173263.03,26465.953,813816600.0,120020510.0,2831843000.0,9009037000.0,0.0,0.0
FROM_ZONE_0,11,4,0.0,0.0,0.0,0.0,0.0,0.0,0.0,0.0,0.0
FROM_haweaflat,11,4,0.0,0.0,478.70294,152380.6,22659.688,0.0,0.0,0.0,0.0
FROM_moraine_top,11,4,0.0,168710.0,0.0,0.0,0.0,0.0,0.0,0.0,0.0
FROM_river_zone,11,4,0.0,12442.166,0.0,0.0,31116.477,0.0,42.29532,65.12306,0.0
FROM_main_terrace,11,4,0.0,889.4473,0.0,267.34894,0.0,6507.035,67704.08,6245.135,0.0
FROM_sandy_point,11,4,0.0,0.0,0.0,0.0,1680.8306,0.0,44.893913,0.0,0.0
FROM_clutha,11,4,0.0,0.0,0.0,3.33492,1776.6713,12.864994,0.0,937.58167,0.0
FROM_sub_terrace,11,4,0.0,0.0,0.0,75.9944,435.16177,0.0,7546.9854,0.0,0.0
FROM_mangawera,11,4,0.0,0.0,0.0,3695.8376,0.0,0.0,0.0,0.0,0.0
TOTAL_IN,11,4,0.0,375019.5,195886.61,814011460.0,120105050.0,2831851500.0,9009114000.0,8503.17,3987.1523
TO_STORAGE,11,4,0.0,20837.582,378.87326,3901.4128,856.6623,0.0011411402,6.188101,4.3040004,0.7118378
TO_CONSTANT_HEAD,11,4,0.0,0.0,0.0,0.0,0.0,0.0,0.0,0.0,0.0
TO_WELLS,11,4,0.0,5505.3066,0.0,0.0,445.89493,28.567646,0.0,440.7458,290.60635
TO_HEAD_DEP_BOUNDS,11,4,0.0,0.0,333.06787,0.0,0.0,0.0,0.0,0.0,0.0
TO_RECHARGE,11,4,0.0,0.0,0.0,0.0,0.0,0.0,0.0,0.0,0.0
TO_STREAM_LEAKAGE,11,4,0.0,0.0,0.0,147314.36,1633.268,6696.405,74859.016,0.0,0.0
TO_STREAM_FLOW_OUT,11,4,0.0,0.0,0.0,0.0,0.0,0.0,0.0,0.0,0.0
TO_ZONE_0,11,4,0.0,0.0,0.0,0.0,0.0,0.0,0.0,0.0,0.0
TO_haweaflat,11,4,0.0,0.0,168710.0,12442.166,889.4473,0.0,0.0,0.0,0.0
TO_moraine_top,11,4,0.0,478.70294,0.0,0.0,0.0,0.0,0.0,0.0,0.0
TO_river_zone,11,4,0.0,152380.6,0.0,0.0,267.34894,0.0,3.33492,75.9944,3695.8376
TO_main_terrace,11,4,0.0,22659.688,0.0,31116.477,0.0,1680.8306,1776.6713,435.16177,0.0
TO_sandy_point,11,4,0.0,0.0,0.0,0.0,6507.035,0.0,12.864994,0.0,0.0
TO_clutha,11,4,0.0,0.0,0.0,42.29532,67704.08,44.893913,0.0,7546.9854,0.0
TO_sub_terrace,11,4,0.0,0.0,0.0,65.12306,6245.135,0.0,937.58167,0.0,0.0
TO_mangawera,11,4,0.0,0.0,0.0,0.0,0.0,0.0,0.0,0.0,0.0
TOTAL_OUT,11,4,0.0,201861.88,169421.94,194881.83,84548.87,8450.698,77595.66,8503.191,3987.1558
IN-OUT,11,4,0.0,173157.62,26464.672,813816600.0,120020500.0,2831843000.0,9009036000.0,0.021484375,0.0034179688
PERCENT_DISCREPANCY,11,4,,60.032314,14.488942,199.90425,199.71861,199.9988,199.99654,0.0002526628,8.5724525e-05
FROM_STORAGE,12,4,0.0,27.355097,634.65155,0.00031634344,0.008350937,0.0010800653,0.0011183638,2.9695977e-05,0.009695369
FROM_CONSTANT_HEAD,12,4,0.0,0.0,0.0,0.0,0.0,0.0,0.0,0.0,0.0
FROM_WELLS,12,4,0.0,4777.7715,18.260052,1438.9762,8504.589,0.0,0.0,77.06712,1081.1698
FROM_HEAD_DEP_BOUNDS,12,4,0.0,0.0,163663.06,0.0,0.0,0.0,0.0,0.0,0.0
FROM_RECHARGE,12,4,0.0,11435.957,1631.3204,4484.366,15251.537,1894.4105,2240.9023,1178.2632,2905.9722
FROM_STREAM_LEAKAGE,12,4,0.0,3500.0,1100.0,32505.23,3119.7043,36.521347,16.351604,0.0,0.0
FROM_STREAM_FLOW_OUT,12,4,0.0,173263.03,26465.953,813975400.0,120023070.0,2831843000.0,9009043000.0,0.0,0.0
FROM_ZONE_0,12,4,0.0,0.0,0.0,0.0,0.0,0.0,0.0,0.0,0.0
FROM_haweaflat,12,4,0.0,0.0,488.4107,153361.64,22761.785,0.0,0.0,0.0,0.0
FROM_moraine_top,12,4,0.0,167182.11,0.0,0.0,0.0,0.0,0.0,0.0,0.0
FROM_river_zone,12,4,0.0,12437.294,0.0,0.0,31110.793,0.0,42.295334,65.11254,0.0
FROM_main_terrace,12,4,0.0,890.458,0.0,267.79947,0.0,6507.035,67711.484,6246.4883,0.0
FROM_sandy_point,12,4,0.0,0.0,0.0,0.0,1680.8306,0.0,44.893913,0.0,0.0
FROM_clutha,12,4,0.0,0.0,0.0,3.33492,1777.3733,12.864994,0.0,937.743,0.0
FROM_sub_terrace,12,4,0.0,0.0,0.0,76.022255,434.94644,0.0,7547.9536,0.0,0.0
FROM_mangawera,12,4,0.0,0.0,0.0,3695.8364,0.0,0.0,0.0,0.0,0.0
TOTAL_IN,12,4,0.0,373513.97,194001.66,814171200.0,120107704.0,2831851500.0,9009120000.0,8504.674,3987.1516
TO_STORAGE,12,4,0.0,18226.375,13.689604,3601.957,943.7793,0.0011449356,7.37457,5.0299435,0.71220356
TO_CONSTANT_HEAD,12,4,0.0,0.0,0.0,0.0,0.0,0.0,0.0,0.0,0.0
TO_WELLS,12,4,0.0,5505.3066,0.0,0.0,445.89493,28.567646,0.0,440.7458,290.60635
TO_HEAD_DEP_BOUNDS,12,4,0.0,0.0,335.11768,0.0,0.0,0.0,0.0,0.0,0.0
TO_RECHARGE,12,4,0.0,0.0,0.0,0.0,0.0,0.0,0.0,0.0,0.0
TO_STREAM_LEAKAGE,12,4,0.0,0.0,0.0,148593.89,1633.268,6696.405,74865.22,0.0,0.0
TO_STREAM_FLOW_OUT,12,4,0.0,0.0,0.0,0.0,0.0,0.0,0.0,0.0,0.0
TO_ZONE_0,12,4,0.0,0.0,0.0,0.0,0.0,0.0,0.0,0.0,0.0
TO_haweaflat,12,4,0.0,0.0,167182.11,12437.294,890.458,0.0,0.0,0.0,0.0
TO_moraine_top,12,4,0.0,488.4107,0.0,0.0,0.0,0.0,0.0,0.0,0.0
TO_river_zone,12,4,0.0,153361.64,0.0,0.0,267.79947,0.0,3.33492,76.022255,3695.8364
TO_main_terrace,12,4,0.0,22761.785,0.0,31110.793,0.0,1680.8306,1777.3733,434.94644,0.0
TO_sandy_point,12,4,0.0,0.0,0.0,0.0,6507.035,0.0,12.864994,0.0,0.0
TO_clutha,12,4,0.0,0.0,0.0,42.295334,67711.484,44.893913,0.0,7547.9536,0.0
TO_sub_terrace,12,4,0.0,0.0,0.0,65.11254,6246.4883,0.0,937.743,0.0,0.0
TO_mangawera,12,4,0.0,0.0,0.0,0.0,0.0,0.0,0.0,0.0,0.0
TOTAL_OUT,12,4,0.0,200343.52,167530.92,195851.34,84646.2,8450.698,77603.914,8504.698,3987.155
IN-OUT,12,4,0.0,173170.45,26470.734,813975360.0,120023060.0,2831843000.0,9009042000.0,0.024414062,0.0034179688
PERCENT_DISCREPANCY,12,4,,60.353123,14.643624,199.90381,199.71829,199.9988,199.99655,0.000287066,8.572454e-05
FROM_STORAGE,13,4,0.0,115.5922,1567.1127,0.00062966795,0.007934768,0.0010772569,0.0010581999,1.14563445e-05,0.008975453
FROM_CONSTANT_HEAD,13,4,0.0,0.0,0.0,0.0,0.0,0.0,0.0,0.0,0.0
FROM_WELLS,13,4,0.0,4777.7715,18.260052,1438.9762,8504.589,0.0,0.0,77.06712,1081.1698
FROM_HEAD_DEP_BOUNDS,13,4,0.0,0.0,160496.08,0.0,0.0,0.0,0.0,0.0,0.0
FROM_RECHARGE,13,4,0.0,11435.957,1631.3204,4484.366,15251.537,1894.4105,2240.9023,1178.2632,2905.9722
FROM_STREAM_LEAKAGE,13,4,0.0,3500.0,1100.0,32494.309,3119.7043,36.521347,16.351604,0.0,0.0
FROM_STREAM_FLOW_OUT,13,4,0.0,173263.03,26465.953,814103400.0,120025160.0,2831843300.0,9009050000.0,0.0,0.0
FROM_ZONE_0,13,4,0.0,0.0,0.0,0.0,0.0,0.0,0.0,0.0,0.0
FROM_haweaflat,13,4,0.0,0.0,498.1432,154009.55,22859.783,0.0,0.0,0.0,0.0
FROM_moraine_top,13,4,0.0,164959.34,0.0,0.0,0.0,0.0,0.0,0.0,0.0
FROM_river_zone,13,4,0.0,12420.817,0.0,0.0,31104.03,0.0,42.295395,65.10122,0.0
FROM_main_terrace,13,4,0.0,892.0807,0.0,268.2859,0.0,6507.035,67719.84,6247.9346,0.0
FROM_sandy_point,13,4,0.0,0.0,0.0,0.0,1680.8306,0.0,44.893913,0.0,0.0
FROM_clutha,13,4,0.0,0.0,0.0,3.33492,1778.1384,12.864994,0.0,937.9215,0.0
FROM_sub_terrace,13,4,0.0,0.0,0.0,76.0536,434.72787,0.0,7549.044,0.0,0.0
FROM_mangawera,13,4,0.0,0.0,0.0,3695.8486,0.0,0.0,0.0,0.0,0.0
TOTAL_IN,13,4,0.0,371364.6,191776.88,814299840.0,120109880.0,2831851800.0,9009126000.0,8506.288,3987.151
TO_STORAGE,13,4,0.0,15306.305,5.6853012e-15,3227.7317,1024.0498,0.0011481482,8.58089,5.74434,0.69951123
TO_CONSTANT_HEAD,13,4,0.0,0.0,0.0,0.0,0.0,0.0,0.0,0.0,0.0
TO_WELLS,13,4,0.0,5505.3066,0.0,0.0,445.89493,28.567646,0.0,440.7458,290.60635
TO_HEAD_DEP_BOUNDS,13,4,0.0,0.0,340.67822,0.0,0.0,0.0,0.0,0.0,0.0
TO_RECHARGE,13,4,0.0,0.0,0.0,0.0,0.0,0.0,0.0,0.0,0.0
TO_STREAM_LEAKAGE,13,4,0.0,0.0,0.0,149627.05,1633.268,6696.405,74872.555,0.0,0.0
TO_STREAM_FLOW_OUT,13,4,0.0,0.0,0.0,0.0,0.0,0.0,0.0,0.0,0.0
TO_ZONE_0,13,4,0.0,0.0,0.0,0.0,0.0,0.0,0.0,0.0,0.0
TO_haweaflat,13,4,0.0,0.0,164959.34,12420.817,892.0807,0.0,0.0,0.0,0.0
TO_moraine_top,13,4,0.0,498.1432,0.0,0.0,0.0,0.0,0.0,0.0,0.0
TO_river_zone,13,4,0.0,154009.55,0.0,0.0,268.2859,0.0,3.33492,76.0536,3695.8486
TO_main_terrace,13,4,0.0,22859.783,0.0,31104.03,0.0,1680.8306,1778.1384,434.72787,0.0
TO_sandy_point,13,4,0.0,0.0,0.0,0.0,6507.035,0.0,12.864994,0.0,0.0
TO_clutha,13,4,0.0,0.0,0.0,42.295395,67719.84,44.893913,0.0,7549.044,0.0
TO_sub_terrace,13,4,0.0,0.0,0.0,65.10122,6247.9346,0.0,937.9215,0.0,0.0
TO_mangawera,13,4,0.0,0.0,0.0,0.0,0.0,0.0,0.0,0.0,0.0
TOTAL_OUT,13,4,0.0,198179.08,165300.02,196487.02,84738.4,8450.698,77613.4,8506.315,3987.1545
IN-OUT,13,4,0.0,173185.52,26476.86,814103360.0,120025144.0,2831843300.0,9009049000.0,0.02734375,0.0036621094
PERCENT_DISCREPANCY,13,4,,60.815536,14.829782,199.9035,199.718,199.99881,199.99654,0.00032145286,9.184773e-05
FROM_STORAGE,14,4,0.0,432.9781,2456.2717,5.952394,0.0075992336,0.0010747971,0.0010139832,1.286357e-05,0.008143124
FROM_CONSTANT_HEAD,14,4,0.0,0.0,0.0,0.0,0.0,0.0,0.0,0.0,0.0
FROM_WELLS,14,4,0.0,4777.7715,18.260052,1438.9762,8504.589,0.0,0.0,77.06712,1081.1698
FROM_HEAD_DEP_BOUNDS,14,4,0.0,0.0,156759.61,0.0,0.0,0.0,0.0,0.0,0.0
FROM_RECHARGE,14,4,0.0,11435.957,1631.3204,4484.366,15251.537,1894.4105,2240.9023,1178.2632,2905.9722
FROM_STREAM_LEAKAGE,14,4,0.0,3500.0,1100.0,32482.918,3119.7043,36.521347,16.351604,0.0,0.0
FROM_STREAM_FLOW_OUT,14,4,0.0,173263.03,26465.953,814196900.0,120026700.0,2831843800.0,9009056000.0,0.0,0.0
FROM_ZONE_0,14,4,0.0,0.0,0.0,0.0,0.0,0.0,0.0,0.0,0.0
FROM_haweaflat,14,4,0.0,0.0,507.62268,154299.39,22949.443,0.0,0.0,0.0,0.0
FROM_moraine_top,14,4,0.0,162056.12,0.0,0.0,0.0,0.0,0.0,0.0,0.0
FROM_river_zone,14,4,0.0,12392.671,0.0,0.0,31096.334,0.0,42.29545,65.08928,0.0
FROM_main_terrace,14,4,0.0,893.907,0.0,268.80072,0.0,6507.035,67729.07,6249.4497,0.0
FROM_sandy_point,14,4,0.0,0.0,0.0,0.0,1680.8306,0.0,44.893913,0.0,0.0
FROM_clutha,14,4,0.0,0.0,0.0,3.33492,1778.9528,12.864994,0.0,938.115,0.0
FROM_sub_terrace,14,4,0.0,0.0,0.0,76.088264,434.5116,0.0,7550.245,0.0,0.0
FROM_mangawera,14,4,0.0,0.0,0.0,3695.873,0.0,0.0,0.0,0.0,0.0
TOTAL_IN,14,4,0.0,368752.44,188939.05,814393660.0,120111510.0,2831852300.0,9009133000.0,8507.984,3987.1501
TO_STORAGE,14,4,0.0,12288.68,0.0,2785.3518,1093.8846,0.0011510685,9.77222,6.424745,0.6737625
TO_CONSTANT_HEAD,14,4,0.0,0.0,0.0,0.0,0.0,0.0,0.0,0.0,0.0
TO_WELLS,14,4,0.0,5505.3066,0.0,0.0,445.89493,28.567646,0.0,440.7458,290.60635
TO_HEAD_DEP_BOUNDS,14,4,0.0,0.0,400.22803,0.0,0.0,0.0,0.0,0.0,0.0
TO_RECHARGE,14,4,0.0,0.0,0.0,0.0,0.0,0.0,0.0,0.0,0.0
TO_STREAM_LEAKAGE,14,4,0.0,0.0,0.0,150388.31,1633.268,6696.405,74880.555,0.0,0.0
TO_STREAM_FLOW_OUT,14,4,0.0,0.0,0.0,0.0,0.0,0.0,0.0,0.0,0.0
TO_ZONE_0,14,4,0.0,0.0,0.0,0.0,0.0,0.0,0.0,0.0,0.0
TO_haweaflat,14,4,0.0,0.0,162056.12,12392.671,893.907,0.0,0.0,0.0,0.0
TO_moraine_top,14,4,0.0,507.62268,0.0,0.0,0.0,0.0,0.0,0.0,0.0
TO_river_zone,14,4,0.0,154299.39,0.0,0.0,268.80072,0.0,3.33492,76.088264,3695.873
TO_main_terrace,14,4,0.0,22949.443,0.0,31096.334,0.0,1680.8306,1778.9528,434.5116,0.0
TO_sandy_point,14,4,0.0,0.0,0.0,0.0,6507.035,0.0,12.864994,0.0,0.0
TO_clutha,14,4,0.0,0.0,0.0,42.29545,67729.07,44.893913,0.0,7550.245,0.0
TO_sub_terrace,14,4,0.0,0.0,0.0,65.08928,6249.4497,0.0,938.115,0.0,0.0
TO_mangawera,14,4,0.0,0.0,0.0,0.0,0.0,0.0,0.0,0.0,0.0
TOTAL_OUT,14,4,0.0,195550.44,162456.36,196770.06,84821.31,8450.698,77623.6,8508.016,3987.153
IN-OUT,14,4,0.0,173202.0,26482.688,814196860.0,120026690.0,2831843800.0,9009055000.0,0.03125,0.0029296875
PERCENT_DISCREPANCY,14,4,,61.386185,15.07287,199.90337,199.71771,199.99881,199.99655,0.00036730137,7.347821e-05
FROM_STORAGE,15,4,0.0,1682.6149,3256.7595,60.32381,0.007294939,0.0010720774,0.000979763,8.045535e-06,0.0073450324
FROM_CONSTANT_HEAD,15,4,0.0,0.0,0.0,0.0,0.0,0.0,0.0,0.0,0.0
FROM_WELLS,15,4,0.0,4777.7715,18.260052,1438.9762,8504.589,0.0,0.0,77.06712,1081.1698
FROM_HEAD_DEP_BOUNDS,15,4,0.0,0.0,152479.0,0.0,0.0,0.0,0.0,0.0,0.0
FROM_RECHARGE,15,4,0.0,11435.957,1631.3204,4484.366,15251.537,1894.4105,2240.9023,1178.2632,2905.9722
FROM_STREAM_LEAKAGE,15,4,0.0,3500.0,1100.0,32471.258,3119.7043,36.521347,16.351604,0.0,0.0
FROM_STREAM_FLOW_OUT,15,4,0.0,173263.03,26465.953,814253300.0,120027650.0,2831844400.0,9009059000.0,0.0,0.0
FROM_ZONE_0,15,4,0.0,0.0,0.0,0.0,0.0,0.0,0.0,0.0,0.0
FROM_haweaflat,15,4,0.0,0.0,517.2144,154212.55,23029.244,0.0,0.0,0.0,0.0
FROM_moraine_top,15,4,0.0,158502.17,0.0,0.0,0.0,0.0,0.0,0.0,0.0
FROM_river_zone,15,4,0.0,12352.904,0.0,0.0,31087.988,0.0,42.295567,65.07694,0.0
FROM_main_terrace,15,4,0.0,895.7312,0.0,269.33856,0.0,6507.035,67739.09,6251.0137,0.0
FROM_sandy_point,15,4,0.0,0.0,0.0,0.0,1680.8306,0.0,44.893917,0.0,0.0
FROM_clutha,15,4,0.0,0.0,0.0,3.3349202,1779.8022,12.864994,0.0,938.32104,0.0
FROM_sub_terrace,15,4,0.0,0.0,0.0,76.12592,434.30072,0.0,7551.5444,0.0,0.0
FROM_mangawera,15,4,0.0,0.0,0.0,3695.9104,0.0,0.0,0.0,0.0,0.0
TOTAL_IN,15,4,0.0,366410.2,185468.52,814450050.0,120112530.0,2831852800.0,9009136000.0,8509.742,3987.1494
TO_STORAGE,15,4,0.0,9925.954,8.081632e-05,2321.4224,1152.3434,0.0011541966,10.925864,7.0600605,0.6354798
TO_CONSTANT_HEAD,15,4,0.0,0.0,0.0,0.0,0.0,0.0,0.0,0.0,0.0
TO_WELLS,15,4,0.0,5505.3066,0.0,0.0,445.89493,28.567646,0.0,440.7458,290.60635
TO_HEAD_DEP_BOUNDS,15,4,0.0,0.0,478.59473,0.0,0.0,0.0,0.0,0.0,0.0
TO_RECHARGE,15,4,0.0,0.0,0.0,0.0,0.0,0.0,0.0,0.0,0.0
TO_STREAM_LEAKAGE,15,4,0.0,0.0,0.0,150854.47,1633.268,6696.405,74889.82,0.0,0.0
TO_STREAM_FLOW_OUT,15,4,0.0,0.0,0.0,0.0,0.0,0.0,0.0,0.0,0.0
TO_ZONE_0,15,4,0.0,0.0,0.0,0.0,0.0,0.0,0.0,0.0,0.0
TO_haweaflat,15,4,0.0,0.0,158502.17,12352.904,895.7312,0.0,0.0,0.0,0.0
TO_moraine_top,15,4,0.0,517.2144,0.0,0.0,0.0,0.0,0.0,0.0,0.0
TO_river_zone,15,4,0.0,154212.55,0.0,0.0,269.33856,0.0,3.3349202,76.12592,3695.9104
TO_main_terrace,15,4,0.0,23029.244,0.0,31087.988,0.0,1680.8306,1779.8022,434.30072,0.0
TO_sandy_point,15,4,0.0,0.0,0.0,0.0,6507.035,0.0,12.864994,0.0,0.0
TO_clutha,15,4,0.0,0.0,0.0,42.295567,67739.09,44.893917,0.0,7551.5444,0.0
TO_sub_terrace,15,4,0.0,0.0,0.0,65.07694,6251.0137,0.0,938.32104,0.0,0.0
TO_mangawera,15,4,0.0,0.0,0.0,0.0,0.0,0.0,0.0,0.0,0.0
TOTAL_OUT,15,4,0.0,193190.27,158980.77,196724.16,84893.72,8450.698,77635.08,8509.777,3987.1523
IN-OUT,15,4,0.0,173219.92,26487.75,814253300.0,120027630.0,2831844400.0,9009058000.0,0.03515625,0.0029296875
PERCENT_DISCREPANCY,15,4,,61.90843,15.379768,199.90341,199.71747,199.99881,199.99654,0.00041312858,7.347822e-05
FROM_STORAGE,16,4,0.0,3709.3904,3967.4504,174.02614,0.0069706663,0.0010863813,0.0009553818,5.2932055e-06,0.0062605385
FROM_CONSTANT_HEAD,16,4,0.0,0.0,0.0,0.0,0.0,0.0,0.0,0.0,0.0
FROM_WELLS,16,4,0.0,4777.7715,18.260052,1438.9762,8504.589,0.0,0.0,77.06712,1081.1698
FROM_HEAD_DEP_BOUNDS,16,4,0.0,0.0,147714.94,0.0,0.0,0.0,0.0,0.0,0.0
FROM_RECHARGE,16,4,0.0,11435.957,1631.3204,4484.366,15251.537,1894.4105,2240.9023,1178.2632,2905.9722
FROM_STREAM_LEAKAGE,16,4,0.0,3500.0,1100.0,32459.826,3119.7043,36.521347,16.351604,0.0,0.0
FROM_STREAM_FLOW_OUT,16,4,0.0,173263.03,26465.953,814270460.0,120028010.0,2831845400.0,9009062000.0,0.0,0.0
FROM_ZONE_0,16,4,0.0,0.0,0.0,0.0,0.0,0.0,0.0,0.0,0.0
FROM_haweaflat,16,4,0.0,0.0,526.5719,153744.94,23096.008,0.0,0.0,0.0,0.0
FROM_moraine_top,16,4,0.0,154383.38,0.0,0.0,0.0,0.0,0.0,0.0,0.0
FROM_river_zone,16,4,0.0,12301.988,0.0,0.0,31079.111,0.0,42.295685,65.064445,0.0
FROM_main_terrace,16,4,0.0,897.5171,0.0,269.8905,0.0,6507.035,67749.75,6252.6,0.0
FROM_sandy_point,16,4,0.0,0.0,0.0,0.0,1680.8306,0.0,44.893917,0.0,0.0
FROM_clutha,16,4,0.0,0.0,0.0,3.334921,1780.6697,12.864994,0.0,938.5366,0.0
FROM_sub_terrace,16,4,0.0,0.0,0.0,76.16609,434.10007,0.0,7552.923,0.0,0.0
FROM_mangawera,16,4,0.0,0.0,0.0,3695.9597,0.0,0.0,0.0,0.0,0.0
TOTAL_IN,16,4,0.0,364269.06,181424.5,814466750.0,120112950.0,2831853800.0,9009139000.0,8511.531,3987.1482
TO_STORAGE,16,4,0.0,8134.472,0.0027017621,1850.9076,1190.9218,0.0011394343,11.958537,7.5987105,0.58218837
TO_CONSTANT_HEAD,16,4,0.0,0.0,0.0,0.0,0.0,0.0,0.0,0.0,0.0
TO_WELLS,16,4,0.0,5505.3066,0.0,0.0,445.89493,28.567646,0.0,440.7458,290.60635
TO_HEAD_DEP_BOUNDS,16,4,0.0,0.0,573.78076,0.0,0.0,0.0,0.0,0.0,0.0
TO_RECHARGE,16,4,0.0,0.0,0.0,0.0,0.0,0.0,0.0,0.0,0.0
TO_STREAM_LEAKAGE,16,4,0.0,0.0,0.0,151008.98,1633.268,6696.405,74899.78,0.0,0.0
TO_STREAM_FLOW_OUT,16,4,0.0,0.0,0.0,0.0,0.0,0.0,0.0,0.0,0.0
TO_ZONE_0,16,4,0.0,0.0,0.0,0.0,0.0,0.0,0.0,0.0,0.0
TO_haweaflat,16,4,0.0,0.0,154383.38,12301.988,897.5171,0.0,0.0,0.0,0.0
TO_moraine_top,16,4,0.0,526.5719,0.0,0.0,0.0,0.0,0.0,0.0,0.0
TO_river_zone,16,4,0.0,153744.94,0.0,0.0,269.8905,0.0,3.334921,76.16609,3695.9597
TO_main_terrace,16,4,0.0,23096.008,0.0,31079.111,0.0,1680.8306,1780.6697,434.10007,0.0
TO_sandy_point,16,4,0.0,0.0,0.0,0.0,6507.035,0.0,12.864994,0.0,0.0
TO_clutha,16,4,0.0,0.0,0.0,42.295685,67749.75,44.893917,0.0,7552.923,0.0
TO_sub_terrace,16,4,0.0,0.0,0.0,65.064445,6252.6,0.0,938.5366,0.0,0.0
TO_mangawera,16,4,0.0,0.0,0.0,0.0,0.0,0.0,0.0,0.0,0.0
TOTAL_OUT,16,4,0.0,191007.28,154957.16,196348.34,84946.88,8450.698,77647.16,8511.533,3987.1482
IN-OUT,16,4,0.0,173261.78,26467.344,814270400.0,120028010.0,2831845400.0,9009061000.0,0.001953125,0.0
PERCENT_DISCREPANCY,16,4,,62.4056,15.736497,199.90358,199.71732,199.9988,199.99655,2.2946808e-05,0.0
FROM_STORAGE,17,4,0.0,6052.79,4830.994,327.1516,0.0067582815,0.0010874189,0.00095543056,7.3396977e-06,0.0051796907
FROM_CONSTANT_HEAD,17,4,0.0,0.0,0.0,0.0,0.0,0.0,0.0,0.0,0.0
FROM_WELLS,17,4,0.0,4777.7715,18.260052,1438.9762,8504.589,0.0,0.0,77.06712,1081.1698
FROM_HEAD_DEP_BOUNDS,17,4,0.0,0.0,142604.75,0.0,0.0,0.0,0.0,0.0,0.0
FROM_RECHARGE,17,4,0.0,11435.957,1631.3204,4484.366,15251.537,1894.4105,2240.9023,1178.2632,2905.9722
FROM_STREAM_LEAKAGE,17,4,0.0,3500.0,1100.0,32448.738,3119.7043,36.521347,16.351604,0.0,0.0
FROM_STREAM_FLOW_OUT,17,4,0.0,173263.03,26465.953,814249540.0,120027710.0,2831845600.0,9009062000.0,0.0,0.0
FROM_ZONE_0,17,4,0.0,0.0,0.0,0.0,0.0,0.0,0.0,0.0,0.0
FROM_haweaflat,17,4,0.0,0.0,535.18286,152945.02,23148.768,0.0,0.0,0.0,0.0
FROM_moraine_top,17,4,0.0,150053.34,0.0,0.0,0.0,0.0,0.0,0.0,0.0
FROM_river_zone,17,4,0.0,12241.702,0.0,0.0,31069.812,0.0,42.295856,65.05192,0.0
FROM_main_terrace,17,4,0.0,899.22766,0.0,270.44968,0.0,6507.035,67760.94,6254.1895,0.0
FROM_sandy_point,17,4,0.0,0.0,0.0,0.0,1680.8306,0.0,44.893917,0.0,0.0
FROM_clutha,17,4,0.0,0.0,0.0,3.334922,1781.5422,12.864994,0.0,938.7593,0.0
FROM_sub_terrace,17,4,0.0,0.0,0.0,76.20828,433.91324,0.0,7554.367,0.0,0.0
FROM_mangawera,17,4,0.0,0.0,0.0,3696.0198,0.0,0.0,0.0,0.0,0.0
TOTAL_IN,17,4,0.0,362223.78,177186.47,814445250.0,120112700.0,2831854000.0,9009139000.0,8513.331,3987.147
TO_STORAGE,17,4,0.0,6826.8354,0.0,1415.3145,1219.9954,0.0011387852,12.9567585,8.097725,0.52112556
TO_CONSTANT_HEAD,17,4,0.0,0.0,0.0,0.0,0.0,0.0,0.0,0.0,0.0
TO_WELLS,17,4,0.0,5505.3066,0.0,0.0,445.89493,28.567646,0.0,440.7458,290.60635
TO_HEAD_DEP_BOUNDS,17,4,0.0,0.0,665.62354,0.0,0.0,0.0,0.0,0.0,0.0
TO_RECHARGE,17,4,0.0,0.0,0.0,0.0,0.0,0.0,0.0,0.0,0.0
TO_STREAM_LEAKAGE,17,4,0.0,0.0,0.0,150856.72,1633.268,6696.405,74910.336,0.0,0.0
TO_STREAM_FLOW_OUT,17,4,0.0,0.0,0.0,0.0,0.0,0.0,0.0,0.0,0.0
TO_ZONE_0,17,4,0.0,0.0,0.0,0.0,0.0,0.0,0.0,0.0,0.0
TO_haweaflat,17,4,0.0,0.0,150053.34,12241.702,899.22766,0.0,0.0,0.0,0.0
TO_moraine_top,17,4,0.0,535.18286,0.0,0.0,0.0,0.0,0.0,0.0,0.0
TO_river_zone,17,4,0.0,152945.02,0.0,0.0,270.44968,0.0,3.334922,76.20828,3696.0198
TO_main_terrace,17,4,0.0,23148.768,0.0,31069.812,0.0,1680.8306,1781.5422,433.91324,0.0
TO_sandy_point,17,4,0.0,0.0,0.0,0.0,6507.035,0.0,12.864994,0.0,0.0
TO_clutha,17,4,0.0,0.0,0.0,42.295856,67760.94,44.893917,0.0,7554.367,0.0
TO_sub_terrace,17,4,0.0,0.0,0.0,65.05192,6254.1895,0.0,938.7593,0.0,0.0
TO_mangawera,17,4,0.0,0.0,0.0,0.0,0.0,0.0,0.0,0.0,0.0
TOTAL_OUT,17,4,0.0,188961.11,150718.97,195690.89,84991.0,8450.698,77659.79,8513.332,3987.1472
IN-OUT,17,4,0.0,173262.67,26467.5,814249540.0,120027710.0,2831845600.0,9009061000.0,0.0009765625,0.00024414062
PERCENT_DISCREPANCY,17,4,,62.86917,16.143373,199.90392,199.71715,199.99881,199.99655,1.1470978e-05,6.123191e-06
FROM_STORAGE,18,4,0.0,8332.3125,5854.4688,458.68954,0.0064937095,0.0010855512,0.00094118726,1.5061372e-06,0.0040788567
FROM_CONSTANT_HEAD,18,4,0.0,0.0,0.0,0.0,0.0,0.0,0.0,0.0,0.0
FROM_WELLS,18,4,0.0,4777.7715,18.260052,1438.9762,8504.589,0.0,0.0,77.06712,1081.1698
FROM_HEAD_DEP_BOUNDS,18,4,0.0,0.0,137408.61,0.0,0.0,0.0,0.0,0.0,0.0
FROM_RECHARGE,18,4,0.0,11435.957,1631.3204,4484.366,15251.537,1894.4105,2240.9023,1178.2632,2905.9722
FROM_STREAM_LEAKAGE,18,4,0.0,3500.0,1100.0,32438.117,3119.7043,36.521347,16.351604,0.0,0.0
FROM_STREAM_FLOW_OUT,18,4,0.0,173263.03,26465.953,814198660.0,120026940.0,2831846000.0,9009060000.0,0.0,0.0
FROM_ZONE_0,18,4,0.0,0.0,0.0,0.0,0.0,0.0,0.0,0.0,0.0
FROM_haweaflat,18,4,0.0,0.0,542.8843,151999.39,23188.207,0.0,0.0,0.0,0.0
FROM_moraine_top,18,4,0.0,145803.58,0.0,0.0,0.0,0.0,0.0,0.0,0.0
FROM_river_zone,18,4,0.0,12178.983,0.0,0.0,31060.207,0.0,42.29598,65.03959,0.0
FROM_main_terrace,18,4,0.0,900.8148,0.0,271.0091,0.0,6507.035,67772.55,6255.759,0.0
FROM_sandy_point,18,4,0.0,0.0,0.0,0.0,1680.8306,0.0,44.893917,0.0,0.0
FROM_clutha,18,4,0.0,0.0,0.0,3.3349242,1782.4055,12.864994,0.0,938.98627,0.0
FROM_sub_terrace,18,4,0.0,0.0,0.0,76.25221,433.74326,0.0,7555.862,0.0,0.0
FROM_mangawera,18,4,0.0,0.0,0.0,3696.0867,0.0,0.0,0.0,0.0,0.0
TOTAL_IN,18,4,0.0,360192.44,173021.52,814393540.0,120111970.0,2831854300.0,9009137000.0,8515.115,3987.146
TO_STORAGE,18,4,0.0,5693.2285,0.00012691856,1054.1068,1235.2134,0.0011408154,13.849699,8.514239,0.45304048
TO_CONSTANT_HEAD,18,4,0.0,0.0,0.0,0.0,0.0,0.0,0.0,0.0,0.0
TO_WELLS,18,4,0.0,5505.3066,0.0,0.0,445.89493,28.567646,0.0,440.7458,290.60635
TO_HEAD_DEP_BOUNDS,18,4,0.0,0.0,750.0737,0.0,0.0,0.0,0.0,0.0,0.0
TO_RECHARGE,18,4,0.0,0.0,0.0,0.0,0.0,0.0,0.0,0.0,0.0
TO_STREAM_LEAKAGE,18,4,0.0,0.0,0.0,150465.88,1633.268,6696.405,74921.39,0.0,0.0
TO_STREAM_FLOW_OUT,18,4,0.0,0.0,0.0,0.0,0.0,0.0,0.0,0.0,0.0
TO_ZONE_0,18,4,0.0,0.0,0.0,0.0,0.0,0.0,0.0,0.0,0.0
TO_haweaflat,18,4,0.0,0.0,145803.58,12178.983,900.8148,0.0,0.0,0.0,0.0
TO_moraine_top,18,4,0.0,542.8843,0.0,0.0,0.0,0.0,0.0,0.0,0.0
TO_river_zone,18,4,0.0,151999.39,0.0,0.0,271.0091,0.0,3.3349242,76.25221,3696.0867
TO_main_terrace,18,4,0.0,23188.207,0.0,31060.207,0.0,1680.8306,1782.4055,433.74326,0.0
TO_sandy_point,18,4,0.0,0.0,0.0,0.0,6507.035,0.0,12.864994,0.0,0.0
TO_clutha,18,4,0.0,0.0,0.0,42.29598,67772.55,44.893917,0.0,7555.862,0.0
TO_sub_terrace,18,4,0.0,0.0,0.0,65.03959,6255.759,0.0,938.98627,0.0,0.0
TO_mangawera,18,4,0.0,0.0,0.0,0.0,0.0,0.0,0.0,0.0,0.0
TOTAL_OUT,18,4,0.0,186929.02,146553.66,194866.52,85021.54,8450.698,77672.836,8515.117,3987.146
IN-OUT,18,4,0.0,173263.42,26467.86,814198660.0,120026940.0,2831846000.0,9009059000.0,0.001953125,0.0
PERCENT_DISCREPANCY,18,4,,63.33637,16.564402,199.9043,199.71704,199.99881,199.99655,2.293715e-05,0.0
FROM_STORAGE,19,4,0.0,10920.236,6493.7544,719.9713,0.00629674,0.0010841263,0.00093267235,2.3894156e-06,0.003778564
FROM_CONSTANT_HEAD,19,4,0.0,0.0,0.0,0.0,0.0,0.0,0.0,0.0,0.0
FROM_WELLS,19,4,0.0,4777.7715,18.260052,1438.9762,8504.589,0.0,0.0,77.06712,1081.1698
FROM_HEAD_DEP_BOUNDS,19,4,0.0,0.0,132205.69,0.0,0.0,0.0,0.0,0.0,0.0
FROM_RECHARGE,19,4,0.0,11435.957,1631.3204,4484.366,15251.537,1894.4105,2240.9023,1178.2632,2905.9722
FROM_STREAM_LEAKAGE,19,4,0.0,3500.0,1100.0,32427.875,3119.7043,36.521347,16.351604,0.0,0.0
FROM_STREAM_FLOW_OUT,19,4,0.0,173263.03,26465.953,814120600.0,120025760.0,2831847000.0,9009060000.0,0.0,0.0
FROM_ZONE_0,19,4,0.0,0.0,0.0,0.0,0.0,0.0,0.0,0.0,0.0
FROM_haweaflat,19,4,0.0,0.0,549.4685,150790.5,23214.307,0.0,0.0,0.0,0.0
FROM_moraine_top,19,4,0.0,141130.33,0.0,0.0,0.0,0.0,0.0,0.0,0.0
FROM_river_zone,19,4,0.0,12114.154,0.0,0.0,31050.41,0.0,42.2962,65.02765,0.0
FROM_main_terrace,19,4,0.0,902.255,0.0,271.56238,0.0,6507.035,67784.45,6257.2905,0.0
FROM_sandy_point,19,4,0.0,0.0,0.0,0.0,1680.8306,0.0,44.893917,0.0,0.0
FROM_clutha,19,4,0.0,0.0,0.0,3.3349266,1783.2467,12.864994,0.0,939.21515,0.0
FROM_sub_terrace,19,4,0.0,0.0,0.0,76.29724,433.59314,0.0,7557.389,0.0,0.0
FROM_mangawera,19,4,0.0,0.0,0.0,3696.1567,0.0,0.0,0.0,0.0,0.0
TOTAL_IN,19,4,0.0,358043.72,168464.45,814314430.0,120110790.0,2831855400.0,9009137000.0,8516.863,3987.1458
TO_STORAGE,19,4,0.0,4692.4526,0.0013675927,782.44385,1242.6661,0.0011425475,14.688391,8.881176,0.38434508
TO_CONSTANT_HEAD,19,4,0.0,0.0,0.0,0.0,0.0,0.0,0.0,0.0,0.0
TO_WELLS,19,4,0.0,5505.3066,0.0,0.0,445.89493,28.567646,0.0,440.7458,290.60635
TO_HEAD_DEP_BOUNDS,19,4,0.0,0.0,826.5513,0.0,0.0,0.0,0.0,0.0,0.0
TO_RECHARGE,19,4,0.0,0.0,0.0,0.0,0.0,0.0,0.0,0.0,0.0
TO_STREAM_LEAKAGE,19,4,0.0,0.0,0.0,149855.56,1633.268,6696.405,74932.984,0.0,0.0
TO_STREAM_FLOW_OUT,19,4,0.0,0.0,0.0,0.0,0.0,0.0,0.0,0.0,0.0
TO_ZONE_0,19,4,0.0,0.0,0.0,0.0,0.0,0.0,0.0,0.0,0.0
TO_haweaflat,19,4,0.0,0.0,141130.33,12114.154,902.255,0.0,0.0,0.0,0.0
TO_moraine_top,19,4,0.0,549.4685,0.0,0.0,0.0,0.0,0.0,0.0,0.0
TO_river_zone,19,4,0.0,150790.5,0.0,0.0,271.56238,0.0,3.3349266,76.29724,3696.1567
TO_main_terrace,19,4,0.0,23214.307,0.0,31050.41,0.0,1680.8306,1783.2467,433.59314,0.0
TO_sandy_point,19,4,0.0,0.0,0.0,0.0,6507.035,0.0,12.864994,0.0,0.0
TO_clutha,19,4,0.0,0.0,0.0,42.2962,67784.45,44.893917,0.0,7557.389,0.0
TO_sub_terrace,19,4,0.0,0.0,0.0,65.02765,6257.2905,0.0,939.21515,0.0,0.0
TO_mangawera,19,4,0.0,0.0,0.0,0.0,0.0,0.0,0.0,0.0,0.0
TOTAL_OUT,19,4,0.0,184752.05,141956.88,193909.89,85044.42,8450.698,77686.34,8516.906,3987.1475
IN-OUT,19,4,0.0,173291.67,26507.578,814120500.0,120025740.0,2831847000.0,9009059000.0,0.04296875,0.0017089844
PERCENT_DISCREPANCY,19,4,,63.851524,17.078451,199.90477,199.71696,199.99881,199.99655,0.0005045125,4.2862343e-05
FROM_STORAGE,20,4,0.0,13929.331,6467.3413,1158.8208,0.006114605,0.0011047493,0.0009120715,2.0372693e-06,0.021252785
FROM_CONSTANT_HEAD,20,4,0.0,0.0,0.0,0.0,0.0,0.0,0.0,0.0,0.0
FROM_WELLS,20,4,0.0,4777.7715,18.260052,1438.9762,8504.589,0.0,0.0,77.06712,1081.1698
FROM_HEAD_DEP_BOUNDS,20,4,0.0,0.0,126753.39,0.0,0.0,0.0,0.0,0.0,0.0
FROM_RECHARGE,20,4,0.0,11435.957,1631.3204,4484.366,15251.537,1894.4105,2240.9023,1178.2632,2905.9722
FROM_STREAM_LEAKAGE,20,4,0.0,3500.0,1100.0,32418.406,3119.7043,36.521347,16.351604,0.0,0.0
FROM_STREAM_FLOW_OUT,20,4,0.0,173263.03,26465.953,814004800.0,120023970.0,2831847700.0,9009057000.0,0.0,0.0
FROM_ZONE_0,20,4,0.0,0.0,0.0,0.0,0.0,0.0,0.0,0.0,0.0
FROM_haweaflat,20,4,0.0,0.0,554.9329,149144.78,23224.164,0.0,0.0,0.0,0.0
FROM_moraine_top,20,4,0.0,135617.53,0.0,0.0,0.0,0.0,0.0,0.0,0.0
FROM_river_zone,20,4,0.0,12040.12,0.0,0.0,31040.566,0.0,42.296425,65.01633,0.0
FROM_main_terrace,20,4,0.0,903.5448,0.0,272.10016,0.0,6507.035,67796.484,6258.755,0.0
FROM_sandy_point,20,4,0.0,0.0,0.0,0.0,1680.8306,0.0,44.893917,0.0,0.0
FROM_clutha,20,4,0.0,0.0,0.0,3.3349304,1784.0492,12.864994,0.0,939.4423,0.0
FROM_sub_terrace,20,4,0.0,0.0,0.0,76.3429,433.46634,0.0,7558.9277,0.0,0.0
FROM_mangawera,20,4,0.0,0.0,0.0,3696.2334,0.0,0.0,0.0,0.0,0.0
TOTAL_IN,20,4,0.0,355467.28,162991.22,814197440.0,120109000.0,2831856000.0,9009134000.0,8518.544,3987.163
TO_STORAGE,20,4,0.0,3772.6272,0.0058905873,560.06647,1222.1517,0.0011211437,15.2460785,9.062671,0.3236272
TO_CONSTANT_HEAD,20,4,0.0,0.0,0.0,0.0,0.0,0.0,0.0,0.0,0.0
TO_WELLS,20,4,0.0,5505.3066,0.0,0.0,445.89493,28.567646,0.0,440.7458,290.60635
TO_HEAD_DEP_BOUNDS,20,4,0.0,0.0,905.5508,0.0,0.0,0.0,0.0,0.0,0.0
TO_RECHARGE,20,4,0.0,0.0,0.0,0.0,0.0,0.0,0.0,0.0,0.0
TO_STREAM_LEAKAGE,20,4,0.0,0.0,0.0,148945.19,1633.268,6696.405,74944.766,0.0,0.0
TO_STREAM_FLOW_OUT,20,4,0.0,0.0,0.0,0.0,0.0,0.0,0.0,0.0,0.0
TO_ZONE_0,20,4,0.0,0.0,0.0,0.0,0.0,0.0,0.0,0.0,0.0
TO_haweaflat,20,4,0.0,0.0,135617.53,12040.12,903.5448,0.0,0.0,0.0,0.0
TO_moraine_top,20,4,0.0,554.9329,0.0,0.0,0.0,0.0,0.0,0.0,0.0
TO_river_zone,20,4,0.0,149144.78,0.0,0.0,272.10016,0.0,3.3349304,76.3429,3696.2334
TO_main_terrace,20,4,0.0,23224.164,0.0,31040.566,0.0,1680.8306,1784.0492,433.46634,0.0
TO_sandy_point,20,4,0.0,0.0,0.0,0.0,6507.035,0.0,12.864994,0.0,0.0
TO_clutha,20,4,0.0,0.0,0.0,42.296425,67796.484,44.893917,0.0,7558.9277,0.0
TO_sub_terrace,20,4,0.0,0.0,0.0,65.01633,6258.755,0.0,939.4423,0.0,0.0
TO_mangawera,20,4,0.0,0.0,0.0,0.0,0.0,0.0,0.0,0.0,0.0
TOTAL_OUT,20,4,0.0,182201.81,136523.1,192693.25,85039.234,8450.698,77699.7,8518.545,3987.1633
IN-OUT,20,4,0.0,173265.47,26468.125,814004740.0,120023960.0,2831847700.0,9009056000.0,0.0009765625,0.00024414062
PERCENT_DISCREPANCY,20,4,,64.45059,17.67403,199.90535,199.717,199.9988,199.99654,1.1463959e-05,6.1231663e-06
FROM_STORAGE,21,4,0.0,16928.1,6466.662,1727.7224,0.0059611253,0.0011128334,0.0009195652,2.0267285e-06,0.07338638
FROM_CONSTANT_HEAD,21,4,0.0,0.0,0.0,0.0,0.0,0.0,0.0,0.0,0.0
FROM_WELLS,21,4,0.0,4777.7715,18.260052,1438.9762,8504.589,0.0,0.0,77.06712,1081.1698
FROM_HEAD_DEP_BOUNDS,21,4,0.0,0.0,121035.53,0.0,0.0,0.0,0.0,0.0,0.0
FROM_RECHARGE,21,4,0.0,11435.957,1631.3204,4484.366,15251.537,1894.4105,2240.9023,1178.2632,2905.9722
FROM_STREAM_LEAKAGE,21,4,0.0,3500.0,1100.0,32409.703,3119.7043,36.521347,16.351604,0.0,0.0
FROM_STREAM_FLOW_OUT,21,4,0.0,173263.03,26465.953,813844600.0,120021470.0,2831848700.0,9009053000.0,0.0,0.0
FROM_ZONE_0,21,4,0.0,0.0,0.0,0.0,0.0,0.0,0.0,0.0,0.0
FROM_haweaflat,21,4,0.0,0.0,559.07855,147043.92,23215.994,0.0,0.0,0.0,0.0
FROM_moraine_top,21,4,0.0,129834.64,0.0,0.0,0.0,0.0,0.0,0.0,0.0
FROM_river_zone,21,4,0.0,11953.825,0.0,0.0,31030.822,0.0,42.296646,65.00586,0.0
FROM_main_terrace,21,4,0.0,904.67004,0.0,272.6125,0.0,6507.035,67808.44,6260.1265,0.0
FROM_sandy_point,21,4,0.0,0.0,0.0,0.0,1680.8306,0.0,44.893917,0.0,0.0
FROM_clutha,21,4,0.0,0.0,0.0,3.334934,1784.7963,12.864994,0.0,939.6638,0.0
FROM_sub_terrace,21,4,0.0,0.0,0.0,76.38843,433.36606,0.0,7560.4517,0.0,0.0
FROM_mangawera,21,4,0.0,0.0,0.0,3696.3193,0.0,0.0,0.0,0.0,0.0
TOTAL_IN,21,4,0.0,352597.97,157276.8,814035800.0,120106490.0,2831857200.0,9009129000.0,8520.127,3987.2153
TO_STORAGE,21,4,0.0,3007.3052,0.00320858,381.26883,1189.9089,0.0011132744,15.711557,9.176457,0.28976312
TO_CONSTANT_HEAD,21,4,0.0,0.0,0.0,0.0,0.0,0.0,0.0,0.0,0.0
TO_WELLS,21,4,0.0,5505.3066,0.0,0.0,445.89493,28.567646,0.0,440.7458,290.60635
TO_HEAD_DEP_BOUNDS,21,4,0.0,0.0,974.1675,0.0,0.0,0.0,0.0,0.0,0.0
TO_RECHARGE,21,4,0.0,0.0,0.0,0.0,0.0,0.0,0.0,0.0,0.0
TO_STREAM_LEAKAGE,21,4,0.0,0.0,0.0,147680.0,1633.268,6696.405,74957.016,0.0,0.0
TO_STREAM_FLOW_OUT,21,4,0.0,0.0,0.0,0.0,0.0,0.0,0.0,0.0,0.0
TO_ZONE_0,21,4,0.0,0.0,0.0,0.0,0.0,0.0,0.0,0.0,0.0
TO_haweaflat,21,4,0.0,0.0,129834.64,11953.825,904.67004,0.0,0.0,0.0,0.0
TO_moraine_top,21,4,0.0,559.07855,0.0,0.0,0.0,0.0,0.0,0.0,0.0
TO_river_zone,21,4,0.0,147043.92,0.0,0.0,272.6125,0.0,3.334934,76.38843,3696.3193
TO_main_terrace,21,4,0.0,23215.994,0.0,31030.822,0.0,1680.8306,1784.7963,433.36606,0.0
TO_sandy_point,21,4,0.0,0.0,0.0,0.0,6507.035,0.0,12.864994,0.0,0.0
TO_clutha,21,4,0.0,0.0,0.0,42.296646,67808.44,44.893917,0.0,7560.4517,0.0
TO_sub_terrace,21,4,0.0,0.0,0.0,65.00586,6260.1265,0.0,939.6638,0.0,0.0
TO_mangawera,21,4,0.0,0.0,0.0,0.0,0.0,0.0,0.0,0.0,0.0
TOTAL_OUT,21,4,0.0,179331.61,130808.81,191153.22,85021.95,8450.698,77713.39,8520.129,3987.2153
IN-OUT,21,4,0.0,173266.36,26467.984,813844600.0,120021464.0,2831848700.0,9009052000.0,0.001953125,0.0
PERCENT_DISCREPANCY,21,4,,65.146355,18.375082,199.9061,199.71704,199.9988,199.99655,2.2923658e-05,0.0
FROM_STORAGE,22,4,0.0,19710.2,6519.6987,2299.2576,0.005817585,0.0011113358,0.0009074309,3.0597325e-06,0.14196666
FROM_CONSTANT_HEAD,22,4,0.0,0.0,0.0,0.0,0.0,0.0,0.0,0.0,0.0
FROM_WELLS,22,4,0.0,4777.7715,18.260052,1438.9762,8504.589,0.0,0.0,77.06712,1081.1698
FROM_HEAD_DEP_BOUNDS,22,4,0.0,0.0,115293.79,0.0,0.0,0.0,0.0,0.0,0.0
FROM_RECHARGE,22,4,0.0,11435.957,1631.3204,4484.366,15251.537,1894.4105,2240.9023,1178.2632,2905.9722
FROM_STREAM_LEAKAGE,22,4,0.0,3500.0,1100.0,32402.39,3119.7043,36.521347,16.351604,0.0,0.0
FROM_STREAM_FLOW_OUT,22,4,0.0,173263.03,26465.953,813645000.0,120018340.0,2831849000.0,9009046000.0,0.0,0.0
FROM_ZONE_0,22,4,0.0,0.0,0.0,0.0,0.0,0.0,0.0,0.0,0.0
FROM_haweaflat,22,4,0.0,0.0,561.78613,144660.52,23189.91,0.0,0.0,0.0,0.0
FROM_moraine_top,22,4,0.0,124093.375,0.0,0.0,0.0,0.0,0.0,0.0,0.0
FROM_river_zone,22,4,0.0,11859.94,0.0,0.0,31021.293,0.0,42.29693,64.996346,0.0
FROM_main_terrace,22,4,0.0,905.593,0.0,273.09253,0.0,6507.035,67820.17,6261.3853,0.0
FROM_sandy_point,22,4,0.0,0.0,0.0,0.0,1680.8306,0.0,44.89392,0.0,0.0
FROM_clutha,22,4,0.0,0.0,0.0,3.334942,1785.476,12.864994,0.0,939.8769,0.0
FROM_sub_terrace,22,4,0.0,0.0,0.0,76.43324,433.29492,0.0,7561.944,0.0,0.0
FROM_mangawera,22,4,0.0,0.0,0.0,3696.4133,0.0,0.0,0.0,0.0,0.0
TOTAL_IN,22,4,0.0,349545.88,151590.81,813834300.0,120103320.0,2831857400.0,9009122000.0,8521.589,3987.284
TO_STORAGE,22,4,0.0,2361.0554,0.002199534,244.19508,1140.4966,0.0011147244,16.002476,9.173597,0.2642576
TO_CONSTANT_HEAD,22,4,0.0,0.0,0.0,0.0,0.0,0.0,0.0,0.0,0.0
TO_WELLS,22,4,0.0,5505.3066,0.0,0.0,445.89493,28.567646,0.0,440.7458,290.60635
TO_HEAD_DEP_BOUNDS,22,4,0.0,0.0,1029.5361,0.0,0.0,0.0,0.0,0.0,0.0
TO_RECHARGE,22,4,0.0,0.0,0.0,0.0,0.0,0.0,0.0,0.0,0.0
TO_STREAM_LEAKAGE,22,4,0.0,0.0,0.0,146101.62,1633.268,6696.405,74968.97,0.0,0.0
TO_STREAM_FLOW_OUT,22,4,0.0,0.0,0.0,0.0,0.0,0.0,0.0,0.0,0.0
TO_ZONE_0,22,4,0.0,0.0,0.0,0.0,0.0,0.0,0.0,0.0,0.0
TO_haweaflat,22,4,0.0,0.0,124093.375,11859.94,905.593,0.0,0.0,0.0,0.0
TO_moraine_top,22,4,0.0,561.78613,0.0,0.0,0.0,0.0,0.0,0.0,0.0
TO_river_zone,22,4,0.0,144660.52,0.0,0.0,273.09253,0.0,3.334942,76.43324,3696.4133
TO_main_terrace,22,4,0.0,23189.91,0.0,31021.293,0.0,1680.8306,1785.476,433.29492,0.0
TO_sandy_point,22,4,0.0,0.0,0.0,0.0,6507.035,0.0,12.864994,0.0,0.0
TO_clutha,22,4,0.0,0.0,0.0,42.29693,67820.17,44.89392,0.0,7561.944,0.0
TO_sub_terrace,22,4,0.0,0.0,0.0,64.996346,6261.3853,0.0,939.8769,0.0,0.0
TO_mangawera,22,4,0.0,0.0,0.0,0.0,0.0,0.0,0.0,0.0,0.0
TOTAL_OUT,22,4,0.0,176278.56,125122.914,189334.34,84986.94,8450.698,77726.52,8521.592,3987.284
IN-OUT,22,4,0.0,173267.31,26467.898,813645000.0,120018340.0,2831849000.0,9009044000.0,0.0029296875,0.0
PERCENT_DISCREPANCY,22,4,,65.90311,19.130167,199.90698,199.71716,199.99881,199.99655,3.4379587e-05,0.0
FROM_STORAGE,23,4,0.0,23396.914,8134.6772,2818.5994,1.0640833,0.001110598,0.00089849846,1.2444062e-06,0.22140844
FROM_CONSTANT_HEAD,23,4,0.0,0.0,0.0,0.0,0.0,0.0,0.0,0.0,0.0
FROM_WELLS,23,4,0.0,4777.7715,18.260052,1438.9762,8504.589,0.0,0.0,77.06712,1081.1698
FROM_HEAD_DEP_BOUNDS,23,4,0.0,0.0,107184.016,0.0,0.0,0.0,0.0,0.0,0.0
FROM_RECHARGE,23,4,0.0,11435.957,1631.3204,4484.366,15251.537,1894.4105,2240.9023,1178.2632,2905.9722
FROM_STREAM_LEAKAGE,23,4,0.0,3500.0,1100.0,32396.273,3119.7043,36.521347,16.351604,0.0,0.0
FROM_STREAM_FLOW_OUT,23,4,0.0,173263.03,26465.953,813413900.0,120014690.0,2831849500.0,9009038000.0,0.0,0.0
FROM_ZONE_0,23,4,0.0,0.0,0.0,0.0,0.0,0.0,0.0,0.0,0.0
FROM_haweaflat,23,4,0.0,0.0,575.9933,142111.2,23146.43,0.0,0.0,0.0,0.0
FROM_moraine_top,23,4,0.0,117377.11,0.0,0.0,0.0,0.0,0.0,0.0,0.0
FROM_river_zone,23,4,0.0,11763.755,0.0,0.0,31012.146,0.0,42.297245,64.988014,0.0
FROM_main_terrace,23,4,0.0,906.2908,0.0,273.53226,0.0,6507.035,67831.53,6262.5093,0.0
FROM_sandy_point,23,4,0.0,0.0,0.0,0.0,1680.8306,0.0,44.89392,0.0,0.0
FROM_clutha,23,4,0.0,0.0,0.0,3.33495,1786.0741,12.864994,0.0,940.07806,0.0
FROM_sub_terrace,23,4,0.0,0.0,0.0,76.47672,433.25488,0.0,7563.3804,0.0,0.0
FROM_mangawera,23,4,0.0,0.0,0.0,3696.5112,0.0,0.0,0.0,0.0,0.0
TOTAL_IN,23,4,0.0,346420.8,145110.22,813601150.0,120099624.0,2831858000.0,9009115000.0,8522.905,3987.3633
TO_STORAGE,23,4,0.0,1818.5724,0.0012683134,142.03967,1075.5793,0.001115431,16.101778,9.047575,0.2459453
TO_CONSTANT_HEAD,23,4,0.0,0.0,0.0,0.0,0.0,0.0,0.0,0.0,0.0
TO_WELLS,23,4,0.0,5505.3066,0.0,0.0,445.89493,28.567646,0.0,440.7458,290.60635
TO_HEAD_DEP_BOUNDS,23,4,0.0,0.0,1267.0791,0.0,0.0,0.0,0.0,0.0,0.0
TO_RECHARGE,23,4,0.0,0.0,0.0,0.0,0.0,0.0,0.0,0.0,0.0
TO_STREAM_LEAKAGE,23,4,0.0,0.0,0.0,144274.06,1633.268,6696.405,74980.89,0.0,0.0
TO_STREAM_FLOW_OUT,23,4,0.0,0.0,0.0,0.0,0.0,0.0,0.0,0.0,0.0
TO_ZONE_0,23,4,0.0,0.0,0.0,0.0,0.0,0.0,0.0,0.0,0.0
TO_haweaflat,23,4,0.0,0.0,117377.11,11763.755,906.2908,0.0,0.0,0.0,0.0
TO_moraine_top,23,4,0.0,575.9933,0.0,0.0,0.0,0.0,0.0,0.0,0.0
TO_river_zone,23,4,0.0,142111.2,0.0,0.0,273.53226,0.0,3.33495,76.47672,3696.5112
TO_main_terrace,23,4,0.0,23146.43,0.0,31012.146,0.0,1680.8306,1786.0741,433.25488,0.0
TO_sandy_point,23,4,0.0,0.0,0.0,0.0,6507.035,0.0,12.864994,0.0,0.0
TO_clutha,23,4,0.0,0.0,0.0,42.297245,67831.53,44.89392,0.0,7563.3804,0.0
TO_sub_terrace,23,4,0.0,0.0,0.0,64.988014,6262.5093,0.0,940.07806,0.0,0.0
TO_mangawera,23,4,0.0,0.0,0.0,0.0,0.0,0.0,0.0,0.0,0.0
TOTAL_OUT,23,4,0.0,173157.5,118644.19,187299.28,84935.64,8450.698,77739.34,8522.905,3987.3635
IN-OUT,23,4,0.0,173263.31,26466.031,813413800.0,120014690.0,2831849500.0,9009037000.0,0.0,0.00024414062
PERCENT_DISCREPANCY,23,4,,66.693825,20.068693,199.90793,199.71732,199.99881,199.99655,0.0,6.122859e-06
FROM_STORAGE,24,4,0.0,37390.55,19144.46,4457.0034,16.548498,0.0011099867,0.0008874029,1.4894658e-07,0.3155589
FROM_CONSTANT_HEAD,24,4,0.0,0.0,0.0,0.0,0.0,0.0,0.0,0.0,0.0
FROM_WELLS,24,4,0.0,4777.7715,18.260052,1438.9762,8504.589,0.0,0.0,77.06712,1081.1698
FROM_HEAD_DEP_BOUNDS,24,4,0.0,0.0,81042.95,0.0,0.0,0.0,0.0,0.0,0.0
FROM_RECHARGE,24,4,0.0,11435.957,1631.3204,4484.366,15251.537,1894.4105,2240.9023,1178.2632,2905.9722
FROM_STREAM_LEAKAGE,24,4,0.0,3500.0,1100.0,32391.62,3119.7043,36.521347,16.351604,0.0,0.0
FROM_STREAM_FLOW_OUT,24,4,0.0,173263.03,26465.953,813103000.0,120009784.0,2831850000.0,9009027000.0,0.0,0.0
FROM_ZONE_0,24,4,0.0,0.0,0.0,0.0,0.0,0.0,0.0,0.0,0.0
FROM_haweaflat,24,4,0.0,0.0,691.3005,137800.16,23078.822,0.0,0.0,0.0,0.0
FROM_moraine_top,24,4,0.0,98794.125,0.0,0.0,0.0,0.0,0.0,0.0,0.0
FROM_river_zone,24,4,0.0,11628.184,0.0,0.0,31003.438,0.0,42.297585,64.981,0.0
FROM_main_terrace,24,4,0.0,906.8895,0.0,273.9237,0.0,6507.035,67842.33,6263.4766,0.0
FROM_sandy_point,24,4,0.0,0.0,0.0,0.0,1680.8306,0.0,44.89392,0.0,0.0
FROM_clutha,24,4,0.0,0.0,0.0,3.3349574,1786.5785,12.864994,0.0,940.26416,0.0
FROM_sub_terrace,24,4,0.0,0.0,0.0,76.51841,433.2478,0.0,7564.74,0.0,0.0
FROM_mangawera,24,4,0.0,0.0,0.0,3696.6191,0.0,0.0,0.0,0.0,0.0
TOTAL_IN,24,4,0.0,341696.5,130094.24,813287550.0,120094660.0,2831858400.0,9009104000.0,8524.053,3987.4575
TO_STORAGE,24,4,0.0,1357.4824,0.0,70.836975,1002.4909,0.0011160308,16.008701,8.799714,0.2321221
TO_CONSTANT_HEAD,24,4,0.0,0.0,0.0,0.0,0.0,0.0,0.0,0.0,0.0
TO_WELLS,24,4,0.0,5505.3066,0.0,0.0,445.89493,28.567646,0.0,440.7458,290.60635
TO_HEAD_DEP_BOUNDS,24,4,0.0,0.0,4833.7607,0.0,0.0,0.0,0.0,0.0,0.0
TO_RECHARGE,24,4,0.0,0.0,0.0,0.0,0.0,0.0,0.0,0.0,0.0
TO_STREAM_LEAKAGE,24,4,0.0,0.0,0.0,141812.75,1633.268,6696.405,74992.445,0.0,0.0
TO_STREAM_FLOW_OUT,24,4,0.0,0.0,0.0,0.0,0.0,0.0,0.0,0.0,0.0
TO_ZONE_0,24,4,0.0,0.0,0.0,0.0,0.0,0.0,0.0,0.0,0.0
TO_haweaflat,24,4,0.0,0.0,98794.125,11628.184,906.8895,0.0,0.0,0.0,0.0
TO_moraine_top,24,4,0.0,691.3005,0.0,0.0,0.0,0.0,0.0,0.0,0.0
TO_river_zone,24,4,0.0,137800.16,0.0,0.0,273.9237,0.0,3.3349574,76.51841,3696.6191
TO_main_terrace,24,4,0.0,23078.822,0.0,31003.438,0.0,1680.8306,1786.5785,433.2478,0.0
TO_sandy_point,24,4,0.0,0.0,0.0,0.0,6507.035,0.0,12.864994,0.0,0.0
TO_clutha,24,4,0.0,0.0,0.0,42.297585,67842.33,44.89392,0.0,7564.74,0.0
TO_sub_terrace,24,4,0.0,0.0,0.0,64.981,6263.4766,0.0,940.26416,0.0,0.0
TO_mangawera,24,4,0.0,0.0,0.0,0.0,0.0,0.0,0.0,0.0,0.0
TOTAL_OUT,24,4,0.0,168433.08,103627.88,184622.5,84875.305,8450.698,77751.5,8524.052,3987.4575
IN-OUT,24,4,0.0,173263.42,26466.36,813102900.0,120009784.0,2831850000.0,9009026000.0,0.0009765625,0.0
PERCENT_DISCREPANCY,24,4,,67.929184,22.647715,199.90921,199.71751,199.9988,199.99655,1.1456552e-05,0.0
FROM_STORAGE,25,4,0.0,51197.703,19052.086,6833.964,65.937645,0.0011087777,0.00088195904,1.1968993e-07,0.4872648
FROM_CONSTANT_HEAD,25,4,0.0,0.0,0.0,0.0,0.0,0.0,0.0,0.0,0.0
FROM_WELLS,25,4,0.0,4777.7715,18.260052,1438.9762,8504.589,0.0,0.0,77.06712,1081.1698
FROM_HEAD_DEP_BOUNDS,25,4,0.0,0.0,62081.734,0.0,0.0,0.0,0.0,0.0,0.0
FROM_RECHARGE,25,4,0.0,11435.957,1631.3204,4484.366,15251.537,1894.4105,2240.9023,1178.2632,2905.9722
FROM_STREAM_LEAKAGE,25,4,0.0,3500.0,1100.0,32391.934,3119.7043,36.521347,16.351604,0.0,0.0
FROM_STREAM_FLOW_OUT,25,4,0.0,173263.03,26465.953,812587140.0,120001656.0,2831850500.0,9009008000.0,0.0,0.0
FROM_ZONE_0,25,4,0.0,0.0,0.0,0.0,0.0,0.0,0.0,0.0,0.0
FROM_haweaflat,25,4,0.0,0.0,738.0302,131065.47,22961.65,0.0,0.0,0.0,0.0
FROM_moraine_top,25,4,0.0,78017.94,0.0,0.0,0.0,0.0,0.0,0.0,0.0
FROM_river_zone,25,4,0.0,11392.677,0.0,0.0,30995.041,0.0,42.297943,64.97553,0.0
FROM_main_terrace,25,4,0.0,907.53516,0.0,274.25116,0.0,6507.035,67852.375,6264.248,0.0
FROM_sandy_point,25,4,0.0,0.0,0.0,0.0,1680.8306,0.0,44.89392,0.0,0.0
FROM_clutha,25,4,0.0,0.0,0.0,3.3349645,1786.9745,12.864994,0.0,940.43115,0.0
FROM_sub_terrace,25,4,0.0,0.0,0.0,76.55719,433.28113,0.0,7565.9976,0.0,0.0
FROM_mangawera,25,4,0.0,0.0,0.0,3696.8018,0.0,0.0,0.0,0.0,0.0
TOTAL_IN,25,4,0.0,334492.62,111087.38,812767360.0,120086450.0,2831859000.0,9009084000.0,8524.984,3987.6294
TO_STORAGE,25,4,0.0,958.5792,0.004261263,25.875994,914.9508,0.0011172168,15.691304,8.402897,0.22122328
TO_CONSTANT_HEAD,25,4,0.0,0.0,0.0,0.0,0.0,0.0,0.0,0.0,0.0
TO_WELLS,25,4,0.0,5505.3066,0.0,0.0,445.89493,28.567646,0.0,440.7458,290.60635
TO_HEAD_DEP_BOUNDS,25,4,0.0,0.0,6603.15,0.0,0.0,0.0,0.0,0.0,0.0
TO_RECHARGE,25,4,0.0,0.0,0.0,0.0,0.0,0.0,0.0,0.0,0.0
TO_STREAM_LEAKAGE,25,4,0.0,0.0,0.0,137744.84,1633.268,6696.405,75003.49,0.0,0.0
TO_STREAM_FLOW_OUT,25,4,0.0,0.0,0.0,0.0,0.0,0.0,0.0,0.0,0.0
TO_ZONE_0,25,4,0.0,0.0,0.0,0.0,0.0,0.0,0.0,0.0,0.0
TO_haweaflat,25,4,0.0,0.0,78017.94,11392.677,907.53516,0.0,0.0,0.0,0.0
TO_moraine_top,25,4,0.0,738.0302,0.0,0.0,0.0,0.0,0.0,0.0,0.0
TO_river_zone,25,4,0.0,131065.47,0.0,0.0,274.25116,0.0,3.3349645,76.55719,3696.8018
TO_main_terrace,25,4,0.0,22961.65,0.0,30995.041,0.0,1680.8306,1786.9745,433.28113,0.0
TO_sandy_point,25,4,0.0,0.0,0.0,0.0,6507.035,0.0,12.864994,0.0,0.0
TO_clutha,25,4,0.0,0.0,0.0,42.297943,67852.375,44.89392,0.0,7565.9976,0.0
TO_sub_terrace,25,4,0.0,0.0,0.0,64.97553,6264.248,0.0,940.43115,0.0,0.0
TO_mangawera,25,4,0.0,0.0,0.0,0.0,0.0,0.0,0.0,0.0,0.0
TOTAL_OUT,25,4,0.0,161229.05,84621.09,180265.7,84799.56,8450.698,77762.79,8524.984,3987.6294
IN-OUT,25,4,0.0,173263.58,26466.29,812587100.0,120001650.0,2831850500.0,9009007000.0,0.0,0.0
PERCENT_DISCREPANCY,25,4,,69.90357,27.046648,199.9113,199.71774,199.99881,199.99654,0.0,0.0
FROM_STORAGE,26,4,0.0,58842.97,17721.652,8182.755,145.22014,0.0011076998,0.00087915617,1.872863e-07,0.71464044
FROM_CONSTANT_HEAD,26,4,0.0,0.0,0.0,0.0,0.0,0.0,0.0,0.0,0.0
FROM_WELLS,26,4,0.0,4777.7715,18.260052,1438.9762,8504.589,0.0,0.0,77.06712,1081.1698
FROM_HEAD_DEP_BOUNDS,26,4,0.0,0.0,49655.367,0.0,0.0,0.0,0.0,0.0,0.0
FROM_RECHARGE,26,4,0.0,11435.957,1631.3204,4484.366,15251.537,1894.4105,2240.9023,1178.2632,2905.9722
FROM_STREAM_LEAKAGE,26,4,0.0,3500.0,1100.0,32396.098,3119.7043,36.521347,16.351604,0.0,0.0
FROM_STREAM_FLOW_OUT,26,4,0.0,173263.03,26465.953,811975000.0,119991976.0,2831850800.0,9008984000.0,0.0,0.0
FROM_ZONE_0,26,4,0.0,0.0,0.0,0.0,0.0,0.0,0.0,0.0,0.0
FROM_haweaflat,26,4,0.0,0.0,742.49646,124606.22,22800.426,0.0,0.0,0.0,0.0
FROM_moraine_top,26,4,0.0,63679.48,0.0,0.0,0.0,0.0,0.0,0.0,0.0
FROM_river_zone,26,4,0.0,11160.832,0.0,0.0,30987.336,0.0,42.298298,64.97209,0.0
FROM_main_terrace,26,4,0.0,907.73254,0.0,274.49323,0.0,6507.035,67861.38,6264.7563,0.0
FROM_sandy_point,26,4,0.0,0.0,0.0,0.0,1680.8306,0.0,44.89392,0.0,0.0
FROM_clutha,26,4,0.0,0.0,0.0,3.3349757,1787.238,12.864994,0.0,940.5723,0.0
FROM_sub_terrace,26,4,0.0,0.0,0.0,76.59219,433.3674,0.0,7567.117,0.0,0.0
FROM_mangawera,26,4,0.0,0.0,0.0,3697.0417,0.0,0.0,0.0,0.0,0.0
TOTAL_IN,26,4,0.0,327567.78,97335.055,812150140.0,120076680.0,2831859200.0,9009061000.0,8525.631,3987.8564
TO_STORAGE,26,4,0.0,649.60297,0.0049348744,3.9567604,815.69525,0.0011182631,15.085773,7.8086615,0.20833194
TO_CONSTANT_HEAD,26,4,0.0,0.0,0.0,0.0,0.0,0.0,0.0,0.0,0.0
TO_WELLS,26,4,0.0,5505.3066,0.0,0.0,445.89493,28.567646,0.0,440.7458,290.60635
TO_HEAD_DEP_BOUNDS,26,4,0.0,0.0,7189.329,0.0,0.0,0.0,0.0,0.0,0.0
TO_RECHARGE,26,4,0.0,0.0,0.0,0.0,0.0,0.0,0.0,0.0,0.0
TO_STREAM_LEAKAGE,26,4,0.0,0.0,0.0,132900.25,1633.268,6696.405,75014.02,0.0,0.0
TO_STREAM_FLOW_OUT,26,4,0.0,0.0,0.0,0.0,0.0,0.0,0.0,0.0,0.0
TO_ZONE_0,26,4,0.0,0.0,0.0,0.0,0.0,0.0,0.0,0.0,0.0
TO_haweaflat,26,4,0.0,0.0,63679.48,11160.832,907.73254,0.0,0.0,0.0,0.0
TO_moraine_top,26,4,0.0,742.49646,0.0,0.0,0.0,0.0,0.0,0.0,0.0
TO_river_zone,26,4,0.0,124606.22,0.0,0.0,274.49323,0.0,3.3349757,76.59219,3697.0417
TO_main_terrace,26,4,0.0,22800.426,0.0,30987.336,0.0,1680.8306,1787.238,433.3674,0.0
TO_sandy_point,26,4,0.0,0.0,0.0,0.0,6507.035,0.0,12.864994,0.0,0.0
TO_clutha,26,4,0.0,0.0,0.0,42.298298,67861.38,44.89392,0.0,7567.117,0.0
TO_sub_terrace,26,4,0.0,0.0,0.0,64.97209,6264.7563,0.0,940.5723,0.0,0.0
TO_mangawera,26,4,0.0,0.0,0.0,0.0,0.0,0.0,0.0,0.0,0.0
TOTAL_OUT,26,4,0.0,154304.05,70868.81,175159.64,84710.26,8450.698,77773.12,8525.631,3987.8564
IN-OUT,26,4,0.0,173263.73,26466.242,811975000.0,119991970.0,2831850800.0,9008983000.0,0.0,0.0
PERCENT_DISCREPANCY,26,4,,71.912796,31.469242,199.91374,199.71802,199.99881,199.99654,0.0,0.0
FROM_STORAGE,27,4,0.0,64348.883,15545.0205,9165.102,250.68387,0.0011065506,0.0008744544,0.0,0.9309226
FROM_CONSTANT_HEAD,27,4,0.0,0.0,0.0,0.0,0.0,0.0,0.0,0.0,0.0
FROM_WELLS,27,4,0.0,4777.7715,18.260052,1438.9762,8504.589,0.0,0.0,77.06712,1081.1698
FROM_HEAD_DEP_BOUNDS,27,4,0.0,0.0,39915.492,0.0,0.0,0.0,0.0,0.0,0.0
FROM_RECHARGE,27,4,0.0,11435.957,1631.3204,4484.366,15251.537,1894.4105,2240.9023,1178.2632,2905.9722
FROM_STREAM_LEAKAGE,27,4,0.0,3500.0,1100.0,32403.195,3119.7043,36.521347,16.351604,0.0,0.0
FROM_STREAM_FLOW_OUT,27,4,0.0,173263.03,26465.953,811338400.0,119981880.0,2831851500.0,9008961000.0,0.0,0.0
FROM_ZONE_0,27,4,0.0,0.0,0.0,0.0,0.0,0.0,0.0,0.0,0.0
FROM_haweaflat,27,4,0.0,0.0,734.3011,118355.7,22606.486,0.0,0.0,0.0,0.0
FROM_moraine_top,27,4,0.0,51687.832,0.0,0.0,0.0,0.0,0.0,0.0,0.0
FROM_river_zone,27,4,0.0,10962.804,0.0,0.0,30980.812,0.0,42.298717,64.97106,0.0
FROM_main_terrace,27,4,0.0,907.3186,0.0,274.63345,0.0,6507.035,67869.02,6264.9473,0.0
FROM_sandy_point,27,4,0.0,0.0,0.0,0.0,1680.8306,0.0,44.89392,0.0,0.0
FROM_clutha,27,4,0.0,0.0,0.0,3.3349862,1787.3392,12.864994,0.0,940.6806,0.0
FROM_sub_terrace,27,4,0.0,0.0,0.0,76.622086,433.51468,0.0,7568.055,0.0,0.0
FROM_mangawera,27,4,0.0,0.0,0.0,3697.274,0.0,0.0,0.0,0.0,0.0
TOTAL_IN,27,4,0.0,320883.6,85410.35,811508200.0,120066500.0,2831860000.0,9009037000.0,8525.929,3988.0728
TO_STORAGE,27,4,0.0,418.2598,0.0,0.37511274,713.3726,0.0011194106,14.14057,6.9910054,0.19235738
TO_CONSTANT_HEAD,27,4,0.0,0.0,0.0,0.0,0.0,0.0,0.0,0.0,0.0
TO_WELLS,27,4,0.0,5505.3066,0.0,0.0,445.89493,28.567646,0.0,440.7458,290.60635
TO_HEAD_DEP_BOUNDS,27,4,0.0,0.0,7257.0864,0.0,0.0,0.0,0.0,0.0,0.0
TO_RECHARGE,27,4,0.0,0.0,0.0,0.0,0.0,0.0,0.0,0.0,0.0
TO_STREAM_LEAKAGE,27,4,0.0,0.0,0.0,127847.87,1633.268,6696.405,75023.22,0.0,0.0
TO_STREAM_FLOW_OUT,27,4,0.0,0.0,0.0,0.0,0.0,0.0,0.0,0.0,0.0
TO_ZONE_0,27,4,0.0,0.0,0.0,0.0,0.0,0.0,0.0,0.0,0.0
TO_haweaflat,27,4,0.0,0.0,51687.832,10962.804,907.3186,0.0,0.0,0.0,0.0
TO_moraine_top,27,4,0.0,734.3011,0.0,0.0,0.0,0.0,0.0,0.0,0.0
TO_river_zone,27,4,0.0,118355.7,0.0,0.0,274.63345,0.0,3.3349862,76.622086,3697.274
TO_main_terrace,27,4,0.0,22606.486,0.0,30980.812,0.0,1680.8306,1787.3392,433.51468,0.0
TO_sandy_point,27,4,0.0,0.0,0.0,0.0,6507.035,0.0,12.864994,0.0,0.0
TO_clutha,27,4,0.0,0.0,0.0,42.298717,67869.02,44.89392,0.0,7568.055,0.0
TO_sub_terrace,27,4,0.0,0.0,0.0,64.97106,6264.9473,0.0,940.6806,0.0,0.0
TO_mangawera,27,4,0.0,0.0,0.0,0.0,0.0,0.0,0.0,0.0,0.0
TOTAL_OUT,27,4,0.0,147620.06,58944.918,169899.12,84615.49,8450.698,77781.58,8525.929,3988.0728
IN-OUT,27,4,0.0,173263.53,26465.434,811338300.0,119981880.0,2831851500.0,9008960000.0,0.0,0.0
PERCENT_DISCREPANCY,27,4,,73.964645,36.667084,199.91626,199.71829,199.99881,199.99654,0.0,0.0
FROM_STORAGE,28,4,0.0,69193.95,12183.374,10244.69,382.742,0.001116651,0.00086088607,3.0178705e-07,1.1226292
FROM_CONSTANT_HEAD,28,4,0.0,0.0,0.0,0.0,0.0,0.0,0.0,0.0,0.0
FROM_WELLS,28,4,0.0,4777.7715,18.260052,1438.9762,8504.589,0.0,0.0,77.06712,1081.1698
FROM_HEAD_DEP_BOUNDS,28,4,0.0,0.0,31326.758,0.0,0.0,0.0,0.0,0.0,0.0
FROM_RECHARGE,28,4,0.0,11435.957,1631.3204,4484.366,15251.537,1894.4105,2240.9023,1178.2632,2905.9722
FROM_STREAM_LEAKAGE,28,4,0.0,3500.0,1100.0,32413.11,3119.7043,36.521347,16.351604,0.0,0.0
FROM_STREAM_FLOW_OUT,28,4,0.0,173263.03,26465.953,810671040.0,119971280.0,2831852000.0,9008936000.0,0.0,0.0
FROM_ZONE_0,28,4,0.0,0.0,0.0,0.0,0.0,0.0,0.0,0.0,0.0
FROM_haweaflat,28,4,0.0,0.0,719.8174,111767.89,22382.945,0.0,0.0,0.0,0.0
FROM_moraine_top,28,4,0.0,40036.28,0.0,0.0,0.0,0.0,0.0,0.0,0.0
FROM_river_zone,28,4,0.0,10779.854,0.0,0.0,30975.775,0.0,42.299072,64.972786,0.0
FROM_main_terrace,28,4,0.0,906.3426,0.0,274.65817,0.0,6507.035,67874.984,6264.7793,0.0
FROM_sandy_point,28,4,0.0,0.0,0.0,0.0,1680.8306,0.0,44.89392,0.0,0.0
FROM_clutha,28,4,0.0,0.0,0.0,3.3349955,1787.2504,12.864994,0.0,940.7495,0.0
FROM_sub_terrace,28,4,0.0,0.0,0.0,76.64572,433.7256,0.0,7568.769,0.0,0.0
FROM_mangawera,28,4,0.0,0.0,0.0,3697.4868,0.0,0.0,0.0,0.0,0.0
TOTAL_IN,28,4,0.0,313893.2,73445.484,810835400.0,120055790.0,2831860500.0,9009013000.0,8525.832,3988.2646
TO_STORAGE,28,4,0.0,254.07436,0.0016846304,0.21895634,612.1383,0.0011092236,12.832292,5.9454293,0.17140709
TO_CONSTANT_HEAD,28,4,0.0,0.0,0.0,0.0,0.0,0.0,0.0,0.0,0.0
TO_WELLS,28,4,0.0,5505.3066,0.0,0.0,445.89493,28.567646,0.0,440.7458,290.60635
TO_HEAD_DEP_BOUNDS,28,4,0.0,0.0,6943.53,0.0,0.0,0.0,0.0,0.0,0.0
TO_RECHARGE,28,4,0.0,0.0,0.0,0.0,0.0,0.0,0.0,0.0,0.0
TO_STREAM_LEAKAGE,28,4,0.0,0.0,0.0,122538.25,1633.268,6696.405,75031.23,0.0,0.0
TO_STREAM_FLOW_OUT,28,4,0.0,0.0,0.0,0.0,0.0,0.0,0.0,0.0,0.0
TO_ZONE_0,28,4,0.0,0.0,0.0,0.0,0.0,0.0,0.0,0.0,0.0
TO_haweaflat,28,4,0.0,0.0,40036.28,10779.854,906.3426,0.0,0.0,0.0,0.0
TO_moraine_top,28,4,0.0,719.8174,0.0,0.0,0.0,0.0,0.0,0.0,0.0
TO_river_zone,28,4,0.0,111767.89,0.0,0.0,274.65817,0.0,3.3349955,76.64572,3697.4868
TO_main_terrace,28,4,0.0,22382.945,0.0,30975.775,0.0,1680.8306,1787.2504,433.7256,0.0
TO_sandy_point,28,4,0.0,0.0,0.0,0.0,6507.035,0.0,12.864994,0.0,0.0
TO_clutha,28,4,0.0,0.0,0.0,42.299072,67874.984,44.89392,0.0,7568.769,0.0
TO_sub_terrace,28,4,0.0,0.0,0.0,64.972786,6264.7793,0.0,940.7495,0.0,0.0
TO_mangawera,28,4,0.0,0.0,0.0,0.0,0.0,0.0,0.0,0.0,0.0
TOTAL_OUT,28,4,0.0,140630.03,46979.812,164401.38,84519.1,8450.698,77788.266,8525.832,3988.2646
IN-OUT,28,4,0.0,173263.16,26465.672,810671000.0,119971270.0,2831852000.0,9008935000.0,0.0,0.0
PERCENT_DISCREPANCY,28,4,,76.23952,43.953674,199.91891,199.7186,199.99881,199.99655,0.0,0.0
FROM_STORAGE,29,4,0.0,73278.04,9937.251,11412.662,546.47614,0.0011169929,0.0008515348,0.0,1.2986993
FROM_CONSTANT_HEAD,29,4,0.0,0.0,0.0,0.0,0.0,0.0,0.0,0.0,0.0
FROM_WELLS,29,4,0.0,4777.7715,18.260052,1438.9762,8504.589,0.0,0.0,77.06712,1081.1698
FROM_HEAD_DEP_BOUNDS,29,4,0.0,0.0,21632.705,0.0,0.0,0.0,0.0,0.0,0.0
FROM_RECHARGE,29,4,0.0,11435.957,1631.3204,4484.366,15251.537,1894.4105,2240.9023,1178.2632,2905.9722
FROM_STREAM_LEAKAGE,29,4,0.0,3500.0,1100.0,32426.57,3119.7043,36.521347,16.351604,0.0,0.0
FROM_STREAM_FLOW_OUT,29,4,0.0,173263.03,26465.953,809952800.0,119959840.0,2831852500.0,9008908000.0,0.0,0.0
FROM_ZONE_0,29,4,0.0,0.0,0.0,0.0,0.0,0.0,0.0,0.0,0.0
FROM_haweaflat,29,4,0.0,0.0,701.2843,104681.94,22135.895,0.0,0.0,0.0,0.0
FROM_moraine_top,29,4,0.0,28677.238,0.0,0.0,0.0,0.0,0.0,0.0,0.0
FROM_river_zone,29,4,0.0,10595.33,0.0,0.0,30972.463,0.0,42.29949,64.97766,0.0
FROM_main_terrace,29,4,0.0,904.855,0.0,274.55548,0.0,6507.035,67878.94,6264.222,0.0
FROM_sandy_point,29,4,0.0,0.0,0.0,0.0,1680.8306,0.0,44.89392,0.0,0.0
FROM_clutha,29,4,0.0,0.0,0.0,3.3350093,1786.9489,12.864994,0.0,940.7734,0.0
FROM_sub_terrace,29,4,0.0,0.0,0.0,76.661896,434.0019,0.0,7569.2188,0.0,0.0
FROM_mangawera,29,4,0.0,0.0,0.0,3697.6892,0.0,0.0,0.0,0.0,0.0
TOTAL_IN,29,4,0.0,306432.25,61486.773,810111300.0,120044270.0,2831861000.0,9008985000.0,8525.304,3988.4407
TO_STORAGE,29,4,0.0,143.9104,0.0,0.11357079,523.6678,0.0011090435,11.154064,4.675082,0.14517884
TO_CONSTANT_HEAD,29,4,0.0,0.0,0.0,0.0,0.0,0.0,0.0,0.0,0.0
TO_WELLS,29,4,0.0,5505.3066,0.0,0.0,445.89493,28.567646,0.0,440.7458,290.60635
TO_HEAD_DEP_BOUNDS,29,4,0.0,0.0,6343.348,0.0,0.0,0.0,0.0,0.0,0.0
TO_RECHARGE,29,4,0.0,0.0,0.0,0.0,0.0,0.0,0.0,0.0,0.0
TO_STREAM_LEAKAGE,29,4,0.0,0.0,0.0,116821.375,1633.268,6696.405,75037.53,0.0,0.0
TO_STREAM_FLOW_OUT,29,4,0.0,0.0,0.0,0.0,0.0,0.0,0.0,0.0,0.0
TO_ZONE_0,29,4,0.0,0.0,0.0,0.0,0.0,0.0,0.0,0.0,0.0
TO_haweaflat,29,4,0.0,0.0,28677.238,10595.33,904.855,0.0,0.0,0.0,0.0
TO_moraine_top,29,4,0.0,701.2843,0.0,0.0,0.0,0.0,0.0,0.0,0.0
TO_river_zone,29,4,0.0,104681.94,0.0,0.0,274.55548,0.0,3.3350093,76.661896,3697.6892
TO_main_terrace,29,4,0.0,22135.895,0.0,30972.463,0.0,1680.8306,1786.9489,434.0019,0.0
TO_sandy_point,29,4,0.0,0.0,0.0,0.0,6507.035,0.0,12.864994,0.0,0.0
TO_clutha,29,4,0.0,0.0,0.0,42.29949,67878.94,44.89392,0.0,7569.2188,0.0
TO_sub_terrace,29,4,0.0,0.0,0.0,64.97766,6264.222,0.0,940.7734,0.0,0.0
TO_mangawera,29,4,0.0,0.0,0.0,0.0,0.0,0.0,0.0,0.0,0.0
TOTAL_OUT,29,4,0.0,133168.33,35020.586,158496.56,84432.43,8450.698,77792.61,8525.304,3988.4407
IN-OUT,29,4,0.0,173263.92,26466.188,809952800.0,119959840.0,2831852500.0,9008907000.0,0.0,0.0
PERCENT_DISCREPANCY,29,4,,78.82789,54.84802,199.92175,199.71886,199.99881,199.99655,0.0,0.0
FROM_STORAGE,30,4,0.0,76431.77,7775.5083,12775.862,750.71716,0.0011161437,0.005893858,0.08704265,1.4732417
FROM_CONSTANT_HEAD,30,4,0.0,0.0,0.0,0.0,0.0,0.0,0.0,0.0,0.0
FROM_WELLS,30,4,0.0,4777.7715,18.260052,1438.9762,8504.589,0.0,0.0,77.06712,1081.1698
FROM_HEAD_DEP_BOUNDS,30,4,0.0,0.0,11870.219,0.0,0.0,0.0,0.0,0.0,0.0
FROM_RECHARGE,30,4,0.0,11435.957,1631.3204,4484.366,15251.537,1894.4105,2240.9023,1178.2632,2905.9722
FROM_STREAM_LEAKAGE,30,4,0.0,3500.0,1100.0,32443.465,3119.7043,36.521347,16.351604,0.0,0.0
FROM_STREAM_FLOW_OUT,30,4,0.0,173263.03,26465.953,809171400.0,119947390.0,2831852500.0,9008878000.0,0.0,0.0
FROM_ZONE_0,30,4,0.0,0.0,0.0,0.0,0.0,0.0,0.0,0.0,0.0
FROM_haweaflat,30,4,0.0,0.0,685.3822,96886.445,21859.916,0.0,0.0,0.0,0.0
FROM_moraine_top,30,4,0.0,17565.482,0.0,0.0,0.0,0.0,0.0,0.0,0.0
FROM_river_zone,30,4,0.0,10398.336,0.0,0.0,30971.066,0.0,42.29992,64.98583,0.0
FROM_main_terrace,30,4,0.0,903.9071,0.0,274.31433,0.0,6507.0356,67880.61,6263.249,0.0
FROM_sandy_point,30,4,0.0,0.0,0.0,0.0,1680.8306,0.0,44.89392,0.0,0.0
FROM_clutha,30,4,0.0,0.0,0.0,3.335021,1786.4164,12.864994,0.0,940.74725,0.0
FROM_sub_terrace,30,4,0.0,0.0,0.0,76.66955,434.34442,0.0,7569.368,0.0,0.0
FROM_mangawera,30,4,0.0,0.0,0.0,3697.8901,0.0,0.0,0.0,0.0,0.0
TOTAL_IN,30,4,0.0,298276.25,49546.645,809323460.0,120031736.0,2831861000.0,9008954000.0,8524.399,3988.6152
TO_STORAGE,30,4,0.0,75.20684,0.0,0.07532908,450.82877,0.0011098215,9.108311,3.2717547,0.11856314
TO_CONSTANT_HEAD,30,4,0.0,0.0,0.0,0.0,0.0,0.0,0.0,0.0,0.0
TO_WELLS,30,4,0.0,5505.3066,0.0,0.0,445.89493,28.567646,0.0,440.7458,290.60635
TO_HEAD_DEP_BOUNDS,30,4,0.0,0.0,5515.153,0.0,0.0,0.0,0.0,0.0,0.0
TO_RECHARGE,30,4,0.0,0.0,0.0,0.0,0.0,0.0,0.0,0.0,0.0
TO_STREAM_LEAKAGE,30,4,0.0,0.0,0.0,110604.51,1633.268,6696.405,75041.945,0.0,0.0
TO_STREAM_FLOW_OUT,30,4,0.0,0.0,0.0,0.0,0.0,0.0,0.0,0.0,0.0
TO_ZONE_0,30,4,0.0,0.0,0.0,0.0,0.0,0.0,0.0,0.0,0.0
TO_haweaflat,30,4,0.0,0.0,17565.482,10398.336,903.9071,0.0,0.0,0.0,0.0
TO_moraine_top,30,4,0.0,685.3822,0.0,0.0,0.0,0.0,0.0,0.0,0.0
TO_river_zone,30,4,0.0,96886.445,0.0,0.0,274.31433,0.0,3.335021,76.66955,3697.8901
TO_main_terrace,30,4,0.0,21859.916,0.0,30971.066,0.0,1680.8306,1786.4164,434.34442,0.0
TO_sandy_point,30,4,0.0,0.0,0.0,0.0,6507.0356,0.0,12.864994,0.0,0.0
TO_clutha,30,4,0.0,0.0,0.0,42.29992,67880.61,44.89392,0.0,7569.368,0.0
TO_sub_terrace,30,4,0.0,0.0,0.0,64.98583,6263.249,0.0,940.74725,0.0,0.0
TO_mangawera,30,4,0.0,0.0,0.0,0.0,0.0,0.0,0.0,0.0,0.0
TOTAL_OUT,30,4,0.0,125012.26,23080.635,152081.27,84359.11,8450.698,77794.42,8524.399,3988.615
IN-OUT,30,4,0.0,173264.0,26466.01,809171400.0,119947380.0,2831852500.0,9008877000.0,0.0,0.00024414062
PERCENT_DISCREPANCY,30,4,,81.86568,72.88173,199.92485,199.71907,199.99881,199.99655,0.0,6.120937e-06
FROM_STORAGE,31,4,0.0,78298.484,5179.8857,13474.5,984.58954,0.0011156469,0.7792777,0.9631481,1.644038
FROM_CONSTANT_HEAD,31,4,0.0,0.0,0.0,0.0,0.0,0.0,0.0,0.0,0.0
FROM_WELLS,31,4,0.0,4777.7715,18.260052,1438.9762,8504.589,0.0,0.0,77.06712,1081.1698
FROM_HEAD_DEP_BOUNDS,31,4,0.0,0.0,1193.8857,0.0,0.0,0.0,0.0,0.0,0.0
FROM_RECHARGE,31,4,0.0,11435.957,1631.3204,4484.366,15251.537,1894.4105,2240.9023,1178.2632,2905.9722
FROM_STREAM_LEAKAGE,31,4,0.0,3500.0,1100.0,32464.223,3119.7043,36.521347,16.351604,0.0,0.0
FROM_STREAM_FLOW_OUT,31,4,0.0,173263.03,26465.953,808357060.0,119934420.0,2831852800.0,9008845000.0,0.0,0.0
FROM_ZONE_0,31,4,0.0,0.0,0.0,0.0,0.0,0.0,0.0,0.0,0.0
FROM_haweaflat,31,4,0.0,0.0,591.9751,89503.96,21561.238,0.0,0.0,0.0,0.0
FROM_moraine_top,31,4,0.0,8077.6133,0.0,0.0,0.0,0.0,0.0,0.0,0.0
FROM_river_zone,31,4,0.0,10208.98,0.0,0.0,30971.86,0.0,42.300312,64.99758,0.0
FROM_main_terrace,31,4,0.0,903.2113,0.0,273.92484,0.0,6507.0356,67879.734,6261.836,0.0
FROM_sandy_point,31,4,0.0,0.0,0.0,0.0,1680.8306,0.0,44.89392,0.0,0.0
FROM_clutha,31,4,0.0,0.0,0.0,3.3350348,1785.6373,12.864994,0.0,940.6662,0.0
FROM_sub_terrace,31,4,0.0,0.0,0.0,76.66766,434.753,0.0,7569.182,0.0,0.0
FROM_mangawera,31,4,0.0,0.0,0.0,3698.085,0.0,0.0,0.0,0.0,0.0
TOTAL_IN,31,4,0.0,290465.06,36181.28,808502400.0,120018700.0,2831861200.0,9008922000.0,8523.793,3988.7861
TO_STORAGE,31,4,0.0,38.59429,402.85815,0.050914805,389.82565,0.0011102996,7.4597487,2.4442892,0.09442663
TO_CONSTANT_HEAD,31,4,0.0,0.0,0.0,0.0,0.0,0.0,0.0,0.0,0.0
TO_WELLS,31,4,0.0,5505.3066,0.0,0.0,445.89493,28.567646,0.0,440.7458,290.60635
TO_HEAD_DEP_BOUNDS,31,4,0.0,0.0,1234.7329,0.0,0.0,0.0,0.0,0.0,0.0
TO_RECHARGE,31,4,0.0,0.0,0.0,0.0,0.0,0.0,0.0,0.0,0.0
TO_STREAM_LEAKAGE,31,4,0.0,0.0,0.0,104129.67,1633.268,6696.405,75044.27,0.0,0.0
TO_STREAM_FLOW_OUT,31,4,0.0,0.0,0.0,0.0,0.0,0.0,0.0,0.0,0.0
TO_ZONE_0,31,4,0.0,0.0,0.0,0.0,0.0,0.0,0.0,0.0,0.0
TO_haweaflat,31,4,0.0,0.0,8077.6133,10208.98,903.2113,0.0,0.0,0.0,0.0
TO_moraine_top,31,4,0.0,591.9751,0.0,0.0,0.0,0.0,0.0,0.0,0.0
TO_river_zone,31,4,0.0,89503.96,0.0,0.0,273.92484,0.0,3.3350348,76.66766,3698.085
TO_main_terrace,31,4,0.0,21561.238,0.0,30971.86,0.0,1680.8306,1785.6373,434.753,0.0
TO_sandy_point,31,4,0.0,0.0,0.0,0.0,6507.0356,0.0,12.864994,0.0,0.0
TO_clutha,31,4,0.0,0.0,0.0,42.300312,67879.734,44.89392,0.0,7569.182,0.0
TO_sub_terrace,31,4,0.0,0.0,0.0,64.99758,6261.836,0.0,940.6662,0.0,0.0
TO_mangawera,31,4,0.0,0.0,0.0,0.0,0.0,0.0,0.0,0.0,0.0
TOTAL_OUT,31,4,0.0,117201.08,9715.204,145417.86,84294.73,8450.698,77794.24,8523.793,3988.7856
IN-OUT,31,4,0.0,173263.98,26466.078,808357000.0,119934410.0,2831852800.0,9008844000.0,0.0,0.00048828125
PERCENT_DISCREPANCY,31,4,,85.002884,115.32943,199.92807,199.71927,199.99881,199.99655,0.0,1.224135e-05
FROM_STORAGE,32,4,0.0,72976.35,3527.389,13214.613,1227.9424,0.0011149083,2.3996725,2.3095937,1.7908729
FROM_CONSTANT_HEAD,32,4,0.0,0.0,0.0,0.0,0.0,0.0,0.0,0.0,0.0
FROM_WELLS,32,4,0.0,4777.7715,18.260052,1438.9762,8504.589,0.0,0.0,77.06712,1081.1698
FROM_HEAD_DEP_BOUNDS,32,4,0.0,0.0,1756.5327,0.0,0.0,0.0,0.0,0.0,0.0
FROM_RECHARGE,32,4,0.0,11435.957,1631.3204,4484.366,15251.537,1894.4105,2240.9023,1178.2632,2905.9722
FROM_STREAM_LEAKAGE,32,4,0.0,3500.0,1100.0,32487.027,3119.7043,36.521347,16.351604,0.0,0.0
FROM_STREAM_FLOW_OUT,32,4,0.0,173263.03,26465.953,807588350.0,119922130.0,2831852500.0,9008812000.0,0.0,0.0
FROM_ZONE_0,32,4,0.0,0.0,0.0,0.0,0.0,0.0,0.0,0.0,0.0
FROM_haweaflat,32,4,0.0,0.0,564.14136,83484.24,21253.11,0.0,0.0,0.0,0.0
FROM_moraine_top,32,4,0.0,7174.5737,0.0,0.0,0.0,0.0,0.0,0.0,0.0
FROM_river_zone,32,4,0.0,10072.991,0.0,0.0,30975.148,0.0,42.300743,65.01292,0.0
FROM_main_terrace,32,4,0.0,901.78906,0.0,273.38318,0.0,6507.0356,67876.055,6259.9736,0.0
FROM_sandy_point,32,4,0.0,0.0,0.0,0.0,1680.8306,0.0,44.89392,0.0,0.0
FROM_clutha,32,4,0.0,0.0,0.0,3.335048,1784.6023,12.864994,0.0,940.52673,0.0
FROM_sub_terrace,32,4,0.0,0.0,0.0,76.65532,435.22363,0.0,7568.631,0.0,0.0
FROM_mangawera,32,4,0.0,0.0,0.0,3698.2512,0.0,0.0,0.0,0.0,0.0
TOTAL_IN,32,4,0.0,284102.47,35063.594,807727500.0,120006360.0,2831861000.0,9008889000.0,8523.153,3988.9329
TO_STORAGE,32,4,0.0,14.37706,0.0,0.032284707,335.06958,0.0011110225,6.307075,1.8972845,0.0744577
TO_CONSTANT_HEAD,32,4,0.0,0.0,0.0,0.0,0.0,0.0,0.0,0.0,0.0
TO_WELLS,32,4,0.0,5505.3066,0.0,0.0,445.89493,28.567646,0.0,440.7458,290.60635
TO_HEAD_DEP_BOUNDS,32,4,0.0,0.0,1422.044,0.0,0.0,0.0,0.0,0.0,0.0
TO_RECHARGE,32,4,0.0,0.0,0.0,0.0,0.0,0.0,0.0,0.0,0.0
TO_STREAM_LEAKAGE,32,4,0.0,0.0,0.0,98002.12,1633.268,6696.405,75044.04,0.0,0.0
TO_STREAM_FLOW_OUT,32,4,0.0,0.0,0.0,0.0,0.0,0.0,0.0,0.0,0.0
TO_ZONE_0,32,4,0.0,0.0,0.0,0.0,0.0,0.0,0.0,0.0,0.0
TO_haweaflat,32,4,0.0,0.0,7174.5737,10072.991,901.78906,0.0,0.0,0.0,0.0
TO_moraine_top,32,4,0.0,564.14136,0.0,0.0,0.0,0.0,0.0,0.0,0.0
TO_river_zone,32,4,0.0,83484.24,0.0,0.0,273.38318,0.0,3.335048,76.65532,3698.2512
TO_main_terrace,32,4,0.0,21253.11,0.0,30975.148,0.0,1680.8306,1784.6023,435.22363,0.0
TO_sandy_point,32,4,0.0,0.0,0.0,0.0,6507.0356,0.0,12.864994,0.0,0.0
TO_clutha,32,4,0.0,0.0,0.0,42.300743,67876.055,44.89392,0.0,7568.631,0.0
TO_sub_terrace,32,4,0.0,0.0,0.0,65.01292,6259.9736,0.0,940.52673,0.0,0.0
TO_mangawera,32,4,0.0,0.0,0.0,0.0,0.0,0.0,0.0,0.0,0.0
TOTAL_OUT,32,4,0.0,110821.18,8596.617,139157.6,84232.47,8450.698,77791.67,8523.153,3988.9321
IN-OUT,32,4,0.0,173281.28,26466.977,807588350.0,119922130.0,2831852500.0,9008811000.0,0.0,0.0007324219
PERCENT_DISCREPANCY,32,4,,87.75432,121.24072,199.9311,199.71944,199.99881,199.99655,0.0,1.836135e-05
FROM_STORAGE,33,4,0.0,68184.74,2718.165,12747.611,1461.9022,0.0011142541,4.4794188,3.9489357,1.882185
FROM_CONSTANT_HEAD,33,4,0.0,0.0,0.0,0.0,0.0,0.0,0.0,0.0,0.0
FROM_WELLS,33,4,0.0,4777.7715,18.260052,1438.9762,8504.589,0.0,0.0,77.06712,1081.1698
FROM_HEAD_DEP_BOUNDS,33,4,0.0,0.0,2069.3013,0.0,0.0,0.0,0.0,0.0,0.0
FROM_RECHARGE,33,4,0.0,11435.957,1631.3204,4484.366,15251.537,1894.4105,2240.9023,1178.2632,2905.9722
FROM_STREAM_LEAKAGE,33,4,0.0,3500.0,1100.0,32511.922,3119.7043,36.521347,16.351604,0.0,0.0
FROM_STREAM_FLOW_OUT,33,4,0.0,173263.03,26465.953,806908300.0,119911230.0,2831852000.0,9008785000.0,0.0,0.0
FROM_ZONE_0,33,4,0.0,0.0,0.0,0.0,0.0,0.0,0.0,0.0,0.0
FROM_haweaflat,33,4,0.0,0.0,557.7474,78420.81,20951.93,0.0,0.0,0.0,0.0
FROM_moraine_top,33,4,0.0,6664.801,0.0,0.0,0.0,0.0,0.0,0.0,0.0
FROM_river_zone,33,4,0.0,9994.98,0.0,0.0,30981.145,0.0,42.301094,65.03182,0.0
FROM_main_terrace,33,4,0.0,899.6666,0.0,272.69373,0.0,6507.0356,67869.43,6257.682,0.0
FROM_sandy_point,33,4,0.0,0.0,0.0,0.0,1680.8306,0.0,44.89392,0.0,0.0
FROM_clutha,33,4,0.0,0.0,0.0,3.3350608,1783.3108,12.864994,0.0,940.32733,0.0
FROM_sub_terrace,33,4,0.0,0.0,0.0,76.63207,435.74628,0.0,7567.6963,0.0,0.0
FROM_mangawera,33,4,0.0,0.0,0.0,3698.3555,0.0,0.0,0.0,0.0,0.0
TOTAL_IN,33,4,0.0,278720.94,34560.746,807041900.0,119995400.0,2831860500.0,9008862000.0,8522.32,3989.0242
TO_STORAGE,33,4,0.0,5.2234874,0.0,0.018857894,284.73013,0.0011116707,5.311101,1.5005927,0.061440557
TO_CONSTANT_HEAD,33,4,0.0,0.0,0.0,0.0,0.0,0.0,0.0,0.0,0.0
TO_WELLS,33,4,0.0,5505.3066,0.0,0.0,445.89493,28.567646,0.0,440.7458,290.60635
TO_HEAD_DEP_BOUNDS,33,4,0.0,0.0,1429.2305,0.0,0.0,0.0,0.0,0.0,0.0
TO_RECHARGE,33,4,0.0,0.0,0.0,0.0,0.0,0.0,0.0,0.0,0.0
TO_STREAM_LEAKAGE,33,4,0.0,0.0,0.0,92568.43,1633.268,6696.405,75040.95,0.0,0.0
TO_STREAM_FLOW_OUT,33,4,0.0,0.0,0.0,0.0,0.0,0.0,0.0,0.0,0.0
TO_ZONE_0,33,4,0.0,0.0,0.0,0.0,0.0,0.0,0.0,0.0,0.0
TO_haweaflat,33,4,0.0,0.0,6664.801,9994.98,899.6666,0.0,0.0,0.0,0.0
TO_moraine_top,33,4,0.0,557.7474,0.0,0.0,0.0,0.0,0.0,0.0,0.0
TO_river_zone,33,4,0.0,78420.81,0.0,0.0,272.69373,0.0,3.3350608,76.63207,3698.3555
TO_main_terrace,33,4,0.0,20951.93,0.0,30981.145,0.0,1680.8306,1783.3108,435.74628,0.0
TO_sandy_point,33,4,0.0,0.0,0.0,0.0,6507.0356,0.0,12.864994,0.0,0.0
TO_clutha,33,4,0.0,0.0,0.0,42.301094,67869.43,44.89392,0.0,7567.6963,0.0
TO_sub_terrace,33,4,0.0,0.0,0.0,65.03182,6257.682,0.0,940.32733,0.0,0.0
TO_mangawera,33,4,0.0,0.0,0.0,0.0,0.0,0.0,0.0,0.0,0.0
TOTAL_OUT,33,4,0.0,105441.02,8094.0312,133651.89,84170.4,8450.698,77786.11,8522.321,3989.0232
IN-OUT,33,4,0.0,173279.9,26466.715,806908300.0,119911230.0,2831852000.0,9008784000.0,0.0009765625,0.0009765625
PERCENT_DISCREPANCY,33,4,,90.2119,124.097305,199.93378,199.71962,199.99881,199.99654,1.145888e-05,2.4481242e-05
FROM_STORAGE,34,4,0.0,63606.79,2260.8684,12284.871,1676.1864,0.0011136243,6.904151,5.763937,1.9204834
FROM_CONSTANT_HEAD,34,4,0.0,0.0,0.0,0.0,0.0,0.0,0.0,0.0,0.0
FROM_WELLS,34,4,0.0,4777.7715,18.260052,1438.9762,8504.589,0.0,0.0,77.06712,1081.1698
FROM_HEAD_DEP_BOUNDS,34,4,0.0,0.0,2277.5366,0.0,0.0,0.0,0.0,0.0,0.0
FROM_RECHARGE,34,4,0.0,11435.957,1631.3204,4484.366,15251.537,1894.4105,2240.9023,1178.2632,2905.9722
FROM_STREAM_LEAKAGE,34,4,0.0,3500.0,1100.0,32538.098,3119.7043,36.521347,16.351604,0.0,0.0
FROM_STREAM_FLOW_OUT,34,4,0.0,173263.03,26465.953,806295000.0,119901380.0,2831851500.0,9008759000.0,0.0,0.0
FROM_ZONE_0,34,4,0.0,0.0,0.0,0.0,0.0,0.0,0.0,0.0,0.0
FROM_haweaflat,34,4,0.0,0.0,553.56464,73909.74,20668.836,0.0,0.0,0.0,0.0
FROM_moraine_top,34,4,0.0,6473.051,0.0,0.0,0.0,0.0,0.0,0.0,0.0
FROM_river_zone,34,4,0.0,9948.7,0.0,0.0,30989.58,0.0,42.30145,65.054016,0.0
FROM_main_terrace,34,4,0.0,897.1643,0.0,271.86493,0.0,6507.0356,67859.8,6255.0,0.0
FROM_sandy_point,34,4,0.0,0.0,0.0,0.0,1680.8306,0.0,44.89392,0.0,0.0
FROM_clutha,34,4,0.0,0.0,0.0,3.3350744,1781.7753,12.864994,0.0,940.0689,0.0
FROM_sub_terrace,34,4,0.0,0.0,0.0,76.59742,436.30823,0.0,7566.371,0.0,0.0
FROM_mangawera,34,4,0.0,0.0,0.0,3698.4036,0.0,0.0,0.0,0.0,0.0
TOTAL_IN,34,4,0.0,273902.44,34307.504,806423700.0,119985496.0,2831860000.0,9008836000.0,8521.218,3989.0625
TO_STORAGE,34,4,0.0,1.1816969,0.0,0.01123796,239.28522,0.0011123383,4.433667,1.1944224,0.052557837
TO_CONSTANT_HEAD,34,4,0.0,0.0,0.0,0.0,0.0,0.0,0.0,0.0,0.0
TO_WELLS,34,4,0.0,5505.3066,0.0,0.0,445.89493,28.567646,0.0,440.7458,290.60635
TO_HEAD_DEP_BOUNDS,34,4,0.0,0.0,1368.4214,0.0,0.0,0.0,0.0,0.0,0.0
TO_RECHARGE,34,4,0.0,0.0,0.0,0.0,0.0,0.0,0.0,0.0,0.0
TO_STREAM_LEAKAGE,34,4,0.0,0.0,0.0,87660.945,1633.268,6696.405,75035.2,0.0,0.0
TO_STREAM_FLOW_OUT,34,4,0.0,0.0,0.0,0.0,0.0,0.0,0.0,0.0,0.0
TO_ZONE_0,34,4,0.0,0.0,0.0,0.0,0.0,0.0,0.0,0.0,0.0
TO_haweaflat,34,4,0.0,0.0,6473.051,9948.7,897.1643,0.0,0.0,0.0,0.0
TO_moraine_top,34,4,0.0,553.56464,0.0,0.0,0.0,0.0,0.0,0.0,0.0
TO_river_zone,34,4,0.0,73909.74,0.0,0.0,271.86493,0.0,3.3350744,76.59742,3698.4036
TO_main_terrace,34,4,0.0,20668.836,0.0,30989.58,0.0,1680.8306,1781.7753,436.30823,0.0
TO_sandy_point,34,4,0.0,0.0,0.0,0.0,6507.0356,0.0,12.864994,0.0,0.0
TO_clutha,34,4,0.0,0.0,0.0,42.30145,67859.8,44.89392,0.0,7566.371,0.0
TO_sub_terrace,34,4,0.0,0.0,0.0,65.054016,6255.0,0.0,940.0689,0.0,0.0
TO_mangawera,34,4,0.0,0.0,0.0,0.0,0.0,0.0,0.0,0.0,0.0
TOTAL_OUT,34,4,0.0,100638.63,7841.472,128706.59,84109.31,8450.698,77777.69,8521.217,3989.0625
IN-OUT,34,4,0.0,173263.81,26466.031,806295000.0,119901384.0,2831851500.0,9008758000.0,0.0009765625,0.0
PERCENT_DISCREPANCY,34,4,,92.5206,125.58326,199.93617,199.7198,199.99881,199.99654,1.14603645e-05,0.0
FROM_STORAGE,35,4,0.0,59536.184,1757.4908,11796.302,1891.377,0.0011128881,9.626993,7.6969037,1.9321436
FROM_CONSTANT_HEAD,35,4,0.0,0.0,0.0,0.0,0.0,0.0,0.0,0.0,0.0
FROM_WELLS,35,4,0.0,4777.7715,18.260052,1438.9762,8504.589,0.0,0.0,77.06712,1081.1698
FROM_HEAD_DEP_BOUNDS,35,4,0.0,0.0,2450.439,0.0,0.0,0.0,0.0,0.0,0.0
FROM_RECHARGE,35,4,0.0,11435.957,1631.3204,4484.366,15251.537,1894.4105,2240.9023,1178.2632,2905.9722
FROM_STREAM_LEAKAGE,35,4,0.0,3500.0,1100.0,32564.941,3119.7043,36.521347,16.351604,0.0,0.0
FROM_STREAM_FLOW_OUT,35,4,0.0,173263.03,26465.953,805734400.0,119892370.0,2831851000.0,9008736000.0,0.0,0.0
FROM_ZONE_0,35,4,0.0,0.0,0.0,0.0,0.0,0.0,0.0,0.0,0.0
FROM_haweaflat,35,4,0.0,0.0,545.6928,69869.39,20384.523,0.0,0.0,0.0,0.0
FROM_moraine_top,35,4,0.0,6236.9385,0.0,0.0,0.0,0.0,0.0,0.0,0.0
FROM_river_zone,35,4,0.0,9924.803,0.0,0.0,30999.707,0.0,42.301838,65.0792,0.0
FROM_main_terrace,35,4,0.0,894.1593,0.0,270.90295,0.0,6507.0356,67847.195,6251.957,0.0
FROM_sandy_point,35,4,0.0,0.0,0.0,0.0,1680.8306,0.0,44.89392,0.0,0.0
FROM_clutha,35,4,0.0,0.0,0.0,3.335085,1780.0156,12.864994,0.0,939.7537,0.0
FROM_sub_terrace,35,4,0.0,0.0,0.0,76.55166,436.90042,0.0,7564.6606,0.0,0.0
FROM_mangawera,35,4,0.0,0.0,0.0,3698.4219,0.0,0.0,0.0,0.0,0.0
TOTAL_IN,35,4,0.0,269568.84,33969.156,805858600.0,119976424.0,2831859500.0,9008813000.0,8519.817,3989.0742
TO_STORAGE,35,4,0.0,0.15176374,0.0,0.0074292207,198.73769,0.0011130786,3.691809,0.95944226,0.046167135
TO_CONSTANT_HEAD,35,4,0.0,0.0,0.0,0.0,0.0,0.0,0.0,0.0,0.0
TO_WELLS,35,4,0.0,5505.3066,0.0,0.0,445.89493,28.567646,0.0,440.7458,290.60635
TO_HEAD_DEP_BOUNDS,35,4,0.0,0.0,1266.1704,0.0,0.0,0.0,0.0,0.0,0.0
TO_RECHARGE,35,4,0.0,0.0,0.0,0.0,0.0,0.0,0.0,0.0,0.0
TO_STREAM_LEAKAGE,35,4,0.0,0.0,0.0,83171.44,1633.268,6696.405,75026.24,0.0,0.0
TO_STREAM_FLOW_OUT,35,4,0.0,0.0,0.0,0.0,0.0,0.0,0.0,0.0,0.0
TO_ZONE_0,35,4,0.0,0.0,0.0,0.0,0.0,0.0,0.0,0.0,0.0
TO_haweaflat,35,4,0.0,0.0,6236.9385,9924.803,894.1593,0.0,0.0,0.0,0.0
TO_moraine_top,35,4,0.0,545.6928,0.0,0.0,0.0,0.0,0.0,0.0,0.0
TO_river_zone,35,4,0.0,69869.39,0.0,0.0,270.90295,0.0,3.335085,76.55166,3698.4219
TO_main_terrace,35,4,0.0,20384.523,0.0,30999.707,0.0,1680.8306,1780.0156,436.90042,0.0
TO_sandy_point,35,4,0.0,0.0,0.0,0.0,6507.0356,0.0,12.864994,0.0,0.0
TO_clutha,35,4,0.0,0.0,0.0,42.301838,67847.195,44.89392,0.0,7564.6606,0.0
TO_sub_terrace,35,4,0.0,0.0,0.0,65.0792,6251.957,0.0,939.7537,0.0,0.0
TO_mangawera,35,4,0.0,0.0,0.0,0.0,0.0,0.0,0.0,0.0,0.0
TOTAL_OUT,35,4,0.0,96305.06,7503.109,124203.336,84049.16,8450.698,77765.91,8519.818,3989.0745
IN-OUT,35,4,0.0,173263.78,26466.047,805734400.0,119892376.0,2831851000.0,9008735000.0,0.0009765625,0.00024414062
PERCENT_DISCREPANCY,35,4,,94.71229,127.632515,199.93835,199.71999,199.9988,199.99654,1.1462245e-05,6.1202327e-06
FROM_STORAGE,36,4,0.0,57110.668,9470.003,11433.554,2095.1572,0.0011121797,12.566065,9.671661,1.9273481
FROM_CONSTANT_HEAD,36,4,0.0,0.0,0.0,0.0,0.0,0.0,0.0,0.0,0.0
FROM_WELLS,36,4,0.0,4777.7715,18.260052,1438.9762,8504.589,0.0,0.0,77.06712,1081.1698
FROM_HEAD_DEP_BOUNDS,36,4,0.0,0.0,0.0,0.0,0.0,0.0,0.0,0.0,0.0
FROM_RECHARGE,36,4,0.0,11435.957,1631.3204,4484.366,15251.537,1894.4105,2240.9023,1178.2632,2905.9722
FROM_STREAM_LEAKAGE,36,4,0.0,3500.0,1100.0,32593.22,3119.7043,36.521347,16.351604,0.0,0.0
FROM_STREAM_FLOW_OUT,36,4,0.0,173263.03,26465.953,805216830.0,119884040.0,2831850500.0,9008714000.0,0.0,0.0
FROM_ZONE_0,36,4,0.0,0.0,0.0,0.0,0.0,0.0,0.0,0.0,0.0
FROM_haweaflat,36,4,0.0,0.0,928.5427,66054.92,20110.363,0.0,0.0,0.0,0.0
FROM_moraine_top,36,4,0.0,4971.318,0.0,0.0,0.0,0.0,0.0,0.0,0.0
FROM_river_zone,36,4,0.0,9911.728,0.0,0.0,31012.158,0.0,42.30212,65.107025,0.0
FROM_main_terrace,36,4,0.0,891.7791,0.0,269.82257,0.0,6507.0356,67831.67,6248.6055,0.0
FROM_sandy_point,36,4,0.0,0.0,0.0,0.0,1680.8306,0.0,44.89392,0.0,0.0
FROM_clutha,36,4,0.0,0.0,0.0,3.335099,1778.0571,12.864994,0.0,939.3851,0.0
FROM_sub_terrace,36,4,0.0,0.0,0.0,76.49492,437.5096,0.0,7562.577,0.0,0.0
FROM_mangawera,36,4,0.0,0.0,0.0,3698.4214,0.0,0.0,0.0,0.0,0.0
TOTAL_IN,36,4,0.0,265862.25,39614.08,805336800.0,119968030.0,2831859000.0,9008791000.0,8518.1,3989.0693
TO_STORAGE,36,4,0.0,0.0007808792,4.1847008e-05,0.0048328117,161.8099,0.0011137935,3.0739968,0.7719267,0.04146365
TO_CONSTANT_HEAD,36,4,0.0,0.0,0.0,0.0,0.0,0.0,0.0,0.0,0.0
TO_WELLS,36,4,0.0,5505.3066,0.0,0.0,445.89493,28.567646,0.0,440.7458,290.60635
TO_HEAD_DEP_BOUNDS,36,4,0.0,0.0,8177.071,0.0,0.0,0.0,0.0,0.0,0.0
TO_RECHARGE,36,4,0.0,0.0,0.0,0.0,0.0,0.0,0.0,0.0,0.0
TO_STREAM_LEAKAGE,36,4,0.0,0.0,0.0,79022.2,1633.268,6696.405,75014.59,0.0,0.0
TO_STREAM_FLOW_OUT,36,4,0.0,0.0,0.0,0.0,0.0,0.0,0.0,0.0,0.0
TO_ZONE_0,36,4,0.0,0.0,0.0,0.0,0.0,0.0,0.0,0.0,0.0
TO_haweaflat,36,4,0.0,0.0,4971.318,9911.728,891.7791,0.0,0.0,0.0,0.0
TO_moraine_top,36,4,0.0,928.5427,0.0,0.0,0.0,0.0,0.0,0.0,0.0
TO_river_zone,36,4,0.0,66054.92,0.0,0.0,269.82257,0.0,3.335099,76.49492,3698.4214
TO_main_terrace,36,4,0.0,20110.363,0.0,31012.158,0.0,1680.8306,1778.0571,437.5096,0.0
TO_sandy_point,36,4,0.0,0.0,0.0,0.0,6507.0356,0.0,12.864994,0.0,0.0
TO_clutha,36,4,0.0,0.0,0.0,42.30212,67831.67,44.89392,0.0,7562.577,0.0
TO_sub_terrace,36,4,0.0,0.0,0.0,65.107025,6248.6055,0.0,939.3851,0.0,0.0
TO_mangawera,36,4,0.0,0.0,0.0,0.0,0.0,0.0,0.0,0.0,0.0
TOTAL_OUT,36,4,0.0,92599.14,13148.389,120053.51,83989.89,8450.698,77751.305,8518.1,3989.0693
IN-OUT,36,4,0.0,173263.11,26465.69,805216800.0,119884040.0,2831850500.0,9008713000.0,0.0,0.0
PERCENT_DISCREPANCY,36,4,,96.67044,100.32014,199.94037,199.72015,199.99881,199.99655,0.0,0.0
FROM_STORAGE,37,4,0.0,54578.207,5119.703,11149.131,2292.2717,0.0011114979,15.629198,11.643712,1.9199872
FROM_CONSTANT_HEAD,37,4,0.0,0.0,0.0,0.0,0.0,0.0,0.0,0.0,0.0
FROM_WELLS,37,4,0.0,4777.7715,18.260052,1438.9762,8504.589,0.0,0.0,77.06712,1081.1698
FROM_HEAD_DEP_BOUNDS,37,4,0.0,0.0,0.0,0.0,0.0,0.0,0.0,0.0,0.0
FROM_RECHARGE,37,4,0.0,11435.957,1631.3204,4484.366,15251.537,1894.4105,2240.9023,1178.2632,2905.9722
FROM_STREAM_LEAKAGE,37,4,0.0,3500.0,1100.0,32637.473,3119.7043,36.521347,16.351604,0.0,0.0
FROM_STREAM_FLOW_OUT,37,4,0.0,173263.03,26465.953,804717440.0,119875980.0,2831849500.0,9008691000.0,0.0,0.0
FROM_ZONE_0,37,4,0.0,0.0,0.0,0.0,0.0,0.0,0.0,0.0,0.0
FROM_haweaflat,37,4,0.0,0.0,1227.7175,62314.63,19844.463,0.0,0.0,0.0,0.0
FROM_moraine_top,37,4,0.0,3828.7036,0.0,0.0,0.0,0.0,0.0,0.0,0.0
FROM_river_zone,37,4,0.0,9895.006,0.0,0.0,31026.703,0.0,42.302376,65.13695,0.0
FROM_main_terrace,37,4,0.0,890.1969,0.0,268.6363,0.0,6507.0356,67813.39,6244.9873,0.0
FROM_sandy_point,37,4,0.0,0.0,0.0,0.0,1680.8306,0.0,44.89392,0.0,0.0
FROM_clutha,37,4,0.0,0.0,0.0,3.3351097,1775.9303,12.864994,0.0,938.96716,0.0
FROM_sub_terrace,37,4,0.0,0.0,0.0,76.42766,438.12628,0.0,7560.14,0.0,0.0
FROM_mangawera,37,4,0.0,0.0,0.0,3698.4175,0.0,0.0,0.0,0.0,0.0
TOTAL_IN,37,4,0.0,262168.88,35562.957,804833540.0,119959920.0,2831858000.0,9008768000.0,8516.065,3989.062
TO_STORAGE,37,4,0.0,0.0,9.495232e-05,0.0029489931,130.20036,0.0011144762,2.553295,0.6227109,0.03779988
TO_CONSTANT_HEAD,37,4,0.0,0.0,0.0,0.0,0.0,0.0,0.0,0.0,0.0
TO_WELLS,37,4,0.0,5505.3066,0.0,0.0,445.89493,28.567646,0.0,440.7458,290.60635
TO_HEAD_DEP_BOUNDS,37,4,0.0,0.0,5266.8184,0.0,0.0,0.0,0.0,0.0,0.0
TO_RECHARGE,37,4,0.0,0.0,0.0,0.0,0.0,0.0,0.0,0.0,0.0
TO_STREAM_LEAKAGE,37,4,0.0,0.0,0.0,75039.16,1633.268,6696.405,75000.05,0.0,0.0
TO_STREAM_FLOW_OUT,37,4,0.0,0.0,0.0,0.0,0.0,0.0,0.0,0.0,0.0
TO_ZONE_0,37,4,0.0,0.0,0.0,0.0,0.0,0.0,0.0,0.0,0.0
TO_haweaflat,37,4,0.0,0.0,3828.7036,9895.006,890.1969,0.0,0.0,0.0,0.0
TO_moraine_top,37,4,0.0,1227.7175,0.0,0.0,0.0,0.0,0.0,0.0,0.0
TO_river_zone,37,4,0.0,62314.63,0.0,0.0,268.6363,0.0,3.3351097,76.42766,3698.4175
TO_main_terrace,37,4,0.0,19844.463,0.0,31026.703,0.0,1680.8306,1775.9303,438.12628,0.0
TO_sandy_point,37,4,0.0,0.0,0.0,0.0,6507.0356,0.0,12.864994,0.0,0.0
TO_clutha,37,4,0.0,0.0,0.0,42.302376,67813.39,44.89392,0.0,7560.14,0.0
TO_sub_terrace,37,4,0.0,0.0,0.0,65.13695,6244.9873,0.0,938.96716,0.0,0.0
TO_mangawera,37,4,0.0,0.0,0.0,0.0,0.0,0.0,0.0,0.0,0.0
TOTAL_OUT,37,4,0.0,88892.12,9095.521,116068.31,83933.61,8450.698,77733.7,8516.0625,3989.0615
IN-OUT,37,4,0.0,173276.75,26467.436,804717440.0,119875980.0,2831849500.0,9008690000.0,0.0029296875,0.00048828125
PERCENT_DISCREPANCY,37,4,,98.71604,118.53264,199.9423,199.72032,199.99881,199.99654,3.4401895e-05,1.2240504e-05
FROM_STORAGE,38,4,0.0,51684.246,3187.352,10703.8955,2480.9138,0.001110941,18.735884,13.571946,1.9082311
FROM_CONSTANT_HEAD,38,4,0.0,0.0,0.0,0.0,0.0,0.0,0.0,0.0,0.0
FROM_WELLS,38,4,0.0,4777.7715,18.260052,1438.9762,8504.589,0.0,0.0,77.06712,1081.1698
FROM_HEAD_DEP_BOUNDS,38,4,0.0,0.0,0.0,0.0,0.0,0.0,0.0,0.0,0.0
FROM_RECHARGE,38,4,0.0,11435.957,1631.3204,4484.366,15251.537,1894.4105,2240.9023,1178.2632,2905.9722
FROM_STREAM_LEAKAGE,38,4,0.0,3500.0,1100.0,32774.32,3119.7043,36.521347,16.351604,0.0,0.0
FROM_STREAM_FLOW_OUT,38,4,0.0,173263.03,26465.953,804248450.0,119868456.0,2831849000.0,9008671000.0,0.0,0.0
FROM_ZONE_0,38,4,0.0,0.0,0.0,0.0,0.0,0.0,0.0,0.0,0.0
FROM_haweaflat,38,4,0.0,0.0,1346.0045,58990.96,19587.678,0.0,0.0,0.0,0.0
FROM_moraine_top,38,4,0.0,3255.4329,0.0,0.0,0.0,0.0,0.0,0.0,0.0
FROM_river_zone,38,4,0.0,9888.742,0.0,0.0,31043.205,0.0,42.302544,65.16866,0.0
FROM_main_terrace,38,4,0.0,888.4602,0.0,267.3553,0.0,6507.0356,67792.51,6241.1406,0.0
FROM_sandy_point,38,4,0.0,0.0,0.0,0.0,1680.8306,0.0,44.89392,0.0,0.0
FROM_clutha,38,4,0.0,0.0,0.0,3.3351219,1773.665,12.864994,0.0,938.50433,0.0
FROM_sub_terrace,38,4,0.0,0.0,0.0,76.35045,438.74338,0.0,7557.373,0.0,0.0
FROM_mangawera,38,4,0.0,0.0,0.0,3698.409,0.0,0.0,0.0,0.0,0.0
TOTAL_IN,38,4,0.0,258693.64,33748.89,804360900.0,119952340.0,2831857400.0,9008748000.0,8513.716,3989.0503
TO_STORAGE,38,4,0.0,0.0,0.000112581845,0.0018680465,105.15254,0.0011150253,2.1056015,0.50241405,0.034858096
TO_CONSTANT_HEAD,38,4,0.0,0.0,0.0,0.0,0.0,0.0,0.0,0.0,0.0
TO_WELLS,38,4,0.0,5505.3066,0.0,0.0,445.89493,28.567646,0.0,440.7458,290.60635
TO_HEAD_DEP_BOUNDS,38,4,0.0,0.0,4027.4595,0.0,0.0,0.0,0.0,0.0,0.0
TO_RECHARGE,38,4,0.0,0.0,0.0,0.0,0.0,0.0,0.0,0.0,0.0
TO_STREAM_LEAKAGE,38,4,0.0,0.0,0.0,71398.734,1633.268,6696.405,74982.75,0.0,0.0
TO_STREAM_FLOW_OUT,38,4,0.0,0.0,0.0,0.0,0.0,0.0,0.0,0.0,0.0
TO_ZONE_0,38,4,0.0,0.0,0.0,0.0,0.0,0.0,0.0,0.0,0.0
TO_haweaflat,38,4,0.0,0.0,3255.4329,9888.742,888.4602,0.0,0.0,0.0,0.0
TO_moraine_top,38,4,0.0,1346.0045,0.0,0.0,0.0,0.0,0.0,0.0,0.0
TO_river_zone,38,4,0.0,58990.96,0.0,0.0,267.3553,0.0,3.3351219,76.35045,3698.409
TO_main_terrace,38,4,0.0,19587.678,0.0,31043.205,0.0,1680.8306,1773.665,438.74338,0.0
TO_sandy_point,38,4,0.0,0.0,0.0,0.0,6507.0356,0.0,12.864994,0.0,0.0
TO_clutha,38,4,0.0,0.0,0.0,42.302544,67792.51,44.89392,0.0,7557.373,0.0
TO_sub_terrace,38,4,0.0,0.0,0.0,65.16866,6241.1406,0.0,938.50433,0.0,0.0
TO_mangawera,38,4,0.0,0.0,0.0,0.0,0.0,0.0,0.0,0.0,0.0
TOTAL_OUT,38,4,0.0,85429.95,7282.8926,112438.16,83880.81,8450.698,77713.234,8513.715,3989.05
IN-OUT,38,4,0.0,173263.69,26465.998,804248450.0,119868456.0,2831849000.0,9008670000.0,0.0009765625,0.00024414062
PERCENT_DISCREPANCY,38,4,,100.69852,129.00243,199.94409,199.72049,199.99881,199.99654,1.1470463e-05,6.1202695e-06
FROM_STORAGE,39,4,0.0,48764.043,2216.187,10227.677,2659.2266,0.0011106627,21.85984,15.442248,1.888548
FROM_CONSTANT_HEAD,39,4,0.0,0.0,0.0,0.0,0.0,0.0,0.0,0.0,0.0
FROM_WELLS,39,4,0.0,4777.7715,18.260052,1438.9762,8504.589,0.0,0.0,77.06712,1081.1698
FROM_HEAD_DEP_BOUNDS,39,4,0.0,0.0,0.0,0.0,0.0,0.0,0.0,0.0,0.0
FROM_RECHARGE,39,4,0.0,11435.957,1631.3204,4484.366,15251.537,1894.4105,2240.9023,1178.2632,2905.9722
FROM_STREAM_LEAKAGE,39,4,0.0,3500.0,1100.0,33018.555,3119.7043,36.521347,16.351604,0.0,0.0
FROM_STREAM_FLOW_OUT,39,4,0.0,173263.03,26465.953,803812350.0,119861460.0,2831848000.0,9008650000.0,0.0,0.0
FROM_ZONE_0,39,4,0.0,0.0,0.0,0.0,0.0,0.0,0.0,0.0,0.0
FROM_haweaflat,39,4,0.0,0.0,1372.1841,56014.883,19341.383,0.0,0.0,0.0,0.0
FROM_moraine_top,39,4,0.0,2944.9824,0.0,0.0,0.0,0.0,0.0,0.0,0.0
FROM_river_zone,39,4,0.0,9925.027,0.0,0.0,31061.504,0.0,42.30263,65.20178,0.0
FROM_main_terrace,39,4,0.0,886.5927,0.0,265.99057,0.0,6507.0356,67769.21,6237.099,0.0
FROM_sandy_point,39,4,0.0,0.0,0.0,0.0,1680.8306,0.0,44.893925,0.0,0.0
FROM_clutha,39,4,0.0,0.0,0.0,3.3351316,1771.2902,12.864994,0.0,938.00073,0.0
FROM_sub_terrace,39,4,0.0,0.0,0.0,76.263885,439.35544,0.0,7554.301,0.0,0.0
FROM_mangawera,39,4,0.0,0.0,0.0,3698.3918,0.0,0.0,0.0,0.0,0.0
TOTAL_IN,39,4,0.0,255497.4,32803.906,803921540.0,119945290.0,2831856400.0,9008727000.0,8511.074,3989.0305
TO_STORAGE,39,4,0.0,0.0,0.00011349845,0.0012284929,84.27018,0.0011152556,1.73406,0.40733138,0.032014713
TO_CONSTANT_HEAD,39,4,0.0,0.0,0.0,0.0,0.0,0.0,0.0,0.0,0.0
TO_WELLS,39,4,0.0,5505.3066,0.0,0.0,445.89493,28.567646,0.0,440.7458,290.60635
TO_HEAD_DEP_BOUNDS,39,4,0.0,0.0,3392.938,0.0,0.0,0.0,0.0,0.0,0.0
TO_RECHARGE,39,4,0.0,0.0,0.0,0.0,0.0,0.0,0.0,0.0,0.0
TO_STREAM_LEAKAGE,39,4,0.0,0.0,0.0,68134.75,1633.3011,6696.405,74962.8,0.0,0.0
TO_STREAM_FLOW_OUT,39,4,0.0,0.0,0.0,0.0,0.0,0.0,0.0,0.0,0.0
TO_ZONE_0,39,4,0.0,0.0,0.0,0.0,0.0,0.0,0.0,0.0,0.0
TO_haweaflat,39,4,0.0,0.0,2944.9824,9925.027,886.5927,0.0,0.0,0.0,0.0
TO_moraine_top,39,4,0.0,1372.1841,0.0,0.0,0.0,0.0,0.0,0.0,0.0
TO_river_zone,39,4,0.0,56014.883,0.0,0.0,265.99057,0.0,3.3351316,76.263885,3698.3918
TO_main_terrace,39,4,0.0,19341.383,0.0,31061.504,0.0,1680.8306,1771.2902,439.35544,0.0
TO_sandy_point,39,4,0.0,0.0,0.0,0.0,6507.0356,0.0,12.864994,0.0,0.0
TO_clutha,39,4,0.0,0.0,0.0,42.30263,67769.21,44.893925,0.0,7554.301,0.0
TO_sub_terrace,39,4,0.0,0.0,0.0,65.20178,6237.099,0.0,938.00073,0.0,0.0
TO_mangawera,39,4,0.0,0.0,0.0,0.0,0.0,0.0,0.0,0.0,0.0
TOTAL_OUT,39,4,0.0,82233.76,6337.9204,109228.79,83829.4,8450.698,77690.02,8511.073,3989.0303
IN-OUT,39,4,0.0,173263.66,26465.986,803812300.0,119861460.0,2831848000.0,9008649000.0,0.0009765625,0.00024414062
PERCENT_DISCREPANCY,39,4,,102.604485,135.23123,199.94565,199.72063,199.99881,199.99655,1.1474021e-05,6.1203e-06
FROM_STORAGE,40,4,0.0,45986.203,1648.258,9739.573,2827.288,0.0011100837,24.949987,17.237448,1.8630825
FROM_CONSTANT_HEAD,40,4,0.0,0.0,0.0,0.0,0.0,0.0,0.0,0.0,0.0
FROM_WELLS,40,4,0.0,4777.7715,18.260052,1438.9762,8504.589,0.0,0.0,77.06712,1081.1698
FROM_HEAD_DEP_BOUNDS,40,4,0.0,0.0,0.0,0.0,0.0,0.0,0.0,0.0,0.0
FROM_RECHARGE,40,4,0.0,11435.957,1631.3204,4484.366,15251.537,1894.4105,2240.9023,1178.2632,2905.9722
FROM_STREAM_LEAKAGE,40,4,0.0,3500.0,1100.0,33299.91,3119.7043,36.521347,16.351604,0.0,0.0
FROM_STREAM_FLOW_OUT,40,4,0.0,173263.03,26465.953,803413060.0,119855020.0,2831847000.0,9008632000.0,0.0,0.0
FROM_ZONE_0,40,4,0.0,0.0,0.0,0.0,0.0,0.0,0.0,0.0,0.0
FROM_haweaflat,40,4,0.0,0.0,1359.6942,53457.05,19105.672,0.0,0.0,0.0,0.0
FROM_moraine_top,40,4,0.0,2779.552,0.0,0.0,0.0,0.0,0.0,0.0,0.0
FROM_river_zone,40,4,0.0,10075.188,0.0,0.0,31081.426,0.0,42.302628,65.235954,0.0
FROM_main_terrace,40,4,0.0,884.63025,0.0,264.55264,0.0,6507.0356,67743.69,6232.895,0.0
FROM_sandy_point,40,4,0.0,0.0,0.0,0.0,1680.8306,0.0,44.893925,0.0,0.0
FROM_clutha,40,4,0.0,0.0,0.0,3.3351374,1768.8312,12.864994,0.0,937.46075,0.0
FROM_sub_terrace,40,4,0.0,0.0,0.0,76.16858,439.95746,0.0,7550.95,0.0,0.0
FROM_mangawera,40,4,0.0,0.0,0.0,3698.369,0.0,0.0,0.0,0.0,0.0
TOTAL_IN,40,4,0.0,252702.33,32223.484,803519500.0,119938800.0,2831855400.0,9008709000.0,8508.159,3989.005
TO_STORAGE,40,4,0.0,0.0,0.0001263612,0.0007832175,67.15764,0.0011158695,1.4171494,0.33279172,0.029024154
TO_CONSTANT_HEAD,40,4,0.0,0.0,0.0,0.0,0.0,0.0,0.0,0.0,0.0
TO_WELLS,40,4,0.0,5505.3066,0.0,0.0,445.89493,28.567646,0.0,440.7458,290.60635
TO_HEAD_DEP_BOUNDS,40,4,0.0,0.0,2977.5547,0.0,0.0,0.0,0.0,0.0,0.0
TO_RECHARGE,40,4,0.0,0.0,0.0,0.0,0.0,0.0,0.0,0.0,0.0
TO_STREAM_LEAKAGE,40,4,0.0,0.0,0.0,65196.027,1633.3011,6696.405,74940.23,0.0,0.0
TO_STREAM_FLOW_OUT,40,4,0.0,0.0,0.0,0.0,0.0,0.0,0.0,0.0,0.0
TO_ZONE_0,40,4,0.0,0.0,0.0,0.0,0.0,0.0,0.0,0.0,0.0
TO_haweaflat,40,4,0.0,0.0,2779.552,10075.188,884.63025,0.0,0.0,0.0,0.0
TO_moraine_top,40,4,0.0,1359.6942,0.0,0.0,0.0,0.0,0.0,0.0,0.0
TO_river_zone,40,4,0.0,53457.05,0.0,0.0,264.55264,0.0,3.3351374,76.16858,3698.369
TO_main_terrace,40,4,0.0,19105.672,0.0,31081.426,0.0,1680.8306,1768.8312,439.95746,0.0
TO_sandy_point,40,4,0.0,0.0,0.0,0.0,6507.0356,0.0,12.864994,0.0,0.0
TO_clutha,40,4,0.0,0.0,0.0,42.302628,67743.69,44.893925,0.0,7550.95,0.0
TO_sub_terrace,40,4,0.0,0.0,0.0,65.235954,6232.895,0.0,937.46075,0.0,0.0
TO_mangawera,40,4,0.0,0.0,0.0,0.0,0.0,0.0,0.0,0.0,0.0
TOTAL_OUT,40,4,0.0,79427.72,5757.107,106460.18,83779.16,8450.698,77664.13,8508.155,3989.0044
IN-OUT,40,4,0.0,173274.61,26466.377,803413060.0,119855020.0,2831847000.0,9008631000.0,0.00390625,0.00048828125
PERCENT_DISCREPANCY,40,4,,104.341415,139.3679,199.94702,199.7208,199.99881,199.99655,4.5911824e-05,1.2240679e-05
FROM_STORAGE,41,4,0.0,43391.887,1299.7675,9245.907,2982.948,0.0011095997,27.965849,18.932072,1.8399938
FROM_CONSTANT_HEAD,41,4,0.0,0.0,0.0,0.0,0.0,0.0,0.0,0.0,0.0
FROM_WELLS,41,4,0.0,4777.7715,18.260052,1438.9762,8504.589,0.0,0.0,77.06712,1081.1698
FROM_HEAD_DEP_BOUNDS,41,4,0.0,0.0,0.0,0.0,0.0,0.0,0.0,0.0,0.0
FROM_RECHARGE,41,4,0.0,11435.957,1631.3204,4484.366,15251.537,1894.4105,2240.9023,1178.2632,2905.9722
FROM_STREAM_LEAKAGE,41,4,0.0,3500.0,1100.0,33635.523,3119.7043,36.521347,16.351604,0.0,0.0
FROM_STREAM_FLOW_OUT,41,4,0.0,173263.03,26465.953,803047550.0,119849120.0,2831845400.0,9008613000.0,0.0,0.0
FROM_ZONE_0,41,4,0.0,0.0,0.0,0.0,0.0,0.0,0.0,0.0,0.0
FROM_haweaflat,41,4,0.0,0.0,1358.2263,51253.855,18882.256,0.0,0.0,0.0,0.0
FROM_moraine_top,41,4,0.0,2717.014,0.0,0.0,0.0,0.0,0.0,0.0,0.0
FROM_river_zone,41,4,0.0,10305.337,0.0,0.0,31102.797,0.0,42.30262,65.2709,0.0
FROM_main_terrace,41,4,0.0,882.6024,0.0,263.05167,0.0,6507.0356,67716.125,6228.5566,0.0
FROM_sandy_point,41,4,0.0,0.0,0.0,0.0,1680.8306,0.0,44.893925,0.0,0.0
FROM_clutha,41,4,0.0,0.0,0.0,3.3351414,1766.3126,12.864994,0.0,936.8882,0.0
FROM_sub_terrace,41,4,0.0,0.0,0.0,76.06531,440.5462,0.0,7547.345,0.0,0.0
FROM_mangawera,41,4,0.0,0.0,0.0,3698.3489,0.0,0.0,0.0,0.0,0.0
TOTAL_IN,41,4,0.0,250273.61,31873.527,803151700.0,119932850.0,2831853800.0,9008690000.0,8504.979,3988.982
TO_STORAGE,41,4,0.0,0.0,0.00012963804,0.0005041077,54.21648,0.0011163242,1.1496129,0.26946697,0.025740946
TO_CONSTANT_HEAD,41,4,0.0,0.0,0.0,0.0,0.0,0.0,0.0,0.0,0.0
TO_WELLS,41,4,0.0,5505.3066,0.0,0.0,445.89493,28.567646,0.0,440.7458,290.60635
TO_HEAD_DEP_BOUNDS,41,4,0.0,0.0,2690.1934,0.0,0.0,0.0,0.0,0.0,0.0
TO_RECHARGE,41,4,0.0,0.0,0.0,0.0,0.0,0.0,0.0,0.0,0.0
TO_STREAM_LEAKAGE,41,4,0.0,0.0,0.0,62581.582,1633.3011,6696.405,74915.35,0.0,0.0
TO_STREAM_FLOW_OUT,41,4,0.0,0.0,0.0,0.0,0.0,0.0,0.0,0.0,0.0
TO_ZONE_0,41,4,0.0,0.0,0.0,0.0,0.0,0.0,0.0,0.0,0.0
TO_haweaflat,41,4,0.0,0.0,2717.014,10305.337,882.6024,0.0,0.0,0.0,0.0
TO_moraine_top,41,4,0.0,1358.2263,0.0,0.0,0.0,0.0,0.0,0.0,0.0
TO_river_zone,41,4,0.0,51253.855,0.0,0.0,263.05167,0.0,3.3351414,76.06531,3698.3489
TO_main_terrace,41,4,0.0,18882.256,0.0,31102.797,0.0,1680.8306,1766.3126,440.5462,0.0
TO_sandy_point,41,4,0.0,0.0,0.0,0.0,6507.0356,0.0,12.864994,0.0,0.0
TO_clutha,41,4,0.0,0.0,0.0,42.30262,67716.125,44.893925,0.0,7547.345,0.0
TO_sub_terrace,41,4,0.0,0.0,0.0,65.2709,6228.5566,0.0,936.8882,0.0,0.0
TO_mangawera,41,4,0.0,0.0,0.0,0.0,0.0,0.0,0.0,0.0,0.0
TOTAL_OUT,41,4,0.0,76999.65,5407.2075,104097.3,83730.78,8450.698,77635.91,8504.972,3988.981
IN-OUT,41,4,0.0,173273.97,26466.32,803047550.0,119849120.0,2831845400.0,9008612000.0,0.0068359375,0.0009765625
PERCENT_DISCREPANCY,41,4,,105.88947,141.9839,199.94815,199.72095,199.9988,199.99655,8.037576e-05,2.44815e-05
FROM_STORAGE,42,4,0.0,41025.273,1005.0514,8778.73,3127.4954,0.0011096465,30.894548,20.522854,1.8129436
FROM_CONSTANT_HEAD,42,4,0.0,0.0,0.0,0.0,0.0,0.0,0.0,0.0,0.0
FROM_WELLS,42,4,0.0,4777.7715,18.260052,1438.9762,8504.589,0.0,0.0,77.06712,1081.1698
FROM_HEAD_DEP_BOUNDS,42,4,0.0,0.0,0.0,0.0,0.0,0.0,0.0,0.0,0.0
FROM_RECHARGE,42,4,0.0,11435.957,1631.3204,4484.366,15251.537,1894.4105,2240.9023,1178.2632,2905.9722
FROM_STREAM_LEAKAGE,42,4,0.0,3500.0,1100.0,34007.203,3119.7043,36.521347,16.351604,0.0,0.0
FROM_STREAM_FLOW_OUT,42,4,0.0,173263.03,26465.953,802711940.0,119843720.0,2831844400.0,9008598000.0,0.0,0.0
FROM_ZONE_0,42,4,0.0,0.0,0.0,0.0,0.0,0.0,0.0,0.0,0.0
FROM_haweaflat,42,4,0.0,0.0,1315.9269,49250.848,18670.457,0.0,0.0,0.0,0.0
FROM_moraine_top,42,4,0.0,2609.5312,0.0,0.0,0.0,0.0,0.0,0.0,0.0
FROM_river_zone,42,4,0.0,10523.324,0.0,0.0,31125.445,0.0,42.302513,65.306404,0.0
FROM_main_terrace,42,4,0.0,880.53577,0.0,261.4974,0.0,6507.0356,67686.74,6224.1094,0.0
FROM_sandy_point,42,4,0.0,0.0,0.0,0.0,1680.8306,0.0,44.893925,0.0,0.0
FROM_clutha,42,4,0.0,0.0,0.0,3.3351479,1763.7566,12.864994,0.0,936.2874,0.0
FROM_sub_terrace,42,4,0.0,0.0,0.0,75.95463,441.11823,0.0,7543.514,0.0,0.0
FROM_mangawera,42,4,0.0,0.0,0.0,3698.3262,0.0,0.0,0.0,0.0,0.0
TOTAL_IN,42,4,0.0,248015.42,31536.514,802813950.0,119927400.0,2831852800.0,9008675000.0,8501.557,3988.955
TO_STORAGE,42,4,0.0,0.0,0.00015830851,0.00033517534,45.04044,0.0011165951,0.93492556,0.21856721,0.022012625
TO_CONSTANT_HEAD,42,4,0.0,0.0,0.0,0.0,0.0,0.0,0.0,0.0,0.0
TO_WELLS,42,4,0.0,5505.3066,0.0,0.0,445.89493,28.567646,0.0,440.7458,290.60635
TO_HEAD_DEP_BOUNDS,42,4,0.0,0.0,2460.7778,0.0,0.0,0.0,0.0,0.0,0.0
TO_RECHARGE,42,4,0.0,0.0,0.0,0.0,0.0,0.0,0.0,0.0,0.0
TO_STREAM_LEAKAGE,42,4,0.0,0.0,0.0,60240.69,1633.3011,6696.405,74888.555,0.0,0.0
TO_STREAM_FLOW_OUT,42,4,0.0,0.0,0.0,0.0,0.0,0.0,0.0,0.0,0.0
TO_ZONE_0,42,4,0.0,0.0,0.0,0.0,0.0,0.0,0.0,0.0,0.0
TO_haweaflat,42,4,0.0,0.0,2609.5312,10523.324,880.53577,0.0,0.0,0.0,0.0
TO_moraine_top,42,4,0.0,1315.9269,0.0,0.0,0.0,0.0,0.0,0.0,0.0
TO_river_zone,42,4,0.0,49250.848,0.0,0.0,261.4974,0.0,3.3351479,75.95463,3698.3262
TO_main_terrace,42,4,0.0,18670.457,0.0,31125.445,0.0,1680.8306,1763.7566,441.11823,0.0
TO_sandy_point,42,4,0.0,0.0,0.0,0.0,6507.0356,0.0,12.864994,0.0,0.0
TO_clutha,42,4,0.0,0.0,0.0,42.302513,67686.74,44.893925,0.0,7543.514,0.0
TO_sub_terrace,42,4,0.0,0.0,0.0,65.306404,6224.1094,0.0,936.2874,0.0,0.0
TO_mangawera,42,4,0.0,0.0,0.0,0.0,0.0,0.0,0.0,0.0,0.0
TOTAL_OUT,42,4,0.0,74742.54,5070.3096,101997.07,83684.16,8450.698,77605.74,8501.552,3988.9546
IN-OUT,42,4,0.0,173272.88,26466.203,802711940.0,119843710.0,2831844400.0,9008597000.0,0.0048828125,0.00048828125
PERCENT_DISCREPANCY,42,4,,107.37016,144.59709,199.94919,199.72107,199.99881,199.99654,5.7434347e-05,1.2240832e-05
FROM_STORAGE,43,4,0.0,38287.465,832.4404,8343.203,3262.2664,0.0011091571,33.709076,22.004835,1.7805731
FROM_CONSTANT_HEAD,43,4,0.0,0.0,0.0,0.0,0.0,0.0,0.0,0.0,0.0
FROM_WELLS,43,4,0.0,4777.7715,18.260052,1438.9762,8504.589,0.0,0.0,77.06712,1081.1698
FROM_HEAD_DEP_BOUNDS,43,4,0.0,0.0,0.0,0.0,0.0,0.0,0.0,0.0,0.0
FROM_RECHARGE,43,4,0.0,11435.957,1631.3204,4484.366,15251.537,1894.4105,2240.9023,1178.2632,2905.9722
FROM_STREAM_LEAKAGE,43,4,0.0,3500.0,1100.0,34377.51,3119.7043,36.521347,16.351604,0.0,0.0
FROM_STREAM_FLOW_OUT,43,4,0.0,173263.03,26465.953,802400060.0,119838660.0,2831842300.0,9008580000.0,0.0,0.0
FROM_ZONE_0,43,4,0.0,0.0,0.0,0.0,0.0,0.0,0.0,0.0,0.0
FROM_haweaflat,43,4,0.0,0.0,1281.2367,47450.715,18468.709,0.0,0.0,0.0,0.0
FROM_moraine_top,43,4,0.0,2610.546,0.0,0.0,0.0,0.0,0.0,0.0,0.0
FROM_river_zone,43,4,0.0,10782.622,0.0,0.0,31149.215,0.0,42.302254,65.34261,0.0
FROM_main_terrace,43,4,0.0,878.44354,0.0,259.8986,0.0,6507.0356,67655.72,6219.581,0.0
FROM_sandy_point,43,4,0.0,0.0,0.0,0.0,1680.8306,0.0,44.893925,0.0,0.0
FROM_clutha,43,4,0.0,0.0,0.0,3.335152,1761.1826,12.864994,0.0,935.66205,0.0
FROM_sub_terrace,43,4,0.0,0.0,0.0,75.83778,441.6712,0.0,7539.4814,0.0,0.0
FROM_mangawera,43,4,0.0,0.0,0.0,3698.2974,0.0,0.0,0.0,0.0,0.0
TOTAL_IN,43,4,0.0,245535.83,31329.21,802500160.0,119922296.0,2831850800.0,9008656000.0,8497.921,3988.9224
TO_STORAGE,43,4,0.0,0.0,0.00016085713,0.00028605334,39.01338,0.0011170943,0.7617737,0.17855978,0.018005017
TO_CONSTANT_HEAD,43,4,0.0,0.0,0.0,0.0,0.0,0.0,0.0,0.0,0.0
TO_WELLS,43,4,0.0,5063.044,0.0,0.0,445.89493,28.567646,0.0,440.7458,290.60635
TO_HEAD_DEP_BOUNDS,43,4,0.0,0.0,2252.4966,0.0,0.0,0.0,0.0,0.0,0.0
TO_RECHARGE,43,4,0.0,0.0,0.0,0.0,0.0,0.0,0.0,0.0,0.0
TO_STREAM_LEAKAGE,43,4,0.0,0.0,0.0,58090.78,1633.3011,6696.405,74859.64,0.0,0.0
TO_STREAM_FLOW_OUT,43,4,0.0,0.0,0.0,0.0,0.0,0.0,0.0,0.0,0.0
TO_ZONE_0,43,4,0.0,0.0,0.0,0.0,0.0,0.0,0.0,0.0,0.0
TO_haweaflat,43,4,0.0,0.0,2610.546,10782.622,878.44354,0.0,0.0,0.0,0.0
TO_moraine_top,43,4,0.0,1281.2367,0.0,0.0,0.0,0.0,0.0,0.0,0.0
TO_river_zone,43,4,0.0,47450.715,0.0,0.0,259.8986,0.0,3.335152,75.83778,3698.2974
TO_main_terrace,43,4,0.0,18468.709,0.0,31149.215,0.0,1680.8306,1761.1826,441.6712,0.0
TO_sandy_point,43,4,0.0,0.0,0.0,0.0,6507.0356,0.0,12.864994,0.0,0.0
TO_clutha,43,4,0.0,0.0,0.0,42.302254,67655.72,44.893925,0.0,7539.4814,0.0
TO_sub_terrace,43,4,0.0,0.0,0.0,65.34261,6219.581,0.0,935.66205,0.0,0.0
TO_mangawera,43,4,0.0,0.0,0.0,0.0,0.0,0.0,0.0,0.0,0.0
TOTAL_OUT,43,4,0.0,72263.7,4863.043,100130.27,83638.88,8450.698,77573.45,8497.915,3988.9216
IN-OUT,43,4,0.0,173272.12,26466.168,802400000.0,119838660.0,2831842300.0,9008579000.0,0.005859375,0.0007324219
PERCENT_DISCREPANCY,43,4,,109.04492,146.25322,199.95009,199.72122,199.99881,199.99655,6.8950714e-05,1.83614e-05
FROM_STORAGE,44,4,0.0,36160.84,679.7936,7932.205,3380.2527,0.0011087058,36.396027,23.368755,1.7473766
FROM_CONSTANT_HEAD,44,4,0.0,0.0,0.0,0.0,0.0,0.0,0.0,0.0,0.0
FROM_WELLS,44,4,0.0,4777.7715,18.260052,1438.9762,8504.589,0.0,0.0,77.06712,1081.1698
FROM_HEAD_DEP_BOUNDS,44,4,0.0,0.0,0.0,0.0,0.0,0.0,0.0,0.0,0.0
FROM_RECHARGE,44,4,0.0,11435.957,1631.3204,4484.366,15251.537,1894.4105,2240.9023,1178.2632,2905.9722
FROM_STREAM_LEAKAGE,44,4,0.0,3500.0,1100.0,34783.414,3119.7043,36.521347,16.351604,0.0,0.0
FROM_STREAM_FLOW_OUT,44,4,0.0,173263.03,26465.953,802110100.0,119833990.0,2831841300.0,9008566000.0,0.0,0.0
FROM_ZONE_0,44,4,0.0,0.0,0.0,0.0,0.0,0.0,0.0,0.0,0.0
FROM_haweaflat,44,4,0.0,0.0,1285.23,45806.812,18282.486,0.0,0.0,0.0,0.0
FROM_moraine_top,44,4,0.0,2647.4749,0.0,0.0,0.0,0.0,0.0,0.0,0.0
FROM_river_zone,44,4,0.0,11048.26,0.0,0.0,31173.936,0.0,42.301918,65.38229,0.0
FROM_main_terrace,44,4,0.0,876.4072,0.0,258.26373,0.0,6507.0356,67623.234,6214.9907,0.0
FROM_sandy_point,44,4,0.0,0.0,0.0,0.0,1680.8306,0.0,44.893925,0.0,0.0
FROM_clutha,44,4,0.0,0.0,0.0,3.335153,1758.6079,12.864994,0.0,935.0158,0.0
FROM_sub_terrace,44,4,0.0,0.0,0.0,75.71842,442.2035,0.0,7535.2715,0.0,0.0
FROM_mangawera,44,4,0.0,0.0,0.0,3698.2688,0.0,0.0,0.0,0.0,0.0
TOTAL_IN,44,4,0.0,243709.73,31180.559,802208600.0,119917580.0,2831849700.0,9008643000.0,8494.088,3988.8894
TO_STORAGE,44,4,0.0,0.0,0.00015738088,0.00023048665,34.186794,0.0011175404,0.6285083,0.1428794,0.01370467
TO_CONSTANT_HEAD,44,4,0.0,0.0,0.0,0.0,0.0,0.0,0.0,0.0,0.0
TO_WELLS,44,4,0.0,5063.044,0.0,0.0,445.89493,28.567646,0.0,440.7458,290.60635
TO_HEAD_DEP_BOUNDS,44,4,0.0,0.0,2066.954,0.0,0.0,0.0,0.0,0.0,0.0
TO_RECHARGE,44,4,0.0,0.0,0.0,0.0,0.0,0.0,0.0,0.0,0.0
TO_STREAM_LEAKAGE,44,4,0.0,0.0,0.0,56149.707,1633.3344,6696.405,74828.99,0.0,0.0
TO_STREAM_FLOW_OUT,44,4,0.0,0.0,0.0,0.0,0.0,0.0,0.0,0.0,0.0
TO_ZONE_0,44,4,0.0,0.0,0.0,0.0,0.0,0.0,0.0,0.0,0.0
TO_haweaflat,44,4,0.0,0.0,2647.4749,11048.26,876.4072,0.0,0.0,0.0,0.0
TO_moraine_top,44,4,0.0,1285.23,0.0,0.0,0.0,0.0,0.0,0.0,0.0
TO_river_zone,44,4,0.0,45806.812,0.0,0.0,258.26373,0.0,3.335153,75.71842,3698.2688
TO_main_terrace,44,4,0.0,18282.486,0.0,31173.936,0.0,1680.8306,1758.6079,442.2035,0.0
TO_sandy_point,44,4,0.0,0.0,0.0,0.0,6507.0356,0.0,12.864994,0.0,0.0
TO_clutha,44,4,0.0,0.0,0.0,42.301918,67623.234,44.893925,0.0,7535.2715,0.0
TO_sub_terrace,44,4,0.0,0.0,0.0,65.38229,6214.9907,0.0,935.0158,0.0,0.0
TO_mangawera,44,4,0.0,0.0,0.0,0.0,0.0,0.0,0.0,0.0,0.0
TOTAL_OUT,44,4,0.0,70437.57,4714.429,98479.59,83593.35,8450.698,77539.445,8494.082,3988.889
IN-OUT,44,4,0.0,173272.16,26466.129,802110100.0,119833990.0,2831841300.0,9008565000.0,0.005859375,0.00048828125
PERCENT_DISCREPANCY,44,4,,110.31268,147.4642,199.9509,199.72136,199.99881,199.99655,6.8981826e-05,1.2241033e-05
FROM_STORAGE,45,4,0.0,34206.457,540.1777,7530.6875,3482.5693,0.0011082604,38.954468,24.623789,1.7173363
FROM_CONSTANT_HEAD,45,4,0.0,0.0,0.0,0.0,0.0,0.0,0.0,0.0,0.0
FROM_WELLS,45,4,0.0,4777.7715,18.260052,1438.9762,8504.589,0.0,0.0,77.06712,1081.1698
FROM_HEAD_DEP_BOUNDS,45,4,0.0,0.0,0.0,0.0,0.0,0.0,0.0,0.0,0.0
FROM_RECHARGE,45,4,0.0,11435.957,1631.3204,4484.366,15251.537,1894.4105,2240.9023,1178.2632,2905.9722
FROM_STREAM_LEAKAGE,45,4,0.0,3500.0,1100.0,35238.812,3119.7043,36.521347,16.351604,0.0,0.0
FROM_STREAM_FLOW_OUT,45,4,0.0,173263.03,26465.953,801839200.0,119829580.0,2831839200.0,9008550000.0,0.0,0.0
FROM_ZONE_0,45,4,0.0,0.0,0.0,0.0,0.0,0.0,0.0,0.0,0.0
FROM_haweaflat,45,4,0.0,0.0,1286.4326,44304.93,18110.746,0.0,0.0,0.0,0.0
FROM_moraine_top,45,4,0.0,2667.2812,0.0,0.0,0.0,0.0,0.0,0.0,0.0
FROM_river_zone,45,4,0.0,11311.779,0.0,0.0,31199.492,0.0,42.301514,65.467285,0.0
FROM_main_terrace,45,4,0.0,874.43945,0.0,256.59805,0.0,6507.0356,67589.46,6210.3535,0.0
FROM_sandy_point,45,4,0.0,0.0,0.0,0.0,1680.8306,0.0,44.893925,0.0,0.0
FROM_clutha,45,4,0.0,0.0,0.0,3.3351517,1756.0454,12.864994,0.0,934.3512,0.0
FROM_sub_terrace,45,4,0.0,0.0,0.0,75.642075,442.71213,0.0,7530.9043,0.0,0.0
FROM_mangawera,45,4,0.0,0.0,0.0,3698.2434,0.0,0.0,0.0,0.0,0.0
TOTAL_IN,45,4,0.0,242036.72,31042.145,801936260.0,119913140.0,2831847700.0,9008627000.0,8490.126,3988.8594
TO_STORAGE,45,4,0.0,0.0,0.00015859178,0.00022336855,30.242477,0.0011180157,0.53778934,0.11631417,0.009257972
TO_CONSTANT_HEAD,45,4,0.0,0.0,0.0,0.0,0.0,0.0,0.0,0.0,0.0
TO_WELLS,45,4,0.0,5063.044,0.0,0.0,445.89493,28.567646,0.0,440.7458,290.60635
TO_HEAD_DEP_BOUNDS,45,4,0.0,0.0,1908.7734,0.0,0.0,0.0,0.0,0.0,0.0
TO_RECHARGE,45,4,0.0,0.0,0.0,0.0,0.0,0.0,0.0,0.0,0.0
TO_STREAM_LEAKAGE,45,4,0.0,0.0,0.0,54411.03,1633.3344,6696.405,74796.66,0.0,0.0
TO_STREAM_FLOW_OUT,45,4,0.0,0.0,0.0,0.0,0.0,0.0,0.0,0.0,0.0
TO_ZONE_0,45,4,0.0,0.0,0.0,0.0,0.0,0.0,0.0,0.0,0.0
TO_haweaflat,45,4,0.0,0.0,2667.2812,11311.779,874.43945,0.0,0.0,0.0,0.0
TO_moraine_top,45,4,0.0,1286.4326,0.0,0.0,0.0,0.0,0.0,0.0,0.0
TO_river_zone,45,4,0.0,44304.93,0.0,0.0,256.59805,0.0,3.3351517,75.642075,3698.2434
TO_main_terrace,45,4,0.0,18110.746,0.0,31199.492,0.0,1680.8306,1756.0454,442.71213,0.0
TO_sandy_point,45,4,0.0,0.0,0.0,0.0,6507.0356,0.0,12.864994,0.0,0.0
TO_clutha,45,4,0.0,0.0,0.0,42.301514,67589.46,44.893925,0.0,7530.9043,0.0
TO_sub_terrace,45,4,0.0,0.0,0.0,65.467285,6210.3535,0.0,934.3512,0.0,0.0
TO_mangawera,45,4,0.0,0.0,0.0,0.0,0.0,0.0,0.0,0.0,0.0
TOTAL_OUT,45,4,0.0,68765.16,4576.0547,97030.08,83547.36,8450.698,77503.8,8490.121,3988.859
IN-OUT,45,4,0.0,173271.56,26466.09,801839200.0,119829590.0,2831839200.0,9008549000.0,0.0048828125,0.00048828125
PERCENT_DISCREPANCY,45,4,,111.49969,148.60992,199.95161,199.72151,199.99883,199.99655,5.7511683e-05,1.2241126e-05
FROM_STORAGE,46,4,0.0,32385.646,425.68198,7153.387,3574.476,0.0011079387,41.36612,25.764622,1.6890811
FROM_CONSTANT_HEAD,46,4,0.0,0.0,0.0,0.0,0.0,0.0,0.0,0.0,0.0
FROM_WELLS,46,4,0.0,4777.7715,18.260052,1438.9762,8504.589,0.0,0.0,77.06712,1081.1698
FROM_HEAD_DEP_BOUNDS,46,4,0.0,0.0,0.0,0.0,0.0,0.0,0.0,0.0,0.0
FROM_RECHARGE,46,4,0.0,11435.957,1631.3204,4484.366,15251.537,1894.4105,2240.9023,1178.2632,2905.9722
FROM_STREAM_LEAKAGE,46,4,0.0,3500.0,1100.0,35698.477,3119.7043,36.521347,16.351604,0.0,0.0
FROM_STREAM_FLOW_OUT,46,4,0.0,173263.03,26465.953,801586400.0,119825496.0,2831838200.0,9008538000.0,0.0,0.0
FROM_ZONE_0,46,4,0.0,0.0,0.0,0.0,0.0,0.0,0.0,0.0,0.0
FROM_haweaflat,46,4,0.0,0.0,1268.0508,42922.234,17948.053,0.0,0.0,0.0,0.0
FROM_moraine_top,46,4,0.0,2664.308,0.0,0.0,0.0,0.0,0.0,0.0,0.0
FROM_river_zone,46,4,0.0,11573.36,0.0,0.0,31225.73,0.0,42.30106,65.56813,0.0
FROM_main_terrace,46,4,0.0,872.53357,0.0,254.90971,0.0,6507.0356,67554.58,6205.689,0.0
FROM_sandy_point,46,4,0.0,0.0,0.0,0.0,1680.8306,0.0,44.893925,0.0,0.0
FROM_clutha,46,4,0.0,0.0,0.0,3.3351479,1753.5095,12.864994,0.0,933.672,0.0
FROM_sub_terrace,46,4,0.0,0.0,0.0,75.577774,443.1979,0.0,7526.404,0.0,0.0
FROM_mangawera,46,4,0.0,0.0,0.0,3698.219,0.0,0.0,0.0,0.0,0.0
TOTAL_IN,46,4,0.0,240472.61,30909.266,801682200.0,119908990.0,2831846700.0,9008614000.0,8486.024,3988.831
TO_STORAGE,46,4,0.0,0.0,0.00014586866,0.00021832227,26.759714,0.0011183771,0.47578406,0.0919792,0.005055307
TO_CONSTANT_HEAD,46,4,0.0,0.0,0.0,0.0,0.0,0.0,0.0,0.0,0.0
TO_WELLS,46,4,0.0,5063.044,0.0,0.0,445.89493,28.567646,0.0,440.7458,290.60635
TO_HEAD_DEP_BOUNDS,46,4,0.0,0.0,1778.9023,0.0,0.0,0.0,0.0,0.0,0.0
TO_RECHARGE,46,4,0.0,0.0,0.0,0.0,0.0,0.0,0.0,0.0,0.0
TO_STREAM_LEAKAGE,46,4,0.0,0.0,0.0,52821.094,1633.3344,6696.405,74762.93,0.0,0.0
TO_STREAM_FLOW_OUT,46,4,0.0,0.0,0.0,0.0,0.0,0.0,0.0,0.0,0.0
TO_ZONE_0,46,4,0.0,0.0,0.0,0.0,0.0,0.0,0.0,0.0,0.0
TO_haweaflat,46,4,0.0,0.0,2664.308,11573.36,872.53357,0.0,0.0,0.0,0.0
TO_moraine_top,46,4,0.0,1268.0508,0.0,0.0,0.0,0.0,0.0,0.0,0.0
TO_river_zone,46,4,0.0,42922.234,0.0,0.0,254.90971,0.0,3.3351479,75.577774,3698.219
TO_main_terrace,46,4,0.0,17948.053,0.0,31225.73,0.0,1680.8306,1753.5095,443.1979,0.0
TO_sandy_point,46,4,0.0,0.0,0.0,0.0,6507.0356,0.0,12.864994,0.0,0.0
TO_clutha,46,4,0.0,0.0,0.0,42.30106,67554.58,44.893925,0.0,7526.404,0.0
TO_sub_terrace,46,4,0.0,0.0,0.0,65.56813,6205.689,0.0,933.672,0.0,0.0
TO_mangawera,46,4,0.0,0.0,0.0,0.0,0.0,0.0,0.0,0.0,0.0
TOTAL_OUT,46,4,0.0,67201.38,4443.2104,95728.06,83500.734,8450.698,77466.79,8486.018,3988.8303
IN-OUT,46,4,0.0,173271.22,26466.055,801586400.0,119825490.0,2831838200.0,9008537000.0,0.0068359375,0.0007324219
PERCENT_DISCREPANCY,46,4,,112.632996,149.72675,199.95224,199.72163,199.9988,199.99655,8.055527e-05,1.836182e-05
FROM_STORAGE,47,4,0.0,30289.402,340.68817,6755.611,3651.713,0.0011075628,43.62124,26.79638,1.6622717
FROM_CONSTANT_HEAD,47,4,0.0,0.0,0.0,0.0,0.0,0.0,0.0,0.0,0.0
FROM_WELLS,47,4,0.0,4777.7715,18.260052,1438.9762,8504.589,0.0,0.0,77.06712,1081.1698
FROM_HEAD_DEP_BOUNDS,47,4,0.0,0.0,1.7963867,0.0,0.0,0.0,0.0,0.0,0.0
FROM_RECHARGE,47,4,0.0,11435.957,1631.3204,4484.366,15251.537,1894.4105,2240.9023,1178.2632,2905.9722
FROM_STREAM_LEAKAGE,47,4,0.0,3500.0,1100.0,36135.06,3119.7043,36.521347,16.351604,0.0,0.0
FROM_STREAM_FLOW_OUT,47,4,0.0,173263.03,26465.953,801352900.0,119821704.0,2831836400.0,9008523000.0,0.0,0.0
FROM_ZONE_0,47,4,0.0,0.0,0.0,0.0,0.0,0.0,0.0,0.0,0.0
FROM_haweaflat,47,4,0.0,0.0,1247.7454,41692.16,17798.996,0.0,0.0,0.0,0.0
FROM_moraine_top,47,4,0.0,2668.3738,0.0,0.0,0.0,0.0,0.0,0.0,0.0
FROM_river_zone,47,4,0.0,11811.14,0.0,0.0,31252.562,0.0,42.300476,65.67003,0.0
FROM_main_terrace,47,4,0.0,870.76746,0.0,253.2042,0.0,6507.0356,67518.734,6201.0103,0.0
FROM_sandy_point,47,4,0.0,0.0,0.0,0.0,1680.8306,0.0,44.893925,0.0,0.0
FROM_clutha,47,4,0.0,0.0,0.0,3.3351417,1751.0096,12.864994,0.0,932.9806,0.0
FROM_sub_terrace,47,4,0.0,0.0,0.0,75.51064,443.66162,0.0,7521.789,0.0,0.0
FROM_mangawera,47,4,0.0,0.0,0.0,3698.1953,0.0,0.0,0.0,0.0,0.0
TOTAL_IN,47,4,0.0,238616.44,30805.764,801447400.0,119905160.0,2831844900.0,9008600000.0,8481.788,3988.8042
TO_STORAGE,47,4,0.0,0.0,0.00016324663,0.00020271302,23.690348,0.001118621,0.43342206,0.07292449,0.0020042278
TO_CONSTANT_HEAD,47,4,0.0,0.0,0.0,0.0,0.0,0.0,0.0,0.0,0.0
TO_WELLS,47,4,0.0,4606.829,0.0,0.0,445.89493,28.567646,0.0,440.7458,290.60635
TO_HEAD_DEP_BOUNDS,47,4,0.0,0.0,1671.355,0.0,0.0,0.0,0.0,0.0,0.0
TO_RECHARGE,47,4,0.0,0.0,0.0,0.0,0.0,0.0,0.0,0.0,0.0
TO_STREAM_LEAKAGE,47,4,0.0,0.0,0.0,51363.188,1633.3676,6696.405,74728.06,0.0,0.0
TO_STREAM_FLOW_OUT,47,4,0.0,0.0,0.0,0.0,0.0,0.0,0.0,0.0,0.0
TO_ZONE_0,47,4,0.0,0.0,0.0,0.0,0.0,0.0,0.0,0.0,0.0
TO_haweaflat,47,4,0.0,0.0,2668.3738,11811.14,870.76746,0.0,0.0,0.0,0.0
TO_moraine_top,47,4,0.0,1247.7454,0.0,0.0,0.0,0.0,0.0,0.0,0.0
TO_river_zone,47,4,0.0,41692.16,0.0,0.0,253.2042,0.0,3.3351417,75.51064,3698.1953
TO_main_terrace,47,4,0.0,17798.996,0.0,31252.562,0.0,1680.8306,1751.0096,443.66162,0.0
TO_sandy_point,47,4,0.0,0.0,0.0,0.0,6507.0356,0.0,12.864994,0.0,0.0
TO_clutha,47,4,0.0,0.0,0.0,42.300476,67518.734,44.893925,0.0,7521.789,0.0
TO_sub_terrace,47,4,0.0,0.0,0.0,65.67003,6201.0103,0.0,932.9806,0.0,0.0
TO_mangawera,47,4,0.0,0.0,0.0,0.0,0.0,0.0,0.0,0.0,0.0
TOTAL_OUT,47,4,0.0,65345.73,4339.729,94534.86,83453.7,8450.698,77428.69,8481.78,3988.8037
IN-OUT,47,4,0.0,173270.7,26466.035,801352900.0,119821704.0,2831836400.0,9008522000.0,0.0078125,0.00048828125
PERCENT_DISCREPANCY,47,4,,114.00807,150.60841,199.95284,199.72179,199.99881,199.99654,9.2109156e-05,1.2241295e-05
FROM_STORAGE,48,4,0.0,28738.736,273.74396,6395.1685,3737.7651,0.0011072822,45.92575,27.847584,1.6429615
FROM_CONSTANT_HEAD,48,4,0.0,0.0,0.0,0.0,0.0,0.0,0.0,0.0,0.0
FROM_WELLS,48,4,0.0,4777.7715,18.260052,1438.9762,8504.589,0.0,0.0,77.06712,1081.1698
FROM_HEAD_DEP_BOUNDS,48,4,0.0,0.0,4.305176,0.0,0.0,0.0,0.0,0.0,0.0
FROM_RECHARGE,48,4,0.0,11435.957,1631.3204,4484.366,15251.537,1894.4105,2240.9023,1178.2632,2905.9722
FROM_STREAM_LEAKAGE,48,4,0.0,3500.0,1100.0,36533.94,3119.7043,36.521347,16.351604,0.0,0.0
FROM_STREAM_FLOW_OUT,48,4,0.0,173263.03,26465.953,801140000.0,119818210.0,2831834000.0,9008509000.0,0.0,0.0
FROM_ZONE_0,48,4,0.0,0.0,0.0,0.0,0.0,0.0,0.0,0.0,0.0
FROM_haweaflat,48,4,0.0,0.0,1227.57,40608.36,17657.918,0.0,0.0,0.0,0.0
FROM_moraine_top,48,4,0.0,2669.2583,0.0,0.0,0.0,0.0,0.0,0.0,0.0
FROM_river_zone,48,4,0.0,12035.761,0.0,0.0,31279.887,0.0,42.299767,65.7725,0.0
FROM_main_terrace,48,4,0.0,869.07446,0.0,251.48817,0.0,6507.0356,67482.06,6196.332,0.0
FROM_sandy_point,48,4,0.0,0.0,0.0,0.0,1680.8306,0.0,44.893925,0.0,0.0
FROM_clutha,48,4,0.0,0.0,0.0,3.3351278,1748.5543,12.864994,0.0,932.27954,0.0
FROM_sub_terrace,48,4,0.0,0.0,0.0,75.44117,444.10196,0.0,7517.079,0.0,0.0
FROM_mangawera,48,4,0.0,0.0,0.0,3698.1687,0.0,0.0,0.0,0.0,0.0
TOTAL_IN,48,4,0.0,237289.61,30721.152,801233500.0,119901640.0,2831842600.0,9008586000.0,8477.562,3988.785
TO_STORAGE,48,4,0.0,0.0,0.000155896,0.00020813366,21.18552,0.00111883,0.40548548,0.057227965,0.0015914771
TO_CONSTANT_HEAD,48,4,0.0,0.0,0.0,0.0,0.0,0.0,0.0,0.0,0.0
TO_WELLS,48,4,0.0,4388.5107,0.0,0.0,445.89493,28.567646,0.0,440.7458,290.60635
TO_HEAD_DEP_BOUNDS,48,4,0.0,0.0,1584.5098,0.0,0.0,0.0,0.0,0.0,0.0
TO_RECHARGE,48,4,0.0,0.0,0.0,0.0,0.0,0.0,0.0,0.0,0.0
TO_STREAM_LEAKAGE,48,4,0.0,0.0,0.0,50033.58,1633.3676,6696.405,74691.945,0.0,0.0
TO_STREAM_FLOW_OUT,48,4,0.0,0.0,0.0,0.0,0.0,0.0,0.0,0.0,0.0
TO_ZONE_0,48,4,0.0,0.0,0.0,0.0,0.0,0.0,0.0,0.0,0.0
TO_haweaflat,48,4,0.0,0.0,2669.2583,12035.761,869.07446,0.0,0.0,0.0,0.0
TO_moraine_top,48,4,0.0,1227.57,0.0,0.0,0.0,0.0,0.0,0.0,0.0
TO_river_zone,48,4,0.0,40608.36,0.0,0.0,251.48817,0.0,3.3351278,75.44117,3698.1687
TO_main_terrace,48,4,0.0,17657.918,0.0,31279.887,0.0,1680.8306,1748.5543,444.10196,0.0
TO_sandy_point,48,4,0.0,0.0,0.0,0.0,6507.0356,0.0,12.864994,0.0,0.0
TO_clutha,48,4,0.0,0.0,0.0,42.299767,67482.06,44.893925,0.0,7517.079,0.0
TO_sub_terrace,48,4,0.0,0.0,0.0,65.7725,6196.332,0.0,932.27954,0.0,0.0
TO_mangawera,48,4,0.0,0.0,0.0,0.0,0.0,0.0,0.0,0.0,0.0
TOTAL_OUT,48,4,0.0,63882.36,4253.768,93457.3,83406.44,8450.698,77389.39,8477.426,3988.7766
IN-OUT,48,4,0.0,173407.25,26467.385,801140030.0,119818230.0,2831834000.0,9008508000.0,0.13574219,0.008300781
PERCENT_DISCREPANCY,48,4,,115.15497,151.35065,199.95335,199.72194,199.99881,199.99654,0.0016012065,0.00020810321
FROM_STORAGE,49,4,0.0,27198.53,221.42357,6020.7803,3781.5693,0.0011069725,47.609676,28.516144,1.6104031
FROM_CONSTANT_HEAD,49,4,0.0,0.0,0.0,0.0,0.0,0.0,0.0,0.0,0.0
FROM_WELLS,49,4,0.0,4777.7715,18.260052,1438.9762,8504.589,0.0,0.0,77.06712,1081.1698
FROM_HEAD_DEP_BOUNDS,49,4,0.0,0.0,6.557129,0.0,0.0,0.0,0.0,0.0,0.0
FROM_RECHARGE,49,4,0.0,11435.957,1631.3204,4484.366,15251.537,1894.4105,2240.9023,1178.2632,2905.9722
FROM_STREAM_LEAKAGE,49,4,0.0,3500.0,1100.0,36921.516,3119.7043,36.521347,16.351604,0.0,0.0
FROM_STREAM_FLOW_OUT,49,4,0.0,173263.03,26465.953,800941400.0,119814960.0,2831832000.0,9008496000.0,0.0,0.0
FROM_ZONE_0,49,4,0.0,0.0,0.0,0.0,0.0,0.0,0.0,0.0,0.0
FROM_haweaflat,49,4,0.0,0.0,1209.094,39594.418,17523.54,0.0,0.0,0.0,0.0
FROM_moraine_top,49,4,0.0,2675.4214,0.0,0.0,0.0,0.0,0.0,0.0,0.0
FROM_river_zone,49,4,0.0,12266.939,0.0,0.0,31307.488,0.0,42.299026,65.874916,0.0
FROM_main_terrace,49,4,0.0,867.6346,0.0,249.77284,0.0,6507.0356,67444.8,6191.7236,0.0
FROM_sandy_point,49,4,0.0,0.0,0.0,0.0,1680.8306,0.0,44.893925,0.0,0.0
FROM_clutha,49,4,0.0,0.0,0.0,3.3351147,1746.1584,12.864994,0.0,931.5731,0.0
FROM_sub_terrace,49,4,0.0,0.0,0.0,75.36954,444.55182,0.0,7512.2993,0.0,0.0
FROM_mangawera,49,4,0.0,0.0,0.0,3698.1443,0.0,0.0,0.0,0.0,0.0
TOTAL_IN,49,4,0.0,235985.28,30652.607,801033900.0,119898310.0,2831840500.0,9008572000.0,8473.018,3988.7524
TO_STORAGE,49,4,0.0,0.0,0.00015754848,0.00023498264,18.772375,0.0011189716,0.37942398,0.043933466,0.0013795592
TO_CONSTANT_HEAD,49,4,0.0,0.0,0.0,0.0,0.0,0.0,0.0,0.0,0.0
TO_WELLS,49,4,0.0,4388.5107,0.0,0.0,445.89493,28.567646,0.0,440.7458,290.60635
TO_HEAD_DEP_BOUNDS,49,4,0.0,0.0,1511.1836,0.0,0.0,0.0,0.0,0.0,0.0
TO_RECHARGE,49,4,0.0,0.0,0.0,0.0,0.0,0.0,0.0,0.0,0.0
TO_STREAM_LEAKAGE,49,4,0.0,0.0,0.0,48802.773,1633.4008,6696.405,74654.95,0.0,0.0
TO_STREAM_FLOW_OUT,49,4,0.0,0.0,0.0,0.0,0.0,0.0,0.0,0.0,0.0
TO_ZONE_0,49,4,0.0,0.0,0.0,0.0,0.0,0.0,0.0,0.0,0.0
TO_haweaflat,49,4,0.0,0.0,2675.4214,12266.939,867.6346,0.0,0.0,0.0,0.0
TO_moraine_top,49,4,0.0,1209.094,0.0,0.0,0.0,0.0,0.0,0.0,0.0
TO_river_zone,49,4,0.0,39594.418,0.0,0.0,249.77284,0.0,3.3351147,75.36954,3698.1443
TO_main_terrace,49,4,0.0,17523.54,0.0,31307.488,0.0,1680.8306,1746.1584,444.55182,0.0
TO_sandy_point,49,4,0.0,0.0,0.0,0.0,6507.0356,0.0,12.864994,0.0,0.0
TO_clutha,49,4,0.0,0.0,0.0,42.299026,67444.8,44.893925,0.0,7512.2993,0.0
TO_sub_terrace,49,4,0.0,0.0,0.0,65.874916,6191.7236,0.0,931.5731,0.0,0.0
TO_mangawera,49,4,0.0,0.0,0.0,0.0,0.0,0.0,0.0,0.0,0.0
TOTAL_OUT,49,4,0.0,62715.562,4186.605,92485.375,83359.04,8450.698,77349.266,8473.011,3988.752
IN-OUT,49,4,0.0,173269.72,26466.002,800941440.0,119814950.0,2831832000.0,9008495000.0,0.0068359375,0.00048828125
PERCENT_DISCREPANCY,49,4,,116.01556,151.93227,199.95383,199.72209,199.99881,199.99655,8.067894e-05,1.2241454e-05
FROM_STORAGE,50,4,0.0,25740.932,183.42422,5725.02,3851.7107,0.0011067538,49.54662,29.332514,1.5957285
FROM_CONSTANT_HEAD,50,4,0.0,0.0,0.0,0.0,0.0,0.0,0.0,0.0,0.0
FROM_WELLS,50,4,0.0,4777.7715,18.260052,1438.9762,8504.589,0.0,0.0,77.06712,1081.1698
FROM_HEAD_DEP_BOUNDS,50,4,0.0,0.0,8.879883,0.0,0.0,0.0,0.0,0.0,0.0
FROM_RECHARGE,50,4,0.0,11435.957,1631.3204,4484.366,15251.537,1894.4105,2240.9023,1178.2632,2905.9722
FROM_STREAM_LEAKAGE,50,4,0.0,3500.0,1100.0,37330.047,3119.7043,36.521347,16.351604,0.0,0.0
FROM_STREAM_FLOW_OUT,50,4,0.0,173263.03,26465.953,800755260.0,119811910.0,2831829800.0,9008483000.0,0.0,0.0
FROM_ZONE_0,50,4,0.0,0.0,0.0,0.0,0.0,0.0,0.0,0.0,0.0
FROM_haweaflat,50,4,0.0,0.0,1195.0688,38653.06,17398.578,0.0,0.0,0.0,0.0
FROM_moraine_top,50,4,0.0,2687.1455,0.0,0.0,0.0,0.0,0.0,0.0,0.0
FROM_river_zone,50,4,0.0,12486.469,0.0,0.0,31335.246,0.0,42.298172,65.9769,0.0
FROM_main_terrace,50,4,0.0,866.56726,0.0,248.06425,0.0,6507.0356,67407.09,6187.1626,0.0
FROM_sandy_point,50,4,0.0,0.0,0.0,0.0,1680.8306,0.0,44.893925,0.0,0.0
FROM_clutha,50,4,0.0,0.0,0.0,3.3350961,1743.8322,12.864994,0.0,930.86456,0.0
FROM_sub_terrace,50,4,0.0,0.0,0.0,75.29635,444.9719,0.0,7507.4756,0.0,0.0
FROM_mangawera,50,4,0.0,0.0,0.0,3698.1218,0.0,0.0,0.0,0.0,0.0
TOTAL_IN,50,4,0.0,234757.86,30602.906,800846900.0,119895250.0,2831838200.0,9008560000.0,8468.667,3988.7378
TO_STORAGE,50,4,0.0,0.0,0.00019259026,0.00023544653,16.723217,0.0011195359,0.36077017,0.0319401,0.0013103911
TO_CONSTANT_HEAD,50,4,0.0,0.0,0.0,0.0,0.0,0.0,0.0,0.0,0.0
TO_WELLS,50,4,0.0,4119.5796,0.0,0.0,445.89493,28.567646,0.0,440.7458,290.60635
TO_HEAD_DEP_BOUNDS,50,4,0.0,0.0,1448.8525,0.0,0.0,0.0,0.0,0.0,0.0
TO_RECHARGE,50,4,0.0,0.0,0.0,0.0,0.0,0.0,0.0,0.0,0.0
TO_STREAM_LEAKAGE,50,4,0.0,0.0,0.0,47697.453,1633.4008,6696.405,74617.14,0.0,0.0
TO_STREAM_FLOW_OUT,50,4,0.0,0.0,0.0,0.0,0.0,0.0,0.0,0.0,0.0
TO_ZONE_0,50,4,0.0,0.0,0.0,0.0,0.0,0.0,0.0,0.0,0.0
TO_haweaflat,50,4,0.0,0.0,2687.1455,12486.469,866.56726,0.0,0.0,0.0,0.0
TO_moraine_top,50,4,0.0,1195.0688,0.0,0.0,0.0,0.0,0.0,0.0,0.0
TO_river_zone,50,4,0.0,38653.06,0.0,0.0,248.06425,0.0,3.3350961,75.29635,3698.1218
TO_main_terrace,50,4,0.0,17398.578,0.0,31335.246,0.0,1680.8306,1743.8322,444.9719,0.0
TO_sandy_point,50,4,0.0,0.0,0.0,0.0,6507.0356,0.0,12.864994,0.0,0.0
TO_clutha,50,4,0.0,0.0,0.0,42.298172,67407.09,44.893925,0.0,7507.4756,0.0
TO_sub_terrace,50,4,0.0,0.0,0.0,65.9769,6187.1626,0.0,930.86456,0.0,0.0
TO_mangawera,50,4,0.0,0.0,0.0,0.0,0.0,0.0,0.0,0.0,0.0
TOTAL_OUT,50,4,0.0,61366.285,4135.998,91627.445,83311.945,8450.698,77308.41,8468.521,3988.7295
IN-OUT,50,4,0.0,173391.58,26466.908,800755260.0,119811940.0,2831829800.0,9008483000.0,0.14550781,0.008300781
PERCENT_DISCREPANCY,50,4,,117.10735,152.37617,199.95424,199.72224,199.99881,199.9966,0.0017182052,0.00020810567
FROM_STORAGE,51,4,0.0,24499.635,151.89487,5423.4976,3896.011,0.0011063479,51.069996,29.902342,1.5750713
FROM_CONSTANT_HEAD,51,4,0.0,0.0,0.0,0.0,0.0,0.0,0.0,0.0,0.0
FROM_WELLS,51,4,0.0,4777.7715,18.260052,1438.9762,8504.589,0.0,0.0,77.06712,1081.1698
FROM_HEAD_DEP_BOUNDS,51,4,0.0,0.0,11.830078,0.0,0.0,0.0,0.0,0.0,0.0
FROM_RECHARGE,51,4,0.0,11435.957,1631.3204,4484.366,15251.537,1894.4105,2240.9023,1178.2632,2905.9722
FROM_STREAM_LEAKAGE,51,4,0.0,3500.0,1100.0,37716.734,3119.7043,36.521347,16.351604,0.0,0.0
FROM_STREAM_FLOW_OUT,51,4,0.0,173263.03,26465.953,800580740.0,119809050.0,2831827700.0,9008472000.0,0.0,0.0
FROM_ZONE_0,51,4,0.0,0.0,0.0,0.0,0.0,0.0,0.0,0.0,0.0
FROM_haweaflat,51,4,0.0,0.0,1183.9252,37785.95,17281.438,0.0,0.0,0.0,0.0
FROM_moraine_top,51,4,0.0,2700.378,0.0,0.0,0.0,0.0,0.0,0.0,0.0
FROM_river_zone,51,4,0.0,12714.277,0.0,0.0,31363.12,0.0,42.297237,66.0783,0.0
FROM_main_terrace,51,4,0.0,865.7981,0.0,246.36246,0.0,6507.0356,67369.01,6182.6494,0.0
FROM_sandy_point,51,4,0.0,0.0,0.0,0.0,1680.8306,0.0,44.893925,0.0,0.0
FROM_clutha,51,4,0.0,0.0,0.0,3.335077,1741.5774,12.864994,0.0,930.1544,0.0
FROM_sub_terrace,51,4,0.0,0.0,0.0,75.221535,445.36496,0.0,7502.611,0.0,0.0
FROM_mangawera,51,4,0.0,0.0,0.0,3698.1016,0.0,0.0,0.0,0.0,0.0
TOTAL_IN,51,4,0.0,233756.84,30563.184,800671600.0,119892330.0,2831836200.0,9008549000.0,8464.115,3988.717
TO_STORAGE,51,4,0.0,0.0,0.00017371413,0.00022222547,14.7165,0.0011198623,0.3432087,0.022301272,0.0012218186
TO_CONSTANT_HEAD,51,4,0.0,0.0,0.0,0.0,0.0,0.0,0.0,0.0,0.0
TO_WELLS,51,4,0.0,4119.5796,0.0,0.0,445.89493,28.567646,0.0,440.7458,290.60635
TO_HEAD_DEP_BOUNDS,51,4,0.0,0.0,1396.0688,0.0,0.0,0.0,0.0,0.0,0.0
TO_RECHARGE,51,4,0.0,0.0,0.0,0.0,0.0,0.0,0.0,0.0,0.0
TO_STREAM_LEAKAGE,51,4,0.0,0.0,0.0,46659.24,1633.4338,6696.405,74578.66,0.0,0.0
TO_STREAM_FLOW_OUT,51,4,0.0,0.0,0.0,0.0,0.0,0.0,0.0,0.0,0.0
TO_ZONE_0,51,4,0.0,0.0,0.0,0.0,0.0,0.0,0.0,0.0,0.0
TO_haweaflat,51,4,0.0,0.0,2700.378,12714.277,865.7981,0.0,0.0,0.0,0.0
TO_moraine_top,51,4,0.0,1183.9252,0.0,0.0,0.0,0.0,0.0,0.0,0.0
TO_river_zone,51,4,0.0,37785.95,0.0,0.0,246.36246,0.0,3.335077,75.221535,3698.1016
TO_main_terrace,51,4,0.0,17281.438,0.0,31363.12,0.0,1680.8306,1741.5774,445.36496,0.0
TO_sandy_point,51,4,0.0,0.0,0.0,0.0,6507.0356,0.0,12.864994,0.0,0.0
TO_clutha,51,4,0.0,0.0,0.0,42.297237,67369.01,44.893925,0.0,7502.611,0.0
TO_sub_terrace,51,4,0.0,0.0,0.0,66.0783,6182.6494,0.0,930.1544,0.0,0.0
TO_mangawera,51,4,0.0,0.0,0.0,0.0,0.0,0.0,0.0,0.0,0.0
TOTAL_OUT,51,4,0.0,60370.89,4096.447,90845.01,83264.9,8450.698,77266.94,8463.966,3988.7092
IN-OUT,51,4,0.0,173385.95,26466.736,800580800.0,119809064.0,2831827700.0,9008472000.0,0.14941406,0.0078125
PERCENT_DISCREPANCY,51,4,,117.8984,152.72372,199.95464,199.7224,199.9988,199.9966,0.0017652805,0.00019586517
FROM_STORAGE,52,4,0.0,23332.746,126.61479,5136.7515,3934.2913,0.0011059908,52.409187,30.369593,1.5559204
FROM_CONSTANT_HEAD,52,4,0.0,0.0,0.0,0.0,0.0,0.0,0.0,0.0,0.0
FROM_WELLS,52,4,0.0,4777.7715,18.260052,1438.9762,8504.589,0.0,0.0,77.06712,1081.1698
FROM_HEAD_DEP_BOUNDS,52,4,0.0,0.0,15.803223,0.0,0.0,0.0,0.0,0.0,0.0
FROM_RECHARGE,52,4,0.0,11435.957,1631.3204,4484.366,15251.537,1894.4105,2240.9023,1178.2632,2905.9722
FROM_STREAM_LEAKAGE,52,4,0.0,3500.0,1100.0,38097.125,3119.7043,36.521347,16.351604,0.0,0.0
FROM_STREAM_FLOW_OUT,52,4,0.0,173263.03,26465.953,800416000.0,119806340.0,2831826000.0,9008460000.0,0.0,0.0
FROM_ZONE_0,52,4,0.0,0.0,0.0,0.0,0.0,0.0,0.0,0.0,0.0
FROM_haweaflat,52,4,0.0,0.0,1175.2521,36973.246,17170.172,0.0,0.0,0.0,0.0
FROM_moraine_top,52,4,0.0,2714.8918,0.0,0.0,0.0,0.0,0.0,0.0,0.0
FROM_river_zone,52,4,0.0,12928.943,0.0,0.0,31391.033,0.0,42.29624,66.17901,0.0
FROM_main_terrace,52,4,0.0,864.9861,0.0,244.671,0.0,6507.0356,67330.664,6178.187,0.0
FROM_sandy_point,52,4,0.0,0.0,0.0,0.0,1680.8306,0.0,44.893925,0.0,0.0
FROM_clutha,52,4,0.0,0.0,0.0,3.3350537,1739.3999,12.864994,0.0,929.44476,0.0
FROM_sub_terrace,52,4,0.0,0.0,0.0,75.145355,445.73114,0.0,7497.7227,0.0,0.0
FROM_mangawera,52,4,0.0,0.0,0.0,3698.0825,0.0,0.0,0.0,0.0,0.0
TOTAL_IN,52,4,0.0,232818.31,30533.203,800506200.0,119889570.0,2831834400.0,9008537000.0,8459.511,3988.6978
TO_STORAGE,52,4,0.0,0.0,0.0001434908,0.00020854491,12.915251,0.001120196,0.32355407,0.014465411,0.0011309914
TO_CONSTANT_HEAD,52,4,0.0,0.0,0.0,0.0,0.0,0.0,0.0,0.0,0.0
TO_WELLS,52,4,0.0,4119.5796,0.0,0.0,445.89493,28.567646,0.0,440.7458,290.60635
TO_HEAD_DEP_BOUNDS,52,4,0.0,0.0,1351.7065,0.0,0.0,0.0,0.0,0.0,0.0
TO_RECHARGE,52,4,0.0,0.0,0.0,0.0,0.0,0.0,0.0,0.0,0.0
TO_STREAM_LEAKAGE,52,4,0.0,0.0,0.0,45697.31,1633.4338,6696.405,74539.516,0.0,0.0
TO_STREAM_FLOW_OUT,52,4,0.0,0.0,0.0,0.0,0.0,0.0,0.0,0.0,0.0
TO_ZONE_0,52,4,0.0,0.0,0.0,0.0,0.0,0.0,0.0,0.0,0.0
TO_haweaflat,52,4,0.0,0.0,2714.8918,12928.943,864.9861,0.0,0.0,0.0,0.0
TO_moraine_top,52,4,0.0,1175.2521,0.0,0.0,0.0,0.0,0.0,0.0,0.0
TO_river_zone,52,4,0.0,36973.246,0.0,0.0,244.671,0.0,3.3350537,75.145355,3698.0825
TO_main_terrace,52,4,0.0,17170.172,0.0,31391.033,0.0,1680.8306,1739.3999,445.73114,0.0
TO_sandy_point,52,4,0.0,0.0,0.0,0.0,6507.0356,0.0,12.864994,0.0,0.0
TO_clutha,52,4,0.0,0.0,0.0,42.29624,67330.664,44.893925,0.0,7497.7227,0.0
TO_sub_terrace,52,4,0.0,0.0,0.0,66.17901,6178.187,0.0,929.44476,0.0,0.0
TO_mangawera,52,4,0.0,0.0,0.0,0.0,0.0,0.0,0.0,0.0,0.0
TOTAL_OUT,52,4,0.0,59438.25,4066.5986,90125.76,83217.79,8450.698,77224.88,8459.359,3988.69
IN-OUT,52,4,0.0,173380.06,26466.605,800416060.0,119806350.0,2831826000.0,9008460000.0,0.15136719,0.0078125
PERCENT_DISCREPANCY,52,4,,118.649216,152.98703,199.95499,199.72255,199.99881,199.9966,0.0017893297,0.00019586612
FROM_STORAGE,53,4,0.0,22260.2,106.19586,4860.983,3953.5793,0.001105651,53.580193,30.746548,1.5378958
FROM_CONSTANT_HEAD,53,4,0.0,0.0,0.0,0.0,0.0,0.0,0.0,0.0,0.0
FROM_WELLS,53,4,0.0,4777.7715,18.260052,1438.9762,8504.589,0.0,0.0,77.06712,1081.1698
FROM_HEAD_DEP_BOUNDS,53,4,0.0,0.0,20.700684,0.0,0.0,0.0,0.0,0.0,0.0
FROM_RECHARGE,53,4,0.0,11435.957,1631.3204,4484.366,15251.537,1894.4105,2240.9023,1178.2632,2905.9722
FROM_STREAM_LEAKAGE,53,4,0.0,3500.0,1100.0,38466.25,3119.7043,36.521347,16.351604,0.0,0.0
FROM_STREAM_FLOW_OUT,53,4,0.0,173263.03,26465.953,800262000.0,119803810.0,2831824000.0,9008450000.0,0.0,0.0
FROM_ZONE_0,53,4,0.0,0.0,0.0,0.0,0.0,0.0,0.0,0.0,0.0
FROM_haweaflat,53,4,0.0,0.0,1168.1445,36229.9,17078.367,0.0,0.0,0.0,0.0
FROM_moraine_top,53,4,0.0,2729.193,0.0,0.0,0.0,0.0,0.0,0.0,0.0
FROM_river_zone,53,4,0.0,13139.591,0.0,0.0,31418.828,0.0,42.295135,66.27842,0.0
FROM_main_terrace,53,4,0.0,864.40674,0.0,242.99683,0.0,6507.0356,67292.28,6173.792,0.0
FROM_sandy_point,53,4,0.0,0.0,0.0,0.0,1680.8306,0.0,44.893925,0.0,0.0
FROM_clutha,53,4,0.0,0.0,0.0,3.3350272,1737.3086,12.864994,0.0,928.739,0.0
FROM_sub_terrace,53,4,0.0,0.0,0.0,75.06846,446.07172,0.0,7492.839,0.0,0.0
FROM_mangawera,53,4,0.0,0.0,0.0,3698.0647,0.0,0.0,0.0,0.0,0.0
TOTAL_IN,53,4,0.0,231970.16,30510.574,800351550.0,119887000.0,2831832300.0,9008526000.0,8454.887,3988.6797
TO_STORAGE,53,4,0.0,0.0,0.00025095767,0.00020297497,11.3466,0.0011205716,0.30743483,0.009010305,0.0010525903
TO_CONSTANT_HEAD,53,4,0.0,0.0,0.0,0.0,0.0,0.0,0.0,0.0,0.0
TO_WELLS,53,4,0.0,4119.5796,0.0,0.0,445.89493,28.567646,0.0,440.7458,290.60635
TO_HEAD_DEP_BOUNDS,53,4,0.0,0.0,1314.8735,0.0,0.0,0.0,0.0,0.0,0.0
TO_RECHARGE,53,4,0.0,0.0,0.0,0.0,0.0,0.0,0.0,0.0,0.0
TO_STREAM_LEAKAGE,53,4,0.0,0.0,0.0,44808.383,1633.467,6696.405,74500.41,0.0,0.0
TO_STREAM_FLOW_OUT,53,4,0.0,0.0,0.0,0.0,0.0,0.0,0.0,0.0,0.0
TO_ZONE_0,53,4,0.0,0.0,0.0,0.0,0.0,0.0,0.0,0.0,0.0
TO_haweaflat,53,4,0.0,0.0,2729.193,13139.591,864.40674,0.0,0.0,0.0,0.0
TO_moraine_top,53,4,0.0,1168.1445,0.0,0.0,0.0,0.0,0.0,0.0,0.0
TO_river_zone,53,4,0.0,36229.9,0.0,0.0,242.99683,0.0,3.3350272,75.06846,3698.0647
TO_main_terrace,53,4,0.0,17078.367,0.0,31418.828,0.0,1680.8306,1737.3086,446.07172,0.0
TO_sandy_point,53,4,0.0,0.0,0.0,0.0,6507.0356,0.0,12.864994,0.0,0.0
TO_clutha,53,4,0.0,0.0,0.0,42.295135,67292.28,44.893925,0.0,7492.839,0.0
TO_sub_terrace,53,4,0.0,0.0,0.0,66.27842,6173.792,0.0,928.739,0.0,0.0
TO_mangawera,53,4,0.0,0.0,0.0,0.0,0.0,0.0,0.0,0.0,0.0
TOTAL_OUT,53,4,0.0,58595.99,4044.067,89475.375,83171.22,8450.698,77182.97,8454.733,3988.672
IN-OUT,53,4,0.0,173374.17,26466.508,800262100.0,119803830.0,2831824000.0,9008450000.0,0.15332031,0.0075683594
PERCENT_DISCREPANCY,53,4,,119.33543,153.18642,199.95529,199.7227,199.99881,199.99658,0.0018134092,0.00018974616
FROM_STORAGE,54,4,0.0,21254.602,90.52258,4594.6353,3979.621,0.0011053861,54.59883,31.048124,1.5205444
FROM_CONSTANT_HEAD,54,4,0.0,0.0,0.0,0.0,0.0,0.0,0.0,0.0,0.0
FROM_WELLS,54,4,0.0,4777.7715,18.260052,1438.9762,8504.589,0.0,0.0,77.06712,1081.1698
FROM_HEAD_DEP_BOUNDS,54,4,0.0,0.0,26.99414,0.0,0.0,0.0,0.0,0.0,0.0
FROM_RECHARGE,54,4,0.0,11435.957,1631.3204,4484.366,15251.537,1894.4105,2240.9023,1178.2632,2905.9722
FROM_STREAM_LEAKAGE,54,4,0.0,3500.0,1100.0,38819.105,3119.7043,36.521347,16.351604,0.0,0.0
FROM_STREAM_FLOW_OUT,54,4,0.0,173263.03,26465.953,800117900.0,119801440.0,2831822000.0,9008439000.0,0.0,0.0
FROM_ZONE_0,54,4,0.0,0.0,0.0,0.0,0.0,0.0,0.0,0.0,0.0
FROM_haweaflat,54,4,0.0,0.0,1163.0094,35543.016,16979.838,0.0,0.0,0.0,0.0
FROM_moraine_top,54,4,0.0,2744.3013,0.0,0.0,0.0,0.0,0.0,0.0,0.0
FROM_river_zone,54,4,0.0,13335.864,0.0,0.0,31446.467,0.0,42.293987,66.37647,0.0
FROM_main_terrace,54,4,0.0,863.5322,0.0,241.34091,0.0,6507.0356,67253.95,6169.4634,0.0
FROM_sandy_point,54,4,0.0,0.0,0.0,0.0,1680.8306,0.0,44.893925,0.0,0.0
FROM_clutha,54,4,0.0,0.0,0.0,3.3349988,1735.3031,12.864994,0.0,928.0385,0.0
FROM_sub_terrace,54,4,0.0,0.0,0.0,74.99098,446.3902,0.0,7487.97,0.0,0.0
FROM_mangawera,54,4,0.0,0.0,0.0,3698.0476,0.0,0.0,0.0,0.0,0.0
TOTAL_IN,54,4,0.0,231175.05,30496.06,800206800.0,119884584.0,2831830500.0,9008516000.0,8450.257,3988.6626
TO_STORAGE,54,4,0.0,0.0,0.00025638976,0.00020437172,9.840064,0.0011210425,0.290257,0.005192666,0.001027116
TO_CONSTANT_HEAD,54,4,0.0,0.0,0.0,0.0,0.0,0.0,0.0,0.0,0.0
TO_WELLS,54,4,0.0,4119.5796,0.0,0.0,445.89493,28.567646,0.0,440.7458,290.60635
TO_HEAD_DEP_BOUNDS,54,4,0.0,0.0,1285.3335,0.0,0.0,0.0,0.0,0.0,0.0
TO_RECHARGE,54,4,0.0,0.0,0.0,0.0,0.0,0.0,0.0,0.0,0.0
TO_STREAM_LEAKAGE,54,4,0.0,0.0,0.0,43983.812,1633.5002,6696.405,74460.96,0.0,0.0
TO_STREAM_FLOW_OUT,54,4,0.0,0.0,0.0,0.0,0.0,0.0,0.0,0.0,0.0
TO_ZONE_0,54,4,0.0,0.0,0.0,0.0,0.0,0.0,0.0,0.0,0.0
TO_haweaflat,54,4,0.0,0.0,2744.3013,13335.864,863.5322,0.0,0.0,0.0,0.0
TO_moraine_top,54,4,0.0,1163.0094,0.0,0.0,0.0,0.0,0.0,0.0,0.0
TO_river_zone,54,4,0.0,35543.016,0.0,0.0,241.34091,0.0,3.3349988,74.99098,3698.0476
TO_main_terrace,54,4,0.0,16979.838,0.0,31446.467,0.0,1680.8306,1735.3031,446.3902,0.0
TO_sandy_point,54,4,0.0,0.0,0.0,0.0,6507.0356,0.0,12.864994,0.0,0.0
TO_clutha,54,4,0.0,0.0,0.0,42.293987,67253.95,44.893925,0.0,7487.97,0.0
TO_sub_terrace,54,4,0.0,0.0,0.0,66.37647,6169.4634,0.0,928.0385,0.0,0.0
TO_mangawera,54,4,0.0,0.0,0.0,0.0,0.0,0.0,0.0,0.0,0.0
TOTAL_OUT,54,4,0.0,57805.445,4029.635,88874.81,83124.555,8450.698,77140.8,8450.103,3988.655
IN-OUT,54,4,0.0,173369.6,26466.426,800117900.0,119801460.0,2831822000.0,9008439000.0,0.15429688,0.0075683594
PERCENT_DISCREPANCY,54,4,,119.98706,153.31436,199.95557,199.72284,199.99881,199.9966,0.0018259597,0.00018974698
FROM_STORAGE,55,4,0.0,20305.809,77.84568,4345.3535,4002.9675,0.001105009,55.488495,31.290213,1.5037941
FROM_CONSTANT_HEAD,55,4,0.0,0.0,0.0,0.0,0.0,0.0,0.0,0.0,0.0
FROM_WELLS,55,4,0.0,4777.7715,18.260052,1438.9762,8504.589,0.0,0.0,77.06712,1081.1698
FROM_HEAD_DEP_BOUNDS,55,4,0.0,0.0,34.172363,0.0,0.0,0.0,0.0,0.0,0.0
FROM_RECHARGE,55,4,0.0,11435.957,1631.3204,4484.366,15251.537,1894.4105,2240.9023,1178.2632,2905.9722
FROM_STREAM_LEAKAGE,55,4,0.0,3500.0,1100.0,39173.08,3119.7043,36.521347,16.351604,0.0,0.0
FROM_STREAM_FLOW_OUT,55,4,0.0,173263.03,26465.953,799982700.0,119799224.0,2831820300.0,9008429000.0,0.0,0.0
FROM_ZONE_0,55,4,0.0,0.0,0.0,0.0,0.0,0.0,0.0,0.0,0.0
FROM_haweaflat,55,4,0.0,0.0,1158.8727,34897.08,16884.084,0.0,0.0,0.0,0.0
FROM_moraine_top,55,4,0.0,2758.3745,0.0,0.0,0.0,0.0,0.0,0.0,0.0
FROM_river_zone,55,4,0.0,13520.988,0.0,0.0,31474.012,0.0,42.292763,66.4735,0.0
FROM_main_terrace,55,4,0.0,862.5318,0.0,239.69757,0.0,6507.0356,67215.61,6165.181,0.0
FROM_sandy_point,55,4,0.0,0.0,0.0,0.0,1680.8306,0.0,44.893925,0.0,0.0
FROM_clutha,55,4,0.0,0.0,0.0,3.3349676,1733.3739,12.864994,0.0,927.34143,0.0
FROM_sub_terrace,55,4,0.0,0.0,0.0,74.91279,446.69168,0.0,7483.1084,0.0,0.0
FROM_mangawera,55,4,0.0,0.0,0.0,3698.0312,0.0,0.0,0.0,0.0,0.0
TOTAL_IN,55,4,0.0,230424.45,30486.424,800071100.0,119882330.0,2831828700.0,9008506000.0,8445.617,3988.6458
TO_STORAGE,55,4,0.0,0.0,0.00027490608,0.00019872373,8.462714,0.0011213024,0.2703797,0.00226113,0.0009092424
TO_CONSTANT_HEAD,55,4,0.0,0.0,0.0,0.0,0.0,0.0,0.0,0.0,0.0
TO_WELLS,55,4,0.0,4119.5796,0.0,0.0,445.89493,28.567646,0.0,440.7458,290.60635
TO_HEAD_DEP_BOUNDS,55,4,0.0,0.0,1261.6929,0.0,0.0,0.0,0.0,0.0,0.0
TO_RECHARGE,55,4,0.0,0.0,0.0,0.0,0.0,0.0,0.0,0.0,0.0
TO_STREAM_LEAKAGE,55,4,0.0,0.0,0.0,43228.703,1633.5334,6696.405,74421.38,0.0,0.0
TO_STREAM_FLOW_OUT,55,4,0.0,0.0,0.0,0.0,0.0,0.0,0.0,0.0,0.0
TO_ZONE_0,55,4,0.0,0.0,0.0,0.0,0.0,0.0,0.0,0.0,0.0
TO_haweaflat,55,4,0.0,0.0,2758.3745,13520.988,862.5318,0.0,0.0,0.0,0.0
TO_moraine_top,55,4,0.0,1158.8727,0.0,0.0,0.0,0.0,0.0,0.0,0.0
TO_river_zone,55,4,0.0,34897.08,0.0,0.0,239.69757,0.0,3.3349676,74.91279,3698.0312
TO_main_terrace,55,4,0.0,16884.084,0.0,31474.012,0.0,1680.8306,1733.3739,446.69168,0.0
TO_sandy_point,55,4,0.0,0.0,0.0,0.0,6507.0356,0.0,12.864994,0.0,0.0
TO_clutha,55,4,0.0,0.0,0.0,42.292763,67215.61,44.893925,0.0,7483.1084,0.0
TO_sub_terrace,55,4,0.0,0.0,0.0,66.4735,6165.181,0.0,927.34143,0.0,0.0
TO_mangawera,55,4,0.0,0.0,0.0,0.0,0.0,0.0,0.0,0.0,0.0
TOTAL_OUT,55,4,0.0,57059.617,4020.0676,88332.47,83077.945,8450.698,77098.58,8445.461,3988.6384
IN-OUT,55,4,0.0,173364.84,26466.355,799982800.0,119799250.0,2831820300.0,9008429000.0,0.15625,0.0073242188
PERCENT_DISCREPANCY,55,4,,120.608315,153.39928,199.95586,199.72298,199.99881,199.9966,0.0018500892,0.00018362688
FROM_STORAGE,56,4,0.0,19410.873,68.027664,4115.8613,4020.3923,0.0011047454,56.27254,31.488678,1.4877472
FROM_CONSTANT_HEAD,56,4,0.0,0.0,0.0,0.0,0.0,0.0,0.0,0.0,0.0
FROM_WELLS,56,4,0.0,4777.7715,18.260052,1438.9762,8504.589,0.0,0.0,77.06712,1081.1698
FROM_HEAD_DEP_BOUNDS,56,4,0.0,0.0,41.34912,0.0,0.0,0.0,0.0,0.0,0.0
FROM_RECHARGE,56,4,0.0,11435.957,1631.3204,4484.366,15251.537,1894.4105,2240.9023,1178.2632,2905.9722
FROM_STREAM_LEAKAGE,56,4,0.0,3500.0,1100.0,39525.58,3119.7043,36.521347,16.351604,0.0,0.0
FROM_STREAM_FLOW_OUT,56,4,0.0,173263.03,26465.953,799855400.0,119797120.0,2831818200.0,9008419000.0,0.0,0.0
FROM_ZONE_0,56,4,0.0,0.0,0.0,0.0,0.0,0.0,0.0,0.0,0.0
FROM_haweaflat,56,4,0.0,0.0,1155.2097,34289.07,16794.668,0.0,0.0,0.0,0.0
FROM_moraine_top,56,4,0.0,2771.9268,0.0,0.0,0.0,0.0,0.0,0.0,0.0
FROM_river_zone,56,4,0.0,13697.702,0.0,0.0,31501.414,0.0,42.29146,66.56929,0.0
FROM_main_terrace,56,4,0.0,861.5936,0.0,238.07011,0.0,6507.0356,67177.37,6160.9463,0.0
FROM_sandy_point,56,4,0.0,0.0,0.0,0.0,1680.8306,0.0,44.893925,0.0,0.0
FROM_clutha,56,4,0.0,0.0,0.0,3.3349342,1731.5193,12.864994,0.0,926.6491,0.0
FROM_sub_terrace,56,4,0.0,0.0,0.0,74.8344,446.9792,0.0,7478.2666,0.0,0.0
FROM_mangawera,56,4,0.0,0.0,0.0,3698.015,0.0,0.0,0.0,0.0,0.0
TOTAL_IN,56,4,0.0,229718.84,30480.12,799943300.0,119880170.0,2831826700.0,9008496000.0,8440.983,3988.63
TO_STORAGE,56,4,0.0,0.0,0.0002434153,0.0001929358,7.2099257,0.001121733,0.24855867,0.00039126643,0.0008546381
TO_CONSTANT_HEAD,56,4,0.0,0.0,0.0,0.0,0.0,0.0,0.0,0.0,0.0
TO_WELLS,56,4,0.0,4119.5796,0.0,0.0,445.89493,28.567646,0.0,440.7458,290.60635
TO_HEAD_DEP_BOUNDS,56,4,0.0,0.0,1241.8926,0.0,0.0,0.0,0.0,0.0,0.0
TO_RECHARGE,56,4,0.0,0.0,0.0,0.0,0.0,0.0,0.0,0.0,0.0
TO_STREAM_LEAKAGE,56,4,0.0,0.0,0.0,42539.707,1633.5334,6696.405,74381.54,0.0,0.0
TO_STREAM_FLOW_OUT,56,4,0.0,0.0,0.0,0.0,0.0,0.0,0.0,0.0,0.0
TO_ZONE_0,56,4,0.0,0.0,0.0,0.0,0.0,0.0,0.0,0.0,0.0
TO_haweaflat,56,4,0.0,0.0,2771.9268,13697.702,861.5936,0.0,0.0,0.0,0.0
TO_moraine_top,56,4,0.0,1155.2097,0.0,0.0,0.0,0.0,0.0,0.0,0.0
TO_river_zone,56,4,0.0,34289.07,0.0,0.0,238.07011,0.0,3.3349342,74.8344,3698.015
TO_main_terrace,56,4,0.0,16794.668,0.0,31501.414,0.0,1680.8306,1731.5193,446.9792,0.0
TO_sandy_point,56,4,0.0,0.0,0.0,0.0,6507.0356,0.0,12.864994,0.0,0.0
TO_clutha,56,4,0.0,0.0,0.0,42.29146,67177.37,44.893925,0.0,7478.2666,0.0
TO_sub_terrace,56,4,0.0,0.0,0.0,66.56929,6160.9463,0.0,926.6491,0.0,0.0
TO_mangawera,56,4,0.0,0.0,0.0,0.0,0.0,0.0,0.0,0.0,0.0
TOTAL_OUT,56,4,0.0,56358.527,4013.8196,87847.69,83031.65,8450.698,77056.16,8440.826,3988.622
IN-OUT,56,4,0.0,173360.31,26466.299,799855400.0,119797140.0,2831818200.0,9008419000.0,0.15722656,0.0078125
PERCENT_DISCREPANCY,56,4,,121.198204,153.45479,199.95607,199.72314,199.9988,199.99658,0.0018626744,0.00019586946
FROM_STORAGE,57,4,0.0,18571.086,60.135593,3897.3828,4030.5999,0.0011137862,56.959682,31.64121,1.4725116
FROM_CONSTANT_HEAD,57,4,0.0,0.0,0.0,0.0,0.0,0.0,0.0,0.0,0.0
FROM_WELLS,57,4,0.0,4777.7715,18.260052,1438.9762,8504.589,0.0,0.0,77.06712,1081.1698
FROM_HEAD_DEP_BOUNDS,57,4,0.0,0.0,48.34961,0.0,0.0,0.0,0.0,0.0,0.0
FROM_RECHARGE,57,4,0.0,11435.957,1631.3204,4484.366,15251.537,1894.4105,2240.9023,1178.2632,2905.9722
FROM_STREAM_LEAKAGE,57,4,0.0,3500.0,1100.0,39859.43,3119.7043,36.521347,16.351604,0.0,0.0
FROM_STREAM_FLOW_OUT,57,4,0.0,173263.03,26465.953,799735230.0,119795100.0,2831815700.0,9008409000.0,0.0,0.0
FROM_ZONE_0,57,4,0.0,0.0,0.0,0.0,0.0,0.0,0.0,0.0,0.0
FROM_haweaflat,57,4,0.0,0.0,1151.7719,33715.984,16712.922,0.0,0.0,0.0,0.0
FROM_moraine_top,57,4,0.0,2784.6597,0.0,0.0,0.0,0.0,0.0,0.0,0.0
FROM_river_zone,57,4,0.0,13863.048,0.0,0.0,31528.656,0.0,42.290173,66.66363,0.0
FROM_main_terrace,57,4,0.0,860.793,0.0,236.46312,0.0,6507.0356,67139.22,6156.758,0.0
FROM_sandy_point,57,4,0.0,0.0,0.0,0.0,1680.8306,0.0,44.893925,0.0,0.0
FROM_clutha,57,4,0.0,0.0,0.0,3.334898,1729.7327,12.864994,0.0,925.96124,0.0
FROM_sub_terrace,57,4,0.0,0.0,0.0,74.75595,447.25153,0.0,7473.4434,0.0,0.0
FROM_mangawera,57,4,0.0,0.0,0.0,3697.9998,0.0,0.0,0.0,0.0,0.0
TOTAL_IN,57,4,0.0,229056.34,30475.791,799822660.0,119878104.0,2831824100.0,9008485000.0,8436.3545,3988.6145
TO_STORAGE,57,4,0.0,0.0,0.00023073299,0.00018816483,6.084323,0.0011124527,0.2270691,1.7417376e-07,0.00083921355
TO_CONSTANT_HEAD,57,4,0.0,0.0,0.0,0.0,0.0,0.0,0.0,0.0,0.0
TO_WELLS,57,4,0.0,4119.5796,0.0,0.0,445.89493,28.567646,0.0,440.7458,290.60635
TO_HEAD_DEP_BOUNDS,57,4,0.0,0.0,1224.8735,0.0,0.0,0.0,0.0,0.0,0.0
TO_RECHARGE,57,4,0.0,0.0,0.0,0.0,0.0,0.0,0.0,0.0,0.0
TO_STREAM_LEAKAGE,57,4,0.0,0.0,0.0,41888.46,1633.5667,6696.405,74341.836,0.0,0.0
TO_STREAM_FLOW_OUT,57,4,0.0,0.0,0.0,0.0,0.0,0.0,0.0,0.0,0.0
TO_ZONE_0,57,4,0.0,0.0,0.0,0.0,0.0,0.0,0.0,0.0,0.0
TO_haweaflat,57,4,0.0,0.0,2784.6597,13863.048,860.793,0.0,0.0,0.0,0.0
TO_moraine_top,57,4,0.0,1151.7719,0.0,0.0,0.0,0.0,0.0,0.0,0.0
TO_river_zone,57,4,0.0,33715.984,0.0,0.0,236.46312,0.0,3.334898,74.75595,3697.9998
TO_main_terrace,57,4,0.0,16712.922,0.0,31528.656,0.0,1680.8306,1729.7327,447.25153,0.0
TO_sandy_point,57,4,0.0,0.0,0.0,0.0,6507.0356,0.0,12.864994,0.0,0.0
TO_clutha,57,4,0.0,0.0,0.0,42.290173,67139.22,44.893925,0.0,7473.4434,0.0
TO_sub_terrace,57,4,0.0,0.0,0.0,66.66363,6156.758,0.0,925.96124,0.0,0.0
TO_mangawera,57,4,0.0,0.0,0.0,0.0,0.0,0.0,0.0,0.0,0.0
TOTAL_OUT,57,4,0.0,55700.258,4009.5334,87389.12,82985.81,8450.698,77013.96,8436.196,3988.607
IN-OUT,57,4,0.0,173356.1,26466.258,799735300.0,119795120.0,2831815700.0,9008409000.0,0.15820312,0.0075683594
PERCENT_DISCREPANCY,57,4,,121.75739,153.49287,199.95631,199.7233,199.99881,199.9966,0.0018752721,0.00018974926
FROM_STORAGE,58,4,0.0,17784.43,53.384815,3685.93,4038.172,0.0011136422,57.540676,31.736132,1.4578614
FROM_CONSTANT_HEAD,58,4,0.0,0.0,0.0,0.0,0.0,0.0,0.0,0.0,0.0
FROM_WELLS,58,4,0.0,4777.7715,18.260052,1438.9762,8504.589,0.0,0.0,77.06712,1081.1698
FROM_HEAD_DEP_BOUNDS,58,4,0.0,0.0,55.550293,0.0,0.0,0.0,0.0,0.0,0.0
FROM_RECHARGE,58,4,0.0,11435.957,1631.3204,4484.366,15251.537,1894.4105,2240.9023,1178.2632,2905.9722
FROM_STREAM_LEAKAGE,58,4,0.0,3500.0,1100.0,40174.305,3119.7043,36.521347,16.351604,0.0,0.0
FROM_STREAM_FLOW_OUT,58,4,0.0,173263.03,26465.953,799622300.0,119793230.0,2831813400.0,9008398000.0,0.0,0.0
FROM_ZONE_0,58,4,0.0,0.0,0.0,0.0,0.0,0.0,0.0,0.0,0.0
FROM_haweaflat,58,4,0.0,0.0,1148.6465,33177.316,16634.42,0.0,0.0,0.0,0.0
FROM_moraine_top,58,4,0.0,2796.3792,0.0,0.0,0.0,0.0,0.0,0.0,0.0
FROM_river_zone,58,4,0.0,14014.051,0.0,0.0,31555.68,0.0,42.288773,66.75665,0.0
FROM_main_terrace,58,4,0.0,860.0067,0.0,234.87718,0.0,6507.0356,67101.25,6152.6353,0.0
FROM_sandy_point,58,4,0.0,0.0,0.0,0.0,1680.8306,0.0,44.893925,0.0,0.0
FROM_clutha,58,4,0.0,0.0,0.0,3.3348594,1728.0146,12.864994,0.0,925.2797,0.0
FROM_sub_terrace,58,4,0.0,0.0,0.0,74.67755,447.50616,0.0,7468.6504,0.0,0.0
FROM_mangawera,58,4,0.0,0.0,0.0,3697.985,0.0,0.0,0.0,0.0,0.0
TOTAL_IN,58,4,0.0,228431.61,30473.115,799709250.0,119876184.0,2831821800.0,9008475000.0,8431.737,3988.5999
TO_STORAGE,58,4,0.0,0.0,0.00021553163,0.00019576964,5.1127014,0.0011126064,0.20556594,0.0,0.0007194104
TO_CONSTANT_HEAD,58,4,0.0,0.0,0.0,0.0,0.0,0.0,0.0,0.0,0.0
TO_WELLS,58,4,0.0,4119.5796,0.0,0.0,445.89493,28.567646,0.0,440.7458,290.60635
TO_HEAD_DEP_BOUNDS,58,4,0.0,0.0,1210.5176,0.0,0.0,0.0,0.0,0.0,0.0
TO_RECHARGE,58,4,0.0,0.0,0.0,0.0,0.0,0.0,0.0,0.0,0.0
TO_STREAM_LEAKAGE,58,4,0.0,0.0,0.0,41274.664,1633.5999,6696.405,74302.06,0.0,0.0
TO_STREAM_FLOW_OUT,58,4,0.0,0.0,0.0,0.0,0.0,0.0,0.0,0.0,0.0
TO_ZONE_0,58,4,0.0,0.0,0.0,0.0,0.0,0.0,0.0,0.0,0.0
TO_haweaflat,58,4,0.0,0.0,2796.3792,14014.051,860.0067,0.0,0.0,0.0,0.0
TO_moraine_top,58,4,0.0,1148.6465,0.0,0.0,0.0,0.0,0.0,0.0,0.0
TO_river_zone,58,4,0.0,33177.316,0.0,0.0,234.87718,0.0,3.3348594,74.67755,3697.985
TO_main_terrace,58,4,0.0,16634.42,0.0,31555.68,0.0,1680.8306,1728.0146,447.50616,0.0
TO_sandy_point,58,4,0.0,0.0,0.0,0.0,6507.0356,0.0,12.864994,0.0,0.0
TO_clutha,58,4,0.0,0.0,0.0,42.288773,67101.25,44.893925,0.0,7468.6504,0.0
TO_sub_terrace,58,4,0.0,0.0,0.0,66.75665,6152.6353,0.0,925.2797,0.0,0.0
TO_mangawera,58,4,0.0,0.0,0.0,0.0,0.0,0.0,0.0,0.0,0.0
TOTAL_OUT,58,4,0.0,55079.96,4006.897,86953.44,82940.414,8450.698,76971.766,8431.58,3988.5923
IN-OUT,58,4,0.0,173351.66,26466.219,799622300.0,119793240.0,2831813400.0,9008398000.0,0.15722656,0.0075683594
PERCENT_DISCREPANCY,58,4,,122.288956,153.51631,199.9565,199.72343,199.99881,199.9966,0.001864717,0.00018974995
FROM_STORAGE,59,4,0.0,17039.32,47.491623,3486.564,4043.1973,0.0011137035,58.012104,31.770658,1.4437337
FROM_CONSTANT_HEAD,59,4,0.0,0.0,0.0,0.0,0.0,0.0,0.0,0.0,0.0
FROM_WELLS,59,4,0.0,4777.7715,18.260052,1438.9762,8504.589,0.0,0.0,77.06712,1081.1698
FROM_HEAD_DEP_BOUNDS,59,4,0.0,0.0,62.271484,0.0,0.0,0.0,0.0,0.0,0.0
FROM_RECHARGE,59,4,0.0,11435.957,1631.3204,4484.366,15251.537,1894.4105,2240.9023,1178.2632,2905.9722
FROM_STREAM_LEAKAGE,59,4,0.0,3500.0,1100.0,40471.79,3119.7043,36.521347,16.351604,0.0,0.0
FROM_STREAM_FLOW_OUT,59,4,0.0,173263.03,26465.953,799514940.0,119791450.0,2831811600.0,9008390000.0,0.0,0.0
FROM_ZONE_0,59,4,0.0,0.0,0.0,0.0,0.0,0.0,0.0,0.0,0.0
FROM_haweaflat,59,4,0.0,0.0,1145.9819,32668.531,16558.611,0.0,0.0,0.0,0.0
FROM_moraine_top,59,4,0.0,2807.3596,0.0,0.0,0.0,0.0,0.0,0.0,0.0
FROM_river_zone,59,4,0.0,14158.457,0.0,0.0,31582.623,0.0,42.28734,66.848854,0.0
FROM_main_terrace,59,4,0.0,859.21497,0.0,233.30371,0.0,6507.0356,67063.25,6148.5566,0.0
FROM_sandy_point,59,4,0.0,0.0,0.0,0.0,1680.8306,0.0,44.893925,0.0,0.0
FROM_clutha,59,4,0.0,0.0,0.0,3.3348186,1726.3553,12.864994,0.0,924.6008,0.0
FROM_sub_terrace,59,4,0.0,0.0,0.0,74.59856,447.74396,0.0,7463.8604,0.0,0.0
FROM_mangawera,59,4,0.0,0.0,0.0,3697.9712,0.0,0.0,0.0,0.0,0.0
TOTAL_IN,59,4,0.0,227841.11,30471.28,799601500.0,119874370.0,2831820000.0,9008466000.0,8427.107,3988.5857
TO_STORAGE,59,4,0.0,0.0,0.00020874519,0.0001981877,4.245648,0.0011130661,0.1821424,0.0,0.000725784
TO_CONSTANT_HEAD,59,4,0.0,0.0,0.0,0.0,0.0,0.0,0.0,0.0,0.0
TO_WELLS,59,4,0.0,4119.5796,0.0,0.0,445.89493,28.567646,0.0,440.7458,290.60635
TO_HEAD_DEP_BOUNDS,59,4,0.0,0.0,1197.7329,0.0,0.0,0.0,0.0,0.0,0.0
TO_RECHARGE,59,4,0.0,0.0,0.0,0.0,0.0,0.0,0.0,0.0,0.0
TO_STREAM_LEAKAGE,59,4,0.0,0.0,0.0,40691.87,1633.5999,6696.405,74262.086,0.0,0.0
TO_STREAM_FLOW_OUT,59,4,0.0,0.0,0.0,0.0,0.0,0.0,0.0,0.0,0.0
TO_ZONE_0,59,4,0.0,0.0,0.0,0.0,0.0,0.0,0.0,0.0,0.0
TO_haweaflat,59,4,0.0,0.0,2807.3596,14158.457,859.21497,0.0,0.0,0.0,0.0
TO_moraine_top,59,4,0.0,1145.9819,0.0,0.0,0.0,0.0,0.0,0.0,0.0
TO_river_zone,59,4,0.0,32668.531,0.0,0.0,233.30371,0.0,3.3348186,74.59856,3697.9712
TO_main_terrace,59,4,0.0,16558.611,0.0,31582.623,0.0,1680.8306,1726.3553,447.74396,0.0
TO_sandy_point,59,4,0.0,0.0,0.0,0.0,6507.0356,0.0,12.864994,0.0,0.0
TO_clutha,59,4,0.0,0.0,0.0,42.28734,67063.25,44.893925,0.0,7463.8604,0.0
TO_sub_terrace,59,4,0.0,0.0,0.0,66.848854,6148.5566,0.0,924.6008,0.0,0.0
TO_mangawera,59,4,0.0,0.0,0.0,0.0,0.0,0.0,0.0,0.0,0.0
TOTAL_OUT,59,4,0.0,54492.703,4005.0928,86542.09,82895.1,8450.698,76929.42,8426.948,3988.5784
IN-OUT,59,4,0.0,173348.4,26466.188,799514940.0,119791470.0,2831811600.0,9008389000.0,0.15917969,0.0073242188
PERCENT_DISCREPANCY,59,4,,122.79677,153.53233,199.95673,199.72359,199.99881,199.9966,0.0018889186,0.00018362964
FROM_STORAGE,60,4,0.0,16332.74,42.498882,3296.6096,4045.888,0.0011151729,58.378574,31.747944,1.4299066
FROM_CONSTANT_HEAD,60,4,0.0,0.0,0.0,0.0,0.0,0.0,0.0,0.0,0.0
FROM_WELLS,60,4,0.0,4777.7715,18.260052,1438.9762,8504.589,0.0,0.0,77.06712,1081.1698
FROM_HEAD_DEP_BOUNDS,60,4,0.0,0.0,69.65967,0.0,0.0,0.0,0.0,0.0,0.0
FROM_RECHARGE,60,4,0.0,11435.957,1631.3204,4484.366,15251.537,1894.4105,2240.9023,1178.2632,2905.9722
FROM_STREAM_LEAKAGE,60,4,0.0,3500.0,1100.0,40768.42,3119.7043,36.521347,16.351604,0.0,0.0
FROM_STREAM_FLOW_OUT,60,4,0.0,173263.03,26465.953,799413600.0,119789740.0,2831809000.0,9008380000.0,0.0,0.0
FROM_ZONE_0,60,4,0.0,0.0,0.0,0.0,0.0,0.0,0.0,0.0,0.0
FROM_haweaflat,60,4,0.0,0.0,1143.5414,32196.293,16485.324,0.0,0.0,0.0,0.0
FROM_moraine_top,60,4,0.0,2817.634,0.0,0.0,0.0,0.0,0.0,0.0,0.0
FROM_river_zone,60,4,0.0,14304.05,0.0,0.0,31609.477,0.0,42.285843,66.9402,0.0
FROM_main_terrace,60,4,0.0,858.41956,0.0,231.74248,0.0,6507.0356,67025.23,6144.522,0.0
FROM_sandy_point,60,4,0.0,0.0,0.0,0.0,1680.8306,0.0,44.893925,0.0,0.0
FROM_clutha,60,4,0.0,0.0,0.0,3.3347762,1724.7551,12.864994,0.0,923.9248,0.0
FROM_sub_terrace,60,4,0.0,0.0,0.0,74.51921,447.9661,0.0,7459.0757,0.0,0.0
FROM_mangawera,60,4,0.0,0.0,0.0,3697.9575,0.0,0.0,0.0,0.0,0.0
TOTAL_IN,60,4,0.0,227289.61,30471.232,799499840.0,119872616.0,2831817500.0,9008456000.0,8422.465,3988.5718
TO_STORAGE,60,4,0.0,0.0,0.00023208688,0.00019297402,3.4917252,0.0011120695,0.15880173,0.0,0.0007182668
TO_CONSTANT_HEAD,60,4,0.0,0.0,0.0,0.0,0.0,0.0,0.0,0.0,0.0
TO_WELLS,60,4,0.0,4119.5796,0.0,0.0,445.89493,28.567646,0.0,440.7458,290.60635
TO_HEAD_DEP_BOUNDS,60,4,0.0,0.0,1187.4282,0.0,0.0,0.0,0.0,0.0,0.0
TO_RECHARGE,60,4,0.0,0.0,0.0,0.0,0.0,0.0,0.0,0.0,0.0
TO_STREAM_LEAKAGE,60,4,0.0,0.0,0.0,40152.645,1633.633,6696.405,74222.016,0.0,0.0
TO_STREAM_FLOW_OUT,60,4,0.0,0.0,0.0,0.0,0.0,0.0,0.0,0.0,0.0
TO_ZONE_0,60,4,0.0,0.0,0.0,0.0,0.0,0.0,0.0,0.0,0.0
TO_haweaflat,60,4,0.0,0.0,2817.634,14304.05,858.41956,0.0,0.0,0.0,0.0
TO_moraine_top,60,4,0.0,1143.5414,0.0,0.0,0.0,0.0,0.0,0.0,0.0
TO_river_zone,60,4,0.0,32196.293,0.0,0.0,231.74248,0.0,3.3347762,74.51921,3697.9575
TO_main_terrace,60,4,0.0,16485.324,0.0,31609.477,0.0,1680.8306,1724.7551,447.9661,0.0
TO_sandy_point,60,4,0.0,0.0,0.0,0.0,6507.0356,0.0,12.864994,0.0,0.0
TO_clutha,60,4,0.0,0.0,0.0,42.285843,67025.23,44.893925,0.0,7459.0757,0.0
TO_sub_terrace,60,4,0.0,0.0,0.0,66.9402,6144.522,0.0,923.9248,0.0,0.0
TO_mangawera,60,4,0.0,0.0,0.0,0.0,0.0,0.0,0.0,0.0,0.0
TOTAL_OUT,60,4,0.0,53944.74,4005.0625,86175.4,82849.97,8450.698,76887.055,8422.307,3988.5647
IN-OUT,60,4,0.0,173344.88,26466.17,799413700.0,119789770.0,2831809000.0,9008379000.0,0.15820312,0.007080078
PERCENT_DISCREPANCY,60,4,,123.27433,153.53256,199.95691,199.72374,199.9988,199.99658,0.0018783647,0.00017750925
FROM_STORAGE,61,4,0.0,15667.393,38.4794,3117.6387,4046.1707,0.0011152223,58.64498,31.674513,1.4164807
FROM_CONSTANT_HEAD,61,4,0.0,0.0,0.0,0.0,0.0,0.0,0.0,0.0,0.0
FROM_WELLS,61,4,0.0,4777.7715,18.260052,1438.9762,8504.589,0.0,0.0,77.06712,1081.1698
FROM_HEAD_DEP_BOUNDS,61,4,0.0,0.0,76.80469,0.0,0.0,0.0,0.0,0.0,0.0
FROM_RECHARGE,61,4,0.0,11435.957,1631.3204,4484.366,15251.537,1894.4105,2240.9023,1178.2632,2905.9722
FROM_STREAM_LEAKAGE,61,4,0.0,3500.0,1100.0,41050.977,3119.7043,36.521347,16.351604,0.0,0.0
FROM_STREAM_FLOW_OUT,61,4,0.0,173263.03,26465.953,799317950.0,119788180.0,2831807700.0,9008373000.0,0.0,0.0
FROM_ZONE_0,61,4,0.0,0.0,0.0,0.0,0.0,0.0,0.0,0.0,0.0
FROM_haweaflat,61,4,0.0,0.0,1141.4373,31751.723,16415.334,0.0,0.0,0.0,0.0
FROM_moraine_top,61,4,0.0,2827.4998,0.0,0.0,0.0,0.0,0.0,0.0,0.0
FROM_river_zone,61,4,0.0,14440.204,0.0,0.0,31635.973,0.0,42.284317,67.02993,0.0
FROM_main_terrace,61,4,0.0,857.61804,0.0,230.20796,0.0,6507.0356,66987.58,6140.5674,0.0
FROM_sandy_point,61,4,0.0,0.0,0.0,0.0,1680.8306,0.0,44.893925,0.0,0.0
FROM_clutha,61,4,0.0,0.0,0.0,3.334731,1723.2286,12.864994,0.0,923.25836,0.0
FROM_sub_terrace,61,4,0.0,0.0,0.0,74.44014,448.1718,0.0,7454.345,0.0,0.0
FROM_mangawera,61,4,0.0,0.0,0.0,3697.944,0.0,0.0,0.0,0.0,0.0
TOTAL_IN,61,4,0.0,226769.48,30472.256,799403840.0,119870990.0,2831816200.0,9008449000.0,8417.86,3988.5586
TO_STORAGE,61,4,0.0,0.0,0.00024107596,0.00019387034,2.8769608,0.0011122057,0.1354713,0.0,0.00066334533
TO_CONSTANT_HEAD,61,4,0.0,0.0,0.0,0.0,0.0,0.0,0.0,0.0,0.0
TO_WELLS,61,4,0.0,4119.5796,0.0,0.0,445.89493,28.567646,0.0,440.7458,290.60635
TO_HEAD_DEP_BOUNDS,61,4,0.0,0.0,1178.6133,0.0,0.0,0.0,0.0,0.0,0.0
TO_RECHARGE,61,4,0.0,0.0,0.0,0.0,0.0,0.0,0.0,0.0,0.0
TO_STREAM_LEAKAGE,61,4,0.0,0.0,0.0,39648.625,1633.6663,6696.405,74181.97,0.0,0.0
TO_STREAM_FLOW_OUT,61,4,0.0,0.0,0.0,0.0,0.0,0.0,0.0,0.0,0.0
TO_ZONE_0,61,4,0.0,0.0,0.0,0.0,0.0,0.0,0.0,0.0,0.0
TO_haweaflat,61,4,0.0,0.0,2827.4998,14440.204,857.61804,0.0,0.0,0.0,0.0
TO_moraine_top,61,4,0.0,1141.4373,0.0,0.0,0.0,0.0,0.0,0.0,0.0
TO_river_zone,61,4,0.0,31751.723,0.0,0.0,230.20796,0.0,3.334731,74.44014,3697.944
TO_main_terrace,61,4,0.0,16415.334,0.0,31635.973,0.0,1680.8306,1723.2286,448.1718,0.0
TO_sandy_point,61,4,0.0,0.0,0.0,0.0,6507.0356,0.0,12.864994,0.0,0.0
TO_clutha,61,4,0.0,0.0,0.0,42.284317,66987.58,44.893925,0.0,7454.345,0.0
TO_sub_terrace,61,4,0.0,0.0,0.0,67.02993,6140.5674,0.0,923.25836,0.0,0.0
TO_mangawera,61,4,0.0,0.0,0.0,0.0,0.0,0.0,0.0,0.0,0.0
TOTAL_OUT,61,4,0.0,53428.07,4006.1133,85834.11,82805.445,8450.698,76844.79,8417.703,3988.551
IN-OUT,61,4,0.0,173341.4,26466.143,799318000.0,119788184.0,2831807700.0,9008372000.0,0.15722656,0.0075683594
PERCENT_DISCREPANCY,61,4,,123.72799,153.52318,199.95706,199.72388,199.9988,199.99658,0.001867791,0.00018975193
FROM_STORAGE,62,4,0.0,15040.316,34.982018,2949.302,4043.8452,0.00111491,58.82285,31.55836,1.403499
FROM_CONSTANT_HEAD,62,4,0.0,0.0,0.0,0.0,0.0,0.0,0.0,0.0,0.0
FROM_WELLS,62,4,0.0,4777.7715,18.260052,1438.9762,8504.589,0.0,0.0,77.06712,1081.1698
FROM_HEAD_DEP_BOUNDS,62,4,0.0,0.0,83.64258,0.0,0.0,0.0,0.0,0.0,0.0
FROM_RECHARGE,62,4,0.0,11435.957,1631.3204,4484.366,15251.537,1894.4105,2240.9023,1178.2632,2905.9722
FROM_STREAM_LEAKAGE,62,4,0.0,3500.0,1100.0,41317.562,3119.7043,36.521347,16.351604,0.0,0.0
FROM_STREAM_FLOW_OUT,62,4,0.0,173263.03,26465.953,799227650.0,119786660.0,2831805400.0,9008365000.0,0.0,0.0
FROM_ZONE_0,62,4,0.0,0.0,0.0,0.0,0.0,0.0,0.0,0.0,0.0
FROM_haweaflat,62,4,0.0,0.0,1139.5143,31332.166,16348.973,0.0,0.0,0.0,0.0
FROM_moraine_top,62,4,0.0,2836.555,0.0,0.0,0.0,0.0,0.0,0.0,0.0
FROM_river_zone,62,4,0.0,14568.095,0.0,0.0,31662.102,0.0,42.282795,67.117966,0.0
FROM_main_terrace,62,4,0.0,856.8679,0.0,228.70013,0.0,6507.0356,66950.32,6136.6914,0.0
FROM_sandy_point,62,4,0.0,0.0,0.0,0.0,1680.8306,0.0,44.893925,0.0,0.0
FROM_clutha,62,4,0.0,0.0,0.0,3.3346846,1721.7737,12.864994,0.0,922.60187,0.0
FROM_sub_terrace,62,4,0.0,0.0,0.0,74.361565,448.36285,0.0,7449.6714,0.0,0.0
FROM_mangawera,62,4,0.0,0.0,0.0,3697.9314,0.0,0.0,0.0,0.0,0.0
TOTAL_IN,62,4,0.0,226278.61,30473.672,799313200.0,119869440.0,2831814000.0,9008440000.0,8413.3,3988.5454
TO_STORAGE,62,4,0.0,0.0,0.00025804914,0.0002147949,2.4269693,0.0011125432,0.11163083,0.0,0.0006494833
TO_CONSTANT_HEAD,62,4,0.0,0.0,0.0,0.0,0.0,0.0,0.0,0.0,0.0
TO_WELLS,62,4,0.0,4119.5796,0.0,0.0,445.89493,28.567646,0.0,440.7458,290.60635
TO_HEAD_DEP_BOUNDS,62,4,0.0,0.0,1170.9941,0.0,0.0,0.0,0.0,0.0,0.0
TO_RECHARGE,62,4,0.0,0.0,0.0,0.0,0.0,0.0,0.0,0.0,0.0
TO_STREAM_LEAKAGE,62,4,0.0,0.0,0.0,39172.25,1633.6663,6696.405,74142.49,0.0,0.0
TO_STREAM_FLOW_OUT,62,4,0.0,0.0,0.0,0.0,0.0,0.0,0.0,0.0,0.0
TO_ZONE_0,62,4,0.0,0.0,0.0,0.0,0.0,0.0,0.0,0.0,0.0
TO_haweaflat,62,4,0.0,0.0,2836.555,14568.095,856.8679,0.0,0.0,0.0,0.0
TO_moraine_top,62,4,0.0,1139.5143,0.0,0.0,0.0,0.0,0.0,0.0,0.0
TO_river_zone,62,4,0.0,31332.166,0.0,0.0,228.70013,0.0,3.3346846,74.361565,3697.9314
TO_main_terrace,62,4,0.0,16348.973,0.0,31662.102,0.0,1680.8306,1721.7737,448.36285,0.0
TO_sandy_point,62,4,0.0,0.0,0.0,0.0,6507.0356,0.0,12.864994,0.0,0.0
TO_clutha,62,4,0.0,0.0,0.0,42.282795,66950.32,44.893925,0.0,7449.6714,0.0
TO_sub_terrace,62,4,0.0,0.0,0.0,67.117966,6136.6914,0.0,922.60187,0.0,0.0
TO_mangawera,62,4,0.0,0.0,0.0,0.0,0.0,0.0,0.0,0.0,0.0
TOTAL_OUT,62,4,0.0,52940.23,4007.5493,85511.84,82761.61,8450.698,76803.18,8413.142,3988.5383
IN-OUT,62,4,0.0,173338.38,26466.123,799227700.0,119786680.0,2831805400.0,9008364000.0,0.15820312,0.007080078
PERCENT_DISCREPANCY,62,4,,124.159515,153.51035,199.95723,199.72403,199.9988,199.9966,0.001880411,0.00017751043
FROM_STORAGE,63,4,0.0,14453.846,32.498535,2792.2363,4037.506,0.001114601,58.925617,31.408758,1.3910145
FROM_CONSTANT_HEAD,63,4,0.0,0.0,0.0,0.0,0.0,0.0,0.0,0.0,0.0
FROM_WELLS,63,4,0.0,4777.7715,18.260052,1438.9762,8504.589,0.0,0.0,77.06712,1081.1698
FROM_HEAD_DEP_BOUNDS,63,4,0.0,0.0,90.305176,0.0,0.0,0.0,0.0,0.0,0.0
FROM_RECHARGE,63,4,0.0,11435.957,1631.3204,4484.366,15251.537,1894.4105,2240.9023,1178.2632,2905.9722
FROM_STREAM_LEAKAGE,63,4,0.0,3500.0,1100.0,41566.93,3119.7043,36.521347,16.351604,0.0,0.0
FROM_STREAM_FLOW_OUT,63,4,0.0,173263.03,26465.953,799143500.0,119785224.0,2831803100.0,9008355000.0,0.0,0.0
FROM_ZONE_0,63,4,0.0,0.0,0.0,0.0,0.0,0.0,0.0,0.0,0.0
FROM_haweaflat,63,4,0.0,0.0,1137.7374,30944.586,16288.064,0.0,0.0,0.0,0.0
FROM_moraine_top,63,4,0.0,2845.4119,0.0,0.0,0.0,0.0,0.0,0.0,0.0
FROM_river_zone,63,4,0.0,14693.276,0.0,0.0,31687.633,0.0,42.2812,67.20357,0.0
FROM_main_terrace,63,4,0.0,856.1082,0.0,227.23099,0.0,6507.0356,66913.79,6132.9214,0.0
FROM_sandy_point,63,4,0.0,0.0,0.0,0.0,1680.8306,0.0,44.893925,0.0,0.0
FROM_clutha,63,4,0.0,0.0,0.0,3.3346374,1720.3989,12.864994,0.0,921.96063,0.0
FROM_sub_terrace,63,4,0.0,0.0,0.0,74.28424,448.5401,0.0,7445.098,0.0,0.0
FROM_mangawera,63,4,0.0,0.0,0.0,3697.919,0.0,0.0,0.0,0.0,0.0
TOTAL_IN,63,4,0.0,225825.4,30476.076,799228800.0,119867960.0,2831811600.0,9008431000.0,8408.825,3988.533
TO_STORAGE,63,4,0.0,0.0,0.0002792474,0.00020618197,2.0511987,0.0011124122,0.08979718,0.0,0.00060158037
TO_CONSTANT_HEAD,63,4,0.0,0.0,0.0,0.0,0.0,0.0,0.0,0.0,0.0
TO_WELLS,63,4,0.0,4119.5796,0.0,0.0,445.89493,28.567646,0.0,440.7458,290.60635
TO_HEAD_DEP_BOUNDS,63,4,0.0,0.0,1164.5532,0.0,0.0,0.0,0.0,0.0,0.0
TO_RECHARGE,63,4,0.0,0.0,0.0,0.0,0.0,0.0,0.0,0.0,0.0
TO_STREAM_LEAKAGE,63,4,0.0,0.0,0.0,38725.523,1633.6995,6696.405,74103.414,0.0,0.0
TO_STREAM_FLOW_OUT,63,4,0.0,0.0,0.0,0.0,0.0,0.0,0.0,0.0,0.0
TO_ZONE_0,63,4,0.0,0.0,0.0,0.0,0.0,0.0,0.0,0.0,0.0
TO_haweaflat,63,4,0.0,0.0,2845.4119,14693.276,856.1082,0.0,0.0,0.0,0.0
TO_moraine_top,63,4,0.0,1137.7374,0.0,0.0,0.0,0.0,0.0,0.0,0.0
TO_river_zone,63,4,0.0,30944.586,0.0,0.0,227.23099,0.0,3.3346374,74.28424,3697.919
TO_main_terrace,63,4,0.0,16288.064,0.0,31687.633,0.0,1680.8306,1720.3989,448.5401,0.0
TO_sandy_point,63,4,0.0,0.0,0.0,0.0,6507.0356,0.0,12.864994,0.0,0.0
TO_clutha,63,4,0.0,0.0,0.0,42.2812,66913.79,44.893925,0.0,7445.098,0.0
TO_sub_terrace,63,4,0.0,0.0,0.0,67.20357,6132.9214,0.0,921.96063,0.0,0.0
TO_mangawera,63,4,0.0,0.0,0.0,0.0,0.0,0.0,0.0,0.0,0.0
TOTAL_OUT,63,4,0.0,52489.97,4009.9653,85215.92,82718.734,8450.698,76762.06,8408.668,3988.526
IN-OUT,63,4,0.0,173335.44,26466.111,799143600.0,119785240.0,2831803100.0,9008354000.0,0.15722656,0.007080078
PERCENT_DISCREPANCY,63,4,,124.56045,153.48883,199.95737,199.72415,199.9988,199.9966,0.0018697979,0.000177511
FROM_STORAGE,64,4,0.0,13889.034,30.200363,2641.9492,4028.2139,0.0011144322,58.965225,31.22727,1.3787798
FROM_CONSTANT_HEAD,64,4,0.0,0.0,0.0,0.0,0.0,0.0,0.0,0.0,0.0
FROM_WELLS,64,4,0.0,4777.7715,18.260052,1438.9762,8504.589,0.0,0.0,77.06712,1081.1698
FROM_HEAD_DEP_BOUNDS,64,4,0.0,0.0,97.18994,0.0,0.0,0.0,0.0,0.0,0.0
FROM_RECHARGE,64,4,0.0,11435.957,1631.3204,4484.366,15251.537,1894.4105,2240.9023,1178.2632,2905.9722
FROM_STREAM_LEAKAGE,64,4,0.0,3500.0,1100.0,41807.176,3119.7043,36.521347,16.351604,0.0,0.0
FROM_STREAM_FLOW_OUT,64,4,0.0,173263.03,26465.953,799062300.0,119783840.0,2831800800.0,9008346000.0,0.0,0.0
FROM_ZONE_0,64,4,0.0,0.0,0.0,0.0,0.0,0.0,0.0,0.0,0.0
FROM_haweaflat,64,4,0.0,0.0,1136.0599,30575.281,16229.809,0.0,0.0,0.0,0.0
FROM_moraine_top,64,4,0.0,2853.7148,0.0,0.0,0.0,0.0,0.0,0.0,0.0
FROM_river_zone,64,4,0.0,14818.456,0.0,0.0,31713.256,0.0,42.279602,67.2891,0.0
FROM_main_terrace,64,4,0.0,855.3626,0.0,225.76039,0.0,6507.0356,66877.02,6129.1553,0.0
FROM_sandy_point,64,4,0.0,0.0,0.0,0.0,1680.8306,0.0,44.893925,0.0,0.0
FROM_clutha,64,4,0.0,0.0,0.0,3.3345873,1719.0638,12.864994,0.0,921.3176,0.0
FROM_sub_terrace,64,4,0.0,0.0,0.0,74.20614,448.7095,0.0,7440.5024,0.0,0.0
FROM_mangawera,64,4,0.0,0.0,0.0,3697.9067,0.0,0.0,0.0,0.0,0.0
TOTAL_IN,64,4,0.0,225393.33,30478.984,799147260.0,119866536.0,2831809300.0,9008422000.0,8404.319,3988.5208
TO_STORAGE,64,4,0.0,0.0,0.00025889755,0.0002054165,1.7364615,0.0011128604,0.06878492,0.0,0.00056127296
TO_CONSTANT_HEAD,64,4,0.0,0.0,0.0,0.0,0.0,0.0,0.0,0.0,0.0
TO_WELLS,64,4,0.0,4119.5796,0.0,0.0,445.89493,28.567646,0.0,440.7458,290.60635
TO_HEAD_DEP_BOUNDS,64,4,0.0,0.0,1159.1724,0.0,0.0,0.0,0.0,0.0,0.0
TO_RECHARGE,64,4,0.0,0.0,0.0,0.0,0.0,0.0,0.0,0.0,0.0
TO_STREAM_LEAKAGE,64,4,0.0,0.0,0.0,38294.23,1633.7327,6696.405,74064.14,0.0,0.0
TO_STREAM_FLOW_OUT,64,4,0.0,0.0,0.0,0.0,0.0,0.0,0.0,0.0,0.0
TO_ZONE_0,64,4,0.0,0.0,0.0,0.0,0.0,0.0,0.0,0.0,0.0
TO_haweaflat,64,4,0.0,0.0,2853.7148,14818.456,855.3626,0.0,0.0,0.0,0.0
TO_moraine_top,64,4,0.0,1136.0599,0.0,0.0,0.0,0.0,0.0,0.0,0.0
TO_river_zone,64,4,0.0,30575.281,0.0,0.0,225.76039,0.0,3.3345873,74.20614,3697.9067
TO_main_terrace,64,4,0.0,16229.809,0.0,31713.256,0.0,1680.8306,1719.0638,448.7095,0.0
TO_sandy_point,64,4,0.0,0.0,0.0,0.0,6507.0356,0.0,12.864994,0.0,0.0
TO_clutha,64,4,0.0,0.0,0.0,42.279602,66877.02,44.893925,0.0,7440.5024,0.0
TO_sub_terrace,64,4,0.0,0.0,0.0,67.2891,6129.1553,0.0,921.3176,0.0,0.0
TO_mangawera,64,4,0.0,0.0,0.0,0.0,0.0,0.0,0.0,0.0,0.0
TOTAL_OUT,64,4,0.0,52060.73,4012.8875,84935.516,82675.7,8450.698,76720.8,8404.164,3988.5137
IN-OUT,64,4,0.0,173332.6,26466.098,799062340.0,119783864.0,2831800800.0,9008345000.0,0.15527344,0.007080078
PERCENT_DISCREPANCY,64,4,,124.94508,153.46281,199.9575,199.7243,199.9988,199.9966,0.0018475603,0.00017751154
FROM_STORAGE,65,4,0.0,13358.224,28.1846,2501.9468,4017.3838,0.0011139717,58.95155,31.023695,1.3671476
FROM_CONSTANT_HEAD,65,4,0.0,0.0,0.0,0.0,0.0,0.0,0.0,0.0,0.0
FROM_WELLS,65,4,0.0,4777.7715,18.260052,1438.9762,8504.589,0.0,0.0,77.06712,1081.1698
FROM_HEAD_DEP_BOUNDS,65,4,0.0,0.0,104.18652,0.0,0.0,0.0,0.0,0.0,0.0
FROM_RECHARGE,65,4,0.0,11435.957,1631.3204,4484.366,15251.537,1894.4105,2240.9023,1178.2632,2905.9722
FROM_STREAM_LEAKAGE,65,4,0.0,3500.0,1100.0,42041.727,3119.7043,36.521347,16.351604,0.0,0.0
FROM_STREAM_FLOW_OUT,65,4,0.0,173263.03,26465.953,798985700.0,119782570.0,2831799300.0,9008339000.0,0.0,0.0
FROM_ZONE_0,65,4,0.0,0.0,0.0,0.0,0.0,0.0,0.0,0.0,0.0
FROM_haweaflat,65,4,0.0,0.0,1134.481,30228.207,16174.584,0.0,0.0,0.0,0.0
FROM_moraine_top,65,4,0.0,2861.383,0.0,0.0,0.0,0.0,0.0,0.0,0.0
FROM_river_zone,65,4,0.0,14935.785,0.0,0.0,31738.28,0.0,42.277954,67.37233,0.0
FROM_main_terrace,65,4,0.0,854.6336,0.0,224.32796,0.0,6507.0356,66841.016,6125.4897,0.0
FROM_sandy_point,65,4,0.0,0.0,0.0,0.0,1680.8306,0.0,44.893925,0.0,0.0
FROM_clutha,65,4,0.0,0.0,0.0,3.334536,1717.8021,12.864994,0.0,920.6903,0.0
FROM_sub_terrace,65,4,0.0,0.0,0.0,74.12929,448.86777,0.0,7436.01,0.0,0.0
FROM_mangawera,65,4,0.0,0.0,0.0,3697.895,0.0,0.0,0.0,0.0,0.0
TOTAL_IN,65,4,0.0,224986.8,30482.385,799070460.0,119865224.0,2831807700.0,9008415000.0,8399.906,3988.5093
TO_STORAGE,65,4,0.0,0.0,0.00023910897,0.00020633131,1.4576625,0.001113099,0.050626367,0.0,0.00057543954
TO_CONSTANT_HEAD,65,4,0.0,0.0,0.0,0.0,0.0,0.0,0.0,0.0,0.0
TO_WELLS,65,4,0.0,4119.5796,0.0,0.0,445.89493,28.567646,0.0,440.7458,290.60635
TO_HEAD_DEP_BOUNDS,65,4,0.0,0.0,1154.917,0.0,0.0,0.0,0.0,0.0,0.0
TO_RECHARGE,65,4,0.0,0.0,0.0,0.0,0.0,0.0,0.0,0.0,0.0
TO_STREAM_LEAKAGE,65,4,0.0,0.0,0.0,37898.33,1633.7327,6696.405,74025.37,0.0,0.0
TO_STREAM_FLOW_OUT,65,4,0.0,0.0,0.0,0.0,0.0,0.0,0.0,0.0,0.0
TO_ZONE_0,65,4,0.0,0.0,0.0,0.0,0.0,0.0,0.0,0.0,0.0
TO_haweaflat,65,4,0.0,0.0,2861.383,14935.785,854.6336,0.0,0.0,0.0,0.0
TO_moraine_top,65,4,0.0,1134.481,0.0,0.0,0.0,0.0,0.0,0.0,0.0
TO_river_zone,65,4,0.0,30228.207,0.0,0.0,224.32796,0.0,3.334536,74.12929,3697.895
TO_main_terrace,65,4,0.0,16174.584,0.0,31738.28,0.0,1680.8306,1717.8021,448.86777,0.0
TO_sandy_point,65,4,0.0,0.0,0.0,0.0,6507.0356,0.0,12.864994,0.0,0.0
TO_clutha,65,4,0.0,0.0,0.0,42.277954,66841.016,44.893925,0.0,7436.01,0.0
TO_sub_terrace,65,4,0.0,0.0,0.0,67.37233,6125.4897,0.0,920.6903,0.0,0.0
TO_mangawera,65,4,0.0,0.0,0.0,0.0,0.0,0.0,0.0,0.0,0.0
TOTAL_OUT,65,4,0.0,51656.85,4016.3003,84682.05,82633.586,8450.698,76680.11,8399.753,3988.502
IN-OUT,65,4,0.0,173329.94,26466.084,798985800.0,119782590.0,2831799300.0,9008338000.0,0.15332031,0.0073242188
PERCENT_DISCREPANCY,65,4,,125.30917,153.43243,199.95763,199.72444,199.99881,199.9966,0.0018252787,0.00018363315
FROM_STORAGE,66,4,0.0,12850.024,26.393639,2369.4385,4004.6895,0.0011137975,58.891415,30.797318,1.3558521
FROM_CONSTANT_HEAD,66,4,0.0,0.0,0.0,0.0,0.0,0.0,0.0,0.0,0.0
FROM_WELLS,66,4,0.0,4777.7715,18.260052,1438.9762,8504.589,0.0,0.0,77.06712,1081.1698
FROM_HEAD_DEP_BOUNDS,66,4,0.0,0.0,110.9292,0.0,0.0,0.0,0.0,0.0,0.0
FROM_RECHARGE,66,4,0.0,11435.957,1631.3204,4484.366,15251.537,1894.4105,2240.9023,1178.2632,2905.9722
FROM_STREAM_LEAKAGE,66,4,0.0,3500.0,1100.0,42271.39,3119.7043,36.521347,16.351604,0.0,0.0
FROM_STREAM_FLOW_OUT,66,4,0.0,173263.03,26465.953,798913150.0,119781350.0,2831797500.0,9008333000.0,0.0,0.0
FROM_ZONE_0,66,4,0.0,0.0,0.0,0.0,0.0,0.0,0.0,0.0,0.0
FROM_haweaflat,66,4,0.0,0.0,1132.9614,29895.889,16121.658,0.0,0.0,0.0,0.0
FROM_moraine_top,66,4,0.0,2868.6418,0.0,0.0,0.0,0.0,0.0,0.0,0.0
FROM_river_zone,66,4,0.0,15048.032,0.0,0.0,31763.11,0.0,42.276318,67.45461,0.0
FROM_main_terrace,66,4,0.0,853.95044,0.0,222.90965,0.0,6507.0356,66805.19,6121.8657,0.0
FROM_sandy_point,66,4,0.0,0.0,0.0,0.0,1680.8306,0.0,44.893925,0.0,0.0
FROM_clutha,66,4,0.0,0.0,0.0,3.3344839,1716.5884,12.864994,0.0,920.068,0.0
FROM_sub_terrace,66,4,0.0,0.0,0.0,74.05266,449.01822,0.0,7431.546,0.0,0.0
FROM_mangawera,66,4,0.0,0.0,0.0,3697.884,0.0,0.0,0.0,0.0,0.0
TOTAL_IN,66,4,0.0,224597.4,30485.816,798997570.0,119863960.0,2831806000.0,9008409000.0,8395.517,3988.4978
TO_STORAGE,66,4,0.0,0.0,0.00022574284,0.00020824603,1.2059817,0.0011138109,0.035175838,0.0,0.0005878953
TO_CONSTANT_HEAD,66,4,0.0,0.0,0.0,0.0,0.0,0.0,0.0,0.0,0.0
TO_WELLS,66,4,0.0,4119.5796,0.0,0.0,445.89493,28.567646,0.0,440.7458,290.60635
TO_HEAD_DEP_BOUNDS,66,4,0.0,0.0,1151.102,0.0,0.0,0.0,0.0,0.0,0.0
TO_RECHARGE,66,4,0.0,0.0,0.0,0.0,0.0,0.0,0.0,0.0,0.0
TO_STREAM_LEAKAGE,66,4,0.0,0.0,0.0,37525.418,1633.7659,6696.405,73986.88,0.0,0.0
TO_STREAM_FLOW_OUT,66,4,0.0,0.0,0.0,0.0,0.0,0.0,0.0,0.0,0.0
TO_ZONE_0,66,4,0.0,0.0,0.0,0.0,0.0,0.0,0.0,0.0,0.0
TO_haweaflat,66,4,0.0,0.0,2868.6418,15048.032,853.95044,0.0,0.0,0.0,0.0
TO_moraine_top,66,4,0.0,1132.9614,0.0,0.0,0.0,0.0,0.0,0.0,0.0
TO_river_zone,66,4,0.0,29895.889,0.0,0.0,222.90965,0.0,3.3344839,74.05266,3697.884
TO_main_terrace,66,4,0.0,16121.658,0.0,31763.11,0.0,1680.8306,1716.5884,449.01822,0.0
TO_sandy_point,66,4,0.0,0.0,0.0,0.0,6507.0356,0.0,12.864994,0.0,0.0
TO_clutha,66,4,0.0,0.0,0.0,42.276318,66805.19,44.893925,0.0,7431.546,0.0
TO_sub_terrace,66,4,0.0,0.0,0.0,67.45461,6121.8657,0.0,920.068,0.0,0.0
TO_mangawera,66,4,0.0,0.0,0.0,0.0,0.0,0.0,0.0,0.0,0.0
TOTAL_OUT,66,4,0.0,51270.086,4019.7441,84446.29,82591.82,8450.698,76639.78,8395.362,3988.491
IN-OUT,66,4,0.0,173327.31,26466.072,798913150.0,119781370.0,2831797500.0,9008332000.0,0.15429688,0.0068359375
PERCENT_DISCREPANCY,66,4,,125.659836,153.40178,199.95775,199.72456,199.99881,199.99658,0.0018378653,0.00017139142
FROM_STORAGE,67,4,0.0,12371.723,24.805984,2244.855,3990.2356,0.0011129628,58.789627,30.553276,1.3450683
FROM_CONSTANT_HEAD,67,4,0.0,0.0,0.0,0.0,0.0,0.0,0.0,0.0,0.0
FROM_WELLS,67,4,0.0,4777.7715,18.260052,1438.9762,8504.589,0.0,0.0,77.06712,1081.1698
FROM_HEAD_DEP_BOUNDS,67,4,0.0,0.0,117.54004,0.0,0.0,0.0,0.0,0.0,0.0
FROM_RECHARGE,67,4,0.0,11435.957,1631.3204,4484.366,15251.537,1894.4105,2240.9023,1178.2632,2905.9722
FROM_STREAM_LEAKAGE,67,4,0.0,3500.0,1100.0,42488.93,3119.7043,36.521347,16.351604,0.0,0.0
FROM_STREAM_FLOW_OUT,67,4,0.0,173263.03,26465.953,798844700.0,119780216.0,2831796000.0,9008326000.0,0.0,0.0
FROM_ZONE_0,67,4,0.0,0.0,0.0,0.0,0.0,0.0,0.0,0.0,0.0
FROM_haweaflat,67,4,0.0,0.0,1131.5316,29582.264,16072.011,0.0,0.0,0.0,0.0
FROM_moraine_top,67,4,0.0,2875.4436,0.0,0.0,0.0,0.0,0.0,0.0,0.0
FROM_river_zone,67,4,0.0,15153.093,0.0,0.0,31787.332,0.0,42.27466,67.53466,0.0
FROM_main_terrace,67,4,0.0,853.2636,0.0,221.52939,0.0,6507.0356,66770.14,6118.342,0.0
FROM_sandy_point,67,4,0.0,0.0,0.0,0.0,1680.8306,0.0,44.893925,0.0,0.0
FROM_clutha,67,4,0.0,0.0,0.0,3.334431,1715.4401,12.864994,0.0,919.46124,0.0
FROM_sub_terrace,67,4,0.0,0.0,0.0,73.97755,449.1587,0.0,7427.187,0.0,0.0
FROM_mangawera,67,4,0.0,0.0,0.0,3697.873,0.0,0.0,0.0,0.0,0.0
TOTAL_IN,67,4,0.0,224230.28,30489.41,798928900.0,119862776.0,2831804400.0,9008401000.0,8391.221,3988.487
TO_STORAGE,67,4,0.0,0.0,0.00020092947,0.00021305578,1.0141318,0.001114324,0.022649396,0.0,0.00060189655
TO_CONSTANT_HEAD,67,4,0.0,0.0,0.0,0.0,0.0,0.0,0.0,0.0,0.0
TO_WELLS,67,4,0.0,4119.5796,0.0,0.0,445.89493,28.567646,0.0,440.7458,290.60635
TO_HEAD_DEP_BOUNDS,67,4,0.0,0.0,1147.9072,0.0,0.0,0.0,0.0,0.0,0.0
TO_RECHARGE,67,4,0.0,0.0,0.0,0.0,0.0,0.0,0.0,0.0,0.0
TO_STREAM_LEAKAGE,67,4,0.0,0.0,0.0,37174.445,1633.7659,6696.405,73949.266,0.0,0.0
TO_STREAM_FLOW_OUT,67,4,0.0,0.0,0.0,0.0,0.0,0.0,0.0,0.0,0.0
TO_ZONE_0,67,4,0.0,0.0,0.0,0.0,0.0,0.0,0.0,0.0,0.0
TO_haweaflat,67,4,0.0,0.0,2875.4436,15153.093,853.2636,0.0,0.0,0.0,0.0
TO_moraine_top,67,4,0.0,1131.5316,0.0,0.0,0.0,0.0,0.0,0.0,0.0
TO_river_zone,67,4,0.0,29582.264,0.0,0.0,221.52939,0.0,3.334431,73.97755,3697.873
TO_main_terrace,67,4,0.0,16072.011,0.0,31787.332,0.0,1680.8306,1715.4401,449.1587,0.0
TO_sandy_point,67,4,0.0,0.0,0.0,0.0,6507.0356,0.0,12.864994,0.0,0.0
TO_clutha,67,4,0.0,0.0,0.0,42.27466,66770.14,44.893925,0.0,7427.187,0.0
TO_sub_terrace,67,4,0.0,0.0,0.0,67.53466,6118.342,0.0,919.46124,0.0,0.0
TO_mangawera,67,4,0.0,0.0,0.0,0.0,0.0,0.0,0.0,0.0,0.0
TOTAL_OUT,67,4,0.0,50905.387,4023.351,84224.68,82550.984,8450.698,76600.39,8391.069,3988.48
IN-OUT,67,4,0.0,173324.89,26466.059,798844700.0,119780220.0,2831796000.0,9008325000.0,0.15136719,0.007080078
PERCENT_DISCREPANCY,67,4,,125.992325,153.36969,199.95784,199.72472,199.9988,199.99658,0.0018038921,0.00017751304
FROM_STORAGE,68,4,0.0,11908.839,23.37264,2128.7827,3974.63,0.0011125405,58.647453,30.288004,1.3344288
FROM_CONSTANT_HEAD,68,4,0.0,0.0,0.0,0.0,0.0,0.0,0.0,0.0,0.0
FROM_WELLS,68,4,0.0,4777.7715,18.260052,1438.9762,8504.589,0.0,0.0,77.06712,1081.1698
FROM_HEAD_DEP_BOUNDS,68,4,0.0,0.0,123.89551,0.0,0.0,0.0,0.0,0.0,0.0
FROM_RECHARGE,68,4,0.0,11435.957,1631.3204,4484.366,15251.537,1894.4105,2240.9023,1178.2632,2905.9722
FROM_STREAM_LEAKAGE,68,4,0.0,3500.0,1100.0,42700.484,3119.7043,36.521347,16.351604,0.0,0.0
FROM_STREAM_FLOW_OUT,68,4,0.0,173263.03,26465.953,798778750.0,119779096.0,2831794200.0,9008319000.0,0.0,0.0
FROM_ZONE_0,68,4,0.0,0.0,0.0,0.0,0.0,0.0,0.0,0.0,0.0
FROM_haweaflat,68,4,0.0,0.0,1130.1616,29279.992,16023.883,0.0,0.0,0.0,0.0
FROM_moraine_top,68,4,0.0,2881.9644,0.0,0.0,0.0,0.0,0.0,0.0,0.0
FROM_river_zone,68,4,0.0,15256.042,0.0,0.0,31811.389,0.0,42.272995,67.61383,0.0
FROM_main_terrace,68,4,0.0,852.5958,0.0,220.16191,0.0,6507.0356,66735.24,6114.855,0.0
FROM_sandy_point,68,4,0.0,0.0,0.0,0.0,1680.8306,0.0,44.893925,0.0,0.0
FROM_clutha,68,4,0.0,0.0,0.0,3.3343763,1714.3333,12.864994,0.0,918.859,0.0
FROM_sub_terrace,68,4,0.0,0.0,0.0,73.90265,449.29227,0.0,7422.854,0.0,0.0
FROM_mangawera,68,4,0.0,0.0,0.0,3697.8628,0.0,0.0,0.0,0.0,0.0
TOTAL_IN,68,4,0.0,223876.2,30492.963,798862700.0,119861620.0,2831802600.0,9008395000.0,8386.946,3988.4766
TO_STORAGE,68,4,0.0,0.0,0.00020456545,0.00020821748,0.8473221,0.0011151314,0.01259047,0.0,0.00048746017
TO_CONSTANT_HEAD,68,4,0.0,0.0,0.0,0.0,0.0,0.0,0.0,0.0,0.0
TO_WELLS,68,4,0.0,4119.5796,0.0,0.0,445.89493,28.567646,0.0,440.7458,290.60635
TO_HEAD_DEP_BOUNDS,68,4,0.0,0.0,1144.9448,0.0,0.0,0.0,0.0,0.0,0.0
TO_RECHARGE,68,4,0.0,0.0,0.0,0.0,0.0,0.0,0.0,0.0,0.0
TO_STREAM_LEAKAGE,68,4,0.0,0.0,0.0,36840.008,1633.7659,6696.405,73911.445,0.0,0.0
TO_STREAM_FLOW_OUT,68,4,0.0,0.0,0.0,0.0,0.0,0.0,0.0,0.0,0.0
TO_ZONE_0,68,4,0.0,0.0,0.0,0.0,0.0,0.0,0.0,0.0,0.0
TO_haweaflat,68,4,0.0,0.0,2881.9644,15256.042,852.5958,0.0,0.0,0.0,0.0
TO_moraine_top,68,4,0.0,1130.1616,0.0,0.0,0.0,0.0,0.0,0.0,0.0
TO_river_zone,68,4,0.0,29279.992,0.0,0.0,220.16191,0.0,3.3343763,73.90265,3697.8628
TO_main_terrace,68,4,0.0,16023.883,0.0,31811.389,0.0,1680.8306,1714.3333,449.29227,0.0
TO_sandy_point,68,4,0.0,0.0,0.0,0.0,6507.0356,0.0,12.864994,0.0,0.0
TO_clutha,68,4,0.0,0.0,0.0,42.272995,66735.24,44.893925,0.0,7422.854,0.0
TO_sub_terrace,68,4,0.0,0.0,0.0,67.61383,6114.855,0.0,918.859,0.0,0.0
TO_mangawera,68,4,0.0,0.0,0.0,0.0,0.0,0.0,0.0,0.0,0.0
TOTAL_OUT,68,4,0.0,50553.617,4026.9094,84017.33,82510.4,8450.698,76560.86,8386.795,3988.4697
IN-OUT,68,4,0.0,173322.6,26466.053,798778700.0,119779100.0,2831794200.0,9008318000.0,0.15136719,0.0068359375
PERCENT_DISCREPANCY,68,4,,126.314705,153.33807,199.95792,199.72482,199.99881,199.99658,0.0018048112,0.00017139234
FROM_STORAGE,69,4,0.0,11472.232,22.04441,2019.3883,3957.0676,0.0011104326,58.46974,30.006477,1.3243395
FROM_CONSTANT_HEAD,69,4,0.0,0.0,0.0,0.0,0.0,0.0,0.0,0.0,0.0
FROM_WELLS,69,4,0.0,4777.7715,18.260052,1438.9762,8504.589,0.0,0.0,77.06712,1081.1698
FROM_HEAD_DEP_BOUNDS,69,4,0.0,0.0,129.93604,0.0,0.0,0.0,0.0,0.0,0.0
FROM_RECHARGE,69,4,0.0,11435.957,1631.3204,4484.366,15251.537,1894.4105,2240.9023,1178.2632,2905.9722
FROM_STREAM_LEAKAGE,69,4,0.0,3500.0,1100.0,42910.04,3119.7043,36.521347,16.351604,0.0,0.0
FROM_STREAM_FLOW_OUT,69,4,0.0,173263.03,26465.953,798716540.0,119778000.0,2831791000.0,9008309000.0,0.0,0.0
FROM_ZONE_0,69,4,0.0,0.0,0.0,0.0,0.0,0.0,0.0,0.0,0.0
FROM_haweaflat,69,4,0.0,0.0,1128.8667,28994.027,15979.061,0.0,0.0,0.0,0.0
FROM_moraine_top,69,4,0.0,2888.0789,0.0,0.0,0.0,0.0,0.0,0.0,0.0
FROM_river_zone,69,4,0.0,15353.0,0.0,0.0,31834.893,0.0,42.271324,67.69104,0.0
FROM_main_terrace,69,4,0.0,851.9406,0.0,218.82867,0.0,6507.0356,66701.02,6111.4585,0.0
FROM_sandy_point,69,4,0.0,0.0,0.0,0.0,1680.8306,0.0,44.893925,0.0,0.0
FROM_clutha,69,4,0.0,0.0,0.0,3.3343227,1713.2838,12.864994,0.0,918.2707,0.0
FROM_sub_terrace,69,4,0.0,0.0,0.0,73.82903,449.41696,0.0,7418.615,0.0,0.0
FROM_mangawera,69,4,0.0,0.0,0.0,3697.8528,0.0,0.0,0.0,0.0,0.0
TOTAL_IN,69,4,0.0,223542.02,30496.38,798800400.0,119860480.0,2831799600.0,9008385000.0,8382.757,3988.4663
TO_STORAGE,69,4,0.0,0.0,0.00022395526,0.00021488457,0.70688945,0.0011143911,0.0051137717,0.0,0.00047767803
TO_CONSTANT_HEAD,69,4,0.0,0.0,0.0,0.0,0.0,0.0,0.0,0.0,0.0
TO_WELLS,69,4,0.0,4119.5796,0.0,0.0,445.89493,28.567646,0.0,440.7458,290.60635
TO_HEAD_DEP_BOUNDS,69,4,0.0,0.0,1142.2422,0.0,0.0,0.0,0.0,0.0,0.0
TO_RECHARGE,69,4,0.0,0.0,0.0,0.0,0.0,0.0,0.0,0.0,0.0
TO_STREAM_LEAKAGE,69,4,0.0,0.0,0.0,36532.887,1633.7991,6696.405,73874.555,0.0,0.0
TO_STREAM_FLOW_OUT,69,4,0.0,0.0,0.0,0.0,0.0,0.0,0.0,0.0,0.0
TO_ZONE_0,69,4,0.0,0.0,0.0,0.0,0.0,0.0,0.0,0.0,0.0
TO_haweaflat,69,4,0.0,0.0,2888.0789,15353.0,851.9406,0.0,0.0,0.0,0.0
TO_moraine_top,69,4,0.0,1128.8667,0.0,0.0,0.0,0.0,0.0,0.0,0.0
TO_river_zone,69,4,0.0,28994.027,0.0,0.0,218.82867,0.0,3.3343227,73.82903,3697.8528
TO_main_terrace,69,4,0.0,15979.061,0.0,31834.893,0.0,1680.8306,1713.2838,449.41696,0.0
TO_sandy_point,69,4,0.0,0.0,0.0,0.0,6507.0356,0.0,12.864994,0.0,0.0
TO_clutha,69,4,0.0,0.0,0.0,42.271324,66701.02,44.893925,0.0,7418.615,0.0
TO_sub_terrace,69,4,0.0,0.0,0.0,67.69104,6111.4585,0.0,918.2707,0.0,0.0
TO_mangawera,69,4,0.0,0.0,0.0,0.0,0.0,0.0,0.0,0.0,0.0
TOTAL_OUT,69,4,0.0,50221.53,4030.3213,83830.74,82470.69,8450.698,76522.32,8382.607,3988.4597
IN-OUT,69,4,0.0,173320.48,26466.059,798716540.0,119778010.0,2831791000.0,9008308000.0,0.14941406,0.006591797
PERCENT_DISCREPANCY,69,4,,126.62056,153.30775,199.95802,199.72496,199.99881,199.9966,0.0017824137,0.00016527162
FROM_STORAGE,70,4,0.0,11048.57,20.793863,1914.3344,3938.2646,0.0011100152,58.259132,29.706264,1.3143196
FROM_CONSTANT_HEAD,70,4,0.0,0.0,0.0,0.0,0.0,0.0,0.0,0.0,0.0
FROM_WELLS,70,4,0.0,4777.7715,18.260052,1438.9762,8504.589,0.0,0.0,77.06712,1081.1698
FROM_HEAD_DEP_BOUNDS,70,4,0.0,0.0,135.77295,0.0,0.0,0.0,0.0,0.0,0.0
FROM_RECHARGE,70,4,0.0,11435.957,1631.3204,4484.366,15251.537,1894.4105,2240.9023,1178.2632,2905.9722
FROM_STREAM_LEAKAGE,70,4,0.0,3500.0,1100.0,43113.11,3119.7043,36.521347,16.351604,0.0,0.0
FROM_STREAM_FLOW_OUT,70,4,0.0,173263.03,26465.953,798656300.0,119777000.0,2831790000.0,9008304000.0,0.0,0.0
FROM_ZONE_0,70,4,0.0,0.0,0.0,0.0,0.0,0.0,0.0,0.0,0.0
FROM_haweaflat,70,4,0.0,0.0,1127.6194,28716.803,15935.305,0.0,0.0,0.0,0.0
FROM_moraine_top,70,4,0.0,2893.9844,0.0,0.0,0.0,0.0,0.0,0.0,0.0
FROM_river_zone,70,4,0.0,15447.084,0.0,0.0,31858.424,0.0,42.269627,67.76809,0.0
FROM_main_terrace,70,4,0.0,851.25916,0.0,217.4962,0.0,6507.0356,66666.68,6108.0664,0.0
FROM_sandy_point,70,4,0.0,0.0,0.0,0.0,1680.8306,0.0,44.893925,0.0,0.0
FROM_clutha,70,4,0.0,0.0,0.0,3.3342671,1712.2646,12.864994,0.0,917.68195,0.0
FROM_sub_terrace,70,4,0.0,0.0,0.0,73.755,449.5368,0.0,7414.367,0.0,0.0
FROM_mangawera,70,4,0.0,0.0,0.0,3697.8428,0.0,0.0,0.0,0.0,0.0
TOTAL_IN,70,4,0.0,223217.66,30499.72,798740000.0,119859450.0,2831798500.0,9008380000.0,8378.553,3988.4563
TO_STORAGE,70,4,0.0,0.0,0.00022430622,0.0002221463,0.61334044,0.0011152445,0.0011300533,0.0,0.00044305046
TO_CONSTANT_HEAD,70,4,0.0,0.0,0.0,0.0,0.0,0.0,0.0,0.0,0.0
TO_WELLS,70,4,0.0,4119.5796,0.0,0.0,445.89493,28.567646,0.0,440.7458,290.60635
TO_HEAD_DEP_BOUNDS,70,4,0.0,0.0,1139.6841,0.0,0.0,0.0,0.0,0.0,0.0
TO_RECHARGE,70,4,0.0,0.0,0.0,0.0,0.0,0.0,0.0,0.0,0.0
TO_STREAM_LEAKAGE,70,4,0.0,0.0,0.0,36234.65,1633.7991,6696.405,73837.27,0.0,0.0
TO_STREAM_FLOW_OUT,70,4,0.0,0.0,0.0,0.0,0.0,0.0,0.0,0.0,0.0
TO_ZONE_0,70,4,0.0,0.0,0.0,0.0,0.0,0.0,0.0,0.0,0.0
TO_haweaflat,70,4,0.0,0.0,2893.9844,15447.084,851.25916,0.0,0.0,0.0,0.0
TO_moraine_top,70,4,0.0,1127.6194,0.0,0.0,0.0,0.0,0.0,0.0,0.0
TO_river_zone,70,4,0.0,28716.803,0.0,0.0,217.4962,0.0,3.3342671,73.755,3697.8428
TO_main_terrace,70,4,0.0,15935.305,0.0,31858.424,0.0,1680.8306,1712.2646,449.5368,0.0
TO_sandy_point,70,4,0.0,0.0,0.0,0.0,6507.0356,0.0,12.864994,0.0,0.0
TO_clutha,70,4,0.0,0.0,0.0,42.269627,66666.68,44.893925,0.0,7414.367,0.0
TO_sub_terrace,70,4,0.0,0.0,0.0,67.76809,6108.0664,0.0,917.68195,0.0,0.0
TO_mangawera,70,4,0.0,0.0,0.0,0.0,0.0,0.0,0.0,0.0,0.0
TOTAL_OUT,70,4,0.0,49899.305,4033.6687,83650.195,82430.84,8450.698,76483.42,8378.404,3988.4497
IN-OUT,70,4,0.0,173318.34,26466.053,798656300.0,119777016.0,2831790000.0,9008303000.0,0.1484375,0.006591797
PERCENT_DISCREPANCY,70,4,,126.91876,153.27805,199.95811,199.72508,199.99883,199.9966,0.0017716523,0.00016527201
FROM_STORAGE,71,4,0.0,10648.761,19.611748,1816.2302,3918.9807,0.001109402,58.03066,29.401768,1.3047339
FROM_CONSTANT_HEAD,71,4,0.0,0.0,0.0,0.0,0.0,0.0,0.0,0.0,0.0
FROM_WELLS,71,4,0.0,4777.7715,18.260052,1438.9762,8504.589,0.0,0.0,77.06712,1081.1698
FROM_HEAD_DEP_BOUNDS,71,4,0.0,0.0,141.22363,0.0,0.0,0.0,0.0,0.0,0.0
FROM_RECHARGE,71,4,0.0,11435.957,1631.3204,4484.366,15251.537,1894.4105,2240.9023,1178.2632,2905.9722
FROM_STREAM_LEAKAGE,71,4,0.0,3500.0,1100.0,43304.29,3119.7043,36.521347,16.351604,0.0,0.0
FROM_STREAM_FLOW_OUT,71,4,0.0,173263.03,26465.953,798599200.0,119776020.0,2831787800.0,9008296000.0,0.0,0.0
FROM_ZONE_0,71,4,0.0,0.0,0.0,0.0,0.0,0.0,0.0,0.0,0.0
FROM_haweaflat,71,4,0.0,0.0,1126.4575,28460.312,15893.599,0.0,0.0,0.0,0.0
FROM_moraine_top,71,4,0.0,2899.481,0.0,0.0,0.0,0.0,0.0,0.0,0.0
FROM_river_zone,71,4,0.0,15540.569,0.0,0.0,31881.322,0.0,42.267918,67.84286,0.0
FROM_main_terrace,71,4,0.0,850.573,0.0,216.20123,0.0,6507.0356,66633.17,6104.7715,0.0
FROM_sandy_point,71,4,0.0,0.0,0.0,0.0,1680.8306,0.0,44.893925,0.0,0.0
FROM_clutha,71,4,0.0,0.0,0.0,3.3342116,1711.3009,12.864994,0.0,917.1094,0.0
FROM_sub_terrace,71,4,0.0,0.0,0.0,73.68274,449.6502,0.0,7410.2305,0.0,0.0
FROM_mangawera,71,4,0.0,0.0,0.0,3697.8335,0.0,0.0,0.0,0.0,0.0
TOTAL_IN,71,4,0.0,222916.14,30502.826,798682700.0,119858424.0,2831796200.0,9008372000.0,8374.456,3988.4468
TO_STORAGE,71,4,0.0,0.0,0.00021800085,0.00020922195,0.5451855,0.0011161065,0.00080880674,0.0,0.00050502236
TO_CONSTANT_HEAD,71,4,0.0,0.0,0.0,0.0,0.0,0.0,0.0,0.0,0.0
TO_WELLS,71,4,0.0,4119.5796,0.0,0.0,445.89493,28.567646,0.0,440.7458,290.60635
TO_HEAD_DEP_BOUNDS,71,4,0.0,0.0,1137.312,0.0,0.0,0.0,0.0,0.0,0.0
TO_RECHARGE,71,4,0.0,0.0,0.0,0.0,0.0,0.0,0.0,0.0,0.0
TO_STREAM_LEAKAGE,71,4,0.0,0.0,0.0,35954.03,1633.7991,6696.405,73801.02,0.0,0.0
TO_STREAM_FLOW_OUT,71,4,0.0,0.0,0.0,0.0,0.0,0.0,0.0,0.0,0.0
TO_ZONE_0,71,4,0.0,0.0,0.0,0.0,0.0,0.0,0.0,0.0,0.0
TO_haweaflat,71,4,0.0,0.0,2899.481,15540.569,850.573,0.0,0.0,0.0,0.0
TO_moraine_top,71,4,0.0,1126.4575,0.0,0.0,0.0,0.0,0.0,0.0,0.0
TO_river_zone,71,4,0.0,28460.312,0.0,0.0,216.20123,0.0,3.3342116,73.68274,3697.8335
TO_main_terrace,71,4,0.0,15893.599,0.0,31881.322,0.0,1680.8306,1711.3009,449.6502,0.0
TO_sandy_point,71,4,0.0,0.0,0.0,0.0,6507.0356,0.0,12.864994,0.0,0.0
TO_clutha,71,4,0.0,0.0,0.0,42.267918,66633.17,44.893925,0.0,7410.2305,0.0
TO_sub_terrace,71,4,0.0,0.0,0.0,67.84286,6104.7715,0.0,917.1094,0.0,0.0
TO_mangawera,71,4,0.0,0.0,0.0,0.0,0.0,0.0,0.0,0.0,0.0
TOTAL_OUT,71,4,0.0,49599.95,4036.7932,83486.03,82391.99,8450.698,76445.64,8374.31,3988.4404
IN-OUT,71,4,0.0,173316.19,26466.033,798599230.0,119776030.0,2831787800.0,9008295000.0,0.14648438,0.0063476562
PERCENT_DISCREPANCY,71,4,,127.19702,153.25027,199.9582,199.72522,199.9988,199.99658,0.0017491961,0.00015915121
FROM_STORAGE,72,4,0.0,10266.966,18.509232,1723.946,3899.0698,0.0011085467,57.78602,29.093641,1.2954012
FROM_CONSTANT_HEAD,72,4,0.0,0.0,0.0,0.0,0.0,0.0,0.0,0.0,0.0
FROM_WELLS,72,4,0.0,4777.7715,18.260052,1438.9762,8504.589,0.0,0.0,77.06712,1081.1698
FROM_HEAD_DEP_BOUNDS,72,4,0.0,0.0,146.3789,0.0,0.0,0.0,0.0,0.0,0.0
FROM_RECHARGE,72,4,0.0,11435.957,1631.3204,4484.366,15251.537,1894.4105,2240.9023,1178.2632,2905.9722
FROM_STREAM_LEAKAGE,72,4,0.0,3500.0,1100.0,43486.46,3119.7043,36.521347,16.351604,0.0,0.0
FROM_STREAM_FLOW_OUT,72,4,0.0,173263.03,26465.953,798545150.0,119775110.0,2831786500.0,9008292000.0,0.0,0.0
FROM_ZONE_0,72,4,0.0,0.0,0.0,0.0,0.0,0.0,0.0,0.0,0.0
FROM_haweaflat,72,4,0.0,0.0,1125.3618,28217.48,15853.42,0.0,0.0,0.0,0.0
FROM_moraine_top,72,4,0.0,2904.6853,0.0,0.0,0.0,0.0,0.0,0.0,0.0
FROM_river_zone,72,4,0.0,15631.967,0.0,0.0,31903.846,0.0,42.26625,67.91632,0.0
FROM_main_terrace,72,4,0.0,849.8865,0.0,214.92903,0.0,6507.0356,66600.14,6101.5356,0.0
FROM_sandy_point,72,4,0.0,0.0,0.0,0.0,1680.8306,0.0,44.893925,0.0,0.0
FROM_clutha,72,4,0.0,0.0,0.0,3.334156,1710.379,12.864994,0.0,916.54626,0.0
FROM_sub_terrace,72,4,0.0,0.0,0.0,73.611435,449.7595,0.0,7406.1606,0.0,0.0
FROM_mangawera,72,4,0.0,0.0,0.0,3697.8237,0.0,0.0,0.0,0.0,0.0
TOTAL_IN,72,4,0.0,222630.27,30505.783,798628500.0,119857490.0,2831795000.0,9008368000.0,8370.422,3988.4375
TO_STORAGE,72,4,0.0,0.0,0.00021390992,0.00020819117,0.4902217,0.0011171084,0.00079528627,0.0,0.00053754123
TO_CONSTANT_HEAD,72,4,0.0,0.0,0.0,0.0,0.0,0.0,0.0,0.0,0.0
TO_WELLS,72,4,0.0,4119.5796,0.0,0.0,445.89493,28.567646,0.0,440.7458,290.60635
TO_HEAD_DEP_BOUNDS,72,4,0.0,0.0,1135.061,0.0,0.0,0.0,0.0,0.0,0.0
TO_RECHARGE,72,4,0.0,0.0,0.0,0.0,0.0,0.0,0.0,0.0,0.0
TO_STREAM_LEAKAGE,72,4,0.0,0.0,0.0,35686.312,1633.7991,6696.405,73765.1,0.0,0.0
TO_STREAM_FLOW_OUT,72,4,0.0,0.0,0.0,0.0,0.0,0.0,0.0,0.0,0.0
TO_ZONE_0,72,4,0.0,0.0,0.0,0.0,0.0,0.0,0.0,0.0,0.0
TO_haweaflat,72,4,0.0,0.0,2904.6853,15631.967,849.8865,0.0,0.0,0.0,0.0
TO_moraine_top,72,4,0.0,1125.3618,0.0,0.0,0.0,0.0,0.0,0.0,0.0
TO_river_zone,72,4,0.0,28217.48,0.0,0.0,214.92903,0.0,3.334156,73.611435,3697.8237
TO_main_terrace,72,4,0.0,15853.42,0.0,31903.846,0.0,1680.8306,1710.379,449.7595,0.0
TO_sandy_point,72,4,0.0,0.0,0.0,0.0,6507.0356,0.0,12.864994,0.0,0.0
TO_clutha,72,4,0.0,0.0,0.0,42.26625,66600.14,44.893925,0.0,7406.1606,0.0
TO_sub_terrace,72,4,0.0,0.0,0.0,67.91632,6101.5356,0.0,916.54626,0.0,0.0
TO_mangawera,72,4,0.0,0.0,0.0,0.0,0.0,0.0,0.0,0.0,0.0
TOTAL_OUT,72,4,0.0,49315.844,4039.7466,83332.305,82353.71,8450.698,76408.234,8370.277,3988.4307
IN-OUT,72,4,0.0,173314.42,26466.037,798545150.0,119775140.0,2831786500.0,9008291000.0,0.14453125,0.0068359375
PERCENT_DISCREPANCY,72,4,,127.46232,153.22409,199.95828,199.72536,199.99881,199.9966,0.001726705,0.00017139401
FROM_STORAGE,73,4,0.0,9898.428,17.473818,1636.0626,3878.221,0.001107702,57.527924,28.781446,1.2861408
FROM_CONSTANT_HEAD,73,4,0.0,0.0,0.0,0.0,0.0,0.0,0.0,0.0,0.0
FROM_WELLS,73,4,0.0,4777.7715,18.260052,1438.9762,8504.589,0.0,0.0,77.06712,1081.1698
FROM_HEAD_DEP_BOUNDS,73,4,0.0,0.0,151.30078,0.0,0.0,0.0,0.0,0.0,0.0
FROM_RECHARGE,73,4,0.0,11435.957,1631.3204,4484.366,15251.537,1894.4105,2240.9023,1178.2632,2905.9722
FROM_STREAM_LEAKAGE,73,4,0.0,3500.0,1100.0,43661.88,3119.7043,36.521347,16.351604,0.0,0.0
FROM_STREAM_FLOW_OUT,73,4,0.0,173263.03,26465.953,798493060.0,119774216.0,2831784400.0,9008284000.0,0.0,0.0
FROM_ZONE_0,73,4,0.0,0.0,0.0,0.0,0.0,0.0,0.0,0.0,0.0
FROM_haweaflat,73,4,0.0,0.0,1124.3124,27983.307,15814.438,0.0,0.0,0.0,0.0
FROM_moraine_top,73,4,0.0,2909.669,0.0,0.0,0.0,0.0,0.0,0.0,0.0
FROM_river_zone,73,4,0.0,15720.177,0.0,0.0,31926.232,0.0,42.26452,67.98914,0.0
FROM_main_terrace,73,4,0.0,849.1898,0.0,213.66573,0.0,6507.0356,66567.234,6098.3213,0.0
FROM_sandy_point,73,4,0.0,0.0,0.0,0.0,1680.8306,0.0,44.893925,0.0,0.0
FROM_clutha,73,4,0.0,0.0,0.0,3.3340983,1709.4861,12.864994,0.0,915.9869,0.0
FROM_sub_terrace,73,4,0.0,0.0,0.0,73.54034,449.86642,0.0,7402.1143,0.0,0.0
FROM_mangawera,73,4,0.0,0.0,0.0,3697.8147,0.0,0.0,0.0,0.0,0.0
TOTAL_IN,73,4,0.0,222354.22,30508.621,798576200.0,119856550.0,2831793000.0,9008359000.0,8366.409,3988.4282
TO_STORAGE,73,4,0.0,0.0,0.00023391939,0.00021652298,0.4410221,0.0011180453,0.0007841253,0.0,0.00050573674
TO_CONSTANT_HEAD,73,4,0.0,0.0,0.0,0.0,0.0,0.0,0.0,0.0,0.0
TO_WELLS,73,4,0.0,4119.5796,0.0,0.0,445.89493,28.567646,0.0,440.7458,290.60635
TO_HEAD_DEP_BOUNDS,73,4,0.0,0.0,1132.9214,0.0,0.0,0.0,0.0,0.0,0.0
TO_RECHARGE,73,4,0.0,0.0,0.0,0.0,0.0,0.0,0.0,0.0,0.0
TO_STREAM_LEAKAGE,73,4,0.0,0.0,0.0,35428.387,1633.7991,6696.405,73729.305,0.0,0.0
TO_STREAM_FLOW_OUT,73,4,0.0,0.0,0.0,0.0,0.0,0.0,0.0,0.0,0.0
TO_ZONE_0,73,4,0.0,0.0,0.0,0.0,0.0,0.0,0.0,0.0,0.0
TO_haweaflat,73,4,0.0,0.0,2909.669,15720.177,849.1898,0.0,0.0,0.0,0.0
TO_moraine_top,73,4,0.0,1124.3124,0.0,0.0,0.0,0.0,0.0,0.0,0.0
TO_river_zone,73,4,0.0,27983.307,0.0,0.0,213.66573,0.0,3.3340983,73.54034,3697.8147
TO_main_terrace,73,4,0.0,15814.438,0.0,31926.232,0.0,1680.8306,1709.4861,449.86642,0.0
TO_sandy_point,73,4,0.0,0.0,0.0,0.0,6507.0356,0.0,12.864994,0.0,0.0
TO_clutha,73,4,0.0,0.0,0.0,42.26452,66567.234,44.893925,0.0,7402.1143,0.0
TO_sub_terrace,73,4,0.0,0.0,0.0,67.98914,6098.3213,0.0,915.9869,0.0,0.0
TO_mangawera,73,4,0.0,0.0,0.0,0.0,0.0,0.0,0.0,0.0,0.0
TOTAL_OUT,73,4,0.0,49041.637,4042.5906,83185.055,82315.58,8450.698,76370.98,8366.267,3988.4216
IN-OUT,73,4,0.0,173312.58,26466.031,798493000.0,119774240.0,2831784400.0,9008283000.0,0.14257812,0.006591797
PERCENT_DISCREPANCY,73,4,,127.719406,153.19885,199.95833,199.72548,199.9988,199.99658,0.001704188,0.00016527319
FROM_STORAGE,74,4,0.0,9553.986,16.54122,1554.9227,3856.786,0.0011077834,57.26886,28.476421,1.2772882
FROM_CONSTANT_HEAD,74,4,0.0,0.0,0.0,0.0,0.0,0.0,0.0,0.0,0.0
FROM_WELLS,74,4,0.0,4777.7715,18.260052,1438.9762,8504.589,0.0,0.0,77.06712,1081.1698
FROM_HEAD_DEP_BOUNDS,74,4,0.0,0.0,155.86182,0.0,0.0,0.0,0.0,0.0,0.0
FROM_RECHARGE,74,4,0.0,11435.957,1631.3204,4484.366,15251.537,1894.4105,2240.9023,1178.2632,2905.9722
FROM_STREAM_LEAKAGE,74,4,0.0,3500.0,1100.0,43834.895,3119.7043,36.521347,16.351604,0.0,0.0
FROM_STREAM_FLOW_OUT,74,4,0.0,173263.03,26465.953,798444400.0,119773370.0,2831782400.0,9008278000.0,0.0,0.0
FROM_ZONE_0,74,4,0.0,0.0,0.0,0.0,0.0,0.0,0.0,0.0,0.0
FROM_haweaflat,74,4,0.0,0.0,1123.3726,27764.355,15778.114,0.0,0.0,0.0,0.0
FROM_moraine_top,74,4,0.0,2914.3406,0.0,0.0,0.0,0.0,0.0,0.0,0.0
FROM_river_zone,74,4,0.0,15802.7,0.0,0.0,31947.8,0.0,42.262882,68.05923,0.0
FROM_main_terrace,74,4,0.0,848.4989,0.0,212.44977,0.0,6507.0356,66535.46,6095.228,0.0
FROM_sandy_point,74,4,0.0,0.0,0.0,0.0,1680.8306,0.0,44.89393,0.0,0.0
FROM_clutha,74,4,0.0,0.0,0.0,3.3340418,1708.6459,12.864994,0.0,915.448,0.0
FROM_sub_terrace,74,4,0.0,0.0,0.0,73.47172,449.9683,0.0,7398.2144,0.0,0.0
FROM_mangawera,74,4,0.0,0.0,0.0,3697.8062,0.0,0.0,0.0,0.0,0.0
TOTAL_IN,74,4,0.0,222096.3,30511.31,798527500.0,119855660.0,2831790800.0,9008353000.0,8362.542,3988.4194
TO_STORAGE,74,4,0.0,0.0,0.00022344053,0.00022523642,0.39602697,0.0011203745,0.00077820977,0.0,0.00046910596
TO_CONSTANT_HEAD,74,4,0.0,0.0,0.0,0.0,0.0,0.0,0.0,0.0,0.0
TO_WELLS,74,4,0.0,4119.5796,0.0,0.0,445.89493,28.567646,0.0,440.7458,290.60635
TO_HEAD_DEP_BOUNDS,74,4,0.0,0.0,1130.9434,0.0,0.0,0.0,0.0,0.0,0.0
TO_RECHARGE,74,4,0.0,0.0,0.0,0.0,0.0,0.0,0.0,0.0,0.0
TO_STREAM_LEAKAGE,74,4,0.0,0.0,0.0,35195.785,1633.7991,6696.405,73694.94,0.0,0.0
TO_STREAM_FLOW_OUT,74,4,0.0,0.0,0.0,0.0,0.0,0.0,0.0,0.0,0.0
TO_ZONE_0,74,4,0.0,0.0,0.0,0.0,0.0,0.0,0.0,0.0,0.0
TO_haweaflat,74,4,0.0,0.0,2914.3406,15802.7,848.4989,0.0,0.0,0.0,0.0
TO_moraine_top,74,4,0.0,1123.3726,0.0,0.0,0.0,0.0,0.0,0.0,0.0
TO_river_zone,74,4,0.0,27764.355,0.0,0.0,212.44977,0.0,3.3340418,73.47172,3697.8062
TO_main_terrace,74,4,0.0,15778.114,0.0,31947.8,0.0,1680.8306,1708.6459,449.9683,0.0
TO_sandy_point,74,4,0.0,0.0,0.0,0.0,6507.0356,0.0,12.864994,0.0,0.0
TO_clutha,74,4,0.0,0.0,0.0,42.262882,66535.46,44.89393,0.0,7398.2144,0.0
TO_sub_terrace,74,4,0.0,0.0,0.0,68.05923,6095.228,0.0,915.448,0.0,0.0
TO_mangawera,74,4,0.0,0.0,0.0,0.0,0.0,0.0,0.0,0.0,0.0
TOTAL_OUT,74,4,0.0,48785.42,4045.2842,83056.61,82278.76,8450.698,76335.234,8362.4,3988.413
IN-OUT,74,4,0.0,173310.88,26466.027,798444400.0,119773384.0,2831782400.0,9008276000.0,0.14160156,0.0063476562
PERCENT_DISCREPANCY,74,4,,127.960556,153.17497,199.95839,199.7256,199.99881,199.99658,0.0016932981,0.0001591523
FROM_STORAGE,75,4,0.0,9221.104,15.668957,1477.8389,3834.4502,0.0011068783,56.999783,28.166279,1.2686768
FROM_CONSTANT_HEAD,75,4,0.0,0.0,0.0,0.0,0.0,0.0,0.0,0.0,0.0
FROM_WELLS,75,4,0.0,4777.7715,18.260052,1438.9762,8504.589,0.0,0.0,77.06712,1081.1698
FROM_HEAD_DEP_BOUNDS,75,4,0.0,0.0,160.39062,0.0,0.0,0.0,0.0,0.0,0.0
FROM_RECHARGE,75,4,0.0,11435.957,1631.3204,4484.366,15251.537,1894.4105,2240.9023,1178.2632,2905.9722
FROM_STREAM_LEAKAGE,75,4,0.0,3500.0,1100.0,44002.535,3119.7043,36.521347,16.351604,0.0,0.0
FROM_STREAM_FLOW_OUT,75,4,0.0,173263.03,26465.953,798398000.0,119772570.0,2831780900.0,9008271000.0,0.0,0.0
FROM_ZONE_0,75,4,0.0,0.0,0.0,0.0,0.0,0.0,0.0,0.0,0.0
FROM_haweaflat,75,4,0.0,0.0,1122.5153,27552.8,15742.966,0.0,0.0,0.0,0.0
FROM_moraine_top,75,4,0.0,2918.8682,0.0,0.0,0.0,0.0,0.0,0.0,0.0
FROM_river_zone,75,4,0.0,15882.503,0.0,0.0,31969.227,0.0,42.261192,68.12873,0.0
FROM_main_terrace,75,4,0.0,847.7942,0.0,211.24345,0.0,6507.0356,66503.83,6092.1567,0.0
FROM_sandy_point,75,4,0.0,0.0,0.0,0.0,1680.8306,0.0,44.89393,0.0,0.0
FROM_clutha,75,4,0.0,0.0,0.0,3.3339856,1707.8301,12.864994,0.0,914.91296,0.0
FROM_sub_terrace,75,4,0.0,0.0,0.0,73.403435,450.06757,0.0,7394.3384,0.0,0.0
FROM_mangawera,75,4,0.0,0.0,0.0,3697.797,0.0,0.0,0.0,0.0,0.0
TOTAL_IN,75,4,0.0,221847.03,30514.11,798480960.0,119854824.0,2831789300.0,9008347000.0,8358.695,3988.4106
TO_STORAGE,75,4,0.0,0.0,0.00020917636,0.0002209624,0.35422876,0.0011220071,0.000783055,0.0,0.0005423906
TO_CONSTANT_HEAD,75,4,0.0,0.0,0.0,0.0,0.0,0.0,0.0,0.0,0.0
TO_WELLS,75,4,0.0,4119.5796,0.0,0.0,445.89493,28.567646,0.0,440.7458,290.60635
TO_HEAD_DEP_BOUNDS,75,4,0.0,0.0,1129.2212,0.0,0.0,0.0,0.0,0.0,0.0
TO_RECHARGE,75,4,0.0,0.0,0.0,0.0,0.0,0.0,0.0,0.0,0.0
TO_STREAM_LEAKAGE,75,4,0.0,0.0,0.0,34973.043,1633.7991,6696.405,73660.48,0.0,0.0
TO_STREAM_FLOW_OUT,75,4,0.0,0.0,0.0,0.0,0.0,0.0,0.0,0.0,0.0
TO_ZONE_0,75,4,0.0,0.0,0.0,0.0,0.0,0.0,0.0,0.0,0.0
TO_haweaflat,75,4,0.0,0.0,2918.8682,15882.503,847.7942,0.0,0.0,0.0,0.0
TO_moraine_top,75,4,0.0,1122.5153,0.0,0.0,0.0,0.0,0.0,0.0,0.0
TO_river_zone,75,4,0.0,27552.8,0.0,0.0,211.24345,0.0,3.3339856,73.403435,3697.797
TO_main_terrace,75,4,0.0,15742.966,0.0,31969.227,0.0,1680.8306,1707.8301,450.06757,0.0
TO_sandy_point,75,4,0.0,0.0,0.0,0.0,6507.0356,0.0,12.864994,0.0,0.0
TO_clutha,75,4,0.0,0.0,0.0,42.261192,66503.83,44.89393,0.0,7394.3384,0.0
TO_sub_terrace,75,4,0.0,0.0,0.0,68.12873,6092.1567,0.0,914.91296,0.0,0.0
TO_mangawera,75,4,0.0,0.0,0.0,0.0,0.0,0.0,0.0,0.0,0.0
TOTAL_OUT,75,4,0.0,48537.86,4048.0896,82935.16,82242.11,8450.698,76299.42,8358.555,3988.404
IN-OUT,75,4,0.0,173309.17,26466.02,798398000.0,119772584.0,2831780900.0,9008270000.0,0.140625,0.006591797
PERCENT_DISCREPANCY,75,4,,128.19443,153.15009,199.95847,199.72572,199.9988,199.9966,0.001682394,0.00016527392
FROM_STORAGE,76,4,0.0,9742.645,16.250406,1537.7396,4171.5776,0.0011065332,62.082973,30.484638,1.3790095
FROM_CONSTANT_HEAD,76,4,0.0,0.0,0.0,0.0,0.0,0.0,0.0,0.0,0.0
FROM_WELLS,76,4,0.0,4777.7715,18.260052,1438.9762,8504.589,0.0,0.0,77.06712,1081.1698
FROM_HEAD_DEP_BOUNDS,76,4,0.0,0.0,164.8623,0.0,0.0,0.0,0.0,0.0,0.0
FROM_RECHARGE,76,4,0.0,11435.957,1631.3204,4484.366,15251.537,1894.4105,2240.9023,1178.2632,2905.9722
FROM_STREAM_LEAKAGE,76,4,0.0,3500.0,1100.0,44165.754,3119.7043,36.521347,16.351604,0.0,0.0
FROM_STREAM_FLOW_OUT,76,4,0.0,173263.03,26465.953,798352830.0,119771780.0,2831778800.0,9008265000.0,0.0,0.0
FROM_ZONE_0,76,4,0.0,0.0,0.0,0.0,0.0,0.0,0.0,0.0,0.0
FROM_haweaflat,76,4,0.0,0.0,1121.6907,27346.996,15708.822,0.0,0.0,0.0,0.0
FROM_moraine_top,76,4,0.0,2923.3298,0.0,0.0,0.0,0.0,0.0,0.0,0.0
FROM_river_zone,76,4,0.0,15960.211,0.0,0.0,31990.662,0.0,42.25954,68.1982,0.0
FROM_main_terrace,76,4,0.0,847.1015,0.0,210.03816,0.0,6507.0356,66472.1,6089.0903,0.0
FROM_sandy_point,76,4,0.0,0.0,0.0,0.0,1680.8306,0.0,44.89393,0.0,0.0
FROM_clutha,76,4,0.0,0.0,0.0,3.333928,1707.0317,12.864994,0.0,914.3776,0.0
FROM_sub_terrace,76,4,0.0,0.0,0.0,73.33501,450.16464,0.0,7390.4595,0.0,0.0
FROM_mangawera,76,4,0.0,0.0,0.0,3697.7886,0.0,0.0,0.0,0.0,0.0
TOTAL_IN,76,4,0.0,222450.03,30518.338,798435800.0,119854360.0,2831787300.0,9008341000.0,8357.481,3988.521
TO_STORAGE,76,4,0.0,0.0,0.00019230439,0.00021673652,0.34802952,0.0011245193,0.0007887677,0.0,0.00035318563
TO_CONSTANT_HEAD,76,4,0.0,0.0,0.0,0.0,0.0,0.0,0.0,0.0,0.0
TO_WELLS,76,4,0.0,4119.5796,0.0,0.0,445.89493,28.567646,0.0,440.7458,290.60635
TO_HEAD_DEP_BOUNDS,76,4,0.0,0.0,1127.6636,0.0,0.0,0.0,0.0,0.0,0.0
TO_RECHARGE,76,4,0.0,0.0,0.0,0.0,0.0,0.0,0.0,0.0,0.0
TO_STREAM_LEAKAGE,76,4,0.0,0.0,0.0,34756.082,1633.7659,6696.405,73625.79,0.0,0.0
TO_STREAM_FLOW_OUT,76,4,0.0,0.0,0.0,0.0,0.0,0.0,0.0,0.0,0.0
TO_ZONE_0,76,4,0.0,0.0,0.0,0.0,0.0,0.0,0.0,0.0,0.0
TO_haweaflat,76,4,0.0,0.0,2923.3298,15960.211,847.1015,0.0,0.0,0.0,0.0
TO_moraine_top,76,4,0.0,1121.6907,0.0,0.0,0.0,0.0,0.0,0.0,0.0
TO_river_zone,76,4,0.0,27346.996,0.0,0.0,210.03816,0.0,3.333928,73.33501,3697.7886
TO_main_terrace,76,4,0.0,15708.822,0.0,31990.662,0.0,1680.8306,1707.0317,450.16464,0.0
TO_sandy_point,76,4,0.0,0.0,0.0,0.0,6507.0356,0.0,12.864994,0.0,0.0
TO_clutha,76,4,0.0,0.0,0.0,42.25954,66472.1,44.89393,0.0,7390.4595,0.0
TO_sub_terrace,76,4,0.0,0.0,0.0,68.1982,6089.0903,0.0,914.3776,0.0,0.0
TO_mangawera,76,4,0.0,0.0,0.0,0.0,0.0,0.0,0.0,0.0,0.0
TOTAL_OUT,76,4,0.0,48297.086,4050.9937,82817.41,82205.375,8450.698,76263.4,8354.705,3988.3953
IN-OUT,76,4,0.0,174152.94,26467.344,798352960.0,119772150.0,2831778800.0,9008265000.0,2.7763672,0.12573242
PERCENT_DISCREPANCY,76,4,,128.6462,153.12616,199.95853,199.72583,199.99881,199.99664,0.03322566,0.0031524068
FROM_STORAGE,77,4,0.0,8591.184,14.101157,1335.1361,3787.2568,0.001104386,56.42946,27.529095,1.251627
FROM_CONSTANT_HEAD,77,4,0.0,0.0,0.0,0.0,0.0,0.0,0.0,0.0,0.0
FROM_WELLS,77,4,0.0,4777.7715,18.260052,1438.9762,8504.589,0.0,0.0,77.06712,1081.1698
FROM_HEAD_DEP_BOUNDS,77,4,0.0,0.0,169.0459,0.0,0.0,0.0,0.0,0.0,0.0
FROM_RECHARGE,77,4,0.0,11435.957,1631.3204,4484.366,15251.537,1894.4105,2240.9023,1178.2632,2905.9722
FROM_STREAM_LEAKAGE,77,4,0.0,3500.0,1100.0,44319.695,3119.7043,36.521347,16.351604,0.0,0.0
FROM_STREAM_FLOW_OUT,77,4,0.0,173263.03,26465.953,798309440.0,119771050.0,2831777300.0,9008260000.0,0.0,0.0
FROM_ZONE_0,77,4,0.0,0.0,0.0,0.0,0.0,0.0,0.0,0.0,0.0
FROM_haweaflat,77,4,0.0,0.0,1120.9126,27152.463,15676.541,0.0,0.0,0.0,0.0
FROM_moraine_top,77,4,0.0,2927.3843,0.0,0.0,0.0,0.0,0.0,0.0,0.0
FROM_river_zone,77,4,0.0,16033.782,0.0,0.0,32011.477,0.0,42.257874,68.26554,0.0
FROM_main_terrace,77,4,0.0,846.4203,0.0,208.86914,0.0,6507.0356,66441.22,6086.1177,0.0
FROM_sandy_point,77,4,0.0,0.0,0.0,0.0,1680.8306,0.0,44.89393,0.0,0.0
FROM_clutha,77,4,0.0,0.0,0.0,3.3338716,1706.2737,12.864994,0.0,913.85803,0.0
FROM_sub_terrace,77,4,0.0,0.0,0.0,73.26831,450.25687,0.0,7386.6914,0.0,0.0
FROM_mangawera,77,4,0.0,0.0,0.0,3697.7805,0.0,0.0,0.0,0.0,0.0
TOTAL_IN,77,4,0.0,221375.53,30519.592,798392100.0,119853230.0,2831785700.0,9008336000.0,8351.101,3988.3936
TO_STORAGE,77,4,0.0,0.0,0.00018132749,0.00023380497,0.28776252,0.0011219991,0.00078262325,0.0,0.0004403714
TO_CONSTANT_HEAD,77,4,0.0,0.0,0.0,0.0,0.0,0.0,0.0,0.0,0.0
TO_WELLS,77,4,0.0,4119.5796,0.0,0.0,445.89493,28.567646,0.0,440.7458,290.60635
TO_HEAD_DEP_BOUNDS,77,4,0.0,0.0,1126.1938,0.0,0.0,0.0,0.0,0.0,0.0
TO_RECHARGE,77,4,0.0,0.0,0.0,0.0,0.0,0.0,0.0,0.0,0.0
TO_STREAM_LEAKAGE,77,4,0.0,0.0,0.0,34551.277,1633.7659,6696.405,73592.28,0.0,0.0
TO_STREAM_FLOW_OUT,77,4,0.0,0.0,0.0,0.0,0.0,0.0,0.0,0.0,0.0
TO_ZONE_0,77,4,0.0,0.0,0.0,0.0,0.0,0.0,0.0,0.0,0.0
TO_haweaflat,77,4,0.0,0.0,2927.3843,16033.782,846.4203,0.0,0.0,0.0,0.0
TO_moraine_top,77,4,0.0,1120.9126,0.0,0.0,0.0,0.0,0.0,0.0,0.0
TO_river_zone,77,4,0.0,27152.463,0.0,0.0,208.86914,0.0,3.3338716,73.26831,3697.7805
TO_main_terrace,77,4,0.0,15676.541,0.0,32011.477,0.0,1680.8306,1706.2737,450.25687,0.0
TO_sandy_point,77,4,0.0,0.0,0.0,0.0,6507.0356,0.0,12.864994,0.0,0.0
TO_clutha,77,4,0.0,0.0,0.0,42.257874,66441.22,44.89393,0.0,7386.6914,0.0
TO_sub_terrace,77,4,0.0,0.0,0.0,68.26554,6086.1177,0.0,913.85803,0.0,0.0
TO_mangawera,77,4,0.0,0.0,0.0,0.0,0.0,0.0,0.0,0.0,0.0
TOTAL_OUT,77,4,0.0,48069.496,4053.5781,82707.055,82169.61,8450.698,76228.62,8350.963,3988.3872
IN-OUT,77,4,0.0,173306.03,26466.014,798309440.0,119771064.0,2831777300.0,9008260000.0,0.13769531,0.0063476562
PERCENT_DISCREPANCY,77,4,,128.63925,153.10144,199.95857,199.72595,199.9988,199.99663,0.001648842,0.00015915334
FROM_STORAGE,78,4,0.0,9080.455,14.660493,1390.4292,4118.542,0.0011098819,61.441456,29.780842,1.3610079
FROM_CONSTANT_HEAD,78,4,0.0,0.0,0.0,0.0,0.0,0.0,0.0,0.0,0.0
FROM_WELLS,78,4,0.0,4777.7715,18.260052,1438.9762,8504.589,0.0,0.0,77.06712,1081.1698
FROM_HEAD_DEP_BOUNDS,78,4,0.0,0.0,173.08789,0.0,0.0,0.0,0.0,0.0,0.0
FROM_RECHARGE,78,4,0.0,11435.957,1631.3204,4484.366,15251.537,1894.4105,2240.9023,1178.2632,2905.9722
FROM_STREAM_LEAKAGE,78,4,0.0,3500.0,1100.0,44469.125,3119.7043,36.521347,16.351604,0.0,0.0
FROM_STREAM_FLOW_OUT,78,4,0.0,173263.03,26465.953,798268160.0,119770340.0,2831775700.0,9008255000.0,0.0,0.0
FROM_ZONE_0,78,4,0.0,0.0,0.0,0.0,0.0,0.0,0.0,0.0,0.0
FROM_haweaflat,78,4,0.0,0.0,1120.166,26963.66,15645.35,0.0,0.0,0.0,0.0
FROM_moraine_top,78,4,0.0,2931.447,0.0,0.0,0.0,0.0,0.0,0.0,0.0
FROM_river_zone,78,4,0.0,16105.2295,0.0,0.0,32032.217,0.0,42.256184,68.33257,0.0
FROM_main_terrace,78,4,0.0,845.7464,0.0,207.70572,0.0,6507.0356,66410.35,6083.1562,0.0
FROM_sandy_point,78,4,0.0,0.0,0.0,0.0,1680.8306,0.0,44.89393,0.0,0.0
FROM_clutha,78,4,0.0,0.0,0.0,3.3338141,1705.535,12.864994,0.0,913.3402,0.0
FROM_sub_terrace,78,4,0.0,0.0,0.0,73.2018,450.34686,0.0,7382.9336,0.0,0.0
FROM_mangawera,78,4,0.0,0.0,0.0,3697.7722,0.0,0.0,0.0,0.0,0.0
TOTAL_IN,78,4,0.0,221939.66,30523.447,798350850.0,119852840.0,2831784200.0,9008331000.0,8349.939,3988.503
TO_STORAGE,78,4,0.0,0.0,0.0001820433,0.000226197,0.2864612,0.0011217232,0.0007674169,0.0,0.0005040652
TO_CONSTANT_HEAD,78,4,0.0,0.0,0.0,0.0,0.0,0.0,0.0,0.0,0.0
TO_WELLS,78,4,0.0,4119.5796,0.0,0.0,445.89493,28.567646,0.0,440.7458,290.60635
TO_HEAD_DEP_BOUNDS,78,4,0.0,0.0,1124.7944,0.0,0.0,0.0,0.0,0.0,0.0
TO_RECHARGE,78,4,0.0,0.0,0.0,0.0,0.0,0.0,0.0,0.0,0.0
TO_STREAM_LEAKAGE,78,4,0.0,0.0,0.0,34352.76,1633.7327,6696.405,73558.65,0.0,0.0
TO_STREAM_FLOW_OUT,78,4,0.0,0.0,0.0,0.0,0.0,0.0,0.0,0.0,0.0
TO_ZONE_0,78,4,0.0,0.0,0.0,0.0,0.0,0.0,0.0,0.0,0.0
TO_haweaflat,78,4,0.0,0.0,2931.447,16105.2295,845.7464,0.0,0.0,0.0,0.0
TO_moraine_top,78,4,0.0,1120.166,0.0,0.0,0.0,0.0,0.0,0.0,0.0
TO_river_zone,78,4,0.0,26963.66,0.0,0.0,207.70572,0.0,3.3338141,73.2018,3697.7722
TO_main_terrace,78,4,0.0,15645.35,0.0,32032.217,0.0,1680.8306,1705.535,450.34686,0.0
TO_sandy_point,78,4,0.0,0.0,0.0,0.0,6507.0356,0.0,12.864994,0.0,0.0
TO_clutha,78,4,0.0,0.0,0.0,42.256184,66410.35,44.89393,0.0,7382.9336,0.0
TO_sub_terrace,78,4,0.0,0.0,0.0,68.33257,6083.1562,0.0,913.3402,0.0,0.0
TO_mangawera,78,4,0.0,0.0,0.0,0.0,0.0,0.0,0.0,0.0,0.0
TOTAL_OUT,78,4,0.0,47848.758,4056.2417,82600.805,82133.91,8450.698,76193.73,8347.229,3988.3792
IN-OUT,78,4,0.0,174090.9,26467.205,798268200.0,119770700.0,2831775700.0,9008255000.0,2.7109375,0.1237793
PERCENT_DISCREPANCY,78,4,,129.05736,153.0795,199.9586,199.72607,199.99881,199.99663,0.032471824,0.0031034506
FROM_STORAGE,79,4,0.0,8766.685,13.947718,1322.2183,4090.7937,0.0011201687,61.10482,29.420475,1.3519989
FROM_CONSTANT_HEAD,79,4,0.0,0.0,0.0,0.0,0.0,0.0,0.0,0.0,0.0
FROM_WELLS,79,4,0.0,4777.7715,18.260052,1438.9762,8504.589,0.0,0.0,77.06712,1081.1698
FROM_HEAD_DEP_BOUNDS,79,4,0.0,0.0,176.979,0.0,0.0,0.0,0.0,0.0,0.0
FROM_RECHARGE,79,4,0.0,11435.957,1631.3204,4484.366,15251.537,1894.4105,2240.9023,1178.2632,2905.9722
FROM_STREAM_LEAKAGE,79,4,0.0,3500.0,1100.0,44613.477,3119.7043,36.521347,16.351604,0.0,0.0
FROM_STREAM_FLOW_OUT,79,4,0.0,173263.03,26465.953,798228200.0,119769640.0,2831774200.0,9008249000.0,0.0,0.0
FROM_ZONE_0,79,4,0.0,0.0,0.0,0.0,0.0,0.0,0.0,0.0,0.0
FROM_haweaflat,79,4,0.0,0.0,1119.4437,26780.611,15615.146,0.0,0.0,0.0,0.0
FROM_moraine_top,79,4,0.0,2935.3127,0.0,0.0,0.0,0.0,0.0,0.0,0.0
FROM_river_zone,79,4,0.0,16174.766,0.0,0.0,32052.82,0.0,42.254524,68.39908,0.0
FROM_main_terrace,79,4,0.0,845.17236,0.0,206.55115,0.0,6507.0356,66379.62,6080.2207,0.0
FROM_sandy_point,79,4,0.0,0.0,0.0,0.0,1680.8306,0.0,44.89393,0.0,0.0
FROM_clutha,79,4,0.0,0.0,0.0,3.333757,1704.8174,12.864994,0.0,912.8261,0.0
FROM_sub_terrace,79,4,0.0,0.0,0.0,73.13554,450.4348,0.0,7379.1997,0.0,0.0
FROM_mangawera,79,4,0.0,0.0,0.0,3697.7642,0.0,0.0,0.0,0.0,0.0
TOTAL_IN,79,4,0.0,221698.69,30525.904,798310800.0,119852110.0,2831782700.0,9008325000.0,8346.196,3988.4941
TO_STORAGE,79,4,0.0,0.0,0.00020201098,0.00020764927,0.26052797,0.0011113833,0.0007653567,0.0,0.00044620468
TO_CONSTANT_HEAD,79,4,0.0,0.0,0.0,0.0,0.0,0.0,0.0,0.0,0.0
TO_WELLS,79,4,0.0,4119.5796,0.0,0.0,445.89493,28.567646,0.0,440.7458,290.60635
TO_HEAD_DEP_BOUNDS,79,4,0.0,0.0,1123.4487,0.0,0.0,0.0,0.0,0.0,0.0
TO_RECHARGE,79,4,0.0,0.0,0.0,0.0,0.0,0.0,0.0,0.0,0.0
TO_STREAM_LEAKAGE,79,4,0.0,0.0,0.0,34160.812,1633.6995,6696.405,73524.94,0.0,0.0
TO_STREAM_FLOW_OUT,79,4,0.0,0.0,0.0,0.0,0.0,0.0,0.0,0.0,0.0
TO_ZONE_0,79,4,0.0,0.0,0.0,0.0,0.0,0.0,0.0,0.0,0.0
TO_haweaflat,79,4,0.0,0.0,2935.3127,16174.766,845.17236,0.0,0.0,0.0,0.0
TO_moraine_top,79,4,0.0,1119.4437,0.0,0.0,0.0,0.0,0.0,0.0,0.0
TO_river_zone,79,4,0.0,26780.611,0.0,0.0,206.55115,0.0,3.333757,73.13554,3697.7642
TO_main_terrace,79,4,0.0,15615.146,0.0,32052.82,0.0,1680.8306,1704.8174,450.4348,0.0
TO_sandy_point,79,4,0.0,0.0,0.0,0.0,6507.0356,0.0,12.864994,0.0,0.0
TO_clutha,79,4,0.0,0.0,0.0,42.254524,66379.62,44.89393,0.0,7379.1997,0.0
TO_sub_terrace,79,4,0.0,0.0,0.0,68.39908,6080.2207,0.0,912.8261,0.0,0.0
TO_mangawera,79,4,0.0,0.0,0.0,0.0,0.0,0.0,0.0,0.0,0.0
TOTAL_OUT,79,4,0.0,47634.78,4058.7617,82499.055,82098.45,8450.698,76158.79,8343.516,3988.371
IN-OUT,79,4,0.0,174063.9,26467.143,798228300.0,119770020.0,2831774200.0,9008249000.0,2.680664,0.123046875
PERCENT_DISCREPANCY,79,4,,129.25531,153.0571,199.95868,199.7262,199.99881,199.99664,0.032123554,0.0030850936
FROM_STORAGE,80,4,0.0,8464.445,13.284956,1257.8641,4062.4153,0.0011181795,60.764706,29.059797,1.343257
FROM_CONSTANT_HEAD,80,4,0.0,0.0,0.0,0.0,0.0,0.0,0.0,0.0,0.0
FROM_WELLS,80,4,0.0,4777.7715,18.260052,1438.9762,8504.589,0.0,0.0,77.06712,1081.1698
FROM_HEAD_DEP_BOUNDS,80,4,0.0,0.0,180.6919,0.0,0.0,0.0,0.0,0.0,0.0
FROM_RECHARGE,80,4,0.0,11435.957,1631.3204,4484.366,15251.537,1894.4105,2240.9023,1178.2632,2905.9722
FROM_STREAM_LEAKAGE,80,4,0.0,3500.0,1100.0,44752.055,3119.7043,36.521347,16.351604,0.0,0.0
FROM_STREAM_FLOW_OUT,80,4,0.0,173263.03,26465.953,798189700.0,119768980.0,2831772200.0,9008243000.0,0.0,0.0
FROM_ZONE_0,80,4,0.0,0.0,0.0,0.0,0.0,0.0,0.0,0.0,0.0
FROM_haweaflat,80,4,0.0,0.0,1118.7565,26605.342,15586.379,0.0,0.0,0.0,0.0
FROM_moraine_top,80,4,0.0,2939.0073,0.0,0.0,0.0,0.0,0.0,0.0,0.0
FROM_river_zone,80,4,0.0,16241.532,0.0,0.0,32073.068,0.0,42.252857,68.46432,0.0
FROM_main_terrace,80,4,0.0,844.5947,0.0,205.4178,0.0,6507.0356,66349.336,6077.338,0.0
FROM_sandy_point,80,4,0.0,0.0,0.0,0.0,1680.8306,0.0,44.89393,0.0,0.0
FROM_clutha,80,4,0.0,0.0,0.0,3.3337,1704.1274,12.864994,0.0,912.321,0.0
FROM_sub_terrace,80,4,0.0,0.0,0.0,73.07041,450.51962,0.0,7375.531,0.0,0.0
FROM_mangawera,80,4,0.0,0.0,0.0,3697.756,0.0,0.0,0.0,0.0,0.0
TOTAL_IN,80,4,0.0,221466.33,30528.266,798272200.0,119851400.0,2831780600.0,9008318000.0,8342.514,3988.4854
TO_STORAGE,80,4,0.0,0.0,0.00023543536,0.00020899565,0.23734109,0.0011137183,0.0007909629,0.0,0.00044053746
TO_CONSTANT_HEAD,80,4,0.0,0.0,0.0,0.0,0.0,0.0,0.0,0.0,0.0
TO_WELLS,80,4,0.0,4119.5796,0.0,0.0,445.89493,28.567646,0.0,440.7458,290.60635
TO_HEAD_DEP_BOUNDS,80,4,0.0,0.0,1122.1709,0.0,0.0,0.0,0.0,0.0,0.0
TO_RECHARGE,80,4,0.0,0.0,0.0,0.0,0.0,0.0,0.0,0.0,0.0
TO_STREAM_LEAKAGE,80,4,0.0,0.0,0.0,33977.41,1633.6663,6696.405,73491.836,0.0,0.0
TO_STREAM_FLOW_OUT,80,4,0.0,0.0,0.0,0.0,0.0,0.0,0.0,0.0,0.0
TO_ZONE_0,80,4,0.0,0.0,0.0,0.0,0.0,0.0,0.0,0.0,0.0
TO_haweaflat,80,4,0.0,0.0,2939.0073,16241.532,844.5947,0.0,0.0,0.0,0.0
TO_moraine_top,80,4,0.0,1118.7565,0.0,0.0,0.0,0.0,0.0,0.0,0.0
TO_river_zone,80,4,0.0,26605.342,0.0,0.0,205.4178,0.0,3.3337,73.07041,3697.756
TO_main_terrace,80,4,0.0,15586.379,0.0,32073.068,0.0,1680.8306,1704.1274,450.51962,0.0
TO_sandy_point,80,4,0.0,0.0,0.0,0.0,6507.0356,0.0,12.864994,0.0,0.0
TO_clutha,80,4,0.0,0.0,0.0,42.252857,66349.336,44.89393,0.0,7375.531,0.0
TO_sub_terrace,80,4,0.0,0.0,0.0,68.46432,6077.338,0.0,912.321,0.0,0.0
TO_mangawera,80,4,0.0,0.0,0.0,0.0,0.0,0.0,0.0,0.0,0.0
TOTAL_OUT,80,4,0.0,47430.055,4061.1785,82402.72,82063.516,8450.698,76124.484,8339.866,3988.3628
IN-OUT,80,4,0.0,174036.28,26467.088,798189760.0,119769336.0,2831772200.0,9008243000.0,2.647461,0.122558594
PERCENT_DISCREPANCY,80,4,,129.44487,153.03563,199.9587,199.7263,199.99881,199.99664,0.031739607,0.0030728576
FROM_STORAGE,81,4,0.0,7468.0815,11.607733,1093.9825,3685.3284,0.0011148301,55.20359,26.221191,1.219501
FROM_CONSTANT_HEAD,81,4,0.0,0.0,0.0,0.0,0.0,0.0,0.0,0.0,0.0
FROM_WELLS,81,4,0.0,4777.7715,18.260052,1438.9762,8504.589,0.0,0.0,77.06712,1081.1698
FROM_HEAD_DEP_BOUNDS,81,4,0.0,0.0,184.18652,0.0,0.0,0.0,0.0,0.0,0.0
FROM_RECHARGE,81,4,0.0,11435.957,1631.3204,4484.366,15251.537,1894.4105,2240.9023,1178.2632,2905.9722
FROM_STREAM_LEAKAGE,81,4,0.0,3500.0,1100.0,44882.914,3119.7043,36.521347,16.351604,0.0,0.0
FROM_STREAM_FLOW_OUT,81,4,0.0,173263.03,26465.953,798153300.0,119768320.0,2831770000.0,9008237000.0,0.0,0.0
FROM_ZONE_0,81,4,0.0,0.0,0.0,0.0,0.0,0.0,0.0,0.0,0.0
FROM_haweaflat,81,4,0.0,0.0,1118.1046,26439.129,15559.115,0.0,0.0,0.0,0.0
FROM_moraine_top,81,4,0.0,2942.4573,0.0,0.0,0.0,0.0,0.0,0.0,0.0
FROM_river_zone,81,4,0.0,16305.002,0.0,0.0,32092.715,0.0,42.25128,68.52765,0.0
FROM_main_terrace,81,4,0.0,844.03015,0.0,204.31924,0.0,6507.036,66319.875,6074.543,0.0
FROM_sandy_point,81,4,0.0,0.0,0.0,0.0,1680.8306,0.0,44.89393,0.0,0.0
FROM_clutha,81,4,0.0,0.0,0.0,3.333644,1703.4723,12.864994,0.0,911.8308,0.0
FROM_sub_terrace,81,4,0.0,0.0,0.0,73.007065,450.60086,0.0,7371.9688,0.0,0.0
FROM_mangawera,81,4,0.0,0.0,0.0,3697.7483,0.0,0.0,0.0,0.0,0.0
TOTAL_IN,81,4,0.0,220536.33,30529.434,798235600.0,119850370.0,2831778600.0,9008312000.0,8336.453,3988.3613
TO_STORAGE,81,4,0.0,0.0,0.0002481439,0.0002067056,0.20033695,0.0011130291,0.0007700601,0.0,0.00044501683
TO_CONSTANT_HEAD,81,4,0.0,0.0,0.0,0.0,0.0,0.0,0.0,0.0,0.0
TO_WELLS,81,4,0.0,4119.5796,0.0,0.0,445.89493,28.567646,0.0,440.7458,290.60635
TO_HEAD_DEP_BOUNDS,81,4,0.0,0.0,1120.9712,0.0,0.0,0.0,0.0,0.0,0.0
TO_RECHARGE,81,4,0.0,0.0,0.0,0.0,0.0,0.0,0.0,0.0,0.0
TO_STREAM_LEAKAGE,81,4,0.0,0.0,0.0,33803.93,1633.633,6696.405,73459.76,0.0,0.0
TO_STREAM_FLOW_OUT,81,4,0.0,0.0,0.0,0.0,0.0,0.0,0.0,0.0,0.0
TO_ZONE_0,81,4,0.0,0.0,0.0,0.0,0.0,0.0,0.0,0.0,0.0
TO_haweaflat,81,4,0.0,0.0,2942.4573,16305.002,844.03015,0.0,0.0,0.0,0.0
TO_moraine_top,81,4,0.0,1118.1046,0.0,0.0,0.0,0.0,0.0,0.0,0.0
TO_river_zone,81,4,0.0,26439.129,0.0,0.0,204.31924,0.0,3.333644,73.007065,3697.7483
TO_main_terrace,81,4,0.0,15559.115,0.0,32092.715,0.0,1680.8306,1703.4723,450.60086,0.0
TO_sandy_point,81,4,0.0,0.0,0.0,0.0,6507.036,0.0,12.864994,0.0,0.0
TO_clutha,81,4,0.0,0.0,0.0,42.25128,66319.875,44.89393,0.0,7371.9688,0.0
TO_sub_terrace,81,4,0.0,0.0,0.0,68.52765,6074.543,0.0,911.8308,0.0,0.0
TO_mangawera,81,4,0.0,0.0,0.0,0.0,0.0,0.0,0.0,0.0,0.0
TOTAL_OUT,81,4,0.0,47235.93,4063.4287,82312.42,82029.53,8450.698,76091.26,8336.322,3988.355
IN-OUT,81,4,0.0,173300.4,26466.004,798153300.0,119768340.0,2831770000.0,9008237000.0,0.13085938,0.0063476562
PERCENT_DISCREPANCY,81,4,,129.43866,153.01425,199.95876,199.72641,199.99881,199.99663,0.0015697371,0.00015915462
FROM_STORAGE,82,4,0.0,7897.6396,12.186991,1141.4056,4004.7578,0.0011154705,60.083824,28.346882,1.3263552
FROM_CONSTANT_HEAD,82,4,0.0,0.0,0.0,0.0,0.0,0.0,0.0,0.0,0.0
FROM_WELLS,82,4,0.0,4777.7715,18.260052,1438.9762,8504.589,0.0,0.0,77.06712,1081.1698
FROM_HEAD_DEP_BOUNDS,82,4,0.0,0.0,187.59033,0.0,0.0,0.0,0.0,0.0,0.0
FROM_RECHARGE,82,4,0.0,11435.957,1631.3204,4484.366,15251.537,1894.4105,2240.9023,1178.2632,2905.9722
FROM_STREAM_LEAKAGE,82,4,0.0,3500.0,1100.0,45010.82,3119.7043,36.521347,16.351604,0.0,0.0
FROM_STREAM_FLOW_OUT,82,4,0.0,173263.03,26465.953,798118000.0,119767736.0,2831769300.0,9008233000.0,0.0,0.0
FROM_ZONE_0,82,4,0.0,0.0,0.0,0.0,0.0,0.0,0.0,0.0,0.0
FROM_haweaflat,82,4,0.0,0.0,1117.4526,26279.512,15532.704,0.0,0.0,0.0,0.0
FROM_moraine_top,82,4,0.0,2945.955,0.0,0.0,0.0,0.0,0.0,0.0,0.0
FROM_river_zone,82,4,0.0,16369.914,0.0,0.0,32112.326,0.0,42.249622,68.59076,0.0
FROM_main_terrace,82,4,0.0,843.45685,0.0,203.22356,0.0,6507.036,66290.4,6071.7544,0.0
FROM_sandy_point,82,4,0.0,0.0,0.0,0.0,1680.8306,0.0,44.89393,0.0,0.0
FROM_clutha,82,4,0.0,0.0,0.0,3.3335876,1702.8314,12.864993,0.0,911.34174,0.0
FROM_sub_terrace,82,4,0.0,0.0,0.0,72.94381,450.6812,0.0,7368.412,0.0,0.0
FROM_mangawera,82,4,0.0,0.0,0.0,3697.7407,0.0,0.0,0.0,0.0,0.0
TOTAL_IN,82,4,0.0,221033.73,30532.764,798200400.0,119850100.0,2831777800.0,9008309000.0,8335.364,3988.4683
TO_STORAGE,82,4,0.0,0.0,0.00022827767,0.00020746682,0.20192312,0.0011173843,0.0007840179,0.0,0.00041458558
TO_CONSTANT_HEAD,82,4,0.0,0.0,0.0,0.0,0.0,0.0,0.0,0.0,0.0
TO_WELLS,82,4,0.0,4119.5796,0.0,0.0,445.89493,28.567646,0.0,440.7458,290.60635
TO_HEAD_DEP_BOUNDS,82,4,0.0,0.0,1119.8281,0.0,0.0,0.0,0.0,0.0,0.0
TO_RECHARGE,82,4,0.0,0.0,0.0,0.0,0.0,0.0,0.0,0.0,0.0
TO_STREAM_LEAKAGE,82,4,0.0,0.0,0.0,33634.72,1633.5667,6696.405,73427.52,0.0,0.0
TO_STREAM_FLOW_OUT,82,4,0.0,0.0,0.0,0.0,0.0,0.0,0.0,0.0,0.0
TO_ZONE_0,82,4,0.0,0.0,0.0,0.0,0.0,0.0,0.0,0.0,0.0
TO_haweaflat,82,4,0.0,0.0,2945.955,16369.914,843.45685,0.0,0.0,0.0,0.0
TO_moraine_top,82,4,0.0,1117.4526,0.0,0.0,0.0,0.0,0.0,0.0,0.0
TO_river_zone,82,4,0.0,26279.512,0.0,0.0,203.22356,0.0,3.3335876,72.94381,3697.7407
TO_main_terrace,82,4,0.0,15532.704,0.0,32112.326,0.0,1680.8306,1702.8314,450.6812,0.0
TO_sandy_point,82,4,0.0,0.0,0.0,0.0,6507.036,0.0,12.864993,0.0,0.0
TO_clutha,82,4,0.0,0.0,0.0,42.249622,66290.4,44.89393,0.0,7368.412,0.0
TO_sub_terrace,82,4,0.0,0.0,0.0,68.59076,6071.7544,0.0,911.34174,0.0,0.0
TO_mangawera,82,4,0.0,0.0,0.0,0.0,0.0,0.0,0.0,0.0,0.0
TOTAL_OUT,82,4,0.0,47049.246,4065.7834,82227.805,81995.54,8450.698,76057.9,8332.783,3988.3474
IN-OUT,82,4,0.0,173984.48,26466.98,798118140.0,119768104.0,2831769300.0,9008233000.0,2.5810547,0.12084961
PERCENT_DISCREPANCY,82,4,,129.79898,152.99475,199.95879,199.72655,199.9988,199.99663,0.030969903,0.0030300214
FROM_STORAGE,83,4,0.0,7625.884,11.712034,1087.7386,3975.1099,0.0011132888,59.741642,27.991312,1.3182526
FROM_CONSTANT_HEAD,83,4,0.0,0.0,0.0,0.0,0.0,0.0,0.0,0.0,0.0
FROM_WELLS,83,4,0.0,4777.7715,18.260052,1438.9762,8504.589,0.0,0.0,77.06712,1081.1698
FROM_HEAD_DEP_BOUNDS,83,4,0.0,0.0,190.87354,0.0,0.0,0.0,0.0,0.0,0.0
FROM_RECHARGE,83,4,0.0,11435.957,1631.3204,4484.366,15251.537,1894.4105,2240.9023,1178.2632,2905.9722
FROM_STREAM_LEAKAGE,83,4,0.0,3500.0,1100.0,45133.85,3119.7043,36.521347,16.351604,0.0,0.0
FROM_STREAM_FLOW_OUT,83,4,0.0,173263.03,26465.953,798084100.0,119767100.0,2831767000.0,9008226000.0,0.0,0.0
FROM_ZONE_0,83,4,0.0,0.0,0.0,0.0,0.0,0.0,0.0,0.0,0.0
FROM_haweaflat,83,4,0.0,0.0,1116.8043,26127.857,15507.364,0.0,0.0,0.0,0.0
FROM_moraine_top,83,4,0.0,2949.231,0.0,0.0,0.0,0.0,0.0,0.0,0.0
FROM_river_zone,83,4,0.0,16434.371,0.0,0.0,32131.621,0.0,42.248047,68.65276,0.0
FROM_main_terrace,83,4,0.0,842.886,0.0,202.14635,0.0,6507.036,66261.32,6069.0137,0.0
FROM_sandy_point,83,4,0.0,0.0,0.0,0.0,1680.8306,0.0,44.893936,0.0,0.0
FROM_clutha,83,4,0.0,0.0,0.0,3.333531,1702.2133,12.864993,0.0,910.86053,0.0
FROM_sub_terrace,83,4,0.0,0.0,0.0,72.88149,450.75952,0.0,7364.9116,0.0,0.0
FROM_mangawera,83,4,0.0,0.0,0.0,3697.7334,0.0,0.0,0.0,0.0,0.0
TOTAL_IN,83,4,0.0,220829.14,30534.924,798166340.0,119849416.0,2831775500.0,9008302000.0,8331.849,3988.4602
TO_STORAGE,83,4,0.0,0.0,0.00021895216,0.00020571752,0.18591793,0.0011197291,0.00078616955,0.0,0.00047000483
TO_CONSTANT_HEAD,83,4,0.0,0.0,0.0,0.0,0.0,0.0,0.0,0.0,0.0
TO_WELLS,83,4,0.0,4119.5796,0.0,0.0,445.89493,28.567646,0.0,440.7458,290.60635
TO_HEAD_DEP_BOUNDS,83,4,0.0,0.0,1118.7466,0.0,0.0,0.0,0.0,0.0,0.0
TO_RECHARGE,83,4,0.0,0.0,0.0,0.0,0.0,0.0,0.0,0.0,0.0
TO_STREAM_LEAKAGE,83,4,0.0,0.0,0.0,33472.445,1633.5334,6696.405,73395.65,0.0,0.0
TO_STREAM_FLOW_OUT,83,4,0.0,0.0,0.0,0.0,0.0,0.0,0.0,0.0,0.0
TO_ZONE_0,83,4,0.0,0.0,0.0,0.0,0.0,0.0,0.0,0.0,0.0
TO_haweaflat,83,4,0.0,0.0,2949.231,16434.371,842.886,0.0,0.0,0.0,0.0
TO_moraine_top,83,4,0.0,1116.8043,0.0,0.0,0.0,0.0,0.0,0.0,0.0
TO_river_zone,83,4,0.0,26127.857,0.0,0.0,202.14635,0.0,3.333531,72.88149,3697.7334
TO_main_terrace,83,4,0.0,15507.364,0.0,32131.621,0.0,1680.8306,1702.2133,450.75952,0.0
TO_sandy_point,83,4,0.0,0.0,0.0,0.0,6507.036,0.0,12.864993,0.0,0.0
TO_clutha,83,4,0.0,0.0,0.0,42.248047,66261.32,44.893936,0.0,7364.9116,0.0
TO_sub_terrace,83,4,0.0,0.0,0.0,68.65276,6069.0137,0.0,910.86053,0.0,0.0
TO_mangawera,83,4,0.0,0.0,0.0,0.0,0.0,0.0,0.0,0.0,0.0
TOTAL_OUT,83,4,0.0,46871.605,4067.9778,82149.34,81962.016,8450.698,76024.92,8329.299,3988.3403
IN-OUT,83,4,0.0,173957.53,26466.945,798084160.0,119767460.0,2831767000.0,9008226000.0,2.5498047,0.11987305
PERCENT_DISCREPANCY,83,4,,129.96417,152.9753,199.95882,199.72665,199.99881,199.99663,0.03060779,0.0030055419
FROM_STORAGE,84,4,0.0,6701.1475,10.248614,942.95886,3587.3774,0.0011185159,54.01511,25.132679,1.1914784
FROM_CONSTANT_HEAD,84,4,0.0,0.0,0.0,0.0,0.0,0.0,0.0,0.0,0.0
FROM_WELLS,84,4,0.0,4777.7715,18.260052,1438.9762,8504.589,0.0,0.0,77.06712,1081.1698
FROM_HEAD_DEP_BOUNDS,84,4,0.0,0.0,193.9873,0.0,0.0,0.0,0.0,0.0,0.0
FROM_RECHARGE,84,4,0.0,11435.957,1631.3204,4484.366,15251.537,1894.4105,2240.9023,1178.2632,2905.9722
FROM_STREAM_LEAKAGE,84,4,0.0,3500.0,1100.0,45250.383,3119.7043,36.521347,16.351604,0.0,0.0
FROM_STREAM_FLOW_OUT,84,4,0.0,173263.03,26465.953,798052160.0,119766560.0,2831765500.0,9008222000.0,0.0,0.0
FROM_ZONE_0,84,4,0.0,0.0,0.0,0.0,0.0,0.0,0.0,0.0,0.0
FROM_haweaflat,84,4,0.0,0.0,1116.1833,25984.127,15483.469,0.0,0.0,0.0,0.0
FROM_moraine_top,84,4,0.0,2952.2727,0.0,0.0,0.0,0.0,0.0,0.0,0.0
FROM_river_zone,84,4,0.0,16495.566,0.0,0.0,32150.324,0.0,42.246456,68.712845,0.0
FROM_main_terrace,84,4,0.0,842.3261,0.0,201.10294,0.0,6507.036,66233.06,6066.3564,0.0
FROM_sandy_point,84,4,0.0,0.0,0.0,0.0,1680.8306,0.0,44.893936,0.0,0.0
FROM_clutha,84,4,0.0,0.0,0.0,3.333477,1701.6256,12.864993,0.0,910.39435,0.0
FROM_sub_terrace,84,4,0.0,0.0,0.0,72.821014,450.83493,0.0,7361.519,0.0,0.0
FROM_mangawera,84,4,0.0,0.0,0.0,3697.726,0.0,0.0,0.0,0.0,0.0
TOTAL_IN,84,4,0.0,219968.06,30535.953,798134200.0,119848490.0,2831774000.0,9008298000.0,8325.927,3988.3335
TO_STORAGE,84,4,0.0,0.0,0.00022009168,0.0002085735,0.15676865,0.0011103902,0.00076967507,0.0,0.000505386
TO_CONSTANT_HEAD,84,4,0.0,0.0,0.0,0.0,0.0,0.0,0.0,0.0,0.0
TO_WELLS,84,4,0.0,4119.5796,0.0,0.0,445.89493,28.567646,0.0,440.7458,290.60635
TO_HEAD_DEP_BOUNDS,84,4,0.0,0.0,1117.7275,0.0,0.0,0.0,0.0,0.0,0.0
TO_RECHARGE,84,4,0.0,0.0,0.0,0.0,0.0,0.0,0.0,0.0,0.0
TO_STREAM_LEAKAGE,84,4,0.0,0.0,0.0,33319.01,1633.467,6696.405,73364.805,0.0,0.0
TO_STREAM_FLOW_OUT,84,4,0.0,0.0,0.0,0.0,0.0,0.0,0.0,0.0,0.0
TO_ZONE_0,84,4,0.0,0.0,0.0,0.0,0.0,0.0,0.0,0.0,0.0
TO_haweaflat,84,4,0.0,0.0,2952.2727,16495.566,842.3261,0.0,0.0,0.0,0.0
TO_moraine_top,84,4,0.0,1116.1833,0.0,0.0,0.0,0.0,0.0,0.0,0.0
TO_river_zone,84,4,0.0,25984.127,0.0,0.0,201.10294,0.0,3.333477,72.821014,3697.726
TO_main_terrace,84,4,0.0,15483.469,0.0,32150.324,0.0,1680.8306,1701.6256,450.83493,0.0
TO_sandy_point,84,4,0.0,0.0,0.0,0.0,6507.036,0.0,12.864993,0.0,0.0
TO_clutha,84,4,0.0,0.0,0.0,42.246456,66233.06,44.893936,0.0,7361.519,0.0
TO_sub_terrace,84,4,0.0,0.0,0.0,68.712845,6066.3564,0.0,910.39435,0.0,0.0
TO_mangawera,84,4,0.0,0.0,0.0,0.0,0.0,0.0,0.0,0.0,0.0
TOTAL_OUT,84,4,0.0,46703.36,4070.0005,82075.87,81929.41,8450.698,75993.02,8325.921,3988.333
IN-OUT,84,4,0.0,173264.7,26465.953,798052160.0,119766560.0,2831765500.0,9008222000.0,0.005859375,0.00048828125
PERCENT_DISCREPANCY,84,4,,129.9462,152.95607,199.9589,199.72675,199.9988,199.99663,7.037507e-05,1.2242739e-05
FROM_STORAGE,85,4,0.0,7123.4053,10.840946,989.65967,3915.2432,0.0011182782,59.069668,27.295246,1.3024015
FROM_CONSTANT_HEAD,85,4,0.0,0.0,0.0,0.0,0.0,0.0,0.0,0.0,0.0
FROM_WELLS,85,4,0.0,4777.7715,18.260052,1438.9762,8504.589,0.0,0.0,77.06712,1081.1698
FROM_HEAD_DEP_BOUNDS,85,4,0.0,0.0,197.00732,0.0,0.0,0.0,0.0,0.0,0.0
FROM_RECHARGE,85,4,0.0,11435.957,1631.3204,4484.366,15251.537,1894.4105,2240.9023,1178.2632,2905.9722
FROM_STREAM_LEAKAGE,85,4,0.0,3500.0,1100.0,45364.805,3119.7043,36.521347,16.351604,0.0,0.0
FROM_STREAM_FLOW_OUT,85,4,0.0,173263.03,26465.953,798020740.0,119766000.0,2831764000.0,9008217000.0,0.0,0.0
FROM_ZONE_0,85,4,0.0,0.0,0.0,0.0,0.0,0.0,0.0,0.0,0.0
FROM_haweaflat,85,4,0.0,0.0,1115.5743,25843.701,15460.174,0.0,0.0,0.0,0.0
FROM_moraine_top,85,4,0.0,2955.3413,0.0,0.0,0.0,0.0,0.0,0.0,0.0
FROM_river_zone,85,4,0.0,16555.469,0.0,0.0,32169.02,0.0,42.24488,68.77288,0.0
FROM_main_terrace,85,4,0.0,841.7612,0.0,200.06079,0.0,6507.036,66204.75,6063.703,0.0
FROM_sandy_point,85,4,0.0,0.0,0.0,0.0,1680.8306,0.0,44.893936,0.0,0.0
FROM_clutha,85,4,0.0,0.0,0.0,3.3334215,1701.0486,12.864993,0.0,909.92834,0.0
FROM_sub_terrace,85,4,0.0,0.0,0.0,72.76049,450.90994,0.0,7358.1274,0.0,0.0
FROM_mangawera,85,4,0.0,0.0,0.0,3697.7192,0.0,0.0,0.0,0.0,0.0
TOTAL_IN,85,4,0.0,220452.73,30538.957,798102850.0,119848260.0,2831772400.0,9008293000.0,8325.03,3988.4443
TO_STORAGE,85,4,0.0,0.0,0.00021861876,0.00021644324,0.15978526,0.0011156506,0.0007851915,0.0,0.0004599878
TO_CONSTANT_HEAD,85,4,0.0,0.0,0.0,0.0,0.0,0.0,0.0,0.0,0.0
TO_WELLS,85,4,0.0,4119.5796,0.0,0.0,445.89493,28.567646,0.0,440.7458,290.60635
TO_HEAD_DEP_BOUNDS,85,4,0.0,0.0,1116.7461,0.0,0.0,0.0,0.0,0.0,0.0
TO_RECHARGE,85,4,0.0,0.0,0.0,0.0,0.0,0.0,0.0,0.0,0.0
TO_STREAM_LEAKAGE,85,4,0.0,0.0,0.0,33168.98,1633.4008,6696.405,73333.76,0.0,0.0
TO_STREAM_FLOW_OUT,85,4,0.0,0.0,0.0,0.0,0.0,0.0,0.0,0.0,0.0
TO_ZONE_0,85,4,0.0,0.0,0.0,0.0,0.0,0.0,0.0,0.0,0.0
TO_haweaflat,85,4,0.0,0.0,2955.3413,16555.469,841.7612,0.0,0.0,0.0,0.0
TO_moraine_top,85,4,0.0,1115.5743,0.0,0.0,0.0,0.0,0.0,0.0,0.0
TO_river_zone,85,4,0.0,25843.701,0.0,0.0,200.06079,0.0,3.3334215,72.76049,3697.7192
TO_main_terrace,85,4,0.0,15460.174,0.0,32169.02,0.0,1680.8306,1701.0486,450.90994,0.0
TO_sandy_point,85,4,0.0,0.0,0.0,0.0,6507.036,0.0,12.864993,0.0,0.0
TO_clutha,85,4,0.0,0.0,0.0,42.24488,66204.75,44.893936,0.0,7358.1274,0.0
TO_sub_terrace,85,4,0.0,0.0,0.0,68.77288,6063.703,0.0,909.92834,0.0,0.0
TO_mangawera,85,4,0.0,0.0,0.0,0.0,0.0,0.0,0.0,0.0,0.0
TOTAL_OUT,85,4,0.0,46539.03,4072.0876,82004.484,81896.766,8450.698,75960.94,8322.544,3988.3262
IN-OUT,85,4,0.0,173913.7,26466.87,798020860.0,119766360.0,2831764000.0,9008217000.0,2.4863281,0.11816406
PERCENT_DISCREPANCY,85,4,,130.27646,152.93887,199.95892,199.72687,199.99881,199.99663,0.029870154,0.0029627043
FROM_STORAGE,86,4,0.0,6879.359,10.396742,943.35254,3884.1223,0.0011144386,58.73005,26.944435,1.2944307
FROM_CONSTANT_HEAD,86,4,0.0,0.0,0.0,0.0,0.0,0.0,0.0,0.0,0.0
FROM_WELLS,86,4,0.0,4777.7715,18.260052,1438.9762,8504.589,0.0,0.0,77.06712,1081.1698
FROM_HEAD_DEP_BOUNDS,86,4,0.0,0.0,199.96973,0.0,0.0,0.0,0.0,0.0,0.0
FROM_RECHARGE,86,4,0.0,11435.957,1631.3204,4484.366,15251.537,1894.4105,2240.9023,1178.2632,2905.9722
FROM_STREAM_LEAKAGE,86,4,0.0,3500.0,1100.0,45476.066,3119.7043,36.521347,16.351604,0.0,0.0
FROM_STREAM_FLOW_OUT,86,4,0.0,173263.03,26465.953,797990140.0,119765440.0,2831762200.0,9008211000.0,0.0,0.0
FROM_ZONE_0,86,4,0.0,0.0,0.0,0.0,0.0,0.0,0.0,0.0,0.0
FROM_haweaflat,86,4,0.0,0.0,1114.9795,25706.318,15437.471,0.0,0.0,0.0,0.0
FROM_moraine_top,86,4,0.0,2958.2656,0.0,0.0,0.0,0.0,0.0,0.0,0.0
FROM_river_zone,86,4,0.0,16614.174,0.0,0.0,32187.734,0.0,42.24329,68.8329,0.0
FROM_main_terrace,86,4,0.0,841.1898,0.0,199.01807,0.0,6507.036,66176.33,6061.047,0.0
FROM_sandy_point,86,4,0.0,0.0,0.0,0.0,1680.8306,0.0,44.893936,0.0,0.0
FROM_clutha,86,4,0.0,0.0,0.0,3.3333657,1700.4816,12.864993,0.0,909.4618,0.0
FROM_sub_terrace,86,4,0.0,0.0,0.0,72.69995,450.98477,0.0,7354.7305,0.0,0.0
FROM_mangawera,86,4,0.0,0.0,0.0,3697.712,0.0,0.0,0.0,0.0,0.0
TOTAL_IN,86,4,0.0,220269.75,30540.879,798072200.0,119847656.0,2831770600.0,9008287000.0,8321.616,3988.4365
TO_STORAGE,86,4,0.0,0.0,0.0002112466,0.00022899878,0.14741024,0.0011200731,0.0007627172,0.0,0.00045943214
TO_CONSTANT_HEAD,86,4,0.0,0.0,0.0,0.0,0.0,0.0,0.0,0.0,0.0
TO_WELLS,86,4,0.0,4119.5796,0.0,0.0,445.89493,28.567646,0.0,440.7458,290.60635
TO_HEAD_DEP_BOUNDS,86,4,0.0,0.0,1115.7754,0.0,0.0,0.0,0.0,0.0,0.0
TO_RECHARGE,86,4,0.0,0.0,0.0,0.0,0.0,0.0,0.0,0.0,0.0
TO_STREAM_LEAKAGE,86,4,0.0,0.0,0.0,33022.836,1633.3011,6696.405,73302.586,0.0,0.0
TO_STREAM_FLOW_OUT,86,4,0.0,0.0,0.0,0.0,0.0,0.0,0.0,0.0,0.0
TO_ZONE_0,86,4,0.0,0.0,0.0,0.0,0.0,0.0,0.0,0.0,0.0
TO_haweaflat,86,4,0.0,0.0,2958.2656,16614.174,841.1898,0.0,0.0,0.0,0.0
TO_moraine_top,86,4,0.0,1114.9795,0.0,0.0,0.0,0.0,0.0,0.0,0.0
TO_river_zone,86,4,0.0,25706.318,0.0,0.0,199.01807,0.0,3.3333657,72.69995,3697.712
TO_main_terrace,86,4,0.0,15437.471,0.0,32187.734,0.0,1680.8306,1700.4816,450.98477,0.0
TO_sandy_point,86,4,0.0,0.0,0.0,0.0,6507.036,0.0,12.864993,0.0,0.0
TO_clutha,86,4,0.0,0.0,0.0,42.24329,66176.33,44.893936,0.0,7354.7305,0.0
TO_sub_terrace,86,4,0.0,0.0,0.0,68.8329,6061.047,0.0,909.4618,0.0,0.0
TO_mangawera,86,4,0.0,0.0,0.0,0.0,0.0,0.0,0.0,0.0,0.0
TOTAL_OUT,86,4,0.0,46378.348,4074.0413,81935.82,81863.96,8450.698,75928.734,8319.161,3988.3188
IN-OUT,86,4,0.0,173891.4,26466.838,797990300.0,119765790.0,2831762200.0,9008211000.0,2.4550781,0.11767578
PERCENT_DISCREPANCY,86,4,,130.42763,152.92155,199.95894,199.72696,199.9988,199.99663,0.029506773,0.0029504674
FROM_STORAGE,87,4,0.0,6637.206,9.972179,899.48505,3852.808,0.0011105856,58.394405,26.597744,1.2866385
FROM_CONSTANT_HEAD,87,4,0.0,0.0,0.0,0.0,0.0,0.0,0.0,0.0,0.0
FROM_WELLS,87,4,0.0,4777.7715,18.260052,1438.9762,8504.589,0.0,0.0,77.06712,1081.1698
FROM_HEAD_DEP_BOUNDS,87,4,0.0,0.0,202.79932,0.0,0.0,0.0,0.0,0.0,0.0
FROM_RECHARGE,87,4,0.0,11435.957,1631.3204,4484.366,15251.537,1894.4105,2240.9023,1178.2632,2905.9722
FROM_STREAM_LEAKAGE,87,4,0.0,3500.0,1100.0,45583.652,3119.7043,36.521347,16.351604,0.0,0.0
FROM_STREAM_FLOW_OUT,87,4,0.0,173263.03,26465.953,797960800.0,119764904.0,2831760100.0,9008205000.0,0.0,0.0
FROM_ZONE_0,87,4,0.0,0.0,0.0,0.0,0.0,0.0,0.0,0.0,0.0
FROM_haweaflat,87,4,0.0,0.0,1114.4081,25574.312,15415.648,0.0,0.0,0.0,0.0
FROM_moraine_top,87,4,0.0,2961.0674,0.0,0.0,0.0,0.0,0.0,0.0,0.0
FROM_river_zone,87,4,0.0,16670.662,0.0,0.0,32206.154,0.0,42.24173,68.89202,0.0
FROM_main_terrace,87,4,0.0,840.62256,0.0,197.9924,0.0,6507.036,66148.28,6058.4336,0.0
FROM_sandy_point,87,4,0.0,0.0,0.0,0.0,1680.8306,0.0,44.893936,0.0,0.0
FROM_clutha,87,4,0.0,0.0,0.0,3.3333097,1699.9327,12.864993,0.0,909.00275,0.0
FROM_sub_terrace,87,4,0.0,0.0,0.0,72.64021,451.05817,0.0,7351.388,0.0,0.0
FROM_mangawera,87,4,0.0,0.0,0.0,3697.7048,0.0,0.0,0.0,0.0,0.0
TOTAL_IN,87,4,0.0,220086.31,30542.713,798042800.0,119847080.0,2831768600.0,9008281000.0,8318.257,3988.4287
TO_STORAGE,87,4,0.0,0.0,0.00021049511,0.0002321565,0.13525265,0.001125114,0.00076011545,0.0,0.00046267486
TO_CONSTANT_HEAD,87,4,0.0,0.0,0.0,0.0,0.0,0.0,0.0,0.0,0.0
TO_WELLS,87,4,0.0,4119.5796,0.0,0.0,445.89493,28.567646,0.0,440.7458,290.60635
TO_HEAD_DEP_BOUNDS,87,4,0.0,0.0,1114.8447,0.0,0.0,0.0,0.0,0.0,0.0
TO_RECHARGE,87,4,0.0,0.0,0.0,0.0,0.0,0.0,0.0,0.0,0.0
TO_STREAM_LEAKAGE,87,4,0.0,0.0,0.0,32881.805,1633.2347,6696.405,73271.91,0.0,0.0
TO_STREAM_FLOW_OUT,87,4,0.0,0.0,0.0,0.0,0.0,0.0,0.0,0.0,0.0
TO_ZONE_0,87,4,0.0,0.0,0.0,0.0,0.0,0.0,0.0,0.0,0.0
TO_haweaflat,87,4,0.0,0.0,2961.0674,16670.662,840.62256,0.0,0.0,0.0,0.0
TO_moraine_top,87,4,0.0,1114.4081,0.0,0.0,0.0,0.0,0.0,0.0,0.0
TO_river_zone,87,4,0.0,25574.312,0.0,0.0,197.9924,0.0,3.3333097,72.64021,3697.7048
TO_main_terrace,87,4,0.0,15415.648,0.0,32206.154,0.0,1680.8306,1699.9327,451.05817,0.0
TO_sandy_point,87,4,0.0,0.0,0.0,0.0,6507.036,0.0,12.864993,0.0,0.0
TO_clutha,87,4,0.0,0.0,0.0,42.24173,66148.28,44.893936,0.0,7351.388,0.0
TO_sub_terrace,87,4,0.0,0.0,0.0,68.89202,6058.4336,0.0,909.00275,0.0,0.0
TO_mangawera,87,4,0.0,0.0,0.0,0.0,0.0,0.0,0.0,0.0,0.0
TOTAL_OUT,87,4,0.0,46223.95,4075.9124,81869.76,81831.625,8450.698,75897.04,8315.832,3988.3115
IN-OUT,87,4,0.0,173862.36,26466.8,797960960.0,119765250.0,2831760100.0,9008205000.0,2.4248047,0.1171875
PERCENT_DISCREPANCY,87,4,,130.57129,152.90497,199.95897,199.72707,199.99881,199.99664,0.029154642,0.0029382303
FROM_STORAGE,88,4,0.0,6426.749,9.582454,859.45734,3818.9954,0.001106526,58.07451,26.267162,1.2791365
FROM_CONSTANT_HEAD,88,4,0.0,0.0,0.0,0.0,0.0,0.0,0.0,0.0,0.0
FROM_WELLS,88,4,0.0,4777.7715,18.260052,1438.9762,8504.589,0.0,0.0,77.06712,1081.1698
FROM_HEAD_DEP_BOUNDS,88,4,0.0,0.0,205.42725,0.0,0.0,0.0,0.0,0.0,0.0
FROM_RECHARGE,88,4,0.0,11435.957,1631.3204,4484.366,15251.537,1894.4105,2240.9023,1178.2632,2905.9722
FROM_STREAM_LEAKAGE,88,4,0.0,3500.0,1100.0,45683.457,3119.7043,36.521347,16.351604,0.0,0.0
FROM_STREAM_FLOW_OUT,88,4,0.0,173263.03,26465.953,797933440.0,119764430.0,2831758800.0,9008202000.0,0.0,0.0
FROM_ZONE_0,88,4,0.0,0.0,0.0,0.0,0.0,0.0,0.0,0.0,0.0
FROM_haweaflat,88,4,0.0,0.0,1113.8771,25451.658,15395.38,0.0,0.0,0.0,0.0
FROM_moraine_top,88,4,0.0,2963.6653,0.0,0.0,0.0,0.0,0.0,0.0,0.0
FROM_river_zone,88,4,0.0,16723.271,0.0,0.0,32223.666,0.0,42.240215,68.94812,0.0
FROM_main_terrace,88,4,0.0,840.07983,0.0,197.01799,0.0,6507.036,66121.56,6055.948,0.0
FROM_sandy_point,88,4,0.0,0.0,0.0,0.0,1680.8306,0.0,44.89394,0.0,0.0
FROM_clutha,88,4,0.0,0.0,0.0,3.3332567,1699.4199,12.864993,0.0,908.5664,0.0
FROM_sub_terrace,88,4,0.0,0.0,0.0,72.58345,451.1277,0.0,7348.2114,0.0,0.0
FROM_mangawera,88,4,0.0,0.0,0.0,3697.6978,0.0,0.0,0.0,0.0,0.0
TOTAL_IN,88,4,0.0,219930.52,30544.42,798015360.0,119846570.0,2831767300.0,9008278000.0,8315.061,3988.4211
TO_STORAGE,88,4,0.0,0.0,0.00019694379,0.00022784277,0.12478762,0.0011296262,0.00074906833,0.0,0.00040500227
TO_CONSTANT_HEAD,88,4,0.0,0.0,0.0,0.0,0.0,0.0,0.0,0.0,0.0
TO_WELLS,88,4,0.0,4119.5796,0.0,0.0,445.89493,28.567646,0.0,440.7458,290.60635
TO_HEAD_DEP_BOUNDS,88,4,0.0,0.0,1113.9897,0.0,0.0,0.0,0.0,0.0,0.0
TO_RECHARGE,88,4,0.0,0.0,0.0,0.0,0.0,0.0,0.0,0.0,0.0
TO_STREAM_LEAKAGE,88,4,0.0,0.0,0.0,32751.406,1633.1351,6696.405,73242.85,0.0,0.0
TO_STREAM_FLOW_OUT,88,4,0.0,0.0,0.0,0.0,0.0,0.0,0.0,0.0,0.0
TO_ZONE_0,88,4,0.0,0.0,0.0,0.0,0.0,0.0,0.0,0.0,0.0
TO_haweaflat,88,4,0.0,0.0,2963.6653,16723.271,840.07983,0.0,0.0,0.0,0.0
TO_moraine_top,88,4,0.0,1113.8771,0.0,0.0,0.0,0.0,0.0,0.0,0.0
TO_river_zone,88,4,0.0,25451.658,0.0,0.0,197.01799,0.0,3.3332567,72.58345,3697.6978
TO_main_terrace,88,4,0.0,15395.38,0.0,32223.666,0.0,1680.8306,1699.4199,451.1277,0.0
TO_sandy_point,88,4,0.0,0.0,0.0,0.0,6507.036,0.0,12.864993,0.0,0.0
TO_clutha,88,4,0.0,0.0,0.0,42.240215,66121.56,44.89394,0.0,7348.2114,0.0
TO_sub_terrace,88,4,0.0,0.0,0.0,68.94812,6055.948,0.0,908.5664,0.0,0.0
TO_mangawera,88,4,0.0,0.0,0.0,0.0,0.0,0.0,0.0,0.0,0.0
TOTAL_OUT,88,4,0.0,46080.496,4077.6553,81809.53,81800.8,8450.698,75867.05,8312.668,3988.3044
IN-OUT,88,4,0.0,173850.02,26466.766,797933600.0,119764770.0,2831758800.0,9008202000.0,2.3925781,0.11669922
PERCENT_DISCREPANCY,88,4,,130.7089,152.88954,199.959,199.72717,199.99881,199.99663,0.028778171,0.0029259932
FROM_STORAGE,89,4,0.0,6213.0776,9.192067,820.74713,3791.2544,0.0011025133,57.75326,25.935425,1.2717783
FROM_CONSTANT_HEAD,89,4,0.0,0.0,0.0,0.0,0.0,0.0,0.0,0.0,0.0
FROM_WELLS,89,4,0.0,4777.7715,18.260052,1438.9762,8504.589,0.0,0.0,77.06712,1081.1698
FROM_HEAD_DEP_BOUNDS,89,4,0.0,0.0,208.02881,0.0,0.0,0.0,0.0,0.0,0.0
FROM_RECHARGE,89,4,0.0,11435.957,1631.3204,4484.366,15251.537,1894.4105,2240.9023,1178.2632,2905.9722
FROM_STREAM_LEAKAGE,89,4,0.0,3500.0,1100.0,45781.4,3119.7043,36.521347,16.351604,0.0,0.0
FROM_STREAM_FLOW_OUT,89,4,0.0,173263.03,26465.953,797906750.0,119763970.0,2831757600.0,9008198000.0,0.0,0.0
FROM_ZONE_0,89,4,0.0,0.0,0.0,0.0,0.0,0.0,0.0,0.0,0.0
FROM_haweaflat,89,4,0.0,0.0,1113.3595,25331.426,15375.596,0.0,0.0,0.0,0.0
FROM_moraine_top,89,4,0.0,2966.1978,0.0,0.0,0.0,0.0,0.0,0.0,0.0
FROM_river_zone,89,4,0.0,16774.902,0.0,0.0,32241.23,0.0,42.2387,69.00441,0.0
FROM_main_terrace,89,4,0.0,839.5299,0.0,196.04095,0.0,6507.0366,66094.69,6053.4575,0.0
FROM_sandy_point,89,4,0.0,0.0,0.0,0.0,1680.8306,0.0,44.89394,0.0,0.0
FROM_clutha,89,4,0.0,0.0,0.0,3.3332043,1698.9133,12.864993,0.0,908.12885,0.0
FROM_sub_terrace,89,4,0.0,0.0,0.0,72.526474,451.19775,0.0,7345.024,0.0,0.0
FROM_mangawera,89,4,0.0,0.0,0.0,3697.691,0.0,0.0,0.0,0.0,0.0
TOTAL_IN,89,4,0.0,219770.48,30546.113,797988600.0,119846070.0,2831766000.0,9008273000.0,8311.856,3988.4136
TO_STORAGE,89,4,0.0,0.0,0.00019160449,0.00021648002,0.11465896,0.00113429,0.0007195269,0.0,0.00044592272
TO_CONSTANT_HEAD,89,4,0.0,0.0,0.0,0.0,0.0,0.0,0.0,0.0,0.0
TO_WELLS,89,4,0.0,4119.5796,0.0,0.0,445.89493,28.567646,0.0,440.7458,290.60635
TO_HEAD_DEP_BOUNDS,89,4,0.0,0.0,1113.1772,0.0,0.0,0.0,0.0,0.0,0.0
TO_RECHARGE,89,4,0.0,0.0,0.0,0.0,0.0,0.0,0.0,0.0,0.0
TO_STREAM_LEAKAGE,89,4,0.0,0.0,0.0,32623.852,1633.0687,6696.405,73213.27,0.0,0.0
TO_STREAM_FLOW_OUT,89,4,0.0,0.0,0.0,0.0,0.0,0.0,0.0,0.0,0.0
TO_ZONE_0,89,4,0.0,0.0,0.0,0.0,0.0,0.0,0.0,0.0,0.0
TO_haweaflat,89,4,0.0,0.0,2966.1978,16774.902,839.5299,0.0,0.0,0.0,0.0
TO_moraine_top,89,4,0.0,1113.3595,0.0,0.0,0.0,0.0,0.0,0.0,0.0
TO_river_zone,89,4,0.0,25331.426,0.0,0.0,196.04095,0.0,3.3332043,72.526474,3697.691
TO_main_terrace,89,4,0.0,15375.596,0.0,32241.23,0.0,1680.8306,1698.9133,451.19775,0.0
TO_sandy_point,89,4,0.0,0.0,0.0,0.0,6507.0366,0.0,12.864993,0.0,0.0
TO_clutha,89,4,0.0,0.0,0.0,42.2387,66094.69,44.89394,0.0,7345.024,0.0
TO_sub_terrace,89,4,0.0,0.0,0.0,69.00441,6053.4575,0.0,908.12885,0.0,0.0
TO_mangawera,89,4,0.0,0.0,0.0,0.0,0.0,0.0,0.0,0.0,0.0
TOTAL_OUT,89,4,0.0,45939.96,4079.3752,81751.234,81769.836,8450.698,75836.516,8309.494,3988.2979
IN-OUT,89,4,0.0,173830.53,26466.738,797906900.0,119764300.0,2831757600.0,9008198000.0,2.3623047,0.115722656
PERCENT_DISCREPANCY,89,4,,130.84209,152.87431,199.95903,199.72728,199.9988,199.99664,0.028424941,0.002901513
FROM_STORAGE,90,4,0.0,6004.192,8.780056,783.2797,3759.3948,0.001097243,57.435204,25.60673,1.2642448
FROM_CONSTANT_HEAD,90,4,0.0,0.0,0.0,0.0,0.0,0.0,0.0,0.0,0.0
FROM_WELLS,90,4,0.0,4777.7715,18.260052,1438.9762,8504.589,0.0,0.0,77.06712,1081.1698
FROM_HEAD_DEP_BOUNDS,90,4,0.0,0.0,210.55713,0.0,0.0,0.0,0.0,0.0,0.0
FROM_RECHARGE,90,4,0.0,11435.957,1631.3204,4484.366,15251.537,1894.4105,2240.9023,1178.2632,2905.9722
FROM_STREAM_LEAKAGE,90,4,0.0,3500.0,1100.0,45877.355,3119.7043,36.521347,16.351604,0.0,0.0
FROM_STREAM_FLOW_OUT,90,4,0.0,173263.03,26465.953,797880800.0,119763480.0,2831755500.0,9008191000.0,0.0,0.0
FROM_ZONE_0,90,4,0.0,0.0,0.0,0.0,0.0,0.0,0.0,0.0,0.0
FROM_haweaflat,90,4,0.0,0.0,1112.8542,25213.844,15356.233,0.0,0.0,0.0,0.0
FROM_moraine_top,90,4,0.0,2968.6355,0.0,0.0,0.0,0.0,0.0,0.0,0.0
FROM_river_zone,90,4,0.0,16825.365,0.0,0.0,32258.84,0.0,42.237194,69.06081,0.0
FROM_main_terrace,90,4,0.0,838.9691,0.0,195.06168,0.0,6507.0366,66067.68,6050.959,0.0
FROM_sandy_point,90,4,0.0,0.0,0.0,0.0,1680.8306,0.0,44.89394,0.0,0.0
FROM_clutha,90,4,0.0,0.0,0.0,3.3331509,1698.4131,12.864993,0.0,907.6902,0.0
FROM_sub_terrace,90,4,0.0,0.0,0.0,72.469376,451.26904,0.0,7341.8296,0.0,0.0
FROM_mangawera,90,4,0.0,0.0,0.0,3697.6843,0.0,0.0,0.0,0.0,0.0
TOTAL_IN,90,4,0.0,219613.92,30547.725,797962600.0,119845550.0,2831764000.0,9008267000.0,8308.647,3988.4062
TO_STORAGE,90,4,0.0,0.0,0.00018699709,0.00021503308,0.10597372,0.0011400065,0.00071174424,0.0,0.00042508595
TO_CONSTANT_HEAD,90,4,0.0,0.0,0.0,0.0,0.0,0.0,0.0,0.0,0.0
TO_WELLS,90,4,0.0,4119.5796,0.0,0.0,445.89493,28.567646,0.0,440.7458,290.60635
TO_HEAD_DEP_BOUNDS,90,4,0.0,0.0,1112.3833,0.0,0.0,0.0,0.0,0.0,0.0
TO_RECHARGE,90,4,0.0,0.0,0.0,0.0,0.0,0.0,0.0,0.0,0.0
TO_STREAM_LEAKAGE,90,4,0.0,0.0,0.0,32498.955,1632.9359,6696.405,73183.86,0.0,0.0
TO_STREAM_FLOW_OUT,90,4,0.0,0.0,0.0,0.0,0.0,0.0,0.0,0.0,0.0
TO_ZONE_0,90,4,0.0,0.0,0.0,0.0,0.0,0.0,0.0,0.0,0.0
TO_haweaflat,90,4,0.0,0.0,2968.6355,16825.365,838.9691,0.0,0.0,0.0,0.0
TO_moraine_top,90,4,0.0,1112.8542,0.0,0.0,0.0,0.0,0.0,0.0,0.0
TO_river_zone,90,4,0.0,25213.844,0.0,0.0,195.06168,0.0,3.3331509,72.469376,3697.6843
TO_main_terrace,90,4,0.0,15356.233,0.0,32258.84,0.0,1680.8306,1698.4131,451.26904,0.0
TO_sandy_point,90,4,0.0,0.0,0.0,0.0,6507.0366,0.0,12.864993,0.0,0.0
TO_clutha,90,4,0.0,0.0,0.0,42.237194,66067.68,44.89394,0.0,7341.8296,0.0
TO_sub_terrace,90,4,0.0,0.0,0.0,69.06081,6050.959,0.0,907.6902,0.0,0.0
TO_mangawera,90,4,0.0,0.0,0.0,0.0,0.0,0.0,0.0,0.0,0.0
TOTAL_OUT,90,4,0.0,45802.51,4081.019,81694.45,81738.65,8450.698,75806.164,8306.313,3988.291
IN-OUT,90,4,0.0,173811.4,26466.705,797880960.0,119763816.0,2831755500.0,9008191000.0,2.3339844,0.115234375
PERCENT_DISCREPANCY,90,4,,130.9726,152.85976,199.95908,199.72737,199.99881,199.99663,0.028094973,0.0028892753
FROM_STORAGE,91,4,0.0,5302.433,7.681324,683.6031,3405.4595,0.0010934935,52.1917,23.10039,1.148471
FROM_CONSTANT_HEAD,91,4,0.0,0.0,0.0,0.0,0.0,0.0,0.0,0.0,0.0
FROM_WELLS,91,4,0.0,4777.7715,18.260052,1438.9762,8504.589,0.0,0.0,77.06712,1081.1698
FROM_HEAD_DEP_BOUNDS,91,4,0.0,0.0,212.9336,0.0,0.0,0.0,0.0,0.0,0.0
FROM_RECHARGE,91,4,0.0,11435.957,1631.3204,4484.366,15251.537,1894.4105,2240.9023,1178.2632,2905.9722
FROM_STREAM_LEAKAGE,91,4,0.0,3500.0,1100.0,45972.016,3119.7043,36.521347,16.351604,0.0,0.0
FROM_STREAM_FLOW_OUT,91,4,0.0,173263.03,26465.953,797856060.0,119763050.0,2831754000.0,9008187000.0,0.0,0.0
FROM_ZONE_0,91,4,0.0,0.0,0.0,0.0,0.0,0.0,0.0,0.0,0.0
FROM_haweaflat,91,4,0.0,0.0,1112.377,25102.318,15337.937,0.0,0.0,0.0,0.0
FROM_moraine_top,91,4,0.0,2970.899,0.0,0.0,0.0,0.0,0.0,0.0,0.0
FROM_river_zone,91,4,0.0,16873.18,0.0,0.0,32275.95,0.0,42.235695,69.115616,0.0
FROM_main_terrace,91,4,0.0,838.41754,0.0,194.1106,0.0,6507.0366,66041.38,6048.5293,0.0
FROM_sandy_point,91,4,0.0,0.0,0.0,0.0,1680.8306,0.0,44.893944,0.0,0.0
FROM_clutha,91,4,0.0,0.0,0.0,3.333098,1697.9333,12.864993,0.0,907.2641,0.0
FROM_sub_terrace,91,4,0.0,0.0,0.0,72.41392,451.33835,0.0,7338.727,0.0,0.0
FROM_mangawera,91,4,0.0,0.0,0.0,3697.678,0.0,0.0,0.0,0.0,0.0
TOTAL_IN,91,4,0.0,218961.7,30548.525,797937700.0,119844760.0,2831762400.0,9008262000.0,8303.34,3988.2905
TO_STORAGE,91,4,0.0,0.0,0.00018606072,0.0002113261,0.090078264,0.001139739,0.0006996213,0.0,0.0004736208
TO_CONSTANT_HEAD,91,4,0.0,0.0,0.0,0.0,0.0,0.0,0.0,0.0,0.0
TO_WELLS,91,4,0.0,4119.5796,0.0,0.0,445.89493,28.567646,0.0,440.7458,290.60635
TO_HEAD_DEP_BOUNDS,91,4,0.0,0.0,1111.645,0.0,0.0,0.0,0.0,0.0,0.0
TO_RECHARGE,91,4,0.0,0.0,0.0,0.0,0.0,0.0,0.0,0.0,0.0
TO_STREAM_LEAKAGE,91,4,0.0,0.0,0.0,32385.033,1632.8363,6696.405,73154.91,0.0,0.0
TO_STREAM_FLOW_OUT,91,4,0.0,0.0,0.0,0.0,0.0,0.0,0.0,0.0,0.0
TO_ZONE_0,91,4,0.0,0.0,0.0,0.0,0.0,0.0,0.0,0.0,0.0
TO_haweaflat,91,4,0.0,0.0,2970.899,16873.18,838.41754,0.0,0.0,0.0,0.0
TO_moraine_top,91,4,0.0,1112.377,0.0,0.0,0.0,0.0,0.0,0.0,0.0
TO_river_zone,91,4,0.0,25102.318,0.0,0.0,194.1106,0.0,3.333098,72.41392,3697.678
TO_main_terrace,91,4,0.0,15337.937,0.0,32275.95,0.0,1680.8306,1697.9333,451.33835,0.0
TO_sandy_point,91,4,0.0,0.0,0.0,0.0,6507.0366,0.0,12.864993,0.0,0.0
TO_clutha,91,4,0.0,0.0,0.0,42.235695,66041.38,44.893944,0.0,7338.727,0.0
TO_sub_terrace,91,4,0.0,0.0,0.0,69.115616,6048.5293,0.0,907.2641,0.0,0.0
TO_mangawera,91,4,0.0,0.0,0.0,0.0,0.0,0.0,0.0,0.0,0.0
TOTAL_OUT,91,4,0.0,45672.21,4082.5442,81645.51,81708.3,8450.698,75776.305,8303.225,3988.285
IN-OUT,91,4,0.0,173289.5,26465.98,797856060.0,119763050.0,2831754000.0,9008186000.0,0.115234375,0.0056152344
PERCENT_DISCREPANCY,91,4,,130.96545,152.84529,199.95908,199.72746,199.9988,199.99664,0.0013878172,0.00014079311
FROM_STORAGE,92,4,0.0,5613.2407,8.076681,716.6297,3695.605,0.0011038588,56.82347,24.96976,1.2497425
FROM_CONSTANT_HEAD,92,4,0.0,0.0,0.0,0.0,0.0,0.0,0.0,0.0,0.0
FROM_WELLS,92,4,0.0,4777.7715,18.260052,1438.9762,8504.589,0.0,0.0,77.06712,1081.1698
FROM_HEAD_DEP_BOUNDS,92,4,0.0,0.0,215.25049,0.0,0.0,0.0,0.0,0.0,0.0
FROM_RECHARGE,92,4,0.0,11435.957,1631.3204,4484.366,15251.537,1894.4105,2240.9023,1178.2632,2905.9722
FROM_STREAM_LEAKAGE,92,4,0.0,3500.0,1100.0,46064.23,3119.7043,36.521347,16.351604,0.0,0.0
FROM_STREAM_FLOW_OUT,92,4,0.0,173263.03,26465.953,797832700.0,119762620.0,2831752400.0,9008183000.0,0.0,0.0
FROM_ZONE_0,92,4,0.0,0.0,0.0,0.0,0.0,0.0,0.0,0.0,0.0
FROM_haweaflat,92,4,0.0,0.0,1111.9138,24993.066,15320.078,0.0,0.0,0.0,0.0
FROM_moraine_top,92,4,0.0,2973.218,0.0,0.0,0.0,0.0,0.0,0.0,0.0
FROM_river_zone,92,4,0.0,16919.232,0.0,0.0,32293.045,0.0,42.23426,69.17034,0.0
FROM_main_terrace,92,4,0.0,837.86273,0.0,193.16075,0.0,6507.0366,66015.03,6046.102,0.0
FROM_sandy_point,92,4,0.0,0.0,0.0,0.0,1680.8306,0.0,44.893944,0.0,0.0
FROM_clutha,92,4,0.0,0.0,0.0,3.3330452,1697.4601,12.864993,0.0,906.83813,0.0
FROM_sub_terrace,92,4,0.0,0.0,0.0,72.35854,451.40762,0.0,7335.6245,0.0,0.0
FROM_mangawera,92,4,0.0,0.0,0.0,3697.6711,0.0,0.0,0.0,0.0,0.0
TOTAL_IN,92,4,0.0,219320.31,30550.775,797914430.0,119844630.0,2831761000.0,9008258000.0,8302.41,3988.3916
TO_STORAGE,92,4,0.0,0.0,0.00018817038,0.00020874893,0.09149477,0.0011355164,0.00071016623,0.0,0.0004731307
TO_CONSTANT_HEAD,92,4,0.0,0.0,0.0,0.0,0.0,0.0,0.0,0.0,0.0
TO_WELLS,92,4,0.0,4119.5796,0.0,0.0,445.89493,28.567646,0.0,440.7458,290.60635
TO_HEAD_DEP_BOUNDS,92,4,0.0,0.0,1110.9214,0.0,0.0,0.0,0.0,0.0,0.0
TO_RECHARGE,92,4,0.0,0.0,0.0,0.0,0.0,0.0,0.0,0.0,0.0
TO_STREAM_LEAKAGE,92,4,0.0,0.0,0.0,32274.492,1632.7367,6696.405,73126.19,0.0,0.0
TO_STREAM_FLOW_OUT,92,4,0.0,0.0,0.0,0.0,0.0,0.0,0.0,0.0,0.0
TO_ZONE_0,92,4,0.0,0.0,0.0,0.0,0.0,0.0,0.0,0.0,0.0
TO_haweaflat,92,4,0.0,0.0,2973.218,16919.232,837.86273,0.0,0.0,0.0,0.0
TO_moraine_top,92,4,0.0,1111.9138,0.0,0.0,0.0,0.0,0.0,0.0,0.0
TO_river_zone,92,4,0.0,24993.066,0.0,0.0,193.16075,0.0,3.3330452,72.35854,3697.6711
TO_main_terrace,92,4,0.0,15320.078,0.0,32293.045,0.0,1680.8306,1697.4601,451.40762,0.0
TO_sandy_point,92,4,0.0,0.0,0.0,0.0,6507.0366,0.0,12.864993,0.0,0.0
TO_clutha,92,4,0.0,0.0,0.0,42.23426,66015.03,44.893944,0.0,7335.6245,0.0
TO_sub_terrace,92,4,0.0,0.0,0.0,69.17034,6046.102,0.0,906.83813,0.0,0.0
TO_mangawera,92,4,0.0,0.0,0.0,0.0,0.0,0.0,0.0,0.0,0.0
TOTAL_OUT,92,4,0.0,45544.637,4084.1396,81598.18,81677.914,8450.698,75746.69,8300.137,3988.278
IN-OUT,92,4,0.0,173775.67,26466.637,797832800.0,119762950.0,2831752400.0,9008182000.0,2.2734375,0.11352539
PERCENT_DISCREPANCY,92,4,,131.21834,152.83212,199.95909,199.72757,199.99881,199.99663,0.027386611,0.0028464356
FROM_STORAGE,93,4,0.0,5427.6553,7.739167,685.6878,3663.354,0.0010978783,56.51947,24.652891,1.2425779
FROM_CONSTANT_HEAD,93,4,0.0,0.0,0.0,0.0,0.0,0.0,0.0,0.0,0.0
FROM_WELLS,93,4,0.0,4777.7715,18.260052,1438.9762,8504.589,0.0,0.0,77.06712,1081.1698
FROM_HEAD_DEP_BOUNDS,93,4,0.0,0.0,217.48145,0.0,0.0,0.0,0.0,0.0,0.0
FROM_RECHARGE,93,4,0.0,11435.957,1631.3204,4484.366,15251.537,1894.4105,2240.9023,1178.2632,2905.9722
FROM_STREAM_LEAKAGE,93,4,0.0,3500.0,1100.0,46153.23,3119.7043,36.521347,16.351604,0.0,0.0
FROM_STREAM_FLOW_OUT,93,4,0.0,173263.03,26465.953,797809400.0,119762210.0,2831751200.0,9008178000.0,0.0,0.0
FROM_ZONE_0,93,4,0.0,0.0,0.0,0.0,0.0,0.0,0.0,0.0,0.0
FROM_haweaflat,93,4,0.0,0.0,1111.47,24887.896,15302.901,0.0,0.0,0.0,0.0
FROM_moraine_top,93,4,0.0,2975.389,0.0,0.0,0.0,0.0,0.0,0.0,0.0
FROM_river_zone,93,4,0.0,16963.45,0.0,0.0,32309.893,0.0,42.232765,69.224304,0.0
FROM_main_terrace,93,4,0.0,837.3132,0.0,192.22562,0.0,6507.0366,65989.0,6043.7124,0.0
FROM_sandy_point,93,4,0.0,0.0,0.0,0.0,1680.8306,0.0,44.893944,0.0,0.0
FROM_clutha,93,4,0.0,0.0,0.0,3.332994,1697.0005,12.864993,0.0,906.41864,0.0
FROM_sub_terrace,93,4,0.0,0.0,0.0,72.303894,451.47537,0.0,7332.5684,0.0,0.0
FROM_mangawera,93,4,0.0,0.0,0.0,3697.665,0.0,0.0,0.0,0.0,0.0
TOTAL_IN,93,4,0.0,219180.56,30552.225,797891000.0,119844184.0,2831759600.0,9008253000.0,8299.339,3988.3845
TO_STORAGE,93,4,0.0,0.0,0.00019271283,0.00022886877,0.08530717,0.0011427293,0.0007301857,0.0,0.00040574986
TO_CONSTANT_HEAD,93,4,0.0,0.0,0.0,0.0,0.0,0.0,0.0,0.0,0.0
TO_WELLS,93,4,0.0,4119.5796,0.0,0.0,445.89493,28.567646,0.0,440.7458,290.60635
TO_HEAD_DEP_BOUNDS,93,4,0.0,0.0,1110.2231,0.0,0.0,0.0,0.0,0.0,0.0
TO_RECHARGE,93,4,0.0,0.0,0.0,0.0,0.0,0.0,0.0,0.0,0.0
TO_STREAM_LEAKAGE,93,4,0.0,0.0,0.0,32167.959,1632.6039,6696.405,73097.74,0.0,0.0
TO_STREAM_FLOW_OUT,93,4,0.0,0.0,0.0,0.0,0.0,0.0,0.0,0.0,0.0
TO_ZONE_0,93,4,0.0,0.0,0.0,0.0,0.0,0.0,0.0,0.0,0.0
TO_haweaflat,93,4,0.0,0.0,2975.389,16963.45,837.3132,0.0,0.0,0.0,0.0
TO_moraine_top,93,4,0.0,1111.47,0.0,0.0,0.0,0.0,0.0,0.0,0.0
TO_river_zone,93,4,0.0,24887.896,0.0,0.0,192.22562,0.0,3.332994,72.303894,3697.665
TO_main_terrace,93,4,0.0,15302.901,0.0,32309.893,0.0,1680.8306,1697.0005,451.47537,0.0
TO_sandy_point,93,4,0.0,0.0,0.0,0.0,6507.0366,0.0,12.864993,0.0,0.0
TO_clutha,93,4,0.0,0.0,0.0,42.232765,65989.0,44.893944,0.0,7332.5684,0.0
TO_sub_terrace,93,4,0.0,0.0,0.0,69.224304,6043.7124,0.0,906.41864,0.0,0.0
TO_mangawera,93,4,0.0,0.0,0.0,0.0,0.0,0.0,0.0,0.0,0.0
TOTAL_OUT,93,4,0.0,45421.848,4085.6123,81552.76,81647.87,8450.698,75717.37,8297.094,3988.2717
IN-OUT,93,4,0.0,173758.72,26466.613,797809500.0,119762536.0,2831751200.0,9008177000.0,2.2451172,0.11279297
PERCENT_DISCREPANCY,93,4,,131.33571,152.81909,199.95912,199.72768,199.99881,199.99664,0.027055418,0.0028280765
FROM_STORAGE,94,4,0.0,5246.7075,7.4111414,655.70667,3630.6084,0.0010922438,56.212547,24.334692,1.2354537
FROM_CONSTANT_HEAD,94,4,0.0,0.0,0.0,0.0,0.0,0.0,0.0,0.0,0.0
FROM_WELLS,94,4,0.0,4777.7715,18.260052,1438.9762,8504.589,0.0,0.0,77.06712,1081.1698
FROM_HEAD_DEP_BOUNDS,94,4,0.0,0.0,219.63965,0.0,0.0,0.0,0.0,0.0,0.0
FROM_RECHARGE,94,4,0.0,11435.957,1631.3204,4484.366,15251.537,1894.4105,2240.9023,1178.2632,2905.9722
FROM_STREAM_LEAKAGE,94,4,0.0,3500.0,1100.0,46240.367,3119.7043,36.521347,16.351604,0.0,0.0
FROM_STREAM_FLOW_OUT,94,4,0.0,173263.03,26465.953,797787260.0,119761790.0,2831749000.0,9008173000.0,0.0,0.0
FROM_ZONE_0,94,4,0.0,0.0,0.0,0.0,0.0,0.0,0.0,0.0,0.0
FROM_haweaflat,94,4,0.0,0.0,1111.0404,24785.324,15286.162,0.0,0.0,0.0,0.0
FROM_moraine_top,94,4,0.0,2977.4985,0.0,0.0,0.0,0.0,0.0,0.0,0.0
FROM_river_zone,94,4,0.0,17006.557,0.0,0.0,32326.713,0.0,42.231308,69.27808,0.0
FROM_main_terrace,94,4,0.0,836.76105,0.0,191.2926,0.0,6507.0366,65962.94,6041.3286,0.0
FROM_sandy_point,94,4,0.0,0.0,0.0,0.0,1680.8306,0.0,44.893948,0.0,0.0
FROM_clutha,94,4,0.0,0.0,0.0,3.3329415,1696.5483,12.864993,0.0,905.9998,0.0
FROM_sub_terrace,94,4,0.0,0.0,0.0,72.249306,451.5428,0.0,7329.5166,0.0,0.0
FROM_mangawera,94,4,0.0,0.0,0.0,3697.6582,0.0,0.0,0.0,0.0,0.0
TOTAL_IN,94,4,0.0,219044.3,30553.625,797868800.0,119843736.0,2831757600.0,9008248000.0,8296.271,3988.3774
TO_STORAGE,94,4,0.0,0.0,0.00019727598,0.00022891775,0.079193495,0.0011488856,0.00071724976,0.0,0.00048110576
TO_CONSTANT_HEAD,94,4,0.0,0.0,0.0,0.0,0.0,0.0,0.0,0.0,0.0
TO_WELLS,94,4,0.0,4119.5796,0.0,0.0,445.89493,28.567646,0.0,440.7458,290.60635
TO_HEAD_DEP_BOUNDS,94,4,0.0,0.0,1109.5479,0.0,0.0,0.0,0.0,0.0,0.0
TO_RECHARGE,94,4,0.0,0.0,0.0,0.0,0.0,0.0,0.0,0.0,0.0
TO_STREAM_LEAKAGE,94,4,0.0,0.0,0.0,32064.215,1632.4711,6696.405,73069.21,0.0,0.0
TO_STREAM_FLOW_OUT,94,4,0.0,0.0,0.0,0.0,0.0,0.0,0.0,0.0,0.0
TO_ZONE_0,94,4,0.0,0.0,0.0,0.0,0.0,0.0,0.0,0.0,0.0
TO_haweaflat,94,4,0.0,0.0,2977.4985,17006.557,836.76105,0.0,0.0,0.0,0.0
TO_moraine_top,94,4,0.0,1111.0404,0.0,0.0,0.0,0.0,0.0,0.0,0.0
TO_river_zone,94,4,0.0,24785.324,0.0,0.0,191.2926,0.0,3.3329415,72.249306,3697.6582
TO_main_terrace,94,4,0.0,15286.162,0.0,32326.713,0.0,1680.8306,1696.5483,451.5428,0.0
TO_sandy_point,94,4,0.0,0.0,0.0,0.0,6507.0366,0.0,12.864993,0.0,0.0
TO_clutha,94,4,0.0,0.0,0.0,42.231308,65962.94,44.893948,0.0,7329.5166,0.0
TO_sub_terrace,94,4,0.0,0.0,0.0,69.27808,6041.3286,0.0,905.9998,0.0,0.0
TO_mangawera,94,4,0.0,0.0,0.0,0.0,0.0,0.0,0.0,0.0,0.0
TOTAL_OUT,94,4,0.0,45302.11,4087.0466,81509.0,81617.8,8450.698,75687.96,8294.055,3988.2651
IN-OUT,94,4,0.0,173742.19,26466.578,797787260.0,119762120.0,2831749000.0,9008172000.0,2.2167969,0.11230469
PERCENT_DISCREPANCY,94,4,,131.45038,152.80638,199.95912,199.72778,199.9988,199.99664,0.02672397,0.0028158384
FROM_STORAGE,95,4,0.0,4633.694,6.496431,572.79846,3286.9517,0.0010883753,51.077274,21.94326,1.1222917
FROM_CONSTANT_HEAD,95,4,0.0,0.0,0.0,0.0,0.0,0.0,0.0,0.0,0.0
FROM_WELLS,95,4,0.0,4777.7715,18.260052,1438.9762,8504.589,0.0,0.0,77.06712,1081.1698
FROM_HEAD_DEP_BOUNDS,95,4,0.0,0.0,221.72412,0.0,0.0,0.0,0.0,0.0,0.0
FROM_RECHARGE,95,4,0.0,11435.957,1631.3204,4484.366,15251.537,1894.4105,2240.9023,1178.2632,2905.9722
FROM_STREAM_LEAKAGE,95,4,0.0,3500.0,1100.0,46323.816,3119.7043,36.521347,16.351604,0.0,0.0
FROM_STREAM_FLOW_OUT,95,4,0.0,173263.03,26465.953,797765760.0,119761410.0,2831748000.0,9008169000.0,0.0,0.0
FROM_ZONE_0,95,4,0.0,0.0,0.0,0.0,0.0,0.0,0.0,0.0,0.0
FROM_haweaflat,95,4,0.0,0.0,1110.6283,24687.305,15270.184,0.0,0.0,0.0,0.0
FROM_moraine_top,95,4,0.0,2979.4736,0.0,0.0,0.0,0.0,0.0,0.0,0.0
FROM_river_zone,95,4,0.0,17047.77,0.0,0.0,32343.156,0.0,42.22986,69.330734,0.0
FROM_main_terrace,95,4,0.0,836.2174,0.0,190.3807,0.0,6507.0366,65937.375,6038.998,0.0
FROM_sandy_point,95,4,0.0,0.0,0.0,0.0,1680.8306,0.0,44.893948,0.0,0.0
FROM_clutha,95,4,0.0,0.0,0.0,3.332891,1696.1127,12.864993,0.0,905.5902,0.0
FROM_sub_terrace,95,4,0.0,0.0,0.0,72.19598,451.60837,0.0,7326.532,0.0,0.0
FROM_mangawera,95,4,0.0,0.0,0.0,3697.6519,0.0,0.0,0.0,0.0,0.0
TOTAL_IN,95,4,0.0,218473.9,30554.383,797847230.0,119843010.0,2831756500.0,9008244000.0,8291.192,3988.2642
TO_STORAGE,95,4,0.0,0.0,0.00019843309,0.00023964721,0.067128606,0.001149798,0.00070105045,0.0,0.00047325075
TO_CONSTANT_HEAD,95,4,0.0,0.0,0.0,0.0,0.0,0.0,0.0,0.0,0.0
TO_WELLS,95,4,0.0,4119.5796,0.0,0.0,445.89493,28.567646,0.0,440.7458,290.60635
TO_HEAD_DEP_BOUNDS,95,4,0.0,0.0,1108.938,0.0,0.0,0.0,0.0,0.0,0.0
TO_RECHARGE,95,4,0.0,0.0,0.0,0.0,0.0,0.0,0.0,0.0,0.0
TO_STREAM_LEAKAGE,95,4,0.0,0.0,0.0,31965.342,1632.3383,6696.405,73041.09,0.0,0.0
TO_STREAM_FLOW_OUT,95,4,0.0,0.0,0.0,0.0,0.0,0.0,0.0,0.0,0.0
TO_ZONE_0,95,4,0.0,0.0,0.0,0.0,0.0,0.0,0.0,0.0,0.0
TO_haweaflat,95,4,0.0,0.0,2979.4736,17047.77,836.2174,0.0,0.0,0.0,0.0
TO_moraine_top,95,4,0.0,1110.6283,0.0,0.0,0.0,0.0,0.0,0.0,0.0
TO_river_zone,95,4,0.0,24687.305,0.0,0.0,190.3807,0.0,3.332891,72.19598,3697.6519
TO_main_terrace,95,4,0.0,15270.184,0.0,32343.156,0.0,1680.8306,1696.1127,451.60837,0.0
TO_sandy_point,95,4,0.0,0.0,0.0,0.0,6507.0366,0.0,12.864993,0.0,0.0
TO_clutha,95,4,0.0,0.0,0.0,42.22986,65937.375,44.893948,0.0,7326.532,0.0
TO_sub_terrace,95,4,0.0,0.0,0.0,69.330734,6038.998,0.0,905.5902,0.0,0.0
TO_mangawera,95,4,0.0,0.0,0.0,0.0,0.0,0.0,0.0,0.0,0.0
TOTAL_OUT,95,4,0.0,45187.695,4088.4119,81467.82,81588.31,8450.698,75659.0,8291.082,3988.2588
IN-OUT,95,4,0.0,173286.22,26465.97,797765760.0,119761416.0,2831748000.0,9008168000.0,0.11035156,0.0053710938
PERCENT_DISCREPANCY,95,4,,131.44594,152.79352,199.95917,199.72786,199.9988,199.99663,0.0013309582,0.00013467256
FROM_STORAGE,96,4,0.0,4905.0283,6.80875,599.9459,3565.0305,0.0010827653,55.60398,23.708067,1.2212594
FROM_CONSTANT_HEAD,96,4,0.0,0.0,0.0,0.0,0.0,0.0,0.0,0.0,0.0
FROM_WELLS,96,4,0.0,4777.7715,18.260052,1438.9762,8504.589,0.0,0.0,77.06712,1081.1698
FROM_HEAD_DEP_BOUNDS,96,4,0.0,0.0,223.75293,0.0,0.0,0.0,0.0,0.0,0.0
FROM_RECHARGE,96,4,0.0,11435.957,1631.3204,4484.366,15251.537,1894.4105,2240.9023,1178.2632,2905.9722
FROM_STREAM_LEAKAGE,96,4,0.0,3500.0,1100.0,46405.36,3119.7043,36.521347,16.351604,0.0,0.0
FROM_STREAM_FLOW_OUT,96,4,0.0,173263.03,26465.953,797745000.0,119761060.0,2831746800.0,9008167000.0,0.0,0.0
FROM_ZONE_0,96,4,0.0,0.0,0.0,0.0,0.0,0.0,0.0,0.0,0.0
FROM_haweaflat,96,4,0.0,0.0,1110.2323,24591.59,15254.597,0.0,0.0,0.0,0.0
FROM_moraine_top,96,4,0.0,2981.463,0.0,0.0,0.0,0.0,0.0,0.0,0.0
FROM_river_zone,96,4,0.0,17088.04,0.0,0.0,32359.586,0.0,42.22843,69.38323,0.0
FROM_main_terrace,96,4,0.0,835.6706,0.0,189.47038,0.0,6507.0366,65911.77,6036.67,0.0
FROM_sandy_point,96,4,0.0,0.0,0.0,0.0,1680.8306,0.0,44.89395,0.0,0.0
FROM_clutha,96,4,0.0,0.0,0.0,3.3328395,1695.6843,12.864993,0.0,905.18115,0.0
FROM_sub_terrace,96,4,0.0,0.0,0.0,72.14269,451.6737,0.0,7323.5513,0.0,0.0
FROM_mangawera,96,4,0.0,0.0,0.0,3697.6453,0.0,0.0,0.0,0.0,0.0
TOTAL_IN,96,4,0.0,218786.95,30556.328,797826500.0,119842936.0,2831755300.0,9008242000.0,8290.272,3988.3633
TO_STORAGE,96,4,0.0,0.0,0.00020358876,0.00022622664,0.067741394,0.0011610427,0.0007080018,0.0,0.00045823818
TO_CONSTANT_HEAD,96,4,0.0,0.0,0.0,0.0,0.0,0.0,0.0,0.0,0.0
TO_WELLS,96,4,0.0,4119.5796,0.0,0.0,445.89493,28.567646,0.0,440.7458,290.60635
TO_HEAD_DEP_BOUNDS,96,4,0.0,0.0,1108.3389,0.0,0.0,0.0,0.0,0.0,0.0
TO_RECHARGE,96,4,0.0,0.0,0.0,0.0,0.0,0.0,0.0,0.0,0.0
TO_STREAM_LEAKAGE,96,4,0.0,0.0,0.0,31868.836,1632.139,6696.405,73013.266,0.0,0.0
TO_STREAM_FLOW_OUT,96,4,0.0,0.0,0.0,0.0,0.0,0.0,0.0,0.0,0.0
TO_ZONE_0,96,4,0.0,0.0,0.0,0.0,0.0,0.0,0.0,0.0,0.0
TO_haweaflat,96,4,0.0,0.0,2981.463,17088.04,835.6706,0.0,0.0,0.0,0.0
TO_moraine_top,96,4,0.0,1110.2323,0.0,0.0,0.0,0.0,0.0,0.0,0.0
TO_river_zone,96,4,0.0,24591.59,0.0,0.0,189.47038,0.0,3.3328395,72.14269,3697.6453
TO_main_terrace,96,4,0.0,15254.597,0.0,32359.586,0.0,1680.8306,1695.6843,451.6737,0.0
TO_sandy_point,96,4,0.0,0.0,0.0,0.0,6507.0366,0.0,12.864993,0.0,0.0
TO_clutha,96,4,0.0,0.0,0.0,42.22843,65911.77,44.89395,0.0,7323.5513,0.0
TO_sub_terrace,96,4,0.0,0.0,0.0,69.38323,6036.67,0.0,905.18115,0.0,0.0
TO_mangawera,96,4,0.0,0.0,0.0,0.0,0.0,0.0,0.0,0.0,0.0
TOTAL_OUT,96,4,0.0,45076.0,4089.802,81428.07,81558.73,8450.698,75630.336,8288.113,3988.252
IN-OUT,96,4,0.0,173710.95,26466.525,797745100.0,119761380.0,2831746800.0,9008166000.0,2.1591797,0.111328125
PERCENT_DISCREPANCY,96,4,,131.66757,152.782,199.95918,199.72797,199.9988,199.99663,0.026048128,0.0027913626
FROM_STORAGE,97,4,0.0,4746.746,6.540457,574.4626,3531.4976,0.0010761132,55.3064,23.40412,1.2144787
FROM_CONSTANT_HEAD,97,4,0.0,0.0,0.0,0.0,0.0,0.0,0.0,0.0,0.0
FROM_WELLS,97,4,0.0,4777.7715,18.260052,1438.9762,8504.589,0.0,0.0,77.06712,1081.1698
FROM_HEAD_DEP_BOUNDS,97,4,0.0,0.0,225.66455,0.0,0.0,0.0,0.0,0.0,0.0
FROM_RECHARGE,97,4,0.0,11435.957,1631.3204,4484.366,15251.537,1894.4105,2240.9023,1178.2632,2905.9722
FROM_STREAM_LEAKAGE,97,4,0.0,3500.0,1100.0,46482.53,3119.7043,36.521347,16.351604,0.0,0.0
FROM_STREAM_FLOW_OUT,97,4,0.0,173263.03,26465.953,797725300.0,119760696.0,2831746000.0,9008163000.0,0.0,0.0
FROM_ZONE_0,97,4,0.0,0.0,0.0,0.0,0.0,0.0,0.0,0.0,0.0
FROM_haweaflat,97,4,0.0,0.0,1109.8533,24501.195,15240.971,0.0,0.0,0.0,0.0
FROM_moraine_top,97,4,0.0,2983.3008,0.0,0.0,0.0,0.0,0.0,0.0,0.0
FROM_river_zone,97,4,0.0,17126.137,0.0,0.0,32375.451,0.0,42.22705,69.43396,0.0
FROM_main_terrace,97,4,0.0,835.15515,0.0,188.59189,0.0,6507.0366,65886.984,6034.423,0.0
FROM_sandy_point,97,4,0.0,0.0,0.0,0.0,1680.8306,0.0,44.89395,0.0,0.0
FROM_clutha,97,4,0.0,0.0,0.0,3.3327897,1695.2772,12.864993,0.0,904.7863,0.0
FROM_sub_terrace,97,4,0.0,0.0,0.0,72.091156,451.73666,0.0,7320.673,0.0,0.0
FROM_mangawera,97,4,0.0,0.0,0.0,3697.6392,0.0,0.0,0.0,0.0,0.0
TOTAL_IN,97,4,0.0,218668.1,30557.592,797806800.0,119842540.0,2831754500.0,9008238000.0,8287.378,3988.3564
TO_STORAGE,97,4,0.0,0.0,0.00020390967,0.00022093019,0.063244194,0.0011690749,0.00069924816,0.0,0.0004922891
TO_CONSTANT_HEAD,97,4,0.0,0.0,0.0,0.0,0.0,0.0,0.0,0.0,0.0
TO_WELLS,97,4,0.0,4119.5796,0.0,0.0,445.89493,28.567646,0.0,440.7458,290.60635
TO_HEAD_DEP_BOUNDS,97,4,0.0,0.0,1107.7876,0.0,0.0,0.0,0.0,0.0,0.0
TO_RECHARGE,97,4,0.0,0.0,0.0,0.0,0.0,0.0,0.0,0.0,0.0
TO_STREAM_LEAKAGE,97,4,0.0,0.0,0.0,31777.201,1631.973,6696.405,72986.08,0.0,0.0
TO_STREAM_FLOW_OUT,97,4,0.0,0.0,0.0,0.0,0.0,0.0,0.0,0.0,0.0
TO_ZONE_0,97,4,0.0,0.0,0.0,0.0,0.0,0.0,0.0,0.0,0.0
TO_haweaflat,97,4,0.0,0.0,2983.3008,17126.137,835.15515,0.0,0.0,0.0,0.0
TO_moraine_top,97,4,0.0,1109.8533,0.0,0.0,0.0,0.0,0.0,0.0,0.0
TO_river_zone,97,4,0.0,24501.195,0.0,0.0,188.59189,0.0,3.3327897,72.091156,3697.6392
TO_main_terrace,97,4,0.0,15240.971,0.0,32375.451,0.0,1680.8306,1695.2772,451.73666,0.0
TO_sandy_point,97,4,0.0,0.0,0.0,0.0,6507.0366,0.0,12.864993,0.0,0.0
TO_clutha,97,4,0.0,0.0,0.0,42.22705,65886.984,44.89395,0.0,7320.673,0.0
TO_sub_terrace,97,4,0.0,0.0,0.0,69.43396,6034.423,0.0,904.7863,0.0,0.0
TO_mangawera,97,4,0.0,0.0,0.0,0.0,0.0,0.0,0.0,0.0,0.0
TOTAL_OUT,97,4,0.0,44971.6,4091.0886,81390.45,81530.125,8450.698,75602.34,8285.246,3988.246
IN-OUT,97,4,0.0,173696.5,26466.504,797725400.0,119761016.0,2831746000.0,9008162000.0,2.131836,0.11035156
PERCENT_DISCREPANCY,97,4,,131.7681,152.77065,199.9592,199.72807,199.99881,199.99663,0.025727198,0.0027668814
FROM_STORAGE,98,4,0.0,4592.0933,6.2706375,549.9301,3498.6943,0.0010919052,55.009212,23.102255,1.2076944
FROM_CONSTANT_HEAD,98,4,0.0,0.0,0.0,0.0,0.0,0.0,0.0,0.0,0.0
FROM_WELLS,98,4,0.0,4777.7715,18.260052,1438.9762,8504.589,0.0,0.0,77.06712,1081.1698
FROM_HEAD_DEP_BOUNDS,98,4,0.0,0.0,227.52197,0.0,0.0,0.0,0.0,0.0,0.0
FROM_RECHARGE,98,4,0.0,11435.957,1631.3204,4484.366,15251.537,1894.4105,2240.9023,1178.2632,2905.9722
FROM_STREAM_LEAKAGE,98,4,0.0,3500.0,1100.0,46557.734,3119.7043,36.521347,16.351604,0.0,0.0
FROM_STREAM_FLOW_OUT,98,4,0.0,173263.03,26465.953,797706500.0,119760320.0,2831743500.0,9008157000.0,0.0,0.0
FROM_ZONE_0,98,4,0.0,0.0,0.0,0.0,0.0,0.0,0.0,0.0,0.0
FROM_haweaflat,98,4,0.0,0.0,1109.4866,24413.414,15226.852,0.0,0.0,0.0,0.0
FROM_moraine_top,98,4,0.0,2985.07,0.0,0.0,0.0,0.0,0.0,0.0,0.0
FROM_river_zone,98,4,0.0,17163.158,0.0,0.0,32391.215,0.0,42.225655,69.48438,0.0
FROM_main_terrace,98,4,0.0,834.6255,0.0,187.71909,0.0,6507.037,65862.28,6032.1904,0.0
FROM_sandy_point,98,4,0.0,0.0,0.0,0.0,1680.8306,0.0,44.893955,0.0,0.0
FROM_clutha,98,4,0.0,0.0,0.0,3.3327403,1694.8784,12.864992,0.0,904.3938,0.0
FROM_sub_terrace,98,4,0.0,0.0,0.0,72.03992,451.79938,0.0,7317.8115,0.0,0.0
FROM_mangawera,98,4,0.0,0.0,0.0,3697.633,0.0,0.0,0.0,0.0,0.0
TOTAL_IN,98,4,0.0,218551.7,30558.812,797787900.0,119842136.0,2831752000.0,9008231000.0,8284.501,3988.3496
TO_STORAGE,98,4,0.0,0.0,0.00020482487,0.00022508,0.059210893,0.0011564484,0.00069118745,0.0,0.00045392578
TO_CONSTANT_HEAD,98,4,0.0,0.0,0.0,0.0,0.0,0.0,0.0,0.0,0.0
TO_WELLS,98,4,0.0,4119.5796,0.0,0.0,445.89493,28.567646,0.0,440.7458,290.60635
TO_HEAD_DEP_BOUNDS,98,4,0.0,0.0,1107.2617,0.0,0.0,0.0,0.0,0.0,0.0
TO_RECHARGE,98,4,0.0,0.0,0.0,0.0,0.0,0.0,0.0,0.0,0.0
TO_STREAM_LEAKAGE,98,4,0.0,0.0,0.0,31688.986,1631.807,6696.405,72959.15,0.0,0.0
TO_STREAM_FLOW_OUT,98,4,0.0,0.0,0.0,0.0,0.0,0.0,0.0,0.0,0.0
TO_ZONE_0,98,4,0.0,0.0,0.0,0.0,0.0,0.0,0.0,0.0,0.0
TO_haweaflat,98,4,0.0,0.0,2985.07,17163.158,834.6255,0.0,0.0,0.0,0.0
TO_moraine_top,98,4,0.0,1109.4866,0.0,0.0,0.0,0.0,0.0,0.0,0.0
TO_river_zone,98,4,0.0,24413.414,0.0,0.0,187.71909,0.0,3.3327403,72.03992,3697.633
TO_main_terrace,98,4,0.0,15226.852,0.0,32391.215,0.0,1680.8306,1694.8784,451.79938,0.0
TO_sandy_point,98,4,0.0,0.0,0.0,0.0,6507.037,0.0,12.864992,0.0,0.0
TO_clutha,98,4,0.0,0.0,0.0,42.225655,65862.28,44.893955,0.0,7317.8115,0.0
TO_sub_terrace,98,4,0.0,0.0,0.0,69.48438,6032.1904,0.0,904.3938,0.0,0.0
TO_mangawera,98,4,0.0,0.0,0.0,0.0,0.0,0.0,0.0,0.0,0.0
TOTAL_OUT,98,4,0.0,44869.332,4092.332,81355.07,81501.61,8450.698,75574.62,8282.396,3988.2397
IN-OUT,98,4,0.0,173682.38,26466.48,797706560.0,119760630.0,2831743500.0,9008156000.0,2.1044922,0.10986328
PERCENT_DISCREPANCY,98,4,,131.86676,152.75963,199.95923,199.72815,199.9988,199.99664,0.025405988,0.002754643
FROM_STORAGE,99,4,0.0,4442.602,6.023349,526.6229,3465.8987,0.0010931421,54.714523,22.804836,1.2008168
FROM_CONSTANT_HEAD,99,4,0.0,0.0,0.0,0.0,0.0,0.0,0.0,0.0,0.0
FROM_WELLS,99,4,0.0,4777.7715,18.260052,1438.9762,8504.589,0.0,0.0,77.06712,1081.1698
FROM_HEAD_DEP_BOUNDS,99,4,0.0,0.0,229.35645,0.0,0.0,0.0,0.0,0.0,0.0
FROM_RECHARGE,99,4,0.0,11435.957,1631.3204,4484.366,15251.537,1894.4105,2240.9023,1178.2632,2905.9722
FROM_STREAM_LEAKAGE,99,4,0.0,3500.0,1100.0,46630.625,3119.7043,36.521347,16.351604,0.0,0.0
FROM_STREAM_FLOW_OUT,99,4,0.0,173263.03,26465.953,797687550.0,119759980.0,2831742500.0,9008154000.0,0.0,0.0
FROM_ZONE_0,99,4,0.0,0.0,0.0,0.0,0.0,0.0,0.0,0.0,0.0
FROM_haweaflat,99,4,0.0,0.0,1109.1304,24328.83,15213.279,0.0,0.0,0.0,0.0
FROM_moraine_top,99,4,0.0,2986.768,0.0,0.0,0.0,0.0,0.0,0.0,0.0
FROM_river_zone,99,4,0.0,17198.873,0.0,0.0,32406.752,0.0,42.224247,69.534,0.0
FROM_main_terrace,99,4,0.0,834.09875,0.0,186.85924,0.0,6507.037,65837.875,6029.9897,0.0
FROM_sandy_point,99,4,0.0,0.0,0.0,0.0,1680.8306,0.0,44.893955,0.0,0.0
FROM_clutha,99,4,0.0,0.0,0.0,3.3326914,1694.4912,12.864992,0.0,904.007,0.0
FROM_sub_terrace,99,4,0.0,0.0,0.0,71.989525,451.86118,0.0,7314.992,0.0,0.0
FROM_mangawera,99,4,0.0,0.0,0.0,3697.627,0.0,0.0,0.0,0.0,0.0
TOTAL_IN,99,4,0.0,218439.1,30560.045,797768900.0,119841780.0,2831751000.0,9008228000.0,8281.666,3988.3428
TO_STORAGE,99,4,0.0,0.0,0.0002064266,0.00021732261,0.055331238,0.0011558171,0.0006800323,0.0,0.000417703
TO_CONSTANT_HEAD,99,4,0.0,0.0,0.0,0.0,0.0,0.0,0.0,0.0,0.0
TO_WELLS,99,4,0.0,4119.5796,0.0,0.0,445.89493,28.567646,0.0,440.7458,290.60635
TO_HEAD_DEP_BOUNDS,99,4,0.0,0.0,1106.8193,0.0,0.0,0.0,0.0,0.0,0.0
TO_RECHARGE,99,4,0.0,0.0,0.0,0.0,0.0,0.0,0.0,0.0,0.0
TO_STREAM_LEAKAGE,99,4,0.0,0.0,0.0,31603.34,1631.641,6696.405,72932.26,0.0,0.0
TO_STREAM_FLOW_OUT,99,4,0.0,0.0,0.0,0.0,0.0,0.0,0.0,0.0,0.0
TO_ZONE_0,99,4,0.0,0.0,0.0,0.0,0.0,0.0,0.0,0.0,0.0
TO_haweaflat,99,4,0.0,0.0,2986.768,17198.873,834.09875,0.0,0.0,0.0,0.0
TO_moraine_top,99,4,0.0,1109.1304,0.0,0.0,0.0,0.0,0.0,0.0,0.0
TO_river_zone,99,4,0.0,24328.83,0.0,0.0,186.85924,0.0,3.3326914,71.989525,3697.627
TO_main_terrace,99,4,0.0,15213.279,0.0,32406.752,0.0,1680.8306,1694.4912,451.86118,0.0
TO_sandy_point,99,4,0.0,0.0,0.0,0.0,6507.037,0.0,12.864992,0.0,0.0
TO_clutha,99,4,0.0,0.0,0.0,42.224247,65837.875,44.893955,0.0,7314.992,0.0
TO_sub_terrace,99,4,0.0,0.0,0.0,69.534,6029.9897,0.0,904.007,0.0,0.0
TO_mangawera,99,4,0.0,0.0,0.0,0.0,0.0,0.0,0.0,0.0,0.0
TOTAL_OUT,99,4,0.0,44770.82,4093.5876,81320.72,81473.45,8450.698,75546.96,8279.589,3988.2336
IN-OUT,99,4,0.0,173668.28,26466.457,797687550.0,119760300.0,2831742500.0,9008153000.0,2.0771484,0.10913086
PERCENT_DISCREPANCY,99,4,,131.9618,152.74854,199.95923,199.72826,199.99881,199.99663,0.025084434,0.0027362832
FROM_STORAGE,100,4,0.0,4296.408,5.7896442,504.2624,3432.75,0.0010838923,54.41876,22.508768,1.1941106
FROM_CONSTANT_HEAD,100,4,0.0,0.0,0.0,0.0,0.0,0.0,0.0,0.0,0.0
FROM_WELLS,100,4,0.0,4777.7715,18.260052,1438.9762,8504.589,0.0,0.0,77.06712,1081.1698
FROM_HEAD_DEP_BOUNDS,100,4,0.0,0.0,231.14502,0.0,0.0,0.0,0.0,0.0,0.0
FROM_RECHARGE,100,4,0.0,11435.957,1631.3204,4484.366,15251.537,1894.4105,2240.9023,1178.2632,2905.9722
FROM_STREAM_LEAKAGE,100,4,0.0,3500.0,1100.0,46701.562,3119.7043,36.521347,16.351604,0.0,0.0
FROM_STREAM_FLOW_OUT,100,4,0.0,173263.03,26465.953,797669600.0,119759660.0,2831741200.0,9008150000.0,0.0,0.0
FROM_ZONE_0,100,4,0.0,0.0,0.0,0.0,0.0,0.0,0.0,0.0,0.0
FROM_haweaflat,100,4,0.0,0.0,1108.782,24248.229,15200.067,0.0,0.0,0.0,0.0
FROM_moraine_top,100,4,0.0,2988.419,0.0,0.0,0.0,0.0,0.0,0.0,0.0
FROM_river_zone,100,4,0.0,17235.695,0.0,0.0,32422.244,0.0,42.2229,69.5835,0.0
FROM_main_terrace,100,4,0.0,833.5698,0.0,186.00226,0.0,6507.037,65813.47,6027.795,0.0
FROM_sandy_point,100,4,0.0,0.0,0.0,0.0,1680.8304,0.0,44.89396,0.0,0.0
FROM_clutha,100,4,0.0,0.0,0.0,3.3326426,1694.1105,12.864992,0.0,903.6215,0.0
FROM_sub_terrace,100,4,0.0,0.0,0.0,71.93925,451.9231,0.0,7312.1826,0.0,0.0
FROM_mangawera,100,4,0.0,0.0,0.0,3697.6206,0.0,0.0,0.0,0.0,0.0
TOTAL_IN,100,4,0.0,218330.84,30561.25,797751000.0,119841420.0,2831749600.0,9008224000.0,8278.839,3988.336
TO_STORAGE,100,4,0.0,0.0,0.00021502134,0.0002214763,0.05143778,0.0011625586,0.0006553933,0.0,0.0004329739
TO_CONSTANT_HEAD,100,4,0.0,0.0,0.0,0.0,0.0,0.0,0.0,0.0,0.0
TO_WELLS,100,4,0.0,4119.5796,0.0,0.0,445.89493,28.567646,0.0,440.7458,290.60635
TO_HEAD_DEP_BOUNDS,100,4,0.0,0.0,1106.3896,0.0,0.0,0.0,0.0,0.0,0.0
TO_RECHARGE,100,4,0.0,0.0,0.0,0.0,0.0,0.0,0.0,0.0,0.0
TO_STREAM_LEAKAGE,100,4,0.0,0.0,0.0,31520.393,1631.475,6696.405,72905.63,0.0,0.0
TO_STREAM_FLOW_OUT,100,4,0.0,0.0,0.0,0.0,0.0,0.0,0.0,0.0,0.0
TO_ZONE_0,100,4,0.0,0.0,0.0,0.0,0.0,0.0,0.0,0.0,0.0
TO_haweaflat,100,4,0.0,0.0,2988.419,17235.695,833.5698,0.0,0.0,0.0,0.0
TO_moraine_top,100,4,0.0,1108.782,0.0,0.0,0.0,0.0,0.0,0.0,0.0
TO_river_zone,100,4,0.0,24248.229,0.0,0.0,186.00226,0.0,3.3326426,71.93925,3697.6206
TO_main_terrace,100,4,0.0,15200.067,0.0,32422.244,0.0,1680.8304,1694.1105,451.9231,0.0
TO_sandy_point,100,4,0.0,0.0,0.0,0.0,6507.037,0.0,12.864992,0.0,0.0
TO_clutha,100,4,0.0,0.0,0.0,42.2229,65813.47,44.89396,0.0,7312.1826,0.0
TO_sub_terrace,100,4,0.0,0.0,0.0,69.5835,6027.795,0.0,903.6215,0.0,0.0
TO_mangawera,100,4,0.0,0.0,0.0,0.0,0.0,0.0,0.0,0.0,0.0
TOTAL_OUT,100,4,0.0,44676.656,4094.8088,81290.14,81445.3,8450.697,75519.57,8276.791,3988.2273
IN-OUT,100,4,0.0,173654.19,26466.441,797669700.0,119759976.0,2831741200.0,9008148000.0,2.0478516,0.10864258
PERCENT_DISCREPANCY,100,4,,132.05264,152.73775,199.95926,199.72833,199.9988,199.99664,0.024739036,0.0027240447
FROM_STORAGE,101,4,0.0,4159.9907,5.597498,483.56296,3400.3074,0.0010850854,54.131256,22.222492,1.1876147
FROM_CONSTANT_HEAD,101,4,0.0,0.0,0.0,0.0,0.0,0.0,0.0,0.0,0.0
FROM_WELLS,101,4,0.0,4777.7715,18.260052,1438.9762,8504.589,0.0,0.0,77.06712,1081.1698
FROM_HEAD_DEP_BOUNDS,101,4,0.0,0.0,232.83594,0.0,0.0,0.0,0.0,0.0,0.0
FROM_RECHARGE,101,4,0.0,11435.957,1631.3204,4484.366,15251.537,1894.4105,2240.9023,1178.2632,2905.9722
FROM_STREAM_LEAKAGE,101,4,0.0,3500.0,1100.0,46768.92,3119.7043,36.521347,16.351604,0.0,0.0
FROM_STREAM_FLOW_OUT,101,4,0.0,173263.03,26465.953,797652800.0,119759350.0,2831740000.0,9008146000.0,0.0,0.0
FROM_ZONE_0,101,4,0.0,0.0,0.0,0.0,0.0,0.0,0.0,0.0,0.0
FROM_haweaflat,101,4,0.0,0.0,1108.4502,24173.18,15187.605,0.0,0.0,0.0,0.0
FROM_moraine_top,101,4,0.0,2990.0103,0.0,0.0,0.0,0.0,0.0,0.0,0.0
FROM_river_zone,101,4,0.0,17271.893,0.0,0.0,32437.21,0.0,42.221577,69.63131,0.0
FROM_main_terrace,101,4,0.0,833.0554,0.0,185.17473,0.0,6507.037,65789.83,6025.677,0.0
FROM_sandy_point,101,4,0.0,0.0,0.0,0.0,1680.8304,0.0,44.89396,0.0,0.0
FROM_clutha,101,4,0.0,0.0,0.0,3.3325953,1693.7479,12.864992,0.0,903.24896,0.0
FROM_sub_terrace,101,4,0.0,0.0,0.0,71.89071,451.9829,0.0,7309.4663,0.0,0.0
FROM_mangawera,101,4,0.0,0.0,0.0,3697.6147,0.0,0.0,0.0,0.0,0.0
TOTAL_IN,101,4,0.0,218231.72,30562.418,797734140.0,119841080.0,2831748400.0,9008221000.0,8276.109,3988.3296
TO_STORAGE,101,4,0.0,0.0,0.00021628484,0.00021813487,0.047946107,0.0011617516,0.0006404526,0.0,0.0004327353
TO_CONSTANT_HEAD,101,4,0.0,0.0,0.0,0.0,0.0,0.0,0.0,0.0,0.0
TO_WELLS,101,4,0.0,4119.5796,0.0,0.0,445.89493,28.567646,0.0,440.7458,290.60635
TO_HEAD_DEP_BOUNDS,101,4,0.0,0.0,1105.9834,0.0,0.0,0.0,0.0,0.0,0.0
TO_RECHARGE,101,4,0.0,0.0,0.0,0.0,0.0,0.0,0.0,0.0,0.0
TO_STREAM_LEAKAGE,101,4,0.0,0.0,0.0,31441.688,1631.2759,6696.405,72879.9,0.0,0.0
TO_STREAM_FLOW_OUT,101,4,0.0,0.0,0.0,0.0,0.0,0.0,0.0,0.0,0.0
TO_ZONE_0,101,4,0.0,0.0,0.0,0.0,0.0,0.0,0.0,0.0,0.0
TO_haweaflat,101,4,0.0,0.0,2990.0103,17271.893,833.0554,0.0,0.0,0.0,0.0
TO_moraine_top,101,4,0.0,1108.4502,0.0,0.0,0.0,0.0,0.0,0.0,0.0
TO_river_zone,101,4,0.0,24173.18,0.0,0.0,185.17473,0.0,3.3325953,71.89071,3697.6147
TO_main_terrace,101,4,0.0,15187.605,0.0,32437.21,0.0,1680.8304,1693.7479,451.9829,0.0
TO_sandy_point,101,4,0.0,0.0,0.0,0.0,6507.037,0.0,12.864992,0.0,0.0
TO_clutha,101,4,0.0,0.0,0.0,42.221577,65789.83,44.89396,0.0,7309.4663,0.0
TO_sub_terrace,101,4,0.0,0.0,0.0,69.63131,6025.677,0.0,903.24896,0.0,0.0
TO_mangawera,101,4,0.0,0.0,0.0,0.0,0.0,0.0,0.0,0.0,0.0
TOTAL_OUT,101,4,0.0,44588.812,4095.994,81262.64,81417.99,8450.697,75493.1,8274.086,3988.2214
IN-OUT,101,4,0.0,173642.9,26466.424,797652860.0,119759660.0,2831740000.0,9008145000.0,2.0234375,0.1081543
PERCENT_DISCREPANCY,101,4,,132.138,152.7273,199.95924,199.72844,199.9988,199.99663,0.024452128,0.0027118062
FROM_STORAGE,102,4,0.0,4025.3274,5.389247,463.55832,3367.4875,0.0010760128,53.841076,21.936241,1.1811837
FROM_CONSTANT_HEAD,102,4,0.0,0.0,0.0,0.0,0.0,0.0,0.0,0.0,0.0
FROM_WELLS,102,4,0.0,4777.7715,18.260052,1438.9762,8504.589,0.0,0.0,77.06712,1081.1698
FROM_HEAD_DEP_BOUNDS,102,4,0.0,0.0,234.49121,0.0,0.0,0.0,0.0,0.0,0.0
FROM_RECHARGE,102,4,0.0,11435.957,1631.3204,4484.366,15251.537,1894.4105,2240.9023,1178.2632,2905.9722
FROM_STREAM_LEAKAGE,102,4,0.0,3500.0,1100.0,46835.1,3119.7043,36.521347,16.384804,0.0,0.0
FROM_STREAM_FLOW_OUT,102,4,0.0,173263.03,26465.953,797636000.0,119759020.0,2831738400.0,9008142000.0,0.0,0.0
FROM_ZONE_0,102,4,0.0,0.0,0.0,0.0,0.0,0.0,0.0,0.0,0.0
FROM_haweaflat,102,4,0.0,0.0,1108.1273,24099.771,15175.44,0.0,0.0,0.0,0.0
FROM_moraine_top,102,4,0.0,2991.546,0.0,0.0,0.0,0.0,0.0,0.0,0.0
FROM_river_zone,102,4,0.0,17307.332,0.0,0.0,32452.162,0.0,42.220272,69.679085,0.0
FROM_main_terrace,102,4,0.0,832.54047,0.0,184.34827,0.0,6507.037,65766.15,6023.5605,0.0
FROM_sandy_point,102,4,0.0,0.0,0.0,0.0,1680.8304,0.0,44.893963,0.0,0.0
FROM_clutha,102,4,0.0,0.0,0.0,3.332548,1693.3907,12.864992,0.0,902.8768,0.0
FROM_sub_terrace,102,4,0.0,0.0,0.0,71.84203,452.0427,0.0,7306.753,0.0,0.0
FROM_mangawera,102,4,0.0,0.0,0.0,3697.6086,0.0,0.0,0.0,0.0,0.0
TOTAL_IN,102,4,0.0,218133.52,30563.541,797717300.0,119840730.0,2831746800.0,9008217000.0,8273.383,3988.3232
TO_STORAGE,102,4,0.0,0.0,0.00021785084,0.0002191111,0.044787806,0.001170651,0.00063189026,0.0,0.00045237126
TO_CONSTANT_HEAD,102,4,0.0,0.0,0.0,0.0,0.0,0.0,0.0,0.0,0.0
TO_WELLS,102,4,0.0,4119.5796,0.0,0.0,445.89493,28.567646,0.0,440.7458,290.60635
TO_HEAD_DEP_BOUNDS,102,4,0.0,0.0,1105.582,0.0,0.0,0.0,0.0,0.0,0.0
TO_RECHARGE,102,4,0.0,0.0,0.0,0.0,0.0,0.0,0.0,0.0,0.0
TO_STREAM_LEAKAGE,102,4,0.0,0.0,0.0,31365.164,1631.0767,6696.405,72854.01,0.0,0.0
TO_STREAM_FLOW_OUT,102,4,0.0,0.0,0.0,0.0,0.0,0.0,0.0,0.0,0.0
TO_ZONE_0,102,4,0.0,0.0,0.0,0.0,0.0,0.0,0.0,0.0,0.0
TO_haweaflat,102,4,0.0,0.0,2991.546,17307.332,832.54047,0.0,0.0,0.0,0.0
TO_moraine_top,102,4,0.0,1108.1273,0.0,0.0,0.0,0.0,0.0,0.0,0.0
TO_river_zone,102,4,0.0,24099.771,0.0,0.0,184.34827,0.0,3.332548,71.84203,3697.6086
TO_main_terrace,102,4,0.0,15175.44,0.0,32452.162,0.0,1680.8304,1693.3907,452.0427,0.0
TO_sandy_point,102,4,0.0,0.0,0.0,0.0,6507.037,0.0,12.864992,0.0,0.0
TO_clutha,102,4,0.0,0.0,0.0,42.220272,65766.15,44.893963,0.0,7306.753,0.0
TO_sub_terrace,102,4,0.0,0.0,0.0,69.679085,6023.5605,0.0,902.8768,0.0,0.0
TO_mangawera,102,4,0.0,0.0,0.0,0.0,0.0,0.0,0.0,0.0,0.0
TOTAL_OUT,102,4,0.0,44502.918,4097.128,81236.555,81390.66,8450.697,75466.48,8271.384,3988.2153
IN-OUT,102,4,0.0,173630.6,26466.414,797636100.0,119759336.0,2831738400.0,9008141000.0,1.9990234,0.107910156
PERCENT_DISCREPANCY,102,4,,132.22125,152.71729,199.95929,199.72852,199.99881,199.99664,0.024165025,0.0027056888
FROM_STORAGE,103,4,0.0,3894.8284,5.174505,444.23227,3334.5166,0.0010819968,53.55005,21.651518,1.1745915
FROM_CONSTANT_HEAD,103,4,0.0,0.0,0.0,0.0,0.0,0.0,0.0,0.0,0.0
FROM_WELLS,103,4,0.0,4777.7715,18.260052,1438.9762,8504.589,0.0,0.0,77.06712,1081.1698
FROM_HEAD_DEP_BOUNDS,103,4,0.0,0.0,236.08691,0.0,0.0,0.0,0.0,0.0,0.0
FROM_RECHARGE,103,4,0.0,11435.957,1631.3204,4484.366,15251.537,1894.4105,2240.9023,1178.2632,2905.9722
FROM_STREAM_LEAKAGE,103,4,0.0,3500.0,1100.0,46899.242,3119.7043,36.521347,16.384804,0.0,0.0
FROM_STREAM_FLOW_OUT,103,4,0.0,173263.03,26465.953,797620030.0,119758720.0,2831736800.0,9008137000.0,0.0,0.0
FROM_ZONE_0,103,4,0.0,0.0,0.0,0.0,0.0,0.0,0.0,0.0,0.0
FROM_haweaflat,103,4,0.0,0.0,1107.8152,24028.594,15163.656,0.0,0.0,0.0,0.0
FROM_moraine_top,103,4,0.0,2993.0178,0.0,0.0,0.0,0.0,0.0,0.0,0.0
FROM_river_zone,103,4,0.0,17341.678,0.0,0.0,32466.998,0.0,42.21892,69.72645,0.0
FROM_main_terrace,103,4,0.0,832.02734,0.0,183.52861,0.0,6507.037,65742.586,6021.4595,0.0
FROM_sandy_point,103,4,0.0,0.0,0.0,0.0,1680.8304,0.0,44.893967,0.0,0.0
FROM_clutha,103,4,0.0,0.0,0.0,3.3325021,1693.0413,12.864992,0.0,902.5076,0.0
FROM_sub_terrace,103,4,0.0,0.0,0.0,71.793884,452.1019,0.0,7304.0605,0.0,0.0
FROM_mangawera,103,4,0.0,0.0,0.0,3697.6028,0.0,0.0,0.0,0.0,0.0
TOTAL_IN,103,4,0.0,218038.31,30564.61,797701250.0,119840380.0,2831745300.0,9008212000.0,8270.676,3988.3164
TO_STORAGE,103,4,0.0,0.0,0.00021226484,0.00020655611,0.041687317,0.0011652054,0.00061451644,0.0,0.00048734233
TO_CONSTANT_HEAD,103,4,0.0,0.0,0.0,0.0,0.0,0.0,0.0,0.0,0.0
TO_WELLS,103,4,0.0,4119.5796,0.0,0.0,445.89493,28.567646,0.0,440.7458,290.60635
TO_HEAD_DEP_BOUNDS,103,4,0.0,0.0,1105.2007,0.0,0.0,0.0,0.0,0.0,0.0
TO_RECHARGE,103,4,0.0,0.0,0.0,0.0,0.0,0.0,0.0,0.0,0.0
TO_STREAM_LEAKAGE,103,4,0.0,0.0,0.0,31290.777,1630.8442,6696.405,72827.91,0.0,0.0
TO_STREAM_FLOW_OUT,103,4,0.0,0.0,0.0,0.0,0.0,0.0,0.0,0.0,0.0
TO_ZONE_0,103,4,0.0,0.0,0.0,0.0,0.0,0.0,0.0,0.0,0.0
TO_haweaflat,103,4,0.0,0.0,2993.0178,17341.678,832.02734,0.0,0.0,0.0,0.0
TO_moraine_top,103,4,0.0,1107.8152,0.0,0.0,0.0,0.0,0.0,0.0,0.0
TO_river_zone,103,4,0.0,24028.594,0.0,0.0,183.52861,0.0,3.3325021,71.793884,3697.6028
TO_main_terrace,103,4,0.0,15163.656,0.0,32466.998,0.0,1680.8304,1693.0413,452.1019,0.0
TO_sandy_point,103,4,0.0,0.0,0.0,0.0,6507.037,0.0,12.864992,0.0,0.0
TO_clutha,103,4,0.0,0.0,0.0,42.21892,65742.586,44.893967,0.0,7304.0605,0.0
TO_sub_terrace,103,4,0.0,0.0,0.0,69.72645,6021.4595,0.0,902.5076,0.0,0.0
TO_mangawera,103,4,0.0,0.0,0.0,0.0,0.0,0.0,0.0,0.0,0.0
TOTAL_OUT,103,4,0.0,44419.645,4098.2188,81211.4,81363.42,8450.697,75439.66,8268.702,3988.2097
IN-OUT,103,4,0.0,173618.67,26466.39,797620030.0,119759020.0,2831736800.0,9008136000.0,1.9736328,0.10668945
PERCENT_DISCREPANCY,103,4,,132.30208,152.70763,199.95929,199.72862,199.99881,199.99663,0.023865864,0.0026750856
FROM_STORAGE,104,4,0.0,3771.582,4.9639997,426.1638,3302.2817,0.0010764757,53.26491,21.37605,1.1683142
FROM_CONSTANT_HEAD,104,4,0.0,0.0,0.0,0.0,0.0,0.0,0.0,0.0,0.0
FROM_WELLS,104,4,0.0,4777.7715,18.260052,1438.9762,8504.589,0.0,0.0,77.06712,1081.1698
FROM_HEAD_DEP_BOUNDS,104,4,0.0,0.0,237.58887,0.0,0.0,0.0,0.0,0.0,0.0
FROM_RECHARGE,104,4,0.0,11435.957,1631.3204,4484.366,15251.537,1894.4105,2240.9023,1178.2632,2905.9722
FROM_STREAM_LEAKAGE,104,4,0.0,3500.0,1100.0,46960.523,3119.7043,36.521347,16.384804,0.0,0.0
FROM_STREAM_FLOW_OUT,104,4,0.0,173263.03,26465.953,797604900.0,119758456.0,2831735800.0,9008134000.0,0.0,0.0
FROM_ZONE_0,104,4,0.0,0.0,0.0,0.0,0.0,0.0,0.0,0.0,0.0
FROM_haweaflat,104,4,0.0,0.0,1107.5214,23961.37,15152.537,0.0,0.0,0.0,0.0
FROM_moraine_top,104,4,0.0,2994.397,0.0,0.0,0.0,0.0,0.0,0.0,0.0
FROM_river_zone,104,4,0.0,17374.146,0.0,0.0,32481.332,0.0,42.21768,69.77222,0.0
FROM_main_terrace,104,4,0.0,831.52844,0.0,182.73705,0.0,6507.037,65719.75,6019.4307,0.0
FROM_sandy_point,104,4,0.0,0.0,0.0,0.0,1680.8303,0.0,44.893967,0.0,0.0
FROM_clutha,104,4,0.0,0.0,0.0,3.332457,1692.7087,12.864992,0.0,902.15094,0.0
FROM_sub_terrace,104,4,0.0,0.0,0.0,71.74733,452.15915,0.0,7301.4604,0.0,0.0
FROM_mangawera,104,4,0.0,0.0,0.0,3697.597,0.0,0.0,0.0,0.0,0.0
TOTAL_IN,104,4,0.0,217948.4,30565.607,797686140.0,119840100.0,2831744300.0,9008209000.0,8268.061,3988.3103
TO_STORAGE,104,4,0.0,0.0,0.0002215162,0.00021382462,0.03862654,0.0011687147,0.0006151589,0.0,0.00045320007
TO_CONSTANT_HEAD,104,4,0.0,0.0,0.0,0.0,0.0,0.0,0.0,0.0,0.0
TO_WELLS,104,4,0.0,4119.5796,0.0,0.0,445.89493,28.567646,0.0,440.7458,290.60635
TO_HEAD_DEP_BOUNDS,104,4,0.0,0.0,1104.8364,0.0,0.0,0.0,0.0,0.0,0.0
TO_RECHARGE,104,4,0.0,0.0,0.0,0.0,0.0,0.0,0.0,0.0,0.0
TO_STREAM_LEAKAGE,104,4,0.0,0.0,0.0,31220.488,1630.645,6696.405,72803.04,0.0,0.0
TO_STREAM_FLOW_OUT,104,4,0.0,0.0,0.0,0.0,0.0,0.0,0.0,0.0,0.0
TO_ZONE_0,104,4,0.0,0.0,0.0,0.0,0.0,0.0,0.0,0.0,0.0
TO_haweaflat,104,4,0.0,0.0,2994.397,17374.146,831.52844,0.0,0.0,0.0,0.0
TO_moraine_top,104,4,0.0,1107.5214,0.0,0.0,0.0,0.0,0.0,0.0,0.0
TO_river_zone,104,4,0.0,23961.37,0.0,0.0,182.73705,0.0,3.332457,71.74733,3697.597
TO_main_terrace,104,4,0.0,15152.537,0.0,32481.332,0.0,1680.8303,1692.7087,452.15915,0.0
TO_sandy_point,104,4,0.0,0.0,0.0,0.0,6507.037,0.0,12.864992,0.0,0.0
TO_clutha,104,4,0.0,0.0,0.0,42.21768,65719.75,44.893967,0.0,7301.4604,0.0
TO_sub_terrace,104,4,0.0,0.0,0.0,69.77222,6019.4307,0.0,902.15094,0.0,0.0
TO_mangawera,104,4,0.0,0.0,0.0,0.0,0.0,0.0,0.0,0.0,0.0
TOTAL_OUT,104,4,0.0,44341.008,4099.2334,81187.96,81337.06,8450.697,75414.1,8266.112,3988.2036
IN-OUT,104,4,0.0,173607.4,26466.375,797604900.0,119758760.0,2831735800.0,9008133000.0,1.9482422,0.10668945
PERCENT_DISCREPANCY,104,4,,132.37851,152.69867,199.95927,199.7287,199.99881,199.99663,0.02356625,0.0026750898
FROM_STORAGE,105,4,0.0,3650.186,4.7742157,408.6551,3269.4802,0.0010877921,52.974472,21.098364,1.1618255
FROM_CONSTANT_HEAD,105,4,0.0,0.0,0.0,0.0,0.0,0.0,0.0,0.0,0.0
FROM_WELLS,105,4,0.0,4777.7715,18.260052,1438.9762,8504.589,0.0,0.0,77.06712,1081.1698
FROM_HEAD_DEP_BOUNDS,105,4,0.0,0.0,239.0581,0.0,0.0,0.0,0.0,0.0,0.0
FROM_RECHARGE,105,4,0.0,11435.957,1631.3204,4484.366,15251.537,1894.4105,2240.9023,1178.2632,2905.9722
FROM_STREAM_LEAKAGE,105,4,0.0,3500.0,1100.0,47020.805,3119.7043,36.521347,16.384804,0.0,0.0
FROM_STREAM_FLOW_OUT,105,4,0.0,173263.03,26465.953,797589600.0,119758160.0,2831734300.0,9008130000.0,0.0,0.0
FROM_ZONE_0,105,4,0.0,0.0,0.0,0.0,0.0,0.0,0.0,0.0,0.0
FROM_haweaflat,105,4,0.0,0.0,1107.2335,23895.16,15141.61,0.0,0.0,0.0,0.0
FROM_moraine_top,105,4,0.0,2995.76,0.0,0.0,0.0,0.0,0.0,0.0,0.0
FROM_river_zone,105,4,0.0,17406.182,0.0,0.0,32495.75,0.0,42.21639,69.81824,0.0
FROM_main_terrace,105,4,0.0,831.0233,0.0,181.94125,0.0,6507.037,65696.73,6017.3906,0.0
FROM_sandy_point,105,4,0.0,0.0,0.0,0.0,1680.8303,0.0,44.89397,0.0,0.0
FROM_clutha,105,4,0.0,0.0,0.0,3.3324113,1692.3792,12.864992,0.0,901.7922,0.0
FROM_sub_terrace,105,4,0.0,0.0,0.0,71.700516,452.21664,0.0,7298.844,0.0,0.0
FROM_mangawera,105,4,0.0,0.0,0.0,3697.5913,0.0,0.0,0.0,0.0,0.0
TOTAL_IN,105,4,0.0,217859.9,30566.6,797670850.0,119839780.0,2831742700.0,9008205000.0,8265.43,3988.3037
TO_STORAGE,105,4,0.0,0.0,0.00022315403,0.00022888028,0.035953503,0.0011575619,0.0006241428,0.0,0.0004214085
TO_CONSTANT_HEAD,105,4,0.0,0.0,0.0,0.0,0.0,0.0,0.0,0.0,0.0
TO_WELLS,105,4,0.0,4119.5796,0.0,0.0,445.89493,28.567646,0.0,440.7458,290.60635
TO_HEAD_DEP_BOUNDS,105,4,0.0,0.0,1104.481,0.0,0.0,0.0,0.0,0.0,0.0
TO_RECHARGE,105,4,0.0,0.0,0.0,0.0,0.0,0.0,0.0,0.0,0.0
TO_STREAM_LEAKAGE,105,4,0.0,0.0,0.0,31150.984,1630.4126,6696.405,72777.77,0.0,0.0
TO_STREAM_FLOW_OUT,105,4,0.0,0.0,0.0,0.0,0.0,0.0,0.0,0.0,0.0
TO_ZONE_0,105,4,0.0,0.0,0.0,0.0,0.0,0.0,0.0,0.0,0.0
TO_haweaflat,105,4,0.0,0.0,2995.76,17406.182,831.0233,0.0,0.0,0.0,0.0
TO_moraine_top,105,4,0.0,1107.2335,0.0,0.0,0.0,0.0,0.0,0.0,0.0
TO_river_zone,105,4,0.0,23895.16,0.0,0.0,181.94125,0.0,3.3324113,71.700516,3697.5913
TO_main_terrace,105,4,0.0,15141.61,0.0,32495.75,0.0,1680.8303,1692.3792,452.21664,0.0
TO_sandy_point,105,4,0.0,0.0,0.0,0.0,6507.037,0.0,12.864992,0.0,0.0
TO_clutha,105,4,0.0,0.0,0.0,42.21639,65696.73,44.89397,0.0,7298.844,0.0
TO_sub_terrace,105,4,0.0,0.0,0.0,69.81824,6017.3906,0.0,901.7922,0.0,0.0
TO_mangawera,105,4,0.0,0.0,0.0,0.0,0.0,0.0,0.0,0.0,0.0
TOTAL_OUT,105,4,0.0,44263.582,4100.241,81164.95,81310.46,8450.697,75388.15,8263.507,3988.198
IN-OUT,105,4,0.0,173596.33,26466.36,797589700.0,119758460.0,2831734300.0,9008129000.0,1.9228516,0.10571289
PERCENT_DISCREPANCY,105,4,,132.45384,152.68977,199.9593,199.72878,199.99881,199.99663,0.023266487,0.0026506078
FROM_STORAGE,106,4,0.0,3533.1448,4.5868073,391.93607,3236.7786,0.0010787551,52.683586,20.823908,1.1555411
FROM_CONSTANT_HEAD,106,4,0.0,0.0,0.0,0.0,0.0,0.0,0.0,0.0,0.0
FROM_WELLS,106,4,0.0,4777.7715,18.260052,1438.9762,8504.589,0.0,0.0,77.06712,1081.1698
FROM_HEAD_DEP_BOUNDS,106,4,0.0,0.0,240.46875,0.0,0.0,0.0,0.0,0.0,0.0
FROM_RECHARGE,106,4,0.0,11435.957,1631.3204,4484.366,15251.537,1894.4105,2240.9023,1178.2632,2905.9722
FROM_STREAM_LEAKAGE,106,4,0.0,3500.0,1100.0,47079.07,3119.7043,36.521347,16.384804,0.0,0.0
FROM_STREAM_FLOW_OUT,106,4,0.0,173263.03,26465.953,797575360.0,119757900.0,2831733200.0,9008127000.0,0.0,0.0
FROM_ZONE_0,106,4,0.0,0.0,0.0,0.0,0.0,0.0,0.0,0.0,0.0
FROM_haweaflat,106,4,0.0,0.0,1106.9576,23831.338,15131.102,0.0,0.0,0.0,0.0
FROM_moraine_top,106,4,0.0,2997.0635,0.0,0.0,0.0,0.0,0.0,0.0,0.0
FROM_river_zone,106,4,0.0,17437.096,0.0,0.0,32509.96,0.0,42.215134,69.86357,0.0
FROM_main_terrace,106,4,0.0,830.5221,0.0,181.15717,0.0,6507.037,65673.97,6015.3804,0.0
FROM_sandy_point,106,4,0.0,0.0,0.0,0.0,1680.8303,0.0,44.893974,0.0,0.0
FROM_clutha,106,4,0.0,0.0,0.0,3.3323665,1692.059,12.864991,0.0,901.4384,0.0
FROM_sub_terrace,106,4,0.0,0.0,0.0,71.65439,452.2732,0.0,7296.266,0.0,0.0
FROM_mangawera,106,4,0.0,0.0,0.0,3697.5854,0.0,0.0,0.0,0.0,0.0
TOTAL_IN,106,4,0.0,217774.58,30567.547,797656500.0,119839490.0,2831741700.0,9008202000.0,8262.836,3988.2974
TO_STORAGE,106,4,0.0,1.2014758e-06,0.00023902935,0.00024408413,0.033662472,0.0011667311,0.0006209517,0.0,0.00044717148
TO_CONSTANT_HEAD,106,4,0.0,0.0,0.0,0.0,0.0,0.0,0.0,0.0,0.0
TO_WELLS,106,4,0.0,4119.5796,0.0,0.0,445.89493,28.567646,0.0,440.7458,290.60635
TO_HEAD_DEP_BOUNDS,106,4,0.0,0.0,1104.1416,0.0,0.0,0.0,0.0,0.0,0.0
TO_RECHARGE,106,4,0.0,0.0,0.0,0.0,0.0,0.0,0.0,0.0,0.0
TO_STREAM_LEAKAGE,106,4,0.0,0.0,0.0,31084.305,1630.1802,6696.405,72752.77,0.0,0.0
TO_STREAM_FLOW_OUT,106,4,0.0,0.0,0.0,0.0,0.0,0.0,0.0,0.0,0.0
TO_ZONE_0,106,4,0.0,0.0,0.0,0.0,0.0,0.0,0.0,0.0,0.0
TO_haweaflat,106,4,0.0,0.0,2997.0635,17437.096,830.5221,0.0,0.0,0.0,0.0
TO_moraine_top,106,4,0.0,1106.9576,0.0,0.0,0.0,0.0,0.0,0.0,0.0
TO_river_zone,106,4,0.0,23831.338,0.0,0.0,181.15717,0.0,3.3323665,71.65439,3697.5854
TO_main_terrace,106,4,0.0,15131.102,0.0,32509.96,0.0,1680.8303,1692.059,452.2732,0.0
TO_sandy_point,106,4,0.0,0.0,0.0,0.0,6507.037,0.0,12.864991,0.0,0.0
TO_clutha,106,4,0.0,0.0,0.0,42.215134,65673.97,44.893974,0.0,7296.266,0.0
TO_sub_terrace,106,4,0.0,0.0,0.0,69.86357,6015.3804,0.0,901.4384,0.0,0.0
TO_mangawera,106,4,0.0,0.0,0.0,0.0,0.0,0.0,0.0,0.0,0.0
TOTAL_OUT,106,4,0.0,44188.977,4101.205,81143.445,81284.18,8450.697,75362.48,8260.939,3988.1924
IN-OUT,106,4,0.0,173585.6,26466.342,797575360.0,119758200.0,2831733200.0,9008126000.0,1.8964844,0.10498047
PERCENT_DISCREPANCY,106,4,,132.52652,152.68126,199.9593,199.72887,199.99881,199.99663,0.022954613,0.0026322473
FROM_STORAGE,107,4,0.0,3421.6057,4.406902,376.18674,3204.56,0.0010777374,52.396065,20.556255,1.1493027
FROM_CONSTANT_HEAD,107,4,0.0,0.0,0.0,0.0,0.0,0.0,0.0,0.0,0.0
FROM_WELLS,107,4,0.0,4777.7715,18.260052,1438.9762,8504.589,0.0,0.0,77.06712,1081.1698
FROM_HEAD_DEP_BOUNDS,107,4,0.0,0.0,241.80908,0.0,0.0,0.0,0.0,0.0,0.0
FROM_RECHARGE,107,4,0.0,11435.957,1631.3204,4484.366,15251.537,1894.4105,2240.9023,1178.2632,2905.9722
FROM_STREAM_LEAKAGE,107,4,0.0,3500.0,1100.0,47134.59,3119.7043,36.521347,16.384804,0.0,0.0
FROM_STREAM_FLOW_OUT,107,4,0.0,173263.03,26465.953,797561600.0,119757630.0,2831731700.0,9008124000.0,0.0,0.0
FROM_ZONE_0,107,4,0.0,0.0,0.0,0.0,0.0,0.0,0.0,0.0,0.0
FROM_haweaflat,107,4,0.0,0.0,1106.6947,23770.488,15121.102,0.0,0.0,0.0,0.0
FROM_moraine_top,107,4,0.0,2998.3054,0.0,0.0,0.0,0.0,0.0,0.0,0.0
FROM_river_zone,107,4,0.0,17466.605,0.0,0.0,32523.812,0.0,42.213894,69.907745,0.0
FROM_main_terrace,107,4,0.0,830.03076,0.0,180.39351,0.0,6507.037,65651.73,6013.421,0.0
FROM_sandy_point,107,4,0.0,0.0,0.0,0.0,1680.8303,0.0,44.89398,0.0,0.0
FROM_clutha,107,4,0.0,0.0,0.0,3.3323216,1691.7521,12.864991,0.0,901.0939,0.0
FROM_sub_terrace,107,4,0.0,0.0,0.0,71.60949,452.32828,0.0,7293.7534,0.0,0.0
FROM_mangawera,107,4,0.0,0.0,0.0,3697.58,0.0,0.0,0.0,0.0,0.0
TOTAL_IN,107,4,0.0,217693.31,30568.445,797642750.0,119839176.0,2831740200.0,9008199000.0,8260.31,3988.2913
TO_STORAGE,107,4,0.0,0.0,0.00024716696,0.00023670043,0.031308662,0.0011707091,0.0006154936,0.0,0.00042882364
TO_CONSTANT_HEAD,107,4,0.0,0.0,0.0,0.0,0.0,0.0,0.0,0.0,0.0
TO_WELLS,107,4,0.0,4119.5796,0.0,0.0,445.89493,28.567646,0.0,440.7458,290.60635
TO_HEAD_DEP_BOUNDS,107,4,0.0,0.0,1103.8179,0.0,0.0,0.0,0.0,0.0,0.0
TO_RECHARGE,107,4,0.0,0.0,0.0,0.0,0.0,0.0,0.0,0.0,0.0
TO_STREAM_LEAKAGE,107,4,0.0,0.0,0.0,31020.947,1629.9478,6696.405,72728.44,0.0,0.0
TO_STREAM_FLOW_OUT,107,4,0.0,0.0,0.0,0.0,0.0,0.0,0.0,0.0,0.0
TO_ZONE_0,107,4,0.0,0.0,0.0,0.0,0.0,0.0,0.0,0.0,0.0
TO_haweaflat,107,4,0.0,0.0,2998.3054,17466.605,830.03076,0.0,0.0,0.0,0.0
TO_moraine_top,107,4,0.0,1106.6947,0.0,0.0,0.0,0.0,0.0,0.0,0.0
TO_river_zone,107,4,0.0,23770.488,0.0,0.0,180.39351,0.0,3.3323216,71.60949,3697.58
TO_main_terrace,107,4,0.0,15121.102,0.0,32523.812,0.0,1680.8303,1691.7521,452.32828,0.0
TO_sandy_point,107,4,0.0,0.0,0.0,0.0,6507.037,0.0,12.864991,0.0,0.0
TO_clutha,107,4,0.0,0.0,0.0,42.213894,65651.73,44.89398,0.0,7293.7534,0.0
TO_sub_terrace,107,4,0.0,0.0,0.0,69.907745,6013.421,0.0,901.0939,0.0,0.0
TO_mangawera,107,4,0.0,0.0,0.0,0.0,0.0,0.0,0.0,0.0,0.0
TOTAL_OUT,107,4,0.0,44117.863,4102.1235,81123.484,81258.484,8450.697,75337.484,8258.4375,3988.1868
IN-OUT,107,4,0.0,173575.45,26466.322,797561600.0,119757920.0,2831731700.0,9008123000.0,1.8720703,0.10449219
PERCENT_DISCREPANCY,107,4,,132.59592,152.67313,199.9593,199.72896,199.9988,199.99664,0.02266601,0.002620008
FROM_STORAGE,108,4,0.0,3312.776,4.228272,360.95636,3172.094,0.0010831158,52.10429,20.28785,1.1431465
FROM_CONSTANT_HEAD,108,4,0.0,0.0,0.0,0.0,0.0,0.0,0.0,0.0,0.0
FROM_WELLS,108,4,0.0,4777.7715,18.260052,1438.9762,8504.589,0.0,0.0,77.06712,1081.1698
FROM_HEAD_DEP_BOUNDS,108,4,0.0,0.0,243.11182,0.0,0.0,0.0,0.0,0.0,0.0
FROM_RECHARGE,108,4,0.0,11435.957,1631.3204,4484.366,15251.537,1894.4105,2240.9023,1178.2632,2905.9722
FROM_STREAM_LEAKAGE,108,4,0.0,3500.0,1100.0,47189.42,3119.7043,36.521347,16.384804,0.0,0.0
FROM_STREAM_FLOW_OUT,108,4,0.0,173263.03,26465.953,797548160.0,119757384.0,2831730700.0,9008120000.0,0.0,0.0
FROM_ZONE_0,108,4,0.0,0.0,0.0,0.0,0.0,0.0,0.0,0.0,0.0
FROM_haweaflat,108,4,0.0,0.0,1106.4408,23711.117,15111.355,0.0,0.0,0.0,0.0
FROM_moraine_top,108,4,0.0,2999.5022,0.0,0.0,0.0,0.0,0.0,0.0,0.0
FROM_river_zone,108,4,0.0,17495.418,0.0,0.0,32537.621,0.0,42.212677,69.95184,0.0
FROM_main_terrace,108,4,0.0,829.5379,0.0,179.63223,0.0,6507.037,65629.5,6011.4683,0.0
FROM_sandy_point,108,4,0.0,0.0,0.0,0.0,1680.8303,0.0,44.893986,0.0,0.0
FROM_clutha,108,4,0.0,0.0,0.0,3.3322785,1691.4507,12.864991,0.0,900.7503,0.0
FROM_sub_terrace,108,4,0.0,0.0,0.0,71.56449,452.3829,0.0,7291.2476,0.0,0.0
FROM_mangawera,108,4,0.0,0.0,0.0,3697.5745,0.0,0.0,0.0,0.0,0.0
TOTAL_IN,108,4,0.0,217613.98,30569.314,797629300.0,119838904.0,2831739100.0,9008195000.0,8257.788,3988.2852
TO_STORAGE,108,4,0.0,0.0,0.0002625619,0.00022629157,0.029236538,0.0011608137,0.0006019009,0.0,0.00043426425
TO_CONSTANT_HEAD,108,4,0.0,0.0,0.0,0.0,0.0,0.0,0.0,0.0,0.0
TO_WELLS,108,4,0.0,4119.5796,0.0,0.0,445.89493,28.567646,0.0,440.7458,290.60635
TO_HEAD_DEP_BOUNDS,108,4,0.0,0.0,1103.501,0.0,0.0,0.0,0.0,0.0,0.0
TO_RECHARGE,108,4,0.0,0.0,0.0,0.0,0.0,0.0,0.0,0.0,0.0
TO_STREAM_LEAKAGE,108,4,0.0,0.0,0.0,30958.854,1629.6821,6696.405,72704.0,0.0,0.0
TO_STREAM_FLOW_OUT,108,4,0.0,0.0,0.0,0.0,0.0,0.0,0.0,0.0,0.0
TO_ZONE_0,108,4,0.0,0.0,0.0,0.0,0.0,0.0,0.0,0.0,0.0
TO_haweaflat,108,4,0.0,0.0,2999.5022,17495.418,829.5379,0.0,0.0,0.0,0.0
TO_moraine_top,108,4,0.0,1106.4408,0.0,0.0,0.0,0.0,0.0,0.0,0.0
TO_river_zone,108,4,0.0,23711.117,0.0,0.0,179.63223,0.0,3.3322785,71.56449,3697.5745
TO_main_terrace,108,4,0.0,15111.355,0.0,32537.621,0.0,1680.8303,1691.4507,452.3829,0.0
TO_sandy_point,108,4,0.0,0.0,0.0,0.0,6507.037,0.0,12.864991,0.0,0.0
TO_clutha,108,4,0.0,0.0,0.0,42.212677,65629.5,44.893986,0.0,7291.2476,0.0
TO_sub_terrace,108,4,0.0,0.0,0.0,69.95184,6011.4683,0.0,900.7503,0.0,0.0
TO_mangawera,108,4,0.0,0.0,0.0,0.0,0.0,0.0,0.0,0.0,0.0
TOTAL_OUT,108,4,0.0,44048.492,4103.0034,81104.055,81232.78,8450.697,75312.41,8255.94,3988.1812
IN-OUT,108,4,0.0,173565.5,26466.31,797548200.0,119757670.0,2831730700.0,9008119000.0,1.8476562,0.104003906
PERCENT_DISCREPANCY,108,4,,132.66365,152.66537,199.95934,199.72905,199.9988,199.99663,0.022377215,0.0026077689
FROM_STORAGE,109,4,0.0,3207.7546,4.054977,346.43878,3139.777,0.0010760407,51.812023,20.023273,1.1369203
FROM_CONSTANT_HEAD,109,4,0.0,0.0,0.0,0.0,0.0,0.0,0.0,0.0,0.0
FROM_WELLS,109,4,0.0,4777.7715,18.260052,1438.9762,8504.589,0.0,0.0,77.06712,1081.1698
FROM_HEAD_DEP_BOUNDS,109,4,0.0,0.0,244.36523,0.0,0.0,0.0,0.0,0.0,0.0
FROM_RECHARGE,109,4,0.0,11435.957,1631.3204,4484.366,15251.537,1894.4105,2240.9023,1178.2632,2905.9722
FROM_STREAM_LEAKAGE,109,4,0.0,3500.0,1100.0,47242.164,3119.7043,36.521347,16.384804,0.0,0.0
FROM_STREAM_FLOW_OUT,109,4,0.0,173263.03,26465.953,797535200.0,119757140.0,2831729200.0,9008116000.0,0.0,0.0
FROM_ZONE_0,109,4,0.0,0.0,0.0,0.0,0.0,0.0,0.0,0.0,0.0
FROM_haweaflat,109,4,0.0,0.0,1106.1946,23653.826,15101.955,0.0,0.0,0.0,0.0
FROM_moraine_top,109,4,0.0,3000.6548,0.0,0.0,0.0,0.0,0.0,0.0,0.0
FROM_river_zone,109,4,0.0,17523.246,0.0,0.0,32551.234,0.0,42.21146,69.99524,0.0
FROM_main_terrace,109,4,0.0,829.0497,0.0,178.88213,0.0,6507.037,65607.51,6009.544,0.0
FROM_sandy_point,109,4,0.0,0.0,0.0,0.0,1680.8303,0.0,44.893986,0.0,0.0
FROM_clutha,109,4,0.0,0.0,0.0,3.3322349,1691.1584,12.864991,0.0,900.4116,0.0
FROM_sub_terrace,109,4,0.0,0.0,0.0,71.520386,452.43683,0.0,7288.778,0.0,0.0
FROM_mangawera,109,4,0.0,0.0,0.0,3697.5684,0.0,0.0,0.0,0.0,0.0
TOTAL_IN,109,4,0.0,217537.47,30570.148,797616400.0,119838630.0,2831737600.0,9008190000.0,8255.305,3988.2788
TO_STORAGE,109,4,0.0,0.0,0.0002557153,0.00023588448,0.027068896,0.0011679281,0.0006106811,0.0,0.0003915105
TO_CONSTANT_HEAD,109,4,0.0,0.0,0.0,0.0,0.0,0.0,0.0,0.0,0.0
TO_WELLS,109,4,0.0,4119.5796,0.0,0.0,445.89493,28.567646,0.0,440.7458,290.60635
TO_HEAD_DEP_BOUNDS,109,4,0.0,0.0,1103.1973,0.0,0.0,0.0,0.0,0.0,0.0
TO_RECHARGE,109,4,0.0,0.0,0.0,0.0,0.0,0.0,0.0,0.0,0.0
TO_STREAM_LEAKAGE,109,4,0.0,0.0,0.0,30898.895,1629.4497,6696.405,72679.93,0.0,0.0
TO_STREAM_FLOW_OUT,109,4,0.0,0.0,0.0,0.0,0.0,0.0,0.0,0.0,0.0
TO_ZONE_0,109,4,0.0,0.0,0.0,0.0,0.0,0.0,0.0,0.0,0.0
TO_haweaflat,109,4,0.0,0.0,3000.6548,17523.246,829.0497,0.0,0.0,0.0,0.0
TO_moraine_top,109,4,0.0,1106.1946,0.0,0.0,0.0,0.0,0.0,0.0,0.0
TO_river_zone,109,4,0.0,23653.826,0.0,0.0,178.88213,0.0,3.3322349,71.520386,3697.5684
TO_main_terrace,109,4,0.0,15101.955,0.0,32551.234,0.0,1680.8303,1691.1584,452.43683,0.0
TO_sandy_point,109,4,0.0,0.0,0.0,0.0,6507.037,0.0,12.864991,0.0,0.0
TO_clutha,109,4,0.0,0.0,0.0,42.21146,65607.51,44.893986,0.0,7288.778,0.0
TO_sub_terrace,109,4,0.0,0.0,0.0,69.99524,6009.544,0.0,900.4116,0.0,0.0
TO_mangawera,109,4,0.0,0.0,0.0,0.0,0.0,0.0,0.0,0.0,0.0
TOTAL_OUT,109,4,0.0,43981.555,4103.8525,81085.58,81207.4,8450.697,75287.7,8253.48,3988.175
IN-OUT,109,4,0.0,173555.9,26466.297,797535300.0,119757420.0,2831729200.0,9008115000.0,1.8242188,0.103759766
PERCENT_DISCREPANCY,109,4,,132.72908,152.65788,199.95934,199.72913,199.99881,199.99663,0.022099975,0.0026016515
FROM_STORAGE,110,4,0.0,3106.532,3.8954134,332.5593,3107.552,0.0010749472,51.51907,19.762093,1.1307768
FROM_CONSTANT_HEAD,110,4,0.0,0.0,0.0,0.0,0.0,0.0,0.0,0.0,0.0
FROM_WELLS,110,4,0.0,4777.7715,18.260052,1438.9762,8504.589,0.0,0.0,77.06712,1081.1698
FROM_HEAD_DEP_BOUNDS,110,4,0.0,0.0,245.56543,0.0,0.0,0.0,0.0,0.0,0.0
FROM_RECHARGE,110,4,0.0,11435.957,1631.3204,4484.366,15251.537,1894.4105,2240.9023,1178.2632,2905.9722
FROM_STREAM_LEAKAGE,110,4,0.0,3500.0,1100.0,47293.47,3119.7043,36.521347,16.384804,0.0,0.0
FROM_STREAM_FLOW_OUT,110,4,0.0,173263.03,26465.953,797522300.0,119756870.0,2831727400.0,9008112000.0,0.0,0.0
FROM_ZONE_0,110,4,0.0,0.0,0.0,0.0,0.0,0.0,0.0,0.0,0.0
FROM_haweaflat,110,4,0.0,0.0,1105.9594,23598.58,15092.943,0.0,0.0,0.0,0.0
FROM_moraine_top,110,4,0.0,3001.7656,0.0,0.0,0.0,0.0,0.0,0.0,0.0
FROM_river_zone,110,4,0.0,17550.104,0.0,0.0,32564.648,0.0,42.21026,70.03802,0.0
FROM_main_terrace,110,4,0.0,828.5646,0.0,178.14297,0.0,6507.0376,65585.77,6007.6475,0.0
FROM_sandy_point,110,4,0.0,0.0,0.0,0.0,1680.8303,0.0,44.89399,0.0,0.0
FROM_clutha,110,4,0.0,0.0,0.0,3.3321924,1690.8749,12.864991,0.0,900.0777,0.0
FROM_sub_terrace,110,4,0.0,0.0,0.0,71.4768,452.4901,0.0,7286.3423,0.0,0.0
FROM_mangawera,110,4,0.0,0.0,0.0,3697.5632,0.0,0.0,0.0,0.0,0.0
TOTAL_IN,110,4,0.0,217463.73,30570.953,797603460.0,119838344.0,2831735800.0,9008186000.0,8252.855,3988.2727
TO_STORAGE,110,4,0.0,8.250051e-07,0.00024941118,0.00024225867,0.025061013,0.0011682461,0.0005914851,0.0,0.0004432191
TO_CONSTANT_HEAD,110,4,0.0,0.0,0.0,0.0,0.0,0.0,0.0,0.0,0.0
TO_WELLS,110,4,0.0,4119.5796,0.0,0.0,445.89493,28.567646,0.0,440.7458,290.60635
TO_HEAD_DEP_BOUNDS,110,4,0.0,0.0,1102.9092,0.0,0.0,0.0,0.0,0.0,0.0
TO_RECHARGE,110,4,0.0,0.0,0.0,0.0,0.0,0.0,0.0,0.0,0.0
TO_STREAM_LEAKAGE,110,4,0.0,0.0,0.0,30841.197,1629.1841,6696.405,72656.195,0.0,0.0
TO_STREAM_FLOW_OUT,110,4,0.0,0.0,0.0,0.0,0.0,0.0,0.0,0.0,0.0
TO_ZONE_0,110,4,0.0,0.0,0.0,0.0,0.0,0.0,0.0,0.0,0.0
TO_haweaflat,110,4,0.0,0.0,3001.7656,17550.104,828.5646,0.0,0.0,0.0,0.0
TO_moraine_top,110,4,0.0,1105.9594,0.0,0.0,0.0,0.0,0.0,0.0,0.0
TO_river_zone,110,4,0.0,23598.58,0.0,0.0,178.14297,0.0,3.3321924,71.4768,3697.5632
TO_main_terrace,110,4,0.0,15092.943,0.0,32564.648,0.0,1680.8303,1690.8749,452.4901,0.0
TO_sandy_point,110,4,0.0,0.0,0.0,0.0,6507.0376,0.0,12.864991,0.0,0.0
TO_clutha,110,4,0.0,0.0,0.0,42.21026,65585.77,44.89399,0.0,7286.3423,0.0
TO_sub_terrace,110,4,0.0,0.0,0.0,70.03802,6007.6475,0.0,900.0777,0.0,0.0
TO_mangawera,110,4,0.0,0.0,0.0,0.0,0.0,0.0,0.0,0.0,0.0
TOTAL_OUT,110,4,0.0,43917.062,4104.675,81068.2,81182.27,8450.697,75263.35,8251.055,3988.17
IN-OUT,110,4,0.0,173546.67,26466.277,797522370.0,119757160.0,2831727400.0,9008112000.0,1.8007812,0.1027832
PERCENT_DISCREPANCY,110,4,,132.79222,152.6506,199.95934,199.7292,199.99881,199.99669,0.02182248,0.002577169
FROM_STORAGE,111,4,0.0,3008.906,3.7438035,319.3083,3075.454,0.0010648781,51.22523,19.503496,1.1248201
FROM_CONSTANT_HEAD,111,4,0.0,0.0,0.0,0.0,0.0,0.0,0.0,0.0,0.0
FROM_WELLS,111,4,0.0,4777.7715,18.260052,1438.9762,8504.589,0.0,0.0,77.06712,1081.1698
FROM_HEAD_DEP_BOUNDS,111,4,0.0,0.0,246.7207,0.0,0.0,0.0,0.0,0.0,0.0
FROM_RECHARGE,111,4,0.0,11435.957,1631.3204,4484.366,15251.537,1894.4105,2240.9023,1178.2632,2905.9722
FROM_STREAM_LEAKAGE,111,4,0.0,3500.0,1100.0,47342.945,3119.7043,36.521347,16.384804,0.0,0.0
FROM_STREAM_FLOW_OUT,111,4,0.0,173263.03,26465.953,797510600.0,119756650.0,2831726000.0,9008110000.0,0.0,0.0
FROM_ZONE_0,111,4,0.0,0.0,0.0,0.0,0.0,0.0,0.0,0.0,0.0
FROM_haweaflat,111,4,0.0,0.0,1105.7346,23545.277,15084.285,0.0,0.0,0.0,0.0
FROM_moraine_top,111,4,0.0,3002.831,0.0,0.0,0.0,0.0,0.0,0.0,0.0
FROM_river_zone,111,4,0.0,17576.043,0.0,0.0,32577.879,0.0,42.20904,70.08018,0.0
FROM_main_terrace,111,4,0.0,828.08356,0.0,177.41464,0.0,6507.038,65564.29,6005.7773,0.0
FROM_sandy_point,111,4,0.0,0.0,0.0,0.0,1680.8303,0.0,44.893993,0.0,0.0
FROM_clutha,111,4,0.0,0.0,0.0,3.3321495,1690.5999,12.864991,0.0,899.74866,0.0
FROM_sub_terrace,111,4,0.0,0.0,0.0,71.43381,452.54224,0.0,7283.9424,0.0,0.0
FROM_mangawera,111,4,0.0,0.0,0.0,3697.5576,0.0,0.0,0.0,0.0,0.0
TOTAL_IN,111,4,0.0,217392.62,30571.732,797591700.0,119838090.0,2831734500.0,9008184000.0,8250.44,3988.2668
TO_STORAGE,111,4,0.0,2.6583582e-06,0.00025072816,0.00023714952,0.023261143,0.0011776381,0.0005808254,0.0,0.00046662678
TO_CONSTANT_HEAD,111,4,0.0,0.0,0.0,0.0,0.0,0.0,0.0,0.0,0.0
TO_WELLS,111,4,0.0,4119.5796,0.0,0.0,445.89493,28.567646,0.0,440.7458,290.60635
TO_HEAD_DEP_BOUNDS,111,4,0.0,0.0,1102.6309,0.0,0.0,0.0,0.0,0.0,0.0
TO_RECHARGE,111,4,0.0,0.0,0.0,0.0,0.0,0.0,0.0,0.0,0.0
TO_STREAM_LEAKAGE,111,4,0.0,0.0,0.0,30785.463,1628.8854,6696.405,72632.555,0.0,0.0
TO_STREAM_FLOW_OUT,111,4,0.0,0.0,0.0,0.0,0.0,0.0,0.0,0.0,0.0
TO_ZONE_0,111,4,0.0,0.0,0.0,0.0,0.0,0.0,0.0,0.0,0.0
TO_haweaflat,111,4,0.0,0.0,3002.831,17576.043,828.08356,0.0,0.0,0.0,0.0
TO_moraine_top,111,4,0.0,1105.7346,0.0,0.0,0.0,0.0,0.0,0.0,0.0
TO_river_zone,111,4,0.0,23545.277,0.0,0.0,177.41464,0.0,3.3321495,71.43381,3697.5576
TO_main_terrace,111,4,0.0,15084.285,0.0,32577.879,0.0,1680.8303,1690.5999,452.54224,0.0
TO_sandy_point,111,4,0.0,0.0,0.0,0.0,6507.038,0.0,12.864991,0.0,0.0
TO_clutha,111,4,0.0,0.0,0.0,42.20904,65564.29,44.893993,0.0,7283.9424,0.0
TO_sub_terrace,111,4,0.0,0.0,0.0,70.08018,6005.7773,0.0,899.74866,0.0,0.0
TO_mangawera,111,4,0.0,0.0,0.0,0.0,0.0,0.0,0.0,0.0,0.0
TOTAL_OUT,111,4,0.0,43854.875,4105.462,81051.68,81157.41,8450.697,75239.11,8248.664,3988.1646
IN-OUT,111,4,0.0,173537.75,26466.27,797510660.0,119756930.0,2831726000.0,9008110000.0,1.7763672,0.10229492
PERCENT_DISCREPANCY,111,4,,132.85315,152.64366,199.95938,199.72928,199.99881,199.99667,0.021532891,0.0025649294
FROM_STORAGE,112,4,0.0,2914.6963,3.5972378,306.67212,3043.495,0.0010551349,50.93036,19.248293,1.1188335
FROM_CONSTANT_HEAD,112,4,0.0,0.0,0.0,0.0,0.0,0.0,0.0,0.0,0.0
FROM_WELLS,112,4,0.0,4777.7715,18.260052,1438.9762,8504.589,0.0,0.0,77.06712,1081.1698
FROM_HEAD_DEP_BOUNDS,112,4,0.0,0.0,247.8252,0.0,0.0,0.0,0.0,0.0,0.0
FROM_RECHARGE,112,4,0.0,11435.957,1631.3204,4484.366,15251.537,1894.4105,2240.9023,1178.2632,2905.9722
FROM_STREAM_LEAKAGE,112,4,0.0,3500.0,1100.0,47390.7,3119.7043,36.521347,16.384804,0.0,0.0
FROM_STREAM_FLOW_OUT,112,4,0.0,173263.03,26465.953,797499000.0,119756430.0,2831725300.0,9008105000.0,0.0,0.0
FROM_ZONE_0,112,4,0.0,0.0,0.0,0.0,0.0,0.0,0.0,0.0,0.0
FROM_haweaflat,112,4,0.0,0.0,1105.5177,23493.832,15075.962,0.0,0.0,0.0,0.0
FROM_moraine_top,112,4,0.0,3003.857,0.0,0.0,0.0,0.0,0.0,0.0,0.0
FROM_river_zone,112,4,0.0,17601.111,0.0,0.0,32590.918,0.0,42.20786,70.12179,0.0
FROM_main_terrace,112,4,0.0,827.6065,0.0,176.69695,0.0,6507.038,65543.06,6003.935,0.0
FROM_sandy_point,112,4,0.0,0.0,0.0,0.0,1680.8303,0.0,44.893993,0.0,0.0
FROM_clutha,112,4,0.0,0.0,0.0,3.332107,1690.3333,12.86499,0.0,899.42426,0.0
FROM_sub_terrace,112,4,0.0,0.0,0.0,71.39139,452.5938,0.0,7281.5757,0.0,0.0
FROM_mangawera,112,4,0.0,0.0,0.0,3697.5522,0.0,0.0,0.0,0.0,0.0
TOTAL_IN,112,4,0.0,217324.03,30572.475,797580100.0,119837840.0,2831733800.0,9008180000.0,8248.06,3988.2607
TO_STORAGE,112,4,0.0,0.0,0.00024472672,0.00024902023,0.021501139,0.001186872,0.0005722395,0.0,0.00044462123
TO_CONSTANT_HEAD,112,4,0.0,0.0,0.0,0.0,0.0,0.0,0.0,0.0,0.0
TO_WELLS,112,4,0.0,4119.5796,0.0,0.0,445.89493,28.567646,0.0,440.7458,290.60635
TO_HEAD_DEP_BOUNDS,112,4,0.0,0.0,1102.3672,0.0,0.0,0.0,0.0,0.0,0.0
TO_RECHARGE,112,4,0.0,0.0,0.0,0.0,0.0,0.0,0.0,0.0,0.0
TO_STREAM_LEAKAGE,112,4,0.0,0.0,0.0,30731.436,1628.6198,6696.405,72609.24,0.0,0.0
TO_STREAM_FLOW_OUT,112,4,0.0,0.0,0.0,0.0,0.0,0.0,0.0,0.0,0.0
TO_ZONE_0,112,4,0.0,0.0,0.0,0.0,0.0,0.0,0.0,0.0,0.0
TO_haweaflat,112,4,0.0,0.0,3003.857,17601.111,827.6065,0.0,0.0,0.0,0.0
TO_moraine_top,112,4,0.0,1105.5177,0.0,0.0,0.0,0.0,0.0,0.0,0.0
TO_river_zone,112,4,0.0,23493.832,0.0,0.0,176.69695,0.0,3.332107,71.39139,3697.5522
TO_main_terrace,112,4,0.0,15075.962,0.0,32590.918,0.0,1680.8303,1690.3333,452.5938,0.0
TO_sandy_point,112,4,0.0,0.0,0.0,0.0,6507.038,0.0,12.86499,0.0,0.0
TO_clutha,112,4,0.0,0.0,0.0,42.20786,65543.06,44.893993,0.0,7281.5757,0.0
TO_sub_terrace,112,4,0.0,0.0,0.0,70.12179,6003.935,0.0,899.42426,0.0,0.0
TO_mangawera,112,4,0.0,0.0,0.0,0.0,0.0,0.0,0.0,0.0,0.0
TOTAL_OUT,112,4,0.0,43794.89,4106.2246,81035.805,81132.875,8450.697,75215.2,8246.307,3988.1592
IN-OUT,112,4,0.0,173529.14,26466.25,797499100.0,119756700.0,2831725300.0,9008105000.0,1.7529297,0.1015625
PERCENT_DISCREPANCY,112,4,,132.91196,152.63692,199.95937,199.72937,199.99881,199.99667,0.021254888,0.0025465686
FROM_STORAGE,113,4,0.0,2822.5486,3.4566953,294.5857,3011.6843,0.0010552765,50.63417,18.996243,1.1128684
FROM_CONSTANT_HEAD,113,4,0.0,0.0,0.0,0.0,0.0,0.0,0.0,0.0,0.0
FROM_WELLS,113,4,0.0,4777.7715,18.260052,1438.9762,8504.589,0.0,0.0,77.06712,1081.1698
FROM_HEAD_DEP_BOUNDS,113,4,0.0,0.0,248.89209,0.0,0.0,0.0,0.0,0.0,0.0
FROM_RECHARGE,113,4,0.0,11435.957,1631.3204,4484.366,15251.537,1894.4105,2240.9023,1178.2632,2905.9722
FROM_STREAM_LEAKAGE,113,4,0.0,3500.0,1100.0,47437.56,3119.7043,36.521347,16.384804,0.0,0.0
FROM_STREAM_FLOW_OUT,113,4,0.0,173263.03,26465.953,797487550.0,119756216.0,2831724000.0,9008103000.0,0.0,0.0
FROM_ZONE_0,113,4,0.0,0.0,0.0,0.0,0.0,0.0,0.0,0.0,0.0
FROM_haweaflat,113,4,0.0,0.0,1105.3086,23444.188,15067.96,0.0,0.0,0.0,0.0
FROM_moraine_top,113,4,0.0,3004.841,0.0,0.0,0.0,0.0,0.0,0.0,0.0
FROM_river_zone,113,4,0.0,17625.328,0.0,0.0,32603.773,0.0,42.206734,70.162704,0.0
FROM_main_terrace,113,4,0.0,827.1334,0.0,175.98973,0.0,6507.038,65522.062,6002.1187,0.0
FROM_sandy_point,113,4,0.0,0.0,0.0,0.0,1680.8303,0.0,44.893997,0.0,0.0
FROM_clutha,113,4,0.0,0.0,0.0,3.3320665,1690.075,12.86499,0.0,899.1044,0.0
FROM_sub_terrace,113,4,0.0,0.0,0.0,71.34966,452.64444,0.0,7279.2417,0.0,0.0
FROM_mangawera,113,4,0.0,0.0,0.0,3697.5466,0.0,0.0,0.0,0.0,0.0
TOTAL_IN,113,4,0.0,217256.62,30573.191,797568600.0,119837590.0,2831732500.0,9008178000.0,8245.712,3988.255
TO_STORAGE,113,4,0.0,0.0001196806,0.00024615967,0.0002468084,0.019816864,0.0011849372,0.0005691846,0.0,0.00049759226
TO_CONSTANT_HEAD,113,4,0.0,0.0,0.0,0.0,0.0,0.0,0.0,0.0,0.0
TO_WELLS,113,4,0.0,4119.5796,0.0,0.0,445.89493,28.567646,0.0,440.7458,290.60635
TO_HEAD_DEP_BOUNDS,113,4,0.0,0.0,1102.1074,0.0,0.0,0.0,0.0,0.0,0.0
TO_RECHARGE,113,4,0.0,0.0,0.0,0.0,0.0,0.0,0.0,0.0,0.0
TO_STREAM_LEAKAGE,113,4,0.0,0.0,0.0,30679.578,1628.3541,6696.405,72586.13,0.0,0.0
TO_STREAM_FLOW_OUT,113,4,0.0,0.0,0.0,0.0,0.0,0.0,0.0,0.0,0.0
TO_ZONE_0,113,4,0.0,0.0,0.0,0.0,0.0,0.0,0.0,0.0,0.0
TO_haweaflat,113,4,0.0,0.0,3004.841,17625.328,827.1334,0.0,0.0,0.0,0.0
TO_moraine_top,113,4,0.0,1105.3086,0.0,0.0,0.0,0.0,0.0,0.0,0.0
TO_river_zone,113,4,0.0,23444.188,0.0,0.0,175.98973,0.0,3.3320665,71.34966,3697.5466
TO_main_terrace,113,4,0.0,15067.96,0.0,32603.773,0.0,1680.8303,1690.075,452.64444,0.0
TO_sandy_point,113,4,0.0,0.0,0.0,0.0,6507.038,0.0,12.86499,0.0,0.0
TO_clutha,113,4,0.0,0.0,0.0,42.206734,65522.062,44.893997,0.0,7279.2417,0.0
TO_sub_terrace,113,4,0.0,0.0,0.0,70.162704,6002.1187,0.0,899.1044,0.0,0.0
TO_mangawera,113,4,0.0,0.0,0.0,0.0,0.0,0.0,0.0,0.0,0.0
TOTAL_OUT,113,4,0.0,43737.035,4106.9487,81021.05,81108.61,8450.697,75191.516,8243.981,3988.1536
IN-OUT,113,4,0.0,173519.6,26466.242,797487550.0,119756480.0,2831724000.0,9008103000.0,1.7304688,0.10131836
PERCENT_DISCREPANCY,113,4,,132.96844,152.63054,199.95937,199.72945,199.99881,199.99667,0.020988489,0.0025404508
FROM_STORAGE,114,4,0.0,2733.915,3.3157325,283.08774,2980.1204,0.0010578568,50.336823,18.747128,1.1070611
FROM_CONSTANT_HEAD,114,4,0.0,0.0,0.0,0.0,0.0,0.0,0.0,0.0,0.0
FROM_WELLS,114,4,0.0,4777.7715,18.260052,1438.9762,8504.589,0.0,0.0,77.06712,1081.1698
FROM_HEAD_DEP_BOUNDS,114,4,0.0,0.0,249.91797,0.0,0.0,0.0,0.0,0.0,0.0
FROM_RECHARGE,114,4,0.0,11435.957,1631.3204,4484.366,15251.537,1894.4105,2240.9023,1178.2632,2905.9722
FROM_STREAM_LEAKAGE,114,4,0.0,3500.0,1100.0,47482.79,3119.7043,36.521347,16.384804,0.0,0.0
FROM_STREAM_FLOW_OUT,114,4,0.0,173263.03,26465.953,797476800.0,119755980.0,2831722500.0,9008098000.0,0.0,0.0
FROM_ZONE_0,114,4,0.0,0.0,0.0,0.0,0.0,0.0,0.0,0.0,0.0
FROM_haweaflat,114,4,0.0,0.0,1105.1097,23396.203,15060.186,0.0,0.0,0.0,0.0
FROM_moraine_top,114,4,0.0,3005.7896,0.0,0.0,0.0,0.0,0.0,0.0,0.0
FROM_river_zone,114,4,0.0,17648.762,0.0,0.0,32616.445,0.0,42.205544,70.203094,0.0
FROM_main_terrace,114,4,0.0,826.6671,0.0,175.29279,0.0,6507.038,65501.312,6000.3286,0.0
FROM_sandy_point,114,4,0.0,0.0,0.0,0.0,1680.8303,0.0,44.894,0.0,0.0
FROM_clutha,114,4,0.0,0.0,0.0,3.3320248,1689.825,12.86499,0.0,898.7892,0.0
FROM_sub_terrace,114,4,0.0,0.0,0.0,71.30851,452.69418,0.0,7276.9424,0.0,0.0
FROM_mangawera,114,4,0.0,0.0,0.0,3697.5413,0.0,0.0,0.0,0.0,0.0
TOTAL_IN,114,4,0.0,217191.9,30573.877,797557900.0,119837340.0,2831731000.0,9008173000.0,8243.398,3988.249
TO_STORAGE,114,4,0.0,0.0001576686,0.0002477245,0.00024041746,0.018197022,0.001180371,0.0005543926,0.0,0.00046356118
TO_CONSTANT_HEAD,114,4,0.0,0.0,0.0,0.0,0.0,0.0,0.0,0.0,0.0
TO_WELLS,114,4,0.0,4119.5796,0.0,0.0,445.89493,28.567646,0.0,440.7458,290.60635
TO_HEAD_DEP_BOUNDS,114,4,0.0,0.0,1101.8569,0.0,0.0,0.0,0.0,0.0,0.0
TO_RECHARGE,114,4,0.0,0.0,0.0,0.0,0.0,0.0,0.0,0.0,0.0
TO_STREAM_LEAKAGE,114,4,0.0,0.0,0.0,30629.459,1628.0553,6696.405,72563.4,0.0,0.0
TO_STREAM_FLOW_OUT,114,4,0.0,0.0,0.0,0.0,0.0,0.0,0.0,0.0,0.0
TO_ZONE_0,114,4,0.0,0.0,0.0,0.0,0.0,0.0,0.0,0.0,0.0
TO_haweaflat,114,4,0.0,0.0,3005.7896,17648.762,826.6671,0.0,0.0,0.0,0.0
TO_moraine_top,114,4,0.0,1105.1097,0.0,0.0,0.0,0.0,0.0,0.0,0.0
TO_river_zone,114,4,0.0,23396.203,0.0,0.0,175.29279,0.0,3.3320248,71.30851,3697.5413
TO_main_terrace,114,4,0.0,15060.186,0.0,32616.445,0.0,1680.8303,1689.825,452.69418,0.0
TO_sandy_point,114,4,0.0,0.0,0.0,0.0,6507.038,0.0,12.86499,0.0,0.0
TO_clutha,114,4,0.0,0.0,0.0,42.205544,65501.312,44.894,0.0,7276.9424,0.0
TO_sub_terrace,114,4,0.0,0.0,0.0,70.203094,6000.3286,0.0,898.7892,0.0,0.0
TO_mangawera,114,4,0.0,0.0,0.0,0.0,0.0,0.0,0.0,0.0,0.0
TOTAL_OUT,114,4,0.0,43681.08,4107.6465,81007.07,81084.61,8450.697,75168.21,8241.691,3988.148
IN-OUT,114,4,0.0,173510.83,26466.23,797476860.0,119756260.0,2831722500.0,9008098000.0,1.7070312,0.10107422
PERCENT_DISCREPANCY,114,4,,133.02322,152.62437,199.95937,199.72952,199.9988,199.99667,0.020710003,0.0025343327
FROM_STORAGE,115,4,0.0,2651.691,3.2009423,272.4043,2948.8733,0.0010691165,50.039925,18.502754,1.1013345
FROM_CONSTANT_HEAD,115,4,0.0,0.0,0.0,0.0,0.0,0.0,0.0,0.0,0.0
FROM_WELLS,115,4,0.0,4777.7715,18.260052,1438.9762,8504.589,0.0,0.0,77.06712,1081.1698
FROM_HEAD_DEP_BOUNDS,115,4,0.0,0.0,250.89502,0.0,0.0,0.0,0.0,0.0,0.0
FROM_RECHARGE,115,4,0.0,11435.957,1631.3204,4484.366,15251.537,1894.4105,2240.9023,1178.2632,2905.9722
FROM_STREAM_LEAKAGE,115,4,0.0,3500.0,1100.0,47526.06,3119.7043,36.521347,16.384804,0.0,0.0
FROM_STREAM_FLOW_OUT,115,4,0.0,173263.03,26465.953,797466400.0,119755816.0,2831722000.0,9008097000.0,0.0,0.0
FROM_ZONE_0,115,4,0.0,0.0,0.0,0.0,0.0,0.0,0.0,0.0,0.0
FROM_haweaflat,115,4,0.0,0.0,1104.9175,23350.16,15052.808,0.0,0.0,0.0,0.0
FROM_moraine_top,115,4,0.0,3006.703,0.0,0.0,0.0,0.0,0.0,0.0,0.0
FROM_river_zone,115,4,0.0,17671.213,0.0,0.0,32628.855,0.0,42.2045,70.2426,0.0
FROM_main_terrace,115,4,0.0,826.2075,0.0,174.61053,0.0,6507.038,65480.938,5998.5767,0.0
FROM_sandy_point,115,4,0.0,0.0,0.0,0.0,1680.8303,0.0,44.894,0.0,0.0
FROM_clutha,115,4,0.0,0.0,0.0,3.3319855,1689.584,12.86499,0.0,898.4804,0.0
FROM_sub_terrace,115,4,0.0,0.0,0.0,71.26814,452.74304,0.0,7274.69,0.0,0.0
FROM_mangawera,115,4,0.0,0.0,0.0,3697.5361,0.0,0.0,0.0,0.0,0.0
TOTAL_IN,115,4,0.0,217132.58,30574.547,797547400.0,119837150.0,2831730400.0,9008172000.0,8241.133,3988.2432
TO_STORAGE,115,4,0.0,0.00017751995,0.00025681953,0.00024882978,0.016733082,0.0011677272,0.000550837,0.0,0.0005547422
TO_CONSTANT_HEAD,115,4,0.0,0.0,0.0,0.0,0.0,0.0,0.0,0.0,0.0
TO_WELLS,115,4,0.0,4119.5796,0.0,0.0,445.89493,28.567646,0.0,440.7458,290.60635
TO_HEAD_DEP_BOUNDS,115,4,0.0,0.0,1101.625,0.0,0.0,0.0,0.0,0.0,0.0
TO_RECHARGE,115,4,0.0,0.0,0.0,0.0,0.0,0.0,0.0,0.0,0.0
TO_STREAM_LEAKAGE,115,4,0.0,0.0,0.0,30581.254,1627.7565,6696.405,72541.34,0.0,0.0
TO_STREAM_FLOW_OUT,115,4,0.0,0.0,0.0,0.0,0.0,0.0,0.0,0.0,0.0
TO_ZONE_0,115,4,0.0,0.0,0.0,0.0,0.0,0.0,0.0,0.0,0.0
TO_haweaflat,115,4,0.0,0.0,3006.703,17671.213,826.2075,0.0,0.0,0.0,0.0
TO_moraine_top,115,4,0.0,1104.9175,0.0,0.0,0.0,0.0,0.0,0.0,0.0
TO_river_zone,115,4,0.0,23350.16,0.0,0.0,174.61053,0.0,3.3319855,71.26814,3697.5361
TO_main_terrace,115,4,0.0,15052.808,0.0,32628.855,0.0,1680.8303,1689.584,452.74304,0.0
TO_sandy_point,115,4,0.0,0.0,0.0,0.0,6507.038,0.0,12.86499,0.0,0.0
TO_clutha,115,4,0.0,0.0,0.0,42.2045,65480.938,44.894,0.0,7274.69,0.0
TO_sub_terrace,115,4,0.0,0.0,0.0,70.2426,5998.5767,0.0,898.4804,0.0,0.0
TO_mangawera,115,4,0.0,0.0,0.0,0.0,0.0,0.0,0.0,0.0,0.0
TOTAL_OUT,115,4,0.0,43627.465,4108.328,80993.77,81061.04,8450.697,75145.6,8239.447,3988.143
IN-OUT,115,4,0.0,173505.11,26466.219,797466400.0,119756090.0,2831722000.0,9008097000.0,1.6855469,0.100097656
PERCENT_DISCREPANCY,115,4,,133.07645,152.61838,199.95937,199.7296,199.99881,199.99669,0.020454945,0.0025098498
FROM_STORAGE,116,4,0.0,2570.0898,3.07848,262.57828,2917.5608,0.0010612893,49.739986,18.259287,1.0953654
FROM_CONSTANT_HEAD,116,4,0.0,0.0,0.0,0.0,0.0,0.0,0.0,0.0,0.0
FROM_WELLS,116,4,0.0,4777.7715,18.260052,1438.9762,8504.589,0.0,0.0,77.06712,1081.1698
FROM_HEAD_DEP_BOUNDS,116,4,0.0,0.0,251.8457,0.0,0.0,0.0,0.0,0.0,0.0
FROM_RECHARGE,116,4,0.0,11435.957,1631.3204,4484.366,15251.537,1894.4105,2240.9023,1178.2632,2905.9722
FROM_STREAM_LEAKAGE,116,4,0.0,3500.0,1100.0,47567.676,3119.7043,36.521347,16.384804,0.0,0.0
FROM_STREAM_FLOW_OUT,116,4,0.0,173263.03,26465.953,797456300.0,119755620.0,2831721000.0,9008095000.0,0.0,0.0
FROM_ZONE_0,116,4,0.0,0.0,0.0,0.0,0.0,0.0,0.0,0.0,0.0
FROM_haweaflat,116,4,0.0,0.0,1104.7327,23305.256,15045.687,0.0,0.0,0.0,0.0
FROM_moraine_top,116,4,0.0,3007.5874,0.0,0.0,0.0,0.0,0.0,0.0,0.0
FROM_river_zone,116,4,0.0,17692.727,0.0,0.0,32641.17,0.0,42.203346,70.28182,0.0
FROM_main_terrace,116,4,0.0,825.7495,0.0,173.93362,0.0,6507.038,65460.66,5996.837,0.0
FROM_sandy_point,116,4,0.0,0.0,0.0,0.0,1680.8303,0.0,44.894005,0.0,0.0
FROM_clutha,116,4,0.0,0.0,0.0,3.331946,1689.3491,12.86499,0.0,898.1741,0.0
FROM_sub_terrace,116,4,0.0,0.0,0.0,71.228035,452.79117,0.0,7272.455,0.0,0.0
FROM_mangawera,116,4,0.0,0.0,0.0,3697.531,0.0,0.0,0.0,0.0,0.0
TOTAL_IN,116,4,0.0,217072.9,30575.19,797537340.0,119836920.0,2831729400.0,9008170000.0,8238.883,3988.2373
TO_STORAGE,116,4,0.0,5.4802595e-06,0.0002511636,0.00026790623,0.015249196,0.0011747933,0.00055734994,0.0,0.00044051892
TO_CONSTANT_HEAD,116,4,0.0,0.0,0.0,0.0,0.0,0.0,0.0,0.0,0.0
TO_WELLS,116,4,0.0,4119.5796,0.0,0.0,445.89493,28.567646,0.0,440.7458,290.60635
TO_HEAD_DEP_BOUNDS,116,4,0.0,0.0,1101.3955,0.0,0.0,0.0,0.0,0.0,0.0
TO_RECHARGE,116,4,0.0,0.0,0.0,0.0,0.0,0.0,0.0,0.0,0.0
TO_STREAM_LEAKAGE,116,4,0.0,0.0,0.0,30534.6,1627.4576,6696.405,72518.97,0.0,0.0
TO_STREAM_FLOW_OUT,116,4,0.0,0.0,0.0,0.0,0.0,0.0,0.0,0.0,0.0
TO_ZONE_0,116,4,0.0,0.0,0.0,0.0,0.0,0.0,0.0,0.0,0.0
TO_haweaflat,116,4,0.0,0.0,3007.5874,17692.727,825.7495,0.0,0.0,0.0,0.0
TO_moraine_top,116,4,0.0,1104.7327,0.0,0.0,0.0,0.0,0.0,0.0,0.0
TO_river_zone,116,4,0.0,23305.256,0.0,0.0,173.93362,0.0,3.331946,71.228035,3697.531
TO_main_terrace,116,4,0.0,15045.687,0.0,32641.17,0.0,1680.8303,1689.3491,452.79117,0.0
TO_sandy_point,116,4,0.0,0.0,0.0,0.0,6507.038,0.0,12.86499,0.0,0.0
TO_clutha,116,4,0.0,0.0,0.0,42.203346,65460.66,44.894005,0.0,7272.455,0.0
TO_sub_terrace,116,4,0.0,0.0,0.0,70.28182,5996.837,0.0,898.1741,0.0,0.0
TO_mangawera,116,4,0.0,0.0,0.0,0.0,0.0,0.0,0.0,0.0,0.0
TOTAL_OUT,116,4,0.0,43575.254,4108.9834,80980.984,81037.586,8450.697,75122.69,8237.22,3988.1377
IN-OUT,116,4,0.0,173497.66,26466.207,797456400.0,119755880.0,2831721000.0,9008095000.0,1.6630859,0.099609375
PERCENT_DISCREPANCY,116,4,,133.12787,152.6126,199.9594,199.72968,199.99881,199.99667,0.020187857,0.0024976102
FROM_STORAGE,117,4,0.0,2491.1064,2.9762676,253.04108,2886.4324,0.0010663845,49.438587,18.018906,1.0896966
FROM_CONSTANT_HEAD,117,4,0.0,0.0,0.0,0.0,0.0,0.0,0.0,0.0,0.0
FROM_WELLS,117,4,0.0,4777.7715,18.260052,1438.9762,8504.589,0.0,0.0,77.06712,1081.1698
FROM_HEAD_DEP_BOUNDS,117,4,0.0,0.0,252.76318,0.0,0.0,0.0,0.0,0.0,0.0
FROM_RECHARGE,117,4,0.0,11435.957,1631.3204,4484.366,15251.537,1894.4105,2240.9023,1178.2632,2905.9722
FROM_STREAM_LEAKAGE,117,4,0.0,3500.0,1100.0,47608.016,3119.7043,36.521347,16.384804,0.0,0.0
FROM_STREAM_FLOW_OUT,117,4,0.0,173263.03,26465.953,797446460.0,119755416.0,2831719400.0,9008091000.0,0.0,0.0
FROM_ZONE_0,117,4,0.0,0.0,0.0,0.0,0.0,0.0,0.0,0.0,0.0
FROM_haweaflat,117,4,0.0,0.0,1104.5535,23261.8,15038.828,0.0,0.0,0.0,0.0
FROM_moraine_top,117,4,0.0,3008.4534,0.0,0.0,0.0,0.0,0.0,0.0,0.0
FROM_river_zone,117,4,0.0,17713.52,0.0,0.0,32653.312,0.0,42.20224,70.32049,0.0
FROM_main_terrace,117,4,0.0,825.2961,0.0,173.26653,0.0,6507.038,65440.605,5995.124,0.0
FROM_sandy_point,117,4,0.0,0.0,0.0,0.0,1680.8303,0.0,44.89401,0.0,0.0
FROM_clutha,117,4,0.0,0.0,0.0,3.3319066,1689.1218,12.86499,0.0,897.87195,0.0
FROM_sub_terrace,117,4,0.0,0.0,0.0,71.18861,452.83868,0.0,7270.251,0.0,0.0
FROM_mangawera,117,4,0.0,0.0,0.0,3697.526,0.0,0.0,0.0,0.0,0.0
TOTAL_IN,117,4,0.0,217015.14,30575.826,797527400.0,119836696.0,2831727900.0,9008166000.0,8236.666,3988.2317
TO_STORAGE,117,4,0.0,3.488899e-06,0.0002603907,0.00025541463,0.013823106,0.0011675701,0.000556093,0.0,0.00048009053
TO_CONSTANT_HEAD,117,4,0.0,0.0,0.0,0.0,0.0,0.0,0.0,0.0,0.0
TO_WELLS,117,4,0.0,4119.5796,0.0,0.0,445.89493,28.567646,0.0,440.7458,290.60635
TO_HEAD_DEP_BOUNDS,117,4,0.0,0.0,1101.1772,0.0,0.0,0.0,0.0,0.0,0.0
TO_RECHARGE,117,4,0.0,0.0,0.0,0.0,0.0,0.0,0.0,0.0,0.0
TO_STREAM_LEAKAGE,117,4,0.0,0.0,0.0,30489.389,1627.1256,6696.405,72496.92,0.0,0.0
TO_STREAM_FLOW_OUT,117,4,0.0,0.0,0.0,0.0,0.0,0.0,0.0,0.0,0.0
TO_ZONE_0,117,4,0.0,0.0,0.0,0.0,0.0,0.0,0.0,0.0,0.0
TO_haweaflat,117,4,0.0,0.0,3008.4534,17713.52,825.2961,0.0,0.0,0.0,0.0
TO_moraine_top,117,4,0.0,1104.5535,0.0,0.0,0.0,0.0,0.0,0.0,0.0
TO_river_zone,117,4,0.0,23261.8,0.0,0.0,173.26653,0.0,3.3319066,71.18861,3697.526
TO_main_terrace,117,4,0.0,15038.828,0.0,32653.312,0.0,1680.8303,1689.1218,452.83868,0.0
TO_sandy_point,117,4,0.0,0.0,0.0,0.0,6507.038,0.0,12.86499,0.0,0.0
TO_clutha,117,4,0.0,0.0,0.0,42.20224,65440.605,44.89401,0.0,7270.251,0.0
TO_sub_terrace,117,4,0.0,0.0,0.0,70.32049,5995.124,0.0,897.87195,0.0,0.0
TO_mangawera,117,4,0.0,0.0,0.0,0.0,0.0,0.0,0.0,0.0,0.0
TOTAL_OUT,117,4,0.0,43524.76,4109.631,80968.74,81014.37,8450.697,75100.12,8235.024,3988.1328
IN-OUT,117,4,0.0,173490.38,26466.195,797446460.0,119755680.0,2831719400.0,9008091000.0,1.6416016,0.09887695
PERCENT_DISCREPANCY,117,4,,133.17758,152.60687,199.9594,199.72977,199.99881,199.99667,0.019932399,0.0024792487
FROM_STORAGE,118,4,0.0,2412.2263,2.8750126,243.827,2855.4995,0.0010596969,49.13556,17.781618,1.0841559
FROM_CONSTANT_HEAD,118,4,0.0,0.0,0.0,0.0,0.0,0.0,0.0,0.0,0.0
FROM_WELLS,118,4,0.0,4777.7715,18.260052,1438.9762,8504.589,0.0,0.0,77.06712,1081.1698
FROM_HEAD_DEP_BOUNDS,118,4,0.0,0.0,253.64941,0.0,0.0,0.0,0.0,0.0,0.0
FROM_RECHARGE,118,4,0.0,11435.957,1631.3204,4484.366,15251.537,1894.4105,2240.9023,1178.2632,2905.9722
FROM_STREAM_LEAKAGE,118,4,0.0,3500.0,1100.0,47647.547,3119.7043,36.521347,16.384804,0.0,0.0
FROM_STREAM_FLOW_OUT,118,4,0.0,173263.03,26465.953,797437060.0,119755210.0,2831718000.0,9008087000.0,0.0,0.0
FROM_ZONE_0,118,4,0.0,0.0,0.0,0.0,0.0,0.0,0.0,0.0,0.0
FROM_haweaflat,118,4,0.0,0.0,1104.3805,23219.78,15032.222,0.0,0.0,0.0,0.0
FROM_moraine_top,118,4,0.0,3009.2866,0.0,0.0,0.0,0.0,0.0,0.0,0.0
FROM_river_zone,118,4,0.0,17733.63,0.0,0.0,32665.281,0.0,42.201164,70.35862,0.0
FROM_main_terrace,118,4,0.0,824.8474,0.0,172.60915,0.0,6507.0386,65420.797,5993.433,0.0
FROM_sandy_point,118,4,0.0,0.0,0.0,0.0,1680.8303,0.0,44.89401,0.0,0.0
FROM_clutha,118,4,0.0,0.0,0.0,3.3318691,1688.9016,12.86499,0.0,897.5743,0.0
FROM_sub_terrace,118,4,0.0,0.0,0.0,71.14973,452.88547,0.0,7268.078,0.0,0.0
FROM_mangawera,118,4,0.0,0.0,0.0,3697.5205,0.0,0.0,0.0,0.0,0.0
TOTAL_IN,118,4,0.0,216956.73,30576.44,797518100.0,119836456.0,2831726300.0,9008162000.0,8234.479,3988.226
TO_STORAGE,118,4,0.0,0.00034372768,0.0002548981,0.0002565073,0.012403862,0.0011726989,0.0005446394,0.0,0.0005568088
TO_CONSTANT_HEAD,118,4,0.0,0.0,0.0,0.0,0.0,0.0,0.0,0.0,0.0
TO_WELLS,118,4,0.0,4119.5796,0.0,0.0,445.89493,28.567646,0.0,440.7458,290.60635
TO_HEAD_DEP_BOUNDS,118,4,0.0,0.0,1100.9688,0.0,0.0,0.0,0.0,0.0,0.0
TO_RECHARGE,118,4,0.0,0.0,0.0,0.0,0.0,0.0,0.0,0.0,0.0
TO_STREAM_LEAKAGE,118,4,0.0,0.0,0.0,30445.648,1626.8269,6696.405,72475.05,0.0,0.0
TO_STREAM_FLOW_OUT,118,4,0.0,0.0,0.0,0.0,0.0,0.0,0.0,0.0,0.0
TO_ZONE_0,118,4,0.0,0.0,0.0,0.0,0.0,0.0,0.0,0.0,0.0
TO_haweaflat,118,4,0.0,0.0,3009.2866,17733.63,824.8474,0.0,0.0,0.0,0.0
TO_moraine_top,118,4,0.0,1104.3805,0.0,0.0,0.0,0.0,0.0,0.0,0.0
TO_river_zone,118,4,0.0,23219.78,0.0,0.0,172.60915,0.0,3.3318691,71.14973,3697.5205
TO_main_terrace,118,4,0.0,15032.222,0.0,32665.281,0.0,1680.8303,1688.9016,452.88547,0.0
TO_sandy_point,118,4,0.0,0.0,0.0,0.0,6507.0386,0.0,12.86499,0.0,0.0
TO_clutha,118,4,0.0,0.0,0.0,42.201164,65420.797,44.89401,0.0,7268.078,0.0
TO_sub_terrace,118,4,0.0,0.0,0.0,70.35862,5993.433,0.0,897.5743,0.0,0.0
TO_mangawera,118,4,0.0,0.0,0.0,0.0,0.0,0.0,0.0,0.0,0.0
TOTAL_OUT,118,4,0.0,43475.96,4110.256,80957.125,80991.45,8450.697,75077.72,8232.859,3988.1274
IN-OUT,118,4,0.0,173480.78,26466.184,797437100.0,119755464.0,2831718000.0,9008087000.0,1.6191406,0.09863281
PERCENT_DISCREPANCY,118,4,,133.22504,152.60135,199.9594,199.72984,199.99881,199.99667,0.019664874,0.0024731304
FROM_STORAGE,119,4,0.0,2342.9363,2.7754955,235.14192,2825.4739,0.0010585721,48.838062,17.552477,1.0785166
FROM_CONSTANT_HEAD,119,4,0.0,0.0,0.0,0.0,0.0,0.0,0.0,0.0,0.0
FROM_WELLS,119,4,0.0,4777.7715,18.260052,1438.9762,8504.589,0.0,0.0,77.06712,1081.1698
FROM_HEAD_DEP_BOUNDS,119,4,0.0,0.0,254.4878,0.0,0.0,0.0,0.0,0.0,0.0
FROM_RECHARGE,119,4,0.0,11435.957,1631.3204,4484.366,15251.537,1894.4105,2240.9023,1178.2632,2905.9722
FROM_STREAM_LEAKAGE,119,4,0.0,3500.0,1100.0,47685.33,3119.7043,36.521347,16.384804,0.0,0.0
FROM_STREAM_FLOW_OUT,119,4,0.0,173263.03,26465.953,797428200.0,119755030.0,2831716900.0,9008084000.0,0.0,0.0
FROM_ZONE_0,119,4,0.0,0.0,0.0,0.0,0.0,0.0,0.0,0.0,0.0
FROM_haweaflat,119,4,0.0,0.0,1104.2191,23180.094,15026.008,0.0,0.0,0.0,0.0
FROM_moraine_top,119,4,0.0,3010.0728,0.0,0.0,0.0,0.0,0.0,0.0,0.0
FROM_river_zone,119,4,0.0,17752.63,0.0,0.0,32676.81,0.0,42.200127,70.39534,0.0
FROM_main_terrace,119,4,0.0,824.4137,0.0,171.97626,0.0,6507.0386,65401.66,5991.808,0.0
FROM_sandy_point,119,4,0.0,0.0,0.0,0.0,1680.8303,0.0,44.894012,0.0,0.0
FROM_clutha,119,4,0.0,0.0,0.0,3.3318315,1688.6936,12.86499,0.0,897.2874,0.0
FROM_sub_terrace,119,4,0.0,0.0,0.0,71.11219,452.9304,0.0,7265.986,0.0,0.0
FROM_mangawera,119,4,0.0,0.0,0.0,3697.5156,0.0,0.0,0.0,0.0,0.0
TOTAL_IN,119,4,0.0,216906.8,30577.016,797509200.0,119836264.0,2831725300.0,9008159000.0,8232.374,3988.2205
TO_STORAGE,119,4,0.0,2.3604925e-05,0.00024972053,0.00028751962,0.011020397,0.0011692361,0.00054143794,0.0,0.00046625774
TO_CONSTANT_HEAD,119,4,0.0,0.0,0.0,0.0,0.0,0.0,0.0,0.0,0.0
TO_WELLS,119,4,0.0,4119.5796,0.0,0.0,445.89493,28.567646,0.0,440.7458,290.60635
TO_HEAD_DEP_BOUNDS,119,4,0.0,0.0,1100.7656,0.0,0.0,0.0,0.0,0.0,0.0
TO_RECHARGE,119,4,0.0,0.0,0.0,0.0,0.0,0.0,0.0,0.0,0.0
TO_STREAM_LEAKAGE,119,4,0.0,0.0,0.0,30403.885,1626.5281,6696.405,72454.06,0.0,0.0
TO_STREAM_FLOW_OUT,119,4,0.0,0.0,0.0,0.0,0.0,0.0,0.0,0.0,0.0
TO_ZONE_0,119,4,0.0,0.0,0.0,0.0,0.0,0.0,0.0,0.0,0.0
TO_haweaflat,119,4,0.0,0.0,3010.0728,17752.63,824.4137,0.0,0.0,0.0,0.0
TO_moraine_top,119,4,0.0,1104.2191,0.0,0.0,0.0,0.0,0.0,0.0,0.0
TO_river_zone,119,4,0.0,23180.094,0.0,0.0,171.97626,0.0,3.3318315,71.11219,3697.5156
TO_main_terrace,119,4,0.0,15026.008,0.0,32676.81,0.0,1680.8303,1688.6936,452.9304,0.0
TO_sandy_point,119,4,0.0,0.0,0.0,0.0,6507.0386,0.0,12.86499,0.0,0.0
TO_clutha,119,4,0.0,0.0,0.0,42.200127,65401.66,44.894012,0.0,7265.986,0.0
TO_sub_terrace,119,4,0.0,0.0,0.0,70.39534,5991.808,0.0,897.2874,0.0,0.0
TO_mangawera,119,4,0.0,0.0,0.0,0.0,0.0,0.0,0.0,0.0,0.0
TOTAL_OUT,119,4,0.0,43429.9,4110.839,80945.93,80969.33,8450.697,75056.24,8230.774,3988.1226
IN-OUT,119,4,0.0,173476.9,26466.176,797428200.0,119755300.0,2831716900.0,9008084000.0,1.5996094,0.09790039
PERCENT_DISCREPANCY,119,4,,133.2712,152.5962,199.9594,199.72992,199.99881,199.99667,0.019432606,0.0024547689
FROM_STORAGE,120,4,0.0,2271.5986,2.6780078,226.61641,2794.9507,0.0010682923,48.531857,17.320744,1.0729262
FROM_CONSTANT_HEAD,120,4,0.0,0.0,0.0,0.0,0.0,0.0,0.0,0.0,0.0
FROM_WELLS,120,4,0.0,4777.7715,18.260052,1438.9762,8504.589,0.0,0.0,77.06712,1081.1698
FROM_HEAD_DEP_BOUNDS,120,4,0.0,0.0,255.31836,0.0,0.0,0.0,0.0,0.0,0.0
FROM_RECHARGE,120,4,0.0,11435.957,1631.3204,4484.366,15251.537,1894.4105,2240.9023,1178.2632,2905.9722
FROM_STREAM_LEAKAGE,120,4,0.0,3500.0,1100.0,47722.54,3119.7043,36.521347,16.384804,0.0,0.0
FROM_STREAM_FLOW_OUT,120,4,0.0,173263.03,26465.953,797419200.0,119754860.0,2831715800.0,9008081000.0,0.0,0.0
FROM_ZONE_0,120,4,0.0,0.0,0.0,0.0,0.0,0.0,0.0,0.0,0.0
FROM_haweaflat,120,4,0.0,0.0,1104.0577,23140.768,15019.857,0.0,0.0,0.0,0.0
FROM_moraine_top,120,4,0.0,3010.8464,0.0,0.0,0.0,0.0,0.0,0.0,0.0
FROM_river_zone,120,4,0.0,17771.482,0.0,0.0,32688.445,0.0,42.199066,70.43237,0.0
FROM_main_terrace,120,4,0.0,823.9748,0.0,171.33755,0.0,6507.038,65382.29,5990.1655,0.0
FROM_sandy_point,120,4,0.0,0.0,0.0,0.0,1680.8302,0.0,44.894012,0.0,0.0
FROM_clutha,120,4,0.0,0.0,0.0,3.3317935,1688.4873,12.86499,0.0,896.998,0.0
FROM_sub_terrace,120,4,0.0,0.0,0.0,71.07439,452.9756,0.0,7263.8735,0.0,0.0
FROM_mangawera,120,4,0.0,0.0,0.0,3697.5103,0.0,0.0,0.0,0.0,0.0
TOTAL_IN,120,4,0.0,216854.66,30577.588,797500200.0,119836060.0,2831724300.0,9008156000.0,8230.247,3988.2148
TO_STORAGE,120,4,0.0,0.0004709767,0.0002446018,0.00027863792,0.009707787,0.0011568911,0.0005364919,0.0,0.0005172001
TO_CONSTANT_HEAD,120,4,0.0,0.0,0.0,0.0,0.0,0.0,0.0,0.0,0.0
TO_WELLS,120,4,0.0,4119.5796,0.0,0.0,445.89493,28.567646,0.0,440.7458,290.60635
TO_HEAD_DEP_BOUNDS,120,4,0.0,0.0,1100.5688,0.0,0.0,0.0,0.0,0.0,0.0
TO_RECHARGE,120,4,0.0,0.0,0.0,0.0,0.0,0.0,0.0,0.0,0.0
TO_STREAM_LEAKAGE,120,4,0.0,0.0,0.0,30363.283,1626.196,6696.405,72432.914,0.0,0.0
TO_STREAM_FLOW_OUT,120,4,0.0,0.0,0.0,0.0,0.0,0.0,0.0,0.0,0.0
TO_ZONE_0,120,4,0.0,0.0,0.0,0.0,0.0,0.0,0.0,0.0,0.0
TO_haweaflat,120,4,0.0,0.0,3010.8464,17771.482,823.9748,0.0,0.0,0.0,0.0
TO_moraine_top,120,4,0.0,1104.0577,0.0,0.0,0.0,0.0,0.0,0.0,0.0
TO_river_zone,120,4,0.0,23140.768,0.0,0.0,171.33755,0.0,3.3317935,71.07439,3697.5103
TO_main_terrace,120,4,0.0,15019.857,0.0,32688.445,0.0,1680.8302,1688.4873,452.9756,0.0
TO_sandy_point,120,4,0.0,0.0,0.0,0.0,6507.038,0.0,12.86499,0.0,0.0
TO_clutha,120,4,0.0,0.0,0.0,42.199066,65382.29,44.894012,0.0,7263.8735,0.0
TO_sub_terrace,120,4,0.0,0.0,0.0,70.43237,5990.1655,0.0,896.998,0.0,0.0
TO_mangawera,120,4,0.0,0.0,0.0,0.0,0.0,0.0,0.0,0.0,0.0
TOTAL_OUT,120,4,0.0,43384.266,4111.4155,80935.836,80946.91,8450.697,75034.59,8228.669,3988.1172
IN-OUT,120,4,0.0,173470.39,26466.172,797419260.0,119755120.0,2831715800.0,9008081000.0,1.578125,0.09765625
PERCENT_DISCREPANCY,120,4,,133.31625,152.59114,199.9594,199.73,199.99881,199.99669,0.019176537,0.0024486505
FROM_STORAGE,121,4,0.0,2202.5784,2.5805285,218.44395,2764.6277,0.0010828683,48.22433,17.09152,1.0674394
FROM_CONSTANT_HEAD,121,4,0.0,0.0,0.0,0.0,0.0,0.0,0.0,0.0,0.0
FROM_WELLS,121,4,0.0,4777.7715,18.260052,1438.9762,8504.589,0.0,0.0,77.06712,1081.1698
FROM_HEAD_DEP_BOUNDS,121,4,0.0,0.0,256.11475,0.0,0.0,0.0,0.0,0.0,0.0
FROM_RECHARGE,121,4,0.0,11435.957,1631.3204,4484.366,15251.537,1894.4105,2240.9023,1178.2632,2905.9722
FROM_STREAM_LEAKAGE,121,4,0.0,3500.0,1100.0,47760.67,3119.7043,36.521347,16.384804,0.0,0.0
FROM_STREAM_FLOW_OUT,121,4,0.0,173263.03,26465.953,797410560.0,119754720.0,2831715300.0,9008080000.0,0.0,0.0
FROM_ZONE_0,121,4,0.0,0.0,0.0,0.0,0.0,0.0,0.0,0.0,0.0
FROM_haweaflat,121,4,0.0,0.0,1103.9028,23102.7,15013.94,0.0,0.0,0.0,0.0
FROM_moraine_top,121,4,0.0,3011.5913,0.0,0.0,0.0,0.0,0.0,0.0,0.0
FROM_river_zone,121,4,0.0,17789.75,0.0,0.0,32699.92,0.0,42.19803,70.46889,0.0
FROM_main_terrace,121,4,0.0,823.5401,0.0,170.70804,0.0,6507.038,65363.137,5988.5474,0.0
FROM_sandy_point,121,4,0.0,0.0,0.0,0.0,1680.8302,0.0,44.894012,0.0,0.0
FROM_clutha,121,4,0.0,0.0,0.0,3.3317559,1688.2881,12.864989,0.0,896.7126,0.0
FROM_sub_terrace,121,4,0.0,0.0,0.0,71.03706,453.02023,0.0,7261.7915,0.0,0.0
FROM_mangawera,121,4,0.0,0.0,0.0,3697.5051,0.0,0.0,0.0,0.0,0.0
TOTAL_IN,121,4,0.0,216804.23,30578.13,797491500.0,119835896.0,2831723800.0,9008155000.0,8228.15,3988.2095
TO_STORAGE,121,4,0.0,9.1187185e-06,0.00023970594,0.00027137413,0.008401401,0.0011400948,0.00052876037,0.0,0.0005695458
TO_CONSTANT_HEAD,121,4,0.0,0.0,0.0,0.0,0.0,0.0,0.0,0.0,0.0
TO_WELLS,121,4,0.0,4119.5796,0.0,0.0,445.89493,28.567646,0.0,440.7458,290.60635
TO_HEAD_DEP_BOUNDS,121,4,0.0,0.0,1100.3848,0.0,0.0,0.0,0.0,0.0,0.0
TO_RECHARGE,121,4,0.0,0.0,0.0,0.0,0.0,0.0,0.0,0.0,0.0
TO_STREAM_LEAKAGE,121,4,0.0,0.0,0.0,30325.373,1625.864,6696.405,72411.73,0.0,0.0
TO_STREAM_FLOW_OUT,121,4,0.0,0.0,0.0,0.0,0.0,0.0,0.0,0.0,0.0
TO_ZONE_0,121,4,0.0,0.0,0.0,0.0,0.0,0.0,0.0,0.0,0.0
TO_haweaflat,121,4,0.0,0.0,3011.5913,17789.75,823.5401,0.0,0.0,0.0,0.0
TO_moraine_top,121,4,0.0,1103.9028,0.0,0.0,0.0,0.0,0.0,0.0,0.0
TO_river_zone,121,4,0.0,23102.7,0.0,0.0,170.70804,0.0,3.3317559,71.03706,3697.5051
TO_main_terrace,121,4,0.0,15013.94,0.0,32699.92,0.0,1680.8302,1688.2881,453.02023,0.0
TO_sandy_point,121,4,0.0,0.0,0.0,0.0,6507.038,0.0,12.864989,0.0,0.0
TO_clutha,121,4,0.0,0.0,0.0,42.19803,65363.137,44.894012,0.0,7261.7915,0.0
TO_sub_terrace,121,4,0.0,0.0,0.0,70.46889,5988.5474,0.0,896.7126,0.0,0.0
TO_mangawera,121,4,0.0,0.0,0.0,0.0,0.0,0.0,0.0,0.0,0.0
TOTAL_OUT,121,4,0.0,43340.12,4111.9766,80927.71,80924.734,8450.697,75012.92,8226.595,3988.112
IN-OUT,121,4,0.0,173464.11,26466.154,797410600.0,119754970.0,2831715300.0,9008080000.0,1.5556641,0.09741211
PERCENT_DISCREPANCY,121,4,,133.35988,152.58617,199.95943,199.73006,199.9988,199.99667,0.018908393,0.0024425322
FROM_STORAGE,122,4,0.0,2135.8525,2.4888754,210.60643,2734.442,0.0010822078,47.914997,16.865196,1.0619917
FROM_CONSTANT_HEAD,122,4,0.0,0.0,0.0,0.0,0.0,0.0,0.0,0.0,0.0
FROM_WELLS,122,4,0.0,4777.7715,18.260052,1438.9762,8504.589,0.0,0.0,77.06712,1081.1698
FROM_HEAD_DEP_BOUNDS,122,4,0.0,0.0,256.8911,0.0,0.0,0.0,0.0,0.0,0.0
FROM_RECHARGE,122,4,0.0,11435.957,1631.3204,4484.366,15251.537,1894.4105,2240.9023,1178.2632,2905.9722
FROM_STREAM_LEAKAGE,122,4,0.0,3500.0,1100.0,47797.746,3119.7043,36.521347,16.384804,0.0,0.0
FROM_STREAM_FLOW_OUT,122,4,0.0,173263.03,26465.953,797402240.0,119754540.0,2831714300.0,9008077000.0,0.0,0.0
FROM_ZONE_0,122,4,0.0,0.0,0.0,0.0,0.0,0.0,0.0,0.0,0.0
FROM_haweaflat,122,4,0.0,0.0,1103.7523,23065.844,15008.305,0.0,0.0,0.0,0.0
FROM_moraine_top,122,4,0.0,3012.3115,0.0,0.0,0.0,0.0,0.0,0.0,0.0
FROM_river_zone,122,4,0.0,17807.453,0.0,0.0,32711.23,0.0,42.197002,70.50487,0.0
FROM_main_terrace,122,4,0.0,823.10944,0.0,170.08768,0.0,6507.038,65344.203,5986.9526,0.0
FROM_sandy_point,122,4,0.0,0.0,0.0,0.0,1680.8302,0.0,44.894012,0.0,0.0
FROM_clutha,122,4,0.0,0.0,0.0,3.3317199,1688.0956,12.864989,0.0,896.43115,0.0
FROM_sub_terrace,122,4,0.0,0.0,0.0,71.00023,453.06406,0.0,7259.7373,0.0,0.0
FROM_mangawera,122,4,0.0,0.0,0.0,3697.5002,0.0,0.0,0.0,0.0,0.0
TOTAL_IN,122,4,0.0,216755.48,30578.666,797483200.0,119835700.0,2831722800.0,9008152000.0,8226.084,3988.204
TO_STORAGE,122,4,0.0,0.00040383608,0.00023514708,0.00027078466,0.0071828505,0.0011377026,0.0005367298,0.0,0.0005585103
TO_CONSTANT_HEAD,122,4,0.0,0.0,0.0,0.0,0.0,0.0,0.0,0.0,0.0
TO_WELLS,122,4,0.0,4119.5796,0.0,0.0,445.89493,28.567646,0.0,440.7458,290.60635
TO_HEAD_DEP_BOUNDS,122,4,0.0,0.0,1100.1973,0.0,0.0,0.0,0.0,0.0,0.0
TO_RECHARGE,122,4,0.0,0.0,0.0,0.0,0.0,0.0,0.0,0.0,0.0
TO_STREAM_LEAKAGE,122,4,0.0,0.0,0.0,30288.902,1625.532,6696.405,72391.08,0.0,0.0
TO_STREAM_FLOW_OUT,122,4,0.0,0.0,0.0,0.0,0.0,0.0,0.0,0.0,0.0
TO_ZONE_0,122,4,0.0,0.0,0.0,0.0,0.0,0.0,0.0,0.0,0.0
TO_haweaflat,122,4,0.0,0.0,3012.3115,17807.453,823.10944,0.0,0.0,0.0,0.0
TO_moraine_top,122,4,0.0,1103.7523,0.0,0.0,0.0,0.0,0.0,0.0,0.0
TO_river_zone,122,4,0.0,23065.844,0.0,0.0,170.08768,0.0,3.3317199,71.00023,3697.5002
TO_main_terrace,122,4,0.0,15008.305,0.0,32711.23,0.0,1680.8302,1688.0956,453.06406,0.0
TO_sandy_point,122,4,0.0,0.0,0.0,0.0,6507.038,0.0,12.864989,0.0,0.0
TO_clutha,122,4,0.0,0.0,0.0,42.197002,65344.203,44.894012,0.0,7259.7373,0.0
TO_sub_terrace,122,4,0.0,0.0,0.0,70.50487,5986.9526,0.0,896.43115,0.0,0.0
TO_mangawera,122,4,0.0,0.0,0.0,0.0,0.0,0.0,0.0,0.0,0.0
TOTAL_OUT,122,4,0.0,43297.48,4112.509,80920.29,80902.83,8450.697,74991.8,8224.547,3988.1072
IN-OUT,122,4,0.0,173458.0,26466.156,797402300.0,119754790.0,2831714300.0,9008077000.0,1.5371094,0.09692383
PERCENT_DISCREPANCY,122,4,,133.40205,152.58148,199.95943,199.73013,199.9988,199.99667,0.018687543,0.0024302918
FROM_STORAGE,123,4,0.0,2071.3975,2.3969297,203.06856,2704.4111,0.0010876622,47.6048,16.64221,1.056408
FROM_CONSTANT_HEAD,123,4,0.0,0.0,0.0,0.0,0.0,0.0,0.0,0.0,0.0
FROM_WELLS,123,4,0.0,4777.7715,18.260052,1438.9762,8504.589,0.0,0.0,77.06712,1081.1698
FROM_HEAD_DEP_BOUNDS,123,4,0.0,0.0,257.6289,0.0,0.0,0.0,0.0,0.0,0.0
FROM_RECHARGE,123,4,0.0,11435.957,1631.3204,4484.366,15251.537,1894.4105,2240.9023,1178.2632,2905.9722
FROM_STREAM_LEAKAGE,123,4,0.0,3500.0,1100.0,47833.688,3119.7043,36.521347,16.384804,0.0,0.0
FROM_STREAM_FLOW_OUT,123,4,0.0,173263.03,26465.953,797394370.0,119754390.0,2831713300.0,9008075000.0,0.0,0.0
FROM_ZONE_0,123,4,0.0,0.0,0.0,0.0,0.0,0.0,0.0,0.0,0.0
FROM_haweaflat,123,4,0.0,0.0,1103.6102,23030.207,15002.929,0.0,0.0,0.0,0.0
FROM_moraine_top,123,4,0.0,3013.0073,0.0,0.0,0.0,0.0,0.0,0.0,0.0
FROM_river_zone,123,4,0.0,17824.598,0.0,0.0,32722.379,0.0,42.195988,70.540344,0.0
FROM_main_terrace,123,4,0.0,822.6819,0.0,169.47607,0.0,6507.038,65325.5,5985.379,0.0
FROM_sandy_point,123,4,0.0,0.0,0.0,0.0,1680.8302,0.0,44.894016,0.0,0.0
FROM_clutha,123,4,0.0,0.0,0.0,3.3316839,1687.909,12.864989,0.0,896.1537,0.0
FROM_sub_terrace,123,4,0.0,0.0,0.0,70.96399,453.1073,0.0,7257.7134,0.0,0.0
FROM_mangawera,123,4,0.0,0.0,0.0,3697.4956,0.0,0.0,0.0,0.0,0.0
TOTAL_IN,123,4,0.0,216708.44,30579.168,797475300.0,119835520.0,2831721700.0,9008150000.0,8224.045,3988.1982
TO_STORAGE,123,4,0.0,0.00015553126,0.00023800705,0.00025322515,0.0060269004,0.0011289282,0.00052713224,0.0,0.00054384593
TO_CONSTANT_HEAD,123,4,0.0,0.0,0.0,0.0,0.0,0.0,0.0,0.0,0.0
TO_WELLS,123,4,0.0,4119.5796,0.0,0.0,445.89493,28.567646,0.0,440.7458,290.60635
TO_HEAD_DEP_BOUNDS,123,4,0.0,0.0,1100.019,0.0,0.0,0.0,0.0,0.0,0.0
TO_RECHARGE,123,4,0.0,0.0,0.0,0.0,0.0,0.0,0.0,0.0,0.0
TO_STREAM_LEAKAGE,123,4,0.0,0.0,0.0,30253.432,1625.2,6696.405,72370.59,0.0,0.0
TO_STREAM_FLOW_OUT,123,4,0.0,0.0,0.0,0.0,0.0,0.0,0.0,0.0,0.0
TO_ZONE_0,123,4,0.0,0.0,0.0,0.0,0.0,0.0,0.0,0.0,0.0
TO_haweaflat,123,4,0.0,0.0,3013.0073,17824.598,822.6819,0.0,0.0,0.0,0.0
TO_moraine_top,123,4,0.0,1103.6102,0.0,0.0,0.0,0.0,0.0,0.0,0.0
TO_river_zone,123,4,0.0,23030.207,0.0,0.0,169.47607,0.0,3.3316839,70.96399,3697.4956
TO_main_terrace,123,4,0.0,15002.929,0.0,32722.379,0.0,1680.8302,1687.909,453.1073,0.0
TO_sandy_point,123,4,0.0,0.0,0.0,0.0,6507.038,0.0,12.864989,0.0,0.0
TO_clutha,123,4,0.0,0.0,0.0,42.195988,65325.5,44.894016,0.0,7257.7134,0.0
TO_sub_terrace,123,4,0.0,0.0,0.0,70.540344,5985.379,0.0,896.1537,0.0,0.0
TO_mangawera,123,4,0.0,0.0,0.0,0.0,0.0,0.0,0.0,0.0,0.0
TOTAL_OUT,123,4,0.0,43256.324,4113.0264,80913.14,80881.17,8450.697,74970.85,8222.53,3988.1025
IN-OUT,123,4,0.0,173452.11,26466.14,797394400.0,119754640.0,2831713300.0,9008075000.0,1.5146484,0.095703125
PERCENT_DISCREPANCY,123,4,,133.44278,152.5769,199.95943,199.73021,199.99881,199.99667,0.018419014,0.002399687
FROM_STORAGE,124,4,0.0,2009.0847,2.3107848,195.82982,2674.5547,0.001093761,47.29512,16.423624,1.0510076
FROM_CONSTANT_HEAD,124,4,0.0,0.0,0.0,0.0,0.0,0.0,0.0,0.0,0.0
FROM_WELLS,124,4,0.0,4777.7715,18.260052,1438.9762,8504.589,0.0,0.0,77.06712,1081.1698
FROM_HEAD_DEP_BOUNDS,124,4,0.0,0.0,258.35596,0.0,0.0,0.0,0.0,0.0,0.0
FROM_RECHARGE,124,4,0.0,11435.957,1631.3204,4484.366,15251.537,1894.4105,2240.9023,1178.2632,2905.9722
FROM_STREAM_LEAKAGE,124,4,0.0,3500.0,1100.0,47868.64,3119.7043,36.521347,16.384804,0.0,0.0
FROM_STREAM_FLOW_OUT,124,4,0.0,173263.03,26465.953,797386400.0,119754210.0,2831711700.0,9008071000.0,0.0,0.0
FROM_ZONE_0,124,4,0.0,0.0,0.0,0.0,0.0,0.0,0.0,0.0,0.0
FROM_haweaflat,124,4,0.0,0.0,1103.471,22995.729,14997.778,0.0,0.0,0.0,0.0
FROM_moraine_top,124,4,0.0,3013.6804,0.0,0.0,0.0,0.0,0.0,0.0,0.0
FROM_river_zone,124,4,0.0,17841.207,0.0,0.0,32733.38,0.0,42.195015,70.57533,0.0
FROM_main_terrace,124,4,0.0,822.25696,0.0,168.87288,0.0,6507.038,65306.992,5983.827,0.0
FROM_sandy_point,124,4,0.0,0.0,0.0,0.0,1680.8302,0.0,44.894016,0.0,0.0
FROM_clutha,124,4,0.0,0.0,0.0,3.3316486,1687.7286,12.864989,0.0,895.88007,0.0
FROM_sub_terrace,124,4,0.0,0.0,0.0,70.9282,453.15042,0.0,7255.717,0.0,0.0
FROM_mangawera,124,4,0.0,0.0,0.0,3697.4902,0.0,0.0,0.0,0.0,0.0
TOTAL_IN,124,4,0.0,216662.98,30579.67,797467300.0,119835320.0,2831720200.0,9008145000.0,8222.036,3988.1929
TO_STORAGE,124,4,0.0,0.0003339127,0.0002335729,0.00026106433,0.005113239,0.0011196693,0.00052592927,0.0,0.00056651485
TO_CONSTANT_HEAD,124,4,0.0,0.0,0.0,0.0,0.0,0.0,0.0,0.0,0.0
TO_WELLS,124,4,0.0,4119.5796,0.0,0.0,445.89493,28.567646,0.0,440.7458,290.60635
TO_HEAD_DEP_BOUNDS,124,4,0.0,0.0,1099.8525,0.0,0.0,0.0,0.0,0.0,0.0
TO_RECHARGE,124,4,0.0,0.0,0.0,0.0,0.0,0.0,0.0,0.0,0.0
TO_STREAM_LEAKAGE,124,4,0.0,0.0,0.0,30219.129,1624.8347,6696.405,72350.27,0.0,0.0
TO_STREAM_FLOW_OUT,124,4,0.0,0.0,0.0,0.0,0.0,0.0,0.0,0.0,0.0
TO_ZONE_0,124,4,0.0,0.0,0.0,0.0,0.0,0.0,0.0,0.0,0.0
TO_haweaflat,124,4,0.0,0.0,3013.6804,17841.207,822.25696,0.0,0.0,0.0,0.0
TO_moraine_top,124,4,0.0,1103.471,0.0,0.0,0.0,0.0,0.0,0.0,0.0
TO_river_zone,124,4,0.0,22995.729,0.0,0.0,168.87288,0.0,3.3316486,70.9282,3697.4902
TO_main_terrace,124,4,0.0,14997.778,0.0,32733.38,0.0,1680.8302,1687.7286,453.15042,0.0
TO_sandy_point,124,4,0.0,0.0,0.0,0.0,6507.038,0.0,12.864989,0.0,0.0
TO_clutha,124,4,0.0,0.0,0.0,42.195015,65306.992,44.894016,0.0,7255.717,0.0
TO_sub_terrace,124,4,0.0,0.0,0.0,70.57533,5983.827,0.0,895.88007,0.0,0.0
TO_mangawera,124,4,0.0,0.0,0.0,0.0,0.0,0.0,0.0,0.0,0.0
TOTAL_OUT,124,4,0.0,43216.56,4113.533,80906.49,80859.72,8450.697,74950.08,8220.541,3988.0972
IN-OUT,124,4,0.0,173446.42,26466.137,797386430.0,119754460.0,2831711700.0,9008071000.0,1.4951172,0.095703125
PERCENT_DISCREPANCY,124,4,,133.48216,152.57246,199.95943,199.7303,199.9988,199.99667,0.018185921,0.0023996902
FROM_STORAGE,125,4,0.0,1948.8228,2.2334516,188.88254,2644.8855,0.0010990319,46.98545,16.208296,1.0456161
FROM_CONSTANT_HEAD,125,4,0.0,0.0,0.0,0.0,0.0,0.0,0.0,0.0,0.0
FROM_WELLS,125,4,0.0,4777.7715,18.260052,1438.9762,8504.589,0.0,0.0,77.06712,1081.1698
FROM_HEAD_DEP_BOUNDS,125,4,0.0,0.0,259.04297,0.0,0.0,0.0,0.0,0.0,0.0
FROM_RECHARGE,125,4,0.0,11435.957,1631.3204,4484.366,15251.537,1894.4105,2240.9023,1178.2632,2905.9722
FROM_STREAM_LEAKAGE,125,4,0.0,3500.0,1100.0,47902.734,3119.7043,36.521347,16.384804,0.0,0.0
FROM_STREAM_FLOW_OUT,125,4,0.0,173263.03,26465.953,797378940.0,119754060.0,2831710700.0,9008069000.0,0.0,0.0
FROM_ZONE_0,125,4,0.0,0.0,0.0,0.0,0.0,0.0,0.0,0.0,0.0
FROM_haweaflat,125,4,0.0,0.0,1103.3376,22962.367,14992.842,0.0,0.0,0.0,0.0
FROM_moraine_top,125,4,0.0,3014.3315,0.0,0.0,0.0,0.0,0.0,0.0,0.0
FROM_river_zone,125,4,0.0,17857.3,0.0,0.0,32744.23,0.0,42.193996,70.60982,0.0
FROM_main_terrace,125,4,0.0,821.8351,0.0,168.27809,0.0,6507.038,65288.7,5982.297,0.0
FROM_sandy_point,125,4,0.0,0.0,0.0,0.0,1680.8302,0.0,44.894012,0.0,0.0
FROM_clutha,125,4,0.0,0.0,0.0,3.3316128,1687.5538,12.864989,0.0,895.6102,0.0
FROM_sub_terrace,125,4,0.0,0.0,0.0,70.89296,453.19296,0.0,7253.748,0.0,0.0
FROM_mangawera,125,4,0.0,0.0,0.0,3697.4854,0.0,0.0,0.0,0.0,0.0
TOTAL_IN,125,4,0.0,216619.03,30580.148,797459900.0,119835144.0,2831719200.0,9008143000.0,8220.056,3988.1875
TO_STORAGE,125,4,0.0,0.00011491071,0.00022930809,0.000270662,0.004463096,0.0011112038,0.0005341882,0.0,0.00057103066
TO_CONSTANT_HEAD,125,4,0.0,0.0,0.0,0.0,0.0,0.0,0.0,0.0,0.0
TO_WELLS,125,4,0.0,4119.5796,0.0,0.0,445.89493,28.567646,0.0,440.7458,290.60635
TO_HEAD_DEP_BOUNDS,125,4,0.0,0.0,1099.688,0.0,0.0,0.0,0.0,0.0,0.0
TO_RECHARGE,125,4,0.0,0.0,0.0,0.0,0.0,0.0,0.0,0.0,0.0
TO_STREAM_LEAKAGE,125,4,0.0,0.0,0.0,30185.623,1624.5028,6696.405,72330.12,0.0,0.0
TO_STREAM_FLOW_OUT,125,4,0.0,0.0,0.0,0.0,0.0,0.0,0.0,0.0,0.0
TO_ZONE_0,125,4,0.0,0.0,0.0,0.0,0.0,0.0,0.0,0.0,0.0
TO_haweaflat,125,4,0.0,0.0,3014.3315,17857.3,821.8351,0.0,0.0,0.0,0.0
TO_moraine_top,125,4,0.0,1103.3376,0.0,0.0,0.0,0.0,0.0,0.0,0.0
TO_river_zone,125,4,0.0,22962.367,0.0,0.0,168.27809,0.0,3.3316128,70.89296,3697.4854
TO_main_terrace,125,4,0.0,14992.842,0.0,32744.23,0.0,1680.8302,1687.5538,453.19296,0.0
TO_sandy_point,125,4,0.0,0.0,0.0,0.0,6507.038,0.0,12.864989,0.0,0.0
TO_clutha,125,4,0.0,0.0,0.0,42.193996,65288.7,44.894012,0.0,7253.748,0.0
TO_sub_terrace,125,4,0.0,0.0,0.0,70.60982,5982.297,0.0,895.6102,0.0,0.0
TO_mangawera,125,4,0.0,0.0,0.0,0.0,0.0,0.0,0.0,0.0,0.0
TOTAL_OUT,125,4,0.0,43178.125,4114.0195,80899.96,80838.55,8450.697,74929.48,8218.58,3988.0923
IN-OUT,125,4,0.0,173440.9,26466.129,797379000.0,119754300.0,2831710700.0,9008069000.0,1.4755859,0.095214844
PERCENT_DISCREPANCY,125,4,,133.52025,152.56818,199.95941,199.73035,199.9988,199.99669,0.017952656,0.0023874498
FROM_STORAGE,126,4,0.0,1890.5548,2.1526043,182.20558,2615.4114,0.0011050036,46.674362,15.995895,1.0402853
FROM_CONSTANT_HEAD,126,4,0.0,0.0,0.0,0.0,0.0,0.0,0.0,0.0,0.0
FROM_WELLS,126,4,0.0,4777.7715,18.260052,1438.9762,8504.589,0.0,0.0,77.06712,1081.1698
FROM_HEAD_DEP_BOUNDS,126,4,0.0,0.0,259.71094,0.0,0.0,0.0,0.0,0.0,0.0
FROM_RECHARGE,126,4,0.0,11435.957,1631.3204,4484.366,15251.537,1894.4105,2240.9023,1178.2632,2905.9722
FROM_STREAM_LEAKAGE,126,4,0.0,3500.0,1100.0,47935.84,3119.7043,36.521347,16.384804,0.0,0.0
FROM_STREAM_FLOW_OUT,126,4,0.0,173263.03,26465.953,797371460.0,119753900.0,2831709400.0,9008066000.0,0.0,0.0
FROM_ZONE_0,126,4,0.0,0.0,0.0,0.0,0.0,0.0,0.0,0.0,0.0
FROM_haweaflat,126,4,0.0,0.0,1103.2079,22930.092,14988.1045,0.0,0.0,0.0,0.0
FROM_moraine_top,126,4,0.0,3014.9556,0.0,0.0,0.0,0.0,0.0,0.0,0.0
FROM_river_zone,126,4,0.0,17872.9,0.0,0.0,32754.93,0.0,42.19304,70.64386,0.0
FROM_main_terrace,126,4,0.0,821.4169,0.0,167.6917,0.0,6507.038,65270.613,5980.7866,0.0
FROM_sandy_point,126,4,0.0,0.0,0.0,0.0,1680.8302,0.0,44.894012,0.0,0.0
FROM_clutha,126,4,0.0,0.0,0.0,3.3315785,1687.3846,12.86499,0.0,895.344,0.0
FROM_sub_terrace,126,4,0.0,0.0,0.0,70.858086,453.23495,0.0,7251.805,0.0,0.0
FROM_mangawera,126,4,0.0,0.0,0.0,3697.4805,0.0,0.0,0.0,0.0,0.0
TOTAL_IN,126,4,0.0,216576.6,30580.604,797452350.0,119834960.0,2831718000.0,9008140000.0,8218.101,3988.1821
TO_STORAGE,126,4,0.0,0.00031783132,0.0002252417,0.00026507617,0.0038856952,0.0011015582,0.00052108266,0.0,0.0006445293
TO_CONSTANT_HEAD,126,4,0.0,0.0,0.0,0.0,0.0,0.0,0.0,0.0,0.0
TO_WELLS,126,4,0.0,4119.5796,0.0,0.0,445.89493,28.567646,0.0,440.7458,290.60635
TO_HEAD_DEP_BOUNDS,126,4,0.0,0.0,1099.5293,0.0,0.0,0.0,0.0,0.0,0.0
TO_RECHARGE,126,4,0.0,0.0,0.0,0.0,0.0,0.0,0.0,0.0,0.0
TO_STREAM_LEAKAGE,126,4,0.0,0.0,0.0,30153.426,1624.1376,6696.405,72310.2,0.0,0.0
TO_STREAM_FLOW_OUT,126,4,0.0,0.0,0.0,0.0,0.0,0.0,0.0,0.0,0.0
TO_ZONE_0,126,4,0.0,0.0,0.0,0.0,0.0,0.0,0.0,0.0,0.0
TO_haweaflat,126,4,0.0,0.0,3014.9556,17872.9,821.4169,0.0,0.0,0.0,0.0
TO_moraine_top,126,4,0.0,1103.2079,0.0,0.0,0.0,0.0,0.0,0.0,0.0
TO_river_zone,126,4,0.0,22930.092,0.0,0.0,167.6917,0.0,3.3315785,70.858086,3697.4805
TO_main_terrace,126,4,0.0,14988.1045,0.0,32754.93,0.0,1680.8302,1687.3846,453.23495,0.0
TO_sandy_point,126,4,0.0,0.0,0.0,0.0,6507.038,0.0,12.86499,0.0,0.0
TO_clutha,126,4,0.0,0.0,0.0,42.19304,65270.613,44.894012,0.0,7251.805,0.0
TO_sub_terrace,126,4,0.0,0.0,0.0,70.64386,5980.7866,0.0,895.344,0.0,0.0
TO_mangawera,126,4,0.0,0.0,0.0,0.0,0.0,0.0,0.0,0.0,0.0
TOTAL_OUT,126,4,0.0,43140.984,4114.4854,80894.09,80817.586,8450.697,74909.125,8216.645,3988.0874
IN-OUT,126,4,0.0,173435.61,26466.117,797371460.0,119754140.0,2831709400.0,9008066000.0,1.4560547,0.09472656
PERCENT_DISCREPANCY,126,4,,133.55707,152.56406,199.95943,199.73042,199.9988,199.99667,0.017719224,0.0023752097
FROM_STORAGE,127,4,0.0,1834.1866,2.079126,175.79512,2586.143,0.0011150606,46.36144,15.785123,1.034875
FROM_CONSTANT_HEAD,127,4,0.0,0.0,0.0,0.0,0.0,0.0,0.0,0.0,0.0
FROM_WELLS,127,4,0.0,4777.7715,18.260052,1438.9762,8504.589,0.0,0.0,77.06712,1081.1698
FROM_HEAD_DEP_BOUNDS,127,4,0.0,0.0,260.35693,0.0,0.0,0.0,0.0,0.0,0.0
FROM_RECHARGE,127,4,0.0,11435.957,1631.3204,4484.366,15251.537,1894.4105,2240.9023,1178.2632,2905.9722
FROM_STREAM_LEAKAGE,127,4,0.0,3500.0,1100.0,47968.09,3119.7043,36.521347,16.384804,0.0,0.0
FROM_STREAM_FLOW_OUT,127,4,0.0,173263.03,26465.953,797364300.0,119753750.0,2831708200.0,9008062000.0,0.0,0.0
FROM_ZONE_0,127,4,0.0,0.0,0.0,0.0,0.0,0.0,0.0,0.0,0.0
FROM_haweaflat,127,4,0.0,0.0,1103.0828,22898.854,14983.561,0.0,0.0,0.0,0.0
FROM_moraine_top,127,4,0.0,3015.5625,0.0,0.0,0.0,0.0,0.0,0.0,0.0
FROM_river_zone,127,4,0.0,17888.021,0.0,0.0,32765.477,0.0,42.192085,70.67742,0.0
FROM_main_terrace,127,4,0.0,821.00244,0.0,167.11377,0.0,6507.038,65252.734,5979.3003,0.0
FROM_sandy_point,127,4,0.0,0.0,0.0,0.0,1680.8302,0.0,44.894012,0.0,0.0
FROM_clutha,127,4,0.0,0.0,0.0,3.3315444,1687.2208,12.86499,0.0,895.08154,0.0
FROM_sub_terrace,127,4,0.0,0.0,0.0,70.82376,453.276,0.0,7249.89,0.0,0.0
FROM_mangawera,127,4,0.0,0.0,0.0,3697.4756,0.0,0.0,0.0,0.0,0.0
TOTAL_IN,127,4,0.0,216535.52,30581.05,797445250.0,119834790.0,2831716600.0,9008137000.0,8216.175,3988.1768
TO_STORAGE,127,4,0.0,0.0006530528,0.00022135959,0.00026407195,0.0033659926,0.0010882214,0.0005086756,0.0,0.0005222031
TO_CONSTANT_HEAD,127,4,0.0,0.0,0.0,0.0,0.0,0.0,0.0,0.0,0.0
TO_WELLS,127,4,0.0,4119.5796,0.0,0.0,445.89493,28.567646,0.0,440.7458,290.60635
TO_HEAD_DEP_BOUNDS,127,4,0.0,0.0,1099.3789,0.0,0.0,0.0,0.0,0.0,0.0
TO_RECHARGE,127,4,0.0,0.0,0.0,0.0,0.0,0.0,0.0,0.0,0.0
TO_STREAM_LEAKAGE,127,4,0.0,0.0,0.0,30122.408,1623.7723,6696.405,72290.48,0.0,0.0
TO_STREAM_FLOW_OUT,127,4,0.0,0.0,0.0,0.0,0.0,0.0,0.0,0.0,0.0
TO_ZONE_0,127,4,0.0,0.0,0.0,0.0,0.0,0.0,0.0,0.0,0.0
TO_haweaflat,127,4,0.0,0.0,3015.5625,17888.021,821.00244,0.0,0.0,0.0,0.0
TO_moraine_top,127,4,0.0,1103.0828,0.0,0.0,0.0,0.0,0.0,0.0,0.0
TO_river_zone,127,4,0.0,22898.854,0.0,0.0,167.11377,0.0,3.3315444,70.82376,3697.4756
TO_main_terrace,127,4,0.0,14983.561,0.0,32765.477,0.0,1680.8302,1687.2208,453.276,0.0
TO_sandy_point,127,4,0.0,0.0,0.0,0.0,6507.038,0.0,12.86499,0.0,0.0
TO_clutha,127,4,0.0,0.0,0.0,42.192085,65252.734,44.894012,0.0,7249.89,0.0
TO_sub_terrace,127,4,0.0,0.0,0.0,70.67742,5979.3003,0.0,895.08154,0.0,0.0
TO_mangawera,127,4,0.0,0.0,0.0,0.0,0.0,0.0,0.0,0.0,0.0
TOTAL_OUT,127,4,0.0,43105.08,4114.9414,80888.78,80796.86,8450.697,74888.97,8214.735,3988.0825
IN-OUT,127,4,0.0,173430.44,26466.11,797364350.0,119753990.0,2831708200.0,9008062000.0,1.4394531,0.09423828
PERCENT_DISCREPANCY,127,4,,133.5927,152.56004,199.95944,199.73048,199.99883,199.99667,0.017521283,0.0023629693
FROM_STORAGE,128,4,0.0,1779.6566,2.0068464,169.63841,2557.085,0.0011284017,46.046757,15.576095,1.0295972
FROM_CONSTANT_HEAD,128,4,0.0,0.0,0.0,0.0,0.0,0.0,0.0,0.0,0.0
FROM_WELLS,128,4,0.0,4777.7715,18.260052,1438.9762,8504.589,0.0,0.0,77.06712,1081.1698
FROM_HEAD_DEP_BOUNDS,128,4,0.0,0.0,260.98584,0.0,0.0,0.0,0.0,0.0,0.0
FROM_RECHARGE,128,4,0.0,11435.957,1631.3204,4484.366,15251.537,1894.4105,2240.9023,1178.2632,2905.9722
FROM_STREAM_LEAKAGE,128,4,0.0,3500.0,1100.0,47999.117,3119.7043,36.521347,16.384804,0.0,0.0
FROM_STREAM_FLOW_OUT,128,4,0.0,173263.03,26465.953,797357700.0,119753576.0,2831706400.0,9008058000.0,0.0,0.0
FROM_ZONE_0,128,4,0.0,0.0,0.0,0.0,0.0,0.0,0.0,0.0,0.0
FROM_haweaflat,128,4,0.0,0.0,1102.9624,22868.615,14979.201,0.0,0.0,0.0,0.0
FROM_moraine_top,128,4,0.0,3016.1484,0.0,0.0,0.0,0.0,0.0,0.0,0.0
FROM_river_zone,128,4,0.0,17902.684,0.0,0.0,32775.88,0.0,42.1911,70.710495,0.0
FROM_main_terrace,128,4,0.0,820.5924,0.0,166.54416,0.0,6507.038,65235.05,5977.833,0.0
FROM_sandy_point,128,4,0.0,0.0,0.0,0.0,1680.8301,0.0,44.89401,0.0,0.0
FROM_clutha,128,4,0.0,0.0,0.0,3.331511,1687.0629,12.86499,0.0,894.8228,0.0
FROM_sub_terrace,128,4,0.0,0.0,0.0,70.79005,453.31625,0.0,7248.002,0.0,0.0
FROM_mangawera,128,4,0.0,0.0,0.0,3697.471,0.0,0.0,0.0,0.0,0.0
TOTAL_IN,128,4,0.0,216495.84,30581.49,797438600.0,119834584.0,2831714800.0,9008133000.0,8214.272,3988.1714
TO_STORAGE,128,4,0.0,0.00042254984,0.00021761733,0.00026847905,0.0028804902,0.0010705993,0.00050064,0.0,0.0004977704
TO_CONSTANT_HEAD,128,4,0.0,0.0,0.0,0.0,0.0,0.0,0.0,0.0,0.0
TO_WELLS,128,4,0.0,4119.5796,0.0,0.0,445.89493,28.567646,0.0,440.7458,290.60635
TO_HEAD_DEP_BOUNDS,128,4,0.0,0.0,1099.2349,0.0,0.0,0.0,0.0,0.0,0.0
TO_RECHARGE,128,4,0.0,0.0,0.0,0.0,0.0,0.0,0.0,0.0,0.0
TO_STREAM_LEAKAGE,128,4,0.0,0.0,0.0,30092.168,1623.4071,6696.405,72270.86,0.0,0.0
TO_STREAM_FLOW_OUT,128,4,0.0,0.0,0.0,0.0,0.0,0.0,0.0,0.0,0.0
TO_ZONE_0,128,4,0.0,0.0,0.0,0.0,0.0,0.0,0.0,0.0,0.0
TO_haweaflat,128,4,0.0,0.0,3016.1484,17902.684,820.5924,0.0,0.0,0.0,0.0
TO_moraine_top,128,4,0.0,1102.9624,0.0,0.0,0.0,0.0,0.0,0.0,0.0
TO_river_zone,128,4,0.0,22868.615,0.0,0.0,166.54416,0.0,3.331511,70.79005,3697.471
TO_main_terrace,128,4,0.0,14979.201,0.0,32775.88,0.0,1680.8301,1687.0629,453.31625,0.0
TO_sandy_point,128,4,0.0,0.0,0.0,0.0,6507.038,0.0,12.86499,0.0,0.0
TO_clutha,128,4,0.0,0.0,0.0,42.1911,65235.05,44.89401,0.0,7248.002,0.0
TO_sub_terrace,128,4,0.0,0.0,0.0,70.710495,5977.833,0.0,894.8228,0.0,0.0
TO_mangawera,128,4,0.0,0.0,0.0,0.0,0.0,0.0,0.0,0.0,0.0
TOTAL_OUT,128,4,0.0,43070.36,4115.384,80883.63,80776.37,8450.697,74868.94,8212.854,3988.078
IN-OUT,128,4,0.0,173425.48,26466.105,797357700.0,119753810.0,2831706400.0,9008058000.0,1.4189453,0.09350586
PERCENT_DISCREPANCY,128,4,,133.62717,152.55614,199.95943,199.73056,199.99881,199.99667,0.017275637,0.0023446074
FROM_STORAGE,129,4,0.0,1726.822,1.9343519,163.74625,2528.2712,0.0011444697,45.729343,15.369168,1.0244133
FROM_CONSTANT_HEAD,129,4,0.0,0.0,0.0,0.0,0.0,0.0,0.0,0.0,0.0
FROM_WELLS,129,4,0.0,4777.7715,18.260052,1438.9762,8504.589,0.0,0.0,77.06712,1081.1698
FROM_HEAD_DEP_BOUNDS,129,4,0.0,0.0,261.58594,0.0,0.0,0.0,0.0,0.0,0.0
FROM_RECHARGE,129,4,0.0,11435.957,1631.3204,4484.366,15251.537,1894.4105,2240.9023,1178.2632,2905.9722
FROM_STREAM_LEAKAGE,129,4,0.0,3500.0,1100.0,48029.773,3119.7043,36.521347,16.384804,0.0,0.0
FROM_STREAM_FLOW_OUT,129,4,0.0,173263.03,26465.953,797351200.0,119753464.0,2831705600.0,9008056000.0,0.0,0.0
FROM_ZONE_0,129,4,0.0,0.0,0.0,0.0,0.0,0.0,0.0,0.0,0.0
FROM_haweaflat,129,4,0.0,0.0,1102.848,22839.307,14974.998,0.0,0.0,0.0,0.0
FROM_moraine_top,129,4,0.0,3016.7117,0.0,0.0,0.0,0.0,0.0,0.0,0.0
FROM_river_zone,129,4,0.0,17916.904,0.0,0.0,32786.133,0.0,42.190212,70.74309,0.0
FROM_main_terrace,129,4,0.0,820.18726,0.0,165.98277,0.0,6507.038,65217.582,5976.3887,0.0
FROM_sandy_point,129,4,0.0,0.0,0.0,0.0,1680.8301,0.0,44.894005,0.0,0.0
FROM_clutha,129,4,0.0,0.0,0.0,3.3314779,1686.9105,12.86499,0.0,894.5676,0.0
FROM_sub_terrace,129,4,0.0,0.0,0.0,70.756584,453.35593,0.0,7246.14,0.0,0.0
FROM_mangawera,129,4,0.0,0.0,0.0,3697.4663,0.0,0.0,0.0,0.0,0.0
TOTAL_IN,129,4,0.0,216457.39,30581.902,797432100.0,119834456.0,2831714000.0,9008131000.0,8212.398,3988.1665
TO_STORAGE,129,4,0.0,0.0002412381,0.00021399546,0.0002594141,0.0024662716,0.0010501918,0.00050955836,0.0,0.00061391527
TO_CONSTANT_HEAD,129,4,0.0,0.0,0.0,0.0,0.0,0.0,0.0,0.0,0.0
TO_WELLS,129,4,0.0,4119.5796,0.0,0.0,445.89493,28.567646,0.0,440.7458,290.60635
TO_HEAD_DEP_BOUNDS,129,4,0.0,0.0,1099.0913,0.0,0.0,0.0,0.0,0.0,0.0
TO_RECHARGE,129,4,0.0,0.0,0.0,0.0,0.0,0.0,0.0,0.0,0.0
TO_STREAM_LEAKAGE,129,4,0.0,0.0,0.0,30062.912,1623.0087,6696.405,72251.87,0.0,0.0
TO_STREAM_FLOW_OUT,129,4,0.0,0.0,0.0,0.0,0.0,0.0,0.0,0.0,0.0
TO_ZONE_0,129,4,0.0,0.0,0.0,0.0,0.0,0.0,0.0,0.0,0.0
TO_haweaflat,129,4,0.0,0.0,3016.7117,17916.904,820.18726,0.0,0.0,0.0,0.0
TO_moraine_top,129,4,0.0,1102.848,0.0,0.0,0.0,0.0,0.0,0.0,0.0
TO_river_zone,129,4,0.0,22839.307,0.0,0.0,165.98277,0.0,3.3314779,70.756584,3697.4663
TO_main_terrace,129,4,0.0,14974.998,0.0,32786.133,0.0,1680.8301,1686.9105,453.35593,0.0
TO_sandy_point,129,4,0.0,0.0,0.0,0.0,6507.038,0.0,12.86499,0.0,0.0
TO_clutha,129,4,0.0,0.0,0.0,42.190212,65217.582,44.894005,0.0,7246.14,0.0
TO_sub_terrace,129,4,0.0,0.0,0.0,70.74309,5976.3887,0.0,894.5676,0.0,0.0
TO_mangawera,129,4,0.0,0.0,0.0,0.0,0.0,0.0,0.0,0.0,0.0
TOTAL_OUT,129,4,0.0,43036.734,4115.803,80878.88,80756.086,8450.697,74849.55,8210.998,3988.0732
IN-OUT,129,4,0.0,173420.66,26466.1,797351230.0,119753700.0,2831705600.0,9008056000.0,1.4003906,0.09326172
PERCENT_DISCREPANCY,129,4,,133.66057,152.55244,199.95941,199.7306,199.99881,199.99667,0.017053606,0.0023384884
FROM_STORAGE,130,4,0.0,1531.0309,1.7122644,144.4479,2283.8008,0.0011405138,41.488747,13.8550205,0.9312838
FROM_CONSTANT_HEAD,130,4,0.0,0.0,0.0,0.0,0.0,0.0,0.0,0.0,0.0
FROM_WELLS,130,4,0.0,4777.7715,18.260052,1438.9762,8504.589,0.0,0.0,77.06712,1081.1698
FROM_HEAD_DEP_BOUNDS,130,4,0.0,0.0,262.16797,0.0,0.0,0.0,0.0,0.0,0.0
FROM_RECHARGE,130,4,0.0,11435.957,1631.3204,4484.366,15251.537,1894.4105,2240.9023,1178.2632,2905.9722
FROM_STREAM_LEAKAGE,130,4,0.0,3500.0,1100.0,48059.3,3119.7043,36.521347,16.384804,0.0,0.0
FROM_STREAM_FLOW_OUT,130,4,0.0,173263.03,26465.953,797344450.0,119753330.0,2831705000.0,9008054000.0,0.0,0.0
FROM_ZONE_0,130,4,0.0,0.0,0.0,0.0,0.0,0.0,0.0,0.0,0.0
FROM_haweaflat,130,4,0.0,0.0,1102.7377,22811.287,14971.051,0.0,0.0,0.0,0.0
FROM_moraine_top,130,4,0.0,3017.2454,0.0,0.0,0.0,0.0,0.0,0.0,0.0
FROM_river_zone,130,4,0.0,17930.52,0.0,0.0,32796.1,0.0,42.18929,70.774796,0.0
FROM_main_terrace,130,4,0.0,819.792,0.0,165.4372,0.0,6507.038,65200.55,5974.983,0.0
FROM_sandy_point,130,4,0.0,0.0,0.0,0.0,1680.8301,0.0,44.894005,0.0,0.0
FROM_clutha,130,4,0.0,0.0,0.0,3.3314452,1686.7657,12.86499,0.0,894.31964,0.0
FROM_sub_terrace,130,4,0.0,0.0,0.0,70.724075,453.39426,0.0,7244.329,0.0,0.0
FROM_mangawera,130,4,0.0,0.0,0.0,3697.4614,0.0,0.0,0.0,0.0,0.0
TOTAL_IN,130,4,0.0,216275.36,30582.152,797425340.0,119834080.0,2831713500.0,9008129000.0,8209.263,3988.0732
TO_STORAGE,130,4,0.0,0.00029434043,0.00021994527,0.0002798989,0.0020104581,0.0010457312,0.000506536,0.0,0.00061047095
TO_CONSTANT_HEAD,130,4,0.0,0.0,0.0,0.0,0.0,0.0,0.0,0.0,0.0
TO_WELLS,130,4,0.0,4119.5796,0.0,0.0,445.89493,28.567646,0.0,440.7458,290.60635
TO_HEAD_DEP_BOUNDS,130,4,0.0,0.0,1098.9497,0.0,0.0,0.0,0.0,0.0,0.0
TO_RECHARGE,130,4,0.0,0.0,0.0,0.0,0.0,0.0,0.0,0.0,0.0
TO_STREAM_LEAKAGE,130,4,0.0,0.0,0.0,30034.598,1622.6766,6696.405,72233.1,0.0,0.0
TO_STREAM_FLOW_OUT,130,4,0.0,0.0,0.0,0.0,0.0,0.0,0.0,0.0,0.0
TO_ZONE_0,130,4,0.0,0.0,0.0,0.0,0.0,0.0,0.0,0.0,0.0
TO_haweaflat,130,4,0.0,0.0,3017.2454,17930.52,819.792,0.0,0.0,0.0,0.0
TO_moraine_top,130,4,0.0,1102.7377,0.0,0.0,0.0,0.0,0.0,0.0,0.0
TO_river_zone,130,4,0.0,22811.287,0.0,0.0,165.4372,0.0,3.3314452,70.724075,3697.4614
TO_main_terrace,130,4,0.0,14971.051,0.0,32796.1,0.0,1680.8301,1686.7657,453.39426,0.0
TO_sandy_point,130,4,0.0,0.0,0.0,0.0,6507.038,0.0,12.86499,0.0,0.0
TO_clutha,130,4,0.0,0.0,0.0,42.18929,65200.55,44.894005,0.0,7244.329,0.0
TO_sub_terrace,130,4,0.0,0.0,0.0,70.774796,5974.983,0.0,894.31964,0.0,0.0
TO_mangawera,130,4,0.0,0.0,0.0,0.0,0.0,0.0,0.0,0.0,0.0
TOTAL_OUT,130,4,0.0,43004.656,4116.1953,80874.18,80736.375,8450.697,74830.38,8209.193,3988.0684
IN-OUT,130,4,0.0,173270.7,26465.957,797344450.0,119753340.0,2831705000.0,9008054000.0,0.06933594,0.0048828125
PERCENT_DISCREPANCY,130,4,,133.65527,152.54881,199.95943,199.73068,199.99881,199.99667,0.0008446097,0.00012243545
FROM_STORAGE,131,4,0.0,1626.8187,1.8106297,152.7468,2471.6511,0.0011422638,45.092712,14.964003,1.0140051
FROM_CONSTANT_HEAD,131,4,0.0,0.0,0.0,0.0,0.0,0.0,0.0,0.0,0.0
FROM_WELLS,131,4,0.0,4777.7715,18.260052,1438.9762,8504.589,0.0,0.0,77.06712,1081.1698
FROM_HEAD_DEP_BOUNDS,131,4,0.0,0.0,262.72314,0.0,0.0,0.0,0.0,0.0,0.0
FROM_RECHARGE,131,4,0.0,11435.957,1631.3204,4484.366,15251.537,1894.4105,2240.9023,1178.2632,2905.9722
FROM_STREAM_LEAKAGE,131,4,0.0,3500.0,1100.0,48088.023,3119.7043,36.521347,16.384804,0.0,0.0
FROM_STREAM_FLOW_OUT,131,4,0.0,173263.03,26465.953,797338300.0,119753210.0,2831704000.0,9008052000.0,0.0,0.0
FROM_ZONE_0,131,4,0.0,0.0,0.0,0.0,0.0,0.0,0.0,0.0,0.0
FROM_haweaflat,131,4,0.0,0.0,1102.6312,22783.752,14967.198,0.0,0.0,0.0,0.0
FROM_moraine_top,131,4,0.0,3017.7844,0.0,0.0,0.0,0.0,0.0,0.0,0.0
FROM_river_zone,131,4,0.0,17943.926,0.0,0.0,32806.066,0.0,42.188416,70.80648,0.0
FROM_main_terrace,131,4,0.0,819.3957,0.0,164.89197,0.0,6507.038,65183.48,5973.58,0.0
FROM_sandy_point,131,4,0.0,0.0,0.0,0.0,1680.8301,0.0,44.893997,0.0,0.0
FROM_clutha,131,4,0.0,0.0,0.0,3.331412,1686.6246,12.86499,0.0,894.0716,0.0
FROM_sub_terrace,131,4,0.0,0.0,0.0,70.69165,453.43222,0.0,7242.52,0.0,0.0
FROM_mangawera,131,4,0.0,0.0,0.0,3697.457,0.0,0.0,0.0,0.0,0.0
TOTAL_IN,131,4,0.0,216384.67,30582.697,797419200.0,119834150.0,2831712500.0,9008127000.0,8208.752,3988.156
TO_STORAGE,131,4,0.0,0.0002823789,0.00021474043,0.00027004574,0.0018556933,0.0010392052,0.00050487684,0.0,0.00055906735
TO_CONSTANT_HEAD,131,4,0.0,0.0,0.0,0.0,0.0,0.0,0.0,0.0,0.0
TO_WELLS,131,4,0.0,4119.5796,0.0,0.0,445.89493,28.567646,0.0,440.7458,290.60635
TO_HEAD_DEP_BOUNDS,131,4,0.0,0.0,1098.8237,0.0,0.0,0.0,0.0,0.0,0.0
TO_RECHARGE,131,4,0.0,0.0,0.0,0.0,0.0,0.0,0.0,0.0,0.0
TO_STREAM_LEAKAGE,131,4,0.0,0.0,0.0,30007.125,1622.2783,6696.405,72214.25,0.0,0.0
TO_STREAM_FLOW_OUT,131,4,0.0,0.0,0.0,0.0,0.0,0.0,0.0,0.0,0.0
TO_ZONE_0,131,4,0.0,0.0,0.0,0.0,0.0,0.0,0.0,0.0,0.0
TO_haweaflat,131,4,0.0,0.0,3017.7844,17943.926,819.3957,0.0,0.0,0.0,0.0
TO_moraine_top,131,4,0.0,1102.6312,0.0,0.0,0.0,0.0,0.0,0.0,0.0
TO_river_zone,131,4,0.0,22783.752,0.0,0.0,164.89197,0.0,3.331412,70.69165,3697.457
TO_main_terrace,131,4,0.0,14967.198,0.0,32806.066,0.0,1680.8301,1686.6246,453.43222,0.0
TO_sandy_point,131,4,0.0,0.0,0.0,0.0,6507.038,0.0,12.86499,0.0,0.0
TO_clutha,131,4,0.0,0.0,0.0,42.188416,65183.48,44.893997,0.0,7242.52,0.0
TO_sub_terrace,131,4,0.0,0.0,0.0,70.80648,5973.58,0.0,894.0716,0.0,0.0
TO_mangawera,131,4,0.0,0.0,0.0,0.0,0.0,0.0,0.0,0.0,0.0
TOTAL_OUT,131,4,0.0,42973.16,4116.6084,80870.11,80716.56,8450.697,74811.14,8207.39,3988.064
IN-OUT,131,4,0.0,173411.52,26466.09,797338300.0,119753430.0,2831704000.0,9008052000.0,1.3623047,0.092041016
PERCENT_DISCREPANCY,131,4,,133.72375,152.54536,199.95943,199.73074,199.99881,199.99669,0.016597137,0.0023078856
FROM_STORAGE,132,4,0.0,1578.8257,1.7482547,147.53334,2443.4888,0.001151826,44.769493,14.763202,1.0088996
FROM_CONSTANT_HEAD,132,4,0.0,0.0,0.0,0.0,0.0,0.0,0.0,0.0,0.0
FROM_WELLS,132,4,0.0,4777.7715,18.260052,1438.9762,8504.589,0.0,0.0,77.06712,1081.1698
FROM_HEAD_DEP_BOUNDS,132,4,0.0,0.0,263.26807,0.0,0.0,0.0,0.0,0.0,0.0
FROM_RECHARGE,132,4,0.0,11435.957,1631.3204,4484.366,15251.537,1894.4105,2240.9023,1178.2632,2905.9722
FROM_STREAM_LEAKAGE,132,4,0.0,3500.0,1100.0,48116.344,3119.7043,36.521347,16.384804,0.0,0.0
FROM_STREAM_FLOW_OUT,132,4,0.0,173263.03,26465.953,797332100.0,119753064.0,2831703000.0,9008050000.0,0.0,0.0
FROM_ZONE_0,132,4,0.0,0.0,0.0,0.0,0.0,0.0,0.0,0.0,0.0
FROM_haweaflat,132,4,0.0,0.0,1102.5302,22757.062,14963.508,0.0,0.0,0.0,0.0
FROM_moraine_top,132,4,0.0,3018.297,0.0,0.0,0.0,0.0,0.0,0.0,0.0
FROM_river_zone,132,4,0.0,17956.934,0.0,0.0,32815.89,0.0,42.187485,70.83769,0.0
FROM_main_terrace,132,4,0.0,819.00476,0.0,164.35466,0.0,6507.0376,65166.6,5972.1973,0.0
FROM_sandy_point,132,4,0.0,0.0,0.0,0.0,1680.8301,0.0,44.893993,0.0,0.0
FROM_clutha,132,4,0.0,0.0,0.0,3.3313794,1686.4888,12.864991,0.0,893.8272,0.0
FROM_sub_terrace,132,4,0.0,0.0,0.0,70.65964,453.46957,0.0,7240.7354,0.0,0.0
FROM_mangawera,132,4,0.0,0.0,0.0,3697.452,0.0,0.0,0.0,0.0,0.0
TOTAL_IN,132,4,0.0,216349.83,30583.08,797413060.0,119833980.0,2831711500.0,9008125000.0,8206.956,3988.151
TO_STORAGE,132,4,0.0,0.00018654138,0.00021165592,0.00025617148,0.0015777254,0.0010190951,0.0005029808,0.0,0.0006415476
TO_CONSTANT_HEAD,132,4,0.0,0.0,0.0,0.0,0.0,0.0,0.0,0.0,0.0
TO_WELLS,132,4,0.0,4119.5796,0.0,0.0,445.89493,28.567646,0.0,440.7458,290.60635
TO_HEAD_DEP_BOUNDS,132,4,0.0,0.0,1098.6968,0.0,0.0,0.0,0.0,0.0,0.0
TO_RECHARGE,132,4,0.0,0.0,0.0,0.0,0.0,0.0,0.0,0.0,0.0
TO_STREAM_LEAKAGE,132,4,0.0,0.0,0.0,29980.928,1621.9131,6696.405,72195.69,0.0,0.0
TO_STREAM_FLOW_OUT,132,4,0.0,0.0,0.0,0.0,0.0,0.0,0.0,0.0,0.0
TO_ZONE_0,132,4,0.0,0.0,0.0,0.0,0.0,0.0,0.0,0.0,0.0
TO_haweaflat,132,4,0.0,0.0,3018.297,17956.934,819.00476,0.0,0.0,0.0,0.0
TO_moraine_top,132,4,0.0,1102.5302,0.0,0.0,0.0,0.0,0.0,0.0,0.0
TO_river_zone,132,4,0.0,22757.062,0.0,0.0,164.35466,0.0,3.3313794,70.65964,3697.452
TO_main_terrace,132,4,0.0,14963.508,0.0,32815.89,0.0,1680.8301,1686.4888,453.46957,0.0
TO_sandy_point,132,4,0.0,0.0,0.0,0.0,6507.0376,0.0,12.864991,0.0,0.0
TO_clutha,132,4,0.0,0.0,0.0,42.187485,65166.6,44.893993,0.0,7240.7354,0.0
TO_sub_terrace,132,4,0.0,0.0,0.0,70.83769,5972.1973,0.0,893.8272,0.0,0.0
TO_mangawera,132,4,0.0,0.0,0.0,0.0,0.0,0.0,0.0,0.0,0.0
TOTAL_OUT,132,4,0.0,42942.68,4116.994,80866.77,80697.01,8450.697,74792.2,8205.61,3988.0588
IN-OUT,132,4,0.0,173407.16,26466.086,797332160.0,119753290.0,2831703000.0,9008050000.0,1.3457031,0.092041016
PERCENT_DISCREPANCY,132,4,,133.75409,152.54195,199.95943,199.73082,199.99881,199.99669,0.016398448,0.0023078886
FROM_STORAGE,133,4,0.0,1532.3595,1.6877277,142.51126,2415.559,0.0011795759,44.444798,14.564819,1.0038394
FROM_CONSTANT_HEAD,133,4,0.0,0.0,0.0,0.0,0.0,0.0,0.0,0.0,0.0
FROM_WELLS,133,4,0.0,4777.7715,18.260052,1438.9762,8504.589,0.0,0.0,77.06712,1081.1698
FROM_HEAD_DEP_BOUNDS,133,4,0.0,0.0,263.79492,0.0,0.0,0.0,0.0,0.0,0.0
FROM_RECHARGE,133,4,0.0,11435.957,1631.3204,4484.366,15251.537,1894.4105,2240.9023,1178.2632,2905.9722
FROM_STREAM_LEAKAGE,133,4,0.0,3500.0,1100.0,48144.125,3119.7043,36.521347,16.384804,0.0,0.0
FROM_STREAM_FLOW_OUT,133,4,0.0,173263.03,26465.953,797326140.0,119752940.0,2831702000.0,9008046000.0,0.0,0.0
FROM_ZONE_0,133,4,0.0,0.0,0.0,0.0,0.0,0.0,0.0,0.0,0.0
FROM_haweaflat,133,4,0.0,0.0,1102.4307,22731.209,14959.965,0.0,0.0,0.0,0.0
FROM_moraine_top,133,4,0.0,3018.7925,0.0,0.0,0.0,0.0,0.0,0.0,0.0
FROM_river_zone,133,4,0.0,17969.555,0.0,0.0,32825.58,0.0,42.186584,70.868416,0.0
FROM_main_terrace,133,4,0.0,818.61816,0.0,163.82512,0.0,6507.0376,65149.93,5970.8335,0.0
FROM_sandy_point,133,4,0.0,0.0,0.0,0.0,1680.83,0.0,44.893986,0.0,0.0
FROM_clutha,133,4,0.0,0.0,0.0,3.3313472,1686.3585,12.864991,0.0,893.5862,0.0
FROM_sub_terrace,133,4,0.0,0.0,0.0,70.62811,453.5064,0.0,7238.976,0.0,0.0
FROM_mangawera,133,4,0.0,0.0,0.0,3697.4478,0.0,0.0,0.0,0.0,0.0
TOTAL_IN,133,4,0.0,216316.1,30583.445,797407040.0,119833840.0,2831710500.0,9008121000.0,8205.184,3988.1458
TO_STORAGE,133,4,0.0,0.00039532906,0.00020876592,0.00027079493,0.0013799142,0.0009928101,0.0005122528,0.0,0.0006327539
TO_CONSTANT_HEAD,133,4,0.0,0.0,0.0,0.0,0.0,0.0,0.0,0.0,0.0
TO_WELLS,133,4,0.0,4119.5796,0.0,0.0,445.89493,28.567646,0.0,440.7458,290.60635
TO_HEAD_DEP_BOUNDS,133,4,0.0,0.0,1098.5708,0.0,0.0,0.0,0.0,0.0,0.0
TO_RECHARGE,133,4,0.0,0.0,0.0,0.0,0.0,0.0,0.0,0.0,0.0
TO_STREAM_LEAKAGE,133,4,0.0,0.0,0.0,29955.182,1621.5146,6696.405,72177.43,0.0,0.0
TO_STREAM_FLOW_OUT,133,4,0.0,0.0,0.0,0.0,0.0,0.0,0.0,0.0,0.0
TO_ZONE_0,133,4,0.0,0.0,0.0,0.0,0.0,0.0,0.0,0.0,0.0
TO_haweaflat,133,4,0.0,0.0,3018.7925,17969.555,818.61816,0.0,0.0,0.0,0.0
TO_moraine_top,133,4,0.0,1102.4307,0.0,0.0,0.0,0.0,0.0,0.0,0.0
TO_river_zone,133,4,0.0,22731.209,0.0,0.0,163.82512,0.0,3.3313472,70.62811,3697.4478
TO_main_terrace,133,4,0.0,14959.965,0.0,32825.58,0.0,1680.83,1686.3585,453.5064,0.0
TO_sandy_point,133,4,0.0,0.0,0.0,0.0,6507.0376,0.0,12.864991,0.0,0.0
TO_clutha,133,4,0.0,0.0,0.0,42.186584,65149.93,44.893986,0.0,7238.976,0.0
TO_sub_terrace,133,4,0.0,0.0,0.0,70.868416,5970.8335,0.0,893.5862,0.0,0.0
TO_mangawera,133,4,0.0,0.0,0.0,0.0,0.0,0.0,0.0,0.0,0.0
TOTAL_OUT,133,4,0.0,42913.184,4117.3633,80863.37,80677.66,8450.697,74773.57,8203.856,3988.0547
IN-OUT,133,4,0.0,173402.9,26466.082,797326200.0,119753160.0,2831702000.0,9008046000.0,1.3271484,0.09106445
PERCENT_DISCREPANCY,133,4,,133.78342,152.53871,199.95946,199.73088,199.99881,199.99669,0.016175821,0.0022834043
FROM_STORAGE,134,4,0.0,1487.3683,1.6363717,137.6789,2387.8665,0.0011766808,44.118958,14.368548,0.99857354
FROM_CONSTANT_HEAD,134,4,0.0,0.0,0.0,0.0,0.0,0.0,0.0,0.0,0.0
FROM_WELLS,134,4,0.0,4777.7715,18.260052,1438.9762,8504.589,0.0,0.0,77.06712,1081.1698
FROM_HEAD_DEP_BOUNDS,134,4,0.0,0.0,264.30127,0.0,0.0,0.0,0.0,0.0,0.0
FROM_RECHARGE,134,4,0.0,11435.957,1631.3204,4484.366,15251.537,1894.4105,2240.9023,1178.2632,2905.9722
FROM_STREAM_LEAKAGE,134,4,0.0,3500.0,1100.0,48170.773,3119.7043,36.521347,16.384804,0.0,0.0
FROM_STREAM_FLOW_OUT,134,4,0.0,173263.03,26465.953,797320300.0,119752830.0,2831701200.0,9008045000.0,0.0,0.0
FROM_ZONE_0,134,4,0.0,0.0,0.0,0.0,0.0,0.0,0.0,0.0,0.0
FROM_haweaflat,134,4,0.0,0.0,1102.3335,22706.26,14956.566,0.0,0.0,0.0,0.0
FROM_moraine_top,134,4,0.0,3019.2744,0.0,0.0,0.0,0.0,0.0,0.0,0.0
FROM_river_zone,134,4,0.0,17981.896,0.0,0.0,32835.12,0.0,42.18575,70.89879,0.0
FROM_main_terrace,134,4,0.0,818.23596,0.0,163.30325,0.0,6507.037,65133.445,5969.4897,0.0
FROM_sandy_point,134,4,0.0,0.0,0.0,0.0,1680.8298,0.0,44.89398,0.0,0.0
FROM_clutha,134,4,0.0,0.0,0.0,3.3313162,1686.233,12.864991,0.0,893.3487,0.0
FROM_sub_terrace,134,4,0.0,0.0,0.0,70.59706,453.54248,0.0,7237.242,0.0,0.0
FROM_mangawera,134,4,0.0,0.0,0.0,3697.4429,0.0,0.0,0.0,0.0,0.0
TOTAL_IN,134,4,0.0,216283.53,30583.805,797401200.0,119833710.0,2831709700.0,9008120000.0,8203.437,3988.1406
TO_STORAGE,134,4,0.0,0.0008007785,0.0002133721,0.00026837524,0.0011931824,0.0009949923,0.0005120059,0.0,0.0004808203
TO_CONSTANT_HEAD,134,4,0.0,0.0,0.0,0.0,0.0,0.0,0.0,0.0,0.0
TO_WELLS,134,4,0.0,4119.5796,0.0,0.0,445.89493,28.567646,0.0,440.7458,290.60635
TO_HEAD_DEP_BOUNDS,134,4,0.0,0.0,1098.4541,0.0,0.0,0.0,0.0,0.0,0.0
TO_RECHARGE,134,4,0.0,0.0,0.0,0.0,0.0,0.0,0.0,0.0,0.0
TO_STREAM_LEAKAGE,134,4,0.0,0.0,0.0,29929.979,1621.1162,6696.405,72159.2,0.0,0.0
TO_STREAM_FLOW_OUT,134,4,0.0,0.0,0.0,0.0,0.0,0.0,0.0,0.0,0.0
TO_ZONE_0,134,4,0.0,0.0,0.0,0.0,0.0,0.0,0.0,0.0,0.0
TO_haweaflat,134,4,0.0,0.0,3019.2744,17981.896,818.23596,0.0,0.0,0.0,0.0
TO_moraine_top,134,4,0.0,1102.3335,0.0,0.0,0.0,0.0,0.0,0.0,0.0
TO_river_zone,134,4,0.0,22706.26,0.0,0.0,163.30325,0.0,3.3313162,70.59706,3697.4429
TO_main_terrace,134,4,0.0,14956.566,0.0,32835.12,0.0,1680.8298,1686.233,453.54248,0.0
TO_sandy_point,134,4,0.0,0.0,0.0,0.0,6507.037,0.0,12.864991,0.0,0.0
TO_clutha,134,4,0.0,0.0,0.0,42.18575,65133.445,44.89398,0.0,7237.242,0.0
TO_sub_terrace,134,4,0.0,0.0,0.0,70.89879,5969.4897,0.0,893.3487,0.0,0.0
TO_mangawera,134,4,0.0,0.0,0.0,0.0,0.0,0.0,0.0,0.0,0.0
TOTAL_OUT,134,4,0.0,42884.742,4117.7285,80860.086,80658.52,8450.697,74754.984,8202.128,3988.0498
IN-OUT,134,4,0.0,173398.78,26466.076,797320400.0,119753060.0,2831701200.0,9008045000.0,1.3085938,0.09082031
PERCENT_DISCREPANCY,134,4,,133.81174,152.53549,199.95946,199.73094,199.9988,199.99669,0.015953047,0.0022772856
FROM_STORAGE,135,4,0.0,1443.7365,1.5756615,133.0645,2360.4119,0.0011946685,43.792046,14.174758,0.99359834
FROM_CONSTANT_HEAD,135,4,0.0,0.0,0.0,0.0,0.0,0.0,0.0,0.0,0.0
FROM_WELLS,135,4,0.0,4777.7715,18.260052,1438.9762,8504.589,0.0,0.0,77.06712,1081.1698
FROM_HEAD_DEP_BOUNDS,135,4,0.0,0.0,264.78955,0.0,0.0,0.0,0.0,0.0,0.0
FROM_RECHARGE,135,4,0.0,11435.957,1631.3204,4484.366,15251.537,1894.4105,2240.9023,1178.2632,2905.9722
FROM_STREAM_LEAKAGE,135,4,0.0,3500.0,1100.0,48197.016,3119.7043,36.521347,16.384804,0.0,0.0
FROM_STREAM_FLOW_OUT,135,4,0.0,173263.03,26465.953,797314600.0,119752696.0,2831700000.0,9008042000.0,0.0,0.0
FROM_ZONE_0,135,4,0.0,0.0,0.0,0.0,0.0,0.0,0.0,0.0,0.0
FROM_haweaflat,135,4,0.0,0.0,1102.2424,22682.055,14953.302,0.0,0.0,0.0,0.0
FROM_moraine_top,135,4,0.0,3019.7356,0.0,0.0,0.0,0.0,0.0,0.0,0.0
FROM_river_zone,135,4,0.0,17993.898,0.0,0.0,32844.53,0.0,42.184845,70.92878,0.0
FROM_main_terrace,135,4,0.0,817.8579,0.0,162.78891,0.0,6507.0366,65117.16,5968.1655,0.0
FROM_sandy_point,135,4,0.0,0.0,0.0,0.0,1680.8298,0.0,44.893967,0.0,0.0
FROM_clutha,135,4,0.0,0.0,0.0,3.3312855,1686.1125,12.864992,0.0,893.1145,0.0
FROM_sub_terrace,135,4,0.0,0.0,0.0,70.566185,453.5781,0.0,7235.532,0.0,0.0
FROM_mangawera,135,4,0.0,0.0,0.0,3697.4385,0.0,0.0,0.0,0.0,0.0
TOTAL_IN,135,4,0.0,216251.98,30584.14,797395500.0,119833560.0,2831708400.0,9008117000.0,8201.714,3988.1357
TO_STORAGE,135,4,0.0,0.00030472653,0.00021073478,0.00026146817,0.0010340699,0.000975056,0.0005287288,0.0,0.00055912894
TO_CONSTANT_HEAD,135,4,0.0,0.0,0.0,0.0,0.0,0.0,0.0,0.0,0.0
TO_WELLS,135,4,0.0,4119.5796,0.0,0.0,445.89493,28.567646,0.0,440.7458,290.60635
TO_HEAD_DEP_BOUNDS,135,4,0.0,0.0,1098.3369,0.0,0.0,0.0,0.0,0.0,0.0
TO_RECHARGE,135,4,0.0,0.0,0.0,0.0,0.0,0.0,0.0,0.0,0.0
TO_STREAM_LEAKAGE,135,4,0.0,0.0,0.0,29905.943,1620.751,6696.405,72141.34,0.0,0.0
TO_STREAM_FLOW_OUT,135,4,0.0,0.0,0.0,0.0,0.0,0.0,0.0,0.0,0.0
TO_ZONE_0,135,4,0.0,0.0,0.0,0.0,0.0,0.0,0.0,0.0,0.0
TO_haweaflat,135,4,0.0,0.0,3019.7356,17993.898,817.8579,0.0,0.0,0.0,0.0
TO_moraine_top,135,4,0.0,1102.2424,0.0,0.0,0.0,0.0,0.0,0.0,0.0
TO_river_zone,135,4,0.0,22682.055,0.0,0.0,162.78891,0.0,3.3312855,70.566185,3697.4385
TO_main_terrace,135,4,0.0,14953.302,0.0,32844.53,0.0,1680.8298,1686.1125,453.5781,0.0
TO_sandy_point,135,4,0.0,0.0,0.0,0.0,6507.0366,0.0,12.864992,0.0,0.0
TO_clutha,135,4,0.0,0.0,0.0,42.184845,65117.16,44.893967,0.0,7235.532,0.0
TO_sub_terrace,135,4,0.0,0.0,0.0,70.92878,5968.1655,0.0,893.1145,0.0,0.0
TO_mangawera,135,4,0.0,0.0,0.0,0.0,0.0,0.0,0.0,0.0,0.0
TOTAL_OUT,135,4,0.0,42857.18,4118.0728,80857.49,80639.66,8450.697,74736.766,8200.422,3988.0454
IN-OUT,135,4,0.0,173394.81,26466.068,797314700.0,119752920.0,2831700000.0,9008042000.0,1.2919922,0.09033203
PERCENT_DISCREPANCY,135,4,,133.8392,152.53244,199.95944,199.731,199.9988,199.99667,0.015753949,0.0022650447
FROM_STORAGE,136,4,0.0,1401.4454,1.5269368,128.6271,2333.1895,0.0012167261,43.464207,13.982687,0.9885962
FROM_CONSTANT_HEAD,136,4,0.0,0.0,0.0,0.0,0.0,0.0,0.0,0.0,0.0
FROM_WELLS,136,4,0.0,4777.7715,18.260052,1438.9762,8504.589,0.0,0.0,77.06712,1081.1698
FROM_HEAD_DEP_BOUNDS,136,4,0.0,0.0,265.26465,0.0,0.0,0.0,0.0,0.0,0.0
FROM_RECHARGE,136,4,0.0,11435.957,1631.3204,4484.366,15251.537,1894.4105,2240.9023,1178.2632,2905.9722
FROM_STREAM_LEAKAGE,136,4,0.0,3500.0,1100.0,48222.82,3119.7043,36.521347,16.418007,0.0,0.0
FROM_STREAM_FLOW_OUT,136,4,0.0,173263.03,26465.953,797309200.0,119752584.0,2831699000.0,9008040000.0,0.0,0.0
FROM_ZONE_0,136,4,0.0,0.0,0.0,0.0,0.0,0.0,0.0,0.0,0.0
FROM_haweaflat,136,4,0.0,0.0,1102.1536,22658.582,14950.174,0.0,0.0,0.0,0.0
FROM_moraine_top,136,4,0.0,3020.1865,0.0,0.0,0.0,0.0,0.0,0.0,0.0
FROM_river_zone,136,4,0.0,18005.56,0.0,0.0,32853.812,0.0,42.18401,70.95869,0.0
FROM_main_terrace,136,4,0.0,817.484,0.0,162.28195,0.0,6507.0366,65101.062,5966.86,0.0
FROM_sandy_point,136,4,0.0,0.0,0.0,0.0,1680.8298,0.0,44.893955,0.0,0.0
FROM_clutha,136,4,0.0,0.0,0.0,3.3312552,1685.997,12.864992,0.0,892.88354,0.0
FROM_sub_terrace,136,4,0.0,0.0,0.0,70.53543,453.61334,0.0,7233.847,0.0,0.0
FROM_mangawera,136,4,0.0,0.0,0.0,3697.434,0.0,0.0,0.0,0.0,0.0
TOTAL_IN,136,4,0.0,216221.44,30584.479,797390100.0,119833420.0,2831707400.0,9008115000.0,8200.016,3988.1306
TO_STORAGE,136,4,0.0,0.00031652418,0.00020824175,0.00026198302,0.0008778397,0.00095375825,0.0005380843,0.0,0.0005684461
TO_CONSTANT_HEAD,136,4,0.0,0.0,0.0,0.0,0.0,0.0,0.0,0.0,0.0
TO_WELLS,136,4,0.0,4119.5796,0.0,0.0,445.89493,28.567646,0.0,440.7458,290.60635
TO_HEAD_DEP_BOUNDS,136,4,0.0,0.0,1098.227,0.0,0.0,0.0,0.0,0.0,0.0
TO_RECHARGE,136,4,0.0,0.0,0.0,0.0,0.0,0.0,0.0,0.0,0.0
TO_STREAM_LEAKAGE,136,4,0.0,0.0,0.0,29882.584,1620.3525,6696.405,72123.805,0.0,0.0
TO_STREAM_FLOW_OUT,136,4,0.0,0.0,0.0,0.0,0.0,0.0,0.0,0.0,0.0
TO_ZONE_0,136,4,0.0,0.0,0.0,0.0,0.0,0.0,0.0,0.0,0.0
TO_haweaflat,136,4,0.0,0.0,3020.1865,18005.56,817.484,0.0,0.0,0.0,0.0
TO_moraine_top,136,4,0.0,1102.1536,0.0,0.0,0.0,0.0,0.0,0.0,0.0
TO_river_zone,136,4,0.0,22658.582,0.0,0.0,162.28195,0.0,3.3312552,70.53543,3697.434
TO_main_terrace,136,4,0.0,14950.174,0.0,32853.812,0.0,1680.8298,1685.997,453.61334,0.0
TO_sandy_point,136,4,0.0,0.0,0.0,0.0,6507.0366,0.0,12.864992,0.0,0.0
TO_clutha,136,4,0.0,0.0,0.0,42.18401,65101.062,44.893955,0.0,7233.847,0.0
TO_sub_terrace,136,4,0.0,0.0,0.0,70.95869,5966.86,0.0,892.88354,0.0,0.0
TO_mangawera,136,4,0.0,0.0,0.0,0.0,0.0,0.0,0.0,0.0,0.0
TOTAL_OUT,136,4,0.0,42830.492,4118.414,80855.1,80620.97,8450.696,74718.88,8198.742,3988.041
IN-OUT,136,4,0.0,173390.94,26466.064,797309250.0,119752800.0,2831699000.0,9008040000.0,1.2734375,0.08959961
PERCENT_DISCREPANCY,136,4,,133.86577,152.52945,199.95946,199.73105,199.9988,199.99667,0.015530902,0.002246682
FROM_STORAGE,137,4,0.0,1360.2859,1.4779961,124.34131,2306.2031,0.0012613011,43.135223,13.793528,0.9835749
FROM_CONSTANT_HEAD,137,4,0.0,0.0,0.0,0.0,0.0,0.0,0.0,0.0,0.0
FROM_WELLS,137,4,0.0,4777.7715,18.260052,1438.9762,8504.589,0.0,0.0,77.06712,1081.1698
FROM_HEAD_DEP_BOUNDS,137,4,0.0,0.0,265.729,0.0,0.0,0.0,0.0,0.0,0.0
FROM_RECHARGE,137,4,0.0,11435.957,1631.3204,4484.366,15251.537,1894.4105,2240.9023,1178.2632,2905.9722
FROM_STREAM_LEAKAGE,137,4,0.0,3500.0,1100.0,48247.53,3119.7043,36.521347,16.418007,0.0,0.0
FROM_STREAM_FLOW_OUT,137,4,0.0,173263.03,26465.953,797303940.0,119752480.0,2831698400.0,9008038000.0,0.0,0.0
FROM_ZONE_0,137,4,0.0,0.0,0.0,0.0,0.0,0.0,0.0,0.0,0.0
FROM_haweaflat,137,4,0.0,0.0,1102.0664,22635.85,14947.173,0.0,0.0,0.0,0.0
FROM_moraine_top,137,4,0.0,3020.6223,0.0,0.0,0.0,0.0,0.0,0.0,0.0
FROM_river_zone,137,4,0.0,18016.877,0.0,0.0,32862.957,0.0,42.183205,70.98805,0.0
FROM_main_terrace,137,4,0.0,817.11414,0.0,161.78233,0.0,6507.0356,65085.16,5965.573,0.0
FROM_sandy_point,137,4,0.0,0.0,0.0,0.0,1680.8298,0.0,44.893948,0.0,0.0
FROM_clutha,137,4,0.0,0.0,0.0,3.3312256,1685.8859,12.864993,0.0,892.656,0.0
FROM_sub_terrace,137,4,0.0,0.0,0.0,70.50537,453.64798,0.0,7232.184,0.0,0.0
FROM_mangawera,137,4,0.0,0.0,0.0,3697.429,0.0,0.0,0.0,0.0,0.0
TOTAL_IN,137,4,0.0,216191.66,30584.807,797384800.0,119833300.0,2831707000.0,9008113000.0,8198.341,3988.1255
TO_STORAGE,137,4,0.0,0.00064521626,0.00020583178,0.00025275018,0.0007462111,0.0009164949,0.000504759,0.0,0.0006273591
TO_CONSTANT_HEAD,137,4,0.0,0.0,0.0,0.0,0.0,0.0,0.0,0.0,0.0
TO_WELLS,137,4,0.0,4119.5796,0.0,0.0,445.89493,28.567646,0.0,440.7458,290.60635
TO_HEAD_DEP_BOUNDS,137,4,0.0,0.0,1098.1201,0.0,0.0,0.0,0.0,0.0,0.0
TO_RECHARGE,137,4,0.0,0.0,0.0,0.0,0.0,0.0,0.0,0.0,0.0
TO_STREAM_LEAKAGE,137,4,0.0,0.0,0.0,29859.902,1619.9542,6696.405,72106.24,0.0,0.0
TO_STREAM_FLOW_OUT,137,4,0.0,0.0,0.0,0.0,0.0,0.0,0.0,0.0,0.0
TO_ZONE_0,137,4,0.0,0.0,0.0,0.0,0.0,0.0,0.0,0.0,0.0
TO_haweaflat,137,4,0.0,0.0,3020.6223,18016.877,817.11414,0.0,0.0,0.0,0.0
TO_moraine_top,137,4,0.0,1102.0664,0.0,0.0,0.0,0.0,0.0,0.0,0.0
TO_river_zone,137,4,0.0,22635.85,0.0,0.0,161.78233,0.0,3.3312256,70.50537,3697.429
TO_main_terrace,137,4,0.0,14947.173,0.0,32862.957,0.0,1680.8298,1685.8859,453.64798,0.0
TO_sandy_point,137,4,0.0,0.0,0.0,0.0,6507.0356,0.0,12.864993,0.0,0.0
TO_clutha,137,4,0.0,0.0,0.0,42.183205,65085.16,44.893948,0.0,7232.184,0.0
TO_sub_terrace,137,4,0.0,0.0,0.0,70.98805,5965.573,0.0,892.656,0.0,0.0
TO_mangawera,137,4,0.0,0.0,0.0,0.0,0.0,0.0,0.0,0.0,0.0
TOTAL_OUT,137,4,0.0,42804.668,4118.7427,80852.9,80602.51,8450.696,74700.98,8197.083,3988.036
IN-OUT,137,4,0.0,173386.98,26466.064,797304000.0,119752696.0,2831698400.0,9008038000.0,1.2578125,0.08959961
PERCENT_DISCREPANCY,137,4,,133.89146,152.52655,199.95946,199.73114,199.99881,199.99667,0.015343458,0.002246685
FROM_STORAGE,138,4,0.0,1320.7439,1.4279857,120.24897,2279.487,0.0012814753,42.805508,13.606945,0.9786247
FROM_CONSTANT_HEAD,138,4,0.0,0.0,0.0,0.0,0.0,0.0,0.0,0.0,0.0
FROM_WELLS,138,4,0.0,4777.7715,18.260052,1438.9762,8504.589,0.0,0.0,77.06712,1081.1698
FROM_HEAD_DEP_BOUNDS,138,4,0.0,0.0,266.17725,0.0,0.0,0.0,0.0,0.0,0.0
FROM_RECHARGE,138,4,0.0,11435.957,1631.3204,4484.366,15251.537,1894.4105,2240.9023,1178.2632,2905.9722
FROM_STREAM_LEAKAGE,138,4,0.0,3500.0,1100.0,48271.797,3119.7043,36.521347,16.418007,0.0,0.0
FROM_STREAM_FLOW_OUT,138,4,0.0,173263.03,26465.953,797298940.0,119752380.0,2831698000.0,9008036000.0,0.0,0.0
FROM_ZONE_0,138,4,0.0,0.0,0.0,0.0,0.0,0.0,0.0,0.0,0.0
FROM_haweaflat,138,4,0.0,0.0,1101.9829,22613.77,14944.268,0.0,0.0,0.0,0.0
FROM_moraine_top,138,4,0.0,3021.0405,0.0,0.0,0.0,0.0,0.0,0.0,0.0
FROM_river_zone,138,4,0.0,18027.889,0.0,0.0,32871.973,0.0,42.18233,71.016846,0.0
FROM_main_terrace,138,4,0.0,816.7491,0.0,161.2899,0.0,6507.0356,65069.434,5964.3047,0.0
FROM_sandy_point,138,4,0.0,0.0,0.0,0.0,1680.83,0.0,44.893936,0.0,0.0
FROM_clutha,138,4,0.0,0.0,0.0,3.3311954,1685.7794,12.864993,0.0,892.43164,0.0
FROM_sub_terrace,138,4,0.0,0.0,0.0,70.47594,453.6822,0.0,7230.5464,0.0,0.0
FROM_mangawera,138,4,0.0,0.0,0.0,3697.4246,0.0,0.0,0.0,0.0,0.0
TOTAL_IN,138,4,0.0,216163.19,30585.121,797379840.0,119833176.0,2831706400.0,9008111000.0,8196.69,3988.1206
TO_STORAGE,138,4,0.0,0.00033682046,0.000203557,0.000279716,0.00063230796,0.0009014662,0.0005122582,0.0,0.0006007304
TO_CONSTANT_HEAD,138,4,0.0,0.0,0.0,0.0,0.0,0.0,0.0,0.0,0.0
TO_WELLS,138,4,0.0,4119.5796,0.0,0.0,445.89493,28.567646,0.0,440.7458,290.60635
TO_HEAD_DEP_BOUNDS,138,4,0.0,0.0,1098.0151,0.0,0.0,0.0,0.0,0.0,0.0
TO_RECHARGE,138,4,0.0,0.0,0.0,0.0,0.0,0.0,0.0,0.0,0.0
TO_STREAM_LEAKAGE,138,4,0.0,0.0,0.0,29837.762,1619.589,6696.405,72088.88,0.0,0.0
TO_STREAM_FLOW_OUT,138,4,0.0,0.0,0.0,0.0,0.0,0.0,0.0,0.0,0.0
TO_ZONE_0,138,4,0.0,0.0,0.0,0.0,0.0,0.0,0.0,0.0,0.0
TO_haweaflat,138,4,0.0,0.0,3021.0405,18027.889,816.7491,0.0,0.0,0.0,0.0
TO_moraine_top,138,4,0.0,1101.9829,0.0,0.0,0.0,0.0,0.0,0.0,0.0
TO_river_zone,138,4,0.0,22613.77,0.0,0.0,161.2899,0.0,3.3311954,70.47594,3697.4246
TO_main_terrace,138,4,0.0,14944.268,0.0,32871.973,0.0,1680.83,1685.7794,453.6822,0.0
TO_sandy_point,138,4,0.0,0.0,0.0,0.0,6507.0356,0.0,12.864993,0.0,0.0
TO_clutha,138,4,0.0,0.0,0.0,42.18233,65069.434,44.893936,0.0,7230.5464,0.0
TO_sub_terrace,138,4,0.0,0.0,0.0,71.016846,5964.3047,0.0,892.43164,0.0,0.0
TO_mangawera,138,4,0.0,0.0,0.0,0.0,0.0,0.0,0.0,0.0,0.0
TOTAL_OUT,138,4,0.0,42779.6,4119.0557,80850.82,80584.3,8450.696,74683.29,8195.45,3988.0315
IN-OUT,138,4,0.0,173383.6,26466.066,797299000.0,119752590.0,2831698000.0,9008036000.0,1.2402344,0.08911133
PERCENT_DISCREPANCY,138,4,,133.91653,152.52382,199.95946,199.73119,199.9988,199.99669,0.015132061,0.002234444
FROM_STORAGE,139,4,0.0,1282.196,1.3809084,116.313286,2252.993,0.001307716,42.474865,13.422666,0.9736438
FROM_CONSTANT_HEAD,139,4,0.0,0.0,0.0,0.0,0.0,0.0,0.0,0.0,0.0
FROM_WELLS,139,4,0.0,4777.7715,18.260052,1438.9762,8504.589,0.0,0.0,77.06712,1081.1698
FROM_HEAD_DEP_BOUNDS,139,4,0.0,0.0,266.60645,0.0,0.0,0.0,0.0,0.0,0.0
FROM_RECHARGE,139,4,0.0,11435.957,1631.3204,4484.366,15251.537,1894.4105,2240.9023,1178.2632,2905.9722
FROM_STREAM_LEAKAGE,139,4,0.0,3500.0,1100.0,48295.47,3119.7043,36.521347,16.418007,0.0,0.0
FROM_STREAM_FLOW_OUT,139,4,0.0,173263.03,26465.953,797293900.0,119752264.0,2831696600.0,9008034000.0,0.0,0.0
FROM_ZONE_0,139,4,0.0,0.0,0.0,0.0,0.0,0.0,0.0,0.0,0.0
FROM_haweaflat,139,4,0.0,0.0,1101.9015,22592.342,14941.496,0.0,0.0,0.0,0.0
FROM_moraine_top,139,4,0.0,3021.4512,0.0,0.0,0.0,0.0,0.0,0.0,0.0
FROM_river_zone,139,4,0.0,18038.592,0.0,0.0,32880.863,0.0,42.18151,71.04518,0.0
FROM_main_terrace,139,4,0.0,816.3872,0.0,160.80463,0.0,6507.035,65053.902,5963.0547,0.0
FROM_sandy_point,139,4,0.0,0.0,0.0,0.0,1680.83,0.0,44.893917,0.0,0.0
FROM_clutha,139,4,0.0,0.0,0.0,3.3311663,1685.6774,12.864994,0.0,892.2104,0.0
FROM_sub_terrace,139,4,0.0,0.0,0.0,70.44693,453.71573,0.0,7228.931,0.0,0.0
FROM_mangawera,139,4,0.0,0.0,0.0,3697.42,0.0,0.0,0.0,0.0,0.0
TOTAL_IN,139,4,0.0,216135.39,30585.424,797374800.0,119833040.0,2831705000.0,9008109000.0,8195.0625,3988.1157
TO_STORAGE,139,4,0.0,0.0012251223,0.0002014528,0.00025468235,0.0005345004,0.0008783237,0.0004938808,0.0,0.0005394177
TO_CONSTANT_HEAD,139,4,0.0,0.0,0.0,0.0,0.0,0.0,0.0,0.0,0.0
TO_WELLS,139,4,0.0,4119.5796,0.0,0.0,445.89493,28.567646,0.0,440.7458,290.60635
TO_HEAD_DEP_BOUNDS,139,4,0.0,0.0,1097.916,0.0,0.0,0.0,0.0,0.0,0.0
TO_RECHARGE,139,4,0.0,0.0,0.0,0.0,0.0,0.0,0.0,0.0,0.0
TO_STREAM_LEAKAGE,139,4,0.0,0.0,0.0,29816.254,1619.1573,6696.405,72071.62,0.0,0.0
TO_STREAM_FLOW_OUT,139,4,0.0,0.0,0.0,0.0,0.0,0.0,0.0,0.0,0.0
TO_ZONE_0,139,4,0.0,0.0,0.0,0.0,0.0,0.0,0.0,0.0,0.0
TO_haweaflat,139,4,0.0,0.0,3021.4512,18038.592,816.3872,0.0,0.0,0.0,0.0
TO_moraine_top,139,4,0.0,1101.9015,0.0,0.0,0.0,0.0,0.0,0.0,0.0
TO_river_zone,139,4,0.0,22592.342,0.0,0.0,160.80463,0.0,3.3311663,70.44693,3697.42
TO_main_terrace,139,4,0.0,14941.496,0.0,32880.863,0.0,1680.83,1685.6774,453.71573,0.0
TO_sandy_point,139,4,0.0,0.0,0.0,0.0,6507.035,0.0,12.864994,0.0,0.0
TO_clutha,139,4,0.0,0.0,0.0,42.18151,65053.902,44.893917,0.0,7228.931,0.0
TO_sub_terrace,139,4,0.0,0.0,0.0,71.04518,5963.0547,0.0,892.2104,0.0,0.0
TO_mangawera,139,4,0.0,0.0,0.0,0.0,0.0,0.0,0.0,0.0,0.0
TOTAL_OUT,139,4,0.0,42755.32,4119.367,80848.93,80566.234,8450.696,74665.7,8193.84,3988.0269
IN-OUT,139,4,0.0,173380.06,26466.057,797293950.0,119752470.0,2831696600.0,9008034000.0,1.2226562,0.08886719
PERCENT_DISCREPANCY,139,4,,133.94073,152.52107,199.95946,199.73125,199.9988,199.99669,0.014920538,0.002228325
FROM_STORAGE,140,4,0.0,1244.852,1.3320354,112.517456,2226.725,0.0012367441,42.143475,13.240688,0.9687768
FROM_CONSTANT_HEAD,140,4,0.0,0.0,0.0,0.0,0.0,0.0,0.0,0.0,0.0
FROM_WELLS,140,4,0.0,4777.7715,18.260052,1438.9762,8504.589,0.0,0.0,77.06712,1081.1698
FROM_HEAD_DEP_BOUNDS,140,4,0.0,0.0,267.0254,0.0,0.0,0.0,0.0,0.0,0.0
FROM_RECHARGE,140,4,0.0,11435.957,1631.3204,4484.366,15251.537,1894.4105,2240.9023,1178.2632,2905.9722
FROM_STREAM_LEAKAGE,140,4,0.0,3500.0,1100.0,48318.688,3119.7043,36.521347,16.418007,0.0,0.0
FROM_STREAM_FLOW_OUT,140,4,0.0,173263.03,26465.953,797289150.0,119752184.0,2831696400.0,9008033000.0,0.0,0.0
FROM_ZONE_0,140,4,0.0,0.0,0.0,0.0,0.0,0.0,0.0,0.0,0.0
FROM_haweaflat,140,4,0.0,0.0,1101.8218,22571.562,14938.856,0.0,0.0,0.0,0.0
FROM_moraine_top,140,4,0.0,3021.8435,0.0,0.0,0.0,0.0,0.0,0.0,0.0
FROM_river_zone,140,4,0.0,18048.99,0.0,0.0,32889.625,0.0,42.180702,71.07303,0.0
FROM_main_terrace,140,4,0.0,816.0304,0.0,160.3264,0.0,6507.035,65038.547,5961.823,0.0
FROM_sandy_point,140,4,0.0,0.0,0.0,0.0,1680.8298,0.0,44.893906,0.0,0.0
FROM_clutha,140,4,0.0,0.0,0.0,3.3311372,1685.5795,12.864995,0.0,891.9923,0.0
FROM_sub_terrace,140,4,0.0,0.0,0.0,70.41838,453.74875,0.0,7227.34,0.0,0.0
FROM_mangawera,140,4,0.0,0.0,0.0,3697.4158,0.0,0.0,0.0,0.0,0.0
TOTAL_IN,140,4,0.0,216108.47,30585.713,797370050.0,119832936.0,2831704800.0,9008108000.0,8193.46,3988.1108
TO_STORAGE,140,4,0.0,0.00093812484,0.00020673386,0.00026013283,0.00045157043,0.0009254354,0.0004953882,0.0,0.00055377267
TO_CONSTANT_HEAD,140,4,0.0,0.0,0.0,0.0,0.0,0.0,0.0,0.0,0.0
TO_WELLS,140,4,0.0,4119.5796,0.0,0.0,445.89493,28.567646,0.0,440.7458,290.60635
TO_HEAD_DEP_BOUNDS,140,4,0.0,0.0,1097.8218,0.0,0.0,0.0,0.0,0.0,0.0
TO_RECHARGE,140,4,0.0,0.0,0.0,0.0,0.0,0.0,0.0,0.0,0.0
TO_STREAM_LEAKAGE,140,4,0.0,0.0,0.0,29795.373,1618.7589,6696.405,72054.68,0.0,0.0
TO_STREAM_FLOW_OUT,140,4,0.0,0.0,0.0,0.0,0.0,0.0,0.0,0.0,0.0
TO_ZONE_0,140,4,0.0,0.0,0.0,0.0,0.0,0.0,0.0,0.0,0.0
TO_haweaflat,140,4,0.0,0.0,3021.8435,18048.99,816.0304,0.0,0.0,0.0,0.0
TO_moraine_top,140,4,0.0,1101.8218,0.0,0.0,0.0,0.0,0.0,0.0,0.0
TO_river_zone,140,4,0.0,22571.562,0.0,0.0,160.3264,0.0,3.3311372,70.41838,3697.4158
TO_main_terrace,140,4,0.0,14938.856,0.0,32889.625,0.0,1680.8298,1685.5795,453.74875,0.0
TO_sandy_point,140,4,0.0,0.0,0.0,0.0,6507.035,0.0,12.864995,0.0,0.0
TO_clutha,140,4,0.0,0.0,0.0,42.180702,65038.547,44.893906,0.0,7227.34,0.0
TO_sub_terrace,140,4,0.0,0.0,0.0,71.07303,5961.823,0.0,891.9923,0.0,0.0
TO_mangawera,140,4,0.0,0.0,0.0,0.0,0.0,0.0,0.0,0.0,0.0
TOTAL_OUT,140,4,0.0,42731.82,4119.6655,80847.234,80548.414,8450.696,74648.445,8192.253,3988.0227
IN-OUT,140,4,0.0,173376.66,26466.047,797289200.0,119752380.0,2831696400.0,9008033000.0,1.2070312,0.088134766
PERCENT_DISCREPANCY,140,4,,133.9642,152.51842,199.95944,199.73131,199.99881,199.99667,0.014732728,0.002209962
FROM_STORAGE,141,4,0.0,1208.68,1.292369,108.8556,2200.6924,0.0012465023,41.811207,13.060793,0.9638452
FROM_CONSTANT_HEAD,141,4,0.0,0.0,0.0,0.0,0.0,0.0,0.0,0.0,0.0
FROM_WELLS,141,4,0.0,4777.7715,18.260052,1438.9762,8504.589,0.0,0.0,77.06712,1081.1698
FROM_HEAD_DEP_BOUNDS,141,4,0.0,0.0,267.42432,0.0,0.0,0.0,0.0,0.0,0.0
FROM_RECHARGE,141,4,0.0,11435.957,1631.3204,4484.366,15251.537,1894.4105,2240.9023,1178.2632,2905.9722
FROM_STREAM_LEAKAGE,141,4,0.0,3500.0,1100.0,48341.203,3119.7043,36.521347,16.418007,0.0,0.0
FROM_STREAM_FLOW_OUT,141,4,0.0,173263.03,26465.953,797284600.0,119752080.0,2831695400.0,9008030000.0,0.0,0.0
FROM_ZONE_0,141,4,0.0,0.0,0.0,0.0,0.0,0.0,0.0,0.0,0.0
FROM_haweaflat,141,4,0.0,0.0,1101.7474,22551.42,14936.332,0.0,0.0,0.0,0.0
FROM_moraine_top,141,4,0.0,3022.2295,0.0,0.0,0.0,0.0,0.0,0.0,0.0
FROM_river_zone,141,4,0.0,18059.086,0.0,0.0,32898.258,0.0,42.179916,71.10049,0.0
FROM_main_terrace,141,4,0.0,815.67786,0.0,159.8551,0.0,6507.0347,65023.38,5960.6084,0.0
FROM_sandy_point,141,4,0.0,0.0,0.0,0.0,1680.8297,0.0,44.89389,0.0,0.0
FROM_clutha,141,4,0.0,0.0,0.0,3.3311095,1685.486,12.864996,0.0,891.7773,0.0
FROM_sub_terrace,141,4,0.0,0.0,0.0,70.39016,453.78113,0.0,7225.77,0.0,0.0
FROM_mangawera,141,4,0.0,0.0,0.0,3697.4114,0.0,0.0,0.0,0.0,0.0
TOTAL_IN,141,4,0.0,216082.42,30585.998,797365440.0,119832820.0,2831703800.0,9008103000.0,8191.8774,3988.106
TO_STORAGE,141,4,0.0,0.00064582966,0.00021208005,0.00025887485,0.00039813406,0.0009134416,0.0004864281,0.0,0.00053223036
TO_CONSTANT_HEAD,141,4,0.0,0.0,0.0,0.0,0.0,0.0,0.0,0.0,0.0
TO_WELLS,141,4,0.0,4119.5796,0.0,0.0,445.89493,28.567646,0.0,440.7458,290.60635
TO_HEAD_DEP_BOUNDS,141,4,0.0,0.0,1097.7251,0.0,0.0,0.0,0.0,0.0,0.0
TO_RECHARGE,141,4,0.0,0.0,0.0,0.0,0.0,0.0,0.0,0.0,0.0
TO_STREAM_LEAKAGE,141,4,0.0,0.0,0.0,29775.281,1618.3605,6696.405,72037.914,0.0,0.0
TO_STREAM_FLOW_OUT,141,4,0.0,0.0,0.0,0.0,0.0,0.0,0.0,0.0,0.0
TO_ZONE_0,141,4,0.0,0.0,0.0,0.0,0.0,0.0,0.0,0.0,0.0
TO_haweaflat,141,4,0.0,0.0,3022.2295,18059.086,815.67786,0.0,0.0,0.0,0.0
TO_moraine_top,141,4,0.0,1101.7474,0.0,0.0,0.0,0.0,0.0,0.0,0.0
TO_river_zone,141,4,0.0,22551.42,0.0,0.0,159.8551,0.0,3.3311095,70.39016,3697.4114
TO_main_terrace,141,4,0.0,14936.332,0.0,32898.258,0.0,1680.8297,1685.486,453.78113,0.0
TO_sandy_point,141,4,0.0,0.0,0.0,0.0,6507.0347,0.0,12.864996,0.0,0.0
TO_clutha,141,4,0.0,0.0,0.0,42.179916,65023.38,44.89389,0.0,7225.77,0.0
TO_sub_terrace,141,4,0.0,0.0,0.0,71.10049,5960.6084,0.0,891.7773,0.0,0.0
TO_mangawera,141,4,0.0,0.0,0.0,0.0,0.0,0.0,0.0,0.0,0.0
TOTAL_OUT,141,4,0.0,42709.08,4119.955,80845.91,80530.81,8450.696,74631.37,8190.687,3988.0183
IN-OUT,141,4,0.0,173373.34,26466.043,797284600.0,119752290.0,2831695400.0,9008029000.0,1.1904297,0.087646484
PERCENT_DISCREPANCY,141,4,,133.9869,152.51587,199.95946,199.73137,199.9988,199.99669,0.0145328855,0.0021977213
FROM_STORAGE,142,4,0.0,1173.591,1.2561035,105.33179,2174.9136,0.0013045884,41.47807,12.88278,0.9590079
FROM_CONSTANT_HEAD,142,4,0.0,0.0,0.0,0.0,0.0,0.0,0.0,0.0,0.0
FROM_WELLS,142,4,0.0,4777.7715,18.260052,1438.9762,8504.589,0.0,0.0,77.06712,1081.1698
FROM_HEAD_DEP_BOUNDS,142,4,0.0,0.0,267.8169,0.0,0.0,0.0,0.0,0.0,0.0
FROM_RECHARGE,142,4,0.0,11435.957,1631.3204,4484.366,15251.537,1894.4105,2240.9023,1178.2632,2905.9722
FROM_STREAM_LEAKAGE,142,4,0.0,3500.0,1100.0,48362.992,3119.7043,36.521347,16.418007,0.0,0.0
FROM_STREAM_FLOW_OUT,142,4,0.0,173263.03,26465.953,797279940.0,119751980.0,2831694600.0,9008028000.0,0.0,0.0
FROM_ZONE_0,142,4,0.0,0.0,0.0,0.0,0.0,0.0,0.0,0.0,0.0
FROM_haweaflat,142,4,0.0,0.0,1101.6743,22531.871,14933.902,0.0,0.0,0.0,0.0
FROM_moraine_top,142,4,0.0,3022.6013,0.0,0.0,0.0,0.0,0.0,0.0,0.0
FROM_river_zone,142,4,0.0,18068.898,0.0,0.0,32906.77,0.0,42.17914,71.12752,0.0
FROM_main_terrace,142,4,0.0,815.3292,0.0,159.39064,0.0,6507.0337,65008.39,5959.4116,0.0
FROM_sandy_point,142,4,0.0,0.0,0.0,0.0,1680.8297,0.0,44.893867,0.0,0.0
FROM_clutha,142,4,0.0,0.0,0.0,3.3310814,1685.3964,12.864996,0.0,891.5655,0.0
FROM_sub_terrace,142,4,0.0,0.0,0.0,70.36242,453.81277,0.0,7224.2236,0.0,0.0
FROM_mangawera,142,4,0.0,0.0,0.0,3697.4067,0.0,0.0,0.0,0.0,0.0
TOTAL_IN,142,4,0.0,216057.17,30586.28,797360800.0,119832696.0,2831703000.0,9008101000.0,8190.318,3988.101
TO_STORAGE,142,4,0.0,0.0002741961,0.00021003737,0.00025634654,0.0003576231,0.0008849419,0.0005006005,0.0,0.000634382
TO_CONSTANT_HEAD,142,4,0.0,0.0,0.0,0.0,0.0,0.0,0.0,0.0,0.0
TO_WELLS,142,4,0.0,4119.5796,0.0,0.0,445.89493,28.567646,0.0,440.7458,290.60635
TO_HEAD_DEP_BOUNDS,142,4,0.0,0.0,1097.6362,0.0,0.0,0.0,0.0,0.0,0.0
TO_RECHARGE,142,4,0.0,0.0,0.0,0.0,0.0,0.0,0.0,0.0,0.0
TO_STREAM_LEAKAGE,142,4,0.0,0.0,0.0,29755.613,1617.962,6696.405,72021.414,0.0,0.0
TO_STREAM_FLOW_OUT,142,4,0.0,0.0,0.0,0.0,0.0,0.0,0.0,0.0,0.0
TO_ZONE_0,142,4,0.0,0.0,0.0,0.0,0.0,0.0,0.0,0.0,0.0
TO_haweaflat,142,4,0.0,0.0,3022.6013,18068.898,815.3292,0.0,0.0,0.0,0.0
TO_moraine_top,142,4,0.0,1101.6743,0.0,0.0,0.0,0.0,0.0,0.0,0.0
TO_river_zone,142,4,0.0,22531.871,0.0,0.0,159.39064,0.0,3.3310814,70.36242,3697.4067
TO_main_terrace,142,4,0.0,14933.902,0.0,32906.77,0.0,1680.8297,1685.3964,453.81277,0.0
TO_sandy_point,142,4,0.0,0.0,0.0,0.0,6507.0337,0.0,12.864996,0.0,0.0
TO_clutha,142,4,0.0,0.0,0.0,42.17914,65008.39,44.893867,0.0,7224.2236,0.0
TO_sub_terrace,142,4,0.0,0.0,0.0,71.12752,5959.4116,0.0,891.5655,0.0,0.0
TO_mangawera,142,4,0.0,0.0,0.0,0.0,0.0,0.0,0.0,0.0,0.0
TOTAL_OUT,142,4,0.0,42687.027,4120.238,80844.586,80513.414,8450.696,74614.57,8189.1445,3988.0137
IN-OUT,142,4,0.0,173370.14,26466.041,797279940.0,119752184.0,2831694600.0,9008027000.0,1.1733398,0.087402344
PERCENT_DISCREPANCY,142,4,,134.00891,152.51338,199.95946,199.73143,199.99881,199.99669,0.014326964,0.002191602
FROM_STORAGE,143,4,0.0,1139.5137,1.2163445,101.95409,2149.4043,0.0013395826,41.144466,12.706873,0.95417726
FROM_CONSTANT_HEAD,143,4,0.0,0.0,0.0,0.0,0.0,0.0,0.0,0.0,0.0
FROM_WELLS,143,4,0.0,4777.7715,18.260052,1438.9762,8504.589,0.0,0.0,77.06712,1081.1698
FROM_HEAD_DEP_BOUNDS,143,4,0.0,0.0,268.19824,0.0,0.0,0.0,0.0,0.0,0.0
FROM_RECHARGE,143,4,0.0,11435.957,1631.3204,4484.366,15251.537,1894.4105,2240.9023,1178.2632,2905.9722
FROM_STREAM_LEAKAGE,143,4,0.0,3500.0,1100.0,48384.39,3119.7043,36.521347,16.418007,0.0,0.0
FROM_STREAM_FLOW_OUT,143,4,0.0,173263.03,26465.953,797275300.0,119751890.0,2831693600.0,9008026000.0,0.0,0.0
FROM_ZONE_0,143,4,0.0,0.0,0.0,0.0,0.0,0.0,0.0,0.0,0.0
FROM_haweaflat,143,4,0.0,0.0,1101.6023,22512.887,14931.551,0.0,0.0,0.0,0.0
FROM_moraine_top,143,4,0.0,3022.9612,0.0,0.0,0.0,0.0,0.0,0.0,0.0
FROM_river_zone,143,4,0.0,18078.445,0.0,0.0,32915.164,0.0,42.17832,71.15416,0.0
FROM_main_terrace,143,4,0.0,814.98486,0.0,158.93298,0.0,6507.0327,64993.58,5958.2324,0.0
FROM_sandy_point,143,4,0.0,0.0,0.0,0.0,1680.8297,0.0,44.89385,0.0,0.0
FROM_clutha,143,4,0.0,0.0,0.0,3.331053,1685.311,12.864997,0.0,891.3566,0.0
FROM_sub_terrace,143,4,0.0,0.0,0.0,70.33508,453.84396,0.0,7222.6978,0.0,0.0
FROM_mangawera,143,4,0.0,0.0,0.0,3697.4026,0.0,0.0,0.0,0.0,0.0
TOTAL_IN,143,4,0.0,216032.67,30586.55,797356160.0,119832580.0,2831702000.0,9008099000.0,8188.7803,3988.0962
TO_STORAGE,143,4,0.0,0.0009182313,0.00021538533,0.00025232864,0.00032201695,0.00086877076,0.00046428305,0.0,0.00060533575
TO_CONSTANT_HEAD,143,4,0.0,0.0,0.0,0.0,0.0,0.0,0.0,0.0,0.0
TO_WELLS,143,4,0.0,4119.5796,0.0,0.0,445.89493,28.567646,0.0,440.7458,290.60635
TO_HEAD_DEP_BOUNDS,143,4,0.0,0.0,1097.5474,0.0,0.0,0.0,0.0,0.0,0.0
TO_RECHARGE,143,4,0.0,0.0,0.0,0.0,0.0,0.0,0.0,0.0,0.0
TO_STREAM_LEAKAGE,143,4,0.0,0.0,0.0,29736.475,1617.5305,6696.405,72005.15,0.0,0.0
TO_STREAM_FLOW_OUT,143,4,0.0,0.0,0.0,0.0,0.0,0.0,0.0,0.0,0.0
TO_ZONE_0,143,4,0.0,0.0,0.0,0.0,0.0,0.0,0.0,0.0,0.0
TO_haweaflat,143,4,0.0,0.0,3022.9612,18078.445,814.98486,0.0,0.0,0.0,0.0
TO_moraine_top,143,4,0.0,1101.6023,0.0,0.0,0.0,0.0,0.0,0.0,0.0
TO_river_zone,143,4,0.0,22512.887,0.0,0.0,158.93298,0.0,3.331053,70.33508,3697.4026
TO_main_terrace,143,4,0.0,14931.551,0.0,32915.164,0.0,1680.8297,1685.311,453.84396,0.0
TO_sandy_point,143,4,0.0,0.0,0.0,0.0,6507.0327,0.0,12.864997,0.0,0.0
TO_clutha,143,4,0.0,0.0,0.0,42.17832,64993.58,44.89385,0.0,7222.6978,0.0
TO_sub_terrace,143,4,0.0,0.0,0.0,71.15416,5958.2324,0.0,891.3566,0.0,0.0
TO_mangawera,143,4,0.0,0.0,0.0,0.0,0.0,0.0,0.0,0.0,0.0
TOTAL_OUT,143,4,0.0,42665.62,4120.509,80843.42,80496.19,8450.696,74598.016,8187.6226,3988.0095
IN-OUT,143,4,0.0,173367.05,26466.043,797275300.0,119752080.0,2831693600.0,9008025000.0,1.1577148,0.08666992
PERCENT_DISCREPANCY,143,4,,134.03029,152.511,199.95946,199.73149,199.99881,199.99669,0.014138818,0.0021732391
FROM_STORAGE,144,4,0.0,1106.3511,1.1738799,98.72283,2124.1826,0.0014196562,40.80981,12.533013,0.94942313
FROM_CONSTANT_HEAD,144,4,0.0,0.0,0.0,0.0,0.0,0.0,0.0,0.0,0.0
FROM_WELLS,144,4,0.0,4777.7715,18.260052,1438.9762,8504.589,0.0,0.0,77.06712,1081.1698
FROM_HEAD_DEP_BOUNDS,144,4,0.0,0.0,268.56934,0.0,0.0,0.0,0.0,0.0,0.0
FROM_RECHARGE,144,4,0.0,11435.957,1631.3204,4484.366,15251.537,1894.4105,2240.9023,1178.2632,2905.9722
FROM_STREAM_LEAKAGE,144,4,0.0,3500.0,1100.0,48405.445,3119.7043,36.521347,16.418007,0.0,0.0
FROM_STREAM_FLOW_OUT,144,4,0.0,173263.03,26465.953,797271200.0,119751820.0,2831693600.0,9008026000.0,0.0,0.0
FROM_ZONE_0,144,4,0.0,0.0,0.0,0.0,0.0,0.0,0.0,0.0,0.0
FROM_haweaflat,144,4,0.0,0.0,1101.5332,22494.416,14929.26,0.0,0.0,0.0,0.0
FROM_moraine_top,144,4,0.0,3023.3062,0.0,0.0,0.0,0.0,0.0,0.0,0.0
FROM_river_zone,144,4,0.0,18087.742,0.0,0.0,32923.43,0.0,42.17758,71.18038,0.0
FROM_main_terrace,144,4,0.0,814.6453,0.0,158.48201,0.0,6507.032,64978.953,5957.071,0.0
FROM_sandy_point,144,4,0.0,0.0,0.0,0.0,1680.8297,0.0,44.893826,0.0,0.0
FROM_clutha,144,4,0.0,0.0,0.0,3.3310254,1685.2295,12.864998,0.0,891.15076,0.0
FROM_sub_terrace,144,4,0.0,0.0,0.0,70.30806,453.87448,0.0,7221.195,0.0,0.0
FROM_mangawera,144,4,0.0,0.0,0.0,3697.3982,0.0,0.0,0.0,0.0,0.0
TOTAL_IN,144,4,0.0,216008.8,30586.81,797351940.0,119832500.0,2831702000.0,9008099000.0,8187.265,3988.0913
TO_STORAGE,144,4,0.0,0.00075911195,0.0002134338,0.00027722307,0.00029824732,0.0008256849,0.00046096154,0.0,0.0005689977
TO_CONSTANT_HEAD,144,4,0.0,0.0,0.0,0.0,0.0,0.0,0.0,0.0,0.0
TO_WELLS,144,4,0.0,4119.5796,0.0,0.0,445.89493,28.567646,0.0,440.7458,290.60635
TO_HEAD_DEP_BOUNDS,144,4,0.0,0.0,1097.4673,0.0,0.0,0.0,0.0,0.0,0.0
TO_RECHARGE,144,4,0.0,0.0,0.0,0.0,0.0,0.0,0.0,0.0,0.0
TO_STREAM_LEAKAGE,144,4,0.0,0.0,0.0,29718.191,1617.1321,6696.405,71988.98,0.0,0.0
TO_STREAM_FLOW_OUT,144,4,0.0,0.0,0.0,0.0,0.0,0.0,0.0,0.0,0.0
TO_ZONE_0,144,4,0.0,0.0,0.0,0.0,0.0,0.0,0.0,0.0,0.0
TO_haweaflat,144,4,0.0,0.0,3023.3062,18087.742,814.6453,0.0,0.0,0.0,0.0
TO_moraine_top,144,4,0.0,1101.5332,0.0,0.0,0.0,0.0,0.0,0.0,0.0
TO_river_zone,144,4,0.0,22494.416,0.0,0.0,158.48201,0.0,3.3310254,70.30806,3697.3982
TO_main_terrace,144,4,0.0,14929.26,0.0,32923.43,0.0,1680.8297,1685.2295,453.87448,0.0
TO_sandy_point,144,4,0.0,0.0,0.0,0.0,6507.032,0.0,12.864998,0.0,0.0
TO_clutha,144,4,0.0,0.0,0.0,42.17758,64978.953,44.893826,0.0,7221.195,0.0
TO_sub_terrace,144,4,0.0,0.0,0.0,71.18038,5957.071,0.0,891.15076,0.0,0.0
TO_mangawera,144,4,0.0,0.0,0.0,0.0,0.0,0.0,0.0,0.0,0.0
TOTAL_OUT,144,4,0.0,42644.79,4120.7734,80842.72,80479.21,8450.696,74581.55,8186.123,3988.0051
IN-OUT,144,4,0.0,173364.0,26466.037,797271100.0,119752020.0,2831693600.0,9008025000.0,1.1420898,0.08618164
PERCENT_DISCREPANCY,144,4,,134.0511,152.50867,199.95944,199.73154,199.99881,199.99669,0.013950562,0.0021609978
FROM_STORAGE,145,4,0.0,1074.2461,1.1359463,95.58489,2099.1743,0.0014297522,40.47498,12.361219,0.94457704
FROM_CONSTANT_HEAD,145,4,0.0,0.0,0.0,0.0,0.0,0.0,0.0,0.0,0.0
FROM_WELLS,145,4,0.0,4777.7715,18.260052,1438.9762,8504.589,0.0,0.0,77.06712,1081.1698
FROM_HEAD_DEP_BOUNDS,145,4,0.0,0.0,268.92285,0.0,0.0,0.0,0.0,0.0,0.0
FROM_RECHARGE,145,4,0.0,11435.957,1631.3204,4484.366,15251.537,1894.4105,2240.9023,1178.2632,2905.9722
FROM_STREAM_LEAKAGE,145,4,0.0,3500.0,1100.0,48426.066,3119.7043,36.521347,16.418007,0.0,0.0
FROM_STREAM_FLOW_OUT,145,4,0.0,173263.03,26465.953,797266750.0,119751710.0,2831692800.0,9008024000.0,0.0,0.0
FROM_ZONE_0,145,4,0.0,0.0,0.0,0.0,0.0,0.0,0.0,0.0,0.0
FROM_haweaflat,145,4,0.0,0.0,1101.4673,22476.51,14927.09,0.0,0.0,0.0,0.0
FROM_moraine_top,145,4,0.0,3023.6416,0.0,0.0,0.0,0.0,0.0,0.0,0.0
FROM_river_zone,145,4,0.0,18096.773,0.0,0.0,32931.586,0.0,42.176834,71.20627,0.0
FROM_main_terrace,145,4,0.0,814.30835,0.0,158.03763,0.0,6507.0312,64964.492,5955.926,0.0
FROM_sandy_point,145,4,0.0,0.0,0.0,0.0,1680.8295,0.0,44.893803,0.0,0.0
FROM_clutha,145,4,0.0,0.0,0.0,3.3309987,1685.1516,12.865,0.0,890.9478,0.0
FROM_sub_terrace,145,4,0.0,0.0,0.0,70.28145,453.90454,0.0,7219.7124,0.0,0.0
FROM_mangawera,145,4,0.0,0.0,0.0,3697.3936,0.0,0.0,0.0,0.0,0.0
TOTAL_IN,145,4,0.0,215985.72,30587.059,797347600.0,119832370.0,2831701200.0,9008097000.0,8185.7715,3988.0864
TO_STORAGE,145,4,0.0,0.00067760615,0.00021164316,0.0002688799,0.0002672326,0.0008089483,0.0004469519,0.0,0.0005642454
TO_CONSTANT_HEAD,145,4,0.0,0.0,0.0,0.0,0.0,0.0,0.0,0.0,0.0
TO_WELLS,145,4,0.0,4119.5796,0.0,0.0,445.89493,28.567646,0.0,440.7458,290.60635
TO_HEAD_DEP_BOUNDS,145,4,0.0,0.0,1097.3804,0.0,0.0,0.0,0.0,0.0,0.0
TO_RECHARGE,145,4,0.0,0.0,0.0,0.0,0.0,0.0,0.0,0.0,0.0
TO_STREAM_LEAKAGE,145,4,0.0,0.0,0.0,29700.06,1616.7336,6696.405,71973.08,0.0,0.0
TO_STREAM_FLOW_OUT,145,4,0.0,0.0,0.0,0.0,0.0,0.0,0.0,0.0,0.0
TO_ZONE_0,145,4,0.0,0.0,0.0,0.0,0.0,0.0,0.0,0.0,0.0
TO_haweaflat,145,4,0.0,0.0,3023.6416,18096.773,814.30835,0.0,0.0,0.0,0.0
TO_moraine_top,145,4,0.0,1101.4673,0.0,0.0,0.0,0.0,0.0,0.0,0.0
TO_river_zone,145,4,0.0,22476.51,0.0,0.0,158.03763,0.0,3.3309987,70.28145,3697.3936
TO_main_terrace,145,4,0.0,14927.09,0.0,32931.586,0.0,1680.8295,1685.1516,453.90454,0.0
TO_sandy_point,145,4,0.0,0.0,0.0,0.0,6507.0312,0.0,12.865,0.0,0.0
TO_clutha,145,4,0.0,0.0,0.0,42.176834,64964.492,44.893803,0.0,7219.7124,0.0
TO_sub_terrace,145,4,0.0,0.0,0.0,71.20627,5955.926,0.0,890.9478,0.0,0.0
TO_mangawera,145,4,0.0,0.0,0.0,0.0,0.0,0.0,0.0,0.0,0.0
TOTAL_OUT,145,4,0.0,42624.65,4121.0225,80841.805,80462.42,8450.696,74565.37,8184.644,3988.0005
IN-OUT,145,4,0.0,173361.06,26466.035,797266750.0,119751900.0,2831692800.0,9008023000.0,1.1274414,0.0859375
PERCENT_DISCREPANCY,145,4,,134.07123,152.50647,199.95946,199.7316,199.99881,199.99669,0.013774132,0.0021548788
FROM_STORAGE,146,4,0.0,1043.1741,1.1032364,92.54571,2074.3787,0.0014224944,40.13953,12.191476,0.9399083
FROM_CONSTANT_HEAD,146,4,0.0,0.0,0.0,0.0,0.0,0.0,0.0,0.0,0.0
FROM_WELLS,146,4,0.0,4777.7715,18.260052,1438.9762,8504.589,0.0,0.0,77.06712,1081.1698
FROM_HEAD_DEP_BOUNDS,146,4,0.0,0.0,269.2622,0.0,0.0,0.0,0.0,0.0,0.0
FROM_RECHARGE,146,4,0.0,11435.957,1631.3204,4484.366,15251.537,1894.4105,2240.9023,1178.2632,2905.9722
FROM_STREAM_LEAKAGE,146,4,0.0,3500.0,1100.0,48446.055,3119.7043,36.521347,16.418007,0.0,0.0
FROM_STREAM_FLOW_OUT,146,4,0.0,173263.03,26465.953,797262660.0,119751610.0,2831691300.0,9008019000.0,0.0,0.0
FROM_ZONE_0,146,4,0.0,0.0,0.0,0.0,0.0,0.0,0.0,0.0,0.0
FROM_haweaflat,146,4,0.0,0.0,1101.4033,22459.154,14925.04,0.0,0.0,0.0,0.0
FROM_moraine_top,146,4,0.0,3023.9712,0.0,0.0,0.0,0.0,0.0,0.0,0.0
FROM_river_zone,146,4,0.0,18105.545,0.0,0.0,32939.617,0.0,42.176098,71.23174,0.0
FROM_main_terrace,146,4,0.0,813.97424,0.0,157.59966,0.0,6507.031,64950.21,5954.797,0.0
FROM_sandy_point,146,4,0.0,0.0,0.0,0.0,1680.8295,0.0,44.89378,0.0,0.0
FROM_clutha,146,4,0.0,0.0,0.0,3.3309722,1685.0776,12.865001,0.0,890.74774,0.0
FROM_sub_terrace,146,4,0.0,0.0,0.0,70.255226,453.93417,0.0,7218.252,0.0,0.0
FROM_mangawera,146,4,0.0,0.0,0.0,3697.3896,0.0,0.0,0.0,0.0,0.0
TOTAL_IN,146,4,0.0,215963.42,30587.3,797343500.0,119832250.0,2831699700.0,9008093000.0,8184.298,3988.082
TO_STORAGE,146,4,0.0,0.00092899584,0.00020992894,0.00027285176,0.00025272928,0.0008618588,0.00044175313,0.0,0.000629868
TO_CONSTANT_HEAD,146,4,0.0,0.0,0.0,0.0,0.0,0.0,0.0,0.0,0.0
TO_WELLS,146,4,0.0,4119.5796,0.0,0.0,445.89493,28.567646,0.0,440.7458,290.60635
TO_HEAD_DEP_BOUNDS,146,4,0.0,0.0,1097.3003,0.0,0.0,0.0,0.0,0.0,0.0
TO_RECHARGE,146,4,0.0,0.0,0.0,0.0,0.0,0.0,0.0,0.0,0.0
TO_STREAM_LEAKAGE,146,4,0.0,0.0,0.0,29682.432,1616.302,6696.405,71957.44,0.0,0.0
TO_STREAM_FLOW_OUT,146,4,0.0,0.0,0.0,0.0,0.0,0.0,0.0,0.0,0.0
TO_ZONE_0,146,4,0.0,0.0,0.0,0.0,0.0,0.0,0.0,0.0,0.0
TO_haweaflat,146,4,0.0,0.0,3023.9712,18105.545,813.97424,0.0,0.0,0.0,0.0
TO_moraine_top,146,4,0.0,1101.4033,0.0,0.0,0.0,0.0,0.0,0.0,0.0
TO_river_zone,146,4,0.0,22459.154,0.0,0.0,157.59966,0.0,3.3309722,70.255226,3697.3896
TO_main_terrace,146,4,0.0,14925.04,0.0,32939.617,0.0,1680.8295,1685.0776,453.93417,0.0
TO_sandy_point,146,4,0.0,0.0,0.0,0.0,6507.031,0.0,12.865001,0.0,0.0
TO_clutha,146,4,0.0,0.0,0.0,42.176098,64950.21,44.89378,0.0,7218.252,0.0
TO_sub_terrace,146,4,0.0,0.0,0.0,71.23174,5954.797,0.0,890.74774,0.0,0.0
TO_mangawera,146,4,0.0,0.0,0.0,0.0,0.0,0.0,0.0,0.0,0.0
TOTAL_OUT,146,4,0.0,42605.18,4121.2715,80841.01,80445.81,8450.696,74549.46,8183.187,3987.9966
IN-OUT,146,4,0.0,173358.25,26466.03,797262660.0,119751800.0,2831691300.0,9008018000.0,1.1108398,0.08544922
PERCENT_DISCREPANCY,146,4,,134.09071,152.50429,199.95946,199.73164,199.99881,199.99667,0.01357374,0.0021426373
FROM_STORAGE,147,4,0.0,1013.09485,1.069756,89.605255,2049.7996,0.0015127871,39.80391,12.023705,0.9352072
FROM_CONSTANT_HEAD,147,4,0.0,0.0,0.0,0.0,0.0,0.0,0.0,0.0,0.0
FROM_WELLS,147,4,0.0,4777.7715,18.260052,1438.9762,8504.589,0.0,0.0,77.06712,1081.1698
FROM_HEAD_DEP_BOUNDS,147,4,0.0,0.0,269.59814,0.0,0.0,0.0,0.0,0.0,0.0
FROM_RECHARGE,147,4,0.0,11435.957,1631.3204,4484.366,15251.537,1894.4105,2240.9023,1178.2632,2905.9722
FROM_STREAM_LEAKAGE,147,4,0.0,3500.0,1100.0,48465.36,3119.7043,36.521347,16.418007,0.0,0.0
FROM_STREAM_FLOW_OUT,147,4,0.0,173263.03,26465.953,797258430.0,119751490.0,2831689700.0,9008017000.0,0.0,0.0
FROM_ZONE_0,147,4,0.0,0.0,0.0,0.0,0.0,0.0,0.0,0.0,0.0
FROM_haweaflat,147,4,0.0,0.0,1101.3411,22442.332,14923.102,0.0,0.0,0.0,0.0
FROM_moraine_top,147,4,0.0,3024.29,0.0,0.0,0.0,0.0,0.0,0.0,0.0
FROM_river_zone,147,4,0.0,18114.064,0.0,0.0,32947.54,0.0,42.17537,71.25684,0.0
FROM_main_terrace,147,4,0.0,813.64294,0.0,157.16812,0.0,6507.03,64936.1,5953.684,0.0
FROM_sandy_point,147,4,0.0,0.0,0.0,0.0,1680.8295,0.0,44.89375,0.0,0.0
FROM_clutha,147,4,0.0,0.0,0.0,3.330946,1685.0073,12.865002,0.0,890.5506,0.0
FROM_sub_terrace,147,4,0.0,0.0,0.0,70.229385,453.96313,0.0,7216.812,0.0,0.0
FROM_mangawera,147,4,0.0,0.0,0.0,3697.385,0.0,0.0,0.0,0.0,0.0
TOTAL_IN,147,4,0.0,215941.86,30587.543,797339260.0,119832104.0,2831698200.0,9008091000.0,8182.8457,3988.0771
TO_STORAGE,147,4,0.0,0.0011738099,0.00020832087,0.00028070027,0.0002409211,0.000831313,0.00044255474,0.0,0.0006266776
TO_CONSTANT_HEAD,147,4,0.0,0.0,0.0,0.0,0.0,0.0,0.0,0.0,0.0
TO_WELLS,147,4,0.0,4119.5796,0.0,0.0,445.89493,28.567646,0.0,440.7458,290.60635
TO_HEAD_DEP_BOUNDS,147,4,0.0,0.0,1097.2207,0.0,0.0,0.0,0.0,0.0,0.0
TO_RECHARGE,147,4,0.0,0.0,0.0,0.0,0.0,0.0,0.0,0.0,0.0
TO_STREAM_LEAKAGE,147,4,0.0,0.0,0.0,29665.492,1615.8704,6696.405,71941.8,0.0,0.0
TO_STREAM_FLOW_OUT,147,4,0.0,0.0,0.0,0.0,0.0,0.0,0.0,0.0,0.0
TO_ZONE_0,147,4,0.0,0.0,0.0,0.0,0.0,0.0,0.0,0.0,0.0
TO_haweaflat,147,4,0.0,0.0,3024.29,18114.064,813.64294,0.0,0.0,0.0,0.0
TO_moraine_top,147,4,0.0,1101.3411,0.0,0.0,0.0,0.0,0.0,0.0,0.0
TO_river_zone,147,4,0.0,22442.332,0.0,0.0,157.16812,0.0,3.330946,70.229385,3697.385
TO_main_terrace,147,4,0.0,14923.102,0.0,32947.54,0.0,1680.8295,1685.0073,453.96313,0.0
TO_sandy_point,147,4,0.0,0.0,0.0,0.0,6507.03,0.0,12.865002,0.0,0.0
TO_clutha,147,4,0.0,0.0,0.0,42.17537,64936.1,44.89375,0.0,7216.812,0.0
TO_sub_terrace,147,4,0.0,0.0,0.0,71.25684,5953.684,0.0,890.5506,0.0,0.0
TO_mangawera,147,4,0.0,0.0,0.0,0.0,0.0,0.0,0.0,0.0,0.0
TOTAL_OUT,147,4,0.0,42586.355,4121.5107,80840.52,80429.4,8450.696,74533.55,8181.7505,3987.992
IN-OUT,147,4,0.0,173355.5,26466.031,797258430.0,119751670.0,2831689700.0,9008016000.0,1.0952148,0.08520508
PERCENT_DISCREPANCY,147,4,,134.10954,152.50217,199.95946,199.73169,199.9988,199.99667,0.013385175,0.002136518
FROM_STORAGE,148,4,0.0,983.966,1.0374076,86.76975,2025.4423,0.0015656485,39.467896,11.858126,0.9304538
FROM_CONSTANT_HEAD,148,4,0.0,0.0,0.0,0.0,0.0,0.0,0.0,0.0,0.0
FROM_WELLS,148,4,0.0,4777.7715,18.260052,1438.9762,8504.589,0.0,0.0,77.06712,1081.1698
FROM_HEAD_DEP_BOUNDS,148,4,0.0,0.0,269.9209,0.0,0.0,0.0,0.0,0.0,0.0
FROM_RECHARGE,148,4,0.0,11435.957,1631.3204,4484.366,15251.537,1894.4105,2240.9023,1178.2632,2905.9722
FROM_STREAM_LEAKAGE,148,4,0.0,3500.0,1100.0,48484.508,3119.7043,36.521347,16.418007,0.0,0.0
FROM_STREAM_FLOW_OUT,148,4,0.0,173263.03,26465.953,797254900.0,119751416.0,2831689200.0,9008015000.0,0.0,0.0
FROM_ZONE_0,148,4,0.0,0.0,0.0,0.0,0.0,0.0,0.0,0.0,0.0
FROM_haweaflat,148,4,0.0,0.0,1101.2803,22426.016,14921.266,0.0,0.0,0.0,0.0
FROM_moraine_top,148,4,0.0,3024.597,0.0,0.0,0.0,0.0,0.0,0.0,0.0
FROM_river_zone,148,4,0.0,18122.342,0.0,0.0,32955.344,0.0,42.17461,71.28153,0.0
FROM_main_terrace,148,4,0.0,813.3147,0.0,156.74287,0.0,6507.0283,64922.16,5952.5884,0.0
FROM_sandy_point,148,4,0.0,0.0,0.0,0.0,1680.8295,0.0,44.89372,0.0,0.0
FROM_clutha,148,4,0.0,0.0,0.0,3.330922,1684.9403,12.865004,0.0,890.3563,0.0
FROM_sub_terrace,148,4,0.0,0.0,0.0,70.203926,453.99167,0.0,7215.393,0.0,0.0
FROM_mangawera,148,4,0.0,0.0,0.0,3697.3809,0.0,0.0,0.0,0.0,0.0
TOTAL_IN,148,4,0.0,215920.97,30587.773,797335700.0,119832020.0,2831697700.0,9008089000.0,8181.415,3988.0723
TO_STORAGE,148,4,0.0,0.0010382222,0.0002067803,0.00028556684,0.00023544386,0.0008174864,0.0004498352,0.0,0.0006158414
TO_CONSTANT_HEAD,148,4,0.0,0.0,0.0,0.0,0.0,0.0,0.0,0.0,0.0
TO_WELLS,148,4,0.0,4119.5796,0.0,0.0,445.89493,28.567646,0.0,440.7458,290.60635
TO_HEAD_DEP_BOUNDS,148,4,0.0,0.0,1097.146,0.0,0.0,0.0,0.0,0.0,0.0
TO_RECHARGE,148,4,0.0,0.0,0.0,0.0,0.0,0.0,0.0,0.0,0.0
TO_STREAM_LEAKAGE,148,4,0.0,0.0,0.0,29649.05,1615.472,6696.405,71926.266,0.0,0.0
TO_STREAM_FLOW_OUT,148,4,0.0,0.0,0.0,0.0,0.0,0.0,0.0,0.0,0.0
TO_ZONE_0,148,4,0.0,0.0,0.0,0.0,0.0,0.0,0.0,0.0,0.0
TO_haweaflat,148,4,0.0,0.0,3024.597,18122.342,813.3147,0.0,0.0,0.0,0.0
TO_moraine_top,148,4,0.0,1101.2803,0.0,0.0,0.0,0.0,0.0,0.0,0.0
TO_river_zone,148,4,0.0,22426.016,0.0,0.0,156.74287,0.0,3.330922,70.203926,3697.3809
TO_main_terrace,148,4,0.0,14921.266,0.0,32955.344,0.0,1680.8295,1684.9403,453.99167,0.0
TO_sandy_point,148,4,0.0,0.0,0.0,0.0,6507.0283,0.0,12.865004,0.0,0.0
TO_clutha,148,4,0.0,0.0,0.0,42.17461,64922.16,44.89372,0.0,7215.393,0.0
TO_sub_terrace,148,4,0.0,0.0,0.0,71.28153,5952.5884,0.0,890.3563,0.0,0.0
TO_mangawera,148,4,0.0,0.0,0.0,0.0,0.0,0.0,0.0,0.0,0.0
TOTAL_OUT,148,4,0.0,42568.14,4121.743,80840.19,80413.195,8450.696,74517.76,8180.3345,3987.9878
IN-OUT,148,4,0.0,173352.83,26466.031,797254850.0,119751600.0,2831689200.0,9008014000.0,1.0805664,0.084472656
PERCENT_DISCREPANCY,148,4,,134.12776,152.50014,199.95946,199.73175,199.99881,199.99667,0.013208445,0.002118155
FROM_STORAGE,149,4,0.0,955.74744,1.0044596,84.03235,2001.3092,0.0015599299,39.131947,11.69429,0.9257114
FROM_CONSTANT_HEAD,149,4,0.0,0.0,0.0,0.0,0.0,0.0,0.0,0.0,0.0
FROM_WELLS,149,4,0.0,4777.7715,18.260052,1438.9762,8504.589,0.0,0.0,77.06712,1081.1698
FROM_HEAD_DEP_BOUNDS,149,4,0.0,0.0,270.2329,0.0,0.0,0.0,0.0,0.0,0.0
FROM_RECHARGE,149,4,0.0,11435.957,1631.3204,4484.366,15251.537,1894.4105,2240.9023,1178.2632,2905.9722
FROM_STREAM_LEAKAGE,149,4,0.0,3500.0,1100.0,48502.96,3119.7043,36.521347,16.418007,0.0,0.0
FROM_STREAM_FLOW_OUT,149,4,0.0,173263.03,26465.953,797251260.0,119751336.0,2831688400.0,9008014000.0,0.0,0.0
FROM_ZONE_0,149,4,0.0,0.0,0.0,0.0,0.0,0.0,0.0,0.0,0.0
FROM_haweaflat,149,4,0.0,0.0,1101.2223,22410.188,14919.526,0.0,0.0,0.0,0.0
FROM_moraine_top,149,4,0.0,3024.896,0.0,0.0,0.0,0.0,0.0,0.0,0.0
FROM_river_zone,149,4,0.0,18130.389,0.0,0.0,32963.035,0.0,42.173935,71.305954,0.0
FROM_main_terrace,149,4,0.0,812.98956,0.0,156.32384,0.0,6507.0273,64908.383,5951.508,0.0
FROM_sandy_point,149,4,0.0,0.0,0.0,0.0,1680.8293,0.0,44.89369,0.0,0.0
FROM_clutha,149,4,0.0,0.0,0.0,3.3308964,1684.877,12.865005,0.0,890.16486,0.0
FROM_sub_terrace,149,4,0.0,0.0,0.0,70.17879,454.01962,0.0,7213.993,0.0,0.0
FROM_mangawera,149,4,0.0,0.0,0.0,3697.3767,0.0,0.0,0.0,0.0,0.0
TOTAL_IN,149,4,0.0,215900.77,30587.994,797332100.0,119831920.0,2831697000.0,9008088000.0,8180.0034,3988.0676
TO_STORAGE,149,4,0.0,0.00040996278,0.00020535658,0.00030630245,0.00026713687,0.00082895294,0.0004334437,0.0,0.0005544366
TO_CONSTANT_HEAD,149,4,0.0,0.0,0.0,0.0,0.0,0.0,0.0,0.0,0.0
TO_WELLS,149,4,0.0,4119.5796,0.0,0.0,445.89493,28.567646,0.0,440.7458,290.60635
TO_HEAD_DEP_BOUNDS,149,4,0.0,0.0,1097.0767,0.0,0.0,0.0,0.0,0.0,0.0
TO_RECHARGE,149,4,0.0,0.0,0.0,0.0,0.0,0.0,0.0,0.0,0.0
TO_STREAM_LEAKAGE,149,4,0.0,0.0,0.0,29632.91,1615.0404,6696.405,71911.19,0.0,0.0
TO_STREAM_FLOW_OUT,149,4,0.0,0.0,0.0,0.0,0.0,0.0,0.0,0.0,0.0
TO_ZONE_0,149,4,0.0,0.0,0.0,0.0,0.0,0.0,0.0,0.0,0.0
TO_haweaflat,149,4,0.0,0.0,3024.896,18130.389,812.98956,0.0,0.0,0.0,0.0
TO_moraine_top,149,4,0.0,1101.2223,0.0,0.0,0.0,0.0,0.0,0.0,0.0
TO_river_zone,149,4,0.0,22410.188,0.0,0.0,156.32384,0.0,3.3308964,70.17879,3697.3767
TO_main_terrace,149,4,0.0,14919.526,0.0,32963.035,0.0,1680.8293,1684.877,454.01962,0.0
TO_sandy_point,149,4,0.0,0.0,0.0,0.0,6507.0273,0.0,12.865005,0.0,0.0
TO_clutha,149,4,0.0,0.0,0.0,42.173935,64908.383,44.89369,0.0,7213.993,0.0
TO_sub_terrace,149,4,0.0,0.0,0.0,71.305954,5951.508,0.0,890.16486,0.0,0.0
TO_mangawera,149,4,0.0,0.0,0.0,0.0,0.0,0.0,0.0,0.0,0.0
TOTAL_OUT,149,4,0.0,42550.516,4121.9727,80839.805,80397.164,8450.696,74502.42,8178.9375,3987.9836
IN-OUT,149,4,0.0,173350.25,26466.021,797251260.0,119751520.0,2831688400.0,9008013000.0,1.065918,0.083984375
PERCENT_DISCREPANCY,149,4,,134.14539,152.49811,199.95946,199.7318,199.9988,199.99669,0.013031625,0.0021059136
FROM_STORAGE,150,4,0.0,928.36475,0.97876495,81.401146,1977.428,0.0015814048,38.79581,11.532587,0.9212265
FROM_CONSTANT_HEAD,150,4,0.0,0.0,0.0,0.0,0.0,0.0,0.0,0.0,0.0
FROM_WELLS,150,4,0.0,4777.7715,18.260052,1438.9762,8504.589,0.0,0.0,77.06712,1081.1698
FROM_HEAD_DEP_BOUNDS,150,4,0.0,0.0,270.53516,0.0,0.0,0.0,0.0,0.0,0.0
FROM_RECHARGE,150,4,0.0,11435.957,1631.3204,4484.366,15251.537,1894.4105,2240.9023,1178.2632,2905.9722
FROM_STREAM_LEAKAGE,150,4,0.0,3500.0,1100.0,48521.125,3119.7043,36.521347,16.418007,0.0,0.0
FROM_STREAM_FLOW_OUT,150,4,0.0,173263.03,26465.953,797247600.0,119751250.0,2831687400.0,9008011000.0,0.0,0.0
FROM_ZONE_0,150,4,0.0,0.0,0.0,0.0,0.0,0.0,0.0,0.0,0.0
FROM_haweaflat,150,4,0.0,0.0,1101.165,22394.82,14917.862,0.0,0.0,0.0,0.0
FROM_moraine_top,150,4,0.0,3025.186,0.0,0.0,0.0,0.0,0.0,0.0,0.0
FROM_river_zone,150,4,0.0,18138.213,0.0,0.0,32970.617,0.0,42.173233,71.33,0.0
FROM_main_terrace,150,4,0.0,812.6686,0.0,155.911,0.0,6507.0264,64894.78,5950.443,0.0
FROM_sandy_point,150,4,0.0,0.0,0.0,0.0,1680.8292,0.0,44.893654,0.0,0.0
FROM_clutha,150,4,0.0,0.0,0.0,3.3308709,1684.8167,12.865007,0.0,889.97595,0.0
FROM_sub_terrace,150,4,0.0,0.0,0.0,70.1541,454.04715,0.0,7212.615,0.0,0.0
FROM_mangawera,150,4,0.0,0.0,0.0,3697.3726,0.0,0.0,0.0,0.0,0.0
TOTAL_IN,150,4,0.0,215881.2,30588.21,797328450.0,119831816.0,2831696000.0,9008085000.0,8178.612,3988.0632
TO_STORAGE,150,4,0.0,0.0010883445,0.00020402677,0.00030018613,0.00023062268,0.00081845326,0.0004361351,0.0,0.0007268365
TO_CONSTANT_HEAD,150,4,0.0,0.0,0.0,0.0,0.0,0.0,0.0,0.0,0.0
TO_WELLS,150,4,0.0,4119.5796,0.0,0.0,445.89493,28.567646,0.0,440.7458,290.60635
TO_HEAD_DEP_BOUNDS,150,4,0.0,0.0,1097.0078,0.0,0.0,0.0,0.0,0.0,0.0
TO_RECHARGE,150,4,0.0,0.0,0.0,0.0,0.0,0.0,0.0,0.0,0.0
TO_STREAM_LEAKAGE,150,4,0.0,0.0,0.0,29617.596,1614.642,6696.405,71896.08,0.0,0.0
TO_STREAM_FLOW_OUT,150,4,0.0,0.0,0.0,0.0,0.0,0.0,0.0,0.0,0.0
TO_ZONE_0,150,4,0.0,0.0,0.0,0.0,0.0,0.0,0.0,0.0,0.0
TO_haweaflat,150,4,0.0,0.0,3025.186,18138.213,812.6686,0.0,0.0,0.0,0.0
TO_moraine_top,150,4,0.0,1101.165,0.0,0.0,0.0,0.0,0.0,0.0,0.0
TO_river_zone,150,4,0.0,22394.82,0.0,0.0,155.911,0.0,3.3308709,70.1541,3697.3726
TO_main_terrace,150,4,0.0,14917.862,0.0,32970.617,0.0,1680.8292,1684.8167,454.04715,0.0
TO_sandy_point,150,4,0.0,0.0,0.0,0.0,6507.0264,0.0,12.865007,0.0,0.0
TO_clutha,150,4,0.0,0.0,0.0,42.173233,64894.78,44.893654,0.0,7212.615,0.0
TO_sub_terrace,150,4,0.0,0.0,0.0,71.33,5950.443,0.0,889.97595,0.0,0.0
TO_mangawera,150,4,0.0,0.0,0.0,0.0,0.0,0.0,0.0,0.0,0.0
TOTAL_OUT,150,4,0.0,42533.43,4122.1943,80839.92,80381.37,8450.696,74487.07,8177.5625,3987.9797
IN-OUT,150,4,0.0,173347.78,26466.016,797247600.0,119751430.0,2831687400.0,9008010000.0,1.0493164,0.083496094
PERCENT_DISCREPANCY,150,4,,134.16252,152.49614,199.95946,199.73186,199.9988,199.99669,0.01283083,0.002093672
FROM_STORAGE,151,4,0.0,901.8045,0.94836754,78.861855,1953.7869,0.0015338085,38.459522,11.372873,0.91642624
FROM_CONSTANT_HEAD,151,4,0.0,0.0,0.0,0.0,0.0,0.0,0.0,0.0,0.0
FROM_WELLS,151,4,0.0,4777.7715,18.260052,1438.9762,8504.589,0.0,0.0,77.06712,1081.1698
FROM_HEAD_DEP_BOUNDS,151,4,0.0,0.0,270.82764,0.0,0.0,0.0,0.0,0.0,0.0
FROM_RECHARGE,151,4,0.0,11435.957,1631.3204,4484.366,15251.537,1894.4105,2240.9023,1178.2632,2905.9722
FROM_STREAM_LEAKAGE,151,4,0.0,3500.0,1100.0,48538.61,3119.7043,36.521347,16.418007,0.0,0.0
FROM_STREAM_FLOW_OUT,151,4,0.0,173263.03,26465.953,797243840.0,119751170.0,2831686700.0,9008009000.0,0.0,0.0
FROM_ZONE_0,151,4,0.0,0.0,0.0,0.0,0.0,0.0,0.0,0.0,0.0
FROM_haweaflat,151,4,0.0,0.0,1101.1099,22379.898,14916.277,0.0,0.0,0.0,0.0
FROM_moraine_top,151,4,0.0,3025.4639,0.0,0.0,0.0,0.0,0.0,0.0,0.0
FROM_river_zone,151,4,0.0,18145.826,0.0,0.0,32978.09,0.0,42.172558,71.35364,0.0
FROM_main_terrace,151,4,0.0,812.35095,0.0,155.50417,0.0,6507.026,64881.348,5949.395,0.0
FROM_sandy_point,151,4,0.0,0.0,0.0,0.0,1680.8291,0.0,44.893616,0.0,0.0
FROM_clutha,151,4,0.0,0.0,0.0,3.330845,1684.7596,12.865009,0.0,889.79004,0.0
FROM_sub_terrace,151,4,0.0,0.0,0.0,70.12965,454.07434,0.0,7211.256,0.0,0.0
FROM_mangawera,151,4,0.0,0.0,0.0,3697.3684,0.0,0.0,0.0,0.0,0.0
TOTAL_IN,151,4,0.0,215862.2,30588.418,797324700.0,119831720.0,2831695000.0,9008083000.0,8177.2417,3988.0583
TO_STORAGE,151,4,0.0,0.0011189228,0.00020275422,0.00029201407,0.0002427598,0.0008269766,0.00043806678,0.0,0.00054413715
TO_CONSTANT_HEAD,151,4,0.0,0.0,0.0,0.0,0.0,0.0,0.0,0.0,0.0
TO_WELLS,151,4,0.0,4119.5796,0.0,0.0,445.89493,28.567646,0.0,440.7458,290.60635
TO_HEAD_DEP_BOUNDS,151,4,0.0,0.0,1096.94,0.0,0.0,0.0,0.0,0.0,0.0
TO_RECHARGE,151,4,0.0,0.0,0.0,0.0,0.0,0.0,0.0,0.0,0.0
TO_STREAM_LEAKAGE,151,4,0.0,0.0,0.0,29602.277,1614.2103,6696.405,71881.21,0.0,0.0
TO_STREAM_FLOW_OUT,151,4,0.0,0.0,0.0,0.0,0.0,0.0,0.0,0.0,0.0
TO_ZONE_0,151,4,0.0,0.0,0.0,0.0,0.0,0.0,0.0,0.0,0.0
TO_haweaflat,151,4,0.0,0.0,3025.4639,18145.826,812.35095,0.0,0.0,0.0,0.0
TO_moraine_top,151,4,0.0,1101.1099,0.0,0.0,0.0,0.0,0.0,0.0,0.0
TO_river_zone,151,4,0.0,22379.898,0.0,0.0,155.50417,0.0,3.330845,70.12965,3697.3684
TO_main_terrace,151,4,0.0,14916.277,0.0,32978.09,0.0,1680.8291,1684.7596,454.07434,0.0
TO_sandy_point,151,4,0.0,0.0,0.0,0.0,6507.026,0.0,12.865009,0.0,0.0
TO_clutha,151,4,0.0,0.0,0.0,42.172558,64881.348,44.893616,0.0,7211.256,0.0
TO_sub_terrace,151,4,0.0,0.0,0.0,71.35364,5949.395,0.0,889.79004,0.0,0.0
TO_mangawera,151,4,0.0,0.0,0.0,0.0,0.0,0.0,0.0,0.0,0.0
TOTAL_OUT,151,4,0.0,42516.867,4122.4043,80839.71,80365.734,8450.696,74471.95,8176.2056,3987.9753
IN-OUT,151,4,0.0,173345.34,26466.014,797243840.0,119751350.0,2831686700.0,9008008000.0,1.0361328,0.08300781
PERCENT_DISCREPANCY,151,4,,134.1791,152.49431,199.95944,199.73192,199.99881,199.99669,0.012671736,0.0020814307
FROM_STORAGE,152,4,0.0,876.07404,0.92072845,76.41068,1930.3607,0.0015089448,38.123524,11.214861,0.911836
FROM_CONSTANT_HEAD,152,4,0.0,0.0,0.0,0.0,0.0,0.0,0.0,0.0,0.0
FROM_WELLS,152,4,0.0,4777.7715,18.260052,1438.9762,8504.589,0.0,0.0,77.06712,1081.1698
FROM_HEAD_DEP_BOUNDS,152,4,0.0,0.0,271.11768,0.0,0.0,0.0,0.0,0.0,0.0
FROM_RECHARGE,152,4,0.0,11435.957,1631.3204,4484.366,15251.537,1894.4105,2240.9023,1178.2632,2905.9722
FROM_STREAM_LEAKAGE,152,4,0.0,3500.0,1100.0,48556.1,3119.7043,36.521347,16.418007,0.0,0.0
FROM_STREAM_FLOW_OUT,152,4,0.0,173263.03,26465.953,797240700.0,119751060.0,2831685000.0,9008006000.0,0.0,0.0
FROM_ZONE_0,152,4,0.0,0.0,0.0,0.0,0.0,0.0,0.0,0.0,0.0
FROM_haweaflat,152,4,0.0,0.0,1101.0569,22365.422,14914.783,0.0,0.0,0.0,0.0
FROM_moraine_top,152,4,0.0,3025.7378,0.0,0.0,0.0,0.0,0.0,0.0,0.0
FROM_river_zone,152,4,0.0,18153.225,0.0,0.0,32985.453,0.0,42.171867,71.37695,0.0
FROM_main_terrace,152,4,0.0,812.03656,0.0,155.10336,0.0,6507.0234,64868.066,5948.3613,0.0
FROM_sandy_point,152,4,0.0,0.0,0.0,0.0,1680.829,0.0,44.89358,0.0,0.0
FROM_clutha,152,4,0.0,0.0,0.0,3.3308198,1684.7059,12.865011,0.0,889.60657,0.0
FROM_sub_terrace,152,4,0.0,0.0,0.0,70.10562,454.10074,0.0,7209.9165,0.0,0.0
FROM_mangawera,152,4,0.0,0.0,0.0,3697.3643,0.0,0.0,0.0,0.0,0.0
TOTAL_IN,152,4,0.0,215843.81,30588.629,797321500.0,119831580.0,2831693600.0,9008080000.0,8175.8896,3988.0537
TO_STORAGE,152,4,0.0,0.0013341442,0.00020152418,0.0002950799,0.00022693111,0.00084256555,0.00043979788,0.0,0.00057876046
TO_CONSTANT_HEAD,152,4,0.0,0.0,0.0,0.0,0.0,0.0,0.0,0.0,0.0
TO_WELLS,152,4,0.0,4119.5796,0.0,0.0,445.89493,28.567646,0.0,440.7458,290.60635
TO_HEAD_DEP_BOUNDS,152,4,0.0,0.0,1096.8726,0.0,0.0,0.0,0.0,0.0,0.0
TO_RECHARGE,152,4,0.0,0.0,0.0,0.0,0.0,0.0,0.0,0.0,0.0
TO_STREAM_LEAKAGE,152,4,0.0,0.0,0.0,29587.64,1613.7787,6696.405,71866.41,0.0,0.0
TO_STREAM_FLOW_OUT,152,4,0.0,0.0,0.0,0.0,0.0,0.0,0.0,0.0,0.0
TO_ZONE_0,152,4,0.0,0.0,0.0,0.0,0.0,0.0,0.0,0.0,0.0
TO_haweaflat,152,4,0.0,0.0,3025.7378,18153.225,812.03656,0.0,0.0,0.0,0.0
TO_moraine_top,152,4,0.0,1101.0569,0.0,0.0,0.0,0.0,0.0,0.0,0.0
TO_river_zone,152,4,0.0,22365.422,0.0,0.0,155.10336,0.0,3.3308198,70.10562,3697.3643
TO_main_terrace,152,4,0.0,14914.783,0.0,32985.453,0.0,1680.829,1684.7059,454.10074,0.0
TO_sandy_point,152,4,0.0,0.0,0.0,0.0,6507.0234,0.0,12.865011,0.0,0.0
TO_clutha,152,4,0.0,0.0,0.0,42.171867,64868.066,44.89358,0.0,7209.9165,0.0
TO_sub_terrace,152,4,0.0,0.0,0.0,71.37695,5948.3613,0.0,889.60657,0.0,0.0
TO_mangawera,152,4,0.0,0.0,0.0,0.0,0.0,0.0,0.0,0.0,0.0
TOTAL_OUT,152,4,0.0,42500.844,4122.6104,80839.87,80350.266,8450.695,74456.914,8174.8687,3987.9712
IN-OUT,152,4,0.0,173342.97,26466.02,797240640.0,119751230.0,2831685000.0,9008005000.0,1.0209961,0.08251953
PERCENT_DISCREPANCY,152,4,,134.19511,152.49251,199.95944,199.73196,199.99881,199.99667,0.01248867,0.0020691894
FROM_STORAGE,153,4,0.0,851.22705,0.8928773,74.311714,1907.1602,0.0014575988,37.78763,11.059088,0.9073981
FROM_CONSTANT_HEAD,153,4,0.0,0.0,0.0,0.0,0.0,0.0,0.0,0.0,0.0
FROM_WELLS,153,4,0.0,4777.7715,18.260052,1438.9762,8504.589,0.0,0.0,77.06712,1081.1698
FROM_HEAD_DEP_BOUNDS,153,4,0.0,0.0,271.39355,0.0,0.0,0.0,0.0,0.0,0.0
FROM_RECHARGE,153,4,0.0,11435.957,1631.3204,4484.366,15251.537,1894.4105,2240.9023,1178.2632,2905.9722
FROM_STREAM_LEAKAGE,153,4,0.0,3500.0,1100.0,48572.938,3119.7043,36.521347,16.418007,0.0,0.0
FROM_STREAM_FLOW_OUT,153,4,0.0,173263.03,26465.953,797237250.0,119750980.0,2831684000.0,9008005000.0,0.0,0.0
FROM_ZONE_0,153,4,0.0,0.0,0.0,0.0,0.0,0.0,0.0,0.0,0.0
FROM_haweaflat,153,4,0.0,0.0,1101.0065,22351.34,14913.379,0.0,0.0,0.0,0.0
FROM_moraine_top,153,4,0.0,3026.0022,0.0,0.0,0.0,0.0,0.0,0.0,0.0
FROM_river_zone,153,4,0.0,18160.312,0.0,0.0,32992.71,0.0,42.17118,71.39991,0.0
FROM_main_terrace,153,4,0.0,811.725,0.0,154.70839,0.0,6507.022,64854.96,5947.3438,0.0
FROM_sandy_point,153,4,0.0,0.0,0.0,0.0,1680.829,0.0,44.89354,0.0,0.0
FROM_clutha,153,4,0.0,0.0,0.0,3.3307958,1684.6554,12.865014,0.0,889.42584,0.0
FROM_sub_terrace,153,4,0.0,0.0,0.0,70.08187,454.12698,0.0,7208.5967,0.0,0.0
FROM_mangawera,153,4,0.0,0.0,0.0,3697.3599,0.0,0.0,0.0,0.0,0.0
TOTAL_IN,153,4,0.0,215826.02,30588.826,797318100.0,119831490.0,2831692500.0,9008079000.0,8174.5586,3988.0493
TO_STORAGE,153,4,0.0,0.001635692,0.00020032522,0.00031185188,0.00022224471,0.0008749367,0.0004550101,0.0,0.0006581179
TO_CONSTANT_HEAD,153,4,0.0,0.0,0.0,0.0,0.0,0.0,0.0,0.0,0.0
TO_WELLS,153,4,0.0,4119.5796,0.0,0.0,445.89493,28.567646,0.0,440.7458,290.60635
TO_HEAD_DEP_BOUNDS,153,4,0.0,0.0,1096.8081,0.0,0.0,0.0,0.0,0.0,0.0
TO_RECHARGE,153,4,0.0,0.0,0.0,0.0,0.0,0.0,0.0,0.0,0.0
TO_STREAM_LEAKAGE,153,4,0.0,0.0,0.0,29573.84,1613.347,6696.405,71852.13,0.0,0.0
TO_STREAM_FLOW_OUT,153,4,0.0,0.0,0.0,0.0,0.0,0.0,0.0,0.0,0.0
TO_ZONE_0,153,4,0.0,0.0,0.0,0.0,0.0,0.0,0.0,0.0,0.0
TO_haweaflat,153,4,0.0,0.0,3026.0022,18160.312,811.725,0.0,0.0,0.0,0.0
TO_moraine_top,153,4,0.0,1101.0065,0.0,0.0,0.0,0.0,0.0,0.0,0.0
TO_river_zone,153,4,0.0,22351.34,0.0,0.0,154.70839,0.0,3.3307958,70.08187,3697.3599
TO_main_terrace,153,4,0.0,14913.379,0.0,32992.71,0.0,1680.829,1684.6554,454.12698,0.0
TO_sandy_point,153,4,0.0,0.0,0.0,0.0,6507.022,0.0,12.865014,0.0,0.0
TO_clutha,153,4,0.0,0.0,0.0,42.17118,64854.96,44.89354,0.0,7208.5967,0.0
TO_sub_terrace,153,4,0.0,0.0,0.0,71.39991,5947.3438,0.0,889.42584,0.0,0.0
TO_mangawera,153,4,0.0,0.0,0.0,0.0,0.0,0.0,0.0,0.0,0.0
TOTAL_OUT,153,4,0.0,42485.305,4122.8105,80840.43,80335.0,8450.695,74442.414,8173.5513,3987.9668
IN-OUT,153,4,0.0,173340.72,26466.016,797237250.0,119751150.0,2831684000.0,9008004000.0,1.0073242,0.08251953
PERCENT_DISCREPANCY,153,4,,134.21071,152.49074,199.95946,199.73201,199.99881,199.99667,0.0123234335,0.0020691918
FROM_STORAGE,154,4,0.0,827.13245,0.87063617,72.19259,1884.1938,0.0014124885,37.452007,10.904868,0.9027563
FROM_CONSTANT_HEAD,154,4,0.0,0.0,0.0,0.0,0.0,0.0,0.0,0.0,0.0
FROM_WELLS,154,4,0.0,4777.7715,18.260052,1438.9762,8504.589,0.0,0.0,77.06712,1081.1698
FROM_HEAD_DEP_BOUNDS,154,4,0.0,0.0,271.66016,0.0,0.0,0.0,0.0,0.0,0.0
FROM_RECHARGE,154,4,0.0,11435.957,1631.3204,4484.366,15251.537,1894.4105,2240.9023,1178.2632,2905.9722
FROM_STREAM_LEAKAGE,154,4,0.0,3500.0,1100.0,48589.14,3119.7043,36.521347,16.418007,0.0,0.0
FROM_STREAM_FLOW_OUT,154,4,0.0,173263.03,26465.953,797233900.0,119750920.0,2831683800.0,9008003000.0,0.0,0.0
FROM_ZONE_0,154,4,0.0,0.0,0.0,0.0,0.0,0.0,0.0,0.0,0.0
FROM_haweaflat,154,4,0.0,0.0,1100.9548,22337.645,14912.047,0.0,0.0,0.0,0.0
FROM_moraine_top,154,4,0.0,3026.2595,0.0,0.0,0.0,0.0,0.0,0.0,0.0
FROM_river_zone,154,4,0.0,18167.182,0.0,0.0,32999.863,0.0,42.17053,71.42257,0.0
FROM_main_terrace,154,4,0.0,811.4166,0.0,154.31924,0.0,6507.0205,64842.004,5946.3403,0.0
FROM_sandy_point,154,4,0.0,0.0,0.0,0.0,1680.8287,0.0,44.893494,0.0,0.0
FROM_clutha,154,4,0.0,0.0,0.0,3.330773,1684.6078,12.865016,0.0,889.24774,0.0
FROM_sub_terrace,154,4,0.0,0.0,0.0,70.05858,454.15265,0.0,7207.2954,0.0,0.0
FROM_mangawera,154,4,0.0,0.0,0.0,3697.3555,0.0,0.0,0.0,0.0,0.0
TOTAL_IN,154,4,0.0,215808.77,30589.02,797314750.0,119831416.0,2831692300.0,9008077000.0,8173.2456,3988.0447
TO_STORAGE,154,4,0.0,0.0013804202,0.00019917316,0.00031250317,0.00021722147,0.00087706686,0.00046702684,0.0,0.0006590461
TO_CONSTANT_HEAD,154,4,0.0,0.0,0.0,0.0,0.0,0.0,0.0,0.0,0.0
TO_WELLS,154,4,0.0,4119.5796,0.0,0.0,445.89493,28.567646,0.0,440.7458,290.60635
TO_HEAD_DEP_BOUNDS,154,4,0.0,0.0,1096.749,0.0,0.0,0.0,0.0,0.0,0.0
TO_RECHARGE,154,4,0.0,0.0,0.0,0.0,0.0,0.0,0.0,0.0,0.0
TO_STREAM_LEAKAGE,154,4,0.0,0.0,0.0,29559.846,1612.9487,6696.405,71837.72,0.0,0.0
TO_STREAM_FLOW_OUT,154,4,0.0,0.0,0.0,0.0,0.0,0.0,0.0,0.0,0.0
TO_ZONE_0,154,4,0.0,0.0,0.0,0.0,0.0,0.0,0.0,0.0,0.0
TO_haweaflat,154,4,0.0,0.0,3026.2595,18167.182,811.4166,0.0,0.0,0.0,0.0
TO_moraine_top,154,4,0.0,1100.9548,0.0,0.0,0.0,0.0,0.0,0.0,0.0
TO_river_zone,154,4,0.0,22337.645,0.0,0.0,154.31924,0.0,3.330773,70.05858,3697.3555
TO_main_terrace,154,4,0.0,14912.047,0.0,32999.863,0.0,1680.8287,1684.6078,454.15265,0.0
TO_sandy_point,154,4,0.0,0.0,0.0,0.0,6507.0205,0.0,12.865016,0.0,0.0
TO_clutha,154,4,0.0,0.0,0.0,42.17053,64842.004,44.893494,0.0,7207.2954,0.0
TO_sub_terrace,154,4,0.0,0.0,0.0,71.42257,5946.3403,0.0,889.24774,0.0,0.0
TO_mangawera,154,4,0.0,0.0,0.0,0.0,0.0,0.0,0.0,0.0,0.0
TOTAL_OUT,154,4,0.0,42470.227,4123.009,80840.484,80319.945,8450.695,74427.77,8172.2524,3987.9624
IN-OUT,154,4,0.0,173338.53,26466.012,797233900.0,119751096.0,2831683800.0,9008002000.0,0.99316406,0.08227539
PERCENT_DISCREPANCY,154,4,,134.22581,152.489,199.95944,199.73207,199.9988,199.99667,0.012152142,0.0020630723
FROM_STORAGE,155,4,0.0,803.6237,0.84831905,70.16141,1861.491,0.0014882277,37.116474,10.752753,0.89822084
FROM_CONSTANT_HEAD,155,4,0.0,0.0,0.0,0.0,0.0,0.0,0.0,0.0,0.0
FROM_WELLS,155,4,0.0,4777.7715,18.260052,1438.9762,8504.589,0.0,0.0,77.06712,1081.1698
FROM_HEAD_DEP_BOUNDS,155,4,0.0,0.0,271.92334,0.0,0.0,0.0,0.0,0.0,0.0
FROM_RECHARGE,155,4,0.0,11435.957,1631.3204,4484.366,15251.537,1894.4105,2240.9023,1178.2632,2905.9722
FROM_STREAM_LEAKAGE,155,4,0.0,3500.0,1100.0,48605.05,3119.7043,36.521347,16.418007,0.0,0.0
FROM_STREAM_FLOW_OUT,155,4,0.0,173263.03,26465.953,797230600.0,119750850.0,2831683600.0,9008002000.0,0.0,0.0
FROM_ZONE_0,155,4,0.0,0.0,0.0,0.0,0.0,0.0,0.0,0.0,0.0
FROM_haweaflat,155,4,0.0,0.0,1100.9065,22324.268,14910.762,0.0,0.0,0.0,0.0
FROM_moraine_top,155,4,0.0,3026.5107,0.0,0.0,0.0,0.0,0.0,0.0,0.0
FROM_river_zone,155,4,0.0,18173.887,0.0,0.0,33006.91,0.0,42.169838,71.44486,0.0
FROM_main_terrace,155,4,0.0,811.11237,0.0,153.9358,0.0,6507.019,64829.21,5945.3516,0.0
FROM_sandy_point,155,4,0.0,0.0,0.0,0.0,1680.8287,0.0,44.893448,0.0,0.0
FROM_clutha,155,4,0.0,0.0,0.0,3.33075,1684.5627,12.865018,0.0,889.0723,0.0
FROM_sub_terrace,155,4,0.0,0.0,0.0,70.03542,454.17783,0.0,7206.013,0.0,0.0
FROM_mangawera,155,4,0.0,0.0,0.0,3697.3513,0.0,0.0,0.0,0.0,0.0
TOTAL_IN,155,4,0.0,215791.89,30589.21,797311400.0,119831330.0,2831692000.0,9008076000.0,8171.9517,3988.04
TO_STORAGE,155,4,0.0,0.0012673404,0.00019805186,0.00031378746,0.00024424918,0.0008210578,0.00045117998,0.0,0.0005967059
TO_CONSTANT_HEAD,155,4,0.0,0.0,0.0,0.0,0.0,0.0,0.0,0.0,0.0
TO_WELLS,155,4,0.0,4119.5796,0.0,0.0,445.89493,28.567646,0.0,440.7458,290.60635
TO_HEAD_DEP_BOUNDS,155,4,0.0,0.0,1096.687,0.0,0.0,0.0,0.0,0.0,0.0
TO_RECHARGE,155,4,0.0,0.0,0.0,0.0,0.0,0.0,0.0,0.0,0.0
TO_STREAM_LEAKAGE,155,4,0.0,0.0,0.0,29546.402,1612.5171,6696.405,71823.484,0.0,0.0
TO_STREAM_FLOW_OUT,155,4,0.0,0.0,0.0,0.0,0.0,0.0,0.0,0.0,0.0
TO_ZONE_0,155,4,0.0,0.0,0.0,0.0,0.0,0.0,0.0,0.0,0.0
TO_haweaflat,155,4,0.0,0.0,3026.5107,18173.887,811.11237,0.0,0.0,0.0,0.0
TO_moraine_top,155,4,0.0,1100.9065,0.0,0.0,0.0,0.0,0.0,0.0,0.0
TO_river_zone,155,4,0.0,22324.268,0.0,0.0,153.9358,0.0,3.33075,70.03542,3697.3513
TO_main_terrace,155,4,0.0,14910.762,0.0,33006.91,0.0,1680.8287,1684.5627,454.17783,0.0
TO_sandy_point,155,4,0.0,0.0,0.0,0.0,6507.019,0.0,12.865018,0.0,0.0
TO_clutha,155,4,0.0,0.0,0.0,42.169838,64829.21,44.893448,0.0,7206.013,0.0
TO_sub_terrace,155,4,0.0,0.0,0.0,71.44486,5945.3516,0.0,889.0723,0.0,0.0
TO_mangawera,155,4,0.0,0.0,0.0,0.0,0.0,0.0,0.0,0.0,0.0
TOTAL_OUT,155,4,0.0,42455.516,4123.198,80840.82,80305.04,8450.695,74413.31,8170.972,3987.9583
IN-OUT,155,4,0.0,173336.38,26466.012,797230600.0,119751020.0,2831683600.0,9008001000.0,0.9794922,0.08178711
PERCENT_DISCREPANCY,155,4,,134.24055,152.48732,199.95946,199.73212,199.9988,199.99669,0.011986744,0.0020508307
FROM_STORAGE,156,4,0.0,780.85406,0.822243,68.14844,1839.008,0.0014799525,36.781578,10.612323,0.89367545
FROM_CONSTANT_HEAD,156,4,0.0,0.0,0.0,0.0,0.0,0.0,0.0,0.0,0.0
FROM_WELLS,156,4,0.0,4777.7715,18.260052,1438.9762,8504.589,0.0,0.0,77.06712,1081.1698
FROM_HEAD_DEP_BOUNDS,156,4,0.0,0.0,272.17285,0.0,0.0,0.0,0.0,0.0,0.0
FROM_RECHARGE,156,4,0.0,11435.957,1631.3204,4484.366,15251.537,1894.4105,2240.9023,1178.2632,2905.9722
FROM_STREAM_LEAKAGE,156,4,0.0,3500.0,1100.0,48620.4,3119.7043,36.521347,16.418007,0.0,0.0
FROM_STREAM_FLOW_OUT,156,4,0.0,173263.03,26465.953,797227650.0,119750790.0,2831683000.0,9008001000.0,0.0,0.0
FROM_ZONE_0,156,4,0.0,0.0,0.0,0.0,0.0,0.0,0.0,0.0,0.0
FROM_haweaflat,156,4,0.0,0.0,1100.8597,22311.287,14909.555,0.0,0.0,0.0,0.0
FROM_moraine_top,156,4,0.0,3026.7537,0.0,0.0,0.0,0.0,0.0,0.0,0.0
FROM_river_zone,156,4,0.0,18180.4,0.0,0.0,33013.855,0.0,42.16921,71.46687,0.0
FROM_main_terrace,156,4,0.0,810.81116,0.0,153.55801,0.0,6507.017,64816.58,5944.378,0.0
FROM_sandy_point,156,4,0.0,0.0,0.0,0.0,1680.8287,0.0,44.89339,0.0,0.0
FROM_clutha,156,4,0.0,0.0,0.0,3.3307264,1684.5209,12.865021,0.0,888.89923,0.0
FROM_sub_terrace,156,4,0.0,0.0,0.0,70.01275,454.20264,0.0,7204.75,0.0,0.0
FROM_mangawera,156,4,0.0,0.0,0.0,3697.3477,0.0,0.0,0.0,0.0,0.0
TOTAL_IN,156,4,0.0,215775.58,30589.389,797308500.0,119831256.0,2831691500.0,9008075000.0,8170.687,3988.0356
TO_STORAGE,156,4,0.0,0.0010401204,0.00019694911,0.000300885,0.00022972046,0.00079446385,0.00044610506,0.0,0.0006286342
TO_CONSTANT_HEAD,156,4,0.0,0.0,0.0,0.0,0.0,0.0,0.0,0.0,0.0
TO_WELLS,156,4,0.0,4119.5796,0.0,0.0,445.89493,28.567646,0.0,440.7458,290.60635
TO_HEAD_DEP_BOUNDS,156,4,0.0,0.0,1096.6313,0.0,0.0,0.0,0.0,0.0,0.0
TO_RECHARGE,156,4,0.0,0.0,0.0,0.0,0.0,0.0,0.0,0.0,0.0
TO_STREAM_LEAKAGE,156,4,0.0,0.0,0.0,29533.418,1612.0854,6696.405,71809.59,0.0,0.0
TO_STREAM_FLOW_OUT,156,4,0.0,0.0,0.0,0.0,0.0,0.0,0.0,0.0,0.0
TO_ZONE_0,156,4,0.0,0.0,0.0,0.0,0.0,0.0,0.0,0.0,0.0
TO_haweaflat,156,4,0.0,0.0,3026.7537,18180.4,810.81116,0.0,0.0,0.0,0.0
TO_moraine_top,156,4,0.0,1100.8597,0.0,0.0,0.0,0.0,0.0,0.0,0.0
TO_river_zone,156,4,0.0,22311.287,0.0,0.0,153.55801,0.0,3.3307264,70.01275,3697.3477
TO_main_terrace,156,4,0.0,14909.555,0.0,33013.855,0.0,1680.8287,1684.5209,454.20264,0.0
TO_sandy_point,156,4,0.0,0.0,0.0,0.0,6507.017,0.0,12.865021,0.0,0.0
TO_clutha,156,4,0.0,0.0,0.0,42.16921,64816.58,44.89339,0.0,7204.75,0.0
TO_sub_terrace,156,4,0.0,0.0,0.0,71.46687,5944.378,0.0,888.89923,0.0,0.0
TO_mangawera,156,4,0.0,0.0,0.0,0.0,0.0,0.0,0.0,0.0,0.0
TOTAL_OUT,156,4,0.0,42441.28,4123.3853,80841.31,80290.32,8450.695,74399.21,8169.711,3987.9546
IN-OUT,156,4,0.0,173334.3,26466.004,797227650.0,119750970.0,2831683000.0,9008000000.0,0.9760742,0.08105469
PERCENT_DISCREPANCY,156,4,,134.25482,152.48569,199.95946,199.73216,199.99881,199.99667,0.011946762,0.0020324672
