name,stress_period,time_step,ZONE_0,haweaflat,moraine_top,river_zone,main_terrace,sandy_point,clutha,sub_terrace,mangawera
FROM_STORAGE,0,0,0.0,0.0,0.0,0.0,0.0,0.0,0.0,0.0,0.0
FROM_CONSTANT_HEAD,0,0,0.0,0.0,0.0,0.0,0.0,0.0,0.0,0.0,0.0
FROM_WELLS,0,0,0.0,4777.7715,18.260052,1438.9762,8504.589,0.0,0.0,77.06712,1081.1698
FROM_HEAD_DEP_BOUNDS,0,0,0.0,0.0,119311.484,0.0,0.0,0.0,0.0,0.0,0.0
FROM_RECHARGE,0,0,0.0,11435.957,1631.3204,4484.366,15251.537,1894.4105,2240.9023,1178.2632,2905.9722
FROM_STREAM_LEAKAGE,0,0,0.0,3500.0,1100.0,32619.318,3119.7043,36.521347,16.351604,0.0,0.0
FROM_STREAM_FLOW_OUT,0,0,0.0,173263.03,26465.953,811191040.0,119978584.0,2831839500.0,9008925000.0,0.0,0.0
FROM_ZONE_0,0,0,0.0,0.0,0.0,0.0,0.0,0.0,0.0,0.0,0.0
FROM_haweaflat,0,0,0.0,0.0,478.2624,126924.36,21682.848,0.0,0.0,0.0,0.0
FROM_moraine_top,0,0,0.0,122206.625,0.0,0.0,0.0,0.0,0.0,0.0,0.0
FROM_river_zone,0,0,0.0,11787.028,0.0,0.0,31156.754,0.0,42.293526,65.190475,0.0
FROM_main_terrace,0,0,0.0,883.4121,0.0,263.92575,0.0,6506.9194,67637.94,6235.2666,0.0
FROM_sandy_point,0,0,0.0,0.0,0.0,0.0,1680.8307,0.0,44.890747,0.0,0.0
FROM_clutha,0,0,0.0,0.0,0.0,3.3348582,1773.0261,12.8651495,0.0,936.3318,0.0
FROM_sub_terrace,0,0,0.0,0.0,0.0,75.75438,436.52893,0.0,7539.09,0.0,0.0
FROM_mangawera,0,0,0.0,0.0,0.0,3696.5623,0.0,0.0,0.0,0.0,0.0
TOTAL_IN,0,0,0.0,327853.8,149005.28,811360500.0,120062190.0,2831848000.0,9009001000.0,8492.119,3987.142
TO_STORAGE,0,0,0.0,0.0,0.0,0.0,0.0,0.0,0.0,0.0,0.0
TO_CONSTANT_HEAD,0,0,0.0,0.0,0.0,0.0,0.0,0.0,0.0,0.0,0.0
TO_WELLS,0,0,0.0,5505.3066,0.0,0.0,445.89493,28.567646,0.0,440.7458,290.60635
TO_HEAD_DEP_BOUNDS,0,0,0.0,0.0,332.78516,0.0,0.0,0.0,0.0,0.0,0.0
TO_RECHARGE,0,0,0.0,0.0,0.0,0.0,0.0,0.0,0.0,0.0,0.0
TO_STREAM_LEAKAGE,0,0,0.0,0.0,0.0,126455.266,1632.4711,6696.3384,74795.91,0.0,0.0
TO_STREAM_FLOW_OUT,0,0,0.0,0.0,0.0,0.0,0.0,0.0,0.0,0.0,0.0
TO_ZONE_0,0,0,0.0,0.0,0.0,0.0,0.0,0.0,0.0,0.0,0.0
TO_haweaflat,0,0,0.0,0.0,122206.625,11787.028,883.4121,0.0,0.0,0.0,0.0
TO_moraine_top,0,0,0.0,478.2624,0.0,0.0,0.0,0.0,0.0,0.0,0.0
TO_river_zone,0,0,0.0,126924.36,0.0,0.0,263.92575,0.0,3.3348582,75.75438,3696.5623
TO_main_terrace,0,0,0.0,21682.848,0.0,31156.754,0.0,1680.8307,1773.0261,436.52893,0.0
TO_sandy_point,0,0,0.0,0.0,0.0,0.0,6506.9194,0.0,12.8651495,0.0,0.0
TO_clutha,0,0,0.0,0.0,0.0,42.293526,67637.94,44.890747,0.0,7539.09,0.0
TO_sub_terrace,0,0,0.0,0.0,0.0,65.190475,6235.2666,0.0,936.3318,0.0,0.0
TO_mangawera,0,0,0.0,0.0,0.0,0.0,0.0,0.0,0.0,0.0,0.0
TOTAL_OUT,0,0,0.0,154590.77,122539.41,169506.53,83605.83,8450.628,77521.46,8492.119,3987.1687
IN-OUT,0,0,0.0,173263.05,26465.875,811191000.0,119978584.0,2831839500.0,9008924000.0,0.0,0.026611328
PERCENT_DISCREPANCY,0,0,,71.827126,19.492832,199.91644,199.72165,199.9988,199.99655,0.0,0.00066742644
FROM_STORAGE,1,4,0.0,0.0013735626,0.0003564176,0.001696775,0.06689128,0.0010877874,0.0018064074,0.001859141,0.02820854
FROM_CONSTANT_HEAD,1,4,0.0,0.0,0.0,0.0,0.0,0.0,0.0,0.0,0.0
FROM_WELLS,1,4,0.0,4777.7715,18.260052,1438.9762,8504.589,0.0,0.0,77.06712,1081.1698
FROM_HEAD_DEP_BOUNDS,1,4,0.0,0.0,159695.88,0.0,0.0,0.0,0.0,0.0,0.0
FROM_RECHARGE,1,4,0.0,11435.957,1631.3204,4484.366,15251.537,1894.4105,2240.9023,1178.2632,2905.9722
FROM_STREAM_LEAKAGE,1,4,0.0,3500.0,1100.0,32618.395,3119.7043,36.521347,16.351604,0.0,0.0
FROM_STREAM_FLOW_OUT,1,4,0.0,173263.03,26465.953,811272200.0,119979860.0,2831839500.0,9008929000.0,0.0,0.0
FROM_ZONE_0,1,4,0.0,0.0,0.0,0.0,0.0,0.0,0.0,0.0,0.0
FROM_haweaflat,1,4,0.0,0.0,422.71103,129330.55,21694.094,0.0,0.0,0.0,0.0
FROM_moraine_top,1,4,0.0,143421.94,0.0,0.0,0.0,0.0,0.0,0.0,0.0
FROM_river_zone,1,4,0.0,11849.055,0.0,0.0,31156.906,0.0,42.293514,65.19047,0.0
FROM_main_terrace,1,4,0.0,883.2903,0.0,263.9268,0.0,6506.9106,67637.945,6235.268,0.0
FROM_sandy_point,1,4,0.0,0.0,0.0,0.0,1680.831,0.0,44.890713,0.0,0.0
FROM_clutha,1,4,0.0,0.0,0.0,3.3348587,1773.026,12.865155,0.0,936.33185,0.0
FROM_sub_terrace,1,4,0.0,0.0,0.0,75.75444,436.52838,0.0,7539.09,0.0,0.0
FROM_mangawera,1,4,0.0,0.0,0.0,3696.5479,0.0,0.0,0.0,0.0,0.0
TOTAL_IN,1,4,0.0,349131.03,189334.14,811444100.0,120063480.0,2831848000.0,9009006000.0,8492.122,3987.1702
TO_STORAGE,1,4,0.0,18916.1,19118.385,1707.5718,11.583643,0.0010184641,0.0029067886,0.0038470482,0.015686799
TO_CONSTANT_HEAD,1,4,0.0,0.0,0.0,0.0,0.0,0.0,0.0,0.0,0.0
TO_WELLS,1,4,0.0,5505.3066,0.0,0.0,445.89493,28.567646,0.0,440.7458,290.60635
TO_HEAD_DEP_BOUNDS,1,4,0.0,0.0,329.56787,0.0,0.0,0.0,0.0,0.0,0.0
TO_RECHARGE,1,4,0.0,0.0,0.0,0.0,0.0,0.0,0.0,0.0,0.0
TO_STREAM_LEAKAGE,1,4,0.0,0.0,0.0,127090.87,1632.4711,6696.3384,74795.91,0.0,0.0
TO_STREAM_FLOW_OUT,1,4,0.0,0.0,0.0,0.0,0.0,0.0,0.0,0.0,0.0
TO_ZONE_0,1,4,0.0,0.0,0.0,0.0,0.0,0.0,0.0,0.0,0.0
TO_haweaflat,1,4,0.0,0.0,143421.94,11849.055,883.2903,0.0,0.0,0.0,0.0
TO_moraine_top,1,4,0.0,422.71103,0.0,0.0,0.0,0.0,0.0,0.0,0.0
TO_river_zone,1,4,0.0,129330.55,0.0,0.0,263.9268,0.0,3.3348587,75.75444,3696.5479
TO_main_terrace,1,4,0.0,21694.094,0.0,31156.906,0.0,1680.831,1773.026,436.52838,0.0
TO_sandy_point,1,4,0.0,0.0,0.0,0.0,6506.9106,0.0,12.865155,0.0,0.0
TO_clutha,1,4,0.0,0.0,0.0,42.293514,67637.945,44.890713,0.0,7539.09,0.0
TO_sub_terrace,1,4,0.0,0.0,0.0,65.19047,6235.268,0.0,936.33185,0.0,0.0
TO_mangawera,1,4,0.0,0.0,0.0,0.0,0.0,0.0,0.0,0.0,0.0
TOTAL_OUT,1,4,0.0,175868.75,162869.89,171911.89,83617.29,8450.629,77521.46,8492.122,3987.17
IN-OUT,1,4,0.0,173262.28,26464.25,811272200.0,119979864.0,2831839500.0,9008928000.0,0.0,0.00024414062
PERCENT_DISCREPANCY,1,4,,66.00471,15.027795,199.91528,199.72163,199.9988,199.99655,0.0,6.123156e-06
FROM_STORAGE,2,4,0.0,0.00038109117,0.0031689596,0.0011317325,0.029662801,0.0010246714,0.001573827,0.0013980767,0.02696243
FROM_CONSTANT_HEAD,2,4,0.0,0.0,0.0,0.0,0.0,0.0,0.0,0.0,0.0
FROM_WELLS,2,4,0.0,4777.7715,18.260052,1438.9762,8504.589,0.0,0.0,77.06712,1081.1698
FROM_HEAD_DEP_BOUNDS,2,4,0.0,0.0,157638.69,0.0,0.0,0.0,0.0,0.0,0.0
FROM_RECHARGE,2,4,0.0,11435.957,1631.3204,4484.366,15251.537,1894.4105,2240.9023,1178.2632,2905.9722
FROM_STREAM_LEAKAGE,2,4,0.0,3500.0,1100.0,32614.742,3119.7043,36.521347,16.351604,0.0,0.0
FROM_STREAM_FLOW_OUT,2,4,0.0,173263.03,26465.953,811543600.0,119984110.0,2831839500.0,9008939000.0,0.0,0.0
FROM_ZONE_0,2,4,0.0,0.0,0.0,0.0,0.0,0.0,0.0,0.0,0.0
FROM_haweaflat,2,4,0.0,0.0,424.03467,132874.81,21743.023,0.0,0.0,0.0,0.0
FROM_moraine_top,2,4,0.0,151666.97,0.0,0.0,0.0,0.0,0.0,0.0,0.0
FROM_river_zone,2,4,0.0,11995.461,0.0,0.0,31157.514,0.0,42.293514,65.19031,0.0
FROM_main_terrace,2,4,0.0,883.09143,0.0,263.94302,0.0,6506.911,67638.0,6235.3086,0.0
FROM_sandy_point,2,4,0.0,0.0,0.0,0.0,1680.831,0.0,44.890717,0.0,0.0
FROM_clutha,2,4,0.0,0.0,0.0,3.3348591,1773.0321,12.865155,0.0,936.3339,0.0
FROM_sub_terrace,2,4,0.0,0.0,0.0,75.754715,436.51663,0.0,7539.097,0.0,0.0
FROM_mangawera,2,4,0.0,0.0,0.0,3696.4365,0.0,0.0,0.0,0.0,0.0
TOTAL_IN,2,4,0.0,357522.3,187278.27,811719040.0,120067784.0,2831848000.0,9009016000.0,8492.164,3987.169
TO_STORAGE,2,4,0.0,23718.033,8818.506,2976.1365,61.17569,0.0010611588,0.04403462,0.049738485,0.12599044
TO_CONSTANT_HEAD,2,4,0.0,0.0,0.0,0.0,0.0,0.0,0.0,0.0,0.0
TO_WELLS,2,4,0.0,5505.3066,0.0,0.0,445.89493,28.567646,0.0,440.7458,290.60635
TO_HEAD_DEP_BOUNDS,2,4,0.0,0.0,329.6543,0.0,0.0,0.0,0.0,0.0,0.0
TO_RECHARGE,2,4,0.0,0.0,0.0,0.0,0.0,0.0,0.0,0.0,0.0
TO_STREAM_LEAKAGE,2,4,0.0,0.0,0.0,129216.52,1632.4711,6696.3384,74795.98,0.0,0.0
TO_STREAM_FLOW_OUT,2,4,0.0,0.0,0.0,0.0,0.0,0.0,0.0,0.0,0.0
TO_ZONE_0,2,4,0.0,0.0,0.0,0.0,0.0,0.0,0.0,0.0,0.0
TO_haweaflat,2,4,0.0,0.0,151666.97,11995.461,883.09143,0.0,0.0,0.0,0.0
TO_moraine_top,2,4,0.0,424.03467,0.0,0.0,0.0,0.0,0.0,0.0,0.0
TO_river_zone,2,4,0.0,132874.81,0.0,0.0,263.94302,0.0,3.3348591,75.754715,3696.4365
TO_main_terrace,2,4,0.0,21743.023,0.0,31157.514,0.0,1680.831,1773.0321,436.51663,0.0
TO_sandy_point,2,4,0.0,0.0,0.0,0.0,6506.911,0.0,12.865155,0.0,0.0
TO_clutha,2,4,0.0,0.0,0.0,42.293514,67638.0,44.890717,0.0,7539.097,0.0
TO_sub_terrace,2,4,0.0,0.0,0.0,65.19031,6235.3086,0.0,936.3339,0.0,0.0
TO_mangawera,2,4,0.0,0.0,0.0,0.0,0.0,0.0,0.0,0.0,0.0
TOTAL_OUT,2,4,0.0,184265.22,160815.12,175453.12,83666.8,8450.629,77521.59,8492.164,3987.169
IN-OUT,2,4,0.0,173257.1,26463.14,811543600.0,119984120.0,2831839500.0,9008938000.0,0.0,0.0
PERCENT_DISCREPANCY,2,4,,63.957584,15.204621,199.91357,199.72147,199.9988,199.99654,0.0,0.0
FROM_STORAGE,3,4,0.0,0.00022575867,0.007114549,0.0009029019,0.022523085,0.0010225028,0.0014711624,0.0011250619,0.025434896
FROM_CONSTANT_HEAD,3,4,0.0,0.0,0.0,0.0,0.0,0.0,0.0,0.0,0.0
FROM_WELLS,3,4,0.0,4777.7715,18.260052,1438.9762,8504.589,0.0,0.0,77.06712,1081.1698
FROM_HEAD_DEP_BOUNDS,3,4,0.0,0.0,160082.08,0.0,0.0,0.0,0.0,0.0,0.0
FROM_RECHARGE,3,4,0.0,11435.957,1631.3204,4484.366,15251.537,1894.4105,2240.9023,1178.2632,2905.9722
FROM_STREAM_LEAKAGE,3,4,0.0,3500.0,1100.0,32610.2,3119.7043,36.521347,16.351604,0.0,0.0
FROM_STREAM_FLOW_OUT,3,4,0.0,173263.03,26465.953,811815940.0,119988420.0,2831839500.0,9008949000.0,0.0,0.0
FROM_ZONE_0,3,4,0.0,0.0,0.0,0.0,0.0,0.0,0.0,0.0,0.0
FROM_haweaflat,3,4,0.0,0.0,431.10825,135553.03,21808.34,0.0,0.0,0.0,0.0
FROM_moraine_top,3,4,0.0,155868.53,0.0,0.0,0.0,0.0,0.0,0.0,0.0
FROM_river_zone,3,4,0.0,12101.463,0.0,0.0,31158.041,0.0,42.293514,65.18965,0.0
FROM_main_terrace,3,4,0.0,883.12427,0.0,263.9873,0.0,6506.911,67638.27,6235.438,0.0
FROM_sandy_point,3,4,0.0,0.0,0.0,0.0,1680.8308,0.0,44.89072,0.0,0.0
FROM_clutha,3,4,0.0,0.0,0.0,3.3348594,1773.0626,12.865155,0.0,936.3423,0.0
FROM_sub_terrace,3,4,0.0,0.0,0.0,75.7559,436.4835,0.0,7539.1323,0.0,0.0
FROM_mangawera,3,4,0.0,0.0,0.0,3696.3062,0.0,0.0,0.0,0.0,0.0
TOTAL_IN,3,4,0.0,361829.9,189728.73,811994050.0,120072150.0,2831848000.0,9009026000.0,8492.301,3987.1675
TO_STORAGE,3,4,0.0,25275.447,7067.203,3397.34,126.54328,0.0010597572,0.19084243,0.1840852,0.2548852
TO_CONSTANT_HEAD,3,4,0.0,0.0,0.0,0.0,0.0,0.0,0.0,0.0,0.0
TO_WELLS,3,4,0.0,5505.3066,0.0,0.0,445.89493,28.567646,0.0,440.7458,290.60635
TO_HEAD_DEP_BOUNDS,3,4,0.0,0.0,329.4795,0.0,0.0,0.0,0.0,0.0,0.0
TO_RECHARGE,3,4,0.0,0.0,0.0,0.0,0.0,0.0,0.0,0.0,0.0
TO_STREAM_LEAKAGE,3,4,0.0,0.0,0.0,131362.67,1632.4711,6696.3384,74796.07,0.0,0.0
TO_STREAM_FLOW_OUT,3,4,0.0,0.0,0.0,0.0,0.0,0.0,0.0,0.0,0.0
TO_ZONE_0,3,4,0.0,0.0,0.0,0.0,0.0,0.0,0.0,0.0,0.0
TO_haweaflat,3,4,0.0,0.0,155868.53,12101.463,883.12427,0.0,0.0,0.0,0.0
TO_moraine_top,3,4,0.0,431.10825,0.0,0.0,0.0,0.0,0.0,0.0,0.0
TO_river_zone,3,4,0.0,135553.03,0.0,0.0,263.9873,0.0,3.3348594,75.7559,3696.3062
TO_main_terrace,3,4,0.0,21808.34,0.0,31158.041,0.0,1680.8308,1773.0626,436.4835,0.0
TO_sandy_point,3,4,0.0,0.0,0.0,0.0,6506.911,0.0,12.865155,0.0,0.0
TO_clutha,3,4,0.0,0.0,0.0,42.293514,67638.27,44.89072,0.0,7539.1323,0.0
TO_sub_terrace,3,4,0.0,0.0,0.0,65.18965,6235.438,0.0,936.3423,0.0,0.0
TO_mangawera,3,4,0.0,0.0,0.0,0.0,0.0,0.0,0.0,0.0,0.0
TOTAL_OUT,3,4,0.0,188573.23,163265.22,178127.02,83732.64,8450.629,77521.87,8492.302,3987.1675
IN-OUT,3,4,0.0,173256.67,26463.516,811815940.0,119988420.0,2831839500.0,9008948000.0,0.0009765625,0.0
PERCENT_DISCREPANCY,3,4,,62.956284,14.993751,199.91226,199.72125,199.9988,199.99654,1.1499386e-05,0.0
FROM_STORAGE,4,4,0.0,0.00011582962,0.005980499,0.0007768445,0.018215014,0.0010352529,0.0013983229,0.00093234295,0.022732005
FROM_CONSTANT_HEAD,4,4,0.0,0.0,0.0,0.0,0.0,0.0,0.0,0.0,0.0
FROM_WELLS,4,4,0.0,4777.7715,18.260052,1438.9762,8504.589,0.0,0.0,77.06712,1081.1698
FROM_HEAD_DEP_BOUNDS,4,4,0.0,0.0,162903.98,0.0,0.0,0.0,0.0,0.0,0.0
FROM_RECHARGE,4,4,0.0,11435.957,1631.3204,4484.366,15251.537,1894.4105,2240.9023,1178.2632,2905.9722
FROM_STREAM_LEAKAGE,4,4,0.0,3500.0,1100.0,32604.502,3119.7043,36.521347,16.351604,0.0,0.0
FROM_STREAM_FLOW_OUT,4,4,0.0,173263.03,26465.953,812081400.0,119992620.0,2831839500.0,9008960000.0,0.0,0.0
FROM_ZONE_0,4,4,0.0,0.0,0.0,0.0,0.0,0.0,0.0,0.0,0.0
FROM_haweaflat,4,4,0.0,0.0,436.32956,138038.16,21886.137,0.0,0.0,0.0,0.0
FROM_moraine_top,4,4,0.0,159501.52,0.0,0.0,0.0,0.0,0.0,0.0,0.0
FROM_river_zone,4,4,0.0,12182.072,0.0,0.0,31158.23,0.0,42.293514,65.18818,0.0
FROM_main_terrace,4,4,0.0,883.34656,0.0,264.06766,0.0,6506.9116,67638.92,6235.6865,0.0
FROM_sandy_point,4,4,0.0,0.0,0.0,0.0,1680.8308,0.0,44.890724,0.0,0.0
FROM_clutha,4,4,0.0,0.0,0.0,3.3348594,1773.1384,12.865155,0.0,936.3611,0.0
FROM_sub_terrace,4,4,0.0,0.0,0.0,75.75859,436.4245,0.0,7539.218,0.0,0.0
FROM_mangawera,4,4,0.0,0.0,0.0,3696.196,0.0,0.0,0.0,0.0,0.0
TOTAL_IN,4,4,0.0,365543.7,192555.86,812262000.0,120076440.0,2831848000.0,9009036000.0,8492.567,3987.1646
TO_STORAGE,4,4,0.0,26414.713,6259.213,3691.3918,203.31348,0.0010457077,0.4765785,0.42030066,0.3622781
TO_CONSTANT_HEAD,4,4,0.0,0.0,0.0,0.0,0.0,0.0,0.0,0.0,0.0
TO_WELLS,4,4,0.0,5505.3066,0.0,0.0,445.89493,28.567646,0.0,440.7458,290.60635
TO_HEAD_DEP_BOUNDS,4,4,0.0,0.0,329.81592,0.0,0.0,0.0,0.0,0.0,0.0
TO_RECHARGE,4,4,0.0,0.0,0.0,0.0,0.0,0.0,0.0,0.0,0.0
TO_STREAM_LEAKAGE,4,4,0.0,0.0,0.0,133466.62,1632.4711,6696.3384,74796.44,0.0,0.0
TO_STREAM_FLOW_OUT,4,4,0.0,0.0,0.0,0.0,0.0,0.0,0.0,0.0,0.0
TO_ZONE_0,4,4,0.0,0.0,0.0,0.0,0.0,0.0,0.0,0.0,0.0
TO_haweaflat,4,4,0.0,0.0,159501.52,12182.072,883.34656,0.0,0.0,0.0,0.0
TO_moraine_top,4,4,0.0,436.32956,0.0,0.0,0.0,0.0,0.0,0.0,0.0
TO_river_zone,4,4,0.0,138038.16,0.0,0.0,264.06766,0.0,3.3348594,75.75859,3696.196
TO_main_terrace,4,4,0.0,21886.137,0.0,31158.23,0.0,1680.8308,1773.1384,436.4245,0.0
TO_sandy_point,4,4,0.0,0.0,0.0,0.0,6506.9116,0.0,12.865155,0.0,0.0
TO_clutha,4,4,0.0,0.0,0.0,42.293514,67638.92,44.890724,0.0,7539.218,0.0
TO_sub_terrace,4,4,0.0,0.0,0.0,65.18818,6235.6865,0.0,936.3611,0.0,0.0
TO_mangawera,4,4,0.0,0.0,0.0,0.0,0.0,0.0,0.0,0.0,0.0
TOTAL_OUT,4,4,0.0,192280.64,166090.55,180605.81,83810.62,8450.629,77522.62,8492.567,3987.1646
IN-OUT,4,4,0.0,173263.05,26465.312,812081400.0,119992630.0,2831839500.0,9008958000.0,0.0,0.0
PERCENT_DISCREPANCY,4,4,,62.121006,14.758443,199.91107,199.72101,199.9988,199.99655,0.0,0.0
FROM_STORAGE,5,4,0.0,6.3344574e-05,1.1967299e-05,0.0006277817,0.015122852,0.0010428027,0.0013444477,0.0007816603,0.019035606
FROM_CONSTANT_HEAD,5,4,0.0,0.0,0.0,0.0,0.0,0.0,0.0,0.0,0.0
FROM_WELLS,5,4,0.0,4777.7715,18.260052,1438.9762,8504.589,0.0,0.0,77.06712,1081.1698
FROM_HEAD_DEP_BOUNDS,5,4,0.0,0.0,165277.67,0.0,0.0,0.0,0.0,0.0,0.0
FROM_RECHARGE,5,4,0.0,11435.957,1631.3204,4484.366,15251.537,1894.4105,2240.9023,1178.2632,2905.9722
FROM_STREAM_LEAKAGE,5,4,0.0,3500.0,1100.0,32598.3,3119.7043,36.521347,16.351604,0.0,0.0
FROM_STREAM_FLOW_OUT,5,4,0.0,173263.03,26465.953,812343040.0,119996790.0,2831839500.0,9008971000.0,0.0,0.0
FROM_ZONE_0,5,4,0.0,0.0,0.0,0.0,0.0,0.0,0.0,0.0,0.0
FROM_haweaflat,5,4,0.0,0.0,440.7518,140406.14,21973.943,0.0,0.0,0.0,0.0
FROM_moraine_top,5,4,0.0,162530.45,0.0,0.0,0.0,0.0,0.0,0.0,0.0
FROM_river_zone,5,4,0.0,12247.21,0.0,0.0,31157.928,0.0,42.293518,65.1857,0.0
FROM_main_terrace,5,4,0.0,883.7292,0.0,264.19046,0.0,6506.9116,67640.12,6236.0723,0.0
FROM_sandy_point,5,4,0.0,0.0,0.0,0.0,1680.8308,0.0,44.890728,0.0,0.0
FROM_clutha,5,4,0.0,0.0,0.0,3.3348596,1773.2766,12.865155,0.0,936.3934,0.0
FROM_sub_terrace,5,4,0.0,0.0,0.0,75.76332,436.33832,0.0,7539.3755,0.0,0.0
FROM_mangawera,5,4,0.0,0.0,0.0,3696.1047,0.0,0.0,0.0,0.0,0.0
TOTAL_IN,5,4,0.0,368638.16,194933.97,812526000.0,120080696.0,2831848000.0,9009048000.0,8492.982,3987.1611
TO_STORAGE,5,4,0.0,27055.365,5609.878,3906.9827,288.84943,0.001034783,0.9147327,0.7601935,0.4498682
TO_CONSTANT_HEAD,5,4,0.0,0.0,0.0,0.0,0.0,0.0,0.0,0.0,0.0
TO_WELLS,5,4,0.0,5505.3066,0.0,0.0,445.89493,28.567646,0.0,440.7458,290.60635
TO_HEAD_DEP_BOUNDS,5,4,0.0,0.0,330.08496,0.0,0.0,0.0,0.0,0.0,0.0
TO_RECHARGE,5,4,0.0,0.0,0.0,0.0,0.0,0.0,0.0,0.0,0.0
TO_STREAM_LEAKAGE,5,4,0.0,0.0,0.0,135548.83,1632.4711,6696.3384,74797.1,0.0,0.0
TO_STREAM_FLOW_OUT,5,4,0.0,0.0,0.0,0.0,0.0,0.0,0.0,0.0,0.0
TO_ZONE_0,5,4,0.0,0.0,0.0,0.0,0.0,0.0,0.0,0.0,0.0
TO_haweaflat,5,4,0.0,0.0,162530.45,12247.21,883.7292,0.0,0.0,0.0,0.0
TO_moraine_top,5,4,0.0,440.7518,0.0,0.0,0.0,0.0,0.0,0.0,0.0
TO_river_zone,5,4,0.0,140406.14,0.0,0.0,264.19046,0.0,3.3348596,75.76332,3696.1047
TO_main_terrace,5,4,0.0,21973.943,0.0,31157.928,0.0,1680.8308,1773.2766,436.33832,0.0
TO_sandy_point,5,4,0.0,0.0,0.0,0.0,6506.9116,0.0,12.865155,0.0,0.0
TO_clutha,5,4,0.0,0.0,0.0,42.293518,67640.12,44.890728,0.0,7539.3755,0.0
TO_sub_terrace,5,4,0.0,0.0,0.0,65.1857,6236.0723,0.0,936.3934,0.0,0.0
TO_mangawera,5,4,0.0,0.0,0.0,0.0,0.0,0.0,0.0,0.0,0.0
TOTAL_OUT,5,4,0.0,195381.5,168470.42,182968.42,83898.234,8450.629,77523.88,8492.983,3987.161
IN-OUT,5,4,0.0,173256.66,26463.547,812343040.0,119996800.0,2831839500.0,9008970000.0,0.0009765625,0.00024414062
PERCENT_DISCREPANCY,5,4,,61.436394,14.564242,199.90994,199.72073,199.9988,199.99655,1.1498464e-05,6.1231694e-06
FROM_STORAGE,6,4,0.0,1.5951242e-05,0.0017195476,0.0005554198,0.013210685,0.0010379569,0.0013203031,0.00064273516,0.015757827
FROM_CONSTANT_HEAD,6,4,0.0,0.0,0.0,0.0,0.0,0.0,0.0,0.0,0.0
FROM_WELLS,6,4,0.0,4777.7715,18.260052,1438.9762,8504.589,0.0,0.0,77.06712,1081.1698
FROM_HEAD_DEP_BOUNDS,6,4,0.0,0.0,167115.45,0.0,0.0,0.0,0.0,0.0,0.0
FROM_RECHARGE,6,4,0.0,11435.957,1631.3204,4484.366,15251.537,1894.4105,2240.9023,1178.2632,2905.9722
FROM_STREAM_LEAKAGE,6,4,0.0,3500.0,1100.0,32590.98,3119.7043,36.521347,16.351604,0.0,0.0
FROM_STREAM_FLOW_OUT,6,4,0.0,173263.03,26465.953,812604100.0,120000960.0,2831839500.0,9008981000.0,0.0,0.0
FROM_ZONE_0,6,4,0.0,0.0,0.0,0.0,0.0,0.0,0.0,0.0,0.0
FROM_haweaflat,6,4,0.0,0.0,445.13495,142812.64,22070.33,0.0,0.0,0.0,0.0
FROM_moraine_top,6,4,0.0,165324.38,0.0,0.0,0.0,0.0,0.0,0.0,0.0
FROM_river_zone,6,4,0.0,12304.164,0.0,0.0,31157.018,0.0,42.293518,65.18204,0.0
FROM_main_terrace,6,4,0.0,884.2457,0.0,264.35995,0.0,6506.9116,67642.0,6236.6064,0.0
FROM_sandy_point,6,4,0.0,0.0,0.0,0.0,1680.8308,0.0,44.890728,0.0,0.0
FROM_clutha,6,4,0.0,0.0,0.0,3.3348596,1773.49,12.865154,0.0,936.4418,0.0
FROM_sub_terrace,6,4,0.0,0.0,0.0,75.770584,436.22543,0.0,7539.623,0.0,0.0
FROM_mangawera,6,4,0.0,0.0,0.0,3696.0283,0.0,0.0,0.0,0.0,0.0
TOTAL_IN,6,4,0.0,371489.53,196776.14,812789440.0,120084960.0,2831848000.0,9009058000.0,8493.561,3987.1577
TO_STORAGE,6,4,0.0,27393.582,4655.153,4167.2534,381.25845,0.0010403604,1.5049316,1.1961635,0.5228849
TO_CONSTANT_HEAD,6,4,0.0,0.0,0.0,0.0,0.0,0.0,0.0,0.0,0.0
TO_WELLS,6,4,0.0,5505.3066,0.0,0.0,445.89493,28.567646,0.0,440.7458,290.60635
TO_HEAD_DEP_BOUNDS,6,4,0.0,0.0,330.47754,0.0,0.0,0.0,0.0,0.0,0.0
TO_RECHARGE,6,4,0.0,0.0,0.0,0.0,0.0,0.0,0.0,0.0,0.0
TO_STREAM_LEAKAGE,6,4,0.0,0.0,0.0,137631.03,1632.4711,6696.3384,74798.43,0.0,0.0
TO_STREAM_FLOW_OUT,6,4,0.0,0.0,0.0,0.0,0.0,0.0,0.0,0.0,0.0
TO_ZONE_0,6,4,0.0,0.0,0.0,0.0,0.0,0.0,0.0,0.0,0.0
TO_haweaflat,6,4,0.0,0.0,165324.38,12304.164,884.2457,0.0,0.0,0.0,0.0
TO_moraine_top,6,4,0.0,445.13495,0.0,0.0,0.0,0.0,0.0,0.0,0.0
TO_river_zone,6,4,0.0,142812.64,0.0,0.0,264.35995,0.0,3.3348596,75.770584,3696.0283
TO_main_terrace,6,4,0.0,22070.33,0.0,31157.018,0.0,1680.8308,1773.49,436.22543,0.0
TO_sandy_point,6,4,0.0,0.0,0.0,0.0,6506.9116,0.0,12.865154,0.0,0.0
TO_clutha,6,4,0.0,0.0,0.0,42.293518,67642.0,44.890728,0.0,7539.623,0.0
TO_sub_terrace,6,4,0.0,0.0,0.0,65.18204,6236.6064,0.0,936.4418,0.0,0.0
TO_mangawera,6,4,0.0,0.0,0.0,0.0,0.0,0.0,0.0,0.0,0.0
TOTAL_OUT,6,4,0.0,198227.0,170310.0,185366.94,83993.75,8450.629,77526.08,8493.561,3987.1575
IN-OUT,6,4,0.0,173262.53,26466.14,812604100.0,120000970.0,2831839500.0,9008980000.0,0.0,0.00024414062
PERCENT_DISCREPANCY,6,4,,60.824127,14.41958,199.90881,199.72043,199.9988,199.99654,0.0,6.1231744e-06
FROM_STORAGE,7,4,0.0,1.0615102e-05,0.0,0.00047418068,0.01181006,0.0010304997,0.0013037291,0.0005151116,0.013957056
FROM_CONSTANT_HEAD,7,4,0.0,0.0,0.0,0.0,0.0,0.0,0.0,0.0,0.0
FROM_WELLS,7,4,0.0,4777.7715,18.260052,1438.9762,8504.589,0.0,0.0,77.06712,1081.1698
FROM_HEAD_DEP_BOUNDS,7,4,0.0,0.0,168511.52,0.0,0.0,0.0,0.0,0.0,0.0
FROM_RECHARGE,7,4,0.0,11435.957,1631.3204,4484.366,15251.537,1894.4105,2240.9023,1178.2632,2905.9722
FROM_STREAM_LEAKAGE,7,4,0.0,3500.0,1100.0,32582.734,3119.7043,36.521347,16.351604,0.0,0.0
FROM_STREAM_FLOW_OUT,7,4,0.0,173263.03,26465.953,812869100.0,120005190.0,2831839500.0,9008992000.0,0.0,0.0
FROM_ZONE_0,7,4,0.0,0.0,0.0,0.0,0.0,0.0,0.0,0.0,0.0
FROM_haweaflat,7,4,0.0,0.0,449.87375,145174.06,22174.656,0.0,0.0,0.0,0.0
FROM_moraine_top,7,4,0.0,167603.75,0.0,0.0,0.0,0.0,0.0,0.0,0.0
FROM_river_zone,7,4,0.0,12357.757,0.0,0.0,31155.416,0.0,42.293518,65.17715,0.0
FROM_main_terrace,7,4,0.0,884.87885,0.0,264.57925,0.0,6506.9116,67644.68,6237.2944,0.0
FROM_sandy_point,7,4,0.0,0.0,0.0,0.0,1680.8308,0.0,44.89073,0.0,0.0
FROM_clutha,7,4,0.0,0.0,0.0,3.3348596,1773.7869,12.865154,0.0,936.50824,0.0
FROM_sub_terrace,7,4,0.0,0.0,0.0,75.78079,436.08713,0.0,7539.9775,0.0,0.0
FROM_mangawera,7,4,0.0,0.0,0.0,3695.9612,0.0,0.0,0.0,0.0,0.0
TOTAL_IN,7,4,0.0,373823.12,198176.94,813056830.0,120089290.0,2831848000.0,9009069000.0,8494.311,3987.1558
TO_STORAGE,7,4,0.0,27263.201,3777.354,4360.201,480.042,0.0010475665,2.2414696,1.720258,0.5885318
TO_CONSTANT_HEAD,7,4,0.0,0.0,0.0,0.0,0.0,0.0,0.0,0.0,0.0
TO_WELLS,7,4,0.0,5505.3066,0.0,0.0,445.89493,28.567646,0.0,440.7458,290.60635
TO_HEAD_DEP_BOUNDS,7,4,0.0,0.0,330.9585,0.0,0.0,0.0,0.0,0.0,0.0
TO_RECHARGE,7,4,0.0,0.0,0.0,0.0,0.0,0.0,0.0,0.0,0.0
TO_STREAM_LEAKAGE,7,4,0.0,0.0,0.0,139740.23,1632.4711,6696.3384,74800.29,0.0,0.0
TO_STREAM_FLOW_OUT,7,4,0.0,0.0,0.0,0.0,0.0,0.0,0.0,0.0,0.0
TO_ZONE_0,7,4,0.0,0.0,0.0,0.0,0.0,0.0,0.0,0.0,0.0
TO_haweaflat,7,4,0.0,0.0,167603.75,12357.757,884.87885,0.0,0.0,0.0,0.0
TO_moraine_top,7,4,0.0,449.87375,0.0,0.0,0.0,0.0,0.0,0.0,0.0
TO_river_zone,7,4,0.0,145174.06,0.0,0.0,264.57925,0.0,3.3348596,75.78079,3695.9612
TO_main_terrace,7,4,0.0,22174.656,0.0,31155.416,0.0,1680.8308,1773.7869,436.08713,0.0
TO_sandy_point,7,4,0.0,0.0,0.0,0.0,6506.9116,0.0,12.865154,0.0,0.0
TO_clutha,7,4,0.0,0.0,0.0,42.293518,67644.68,44.89073,0.0,7539.9775,0.0
TO_sub_terrace,7,4,0.0,0.0,0.0,65.17715,6237.2944,0.0,936.50824,0.0,0.0
TO_mangawera,7,4,0.0,0.0,0.0,0.0,0.0,0.0,0.0,0.0,0.0
TOTAL_OUT,7,4,0.0,200567.1,171712.06,187721.08,84096.75,8450.629,77529.03,8494.312,3987.156
IN-OUT,7,4,0.0,173256.03,26464.875,812869100.0,120005190.0,2831839500.0,9008991000.0,0.0009765625,0.00024414062
PERCENT_DISCREPANCY,7,4,,60.326942,14.30963,199.90768,199.72008,199.9988,199.99655,1.1496666e-05,6.1231776e-06
FROM_STORAGE,8,4,0.0,5.0697645e-06,0.004751659,0.00043826315,0.010648091,0.0010260474,0.0012891097,0.00033558515,0.01280685
FROM_CONSTANT_HEAD,8,4,0.0,0.0,0.0,0.0,0.0,0.0,0.0,0.0,0.0
FROM_WELLS,8,4,0.0,4777.7715,18.260052,1438.9762,8504.589,0.0,0.0,77.06712,1081.1698
FROM_HEAD_DEP_BOUNDS,8,4,0.0,0.0,169129.23,0.0,0.0,0.0,0.0,0.0,0.0
FROM_RECHARGE,8,4,0.0,11435.957,1631.3204,4484.366,15251.537,1894.4105,2240.9023,1178.2632,2905.9722
FROM_STREAM_LEAKAGE,8,4,0.0,3500.0,1100.0,32573.867,3119.7043,36.521347,16.351604,0.0,0.0
FROM_STREAM_FLOW_OUT,8,4,0.0,173263.03,26465.953,813123140.0,120009270.0,2831840000.0,9009002000.0,0.0,0.0
FROM_ZONE_0,8,4,0.0,0.0,0.0,0.0,0.0,0.0,0.0,0.0,0.0
FROM_haweaflat,8,4,0.0,0.0,456.079,147295.64,22283.695,0.0,0.0,0.0,0.0
FROM_moraine_top,8,4,0.0,168954.88,0.0,0.0,0.0,0.0,0.0,0.0,0.0
FROM_river_zone,8,4,0.0,12399.957,0.0,0.0,31153.033,0.0,42.293518,65.170975,0.0
FROM_main_terrace,8,4,0.0,885.63,0.0,264.8501,0.0,6506.912,67648.25,6238.1396,0.0
FROM_sandy_point,8,4,0.0,0.0,0.0,0.0,1680.8308,0.0,44.89073,0.0,0.0
FROM_clutha,8,4,0.0,0.0,0.0,3.3348596,1774.1724,12.865154,0.0,936.5942,0.0
FROM_sub_terrace,8,4,0.0,0.0,0.0,75.79437,435.9253,0.0,7540.4497,0.0,0.0
FROM_mangawera,8,4,0.0,0.0,0.0,3695.9048,0.0,0.0,0.0,0.0,0.0
TOTAL_IN,8,4,0.0,375217.22,198800.86,813312960.0,120093464.0,2831848400.0,9009079000.0,8495.235,3987.1548
TO_STORAGE,8,4,0.0,26420.168,3049.5073,4403.893,581.50415,0.0010517535,3.1127312,2.3196397,0.6436579
TO_CONSTANT_HEAD,8,4,0.0,0.0,0.0,0.0,0.0,0.0,0.0,0.0,0.0
TO_WELLS,8,4,0.0,5505.3066,0.0,0.0,445.89493,28.567646,0.0,440.7458,290.60635
TO_HEAD_DEP_BOUNDS,8,4,0.0,0.0,331.49365,0.0,0.0,0.0,0.0,0.0,0.0
TO_RECHARGE,8,4,0.0,0.0,0.0,0.0,0.0,0.0,0.0,0.0,0.0
TO_STREAM_LEAKAGE,8,4,0.0,0.0,0.0,141769.42,1632.4711,6696.3384,74803.08,0.0,0.0
TO_STREAM_FLOW_OUT,8,4,0.0,0.0,0.0,0.0,0.0,0.0,0.0,0.0,0.0
TO_ZONE_0,8,4,0.0,0.0,0.0,0.0,0.0,0.0,0.0,0.0,0.0
TO_haweaflat,8,4,0.0,0.0,168954.88,12399.957,885.63,0.0,0.0,0.0,0.0
TO_moraine_top,8,4,0.0,456.079,0.0,0.0,0.0,0.0,0.0,0.0,0.0
TO_river_zone,8,4,0.0,147295.64,0.0,0.0,264.8501,0.0,3.3348596,75.79437,3695.9048
TO_main_terrace,8,4,0.0,22283.695,0.0,31153.033,0.0,1680.8308,1774.1724,435.9253,0.0
TO_sandy_point,8,4,0.0,0.0,0.0,0.0,6506.912,0.0,12.865154,0.0,0.0
TO_clutha,8,4,0.0,0.0,0.0,42.293518,67648.25,44.89073,0.0,7540.4497,0.0
TO_sub_terrace,8,4,0.0,0.0,0.0,65.170975,6238.1396,0.0,936.5942,0.0,0.0
TO_mangawera,8,4,0.0,0.0,0.0,0.0,0.0,0.0,0.0,0.0,0.0
TOTAL_OUT,8,4,0.0,201960.88,172335.88,189833.77,84203.66,8450.629,77533.16,8495.234,3987.1548
IN-OUT,8,4,0.0,173256.34,26464.984,813123140.0,120009260.0,2831840000.0,9009001000.0,0.0009765625,0.0
PERCENT_DISCREPANCY,8,4,,60.035656,14.261581,199.90668,199.71976,199.99881,199.99654,1.14954155e-05,0.0
FROM_STORAGE,9,4,0.0,2.88299e-06,6.7384817e-06,0.00039317284,0.009616044,0.001020689,0.0012631174,0.00022673982,0.011895329
FROM_CONSTANT_HEAD,9,4,0.0,0.0,0.0,0.0,0.0,0.0,0.0,0.0,0.0
FROM_WELLS,9,4,0.0,4777.7715,18.260052,1438.9762,8504.589,0.0,0.0,77.06712,1081.1698
FROM_HEAD_DEP_BOUNDS,9,4,0.0,0.0,168943.53,0.0,0.0,0.0,0.0,0.0,0.0
FROM_RECHARGE,9,4,0.0,11435.957,1631.3204,4484.366,15251.537,1894.4105,2240.9023,1178.2632,2905.9722
FROM_STREAM_LEAKAGE,9,4,0.0,3500.0,1100.0,32563.764,3119.7043,36.521347,16.351604,0.0,0.0
FROM_STREAM_FLOW_OUT,9,4,0.0,173263.03,26465.953,813359550.0,120013070.0,2831840000.0,9009013000.0,0.0,0.0
FROM_ZONE_0,9,4,0.0,0.0,0.0,0.0,0.0,0.0,0.0,0.0,0.0
FROM_haweaflat,9,4,0.0,0.0,462.74405,149170.45,22394.736,0.0,0.0,0.0,0.0
FROM_moraine_top,9,4,0.0,169661.27,0.0,0.0,0.0,0.0,0.0,0.0,0.0
FROM_river_zone,9,4,0.0,12430.033,0.0,0.0,31149.812,0.0,42.293518,65.16353,0.0
FROM_main_terrace,9,4,0.0,886.47906,0.0,265.17206,0.0,6506.9116,67652.8,6239.133,0.0
FROM_sandy_point,9,4,0.0,0.0,0.0,0.0,1680.8308,0.0,44.890736,0.0,0.0
FROM_clutha,9,4,0.0,0.0,0.0,3.3348596,1774.6475,12.865154,0.0,936.70013,0.0
FROM_sub_terrace,9,4,0.0,0.0,0.0,75.81148,435.74326,0.0,7541.0483,0.0,0.0
FROM_mangawera,9,4,0.0,0.0,0.0,3695.8628,0.0,0.0,0.0,0.0,0.0
TOTAL_IN,9,4,0.0,375954.53,198621.83,813551200.0,120097380.0,2831848400.0,9009090000.0,8496.327,3987.1538
TO_STORAGE,9,4,0.0,25164.691,2163.3357,4351.527,682.93134,0.0010570022,4.101479,2.9793081,0.6847561
TO_CONSTANT_HEAD,9,4,0.0,0.0,0.0,0.0,0.0,0.0,0.0,0.0,0.0
TO_WELLS,9,4,0.0,5505.3066,0.0,0.0,445.89493,28.567646,0.0,440.7458,290.60635
TO_HEAD_DEP_BOUNDS,9,4,0.0,0.0,332.00977,0.0,0.0,0.0,0.0,0.0,0.0
TO_RECHARGE,9,4,0.0,0.0,0.0,0.0,0.0,0.0,0.0,0.0,0.0
TO_STREAM_LEAKAGE,9,4,0.0,0.0,0.0,143660.08,1632.4711,6696.3384,74806.695,0.0,0.0
TO_STREAM_FLOW_OUT,9,4,0.0,0.0,0.0,0.0,0.0,0.0,0.0,0.0,0.0
TO_ZONE_0,9,4,0.0,0.0,0.0,0.0,0.0,0.0,0.0,0.0,0.0
TO_haweaflat,9,4,0.0,0.0,169661.27,12430.033,886.47906,0.0,0.0,0.0,0.0
TO_moraine_top,9,4,0.0,462.74405,0.0,0.0,0.0,0.0,0.0,0.0,0.0
TO_river_zone,9,4,0.0,149170.45,0.0,0.0,265.17206,0.0,3.3348596,75.81148,3695.8628
TO_main_terrace,9,4,0.0,22394.736,0.0,31149.812,0.0,1680.8308,1774.6475,435.74326,0.0
TO_sandy_point,9,4,0.0,0.0,0.0,0.0,6506.9116,0.0,12.865154,0.0,0.0
TO_clutha,9,4,0.0,0.0,0.0,42.293518,67652.8,44.890736,0.0,7541.0483,0.0
TO_sub_terrace,9,4,0.0,0.0,0.0,65.16353,6239.133,0.0,936.70013,0.0,0.0
TO_mangawera,9,4,0.0,0.0,0.0,0.0,0.0,0.0,0.0,0.0,0.0
TOTAL_OUT,9,4,0.0,202697.92,172156.61,191698.9,84311.79,8450.629,77538.35,8496.328,3987.1538
IN-OUT,9,4,0.0,173256.61,26465.219,813359550.0,120013064.0,2831840000.0,9009012000.0,0.0009765625,0.0
PERCENT_DISCREPANCY,9,4,,59.882786,14.275491,199.90576,199.71939,199.99881,199.99655,1.1493936e-05,0.0
FROM_STORAGE,10,4,0.0,3.3980535e-07,0.0047834,0.00032917183,0.008864463,0.001015325,0.0012364329,0.00012188767,0.011137726
FROM_CONSTANT_HEAD,10,4,0.0,0.0,0.0,0.0,0.0,0.0,0.0,0.0,0.0
FROM_WELLS,10,4,0.0,4777.7715,18.260052,1438.9762,8504.589,0.0,0.0,77.06712,1081.1698
FROM_HEAD_DEP_BOUNDS,10,4,0.0,0.0,167979.66,0.0,0.0,0.0,0.0,0.0,0.0
FROM_RECHARGE,10,4,0.0,11435.957,1631.3204,4484.366,15251.537,1894.4105,2240.9023,1178.2632,2905.9722
FROM_STREAM_LEAKAGE,10,4,0.0,3500.0,1100.0,32553.469,3119.7043,36.521347,16.351604,0.0,0.0
FROM_STREAM_FLOW_OUT,10,4,0.0,173263.03,26465.953,813575600.0,120016540.0,2831840000.0,9009021000.0,0.0,0.0
FROM_ZONE_0,10,4,0.0,0.0,0.0,0.0,0.0,0.0,0.0,0.0,0.0
FROM_haweaflat,10,4,0.0,0.0,470.16,150773.72,22505.818,0.0,0.0,0.0,0.0
FROM_moraine_top,10,4,0.0,169614.12,0.0,0.0,0.0,0.0,0.0,0.0,0.0
FROM_river_zone,10,4,0.0,12448.144,0.0,0.0,31145.707,0.0,42.293518,65.15484,0.0
FROM_main_terrace,10,4,0.0,887.4072,0.0,265.5446,0.0,6506.9116,67658.37,6240.2725,0.0
FROM_sandy_point,10,4,0.0,0.0,0.0,0.0,1680.8308,0.0,44.890736,0.0,0.0
FROM_clutha,10,4,0.0,0.0,0.0,3.3348596,1775.2114,12.865154,0.0,936.8267,0.0
FROM_sub_terrace,10,4,0.0,0.0,0.0,75.83244,435.54388,0.0,7541.7793,0.0,0.0
FROM_mangawera,10,4,0.0,0.0,0.0,3695.835,0.0,0.0,0.0,0.0,0.0
TOTAL_IN,10,4,0.0,375926.44,197665.36,813768900.0,120100950.0,2831848400.0,9009098000.0,8497.585,3987.153
TO_STORAGE,10,4,0.0,23527.033,1259.8893,4220.714,785.93274,0.0010624756,5.2137094,3.7014568,0.7151874
TO_CONSTANT_HEAD,10,4,0.0,0.0,0.0,0.0,0.0,0.0,0.0,0.0,0.0
TO_WELLS,10,4,0.0,5505.3066,0.0,0.0,445.89493,28.567646,0.0,440.7458,290.60635
TO_HEAD_DEP_BOUNDS,10,4,0.0,0.0,332.3501,0.0,0.0,0.0,0.0,0.0,0.0
TO_RECHARGE,10,4,0.0,0.0,0.0,0.0,0.0,0.0,0.0,0.0,0.0
TO_STREAM_LEAKAGE,10,4,0.0,0.0,0.0,145390.39,1632.4711,6696.3384,74811.18,0.0,0.0
TO_STREAM_FLOW_OUT,10,4,0.0,0.0,0.0,0.0,0.0,0.0,0.0,0.0,0.0
TO_ZONE_0,10,4,0.0,0.0,0.0,0.0,0.0,0.0,0.0,0.0,0.0
TO_haweaflat,10,4,0.0,0.0,169614.12,12448.144,887.4072,0.0,0.0,0.0,0.0
TO_moraine_top,10,4,0.0,470.16,0.0,0.0,0.0,0.0,0.0,0.0,0.0
TO_river_zone,10,4,0.0,150773.72,0.0,0.0,265.5446,0.0,3.3348596,75.83244,3695.835
TO_main_terrace,10,4,0.0,22505.818,0.0,31145.707,0.0,1680.8308,1775.2114,435.54388,0.0
TO_sandy_point,10,4,0.0,0.0,0.0,0.0,6506.9116,0.0,12.865154,0.0,0.0
TO_clutha,10,4,0.0,0.0,0.0,42.293518,67658.37,44.890736,0.0,7541.7793,0.0
TO_sub_terrace,10,4,0.0,0.0,0.0,65.15484,6240.2725,0.0,936.8267,0.0,0.0
TO_mangawera,10,4,0.0,0.0,0.0,0.0,0.0,0.0,0.0,0.0,0.0
TOTAL_OUT,10,4,0.0,202782.03,171206.36,193312.4,84422.805,8450.629,77544.63,8497.603,3987.1565
IN-OUT,10,4,0.0,173144.4,26459.0,813575550.0,120016530.0,2831840000.0,9009020000.0,0.017578125,0.0034179688
PERCENT_DISCREPANCY,10,4,,59.838207,14.345909,199.90498,199.71902,199.99881,199.99654,0.00020686003,8.57245e-05
FROM_STORAGE,11,4,0.0,1.1195366,48.363678,0.00030801792,0.0082516195,0.0010112651,0.0011840551,6.812857e-05,0.010413291
FROM_CONSTANT_HEAD,11,4,0.0,0.0,0.0,0.0,0.0,0.0,0.0,0.0,0.0
FROM_WELLS,11,4,0.0,4777.7715,18.260052,1438.9762,8504.589,0.0,0.0,77.06712,1081.1698
FROM_HEAD_DEP_BOUNDS,11,4,0.0,0.0,166233.28,0.0,0.0,0.0,0.0,0.0,0.0
FROM_RECHARGE,11,4,0.0,11435.957,1631.3204,4484.366,15251.537,1894.4105,2240.9023,1178.2632,2905.9722
FROM_STREAM_LEAKAGE,11,4,0.0,3500.0,1100.0,32542.434,3119.7043,36.521347,16.351604,0.0,0.0
FROM_STREAM_FLOW_OUT,11,4,0.0,173263.03,26465.953,813766500.0,120019610.0,2831840300.0,9009029000.0,0.0,0.0
FROM_ZONE_0,11,4,0.0,0.0,0.0,0.0,0.0,0.0,0.0,0.0,0.0
FROM_haweaflat,11,4,0.0,0.0,478.50586,152084.98,22614.643,0.0,0.0,0.0,0.0
FROM_moraine_top,11,4,0.0,168793.38,0.0,0.0,0.0,0.0,0.0,0.0,0.0
FROM_river_zone,11,4,0.0,12454.611,0.0,0.0,31140.713,0.0,42.293518,65.14505,0.0
FROM_main_terrace,11,4,0.0,888.3938,0.0,265.96472,0.0,6506.9116,67664.98,6241.546,0.0
FROM_sandy_point,11,4,0.0,0.0,0.0,0.0,1680.8308,0.0,44.89074,0.0,0.0
FROM_clutha,11,4,0.0,0.0,0.0,3.3348596,1775.8589,12.865154,0.0,936.97363,0.0
FROM_sub_terrace,11,4,0.0,0.0,0.0,75.857254,435.3315,0.0,7542.645,0.0,0.0
FROM_mangawera,11,4,0.0,0.0,0.0,3695.8213,0.0,0.0,0.0,0.0,0.0
TOTAL_IN,11,4,0.0,375114.28,195975.69,813961100.0,120104130.0,2831848700.0,9009106000.0,8498.995,3987.1523
TO_STORAGE,11,4,0.0,21275.375,384.5962,3988.6577,881.3867,0.001066876,6.3828535,4.437353,0.7285074
TO_CONSTANT_HEAD,11,4,0.0,0.0,0.0,0.0,0.0,0.0,0.0,0.0,0.0
TO_WELLS,11,4,0.0,5505.3066,0.0,0.0,445.89493,28.567646,0.0,440.7458,290.60635
TO_HEAD_DEP_BOUNDS,11,4,0.0,0.0,333.06787,0.0,0.0,0.0,0.0,0.0,0.0
TO_RECHARGE,11,4,0.0,0.0,0.0,0.0,0.0,0.0,0.0,0.0,0.0
TO_STREAM_LEAKAGE,11,4,0.0,0.0,0.0,146920.39,1632.4711,6696.3384,74816.66,0.0,0.0
TO_STREAM_FLOW_OUT,11,4,0.0,0.0,0.0,0.0,0.0,0.0,0.0,0.0,0.0
TO_ZONE_0,11,4,0.0,0.0,0.0,0.0,0.0,0.0,0.0,0.0,0.0
TO_haweaflat,11,4,0.0,0.0,168793.38,12454.611,888.3938,0.0,0.0,0.0,0.0
TO_moraine_top,11,4,0.0,478.50586,0.0,0.0,0.0,0.0,0.0,0.0,0.0
TO_river_zone,11,4,0.0,152084.98,0.0,0.0,265.96472,0.0,3.3348596,75.857254,3695.8213
TO_main_terrace,11,4,0.0,22614.643,0.0,31140.713,0.0,1680.8308,1775.8589,435.3315,0.0
TO_sandy_point,11,4,0.0,0.0,0.0,0.0,6506.9116,0.0,12.865154,0.0,0.0
TO_clutha,11,4,0.0,0.0,0.0,42.293518,67664.98,44.89074,0.0,7542.645,0.0
TO_sub_terrace,11,4,0.0,0.0,0.0,65.14505,6241.546,0.0,936.97363,0.0,0.0
TO_mangawera,11,4,0.0,0.0,0.0,0.0,0.0,0.0,0.0,0.0,0.0
TOTAL_OUT,11,4,0.0,201958.81,169511.03,194611.81,84527.55,8450.629,77552.08,8499.017,3987.1562
IN-OUT,11,4,0.0,173155.47,26464.656,813766460.0,120019600.0,2831840300.0,9009028000.0,0.021484375,0.00390625
PERCENT_DISCREPANCY,11,4,,60.01162,14.48187,199.90439,199.71867,199.99881,199.99655,0.0002527869,9.797088e-05
FROM_STORAGE,12,4,0.0,26.491816,627.55054,0.00029004551,0.0077992757,0.0010086725,0.0010909067,2.8030088e-05,0.00969565
FROM_CONSTANT_HEAD,12,4,0.0,0.0,0.0,0.0,0.0,0.0,0.0,0.0,0.0
FROM_WELLS,12,4,0.0,4777.7715,18.260052,1438.9762,8504.589,0.0,0.0,77.06712,1081.1698
FROM_HEAD_DEP_BOUNDS,12,4,0.0,0.0,163745.48,0.0,0.0,0.0,0.0,0.0,0.0
FROM_RECHARGE,12,4,0.0,11435.957,1631.3204,4484.366,15251.537,1894.4105,2240.9023,1178.2632,2905.9722
FROM_STREAM_LEAKAGE,12,4,0.0,3500.0,1100.0,32531.512,3119.7043,36.521347,16.351604,0.0,0.0
FROM_STREAM_FLOW_OUT,12,4,0.0,173263.03,26465.953,813928200.0,120022216.0,2831840300.0,9009035000.0,0.0,0.0
FROM_ZONE_0,12,4,0.0,0.0,0.0,0.0,0.0,0.0,0.0,0.0,0.0
FROM_haweaflat,12,4,0.0,0.0,488.2416,153085.77,22718.893,0.0,0.0,0.0,0.0
FROM_moraine_top,12,4,0.0,167256.03,0.0,0.0,0.0,0.0,0.0,0.0,0.0
FROM_river_zone,12,4,0.0,12449.439,0.0,0.0,31134.861,0.0,42.293537,65.13424,0.0
FROM_main_terrace,12,4,0.0,889.4155,0.0,266.42786,0.0,6506.912,67672.61,6242.9365,0.0
FROM_sandy_point,12,4,0.0,0.0,0.0,0.0,1680.8308,0.0,44.89074,0.0,0.0
FROM_clutha,12,4,0.0,0.0,0.0,3.3348596,1776.581,12.865154,0.0,937.13965,0.0
FROM_sub_terrace,12,4,0.0,0.0,0.0,75.88597,435.11078,0.0,7543.6416,0.0,0.0
FROM_mangawera,12,4,0.0,0.0,0.0,3695.8203,0.0,0.0,0.0,0.0,0.0
TOTAL_IN,12,4,0.0,373598.12,194076.81,814123800.0,120106830.0,2831848700.0,9009112000.0,8500.541,3987.1516
TO_STORAGE,12,4,0.0,18631.334,14.966211,3683.5132,970.23126,0.0010697577,7.5998487,5.18093,0.72841984
TO_CONSTANT_HEAD,12,4,0.0,0.0,0.0,0.0,0.0,0.0,0.0,0.0,0.0
TO_WELLS,12,4,0.0,5505.3066,0.0,0.0,445.89493,28.567646,0.0,440.7458,290.60635
TO_HEAD_DEP_BOUNDS,12,4,0.0,0.0,335.11182,0.0,0.0,0.0,0.0,0.0,0.0
TO_RECHARGE,12,4,0.0,0.0,0.0,0.0,0.0,0.0,0.0,0.0,0.0
TO_STREAM_LEAKAGE,12,4,0.0,0.0,0.0,148225.66,1632.4711,6696.3384,74823.266,0.0,0.0
TO_STREAM_FLOW_OUT,12,4,0.0,0.0,0.0,0.0,0.0,0.0,0.0,0.0,0.0
TO_ZONE_0,12,4,0.0,0.0,0.0,0.0,0.0,0.0,0.0,0.0,0.0
TO_haweaflat,12,4,0.0,0.0,167256.03,12449.439,889.4155,0.0,0.0,0.0,0.0
TO_moraine_top,12,4,0.0,488.2416,0.0,0.0,0.0,0.0,0.0,0.0,0.0
TO_river_zone,12,4,0.0,153085.77,0.0,0.0,266.42786,0.0,3.3348596,75.88597,3695.8203
TO_main_terrace,12,4,0.0,22718.893,0.0,31134.861,0.0,1680.8308,1776.581,435.11078,0.0
TO_sandy_point,12,4,0.0,0.0,0.0,0.0,6506.912,0.0,12.865154,0.0,0.0
TO_clutha,12,4,0.0,0.0,0.0,42.293537,67672.61,44.89074,0.0,7543.6416,0.0
TO_sub_terrace,12,4,0.0,0.0,0.0,65.13424,6242.9365,0.0,937.13965,0.0,0.0
TO_mangawera,12,4,0.0,0.0,0.0,0.0,0.0,0.0,0.0,0.0,0.0
TOTAL_OUT,12,4,0.0,200429.55,167606.11,195600.9,84626.9,8450.629,77560.79,8500.565,3987.155
IN-OUT,12,4,0.0,173168.58,26470.703,813928200.0,120022210.0,2831840300.0,9009034000.0,0.024414062,0.0034179688
PERCENT_DISCREPANCY,12,4,,60.334576,14.637518,199.90393,199.71837,199.99881,199.99654,0.0002872056,8.572454e-05
FROM_STORAGE,13,4,0.0,113.09141,1557.7537,0.00045471976,0.0074418406,0.0010171512,0.0010344496,1.0273301e-05,0.008985717
FROM_CONSTANT_HEAD,13,4,0.0,0.0,0.0,0.0,0.0,0.0,0.0,0.0,0.0
FROM_WELLS,13,4,0.0,4777.7715,18.260052,1438.9762,8504.589,0.0,0.0,77.06712,1081.1698
FROM_HEAD_DEP_BOUNDS,13,4,0.0,0.0,160571.5,0.0,0.0,0.0,0.0,0.0,0.0
FROM_RECHARGE,13,4,0.0,11435.957,1631.3204,4484.366,15251.537,1894.4105,2240.9023,1178.2632,2905.9722
FROM_STREAM_LEAKAGE,13,4,0.0,3500.0,1100.0,32520.586,3119.7043,36.521347,16.351604,0.0,0.0
FROM_STREAM_FLOW_OUT,13,4,0.0,173263.03,26465.953,814059140.0,120024370.0,2831841300.0,9009043000.0,0.0,0.0
FROM_ZONE_0,13,4,0.0,0.0,0.0,0.0,0.0,0.0,0.0,0.0,0.0
FROM_haweaflat,13,4,0.0,0.0,497.99103,153751.25,22816.863,0.0,0.0,0.0,0.0
FROM_moraine_top,13,4,0.0,165025.4,0.0,0.0,0.0,0.0,0.0,0.0,0.0
FROM_river_zone,13,4,0.0,12432.777,0.0,0.0,31128.191,0.0,42.29358,65.12259,0.0
FROM_main_terrace,13,4,0.0,890.4739,0.0,266.9286,0.0,6506.912,67681.2,6244.422,0.0
FROM_sandy_point,13,4,0.0,0.0,0.0,0.0,1680.8308,0.0,44.89074,0.0,0.0
FROM_clutha,13,4,0.0,0.0,0.0,3.3348596,1777.3672,12.865154,0.0,937.3231,0.0
FROM_sub_terrace,13,4,0.0,0.0,0.0,75.91826,434.8861,0.0,7544.7637,0.0,0.0
FROM_mangawera,13,4,0.0,0.0,0.0,3695.833,0.0,0.0,0.0,0.0,0.0
TOTAL_IN,13,4,0.0,371438.5,191842.78,814255360.0,120109070.0,2831849700.0,9009120000.0,8502.198,3987.151
TO_STORAGE,13,4,0.0,15683.512,6.805782e-15,3304.152,1050.8596,0.0010608668,8.837322,5.9146423,0.71537554
TO_CONSTANT_HEAD,13,4,0.0,0.0,0.0,0.0,0.0,0.0,0.0,0.0,0.0
TO_WELLS,13,4,0.0,5505.3066,0.0,0.0,445.89493,28.567646,0.0,440.7458,290.60635
TO_HEAD_DEP_BOUNDS,13,4,0.0,0.0,340.5581,0.0,0.0,0.0,0.0,0.0,0.0
TO_RECHARGE,13,4,0.0,0.0,0.0,0.0,0.0,0.0,0.0,0.0,0.0
TO_STREAM_LEAKAGE,13,4,0.0,0.0,0.0,149281.56,1632.4711,6696.3384,74830.766,0.0,0.0
TO_STREAM_FLOW_OUT,13,4,0.0,0.0,0.0,0.0,0.0,0.0,0.0,0.0,0.0
TO_ZONE_0,13,4,0.0,0.0,0.0,0.0,0.0,0.0,0.0,0.0,0.0
TO_haweaflat,13,4,0.0,0.0,165025.4,12432.777,890.4739,0.0,0.0,0.0,0.0
TO_moraine_top,13,4,0.0,497.99103,0.0,0.0,0.0,0.0,0.0,0.0,0.0
TO_river_zone,13,4,0.0,153751.25,0.0,0.0,266.9286,0.0,3.3348596,75.91826,3695.833
TO_main_terrace,13,4,0.0,22816.863,0.0,31128.191,0.0,1680.8308,1777.3672,434.8861,0.0
TO_sandy_point,13,4,0.0,0.0,0.0,0.0,6506.912,0.0,12.865154,0.0,0.0
TO_clutha,13,4,0.0,0.0,0.0,42.29358,67681.2,44.89074,0.0,7544.7637,0.0
TO_sub_terrace,13,4,0.0,0.0,0.0,65.12259,6244.422,0.0,937.3231,0.0,0.0
TO_mangawera,13,4,0.0,0.0,0.0,0.0,0.0,0.0,0.0,0.0,0.0
TOTAL_OUT,13,4,0.0,198254.92,165365.97,196254.11,84719.164,8450.629,77570.49,8502.229,3987.1548
IN-OUT,13,4,0.0,173183.58,26476.812,814059140.0,120024350.0,2831841300.0,9009042000.0,0.030273438,0.00390625
PERCENT_DISCREPANCY,13,4,,60.798866,14.82428,199.90363,199.71805,199.99881,199.99655,0.0003560654,9.7970915e-05
FROM_STORAGE,14,4,0.0,415.0129,2446.566,5.5196857,0.0071068066,0.0010171384,0.0009714257,6.688928e-06,0.008240876
FROM_CONSTANT_HEAD,14,4,0.0,0.0,0.0,0.0,0.0,0.0,0.0,0.0,0.0
FROM_WELLS,14,4,0.0,4777.7715,18.260052,1438.9762,8504.589,0.0,0.0,77.06712,1081.1698
FROM_HEAD_DEP_BOUNDS,14,4,0.0,0.0,156827.33,0.0,0.0,0.0,0.0,0.0,0.0
FROM_RECHARGE,14,4,0.0,11435.957,1631.3204,4484.366,15251.537,1894.4105,2240.9023,1178.2632,2905.9722
FROM_STREAM_LEAKAGE,14,4,0.0,3500.0,1100.0,32509.58,3119.7043,36.521347,16.351604,0.0,0.0
FROM_STREAM_FLOW_OUT,14,4,0.0,173263.03,26465.953,814155100.0,120025950.0,2831841800.0,9009048000.0,0.0,0.0
FROM_ZONE_0,14,4,0.0,0.0,0.0,0.0,0.0,0.0,0.0,0.0,0.0
FROM_haweaflat,14,4,0.0,0.0,507.4878,154056.67,22908.89,0.0,0.0,0.0,0.0
FROM_moraine_top,14,4,0.0,162114.47,0.0,0.0,0.0,0.0,0.0,0.0,0.0
FROM_river_zone,14,4,0.0,12404.532,0.0,0.0,31120.764,0.0,42.29371,65.11026,0.0
FROM_main_terrace,14,4,0.0,892.2186,0.0,267.46082,0.0,6506.912,67690.71,6245.9873,0.0
FROM_sandy_point,14,4,0.0,0.0,0.0,0.0,1680.8308,0.0,44.890743,0.0,0.0
FROM_clutha,14,4,0.0,0.0,0.0,3.3348598,1778.2053,12.865154,0.0,937.52234,0.0
FROM_sub_terrace,14,4,0.0,0.0,0.0,75.95398,434.66205,0.0,7546.0,0.0,0.0
FROM_mangawera,14,4,0.0,0.0,0.0,3695.8574,0.0,0.0,0.0,0.0,0.0
TOTAL_IN,14,4,0.0,368803.0,188996.92,814351600.0,120110744.0,2831850200.0,9009124000.0,8503.95,3987.1504
TO_STORAGE,14,4,0.0,12624.4,0.0,2856.4285,1123.0907,0.0010611735,10.068335,6.6208315,0.68954307
TO_CONSTANT_HEAD,14,4,0.0,0.0,0.0,0.0,0.0,0.0,0.0,0.0,0.0
TO_WELLS,14,4,0.0,5505.3066,0.0,0.0,445.89493,28.567646,0.0,440.7458,290.60635
TO_HEAD_DEP_BOUNDS,14,4,0.0,0.0,399.83447,0.0,0.0,0.0,0.0,0.0,0.0
TO_RECHARGE,14,4,0.0,0.0,0.0,0.0,0.0,0.0,0.0,0.0,0.0
TO_STREAM_LEAKAGE,14,4,0.0,0.0,0.0,150063.05,1632.4711,6696.3384,74839.27,0.0,0.0
TO_STREAM_FLOW_OUT,14,4,0.0,0.0,0.0,0.0,0.0,0.0,0.0,0.0,0.0
TO_ZONE_0,14,4,0.0,0.0,0.0,0.0,0.0,0.0,0.0,0.0,0.0
TO_haweaflat,14,4,0.0,0.0,162114.47,12404.532,892.2186,0.0,0.0,0.0,0.0
TO_moraine_top,14,4,0.0,507.4878,0.0,0.0,0.0,0.0,0.0,0.0,0.0
TO_river_zone,14,4,0.0,154056.67,0.0,0.0,267.46082,0.0,3.3348598,75.95398,3695.8574
TO_main_terrace,14,4,0.0,22908.89,0.0,31120.764,0.0,1680.8308,1778.2053,434.66205,0.0
TO_sandy_point,14,4,0.0,0.0,0.0,0.0,6506.912,0.0,12.865154,0.0,0.0
TO_clutha,14,4,0.0,0.0,0.0,42.29371,67690.71,44.890743,0.0,7546.0,0.0
TO_sub_terrace,14,4,0.0,0.0,0.0,65.11026,6245.9873,0.0,937.52234,0.0,0.0
TO_mangawera,14,4,0.0,0.0,0.0,0.0,0.0,0.0,0.0,0.0,0.0
TOTAL_OUT,14,4,0.0,195602.77,162514.3,196552.17,84804.74,8450.629,77581.27,8503.982,3987.1533
IN-OUT,14,4,0.0,173200.23,26482.625,814155100.0,120025940.0,2831841800.0,9009047000.0,0.032226562,0.0029296875
PERCENT_DISCREPANCY,14,4,,61.37437,15.067869,199.90347,199.71777,199.9988,199.99654,0.00037895917,7.34782e-05
FROM_STORAGE,15,4,0.0,1639.8218,3250.7278,57.42164,0.006808328,0.0010143579,0.0009449617,9.541285e-06,0.0072338064
FROM_CONSTANT_HEAD,15,4,0.0,0.0,0.0,0.0,0.0,0.0,0.0,0.0,0.0
FROM_WELLS,15,4,0.0,4777.7715,18.260052,1438.9762,8504.589,0.0,0.0,77.06712,1081.1698
FROM_HEAD_DEP_BOUNDS,15,4,0.0,0.0,152538.3,0.0,0.0,0.0,0.0,0.0,0.0
FROM_RECHARGE,15,4,0.0,11435.957,1631.3204,4484.366,15251.537,1894.4105,2240.9023,1178.2632,2905.9722
FROM_STREAM_LEAKAGE,15,4,0.0,3500.0,1100.0,32498.227,3119.7043,36.521347,16.351604,0.0,0.0
FROM_STREAM_FLOW_OUT,15,4,0.0,173263.03,26465.953,814213900.0,120026950.0,2831842300.0,9009052000.0,0.0,0.0
FROM_ZONE_0,15,4,0.0,0.0,0.0,0.0,0.0,0.0,0.0,0.0,0.0
FROM_haweaflat,15,4,0.0,0.0,517.0691,153984.0,22990.451,0.0,0.0,0.0,0.0
FROM_moraine_top,15,4,0.0,158555.61,0.0,0.0,0.0,0.0,0.0,0.0,0.0
FROM_river_zone,15,4,0.0,12364.58,0.0,0.0,31112.46,0.0,42.293793,65.09755,0.0
FROM_main_terrace,15,4,0.0,894.07733,0.0,268.01685,0.0,6506.9126,67701.03,6247.604,0.0
FROM_sandy_point,15,4,0.0,0.0,0.0,0.0,1680.8308,0.0,44.890743,0.0,0.0
FROM_clutha,15,4,0.0,0.0,0.0,3.33486,1779.0812,12.865154,0.0,937.735,0.0
FROM_sub_terrace,15,4,0.0,0.0,0.0,75.99279,434.44354,0.0,7547.339,0.0,0.0
FROM_mangawera,15,4,0.0,0.0,0.0,3695.895,0.0,0.0,0.0,0.0,0.0
TOTAL_IN,15,4,0.0,366430.84,185521.62,814410400.0,120111816.0,2831850800.0,9009128000.0,8505.767,3987.1492
TO_STORAGE,15,4,0.0,10217.418,8.081441e-05,2385.8147,1182.9675,0.0010642788,11.264259,7.2815094,0.65091264
TO_CONSTANT_HEAD,15,4,0.0,0.0,0.0,0.0,0.0,0.0,0.0,0.0,0.0
TO_WELLS,15,4,0.0,5505.3066,0.0,0.0,445.89493,28.567646,0.0,440.7458,290.60635
TO_HEAD_DEP_BOUNDS,15,4,0.0,0.0,478.31152,0.0,0.0,0.0,0.0,0.0,0.0
TO_RECHARGE,15,4,0.0,0.0,0.0,0.0,0.0,0.0,0.0,0.0,0.0
TO_STREAM_LEAKAGE,15,4,0.0,0.0,0.0,150548.02,1632.4711,6696.3384,74848.5,0.0,0.0
TO_STREAM_FLOW_OUT,15,4,0.0,0.0,0.0,0.0,0.0,0.0,0.0,0.0,0.0
TO_ZONE_0,15,4,0.0,0.0,0.0,0.0,0.0,0.0,0.0,0.0,0.0
TO_haweaflat,15,4,0.0,0.0,158555.61,12364.58,894.07733,0.0,0.0,0.0,0.0
TO_moraine_top,15,4,0.0,517.0691,0.0,0.0,0.0,0.0,0.0,0.0,0.0
TO_river_zone,15,4,0.0,153984.0,0.0,0.0,268.01685,0.0,3.33486,75.99279,3695.895
TO_main_terrace,15,4,0.0,22990.451,0.0,31112.46,0.0,1680.8308,1779.0812,434.44354,0.0
TO_sandy_point,15,4,0.0,0.0,0.0,0.0,6506.9126,0.0,12.865154,0.0,0.0
TO_clutha,15,4,0.0,0.0,0.0,42.293793,67701.03,44.890743,0.0,7547.339,0.0
TO_sub_terrace,15,4,0.0,0.0,0.0,65.09755,6247.604,0.0,937.735,0.0,0.0
TO_mangawera,15,4,0.0,0.0,0.0,0.0,0.0,0.0,0.0,0.0,0.0
TOTAL_OUT,15,4,0.0,193214.25,159033.92,196518.27,84878.98,8450.629,77592.78,8505.803,3987.1523
IN-OUT,15,4,0.0,173216.6,26487.703,814213800.0,120026936.0,2831842300.0,9009051000.0,0.036132812,0.0031738281
PERCENT_DISCREPANCY,15,4,,61.902298,15.374996,199.9035,199.71753,199.99881,199.99654,0.0004248028,7.960141e-05
FROM_STORAGE,16,4,0.0,3643.4668,3964.5212,169.25381,0.0065304334,0.0010114096,0.00090946304,6.0710163e-06,0.006277745
FROM_CONSTANT_HEAD,16,4,0.0,0.0,0.0,0.0,0.0,0.0,0.0,0.0,0.0
FROM_WELLS,16,4,0.0,4777.7715,18.260052,1438.9762,8504.589,0.0,0.0,77.06712,1081.1698
FROM_HEAD_DEP_BOUNDS,16,4,0.0,0.0,147770.03,0.0,0.0,0.0,0.0,0.0,0.0
FROM_RECHARGE,16,4,0.0,11435.957,1631.3204,4484.366,15251.537,1894.4105,2240.9023,1178.2632,2905.9722
FROM_STREAM_LEAKAGE,16,4,0.0,3500.0,1100.0,32486.602,3119.7043,36.521347,16.351604,0.0,0.0
FROM_STREAM_FLOW_OUT,16,4,0.0,173263.03,26465.953,814233500.0,120027310.0,2831842600.0,9009054000.0,0.0,0.0
FROM_ZONE_0,16,4,0.0,0.0,0.0,0.0,0.0,0.0,0.0,0.0,0.0
FROM_haweaflat,16,4,0.0,0.0,526.43176,153529.28,23059.473,0.0,0.0,0.0,0.0
FROM_moraine_top,16,4,0.0,154435.88,0.0,0.0,0.0,0.0,0.0,0.0,0.0
FROM_river_zone,16,4,0.0,12313.311,0.0,0.0,31103.314,0.0,42.29389,65.08462,0.0
FROM_main_terrace,16,4,0.0,895.90076,0.0,268.58533,0.0,6506.9126,67712.016,6249.2393,0.0
FROM_sandy_point,16,4,0.0,0.0,0.0,0.0,1680.8307,0.0,44.890743,0.0,0.0
FROM_clutha,16,4,0.0,0.0,0.0,3.3348606,1779.9762,12.865154,0.0,937.9573,0.0
FROM_sub_terrace,16,4,0.0,0.0,0.0,76.03415,434.23712,0.0,7548.761,0.0,0.0
FROM_mangawera,16,4,0.0,0.0,0.0,3695.9443,0.0,0.0,0.0,0.0,0.0
TOTAL_IN,16,4,0.0,364265.3,181476.53,814429630.0,120112230.0,2831851000.0,9009130000.0,8507.611,3987.1482
TO_STORAGE,16,4,0.0,8383.102,0.0027017787,1909.0548,1222.9685,0.0010675768,12.328914,7.8349605,0.5973645
TO_CONSTANT_HEAD,16,4,0.0,0.0,0.0,0.0,0.0,0.0,0.0,0.0,0.0
TO_WELLS,16,4,0.0,5505.3066,0.0,0.0,445.89493,28.567646,0.0,440.7458,290.60635
TO_HEAD_DEP_BOUNDS,16,4,0.0,0.0,573.3579,0.0,0.0,0.0,0.0,0.0,0.0
TO_RECHARGE,16,4,0.0,0.0,0.0,0.0,0.0,0.0,0.0,0.0,0.0
TO_STREAM_LEAKAGE,16,4,0.0,0.0,0.0,150719.86,1632.4711,6696.3384,74858.695,0.0,0.0
TO_STREAM_FLOW_OUT,16,4,0.0,0.0,0.0,0.0,0.0,0.0,0.0,0.0,0.0
TO_ZONE_0,16,4,0.0,0.0,0.0,0.0,0.0,0.0,0.0,0.0,0.0
TO_haweaflat,16,4,0.0,0.0,154435.88,12313.311,895.90076,0.0,0.0,0.0,0.0
TO_moraine_top,16,4,0.0,526.43176,0.0,0.0,0.0,0.0,0.0,0.0,0.0
TO_river_zone,16,4,0.0,153529.28,0.0,0.0,268.58533,0.0,3.3348606,76.03415,3695.9443
TO_main_terrace,16,4,0.0,23059.473,0.0,31103.314,0.0,1680.8307,1779.9762,434.23712,0.0
TO_sandy_point,16,4,0.0,0.0,0.0,0.0,6506.9126,0.0,12.865154,0.0,0.0
TO_clutha,16,4,0.0,0.0,0.0,42.29389,67712.016,44.890743,0.0,7548.761,0.0
TO_sub_terrace,16,4,0.0,0.0,0.0,65.08462,6249.2393,0.0,937.9573,0.0,0.0
TO_mangawera,16,4,0.0,0.0,0.0,0.0,0.0,0.0,0.0,0.0,0.0
TOTAL_OUT,16,4,0.0,191003.6,155009.23,196152.92,84933.99,8450.629,77605.164,8507.613,3987.148
IN-OUT,16,4,0.0,173261.72,26467.297,814233500.0,120027300.0,2831842600.0,9009053000.0,0.001953125,0.00024414062
PERCENT_DISCREPANCY,16,4,,62.40642,15.731601,199.90367,199.71735,199.99881,199.99654,2.2957382e-05,6.1231895e-06
FROM_STORAGE,17,4,0.0,5973.754,4833.547,317.50427,0.0062790406,0.0010087999,0.0008962479,6.4899314e-06,0.005158566
FROM_CONSTANT_HEAD,17,4,0.0,0.0,0.0,0.0,0.0,0.0,0.0,0.0,0.0
FROM_WELLS,17,4,0.0,4777.7715,18.260052,1438.9762,8504.589,0.0,0.0,77.06712,1081.1698
FROM_HEAD_DEP_BOUNDS,17,4,0.0,0.0,142658.6,0.0,0.0,0.0,0.0,0.0,0.0
FROM_RECHARGE,17,4,0.0,11435.957,1631.3204,4484.366,15251.537,1894.4105,2240.9023,1178.2632,2905.9722
FROM_STREAM_LEAKAGE,17,4,0.0,3500.0,1100.0,32475.05,3119.7043,36.521347,16.351604,0.0,0.0
FROM_STREAM_FLOW_OUT,17,4,0.0,173263.03,26465.953,814214000.0,120027064.0,2831843300.0,9009055000.0,0.0,0.0
FROM_ZONE_0,17,4,0.0,0.0,0.0,0.0,0.0,0.0,0.0,0.0,0.0
FROM_haweaflat,17,4,0.0,0.0,535.05066,152744.08,23114.322,0.0,0.0,0.0,0.0
FROM_moraine_top,17,4,0.0,150109.98,0.0,0.0,0.0,0.0,0.0,0.0,0.0
FROM_river_zone,17,4,0.0,12252.801,0.0,0.0,31093.742,0.0,42.294064,65.07173,0.0
FROM_main_terrace,17,4,0.0,897.64856,0.0,269.16086,0.0,6506.9126,67723.555,6250.8726,0.0
FROM_sandy_point,17,4,0.0,0.0,0.0,0.0,1680.8307,0.0,44.890743,0.0,0.0
FROM_clutha,17,4,0.0,0.0,0.0,3.334862,1780.8751,12.865154,0.0,938.18646,0.0
FROM_sub_terrace,17,4,0.0,0.0,0.0,76.07769,434.0456,0.0,7550.249,0.0,0.0
FROM_mangawera,17,4,0.0,0.0,0.0,3696.005,0.0,0.0,0.0,0.0,0.0
TOTAL_IN,17,4,0.0,362210.97,177242.73,814409540.0,120112040.0,2831851800.0,9009132000.0,8509.461,3987.147
TO_STORAGE,17,4,0.0,7049.5757,0.0,1466.7389,1253.4502,0.0010705367,13.353843,8.345418,0.53593177
TO_CONSTANT_HEAD,17,4,0.0,0.0,0.0,0.0,0.0,0.0,0.0,0.0,0.0
TO_WELLS,17,4,0.0,5505.3066,0.0,0.0,445.89493,28.567646,0.0,440.7458,290.60635
TO_HEAD_DEP_BOUNDS,17,4,0.0,0.0,665.1953,0.0,0.0,0.0,0.0,0.0,0.0
TO_RECHARGE,17,4,0.0,0.0,0.0,0.0,0.0,0.0,0.0,0.0,0.0
TO_STREAM_LEAKAGE,17,4,0.0,0.0,0.0,150584.72,1632.4711,6696.3384,74869.55,0.0,0.0
TO_STREAM_FLOW_OUT,17,4,0.0,0.0,0.0,0.0,0.0,0.0,0.0,0.0,0.0
TO_ZONE_0,17,4,0.0,0.0,0.0,0.0,0.0,0.0,0.0,0.0,0.0
TO_haweaflat,17,4,0.0,0.0,150109.98,12252.801,897.64856,0.0,0.0,0.0,0.0
TO_moraine_top,17,4,0.0,535.05066,0.0,0.0,0.0,0.0,0.0,0.0,0.0
TO_river_zone,17,4,0.0,152744.08,0.0,0.0,269.16086,0.0,3.334862,76.07769,3696.005
TO_main_terrace,17,4,0.0,23114.322,0.0,31093.742,0.0,1680.8307,1780.8751,434.0456,0.0
TO_sandy_point,17,4,0.0,0.0,0.0,0.0,6506.9126,0.0,12.865154,0.0,0.0
TO_clutha,17,4,0.0,0.0,0.0,42.294064,67723.555,44.890743,0.0,7550.249,0.0
TO_sub_terrace,17,4,0.0,0.0,0.0,65.07173,6250.8726,0.0,938.18646,0.0,0.0
TO_mangawera,17,4,0.0,0.0,0.0,0.0,0.0,0.0,0.0,0.0,0.0
TOTAL_OUT,17,4,0.0,188948.34,150775.19,195505.38,84979.97,8450.629,77618.164,8509.464,3987.1472
IN-OUT,17,4,0.0,173262.62,26467.547,814214000.0,120027064.0,2831843300.0,9009054000.0,0.0029296875,0.00024414062
PERCENT_DISCREPANCY,17,4,,62.872066,16.137865,199.90399,199.71721,199.99881,199.99655,3.4428584e-05,6.123191e-06
FROM_STORAGE,18,4,0.0,8252.804,5855.4336,440.7684,0.006078874,0.0010063882,0.0008753949,2.4541719e-06,0.0038994271
FROM_CONSTANT_HEAD,18,4,0.0,0.0,0.0,0.0,0.0,0.0,0.0,0.0,0.0
FROM_WELLS,18,4,0.0,4777.7715,18.260052,1438.9762,8504.589,0.0,0.0,77.06712,1081.1698
FROM_HEAD_DEP_BOUNDS,18,4,0.0,0.0,137462.27,0.0,0.0,0.0,0.0,0.0,0.0
FROM_RECHARGE,18,4,0.0,11435.957,1631.3204,4484.366,15251.537,1894.4105,2240.9023,1178.2632,2905.9722
FROM_STREAM_LEAKAGE,18,4,0.0,3500.0,1100.0,32464.04,3119.7043,36.521347,16.351604,0.0,0.0
FROM_STREAM_FLOW_OUT,18,4,0.0,173263.03,26465.953,814165440.0,120026370.0,2831844400.0,9009056000.0,0.0,0.0
FROM_ZONE_0,18,4,0.0,0.0,0.0,0.0,0.0,0.0,0.0,0.0,0.0
FROM_haweaflat,18,4,0.0,0.0,542.7613,151814.27,23155.232,0.0,0.0,0.0,0.0
FROM_moraine_top,18,4,0.0,145858.42,0.0,0.0,0.0,0.0,0.0,0.0,0.0
FROM_river_zone,18,4,0.0,12189.908,0.0,0.0,31083.865,0.0,42.294235,65.059044,0.0
FROM_main_terrace,18,4,0.0,899.27295,0.0,269.7365,0.0,6506.9126,67735.51,6252.488,0.0
FROM_sandy_point,18,4,0.0,0.0,0.0,0.0,1680.8307,0.0,44.890743,0.0,0.0
FROM_clutha,18,4,0.0,0.0,0.0,3.3348644,1781.7639,12.865154,0.0,938.42017,0.0
FROM_sub_terrace,18,4,0.0,0.0,0.0,76.12283,433.87115,0.0,7551.788,0.0,0.0
FROM_mangawera,18,4,0.0,0.0,0.0,3696.072,0.0,0.0,0.0,0.0,0.0
TOTAL_IN,18,4,0.0,360177.2,173076.0,814360100.0,120111370.0,2831852800.0,9009133000.0,8511.297,3987.146
TO_STORAGE,18,4,0.0,5896.0903,0.00012691718,1097.0186,1269.4442,0.0010732522,14.269501,8.771731,0.46749604
TO_CONSTANT_HEAD,18,4,0.0,0.0,0.0,0.0,0.0,0.0,0.0,0.0,0.0
TO_WELLS,18,4,0.0,5505.3066,0.0,0.0,445.89493,28.567646,0.0,440.7458,290.60635
TO_HEAD_DEP_BOUNDS,18,4,0.0,0.0,749.70654,0.0,0.0,0.0,0.0,0.0,0.0
TO_RECHARGE,18,4,0.0,0.0,0.0,0.0,0.0,0.0,0.0,0.0,0.0
TO_STREAM_LEAKAGE,18,4,0.0,0.0,0.0,150209.78,1632.4711,6696.3384,74881.195,0.0,0.0
TO_STREAM_FLOW_OUT,18,4,0.0,0.0,0.0,0.0,0.0,0.0,0.0,0.0,0.0
TO_ZONE_0,18,4,0.0,0.0,0.0,0.0,0.0,0.0,0.0,0.0,0.0
TO_haweaflat,18,4,0.0,0.0,145858.42,12189.908,899.27295,0.0,0.0,0.0,0.0
TO_moraine_top,18,4,0.0,542.7613,0.0,0.0,0.0,0.0,0.0,0.0,0.0
TO_river_zone,18,4,0.0,151814.27,0.0,0.0,269.7365,0.0,3.3348644,76.12283,3696.072
TO_main_terrace,18,4,0.0,23155.232,0.0,31083.865,0.0,1680.8307,1781.7639,433.87115,0.0
TO_sandy_point,18,4,0.0,0.0,0.0,0.0,6506.9126,0.0,12.865154,0.0,0.0
TO_clutha,18,4,0.0,0.0,0.0,42.294235,67735.51,44.890743,0.0,7551.788,0.0
TO_sub_terrace,18,4,0.0,0.0,0.0,65.059044,6252.488,0.0,938.42017,0.0,0.0
TO_mangawera,18,4,0.0,0.0,0.0,0.0,0.0,0.0,0.0,0.0,0.0
TOTAL_OUT,18,4,0.0,186913.66,146608.12,194687.92,85011.73,8450.629,77631.85,8511.3,3987.146
IN-OUT,18,4,0.0,173263.53,26467.875,814165440.0,120026360.0,2831844400.0,9009055000.0,0.0029296875,0.0
PERCENT_DISCREPANCY,18,4,,63.33995,16.558767,199.90439,199.7171,199.99881,199.99655,3.4421155e-05,0.0
FROM_STORAGE,19,4,0.0,10837.955,6481.6836,700.9236,0.0058373595,0.0010051297,0.0008662698,2.525825e-06,0.0033424546
FROM_CONSTANT_HEAD,19,4,0.0,0.0,0.0,0.0,0.0,0.0,0.0,0.0,0.0
FROM_WELLS,19,4,0.0,4777.7715,18.260052,1438.9762,8504.589,0.0,0.0,77.06712,1081.1698
FROM_HEAD_DEP_BOUNDS,19,4,0.0,0.0,132257.6,0.0,0.0,0.0,0.0,0.0,0.0
FROM_RECHARGE,19,4,0.0,11435.957,1631.3204,4484.366,15251.537,1894.4105,2240.9023,1178.2632,2905.9722
FROM_STREAM_LEAKAGE,19,4,0.0,3500.0,1100.0,32453.375,3119.7043,36.521347,16.351604,0.0,0.0
FROM_STREAM_FLOW_OUT,19,4,0.0,173263.03,26465.953,814089200.0,120025210.0,2831845400.0,9009056000.0,0.0,0.0
FROM_ZONE_0,19,4,0.0,0.0,0.0,0.0,0.0,0.0,0.0,0.0,0.0
FROM_haweaflat,19,4,0.0,0.0,549.3288,150610.52,23182.63,0.0,0.0,0.0,0.0
FROM_moraine_top,19,4,0.0,141170.81,0.0,0.0,0.0,0.0,0.0,0.0,0.0
FROM_river_zone,19,4,0.0,12124.699,0.0,0.0,31073.785,0.0,42.294468,65.04674,0.0
FROM_main_terrace,19,4,0.0,900.76013,0.0,270.30695,0.0,6506.9126,67747.78,6254.065,0.0
FROM_sandy_point,19,4,0.0,0.0,0.0,0.0,1680.8307,0.0,44.890747,0.0,0.0
FROM_clutha,19,4,0.0,0.0,0.0,3.3348672,1782.6305,12.865154,0.0,938.6562,0.0
FROM_sub_terrace,19,4,0.0,0.0,0.0,76.16939,433.71643,0.0,7553.3623,0.0,0.0
FROM_mangawera,19,4,0.0,0.0,0.0,3696.1426,0.0,0.0,0.0,0.0,0.0
TOTAL_IN,19,4,0.0,358010.97,168504.14,814282940.0,120110230.0,2831853800.0,9009133000.0,8513.098,3987.1453
TO_STORAGE,19,4,0.0,4872.6133,0.0013675981,816.1591,1277.6157,0.0010748277,15.132368,9.14922,0.3982956
TO_CONSTANT_HEAD,19,4,0.0,0.0,0.0,0.0,0.0,0.0,0.0,0.0,0.0
TO_WELLS,19,4,0.0,5505.3066,0.0,0.0,445.89493,28.567646,0.0,440.7458,290.60635
TO_HEAD_DEP_BOUNDS,19,4,0.0,0.0,825.792,0.0,0.0,0.0,0.0,0.0,0.0
TO_RECHARGE,19,4,0.0,0.0,0.0,0.0,0.0,0.0,0.0,0.0,0.0
TO_STREAM_LEAKAGE,19,4,0.0,0.0,0.0,149613.17,1632.4711,6696.3384,74893.19,0.0,0.0
TO_STREAM_FLOW_OUT,19,4,0.0,0.0,0.0,0.0,0.0,0.0,0.0,0.0,0.0
TO_ZONE_0,19,4,0.0,0.0,0.0,0.0,0.0,0.0,0.0,0.0,0.0
TO_haweaflat,19,4,0.0,0.0,141170.81,12124.699,900.76013,0.0,0.0,0.0,0.0
TO_moraine_top,19,4,0.0,549.3288,0.0,0.0,0.0,0.0,0.0,0.0,0.0
TO_river_zone,19,4,0.0,150610.52,0.0,0.0,270.30695,0.0,3.3348672,76.16939,3696.1426
TO_main_terrace,19,4,0.0,23182.63,0.0,31073.785,0.0,1680.8307,1782.6305,433.71643,0.0
TO_sandy_point,19,4,0.0,0.0,0.0,0.0,6506.9126,0.0,12.865154,0.0,0.0
TO_clutha,19,4,0.0,0.0,0.0,42.294468,67747.78,44.890747,0.0,7553.3623,0.0
TO_sub_terrace,19,4,0.0,0.0,0.0,65.04674,6254.065,0.0,938.6562,0.0,0.0
TO_mangawera,19,4,0.0,0.0,0.0,0.0,0.0,0.0,0.0,0.0,0.0
TOTAL_OUT,19,4,0.0,184720.39,141996.61,193735.16,85035.805,8450.629,77645.81,8513.144,3987.1472
IN-OUT,19,4,0.0,173290.58,26507.531,814089200.0,120025200.0,2831845400.0,9009055000.0,0.045898438,0.001953125
PERCENT_DISCREPANCY,19,4,,63.858692,17.074053,199.90485,199.71703,199.9988,199.99655,0.00053914933,4.8985537e-05
FROM_STORAGE,20,4,0.0,13841.555,6454.0522,1136.7052,0.0057069324,0.0010030528,0.00084820273,1.6705181e-06,0.018020106
FROM_CONSTANT_HEAD,20,4,0.0,0.0,0.0,0.0,0.0,0.0,0.0,0.0,0.0
FROM_WELLS,20,4,0.0,4777.7715,18.260052,1438.9762,8504.589,0.0,0.0,77.06712,1081.1698
FROM_HEAD_DEP_BOUNDS,20,4,0.0,0.0,126796.28,0.0,0.0,0.0,0.0,0.0,0.0
FROM_RECHARGE,20,4,0.0,11435.957,1631.3204,4484.366,15251.537,1894.4105,2240.9023,1178.2632,2905.9722
FROM_STREAM_LEAKAGE,20,4,0.0,3500.0,1100.0,32443.479,3119.7043,36.521347,16.351604,0.0,0.0
FROM_STREAM_FLOW_OUT,20,4,0.0,173263.03,26465.953,813975040.0,120023420.0,2831845400.0,9009052000.0,0.0,0.0
FROM_ZONE_0,20,4,0.0,0.0,0.0,0.0,0.0,0.0,0.0,0.0,0.0
FROM_haweaflat,20,4,0.0,0.0,554.8108,148971.94,23194.406,0.0,0.0,0.0,0.0
FROM_moraine_top,20,4,0.0,135647.53,0.0,0.0,0.0,0.0,0.0,0.0,0.0
FROM_river_zone,20,4,0.0,12050.299,0.0,0.0,31063.654,0.0,42.294674,65.03502,0.0
FROM_main_terrace,20,4,0.0,902.0978,0.0,270.86154,0.0,6506.9126,67760.17,6255.5757,0.0
FROM_sandy_point,20,4,0.0,0.0,0.0,0.0,1680.8307,0.0,44.890747,0.0,0.0
FROM_clutha,20,4,0.0,0.0,0.0,3.3348703,1783.4567,12.865154,0.0,938.8901,0.0
FROM_sub_terrace,20,4,0.0,0.0,0.0,76.21644,433.58524,0.0,7554.947,0.0,0.0
FROM_mangawera,20,4,0.0,0.0,0.0,3696.2192,0.0,0.0,0.0,0.0,0.0
TOTAL_IN,20,4,0.0,355418.25,163020.69,814167550.0,120108450.0,2831853800.0,9009128000.0,8514.831,3987.1602
TO_STORAGE,20,4,0.0,3926.3625,0.005890611,586.06824,1258.1204,0.0010771616,15.708629,9.338772,0.3344399
TO_CONSTANT_HEAD,20,4,0.0,0.0,0.0,0.0,0.0,0.0,0.0,0.0,0.0
TO_WELLS,20,4,0.0,5505.3066,0.0,0.0,445.89493,28.567646,0.0,440.7458,290.60635
TO_HEAD_DEP_BOUNDS,20,4,0.0,0.0,905.0161,0.0,0.0,0.0,0.0,0.0,0.0
TO_RECHARGE,20,4,0.0,0.0,0.0,0.0,0.0,0.0,0.0,0.0,0.0
TO_STREAM_LEAKAGE,20,4,0.0,0.0,0.0,148714.97,1632.4711,6696.3384,74905.375,0.0,0.0
TO_STREAM_FLOW_OUT,20,4,0.0,0.0,0.0,0.0,0.0,0.0,0.0,0.0,0.0
TO_ZONE_0,20,4,0.0,0.0,0.0,0.0,0.0,0.0,0.0,0.0,0.0
TO_haweaflat,20,4,0.0,0.0,135647.53,12050.299,902.0978,0.0,0.0,0.0,0.0
TO_moraine_top,20,4,0.0,554.8108,0.0,0.0,0.0,0.0,0.0,0.0,0.0
TO_river_zone,20,4,0.0,148971.94,0.0,0.0,270.86154,0.0,3.3348703,76.21644,3696.2192
TO_main_terrace,20,4,0.0,23194.406,0.0,31063.654,0.0,1680.8307,1783.4567,433.58524,0.0
TO_sandy_point,20,4,0.0,0.0,0.0,0.0,6506.9126,0.0,12.865154,0.0,0.0
TO_clutha,20,4,0.0,0.0,0.0,42.294674,67760.17,44.890747,0.0,7554.947,0.0
TO_sub_terrace,20,4,0.0,0.0,0.0,65.03502,6255.5757,0.0,938.8901,0.0,0.0
TO_mangawera,20,4,0.0,0.0,0.0,0.0,0.0,0.0,0.0,0.0,0.0
TOTAL_OUT,20,4,0.0,182152.83,136552.55,192522.31,85032.11,8450.629,77659.63,8514.833,3987.1602
IN-OUT,20,4,0.0,173265.42,26468.14,813975040.0,120023416.0,2831845400.0,9009051000.0,0.001953125,0.0
PERCENT_DISCREPANCY,20,4,,64.46233,17.670563,199.90544,199.71703,199.9988,199.99654,2.2937917e-05,0.0
FROM_STORAGE,21,4,0.0,16823.342,6464.1753,1703.1133,0.005528806,0.0010124972,0.0008476537,2.9248265e-06,0.06929982
FROM_CONSTANT_HEAD,21,4,0.0,0.0,0.0,0.0,0.0,0.0,0.0,0.0,0.0
FROM_WELLS,21,4,0.0,4777.7715,18.260052,1438.9762,8504.589,0.0,0.0,77.06712,1081.1698
FROM_HEAD_DEP_BOUNDS,21,4,0.0,0.0,121072.21,0.0,0.0,0.0,0.0,0.0,0.0
FROM_RECHARGE,21,4,0.0,11435.957,1631.3204,4484.366,15251.537,1894.4105,2240.9023,1178.2632,2905.9722
FROM_STREAM_LEAKAGE,21,4,0.0,3500.0,1100.0,32434.664,3119.7043,36.521347,16.351604,0.0,0.0
FROM_STREAM_FLOW_OUT,21,4,0.0,173263.03,26465.953,813816000.0,120020936.0,2831846000.0,9009047000.0,0.0,0.0
FROM_ZONE_0,21,4,0.0,0.0,0.0,0.0,0.0,0.0,0.0,0.0,0.0
FROM_haweaflat,21,4,0.0,0.0,558.96857,146879.16,23188.02,0.0,0.0,0.0,0.0
FROM_moraine_top,21,4,0.0,129869.086,0.0,0.0,0.0,0.0,0.0,0.0,0.0
FROM_river_zone,21,4,0.0,11963.668,0.0,0.0,31053.617,0.0,42.294945,65.024185,0.0
FROM_main_terrace,21,4,0.0,903.2639,0.0,271.39105,0.0,6506.9126,67772.49,6256.995,0.0
FROM_sandy_point,21,4,0.0,0.0,0.0,0.0,1680.8307,0.0,44.890747,0.0,0.0
FROM_clutha,21,4,0.0,0.0,0.0,3.3348744,1784.2273,12.865154,0.0,939.1186,0.0
FROM_sub_terrace,21,4,0.0,0.0,0.0,76.263306,433.48047,0.0,7556.5176,0.0,0.0
FROM_mangawera,21,4,0.0,0.0,0.0,3696.3054,0.0,0.0,0.0,0.0,0.0
TOTAL_IN,21,4,0.0,352536.1,157310.89,814007000.0,120105950.0,2831854300.0,9009123000.0,8516.468,3987.2114
TO_STORAGE,21,4,0.0,3138.3313,0.00320858,402.14627,1226.9208,0.0010675604,16.194807,9.461849,0.2994362
TO_CONSTANT_HEAD,21,4,0.0,0.0,0.0,0.0,0.0,0.0,0.0,0.0,0.0
TO_WELLS,21,4,0.0,5505.3066,0.0,0.0,445.89493,28.567646,0.0,440.7458,290.60635
TO_HEAD_DEP_BOUNDS,21,4,0.0,0.0,973.8013,0.0,0.0,0.0,0.0,0.0,0.0
TO_RECHARGE,21,4,0.0,0.0,0.0,0.0,0.0,0.0,0.0,0.0,0.0
TO_STREAM_LEAKAGE,21,4,0.0,0.0,0.0,147460.86,1632.4711,6696.3384,74917.79,0.0,0.0
TO_STREAM_FLOW_OUT,21,4,0.0,0.0,0.0,0.0,0.0,0.0,0.0,0.0,0.0
TO_ZONE_0,21,4,0.0,0.0,0.0,0.0,0.0,0.0,0.0,0.0,0.0
TO_haweaflat,21,4,0.0,0.0,129869.086,11963.668,903.2639,0.0,0.0,0.0,0.0
TO_moraine_top,21,4,0.0,558.96857,0.0,0.0,0.0,0.0,0.0,0.0,0.0
TO_river_zone,21,4,0.0,146879.16,0.0,0.0,271.39105,0.0,3.3348744,76.263306,3696.3054
TO_main_terrace,21,4,0.0,23188.02,0.0,31053.617,0.0,1680.8307,1784.2273,433.48047,0.0
TO_sandy_point,21,4,0.0,0.0,0.0,0.0,6506.9126,0.0,12.865154,0.0,0.0
TO_clutha,21,4,0.0,0.0,0.0,42.294945,67772.49,44.890747,0.0,7556.5176,0.0
TO_sub_terrace,21,4,0.0,0.0,0.0,65.024185,6256.995,0.0,939.1186,0.0,0.0
TO_mangawera,21,4,0.0,0.0,0.0,0.0,0.0,0.0,0.0,0.0,0.0
TOTAL_OUT,21,4,0.0,179269.78,130842.89,190987.61,85016.336,8450.629,77673.53,8516.469,3987.2112
IN-OUT,21,4,0.0,173266.31,26468.0,813816000.0,120020936.0,2831846000.0,9009046000.0,0.0009765625,0.00024414062
PERCENT_DISCREPANCY,21,4,,65.16149,18.370747,199.90617,199.71707,199.99881,199.99654,1.1466754e-05,6.123092e-06
FROM_STORAGE,22,4,0.0,19601.943,6514.168,2273.4983,0.00536805,0.0010113657,0.00083614147,1.6711767e-06,0.13702962
FROM_CONSTANT_HEAD,22,4,0.0,0.0,0.0,0.0,0.0,0.0,0.0,0.0,0.0
FROM_WELLS,22,4,0.0,4777.7715,18.260052,1438.9762,8504.589,0.0,0.0,77.06712,1081.1698
FROM_HEAD_DEP_BOUNDS,22,4,0.0,0.0,115327.125,0.0,0.0,0.0,0.0,0.0,0.0
FROM_RECHARGE,22,4,0.0,11435.957,1631.3204,4484.366,15251.537,1894.4105,2240.9023,1178.2632,2905.9722
FROM_STREAM_LEAKAGE,22,4,0.0,3500.0,1100.0,32426.771,3119.7043,36.521347,16.351604,0.0,0.0
FROM_STREAM_FLOW_OUT,22,4,0.0,173263.03,26465.953,813617660.0,120017816.0,2831846400.0,9009039000.0,0.0,0.0
FROM_ZONE_0,22,4,0.0,0.0,0.0,0.0,0.0,0.0,0.0,0.0,0.0
FROM_haweaflat,22,4,0.0,0.0,561.68713,144502.98,23163.598,0.0,0.0,0.0,0.0
FROM_moraine_top,22,4,0.0,124121.44,0.0,0.0,0.0,0.0,0.0,0.0,0.0
FROM_river_zone,22,4,0.0,11869.509,0.0,0.0,31043.8,0.0,42.295242,65.014275,0.0
FROM_main_terrace,22,4,0.0,904.22205,0.0,271.8883,0.0,6506.9126,67784.61,6258.3,0.0
FROM_sandy_point,22,4,0.0,0.0,0.0,0.0,1680.8307,0.0,44.890747,0.0,0.0
FROM_clutha,22,4,0.0,0.0,0.0,3.3348815,1784.9302,12.865154,0.0,939.3387,0.0
FROM_sub_terrace,22,4,0.0,0.0,0.0,76.30972,433.40497,0.0,7558.0586,0.0,0.0
FROM_mangawera,22,4,0.0,0.0,0.0,3696.4,0.0,0.0,0.0,0.0,0.0
TOTAL_IN,22,4,0.0,349473.84,151618.52,813806850.0,120102780.0,2831854800.0,9009116000.0,8517.983,3987.279
TO_STORAGE,22,4,0.0,2473.0527,0.0021995336,259.66788,1178.4166,0.0010687964,16.505201,9.467551,0.2729004
TO_CONSTANT_HEAD,22,4,0.0,0.0,0.0,0.0,0.0,0.0,0.0,0.0,0.0
TO_WELLS,22,4,0.0,5505.3066,0.0,0.0,445.89493,28.567646,0.0,440.7458,290.60635
TO_HEAD_DEP_BOUNDS,22,4,0.0,0.0,1029.1802,0.0,0.0,0.0,0.0,0.0,0.0
TO_RECHARGE,22,4,0.0,0.0,0.0,0.0,0.0,0.0,0.0,0.0,0.0
TO_STREAM_LEAKAGE,22,4,0.0,0.0,0.0,145894.06,1632.4711,6696.3384,74930.11,0.0,0.0
TO_STREAM_FLOW_OUT,22,4,0.0,0.0,0.0,0.0,0.0,0.0,0.0,0.0,0.0
TO_ZONE_0,22,4,0.0,0.0,0.0,0.0,0.0,0.0,0.0,0.0,0.0
TO_haweaflat,22,4,0.0,0.0,124121.44,11869.509,904.22205,0.0,0.0,0.0,0.0
TO_moraine_top,22,4,0.0,561.68713,0.0,0.0,0.0,0.0,0.0,0.0,0.0
TO_river_zone,22,4,0.0,144502.98,0.0,0.0,271.8883,0.0,3.3348815,76.30972,3696.4
TO_main_terrace,22,4,0.0,23163.598,0.0,31043.8,0.0,1680.8307,1784.9302,433.40497,0.0
TO_sandy_point,22,4,0.0,0.0,0.0,0.0,6506.9126,0.0,12.865154,0.0,0.0
TO_clutha,22,4,0.0,0.0,0.0,42.295242,67784.61,44.890747,0.0,7558.0586,0.0
TO_sub_terrace,22,4,0.0,0.0,0.0,65.014275,6258.3,0.0,939.3387,0.0,0.0
TO_mangawera,22,4,0.0,0.0,0.0,0.0,0.0,0.0,0.0,0.0,0.0
TOTAL_OUT,22,4,0.0,176206.62,125150.62,189174.36,84982.71,8450.629,77687.086,8517.986,3987.279
IN-OUT,22,4,0.0,173267.22,26467.898,813617660.0,120017800.0,2831846400.0,9009038000.0,0.0029296875,0.0
PERCENT_DISCREPANCY,22,4,,65.92111,19.126337,199.90703,199.71716,199.9988,199.99655,3.439414e-05,0.0
FROM_STORAGE,23,4,0.0,22839.578,7616.1416,2753.489,0.6628741,0.001009707,0.00082187774,5.0702835e-07,0.21571481
FROM_CONSTANT_HEAD,23,4,0.0,0.0,0.0,0.0,0.0,0.0,0.0,0.0,0.0
FROM_WELLS,23,4,0.0,4777.7715,18.260052,1438.9762,8504.589,0.0,0.0,77.06712,1081.1698
FROM_HEAD_DEP_BOUNDS,23,4,0.0,0.0,108163.81,0.0,0.0,0.0,0.0,0.0,0.0
FROM_RECHARGE,23,4,0.0,11435.957,1631.3204,4484.366,15251.537,1894.4105,2240.9023,1178.2632,2905.9722
FROM_STREAM_LEAKAGE,23,4,0.0,3500.0,1100.0,32420.113,3119.7043,36.521347,16.351604,0.0,0.0
FROM_STREAM_FLOW_OUT,23,4,0.0,173263.03,26465.953,813389950.0,120014260.0,2831847700.0,9009033000.0,0.0,0.0
FROM_ZONE_0,23,4,0.0,0.0,0.0,0.0,0.0,0.0,0.0,0.0,0.0
FROM_haweaflat,23,4,0.0,0.0,571.397,142014.19,23121.918,0.0,0.0,0.0,0.0
FROM_moraine_top,23,4,0.0,117899.64,0.0,0.0,0.0,0.0,0.0,0.0,0.0
FROM_river_zone,23,4,0.0,11774.527,0.0,0.0,31034.352,0.0,42.29554,65.00557,0.0
FROM_main_terrace,23,4,0.0,904.94635,0.0,272.34546,0.0,6506.9126,67796.35,6259.4707,0.0
FROM_sandy_point,23,4,0.0,0.0,0.0,0.0,1680.8307,0.0,44.890747,0.0,0.0
FROM_clutha,23,4,0.0,0.0,0.0,3.3348906,1785.5514,12.865154,0.0,939.5471,0.0
FROM_sub_terrace,23,4,0.0,0.0,0.0,76.35479,433.36084,0.0,7559.5435,0.0,0.0
FROM_mangawera,23,4,0.0,0.0,0.0,3696.4973,0.0,0.0,0.0,0.0,0.0
TOTAL_IN,23,4,0.0,346395.47,145566.88,813577100.0,120099180.0,2831856000.0,9009110000.0,8519.354,3987.3577
TO_STORAGE,23,4,0.0,1914.5437,0.0,152.62975,1114.438,0.0010705645,16.626785,9.351343,0.25403214
TO_CONSTANT_HEAD,23,4,0.0,0.0,0.0,0.0,0.0,0.0,0.0,0.0,0.0
TO_WELLS,23,4,0.0,5505.3066,0.0,0.0,445.89493,28.567646,0.0,440.7458,290.60635
TO_HEAD_DEP_BOUNDS,23,4,0.0,0.0,1198.9976,0.0,0.0,0.0,0.0,0.0,0.0
TO_RECHARGE,23,4,0.0,0.0,0.0,0.0,0.0,0.0,0.0,0.0,0.0
TO_STREAM_LEAKAGE,23,4,0.0,0.0,0.0,144090.47,1632.4711,6696.3384,74942.52,0.0,0.0
TO_STREAM_FLOW_OUT,23,4,0.0,0.0,0.0,0.0,0.0,0.0,0.0,0.0,0.0
TO_ZONE_0,23,4,0.0,0.0,0.0,0.0,0.0,0.0,0.0,0.0,0.0
TO_haweaflat,23,4,0.0,0.0,117899.64,11774.527,904.94635,0.0,0.0,0.0,0.0
TO_moraine_top,23,4,0.0,571.397,0.0,0.0,0.0,0.0,0.0,0.0,0.0
TO_river_zone,23,4,0.0,142014.19,0.0,0.0,272.34546,0.0,3.3348906,76.35479,3696.4973
TO_main_terrace,23,4,0.0,23121.918,0.0,31034.352,0.0,1680.8307,1785.5514,433.36084,0.0
TO_sandy_point,23,4,0.0,0.0,0.0,0.0,6506.9126,0.0,12.865154,0.0,0.0
TO_clutha,23,4,0.0,0.0,0.0,42.29554,67796.35,44.890747,0.0,7559.5435,0.0
TO_sub_terrace,23,4,0.0,0.0,0.0,65.00557,6259.4707,0.0,939.5471,0.0,0.0
TO_mangawera,23,4,0.0,0.0,0.0,0.0,0.0,0.0,0.0,0.0,0.0
TOTAL_OUT,23,4,0.0,173127.36,119098.64,187159.27,84932.83,8450.629,77700.45,8519.356,3987.3577
IN-OUT,23,4,0.0,173268.11,26468.234,813389950.0,120014250.0,2831847700.0,9009032000.0,0.0029296875,0.0
PERCENT_DISCREPANCY,23,4,,66.70279,20.001274,199.90802,199.7173,199.9988,199.99654,3.4388606e-05,0.0
FROM_STORAGE,24,4,0.0,26847.47,9113.465,3326.014,10.245953,0.0010092705,0.00082808314,2.0157404e-07,0.29890627
FROM_CONSTANT_HEAD,24,4,0.0,0.0,0.0,0.0,0.0,0.0,0.0,0.0,0.0
FROM_WELLS,24,4,0.0,4777.7715,18.260052,1438.9762,8504.589,0.0,0.0,77.06712,1081.1698
FROM_HEAD_DEP_BOUNDS,24,4,0.0,0.0,99757.75,0.0,0.0,0.0,0.0,0.0,0.0
FROM_RECHARGE,24,4,0.0,11435.957,1631.3204,4484.366,15251.537,1894.4105,2240.9023,1178.2632,2905.9722
FROM_STREAM_LEAKAGE,24,4,0.0,3500.0,1100.0,32414.533,3119.7043,36.521347,16.351604,0.0,0.0
FROM_STREAM_FLOW_OUT,24,4,0.0,173263.03,26465.953,813136400.0,120010240.0,2831848200.0,9009025000.0,0.0,0.0
FROM_ZONE_0,24,4,0.0,0.0,0.0,0.0,0.0,0.0,0.0,0.0,0.0
FROM_haweaflat,24,4,0.0,0.0,587.1845,139254.84,23063.402,0.0,0.0,0.0,0.0
FROM_moraine_top,24,4,0.0,110712.81,0.0,0.0,0.0,0.0,0.0,0.0,0.0
FROM_river_zone,24,4,0.0,11680.686,0.0,0.0,31025.428,0.0,42.295906,64.99828,0.0
FROM_main_terrace,24,4,0.0,905.43445,0.0,272.75534,0.0,6506.9126,67807.54,6260.488,0.0
FROM_sandy_point,24,4,0.0,0.0,0.0,0.0,1680.8307,0.0,44.890747,0.0,0.0
FROM_clutha,24,4,0.0,0.0,0.0,3.3348982,1786.0787,12.865153,0.0,939.74066,0.0
FROM_sub_terrace,24,4,0.0,0.0,0.0,76.397766,433.34906,0.0,7560.9536,0.0,0.0
FROM_mangawera,24,4,0.0,0.0,0.0,3696.595,0.0,0.0,0.0,0.0,0.0
TOTAL_IN,24,4,0.0,343123.2,138673.94,813321340.0,120095110.0,2831856600.0,9009102000.0,8520.557,3987.441
TO_STORAGE,24,4,0.0,1443.3762,0.0,77.47499,1043.9479,0.0010711962,16.552448,9.113142,0.2395872
TO_CONSTANT_HEAD,24,4,0.0,0.0,0.0,0.0,0.0,0.0,0.0,0.0,0.0
TO_WELLS,24,4,0.0,5505.3066,0.0,0.0,445.89493,28.567646,0.0,440.7458,290.60635
TO_HEAD_DEP_BOUNDS,24,4,0.0,0.0,1492.1401,0.0,0.0,0.0,0.0,0.0,0.0
TO_RECHARGE,24,4,0.0,0.0,0.0,0.0,0.0,0.0,0.0,0.0,0.0
TO_STREAM_LEAKAGE,24,4,0.0,0.0,0.0,142076.56,1632.4711,6696.3384,74954.38,0.0,0.0
TO_STREAM_FLOW_OUT,24,4,0.0,0.0,0.0,0.0,0.0,0.0,0.0,0.0,0.0
TO_ZONE_0,24,4,0.0,0.0,0.0,0.0,0.0,0.0,0.0,0.0,0.0
TO_haweaflat,24,4,0.0,0.0,110712.81,11680.686,905.43445,0.0,0.0,0.0,0.0
TO_moraine_top,24,4,0.0,587.1845,0.0,0.0,0.0,0.0,0.0,0.0,0.0
TO_river_zone,24,4,0.0,139254.84,0.0,0.0,272.75534,0.0,3.3348982,76.397766,3696.595
TO_main_terrace,24,4,0.0,23063.402,0.0,31025.428,0.0,1680.8307,1786.0787,433.34906,0.0
TO_sandy_point,24,4,0.0,0.0,0.0,0.0,6506.9126,0.0,12.865153,0.0,0.0
TO_clutha,24,4,0.0,0.0,0.0,42.295906,67807.54,44.890747,0.0,7560.9536,0.0
TO_sub_terrace,24,4,0.0,0.0,0.0,64.99828,6260.488,0.0,939.74066,0.0,0.0
TO_mangawera,24,4,0.0,0.0,0.0,0.0,0.0,0.0,0.0,0.0,0.0
TOTAL_OUT,24,4,0.0,169854.12,112204.95,184967.44,84875.44,8450.629,77712.96,8520.56,3987.441
IN-OUT,24,4,0.0,173269.06,26468.984,813136400.0,120010240.0,2831848200.0,9009024000.0,0.0029296875,0.0
PERCENT_DISCREPANCY,24,4,,67.554276,21.101006,199.90906,199.71751,199.99881,199.99655,3.438375e-05,0.0
FROM_STORAGE,25,4,0.0,29306.576,7550.371,4003.993,32.451195,0.0010076697,0.00081840256,4.0750075e-07,0.3915145
FROM_CONSTANT_HEAD,25,4,0.0,0.0,0.0,0.0,0.0,0.0,0.0,0.0,0.0
FROM_WELLS,25,4,0.0,4777.7715,18.260052,1438.9762,8504.589,0.0,0.0,77.06712,1081.1698
FROM_HEAD_DEP_BOUNDS,25,4,0.0,0.0,95161.4,0.0,0.0,0.0,0.0,0.0,0.0
FROM_RECHARGE,25,4,0.0,11435.957,1631.3204,4484.366,15251.537,1894.4105,2240.9023,1178.2632,2905.9722
FROM_STREAM_LEAKAGE,25,4,0.0,3500.0,1100.0,32411.926,3119.7043,36.521347,16.351604,0.0,0.0
FROM_STREAM_FLOW_OUT,25,4,0.0,173263.03,26465.953,812841600.0,120005560.0,2831848200.0,9009013000.0,0.0,0.0
FROM_ZONE_0,25,4,0.0,0.0,0.0,0.0,0.0,0.0,0.0,0.0,0.0
FROM_haweaflat,25,4,0.0,0.0,578.5722,136080.47,22985.828,0.0,0.0,0.0,0.0
FROM_moraine_top,25,4,0.0,104703.01,0.0,0.0,0.0,0.0,0.0,0.0,0.0
FROM_river_zone,25,4,0.0,11578.507,0.0,0.0,31017.121,0.0,42.296234,64.9924,0.0
FROM_main_terrace,25,4,0.0,905.70374,0.0,273.11075,0.0,6506.9126,67818.02,6261.3315,0.0
FROM_sandy_point,25,4,0.0,0.0,0.0,0.0,1680.8307,0.0,44.890747,0.0,0.0
FROM_clutha,25,4,0.0,0.0,0.0,3.3349059,1786.5007,12.865153,0.0,939.9163,0.0
FROM_sub_terrace,25,4,0.0,0.0,0.0,76.438354,433.3713,0.0,7562.266,0.0,0.0
FROM_mangawera,25,4,0.0,0.0,0.0,3696.6985,0.0,0.0,0.0,0.0,0.0
TOTAL_IN,25,4,0.0,339470.56,132505.89,813024060.0,120090370.0,2831856600.0,9009090000.0,8521.57,3987.5334
TO_STORAGE,25,4,0.0,1050.239,0.0,30.66453,968.74304,0.0010729193,16.275875,8.751095,0.22850838
TO_CONSTANT_HEAD,25,4,0.0,0.0,0.0,0.0,0.0,0.0,0.0,0.0,0.0
TO_WELLS,25,4,0.0,5505.3066,0.0,0.0,445.89493,28.567646,0.0,440.7458,290.60635
TO_HEAD_DEP_BOUNDS,25,4,0.0,0.0,1334.7144,0.0,0.0,0.0,0.0,0.0,0.0
TO_RECHARGE,25,4,0.0,0.0,0.0,0.0,0.0,0.0,0.0,0.0,0.0
TO_STREAM_LEAKAGE,25,4,0.0,0.0,0.0,139734.81,1632.4711,6696.3384,74965.83,0.0,0.0
TO_STREAM_FLOW_OUT,25,4,0.0,0.0,0.0,0.0,0.0,0.0,0.0,0.0,0.0
TO_ZONE_0,25,4,0.0,0.0,0.0,0.0,0.0,0.0,0.0,0.0,0.0
TO_haweaflat,25,4,0.0,0.0,104703.01,11578.507,905.70374,0.0,0.0,0.0,0.0
TO_moraine_top,25,4,0.0,578.5722,0.0,0.0,0.0,0.0,0.0,0.0,0.0
TO_river_zone,25,4,0.0,136080.47,0.0,0.0,273.11075,0.0,3.3349059,76.438354,3696.6985
TO_main_terrace,25,4,0.0,22985.828,0.0,31017.121,0.0,1680.8307,1786.5007,433.3713,0.0
TO_sandy_point,25,4,0.0,0.0,0.0,0.0,6506.9126,0.0,12.865153,0.0,0.0
TO_clutha,25,4,0.0,0.0,0.0,42.296234,67818.02,44.890747,0.0,7562.266,0.0
TO_sub_terrace,25,4,0.0,0.0,0.0,64.9924,6261.3315,0.0,939.9163,0.0,0.0
TO_mangawera,25,4,0.0,0.0,0.0,0.0,0.0,0.0,0.0,0.0,0.0
TOTAL_OUT,25,4,0.0,166200.42,106037.72,182468.4,84812.19,8450.629,77724.72,8521.572,3987.5334
IN-OUT,25,4,0.0,173270.14,26468.172,812841600.0,120005550.0,2831848200.0,9009012000.0,0.001953125,0.0
PERCENT_DISCREPANCY,25,4,,68.53078,22.191475,199.91025,199.71768,199.99881,199.99655,2.2919776e-05,0.0
FROM_STORAGE,26,4,0.0,30870.607,6345.8096,4558.1895,67.82191,0.0010059484,0.0007998876,9.793128e-08,0.48505867
FROM_CONSTANT_HEAD,26,4,0.0,0.0,0.0,0.0,0.0,0.0,0.0,0.0,0.0
FROM_WELLS,26,4,0.0,4777.7715,18.260052,1438.9762,8504.589,0.0,0.0,77.06712,1081.1698
FROM_HEAD_DEP_BOUNDS,26,4,0.0,0.0,91162.586,0.0,0.0,0.0,0.0,0.0,0.0
FROM_RECHARGE,26,4,0.0,11435.957,1631.3204,4484.366,15251.537,1894.4105,2240.9023,1178.2632,2905.9722
FROM_STREAM_LEAKAGE,26,4,0.0,3500.0,1100.0,32410.814,3119.7043,36.521347,16.351604,0.0,0.0
FROM_STREAM_FLOW_OUT,26,4,0.0,173263.03,26465.953,812522400.0,120000510.0,2831849000.0,9009001000.0,0.0,0.0
FROM_ZONE_0,26,4,0.0,0.0,0.0,0.0,0.0,0.0,0.0,0.0,0.0
FROM_haweaflat,26,4,0.0,0.0,565.6829,132859.61,22891.332,0.0,0.0,0.0,0.0
FROM_moraine_top,26,4,0.0,99605.07,0.0,0.0,0.0,0.0,0.0,0.0,0.0
FROM_river_zone,26,4,0.0,11478.379,0.0,0.0,31009.594,0.0,42.296616,64.98817,0.0
FROM_main_terrace,26,4,0.0,905.6924,0.0,273.40485,0.0,6506.9126,67827.625,6261.985,0.0
FROM_sandy_point,26,4,0.0,0.0,0.0,0.0,1680.8307,0.0,44.89075,0.0,0.0
FROM_clutha,26,4,0.0,0.0,0.0,3.3349175,1786.8076,12.865153,0.0,940.0709,0.0
FROM_sub_terrace,26,4,0.0,0.0,0.0,76.475655,433.42838,0.0,7563.4614,0.0,0.0
FROM_mangawera,26,4,0.0,0.0,0.0,3696.8042,0.0,0.0,0.0,0.0,0.0
TOTAL_IN,26,4,0.0,335836.5,127289.61,812702140.0,120085250.0,2831857400.0,9009078000.0,8522.374,3987.627
TO_STORAGE,26,4,0.0,743.96326,0.0,6.4118996,891.8863,0.0010747976,15.792901,8.265188,0.21625023
TO_CONSTANT_HEAD,26,4,0.0,0.0,0.0,0.0,0.0,0.0,0.0,0.0,0.0
TO_WELLS,26,4,0.0,5505.3066,0.0,0.0,445.89493,28.567646,0.0,440.7458,290.60635
TO_HEAD_DEP_BOUNDS,26,4,0.0,0.0,1216.5562,0.0,0.0,0.0,0.0,0.0,0.0
TO_RECHARGE,26,4,0.0,0.0,0.0,0.0,0.0,0.0,0.0,0.0,0.0
TO_STREAM_LEAKAGE,26,4,0.0,0.0,0.0,137199.31,1632.4711,6696.3384,74976.79,0.0,0.0
TO_STREAM_FLOW_OUT,26,4,0.0,0.0,0.0,0.0,0.0,0.0,0.0,0.0,0.0
TO_ZONE_0,26,4,0.0,0.0,0.0,0.0,0.0,0.0,0.0,0.0,0.0
TO_haweaflat,26,4,0.0,0.0,99605.07,11478.379,905.6924,0.0,0.0,0.0,0.0
TO_moraine_top,26,4,0.0,565.6829,0.0,0.0,0.0,0.0,0.0,0.0,0.0
TO_river_zone,26,4,0.0,132859.61,0.0,0.0,273.40485,0.0,3.3349175,76.475655,3696.8042
TO_main_terrace,26,4,0.0,22891.332,0.0,31009.594,0.0,1680.8307,1786.8076,433.42838,0.0
TO_sandy_point,26,4,0.0,0.0,0.0,0.0,6506.9126,0.0,12.865153,0.0,0.0
TO_clutha,26,4,0.0,0.0,0.0,42.296616,67827.625,44.89075,0.0,7563.4614,0.0
TO_sub_terrace,26,4,0.0,0.0,0.0,64.98817,6261.985,0.0,940.0709,0.0,0.0
TO_mangawera,26,4,0.0,0.0,0.0,0.0,0.0,0.0,0.0,0.0,0.0
TOTAL_OUT,26,4,0.0,162565.89,100821.625,179800.97,84745.875,8450.629,77735.66,8522.377,3987.6267
IN-OUT,26,4,0.0,173270.61,26467.984,812522400.0,120000504.0,2831849000.0,9009000000.0,0.0029296875,0.00024414062
PERCENT_DISCREPANCY,26,4,,69.53041,23.20621,199.91154,199.71791,199.99881,199.99655,3.4376422e-05,6.122454e-06
FROM_STORAGE,27,4,0.0,31807.043,5506.1763,4982.983,110.71607,0.0010042953,0.00079108815,1.4495089e-07,0.5708991
FROM_CONSTANT_HEAD,27,4,0.0,0.0,0.0,0.0,0.0,0.0,0.0,0.0,0.0
FROM_WELLS,27,4,0.0,4777.7715,18.260052,1438.9762,8504.589,0.0,0.0,77.06712,1081.1698
FROM_HEAD_DEP_BOUNDS,27,4,0.0,0.0,87566.51,0.0,0.0,0.0,0.0,0.0,0.0
FROM_RECHARGE,27,4,0.0,11435.957,1631.3204,4484.366,15251.537,1894.4105,2240.9023,1178.2632,2905.9722
FROM_STREAM_LEAKAGE,27,4,0.0,3500.0,1100.0,32411.676,3119.7043,36.521347,16.351604,0.0,0.0
FROM_STREAM_FLOW_OUT,27,4,0.0,173263.03,26465.953,812192800.0,119995270.0,2831849500.0,9008990000.0,0.0,0.0
FROM_ZONE_0,27,4,0.0,0.0,0.0,0.0,0.0,0.0,0.0,0.0,0.0
FROM_haweaflat,27,4,0.0,0.0,552.8357,129705.48,22782.86,0.0,0.0,0.0,0.0
FROM_moraine_top,27,4,0.0,95253.43,0.0,0.0,0.0,0.0,0.0,0.0,0.0
FROM_river_zone,27,4,0.0,11387.275,0.0,0.0,31002.988,0.0,42.297028,64.985634,0.0
FROM_main_terrace,27,4,0.0,905.3766,0.0,273.6326,0.0,6506.9126,67836.195,6262.4346,0.0
FROM_sandy_point,27,4,0.0,0.0,0.0,0.0,1680.8307,0.0,44.890755,0.0,0.0
FROM_clutha,27,4,0.0,0.0,0.0,3.334928,1786.9904,12.865153,0.0,940.202,0.0
FROM_sub_terrace,27,4,0.0,0.0,0.0,76.50934,433.5203,0.0,7564.5186,0.0,0.0
FROM_mangawera,27,4,0.0,0.0,0.0,3696.9043,0.0,0.0,0.0,0.0,0.0
TOTAL_IN,27,4,0.0,332329.88,122841.055,812369860.0,120079940.0,2831858000.0,9009067000.0,8522.952,3987.713
TO_STORAGE,27,4,0.0,512.4711,0.0,0.5374528,811.00574,0.0010766272,15.104293,7.660476,0.20220068
TO_CONSTANT_HEAD,27,4,0.0,0.0,0.0,0.0,0.0,0.0,0.0,0.0,0.0
TO_WELLS,27,4,0.0,5505.3066,0.0,0.0,445.89493,28.567646,0.0,440.7458,290.60635
TO_HEAD_DEP_BOUNDS,27,4,0.0,0.0,1120.0708,0.0,0.0,0.0,0.0,0.0,0.0
TO_RECHARGE,27,4,0.0,0.0,0.0,0.0,0.0,0.0,0.0,0.0,0.0
TO_STREAM_LEAKAGE,27,4,0.0,0.0,0.0,134574.36,1632.4711,6696.3384,74986.71,0.0,0.0
TO_STREAM_FLOW_OUT,27,4,0.0,0.0,0.0,0.0,0.0,0.0,0.0,0.0,0.0
TO_ZONE_0,27,4,0.0,0.0,0.0,0.0,0.0,0.0,0.0,0.0,0.0
TO_haweaflat,27,4,0.0,0.0,95253.43,11387.275,905.3766,0.0,0.0,0.0,0.0
TO_moraine_top,27,4,0.0,552.8357,0.0,0.0,0.0,0.0,0.0,0.0,0.0
TO_river_zone,27,4,0.0,129705.48,0.0,0.0,273.6326,0.0,3.334928,76.50934,3696.9043
TO_main_terrace,27,4,0.0,22782.86,0.0,31002.988,0.0,1680.8307,1786.9904,433.5203,0.0
TO_sandy_point,27,4,0.0,0.0,0.0,0.0,6506.9126,0.0,12.865153,0.0,0.0
TO_clutha,27,4,0.0,0.0,0.0,42.297028,67836.195,44.890755,0.0,7564.5186,0.0
TO_sub_terrace,27,4,0.0,0.0,0.0,64.985634,6262.4346,0.0,940.202,0.0,0.0
TO_mangawera,27,4,0.0,0.0,0.0,0.0,0.0,0.0,0.0,0.0,0.0
TOTAL_OUT,27,4,0.0,159058.95,96373.5,177072.44,84673.92,8450.629,77745.21,8522.954,3987.713
IN-OUT,27,4,0.0,173270.92,26467.555,812192800.0,119995260.0,2831849500.0,9008989000.0,0.001953125,0.0
PERCENT_DISCREPANCY,27,4,,70.52294,24.147625,199.91281,199.71815,199.99881,199.99655,2.291606e-05,0.0
FROM_STORAGE,28,4,0.0,32428.55,4769.1387,5287.399,162.796,0.0010028699,0.00079242105,6.5874406e-07,0.6430899
FROM_CONSTANT_HEAD,28,4,0.0,0.0,0.0,0.0,0.0,0.0,0.0,0.0,0.0
FROM_WELLS,28,4,0.0,4777.7715,18.260052,1438.9762,8504.589,0.0,0.0,77.06712,1081.1698
FROM_HEAD_DEP_BOUNDS,28,4,0.0,0.0,84350.71,0.0,0.0,0.0,0.0,0.0,0.0
FROM_RECHARGE,28,4,0.0,11435.957,1631.3204,4484.366,15251.537,1894.4105,2240.9023,1178.2632,2905.9722
FROM_STREAM_LEAKAGE,28,4,0.0,3500.0,1100.0,32413.656,3119.7043,36.521347,16.351604,0.0,0.0
FROM_STREAM_FLOW_OUT,28,4,0.0,173263.03,26465.953,811861000.0,119989990.0,2831850000.0,9008978000.0,0.0,0.0
FROM_ZONE_0,28,4,0.0,0.0,0.0,0.0,0.0,0.0,0.0,0.0,0.0
FROM_haweaflat,28,4,0.0,0.0,542.03986,126665.836,22663.398,0.0,0.0,0.0,0.0
FROM_moraine_top,28,4,0.0,91371.21,0.0,0.0,0.0,0.0,0.0,0.0,0.0
FROM_river_zone,28,4,0.0,11306.573,0.0,0.0,30997.436,0.0,42.297424,64.9849,0.0
FROM_main_terrace,28,4,0.0,904.76013,0.0,273.79028,0.0,6506.9126,67843.6,6262.6733,0.0
FROM_sandy_point,28,4,0.0,0.0,0.0,0.0,1680.8307,0.0,44.890755,0.0,0.0
FROM_clutha,28,4,0.0,0.0,0.0,3.3349385,1787.0433,12.865153,0.0,940.30725,0.0
FROM_sub_terrace,28,4,0.0,0.0,0.0,76.53868,433.6456,0.0,7565.421,0.0,0.0
FROM_mangawera,28,4,0.0,0.0,0.0,3696.9927,0.0,0.0,0.0,0.0,0.0
TOTAL_IN,28,4,0.0,328987.84,118877.42,812035300.0,120074590.0,2831858400.0,9009055000.0,8523.296,3987.7852
TO_STORAGE,28,4,0.0,340.27216,0.0055886125,0.41480458,731.02655,0.0010781891,14.218211,6.945853,0.18590562
TO_CONSTANT_HEAD,28,4,0.0,0.0,0.0,0.0,0.0,0.0,0.0,0.0,0.0
TO_WELLS,28,4,0.0,5505.3066,0.0,0.0,445.89493,28.567646,0.0,440.7458,290.60635
TO_HEAD_DEP_BOUNDS,28,4,0.0,0.0,1038.8574,0.0,0.0,0.0,0.0,0.0,0.0
TO_RECHARGE,28,4,0.0,0.0,0.0,0.0,0.0,0.0,0.0,0.0,0.0
TO_STREAM_LEAKAGE,28,4,0.0,0.0,0.0,131927.95,1632.4711,6696.3384,74995.75,0.0,0.0
TO_STREAM_FLOW_OUT,28,4,0.0,0.0,0.0,0.0,0.0,0.0,0.0,0.0,0.0
TO_ZONE_0,28,4,0.0,0.0,0.0,0.0,0.0,0.0,0.0,0.0,0.0
TO_haweaflat,28,4,0.0,0.0,91371.21,11306.573,904.76013,0.0,0.0,0.0,0.0
TO_moraine_top,28,4,0.0,542.03986,0.0,0.0,0.0,0.0,0.0,0.0,0.0
TO_river_zone,28,4,0.0,126665.836,0.0,0.0,273.79028,0.0,3.3349385,76.53868,3696.9927
TO_main_terrace,28,4,0.0,22663.398,0.0,30997.436,0.0,1680.8307,1787.0433,433.6456,0.0
TO_sandy_point,28,4,0.0,0.0,0.0,0.0,6506.9126,0.0,12.865153,0.0,0.0
TO_clutha,28,4,0.0,0.0,0.0,42.297424,67843.6,44.890755,0.0,7565.421,0.0
TO_sub_terrace,28,4,0.0,0.0,0.0,64.9849,6262.6733,0.0,940.30725,0.0,0.0
TO_mangawera,28,4,0.0,0.0,0.0,0.0,0.0,0.0,0.0,0.0,0.0
TOTAL_OUT,28,4,0.0,155716.84,92410.07,174339.67,84601.125,8450.629,77753.52,8523.297,3987.785
IN-OUT,28,4,0.0,173271.0,26467.352,811861000.0,119989990.0,2831850000.0,9008977000.0,0.0009765625,0.00024414062
PERCENT_DISCREPANCY,28,4,,71.49549,25.053402,199.91414,199.71838,199.9988,199.99655,1.1457568e-05,6.1222113e-06
FROM_STORAGE,29,4,0.0,32528.697,4267.9863,5524.486,222.20816,0.00100149,0.0008051219,0.0,0.70044506
FROM_CONSTANT_HEAD,29,4,0.0,0.0,0.0,0.0,0.0,0.0,0.0,0.0,0.0
FROM_WELLS,29,4,0.0,4777.7715,18.260052,1438.9762,8504.589,0.0,0.0,77.06712,1081.1698
FROM_HEAD_DEP_BOUNDS,29,4,0.0,0.0,81548.08,0.0,0.0,0.0,0.0,0.0,0.0
FROM_RECHARGE,29,4,0.0,11435.957,1631.3204,4484.366,15251.537,1894.4105,2240.9023,1178.2632,2905.9722
FROM_STREAM_LEAKAGE,29,4,0.0,3500.0,1100.0,32417.258,3119.7043,36.521347,16.351604,0.0,0.0
FROM_STREAM_FLOW_OUT,29,4,0.0,173263.03,26465.953,811530750.0,119984730.0,2831850500.0,9008966000.0,0.0,0.0
FROM_ZONE_0,29,4,0.0,0.0,0.0,0.0,0.0,0.0,0.0,0.0,0.0
FROM_haweaflat,29,4,0.0,0.0,530.9386,123716.27,22535.252,0.0,0.0,0.0,0.0
FROM_moraine_top,29,4,0.0,88129.64,0.0,0.0,0.0,0.0,0.0,0.0,0.0
FROM_river_zone,29,4,0.0,11235.297,0.0,0.0,30993.016,0.0,42.29786,64.98591,0.0
FROM_main_terrace,29,4,0.0,903.8684,0.0,273.87582,0.0,6506.9126,67849.734,6262.698,0.0
FROM_sandy_point,29,4,0.0,0.0,0.0,0.0,1680.8307,0.0,44.890755,0.0,0.0
FROM_clutha,29,4,0.0,0.0,0.0,3.334952,1786.9634,12.865153,0.0,940.38513,0.0
FROM_sub_terrace,29,4,0.0,0.0,0.0,76.56339,433.8021,0.0,7566.1553,0.0,0.0
FROM_mangawera,29,4,0.0,0.0,0.0,3697.069,0.0,0.0,0.0,0.0,0.0
TOTAL_IN,29,4,0.0,325774.25,115562.54,811702340.0,120069250.0,2831859000.0,9009042000.0,8523.399,3987.8423
TO_STORAGE,29,4,0.0,215.27711,0.0,0.29278678,652.56683,0.001079717,13.147867,6.133926,0.16689739
TO_CONSTANT_HEAD,29,4,0.0,0.0,0.0,0.0,0.0,0.0,0.0,0.0,0.0
TO_WELLS,29,4,0.0,5505.3066,0.0,0.0,445.89493,28.567646,0.0,440.7458,290.60635
TO_HEAD_DEP_BOUNDS,29,4,0.0,0.0,965.6655,0.0,0.0,0.0,0.0,0.0,0.0
TO_RECHARGE,29,4,0.0,0.0,0.0,0.0,0.0,0.0,0.0,0.0,0.0
TO_STREAM_LEAKAGE,29,4,0.0,0.0,0.0,129294.83,1632.4711,6696.3384,75003.71,0.0,0.0
TO_STREAM_FLOW_OUT,29,4,0.0,0.0,0.0,0.0,0.0,0.0,0.0,0.0,0.0
TO_ZONE_0,29,4,0.0,0.0,0.0,0.0,0.0,0.0,0.0,0.0,0.0
TO_haweaflat,29,4,0.0,0.0,88129.64,11235.297,903.8684,0.0,0.0,0.0,0.0
TO_moraine_top,29,4,0.0,530.9386,0.0,0.0,0.0,0.0,0.0,0.0,0.0
TO_river_zone,29,4,0.0,123716.27,0.0,0.0,273.87582,0.0,3.334952,76.56339,3697.069
TO_main_terrace,29,4,0.0,22535.252,0.0,30993.016,0.0,1680.8307,1786.9634,433.8021,0.0
TO_sandy_point,29,4,0.0,0.0,0.0,0.0,6506.9126,0.0,12.865153,0.0,0.0
TO_clutha,29,4,0.0,0.0,0.0,42.29786,67849.734,44.890755,0.0,7566.1553,0.0
TO_sub_terrace,29,4,0.0,0.0,0.0,64.98591,6262.698,0.0,940.38513,0.0,0.0
TO_mangawera,29,4,0.0,0.0,0.0,0.0,0.0,0.0,0.0,0.0,0.0
TOTAL_OUT,29,4,0.0,152503.05,89095.305,171630.7,84528.02,8450.629,77760.41,8523.4,3987.8423
IN-OUT,29,4,0.0,173271.2,26467.234,811530700.0,119984720.0,2831850500.0,9008965000.0,0.0009765625,0.0
PERCENT_DISCREPANCY,29,4,,72.456375,25.864862,199.91542,199.7186,199.99881,199.99654,1.1457429e-05,0.0
FROM_STORAGE,30,4,0.0,32110.271,3696.0935,5607.36,287.67056,0.0010000599,0.00082131865,0.0,0.74357015
FROM_CONSTANT_HEAD,30,4,0.0,0.0,0.0,0.0,0.0,0.0,0.0,0.0,0.0
FROM_WELLS,30,4,0.0,4777.7715,18.260052,1438.9762,8504.589,0.0,0.0,77.06712,1081.1698
FROM_HEAD_DEP_BOUNDS,30,4,0.0,0.0,79590.79,0.0,0.0,0.0,0.0,0.0,0.0
FROM_RECHARGE,30,4,0.0,11435.957,1631.3204,4484.366,15251.537,1894.4105,2240.9023,1178.2632,2905.9722
FROM_STREAM_LEAKAGE,30,4,0.0,3500.0,1100.0,32422.137,3119.7043,36.521347,16.351604,0.0,0.0
FROM_STREAM_FLOW_OUT,30,4,0.0,173263.03,26465.953,811209500.0,119979610.0,2831850500.0,9008953000.0,0.0,0.0
FROM_ZONE_0,30,4,0.0,0.0,0.0,0.0,0.0,0.0,0.0,0.0,0.0
FROM_haweaflat,30,4,0.0,0.0,521.42944,120997.32,22403.219,0.0,0.0,0.0,0.0
FROM_moraine_top,30,4,0.0,85661.39,0.0,0.0,0.0,0.0,0.0,0.0,0.0
FROM_river_zone,30,4,0.0,11175.614,0.0,0.0,30989.807,0.0,42.298313,64.98875,0.0
FROM_main_terrace,30,4,0.0,902.71594,0.0,273.88846,0.0,6506.9126,67854.5,6262.5103,0.0
FROM_sandy_point,30,4,0.0,0.0,0.0,0.0,1680.8307,0.0,44.890755,0.0,0.0
FROM_clutha,30,4,0.0,0.0,0.0,3.3349638,1786.7505,12.865153,0.0,940.4345,0.0
FROM_sub_terrace,30,4,0.0,0.0,0.0,76.58299,433.9868,0.0,7566.71,0.0,0.0
FROM_mangawera,30,4,0.0,0.0,0.0,3697.133,0.0,0.0,0.0,0.0,0.0
TOTAL_IN,30,4,0.0,322826.78,113023.84,811378500.0,120064056.0,2831859000.0,9009030000.0,8523.264,3987.8855
TO_STORAGE,30,4,0.0,128.3554,0.0043276753,0.18197398,579.28094,0.001081306,11.911215,5.2397723,0.14588976
TO_CONSTANT_HEAD,30,4,0.0,0.0,0.0,0.0,0.0,0.0,0.0,0.0,0.0
TO_WELLS,30,4,0.0,5505.3066,0.0,0.0,445.89493,28.567646,0.0,440.7458,290.60635
TO_HEAD_DEP_BOUNDS,30,4,0.0,0.0,895.3843,0.0,0.0,0.0,0.0,0.0,0.0
TO_RECHARGE,30,4,0.0,0.0,0.0,0.0,0.0,0.0,0.0,0.0,0.0
TO_STREAM_LEAKAGE,30,4,0.0,0.0,0.0,126726.695,1632.4711,6696.3384,75010.42,0.0,0.0
TO_STREAM_FLOW_OUT,30,4,0.0,0.0,0.0,0.0,0.0,0.0,0.0,0.0,0.0
TO_ZONE_0,30,4,0.0,0.0,0.0,0.0,0.0,0.0,0.0,0.0,0.0
TO_haweaflat,30,4,0.0,0.0,85661.39,11175.614,902.71594,0.0,0.0,0.0,0.0
TO_moraine_top,30,4,0.0,521.42944,0.0,0.0,0.0,0.0,0.0,0.0,0.0
TO_river_zone,30,4,0.0,120997.32,0.0,0.0,273.88846,0.0,3.3349638,76.58299,3697.133
TO_main_terrace,30,4,0.0,22403.219,0.0,30989.807,0.0,1680.8307,1786.7505,433.9868,0.0
TO_sandy_point,30,4,0.0,0.0,0.0,0.0,6506.9126,0.0,12.865153,0.0,0.0
TO_clutha,30,4,0.0,0.0,0.0,42.298313,67854.5,44.890755,0.0,7566.71,0.0
TO_sub_terrace,30,4,0.0,0.0,0.0,64.98875,6262.5103,0.0,940.4345,0.0,0.0
TO_mangawera,30,4,0.0,0.0,0.0,0.0,0.0,0.0,0.0,0.0,0.0
TOTAL_OUT,30,4,0.0,149555.62,86556.78,168999.58,84458.17,8450.629,77765.73,8523.266,3987.8853
IN-OUT,30,4,0.0,173271.16,26467.062,811209500.0,119979600.0,2831850500.0,9008952000.0,0.001953125,0.00024414062
PERCENT_DISCREPANCY,30,4,,73.36055,26.522676,199.91669,199.71883,199.99881,199.99654,2.2915221e-05,6.1220576e-06
FROM_STORAGE,31,4,0.0,31226.459,3168.1958,5559.879,359.99304,0.0009987918,0.00081292243,0.0,0.7717981
FROM_CONSTANT_HEAD,31,4,0.0,0.0,0.0,0.0,0.0,0.0,0.0,0.0,0.0
FROM_WELLS,31,4,0.0,4777.7715,18.260052,1438.9762,8504.589,0.0,0.0,77.06712,1081.1698
FROM_HEAD_DEP_BOUNDS,31,4,0.0,0.0,78370.305,0.0,0.0,0.0,0.0,0.0,0.0
FROM_RECHARGE,31,4,0.0,11435.957,1631.3204,4484.366,15251.537,1894.4105,2240.9023,1178.2632,2905.9722
FROM_STREAM_LEAKAGE,31,4,0.0,3500.0,1100.0,32428.445,3119.7043,36.521347,16.351604,0.0,0.0
FROM_STREAM_FLOW_OUT,31,4,0.0,173263.03,26465.953,810907600.0,119974780.0,2831851000.0,9008941000.0,0.0,0.0
FROM_ZONE_0,31,4,0.0,0.0,0.0,0.0,0.0,0.0,0.0,0.0,0.0
FROM_haweaflat,31,4,0.0,0.0,512.8768,118580.69,22269.113,0.0,0.0,0.0,0.0
FROM_moraine_top,31,4,0.0,83974.5,0.0,0.0,0.0,0.0,0.0,0.0,0.0
FROM_river_zone,31,4,0.0,11132.242,0.0,0.0,30987.855,0.0,42.298717,64.99327,0.0
FROM_main_terrace,31,4,0.0,901.3026,0.0,273.82874,0.0,6506.9126,67857.836,6262.116,0.0
FROM_sandy_point,31,4,0.0,0.0,0.0,0.0,1680.8307,0.0,44.890755,0.0,0.0
FROM_clutha,31,4,0.0,0.0,0.0,3.334978,1786.4075,12.865153,0.0,940.45483,0.0
FROM_sub_terrace,31,4,0.0,0.0,0.0,76.597305,434.1966,0.0,7567.078,0.0,0.0
FROM_mangawera,31,4,0.0,0.0,0.0,3697.1824,0.0,0.0,0.0,0.0,0.0
TOTAL_IN,31,4,0.0,320211.28,111266.91,811074100.0,120059170.0,2831859500.0,9009018000.0,8522.895,3987.9138
TO_STORAGE,31,4,0.0,72.39119,0.0,0.10514607,513.90845,0.0010827295,10.528996,4.2783966,0.12476717
TO_CONSTANT_HEAD,31,4,0.0,0.0,0.0,0.0,0.0,0.0,0.0,0.0,0.0
TO_WELLS,31,4,0.0,5505.3066,0.0,0.0,445.89493,28.567646,0.0,440.7458,290.60635
TO_HEAD_DEP_BOUNDS,31,4,0.0,0.0,825.48,0.0,0.0,0.0,0.0,0.0,0.0
TO_RECHARGE,31,4,0.0,0.0,0.0,0.0,0.0,0.0,0.0,0.0,0.0
TO_STREAM_LEAKAGE,31,4,0.0,0.0,0.0,124314.44,1632.4711,6696.3384,75015.734,0.0,0.0
TO_STREAM_FLOW_OUT,31,4,0.0,0.0,0.0,0.0,0.0,0.0,0.0,0.0,0.0
TO_ZONE_0,31,4,0.0,0.0,0.0,0.0,0.0,0.0,0.0,0.0,0.0
TO_haweaflat,31,4,0.0,0.0,83974.5,11132.242,901.3026,0.0,0.0,0.0,0.0
TO_moraine_top,31,4,0.0,512.8768,0.0,0.0,0.0,0.0,0.0,0.0,0.0
TO_river_zone,31,4,0.0,118580.69,0.0,0.0,273.82874,0.0,3.334978,76.597305,3697.1824
TO_main_terrace,31,4,0.0,22269.113,0.0,30987.855,0.0,1680.8307,1786.4075,434.1966,0.0
TO_sandy_point,31,4,0.0,0.0,0.0,0.0,6506.9126,0.0,12.865153,0.0,0.0
TO_clutha,31,4,0.0,0.0,0.0,42.298717,67857.836,44.890755,0.0,7567.078,0.0
TO_sub_terrace,31,4,0.0,0.0,0.0,64.99327,6262.116,0.0,940.45483,0.0,0.0
TO_mangawera,31,4,0.0,0.0,0.0,0.0,0.0,0.0,0.0,0.0,0.0
TOTAL_OUT,31,4,0.0,146940.38,84799.98,166541.94,84394.27,8450.629,77769.33,8522.896,3987.9136
IN-OUT,31,4,0.0,173270.9,26466.93,810907600.0,119974776.0,2831851000.0,9008940000.0,0.001953125,0.00024414062
PERCENT_DISCREPANCY,31,4,,74.18186,26.99786,199.9179,199.71904,199.9988,199.99655,2.2916214e-05,6.122014e-06
FROM_STORAGE,32,4,0.0,30180.832,2637.4268,5465.454,438.92163,0.0009975012,0.00080765644,0.0030794796,0.7869835
FROM_CONSTANT_HEAD,32,4,0.0,0.0,0.0,0.0,0.0,0.0,0.0,0.0,0.0
FROM_WELLS,32,4,0.0,4777.7715,18.260052,1438.9762,8504.589,0.0,0.0,77.06712,1081.1698
FROM_HEAD_DEP_BOUNDS,32,4,0.0,0.0,77532.47,0.0,0.0,0.0,0.0,0.0,0.0
FROM_RECHARGE,32,4,0.0,11435.957,1631.3204,4484.366,15251.537,1894.4105,2240.9023,1178.2632,2905.9722
FROM_STREAM_LEAKAGE,32,4,0.0,3500.0,1100.0,32435.486,3119.7043,36.521347,16.351604,0.0,0.0
FROM_STREAM_FLOW_OUT,32,4,0.0,173263.03,26465.953,810625860.0,119970260.0,2831851000.0,9008931000.0,0.0,0.0
FROM_ZONE_0,32,4,0.0,0.0,0.0,0.0,0.0,0.0,0.0,0.0,0.0
FROM_haweaflat,32,4,0.0,0.0,505.01367,116376.53,22134.15,0.0,0.0,0.0,0.0
FROM_moraine_top,32,4,0.0,82669.125,0.0,0.0,0.0,0.0,0.0,0.0,0.0
FROM_river_zone,32,4,0.0,11100.684,0.0,0.0,30987.176,0.0,42.299133,64.9995,0.0
FROM_main_terrace,32,4,0.0,899.69946,0.0,273.69876,0.0,6506.9126,67859.71,6261.5244,0.0
FROM_sandy_point,32,4,0.0,0.0,0.0,0.0,1680.8307,0.0,44.890755,0.0,0.0
FROM_clutha,32,4,0.0,0.0,0.0,3.3349912,1785.9397,12.865153,0.0,940.4461,0.0
FROM_sub_terrace,32,4,0.0,0.0,0.0,76.60613,434.42746,0.0,7567.254,0.0,0.0
FROM_mangawera,32,4,0.0,0.0,0.0,3697.217,0.0,0.0,0.0,0.0,0.0
TOTAL_IN,32,4,0.0,317827.1,109890.445,810790100.0,120054584.0,2831859500.0,9009008000.0,8522.304,3987.929
TO_STORAGE,32,4,0.0,37.038765,0.0018669337,0.070513435,457.37808,0.001084126,9.025839,3.2704096,0.10522832
TO_CONSTANT_HEAD,32,4,0.0,0.0,0.0,0.0,0.0,0.0,0.0,0.0,0.0
TO_WELLS,32,4,0.0,5505.3066,0.0,0.0,445.89493,28.567646,0.0,440.7458,290.60635
TO_HEAD_DEP_BOUNDS,32,4,0.0,0.0,754.6714,0.0,0.0,0.0,0.0,0.0,0.0
TO_RECHARGE,32,4,0.0,0.0,0.0,0.0,0.0,0.0,0.0,0.0,0.0
TO_STREAM_LEAKAGE,32,4,0.0,0.0,0.0,122055.36,1632.4711,6696.3384,75019.85,0.0,0.0
TO_STREAM_FLOW_OUT,32,4,0.0,0.0,0.0,0.0,0.0,0.0,0.0,0.0,0.0
TO_ZONE_0,32,4,0.0,0.0,0.0,0.0,0.0,0.0,0.0,0.0,0.0
TO_haweaflat,32,4,0.0,0.0,82669.125,11100.684,899.69946,0.0,0.0,0.0,0.0
TO_moraine_top,32,4,0.0,505.01367,0.0,0.0,0.0,0.0,0.0,0.0,0.0
TO_river_zone,32,4,0.0,116376.53,0.0,0.0,273.69876,0.0,3.3349912,76.60613,3697.217
TO_main_terrace,32,4,0.0,22134.15,0.0,30987.176,0.0,1680.8307,1785.9397,434.42746,0.0
TO_sandy_point,32,4,0.0,0.0,0.0,0.0,6506.9126,0.0,12.865153,0.0,0.0
TO_clutha,32,4,0.0,0.0,0.0,42.299133,67859.71,44.890755,0.0,7567.254,0.0
TO_sub_terrace,32,4,0.0,0.0,0.0,64.9995,6261.5244,0.0,940.4461,0.0,0.0
TO_mangawera,32,4,0.0,0.0,0.0,0.0,0.0,0.0,0.0,0.0,0.0
TOTAL_OUT,32,4,0.0,144558.05,83423.8,164250.58,84337.29,8450.629,77771.46,8522.304,3987.9287
IN-OUT,32,4,0.0,173269.05,26466.648,810625860.0,119970250.0,2831851000.0,9008930000.0,0.0,0.00024414062
PERCENT_DISCREPANCY,32,4,,74.94577,27.381994,199.91899,199.71921,199.9988,199.99655,0.0,6.1219907e-06
FROM_STORAGE,33,4,0.0,28810.09,2155.9932,5340.7583,523.044,0.0009963393,0.17635626,0.29785186,0.79387766
FROM_CONSTANT_HEAD,33,4,0.0,0.0,0.0,0.0,0.0,0.0,0.0,0.0,0.0
FROM_WELLS,33,4,0.0,4777.7715,18.260052,1438.9762,8504.589,0.0,0.0,77.06712,1081.1698
FROM_HEAD_DEP_BOUNDS,33,4,0.0,0.0,77157.84,0.0,0.0,0.0,0.0,0.0,0.0
FROM_RECHARGE,33,4,0.0,11435.957,1631.3204,4484.366,15251.537,1894.4105,2240.9023,1178.2632,2905.9722
FROM_STREAM_LEAKAGE,33,4,0.0,3500.0,1100.0,32443.998,3119.7043,36.521347,16.351604,0.0,0.0
FROM_STREAM_FLOW_OUT,33,4,0.0,173263.03,26465.953,810361340.0,119966020.0,2831851000.0,9008921000.0,0.0,0.0
FROM_ZONE_0,33,4,0.0,0.0,0.0,0.0,0.0,0.0,0.0,0.0,0.0
FROM_haweaflat,33,4,0.0,0.0,497.308,114352.94,21999.764,0.0,0.0,0.0,0.0
FROM_moraine_top,33,4,0.0,81878.63,0.0,0.0,0.0,0.0,0.0,0.0,0.0
FROM_river_zone,33,4,0.0,11078.495,0.0,0.0,30987.744,0.0,42.299572,65.00724,0.0
FROM_main_terrace,33,4,0.0,898.4636,0.0,273.50192,0.0,6506.9126,67860.11,6260.7495,0.0
FROM_sandy_point,33,4,0.0,0.0,0.0,0.0,1680.8307,0.0,44.890755,0.0,0.0
FROM_clutha,33,4,0.0,0.0,0.0,3.3350062,1785.3556,12.865153,0.0,940.409,0.0
FROM_sub_terrace,33,4,0.0,0.0,0.0,76.60943,434.67484,0.0,7567.2407,0.0,0.0
FROM_mangawera,33,4,0.0,0.0,0.0,3697.241,0.0,0.0,0.0,0.0,0.0
TOTAL_IN,33,4,0.0,315642.44,109026.67,810523460.0,120050296.0,2831859500.0,9008997000.0,8521.794,3987.9358
TO_STORAGE,33,4,0.0,16.78974,0.0,0.050564032,409.1207,0.0010854152,7.6044717,2.5243528,0.08810741
TO_CONSTANT_HEAD,33,4,0.0,0.0,0.0,0.0,0.0,0.0,0.0,0.0,0.0
TO_WELLS,33,4,0.0,5505.3066,0.0,0.0,445.89493,28.567646,0.0,440.7458,290.60635
TO_HEAD_DEP_BOUNDS,33,4,0.0,0.0,681.46094,0.0,0.0,0.0,0.0,0.0,0.0
TO_RECHARGE,33,4,0.0,0.0,0.0,0.0,0.0,0.0,0.0,0.0,0.0
TO_STREAM_LEAKAGE,33,4,0.0,0.0,0.0,119936.93,1632.4711,6696.3384,75022.41,0.0,0.0
TO_STREAM_FLOW_OUT,33,4,0.0,0.0,0.0,0.0,0.0,0.0,0.0,0.0,0.0
TO_ZONE_0,33,4,0.0,0.0,0.0,0.0,0.0,0.0,0.0,0.0,0.0
TO_haweaflat,33,4,0.0,0.0,81878.63,11078.495,898.4636,0.0,0.0,0.0,0.0
TO_moraine_top,33,4,0.0,497.308,0.0,0.0,0.0,0.0,0.0,0.0,0.0
TO_river_zone,33,4,0.0,114352.94,0.0,0.0,273.50192,0.0,3.3350062,76.60943,3697.241
TO_main_terrace,33,4,0.0,21999.764,0.0,30987.744,0.0,1680.8307,1785.3556,434.67484,0.0
TO_sandy_point,33,4,0.0,0.0,0.0,0.0,6506.9126,0.0,12.865153,0.0,0.0
TO_clutha,33,4,0.0,0.0,0.0,42.299572,67860.11,44.890755,0.0,7567.2407,0.0
TO_sub_terrace,33,4,0.0,0.0,0.0,65.00724,6260.7495,0.0,940.409,0.0,0.0
TO_mangawera,33,4,0.0,0.0,0.0,0.0,0.0,0.0,0.0,0.0,0.0
TOTAL_OUT,33,4,0.0,142372.11,82560.09,162110.52,84287.23,8450.629,77771.98,8521.795,3987.9355
IN-OUT,33,4,0.0,173270.33,26466.578,810361340.0,119966010.0,2831851000.0,9008920000.0,0.0009765625,0.00024414062
PERCENT_DISCREPANCY,33,4,,75.66149,27.628817,199.92001,199.71935,199.9988,199.99654,1.1459587e-05,6.1219803e-06
FROM_STORAGE,34,4,0.0,27280.545,1661.1702,5178.3813,607.37445,0.0009949459,0.8401042,0.8704096,0.79529834
FROM_CONSTANT_HEAD,34,4,0.0,0.0,0.0,0.0,0.0,0.0,0.0,0.0,0.0
FROM_WELLS,34,4,0.0,4777.7715,18.260052,1438.9762,8504.589,0.0,0.0,77.06712,1081.1698
FROM_HEAD_DEP_BOUNDS,34,4,0.0,0.0,77149.484,0.0,0.0,0.0,0.0,0.0,0.0
FROM_RECHARGE,34,4,0.0,11435.957,1631.3204,4484.366,15251.537,1894.4105,2240.9023,1178.2632,2905.9722
FROM_STREAM_LEAKAGE,34,4,0.0,3500.0,1100.0,32453.285,3119.7043,36.521347,16.351604,0.0,0.0
FROM_STREAM_FLOW_OUT,34,4,0.0,173263.03,26465.953,810115260.0,119962056.0,2831851000.0,9008910000.0,0.0,0.0
FROM_ZONE_0,34,4,0.0,0.0,0.0,0.0,0.0,0.0,0.0,0.0,0.0
FROM_haweaflat,34,4,0.0,0.0,489.73743,112515.52,21867.04,0.0,0.0,0.0,0.0
FROM_moraine_top,34,4,0.0,81435.91,0.0,0.0,0.0,0.0,0.0,0.0,0.0
FROM_river_zone,34,4,0.0,11064.096,0.0,0.0,30989.512,0.0,42.299973,65.016335,0.0
FROM_main_terrace,34,4,0.0,897.4142,0.0,273.2425,0.0,6506.9126,67859.05,6259.8076,0.0
FROM_sandy_point,34,4,0.0,0.0,0.0,0.0,1680.8307,0.0,44.890755,0.0,0.0
FROM_clutha,34,4,0.0,0.0,0.0,3.335019,1784.665,12.865153,0.0,940.34467,0.0
FROM_sub_terrace,34,4,0.0,0.0,0.0,76.60716,434.93445,0.0,7567.039,0.0,0.0
FROM_mangawera,34,4,0.0,0.0,0.0,3697.2568,0.0,0.0,0.0,0.0,0.0
TOTAL_IN,34,4,0.0,313654.72,108515.92,810275400.0,120046290.0,2831859500.0,9008987000.0,8521.369,3987.9373
TO_STORAGE,34,4,0.0,7.2559323,0.0,0.0352557,365.33795,0.0010869545,6.60621,2.0436175,0.07378467
TO_CONSTANT_HEAD,34,4,0.0,0.0,0.0,0.0,0.0,0.0,0.0,0.0,0.0
TO_WELLS,34,4,0.0,5505.3066,0.0,0.0,445.89493,28.567646,0.0,440.7458,290.60635
TO_HEAD_DEP_BOUNDS,34,4,0.0,0.0,613.666,0.0,0.0,0.0,0.0,0.0,0.0
TO_RECHARGE,34,4,0.0,0.0,0.0,0.0,0.0,0.0,0.0,0.0,0.0
TO_STREAM_LEAKAGE,34,4,0.0,0.0,0.0,117958.97,1632.4711,6696.3384,75023.54,0.0,0.0
TO_STREAM_FLOW_OUT,34,4,0.0,0.0,0.0,0.0,0.0,0.0,0.0,0.0,0.0
TO_ZONE_0,34,4,0.0,0.0,0.0,0.0,0.0,0.0,0.0,0.0,0.0
TO_haweaflat,34,4,0.0,0.0,81435.91,11064.096,897.4142,0.0,0.0,0.0,0.0
TO_moraine_top,34,4,0.0,489.73743,0.0,0.0,0.0,0.0,0.0,0.0,0.0
TO_river_zone,34,4,0.0,112515.52,0.0,0.0,273.2425,0.0,3.335019,76.60716,3697.2568
TO_main_terrace,34,4,0.0,21867.04,0.0,30989.512,0.0,1680.8307,1784.665,434.93445,0.0
TO_sandy_point,34,4,0.0,0.0,0.0,0.0,6506.9126,0.0,12.865153,0.0,0.0
TO_clutha,34,4,0.0,0.0,0.0,42.299973,67859.05,44.890755,0.0,7567.039,0.0
TO_sub_terrace,34,4,0.0,0.0,0.0,65.016335,6259.8076,0.0,940.34467,0.0,0.0
TO_mangawera,34,4,0.0,0.0,0.0,0.0,0.0,0.0,0.0,0.0,0.0
TOTAL_OUT,34,4,0.0,140384.86,82049.57,160119.92,84240.125,8450.629,77771.36,8521.37,3987.937
IN-OUT,34,4,0.0,173269.86,26466.352,810115260.0,119962050.0,2831851000.0,9008909000.0,0.0009765625,0.00024414062
PERCENT_DISCREPANCY,34,4,,76.323685,27.776646,199.92096,199.71951,199.9988,199.99655,1.146016e-05,6.121978e-06
FROM_STORAGE,35,4,0.0,25574.387,1201.2175,4982.813,690.38934,0.0009939241,1.7150489,1.5609573,0.7938466
FROM_CONSTANT_HEAD,35,4,0.0,0.0,0.0,0.0,0.0,0.0,0.0,0.0,0.0
FROM_WELLS,35,4,0.0,4777.7715,18.260052,1438.9762,8504.589,0.0,0.0,77.06712,1081.1698
FROM_HEAD_DEP_BOUNDS,35,4,0.0,0.0,77470.64,0.0,0.0,0.0,0.0,0.0,0.0
FROM_RECHARGE,35,4,0.0,11435.957,1631.3204,4484.366,15251.537,1894.4105,2240.9023,1178.2632,2905.9722
FROM_STREAM_LEAKAGE,35,4,0.0,3500.0,1100.0,32463.615,3119.7043,36.521347,16.351604,0.0,0.0
FROM_STREAM_FLOW_OUT,35,4,0.0,173263.03,26465.953,809886900.0,119958376.0,2831851000.0,9008901000.0,0.0,0.0
FROM_ZONE_0,35,4,0.0,0.0,0.0,0.0,0.0,0.0,0.0,0.0,0.0
FROM_haweaflat,35,4,0.0,0.0,482.26953,110866.836,21736.854,0.0,0.0,0.0,0.0
FROM_moraine_top,35,4,0.0,81358.7,0.0,0.0,0.0,0.0,0.0,0.0,0.0
FROM_river_zone,35,4,0.0,11056.936,0.0,0.0,30992.44,0.0,42.300323,65.02666,0.0
FROM_main_terrace,35,4,0.0,896.1932,0.0,272.9247,0.0,6506.9126,67856.58,6258.715,0.0
FROM_sandy_point,35,4,0.0,0.0,0.0,0.0,1680.8307,0.0,44.890755,0.0,0.0
FROM_clutha,35,4,0.0,0.0,0.0,3.3350341,1783.8801,12.865153,0.0,940.2542,0.0
FROM_sub_terrace,35,4,0.0,0.0,0.0,76.59964,435.20242,0.0,7566.6553,0.0,0.0
FROM_mangawera,35,4,0.0,0.0,0.0,3697.2651,0.0,0.0,0.0,0.0,0.0
TOTAL_IN,35,4,0.0,311863.0,108369.66,810045200.0,120042570.0,2831859500.0,9008978000.0,8520.887,3987.9358
TO_STORAGE,35,4,0.0,2.1805723,0.0008773149,0.023570122,325.64084,0.0010881276,5.7784204,1.6831526,0.063949354
TO_CONSTANT_HEAD,35,4,0.0,0.0,0.0,0.0,0.0,0.0,0.0,0.0,0.0
TO_WELLS,35,4,0.0,5505.3066,0.0,0.0,445.89493,28.567646,0.0,440.7458,290.60635
TO_HEAD_DEP_BOUNDS,35,4,0.0,0.0,544.6362,0.0,0.0,0.0,0.0,0.0,0.0
TO_RECHARGE,35,4,0.0,0.0,0.0,0.0,0.0,0.0,0.0,0.0,0.0
TO_STREAM_LEAKAGE,35,4,0.0,0.0,0.0,116128.8,1632.5043,6696.3384,75023.3,0.0,0.0
TO_STREAM_FLOW_OUT,35,4,0.0,0.0,0.0,0.0,0.0,0.0,0.0,0.0,0.0
TO_ZONE_0,35,4,0.0,0.0,0.0,0.0,0.0,0.0,0.0,0.0,0.0
TO_haweaflat,35,4,0.0,0.0,81358.7,11056.936,896.1932,0.0,0.0,0.0,0.0
TO_moraine_top,35,4,0.0,482.26953,0.0,0.0,0.0,0.0,0.0,0.0,0.0
TO_river_zone,35,4,0.0,110866.836,0.0,0.0,272.9247,0.0,3.3350341,76.59964,3697.2651
TO_main_terrace,35,4,0.0,21736.854,0.0,30992.44,0.0,1680.8307,1783.8801,435.20242,0.0
TO_sandy_point,35,4,0.0,0.0,0.0,0.0,6506.9126,0.0,12.865153,0.0,0.0
TO_clutha,35,4,0.0,0.0,0.0,42.300323,67856.58,44.890755,0.0,7566.6553,0.0
TO_sub_terrace,35,4,0.0,0.0,0.0,65.02666,6258.715,0.0,940.2542,0.0,0.0
TO_mangawera,35,4,0.0,0.0,0.0,0.0,0.0,0.0,0.0,0.0,0.0
TOTAL_OUT,35,4,0.0,138593.45,81903.34,158285.53,84195.36,8450.629,77769.42,8520.887,3987.9355
IN-OUT,35,4,0.0,173269.55,26466.312,809886900.0,119958376.0,2831851000.0,9008900000.0,0.0,0.00024414062
PERCENT_DISCREPANCY,35,4,,76.93066,27.819304,199.92186,199.71965,199.9988,199.99655,0.0,6.1219803e-06
FROM_STORAGE,36,4,0.0,23873.934,738.1682,4766.458,772.95966,0.0009927894,2.712652,2.3276315,0.79165715
FROM_CONSTANT_HEAD,36,4,0.0,0.0,0.0,0.0,0.0,0.0,0.0,0.0,0.0
FROM_WELLS,36,4,0.0,4777.7715,18.260052,1438.9762,8504.589,0.0,0.0,77.06712,1081.1698
FROM_HEAD_DEP_BOUNDS,36,4,0.0,0.0,78113.27,0.0,0.0,0.0,0.0,0.0,0.0
FROM_RECHARGE,36,4,0.0,11435.957,1631.3204,4484.366,15251.537,1894.4105,2240.9023,1178.2632,2905.9722
FROM_STREAM_LEAKAGE,36,4,0.0,3500.0,1100.0,32474.645,3119.7043,36.521347,16.351604,0.0,0.0
FROM_STREAM_FLOW_OUT,36,4,0.0,173263.03,26465.953,809679100.0,119955030.0,2831851000.0,9008892000.0,0.0,0.0
FROM_ZONE_0,36,4,0.0,0.0,0.0,0.0,0.0,0.0,0.0,0.0,0.0
FROM_haweaflat,36,4,0.0,0.0,475.13898,109426.61,21610.299,0.0,0.0,0.0,0.0
FROM_moraine_top,36,4,0.0,81598.98,0.0,0.0,0.0,0.0,0.0,0.0,0.0
FROM_river_zone,36,4,0.0,11056.618,0.0,0.0,30996.465,0.0,42.300705,65.03802,0.0
FROM_main_terrace,36,4,0.0,894.81793,0.0,272.5529,0.0,6506.9126,67852.74,6257.4834,0.0
FROM_sandy_point,36,4,0.0,0.0,0.0,0.0,1680.8307,0.0,44.890755,0.0,0.0
FROM_clutha,36,4,0.0,0.0,0.0,3.3350475,1783.0111,12.865153,0.0,940.1392,0.0
FROM_sub_terrace,36,4,0.0,0.0,0.0,76.58686,435.476,0.0,7566.097,0.0,0.0
FROM_mangawera,36,4,0.0,0.0,0.0,3697.2666,0.0,0.0,0.0,0.0,0.0
TOTAL_IN,36,4,0.0,310401.1,108542.12,809835700.0,120039180.0,2831859500.0,9008969000.0,8520.318,3987.9336
TO_STORAGE,36,4,0.0,0.4243013,0.0,0.014948986,289.6645,0.0010894024,5.065078,1.4083444,0.056952894
TO_CONSTANT_HEAD,36,4,0.0,0.0,0.0,0.0,0.0,0.0,0.0,0.0,0.0
TO_WELLS,36,4,0.0,5505.3066,0.0,0.0,445.89493,28.567646,0.0,440.7458,290.60635
TO_HEAD_DEP_BOUNDS,36,4,0.0,0.0,473.08398,0.0,0.0,0.0,0.0,0.0,0.0
TO_RECHARGE,36,4,0.0,0.0,0.0,0.0,0.0,0.0,0.0,0.0,0.0
TO_STREAM_LEAKAGE,36,4,0.0,0.0,0.0,114456.73,1632.5043,6696.3384,75021.71,0.0,0.0
TO_STREAM_FLOW_OUT,36,4,0.0,0.0,0.0,0.0,0.0,0.0,0.0,0.0,0.0
TO_ZONE_0,36,4,0.0,0.0,0.0,0.0,0.0,0.0,0.0,0.0,0.0
TO_haweaflat,36,4,0.0,0.0,81598.98,11056.618,894.81793,0.0,0.0,0.0,0.0
TO_moraine_top,36,4,0.0,475.13898,0.0,0.0,0.0,0.0,0.0,0.0,0.0
TO_river_zone,36,4,0.0,109426.61,0.0,0.0,272.5529,0.0,3.3350475,76.58686,3697.2666
TO_main_terrace,36,4,0.0,21610.299,0.0,30996.465,0.0,1680.8307,1783.0111,435.476,0.0
TO_sandy_point,36,4,0.0,0.0,0.0,0.0,6506.9126,0.0,12.865153,0.0,0.0
TO_clutha,36,4,0.0,0.0,0.0,42.300705,67852.74,44.890755,0.0,7566.097,0.0
TO_sub_terrace,36,4,0.0,0.0,0.0,65.03802,6257.4834,0.0,940.1392,0.0,0.0
TO_mangawera,36,4,0.0,0.0,0.0,0.0,0.0,0.0,0.0,0.0,0.0
TOTAL_OUT,36,4,0.0,137017.78,82072.06,156617.16,84152.58,8450.629,77766.125,8520.314,3987.93
IN-OUT,36,4,0.0,173383.31,26470.055,809679100.0,119955030.0,2831851000.0,9008891000.0,0.00390625,0.0036621094
PERCENT_DISCREPANCY,36,4,,77.5038,27.773436,199.92265,199.71979,199.9988,199.99655,4.5846304e-05,9.1829796e-05
FROM_STORAGE,37,4,0.0,21835.465,251.7726,4470.4863,843.5095,0.0009917397,3.7633781,3.0987697,0.77718574
FROM_CONSTANT_HEAD,37,4,0.0,0.0,0.0,0.0,0.0,0.0,0.0,0.0,0.0
FROM_WELLS,37,4,0.0,4777.7715,18.260052,1438.9762,8504.589,0.0,0.0,77.06712,1081.1698
FROM_HEAD_DEP_BOUNDS,37,4,0.0,0.0,79094.93,0.0,0.0,0.0,0.0,0.0,0.0
FROM_RECHARGE,37,4,0.0,11435.957,1631.3204,4484.366,15251.537,1894.4105,2240.9023,1178.2632,2905.9722
FROM_STREAM_LEAKAGE,37,4,0.0,3500.0,1100.0,32486.25,3119.7043,36.521347,16.351604,0.0,0.0
FROM_STREAM_FLOW_OUT,37,4,0.0,173263.03,26465.953,809492000.0,119952020.0,2831851000.0,9008885000.0,0.0,0.0
FROM_ZONE_0,37,4,0.0,0.0,0.0,0.0,0.0,0.0,0.0,0.0,0.0
FROM_haweaflat,37,4,0.0,0.0,468.5373,108197.16,21488.754,0.0,0.0,0.0,0.0
FROM_moraine_top,37,4,0.0,82160.05,0.0,0.0,0.0,0.0,0.0,0.0,0.0
FROM_river_zone,37,4,0.0,11062.816,0.0,0.0,31001.516,0.0,42.30104,65.050316,0.0
FROM_main_terrace,37,4,0.0,893.31384,0.0,272.13297,0.0,6506.9126,67847.61,6256.1343,0.0
FROM_sandy_point,37,4,0.0,0.0,0.0,0.0,1680.8307,0.0,44.890755,0.0,0.0
FROM_clutha,37,4,0.0,0.0,0.0,3.3350604,1782.0724,12.865153,0.0,940.0017,0.0
FROM_sub_terrace,37,4,0.0,0.0,0.0,76.569084,435.75067,0.0,7565.375,0.0,0.0
FROM_mangawera,37,4,0.0,0.0,0.0,3697.261,0.0,0.0,0.0,0.0,0.0
TOTAL_IN,37,4,0.0,308928.38,109030.77,809647100.0,120036120.0,2831859500.0,9008962000.0,8519.615,3987.9192
TO_STORAGE,37,4,0.0,0.048213337,2.2709506,0.009615341,253.62782,0.0010904633,4.386013,1.1747586,0.05139758
TO_CONSTANT_HEAD,37,4,0.0,0.0,0.0,0.0,0.0,0.0,0.0,0.0,0.0
TO_WELLS,37,4,0.0,5505.3066,0.0,0.0,445.89493,28.567646,0.0,440.7458,290.60635
TO_HEAD_DEP_BOUNDS,37,4,0.0,0.0,402.44482,0.0,0.0,0.0,0.0,0.0,0.0
TO_RECHARGE,37,4,0.0,0.0,0.0,0.0,0.0,0.0,0.0,0.0,0.0
TO_STREAM_LEAKAGE,37,4,0.0,0.0,0.0,112953.93,1632.5043,6696.3384,75018.66,0.0,0.0
TO_STREAM_FLOW_OUT,37,4,0.0,0.0,0.0,0.0,0.0,0.0,0.0,0.0,0.0
TO_ZONE_0,37,4,0.0,0.0,0.0,0.0,0.0,0.0,0.0,0.0,0.0
TO_haweaflat,37,4,0.0,0.0,82160.05,11062.816,893.31384,0.0,0.0,0.0,0.0
TO_moraine_top,37,4,0.0,468.5373,0.0,0.0,0.0,0.0,0.0,0.0,0.0
TO_river_zone,37,4,0.0,108197.16,0.0,0.0,272.13297,0.0,3.3350604,76.569084,3697.261
TO_main_terrace,37,4,0.0,21488.754,0.0,31001.516,0.0,1680.8307,1782.0724,435.75067,0.0
TO_sandy_point,37,4,0.0,0.0,0.0,0.0,6506.9126,0.0,12.865153,0.0,0.0
TO_clutha,37,4,0.0,0.0,0.0,42.30104,67847.61,44.890755,0.0,7565.375,0.0
TO_sub_terrace,37,4,0.0,0.0,0.0,65.050316,6256.1343,0.0,940.0017,0.0,0.0
TO_mangawera,37,4,0.0,0.0,0.0,0.0,0.0,0.0,0.0,0.0,0.0
TOTAL_OUT,37,4,0.0,135659.8,82564.766,155125.61,84108.13,8450.629,77761.31,8519.615,3987.9187
IN-OUT,37,4,0.0,173268.58,26466.008,809492000.0,119952010.0,2831851000.0,9008884000.0,0.0,0.00048828125
PERCENT_DISCREPANCY,37,4,,77.94565,27.626957,199.92337,199.71991,199.9988,199.99655,0.0,1.22440115e-05
FROM_STORAGE,38,4,0.0,19811.23,4.4448915,4169.1025,906.0417,0.0009907408,4.8798833,3.8817222,0.76144993
FROM_CONSTANT_HEAD,38,4,0.0,0.0,0.0,0.0,0.0,0.0,0.0,0.0,0.0
FROM_WELLS,38,4,0.0,4777.7715,18.260052,1438.9762,8504.589,0.0,0.0,77.06712,1081.1698
FROM_HEAD_DEP_BOUNDS,38,4,0.0,0.0,80416.29,0.0,0.0,0.0,0.0,0.0,0.0
FROM_RECHARGE,38,4,0.0,11435.957,1631.3204,4484.366,15251.537,1894.4105,2240.9023,1178.2632,2905.9722
FROM_STREAM_LEAKAGE,38,4,0.0,3500.0,1100.0,32498.285,3119.7043,36.521347,16.351604,0.0,0.0
FROM_STREAM_FLOW_OUT,38,4,0.0,173263.03,26465.953,809327200.0,119949350.0,2831851000.0,9008878000.0,0.0,0.0
FROM_ZONE_0,38,4,0.0,0.0,0.0,0.0,0.0,0.0,0.0,0.0,0.0
FROM_haweaflat,38,4,0.0,0.0,462.90442,107175.72,21379.795,0.0,0.0,0.0,0.0
FROM_moraine_top,38,4,0.0,83041.664,0.0,0.0,0.0,0.0,0.0,0.0,0.0
FROM_river_zone,38,4,0.0,11075.068,0.0,0.0,31007.506,0.0,42.30134,65.06331,0.0
FROM_main_terrace,38,4,0.0,891.7879,0.0,271.67053,0.0,6506.9126,67841.28,6254.685,0.0
FROM_sandy_point,38,4,0.0,0.0,0.0,0.0,1680.8307,0.0,44.890755,0.0,0.0
FROM_clutha,38,4,0.0,0.0,0.0,3.3350732,1781.0767,12.865153,0.0,939.8435,0.0
FROM_sub_terrace,38,4,0.0,0.0,0.0,76.546585,436.02347,0.0,7564.4995,0.0,0.0
FROM_mangawera,38,4,0.0,0.0,0.0,3697.2498,0.0,0.0,0.0,0.0,0.0
TOTAL_IN,38,4,0.0,307796.5,110099.17,809481000.0,120033420.0,2831859500.0,9008954000.0,8518.804,3987.9033
TO_STORAGE,38,4,0.0,4.6924114,245.69865,0.0068097496,222.20758,0.0010915982,3.8121471,0.98864114,0.04719126
TO_CONSTANT_HEAD,38,4,0.0,0.0,0.0,0.0,0.0,0.0,0.0,0.0,0.0
TO_WELLS,38,4,0.0,5505.3066,0.0,0.0,445.89493,28.567646,0.0,440.7458,290.60635
TO_HEAD_DEP_BOUNDS,38,4,0.0,0.0,345.8291,0.0,0.0,0.0,0.0,0.0,0.0
TO_RECHARGE,38,4,0.0,0.0,0.0,0.0,0.0,0.0,0.0,0.0,0.0
TO_STREAM_LEAKAGE,38,4,0.0,0.0,0.0,111624.18,1632.5043,6696.3384,75014.234,0.0,0.0
TO_STREAM_FLOW_OUT,38,4,0.0,0.0,0.0,0.0,0.0,0.0,0.0,0.0,0.0
TO_ZONE_0,38,4,0.0,0.0,0.0,0.0,0.0,0.0,0.0,0.0,0.0
TO_haweaflat,38,4,0.0,0.0,83041.664,11075.068,891.7879,0.0,0.0,0.0,0.0
TO_moraine_top,38,4,0.0,462.90442,0.0,0.0,0.0,0.0,0.0,0.0,0.0
TO_river_zone,38,4,0.0,107175.72,0.0,0.0,271.67053,0.0,3.3350732,76.546585,3697.2498
TO_main_terrace,38,4,0.0,21379.795,0.0,31007.506,0.0,1680.8307,1781.0767,436.02347,0.0
TO_sandy_point,38,4,0.0,0.0,0.0,0.0,6506.9126,0.0,12.865153,0.0,0.0
TO_clutha,38,4,0.0,0.0,0.0,42.30134,67841.28,44.890755,0.0,7564.4995,0.0
TO_sub_terrace,38,4,0.0,0.0,0.0,65.06331,6254.685,0.0,939.8435,0.0,0.0
TO_mangawera,38,4,0.0,0.0,0.0,0.0,0.0,0.0,0.0,0.0,0.0
TOTAL_OUT,38,4,0.0,134528.42,83633.195,153814.12,84066.945,8450.629,77755.17,8518.804,3987.9033
IN-OUT,38,4,0.0,173268.08,26465.977,809327200.0,119949360.0,2831851000.0,9008877000.0,0.0,0.0
PERCENT_DISCREPANCY,38,4,,78.34425,27.322205,199.92403,199.72006,199.9988,199.99655,0.0,0.0
FROM_STORAGE,39,4,0.0,17758.686,0.5476562,3863.0068,971.54016,0.000990434,6.065017,4.6693,0.7445911
FROM_CONSTANT_HEAD,39,4,0.0,0.0,0.0,0.0,0.0,0.0,0.0,0.0,0.0
FROM_WELLS,39,4,0.0,4777.7715,18.260052,1438.9762,8504.589,0.0,0.0,77.06712,1081.1698
FROM_HEAD_DEP_BOUNDS,39,4,0.0,0.0,82114.44,0.0,0.0,0.0,0.0,0.0,0.0
FROM_RECHARGE,39,4,0.0,11435.957,1631.3204,4484.366,15251.537,1894.4105,2240.9023,1178.2632,2905.9722
FROM_STREAM_LEAKAGE,39,4,0.0,3500.0,1100.0,32511.016,3119.7043,36.521347,16.351604,0.0,0.0
FROM_STREAM_FLOW_OUT,39,4,0.0,173263.03,26465.953,809184900.0,119947040.0,2831850500.0,9008871000.0,0.0,0.0
FROM_ZONE_0,39,4,0.0,0.0,0.0,0.0,0.0,0.0,0.0,0.0,0.0
FROM_haweaflat,39,4,0.0,0.0,458.47583,106365.97,21272.854,0.0,0.0,0.0,0.0
FROM_moraine_top,39,4,0.0,84255.83,0.0,0.0,0.0,0.0,0.0,0.0,0.0
FROM_river_zone,39,4,0.0,11093.398,0.0,0.0,31014.352,0.0,42.301605,65.07682,0.0
FROM_main_terrace,39,4,0.0,890.1212,0.0,271.171,0.0,6506.9126,67833.836,6253.1523,0.0
FROM_sandy_point,39,4,0.0,0.0,0.0,0.0,1680.8307,0.0,44.89076,0.0,0.0
FROM_clutha,39,4,0.0,0.0,0.0,3.335083,1780.0369,12.865153,0.0,939.6668,0.0
FROM_sub_terrace,39,4,0.0,0.0,0.0,76.519684,436.29184,0.0,7563.4814,0.0,0.0
FROM_mangawera,39,4,0.0,0.0,0.0,3697.2327,0.0,0.0,0.0,0.0,0.0
TOTAL_IN,39,4,0.0,306974.78,111788.99,809337600.0,120031080.0,2831859000.0,9008948000.0,8517.8955,3987.8867
TO_STORAGE,39,4,0.0,19.708351,740.0826,0.0047852225,194.34535,0.001092234,3.3390658,0.83785295,0.044104476
TO_CONSTANT_HEAD,39,4,0.0,0.0,0.0,0.0,0.0,0.0,0.0,0.0,0.0
TO_WELLS,39,4,0.0,5505.3066,0.0,0.0,445.89493,28.567646,0.0,440.7458,290.60635
TO_HEAD_DEP_BOUNDS,39,4,0.0,0.0,331.86865,0.0,0.0,0.0,0.0,0.0,0.0
TO_RECHARGE,39,4,0.0,0.0,0.0,0.0,0.0,0.0,0.0,0.0,0.0
TO_STREAM_LEAKAGE,39,4,0.0,0.0,0.0,110477.07,1632.5043,6696.3384,75008.625,0.0,0.0
TO_STREAM_FLOW_OUT,39,4,0.0,0.0,0.0,0.0,0.0,0.0,0.0,0.0,0.0
TO_ZONE_0,39,4,0.0,0.0,0.0,0.0,0.0,0.0,0.0,0.0,0.0
TO_haweaflat,39,4,0.0,0.0,84255.83,11093.398,890.1212,0.0,0.0,0.0,0.0
TO_moraine_top,39,4,0.0,458.47583,0.0,0.0,0.0,0.0,0.0,0.0,0.0
TO_river_zone,39,4,0.0,106365.97,0.0,0.0,271.171,0.0,3.335083,76.519684,3697.2327
TO_main_terrace,39,4,0.0,21272.854,0.0,31014.352,0.0,1680.8307,1780.0369,436.29184,0.0
TO_sandy_point,39,4,0.0,0.0,0.0,0.0,6506.9126,0.0,12.865153,0.0,0.0
TO_clutha,39,4,0.0,0.0,0.0,42.301605,67833.836,44.89076,0.0,7563.4814,0.0
TO_sub_terrace,39,4,0.0,0.0,0.0,65.07682,6253.1523,0.0,939.6668,0.0,0.0
TO_mangawera,39,4,0.0,0.0,0.0,0.0,0.0,0.0,0.0,0.0,0.0
TOTAL_OUT,39,4,0.0,133622.31,85327.78,152692.2,84027.94,8450.629,77747.87,8517.877,3987.883
IN-OUT,39,4,0.0,173352.47,26461.21,809184900.0,119947060.0,2831850500.0,9008870000.0,0.018554688,0.0036621094
PERCENT_DISCREPANCY,39,4,,78.68979,26.848257,199.92453,199.7202,199.99881,199.99654,0.00021783206,9.183087e-05
FROM_STORAGE,40,4,0.0,15523.32,3.9722885e-13,3506.2114,1025.6942,0.0009895115,7.236035,5.407644,0.71921206
FROM_CONSTANT_HEAD,40,4,0.0,0.0,0.0,0.0,0.0,0.0,0.0,0.0,0.0
FROM_WELLS,40,4,0.0,4777.7715,18.260052,1438.9762,8504.589,0.0,0.0,77.06712,1081.1698
FROM_HEAD_DEP_BOUNDS,40,4,0.0,0.0,84154.59,0.0,0.0,0.0,0.0,0.0,0.0
FROM_RECHARGE,40,4,0.0,11435.957,1631.3204,4484.366,15251.537,1894.4105,2240.9023,1178.2632,2905.9722
FROM_STREAM_LEAKAGE,40,4,0.0,3500.0,1100.0,32523.213,3119.7043,36.521347,16.351604,0.0,0.0
FROM_STREAM_FLOW_OUT,40,4,0.0,173263.03,26465.953,809065340.0,119945064.0,2831849700.0,9008864000.0,0.0,0.0
FROM_ZONE_0,40,4,0.0,0.0,0.0,0.0,0.0,0.0,0.0,0.0,0.0
FROM_haweaflat,40,4,0.0,0.0,454.80792,105774.89,21173.607,0.0,0.0,0.0,0.0
FROM_moraine_top,40,4,0.0,85783.84,0.0,0.0,0.0,0.0,0.0,0.0,0.0
FROM_river_zone,40,4,0.0,11116.757,0.0,0.0,31021.74,0.0,42.301834,65.09072,0.0
FROM_main_terrace,40,4,0.0,888.89905,0.0,270.64005,0.0,6506.9126,67825.375,6251.554,0.0
FROM_sandy_point,40,4,0.0,0.0,0.0,0.0,1680.8307,0.0,44.89076,0.0,0.0
FROM_clutha,40,4,0.0,0.0,0.0,3.3350952,1778.9667,12.865153,0.0,939.474,0.0
FROM_sub_terrace,40,4,0.0,0.0,0.0,76.48874,436.55292,0.0,7562.3394,0.0,0.0
FROM_mangawera,40,4,0.0,0.0,0.0,3697.21,0.0,0.0,0.0,0.0,0.0
TOTAL_IN,40,4,0.0,306289.6,113824.93,809217150.0,120029064.0,2831858200.0,9008941000.0,8516.856,3987.8613
TO_STORAGE,40,4,0.0,39.81815,1251.4608,0.0031867807,167.22934,0.0010933144,2.9181564,0.7072484,0.041210186
TO_CONSTANT_HEAD,40,4,0.0,0.0,0.0,0.0,0.0,0.0,0.0,0.0,0.0
TO_WELLS,40,4,0.0,5505.3066,0.0,0.0,445.89493,28.567646,0.0,440.7458,290.60635
TO_HEAD_DEP_BOUNDS,40,4,0.0,0.0,331.39795,0.0,0.0,0.0,0.0,0.0,0.0
TO_RECHARGE,40,4,0.0,0.0,0.0,0.0,0.0,0.0,0.0,0.0,0.0
TO_STREAM_LEAKAGE,40,4,0.0,0.0,0.0,109512.11,1632.5043,6696.3384,75001.82,0.0,0.0
TO_STREAM_FLOW_OUT,40,4,0.0,0.0,0.0,0.0,0.0,0.0,0.0,0.0,0.0
TO_ZONE_0,40,4,0.0,0.0,0.0,0.0,0.0,0.0,0.0,0.0,0.0
TO_haweaflat,40,4,0.0,0.0,85783.84,11116.757,888.89905,0.0,0.0,0.0,0.0
TO_moraine_top,40,4,0.0,454.80792,0.0,0.0,0.0,0.0,0.0,0.0,0.0
TO_river_zone,40,4,0.0,105774.89,0.0,0.0,270.64005,0.0,3.3350952,76.48874,3697.21
TO_main_terrace,40,4,0.0,21173.607,0.0,31021.74,0.0,1680.8307,1778.9667,436.55292,0.0
TO_sandy_point,40,4,0.0,0.0,0.0,0.0,6506.9126,0.0,12.865153,0.0,0.0
TO_clutha,40,4,0.0,0.0,0.0,42.301834,67825.375,44.89076,0.0,7562.3394,0.0
TO_sub_terrace,40,4,0.0,0.0,0.0,65.09072,6251.554,0.0,939.474,0.0,0.0
TO_mangawera,40,4,0.0,0.0,0.0,0.0,0.0,0.0,0.0,0.0,0.0
TOTAL_OUT,40,4,0.0,132948.42,87366.7,151758.0,83989.01,8450.629,77739.39,8516.834,3987.8574
IN-OUT,40,4,0.0,173341.17,26458.227,809065400.0,119945070.0,2831849700.0,9008863000.0,0.022460938,0.00390625
PERCENT_DISCREPANCY,40,4,,78.92813,26.30152,199.92502,199.72029,199.99883,199.99654,0.00026372366,9.7953554e-05
FROM_STORAGE,41,4,0.0,13146.637,0.0037454334,3112.1206,1067.8909,0.0009887458,8.354186,6.0824594,0.6863282
FROM_CONSTANT_HEAD,41,4,0.0,0.0,0.0,0.0,0.0,0.0,0.0,0.0,0.0
FROM_WELLS,41,4,0.0,4777.7715,18.260052,1438.9762,8504.589,0.0,0.0,77.06712,1081.1698
FROM_HEAD_DEP_BOUNDS,41,4,0.0,0.0,86516.42,0.0,0.0,0.0,0.0,0.0,0.0
FROM_RECHARGE,41,4,0.0,11435.957,1631.3204,4484.366,15251.537,1894.4105,2240.9023,1178.2632,2905.9722
FROM_STREAM_LEAKAGE,41,4,0.0,3500.0,1100.0,32535.531,3119.7043,36.521347,16.351604,0.0,0.0
FROM_STREAM_FLOW_OUT,41,4,0.0,173263.03,26465.953,808969700.0,119943496.0,2831849200.0,9008859000.0,0.0,0.0
FROM_ZONE_0,41,4,0.0,0.0,0.0,0.0,0.0,0.0,0.0,0.0,0.0
FROM_haweaflat,41,4,0.0,0.0,451.58002,105400.7,21082.662,0.0,0.0,0.0,0.0
FROM_moraine_top,41,4,0.0,87652.695,0.0,0.0,0.0,0.0,0.0,0.0,0.0
FROM_river_zone,41,4,0.0,11144.917,0.0,0.0,31029.49,0.0,42.301987,65.104866,0.0
FROM_main_terrace,41,4,0.0,888.0778,0.0,270.08258,0.0,6506.9126,67816.02,6249.903,0.0
FROM_sandy_point,41,4,0.0,0.0,0.0,0.0,1680.8307,0.0,44.89076,0.0,0.0
FROM_clutha,41,4,0.0,0.0,0.0,3.3351047,1777.8789,12.865153,0.0,939.26733,0.0
FROM_sub_terrace,41,4,0.0,0.0,0.0,76.454285,436.80566,0.0,7561.0845,0.0,0.0
FROM_mangawera,41,4,0.0,0.0,0.0,3697.183,0.0,0.0,0.0,0.0,0.0
TOTAL_IN,41,4,0.0,305809.06,116183.54,809120800.0,120027450.0,2831857700.0,9008936000.0,8515.6875,3987.8281
TO_STORAGE,41,4,0.0,102.46565,1734.2959,0.0022450273,141.76384,0.0010942101,2.5424235,0.5963044,0.038598016
TO_CONSTANT_HEAD,41,4,0.0,0.0,0.0,0.0,0.0,0.0,0.0,0.0,0.0
TO_WELLS,41,4,0.0,5505.3066,0.0,0.0,445.89493,28.567646,0.0,440.7458,290.60635
TO_HEAD_DEP_BOUNDS,41,4,0.0,0.0,331.02246,0.0,0.0,0.0,0.0,0.0,0.0
TO_RECHARGE,41,4,0.0,0.0,0.0,0.0,0.0,0.0,0.0,0.0,0.0
TO_STREAM_LEAKAGE,41,4,0.0,0.0,0.0,108736.21,1632.5043,6696.3384,74994.055,0.0,0.0
TO_STREAM_FLOW_OUT,41,4,0.0,0.0,0.0,0.0,0.0,0.0,0.0,0.0,0.0
TO_ZONE_0,41,4,0.0,0.0,0.0,0.0,0.0,0.0,0.0,0.0,0.0
TO_haweaflat,41,4,0.0,0.0,87652.695,11144.917,888.0778,0.0,0.0,0.0,0.0
TO_moraine_top,41,4,0.0,451.58002,0.0,0.0,0.0,0.0,0.0,0.0,0.0
TO_river_zone,41,4,0.0,105400.7,0.0,0.0,270.08258,0.0,3.3351047,76.454285,3697.183
TO_main_terrace,41,4,0.0,21082.662,0.0,31029.49,0.0,1680.8307,1777.8789,436.80566,0.0
TO_sandy_point,41,4,0.0,0.0,0.0,0.0,6506.9126,0.0,12.865153,0.0,0.0
TO_clutha,41,4,0.0,0.0,0.0,42.301987,67816.02,44.89076,0.0,7561.0845,0.0
TO_sub_terrace,41,4,0.0,0.0,0.0,65.104866,6249.903,0.0,939.26733,0.0,0.0
TO_mangawera,41,4,0.0,0.0,0.0,0.0,0.0,0.0,0.0,0.0,0.0
TOTAL_OUT,41,4,0.0,132542.72,89718.016,151018.02,83951.164,8450.629,77729.945,8515.687,3987.8281
IN-OUT,41,4,0.0,173266.34,26465.523,808969700.0,119943496.0,2831849200.0,9008858000.0,0.0009765625,0.0
PERCENT_DISCREPANCY,41,4,,79.05356,25.706966,199.92535,199.72041,199.99881,199.99655,1.1467806e-05,0.0
FROM_STORAGE,42,4,0.0,11218.738,0.0,2711.1692,1108.0492,0.0009873536,9.465893,6.7350807,0.652196
FROM_CONSTANT_HEAD,42,4,0.0,0.0,0.0,0.0,0.0,0.0,0.0,0.0,0.0
FROM_WELLS,42,4,0.0,4777.7715,18.260052,1438.9762,8504.589,0.0,0.0,77.06712,1081.1698
FROM_HEAD_DEP_BOUNDS,42,4,0.0,0.0,89285.05,0.0,0.0,0.0,0.0,0.0,0.0
FROM_RECHARGE,42,4,0.0,11435.957,1631.3204,4484.366,15251.537,1894.4105,2240.9023,1178.2632,2905.9722
FROM_STREAM_LEAKAGE,42,4,0.0,3500.0,1100.0,32547.54,3119.7043,36.521347,16.351604,0.0,0.0
FROM_STREAM_FLOW_OUT,42,4,0.0,173263.03,26465.953,808898370.0,119942320.0,2831849000.0,9008855000.0,0.0,0.0
FROM_ZONE_0,42,4,0.0,0.0,0.0,0.0,0.0,0.0,0.0,0.0,0.0
FROM_haweaflat,42,4,0.0,0.0,448.76443,105256.37,21000.453,0.0,0.0,0.0,0.0
FROM_moraine_top,42,4,0.0,89906.375,0.0,0.0,0.0,0.0,0.0,0.0,0.0
FROM_river_zone,42,4,0.0,11178.11,0.0,0.0,31037.82,0.0,42.302105,65.11914,0.0
FROM_main_terrace,42,4,0.0,887.2251,0.0,269.5057,0.0,6506.9126,67805.875,6248.218,0.0
FROM_sandy_point,42,4,0.0,0.0,0.0,0.0,1680.8307,0.0,44.89076,0.0,0.0
FROM_clutha,42,4,0.0,0.0,0.0,3.3351116,1776.7828,12.865153,0.0,939.04895,0.0
FROM_sub_terrace,42,4,0.0,0.0,0.0,76.41656,437.04727,0.0,7559.7324,0.0,0.0
FROM_mangawera,42,4,0.0,0.0,0.0,3697.1511,0.0,0.0,0.0,0.0,0.0
TOTAL_IN,42,4,0.0,306167.22,118949.34,809048800.0,120026240.0,2831857400.0,9008932000.0,8514.451,3987.7942
TO_STORAGE,42,4,0.0,690.56244,2247.0664,5.5743227,120.4048,0.0010958285,2.2258124,0.5082972,0.036194287
TO_CONSTANT_HEAD,42,4,0.0,0.0,0.0,0.0,0.0,0.0,0.0,0.0,0.0
TO_WELLS,42,4,0.0,5505.3066,0.0,0.0,445.89493,28.567646,0.0,440.7458,290.60635
TO_HEAD_DEP_BOUNDS,42,4,0.0,0.0,330.78174,0.0,0.0,0.0,0.0,0.0,0.0
TO_RECHARGE,42,4,0.0,0.0,0.0,0.0,0.0,0.0,0.0,0.0,0.0
TO_STREAM_LEAKAGE,42,4,0.0,0.0,0.0,108155.57,1632.5375,6696.3384,74985.26,0.0,0.0
TO_STREAM_FLOW_OUT,42,4,0.0,0.0,0.0,0.0,0.0,0.0,0.0,0.0,0.0
TO_ZONE_0,42,4,0.0,0.0,0.0,0.0,0.0,0.0,0.0,0.0,0.0
TO_haweaflat,42,4,0.0,0.0,89906.375,11178.11,887.2251,0.0,0.0,0.0,0.0
TO_moraine_top,42,4,0.0,448.76443,0.0,0.0,0.0,0.0,0.0,0.0,0.0
TO_river_zone,42,4,0.0,105256.37,0.0,0.0,269.5057,0.0,3.3351116,76.41656,3697.1511
TO_main_terrace,42,4,0.0,21000.453,0.0,31037.82,0.0,1680.8307,1776.7828,437.04727,0.0
TO_sandy_point,42,4,0.0,0.0,0.0,0.0,6506.9126,0.0,12.865153,0.0,0.0
TO_clutha,42,4,0.0,0.0,0.0,42.302105,67805.875,44.89076,0.0,7559.7324,0.0
TO_sub_terrace,42,4,0.0,0.0,0.0,65.11914,6248.218,0.0,939.04895,0.0,0.0
TO_mangawera,42,4,0.0,0.0,0.0,0.0,0.0,0.0,0.0,0.0,0.0
TOTAL_OUT,42,4,0.0,132901.45,92484.23,150484.5,83916.58,8450.629,77719.516,8514.45,3987.7937
IN-OUT,42,4,0.0,173265.77,26465.117,808898370.0,119942320.0,2831849000.0,9008854000.0,0.0009765625,0.00048828125
PERCENT_DISCREPANCY,42,4,,78.92422,25.03398,199.92563,199.72052,199.99881,199.99654,1.1469471e-05,1.2244395e-05
FROM_STORAGE,43,4,0.0,9765.273,0.0016998162,2313.842,1141.9812,0.0009865786,10.517842,7.3238444,0.612884
FROM_CONSTANT_HEAD,43,4,0.0,0.0,0.0,0.0,0.0,0.0,0.0,0.0,0.0
FROM_WELLS,43,4,0.0,4777.7715,18.260052,1438.9762,8504.589,0.0,0.0,77.06712,1081.1698
FROM_HEAD_DEP_BOUNDS,43,4,0.0,0.0,92560.1,0.0,0.0,0.0,0.0,0.0,0.0
FROM_RECHARGE,43,4,0.0,11435.957,1631.3204,4484.366,15251.537,1894.4105,2240.9023,1178.2632,2905.9722
FROM_STREAM_LEAKAGE,43,4,0.0,3500.0,1100.0,32559.668,3119.7043,36.521347,16.351604,0.0,0.0
FROM_STREAM_FLOW_OUT,43,4,0.0,173263.03,26465.953,808853100.0,119941570.0,2831849000.0,9008853000.0,0.0,0.0
FROM_ZONE_0,43,4,0.0,0.0,0.0,0.0,0.0,0.0,0.0,0.0,0.0
FROM_haweaflat,43,4,0.0,0.0,446.0189,105360.98,20927.383,0.0,0.0,0.0,0.0
FROM_moraine_top,43,4,0.0,92671.92,0.0,0.0,0.0,0.0,0.0,0.0,0.0
FROM_river_zone,43,4,0.0,11216.837,0.0,0.0,31046.635,0.0,42.302185,65.13333,0.0
FROM_main_terrace,43,4,0.0,886.3483,0.0,268.9152,0.0,6506.9126,67795.06,6246.5176,0.0
FROM_sandy_point,43,4,0.0,0.0,0.0,0.0,1680.8307,0.0,44.89076,0.0,0.0
FROM_clutha,43,4,0.0,0.0,0.0,3.3351216,1775.6888,12.865153,0.0,938.82104,0.0
FROM_sub_terrace,43,4,0.0,0.0,0.0,76.37603,437.27457,0.0,7558.2954,0.0,0.0
FROM_mangawera,43,4,0.0,0.0,0.0,3697.1143,0.0,0.0,0.0,0.0,0.0
TOTAL_IN,43,4,0.0,307517.12,122221.66,809003260.0,120025460.0,2831857400.0,9008930000.0,8513.126,3987.755
TO_STORAGE,43,4,0.0,2012.2693,2754.509,49.685833,103.18679,0.0010967496,1.9503956,0.43226692,0.03375073
TO_CONSTANT_HEAD,43,4,0.0,0.0,0.0,0.0,0.0,0.0,0.0,0.0,0.0
TO_WELLS,43,4,0.0,5505.3066,0.0,0.0,445.89493,28.567646,0.0,440.7458,290.60635
TO_HEAD_DEP_BOUNDS,43,4,0.0,0.0,330.16504,0.0,0.0,0.0,0.0,0.0,0.0
TO_RECHARGE,43,4,0.0,0.0,0.0,0.0,0.0,0.0,0.0,0.0,0.0
TO_STREAM_LEAKAGE,43,4,0.0,0.0,0.0,107782.28,1632.5375,6696.3384,74975.8,0.0,0.0
TO_STREAM_FLOW_OUT,43,4,0.0,0.0,0.0,0.0,0.0,0.0,0.0,0.0,0.0
TO_ZONE_0,43,4,0.0,0.0,0.0,0.0,0.0,0.0,0.0,0.0,0.0
TO_haweaflat,43,4,0.0,0.0,92671.92,11216.837,886.3483,0.0,0.0,0.0,0.0
TO_moraine_top,43,4,0.0,446.0189,0.0,0.0,0.0,0.0,0.0,0.0,0.0
TO_river_zone,43,4,0.0,105360.98,0.0,0.0,268.9152,0.0,3.3351216,76.37603,3697.1143
TO_main_terrace,43,4,0.0,20927.383,0.0,31046.635,0.0,1680.8307,1775.6888,437.27457,0.0
TO_sandy_point,43,4,0.0,0.0,0.0,0.0,6506.9126,0.0,12.865153,0.0,0.0
TO_clutha,43,4,0.0,0.0,0.0,42.302185,67795.06,44.89076,0.0,7558.2954,0.0
TO_sub_terrace,43,4,0.0,0.0,0.0,65.13333,6246.5176,0.0,938.82104,0.0,0.0
TO_mangawera,43,4,0.0,0.0,0.0,0.0,0.0,0.0,0.0,0.0,0.0
TOTAL_OUT,43,4,0.0,134251.95,95756.59,150202.88,83885.375,8450.629,77708.46,8513.124,3987.7544
IN-OUT,43,4,0.0,173265.17,26465.062,808853060.0,119941570.0,2831849000.0,9008852000.0,0.001953125,0.00048828125
PERCENT_DISCREPANCY,43,4,,78.44152,24.282297,199.92575,199.72063,199.99881,199.99654,2.2942515e-05,1.2244516e-05
FROM_STORAGE,44,4,0.0,8538.798,0.0,1916.4293,1166.7758,0.0009857635,11.499803,7.8447657,0.56773114
FROM_CONSTANT_HEAD,44,4,0.0,0.0,0.0,0.0,0.0,0.0,0.0,0.0,0.0
FROM_WELLS,44,4,0.0,4777.7715,18.260052,1438.9762,8504.589,0.0,0.0,77.06712,1081.1698
FROM_HEAD_DEP_BOUNDS,44,4,0.0,0.0,96454.89,0.0,0.0,0.0,0.0,0.0,0.0
FROM_RECHARGE,44,4,0.0,11435.957,1631.3204,4484.366,15251.537,1894.4105,2240.9023,1178.2632,2905.9722
FROM_STREAM_LEAKAGE,44,4,0.0,3500.0,1100.0,32571.45,3119.7043,36.521347,16.351604,0.0,0.0
FROM_STREAM_FLOW_OUT,44,4,0.0,173263.03,26465.953,808836200.0,119941250.0,2831848200.0,9008851000.0,0.0,0.0
FROM_ZONE_0,44,4,0.0,0.0,0.0,0.0,0.0,0.0,0.0,0.0,0.0
FROM_haweaflat,44,4,0.0,0.0,443.32407,105756.24,20864.629,0.0,0.0,0.0,0.0
FROM_moraine_top,44,4,0.0,96043.51,0.0,0.0,0.0,0.0,0.0,0.0,0.0
FROM_river_zone,44,4,0.0,11262.014,0.0,0.0,31055.85,0.0,42.302193,65.14741,0.0
FROM_main_terrace,44,4,0.0,885.4553,0.0,268.31735,0.0,6506.9126,67783.67,6244.818,0.0
FROM_sandy_point,44,4,0.0,0.0,0.0,0.0,1680.8307,0.0,44.89076,0.0,0.0
FROM_clutha,44,4,0.0,0.0,0.0,3.3351278,1774.609,12.865153,0.0,938.5862,0.0
FROM_sub_terrace,44,4,0.0,0.0,0.0,76.333084,437.48636,0.0,7556.7905,0.0,0.0
FROM_mangawera,44,4,0.0,0.0,0.0,3697.0718,0.0,0.0,0.0,0.0,0.0
TOTAL_IN,44,4,0.0,309706.53,126113.74,808986400.0,120025100.0,2831856600.0,9008928000.0,8511.727,3987.7097
TO_STORAGE,44,4,0.0,3872.7812,3275.352,147.70677,88.126,0.0010977114,1.7179146,0.36835256,0.03137179
TO_CONSTANT_HEAD,44,4,0.0,0.0,0.0,0.0,0.0,0.0,0.0,0.0,0.0
TO_WELLS,44,4,0.0,5505.3066,0.0,0.0,445.89493,28.567646,0.0,440.7458,290.60635
TO_HEAD_DEP_BOUNDS,44,4,0.0,0.0,330.0952,0.0,0.0,0.0,0.0,0.0,0.0
TO_RECHARGE,44,4,0.0,0.0,0.0,0.0,0.0,0.0,0.0,0.0,0.0
TO_STREAM_LEAKAGE,44,4,0.0,0.0,0.0,107638.91,1632.5375,6696.3384,74965.3,0.0,0.0
TO_STREAM_FLOW_OUT,44,4,0.0,0.0,0.0,0.0,0.0,0.0,0.0,0.0,0.0
TO_ZONE_0,44,4,0.0,0.0,0.0,0.0,0.0,0.0,0.0,0.0,0.0
TO_haweaflat,44,4,0.0,0.0,96043.51,11262.014,885.4553,0.0,0.0,0.0,0.0
TO_moraine_top,44,4,0.0,443.32407,0.0,0.0,0.0,0.0,0.0,0.0,0.0
TO_river_zone,44,4,0.0,105756.24,0.0,0.0,268.31735,0.0,3.3351278,76.333084,3697.0718
TO_main_terrace,44,4,0.0,20864.629,0.0,31055.85,0.0,1680.8307,1774.609,437.48636,0.0
TO_sandy_point,44,4,0.0,0.0,0.0,0.0,6506.9126,0.0,12.865153,0.0,0.0
TO_clutha,44,4,0.0,0.0,0.0,42.302193,67783.67,44.89076,0.0,7556.7905,0.0
TO_sub_terrace,44,4,0.0,0.0,0.0,65.14741,6244.818,0.0,938.5862,0.0,0.0
TO_mangawera,44,4,0.0,0.0,0.0,0.0,0.0,0.0,0.0,0.0,0.0
TOTAL_OUT,44,4,0.0,136442.28,99648.95,150211.9,83855.734,8450.629,77696.414,8511.725,3987.7095
IN-OUT,44,4,0.0,173264.25,26464.79,808836160.0,119941250.0,2831848200.0,9008850000.0,0.001953125,0.00024414062
PERCENT_DISCREPANCY,44,4,,77.67105,23.444786,199.92574,199.72072,199.99881,199.99654,2.2946288e-05,6.1223272e-06
FROM_STORAGE,45,4,0.0,7365.0225,0.0018853744,1499.7115,1180.887,0.000985027,12.38547,8.289698,0.5146945
FROM_CONSTANT_HEAD,45,4,0.0,0.0,0.0,0.0,0.0,0.0,0.0,0.0,0.0
FROM_WELLS,45,4,0.0,4777.7715,18.260052,1438.9762,8504.589,0.0,0.0,77.06712,1081.1698
FROM_HEAD_DEP_BOUNDS,45,4,0.0,0.0,101532.03,0.0,0.0,0.0,0.0,0.0,0.0
FROM_RECHARGE,45,4,0.0,11435.957,1631.3204,4484.366,15251.537,1894.4105,2240.9023,1178.2632,2905.9722
FROM_STREAM_LEAKAGE,45,4,0.0,3500.0,1100.0,32582.578,3119.7043,36.521347,16.351604,0.0,0.0
FROM_STREAM_FLOW_OUT,45,4,0.0,173263.03,26465.953,808858100.0,119941550.0,2831847700.0,9008851000.0,0.0,0.0
FROM_ZONE_0,45,4,0.0,0.0,0.0,0.0,0.0,0.0,0.0,0.0,0.0
FROM_haweaflat,45,4,0.0,0.0,440.81924,106639.46,20814.154,0.0,0.0,0.0,0.0
FROM_moraine_top,45,4,0.0,100452.305,0.0,0.0,0.0,0.0,0.0,0.0,0.0
FROM_river_zone,45,4,0.0,11319.623,0.0,0.0,31065.383,0.0,42.302208,65.16108,0.0
FROM_main_terrace,45,4,0.0,884.5404,0.0,267.7187,0.0,6506.9126,67771.85,6243.138,0.0
FROM_sandy_point,45,4,0.0,0.0,0.0,0.0,1680.8307,0.0,44.89076,0.0,0.0
FROM_clutha,45,4,0.0,0.0,0.0,3.3351326,1773.554,12.865153,0.0,938.347,0.0
FROM_sub_terrace,45,4,0.0,0.0,0.0,76.28839,437.67972,0.0,7555.2354,0.0,0.0
FROM_mangawera,45,4,0.0,0.0,0.0,3697.021,0.0,0.0,0.0,0.0,0.0
TOTAL_IN,45,4,0.0,312998.25,131188.39,809008800.0,120025384.0,2831856000.0,9008928000.0,8510.267,3987.6567
TO_STORAGE,45,4,0.0,6335.208,3941.6604,396.7151,75.44123,0.0010986093,1.5144113,0.31514394,0.02890461
TO_CONSTANT_HEAD,45,4,0.0,0.0,0.0,0.0,0.0,0.0,0.0,0.0,0.0
TO_WELLS,45,4,0.0,5505.3066,0.0,0.0,445.89493,28.567646,0.0,440.7458,290.60635
TO_HEAD_DEP_BOUNDS,45,4,0.0,0.0,329.583,0.0,0.0,0.0,0.0,0.0,0.0
TO_RECHARGE,45,4,0.0,0.0,0.0,0.0,0.0,0.0,0.0,0.0,0.0
TO_STREAM_LEAKAGE,45,4,0.0,0.0,0.0,107799.945,1632.5375,6696.3384,74954.31,0.0,0.0
TO_STREAM_FLOW_OUT,45,4,0.0,0.0,0.0,0.0,0.0,0.0,0.0,0.0,0.0
TO_ZONE_0,45,4,0.0,0.0,0.0,0.0,0.0,0.0,0.0,0.0,0.0
TO_haweaflat,45,4,0.0,0.0,100452.305,11319.623,884.5404,0.0,0.0,0.0,0.0
TO_moraine_top,45,4,0.0,440.81924,0.0,0.0,0.0,0.0,0.0,0.0,0.0
TO_river_zone,45,4,0.0,106639.46,0.0,0.0,267.7187,0.0,3.3351326,76.28839,3697.021
TO_main_terrace,45,4,0.0,20814.154,0.0,31065.383,0.0,1680.8307,1773.554,437.67972,0.0
TO_sandy_point,45,4,0.0,0.0,0.0,0.0,6506.9126,0.0,12.865153,0.0,0.0
TO_clutha,45,4,0.0,0.0,0.0,42.302208,67771.85,44.89076,0.0,7555.2354,0.0
TO_sub_terrace,45,4,0.0,0.0,0.0,65.16108,6243.138,0.0,938.347,0.0,0.0
TO_mangawera,45,4,0.0,0.0,0.0,0.0,0.0,0.0,0.0,0.0,0.0
TOTAL_OUT,45,4,0.0,139734.95,104723.55,150689.12,83828.04,8450.629,77683.93,8510.265,3987.6562
IN-OUT,45,4,0.0,173263.3,26464.844,808858050.0,119941550.0,2831847700.0,9008850000.0,0.001953125,0.00048828125
PERCENT_DISCREPANCY,45,4,,76.54102,22.436207,199.92548,199.72081,199.9988,199.99654,2.2950224e-05,1.2244817e-05
FROM_STORAGE,46,4,0.0,6236.624,0.0041406727,1128.9312,1182.4729,0.0009847804,13.162641,8.648589,0.44812623
FROM_CONSTANT_HEAD,46,4,0.0,0.0,0.0,0.0,0.0,0.0,0.0,0.0,0.0
FROM_WELLS,46,4,0.0,4777.7715,18.260052,1438.9762,8504.589,0.0,0.0,77.06712,1081.1698
FROM_HEAD_DEP_BOUNDS,46,4,0.0,0.0,107217.4,0.0,0.0,0.0,0.0,0.0,0.0
FROM_RECHARGE,46,4,0.0,11435.957,1631.3204,4484.366,15251.537,1894.4105,2240.9023,1178.2632,2905.9722
FROM_STREAM_LEAKAGE,46,4,0.0,3500.0,1100.0,32593.168,3119.7043,36.521347,16.351604,0.0,0.0
FROM_STREAM_FLOW_OUT,46,4,0.0,173263.03,26465.953,808924300.0,119942560.0,2831847400.0,9008853000.0,0.0,0.0
FROM_ZONE_0,46,4,0.0,0.0,0.0,0.0,0.0,0.0,0.0,0.0,0.0
FROM_haweaflat,46,4,0.0,0.0,438.22363,107927.46,20777.916,0.0,0.0,0.0,0.0
FROM_moraine_top,46,4,0.0,105507.49,0.0,0.0,0.0,0.0,0.0,0.0,0.0
FROM_river_zone,46,4,0.0,11390.541,0.0,0.0,31075.148,0.0,42.30218,65.17432,0.0
FROM_main_terrace,46,4,0.0,883.61096,0.0,267.12653,0.0,6506.9126,67759.734,6241.498,0.0
FROM_sandy_point,46,4,0.0,0.0,0.0,0.0,1680.8307,0.0,44.89076,0.0,0.0
FROM_clutha,46,4,0.0,0.0,0.0,3.3351355,1772.5353,12.865153,0.0,938.10596,0.0
FROM_sub_terrace,46,4,0.0,0.0,0.0,76.24215,437.85266,0.0,7553.6455,0.0,0.0
FROM_mangawera,46,4,0.0,0.0,0.0,3696.9575,0.0,0.0,0.0,0.0,0.0
TOTAL_IN,46,4,0.0,316995.03,136871.16,809075840.0,120026360.0,2831855900.0,9008930000.0,8508.758,3987.59
TO_STORAGE,46,4,0.0,9083.799,4569.5674,727.9562,64.96775,0.0010990287,1.3396984,0.2683679,0.026227778
TO_CONSTANT_HEAD,46,4,0.0,0.0,0.0,0.0,0.0,0.0,0.0,0.0,0.0
TO_WELLS,46,4,0.0,5505.3066,0.0,0.0,445.89493,28.567646,0.0,440.7458,290.60635
TO_HEAD_DEP_BOUNDS,46,4,0.0,0.0,329.60986,0.0,0.0,0.0,0.0,0.0,0.0
TO_RECHARGE,46,4,0.0,0.0,0.0,0.0,0.0,0.0,0.0,0.0,0.0
TO_STREAM_LEAKAGE,46,4,0.0,0.0,0.0,108315.266,1632.5707,6696.3384,74942.89,0.0,0.0
TO_STREAM_FLOW_OUT,46,4,0.0,0.0,0.0,0.0,0.0,0.0,0.0,0.0,0.0
TO_ZONE_0,46,4,0.0,0.0,0.0,0.0,0.0,0.0,0.0,0.0,0.0
TO_haweaflat,46,4,0.0,0.0,105507.49,11390.541,883.61096,0.0,0.0,0.0,0.0
TO_moraine_top,46,4,0.0,438.22363,0.0,0.0,0.0,0.0,0.0,0.0,0.0
TO_river_zone,46,4,0.0,107927.46,0.0,0.0,267.12653,0.0,3.3351355,76.24215,3696.9575
TO_main_terrace,46,4,0.0,20777.916,0.0,31075.148,0.0,1680.8307,1772.5353,437.85266,0.0
TO_sandy_point,46,4,0.0,0.0,0.0,0.0,6506.9126,0.0,12.865153,0.0,0.0
TO_clutha,46,4,0.0,0.0,0.0,42.30218,67759.734,44.89076,0.0,7553.6455,0.0
TO_sub_terrace,46,4,0.0,0.0,0.0,65.17432,6241.498,0.0,938.10596,0.0,0.0
TO_mangawera,46,4,0.0,0.0,0.0,0.0,0.0,0.0,0.0,0.0,0.0
TOTAL_OUT,46,4,0.0,143732.7,110406.67,151616.38,83802.32,8450.629,77671.08,8508.755,3987.59
IN-OUT,46,4,0.0,173262.33,26464.484,808924200.0,119942560.0,2831847400.0,9008852000.0,0.0029296875,0.0
PERCENT_DISCREPANCY,46,4,,75.212456,21.404657,199.92505,199.72093,199.9988,199.99654,3.4431443e-05,0.0
FROM_STORAGE,47,4,0.0,5193.521,0.0007073629,834.95325,1171.2886,0.0009840784,13.811401,8.914265,0.37504476
FROM_CONSTANT_HEAD,47,4,0.0,0.0,0.0,0.0,0.0,0.0,0.0,0.0,0.0
FROM_WELLS,47,4,0.0,4777.7715,18.260052,1438.9762,8504.589,0.0,0.0,77.06712,1081.1698
FROM_HEAD_DEP_BOUNDS,47,4,0.0,0.0,113644.805,0.0,0.0,0.0,0.0,0.0,0.0
FROM_RECHARGE,47,4,0.0,11435.957,1631.3204,4484.366,15251.537,1894.4105,2240.9023,1178.2632,2905.9722
FROM_STREAM_LEAKAGE,47,4,0.0,3500.0,1100.0,32602.562,3119.7043,36.521347,16.351604,0.0,0.0
FROM_STREAM_FLOW_OUT,47,4,0.0,173263.03,26465.953,809033000.0,119944250.0,2831847000.0,9008855000.0,0.0,0.0
FROM_ZONE_0,47,4,0.0,0.0,0.0,0.0,0.0,0.0,0.0,0.0,0.0
FROM_haweaflat,47,4,0.0,0.0,435.33435,109577.67,20756.773,0.0,0.0,0.0,0.0
FROM_moraine_top,47,4,0.0,111106.53,0.0,0.0,0.0,0.0,0.0,0.0,0.0
FROM_river_zone,47,4,0.0,11471.088,0.0,0.0,31085.031,0.0,42.302116,65.18694,0.0
FROM_main_terrace,47,4,0.0,882.68225,0.0,266.5487,0.0,6506.9126,67747.46,6239.919,0.0
FROM_sandy_point,47,4,0.0,0.0,0.0,0.0,1680.8307,0.0,44.89076,0.0,0.0
FROM_clutha,47,4,0.0,0.0,0.0,3.335137,1771.5645,12.865153,0.0,937.86633,0.0
FROM_sub_terrace,47,4,0.0,0.0,0.0,76.19518,438.00204,0.0,7552.0415,0.0,0.0
FROM_mangawera,47,4,0.0,0.0,0.0,3696.8833,0.0,0.0,0.0,0.0,0.0
TOTAL_IN,47,4,0.0,321630.6,143295.67,809186000.0,120028030.0,2831855400.0,9008932000.0,8507.217,3987.517
TO_STORAGE,47,4,0.0,12094.127,5395.4917,1152.9363,57.042667,0.0010998882,1.1893783,0.23023948,0.026998028
TO_CONSTANT_HEAD,47,4,0.0,0.0,0.0,0.0,0.0,0.0,0.0,0.0,0.0
TO_WELLS,47,4,0.0,5505.3066,0.0,0.0,445.89493,28.567646,0.0,440.7458,290.60635
TO_HEAD_DEP_BOUNDS,47,4,0.0,0.0,329.521,0.0,0.0,0.0,0.0,0.0,0.0
TO_RECHARGE,47,4,0.0,0.0,0.0,0.0,0.0,0.0,0.0,0.0,0.0
TO_STREAM_LEAKAGE,47,4,0.0,0.0,0.0,109165.35,1632.5707,6696.3384,74930.97,0.0,0.0
TO_STREAM_FLOW_OUT,47,4,0.0,0.0,0.0,0.0,0.0,0.0,0.0,0.0,0.0
TO_ZONE_0,47,4,0.0,0.0,0.0,0.0,0.0,0.0,0.0,0.0,0.0
TO_haweaflat,47,4,0.0,0.0,111106.53,11471.088,882.68225,0.0,0.0,0.0,0.0
TO_moraine_top,47,4,0.0,435.33435,0.0,0.0,0.0,0.0,0.0,0.0,0.0
TO_river_zone,47,4,0.0,109577.67,0.0,0.0,266.5487,0.0,3.335137,76.19518,3696.8833
TO_main_terrace,47,4,0.0,20756.773,0.0,31085.031,0.0,1680.8307,1771.5645,438.00204,0.0
TO_sandy_point,47,4,0.0,0.0,0.0,0.0,6506.9126,0.0,12.865153,0.0,0.0
TO_clutha,47,4,0.0,0.0,0.0,42.302116,67747.46,44.89076,0.0,7552.0415,0.0
TO_sub_terrace,47,4,0.0,0.0,0.0,65.18694,6239.919,0.0,937.86633,0.0,0.0
TO_mangawera,47,4,0.0,0.0,0.0,0.0,0.0,0.0,0.0,0.0,0.0
TOTAL_OUT,47,4,0.0,148369.22,116831.55,152981.89,83779.03,8450.629,77657.79,8507.215,3987.5166
IN-OUT,47,4,0.0,173261.38,26464.125,809033000.0,119944260.0,2831847000.0,9008854000.0,0.001953125,0.00048828125
PERCENT_DISCREPANCY,47,4,,73.72828,20.347063,199.9244,199.72101,199.99881,199.99654,2.2958451e-05,1.2245246e-05
FROM_STORAGE,48,4,0.0,4268.4,0.0,601.36,1145.7279,0.0009834117,14.319192,9.075483,0.32630423
FROM_CONSTANT_HEAD,48,4,0.0,0.0,0.0,0.0,0.0,0.0,0.0,0.0,0.0
FROM_WELLS,48,4,0.0,4777.7715,18.260052,1438.9762,8504.589,0.0,0.0,77.06712,1081.1698
FROM_HEAD_DEP_BOUNDS,48,4,0.0,0.0,121509.39,0.0,0.0,0.0,0.0,0.0,0.0
FROM_RECHARGE,48,4,0.0,11435.957,1631.3204,4484.366,15251.537,1894.4105,2240.9023,1178.2632,2905.9722
FROM_STREAM_LEAKAGE,48,4,0.0,3500.0,1100.0,32611.152,3119.7043,36.521347,16.351604,0.0,0.0
FROM_STREAM_FLOW_OUT,48,4,0.0,173263.03,26465.953,809187840.0,119946630.0,2831845600.0,9008859000.0,0.0,0.0
FROM_ZONE_0,48,4,0.0,0.0,0.0,0.0,0.0,0.0,0.0,0.0,0.0
FROM_haweaflat,48,4,0.0,0.0,431.48965,111707.58,20752.168,0.0,0.0,0.0,0.0
FROM_moraine_top,48,4,0.0,118010.3,0.0,0.0,0.0,0.0,0.0,0.0,0.0
FROM_river_zone,48,4,0.0,11563.227,0.0,0.0,31094.918,0.0,42.30197,65.198685,0.0
FROM_main_terrace,48,4,0.0,881.7582,0.0,265.9931,0.0,6506.9126,67735.195,6238.424,0.0
FROM_sandy_point,48,4,0.0,0.0,0.0,0.0,1680.8307,0.0,44.89076,0.0,0.0
FROM_clutha,48,4,0.0,0.0,0.0,3.3351378,1770.654,12.865153,0.0,937.631,0.0
FROM_sub_terrace,48,4,0.0,0.0,0.0,76.14804,438.1255,0.0,7550.4424,0.0,0.0
FROM_mangawera,48,4,0.0,0.0,0.0,3696.8,0.0,0.0,0.0,0.0,0.0
TOTAL_IN,48,4,0.0,327700.4,151156.4,809342660.0,120030390.0,2831854000.0,9008936000.0,8505.659,3987.4683
TO_STORAGE,48,4,0.0,16044.255,6352.5293,1738.1864,51.205997,0.0011007044,1.0652083,0.19611765,0.06150232
TO_CONSTANT_HEAD,48,4,0.0,0.0,0.0,0.0,0.0,0.0,0.0,0.0,0.0
TO_WELLS,48,4,0.0,5505.3066,0.0,0.0,445.89493,28.567646,0.0,440.7458,290.60635
TO_HEAD_DEP_BOUNDS,48,4,0.0,0.0,329.54297,0.0,0.0,0.0,0.0,0.0,0.0
TO_RECHARGE,48,4,0.0,0.0,0.0,0.0,0.0,0.0,0.0,0.0,0.0
TO_STREAM_LEAKAGE,48,4,0.0,0.0,0.0,110382.35,1632.6039,6696.3384,74918.88,0.0,0.0
TO_STREAM_FLOW_OUT,48,4,0.0,0.0,0.0,0.0,0.0,0.0,0.0,0.0,0.0
TO_ZONE_0,48,4,0.0,0.0,0.0,0.0,0.0,0.0,0.0,0.0,0.0
TO_haweaflat,48,4,0.0,0.0,118010.3,11563.227,881.7582,0.0,0.0,0.0,0.0
TO_moraine_top,48,4,0.0,431.48965,0.0,0.0,0.0,0.0,0.0,0.0,0.0
TO_river_zone,48,4,0.0,111707.58,0.0,0.0,265.9931,0.0,3.3351378,76.14804,3696.8
TO_main_terrace,48,4,0.0,20752.168,0.0,31094.918,0.0,1680.8307,1770.654,438.1255,0.0
TO_sandy_point,48,4,0.0,0.0,0.0,0.0,6506.9126,0.0,12.865153,0.0,0.0
TO_clutha,48,4,0.0,0.0,0.0,42.30197,67735.195,44.89076,0.0,7550.4424,0.0
TO_sub_terrace,48,4,0.0,0.0,0.0,65.198685,6238.424,0.0,937.631,0.0,0.0
TO_mangawera,48,4,0.0,0.0,0.0,0.0,0.0,0.0,0.0,0.0,0.0
TOTAL_OUT,48,4,0.0,154440.8,124692.37,154886.19,83757.984,8450.629,77644.44,8505.658,3987.4678
IN-OUT,48,4,0.0,173259.61,26464.04,809187800.0,119946630.0,2831845600.0,9008858000.0,0.0009765625,0.00048828125
PERCENT_DISCREPANCY,48,4,,71.870895,19.187353,199.92346,199.72105,199.99881,199.99655,1.1481327e-05,1.2245396e-05
FROM_STORAGE,49,4,0.0,3459.4275,0.0,409.99014,1102.2024,0.0009826982,14.667426,9.12446,0.29318038
FROM_CONSTANT_HEAD,49,4,0.0,0.0,0.0,0.0,0.0,0.0,0.0,0.0,0.0
FROM_WELLS,49,4,0.0,4777.7715,18.260052,1438.9762,8504.589,0.0,0.0,77.06712,1081.1698
FROM_HEAD_DEP_BOUNDS,49,4,0.0,0.0,133399.61,0.0,0.0,0.0,0.0,0.0,0.0
FROM_RECHARGE,49,4,0.0,11435.957,1631.3204,4484.366,15251.537,1894.4105,2240.9023,1178.2632,2905.9722
FROM_STREAM_LEAKAGE,49,4,0.0,3500.0,1100.0,32618.2,3119.7043,36.521347,16.351604,0.0,0.0
FROM_STREAM_FLOW_OUT,49,4,0.0,173263.03,26465.953,809399300.0,119949950.0,2831845000.0,9008865000.0,0.0,0.0
FROM_ZONE_0,49,4,0.0,0.0,0.0,0.0,0.0,0.0,0.0,0.0,0.0
FROM_haweaflat,49,4,0.0,0.0,422.99728,114476.23,20766.736,0.0,0.0,0.0,0.0
FROM_moraine_top,49,4,0.0,127049.914,0.0,0.0,0.0,0.0,0.0,0.0,0.0
FROM_river_zone,49,4,0.0,11672.058,0.0,0.0,31104.7,0.0,42.30178,65.20949,0.0
FROM_main_terrace,49,4,0.0,880.83545,0.0,265.4684,0.0,6506.9126,67723.09,6237.0376,0.0
FROM_sandy_point,49,4,0.0,0.0,0.0,0.0,1680.8307,0.0,44.89076,0.0,0.0
FROM_clutha,49,4,0.0,0.0,0.0,3.3351378,1769.8167,12.865153,0.0,937.4032,0.0
FROM_sub_terrace,49,4,0.0,0.0,0.0,76.10124,438.2196,0.0,7548.869,0.0,0.0
FROM_mangawera,49,4,0.0,0.0,0.0,3696.704,0.0,0.0,0.0,0.0,0.0
TOTAL_IN,49,4,0.0,336039.0,163038.16,809556800.0,120033690.0,2831853600.0,9008942000.0,8504.1045,3987.435
TO_STORAGE,49,4,0.0,21609.203,9195.771,2538.3638,46.215366,0.0011015829,0.963458,0.16754843,0.12459557
TO_CONSTANT_HEAD,49,4,0.0,0.0,0.0,0.0,0.0,0.0,0.0,0.0,0.0
TO_WELLS,49,4,0.0,5505.3066,0.0,0.0,445.89493,28.567646,0.0,440.7458,290.60635
TO_HEAD_DEP_BOUNDS,49,4,0.0,0.0,329.67432,0.0,0.0,0.0,0.0,0.0,0.0
TO_RECHARGE,49,4,0.0,0.0,0.0,0.0,0.0,0.0,0.0,0.0,0.0
TO_STREAM_LEAKAGE,49,4,0.0,0.0,0.0,112047.46,1632.6039,6696.3384,74906.734,0.0,0.0
TO_STREAM_FLOW_OUT,49,4,0.0,0.0,0.0,0.0,0.0,0.0,0.0,0.0,0.0
TO_ZONE_0,49,4,0.0,0.0,0.0,0.0,0.0,0.0,0.0,0.0,0.0
TO_haweaflat,49,4,0.0,0.0,127049.914,11672.058,880.83545,0.0,0.0,0.0,0.0
TO_moraine_top,49,4,0.0,422.99728,0.0,0.0,0.0,0.0,0.0,0.0,0.0
TO_river_zone,49,4,0.0,114476.23,0.0,0.0,265.4684,0.0,3.3351378,76.10124,3696.704
TO_main_terrace,49,4,0.0,20766.736,0.0,31104.7,0.0,1680.8307,1769.8167,438.2196,0.0
TO_sandy_point,49,4,0.0,0.0,0.0,0.0,6506.9126,0.0,12.865153,0.0,0.0
TO_clutha,49,4,0.0,0.0,0.0,42.30178,67723.09,44.89076,0.0,7548.869,0.0
TO_sub_terrace,49,4,0.0,0.0,0.0,65.20949,6237.0376,0.0,937.4032,0.0,0.0
TO_mangawera,49,4,0.0,0.0,0.0,0.0,0.0,0.0,0.0,0.0,0.0
TOTAL_OUT,49,4,0.0,162780.47,136575.36,157470.08,83738.06,8450.629,77631.125,8504.104,3987.435
IN-OUT,49,4,0.0,173258.53,26462.797,809399360.0,119949950.0,2831845000.0,9008864000.0,0.0009765625,0.0
PERCENT_DISCREPANCY,49,4,,69.46743,17.664623,199.92223,199.72115,199.9988,199.99655,1.14834265e-05,0.0
FROM_STORAGE,50,4,0.0,2755.0078,0.0,259.69534,1040.6292,0.0009821111,14.831315,9.048321,0.26730323
FROM_CONSTANT_HEAD,50,4,0.0,0.0,0.0,0.0,0.0,0.0,0.0,0.0,0.0
FROM_WELLS,50,4,0.0,4777.7715,18.260052,1438.9762,8504.589,0.0,0.0,77.06712,1081.1698
FROM_HEAD_DEP_BOUNDS,50,4,0.0,0.0,137085.55,0.0,0.0,0.0,0.0,0.0,0.0
FROM_RECHARGE,50,4,0.0,11435.957,1631.3204,4484.366,15251.537,1894.4105,2240.9023,1178.2632,2905.9722
FROM_STREAM_LEAKAGE,50,4,0.0,3500.0,1100.0,32623.938,3119.7043,36.521347,16.351604,0.0,0.0
FROM_STREAM_FLOW_OUT,50,4,0.0,173263.03,26465.953,809654700.0,119953950.0,2831844400.0,9008873000.0,0.0,0.0
FROM_ZONE_0,50,4,0.0,0.0,0.0,0.0,0.0,0.0,0.0,0.0,0.0
FROM_haweaflat,50,4,0.0,0.0,425.4901,117207.84,20800.91,0.0,0.0,0.0,0.0
FROM_moraine_top,50,4,0.0,132570.16,0.0,0.0,0.0,0.0,0.0,0.0,0.0
FROM_river_zone,50,4,0.0,11781.901,0.0,0.0,31114.234,0.0,42.30155,65.21908,0.0
FROM_main_terrace,50,4,0.0,879.95325,0.0,264.9843,0.0,6506.9126,67711.336,6235.788,0.0
FROM_sandy_point,50,4,0.0,0.0,0.0,0.0,1680.8307,0.0,44.89076,0.0,0.0
FROM_clutha,50,4,0.0,0.0,0.0,3.3351367,1769.0653,12.865153,0.0,937.18677,0.0
FROM_sub_terrace,50,4,0.0,0.0,0.0,76.05558,438.28107,0.0,7547.345,0.0,0.0
FROM_mangawera,50,4,0.0,0.0,0.0,3696.5935,0.0,0.0,0.0,0.0,0.0
TOTAL_IN,50,4,0.0,340963.8,166726.58,809814700.0,120037670.0,2831852800.0,9008950000.0,8502.572,3987.4092
TO_STORAGE,50,4,0.0,23766.713,7363.3906,2990.115,42.033764,0.0011022933,0.8771282,0.14221032,0.20955938
TO_CONSTANT_HEAD,50,4,0.0,0.0,0.0,0.0,0.0,0.0,0.0,0.0,0.0
TO_WELLS,50,4,0.0,5505.3066,0.0,0.0,445.89493,28.567646,0.0,440.7458,290.60635
TO_HEAD_DEP_BOUNDS,50,4,0.0,0.0,329.60498,0.0,0.0,0.0,0.0,0.0,0.0
TO_RECHARGE,50,4,0.0,0.0,0.0,0.0,0.0,0.0,0.0,0.0,0.0
TO_STREAM_LEAKAGE,50,4,0.0,0.0,0.0,114062.95,1632.6371,6696.3384,74894.62,0.0,0.0
TO_STREAM_FLOW_OUT,50,4,0.0,0.0,0.0,0.0,0.0,0.0,0.0,0.0,0.0
TO_ZONE_0,50,4,0.0,0.0,0.0,0.0,0.0,0.0,0.0,0.0,0.0
TO_haweaflat,50,4,0.0,0.0,132570.16,11781.901,879.95325,0.0,0.0,0.0,0.0
TO_moraine_top,50,4,0.0,425.4901,0.0,0.0,0.0,0.0,0.0,0.0,0.0
TO_river_zone,50,4,0.0,117207.84,0.0,0.0,264.9843,0.0,3.3351367,76.05558,3696.5935
TO_main_terrace,50,4,0.0,20800.91,0.0,31114.234,0.0,1680.8307,1769.0653,438.28107,0.0
TO_sandy_point,50,4,0.0,0.0,0.0,0.0,6506.9126,0.0,12.865153,0.0,0.0
TO_clutha,50,4,0.0,0.0,0.0,42.30155,67711.336,44.89076,0.0,7547.345,0.0
TO_sub_terrace,50,4,0.0,0.0,0.0,65.21908,6235.788,0.0,937.18677,0.0,0.0
TO_mangawera,50,4,0.0,0.0,0.0,0.0,0.0,0.0,0.0,0.0,0.0
TOTAL_OUT,50,4,0.0,167706.27,140263.16,160056.72,83719.54,8450.629,77617.945,8502.57,3987.4094
IN-OUT,50,4,0.0,173257.55,26463.422,809654660.0,119953950.0,2831844400.0,9008872000.0,0.001953125,0.00024414062
PERCENT_DISCREPANCY,50,4,,68.12177,17.240591,199.92096,199.7212,199.99881,199.99654,2.2970993e-05,6.1227884e-06
FROM_STORAGE,51,4,0.0,2165.6794,0.004995472,151.55318,969.2235,0.0009814557,14.796296,8.844826,0.24767236
FROM_CONSTANT_HEAD,51,4,0.0,0.0,0.0,0.0,0.0,0.0,0.0,0.0,0.0
FROM_WELLS,51,4,0.0,4777.7715,18.260052,1438.9762,8504.589,0.0,0.0,77.06712,1081.1698
FROM_HEAD_DEP_BOUNDS,51,4,0.0,0.0,141595.08,0.0,0.0,0.0,0.0,0.0,0.0
FROM_RECHARGE,51,4,0.0,11435.957,1631.3204,4484.366,15251.537,1894.4105,2240.9023,1178.2632,2905.9722
FROM_STREAM_LEAKAGE,51,4,0.0,3500.0,1100.0,32628.361,3119.7043,36.521347,16.351604,0.0,0.0
FROM_STREAM_FLOW_OUT,51,4,0.0,173263.03,26465.953,809915300.0,119958100.0,2831844400.0,9008884000.0,0.0,0.0
FROM_ZONE_0,51,4,0.0,0.0,0.0,0.0,0.0,0.0,0.0,0.0,0.0
FROM_haweaflat,51,4,0.0,0.0,428.48822,119802.8,20849.254,0.0,0.0,0.0,0.0
FROM_moraine_top,51,4,0.0,137410.94,0.0,0.0,0.0,0.0,0.0,0.0,0.0
FROM_river_zone,51,4,0.0,11874.117,0.0,0.0,31123.285,0.0,42.301266,65.227264,0.0
FROM_main_terrace,51,4,0.0,879.1693,0.0,264.54825,0.0,6506.9126,67700.1,6234.695,0.0
FROM_sandy_point,51,4,0.0,0.0,0.0,0.0,1680.8307,0.0,44.89076,0.0,0.0
FROM_clutha,51,4,0.0,0.0,0.0,3.3351347,1768.4142,12.865153,0.0,936.9849,0.0
FROM_sub_terrace,51,4,0.0,0.0,0.0,76.01181,438.30798,0.0,7545.8945,0.0,0.0
FROM_mangawera,51,4,0.0,0.0,0.0,3696.4893,0.0,0.0,0.0,0.0,0.0
TOTAL_IN,51,4,0.0,345306.66,171239.11,810077900.0,120041800.0,2831852800.0,9008961000.0,8501.082,3987.3896
TO_STORAGE,51,4,0.0,25463.713,7034.8096,3311.333,40.942482,0.0011031291,0.80423653,0.12073268,0.29400012
TO_CONSTANT_HEAD,51,4,0.0,0.0,0.0,0.0,0.0,0.0,0.0,0.0,0.0
TO_WELLS,51,4,0.0,5505.3066,0.0,0.0,445.89493,28.567646,0.0,440.7458,290.60635
TO_HEAD_DEP_BOUNDS,51,4,0.0,0.0,329.48877,0.0,0.0,0.0,0.0,0.0,0.0
TO_RECHARGE,51,4,0.0,0.0,0.0,0.0,0.0,0.0,0.0,0.0,0.0
TO_STREAM_LEAKAGE,51,4,0.0,0.0,0.0,116131.33,1632.6371,6696.3384,74882.86,0.0,0.0
TO_STREAM_FLOW_OUT,51,4,0.0,0.0,0.0,0.0,0.0,0.0,0.0,0.0,0.0
TO_ZONE_0,51,4,0.0,0.0,0.0,0.0,0.0,0.0,0.0,0.0,0.0
TO_haweaflat,51,4,0.0,0.0,137410.94,11874.117,879.1693,0.0,0.0,0.0,0.0
TO_moraine_top,51,4,0.0,428.48822,0.0,0.0,0.0,0.0,0.0,0.0,0.0
TO_river_zone,51,4,0.0,119802.8,0.0,0.0,264.54825,0.0,3.3351347,76.01181,3696.4893
TO_main_terrace,51,4,0.0,20849.254,0.0,31123.285,0.0,1680.8307,1768.4142,438.30798,0.0
TO_sandy_point,51,4,0.0,0.0,0.0,0.0,6506.9126,0.0,12.865153,0.0,0.0
TO_clutha,51,4,0.0,0.0,0.0,42.301266,67700.1,44.89076,0.0,7545.8945,0.0
TO_sub_terrace,51,4,0.0,0.0,0.0,65.227264,6234.695,0.0,936.9849,0.0,0.0
TO_mangawera,51,4,0.0,0.0,0.0,0.0,0.0,0.0,0.0,0.0,0.0
TOTAL_OUT,51,4,0.0,172049.56,144775.23,162547.6,83704.9,8450.629,77605.266,8501.081,3987.3896
IN-OUT,51,4,0.0,173257.1,26463.875,809915300.0,119958100.0,2831844400.0,9008883000.0,0.0009765625,0.0
PERCENT_DISCREPANCY,51,4,,66.977875,16.748528,199.91975,199.72128,199.99881,199.99654,1.1487508e-05,0.0
FROM_STORAGE,52,4,0.0,1669.7125,0.0,77.33417,898.8467,0.000980653,14.567405,8.518735,0.23177595
FROM_CONSTANT_HEAD,52,4,0.0,0.0,0.0,0.0,0.0,0.0,0.0,0.0,0.0
FROM_WELLS,52,4,0.0,4777.7715,18.260052,1438.9762,8504.589,0.0,0.0,77.06712,1081.1698
FROM_HEAD_DEP_BOUNDS,52,4,0.0,0.0,146369.86,0.0,0.0,0.0,0.0,0.0,0.0
FROM_RECHARGE,52,4,0.0,11435.957,1631.3204,4484.366,15251.537,1894.4105,2240.9023,1178.2632,2905.9722
FROM_STREAM_LEAKAGE,52,4,0.0,3500.0,1100.0,32631.516,3119.7043,36.521347,16.351604,0.0,0.0
FROM_STREAM_FLOW_OUT,52,4,0.0,173263.03,26465.953,810185400.0,119962380.0,2831843800.0,9008894000.0,0.0,0.0
FROM_ZONE_0,52,4,0.0,0.0,0.0,0.0,0.0,0.0,0.0,0.0,0.0
FROM_haweaflat,52,4,0.0,0.0,431.1569,122549.85,20910.707,0.0,0.0,0.0,0.0
FROM_moraine_top,52,4,0.0,142743.81,0.0,0.0,0.0,0.0,0.0,0.0,0.0
FROM_river_zone,52,4,0.0,11957.927,0.0,0.0,31131.709,0.0,42.301006,65.23398,0.0
FROM_main_terrace,52,4,0.0,878.4757,0.0,264.16586,0.0,6506.9126,67689.56,6233.776,0.0
FROM_sandy_point,52,4,0.0,0.0,0.0,0.0,1680.8307,0.0,44.89076,0.0,0.0
FROM_clutha,52,4,0.0,0.0,0.0,3.3351314,1767.8743,12.865153,0.0,936.80096,0.0
FROM_sub_terrace,52,4,0.0,0.0,0.0,75.97017,438.30054,0.0,7544.538,0.0,0.0
FROM_mangawera,52,4,0.0,0.0,0.0,3696.3958,0.0,0.0,0.0,0.0,0.0
TOTAL_IN,52,4,0.0,350226.7,176016.56,810350660.0,120046090.0,2831852300.0,9008971000.0,8499.66,3987.3738
TO_STORAGE,52,4,0.0,27573.223,6479.249,3744.7021,52.434753,0.0011040859,0.7493232,0.1028602,0.3715905
TO_CONSTANT_HEAD,52,4,0.0,0.0,0.0,0.0,0.0,0.0,0.0,0.0,0.0
TO_WELLS,52,4,0.0,5505.3066,0.0,0.0,445.89493,28.567646,0.0,440.7458,290.60635
TO_HEAD_DEP_BOUNDS,52,4,0.0,0.0,329.64893,0.0,0.0,0.0,0.0,0.0,0.0
TO_RECHARGE,52,4,0.0,0.0,0.0,0.0,0.0,0.0,0.0,0.0,0.0
TO_STREAM_LEAKAGE,52,4,0.0,0.0,0.0,118281.21,1632.6703,6696.3384,74871.414,0.0,0.0
TO_STREAM_FLOW_OUT,52,4,0.0,0.0,0.0,0.0,0.0,0.0,0.0,0.0,0.0
TO_ZONE_0,52,4,0.0,0.0,0.0,0.0,0.0,0.0,0.0,0.0,0.0
TO_haweaflat,52,4,0.0,0.0,142743.81,11957.927,878.4757,0.0,0.0,0.0,0.0
TO_moraine_top,52,4,0.0,431.1569,0.0,0.0,0.0,0.0,0.0,0.0,0.0
TO_river_zone,52,4,0.0,122549.85,0.0,0.0,264.16586,0.0,3.3351314,75.97017,3696.3958
TO_main_terrace,52,4,0.0,20910.707,0.0,31131.709,0.0,1680.8307,1767.8743,438.30054,0.0
TO_sandy_point,52,4,0.0,0.0,0.0,0.0,6506.9126,0.0,12.865153,0.0,0.0
TO_clutha,52,4,0.0,0.0,0.0,42.301006,67689.56,44.89076,0.0,7544.538,0.0
TO_sub_terrace,52,4,0.0,0.0,0.0,65.23398,6233.776,0.0,936.80096,0.0,0.0
TO_mangawera,52,4,0.0,0.0,0.0,0.0,0.0,0.0,0.0,0.0,0.0
TOTAL_OUT,52,4,0.0,176970.23,149552.7,165223.08,83703.89,8450.629,77593.05,8499.657,3987.3738
IN-OUT,52,4,0.0,173256.45,26463.86,810185400.0,119962380.0,2831843800.0,9008893000.0,0.0029296875,0.0
PERCENT_DISCREPANCY,52,4,,65.72742,16.256977,199.91846,199.7213,199.99881,199.99655,3.44683e-05,0.0
FROM_STORAGE,53,4,0.0,1254.0826,0.0003603822,30.127117,824.4476,0.0009800234,14.144408,8.074704,0.21736194
FROM_CONSTANT_HEAD,53,4,0.0,0.0,0.0,0.0,0.0,0.0,0.0,0.0,0.0
FROM_WELLS,53,4,0.0,4777.7715,18.260052,1438.9762,8504.589,0.0,0.0,77.06712,1081.1698
FROM_HEAD_DEP_BOUNDS,53,4,0.0,0.0,151603.34,0.0,0.0,0.0,0.0,0.0,0.0
FROM_RECHARGE,53,4,0.0,11435.957,1631.3204,4484.366,15251.537,1894.4105,2240.9023,1178.2632,2905.9722
FROM_STREAM_LEAKAGE,53,4,0.0,3500.0,1100.0,32633.355,3119.7043,36.521347,16.351604,0.0,0.0
FROM_STREAM_FLOW_OUT,53,4,0.0,173263.03,26465.953,810485700.0,119967130.0,2831843000.0,9008904000.0,0.0,0.0
FROM_ZONE_0,53,4,0.0,0.0,0.0,0.0,0.0,0.0,0.0,0.0,0.0
FROM_haweaflat,53,4,0.0,0.0,433.19193,125642.73,20987.094,0.0,0.0,0.0,0.0
FROM_moraine_top,53,4,0.0,148287.34,0.0,0.0,0.0,0.0,0.0,0.0,0.0
FROM_river_zone,53,4,0.0,12048.774,0.0,0.0,31139.441,0.0,42.30069,65.239044,0.0
FROM_main_terrace,53,4,0.0,877.84717,0.0,263.84225,0.0,6506.9126,67679.875,6233.0376,0.0
FROM_sandy_point,53,4,0.0,0.0,0.0,0.0,1680.8307,0.0,44.89076,0.0,0.0
FROM_clutha,53,4,0.0,0.0,0.0,3.3351269,1767.4531,12.865153,0.0,936.63727,0.0
FROM_sub_terrace,53,4,0.0,0.0,0.0,75.93166,438.25928,0.0,7543.2944,0.0,0.0
FROM_mangawera,53,4,0.0,0.0,0.0,3696.304,0.0,0.0,0.0,0.0,0.0
TOTAL_IN,53,4,0.0,355444.8,181252.08,810653950.0,120050840.0,2831851500.0,9008981000.0,8498.319,3987.3594
TO_STORAGE,53,4,0.0,29620.643,6171.1606,4305.9287,73.07612,0.0011048524,0.7067434,0.08624812,0.44913736
TO_CONSTANT_HEAD,53,4,0.0,0.0,0.0,0.0,0.0,0.0,0.0,0.0,0.0
TO_WELLS,53,4,0.0,5505.3066,0.0,0.0,445.89493,28.567646,0.0,440.7458,290.60635
TO_HEAD_DEP_BOUNDS,53,4,0.0,0.0,329.55713,0.0,0.0,0.0,0.0,0.0,0.0
TO_RECHARGE,53,4,0.0,0.0,0.0,0.0,0.0,0.0,0.0,0.0,0.0
TO_STREAM_LEAKAGE,53,4,0.0,0.0,0.0,120668.58,1632.6703,6696.3384,74860.71,0.0,0.0
TO_STREAM_FLOW_OUT,53,4,0.0,0.0,0.0,0.0,0.0,0.0,0.0,0.0,0.0
TO_ZONE_0,53,4,0.0,0.0,0.0,0.0,0.0,0.0,0.0,0.0,0.0
TO_haweaflat,53,4,0.0,0.0,148287.34,12048.774,877.84717,0.0,0.0,0.0,0.0
TO_moraine_top,53,4,0.0,433.19193,0.0,0.0,0.0,0.0,0.0,0.0,0.0
TO_river_zone,53,4,0.0,125642.73,0.0,0.0,263.84225,0.0,3.3351269,75.93166,3696.304
TO_main_terrace,53,4,0.0,20987.094,0.0,31139.441,0.0,1680.8307,1767.4531,438.25928,0.0
TO_sandy_point,53,4,0.0,0.0,0.0,0.0,6506.9126,0.0,12.865153,0.0,0.0
TO_clutha,53,4,0.0,0.0,0.0,42.30069,67679.875,44.89076,0.0,7543.2944,0.0
TO_sub_terrace,53,4,0.0,0.0,0.0,65.239044,6233.0376,0.0,936.63727,0.0,0.0
TO_mangawera,53,4,0.0,0.0,0.0,0.0,0.0,0.0,0.0,0.0,0.0
TOTAL_OUT,53,4,0.0,182188.97,154788.06,168270.25,83713.16,8450.629,77581.71,8498.317,3987.3594
IN-OUT,53,4,0.0,173255.84,26464.016,810485700.0,119967130.0,2831843000.0,9008903000.0,0.001953125,0.0
PERCENT_DISCREPANCY,53,4,,64.45125,15.750509,199.91699,199.72127,199.9988,199.99654,2.2982487e-05,0.0
FROM_STORAGE,54,4,0.0,917.9408,0.0032026856,6.393499,748.4979,0.0009793644,13.528988,7.5181956,0.20107795
FROM_CONSTANT_HEAD,54,4,0.0,0.0,0.0,0.0,0.0,0.0,0.0,0.0,0.0
FROM_WELLS,54,4,0.0,4777.7715,18.260052,1438.9762,8504.589,0.0,0.0,77.06712,1081.1698
FROM_HEAD_DEP_BOUNDS,54,4,0.0,0.0,156433.38,0.0,0.0,0.0,0.0,0.0,0.0
FROM_RECHARGE,54,4,0.0,11435.957,1631.3204,4484.366,15251.537,1894.4105,2240.9023,1178.2632,2905.9722
FROM_STREAM_LEAKAGE,54,4,0.0,3500.0,1100.0,32633.613,3119.7043,36.521347,16.351604,0.0,0.0
FROM_STREAM_FLOW_OUT,54,4,0.0,173263.03,26465.953,810802800.0,119972150.0,2831842300.0,9008914000.0,0.0,0.0
FROM_ZONE_0,54,4,0.0,0.0,0.0,0.0,0.0,0.0,0.0,0.0,0.0
FROM_haweaflat,54,4,0.0,0.0,434.83563,128688.21,21076.945,0.0,0.0,0.0,0.0
FROM_moraine_top,54,4,0.0,153140.3,0.0,0.0,0.0,0.0,0.0,0.0,0.0
FROM_river_zone,54,4,0.0,12136.568,0.0,0.0,31146.36,0.0,42.300346,65.242516,0.0
FROM_main_terrace,54,4,0.0,877.3095,0.0,263.5825,0.0,6506.9126,67671.16,6232.498,0.0
FROM_sandy_point,54,4,0.0,0.0,0.0,0.0,1680.8307,0.0,44.89076,0.0,0.0
FROM_clutha,54,4,0.0,0.0,0.0,3.335122,1767.1576,12.865153,0.0,936.49615,0.0
FROM_sub_terrace,54,4,0.0,0.0,0.0,75.89665,438.18448,0.0,7542.1836,0.0,0.0
FROM_mangawera,54,4,0.0,0.0,0.0,3696.212,0.0,0.0,0.0,0.0,0.0
TOTAL_IN,54,4,0.0,360048.88,186083.75,810974140.0,120055890.0,2831850800.0,9008991000.0,8497.085,3987.343
TO_STORAGE,54,4,0.0,31088.709,6149.996,4708.4614,103.58007,0.0011057213,0.67438877,0.07190303,0.5250318
TO_CONSTANT_HEAD,54,4,0.0,0.0,0.0,0.0,0.0,0.0,0.0,0.0,0.0
TO_WELLS,54,4,0.0,5505.3066,0.0,0.0,445.89493,28.567646,0.0,440.7458,290.60635
TO_HEAD_DEP_BOUNDS,54,4,0.0,0.0,329.6543,0.0,0.0,0.0,0.0,0.0,0.0
TO_RECHARGE,54,4,0.0,0.0,0.0,0.0,0.0,0.0,0.0,0.0,0.0
TO_STREAM_LEAKAGE,54,4,0.0,0.0,0.0,123192.91,1632.7035,6696.3384,74850.82,0.0,0.0
TO_STREAM_FLOW_OUT,54,4,0.0,0.0,0.0,0.0,0.0,0.0,0.0,0.0,0.0
TO_ZONE_0,54,4,0.0,0.0,0.0,0.0,0.0,0.0,0.0,0.0,0.0
TO_haweaflat,54,4,0.0,0.0,153140.3,12136.568,877.3095,0.0,0.0,0.0,0.0
TO_moraine_top,54,4,0.0,434.83563,0.0,0.0,0.0,0.0,0.0,0.0,0.0
TO_river_zone,54,4,0.0,128688.21,0.0,0.0,263.5825,0.0,3.335122,75.89665,3696.212
TO_main_terrace,54,4,0.0,21076.945,0.0,31146.36,0.0,1680.8307,1767.1576,438.18448,0.0
TO_sandy_point,54,4,0.0,0.0,0.0,0.0,6506.9126,0.0,12.865153,0.0,0.0
TO_clutha,54,4,0.0,0.0,0.0,42.300346,67671.16,44.89076,0.0,7542.1836,0.0
TO_sub_terrace,54,4,0.0,0.0,0.0,65.242516,6232.498,0.0,936.49615,0.0,0.0
TO_mangawera,54,4,0.0,0.0,0.0,0.0,0.0,0.0,0.0,0.0,0.0
TOTAL_OUT,54,4,0.0,186794.0,159619.95,171291.84,83733.64,8450.629,77571.35,8497.082,3987.3433
IN-OUT,54,4,0.0,173254.88,26463.797,810802900.0,119972150.0,2831842300.0,9008913000.0,0.0029296875,0.00024414062
PERCENT_DISCREPANCY,54,4,,63.365505,15.310104,199.91554,199.72119,199.99881,199.99655,3.447874e-05,6.1228898e-06
FROM_STORAGE,55,4,0.0,660.6841,0.007123011,0.47413978,670.05316,0.00097871,12.722294,6.8579683,0.18366277
FROM_CONSTANT_HEAD,55,4,0.0,0.0,0.0,0.0,0.0,0.0,0.0,0.0,0.0
FROM_WELLS,55,4,0.0,4777.7715,18.260052,1438.9762,8504.589,0.0,0.0,77.06712,1081.1698
FROM_HEAD_DEP_BOUNDS,55,4,0.0,0.0,160558.5,0.0,0.0,0.0,0.0,0.0,0.0
FROM_RECHARGE,55,4,0.0,11435.957,1631.3204,4484.366,15251.537,1894.4105,2240.9023,1178.2632,2905.9722
FROM_STREAM_LEAKAGE,55,4,0.0,3500.0,1100.0,32632.443,3119.7043,36.521347,16.351604,0.0,0.0
FROM_STREAM_FLOW_OUT,55,4,0.0,173263.03,26465.953,811124000.0,119977256.0,2831842000.0,9008927000.0,0.0,0.0
FROM_ZONE_0,55,4,0.0,0.0,0.0,0.0,0.0,0.0,0.0,0.0,0.0
FROM_haweaflat,55,4,0.0,0.0,436.53088,131611.34,21177.848,0.0,0.0,0.0,0.0
FROM_moraine_top,55,4,0.0,157149.4,0.0,0.0,0.0,0.0,0.0,0.0,0.0
FROM_river_zone,55,4,0.0,12214.867,0.0,0.0,31152.342,0.0,42.29999,65.24421,0.0
FROM_main_terrace,55,4,0.0,877.2062,0.0,263.39005,0.0,6506.9126,67663.555,6232.1577,0.0
FROM_sandy_point,55,4,0.0,0.0,0.0,0.0,1680.8307,0.0,44.89076,0.0,0.0
FROM_clutha,55,4,0.0,0.0,0.0,3.3351161,1766.9916,12.865153,0.0,936.37976,0.0
FROM_sub_terrace,55,4,0.0,0.0,0.0,75.86565,438.07742,0.0,7541.2197,0.0,0.0
FROM_mangawera,55,4,0.0,0.0,0.0,3696.126,0.0,0.0,0.0,0.0,0.0
TOTAL_IN,55,4,0.0,363878.94,190210.58,811298100.0,120061016.0,2831850500.0,9009004000.0,8495.97,3987.3257
TO_STORAGE,55,4,0.0,31892.732,6267.555,4985.549,139.98962,0.0011065402,0.6455184,0.06025146,0.59305286
TO_CONSTANT_HEAD,55,4,0.0,0.0,0.0,0.0,0.0,0.0,0.0,0.0,0.0
TO_WELLS,55,4,0.0,5505.3066,0.0,0.0,445.89493,28.567646,0.0,440.7458,290.60635
TO_HEAD_DEP_BOUNDS,55,4,0.0,0.0,329.4795,0.0,0.0,0.0,0.0,0.0,0.0
TO_RECHARGE,55,4,0.0,0.0,0.0,0.0,0.0,0.0,0.0,0.0,0.0
TO_STREAM_LEAKAGE,55,4,0.0,0.0,0.0,125747.04,1632.7367,6696.3384,74841.79,0.0,0.0
TO_STREAM_FLOW_OUT,55,4,0.0,0.0,0.0,0.0,0.0,0.0,0.0,0.0,0.0
TO_ZONE_0,55,4,0.0,0.0,0.0,0.0,0.0,0.0,0.0,0.0,0.0
TO_haweaflat,55,4,0.0,0.0,157149.4,12214.867,877.2062,0.0,0.0,0.0,0.0
TO_moraine_top,55,4,0.0,436.53088,0.0,0.0,0.0,0.0,0.0,0.0,0.0
TO_river_zone,55,4,0.0,131611.34,0.0,0.0,263.39005,0.0,3.3351161,75.86565,3696.126
TO_main_terrace,55,4,0.0,21177.848,0.0,31152.342,0.0,1680.8307,1766.9916,438.07742,0.0
TO_sandy_point,55,4,0.0,0.0,0.0,0.0,6506.9126,0.0,12.865153,0.0,0.0
TO_clutha,55,4,0.0,0.0,0.0,42.29999,67663.555,44.89076,0.0,7541.2197,0.0
TO_sub_terrace,55,4,0.0,0.0,0.0,65.24421,6232.1577,0.0,936.37976,0.0,0.0
TO_mangawera,55,4,0.0,0.0,0.0,0.0,0.0,0.0,0.0,0.0,0.0
TOTAL_OUT,55,4,0.0,190623.75,163746.44,174207.34,83761.84,8450.629,77562.016,8495.969,3987.3254
IN-OUT,55,4,0.0,173255.19,26464.14,811123900.0,119977256.0,2831842000.0,9008926000.0,0.0009765625,0.00024414062
PERCENT_DISCREPANCY,55,4,,62.490295,14.953308,199.91412,199.72115,199.99881,199.99655,1.1494422e-05,6.1229166e-06
FROM_STORAGE,56,4,0.0,461.24634,0.0059830714,0.35247472,593.1102,0.000978193,11.738536,6.1036305,0.16521503
FROM_CONSTANT_HEAD,56,4,0.0,0.0,0.0,0.0,0.0,0.0,0.0,0.0,0.0
FROM_WELLS,56,4,0.0,4777.7715,18.260052,1438.9762,8504.589,0.0,0.0,77.06712,1081.1698
FROM_HEAD_DEP_BOUNDS,56,4,0.0,0.0,163840.72,0.0,0.0,0.0,0.0,0.0,0.0
FROM_RECHARGE,56,4,0.0,11435.957,1631.3204,4484.366,15251.537,1894.4105,2240.9023,1178.2632,2905.9722
FROM_STREAM_LEAKAGE,56,4,0.0,3500.0,1100.0,32630.074,3119.7043,36.521347,16.351604,0.0,0.0
FROM_STREAM_FLOW_OUT,56,4,0.0,173263.03,26465.953,811440800.0,119982300.0,2831841800.0,9008939000.0,0.0,0.0
FROM_ZONE_0,56,4,0.0,0.0,0.0,0.0,0.0,0.0,0.0,0.0,0.0
FROM_haweaflat,56,4,0.0,0.0,438.6161,134408.28,21288.084,0.0,0.0,0.0,0.0
FROM_moraine_top,56,4,0.0,160658.94,0.0,0.0,0.0,0.0,0.0,0.0,0.0
FROM_river_zone,56,4,0.0,12282.443,0.0,0.0,31157.3,0.0,42.299618,65.24419,0.0
FROM_main_terrace,56,4,0.0,877.7778,0.0,263.26715,0.0,6506.9126,67657.18,6232.026,0.0
FROM_sandy_point,56,4,0.0,0.0,0.0,0.0,1680.8307,0.0,44.89076,0.0,0.0
FROM_clutha,56,4,0.0,0.0,0.0,3.335106,1766.9579,12.865153,0.0,936.2895,0.0
FROM_sub_terrace,56,4,0.0,0.0,0.0,75.83914,437.9399,0.0,7540.417,0.0,0.0
FROM_mangawera,56,4,0.0,0.0,0.0,3696.051,0.0,0.0,0.0,0.0,0.0
TOTAL_IN,56,4,0.0,367257.16,193494.88,811617700.0,120066110.0,2831850200.0,9009016000.0,8494.993,3987.3071
TO_STORAGE,56,4,0.0,32361.934,6042.1436,5177.3257,184.14157,0.0011072382,0.6210042,0.049464755,0.6500492
TO_CONSTANT_HEAD,56,4,0.0,0.0,0.0,0.0,0.0,0.0,0.0,0.0,0.0
TO_WELLS,56,4,0.0,5505.3066,0.0,0.0,445.89493,28.567646,0.0,440.7458,290.60635
TO_HEAD_DEP_BOUNDS,56,4,0.0,0.0,329.86084,0.0,0.0,0.0,0.0,0.0,0.0
TO_RECHARGE,56,4,0.0,0.0,0.0,0.0,0.0,0.0,0.0,0.0,0.0
TO_STREAM_LEAKAGE,56,4,0.0,0.0,0.0,128277.51,1632.7367,6696.3384,74833.69,0.0,0.0
TO_STREAM_FLOW_OUT,56,4,0.0,0.0,0.0,0.0,0.0,0.0,0.0,0.0,0.0
TO_ZONE_0,56,4,0.0,0.0,0.0,0.0,0.0,0.0,0.0,0.0,0.0
TO_haweaflat,56,4,0.0,0.0,160658.94,12282.443,877.7778,0.0,0.0,0.0,0.0
TO_moraine_top,56,4,0.0,438.6161,0.0,0.0,0.0,0.0,0.0,0.0,0.0
TO_river_zone,56,4,0.0,134408.28,0.0,0.0,263.26715,0.0,3.335106,75.83914,3696.051
TO_main_terrace,56,4,0.0,21288.084,0.0,31157.3,0.0,1680.8307,1766.9579,437.9399,0.0
TO_sandy_point,56,4,0.0,0.0,0.0,0.0,6506.9126,0.0,12.865153,0.0,0.0
TO_clutha,56,4,0.0,0.0,0.0,42.299618,67657.18,44.89076,0.0,7540.417,0.0
TO_sub_terrace,56,4,0.0,0.0,0.0,65.24419,6232.026,0.0,936.2895,0.0,0.0
TO_mangawera,56,4,0.0,0.0,0.0,0.0,0.0,0.0,0.0,0.0,0.0
TOTAL_OUT,56,4,0.0,194002.22,167030.94,177002.11,83799.93,8450.629,77553.76,8494.991,3987.3074
IN-OUT,56,4,0.0,173254.94,26463.938,811440700.0,119982310.0,2831841800.0,9008938000.0,0.001953125,0.00024414062
PERCENT_DISCREPANCY,56,4,,61.737923,14.680745,199.91278,199.72102,199.9988,199.99654,2.2991486e-05,6.1229453e-06
FROM_STORAGE,57,4,0.0,309.99777,1.1949053e-05,0.23686549,517.8245,0.0009780632,10.594139,5.2688484,0.14514157
FROM_CONSTANT_HEAD,57,4,0.0,0.0,0.0,0.0,0.0,0.0,0.0,0.0,0.0
FROM_WELLS,57,4,0.0,4777.7715,18.260052,1438.9762,8504.589,0.0,0.0,77.06712,1081.1698
FROM_HEAD_DEP_BOUNDS,57,4,0.0,0.0,166327.47,0.0,0.0,0.0,0.0,0.0,0.0
FROM_RECHARGE,57,4,0.0,11435.957,1631.3204,4484.366,15251.537,1894.4105,2240.9023,1178.2632,2905.9722
FROM_STREAM_LEAKAGE,57,4,0.0,3500.0,1100.0,32626.084,3119.7043,36.521347,16.351604,0.0,0.0
FROM_STREAM_FLOW_OUT,57,4,0.0,173263.03,26465.953,811750660.0,119987250.0,2831841300.0,9008949000.0,0.0,0.0
FROM_ZONE_0,57,4,0.0,0.0,0.0,0.0,0.0,0.0,0.0,0.0,0.0
FROM_haweaflat,57,4,0.0,0.0,441.3897,137070.38,21405.648,0.0,0.0,0.0,0.0
FROM_moraine_top,57,4,0.0,163639.86,0.0,0.0,0.0,0.0,0.0,0.0,0.0
FROM_river_zone,57,4,0.0,12339.779,0.0,0.0,31161.176,0.0,42.29928,65.24237,0.0
FROM_main_terrace,57,4,0.0,878.47186,0.0,263.21454,0.0,6506.9126,67652.1,6232.0957,0.0
FROM_sandy_point,57,4,0.0,0.0,0.0,0.0,1680.8307,0.0,44.89076,0.0,0.0
FROM_clutha,57,4,0.0,0.0,0.0,3.3350956,1767.0558,12.865153,0.0,936.2266,0.0
FROM_sub_terrace,57,4,0.0,0.0,0.0,75.81741,437.77463,0.0,7539.7847,0.0,0.0
FROM_mangawera,57,4,0.0,0.0,0.0,3695.9854,0.0,0.0,0.0,0.0,0.0
TOTAL_IN,57,4,0.0,370144.88,195984.4,811930300.0,120071096.0,2831849700.0,9009026000.0,8494.164,3987.287
TO_STORAGE,57,4,0.0,32467.291,5550.101,5298.9805,234.59633,0.001107526,0.6009166,0.040237743,0.69562334
TO_CONSTANT_HEAD,57,4,0.0,0.0,0.0,0.0,0.0,0.0,0.0,0.0,0.0
TO_WELLS,57,4,0.0,5505.3066,0.0,0.0,445.89493,28.567646,0.0,440.7458,290.60635
TO_HEAD_DEP_BOUNDS,57,4,0.0,0.0,330.09326,0.0,0.0,0.0,0.0,0.0,0.0
TO_RECHARGE,57,4,0.0,0.0,0.0,0.0,0.0,0.0,0.0,0.0,0.0
TO_STREAM_LEAKAGE,57,4,0.0,0.0,0.0,130752.85,1632.7699,6696.3384,74826.88,0.0,0.0
TO_STREAM_FLOW_OUT,57,4,0.0,0.0,0.0,0.0,0.0,0.0,0.0,0.0,0.0
TO_ZONE_0,57,4,0.0,0.0,0.0,0.0,0.0,0.0,0.0,0.0,0.0
TO_haweaflat,57,4,0.0,0.0,163639.86,12339.779,878.47186,0.0,0.0,0.0,0.0
TO_moraine_top,57,4,0.0,441.3897,0.0,0.0,0.0,0.0,0.0,0.0,0.0
TO_river_zone,57,4,0.0,137070.38,0.0,0.0,263.21454,0.0,3.3350956,75.81741,3695.9854
TO_main_terrace,57,4,0.0,21405.648,0.0,31161.176,0.0,1680.8307,1767.0558,437.77463,0.0
TO_sandy_point,57,4,0.0,0.0,0.0,0.0,6506.9126,0.0,12.865153,0.0,0.0
TO_clutha,57,4,0.0,0.0,0.0,42.29928,67652.1,44.89076,0.0,7539.7847,0.0
TO_sub_terrace,57,4,0.0,0.0,0.0,65.24237,6232.0957,0.0,936.2266,0.0,0.0
TO_mangawera,57,4,0.0,0.0,0.0,0.0,0.0,0.0,0.0,0.0,0.0
TOTAL_OUT,57,4,0.0,196890.0,169520.05,179660.33,83846.055,8450.629,77546.97,8494.163,3987.2874
IN-OUT,57,4,0.0,173254.88,26464.36,811750660.0,119987250.0,2831841300.0,9008948000.0,0.0009765625,0.00024414062
PERCENT_DISCREPANCY,57,4,,61.109074,14.481006,199.91153,199.72087,199.99881,199.99654,1.1496864e-05,6.1229757e-06
FROM_STORAGE,58,4,0.0,198.41068,0.0017195325,0.13984904,447.2667,0.0009775007,9.304586,4.3669252,0.12352703
FROM_CONSTANT_HEAD,58,4,0.0,0.0,0.0,0.0,0.0,0.0,0.0,0.0,0.0
FROM_WELLS,58,4,0.0,4777.7715,18.260052,1438.9762,8504.589,0.0,0.0,77.06712,1081.1698
FROM_HEAD_DEP_BOUNDS,58,4,0.0,0.0,168088.02,0.0,0.0,0.0,0.0,0.0,0.0
FROM_RECHARGE,58,4,0.0,11435.957,1631.3204,4484.366,15251.537,1894.4105,2240.9023,1178.2632,2905.9722
FROM_STREAM_LEAKAGE,58,4,0.0,3500.0,1100.0,32621.283,3119.7043,36.521347,16.351604,0.0,0.0
FROM_STREAM_FLOW_OUT,58,4,0.0,173263.03,26465.953,812054300.0,119992110.0,2831841000.0,9008962000.0,0.0,0.0
FROM_ZONE_0,58,4,0.0,0.0,0.0,0.0,0.0,0.0,0.0,0.0,0.0
FROM_haweaflat,58,4,0.0,0.0,444.95465,139676.98,21529.197,0.0,0.0,0.0,0.0
FROM_moraine_top,58,4,0.0,166171.19,0.0,0.0,0.0,0.0,0.0,0.0,0.0
FROM_river_zone,58,4,0.0,12389.346,0.0,0.0,31163.926,0.0,42.2989,65.23888,0.0
FROM_main_terrace,58,4,0.0,879.2722,0.0,263.2323,0.0,6506.9126,67648.4,6232.3687,0.0
FROM_sandy_point,58,4,0.0,0.0,0.0,0.0,1680.8307,0.0,44.89076,0.0,0.0
FROM_clutha,58,4,0.0,0.0,0.0,3.3350866,1767.2825,12.865153,0.0,936.19165,0.0
FROM_sub_terrace,58,4,0.0,0.0,0.0,75.80076,437.58453,0.0,7539.3325,0.0,0.0
FROM_mangawera,58,4,0.0,0.0,0.0,3695.9287,0.0,0.0,0.0,0.0,0.0
TOTAL_IN,58,4,0.0,372615.0,197748.52,812236500.0,120076010.0,2831849500.0,9009038000.0,8493.496,3987.2656
TO_STORAGE,58,4,0.0,32203.486,4782.516,5417.251,292.99872,0.0011082443,0.581734,0.0319531,0.73041993
TO_CONSTANT_HEAD,58,4,0.0,0.0,0.0,0.0,0.0,0.0,0.0,0.0,0.0
TO_WELLS,58,4,0.0,5505.3066,0.0,0.0,445.89493,28.567646,0.0,440.7458,290.60635
TO_HEAD_DEP_BOUNDS,58,4,0.0,0.0,330.4829,0.0,0.0,0.0,0.0,0.0,0.0
TO_RECHARGE,58,4,0.0,0.0,0.0,0.0,0.0,0.0,0.0,0.0,0.0
TO_STREAM_LEAKAGE,58,4,0.0,0.0,0.0,133183.33,1632.8031,6696.3384,74821.266,0.0,0.0
TO_STREAM_FLOW_OUT,58,4,0.0,0.0,0.0,0.0,0.0,0.0,0.0,0.0,0.0
TO_ZONE_0,58,4,0.0,0.0,0.0,0.0,0.0,0.0,0.0,0.0,0.0
TO_haweaflat,58,4,0.0,0.0,166171.19,12389.346,879.2722,0.0,0.0,0.0,0.0
TO_moraine_top,58,4,0.0,444.95465,0.0,0.0,0.0,0.0,0.0,0.0,0.0
TO_river_zone,58,4,0.0,139676.98,0.0,0.0,263.2323,0.0,3.3350866,75.80076,3695.9287
TO_main_terrace,58,4,0.0,21529.197,0.0,31163.926,0.0,1680.8307,1767.2825,437.58453,0.0
TO_sandy_point,58,4,0.0,0.0,0.0,0.0,6506.9126,0.0,12.865153,0.0,0.0
TO_clutha,58,4,0.0,0.0,0.0,42.2989,67648.4,44.89076,0.0,7539.3325,0.0
TO_sub_terrace,58,4,0.0,0.0,0.0,65.23888,6232.3687,0.0,936.19165,0.0,0.0
TO_mangawera,58,4,0.0,0.0,0.0,0.0,0.0,0.0,0.0,0.0,0.0
TOTAL_OUT,58,4,0.0,199359.94,171284.19,182261.38,83901.88,8450.629,77541.52,8493.495,3987.2654
IN-OUT,58,4,0.0,173255.06,26464.328,812054200.0,119992104.0,2831841000.0,9008961000.0,0.0009765625,0.00024414062
PERCENT_DISCREPANCY,58,4,,60.58135,14.342539,199.91025,199.72069,199.99881,199.99655,1.1497768e-05,6.123009e-06
FROM_STORAGE,59,4,0.0,120.666824,0.0,0.08392898,387.81995,0.0009768064,7.889168,3.4106343,0.10289231
FROM_CONSTANT_HEAD,59,4,0.0,0.0,0.0,0.0,0.0,0.0,0.0,0.0,0.0
FROM_WELLS,59,4,0.0,4777.7715,18.260052,1438.9762,8504.589,0.0,0.0,77.06712,1081.1698
FROM_HEAD_DEP_BOUNDS,59,4,0.0,0.0,169353.0,0.0,0.0,0.0,0.0,0.0,0.0
FROM_RECHARGE,59,4,0.0,11435.957,1631.3204,4484.366,15251.537,1894.4105,2240.9023,1178.2632,2905.9722
FROM_STREAM_LEAKAGE,59,4,0.0,3500.0,1100.0,32614.855,3119.7043,36.521347,16.351604,0.0,0.0
FROM_STREAM_FLOW_OUT,59,4,0.0,173263.03,26465.953,812356800.0,119996960.0,2831841000.0,9008974000.0,0.0,0.0
FROM_ZONE_0,59,4,0.0,0.0,0.0,0.0,0.0,0.0,0.0,0.0,0.0
FROM_haweaflat,59,4,0.0,0.0,449.23975,142258.7,21658.363,0.0,0.0,0.0,0.0
FROM_moraine_top,59,4,0.0,168428.81,0.0,0.0,0.0,0.0,0.0,0.0,0.0
FROM_river_zone,59,4,0.0,12436.692,0.0,0.0,31165.543,0.0,42.2985,65.23375,0.0
FROM_main_terrace,59,4,0.0,880.1584,0.0,263.31973,0.0,6506.9126,67646.09,6232.836,0.0
FROM_sandy_point,59,4,0.0,0.0,0.0,0.0,1680.8307,0.0,44.89076,0.0,0.0
FROM_clutha,59,4,0.0,0.0,0.0,3.3350744,1767.6342,12.865153,0.0,936.1848,0.0
FROM_sub_terrace,59,4,0.0,0.0,0.0,75.78939,437.37213,0.0,7539.063,0.0,0.0
FROM_mangawera,59,4,0.0,0.0,0.0,3695.8784,0.0,0.0,0.0,0.0,0.0
TOTAL_IN,59,4,0.0,374843.1,199017.78,812541630.0,120080936.0,2831849500.0,9009051000.0,8492.995,3987.2449
TO_STORAGE,59,4,0.0,31716.658,3793.1274,5524.9946,365.3403,0.0011091525,0.5631267,0.024874395,0.7601514
TO_CONSTANT_HEAD,59,4,0.0,0.0,0.0,0.0,0.0,0.0,0.0,0.0,0.0
TO_WELLS,59,4,0.0,5505.3066,0.0,0.0,445.89493,28.567646,0.0,440.7458,290.60635
TO_HEAD_DEP_BOUNDS,59,4,0.0,0.0,330.9585,0.0,0.0,0.0,0.0,0.0,0.0
TO_RECHARGE,59,4,0.0,0.0,0.0,0.0,0.0,0.0,0.0,0.0,0.0
TO_STREAM_LEAKAGE,59,4,0.0,0.0,0.0,135602.06,1632.8363,6696.3384,74816.92,0.0,0.0
TO_STREAM_FLOW_OUT,59,4,0.0,0.0,0.0,0.0,0.0,0.0,0.0,0.0,0.0
TO_ZONE_0,59,4,0.0,0.0,0.0,0.0,0.0,0.0,0.0,0.0,0.0
TO_haweaflat,59,4,0.0,0.0,168428.81,12436.692,880.1584,0.0,0.0,0.0,0.0
TO_moraine_top,59,4,0.0,449.23975,0.0,0.0,0.0,0.0,0.0,0.0,0.0
TO_river_zone,59,4,0.0,142258.7,0.0,0.0,263.31973,0.0,3.3350744,75.78939,3695.8784
TO_main_terrace,59,4,0.0,21658.363,0.0,31165.543,0.0,1680.8307,1767.6342,437.37213,0.0
TO_sandy_point,59,4,0.0,0.0,0.0,0.0,6506.9126,0.0,12.865153,0.0,0.0
TO_clutha,59,4,0.0,0.0,0.0,42.2985,67646.09,44.89076,0.0,7539.063,0.0
TO_sub_terrace,59,4,0.0,0.0,0.0,65.23375,6232.836,0.0,936.1848,0.0,0.0
TO_mangawera,59,4,0.0,0.0,0.0,0.0,0.0,0.0,0.0,0.0,0.0
TOTAL_OUT,59,4,0.0,201588.27,172552.9,184836.83,83973.39,8450.629,77537.51,8492.995,3987.2449
IN-OUT,59,4,0.0,173254.83,26464.875,812356800.0,119996960.0,2831841000.0,9008973000.0,0.0,0.0
PERCENT_DISCREPANCY,59,4,,60.112904,14.244867,199.90903,199.72046,199.99881,199.99655,0.0,0.0
FROM_STORAGE,60,4,0.0,69.26819,0.0047515,0.060377933,337.4866,0.0009761126,6.375411,2.485363,0.08403793
FROM_CONSTANT_HEAD,60,4,0.0,0.0,0.0,0.0,0.0,0.0,0.0,0.0,0.0
FROM_WELLS,60,4,0.0,4777.7715,18.260052,1438.9762,8504.589,0.0,0.0,77.06712,1081.1698
FROM_HEAD_DEP_BOUNDS,60,4,0.0,0.0,169932.89,0.0,0.0,0.0,0.0,0.0,0.0
FROM_RECHARGE,60,4,0.0,11435.957,1631.3204,4484.366,15251.537,1894.4105,2240.9023,1178.2632,2905.9722
FROM_STREAM_LEAKAGE,60,4,0.0,3500.0,1100.0,32607.621,3119.7043,36.521347,16.351604,0.0,0.0
FROM_STREAM_FLOW_OUT,60,4,0.0,173263.03,26465.953,812647800.0,120001610.0,2831840500.0,9008984000.0,0.0,0.0
FROM_ZONE_0,60,4,0.0,0.0,0.0,0.0,0.0,0.0,0.0,0.0,0.0
FROM_haweaflat,60,4,0.0,0.0,454.95248,144605.61,21791.113,0.0,0.0,0.0,0.0
FROM_moraine_top,60,4,0.0,169734.25,0.0,0.0,0.0,0.0,0.0,0.0,0.0
FROM_river_zone,60,4,0.0,12476.225,0.0,0.0,31166.01,0.0,42.298096,65.227005,0.0
FROM_main_terrace,60,4,0.0,881.1332,0.0,263.4758,0.0,6506.9126,67645.24,6233.4937,0.0
FROM_sandy_point,60,4,0.0,0.0,0.0,0.0,1680.8307,0.0,44.89076,0.0,0.0
FROM_clutha,60,4,0.0,0.0,0.0,3.3350623,1768.1049,12.865153,0.0,936.2061,0.0
FROM_sub_terrace,60,4,0.0,0.0,0.0,75.78341,437.1401,0.0,7538.98,0.0,0.0
FROM_mangawera,60,4,0.0,0.0,0.0,3695.8342,0.0,0.0,0.0,0.0,0.0
TOTAL_IN,60,4,0.0,376137.62,199603.39,812834940.0,120085670.0,2831849000.0,9009061000.0,8492.742,3987.226
TO_STORAGE,60,4,0.0,30525.334,3072.692,5494.954,447.53812,0.0011100171,0.5551448,0.09260154,0.7853875
TO_CONSTANT_HEAD,60,4,0.0,0.0,0.0,0.0,0.0,0.0,0.0,0.0,0.0
TO_WELLS,60,4,0.0,5505.3066,0.0,0.0,445.89493,28.567646,0.0,440.7458,290.60635
TO_HEAD_DEP_BOUNDS,60,4,0.0,0.0,331.49365,0.0,0.0,0.0,0.0,0.0,0.0
TO_RECHARGE,60,4,0.0,0.0,0.0,0.0,0.0,0.0,0.0,0.0,0.0
TO_STREAM_LEAKAGE,60,4,0.0,0.0,0.0,137931.52,1632.8695,6696.3384,74813.87,0.0,0.0
TO_STREAM_FLOW_OUT,60,4,0.0,0.0,0.0,0.0,0.0,0.0,0.0,0.0,0.0
TO_ZONE_0,60,4,0.0,0.0,0.0,0.0,0.0,0.0,0.0,0.0,0.0
TO_haweaflat,60,4,0.0,0.0,169734.25,12476.225,881.1332,0.0,0.0,0.0,0.0
TO_moraine_top,60,4,0.0,454.95248,0.0,0.0,0.0,0.0,0.0,0.0,0.0
TO_river_zone,60,4,0.0,144605.61,0.0,0.0,263.4758,0.0,3.3350623,75.78341,3695.8342
TO_main_terrace,60,4,0.0,21791.113,0.0,31166.01,0.0,1680.8307,1768.1049,437.1401,0.0
TO_sandy_point,60,4,0.0,0.0,0.0,0.0,6506.9126,0.0,12.865153,0.0,0.0
TO_clutha,60,4,0.0,0.0,0.0,42.298096,67645.24,44.89076,0.0,7538.98,0.0
TO_sub_terrace,60,4,0.0,0.0,0.0,65.227005,6233.4937,0.0,936.2061,0.0,0.0
TO_mangawera,60,4,0.0,0.0,0.0,0.0,0.0,0.0,0.0,0.0,0.0
TOTAL_OUT,60,4,0.0,202882.31,173138.44,187176.23,84056.555,8450.629,77534.93,8492.742,3987.226
IN-OUT,60,4,0.0,173255.31,26464.953,812647740.0,120001620.0,2831840500.0,9008983000.0,0.0,0.0
PERCENT_DISCREPANCY,60,4,,59.844337,14.200152,199.9079,199.72021,199.9988,199.99654,0.0,0.0
FROM_STORAGE,61,4,0.0,35.738586,6.686856e-06,0.043050636,294.3391,0.00097542314,5.1957407,1.9219236,0.06741585
FROM_CONSTANT_HEAD,61,4,0.0,0.0,0.0,0.0,0.0,0.0,0.0,0.0,0.0
FROM_WELLS,61,4,0.0,4777.7715,18.260052,1438.9762,8504.589,0.0,0.0,77.06712,1081.1698
FROM_HEAD_DEP_BOUNDS,61,4,0.0,0.0,169682.86,0.0,0.0,0.0,0.0,0.0,0.0
FROM_RECHARGE,61,4,0.0,11435.957,1631.3204,4484.366,15251.537,1894.4105,2240.9023,1178.2632,2905.9722
FROM_STREAM_LEAKAGE,61,4,0.0,3500.0,1100.0,32599.066,3119.7043,36.521347,16.351604,0.0,0.0
FROM_STREAM_FLOW_OUT,61,4,0.0,173263.03,26465.953,812918600.0,120005940.0,2831840300.0,9008994000.0,0.0,0.0
FROM_ZONE_0,61,4,0.0,0.0,0.0,0.0,0.0,0.0,0.0,0.0,0.0
FROM_haweaflat,61,4,0.0,0.0,461.5664,146674.42,21924.844,0.0,0.0,0.0,0.0
FROM_moraine_top,61,4,0.0,170311.88,0.0,0.0,0.0,0.0,0.0,0.0,0.0
FROM_river_zone,61,4,0.0,12503.797,0.0,0.0,31165.3,0.0,42.297718,65.21889,0.0
FROM_main_terrace,61,4,0.0,882.18646,0.0,263.69797,0.0,6506.9126,67645.83,6234.331,0.0
FROM_sandy_point,61,4,0.0,0.0,0.0,0.0,1680.8307,0.0,44.89076,0.0,0.0
FROM_clutha,61,4,0.0,0.0,0.0,3.3350523,1768.6877,12.865153,0.0,936.2553,0.0
FROM_sub_terrace,61,4,0.0,0.0,0.0,75.7829,436.89194,0.0,7539.083,0.0,0.0
FROM_mangawera,61,4,0.0,0.0,0.0,3695.8015,0.0,0.0,0.0,0.0,0.0
TOTAL_IN,61,4,0.0,376710.38,199359.97,813107840.0,120090090.0,2831848700.0,9009071000.0,8493.058,3987.2095
TO_STORAGE,61,4,0.0,28888.432,2251.0645,5361.0,535.05084,0.00111084,0.9700371,0.5526952,0.8016658
TO_CONSTANT_HEAD,61,4,0.0,0.0,0.0,0.0,0.0,0.0,0.0,0.0,0.0
TO_WELLS,61,4,0.0,5505.3066,0.0,0.0,445.89493,28.567646,0.0,440.7458,290.60635
TO_HEAD_DEP_BOUNDS,61,4,0.0,0.0,332.01123,0.0,0.0,0.0,0.0,0.0,0.0
TO_RECHARGE,61,4,0.0,0.0,0.0,0.0,0.0,0.0,0.0,0.0,0.0
TO_STREAM_LEAKAGE,61,4,0.0,0.0,0.0,140099.27,1632.8695,6696.3384,74812.34,0.0,0.0
TO_STREAM_FLOW_OUT,61,4,0.0,0.0,0.0,0.0,0.0,0.0,0.0,0.0,0.0
TO_ZONE_0,61,4,0.0,0.0,0.0,0.0,0.0,0.0,0.0,0.0,0.0
TO_haweaflat,61,4,0.0,0.0,170311.88,12503.797,882.18646,0.0,0.0,0.0,0.0
TO_moraine_top,61,4,0.0,461.5664,0.0,0.0,0.0,0.0,0.0,0.0,0.0
TO_river_zone,61,4,0.0,146674.42,0.0,0.0,263.69797,0.0,3.3350523,75.7829,3695.8015
TO_main_terrace,61,4,0.0,21924.844,0.0,31165.3,0.0,1680.8307,1768.6877,436.89194,0.0
TO_sandy_point,61,4,0.0,0.0,0.0,0.0,6506.9126,0.0,12.865153,0.0,0.0
TO_clutha,61,4,0.0,0.0,0.0,42.297718,67645.83,44.89076,0.0,7539.083,0.0
TO_sub_terrace,61,4,0.0,0.0,0.0,65.21889,6234.331,0.0,936.2553,0.0,0.0
TO_mangawera,61,4,0.0,0.0,0.0,0.0,0.0,0.0,0.0,0.0,0.0
TOTAL_OUT,61,4,0.0,203454.56,172894.95,189236.88,84146.766,8450.629,77534.46,8493.057,3987.2095
IN-OUT,61,4,0.0,173255.81,26465.016,812918600.0,120005944.0,2831840300.0,9008993000.0,0.0009765625,0.0
PERCENT_DISCREPANCY,61,4,,59.726402,14.218759,199.90694,199.71992,199.99881,199.99655,1.1498363e-05,0.0
FROM_STORAGE,62,4,0.0,16.279549,0.004783219,0.029763618,256.35773,0.00097477203,4.332305,1.5273324,0.054532956
FROM_CONSTANT_HEAD,62,4,0.0,0.0,0.0,0.0,0.0,0.0,0.0,0.0,0.0
FROM_WELLS,62,4,0.0,4777.7715,18.260052,1438.9762,8504.589,0.0,0.0,77.06712,1081.1698
FROM_HEAD_DEP_BOUNDS,62,4,0.0,0.0,168652.12,0.0,0.0,0.0,0.0,0.0,0.0
FROM_RECHARGE,62,4,0.0,11435.957,1631.3204,4484.366,15251.537,1894.4105,2240.9023,1178.2632,2905.9722
FROM_STREAM_LEAKAGE,62,4,0.0,3500.0,1100.0,32589.662,3119.7043,36.521347,16.351604,0.0,0.0
FROM_STREAM_FLOW_OUT,62,4,0.0,173263.03,26465.953,813164600.0,120009890.0,2831840300.0,9009005000.0,0.0,0.0
FROM_ZONE_0,62,4,0.0,0.0,0.0,0.0,0.0,0.0,0.0,0.0,0.0
FROM_haweaflat,62,4,0.0,0.0,469.02612,148457.77,22058.363,0.0,0.0,0.0,0.0
FROM_moraine_top,62,4,0.0,170248.44,0.0,0.0,0.0,0.0,0.0,0.0,0.0
FROM_river_zone,62,4,0.0,12519.498,0.0,0.0,31163.424,0.0,42.297344,65.20936,0.0
FROM_main_terrace,62,4,0.0,883.30286,0.0,263.98328,0.0,6506.9126,67647.87,6235.338,0.0
FROM_sandy_point,62,4,0.0,0.0,0.0,0.0,1680.8307,0.0,44.890762,0.0,0.0
FROM_clutha,62,4,0.0,0.0,0.0,3.3350387,1769.3751,12.865153,0.0,936.3316,0.0
FROM_sub_terrace,62,4,0.0,0.0,0.0,75.78785,436.63055,0.0,7539.374,0.0,0.0
FROM_mangawera,62,4,0.0,0.0,0.0,3695.7812,0.0,0.0,0.0,0.0,0.0
TOTAL_IN,62,4,0.0,376644.28,198336.7,813355650.0,120094130.0,2831848700.0,9009081000.0,8493.736,3987.1965
TO_STORAGE,62,4,0.0,27026.94,1297.1489,5173.1147,626.3662,0.001111716,1.7555081,1.1960444,0.81258607
TO_CONSTANT_HEAD,62,4,0.0,0.0,0.0,0.0,0.0,0.0,0.0,0.0,0.0
TO_WELLS,62,4,0.0,5505.3066,0.0,0.0,445.89493,28.567646,0.0,440.7458,290.60635
TO_HEAD_DEP_BOUNDS,62,4,0.0,0.0,332.3501,0.0,0.0,0.0,0.0,0.0,0.0
TO_RECHARGE,62,4,0.0,0.0,0.0,0.0,0.0,0.0,0.0,0.0,0.0
TO_STREAM_LEAKAGE,62,4,0.0,0.0,0.0,142072.48,1632.9027,6696.3384,74812.34,0.0,0.0
TO_STREAM_FLOW_OUT,62,4,0.0,0.0,0.0,0.0,0.0,0.0,0.0,0.0,0.0
TO_ZONE_0,62,4,0.0,0.0,0.0,0.0,0.0,0.0,0.0,0.0,0.0
TO_haweaflat,62,4,0.0,0.0,170248.44,12519.498,883.30286,0.0,0.0,0.0,0.0
TO_moraine_top,62,4,0.0,469.02612,0.0,0.0,0.0,0.0,0.0,0.0,0.0
TO_river_zone,62,4,0.0,148457.77,0.0,0.0,263.98328,0.0,3.3350387,75.78785,3695.7812
TO_main_terrace,62,4,0.0,22058.363,0.0,31163.424,0.0,1680.8307,1769.3751,436.63055,0.0
TO_sandy_point,62,4,0.0,0.0,0.0,0.0,6506.9126,0.0,12.865153,0.0,0.0
TO_clutha,62,4,0.0,0.0,0.0,42.297344,67647.87,44.890762,0.0,7539.374,0.0
TO_sub_terrace,62,4,0.0,0.0,0.0,65.20936,6235.338,0.0,936.3316,0.0,0.0
TO_mangawera,62,4,0.0,0.0,0.0,0.0,0.0,0.0,0.0,0.0,0.0
TOTAL_OUT,62,4,0.0,203517.39,171877.94,191036.02,84242.57,8450.629,77536.01,8493.734,3987.2002
IN-OUT,62,4,0.0,173126.89,26458.766,813164600.0,120009890.0,2831840300.0,9009004000.0,0.001953125,0.0036621094
PERCENT_DISCREPANCY,62,4,,59.682293,14.293744,199.90608,199.71962,199.99881,199.99654,2.299489e-05,9.184668e-05
FROM_STORAGE,63,4,0.0,7.9062057,45.455383,0.01919475,220.09221,0.00097415503,3.5633342,1.2256497,0.045575824
FROM_CONSTANT_HEAD,63,4,0.0,0.0,0.0,0.0,0.0,0.0,0.0,0.0,0.0
FROM_WELLS,63,4,0.0,4777.7715,18.260052,1438.9762,8504.589,0.0,0.0,77.06712,1081.1698
FROM_HEAD_DEP_BOUNDS,63,4,0.0,0.0,166862.56,0.0,0.0,0.0,0.0,0.0,0.0
FROM_RECHARGE,63,4,0.0,11435.957,1631.3204,4484.366,15251.537,1894.4105,2240.9023,1178.2632,2905.9722
FROM_STREAM_LEAKAGE,63,4,0.0,3500.0,1100.0,32579.676,3119.7043,36.521347,16.351604,0.0,0.0
FROM_STREAM_FLOW_OUT,63,4,0.0,173263.03,26465.953,813382140.0,120013410.0,2831840500.0,9009013000.0,0.0,0.0
FROM_ZONE_0,63,4,0.0,0.0,0.0,0.0,0.0,0.0,0.0,0.0,0.0
FROM_haweaflat,63,4,0.0,0.0,477.4549,149928.98,22188.5,0.0,0.0,0.0,0.0
FROM_moraine_top,63,4,0.0,169386.75,0.0,0.0,0.0,0.0,0.0,0.0,0.0
FROM_river_zone,63,4,0.0,12523.4795,0.0,0.0,31160.41,0.0,42.297012,65.19863,0.0
FROM_main_terrace,63,4,0.0,884.4685,0.0,264.32764,0.0,6506.9126,67651.31,6236.499,0.0
FROM_sandy_point,63,4,0.0,0.0,0.0,0.0,1680.8307,0.0,44.890762,0.0,0.0
FROM_clutha,63,4,0.0,0.0,0.0,3.3350275,1770.1572,12.865153,0.0,936.4339,0.0
FROM_sub_terrace,63,4,0.0,0.0,0.0,75.79819,436.36014,0.0,7539.845,0.0,0.0
FROM_mangawera,63,4,0.0,0.0,0.0,3695.7737,0.0,0.0,0.0,0.0,0.0
TOTAL_IN,63,4,0.0,375779.38,196601.02,813574660.0,120097740.0,2831849000.0,9009090000.0,8494.6875,3987.1875
TO_STORAGE,63,4,0.0,24540.033,416.70917,4880.749,712.19806,0.0011125068,2.7005727,1.9407356,0.8113127
TO_CONSTANT_HEAD,63,4,0.0,0.0,0.0,0.0,0.0,0.0,0.0,0.0,0.0
TO_WELLS,63,4,0.0,5505.3066,0.0,0.0,445.89493,28.567646,0.0,440.7458,290.60635
TO_HEAD_DEP_BOUNDS,63,4,0.0,0.0,333.06787,0.0,0.0,0.0,0.0,0.0,0.0
TO_RECHARGE,63,4,0.0,0.0,0.0,0.0,0.0,0.0,0.0,0.0,0.0
TO_STREAM_LEAKAGE,63,4,0.0,0.0,0.0,143823.89,1632.9359,6696.3384,74813.54,0.0,0.0
TO_STREAM_FLOW_OUT,63,4,0.0,0.0,0.0,0.0,0.0,0.0,0.0,0.0,0.0
TO_ZONE_0,63,4,0.0,0.0,0.0,0.0,0.0,0.0,0.0,0.0,0.0
TO_haweaflat,63,4,0.0,0.0,169386.75,12523.4795,884.4685,0.0,0.0,0.0,0.0
TO_moraine_top,63,4,0.0,477.4549,0.0,0.0,0.0,0.0,0.0,0.0,0.0
TO_river_zone,63,4,0.0,149928.98,0.0,0.0,264.32764,0.0,3.3350275,75.79819,3695.7737
TO_main_terrace,63,4,0.0,22188.5,0.0,31160.41,0.0,1680.8307,1770.1572,436.36014,0.0
TO_sandy_point,63,4,0.0,0.0,0.0,0.0,6506.9126,0.0,12.865153,0.0,0.0
TO_clutha,63,4,0.0,0.0,0.0,42.297012,67651.31,44.890762,0.0,7539.845,0.0
TO_sub_terrace,63,4,0.0,0.0,0.0,65.19863,6236.499,0.0,936.4339,0.0,0.0
TO_mangawera,63,4,0.0,0.0,0.0,0.0,0.0,0.0,0.0,0.0,0.0
TOTAL_OUT,63,4,0.0,202640.28,170136.53,192496.03,84334.55,8450.629,77539.04,8494.69,3987.1914
IN-OUT,63,4,0.0,173139.1,26464.484,813382140.0,120013410.0,2831840500.0,9009012000.0,0.0029296875,0.00390625
PERCENT_DISCREPANCY,63,4,,59.86626,14.432384,199.90536,199.7193,199.9988,199.99655,3.4488457e-05,9.797001e-05
FROM_STORAGE,64,4,0.0,25.711788,593.9876,0.011958429,186.99893,0.00097344,2.8796349,0.9875044,0.039161537
FROM_CONSTANT_HEAD,64,4,0.0,0.0,0.0,0.0,0.0,0.0,0.0,0.0,0.0
FROM_WELLS,64,4,0.0,4777.7715,18.260052,1438.9762,8504.589,0.0,0.0,77.06712,1081.1698
FROM_HEAD_DEP_BOUNDS,64,4,0.0,0.0,164334.31,0.0,0.0,0.0,0.0,0.0,0.0
FROM_RECHARGE,64,4,0.0,11435.957,1631.3204,4484.366,15251.537,1894.4105,2240.9023,1178.2632,2905.9722
FROM_STREAM_LEAKAGE,64,4,0.0,3500.0,1100.0,32569.148,3119.7043,36.521347,16.351604,0.0,0.0
FROM_STREAM_FLOW_OUT,64,4,0.0,173263.03,26465.953,813569400.0,120016430.0,2831840800.0,9009022000.0,0.0,0.0
FROM_ZONE_0,64,4,0.0,0.0,0.0,0.0,0.0,0.0,0.0,0.0,0.0
FROM_haweaflat,64,4,0.0,0.0,487.2303,151061.14,22313.1,0.0,0.0,0.0,0.0
FROM_moraine_top,64,4,0.0,167801.06,0.0,0.0,0.0,0.0,0.0,0.0,0.0
FROM_river_zone,64,4,0.0,12515.807,0.0,0.0,31156.303,0.0,42.296703,65.18684,0.0
FROM_main_terrace,64,4,0.0,885.6608,0.0,264.72516,0.0,6506.9126,67656.1,6237.795,0.0
FROM_sandy_point,64,4,0.0,0.0,0.0,0.0,1680.8307,0.0,44.890762,0.0,0.0
FROM_clutha,64,4,0.0,0.0,0.0,3.3350148,1771.0214,12.865153,0.0,936.5607,0.0
FROM_sub_terrace,64,4,0.0,0.0,0.0,75.81372,436.0848,0.0,7540.49,0.0,0.0
FROM_mangawera,64,4,0.0,0.0,0.0,3695.7788,0.0,0.0,0.0,0.0,0.0
TOTAL_IN,64,4,0.0,374205.0,194631.08,813762940.0,120100856.0,2831849200.0,9009099000.0,8495.86,3987.1812
TO_STORAGE,64,4,0.0,21684.021,25.56822,4504.9766,793.0387,0.0011133802,3.7470095,2.7336643,0.79987913
TO_CONSTANT_HEAD,64,4,0.0,0.0,0.0,0.0,0.0,0.0,0.0,0.0,0.0
TO_WELLS,64,4,0.0,5505.3066,0.0,0.0,445.89493,28.567646,0.0,440.7458,290.60635
TO_HEAD_DEP_BOUNDS,64,4,0.0,0.0,335.08057,0.0,0.0,0.0,0.0,0.0,0.0
TO_RECHARGE,64,4,0.0,0.0,0.0,0.0,0.0,0.0,0.0,0.0,0.0
TO_STREAM_LEAKAGE,64,4,0.0,0.0,0.0,145331.55,1632.9691,6696.3384,74816.39,0.0,0.0
TO_STREAM_FLOW_OUT,64,4,0.0,0.0,0.0,0.0,0.0,0.0,0.0,0.0,0.0
TO_ZONE_0,64,4,0.0,0.0,0.0,0.0,0.0,0.0,0.0,0.0,0.0
TO_haweaflat,64,4,0.0,0.0,167801.06,12515.807,885.6608,0.0,0.0,0.0,0.0
TO_moraine_top,64,4,0.0,487.2303,0.0,0.0,0.0,0.0,0.0,0.0,0.0
TO_river_zone,64,4,0.0,151061.14,0.0,0.0,264.72516,0.0,3.3350148,75.81372,3695.7788
TO_main_terrace,64,4,0.0,22313.1,0.0,31156.303,0.0,1680.8307,1771.0214,436.0848,0.0
TO_sandy_point,64,4,0.0,0.0,0.0,0.0,6506.9126,0.0,12.865153,0.0,0.0
TO_clutha,64,4,0.0,0.0,0.0,42.296703,67656.1,44.890762,0.0,7540.49,0.0
TO_sub_terrace,64,4,0.0,0.0,0.0,65.18684,6237.795,0.0,936.5607,0.0,0.0
TO_mangawera,64,4,0.0,0.0,0.0,0.0,0.0,0.0,0.0,0.0,0.0
TOTAL_OUT,64,4,0.0,201050.8,168161.72,193616.12,84423.1,8450.629,77543.93,8495.868,3987.185
IN-OUT,64,4,0.0,173154.2,26469.36,813569340.0,120016430.0,2831840800.0,9009021000.0,0.0078125,0.00390625
PERCENT_DISCREPANCY,64,4,,60.200764,14.591998,199.90485,199.71902,199.99881,199.99655,9.195651e-05,9.7970165e-05
FROM_STORAGE,65,4,0.0,105.7289,1501.2076,0.007931524,156.24355,0.0009728865,2.2813761,0.8005559,0.034678377
FROM_CONSTANT_HEAD,65,4,0.0,0.0,0.0,0.0,0.0,0.0,0.0,0.0,0.0
FROM_WELLS,65,4,0.0,4777.7715,18.260052,1438.9762,8504.589,0.0,0.0,77.06712,1081.1698
FROM_HEAD_DEP_BOUNDS,65,4,0.0,0.0,161116.7,0.0,0.0,0.0,0.0,0.0,0.0
FROM_RECHARGE,65,4,0.0,11435.957,1631.3204,4484.366,15251.537,1894.4105,2240.9023,1178.2632,2905.9722
FROM_STREAM_LEAKAGE,65,4,0.0,3500.0,1100.0,32558.27,3119.7043,36.521347,16.351604,0.0,0.0
FROM_STREAM_FLOW_OUT,65,4,0.0,173263.03,26465.953,813722240.0,120018930.0,2831841300.0,9009029000.0,0.0,0.0
FROM_ZONE_0,65,4,0.0,0.0,0.0,0.0,0.0,0.0,0.0,0.0,0.0
FROM_haweaflat,65,4,0.0,0.0,497.03152,151845.61,22429.969,0.0,0.0,0.0,0.0
FROM_moraine_top,65,4,0.0,165514.25,0.0,0.0,0.0,0.0,0.0,0.0,0.0
FROM_river_zone,65,4,0.0,12496.843,0.0,0.0,31151.168,0.0,42.296406,65.17416,0.0
FROM_main_terrace,65,4,0.0,886.8585,0.0,265.1698,0.0,6506.9126,67662.19,6239.2065,0.0
FROM_sandy_point,65,4,0.0,0.0,0.0,0.0,1680.8307,0.0,44.890762,0.0,0.0
FROM_clutha,65,4,0.0,0.0,0.0,3.3350034,1771.9542,12.865153,0.0,936.70984,0.0
FROM_sub_terrace,65,4,0.0,0.0,0.0,75.83424,435.80884,0.0,7541.2983,0.0,0.0
FROM_mangawera,65,4,0.0,0.0,0.0,3695.7957,0.0,0.0,0.0,0.0,0.0
TOTAL_IN,65,4,0.0,371980.44,192330.48,813916600.0,120103420.0,2831849700.0,9009106000.0,8497.222,3987.1768
TO_STORAGE,65,4,0.0,18533.285,1.7227151e-14,4065.509,866.0302,0.001114175,4.869817,3.5468023,0.77819
TO_CONSTANT_HEAD,65,4,0.0,0.0,0.0,0.0,0.0,0.0,0.0,0.0,0.0
TO_WELLS,65,4,0.0,5505.3066,0.0,0.0,445.89493,28.567646,0.0,440.7458,290.60635
TO_HEAD_DEP_BOUNDS,65,4,0.0,0.0,339.73145,0.0,0.0,0.0,0.0,0.0,0.0
TO_RECHARGE,65,4,0.0,0.0,0.0,0.0,0.0,0.0,0.0,0.0,0.0
TO_STREAM_LEAKAGE,65,4,0.0,0.0,0.0,146566.9,1633.0023,6696.3384,74820.57,0.0,0.0
TO_STREAM_FLOW_OUT,65,4,0.0,0.0,0.0,0.0,0.0,0.0,0.0,0.0,0.0
TO_ZONE_0,65,4,0.0,0.0,0.0,0.0,0.0,0.0,0.0,0.0,0.0
TO_haweaflat,65,4,0.0,0.0,165514.25,12496.843,886.8585,0.0,0.0,0.0,0.0
TO_moraine_top,65,4,0.0,497.03152,0.0,0.0,0.0,0.0,0.0,0.0,0.0
TO_river_zone,65,4,0.0,151845.61,0.0,0.0,265.1698,0.0,3.3350034,75.83424,3695.7957
TO_main_terrace,65,4,0.0,22429.969,0.0,31151.168,0.0,1680.8307,1771.9542,435.80884,0.0
TO_sandy_point,65,4,0.0,0.0,0.0,0.0,6506.9126,0.0,12.865153,0.0,0.0
TO_clutha,65,4,0.0,0.0,0.0,42.296406,67662.19,44.890762,0.0,7541.2983,0.0
TO_sub_terrace,65,4,0.0,0.0,0.0,65.17416,6239.2065,0.0,936.70984,0.0,0.0
TO_mangawera,65,4,0.0,0.0,0.0,0.0,0.0,0.0,0.0,0.0,0.0
TOTAL_OUT,65,4,0.0,198811.2,165853.98,194387.9,84505.26,8450.629,77550.305,8497.234,3987.1802
IN-OUT,65,4,0.0,173169.23,26476.5,813722240.0,120018920.0,2831841300.0,9009028000.0,0.0126953125,0.0034179688
PERCENT_DISCREPANCY,65,4,,60.67687,14.783723,199.90451,199.71877,199.99881,199.99655,0.00014940533,8.5723994e-05
FROM_STORAGE,66,4,0.0,320.7471,2386.1482,2.6636696,128.81735,0.00097261247,1.7793123,0.6485786,0.03123738
FROM_CONSTANT_HEAD,66,4,0.0,0.0,0.0,0.0,0.0,0.0,0.0,0.0,0.0
FROM_WELLS,66,4,0.0,4777.7715,18.260052,1438.9762,8504.589,0.0,0.0,77.06712,1081.1698
FROM_HEAD_DEP_BOUNDS,66,4,0.0,0.0,157325.38,0.0,0.0,0.0,0.0,0.0,0.0
FROM_RECHARGE,66,4,0.0,11435.957,1631.3204,4484.366,15251.537,1894.4105,2240.9023,1178.2632,2905.9722
FROM_STREAM_LEAKAGE,66,4,0.0,3500.0,1100.0,32547.035,3119.7043,36.521347,16.351604,0.0,0.0
FROM_STREAM_FLOW_OUT,66,4,0.0,173263.03,26465.953,813838400.0,120020820.0,2831841300.0,9009033000.0,0.0,0.0
FROM_ZONE_0,66,4,0.0,0.0,0.0,0.0,0.0,0.0,0.0,0.0,0.0
FROM_haweaflat,66,4,0.0,0.0,506.5835,152259.98,22537.178,0.0,0.0,0.0,0.0
FROM_moraine_top,66,4,0.0,162554.31,0.0,0.0,0.0,0.0,0.0,0.0,0.0
FROM_river_zone,66,4,0.0,12466.329,0.0,0.0,31145.09,0.0,42.296158,65.16082,0.0
FROM_main_terrace,66,4,0.0,888.04224,0.0,265.65433,0.0,6506.9126,67669.46,6240.7114,0.0
FROM_sandy_point,66,4,0.0,0.0,0.0,0.0,1680.8307,0.0,44.890762,0.0,0.0
FROM_clutha,66,4,0.0,0.0,0.0,3.3349946,1772.942,12.865153,0.0,936.87885,0.0
FROM_sub_terrace,66,4,0.0,0.0,0.0,75.859375,435.53647,0.0,7542.257,0.0,0.0
FROM_mangawera,66,4,0.0,0.0,0.0,3695.8247,0.0,0.0,0.0,0.0,0.0
TOTAL_IN,66,4,0.0,369206.2,189433.64,814033150.0,120105390.0,2831849700.0,9009110000.0,8498.7295,3987.1733
TO_STORAGE,66,4,0.0,15210.379,0.0,3561.4602,930.4488,0.0011145892,6.052678,4.34862,0.745602
TO_CONSTANT_HEAD,66,4,0.0,0.0,0.0,0.0,0.0,0.0,0.0,0.0,0.0
TO_WELLS,66,4,0.0,5505.3066,0.0,0.0,445.89493,28.567646,0.0,440.7458,290.60635
TO_HEAD_DEP_BOUNDS,66,4,0.0,0.0,397.01123,0.0,0.0,0.0,0.0,0.0,0.0
TO_RECHARGE,66,4,0.0,0.0,0.0,0.0,0.0,0.0,0.0,0.0,0.0
TO_STREAM_LEAKAGE,66,4,0.0,0.0,0.0,147511.53,1633.0355,6696.3384,74826.086,0.0,0.0
TO_STREAM_FLOW_OUT,66,4,0.0,0.0,0.0,0.0,0.0,0.0,0.0,0.0,0.0
TO_ZONE_0,66,4,0.0,0.0,0.0,0.0,0.0,0.0,0.0,0.0,0.0
TO_haweaflat,66,4,0.0,0.0,162554.31,12466.329,888.04224,0.0,0.0,0.0,0.0
TO_moraine_top,66,4,0.0,506.5835,0.0,0.0,0.0,0.0,0.0,0.0,0.0
TO_river_zone,66,4,0.0,152259.98,0.0,0.0,265.65433,0.0,3.3349946,75.859375,3695.8247
TO_main_terrace,66,4,0.0,22537.178,0.0,31145.09,0.0,1680.8307,1772.942,435.53647,0.0
TO_sandy_point,66,4,0.0,0.0,0.0,0.0,6506.9126,0.0,12.865153,0.0,0.0
TO_clutha,66,4,0.0,0.0,0.0,42.296158,67669.46,44.890762,0.0,7542.257,0.0
TO_sub_terrace,66,4,0.0,0.0,0.0,65.16082,6240.7114,0.0,936.87885,0.0,0.0
TO_mangawera,66,4,0.0,0.0,0.0,0.0,0.0,0.0,0.0,0.0,0.0
TOTAL_OUT,66,4,0.0,196019.42,162951.33,194791.86,84580.164,8450.629,77558.164,8498.747,3987.1768
IN-OUT,66,4,0.0,173186.77,26482.312,813838340.0,120020810.0,2831841300.0,9009032000.0,0.017578125,0.0034179688
PERCENT_DISCREPANCY,66,4,,61.280575,15.030331,199.9043,199.7185,199.99881,199.99654,0.00020683218,8.5724074e-05
FROM_STORAGE,67,4,0.0,1382.7207,3188.647,38.25268,104.91973,0.0009718769,1.358368,0.5241905,0.028528461
FROM_CONSTANT_HEAD,67,4,0.0,0.0,0.0,0.0,0.0,0.0,0.0,0.0,0.0
FROM_WELLS,67,4,0.0,4777.7715,18.260052,1438.9762,8504.589,0.0,0.0,77.06712,1081.1698
FROM_HEAD_DEP_BOUNDS,67,4,0.0,0.0,152991.56,0.0,0.0,0.0,0.0,0.0,0.0
FROM_RECHARGE,67,4,0.0,11435.957,1631.3204,4484.366,15251.537,1894.4105,2240.9023,1178.2632,2905.9722
FROM_STREAM_LEAKAGE,67,4,0.0,3500.0,1100.0,32536.3,3119.7043,36.521347,16.351604,0.0,0.0
FROM_STREAM_FLOW_OUT,67,4,0.0,173263.03,26465.953,813915800.0,120022130.0,2831841800.0,9009038000.0,0.0,0.0
FROM_ZONE_0,67,4,0.0,0.0,0.0,0.0,0.0,0.0,0.0,0.0,0.0
FROM_haweaflat,67,4,0.0,0.0,515.87854,152287.44,22632.81,0.0,0.0,0.0,0.0
FROM_moraine_top,67,4,0.0,158949.3,0.0,0.0,0.0,0.0,0.0,0.0,0.0
FROM_river_zone,67,4,0.0,12424.354,0.0,0.0,31138.17,0.0,42.29598,65.14706,0.0
FROM_main_terrace,67,4,0.0,889.1924,0.0,266.1707,0.0,6506.9126,67677.8,6242.283,0.0
FROM_sandy_point,67,4,0.0,0.0,0.0,0.0,1680.8307,0.0,44.890762,0.0,0.0
FROM_clutha,67,4,0.0,0.0,0.0,3.3349826,1773.9681,12.865153,0.0,937.0652,0.0
FROM_sub_terrace,67,4,0.0,0.0,0.0,75.8887,435.27234,0.0,7543.3496,0.0,0.0
FROM_mangawera,67,4,0.0,0.0,0.0,3695.8655,0.0,0.0,0.0,0.0,0.0
TOTAL_IN,67,4,0.0,366622.3,185911.62,814110600.0,120106770.0,2831850200.0,9009115000.0,8500.35,3987.1704
TO_STORAGE,67,4,0.0,12475.248,8.087941e-05,3026.1423,984.8224,0.0011156668,7.2533307,5.1152987,0.70192176
TO_CONSTANT_HEAD,67,4,0.0,0.0,0.0,0.0,0.0,0.0,0.0,0.0,0.0
TO_WELLS,67,4,0.0,5505.3066,0.0,0.0,445.89493,28.567646,0.0,440.7458,290.60635
TO_HEAD_DEP_BOUNDS,67,4,0.0,0.0,474.94824,0.0,0.0,0.0,0.0,0.0,0.0
TO_RECHARGE,67,4,0.0,0.0,0.0,0.0,0.0,0.0,0.0,0.0,0.0
TO_STREAM_LEAKAGE,67,4,0.0,0.0,0.0,148145.7,1633.0687,6696.3384,74832.59,0.0,0.0
TO_STREAM_FLOW_OUT,67,4,0.0,0.0,0.0,0.0,0.0,0.0,0.0,0.0,0.0
TO_ZONE_0,67,4,0.0,0.0,0.0,0.0,0.0,0.0,0.0,0.0,0.0
TO_haweaflat,67,4,0.0,0.0,158949.3,12424.354,889.1924,0.0,0.0,0.0,0.0
TO_moraine_top,67,4,0.0,515.87854,0.0,0.0,0.0,0.0,0.0,0.0,0.0
TO_river_zone,67,4,0.0,152287.44,0.0,0.0,266.1707,0.0,3.3349826,75.8887,3695.8655
TO_main_terrace,67,4,0.0,22632.81,0.0,31138.17,0.0,1680.8307,1773.9681,435.27234,0.0
TO_sandy_point,67,4,0.0,0.0,0.0,0.0,6506.9126,0.0,12.865153,0.0,0.0
TO_clutha,67,4,0.0,0.0,0.0,42.29598,67677.8,44.890762,0.0,7543.3496,0.0
TO_sub_terrace,67,4,0.0,0.0,0.0,65.14706,6242.283,0.0,937.0652,0.0,0.0
TO_mangawera,67,4,0.0,0.0,0.0,0.0,0.0,0.0,0.0,0.0,0.0
TOTAL_OUT,67,4,0.0,193416.69,159424.25,194841.81,84646.14,8450.629,77567.08,8500.372,3987.1738
IN-OUT,67,4,0.0,173205.62,26487.375,813915800.0,120022120.0,2831841800.0,9009037000.0,0.022460938,0.0034179688
PERCENT_DISCREPANCY,67,4,,61.854843,15.340066,199.9043,199.71829,199.9988,199.99655,0.0002642351,8.572413e-05
FROM_STORAGE,68,4,0.0,3192.7058,3959.5298,136.23993,83.28193,0.00097149075,0.9990591,0.42268616,0.026331851
FROM_CONSTANT_HEAD,68,4,0.0,0.0,0.0,0.0,0.0,0.0,0.0,0.0,0.0
FROM_WELLS,68,4,0.0,4777.7715,18.260052,1438.9762,8504.589,0.0,0.0,77.06712,1081.1698
FROM_HEAD_DEP_BOUNDS,68,4,0.0,0.0,148190.55,0.0,0.0,0.0,0.0,0.0,0.0
FROM_RECHARGE,68,4,0.0,11435.957,1631.3204,4484.366,15251.537,1894.4105,2240.9023,1178.2632,2905.9722
FROM_STREAM_LEAKAGE,68,4,0.0,3500.0,1100.0,32525.871,3119.7043,36.521347,16.351604,0.0,0.0
FROM_STREAM_FLOW_OUT,68,4,0.0,173263.03,26465.953,813952300.0,120022770.0,2831842300.0,9009041000.0,0.0,0.0
FROM_ZONE_0,68,4,0.0,0.0,0.0,0.0,0.0,0.0,0.0,0.0,0.0
FROM_haweaflat,68,4,0.0,0.0,525.3185,151926.75,22715.123,0.0,0.0,0.0,0.0
FROM_moraine_top,68,4,0.0,154854.02,0.0,0.0,0.0,0.0,0.0,0.0,0.0
FROM_river_zone,68,4,0.0,12371.358,0.0,0.0,31130.525,0.0,42.295822,65.13305,0.0
FROM_main_terrace,68,4,0.0,890.2886,0.0,266.70972,0.0,6506.9126,67687.055,6243.895,0.0
FROM_sandy_point,68,4,0.0,0.0,0.0,0.0,1680.8307,0.0,44.890762,0.0,0.0
FROM_clutha,68,4,0.0,0.0,0.0,3.3349736,1775.0161,12.865153,0.0,937.2654,0.0
FROM_sub_terrace,68,4,0.0,0.0,0.0,75.92169,435.02115,0.0,7544.558,0.0,0.0
FROM_mangawera,68,4,0.0,0.0,0.0,3695.9175,0.0,0.0,0.0,0.0,0.0
TOTAL_IN,68,4,0.0,364285.12,181890.94,814146900.0,120107460.0,2831850800.0,9009118000.0,8502.047,3987.1685
TO_STORAGE,68,4,0.0,10351.525,0.0027019284,2489.358,1022.00604,0.0011159732,8.390485,5.801256,0.64439523
TO_CONSTANT_HEAD,68,4,0.0,0.0,0.0,0.0,0.0,0.0,0.0,0.0,0.0
TO_WELLS,68,4,0.0,5505.3066,0.0,0.0,445.89493,28.567646,0.0,440.7458,290.60635
TO_HEAD_DEP_BOUNDS,68,4,0.0,0.0,569.63086,0.0,0.0,0.0,0.0,0.0,0.0
TO_RECHARGE,68,4,0.0,0.0,0.0,0.0,0.0,0.0,0.0,0.0,0.0
TO_STREAM_LEAKAGE,68,4,0.0,0.0,0.0,148456.11,1633.1019,6696.3384,74840.266,0.0,0.0
TO_STREAM_FLOW_OUT,68,4,0.0,0.0,0.0,0.0,0.0,0.0,0.0,0.0,0.0
TO_ZONE_0,68,4,0.0,0.0,0.0,0.0,0.0,0.0,0.0,0.0,0.0
TO_haweaflat,68,4,0.0,0.0,154854.02,12371.358,890.2886,0.0,0.0,0.0,0.0
TO_moraine_top,68,4,0.0,525.3185,0.0,0.0,0.0,0.0,0.0,0.0,0.0
TO_river_zone,68,4,0.0,151926.75,0.0,0.0,266.70972,0.0,3.3349736,75.92169,3695.9175
TO_main_terrace,68,4,0.0,22715.123,0.0,31130.525,0.0,1680.8307,1775.0161,435.02115,0.0
TO_sandy_point,68,4,0.0,0.0,0.0,0.0,6506.9126,0.0,12.865153,0.0,0.0
TO_clutha,68,4,0.0,0.0,0.0,42.295822,67687.055,44.890762,0.0,7544.558,0.0
TO_sub_terrace,68,4,0.0,0.0,0.0,65.13305,6243.895,0.0,937.2654,0.0,0.0
TO_mangawera,68,4,0.0,0.0,0.0,0.0,0.0,0.0,0.0,0.0,0.0
TOTAL_OUT,68,4,0.0,191024.03,155423.66,194554.8,84695.87,8450.629,77577.14,8502.048,3987.1682
IN-OUT,68,4,0.0,173261.1,26467.281,813952300.0,120022760.0,2831842300.0,9009040000.0,0.0009765625,0.00024414062
PERCENT_DISCREPANCY,68,4,,62.401676,15.692935,199.90442,199.71814,199.99881,199.99655,1.1486205e-05,6.123158e-06
FROM_STORAGE,69,4,0.0,5426.971,4847.8604,248.91273,65.37788,0.0009707603,0.7017857,0.3441117,0.024427332
FROM_CONSTANT_HEAD,69,4,0.0,0.0,0.0,0.0,0.0,0.0,0.0,0.0,0.0
FROM_WELLS,69,4,0.0,4777.7715,18.260052,1438.9762,8504.589,0.0,0.0,77.06712,1081.1698
FROM_HEAD_DEP_BOUNDS,69,4,0.0,0.0,143073.66,0.0,0.0,0.0,0.0,0.0,0.0
FROM_RECHARGE,69,4,0.0,11435.957,1631.3204,4484.366,15251.537,1894.4105,2240.9023,1178.2632,2905.9722
FROM_STREAM_LEAKAGE,69,4,0.0,3500.0,1100.0,32515.363,3119.7043,36.521347,16.351604,0.0,0.0
FROM_STREAM_FLOW_OUT,69,4,0.0,173263.03,26465.953,813949700.0,120022776.0,2831842600.0,9009041000.0,0.0,0.0
FROM_ZONE_0,69,4,0.0,0.0,0.0,0.0,0.0,0.0,0.0,0.0,0.0
FROM_haweaflat,69,4,0.0,0.0,534.0028,151252.12,22783.414,0.0,0.0,0.0,0.0
FROM_moraine_top,69,4,0.0,150542.12,0.0,0.0,0.0,0.0,0.0,0.0,0.0
FROM_river_zone,69,4,0.0,12309.963,0.0,0.0,31122.281,0.0,42.29567,65.11908,0.0
FROM_main_terrace,69,4,0.0,891.3163,0.0,267.2635,0.0,6506.9126,67697.09,6245.523,0.0
FROM_sandy_point,69,4,0.0,0.0,0.0,0.0,1680.8307,0.0,44.890762,0.0,0.0
FROM_clutha,69,4,0.0,0.0,0.0,3.3349671,1776.0702,12.865153,0.0,937.4763,0.0
FROM_sub_terrace,69,4,0.0,0.0,0.0,75.957794,434.78635,0.0,7545.8623,0.0,0.0
FROM_mangawera,69,4,0.0,0.0,0.0,3695.98,0.0,0.0,0.0,0.0,0.0
TOTAL_IN,69,4,0.0,362147.16,177671.06,814143600.0,120107510.0,2831851000.0,9009118000.0,8503.793,3987.1665
TO_STORAGE,69,4,0.0,8810.289,0.0,1986.7943,1051.6842,0.0011169765,9.503858,6.4422655,0.58037406
TO_CONSTANT_HEAD,69,4,0.0,0.0,0.0,0.0,0.0,0.0,0.0,0.0,0.0
TO_WELLS,69,4,0.0,5505.3066,0.0,0.0,445.89493,28.567646,0.0,440.7458,290.60635
TO_HEAD_DEP_BOUNDS,69,4,0.0,0.0,661.437,0.0,0.0,0.0,0.0,0.0,0.0
TO_RECHARGE,69,4,0.0,0.0,0.0,0.0,0.0,0.0,0.0,0.0,0.0
TO_STREAM_LEAKAGE,69,4,0.0,0.0,0.0,148456.5,1633.1351,6696.3384,74849.0,0.0,0.0
TO_STREAM_FLOW_OUT,69,4,0.0,0.0,0.0,0.0,0.0,0.0,0.0,0.0,0.0
TO_ZONE_0,69,4,0.0,0.0,0.0,0.0,0.0,0.0,0.0,0.0,0.0
TO_haweaflat,69,4,0.0,0.0,150542.12,12309.963,891.3163,0.0,0.0,0.0,0.0
TO_moraine_top,69,4,0.0,534.0028,0.0,0.0,0.0,0.0,0.0,0.0,0.0
TO_river_zone,69,4,0.0,151252.12,0.0,0.0,267.2635,0.0,3.3349671,75.957794,3695.98
TO_main_terrace,69,4,0.0,22783.414,0.0,31122.281,0.0,1680.8307,1776.0702,434.78635,0.0
TO_sandy_point,69,4,0.0,0.0,0.0,0.0,6506.9126,0.0,12.865153,0.0,0.0
TO_clutha,69,4,0.0,0.0,0.0,42.29567,67697.09,44.890762,0.0,7545.8623,0.0
TO_sub_terrace,69,4,0.0,0.0,0.0,65.11908,6245.523,0.0,937.4763,0.0,0.0
TO_mangawera,69,4,0.0,0.0,0.0,0.0,0.0,0.0,0.0,0.0,0.0
TOTAL_OUT,69,4,0.0,188885.12,151203.56,193982.97,84738.82,8450.629,77588.25,8503.795,3987.1667
IN-OUT,69,4,0.0,173262.03,26467.5,813949630.0,120022776.0,2831842600.0,9009040000.0,0.001953125,0.00024414062
PERCENT_DISCREPANCY,69,4,,62.886353,16.095798,199.90472,199.718,199.99881,199.99655,2.296769e-05,6.123161e-06
FROM_STORAGE,70,4,0.0,7675.761,5852.867,335.94183,50.176136,0.0009699754,0.46269226,0.27957377,0.022663161
FROM_CONSTANT_HEAD,70,4,0.0,0.0,0.0,0.0,0.0,0.0,0.0,0.0,0.0
FROM_WELLS,70,4,0.0,4777.7715,18.260052,1438.9762,8504.589,0.0,0.0,77.06712,1081.1698
FROM_HEAD_DEP_BOUNDS,70,4,0.0,0.0,137878.84,0.0,0.0,0.0,0.0,0.0,0.0
FROM_RECHARGE,70,4,0.0,11435.957,1631.3204,4484.366,15251.537,1894.4105,2240.9023,1178.2632,2905.9722
FROM_STREAM_LEAKAGE,70,4,0.0,3500.0,1100.0,32505.47,3119.7043,36.521347,16.351604,0.0,0.0
FROM_STREAM_FLOW_OUT,70,4,0.0,173263.03,26465.953,813916800.0,120022300.0,2831843000.0,9009041000.0,0.0,0.0
FROM_ZONE_0,70,4,0.0,0.0,0.0,0.0,0.0,0.0,0.0,0.0,0.0
FROM_haweaflat,70,4,0.0,0.0,541.8009,150419.97,22838.293,0.0,0.0,0.0,0.0
FROM_moraine_top,70,4,0.0,146274.75,0.0,0.0,0.0,0.0,0.0,0.0,0.0
FROM_river_zone,70,4,0.0,12246.479,0.0,0.0,31113.6,0.0,42.29563,65.10526,0.0
FROM_main_terrace,70,4,0.0,892.8775,0.0,267.8221,0.0,6506.9126,67707.734,6247.138,0.0
FROM_sandy_point,70,4,0.0,0.0,0.0,0.0,1680.8307,0.0,44.890762,0.0,0.0
FROM_clutha,70,4,0.0,0.0,0.0,3.3349583,1777.1115,12.865153,0.0,937.6945,0.0
FROM_sub_terrace,70,4,0.0,0.0,0.0,75.99646,434.57166,0.0,7547.24,0.0,0.0
FROM_mangawera,70,4,0.0,0.0,0.0,3696.0476,0.0,0.0,0.0,0.0,0.0
TOTAL_IN,70,4,0.0,360066.6,173489.05,814110000.0,120107070.0,2831851500.0,9009118000.0,8505.548,3987.1646
TO_STORAGE,70,4,0.0,7498.4946,0.00012690629,1548.6926,1069.1202,0.001118005,10.538763,6.9964776,0.5104548
TO_CONSTANT_HEAD,70,4,0.0,0.0,0.0,0.0,0.0,0.0,0.0,0.0,0.0
TO_WELLS,70,4,0.0,5505.3066,0.0,0.0,445.89493,28.567646,0.0,440.7458,290.60635
TO_HEAD_DEP_BOUNDS,70,4,0.0,0.0,746.44336,0.0,0.0,0.0,0.0,0.0,0.0
TO_RECHARGE,70,4,0.0,0.0,0.0,0.0,0.0,0.0,0.0,0.0,0.0
TO_STREAM_LEAKAGE,70,4,0.0,0.0,0.0,148212.1,1633.1683,6696.3384,74858.39,0.0,0.0
TO_STREAM_FLOW_OUT,70,4,0.0,0.0,0.0,0.0,0.0,0.0,0.0,0.0,0.0
TO_ZONE_0,70,4,0.0,0.0,0.0,0.0,0.0,0.0,0.0,0.0,0.0
TO_haweaflat,70,4,0.0,0.0,146274.75,12246.479,892.8775,0.0,0.0,0.0,0.0
TO_moraine_top,70,4,0.0,541.8009,0.0,0.0,0.0,0.0,0.0,0.0,0.0
TO_river_zone,70,4,0.0,150419.97,0.0,0.0,267.8221,0.0,3.3349583,75.99646,3696.0476
TO_main_terrace,70,4,0.0,22838.293,0.0,31113.6,0.0,1680.8307,1777.1115,434.57166,0.0
TO_sandy_point,70,4,0.0,0.0,0.0,0.0,6506.9126,0.0,12.865153,0.0,0.0
TO_clutha,70,4,0.0,0.0,0.0,42.29563,67707.734,44.890762,0.0,7547.24,0.0
TO_sub_terrace,70,4,0.0,0.0,0.0,65.10526,6247.138,0.0,937.6945,0.0,0.0
TO_mangawera,70,4,0.0,0.0,0.0,0.0,0.0,0.0,0.0,0.0,0.0
TOTAL_OUT,70,4,0.0,186803.86,147021.19,193228.27,84770.67,8450.629,77599.94,8505.551,3987.1646
IN-OUT,70,4,0.0,173262.73,26467.86,813916800.0,120022300.0,2831843000.0,9009040000.0,0.0029296875,0.0
PERCENT_DISCREPANCY,70,4,,63.36519,16.516077,199.90509,199.7179,199.9988,199.99655,3.4444427e-05,0.0
FROM_STORAGE,71,4,0.0,10272.169,6398.436,562.63794,37.907276,0.00096895266,0.27277434,0.22662105,0.020855544
FROM_CONSTANT_HEAD,71,4,0.0,0.0,0.0,0.0,0.0,0.0,0.0,0.0,0.0
FROM_WELLS,71,4,0.0,4777.7715,18.260052,1438.9762,8504.589,0.0,0.0,77.06712,1081.1698
FROM_HEAD_DEP_BOUNDS,71,4,0.0,0.0,132641.83,0.0,0.0,0.0,0.0,0.0,0.0
FROM_RECHARGE,71,4,0.0,11435.957,1631.3204,4484.366,15251.537,1894.4105,2240.9023,1178.2632,2905.9722
FROM_STREAM_LEAKAGE,71,4,0.0,3500.0,1100.0,32495.078,3119.7043,36.521347,16.351604,0.0,0.0
FROM_STREAM_FLOW_OUT,71,4,0.0,173263.03,26465.953,813854600.0,120021340.0,2831843300.0,9009040000.0,0.0,0.0
FROM_ZONE_0,71,4,0.0,0.0,0.0,0.0,0.0,0.0,0.0,0.0,0.0
FROM_haweaflat,71,4,0.0,0.0,548.40796,149274.8,22880.41,0.0,0.0,0.0,0.0
FROM_moraine_top,71,4,0.0,141475.19,0.0,0.0,0.0,0.0,0.0,0.0,0.0
FROM_river_zone,71,4,0.0,12179.579,0.0,0.0,31104.258,0.0,42.29562,65.09187,0.0
FROM_main_terrace,71,4,0.0,894.5667,0.0,268.3796,0.0,6506.9126,67718.88,6248.725,0.0
FROM_sandy_point,71,4,0.0,0.0,0.0,0.0,1680.8307,0.0,44.890762,0.0,0.0
FROM_clutha,71,4,0.0,0.0,0.0,3.3349516,1778.1309,12.865153,0.0,937.9177,0.0
FROM_sub_terrace,71,4,0.0,0.0,0.0,76.03723,434.3797,0.0,7548.6777,0.0,0.0
FROM_mangawera,71,4,0.0,0.0,0.0,3696.1196,0.0,0.0,0.0,0.0,0.0
TOTAL_IN,71,4,0.0,357798.28,168804.22,814046850.0,120106130.0,2831851800.0,9009117000.0,8507.292,3987.1628
TO_STORAGE,71,4,0.0,6308.81,0.0013675974,1183.6749,1080.3893,0.0011193284,11.52667,7.488387,0.43888363
TO_CONSTANT_HEAD,71,4,0.0,0.0,0.0,0.0,0.0,0.0,0.0,0.0,0.0
TO_WELLS,71,4,0.0,5505.3066,0.0,0.0,445.89493,28.567646,0.0,440.7458,290.60635
TO_HEAD_DEP_BOUNDS,71,4,0.0,0.0,821.87305,0.0,0.0,0.0,0.0,0.0,0.0
TO_RECHARGE,71,4,0.0,0.0,0.0,0.0,0.0,0.0,0.0,0.0,0.0
TO_STREAM_LEAKAGE,71,4,0.0,0.0,0.0,147728.8,1633.1683,6696.3384,74868.586,0.0,0.0
TO_STREAM_FLOW_OUT,71,4,0.0,0.0,0.0,0.0,0.0,0.0,0.0,0.0,0.0
TO_ZONE_0,71,4,0.0,0.0,0.0,0.0,0.0,0.0,0.0,0.0,0.0
TO_haweaflat,71,4,0.0,0.0,141475.19,12179.579,894.5667,0.0,0.0,0.0,0.0
TO_moraine_top,71,4,0.0,548.40796,0.0,0.0,0.0,0.0,0.0,0.0,0.0
TO_river_zone,71,4,0.0,149274.8,0.0,0.0,268.3796,0.0,3.3349516,76.03723,3696.1196
TO_main_terrace,71,4,0.0,22880.41,0.0,31104.258,0.0,1680.8307,1778.1309,434.3797,0.0
TO_sandy_point,71,4,0.0,0.0,0.0,0.0,6506.9126,0.0,12.865153,0.0,0.0
TO_clutha,71,4,0.0,0.0,0.0,42.29562,67718.88,44.890762,0.0,7548.6777,0.0
TO_sub_terrace,71,4,0.0,0.0,0.0,65.09187,6248.725,0.0,937.9177,0.0,0.0
TO_mangawera,71,4,0.0,0.0,0.0,0.0,0.0,0.0,0.0,0.0,0.0
TOTAL_OUT,71,4,0.0,184517.73,142297.06,192303.7,84796.92,8450.629,77612.36,8507.329,3987.1648
IN-OUT,71,4,0.0,173280.55,26507.156,813854500.0,120021330.0,2831843300.0,9009039000.0,0.037109375,0.001953125
PERCENT_DISCREPANCY,71,4,,63.9039,17.040852,199.90553,199.71779,199.99881,199.99654,0.0004362057,4.8985323e-05
FROM_STORAGE,72,4,0.0,13222.35,6357.9077,970.0352,27.08224,0.00096791924,0.12760274,0.18364461,0.0223786
FROM_CONSTANT_HEAD,72,4,0.0,0.0,0.0,0.0,0.0,0.0,0.0,0.0,0.0
FROM_WELLS,72,4,0.0,4777.7715,18.260052,1438.9762,8504.589,0.0,0.0,77.06712,1081.1698
FROM_HEAD_DEP_BOUNDS,72,4,0.0,0.0,127118.71,0.0,0.0,0.0,0.0,0.0,0.0
FROM_RECHARGE,72,4,0.0,11435.957,1631.3204,4484.366,15251.537,1894.4105,2240.9023,1178.2632,2905.9722
FROM_STREAM_LEAKAGE,72,4,0.0,3500.0,1100.0,32485.105,3119.7043,36.521347,16.351604,0.0,0.0
FROM_STREAM_FLOW_OUT,72,4,0.0,173263.03,26465.953,813752060.0,120019770.0,2831843800.0,9009037000.0,0.0,0.0
FROM_ZONE_0,72,4,0.0,0.0,0.0,0.0,0.0,0.0,0.0,0.0,0.0
FROM_haweaflat,72,4,0.0,0.0,553.94855,147684.66,22905.742,0.0,0.0,0.0,0.0
FROM_moraine_top,72,4,0.0,135876.45,0.0,0.0,0.0,0.0,0.0,0.0,0.0
FROM_river_zone,72,4,0.0,12102.928,0.0,0.0,31094.648,0.0,42.295597,65.079094,0.0
FROM_main_terrace,72,4,0.0,896.1073,0.0,268.92337,0.0,6506.9126,67730.28,6250.2456,0.0
FROM_sandy_point,72,4,0.0,0.0,0.0,0.0,1680.8307,0.0,44.890762,0.0,0.0
FROM_clutha,72,4,0.0,0.0,0.0,3.3349478,1779.104,12.865153,0.0,938.1408,0.0
FROM_sub_terrace,72,4,0.0,0.0,0.0,76.07923,434.21555,0.0,7550.1416,0.0,0.0
FROM_mangawera,72,4,0.0,0.0,0.0,3696.1978,0.0,0.0,0.0,0.0,0.0
TOTAL_IN,72,4,0.0,355074.6,163246.11,813943200.0,120104560.0,2831852300.0,9009114000.0,8508.9795,3987.1643
TO_STORAGE,72,4,0.0,5160.025,0.005890746,877.319,1066.1387,0.0011206919,12.276067,7.799525,0.3599684
TO_CONSTANT_HEAD,72,4,0.0,0.0,0.0,0.0,0.0,0.0,0.0,0.0,0.0
TO_WELLS,72,4,0.0,5505.3066,0.0,0.0,445.89493,28.567646,0.0,440.7458,290.60635
TO_HEAD_DEP_BOUNDS,72,4,0.0,0.0,901.56006,0.0,0.0,0.0,0.0,0.0,0.0
TO_RECHARGE,72,4,0.0,0.0,0.0,0.0,0.0,0.0,0.0,0.0,0.0
TO_STREAM_LEAKAGE,72,4,0.0,0.0,0.0,146925.88,1633.2015,6696.3384,74879.34,0.0,0.0
TO_STREAM_FLOW_OUT,72,4,0.0,0.0,0.0,0.0,0.0,0.0,0.0,0.0,0.0
TO_ZONE_0,72,4,0.0,0.0,0.0,0.0,0.0,0.0,0.0,0.0,0.0
TO_haweaflat,72,4,0.0,0.0,135876.45,12102.928,896.1073,0.0,0.0,0.0,0.0
TO_moraine_top,72,4,0.0,553.94855,0.0,0.0,0.0,0.0,0.0,0.0,0.0
TO_river_zone,72,4,0.0,147684.66,0.0,0.0,268.92337,0.0,3.3349478,76.07923,3696.1978
TO_main_terrace,72,4,0.0,22905.742,0.0,31094.648,0.0,1680.8307,1779.104,434.21555,0.0
TO_sandy_point,72,4,0.0,0.0,0.0,0.0,6506.9126,0.0,12.865153,0.0,0.0
TO_clutha,72,4,0.0,0.0,0.0,42.295597,67730.28,44.890762,0.0,7550.1416,0.0
TO_sub_terrace,72,4,0.0,0.0,0.0,65.079094,6250.2456,0.0,938.1408,0.0,0.0
TO_mangawera,72,4,0.0,0.0,0.0,0.0,0.0,0.0,0.0,0.0,0.0
TOTAL_OUT,72,4,0.0,181809.69,136778.02,191108.12,84797.7,8450.629,77625.06,8508.981,3987.164
IN-OUT,72,4,0.0,173264.9,26468.094,813752060.0,120019760.0,2831843800.0,9009036000.0,0.001953125,0.00024414062
PERCENT_DISCREPANCY,72,4,,64.5446,17.643978,199.90611,199.71779,199.99881,199.99654,2.295369e-05,6.123165e-06
FROM_STORAGE,73,4,0.0,16069.977,6433.306,1502.5945,19.143375,0.00096722634,0.0431202,0.14869215,0.059015837
FROM_CONSTANT_HEAD,73,4,0.0,0.0,0.0,0.0,0.0,0.0,0.0,0.0,0.0
FROM_WELLS,73,4,0.0,4777.7715,18.260052,1438.9762,8504.589,0.0,0.0,77.06712,1081.1698
FROM_HEAD_DEP_BOUNDS,73,4,0.0,0.0,121356.59,0.0,0.0,0.0,0.0,0.0,0.0
FROM_RECHARGE,73,4,0.0,11435.957,1631.3204,4484.366,15251.537,1894.4105,2240.9023,1178.2632,2905.9722
FROM_STREAM_LEAKAGE,73,4,0.0,3500.0,1100.0,32476.484,3119.7043,36.521347,16.351604,0.0,0.0
FROM_STREAM_FLOW_OUT,73,4,0.0,173263.03,26465.953,813604160.0,120017460.0,2831844400.0,9009033000.0,0.0,0.0
FROM_ZONE_0,73,4,0.0,0.0,0.0,0.0,0.0,0.0,0.0,0.0,0.0
FROM_haweaflat,73,4,0.0,0.0,558.1531,145652.58,22912.893,0.0,0.0,0.0,0.0
FROM_moraine_top,73,4,0.0,130125.08,0.0,0.0,0.0,0.0,0.0,0.0,0.0
FROM_river_zone,73,4,0.0,12014.414,0.0,0.0,31085.043,0.0,42.29564,65.06726,0.0
FROM_main_terrace,73,4,0.0,897.47327,0.0,269.44556,0.0,6506.9126,67741.734,6251.6797,0.0
FROM_sandy_point,73,4,0.0,0.0,0.0,0.0,1680.8307,0.0,44.890762,0.0,0.0
FROM_clutha,73,4,0.0,0.0,0.0,3.3349445,1780.0165,12.865153,0.0,938.3601,0.0
FROM_sub_terrace,73,4,0.0,0.0,0.0,76.12165,434.0799,0.0,7551.6094,0.0,0.0
FROM_mangawera,73,4,0.0,0.0,0.0,3696.286,0.0,0.0,0.0,0.0,0.0
TOTAL_IN,73,4,0.0,352083.7,157563.6,813793700.0,120102250.0,2831852800.0,9009110000.0,8510.586,3987.201
TO_STORAGE,73,4,0.0,4188.8164,0.0032086617,631.6086,1041.7113,0.001121717,12.95168,8.03114,0.308625
TO_CONSTANT_HEAD,73,4,0.0,0.0,0.0,0.0,0.0,0.0,0.0,0.0,0.0
TO_WELLS,73,4,0.0,5505.3066,0.0,0.0,445.89493,28.567646,0.0,440.7458,290.60635
TO_HEAD_DEP_BOUNDS,73,4,0.0,0.0,970.6128,0.0,0.0,0.0,0.0,0.0,0.0
TO_RECHARGE,73,4,0.0,0.0,0.0,0.0,0.0,0.0,0.0,0.0,0.0
TO_STREAM_LEAKAGE,73,4,0.0,0.0,0.0,145761.7,1633.2347,6696.3384,74890.4,0.0,0.0
TO_STREAM_FLOW_OUT,73,4,0.0,0.0,0.0,0.0,0.0,0.0,0.0,0.0,0.0
TO_ZONE_0,73,4,0.0,0.0,0.0,0.0,0.0,0.0,0.0,0.0,0.0
TO_haweaflat,73,4,0.0,0.0,130125.08,12014.414,897.47327,0.0,0.0,0.0,0.0
TO_moraine_top,73,4,0.0,558.1531,0.0,0.0,0.0,0.0,0.0,0.0,0.0
TO_river_zone,73,4,0.0,145652.58,0.0,0.0,269.44556,0.0,3.3349445,76.12165,3696.286
TO_main_terrace,73,4,0.0,22912.893,0.0,31085.043,0.0,1680.8307,1780.0165,434.0799,0.0
TO_sandy_point,73,4,0.0,0.0,0.0,0.0,6506.9126,0.0,12.865153,0.0,0.0
TO_clutha,73,4,0.0,0.0,0.0,42.29564,67741.734,44.890762,0.0,7551.6094,0.0
TO_sub_terrace,73,4,0.0,0.0,0.0,65.06726,6251.6797,0.0,938.3601,0.0,0.0
TO_mangawera,73,4,0.0,0.0,0.0,0.0,0.0,0.0,0.0,0.0,0.0
TOTAL_OUT,73,4,0.0,178817.75,131095.69,189600.12,84788.086,8450.629,77637.93,8510.588,3987.201
IN-OUT,73,4,0.0,173265.94,26467.906,813604100.0,120017460.0,2831844400.0,9009032000.0,0.001953125,0.0
PERCENT_DISCREPANCY,73,4,,65.272354,18.33851,199.90681,199.7178,199.99881,199.99654,2.2949358e-05,0.0
FROM_STORAGE,74,4,0.0,18805.531,6469.6387,2043.1632,13.438977,0.0009659393,0.029857378,0.119896464,0.11955536
FROM_CONSTANT_HEAD,74,4,0.0,0.0,0.0,0.0,0.0,0.0,0.0,0.0,0.0
FROM_WELLS,74,4,0.0,4777.7715,18.260052,1438.9762,8504.589,0.0,0.0,77.06712,1081.1698
FROM_HEAD_DEP_BOUNDS,74,4,0.0,0.0,115582.76,0.0,0.0,0.0,0.0,0.0,0.0
FROM_RECHARGE,74,4,0.0,11435.957,1631.3204,4484.366,15251.537,1894.4105,2240.9023,1178.2632,2905.9722
FROM_STREAM_LEAKAGE,74,4,0.0,3500.0,1100.0,32468.398,3119.7043,36.521347,16.351604,0.0,0.0
FROM_STREAM_FLOW_OUT,74,4,0.0,173263.03,26465.953,813416700.0,120014550.0,2831845600.0,9009029000.0,0.0,0.0
FROM_ZONE_0,74,4,0.0,0.0,0.0,0.0,0.0,0.0,0.0,0.0,0.0
FROM_haweaflat,74,4,0.0,0.0,560.92737,143335.02,22901.781,0.0,0.0,0.0,0.0
FROM_moraine_top,74,4,0.0,124334.6,0.0,0.0,0.0,0.0,0.0,0.0,0.0
FROM_river_zone,74,4,0.0,11918.649,0.0,0.0,31075.578,0.0,42.29569,65.05642,0.0
FROM_main_terrace,74,4,0.0,898.6274,0.0,269.93887,0.0,6506.9126,67753.11,6253.0054,0.0
FROM_sandy_point,74,4,0.0,0.0,0.0,0.0,1680.8307,0.0,44.890762,0.0,0.0
FROM_clutha,74,4,0.0,0.0,0.0,3.3349428,1780.8561,12.865153,0.0,938.573,0.0
FROM_sub_terrace,74,4,0.0,0.0,0.0,76.16409,433.97534,0.0,7553.06,0.0,0.0
FROM_mangawera,74,4,0.0,0.0,0.0,3696.3813,0.0,0.0,0.0,0.0,0.0
TOTAL_IN,74,4,0.0,348934.16,151828.86,813604540.0,120099310.0,2831854000.0,9009106000.0,8512.085,3987.2615
TO_STORAGE,74,4,0.0,3364.2861,0.0021995294,430.9715,1001.78516,0.0011234091,13.501741,8.141922,0.273828
TO_CONSTANT_HEAD,74,4,0.0,0.0,0.0,0.0,0.0,0.0,0.0,0.0,0.0
TO_WELLS,74,4,0.0,5505.3066,0.0,0.0,445.89493,28.567646,0.0,440.7458,290.60635
TO_HEAD_DEP_BOUNDS,74,4,0.0,0.0,1026.3745,0.0,0.0,0.0,0.0,0.0,0.0
TO_RECHARGE,74,4,0.0,0.0,0.0,0.0,0.0,0.0,0.0,0.0,0.0
TO_STREAM_LEAKAGE,74,4,0.0,0.0,0.0,144282.94,1633.3011,6696.3384,74901.55,0.0,0.0
TO_STREAM_FLOW_OUT,74,4,0.0,0.0,0.0,0.0,0.0,0.0,0.0,0.0,0.0
TO_ZONE_0,74,4,0.0,0.0,0.0,0.0,0.0,0.0,0.0,0.0,0.0
TO_haweaflat,74,4,0.0,0.0,124334.6,11918.649,898.6274,0.0,0.0,0.0,0.0
TO_moraine_top,74,4,0.0,560.92737,0.0,0.0,0.0,0.0,0.0,0.0,0.0
TO_river_zone,74,4,0.0,143335.02,0.0,0.0,269.93887,0.0,3.3349428,76.16409,3696.3813
TO_main_terrace,74,4,0.0,22901.781,0.0,31075.578,0.0,1680.8307,1780.8561,433.97534,0.0
TO_sandy_point,74,4,0.0,0.0,0.0,0.0,6506.9126,0.0,12.865153,0.0,0.0
TO_clutha,74,4,0.0,0.0,0.0,42.29569,67753.11,44.890762,0.0,7553.06,0.0
TO_sub_terrace,74,4,0.0,0.0,0.0,65.05642,6253.0054,0.0,938.573,0.0,0.0
TO_mangawera,74,4,0.0,0.0,0.0,0.0,0.0,0.0,0.0,0.0,0.0
TOTAL_OUT,74,4,0.0,175667.31,125360.98,187815.5,84762.58,8450.629,77650.68,8512.087,3987.2615
IN-OUT,74,4,0.0,173266.84,26467.883,813416700.0,120014550.0,2831845600.0,9009028000.0,0.001953125,0.0
PERCENT_DISCREPANCY,74,4,,66.05656,19.097296,199.90767,199.7179,199.99881,199.99655,2.2945316e-05,0.0
FROM_STORAGE,75,4,0.0,21949.256,7600.7793,2486.2866,9.563336,0.0009647659,0.027515562,0.0974165,0.19193223
FROM_CONSTANT_HEAD,75,4,0.0,0.0,0.0,0.0,0.0,0.0,0.0,0.0,0.0
FROM_WELLS,75,4,0.0,4777.7715,18.260052,1438.9762,8504.589,0.0,0.0,77.06712,1081.1698
FROM_HEAD_DEP_BOUNDS,75,4,0.0,0.0,108429.55,0.0,0.0,0.0,0.0,0.0,0.0
FROM_RECHARGE,75,4,0.0,11435.957,1631.3204,4484.366,15251.537,1894.4105,2240.9023,1178.2632,2905.9722
FROM_STREAM_LEAKAGE,75,4,0.0,3500.0,1100.0,32462.127,3119.7043,36.521347,16.351604,0.0,0.0
FROM_STREAM_FLOW_OUT,75,4,0.0,173263.03,26465.953,813199700.0,120011130.0,2831846000.0,9009021000.0,0.0,0.0
FROM_ZONE_0,75,4,0.0,0.0,0.0,0.0,0.0,0.0,0.0,0.0,0.0
FROM_haweaflat,75,4,0.0,0.0,570.6686,140923.56,22873.057,0.0,0.0,0.0,0.0
FROM_moraine_top,75,4,0.0,118154.46,0.0,0.0,0.0,0.0,0.0,0.0,0.0
FROM_river_zone,75,4,0.0,11823.052,0.0,0.0,31066.418,0.0,42.29582,65.04676,0.0
FROM_main_terrace,75,4,0.0,899.53845,0.0,270.39523,0.0,6506.9126,67764.22,6254.202,0.0
FROM_sandy_point,75,4,0.0,0.0,0.0,0.0,1680.8307,0.0,44.890762,0.0,0.0
FROM_clutha,75,4,0.0,0.0,0.0,3.3349419,1781.6099,12.865153,0.0,938.7756,0.0
FROM_sub_terrace,75,4,0.0,0.0,0.0,76.20578,433.9036,0.0,7554.471,0.0,0.0
FROM_mangawera,75,4,0.0,0.0,0.0,3696.4795,0.0,0.0,0.0,0.0,0.0
TOTAL_IN,75,4,0.0,345803.06,145816.53,813385540.0,120095850.0,2831854300.0,9009098000.0,8513.452,3987.334
TO_STORAGE,75,4,0.0,2667.1675,0.0,277.53992,946.7559,0.0011249032,13.852853,8.126767,0.24791785
TO_CONSTANT_HEAD,75,4,0.0,0.0,0.0,0.0,0.0,0.0,0.0,0.0,0.0
TO_WELLS,75,4,0.0,5505.3066,0.0,0.0,445.89493,28.567646,0.0,440.7458,290.60635
TO_HEAD_DEP_BOUNDS,75,4,0.0,0.0,1196.4292,0.0,0.0,0.0,0.0,0.0,0.0
TO_RECHARGE,75,4,0.0,0.0,0.0,0.0,0.0,0.0,0.0,0.0,0.0
TO_STREAM_LEAKAGE,75,4,0.0,0.0,0.0,142567.23,1633.3344,6696.3384,74912.74,0.0,0.0
TO_STREAM_FLOW_OUT,75,4,0.0,0.0,0.0,0.0,0.0,0.0,0.0,0.0,0.0
TO_ZONE_0,75,4,0.0,0.0,0.0,0.0,0.0,0.0,0.0,0.0,0.0
TO_haweaflat,75,4,0.0,0.0,118154.46,11823.052,899.53845,0.0,0.0,0.0,0.0
TO_moraine_top,75,4,0.0,570.6686,0.0,0.0,0.0,0.0,0.0,0.0,0.0
TO_river_zone,75,4,0.0,140923.56,0.0,0.0,270.39523,0.0,3.3349419,76.20578,3696.4795
TO_main_terrace,75,4,0.0,22873.057,0.0,31066.418,0.0,1680.8307,1781.6099,433.9036,0.0
TO_sandy_point,75,4,0.0,0.0,0.0,0.0,6506.9126,0.0,12.865153,0.0,0.0
TO_clutha,75,4,0.0,0.0,0.0,42.29582,67764.22,44.890762,0.0,7554.471,0.0
TO_sub_terrace,75,4,0.0,0.0,0.0,65.04676,6254.202,0.0,938.7756,0.0,0.0
TO_mangawera,75,4,0.0,0.0,0.0,0.0,0.0,0.0,0.0,0.0,0.0
TOTAL_OUT,75,4,0.0,172539.77,119350.89,185841.6,84721.25,8450.629,77663.18,8513.453,3987.3337
IN-OUT,75,4,0.0,173263.3,26465.64,813199700.0,120011130.0,2831846000.0,9009020000.0,0.0009765625,0.00024414062
PERCENT_DISCREPANCY,75,4,,66.85278,19.961456,199.90863,199.71803,199.99881,199.99654,1.14708155e-05,6.122904e-06
FROM_STORAGE,76,4,0.0,25948.3,9080.426,3055.5688,8.9235,0.00096342835,0.025363285,0.077522375,0.2707354
FROM_CONSTANT_HEAD,76,4,0.0,0.0,0.0,0.0,0.0,0.0,0.0,0.0,0.0
FROM_WELLS,76,4,0.0,4777.7715,18.260052,1438.9762,8504.589,0.0,0.0,77.06712,1081.1698
FROM_HEAD_DEP_BOUNDS,76,4,0.0,0.0,99995.42,0.0,0.0,0.0,0.0,0.0,0.0
FROM_RECHARGE,76,4,0.0,11435.957,1631.3204,4484.366,15251.537,1894.4105,2240.9023,1178.2632,2905.9722
FROM_STREAM_LEAKAGE,76,4,0.0,3500.0,1100.0,32457.627,3119.7043,36.521347,16.351604,0.0,0.0
FROM_STREAM_FLOW_OUT,76,4,0.0,173263.03,26465.953,812956400.0,120007260.0,2831846000.0,9009012000.0,0.0,0.0
FROM_ZONE_0,76,4,0.0,0.0,0.0,0.0,0.0,0.0,0.0,0.0,0.0
FROM_haweaflat,76,4,0.0,0.0,586.46265,138210.78,22827.094,0.0,0.0,0.0,0.0
FROM_moraine_top,76,4,0.0,110922.31,0.0,0.0,0.0,0.0,0.0,0.0,0.0
FROM_river_zone,76,4,0.0,11728.239,0.0,0.0,31057.703,0.0,42.296032,65.03843,0.0
FROM_main_terrace,76,4,0.0,900.2046,0.0,270.80734,0.0,6506.9126,67774.875,6255.251,0.0
FROM_sandy_point,76,4,0.0,0.0,0.0,0.0,1680.8307,0.0,44.890762,0.0,0.0
FROM_clutha,76,4,0.0,0.0,0.0,3.3349416,1782.2656,12.865153,0.0,938.96497,0.0
FROM_sub_terrace,76,4,0.0,0.0,0.0,76.24599,433.86557,0.0,7555.818,0.0,0.0
FROM_mangawera,76,4,0.0,0.0,0.0,3696.5776,0.0,0.0,0.0,0.0,0.0
TOTAL_IN,76,4,0.0,342475.84,138877.84,813140100.0,120091930.0,2831854300.0,9009089000.0,8514.662,3987.4126
TO_STORAGE,76,4,0.0,2077.361,0.0,164.59792,879.46625,0.0011266087,13.997847,7.988299,0.22880167
TO_CONSTANT_HEAD,76,4,0.0,0.0,0.0,0.0,0.0,0.0,0.0,0.0,0.0
TO_WELLS,76,4,0.0,5505.3066,0.0,0.0,445.89493,28.567646,0.0,440.7458,290.60635
TO_HEAD_DEP_BOUNDS,76,4,0.0,0.0,1486.6865,0.0,0.0,0.0,0.0,0.0,0.0
TO_RECHARGE,76,4,0.0,0.0,0.0,0.0,0.0,0.0,0.0,0.0,0.0
TO_STREAM_LEAKAGE,76,4,0.0,0.0,0.0,140635.8,1633.3676,6696.3384,74923.59,0.0,0.0
TO_STREAM_FLOW_OUT,76,4,0.0,0.0,0.0,0.0,0.0,0.0,0.0,0.0,0.0
TO_ZONE_0,76,4,0.0,0.0,0.0,0.0,0.0,0.0,0.0,0.0,0.0
TO_haweaflat,76,4,0.0,0.0,110922.31,11728.239,900.2046,0.0,0.0,0.0,0.0
TO_moraine_top,76,4,0.0,586.46265,0.0,0.0,0.0,0.0,0.0,0.0,0.0
TO_river_zone,76,4,0.0,138210.78,0.0,0.0,270.80734,0.0,3.3349416,76.24599,3696.5776
TO_main_terrace,76,4,0.0,22827.094,0.0,31057.703,0.0,1680.8307,1782.2656,433.86557,0.0
TO_sandy_point,76,4,0.0,0.0,0.0,0.0,6506.9126,0.0,12.865153,0.0,0.0
TO_clutha,76,4,0.0,0.0,0.0,42.296032,67774.875,44.890762,0.0,7555.818,0.0
TO_sub_terrace,76,4,0.0,0.0,0.0,65.03843,6255.251,0.0,938.96497,0.0,0.0
TO_mangawera,76,4,0.0,0.0,0.0,0.0,0.0,0.0,0.0,0.0,0.0
TOTAL_OUT,76,4,0.0,169207.0,112409.0,183693.66,84666.78,8450.629,77675.03,8514.664,3987.4128
IN-OUT,76,4,0.0,173268.84,26468.844,812956400.0,120007260.0,2831846000.0,9009011000.0,0.001953125,0.00024414062
PERCENT_DISCREPANCY,76,4,,67.72509,21.066639,199.90965,199.7182,199.99881,199.99654,2.2938371e-05,6.122783e-06
FROM_STORAGE,77,4,0.0,28374.33,7519.515,3732.7522,23.369503,0.00096198,0.022721514,0.062439807,0.36023068
FROM_CONSTANT_HEAD,77,4,0.0,0.0,0.0,0.0,0.0,0.0,0.0,0.0,0.0
FROM_WELLS,77,4,0.0,4777.7715,18.260052,1438.9762,8504.589,0.0,0.0,77.06712,1081.1698
FROM_HEAD_DEP_BOUNDS,77,4,0.0,0.0,95374.49,0.0,0.0,0.0,0.0,0.0,0.0
FROM_RECHARGE,77,4,0.0,11435.957,1631.3204,4484.366,15251.537,1894.4105,2240.9023,1178.2632,2905.9722
FROM_STREAM_LEAKAGE,77,4,0.0,3500.0,1100.0,32454.67,3119.7043,36.521347,16.351604,0.0,0.0
FROM_STREAM_FLOW_OUT,77,4,0.0,173263.03,26465.953,812670100.0,120002750.0,2831847000.0,9009002000.0,0.0,0.0
FROM_ZONE_0,77,4,0.0,0.0,0.0,0.0,0.0,0.0,0.0,0.0,0.0
FROM_haweaflat,77,4,0.0,0.0,577.8688,135073.78,22761.514,0.0,0.0,0.0,0.0
FROM_moraine_top,77,4,0.0,104886.69,0.0,0.0,0.0,0.0,0.0,0.0,0.0
FROM_river_zone,77,4,0.0,11624.376,0.0,0.0,31049.545,0.0,42.29623,65.03164,0.0
FROM_main_terrace,77,4,0.0,900.64294,0.0,271.16757,0.0,6506.9126,67784.91,6256.133,0.0
FROM_sandy_point,77,4,0.0,0.0,0.0,0.0,1680.8307,0.0,44.890762,0.0,0.0
FROM_clutha,77,4,0.0,0.0,0.0,3.3349426,1782.8123,12.865153,0.0,939.13794,0.0
FROM_sub_terrace,77,4,0.0,0.0,0.0,76.28412,433.86298,0.0,7557.0815,0.0,0.0
FROM_mangawera,77,4,0.0,0.0,0.0,3696.6816,0.0,0.0,0.0,0.0,0.0
TOTAL_IN,77,4,0.0,338762.8,132687.4,812851300.0,120087350.0,2831855400.0,9009079000.0,8515.695,3987.5022
TO_STORAGE,77,4,0.0,1574.7308,0.0,84.35452,808.9553,0.0011285441,13.920763,7.7211795,0.213858
TO_CONSTANT_HEAD,77,4,0.0,0.0,0.0,0.0,0.0,0.0,0.0,0.0,0.0
TO_WELLS,77,4,0.0,5505.3066,0.0,0.0,445.89493,28.567646,0.0,440.7458,290.60635
TO_HEAD_DEP_BOUNDS,77,4,0.0,0.0,1332.4048,0.0,0.0,0.0,0.0,0.0,0.0
TO_RECHARGE,77,4,0.0,0.0,0.0,0.0,0.0,0.0,0.0,0.0,0.0
TO_STREAM_LEAKAGE,77,4,0.0,0.0,0.0,138365.44,1633.3676,6696.3384,74934.42,0.0,0.0
TO_STREAM_FLOW_OUT,77,4,0.0,0.0,0.0,0.0,0.0,0.0,0.0,0.0,0.0
TO_ZONE_0,77,4,0.0,0.0,0.0,0.0,0.0,0.0,0.0,0.0,0.0
TO_haweaflat,77,4,0.0,0.0,104886.69,11624.376,900.64294,0.0,0.0,0.0,0.0
TO_moraine_top,77,4,0.0,577.8688,0.0,0.0,0.0,0.0,0.0,0.0,0.0
TO_river_zone,77,4,0.0,135073.78,0.0,0.0,271.16757,0.0,3.3349426,76.28412,3696.6816
TO_main_terrace,77,4,0.0,22761.514,0.0,31049.545,0.0,1680.8307,1782.8123,433.86298,0.0
TO_sandy_point,77,4,0.0,0.0,0.0,0.0,6506.9126,0.0,12.865153,0.0,0.0
TO_clutha,77,4,0.0,0.0,0.0,42.29623,67784.91,44.890762,0.0,7557.0815,0.0
TO_sub_terrace,77,4,0.0,0.0,0.0,65.03164,6256.133,0.0,939.13794,0.0,0.0
TO_mangawera,77,4,0.0,0.0,0.0,0.0,0.0,0.0,0.0,0.0,0.0
TOTAL_OUT,77,4,0.0,165493.2,106219.09,181231.05,84607.98,8450.629,77686.5,8515.695,3987.502
IN-OUT,77,4,0.0,173269.61,26468.312,812670100.0,120002744.0,2831847000.0,9009001000.0,0.0,0.00024414062
PERCENT_DISCREPANCY,77,4,,68.72287,22.157885,199.91083,199.71838,199.99881,199.99654,0.0,6.122646e-06
FROM_STORAGE,78,4,0.0,29899.88,6321.1475,4289.972,49.683887,0.00096042885,0.019922966,0.049713235,0.45358443
FROM_CONSTANT_HEAD,78,4,0.0,0.0,0.0,0.0,0.0,0.0,0.0,0.0,0.0
FROM_WELLS,78,4,0.0,4777.7715,18.260052,1438.9762,8504.589,0.0,0.0,77.06712,1081.1698
FROM_HEAD_DEP_BOUNDS,78,4,0.0,0.0,91345.14,0.0,0.0,0.0,0.0,0.0,0.0
FROM_RECHARGE,78,4,0.0,11435.957,1631.3204,4484.366,15251.537,1894.4105,2240.9023,1178.2632,2905.9722
FROM_STREAM_LEAKAGE,78,4,0.0,3500.0,1100.0,32453.64,3119.7043,36.521347,16.351604,0.0,0.0
FROM_STREAM_FLOW_OUT,78,4,0.0,173263.03,26465.953,812359900.0,119997864.0,2831848000.0,9008992000.0,0.0,0.0
FROM_ZONE_0,78,4,0.0,0.0,0.0,0.0,0.0,0.0,0.0,0.0,0.0
FROM_haweaflat,78,4,0.0,0.0,564.8679,131891.14,22678.594,0.0,0.0,0.0,0.0
FROM_moraine_top,78,4,0.0,99764.21,0.0,0.0,0.0,0.0,0.0,0.0,0.0
FROM_river_zone,78,4,0.0,11522.989,0.0,0.0,31042.11,0.0,42.296455,65.0265,0.0
FROM_main_terrace,78,4,0.0,900.7876,0.0,271.46854,0.0,6506.9126,67794.16,6256.824,0.0
FROM_sandy_point,78,4,0.0,0.0,0.0,0.0,1680.8307,0.0,44.890762,0.0,0.0
FROM_clutha,78,4,0.0,0.0,0.0,3.3349442,1783.2393,12.865153,0.0,939.2911,0.0
FROM_sub_terrace,78,4,0.0,0.0,0.0,76.31933,433.8971,0.0,7558.2383,0.0,0.0
FROM_mangawera,78,4,0.0,0.0,0.0,3696.7886,0.0,0.0,0.0,0.0,0.0
TOTAL_IN,78,4,0.0,335064.62,127446.69,812538500.0,120082410.0,2831856400.0,9009069000.0,8516.521,3987.5957
TO_STORAGE,78,4,0.0,1154.5469,0.0,33.187405,734.9395,0.0011305587,13.619995,7.3238325,0.20049287
TO_CONSTANT_HEAD,78,4,0.0,0.0,0.0,0.0,0.0,0.0,0.0,0.0,0.0
TO_WELLS,78,4,0.0,5505.3066,0.0,0.0,445.89493,28.567646,0.0,440.7458,290.60635
TO_HEAD_DEP_BOUNDS,78,4,0.0,0.0,1214.4102,0.0,0.0,0.0,0.0,0.0,0.0
TO_RECHARGE,78,4,0.0,0.0,0.0,0.0,0.0,0.0,0.0,0.0,0.0
TO_STREAM_LEAKAGE,78,4,0.0,0.0,0.0,135899.16,1633.4006,6696.3384,74944.55,0.0,0.0
TO_STREAM_FLOW_OUT,78,4,0.0,0.0,0.0,0.0,0.0,0.0,0.0,0.0,0.0
TO_ZONE_0,78,4,0.0,0.0,0.0,0.0,0.0,0.0,0.0,0.0,0.0
TO_haweaflat,78,4,0.0,0.0,99764.21,11522.989,900.7876,0.0,0.0,0.0,0.0
TO_moraine_top,78,4,0.0,564.8679,0.0,0.0,0.0,0.0,0.0,0.0,0.0
TO_river_zone,78,4,0.0,131891.14,0.0,0.0,271.46854,0.0,3.3349442,76.31933,3696.7886
TO_main_terrace,78,4,0.0,22678.594,0.0,31042.11,0.0,1680.8307,1783.2393,433.8971,0.0
TO_sandy_point,78,4,0.0,0.0,0.0,0.0,6506.9126,0.0,12.865153,0.0,0.0
TO_clutha,78,4,0.0,0.0,0.0,42.296455,67794.16,44.890762,0.0,7558.2383,0.0
TO_sub_terrace,78,4,0.0,0.0,0.0,65.0265,6256.824,0.0,939.2911,0.0,0.0
TO_mangawera,78,4,0.0,0.0,0.0,0.0,0.0,0.0,0.0,0.0,0.0
TOTAL_OUT,78,4,0.0,161794.45,100978.625,178604.77,84544.39,8450.629,77696.9,8516.524,3987.5955
IN-OUT,78,4,0.0,173270.17,26468.062,812359900.0,119997864.0,2831848000.0,9008991000.0,0.0029296875,0.00024414062
PERCENT_DISCREPANCY,78,4,,69.74621,23.17437,199.91208,199.71857,199.99881,199.99655,3.440004e-05,6.122502e-06
FROM_STORAGE,79,4,0.0,30817.701,5489.119,4698.5806,84.31962,0.0009749671,0.017981166,0.039012395,0.53873897
FROM_CONSTANT_HEAD,79,4,0.0,0.0,0.0,0.0,0.0,0.0,0.0,0.0,0.0
FROM_WELLS,79,4,0.0,4777.7715,18.260052,1438.9762,8504.589,0.0,0.0,77.06712,1081.1698
FROM_HEAD_DEP_BOUNDS,79,4,0.0,0.0,87728.38,0.0,0.0,0.0,0.0,0.0,0.0
FROM_RECHARGE,79,4,0.0,11435.957,1631.3204,4484.366,15251.537,1894.4105,2240.9023,1178.2632,2905.9722
FROM_STREAM_LEAKAGE,79,4,0.0,3500.0,1100.0,32453.809,3119.7043,36.521347,16.351604,0.0,0.0
FROM_STREAM_FLOW_OUT,79,4,0.0,173263.03,26465.953,812037100.0,119992720.0,2831848200.0,9008980000.0,0.0,0.0
FROM_ZONE_0,79,4,0.0,0.0,0.0,0.0,0.0,0.0,0.0,0.0,0.0
FROM_haweaflat,79,4,0.0,0.0,552.099,128788.3,22581.92,0.0,0.0,0.0,0.0
FROM_moraine_top,79,4,0.0,95399.47,0.0,0.0,0.0,0.0,0.0,0.0,0.0
FROM_river_zone,79,4,0.0,11430.317,0.0,0.0,31035.559,0.0,42.296745,65.02313,0.0
FROM_main_terrace,79,4,0.0,900.6167,0.0,271.70428,0.0,6506.9126,67802.44,6257.314,0.0
FROM_sandy_point,79,4,0.0,0.0,0.0,0.0,1680.8308,0.0,44.890766,0.0,0.0
FROM_clutha,79,4,0.0,0.0,0.0,3.334948,1783.5378,12.865153,0.0,939.4217,0.0
FROM_sub_terrace,79,4,0.0,0.0,0.0,76.35123,433.96793,0.0,7559.266,0.0,0.0
FROM_mangawera,79,4,0.0,0.0,0.0,3696.889,0.0,0.0,0.0,0.0,0.0
TOTAL_IN,79,4,0.0,331524.88,122985.14,812213000.0,120077190.0,2831856600.0,9009057000.0,8517.128,3987.6807
TO_STORAGE,79,4,0.0,826.7152,0.0,6.98105,657.82654,0.0011130676,13.096374,6.800013,0.18517168
TO_CONSTANT_HEAD,79,4,0.0,0.0,0.0,0.0,0.0,0.0,0.0,0.0,0.0
TO_WELLS,79,4,0.0,5505.3066,0.0,0.0,445.89493,28.567646,0.0,440.7458,290.60635
TO_HEAD_DEP_BOUNDS,79,4,0.0,0.0,1118.0605,0.0,0.0,0.0,0.0,0.0,0.0
TO_RECHARGE,79,4,0.0,0.0,0.0,0.0,0.0,0.0,0.0,0.0,0.0
TO_STREAM_LEAKAGE,79,4,0.0,0.0,0.0,133330.95,1633.4338,6696.3384,74954.01,0.0,0.0
TO_STREAM_FLOW_OUT,79,4,0.0,0.0,0.0,0.0,0.0,0.0,0.0,0.0,0.0
TO_ZONE_0,79,4,0.0,0.0,0.0,0.0,0.0,0.0,0.0,0.0,0.0
TO_haweaflat,79,4,0.0,0.0,95399.47,11430.317,900.6167,0.0,0.0,0.0,0.0
TO_moraine_top,79,4,0.0,552.099,0.0,0.0,0.0,0.0,0.0,0.0,0.0
TO_river_zone,79,4,0.0,128788.3,0.0,0.0,271.70428,0.0,3.334948,76.35123,3696.889
TO_main_terrace,79,4,0.0,22581.92,0.0,31035.559,0.0,1680.8308,1783.5378,433.96793,0.0
TO_sandy_point,79,4,0.0,0.0,0.0,0.0,6506.9126,0.0,12.865153,0.0,0.0
TO_clutha,79,4,0.0,0.0,0.0,42.296745,67802.44,44.890766,0.0,7559.266,0.0
TO_sub_terrace,79,4,0.0,0.0,0.0,65.02313,6257.314,0.0,939.4217,0.0,0.0
TO_mangawera,79,4,0.0,0.0,0.0,0.0,0.0,0.0,0.0,0.0,0.0
TOTAL_OUT,79,4,0.0,158254.34,96517.53,175911.12,84476.14,8450.629,77706.266,8517.131,3987.6804
IN-OUT,79,4,0.0,173270.53,26467.61,812037060.0,119992710.0,2831848200.0,9008979000.0,0.0029296875,0.00024414062
PERCENT_DISCREPANCY,79,4,,70.75455,24.11598,199.91338,199.71878,199.99881,199.99655,3.4397595e-05,6.1223714e-06
FROM_STORAGE,80,4,0.0,31435.285,4757.283,5014.9673,127.408195,0.0009791637,0.015790965,0.03035259,0.6112698
FROM_CONSTANT_HEAD,80,4,0.0,0.0,0.0,0.0,0.0,0.0,0.0,0.0,0.0
FROM_WELLS,80,4,0.0,4777.7715,18.260052,1438.9762,8504.589,0.0,0.0,77.06712,1081.1698
FROM_HEAD_DEP_BOUNDS,80,4,0.0,0.0,84487.73,0.0,0.0,0.0,0.0,0.0,0.0
FROM_RECHARGE,80,4,0.0,11435.957,1631.3204,4484.366,15251.537,1894.4105,2240.9023,1178.2632,2905.9722
FROM_STREAM_LEAKAGE,80,4,0.0,3500.0,1100.0,32455.598,3119.7043,36.521347,16.351604,0.0,0.0
FROM_STREAM_FLOW_OUT,80,4,0.0,173263.03,26465.953,811712400.0,119987576.0,2831849000.0,9008969000.0,0.0,0.0
FROM_ZONE_0,80,4,0.0,0.0,0.0,0.0,0.0,0.0,0.0,0.0,0.0
FROM_haweaflat,80,4,0.0,0.0,541.30774,125788.85,22474.104,0.0,0.0,0.0,0.0
FROM_moraine_top,80,4,0.0,91497.45,0.0,0.0,0.0,0.0,0.0,0.0,0.0
FROM_river_zone,80,4,0.0,11348.382,0.0,0.0,31030.023,0.0,42.29705,65.021614,0.0
FROM_main_terrace,80,4,0.0,900.13904,0.0,271.8709,0.0,6506.9126,67809.61,6257.593,0.0
FROM_sandy_point,80,4,0.0,0.0,0.0,0.0,1680.8308,0.0,44.890766,0.0,0.0
FROM_clutha,80,4,0.0,0.0,0.0,3.3349519,1783.7013,12.865153,0.0,939.5273,0.0
FROM_sub_terrace,80,4,0.0,0.0,0.0,76.3791,434.07416,0.0,7560.1465,0.0,0.0
FROM_mangawera,80,4,0.0,0.0,0.0,3696.9778,0.0,0.0,0.0,0.0,0.0
TOTAL_IN,80,4,0.0,328158.0,119001.85,811885600.0,120071976.0,2831857400.0,9009046000.0,8517.502,3987.7534
TO_STORAGE,80,4,0.0,577.6134,0.005588615,0.4156795,580.635,0.0011117972,12.356498,6.1590223,0.16879736
TO_CONSTANT_HEAD,80,4,0.0,0.0,0.0,0.0,0.0,0.0,0.0,0.0,0.0
TO_WELLS,80,4,0.0,5505.3066,0.0,0.0,445.89493,28.567646,0.0,440.7458,290.60635
TO_HEAD_DEP_BOUNDS,80,4,0.0,0.0,1037.0532,0.0,0.0,0.0,0.0,0.0,0.0
TO_RECHARGE,80,4,0.0,0.0,0.0,0.0,0.0,0.0,0.0,0.0,0.0
TO_STREAM_LEAKAGE,80,4,0.0,0.0,0.0,130744.13,1633.4338,6696.3384,74962.48,0.0,0.0
TO_STREAM_FLOW_OUT,80,4,0.0,0.0,0.0,0.0,0.0,0.0,0.0,0.0,0.0
TO_ZONE_0,80,4,0.0,0.0,0.0,0.0,0.0,0.0,0.0,0.0,0.0
TO_haweaflat,80,4,0.0,0.0,91497.45,11348.382,900.13904,0.0,0.0,0.0,0.0
TO_moraine_top,80,4,0.0,541.30774,0.0,0.0,0.0,0.0,0.0,0.0,0.0
TO_river_zone,80,4,0.0,125788.85,0.0,0.0,271.8709,0.0,3.3349519,76.3791,3696.9778
TO_main_terrace,80,4,0.0,22474.104,0.0,31030.023,0.0,1680.8308,1783.7013,434.07416,0.0
TO_sandy_point,80,4,0.0,0.0,0.0,0.0,6506.9126,0.0,12.865153,0.0,0.0
TO_clutha,80,4,0.0,0.0,0.0,42.29705,67809.61,44.890766,0.0,7560.1465,0.0
TO_sub_terrace,80,4,0.0,0.0,0.0,65.021614,6257.593,0.0,939.5273,0.0,0.0
TO_mangawera,80,4,0.0,0.0,0.0,0.0,0.0,0.0,0.0,0.0,0.0
TOTAL_OUT,80,4,0.0,154887.19,92534.516,173230.25,84406.09,8450.629,77714.266,8517.505,3987.753
IN-OUT,80,4,0.0,173270.81,26467.336,811712300.0,119987570.0,2831849000.0,9008968000.0,0.0029296875,0.00048828125
PERCENT_DISCREPANCY,80,4,,71.74104,25.023909,199.91467,199.71901,199.99881,199.99655,3.4396082e-05,1.2244521e-05
FROM_STORAGE,81,4,0.0,31537.182,4255.791,5271.7686,178.40852,0.000979451,0.013642717,0.023597622,0.6699386
FROM_CONSTANT_HEAD,81,4,0.0,0.0,0.0,0.0,0.0,0.0,0.0,0.0,0.0
FROM_WELLS,81,4,0.0,4777.7715,18.260052,1438.9762,8504.589,0.0,0.0,77.06712,1081.1698
FROM_HEAD_DEP_BOUNDS,81,4,0.0,0.0,81674.22,0.0,0.0,0.0,0.0,0.0,0.0
FROM_RECHARGE,81,4,0.0,11435.957,1631.3204,4484.366,15251.537,1894.4105,2240.9023,1178.2632,2905.9722
FROM_STREAM_LEAKAGE,81,4,0.0,3500.0,1100.0,32458.734,3119.7043,36.521347,16.351604,0.0,0.0
FROM_STREAM_FLOW_OUT,81,4,0.0,173263.03,26465.953,811389700.0,119982420.0,2831849000.0,9008956000.0,0.0,0.0
FROM_ZONE_0,81,4,0.0,0.0,0.0,0.0,0.0,0.0,0.0,0.0,0.0
FROM_haweaflat,81,4,0.0,0.0,530.28937,122878.6,22357.668,0.0,0.0,0.0,0.0
FROM_moraine_top,81,4,0.0,88244.59,0.0,0.0,0.0,0.0,0.0,0.0,0.0
FROM_river_zone,81,4,0.0,11276.126,0.0,0.0,31025.6,0.0,42.29736,65.021935,0.0
FROM_main_terrace,81,4,0.0,899.3838,0.0,271.96616,0.0,6506.9126,67815.555,6257.6587,0.0
FROM_sandy_point,81,4,0.0,0.0,0.0,0.0,1680.8308,0.0,44.890766,0.0,0.0
FROM_clutha,81,4,0.0,0.0,0.0,3.334957,1783.726,12.865153,0.0,939.6058,0.0
FROM_sub_terrace,81,4,0.0,0.0,0.0,76.40256,434.21313,0.0,7560.8643,0.0,0.0
FROM_mangawera,81,4,0.0,0.0,0.0,3697.0547,0.0,0.0,0.0,0.0,0.0
TOTAL_IN,81,4,0.0,324934.03,115675.836,811560260.0,120066750.0,2831857400.0,9009033000.0,8517.641,3987.812
TO_STORAGE,81,4,0.0,391.31244,0.0,0.2956149,505.53732,0.0011126326,11.41613,5.414769,0.1507459
TO_CONSTANT_HEAD,81,4,0.0,0.0,0.0,0.0,0.0,0.0,0.0,0.0,0.0
TO_WELLS,81,4,0.0,5505.3066,0.0,0.0,445.89493,28.567646,0.0,440.7458,290.60635
TO_HEAD_DEP_BOUNDS,81,4,0.0,0.0,963.9961,0.0,0.0,0.0,0.0,0.0,0.0
TO_RECHARGE,81,4,0.0,0.0,0.0,0.0,0.0,0.0,0.0,0.0,0.0
TO_STREAM_LEAKAGE,81,4,0.0,0.0,0.0,128170.65,1633.467,6696.3384,74969.95,0.0,0.0
TO_STREAM_FLOW_OUT,81,4,0.0,0.0,0.0,0.0,0.0,0.0,0.0,0.0,0.0
TO_ZONE_0,81,4,0.0,0.0,0.0,0.0,0.0,0.0,0.0,0.0,0.0
TO_haweaflat,81,4,0.0,0.0,88244.59,11276.126,899.3838,0.0,0.0,0.0,0.0
TO_moraine_top,81,4,0.0,530.28937,0.0,0.0,0.0,0.0,0.0,0.0,0.0
TO_river_zone,81,4,0.0,122878.6,0.0,0.0,271.96616,0.0,3.334957,76.40256,3697.0547
TO_main_terrace,81,4,0.0,22357.668,0.0,31025.6,0.0,1680.8308,1783.726,434.21313,0.0
TO_sandy_point,81,4,0.0,0.0,0.0,0.0,6506.9126,0.0,12.865153,0.0,0.0
TO_clutha,81,4,0.0,0.0,0.0,42.29736,67815.555,44.890766,0.0,7560.8643,0.0
TO_sub_terrace,81,4,0.0,0.0,0.0,65.021935,6257.6587,0.0,939.6058,0.0,0.0
TO_mangawera,81,4,0.0,0.0,0.0,0.0,0.0,0.0,0.0,0.0,0.0
TOTAL_OUT,81,4,0.0,151663.17,89208.59,170579.98,84336.375,8450.629,77720.91,8517.641,3987.8118
IN-OUT,81,4,0.0,173270.86,26467.242,811389700.0,119982420.0,2831849000.0,9008955000.0,0.0,0.00024414062
PERCENT_DISCREPANCY,81,4,,72.71166,25.836264,199.91594,199.71924,199.99881,199.99655,0.0,6.12217e-06
FROM_STORAGE,82,4,0.0,31103.332,3682.6753,5362.718,236.16515,0.0009775142,0.012209377,0.017676974,0.7140913
FROM_CONSTANT_HEAD,82,4,0.0,0.0,0.0,0.0,0.0,0.0,0.0,0.0,0.0
FROM_WELLS,82,4,0.0,4777.7715,18.260052,1438.9762,8504.589,0.0,0.0,77.06712,1081.1698
FROM_HEAD_DEP_BOUNDS,82,4,0.0,0.0,79738.95,0.0,0.0,0.0,0.0,0.0,0.0
FROM_RECHARGE,82,4,0.0,11435.957,1631.3204,4484.366,15251.537,1894.4105,2240.9023,1178.2632,2905.9722
FROM_STREAM_LEAKAGE,82,4,0.0,3500.0,1100.0,32463.266,3119.7043,36.521347,16.351604,0.0,0.0
FROM_STREAM_FLOW_OUT,82,4,0.0,173263.03,26465.953,811074750.0,119977384.0,2831849000.0,9008943000.0,0.0,0.0
FROM_ZONE_0,82,4,0.0,0.0,0.0,0.0,0.0,0.0,0.0,0.0,0.0
FROM_haweaflat,82,4,0.0,0.0,520.8252,120206.26,22234.879,0.0,0.0,0.0,0.0
FROM_moraine_top,82,4,0.0,85797.08,0.0,0.0,0.0,0.0,0.0,0.0,0.0
FROM_river_zone,82,4,0.0,11215.763,0.0,0.0,31022.36,0.0,42.297676,65.02409,0.0
FROM_main_terrace,82,4,0.0,898.3689,0.0,271.98932,0.0,6506.9126,67820.17,6257.5107,0.0
FROM_sandy_point,82,4,0.0,0.0,0.0,0.0,1680.8308,0.0,44.890766,0.0,0.0
FROM_clutha,82,4,0.0,0.0,0.0,3.334962,1783.6127,12.865153,0.0,939.65656,0.0
FROM_sub_terrace,82,4,0.0,0.0,0.0,76.42123,434.38174,0.0,7561.408,0.0,0.0
FROM_mangawera,82,4,0.0,0.0,0.0,3697.119,0.0,0.0,0.0,0.0,0.0
TOTAL_IN,82,4,0.0,321991.3,113157.99,811242750.0,120061650.0,2831857400.0,9009020000.0,8517.539,3987.856
TO_STORAGE,82,4,0.0,253.17256,0.0043277913,0.18391971,433.7858,0.0011152482,10.296136,4.5822973,0.13042936
TO_CONSTANT_HEAD,82,4,0.0,0.0,0.0,0.0,0.0,0.0,0.0,0.0,0.0
TO_WELLS,82,4,0.0,5505.3066,0.0,0.0,445.89493,28.567646,0.0,440.7458,290.60635
TO_HEAD_DEP_BOUNDS,82,4,0.0,0.0,893.8452,0.0,0.0,0.0,0.0,0.0,0.0
TO_RECHARGE,82,4,0.0,0.0,0.0,0.0,0.0,0.0,0.0,0.0,0.0
TO_STREAM_LEAKAGE,82,4,0.0,0.0,0.0,125657.34,1633.5002,6696.3384,74976.39,0.0,0.0
TO_STREAM_FLOW_OUT,82,4,0.0,0.0,0.0,0.0,0.0,0.0,0.0,0.0,0.0
TO_ZONE_0,82,4,0.0,0.0,0.0,0.0,0.0,0.0,0.0,0.0,0.0
TO_haweaflat,82,4,0.0,0.0,85797.08,11215.763,898.3689,0.0,0.0,0.0,0.0
TO_moraine_top,82,4,0.0,520.8252,0.0,0.0,0.0,0.0,0.0,0.0,0.0
TO_river_zone,82,4,0.0,120206.26,0.0,0.0,271.98932,0.0,3.334962,76.42123,3697.119
TO_main_terrace,82,4,0.0,22234.879,0.0,31022.36,0.0,1680.8308,1783.6127,434.38174,0.0
TO_sandy_point,82,4,0.0,0.0,0.0,0.0,6506.9126,0.0,12.865153,0.0,0.0
TO_clutha,82,4,0.0,0.0,0.0,42.297676,67820.17,44.890766,0.0,7561.408,0.0
TO_sub_terrace,82,4,0.0,0.0,0.0,65.02409,6257.5107,0.0,939.65656,0.0,0.0
TO_mangawera,82,4,0.0,0.0,0.0,0.0,0.0,0.0,0.0,0.0,0.0
TOTAL_OUT,82,4,0.0,148720.44,86690.93,168002.98,84268.13,8450.629,77726.16,8517.539,3987.8557
IN-OUT,82,4,0.0,173270.88,26467.062,811074750.0,119977380.0,2831849000.0,9008942000.0,0.0,0.00024414062
PERCENT_DISCREPANCY,82,4,,73.620804,26.48707,199.91719,199.71944,199.99881,199.99655,0.0,6.1221026e-06
FROM_STORAGE,83,4,0.0,30227.857,3159.8098,5329.802,303.1109,0.00097618456,0.011217976,0.012640242,0.74237907
FROM_CONSTANT_HEAD,83,4,0.0,0.0,0.0,0.0,0.0,0.0,0.0,0.0,0.0
FROM_WELLS,83,4,0.0,4777.7715,18.260052,1438.9762,8504.589,0.0,0.0,77.06712,1081.1698
FROM_HEAD_DEP_BOUNDS,83,4,0.0,0.0,78514.06,0.0,0.0,0.0,0.0,0.0,0.0
FROM_RECHARGE,83,4,0.0,11435.957,1631.3204,4484.366,15251.537,1894.4105,2240.9023,1178.2632,2905.9722
FROM_STREAM_LEAKAGE,83,4,0.0,3500.0,1100.0,32468.918,3119.7043,36.521347,16.351604,0.0,0.0
FROM_STREAM_FLOW_OUT,83,4,0.0,173263.03,26465.953,810780400.0,119972664.0,2831849000.0,9008932000.0,0.0,0.0
FROM_ZONE_0,83,4,0.0,0.0,0.0,0.0,0.0,0.0,0.0,0.0,0.0
FROM_haweaflat,83,4,0.0,0.0,512.4037,117831.164,22109.004,0.0,0.0,0.0,0.0
FROM_moraine_top,83,4,0.0,84110.81,0.0,0.0,0.0,0.0,0.0,0.0,0.0
FROM_river_zone,83,4,0.0,11171.46,0.0,0.0,31020.348,0.0,42.298,65.02794,0.0
FROM_main_terrace,83,4,0.0,897.11334,0.0,271.94156,0.0,6506.9126,67823.41,6257.1577,0.0
FROM_sandy_point,83,4,0.0,0.0,0.0,0.0,1680.8308,0.0,44.890766,0.0,0.0
FROM_clutha,83,4,0.0,0.0,0.0,3.33497,1783.3645,12.865153,0.0,939.67883,0.0
FROM_sub_terrace,83,4,0.0,0.0,0.0,76.43487,434.5761,0.0,7561.7715,0.0,0.0
FROM_mangawera,83,4,0.0,0.0,0.0,3697.1685,0.0,0.0,0.0,0.0,0.0
TOTAL_IN,83,4,0.0,319384.03,111401.81,810946000.0,120056870.0,2831857400.0,9009009000.0,8517.207,3987.8843
TO_STORAGE,83,4,0.0,155.74126,0.0,0.10414697,371.16367,0.0011172064,9.021449,3.680303,0.10935786
TO_CONSTANT_HEAD,83,4,0.0,0.0,0.0,0.0,0.0,0.0,0.0,0.0,0.0
TO_WELLS,83,4,0.0,5505.3066,0.0,0.0,445.89493,28.567646,0.0,440.7458,290.60635
TO_HEAD_DEP_BOUNDS,83,4,0.0,0.0,824.0552,0.0,0.0,0.0,0.0,0.0,0.0
TO_RECHARGE,83,4,0.0,0.0,0.0,0.0,0.0,0.0,0.0,0.0,0.0
TO_STREAM_LEAKAGE,83,4,0.0,0.0,0.0,123301.48,1633.5002,6696.3384,74981.5,0.0,0.0
TO_STREAM_FLOW_OUT,83,4,0.0,0.0,0.0,0.0,0.0,0.0,0.0,0.0,0.0
TO_ZONE_0,83,4,0.0,0.0,0.0,0.0,0.0,0.0,0.0,0.0,0.0
TO_haweaflat,83,4,0.0,0.0,84110.81,11171.46,897.11334,0.0,0.0,0.0,0.0
TO_moraine_top,83,4,0.0,512.4037,0.0,0.0,0.0,0.0,0.0,0.0,0.0
TO_river_zone,83,4,0.0,117831.164,0.0,0.0,271.94156,0.0,3.33497,76.43487,3697.1685
TO_main_terrace,83,4,0.0,22109.004,0.0,31020.348,0.0,1680.8308,1783.3645,434.5761,0.0
TO_sandy_point,83,4,0.0,0.0,0.0,0.0,6506.9126,0.0,12.865153,0.0,0.0
TO_clutha,83,4,0.0,0.0,0.0,42.298,67823.41,44.890766,0.0,7561.7715,0.0
TO_sub_terrace,83,4,0.0,0.0,0.0,65.02794,6257.1577,0.0,939.67883,0.0,0.0
TO_mangawera,83,4,0.0,0.0,0.0,0.0,0.0,0.0,0.0,0.0,0.0
TOTAL_OUT,83,4,0.0,146113.62,84934.87,165600.7,84207.086,8450.629,77729.77,8517.209,3987.8843
IN-OUT,83,4,0.0,173270.4,26466.945,810780350.0,119972664.0,2831849000.0,9008931000.0,0.001953125,0.0
PERCENT_DISCREPANCY,83,4,,74.44523,26.960773,199.91832,199.71964,199.99881,199.99655,2.2931517e-05,0.0
FROM_STORAGE,84,4,0.0,29204.002,2628.788,5249.896,379.76987,0.00097319286,0.010051255,0.009995303,0.7575251
FROM_CONSTANT_HEAD,84,4,0.0,0.0,0.0,0.0,0.0,0.0,0.0,0.0,0.0
FROM_WELLS,84,4,0.0,4777.7715,18.260052,1438.9762,8504.589,0.0,0.0,77.06712,1081.1698
FROM_HEAD_DEP_BOUNDS,84,4,0.0,0.0,77671.0,0.0,0.0,0.0,0.0,0.0,0.0
FROM_RECHARGE,84,4,0.0,11435.957,1631.3204,4484.366,15251.537,1894.4105,2240.9023,1178.2632,2905.9722
FROM_STREAM_LEAKAGE,84,4,0.0,3500.0,1100.0,32475.883,3119.7043,36.521347,16.351604,0.0,0.0
FROM_STREAM_FLOW_OUT,84,4,0.0,173263.03,26465.953,810504770.0,119968240.0,2831849000.0,9008921000.0,0.0,0.0
FROM_ZONE_0,84,4,0.0,0.0,0.0,0.0,0.0,0.0,0.0,0.0,0.0
FROM_haweaflat,84,4,0.0,0.0,504.56976,115662.39,21981.922,0.0,0.0,0.0,0.0
FROM_moraine_top,84,4,0.0,82799.914,0.0,0.0,0.0,0.0,0.0,0.0,0.0
FROM_river_zone,84,4,0.0,11139.002,0.0,0.0,31019.578,0.0,42.298325,65.03352,0.0
FROM_main_terrace,84,4,0.0,895.6658,0.0,271.82538,0.0,6506.9126,67825.21,6256.6133,0.0
FROM_sandy_point,84,4,0.0,0.0,0.0,0.0,1680.8308,0.0,44.890766,0.0,0.0
FROM_clutha,84,4,0.0,0.0,0.0,3.3349802,1782.9879,12.865153,0.0,939.67285,0.0
FROM_sub_terrace,84,4,0.0,0.0,0.0,76.44319,434.79144,0.0,7561.9497,0.0,0.0
FROM_mangawera,84,4,0.0,0.0,0.0,3697.2031,0.0,0.0,0.0,0.0,0.0
TOTAL_IN,84,4,0.0,317015.34,110019.89,810668100.0,120052390.0,2831857400.0,9008997000.0,8516.66,3987.8994
TO_STORAGE,84,4,0.0,90.7431,0.0018669904,0.06707673,320.05713,0.0011208619,7.6193576,2.7310033,0.08953916
TO_CONSTANT_HEAD,84,4,0.0,0.0,0.0,0.0,0.0,0.0,0.0,0.0,0.0
TO_WELLS,84,4,0.0,5505.3066,0.0,0.0,445.89493,28.567646,0.0,440.7458,290.60635
TO_HEAD_DEP_BOUNDS,84,4,0.0,0.0,753.35156,0.0,0.0,0.0,0.0,0.0,0.0
TO_RECHARGE,84,4,0.0,0.0,0.0,0.0,0.0,0.0,0.0,0.0,0.0
TO_STREAM_LEAKAGE,84,4,0.0,0.0,0.0,121092.92,1633.5334,6696.3384,74985.12,0.0,0.0
TO_STREAM_FLOW_OUT,84,4,0.0,0.0,0.0,0.0,0.0,0.0,0.0,0.0,0.0
TO_ZONE_0,84,4,0.0,0.0,0.0,0.0,0.0,0.0,0.0,0.0,0.0
TO_haweaflat,84,4,0.0,0.0,82799.914,11139.002,895.6658,0.0,0.0,0.0,0.0
TO_moraine_top,84,4,0.0,504.56976,0.0,0.0,0.0,0.0,0.0,0.0,0.0
TO_river_zone,84,4,0.0,115662.39,0.0,0.0,271.82538,0.0,3.3349802,76.44319,3697.2031
TO_main_terrace,84,4,0.0,21981.922,0.0,31019.578,0.0,1680.8308,1782.9879,434.79144,0.0
TO_sandy_point,84,4,0.0,0.0,0.0,0.0,6506.9126,0.0,12.865153,0.0,0.0
TO_clutha,84,4,0.0,0.0,0.0,42.298325,67825.21,44.890766,0.0,7561.9497,0.0
TO_sub_terrace,84,4,0.0,0.0,0.0,65.03352,6256.6133,0.0,939.67285,0.0,0.0
TO_mangawera,84,4,0.0,0.0,0.0,0.0,0.0,0.0,0.0,0.0,0.0
TOTAL_OUT,84,4,0.0,143744.94,83553.266,163358.9,84155.72,8450.629,77731.59,8516.661,3987.899
IN-OUT,84,4,0.0,173270.4,26466.625,810504770.0,119968240.0,2831849000.0,9008920000.0,0.0009765625,0.00048828125
PERCENT_DISCREPANCY,84,4,,75.21065,27.345346,199.91943,199.7198,199.99881,199.99654,1.1466496e-05,1.2244072e-05
FROM_STORAGE,85,4,0.0,27847.262,2147.8354,5138.8716,462.85028,0.0009704353,0.14531776,0.25829834,0.7644963
FROM_CONSTANT_HEAD,85,4,0.0,0.0,0.0,0.0,0.0,0.0,0.0,0.0,0.0
FROM_WELLS,85,4,0.0,4777.7715,18.260052,1438.9762,8504.589,0.0,0.0,77.06712,1081.1698
FROM_HEAD_DEP_BOUNDS,85,4,0.0,0.0,77297.02,0.0,0.0,0.0,0.0,0.0,0.0
FROM_RECHARGE,85,4,0.0,11435.957,1631.3204,4484.366,15251.537,1894.4105,2240.9023,1178.2632,2905.9722
FROM_STREAM_LEAKAGE,85,4,0.0,3500.0,1100.0,32483.738,3119.7043,36.521347,16.351604,0.0,0.0
FROM_STREAM_FLOW_OUT,85,4,0.0,173263.03,26465.953,810246140.0,119964104.0,2831849500.0,9008911000.0,0.0,0.0
FROM_ZONE_0,85,4,0.0,0.0,0.0,0.0,0.0,0.0,0.0,0.0,0.0
FROM_haweaflat,85,4,0.0,0.0,496.8853,113668.97,21854.645,0.0,0.0,0.0,0.0
FROM_moraine_top,85,4,0.0,82010.48,0.0,0.0,0.0,0.0,0.0,0.0,0.0
FROM_river_zone,85,4,0.0,11115.479,0.0,0.0,31020.012,0.0,42.298656,65.04058,0.0
FROM_main_terrace,85,4,0.0,894.069,0.0,271.6441,0.0,6506.913,67825.586,6255.8906,0.0
FROM_sandy_point,85,4,0.0,0.0,0.0,0.0,1680.8308,0.0,44.890766,0.0,0.0
FROM_clutha,85,4,0.0,0.0,0.0,3.334989,1782.4927,12.865153,0.0,939.6392,0.0
FROM_sub_terrace,85,4,0.0,0.0,0.0,76.44617,435.02338,0.0,7561.9434,0.0,0.0
FROM_mangawera,85,4,0.0,0.0,0.0,3697.228,0.0,0.0,0.0,0.0,0.0
TOTAL_IN,85,4,0.0,314844.03,109157.27,810407360.0,120048216.0,2831858000.0,9008988000.0,8516.159,3987.9065
TO_STORAGE,85,4,0.0,48.140404,0.0,0.04753544,278.1083,0.0011244388,6.255776,2.0013611,0.07207337
TO_CONSTANT_HEAD,85,4,0.0,0.0,0.0,0.0,0.0,0.0,0.0,0.0,0.0
TO_WELLS,85,4,0.0,5505.3066,0.0,0.0,445.89493,28.567646,0.0,440.7458,290.60635
TO_HEAD_DEP_BOUNDS,85,4,0.0,0.0,680.23145,0.0,0.0,0.0,0.0,0.0,0.0
TO_RECHARGE,85,4,0.0,0.0,0.0,0.0,0.0,0.0,0.0,0.0,0.0
TO_STREAM_LEAKAGE,85,4,0.0,0.0,0.0,119019.6,1633.5334,6696.3384,74987.55,0.0,0.0
TO_STREAM_FLOW_OUT,85,4,0.0,0.0,0.0,0.0,0.0,0.0,0.0,0.0,0.0
TO_ZONE_0,85,4,0.0,0.0,0.0,0.0,0.0,0.0,0.0,0.0,0.0
TO_haweaflat,85,4,0.0,0.0,82010.48,11115.479,894.069,0.0,0.0,0.0,0.0
TO_moraine_top,85,4,0.0,496.8853,0.0,0.0,0.0,0.0,0.0,0.0,0.0
TO_river_zone,85,4,0.0,113668.97,0.0,0.0,271.6441,0.0,3.334989,76.44617,3697.228
TO_main_terrace,85,4,0.0,21854.645,0.0,31020.012,0.0,1680.8308,1782.4927,435.02338,0.0
TO_sandy_point,85,4,0.0,0.0,0.0,0.0,6506.913,0.0,12.865153,0.0,0.0
TO_clutha,85,4,0.0,0.0,0.0,42.298656,67825.586,44.890766,0.0,7561.9434,0.0
TO_sub_terrace,85,4,0.0,0.0,0.0,65.04058,6255.8906,0.0,939.6392,0.0,0.0
TO_mangawera,85,4,0.0,0.0,0.0,0.0,0.0,0.0,0.0,0.0,0.0
TOTAL_OUT,85,4,0.0,141573.95,82690.71,161262.48,84111.64,8450.629,77732.14,8516.16,3987.9065
IN-OUT,85,4,0.0,173270.08,26466.562,810246100.0,119964104.0,2831849500.0,9008910000.0,0.0009765625,0.0
PERCENT_DISCREPANCY,85,4,,75.92605,27.59118,199.92041,199.71994,199.99881,199.99654,1.1467169e-05,0.0
FROM_STORAGE,86,4,0.0,26341.766,1661.1587,4988.513,547.39124,0.0009667566,0.7722183,0.8051598,0.7656857
FROM_CONSTANT_HEAD,86,4,0.0,0.0,0.0,0.0,0.0,0.0,0.0,0.0,0.0
FROM_WELLS,86,4,0.0,4777.7715,18.260052,1438.9762,8504.589,0.0,0.0,77.06712,1081.1698
FROM_HEAD_DEP_BOUNDS,86,4,0.0,0.0,77280.89,0.0,0.0,0.0,0.0,0.0,0.0
FROM_RECHARGE,86,4,0.0,11435.957,1631.3204,4484.366,15251.537,1894.4105,2240.9023,1178.2632,2905.9722
FROM_STREAM_LEAKAGE,86,4,0.0,3500.0,1100.0,32492.95,3119.7043,36.521347,16.351604,0.0,0.0
FROM_STREAM_FLOW_OUT,86,4,0.0,173263.03,26465.953,810005200.0,119960220.0,2831849200.0,9008901000.0,0.0,0.0
FROM_ZONE_0,86,4,0.0,0.0,0.0,0.0,0.0,0.0,0.0,0.0,0.0
FROM_haweaflat,86,4,0.0,0.0,489.3365,111862.984,21728.879,0.0,0.0,0.0,0.0
FROM_moraine_top,86,4,0.0,81567.805,0.0,0.0,0.0,0.0,0.0,0.0,0.0
FROM_river_zone,86,4,0.0,11100.01,0.0,0.0,31021.62,0.0,42.298992,65.048996,0.0
FROM_main_terrace,86,4,0.0,892.93335,0.0,271.40164,0.0,6506.913,67824.56,6255.0044,0.0
FROM_sandy_point,86,4,0.0,0.0,0.0,0.0,1680.8307,0.0,44.89077,0.0,0.0
FROM_clutha,86,4,0.0,0.0,0.0,3.3349981,1781.8892,12.865153,0.0,939.5791,0.0
FROM_sub_terrace,86,4,0.0,0.0,0.0,76.44399,435.26788,0.0,7561.755,0.0,0.0
FROM_mangawera,86,4,0.0,0.0,0.0,3697.2437,0.0,0.0,0.0,0.0,0.0
TOTAL_IN,86,4,0.0,312879.28,108646.92,810164500.0,120044296.0,2831857700.0,9008978000.0,8515.768,3987.9077
TO_STORAGE,86,4,0.0,23.087595,0.0,0.03289976,241.37703,0.0011288957,5.3127327,1.5554057,0.057095222
TO_CONSTANT_HEAD,86,4,0.0,0.0,0.0,0.0,0.0,0.0,0.0,0.0,0.0
TO_WELLS,86,4,0.0,5505.3066,0.0,0.0,445.89493,28.567646,0.0,440.7458,290.60635
TO_HEAD_DEP_BOUNDS,86,4,0.0,0.0,612.729,0.0,0.0,0.0,0.0,0.0,0.0
TO_RECHARGE,86,4,0.0,0.0,0.0,0.0,0.0,0.0,0.0,0.0,0.0
TO_STREAM_LEAKAGE,86,4,0.0,0.0,0.0,117085.54,1633.5667,6696.3384,74988.54,0.0,0.0
TO_STREAM_FLOW_OUT,86,4,0.0,0.0,0.0,0.0,0.0,0.0,0.0,0.0,0.0
TO_ZONE_0,86,4,0.0,0.0,0.0,0.0,0.0,0.0,0.0,0.0,0.0
TO_haweaflat,86,4,0.0,0.0,81567.805,11100.01,892.93335,0.0,0.0,0.0,0.0
TO_moraine_top,86,4,0.0,489.3365,0.0,0.0,0.0,0.0,0.0,0.0,0.0
TO_river_zone,86,4,0.0,111862.984,0.0,0.0,271.40164,0.0,3.3349981,76.44399,3697.2437
TO_main_terrace,86,4,0.0,21728.879,0.0,31021.62,0.0,1680.8307,1781.8892,435.26788,0.0
TO_sandy_point,86,4,0.0,0.0,0.0,0.0,6506.913,0.0,12.865153,0.0,0.0
TO_clutha,86,4,0.0,0.0,0.0,42.298992,67824.56,44.89077,0.0,7561.755,0.0
TO_sub_terrace,86,4,0.0,0.0,0.0,65.048996,6255.0044,0.0,939.5791,0.0,0.0
TO_mangawera,86,4,0.0,0.0,0.0,0.0,0.0,0.0,0.0,0.0,0.0
TOTAL_OUT,86,4,0.0,139609.6,82180.53,159314.55,84071.66,8450.629,77731.52,8515.768,3987.9072
IN-OUT,86,4,0.0,173269.69,26466.39,810005200.0,119960220.0,2831849200.0,9008900000.0,0.0,0.00048828125
PERCENT_DISCREPANCY,86,4,,76.58517,27.738556,199.92137,199.72006,199.99881,199.99655,0.0,1.2244047e-05
FROM_STORAGE,87,4,0.0,24687.932,1196.121,4802.8467,625.3681,0.0009626235,1.6199045,1.4736122,0.76379776
FROM_CONSTANT_HEAD,87,4,0.0,0.0,0.0,0.0,0.0,0.0,0.0,0.0,0.0
FROM_WELLS,87,4,0.0,4777.7715,18.260052,1438.9762,8504.589,0.0,0.0,77.06712,1081.1698
FROM_HEAD_DEP_BOUNDS,87,4,0.0,0.0,77592.25,0.0,0.0,0.0,0.0,0.0,0.0
FROM_RECHARGE,87,4,0.0,11435.957,1631.3204,4484.366,15251.537,1894.4105,2240.9023,1178.2632,2905.9722
FROM_STREAM_LEAKAGE,87,4,0.0,3500.0,1100.0,32502.428,3119.7043,36.521347,16.351604,0.0,0.0
FROM_STREAM_FLOW_OUT,87,4,0.0,173263.03,26465.953,809782660.0,119956650.0,2831849200.0,9008892000.0,0.0,0.0
FROM_ZONE_0,87,4,0.0,0.0,0.0,0.0,0.0,0.0,0.0,0.0,0.0
FROM_haweaflat,87,4,0.0,0.0,481.89816,110246.81,21610.627,0.0,0.0,0.0,0.0
FROM_moraine_top,87,4,0.0,81475.69,0.0,0.0,0.0,0.0,0.0,0.0,0.0
FROM_river_zone,87,4,0.0,11091.85,0.0,0.0,31024.348,0.0,42.2993,65.05863,0.0
FROM_main_terrace,87,4,0.0,891.92126,0.0,271.10236,0.0,6506.913,67822.16,6253.969,0.0
FROM_sandy_point,87,4,0.0,0.0,0.0,0.0,1680.8307,0.0,44.89077,0.0,0.0
FROM_clutha,87,4,0.0,0.0,0.0,3.3350093,1781.1896,12.865153,0.0,939.4938,0.0
FROM_sub_terrace,87,4,0.0,0.0,0.0,76.43657,435.5212,0.0,7561.3906,0.0,0.0
FROM_mangawera,87,4,0.0,0.0,0.0,3697.2527,0.0,0.0,0.0,0.0,0.0
TOTAL_IN,87,4,0.0,311124.12,108485.805,809940160.0,120040680.0,2831857700.0,9008969000.0,8515.326,3987.9058
TO_STORAGE,87,4,0.0,10.191875,0.00087730994,0.021522319,208.08594,0.001133913,4.5448847,1.2311312,0.046523478
TO_CONSTANT_HEAD,87,4,0.0,0.0,0.0,0.0,0.0,0.0,0.0,0.0,0.0
TO_WELLS,87,4,0.0,5505.3066,0.0,0.0,445.89493,28.567646,0.0,440.7458,290.60635
TO_HEAD_DEP_BOUNDS,87,4,0.0,0.0,543.79785,0.0,0.0,0.0,0.0,0.0,0.0
TO_RECHARGE,87,4,0.0,0.0,0.0,0.0,0.0,0.0,0.0,0.0,0.0
TO_STREAM_LEAKAGE,87,4,0.0,0.0,0.0,115298.836,1633.5667,6696.3384,74988.21,0.0,0.0
TO_STREAM_FLOW_OUT,87,4,0.0,0.0,0.0,0.0,0.0,0.0,0.0,0.0,0.0
TO_ZONE_0,87,4,0.0,0.0,0.0,0.0,0.0,0.0,0.0,0.0,0.0
TO_haweaflat,87,4,0.0,0.0,81475.69,11091.85,891.92126,0.0,0.0,0.0,0.0
TO_moraine_top,87,4,0.0,481.89816,0.0,0.0,0.0,0.0,0.0,0.0,0.0
TO_river_zone,87,4,0.0,110246.81,0.0,0.0,271.10236,0.0,3.3350093,76.43657,3697.2527
TO_main_terrace,87,4,0.0,21610.627,0.0,31024.348,0.0,1680.8307,1781.1896,435.5212,0.0
TO_sandy_point,87,4,0.0,0.0,0.0,0.0,6506.913,0.0,12.865153,0.0,0.0
TO_clutha,87,4,0.0,0.0,0.0,42.2993,67822.16,44.89077,0.0,7561.3906,0.0
TO_sub_terrace,87,4,0.0,0.0,0.0,65.05863,6253.969,0.0,939.4938,0.0,0.0
TO_mangawera,87,4,0.0,0.0,0.0,0.0,0.0,0.0,0.0,0.0,0.0
TOTAL_OUT,87,4,0.0,137854.84,82019.484,157522.42,84033.61,8450.629,77729.64,8515.325,3987.9055
IN-OUT,87,4,0.0,173269.28,26466.32,809782660.0,119956650.0,2831849200.0,9008891000.0,0.0009765625,0.00024414062
PERCENT_DISCREPANCY,87,4,,77.18369,27.785393,199.92223,199.72018,199.99881,199.99655,1.14682925e-05,6.1220258e-06
FROM_STORAGE,88,4,0.0,22911.12,730.3206,4573.1787,704.4743,0.00095858943,2.5811088,2.2122157,0.758179
FROM_CONSTANT_HEAD,88,4,0.0,0.0,0.0,0.0,0.0,0.0,0.0,0.0,0.0
FROM_WELLS,88,4,0.0,4777.7715,18.260052,1438.9762,8504.589,0.0,0.0,77.06712,1081.1698
FROM_HEAD_DEP_BOUNDS,88,4,0.0,0.0,78230.14,0.0,0.0,0.0,0.0,0.0,0.0
FROM_RECHARGE,88,4,0.0,11435.957,1631.3204,4484.366,15251.537,1894.4105,2240.9023,1178.2632,2905.9722
FROM_STREAM_LEAKAGE,88,4,0.0,3500.0,1100.0,32513.031,3119.7043,36.521347,16.351604,0.0,0.0
FROM_STREAM_FLOW_OUT,88,4,0.0,173263.03,26465.953,809579400.0,119953380.0,2831849200.0,9008884000.0,0.0,0.0
FROM_ZONE_0,88,4,0.0,0.0,0.0,0.0,0.0,0.0,0.0,0.0,0.0
FROM_haweaflat,88,4,0.0,0.0,474.79022,108836.71,21491.982,0.0,0.0,0.0,0.0
FROM_moraine_top,88,4,0.0,81712.375,0.0,0.0,0.0,0.0,0.0,0.0,0.0
FROM_river_zone,88,4,0.0,11090.553,0.0,0.0,31028.148,0.0,42.29957,65.069374,0.0
FROM_main_terrace,88,4,0.0,890.68933,0.0,270.7499,0.0,6506.913,67818.43,6252.798,0.0
FROM_sandy_point,88,4,0.0,0.0,0.0,0.0,1680.8307,0.0,44.89077,0.0,0.0
FROM_clutha,88,4,0.0,0.0,0.0,3.335019,1780.4038,12.865153,0.0,939.3845,0.0
FROM_sub_terrace,88,4,0.0,0.0,0.0,76.42411,435.7806,0.0,7560.857,0.0,0.0
FROM_mangawera,88,4,0.0,0.0,0.0,3697.254,0.0,0.0,0.0,0.0,0.0
TOTAL_IN,88,4,0.0,309581.5,108650.78,809735300.0,120037380.0,2831857700.0,9008961000.0,8514.794,3987.9001
TO_STORAGE,88,4,0.0,3.8667374,0.0,0.013221805,178.26277,0.001138771,3.8632772,0.9869608,0.039285567
TO_CONSTANT_HEAD,88,4,0.0,0.0,0.0,0.0,0.0,0.0,0.0,0.0,0.0
TO_WELLS,88,4,0.0,5505.3066,0.0,0.0,445.89493,28.567646,0.0,440.7458,290.60635
TO_HEAD_DEP_BOUNDS,88,4,0.0,0.0,472.24268,0.0,0.0,0.0,0.0,0.0,0.0
TO_RECHARGE,88,4,0.0,0.0,0.0,0.0,0.0,0.0,0.0,0.0,0.0
TO_STREAM_LEAKAGE,88,4,0.0,0.0,0.0,113666.83,1633.5999,6696.3384,74986.58,0.0,0.0
TO_STREAM_FLOW_OUT,88,4,0.0,0.0,0.0,0.0,0.0,0.0,0.0,0.0,0.0
TO_ZONE_0,88,4,0.0,0.0,0.0,0.0,0.0,0.0,0.0,0.0,0.0
TO_haweaflat,88,4,0.0,0.0,81712.375,11090.553,890.68933,0.0,0.0,0.0,0.0
TO_moraine_top,88,4,0.0,474.79022,0.0,0.0,0.0,0.0,0.0,0.0,0.0
TO_river_zone,88,4,0.0,108836.71,0.0,0.0,270.7499,0.0,3.335019,76.42411,3697.254
TO_main_terrace,88,4,0.0,21491.982,0.0,31028.148,0.0,1680.8307,1780.4038,435.7806,0.0
TO_sandy_point,88,4,0.0,0.0,0.0,0.0,6506.913,0.0,12.865153,0.0,0.0
TO_clutha,88,4,0.0,0.0,0.0,42.29957,67818.43,44.89077,0.0,7560.857,0.0
TO_sub_terrace,88,4,0.0,0.0,0.0,65.069374,6252.798,0.0,939.3845,0.0,0.0
TO_mangawera,88,4,0.0,0.0,0.0,0.0,0.0,0.0,0.0,0.0,0.0
TOTAL_OUT,88,4,0.0,136312.66,82184.62,155892.9,83997.336,8450.629,77726.43,8514.795,3987.8994
IN-OUT,88,4,0.0,173268.84,26466.164,809579400.0,119953380.0,2831849200.0,9008883000.0,0.0009765625,0.0007324219
PERCENT_DISCREPANCY,88,4,,77.717476,27.737164,199.923,199.72029,199.99881,199.99654,1.1469008e-05,1.8366105e-05
FROM_STORAGE,89,4,0.0,21126.602,248.89806,4330.9463,782.03,0.00095475593,3.643397,2.993532,0.75135916
FROM_CONSTANT_HEAD,89,4,0.0,0.0,0.0,0.0,0.0,0.0,0.0,0.0,0.0
FROM_WELLS,89,4,0.0,4777.7715,18.260052,1438.9762,8504.589,0.0,0.0,77.06712,1081.1698
FROM_HEAD_DEP_BOUNDS,89,4,0.0,0.0,79206.445,0.0,0.0,0.0,0.0,0.0,0.0
FROM_RECHARGE,89,4,0.0,11435.957,1631.3204,4484.366,15251.537,1894.4105,2240.9023,1178.2632,2905.9722
FROM_STREAM_LEAKAGE,89,4,0.0,3500.0,1100.0,32523.715,3119.7043,36.521347,16.351604,0.0,0.0
FROM_STREAM_FLOW_OUT,89,4,0.0,173263.03,26465.953,809397500.0,119950440.0,2831849200.0,9008877000.0,0.0,0.0
FROM_ZONE_0,89,4,0.0,0.0,0.0,0.0,0.0,0.0,0.0,0.0,0.0
FROM_haweaflat,89,4,0.0,0.0,468.17657,107633.64,21378.658,0.0,0.0,0.0,0.0
FROM_moraine_top,89,4,0.0,82267.91,0.0,0.0,0.0,0.0,0.0,0.0,0.0
FROM_river_zone,89,4,0.0,11095.644,0.0,0.0,31032.73,0.0,42.299854,65.081024,0.0
FROM_main_terrace,89,4,0.0,889.3262,0.0,270.3489,0.0,6506.913,67813.43,6251.5083,0.0
FROM_sandy_point,89,4,0.0,0.0,0.0,0.0,1680.8307,0.0,44.89077,0.0,0.0
FROM_clutha,89,4,0.0,0.0,0.0,3.3350284,1779.5455,12.865152,0.0,939.25287,0.0
FROM_sub_terrace,89,4,0.0,0.0,0.0,76.4068,436.04285,0.0,7560.1626,0.0,0.0
FROM_mangawera,89,4,0.0,0.0,0.0,3697.249,0.0,0.0,0.0,0.0,0.0
TOTAL_IN,89,4,0.0,308356.22,109139.055,809551940.0,120034400.0,2831857700.0,9008953000.0,8514.166,3987.8933
TO_STORAGE,89,4,0.0,0.94924074,2.2959027,0.008372682,151.57445,0.0011439732,3.2787247,0.7977075,0.034237504
TO_CONSTANT_HEAD,89,4,0.0,0.0,0.0,0.0,0.0,0.0,0.0,0.0,0.0
TO_WELLS,89,4,0.0,5505.3066,0.0,0.0,445.89493,28.567646,0.0,440.7458,290.60635
TO_HEAD_DEP_BOUNDS,89,4,0.0,0.0,401.70605,0.0,0.0,0.0,0.0,0.0,0.0
TO_RECHARGE,89,4,0.0,0.0,0.0,0.0,0.0,0.0,0.0,0.0,0.0
TO_STREAM_LEAKAGE,89,4,0.0,0.0,0.0,112201.71,1633.5999,6696.3384,74983.59,0.0,0.0
TO_STREAM_FLOW_OUT,89,4,0.0,0.0,0.0,0.0,0.0,0.0,0.0,0.0,0.0
TO_ZONE_0,89,4,0.0,0.0,0.0,0.0,0.0,0.0,0.0,0.0,0.0
TO_haweaflat,89,4,0.0,0.0,82267.91,11095.644,889.3262,0.0,0.0,0.0,0.0
TO_moraine_top,89,4,0.0,468.17657,0.0,0.0,0.0,0.0,0.0,0.0,0.0
TO_river_zone,89,4,0.0,107633.64,0.0,0.0,270.3489,0.0,3.3350284,76.4068,3697.249
TO_main_terrace,89,4,0.0,21378.658,0.0,31032.73,0.0,1680.8307,1779.5455,436.04285,0.0
TO_sandy_point,89,4,0.0,0.0,0.0,0.0,6506.913,0.0,12.865152,0.0,0.0
TO_clutha,89,4,0.0,0.0,0.0,42.299854,67813.43,44.89077,0.0,7560.1626,0.0
TO_sub_terrace,89,4,0.0,0.0,0.0,65.081024,6251.5083,0.0,939.25287,0.0,0.0
TO_mangawera,89,4,0.0,0.0,0.0,0.0,0.0,0.0,0.0,0.0,0.0
TOTAL_OUT,89,4,0.0,134986.73,82671.91,154437.47,83962.59,8450.629,77721.875,8514.156,3987.8896
IN-OUT,89,4,0.0,173369.48,26467.148,809397500.0,119950440.0,2831849200.0,9008876000.0,0.009765625,0.0036621094
PERCENT_DISCREPANCY,89,4,,78.2101,27.597116,199.92372,199.72041,199.99881,199.99654,0.00011469862,9.183071e-05
FROM_STORAGE,90,4,0.0,19121.855,4.335609,4041.0002,852.16815,0.0009685829,4.769219,3.7785559,0.7363296
FROM_CONSTANT_HEAD,90,4,0.0,0.0,0.0,0.0,0.0,0.0,0.0,0.0,0.0
FROM_WELLS,90,4,0.0,4777.7715,18.260052,1438.9762,8504.589,0.0,0.0,77.06712,1081.1698
FROM_HEAD_DEP_BOUNDS,90,4,0.0,0.0,80521.93,0.0,0.0,0.0,0.0,0.0,0.0
FROM_RECHARGE,90,4,0.0,11435.957,1631.3204,4484.366,15251.537,1894.4105,2240.9023,1178.2632,2905.9722
FROM_STREAM_LEAKAGE,90,4,0.0,3500.0,1100.0,32534.715,3119.7043,36.521347,16.351604,0.0,0.0
FROM_STREAM_FLOW_OUT,90,4,0.0,173263.03,26465.953,809237250.0,119947860.0,2831849200.0,9008869000.0,0.0,0.0
FROM_ZONE_0,90,4,0.0,0.0,0.0,0.0,0.0,0.0,0.0,0.0,0.0
FROM_haweaflat,90,4,0.0,0.0,462.6139,106636.19,21271.078,0.0,0.0,0.0,0.0
FROM_moraine_top,90,4,0.0,83145.836,0.0,0.0,0.0,0.0,0.0,0.0,0.0
FROM_river_zone,90,4,0.0,11106.827,0.0,0.0,31038.023,0.0,42.300125,65.09338,0.0
FROM_main_terrace,90,4,0.0,888.2191,0.0,269.9029,0.0,6506.913,67807.23,6250.1094,0.0
FROM_sandy_point,90,4,0.0,0.0,0.0,0.0,1680.8307,0.0,44.890774,0.0,0.0
FROM_clutha,90,4,0.0,0.0,0.0,3.33504,1778.6255,12.865152,0.0,939.1006,0.0
FROM_sub_terrace,90,4,0.0,0.0,0.0,76.38485,436.30606,0.0,7559.3164,0.0,0.0
FROM_mangawera,90,4,0.0,0.0,0.0,3697.2378,0.0,0.0,0.0,0.0,0.0
TOTAL_IN,90,4,0.0,307239.5,110204.414,809390400.0,120031790.0,2831857700.0,9008946000.0,8513.412,3987.8784
TO_STORAGE,90,4,0.0,4.894269,248.91017,0.005720117,127.41554,0.0011306362,2.7596016,0.64411825,0.03036511
TO_CONSTANT_HEAD,90,4,0.0,0.0,0.0,0.0,0.0,0.0,0.0,0.0,0.0
TO_WELLS,90,4,0.0,5505.3066,0.0,0.0,445.89493,28.567646,0.0,440.7458,290.60635
TO_HEAD_DEP_BOUNDS,90,4,0.0,0.0,345.30566,0.0,0.0,0.0,0.0,0.0,0.0
TO_RECHARGE,90,4,0.0,0.0,0.0,0.0,0.0,0.0,0.0,0.0,0.0
TO_STREAM_LEAKAGE,90,4,0.0,0.0,0.0,110909.664,1633.5999,6696.3384,74979.27,0.0,0.0
TO_STREAM_FLOW_OUT,90,4,0.0,0.0,0.0,0.0,0.0,0.0,0.0,0.0,0.0
TO_ZONE_0,90,4,0.0,0.0,0.0,0.0,0.0,0.0,0.0,0.0,0.0
TO_haweaflat,90,4,0.0,0.0,83145.836,11106.827,888.2191,0.0,0.0,0.0,0.0
TO_moraine_top,90,4,0.0,462.6139,0.0,0.0,0.0,0.0,0.0,0.0,0.0
TO_river_zone,90,4,0.0,106636.19,0.0,0.0,269.9029,0.0,3.33504,76.38485,3697.2378
TO_main_terrace,90,4,0.0,21271.078,0.0,31038.023,0.0,1680.8307,1778.6255,436.30606,0.0
TO_sandy_point,90,4,0.0,0.0,0.0,0.0,6506.913,0.0,12.865152,0.0,0.0
TO_clutha,90,4,0.0,0.0,0.0,42.300125,67807.23,44.890774,0.0,7559.3164,0.0
TO_sub_terrace,90,4,0.0,0.0,0.0,65.09338,6250.1094,0.0,939.1006,0.0,0.0
TO_mangawera,90,4,0.0,0.0,0.0,0.0,0.0,0.0,0.0,0.0,0.0
TOTAL_OUT,90,4,0.0,133880.08,83740.055,153161.92,83929.28,8450.629,77715.96,8513.397,3987.8745
IN-OUT,90,4,0.0,173359.42,26464.36,809237250.0,119947864.0,2831849200.0,9008868000.0,0.0146484375,0.00390625
PERCENT_DISCREPANCY,90,4,,78.59974,27.290657,199.92432,199.72052,199.99881,199.99654,0.00017206321,9.795313e-05
FROM_STORAGE,91,4,0.0,17014.453,0.46232182,3720.0708,916.69604,0.0009632677,5.9390616,4.5491886,0.7167316
FROM_CONSTANT_HEAD,91,4,0.0,0.0,0.0,0.0,0.0,0.0,0.0,0.0,0.0
FROM_WELLS,91,4,0.0,4777.7715,18.260052,1438.9762,8504.589,0.0,0.0,77.06712,1081.1698
FROM_HEAD_DEP_BOUNDS,91,4,0.0,0.0,82214.27,0.0,0.0,0.0,0.0,0.0,0.0
FROM_RECHARGE,91,4,0.0,11435.957,1631.3204,4484.366,15251.537,1894.4105,2240.9023,1178.2632,2905.9722
FROM_STREAM_LEAKAGE,91,4,0.0,3500.0,1100.0,32546.059,3119.7043,36.521347,16.351604,0.0,0.0
FROM_STREAM_FLOW_OUT,91,4,0.0,173263.03,26465.953,809098940.0,119945600.0,2831849000.0,9008863000.0,0.0,0.0
FROM_ZONE_0,91,4,0.0,0.0,0.0,0.0,0.0,0.0,0.0,0.0,0.0
FROM_haweaflat,91,4,0.0,0.0,458.21893,105853.516,21170.207,0.0,0.0,0.0,0.0
FROM_moraine_top,91,4,0.0,84353.336,0.0,0.0,0.0,0.0,0.0,0.0,0.0
FROM_river_zone,91,4,0.0,11123.816,0.0,0.0,31044.148,0.0,42.30032,65.10639,0.0
FROM_main_terrace,91,4,0.0,887.54614,0.0,269.4197,0.0,6506.913,67799.94,6248.625,0.0
FROM_sandy_point,91,4,0.0,0.0,0.0,0.0,1680.8307,0.0,44.890774,0.0,0.0
FROM_clutha,91,4,0.0,0.0,0.0,3.3350487,1777.6573,12.865152,0.0,938.9298,0.0
FROM_sub_terrace,91,4,0.0,0.0,0.0,76.358665,436.56567,0.0,7558.3315,0.0,0.0
FROM_mangawera,91,4,0.0,0.0,0.0,3697.221,0.0,0.0,0.0,0.0,0.0
TOTAL_IN,91,4,0.0,306355.9,111888.484,809251000.0,120029500.0,2831857400.0,9008940000.0,8512.541,3987.8586
TO_STORAGE,91,4,0.0,19.914684,742.0751,0.0038805744,105.98834,0.0011372905,2.3195162,0.5201599,0.027551418
TO_CONSTANT_HEAD,91,4,0.0,0.0,0.0,0.0,0.0,0.0,0.0,0.0,0.0
TO_WELLS,91,4,0.0,5505.3066,0.0,0.0,445.89493,28.567646,0.0,440.7458,290.60635
TO_HEAD_DEP_BOUNDS,91,4,0.0,0.0,331.86816,0.0,0.0,0.0,0.0,0.0,0.0
TO_RECHARGE,91,4,0.0,0.0,0.0,0.0,0.0,0.0,0.0,0.0,0.0
TO_STREAM_LEAKAGE,91,4,0.0,0.0,0.0,109795.35,1633.633,6696.3384,74973.664,0.0,0.0
TO_STREAM_FLOW_OUT,91,4,0.0,0.0,0.0,0.0,0.0,0.0,0.0,0.0,0.0
TO_ZONE_0,91,4,0.0,0.0,0.0,0.0,0.0,0.0,0.0,0.0,0.0
TO_haweaflat,91,4,0.0,0.0,84353.336,11123.816,887.54614,0.0,0.0,0.0,0.0
TO_moraine_top,91,4,0.0,458.21893,0.0,0.0,0.0,0.0,0.0,0.0,0.0
TO_river_zone,91,4,0.0,105853.516,0.0,0.0,269.4197,0.0,3.3350487,76.358665,3697.221
TO_main_terrace,91,4,0.0,21170.207,0.0,31044.148,0.0,1680.8307,1777.6573,436.56567,0.0
TO_sandy_point,91,4,0.0,0.0,0.0,0.0,6506.913,0.0,12.865152,0.0,0.0
TO_clutha,91,4,0.0,0.0,0.0,42.30032,67799.94,44.890774,0.0,7558.3315,0.0
TO_sub_terrace,91,4,0.0,0.0,0.0,65.10639,6248.625,0.0,938.9298,0.0,0.0
TO_mangawera,91,4,0.0,0.0,0.0,0.0,0.0,0.0,0.0,0.0,0.0
TOTAL_OUT,91,4,0.0,133007.16,85427.28,152070.72,83897.96,8450.629,77708.77,8512.521,3987.855
IN-OUT,91,4,0.0,173348.75,26461.203,809098940.0,119945610.0,2831849000.0,9008862000.0,0.01953125,0.0036621094
PERCENT_DISCREPANCY,91,4,,78.90912,26.821175,199.92485,199.72061,199.99881,199.99655,0.00022944115,9.183151e-05
FROM_STORAGE,92,4,0.0,14811.51,3.7116176e-13,3370.9583,974.64966,0.0009821295,7.1203647,5.288649,0.6924619
FROM_CONSTANT_HEAD,92,4,0.0,0.0,0.0,0.0,0.0,0.0,0.0,0.0,0.0
FROM_WELLS,92,4,0.0,4777.7715,18.260052,1438.9762,8504.589,0.0,0.0,77.06712,1081.1698
FROM_HEAD_DEP_BOUNDS,92,4,0.0,0.0,84251.445,0.0,0.0,0.0,0.0,0.0,0.0
FROM_RECHARGE,92,4,0.0,11435.957,1631.3204,4484.366,15251.537,1894.4105,2240.9023,1178.2632,2905.9722
FROM_STREAM_LEAKAGE,92,4,0.0,3500.0,1100.0,32557.562,3119.7043,36.521347,16.351604,0.0,0.0
FROM_STREAM_FLOW_OUT,92,4,0.0,173263.03,26465.953,808983550.0,119943700.0,2831848200.0,9008857000.0,0.0,0.0
FROM_ZONE_0,92,4,0.0,0.0,0.0,0.0,0.0,0.0,0.0,0.0,0.0
FROM_haweaflat,92,4,0.0,0.0,454.57672,105286.43,21076.379,0.0,0.0,0.0,0.0
FROM_moraine_top,92,4,0.0,85879.29,0.0,0.0,0.0,0.0,0.0,0.0,0.0
FROM_river_zone,92,4,0.0,11146.001,0.0,0.0,31051.023,0.0,42.30047,65.11975,0.0
FROM_main_terrace,92,4,0.0,886.82184,0.0,268.90573,0.0,6506.913,67791.63,6247.0757,0.0
FROM_sandy_point,92,4,0.0,0.0,0.0,0.0,1680.8308,0.0,44.890774,0.0,0.0
FROM_clutha,92,4,0.0,0.0,0.0,3.3350563,1776.654,12.865152,0.0,938.74286,0.0
FROM_sub_terrace,92,4,0.0,0.0,0.0,76.32859,436.8181,0.0,7557.22,0.0,0.0
FROM_mangawera,92,4,0.0,0.0,0.0,3697.1995,0.0,0.0,0.0,0.0,0.0
TOTAL_IN,92,4,0.0,305700.38,113921.555,809134700.0,120027570.0,2831856600.0,9008934000.0,8511.558,3987.8345
TO_STORAGE,92,4,0.0,40.096867,1252.6323,0.0027100216,86.92916,0.0011177054,1.947664,0.42065233,0.02531516
TO_CONSTANT_HEAD,92,4,0.0,0.0,0.0,0.0,0.0,0.0,0.0,0.0,0.0
TO_WELLS,92,4,0.0,5505.3066,0.0,0.0,445.89493,28.567646,0.0,440.7458,290.60635
TO_HEAD_DEP_BOUNDS,92,4,0.0,0.0,331.39795,0.0,0.0,0.0,0.0,0.0,0.0
TO_RECHARGE,92,4,0.0,0.0,0.0,0.0,0.0,0.0,0.0,0.0,0.0
TO_STREAM_LEAKAGE,92,4,0.0,0.0,0.0,108862.79,1633.633,6696.3384,74966.92,0.0,0.0
TO_STREAM_FLOW_OUT,92,4,0.0,0.0,0.0,0.0,0.0,0.0,0.0,0.0,0.0
TO_ZONE_0,92,4,0.0,0.0,0.0,0.0,0.0,0.0,0.0,0.0,0.0
TO_haweaflat,92,4,0.0,0.0,85879.29,11146.001,886.82184,0.0,0.0,0.0,0.0
TO_moraine_top,92,4,0.0,454.57672,0.0,0.0,0.0,0.0,0.0,0.0,0.0
TO_river_zone,92,4,0.0,105286.43,0.0,0.0,268.90573,0.0,3.3350563,76.32859,3697.1995
TO_main_terrace,92,4,0.0,21076.379,0.0,31051.023,0.0,1680.8308,1776.654,436.8181,0.0
TO_sandy_point,92,4,0.0,0.0,0.0,0.0,6506.913,0.0,12.865152,0.0,0.0
TO_clutha,92,4,0.0,0.0,0.0,42.30047,67791.63,44.890774,0.0,7557.22,0.0
TO_sub_terrace,92,4,0.0,0.0,0.0,65.11975,6247.0757,0.0,938.74286,0.0,0.0
TO_mangawera,92,4,0.0,0.0,0.0,0.0,0.0,0.0,0.0,0.0,0.0
TOTAL_OUT,92,4,0.0,132362.78,87463.32,151167.23,83867.81,8450.629,77700.47,8511.533,3987.831
IN-OUT,92,4,0.0,173337.6,26458.234,808983550.0,119943704.0,2831848200.0,9008856000.0,0.024414062,0.0034179688
PERCENT_DISCREPANCY,92,4,,79.138176,26.276289,199.9253,199.7207,199.99881,199.99654,0.0002868347,8.570993e-05
FROM_STORAGE,93,4,0.0,12482.501,0.0037454076,2984.7622,1021.3173,0.0009948683,8.23637,5.9567184,0.66057557
FROM_CONSTANT_HEAD,93,4,0.0,0.0,0.0,0.0,0.0,0.0,0.0,0.0,0.0
FROM_WELLS,93,4,0.0,4777.7715,18.260052,1438.9762,8504.589,0.0,0.0,77.06712,1081.1698
FROM_HEAD_DEP_BOUNDS,93,4,0.0,0.0,86608.734,0.0,0.0,0.0,0.0,0.0,0.0
FROM_RECHARGE,93,4,0.0,11435.957,1631.3204,4484.366,15251.537,1894.4105,2240.9023,1178.2632,2905.9722
FROM_STREAM_LEAKAGE,93,4,0.0,3500.0,1100.0,32569.453,3119.7043,36.521347,16.351604,0.0,0.0
FROM_STREAM_FLOW_OUT,93,4,0.0,173263.03,26465.953,808891800.0,119942210.0,2831848000.0,9008853000.0,0.0,0.0
FROM_ZONE_0,93,4,0.0,0.0,0.0,0.0,0.0,0.0,0.0,0.0,0.0
FROM_haweaflat,93,4,0.0,0.0,451.3711,104935.375,20990.373,0.0,0.0,0.0,0.0
FROM_moraine_top,93,4,0.0,87742.43,0.0,0.0,0.0,0.0,0.0,0.0,0.0
FROM_river_zone,93,4,0.0,11173.18,0.0,0.0,31058.531,0.0,42.300613,65.13338,0.0
FROM_main_terrace,93,4,0.0,886.0572,0.0,268.36807,0.0,6506.913,67782.46,6245.481,0.0
FROM_sandy_point,93,4,0.0,0.0,0.0,0.0,1680.8308,0.0,44.890778,0.0,0.0
FROM_clutha,93,4,0.0,0.0,0.0,3.335066,1775.631,12.865152,0.0,938.5426,0.0
FROM_sub_terrace,93,4,0.0,0.0,0.0,76.29492,437.0607,0.0,7556.0005,0.0,0.0
FROM_mangawera,93,4,0.0,0.0,0.0,3697.1724,0.0,0.0,0.0,0.0,0.0
TOTAL_IN,93,4,0.0,305260.94,116275.64,809042240.0,120026050.0,2831856400.0,9008930000.0,8510.444,3987.8025
TO_STORAGE,93,4,0.0,112.59127,1736.6549,0.0018717542,70.51746,0.0011025225,1.6170341,0.34011424,0.023401987
TO_CONSTANT_HEAD,93,4,0.0,0.0,0.0,0.0,0.0,0.0,0.0,0.0,0.0
TO_WELLS,93,4,0.0,5505.3066,0.0,0.0,445.89493,28.567646,0.0,440.7458,290.60635
TO_HEAD_DEP_BOUNDS,93,4,0.0,0.0,331.02246,0.0,0.0,0.0,0.0,0.0,0.0
TO_RECHARGE,93,4,0.0,0.0,0.0,0.0,0.0,0.0,0.0,0.0,0.0
TO_STREAM_LEAKAGE,93,4,0.0,0.0,0.0,108118.37,1633.633,6696.3384,74959.09,0.0,0.0
TO_STREAM_FLOW_OUT,93,4,0.0,0.0,0.0,0.0,0.0,0.0,0.0,0.0,0.0
TO_ZONE_0,93,4,0.0,0.0,0.0,0.0,0.0,0.0,0.0,0.0,0.0
TO_haweaflat,93,4,0.0,0.0,87742.43,11173.18,886.0572,0.0,0.0,0.0,0.0
TO_moraine_top,93,4,0.0,451.3711,0.0,0.0,0.0,0.0,0.0,0.0,0.0
TO_river_zone,93,4,0.0,104935.375,0.0,0.0,268.36807,0.0,3.335066,76.29492,3697.1724
TO_main_terrace,93,4,0.0,20990.373,0.0,31058.531,0.0,1680.8308,1775.631,437.0607,0.0
TO_sandy_point,93,4,0.0,0.0,0.0,0.0,6506.913,0.0,12.865152,0.0,0.0
TO_clutha,93,4,0.0,0.0,0.0,42.300613,67782.46,44.890778,0.0,7556.0005,0.0
TO_sub_terrace,93,4,0.0,0.0,0.0,65.13338,6245.481,0.0,938.5426,0.0,0.0
TO_mangawera,93,4,0.0,0.0,0.0,0.0,0.0,0.0,0.0,0.0,0.0
TOTAL_OUT,93,4,0.0,131995.02,89810.11,150457.52,83839.33,8450.629,77691.086,8510.442,3987.8022
IN-OUT,93,4,0.0,173265.92,26465.531,808891800.0,119942210.0,2831848000.0,9008852000.0,0.001953125,0.00024414062
PERCENT_DISCREPANCY,93,4,,79.25149,25.683998,199.92561,199.72078,199.99881,199.99654,2.2949744e-05,6.122185e-06
FROM_STORAGE,94,4,0.0,10619.995,0.0,2592.827,1065.8533,0.0009949867,9.344139,6.595316,0.6274102
FROM_CONSTANT_HEAD,94,4,0.0,0.0,0.0,0.0,0.0,0.0,0.0,0.0,0.0
FROM_WELLS,94,4,0.0,4777.7715,18.260052,1438.9762,8504.589,0.0,0.0,77.06712,1081.1698
FROM_HEAD_DEP_BOUNDS,94,4,0.0,0.0,89366.44,0.0,0.0,0.0,0.0,0.0,0.0
FROM_RECHARGE,94,4,0.0,11435.957,1631.3204,4484.366,15251.537,1894.4105,2240.9023,1178.2632,2905.9722
FROM_STREAM_LEAKAGE,94,4,0.0,3500.0,1100.0,32581.0,3119.7043,36.521347,16.351604,0.0,0.0
FROM_STREAM_FLOW_OUT,94,4,0.0,173263.03,26465.953,808823740.0,119941080.0,2831847700.0,9008849000.0,0.0,0.0
FROM_ZONE_0,94,4,0.0,0.0,0.0,0.0,0.0,0.0,0.0,0.0,0.0
FROM_haweaflat,94,4,0.0,0.0,448.56992,104812.11,20912.6,0.0,0.0,0.0,0.0
FROM_moraine_top,94,4,0.0,89985.21,0.0,0.0,0.0,0.0,0.0,0.0,0.0
FROM_river_zone,94,4,0.0,11205.409,0.0,0.0,31066.596,0.0,42.300663,65.14711,0.0
FROM_main_terrace,94,4,0.0,885.2615,0.0,267.81192,0.0,6506.9136,67772.516,6243.855,0.0
FROM_sandy_point,94,4,0.0,0.0,0.0,0.0,1680.8308,0.0,44.890778,0.0,0.0
FROM_clutha,94,4,0.0,0.0,0.0,3.3350728,1774.5988,12.865152,0.0,938.33105,0.0
FROM_sub_terrace,94,4,0.0,0.0,0.0,76.25826,437.29187,0.0,7554.6865,0.0,0.0
FROM_mangawera,94,4,0.0,0.0,0.0,3697.141,0.0,0.0,0.0,0.0,0.0
TOTAL_IN,94,4,0.0,305672.62,119030.54,808973700.0,120024900.0,2831856000.0,9008926000.0,8509.259,3987.7695
TO_STORAGE,94,4,0.0,728.32135,2249.686,7.066154,57.42593,0.001106066,1.3410579,0.2747796,0.021799019
TO_CONSTANT_HEAD,94,4,0.0,0.0,0.0,0.0,0.0,0.0,0.0,0.0,0.0
TO_WELLS,94,4,0.0,5505.3066,0.0,0.0,445.89493,28.567646,0.0,440.7458,290.60635
TO_HEAD_DEP_BOUNDS,94,4,0.0,0.0,330.78174,0.0,0.0,0.0,0.0,0.0,0.0
TO_RECHARGE,94,4,0.0,0.0,0.0,0.0,0.0,0.0,0.0,0.0,0.0
TO_STREAM_LEAKAGE,94,4,0.0,0.0,0.0,107566.51,1633.6995,6696.3384,74950.555,0.0,0.0
TO_STREAM_FLOW_OUT,94,4,0.0,0.0,0.0,0.0,0.0,0.0,0.0,0.0,0.0
TO_ZONE_0,94,4,0.0,0.0,0.0,0.0,0.0,0.0,0.0,0.0,0.0
TO_haweaflat,94,4,0.0,0.0,89985.21,11205.409,885.2615,0.0,0.0,0.0,0.0
TO_moraine_top,94,4,0.0,448.56992,0.0,0.0,0.0,0.0,0.0,0.0,0.0
TO_river_zone,94,4,0.0,104812.11,0.0,0.0,267.81192,0.0,3.3350728,76.25826,3697.141
TO_main_terrace,94,4,0.0,20912.6,0.0,31066.596,0.0,1680.8308,1774.5988,437.29187,0.0
TO_sandy_point,94,4,0.0,0.0,0.0,0.0,6506.9136,0.0,12.865152,0.0,0.0
TO_clutha,94,4,0.0,0.0,0.0,42.300663,67772.516,44.890778,0.0,7554.6865,0.0
TO_sub_terrace,94,4,0.0,0.0,0.0,65.14711,6243.855,0.0,938.33105,0.0,0.0
TO_mangawera,94,4,0.0,0.0,0.0,0.0,0.0,0.0,0.0,0.0,0.0
TOTAL_OUT,94,4,0.0,132406.9,92565.68,149953.02,83813.375,8450.629,77681.03,8509.257,3987.7693
IN-OUT,94,4,0.0,173265.72,26464.86,808823740.0,119941080.0,2831847700.0,9008848000.0,0.001953125,0.00024414062
PERCENT_DISCREPANCY,94,4,,79.1024,25.014492,199.92587,199.72087,199.9988,199.99655,2.2952941e-05,6.122235e-06
FROM_STORAGE,95,4,0.0,9219.45,0.001699768,2205.8643,1102.2734,0.000990931,10.397462,7.173146,0.58996344
FROM_CONSTANT_HEAD,95,4,0.0,0.0,0.0,0.0,0.0,0.0,0.0,0.0,0.0
FROM_WELLS,95,4,0.0,4777.7715,18.260052,1438.9762,8504.589,0.0,0.0,77.06712,1081.1698
FROM_HEAD_DEP_BOUNDS,95,4,0.0,0.0,92636.51,0.0,0.0,0.0,0.0,0.0,0.0
FROM_RECHARGE,95,4,0.0,11435.957,1631.3204,4484.366,15251.537,1894.4105,2240.9023,1178.2632,2905.9722
FROM_STREAM_LEAKAGE,95,4,0.0,3500.0,1100.0,32592.703,3119.7043,36.521347,16.351604,0.0,0.0
FROM_STREAM_FLOW_OUT,95,4,0.0,173263.03,26465.953,808782100.0,119940376.0,2831847400.0,9008847000.0,0.0,0.0
FROM_ZONE_0,95,4,0.0,0.0,0.0,0.0,0.0,0.0,0.0,0.0,0.0
FROM_haweaflat,95,4,0.0,0.0,445.84088,104936.414,20843.895,0.0,0.0,0.0,0.0
FROM_moraine_top,95,4,0.0,92743.81,0.0,0.0,0.0,0.0,0.0,0.0,0.0
FROM_river_zone,95,4,0.0,11243.168,0.0,0.0,31075.133,0.0,42.300724,65.16078,0.0
FROM_main_terrace,95,4,0.0,884.4424,0.0,267.24277,0.0,6506.9136,67761.91,6242.2153,0.0
FROM_sandy_point,95,4,0.0,0.0,0.0,0.0,1680.8307,0.0,44.890778,0.0,0.0
FROM_clutha,95,4,0.0,0.0,0.0,3.3350775,1773.5681,12.865152,0.0,938.1105,0.0
FROM_sub_terrace,95,4,0.0,0.0,0.0,76.21875,437.50946,0.0,7553.2915,0.0,0.0
FROM_mangawera,95,4,0.0,0.0,0.0,3697.1055,0.0,0.0,0.0,0.0,0.0
TOTAL_IN,95,4,0.0,307067.62,122297.89,808931800.0,120024160.0,2831855900.0,9008924000.0,8507.99,3987.732
TO_STORAGE,95,4,0.0,2071.2102,2758.7554,54.511375,46.480606,0.0011117256,1.1093347,0.22253135,0.020030279
TO_CONSTANT_HEAD,95,4,0.0,0.0,0.0,0.0,0.0,0.0,0.0,0.0,0.0
TO_WELLS,95,4,0.0,5505.3066,0.0,0.0,445.89493,28.567646,0.0,440.7458,290.60635
TO_HEAD_DEP_BOUNDS,95,4,0.0,0.0,330.16504,0.0,0.0,0.0,0.0,0.0,0.0
TO_RECHARGE,95,4,0.0,0.0,0.0,0.0,0.0,0.0,0.0,0.0,0.0
TO_STREAM_LEAKAGE,95,4,0.0,0.0,0.0,107221.41,1633.6995,6696.3384,74941.06,0.0,0.0
TO_STREAM_FLOW_OUT,95,4,0.0,0.0,0.0,0.0,0.0,0.0,0.0,0.0,0.0
TO_ZONE_0,95,4,0.0,0.0,0.0,0.0,0.0,0.0,0.0,0.0,0.0
TO_haweaflat,95,4,0.0,0.0,92743.81,11243.168,884.4424,0.0,0.0,0.0,0.0
TO_moraine_top,95,4,0.0,445.84088,0.0,0.0,0.0,0.0,0.0,0.0,0.0
TO_river_zone,95,4,0.0,104936.414,0.0,0.0,267.24277,0.0,3.3350775,76.21875,3697.1055
TO_main_terrace,95,4,0.0,20843.895,0.0,31075.133,0.0,1680.8307,1773.5681,437.50946,0.0
TO_sandy_point,95,4,0.0,0.0,0.0,0.0,6506.9136,0.0,12.865152,0.0,0.0
TO_clutha,95,4,0.0,0.0,0.0,42.300724,67761.91,44.890778,0.0,7553.2915,0.0
TO_sub_terrace,95,4,0.0,0.0,0.0,65.16078,6242.2153,0.0,938.1105,0.0,0.0
TO_mangawera,95,4,0.0,0.0,0.0,0.0,0.0,0.0,0.0,0.0,0.0
TOTAL_OUT,95,4,0.0,133802.67,95832.734,149701.67,83788.8,8450.629,77670.055,8507.988,3987.732
IN-OUT,95,4,0.0,173264.95,26465.156,808782100.0,119940370.0,2831847400.0,9008846000.0,0.001953125,0.0
PERCENT_DISCREPANCY,95,4,,78.601326,24.265419,199.926,199.72095,199.9988,199.99655,2.2956365e-05,0.0
FROM_STORAGE,96,4,0.0,8034.408,0.0,1818.6116,1129.4911,0.0009846933,11.374749,7.6855206,0.5458581
FROM_CONSTANT_HEAD,96,4,0.0,0.0,0.0,0.0,0.0,0.0,0.0,0.0,0.0
FROM_WELLS,96,4,0.0,4777.7715,18.260052,1438.9762,8504.589,0.0,0.0,77.06712,1081.1698
FROM_HEAD_DEP_BOUNDS,96,4,0.0,0.0,96517.62,0.0,0.0,0.0,0.0,0.0,0.0
FROM_RECHARGE,96,4,0.0,11435.957,1631.3204,4484.366,15251.537,1894.4105,2240.9023,1178.2632,2905.9722
FROM_STREAM_LEAKAGE,96,4,0.0,3500.0,1100.0,32603.867,3119.7043,36.521347,16.351604,0.0,0.0
FROM_STREAM_FLOW_OUT,96,4,0.0,173263.03,26465.953,808768500.0,119940104.0,2831846400.0,9008844000.0,0.0,0.0
FROM_ZONE_0,96,4,0.0,0.0,0.0,0.0,0.0,0.0,0.0,0.0,0.0
FROM_haweaflat,96,4,0.0,0.0,443.1642,105348.53,20785.26,0.0,0.0,0.0,0.0
FROM_moraine_top,96,4,0.0,96106.836,0.0,0.0,0.0,0.0,0.0,0.0,0.0
FROM_river_zone,96,4,0.0,11287.355,0.0,0.0,31084.059,0.0,42.30069,65.174255,0.0
FROM_main_terrace,96,4,0.0,883.605,0.0,266.66653,0.0,6506.9136,67750.76,6240.5767,0.0
FROM_sandy_point,96,4,0.0,0.0,0.0,0.0,1680.8307,0.0,44.89078,0.0,0.0
FROM_clutha,96,4,0.0,0.0,0.0,3.3350804,1772.55,12.865152,0.0,937.88324,0.0
FROM_sub_terrace,96,4,0.0,0.0,0.0,76.177025,437.7118,0.0,7551.831,0.0,0.0
FROM_mangawera,96,4,0.0,0.0,0.0,3697.063,0.0,0.0,0.0,0.0,0.0
TOTAL_IN,96,4,0.0,309288.94,126176.31,808918200.0,120023880.0,2831854800.0,9008921000.0,8506.649,3987.688
TO_STORAGE,96,4,0.0,3942.5945,3274.6023,154.86241,37.333076,0.0011197461,0.91040796,0.18163937,0.018165935
TO_CONSTANT_HEAD,96,4,0.0,0.0,0.0,0.0,0.0,0.0,0.0,0.0,0.0
TO_WELLS,96,4,0.0,5505.3066,0.0,0.0,445.89493,28.567646,0.0,440.7458,290.60635
TO_HEAD_DEP_BOUNDS,96,4,0.0,0.0,330.0952,0.0,0.0,0.0,0.0,0.0,0.0
TO_RECHARGE,96,4,0.0,0.0,0.0,0.0,0.0,0.0,0.0,0.0,0.0
TO_STREAM_LEAKAGE,96,4,0.0,0.0,0.0,107103.49,1633.6995,6696.3384,74930.836,0.0,0.0
TO_STREAM_FLOW_OUT,96,4,0.0,0.0,0.0,0.0,0.0,0.0,0.0,0.0,0.0
TO_ZONE_0,96,4,0.0,0.0,0.0,0.0,0.0,0.0,0.0,0.0,0.0
TO_haweaflat,96,4,0.0,0.0,96106.836,11287.355,883.605,0.0,0.0,0.0,0.0
TO_moraine_top,96,4,0.0,443.1642,0.0,0.0,0.0,0.0,0.0,0.0,0.0
TO_river_zone,96,4,0.0,105348.53,0.0,0.0,266.66653,0.0,3.3350804,76.177025,3697.063
TO_main_terrace,96,4,0.0,20785.26,0.0,31084.059,0.0,1680.8307,1772.55,437.7118,0.0
TO_sandy_point,96,4,0.0,0.0,0.0,0.0,6506.9136,0.0,12.865152,0.0,0.0
TO_clutha,96,4,0.0,0.0,0.0,42.30069,67750.76,44.89078,0.0,7551.831,0.0
TO_sub_terrace,96,4,0.0,0.0,0.0,65.174255,6240.5767,0.0,937.88324,0.0,0.0
TO_mangawera,96,4,0.0,0.0,0.0,0.0,0.0,0.0,0.0,0.0,0.0
TOTAL_OUT,96,4,0.0,136024.86,99711.53,149737.23,83765.445,8450.629,77658.38,8506.647,3987.6875
IN-OUT,96,4,0.0,173264.08,26464.781,808768450.0,119940110.0,2831846400.0,9008843000.0,0.001953125,0.00048828125
PERCENT_DISCREPANCY,96,4,,77.81662,23.431787,199.92596,199.72102,199.9988,199.99654,2.2959983e-05,1.2244721e-05
FROM_STORAGE,97,4,0.0,6897.7944,0.0018853622,1415.993,1146.2245,0.0009770684,12.2597065,8.119113,0.49275625
FROM_CONSTANT_HEAD,97,4,0.0,0.0,0.0,0.0,0.0,0.0,0.0,0.0,0.0
FROM_WELLS,97,4,0.0,4777.7715,18.260052,1438.9762,8504.589,0.0,0.0,77.06712,1081.1698
FROM_HEAD_DEP_BOUNDS,97,4,0.0,0.0,101586.78,0.0,0.0,0.0,0.0,0.0,0.0
FROM_RECHARGE,97,4,0.0,11435.957,1631.3204,4484.366,15251.537,1894.4105,2240.9023,1178.2632,2905.9722
FROM_STREAM_LEAKAGE,97,4,0.0,3500.0,1100.0,32614.61,3119.7043,36.521347,16.351604,0.0,0.0
FROM_STREAM_FLOW_OUT,97,4,0.0,173263.03,26465.953,808793340.0,119940456.0,2831846000.0,9008844000.0,0.0,0.0
FROM_ZONE_0,97,4,0.0,0.0,0.0,0.0,0.0,0.0,0.0,0.0,0.0
FROM_haweaflat,97,4,0.0,0.0,440.66312,106246.69,20738.64,0.0,0.0,0.0,0.0
FROM_moraine_top,97,4,0.0,100506.484,0.0,0.0,0.0,0.0,0.0,0.0,0.0
FROM_river_zone,97,4,0.0,11343.917,0.0,0.0,31093.29,0.0,42.30067,65.187454,0.0
FROM_main_terrace,97,4,0.0,882.74445,0.0,266.08966,0.0,6506.9136,67739.19,6238.9575,0.0
FROM_sandy_point,97,4,0.0,0.0,0.0,0.0,1680.8307,0.0,44.89078,0.0,0.0
FROM_clutha,97,4,0.0,0.0,0.0,3.3350823,1771.5555,12.865152,0.0,937.65186,0.0
FROM_sub_terrace,97,4,0.0,0.0,0.0,76.13359,437.89624,0.0,7550.3223,0.0,0.0
FROM_mangawera,97,4,0.0,0.0,0.0,3697.0117,0.0,0.0,0.0,0.0,0.0
TOTAL_IN,97,4,0.0,312607.72,131242.98,808943550.0,120024200.0,2831854300.0,9008921000.0,8505.246,3987.6348
TO_STORAGE,97,4,0.0,6413.462,3942.0623,410.79663,30.49704,0.0011288492,0.741129,0.14668858,0.016278706
TO_CONSTANT_HEAD,97,4,0.0,0.0,0.0,0.0,0.0,0.0,0.0,0.0,0.0
TO_WELLS,97,4,0.0,5505.3066,0.0,0.0,445.89493,28.567646,0.0,440.7458,290.60635
TO_HEAD_DEP_BOUNDS,97,4,0.0,0.0,329.583,0.0,0.0,0.0,0.0,0.0,0.0
TO_RECHARGE,97,4,0.0,0.0,0.0,0.0,0.0,0.0,0.0,0.0,0.0
TO_STREAM_LEAKAGE,97,4,0.0,0.0,0.0,107287.83,1633.7327,6696.3384,74920.05,0.0,0.0
TO_STREAM_FLOW_OUT,97,4,0.0,0.0,0.0,0.0,0.0,0.0,0.0,0.0,0.0
TO_ZONE_0,97,4,0.0,0.0,0.0,0.0,0.0,0.0,0.0,0.0,0.0
TO_haweaflat,97,4,0.0,0.0,100506.484,11343.917,882.74445,0.0,0.0,0.0,0.0
TO_moraine_top,97,4,0.0,440.66312,0.0,0.0,0.0,0.0,0.0,0.0,0.0
TO_river_zone,97,4,0.0,106246.69,0.0,0.0,266.08966,0.0,3.3350823,76.13359,3697.0117
TO_main_terrace,97,4,0.0,20738.64,0.0,31093.29,0.0,1680.8307,1771.5555,437.89624,0.0
TO_sandy_point,97,4,0.0,0.0,0.0,0.0,6506.9136,0.0,12.865152,0.0,0.0
TO_clutha,97,4,0.0,0.0,0.0,42.30067,67739.19,44.89078,0.0,7550.3223,0.0
TO_sub_terrace,97,4,0.0,0.0,0.0,65.187454,6238.9575,0.0,937.65186,0.0,0.0
TO_mangawera,97,4,0.0,0.0,0.0,0.0,0.0,0.0,0.0,0.0,0.0
TOTAL_OUT,97,4,0.0,139344.75,104778.13,150243.31,83744.02,8450.629,77646.195,8505.244,3987.6343
IN-OUT,97,4,0.0,173262.97,26464.852,808793300.0,119940456.0,2831846000.0,9008843000.0,0.001953125,0.00048828125
PERCENT_DISCREPANCY,97,4,,76.67309,22.425835,199.9257,199.7211,199.99881,199.99654,2.2963772e-05,1.2244885e-05
FROM_STORAGE,98,4,0.0,5807.5737,0.004140665,1060.405,1150.1338,0.0009706815,13.042052,8.470808,0.42692757
FROM_CONSTANT_HEAD,98,4,0.0,0.0,0.0,0.0,0.0,0.0,0.0,0.0,0.0
FROM_WELLS,98,4,0.0,4777.7715,18.260052,1438.9762,8504.589,0.0,0.0,77.06712,1081.1698
FROM_HEAD_DEP_BOUNDS,98,4,0.0,0.0,107272.33,0.0,0.0,0.0,0.0,0.0,0.0
FROM_RECHARGE,98,4,0.0,11435.957,1631.3204,4484.366,15251.537,1894.4105,2240.9023,1178.2632,2905.9722
FROM_STREAM_LEAKAGE,98,4,0.0,3500.0,1100.0,32624.814,3119.7043,36.521347,16.351604,0.0,0.0
FROM_STREAM_FLOW_OUT,98,4,0.0,173263.03,26465.953,808862200.0,119941496.0,2831845000.0,9008844000.0,0.0,0.0
FROM_ZONE_0,98,4,0.0,0.0,0.0,0.0,0.0,0.0,0.0,0.0,0.0
FROM_haweaflat,98,4,0.0,0.0,438.07397,107551.38,20706.158,0.0,0.0,0.0,0.0
FROM_moraine_top,98,4,0.0,105561.77,0.0,0.0,0.0,0.0,0.0,0.0,0.0
FROM_river_zone,98,4,0.0,11413.864,0.0,0.0,31102.746,0.0,42.30064,65.20016,0.0
FROM_main_terrace,98,4,0.0,881.8661,0.0,265.5195,0.0,6506.9136,67727.336,6237.378,0.0
FROM_sandy_point,98,4,0.0,0.0,0.0,0.0,1680.8307,0.0,44.890785,0.0,0.0
FROM_clutha,98,4,0.0,0.0,0.0,3.335083,1770.5955,12.865152,0.0,937.41895,0.0
FROM_sub_terrace,98,4,0.0,0.0,0.0,76.08872,438.06094,0.0,7548.7812,0.0,0.0
FROM_mangawera,98,4,0.0,0.0,0.0,3696.948,0.0,0.0,0.0,0.0,0.0
TOTAL_IN,98,4,0.0,316641.84,136925.95,809013400.0,120025220.0,2831853600.0,9008921000.0,8503.799,3987.5688
TO_STORAGE,98,4,0.0,9178.729,4570.07,752.76587,25.445517,0.0011382215,0.6027545,0.119131535,0.014210041
TO_CONSTANT_HEAD,98,4,0.0,0.0,0.0,0.0,0.0,0.0,0.0,0.0,0.0
TO_WELLS,98,4,0.0,5505.3066,0.0,0.0,445.89493,28.567646,0.0,440.7458,290.60635
TO_HEAD_DEP_BOUNDS,98,4,0.0,0.0,329.60986,0.0,0.0,0.0,0.0,0.0,0.0
TO_RECHARGE,98,4,0.0,0.0,0.0,0.0,0.0,0.0,0.0,0.0,0.0
TO_STREAM_LEAKAGE,98,4,0.0,0.0,0.0,107825.05,1633.7327,6696.3384,74908.59,0.0,0.0
TO_STREAM_FLOW_OUT,98,4,0.0,0.0,0.0,0.0,0.0,0.0,0.0,0.0,0.0
TO_ZONE_0,98,4,0.0,0.0,0.0,0.0,0.0,0.0,0.0,0.0,0.0
TO_haweaflat,98,4,0.0,0.0,105561.77,11413.864,881.8661,0.0,0.0,0.0,0.0
TO_moraine_top,98,4,0.0,438.07397,0.0,0.0,0.0,0.0,0.0,0.0,0.0
TO_river_zone,98,4,0.0,107551.38,0.0,0.0,265.5195,0.0,3.335083,76.08872,3696.948
TO_main_terrace,98,4,0.0,20706.158,0.0,31102.746,0.0,1680.8307,1770.5955,438.06094,0.0
TO_sandy_point,98,4,0.0,0.0,0.0,0.0,6506.9136,0.0,12.865152,0.0,0.0
TO_clutha,98,4,0.0,0.0,0.0,42.30064,67727.336,44.890785,0.0,7548.7812,0.0
TO_sub_terrace,98,4,0.0,0.0,0.0,65.20016,6237.378,0.0,937.41895,0.0,0.0
TO_mangawera,98,4,0.0,0.0,0.0,0.0,0.0,0.0,0.0,0.0,0.0
TOTAL_OUT,98,4,0.0,143379.66,110461.45,151201.92,83724.086,8450.629,77633.414,8503.796,3987.5686
IN-OUT,98,4,0.0,173262.19,26464.5,808862140.0,119941490.0,2831845000.0,9008843000.0,0.0029296875,0.00024414062
PERCENT_DISCREPANCY,98,4,,75.327866,21.395187,199.92523,199.72116,199.9988,199.99654,3.445152e-05,6.1225433e-06
FROM_STORAGE,99,4,0.0,4808.75,0.00070734066,780.3963,1140.6393,0.00096287864,13.703889,8.728392,0.35626888
FROM_CONSTANT_HEAD,99,4,0.0,0.0,0.0,0.0,0.0,0.0,0.0,0.0,0.0
FROM_WELLS,99,4,0.0,4777.7715,18.260052,1438.9762,8504.589,0.0,0.0,77.06712,1081.1698
FROM_HEAD_DEP_BOUNDS,99,4,0.0,0.0,113701.1,0.0,0.0,0.0,0.0,0.0,0.0
FROM_RECHARGE,99,4,0.0,11435.957,1631.3204,4484.366,15251.537,1894.4105,2240.9023,1178.2632,2905.9722
FROM_STREAM_LEAKAGE,99,4,0.0,3500.0,1100.0,32633.748,3119.7043,36.521347,16.351604,0.0,0.0
FROM_STREAM_FLOW_OUT,99,4,0.0,173263.03,26465.953,808973600.0,119943224.0,2831844900.0,9008848000.0,0.0,0.0
FROM_ZONE_0,99,4,0.0,0.0,0.0,0.0,0.0,0.0,0.0,0.0,0.0
FROM_haweaflat,99,4,0.0,0.0,435.19147,109219.15,20688.596,0.0,0.0,0.0,0.0
FROM_moraine_top,99,4,0.0,111161.766,0.0,0.0,0.0,0.0,0.0,0.0,0.0
FROM_river_zone,99,4,0.0,11493.581,0.0,0.0,31112.316,0.0,42.30053,65.21225,0.0
FROM_main_terrace,99,4,0.0,880.98694,0.0,264.96353,0.0,6506.9136,67715.336,6235.859,0.0
FROM_sandy_point,99,4,0.0,0.0,0.0,0.0,1680.8308,0.0,44.890785,0.0,0.0
FROM_clutha,99,4,0.0,0.0,0.0,3.335087,1769.6814,12.865152,0.0,937.18726,0.0
FROM_sub_terrace,99,4,0.0,0.0,0.0,76.0431,438.20258,0.0,7547.227,0.0,0.0
FROM_mangawera,99,4,0.0,0.0,0.0,3696.8735,0.0,0.0,0.0,0.0,0.0
TOTAL_IN,99,4,0.0,321321.88,143351.81,809126200.0,120026930.0,2831853300.0,9008925000.0,8502.317,3987.4983
TO_STORAGE,99,4,0.0,12212.386,5396.1924,1187.907,22.121565,0.0011492623,0.49326172,0.09675974,0.018047387
TO_CONSTANT_HEAD,99,4,0.0,0.0,0.0,0.0,0.0,0.0,0.0,0.0,0.0
TO_WELLS,99,4,0.0,5505.3066,0.0,0.0,445.89493,28.567646,0.0,440.7458,290.60635
TO_HEAD_DEP_BOUNDS,99,4,0.0,0.0,329.521,0.0,0.0,0.0,0.0,0.0,0.0
TO_RECHARGE,99,4,0.0,0.0,0.0,0.0,0.0,0.0,0.0,0.0,0.0
TO_STREAM_LEAKAGE,99,4,0.0,0.0,0.0,108696.92,1633.7327,6696.3384,74897.2,0.0,0.0
TO_STREAM_FLOW_OUT,99,4,0.0,0.0,0.0,0.0,0.0,0.0,0.0,0.0,0.0
TO_ZONE_0,99,4,0.0,0.0,0.0,0.0,0.0,0.0,0.0,0.0,0.0
TO_haweaflat,99,4,0.0,0.0,111161.766,11493.581,880.98694,0.0,0.0,0.0,0.0
TO_moraine_top,99,4,0.0,435.19147,0.0,0.0,0.0,0.0,0.0,0.0,0.0
TO_river_zone,99,4,0.0,109219.15,0.0,0.0,264.96353,0.0,3.335087,76.0431,3696.8735
TO_main_terrace,99,4,0.0,20688.596,0.0,31112.316,0.0,1680.8308,1769.6814,438.20258,0.0
TO_sandy_point,99,4,0.0,0.0,0.0,0.0,6506.9136,0.0,12.865152,0.0,0.0
TO_clutha,99,4,0.0,0.0,0.0,42.30053,67715.336,44.890785,0.0,7547.227,0.0
TO_sub_terrace,99,4,0.0,0.0,0.0,65.21225,6235.859,0.0,937.18726,0.0,0.0
TO_mangawera,99,4,0.0,0.0,0.0,0.0,0.0,0.0,0.0,0.0,0.0
TOTAL_OUT,99,4,0.0,148060.62,116887.48,152598.23,83705.81,8450.629,77620.766,8502.315,3987.498
IN-OUT,99,4,0.0,173261.25,26464.336,808973630.0,119943224.0,2831844900.0,9008847000.0,0.001953125,0.00024414062
PERCENT_DISCREPANCY,99,4,,73.82518,20.338463,199.92458,199.72124,199.99881,199.99654,2.297168e-05,6.122652e-06
FROM_STORAGE,100,4,0.0,3930.652,0.0,558.602,1115.7789,0.00095444237,14.223327,8.882582,0.31225452
FROM_CONSTANT_HEAD,100,4,0.0,0.0,0.0,0.0,0.0,0.0,0.0,0.0,0.0
FROM_WELLS,100,4,0.0,4777.7715,18.260052,1438.9762,8504.589,0.0,0.0,77.06712,1081.1698
FROM_HEAD_DEP_BOUNDS,100,4,0.0,0.0,121565.15,0.0,0.0,0.0,0.0,0.0,0.0
FROM_RECHARGE,100,4,0.0,11435.957,1631.3204,4484.366,15251.537,1894.4105,2240.9023,1178.2632,2905.9722
FROM_STREAM_LEAKAGE,100,4,0.0,3500.0,1100.0,32641.639,3119.7043,36.521347,16.351604,0.0,0.0
FROM_STREAM_FLOW_OUT,100,4,0.0,173263.03,26465.953,809131140.0,119945690.0,2831844400.0,9008853000.0,0.0,0.0
FROM_ZONE_0,100,4,0.0,0.0,0.0,0.0,0.0,0.0,0.0,0.0,0.0
FROM_haweaflat,100,4,0.0,0.0,431.3545,111365.27,20687.297,0.0,0.0,0.0,0.0
FROM_moraine_top,100,4,0.0,118065.63,0.0,0.0,0.0,0.0,0.0,0.0,0.0
FROM_river_zone,100,4,0.0,11584.858,0.0,0.0,31121.88,0.0,42.300373,65.223526,0.0
FROM_main_terrace,100,4,0.0,880.11316,0.0,264.42984,0.0,6506.9136,67703.36,6234.424,0.0
FROM_sandy_point,100,4,0.0,0.0,0.0,0.0,1680.8308,0.0,44.89079,0.0,0.0
FROM_clutha,100,4,0.0,0.0,0.0,3.3350906,1768.826,12.865152,0.0,936.9601,0.0
FROM_sub_terrace,100,4,0.0,0.0,0.0,75.997406,438.31857,0.0,7545.6797,0.0,0.0
FROM_mangawera,100,4,0.0,0.0,0.0,3696.79,0.0,0.0,0.0,0.0,0.0
TOTAL_IN,100,4,0.0,327438.0,151212.05,809285600.0,120029380.0,2831852800.0,9008930000.0,8500.82,3987.454
TO_STORAGE,100,4,0.0,16189.106,6352.7944,1781.3843,19.610538,0.0011613315,0.40519938,0.07768826,0.057387818
TO_CONSTANT_HEAD,100,4,0.0,0.0,0.0,0.0,0.0,0.0,0.0,0.0,0.0
TO_WELLS,100,4,0.0,5505.3066,0.0,0.0,445.89493,28.567646,0.0,440.7458,290.60635
TO_HEAD_DEP_BOUNDS,100,4,0.0,0.0,329.54297,0.0,0.0,0.0,0.0,0.0,0.0
TO_RECHARGE,100,4,0.0,0.0,0.0,0.0,0.0,0.0,0.0,0.0,0.0
TO_STREAM_LEAKAGE,100,4,0.0,0.0,0.0,109934.65,1633.7659,6696.3384,74885.38,0.0,0.0
TO_STREAM_FLOW_OUT,100,4,0.0,0.0,0.0,0.0,0.0,0.0,0.0,0.0,0.0
TO_ZONE_0,100,4,0.0,0.0,0.0,0.0,0.0,0.0,0.0,0.0,0.0
TO_haweaflat,100,4,0.0,0.0,118065.63,11584.858,880.11316,0.0,0.0,0.0,0.0
TO_moraine_top,100,4,0.0,431.3545,0.0,0.0,0.0,0.0,0.0,0.0,0.0
TO_river_zone,100,4,0.0,111365.27,0.0,0.0,264.42984,0.0,3.3350906,75.997406,3696.79
TO_main_terrace,100,4,0.0,20687.297,0.0,31121.88,0.0,1680.8308,1768.826,438.31857,0.0
TO_sandy_point,100,4,0.0,0.0,0.0,0.0,6506.9136,0.0,12.865152,0.0,0.0
TO_clutha,100,4,0.0,0.0,0.0,42.300373,67703.36,44.89079,0.0,7545.6797,0.0
TO_sub_terrace,100,4,0.0,0.0,0.0,65.223526,6234.424,0.0,936.9601,0.0,0.0
TO_mangawera,100,4,0.0,0.0,0.0,0.0,0.0,0.0,0.0,0.0,0.0
TOTAL_OUT,100,4,0.0,154178.34,124747.97,154530.28,83688.51,8450.629,77607.78,8500.819,3987.4539
IN-OUT,100,4,0.0,173259.66,26464.078,809131100.0,119945690.0,2831844400.0,9008852000.0,0.0009765625,0.00024414062
PERCENT_DISCREPANCY,100,4,,71.94924,19.179647,199.92361,199.7213,199.99881,199.99654,1.1487862e-05,6.1227192e-06
FROM_STORAGE,101,4,0.0,3166.8726,0.0,378.44852,1072.6915,0.0009486344,14.584652,8.92456,0.28135195
FROM_CONSTANT_HEAD,101,4,0.0,0.0,0.0,0.0,0.0,0.0,0.0,0.0,0.0
FROM_WELLS,101,4,0.0,4777.7715,18.260052,1438.9762,8504.589,0.0,0.0,77.06712,1081.1698
FROM_HEAD_DEP_BOUNDS,101,4,0.0,0.0,133462.0,0.0,0.0,0.0,0.0,0.0,0.0
FROM_RECHARGE,101,4,0.0,11435.957,1631.3204,4484.366,15251.537,1894.4105,2240.9023,1178.2632,2905.9722
FROM_STREAM_LEAKAGE,101,4,0.0,3500.0,1100.0,32648.457,3119.7043,36.521347,16.351604,0.0,0.0
FROM_STREAM_FLOW_OUT,101,4,0.0,173263.03,26465.953,809345400.0,119949050.0,2831843800.0,9008860000.0,0.0,0.0
FROM_ZONE_0,101,4,0.0,0.0,0.0,0.0,0.0,0.0,0.0,0.0,0.0
FROM_haweaflat,101,4,0.0,0.0,422.8688,114151.195,20705.025,0.0,0.0,0.0,0.0
FROM_moraine_top,101,4,0.0,127116.11,0.0,0.0,0.0,0.0,0.0,0.0,0.0
FROM_river_zone,101,4,0.0,11693.013,0.0,0.0,31131.348,0.0,42.30015,65.2338,0.0
FROM_main_terrace,101,4,0.0,879.2394,0.0,263.9269,0.0,6506.9136,67691.54,6233.0967,0.0
FROM_sandy_point,101,4,0.0,0.0,0.0,0.0,1680.8308,0.0,44.890793,0.0,0.0
FROM_clutha,101,4,0.0,0.0,0.0,3.335092,1768.0414,12.865151,0.0,936.74066,0.0
FROM_sub_terrace,101,4,0.0,0.0,0.0,75.95209,438.40573,0.0,7544.158,0.0,0.0
FROM_mangawera,101,4,0.0,0.0,0.0,3696.6953,0.0,0.0,0.0,0.0,0.0
TOTAL_IN,101,4,0.0,335832.0,163100.42,809502600.0,120032720.0,2831852300.0,9008937000.0,8499.326,3987.4233
TO_STORAGE,101,4,0.0,21789.252,9191.749,2588.91,17.537386,0.0011712717,0.33839226,0.062433746,0.12158018
TO_CONSTANT_HEAD,101,4,0.0,0.0,0.0,0.0,0.0,0.0,0.0,0.0,0.0
TO_WELLS,101,4,0.0,5505.3066,0.0,0.0,445.89493,28.567646,0.0,440.7458,290.60635
TO_HEAD_DEP_BOUNDS,101,4,0.0,0.0,329.67432,0.0,0.0,0.0,0.0,0.0,0.0
TO_RECHARGE,101,4,0.0,0.0,0.0,0.0,0.0,0.0,0.0,0.0,0.0
TO_STREAM_LEAKAGE,101,4,0.0,0.0,0.0,111621.51,1633.7659,6696.3384,74873.44,0.0,0.0
TO_STREAM_FLOW_OUT,101,4,0.0,0.0,0.0,0.0,0.0,0.0,0.0,0.0,0.0
TO_ZONE_0,101,4,0.0,0.0,0.0,0.0,0.0,0.0,0.0,0.0,0.0
TO_haweaflat,101,4,0.0,0.0,127116.11,11693.013,879.2394,0.0,0.0,0.0,0.0
TO_moraine_top,101,4,0.0,422.8688,0.0,0.0,0.0,0.0,0.0,0.0,0.0
TO_river_zone,101,4,0.0,114151.195,0.0,0.0,263.9269,0.0,3.335092,75.95209,3696.6953
TO_main_terrace,101,4,0.0,20705.025,0.0,31131.348,0.0,1680.8308,1768.0414,438.40573,0.0
TO_sandy_point,101,4,0.0,0.0,0.0,0.0,6506.9136,0.0,12.865151,0.0,0.0
TO_clutha,101,4,0.0,0.0,0.0,42.30015,67691.54,44.890793,0.0,7544.158,0.0
TO_sub_terrace,101,4,0.0,0.0,0.0,65.2338,6233.0967,0.0,936.74066,0.0,0.0
TO_mangawera,101,4,0.0,0.0,0.0,0.0,0.0,0.0,0.0,0.0,0.0
TOTAL_OUT,101,4,0.0,162573.66,136637.53,157142.31,83671.914,8450.629,77594.76,8499.324,3987.4233
IN-OUT,101,4,0.0,173258.34,26462.89,809345500.0,119949050.0,2831843800.0,9008859000.0,0.001953125,0.0
PERCENT_DISCREPANCY,101,4,,69.52503,17.65735,199.92236,199.72136,199.99881,199.99654,2.2979766e-05,0.0
FROM_STORAGE,102,4,0.0,2504.771,0.0,235.99101,1011.43054,0.00095134997,14.770415,8.843096,0.25770944
FROM_CONSTANT_HEAD,102,4,0.0,0.0,0.0,0.0,0.0,0.0,0.0,0.0,0.0
FROM_WELLS,102,4,0.0,4777.7715,18.260052,1438.9762,8504.589,0.0,0.0,77.06712,1081.1698
FROM_HEAD_DEP_BOUNDS,102,4,0.0,0.0,137150.84,0.0,0.0,0.0,0.0,0.0,0.0
FROM_RECHARGE,102,4,0.0,11435.957,1631.3204,4484.366,15251.537,1894.4105,2240.9023,1178.2632,2905.9722
FROM_STREAM_LEAKAGE,102,4,0.0,3500.0,1100.0,32653.38,3119.7043,36.521347,16.351604,0.0,0.0
FROM_STREAM_FLOW_OUT,102,4,0.0,173263.03,26465.953,809602700.0,119953070.0,2831842600.0,9008867000.0,0.0,0.0
FROM_ZONE_0,102,4,0.0,0.0,0.0,0.0,0.0,0.0,0.0,0.0,0.0
FROM_haweaflat,102,4,0.0,0.0,425.36926,116899.0,20742.213,0.0,0.0,0.0,0.0
FROM_moraine_top,102,4,0.0,132636.3,0.0,0.0,0.0,0.0,0.0,0.0,0.0
FROM_river_zone,102,4,0.0,11802.18,0.0,0.0,31140.559,0.0,42.299965,65.24293,0.0
FROM_main_terrace,102,4,0.0,878.40497,0.0,263.4646,0.0,6506.914,67680.07,6231.9043,0.0
FROM_sandy_point,102,4,0.0,0.0,0.0,0.0,1680.8308,0.0,44.890797,0.0,0.0
FROM_clutha,102,4,0.0,0.0,0.0,3.335092,1767.3416,12.865151,0.0,936.5325,0.0
FROM_sub_terrace,102,4,0.0,0.0,0.0,75.90796,438.46057,0.0,7542.6865,0.0,0.0
FROM_mangawera,102,4,0.0,0.0,0.0,3696.5847,0.0,0.0,0.0,0.0,0.0
TOTAL_IN,102,4,0.0,340798.4,166791.77,809762400.0,120036740.0,2831851000.0,9008944000.0,8497.853,3987.3997
TO_STORAGE,102,4,0.0,23969.037,7362.3804,3044.5352,15.98939,0.0011719746,0.2938525,0.05010557,0.20856279
TO_CONSTANT_HEAD,102,4,0.0,0.0,0.0,0.0,0.0,0.0,0.0,0.0,0.0
TO_WELLS,102,4,0.0,5505.3066,0.0,0.0,445.89493,28.567646,0.0,440.7458,290.60635
TO_HEAD_DEP_BOUNDS,102,4,0.0,0.0,329.60498,0.0,0.0,0.0,0.0,0.0,0.0
TO_RECHARGE,102,4,0.0,0.0,0.0,0.0,0.0,0.0,0.0,0.0,0.0
TO_STREAM_LEAKAGE,102,4,0.0,0.0,0.0,113657.74,1633.7659,6696.3384,74861.61,0.0,0.0
TO_STREAM_FLOW_OUT,102,4,0.0,0.0,0.0,0.0,0.0,0.0,0.0,0.0,0.0
TO_ZONE_0,102,4,0.0,0.0,0.0,0.0,0.0,0.0,0.0,0.0,0.0
TO_haweaflat,102,4,0.0,0.0,132636.3,11802.18,878.40497,0.0,0.0,0.0,0.0
TO_moraine_top,102,4,0.0,425.36926,0.0,0.0,0.0,0.0,0.0,0.0,0.0
TO_river_zone,102,4,0.0,116899.0,0.0,0.0,263.4646,0.0,3.335092,75.90796,3696.5847
TO_main_terrace,102,4,0.0,20742.213,0.0,31140.559,0.0,1680.8308,1767.3416,438.46057,0.0
TO_sandy_point,102,4,0.0,0.0,0.0,0.0,6506.914,0.0,12.865151,0.0,0.0
TO_clutha,102,4,0.0,0.0,0.0,42.299965,67680.07,44.890797,0.0,7542.6865,0.0
TO_sub_terrace,102,4,0.0,0.0,0.0,65.24293,6231.9043,0.0,936.5325,0.0,0.0
TO_mangawera,102,4,0.0,0.0,0.0,0.0,0.0,0.0,0.0,0.0,0.0
TOTAL_OUT,102,4,0.0,167540.94,140328.28,159752.56,83656.41,8450.629,77581.984,8497.851,3987.3997
IN-OUT,102,4,0.0,173257.47,26463.484,809602700.0,119953080.0,2831842600.0,9008866000.0,0.001953125,0.0
PERCENT_DISCREPANCY,102,4,,68.16606,17.233316,199.9211,199.72142,199.99881,199.99654,2.298375e-05,0.0
FROM_STORAGE,103,4,0.0,1949.8105,0.004995467,134.88368,942.8887,0.0009417576,14.759784,8.633586,0.23992555
FROM_CONSTANT_HEAD,103,4,0.0,0.0,0.0,0.0,0.0,0.0,0.0,0.0,0.0
FROM_WELLS,103,4,0.0,4777.7715,18.260052,1438.9762,8504.589,0.0,0.0,77.06712,1081.1698
FROM_HEAD_DEP_BOUNDS,103,4,0.0,0.0,141659.0,0.0,0.0,0.0,0.0,0.0,0.0
FROM_RECHARGE,103,4,0.0,11435.957,1631.3204,4484.366,15251.537,1894.4105,2240.9023,1178.2632,2905.9722
FROM_STREAM_LEAKAGE,103,4,0.0,3500.0,1100.0,32657.5,3119.7043,36.521347,16.351604,0.0,0.0
FROM_STREAM_FLOW_OUT,103,4,0.0,173263.03,26465.953,809866100.0,119957240.0,2831842300.0,9008878000.0,0.0,0.0
FROM_ZONE_0,103,4,0.0,0.0,0.0,0.0,0.0,0.0,0.0,0.0,0.0
FROM_haweaflat,103,4,0.0,0.0,428.3746,119509.49,20793.432,0.0,0.0,0.0,0.0
FROM_moraine_top,103,4,0.0,137476.88,0.0,0.0,0.0,0.0,0.0,0.0,0.0
FROM_river_zone,103,4,0.0,11893.745,0.0,0.0,31149.285,0.0,42.299706,65.250755,0.0
FROM_main_terrace,103,4,0.0,877.66797,0.0,263.05014,0.0,6506.9146,67669.125,6230.8687,0.0
FROM_sandy_point,103,4,0.0,0.0,0.0,0.0,1680.8308,0.0,44.890797,0.0,0.0
FROM_clutha,103,4,0.0,0.0,0.0,3.3350904,1766.7399,12.865151,0.0,936.339,0.0
FROM_sub_terrace,103,4,0.0,0.0,0.0,75.86565,438.4813,0.0,7541.2896,0.0,0.0
FROM_mangawera,103,4,0.0,0.0,0.0,3696.4805,0.0,0.0,0.0,0.0,0.0
TOTAL_IN,103,4,0.0,345174.84,171302.92,810028350.0,120040890.0,2831850800.0,9008954000.0,8496.422,3987.3818
TO_STORAGE,103,4,0.0,25681.219,7032.689,3369.078,19.940125,0.0011862289,0.2627159,0.039464965,0.29468614
TO_CONSTANT_HEAD,103,4,0.0,0.0,0.0,0.0,0.0,0.0,0.0,0.0,0.0
TO_WELLS,103,4,0.0,5505.3066,0.0,0.0,445.89493,28.567646,0.0,440.7458,290.60635
TO_HEAD_DEP_BOUNDS,103,4,0.0,0.0,329.48877,0.0,0.0,0.0,0.0,0.0,0.0
TO_RECHARGE,103,4,0.0,0.0,0.0,0.0,0.0,0.0,0.0,0.0,0.0
TO_STREAM_LEAKAGE,103,4,0.0,0.0,0.0,115745.66,1633.7659,6696.3384,74850.16,0.0,0.0
TO_STREAM_FLOW_OUT,103,4,0.0,0.0,0.0,0.0,0.0,0.0,0.0,0.0,0.0
TO_ZONE_0,103,4,0.0,0.0,0.0,0.0,0.0,0.0,0.0,0.0,0.0
TO_haweaflat,103,4,0.0,0.0,137476.88,11893.745,877.66797,0.0,0.0,0.0,0.0
TO_moraine_top,103,4,0.0,428.3746,0.0,0.0,0.0,0.0,0.0,0.0,0.0
TO_river_zone,103,4,0.0,119509.49,0.0,0.0,263.05014,0.0,3.3350904,75.86565,3696.4805
TO_main_terrace,103,4,0.0,20793.432,0.0,31149.285,0.0,1680.8308,1766.7399,438.4813,0.0
TO_sandy_point,103,4,0.0,0.0,0.0,0.0,6506.9146,0.0,12.865151,0.0,0.0
TO_clutha,103,4,0.0,0.0,0.0,42.299706,67669.125,44.890797,0.0,7541.2896,0.0
TO_sub_terrace,103,4,0.0,0.0,0.0,65.250755,6230.8687,0.0,936.339,0.0,0.0
TO_mangawera,103,4,0.0,0.0,0.0,0.0,0.0,0.0,0.0,0.0,0.0
TOTAL_OUT,103,4,0.0,171917.83,144839.05,162265.31,83647.23,8450.629,77569.7,8496.422,3987.3816
IN-OUT,103,4,0.0,173257.02,26463.875,809866100.0,119957240.0,2831842300.0,9008877000.0,0.0,0.00024414062
PERCENT_DISCREPANCY,103,4,,67.01198,16.741766,199.9199,199.72147,199.99881,199.99655,0.0,6.12283e-06
FROM_STORAGE,104,4,0.0,1485.4242,0.0,66.43619,874.78284,0.000932639,14.548179,8.301737,0.22660878
FROM_CONSTANT_HEAD,104,4,0.0,0.0,0.0,0.0,0.0,0.0,0.0,0.0,0.0
FROM_WELLS,104,4,0.0,4777.7715,18.260052,1438.9762,8504.589,0.0,0.0,77.06712,1081.1698
FROM_HEAD_DEP_BOUNDS,104,4,0.0,0.0,146420.34,0.0,0.0,0.0,0.0,0.0,0.0
FROM_RECHARGE,104,4,0.0,11435.957,1631.3204,4484.366,15251.537,1894.4105,2240.9023,1178.2632,2905.9722
FROM_STREAM_LEAKAGE,104,4,0.0,3500.0,1100.0,32660.38,3119.7043,36.521347,16.351604,0.0,0.0
FROM_STREAM_FLOW_OUT,104,4,0.0,173263.03,26465.953,810138430.0,119961544.0,2831841800.0,9008886000.0,0.0,0.0
FROM_ZONE_0,104,4,0.0,0.0,0.0,0.0,0.0,0.0,0.0,0.0,0.0
FROM_haweaflat,104,4,0.0,0.0,431.05328,122264.64,20857.596,0.0,0.0,0.0,0.0
FROM_moraine_top,104,4,0.0,142789.25,0.0,0.0,0.0,0.0,0.0,0.0,0.0
FROM_river_zone,104,4,0.0,11976.719,0.0,0.0,31157.387,0.0,42.299377,65.257,0.0
FROM_main_terrace,104,4,0.0,877.0198,0.0,262.68912,0.0,6506.9146,67658.89,6230.0063,0.0
FROM_sandy_point,104,4,0.0,0.0,0.0,0.0,1680.8308,0.0,44.890804,0.0,0.0
FROM_clutha,104,4,0.0,0.0,0.0,3.3350868,1766.2477,12.865151,0.0,936.16327,0.0
FROM_sub_terrace,104,4,0.0,0.0,0.0,75.82567,438.46808,0.0,7539.987,0.0,0.0
FROM_mangawera,104,4,0.0,0.0,0.0,3696.3877,0.0,0.0,0.0,0.0,0.0
TOTAL_IN,104,4,0.0,350105.2,176066.94,810303360.0,120045200.0,2831850200.0,9008963000.0,8495.059,3987.3687
TO_STORAGE,104,4,0.0,27790.242,6484.1743,3799.9185,35.719074,0.0012007179,0.24055177,0.030923782,0.37468565
TO_CONSTANT_HEAD,104,4,0.0,0.0,0.0,0.0,0.0,0.0,0.0,0.0,0.0
TO_WELLS,104,4,0.0,5505.3066,0.0,0.0,445.89493,28.567646,0.0,440.7458,290.60635
TO_HEAD_DEP_BOUNDS,104,4,0.0,0.0,329.64844,0.0,0.0,0.0,0.0,0.0,0.0
TO_RECHARGE,104,4,0.0,0.0,0.0,0.0,0.0,0.0,0.0,0.0,0.0
TO_STREAM_LEAKAGE,104,4,0.0,0.0,0.0,117912.695,1633.7991,6696.3384,74839.1,0.0,0.0
TO_STREAM_FLOW_OUT,104,4,0.0,0.0,0.0,0.0,0.0,0.0,0.0,0.0,0.0
TO_ZONE_0,104,4,0.0,0.0,0.0,0.0,0.0,0.0,0.0,0.0,0.0
TO_haweaflat,104,4,0.0,0.0,142789.25,11976.719,877.0198,0.0,0.0,0.0,0.0
TO_moraine_top,104,4,0.0,431.05328,0.0,0.0,0.0,0.0,0.0,0.0,0.0
TO_river_zone,104,4,0.0,122264.64,0.0,0.0,262.68912,0.0,3.3350868,75.82567,3696.3877
TO_main_terrace,104,4,0.0,20857.596,0.0,31157.387,0.0,1680.8308,1766.2477,438.46808,0.0
TO_sandy_point,104,4,0.0,0.0,0.0,0.0,6506.9146,0.0,12.865151,0.0,0.0
TO_clutha,104,4,0.0,0.0,0.0,42.299377,67658.89,44.890804,0.0,7539.987,0.0
TO_sub_terrace,104,4,0.0,0.0,0.0,65.257,6230.0063,0.0,936.16327,0.0,0.0
TO_mangawera,104,4,0.0,0.0,0.0,0.0,0.0,0.0,0.0,0.0,0.0
TOTAL_OUT,104,4,0.0,176848.84,149603.08,164954.28,83650.94,8450.629,77557.96,8495.058,3987.3687
IN-OUT,104,4,0.0,173256.34,26463.86,810138430.0,119961550.0,2831841800.0,9008885000.0,0.0009765625,0.0
PERCENT_DISCREPANCY,104,4,,65.757675,16.251947,199.9186,199.72147,199.9988,199.99654,1.1495654e-05,0.0
FROM_STORAGE,105,4,0.0,1101.3032,0.00036037702,24.140985,803.04987,0.00092279504,14.137697,7.853192,0.2143734
FROM_CONSTANT_HEAD,105,4,0.0,0.0,0.0,0.0,0.0,0.0,0.0,0.0,0.0
FROM_WELLS,105,4,0.0,4777.7715,18.260052,1438.9762,8504.589,0.0,0.0,77.06712,1081.1698
FROM_HEAD_DEP_BOUNDS,105,4,0.0,0.0,151651.48,0.0,0.0,0.0,0.0,0.0,0.0
FROM_RECHARGE,105,4,0.0,11435.957,1631.3204,4484.366,15251.537,1894.4105,2240.9023,1178.2632,2905.9722
FROM_STREAM_LEAKAGE,105,4,0.0,3500.0,1100.0,32661.758,3119.7043,36.521347,16.351604,0.0,0.0
FROM_STREAM_FLOW_OUT,105,4,0.0,173263.03,26465.953,810440450.0,119966350.0,2831841300.0,9008897000.0,0.0,0.0
FROM_ZONE_0,105,4,0.0,0.0,0.0,0.0,0.0,0.0,0.0,0.0,0.0
FROM_haweaflat,105,4,0.0,0.0,433.1032,125370.71,20936.545,0.0,0.0,0.0,0.0
FROM_moraine_top,105,4,0.0,148335.4,0.0,0.0,0.0,0.0,0.0,0.0,0.0
FROM_river_zone,105,4,0.0,12066.766,0.0,0.0,31164.793,0.0,42.299057,65.26174,0.0
FROM_main_terrace,105,4,0.0,876.4356,0.0,262.3868,0.0,6506.9146,67649.49,6229.3257,0.0
FROM_sandy_point,105,4,0.0,0.0,0.0,0.0,1680.8308,0.0,44.89081,0.0,0.0
FROM_clutha,105,4,0.0,0.0,0.0,3.3350816,1765.8726,12.865151,0.0,936.0078,0.0
FROM_sub_terrace,105,4,0.0,0.0,0.0,75.788605,438.42123,0.0,7538.798,0.0,0.0
FROM_mangawera,105,4,0.0,0.0,0.0,3696.296,0.0,0.0,0.0,0.0,0.0
TOTAL_IN,105,4,0.0,355356.7,181300.14,810608450.0,120050024.0,2831849700.0,9008974000.0,8493.779,3987.3564
TO_STORAGE,105,4,0.0,29855.262,6171.1235,4364.424,60.894585,0.001216454,0.22452505,0.024018325,0.4541059
TO_CONSTANT_HEAD,105,4,0.0,0.0,0.0,0.0,0.0,0.0,0.0,0.0,0.0
TO_WELLS,105,4,0.0,5505.3066,0.0,0.0,445.89493,28.567646,0.0,440.7458,290.60635
TO_HEAD_DEP_BOUNDS,105,4,0.0,0.0,329.55713,0.0,0.0,0.0,0.0,0.0,0.0
TO_RECHARGE,105,4,0.0,0.0,0.0,0.0,0.0,0.0,0.0,0.0,0.0
TO_STREAM_LEAKAGE,105,4,0.0,0.0,0.0,120315.7,1633.7991,6696.3384,74828.61,0.0,0.0
TO_STREAM_FLOW_OUT,105,4,0.0,0.0,0.0,0.0,0.0,0.0,0.0,0.0,0.0
TO_ZONE_0,105,4,0.0,0.0,0.0,0.0,0.0,0.0,0.0,0.0,0.0
TO_haweaflat,105,4,0.0,0.0,148335.4,12066.766,876.4356,0.0,0.0,0.0,0.0
TO_moraine_top,105,4,0.0,433.1032,0.0,0.0,0.0,0.0,0.0,0.0,0.0
TO_river_zone,105,4,0.0,125370.71,0.0,0.0,262.3868,0.0,3.3350816,75.788605,3696.296
TO_main_terrace,105,4,0.0,20936.545,0.0,31164.793,0.0,1680.8308,1765.8726,438.42123,0.0
TO_sandy_point,105,4,0.0,0.0,0.0,0.0,6506.9146,0.0,12.865151,0.0,0.0
TO_clutha,105,4,0.0,0.0,0.0,42.299057,67649.49,44.89081,0.0,7538.798,0.0
TO_sub_terrace,105,4,0.0,0.0,0.0,65.26174,6229.3257,0.0,936.0078,0.0,0.0
TO_mangawera,105,4,0.0,0.0,0.0,0.0,0.0,0.0,0.0,0.0,0.0
TOTAL_OUT,105,4,0.0,182100.92,154836.1,168019.25,83665.15,8450.629,77546.92,8493.777,3987.3564
IN-OUT,105,4,0.0,173255.77,26464.047,810440450.0,119966360.0,2831841300.0,9008896000.0,0.001953125,0.0
PERCENT_DISCREPANCY,105,4,,64.47234,15.746024,199.91711,199.72144,199.99881,199.99654,2.2994773e-05,0.0
FROM_STORAGE,106,4,0.0,801.0863,0.0032026235,4.3550515,728.5643,0.00093691214,13.529889,7.2926106,0.20043683
FROM_CONSTANT_HEAD,106,4,0.0,0.0,0.0,0.0,0.0,0.0,0.0,0.0,0.0
FROM_WELLS,106,4,0.0,4777.7715,18.260052,1438.9762,8504.589,0.0,0.0,77.06712,1081.1698
FROM_HEAD_DEP_BOUNDS,106,4,0.0,0.0,156481.0,0.0,0.0,0.0,0.0,0.0,0.0
FROM_RECHARGE,106,4,0.0,11435.957,1631.3204,4484.366,15251.537,1894.4105,2240.9023,1178.2632,2905.9722
FROM_STREAM_LEAKAGE,106,4,0.0,3500.0,1100.0,32661.516,3119.7043,36.521347,16.351604,0.0,0.0
FROM_STREAM_FLOW_OUT,106,4,0.0,173263.03,26465.953,810759900.0,119971430.0,2831841000.0,9008909000.0,0.0,0.0
FROM_ZONE_0,106,4,0.0,0.0,0.0,0.0,0.0,0.0,0.0,0.0,0.0
FROM_haweaflat,106,4,0.0,0.0,434.7598,128430.08,21028.867,0.0,0.0,0.0,0.0
FROM_moraine_top,106,4,0.0,153188.22,0.0,0.0,0.0,0.0,0.0,0.0,0.0
FROM_river_zone,106,4,0.0,12153.902,0.0,0.0,31171.385,0.0,42.298744,65.26478,0.0
FROM_main_terrace,106,4,0.0,875.9474,0.0,262.14807,0.0,6506.9146,67641.07,6228.84,0.0
FROM_sandy_point,106,4,0.0,0.0,0.0,0.0,1680.8308,0.0,44.890812,0.0,0.0
FROM_clutha,106,4,0.0,0.0,0.0,3.3350718,1765.6213,12.865151,0.0,935.87494,0.0
FROM_sub_terrace,106,4,0.0,0.0,0.0,75.75526,438.34128,0.0,7537.74,0.0,0.0
FROM_mangawera,106,4,0.0,0.0,0.0,3696.2039,0.0,0.0,0.0,0.0,0.0
TOTAL_IN,106,4,0.0,359995.9,186131.31,810930940.0,120055130.0,2831849500.0,9008986000.0,8492.603,3987.3423
TO_STORAGE,106,4,0.0,31342.402,6149.5635,4769.135,94.630875,0.0012048177,0.21234001,0.01806246,0.5321569
TO_CONSTANT_HEAD,106,4,0.0,0.0,0.0,0.0,0.0,0.0,0.0,0.0,0.0
TO_WELLS,106,4,0.0,5505.3066,0.0,0.0,445.89493,28.567646,0.0,440.7458,290.60635
TO_HEAD_DEP_BOUNDS,106,4,0.0,0.0,329.6543,0.0,0.0,0.0,0.0,0.0,0.0
TO_RECHARGE,106,4,0.0,0.0,0.0,0.0,0.0,0.0,0.0,0.0,0.0
TO_STREAM_LEAKAGE,106,4,0.0,0.0,0.0,122856.3,1633.8323,6696.3384,74819.12,0.0,0.0
TO_STREAM_FLOW_OUT,106,4,0.0,0.0,0.0,0.0,0.0,0.0,0.0,0.0,0.0
TO_ZONE_0,106,4,0.0,0.0,0.0,0.0,0.0,0.0,0.0,0.0,0.0
TO_haweaflat,106,4,0.0,0.0,153188.22,12153.902,875.9474,0.0,0.0,0.0,0.0
TO_moraine_top,106,4,0.0,434.7598,0.0,0.0,0.0,0.0,0.0,0.0,0.0
TO_river_zone,106,4,0.0,128430.08,0.0,0.0,262.14807,0.0,3.3350718,75.75526,3696.2039
TO_main_terrace,106,4,0.0,21028.867,0.0,31171.385,0.0,1680.8308,1765.6213,438.34128,0.0
TO_sandy_point,106,4,0.0,0.0,0.0,0.0,6506.9146,0.0,12.865151,0.0,0.0
TO_clutha,106,4,0.0,0.0,0.0,42.298744,67641.07,44.890812,0.0,7537.74,0.0
TO_sub_terrace,106,4,0.0,0.0,0.0,65.26478,6228.84,0.0,935.87494,0.0,0.0
TO_mangawera,106,4,0.0,0.0,0.0,0.0,0.0,0.0,0.0,0.0,0.0
TOTAL_OUT,106,4,0.0,186741.4,159667.44,171058.28,83689.28,8450.629,77537.03,8492.601,3987.3423
IN-OUT,106,4,0.0,173254.5,26463.875,810759900.0,119971440.0,2831841000.0,9008908000.0,0.001953125,0.0
PERCENT_DISCREPANCY,106,4,,63.3776,15.305941,199.91563,199.72136,199.99881,199.99654,2.299796e-05,0.0
FROM_STORAGE,107,4,0.0,568.7787,0.007123018,0.43461564,653.3306,0.0009465781,12.729608,6.627457,0.18452439
FROM_CONSTANT_HEAD,107,4,0.0,0.0,0.0,0.0,0.0,0.0,0.0,0.0,0.0
FROM_WELLS,107,4,0.0,4777.7715,18.260052,1438.9762,8504.589,0.0,0.0,77.06712,1081.1698
FROM_HEAD_DEP_BOUNDS,107,4,0.0,0.0,160609.58,0.0,0.0,0.0,0.0,0.0,0.0
FROM_RECHARGE,107,4,0.0,11435.957,1631.3204,4484.366,15251.537,1894.4105,2240.9023,1178.2632,2905.9722
FROM_STREAM_LEAKAGE,107,4,0.0,3500.0,1100.0,32659.996,3119.7043,36.521347,16.351604,0.0,0.0
FROM_STREAM_FLOW_OUT,107,4,0.0,173263.03,26465.953,811082300.0,119976560.0,2831840500.0,9008921000.0,0.0,0.0
FROM_ZONE_0,107,4,0.0,0.0,0.0,0.0,0.0,0.0,0.0,0.0,0.0
FROM_haweaflat,107,4,0.0,0.0,436.46487,131366.47,21132.451,0.0,0.0,0.0,0.0
FROM_moraine_top,107,4,0.0,157206.78,0.0,0.0,0.0,0.0,0.0,0.0,0.0
FROM_river_zone,107,4,0.0,12231.616,0.0,0.0,31177.041,0.0,42.298355,65.26649,0.0
FROM_main_terrace,107,4,0.0,876.31805,0.0,261.97653,0.0,6506.9146,67633.77,6228.5566,0.0
FROM_sandy_point,107,4,0.0,0.0,0.0,0.0,1680.8308,0.0,44.890816,0.0,0.0
FROM_clutha,107,4,0.0,0.0,0.0,3.3350632,1765.4984,12.86515,0.0,935.7667,0.0
FROM_sub_terrace,107,4,0.0,0.0,0.0,75.72635,438.22916,0.0,7536.8315,0.0,0.0
FROM_mangawera,107,4,0.0,0.0,0.0,3696.1187,0.0,0.0,0.0,0.0,0.0
TOTAL_IN,107,4,0.0,363860.25,190261.6,811256300.0,120060290.0,2831849000.0,9008997000.0,8491.548,3987.3267
TO_STORAGE,107,4,0.0,32164.52,6261.177,5048.044,135.80872,0.0012006597,0.20115437,0.0129539985,0.60155314
TO_CONSTANT_HEAD,107,4,0.0,0.0,0.0,0.0,0.0,0.0,0.0,0.0,0.0
TO_WELLS,107,4,0.0,5505.3066,0.0,0.0,445.89493,28.567646,0.0,440.7458,290.60635
TO_HEAD_DEP_BOUNDS,107,4,0.0,0.0,329.4795,0.0,0.0,0.0,0.0,0.0,0.0
TO_RECHARGE,107,4,0.0,0.0,0.0,0.0,0.0,0.0,0.0,0.0,0.0
TO_STREAM_LEAKAGE,107,4,0.0,0.0,0.0,125424.56,1633.8323,6696.3384,74810.34,0.0,0.0
TO_STREAM_FLOW_OUT,107,4,0.0,0.0,0.0,0.0,0.0,0.0,0.0,0.0,0.0
TO_ZONE_0,107,4,0.0,0.0,0.0,0.0,0.0,0.0,0.0,0.0,0.0
TO_haweaflat,107,4,0.0,0.0,157206.78,12231.616,876.31805,0.0,0.0,0.0,0.0
TO_moraine_top,107,4,0.0,436.46487,0.0,0.0,0.0,0.0,0.0,0.0,0.0
TO_river_zone,107,4,0.0,131366.47,0.0,0.0,261.97653,0.0,3.3350632,75.72635,3696.1187
TO_main_terrace,107,4,0.0,21132.451,0.0,31177.041,0.0,1680.8308,1765.4984,438.22916,0.0
TO_sandy_point,107,4,0.0,0.0,0.0,0.0,6506.9146,0.0,12.86515,0.0,0.0
TO_clutha,107,4,0.0,0.0,0.0,42.298355,67633.77,44.890816,0.0,7536.8315,0.0
TO_sub_terrace,107,4,0.0,0.0,0.0,65.26649,6228.5566,0.0,935.7667,0.0,0.0
TO_mangawera,107,4,0.0,0.0,0.0,0.0,0.0,0.0,0.0,0.0,0.0
TOTAL_OUT,107,4,0.0,190605.22,163797.44,173988.83,83723.07,8450.629,77528.016,8491.546,3987.3267
IN-OUT,107,4,0.0,173255.03,26464.156,811082300.0,119976570.0,2831840500.0,9008920000.0,0.001953125,0.0
PERCENT_DISCREPANCY,107,4,,62.494434,14.949007,199.91422,199.72127,199.9988,199.99654,2.3000815e-05,0.0
FROM_STORAGE,108,4,0.0,390.5492,0.0059830863,0.3151309,578.2394,0.0009514583,11.750411,5.8693795,0.16638768
FROM_CONSTANT_HEAD,108,4,0.0,0.0,0.0,0.0,0.0,0.0,0.0,0.0,0.0
FROM_WELLS,108,4,0.0,4777.7715,18.260052,1438.9762,8504.589,0.0,0.0,77.06712,1081.1698
FROM_HEAD_DEP_BOUNDS,108,4,0.0,0.0,163892.88,0.0,0.0,0.0,0.0,0.0,0.0
FROM_RECHARGE,108,4,0.0,11435.957,1631.3204,4484.366,15251.537,1894.4105,2240.9023,1178.2632,2905.9722
FROM_STREAM_LEAKAGE,108,4,0.0,3500.0,1100.0,32657.088,3119.7043,36.521347,16.351604,0.0,0.0
FROM_STREAM_FLOW_OUT,108,4,0.0,173263.03,26465.953,811401700.0,119981630.0,2831839700.0,9008932000.0,0.0,0.0
FROM_ZONE_0,108,4,0.0,0.0,0.0,0.0,0.0,0.0,0.0,0.0,0.0
FROM_haweaflat,108,4,0.0,0.0,438.55353,134174.3,21244.957,0.0,0.0,0.0,0.0
FROM_moraine_top,108,4,0.0,160713.5,0.0,0.0,0.0,0.0,0.0,0.0,0.0
FROM_river_zone,108,4,0.0,12298.65,0.0,0.0,31181.678,0.0,42.29799,65.266556,0.0
FROM_main_terrace,108,4,0.0,876.917,0.0,261.8742,0.0,6506.9146,67627.69,6228.4766,0.0
FROM_sandy_point,108,4,0.0,0.0,0.0,0.0,1680.8308,0.0,44.89082,0.0,0.0
FROM_clutha,108,4,0.0,0.0,0.0,3.335055,1765.5061,12.86515,0.0,935.6848,0.0
FROM_sub_terrace,108,4,0.0,0.0,0.0,75.70206,438.08694,0.0,7536.083,0.0,0.0
FROM_mangawera,108,4,0.0,0.0,0.0,3696.0435,0.0,0.0,0.0,0.0,0.0
TOTAL_IN,108,4,0.0,367256.38,193546.97,811578500.0,120065410.0,2831848200.0,9009009000.0,8490.628,3987.3083
TO_STORAGE,108,4,0.0,32638.357,6039.69,5233.8086,183.41081,0.0011997665,0.19190104,0.009017901,0.6587264
TO_CONSTANT_HEAD,108,4,0.0,0.0,0.0,0.0,0.0,0.0,0.0,0.0,0.0
TO_WELLS,108,4,0.0,5505.3066,0.0,0.0,445.89493,28.567646,0.0,440.7458,290.60635
TO_HEAD_DEP_BOUNDS,108,4,0.0,0.0,329.86084,0.0,0.0,0.0,0.0,0.0,0.0
TO_RECHARGE,108,4,0.0,0.0,0.0,0.0,0.0,0.0,0.0,0.0,0.0
TO_STREAM_LEAKAGE,108,4,0.0,0.0,0.0,127971.98,1633.8323,6696.3384,74802.516,0.0,0.0
TO_STREAM_FLOW_OUT,108,4,0.0,0.0,0.0,0.0,0.0,0.0,0.0,0.0,0.0
TO_ZONE_0,108,4,0.0,0.0,0.0,0.0,0.0,0.0,0.0,0.0,0.0
TO_haweaflat,108,4,0.0,0.0,160713.5,12298.65,876.917,0.0,0.0,0.0,0.0
TO_moraine_top,108,4,0.0,438.55353,0.0,0.0,0.0,0.0,0.0,0.0,0.0
TO_river_zone,108,4,0.0,134174.3,0.0,0.0,261.8742,0.0,3.335055,75.70206,3696.0435
TO_main_terrace,108,4,0.0,21244.957,0.0,31181.678,0.0,1680.8308,1765.5061,438.08694,0.0
TO_sandy_point,108,4,0.0,0.0,0.0,0.0,6506.9146,0.0,12.86515,0.0,0.0
TO_clutha,108,4,0.0,0.0,0.0,42.29799,67627.69,44.89082,0.0,7536.083,0.0
TO_sub_terrace,108,4,0.0,0.0,0.0,65.266556,6228.4766,0.0,935.6848,0.0,0.0
TO_mangawera,108,4,0.0,0.0,0.0,0.0,0.0,0.0,0.0,0.0,0.0
TOTAL_OUT,108,4,0.0,194001.47,167083.05,176793.67,83765.01,8450.629,77520.11,8490.627,3987.3086
IN-OUT,108,4,0.0,173254.9,26463.922,811401700.0,119981640.0,2831839700.0,9008931000.0,0.0009765625,0.00024414062
PERCENT_DISCREPANCY,108,4,,61.738075,14.676496,199.91289,199.72112,199.99881,199.99655,1.1501654e-05,6.122943e-06
FROM_STORAGE,109,4,0.0,257.30807,1.1944663e-05,0.20365065,505.64395,0.00095892686,10.6070385,5.0308046,0.14601867
FROM_CONSTANT_HEAD,109,4,0.0,0.0,0.0,0.0,0.0,0.0,0.0,0.0,0.0
FROM_WELLS,109,4,0.0,4777.7715,18.260052,1438.9762,8504.589,0.0,0.0,77.06712,1081.1698
FROM_HEAD_DEP_BOUNDS,109,4,0.0,0.0,166379.55,0.0,0.0,0.0,0.0,0.0,0.0
FROM_RECHARGE,109,4,0.0,11435.957,1631.3204,4484.366,15251.537,1894.4105,2240.9023,1178.2632,2905.9722
FROM_STREAM_LEAKAGE,109,4,0.0,3500.0,1100.0,32652.863,3119.7043,36.521347,16.351604,0.0,0.0
FROM_STREAM_FLOW_OUT,109,4,0.0,173263.03,26465.953,811713000.0,119986610.0,2831839700.0,9008944000.0,0.0,0.0
FROM_ZONE_0,109,4,0.0,0.0,0.0,0.0,0.0,0.0,0.0,0.0,0.0
FROM_haweaflat,109,4,0.0,0.0,441.3303,136847.34,21364.662,0.0,0.0,0.0,0.0
FROM_moraine_top,109,4,0.0,163693.17,0.0,0.0,0.0,0.0,0.0,0.0,0.0
FROM_river_zone,109,4,0.0,12355.408,0.0,0.0,31185.229,0.0,42.297634,65.26471,0.0
FROM_main_terrace,109,4,0.0,877.6376,0.0,261.8421,0.0,6506.9146,67622.914,6228.6016,0.0
FROM_sandy_point,109,4,0.0,0.0,0.0,0.0,1680.8308,0.0,44.890823,0.0,0.0
FROM_clutha,109,4,0.0,0.0,0.0,3.335043,1765.6443,12.86515,0.0,935.62994,0.0
FROM_sub_terrace,109,4,0.0,0.0,0.0,75.68239,437.91705,0.0,7535.505,0.0,0.0
FROM_mangawera,109,4,0.0,0.0,0.0,3695.9778,0.0,0.0,0.0,0.0,0.0
TOTAL_IN,109,4,0.0,370160.28,196036.42,811892500.0,120070430.0,2831848200.0,9009021000.0,8489.857,3987.288
TO_STORAGE,109,4,0.0,32746.838,5548.8135,5352.5034,238.0259,0.0011966146,0.18279281,0.0057251155,0.7039039
TO_CONSTANT_HEAD,109,4,0.0,0.0,0.0,0.0,0.0,0.0,0.0,0.0,0.0
TO_WELLS,109,4,0.0,5505.3066,0.0,0.0,445.89493,28.567646,0.0,440.7458,290.60635
TO_HEAD_DEP_BOUNDS,109,4,0.0,0.0,330.09326,0.0,0.0,0.0,0.0,0.0,0.0
TO_RECHARGE,109,4,0.0,0.0,0.0,0.0,0.0,0.0,0.0,0.0,0.0
TO_STREAM_LEAKAGE,109,4,0.0,0.0,0.0,130461.266,1633.8655,6696.3384,74796.04,0.0,0.0
TO_STREAM_FLOW_OUT,109,4,0.0,0.0,0.0,0.0,0.0,0.0,0.0,0.0,0.0
TO_ZONE_0,109,4,0.0,0.0,0.0,0.0,0.0,0.0,0.0,0.0,0.0
TO_haweaflat,109,4,0.0,0.0,163693.17,12355.408,877.6376,0.0,0.0,0.0,0.0
TO_moraine_top,109,4,0.0,441.3303,0.0,0.0,0.0,0.0,0.0,0.0,0.0
TO_river_zone,109,4,0.0,136847.34,0.0,0.0,261.8421,0.0,3.335043,75.68239,3695.9778
TO_main_terrace,109,4,0.0,21364.662,0.0,31185.229,0.0,1680.8308,1765.6443,437.91705,0.0
TO_sandy_point,109,4,0.0,0.0,0.0,0.0,6506.9146,0.0,12.86515,0.0,0.0
TO_clutha,109,4,0.0,0.0,0.0,42.297634,67622.914,44.890823,0.0,7535.505,0.0
TO_sub_terrace,109,4,0.0,0.0,0.0,65.26471,6228.6016,0.0,935.62994,0.0,0.0
TO_mangawera,109,4,0.0,0.0,0.0,0.0,0.0,0.0,0.0,0.0,0.0
TOTAL_OUT,109,4,0.0,196905.47,169572.08,179461.97,83815.695,8450.629,77513.695,8489.855,3987.288
IN-OUT,109,4,0.0,173254.81,26464.344,811713000.0,119986616.0,2831839700.0,9008943000.0,0.001953125,0.0
PERCENT_DISCREPANCY,109,4,,61.105724,14.476876,199.9116,199.72098,199.99881,199.99654,2.3005396e-05,0.0
FROM_STORAGE,110,4,0.0,161.12349,0.0017195444,0.118865445,439.8839,0.0009471772,9.318296,4.126093,0.12499532
FROM_CONSTANT_HEAD,110,4,0.0,0.0,0.0,0.0,0.0,0.0,0.0,0.0,0.0
FROM_WELLS,110,4,0.0,4777.7715,18.260052,1438.9762,8504.589,0.0,0.0,77.06712,1081.1698
FROM_HEAD_DEP_BOUNDS,110,4,0.0,0.0,168137.16,0.0,0.0,0.0,0.0,0.0,0.0
FROM_RECHARGE,110,4,0.0,11435.957,1631.3204,4484.366,15251.537,1894.4105,2240.9023,1178.2632,2905.9722
FROM_STREAM_LEAKAGE,110,4,0.0,3500.0,1100.0,32647.443,3119.7043,36.521347,16.351604,0.0,0.0
FROM_STREAM_FLOW_OUT,110,4,0.0,173263.03,26465.953,812018400.0,119991470.0,2831839200.0,9008955000.0,0.0,0.0
FROM_ZONE_0,110,4,0.0,0.0,0.0,0.0,0.0,0.0,0.0,0.0,0.0
FROM_haweaflat,110,4,0.0,0.0,444.89508,139460.8,21490.205,0.0,0.0,0.0,0.0
FROM_moraine_top,110,4,0.0,166215.36,0.0,0.0,0.0,0.0,0.0,0.0,0.0
FROM_river_zone,110,4,0.0,12404.267,0.0,0.0,31187.66,0.0,42.297256,65.261024,0.0
FROM_main_terrace,110,4,0.0,878.46313,0.0,261.87997,0.0,6506.9146,67619.5,6228.9277,0.0
FROM_sandy_point,110,4,0.0,0.0,0.0,0.0,1680.8309,0.0,44.890827,0.0,0.0
FROM_clutha,110,4,0.0,0.0,0.0,3.3350325,1765.9102,12.86515,0.0,935.60297,0.0
FROM_sub_terrace,110,4,0.0,0.0,0.0,75.66764,437.72247,0.0,7535.1064,0.0,0.0
FROM_mangawera,110,4,0.0,0.0,0.0,3695.9216,0.0,0.0,0.0,0.0,0.0
TOTAL_IN,110,4,0.0,372636.0,197797.6,812200500.0,120075340.0,2831847700.0,9009032000.0,8489.248,3987.267
TO_STORAGE,110,4,0.0,32479.85,4787.3604,5466.5415,302.55508,0.0012144971,0.17342663,0.0036756943,0.7391095
TO_CONSTANT_HEAD,110,4,0.0,0.0,0.0,0.0,0.0,0.0,0.0,0.0,0.0
TO_WELLS,110,4,0.0,5505.3066,0.0,0.0,445.89493,28.567646,0.0,440.7458,290.60635
TO_HEAD_DEP_BOUNDS,110,4,0.0,0.0,330.4829,0.0,0.0,0.0,0.0,0.0,0.0
TO_RECHARGE,110,4,0.0,0.0,0.0,0.0,0.0,0.0,0.0,0.0,0.0
TO_STREAM_LEAKAGE,110,4,0.0,0.0,0.0,132904.17,1633.8655,6696.3384,74790.695,0.0,0.0
TO_STREAM_FLOW_OUT,110,4,0.0,0.0,0.0,0.0,0.0,0.0,0.0,0.0,0.0
TO_ZONE_0,110,4,0.0,0.0,0.0,0.0,0.0,0.0,0.0,0.0,0.0
TO_haweaflat,110,4,0.0,0.0,166215.36,12404.267,878.46313,0.0,0.0,0.0,0.0
TO_moraine_top,110,4,0.0,444.89508,0.0,0.0,0.0,0.0,0.0,0.0,0.0
TO_river_zone,110,4,0.0,139460.8,0.0,0.0,261.87997,0.0,3.3350325,75.66764,3695.9216
TO_main_terrace,110,4,0.0,21490.205,0.0,31187.66,0.0,1680.8309,1765.9102,437.72247,0.0
TO_sandy_point,110,4,0.0,0.0,0.0,0.0,6506.9146,0.0,12.86515,0.0,0.0
TO_clutha,110,4,0.0,0.0,0.0,42.297256,67619.5,44.890827,0.0,7535.1064,0.0
TO_sub_terrace,110,4,0.0,0.0,0.0,65.261024,6228.9277,0.0,935.60297,0.0,0.0
TO_mangawera,110,4,0.0,0.0,0.0,0.0,0.0,0.0,0.0,0.0,0.0
TOTAL_OUT,110,4,0.0,199381.05,171333.2,182070.2,83878.0,8450.629,77508.58,8489.246,3987.267
IN-OUT,110,4,0.0,173254.95,26464.39,812018400.0,119991464.0,2831839200.0,9008954000.0,0.001953125,0.0
PERCENT_DISCREPANCY,110,4,,60.57685,14.338759,199.91034,199.72076,199.99883,199.99654,2.3007045e-05,0.0
FROM_STORAGE,111,4,0.0,95.822685,0.0,0.07517908,384.7976,0.00098596,7.9039927,3.167531,0.10477696
FROM_CONSTANT_HEAD,111,4,0.0,0.0,0.0,0.0,0.0,0.0,0.0,0.0,0.0
FROM_WELLS,111,4,0.0,4777.7715,18.260052,1438.9762,8504.589,0.0,0.0,77.06712,1081.1698
FROM_HEAD_DEP_BOUNDS,111,4,0.0,0.0,169395.84,0.0,0.0,0.0,0.0,0.0,0.0
FROM_RECHARGE,111,4,0.0,11435.957,1631.3204,4484.366,15251.537,1894.4105,2240.9023,1178.2632,2905.9722
FROM_STREAM_LEAKAGE,111,4,0.0,3500.0,1100.0,32640.79,3119.7043,36.521347,16.351604,0.0,0.0
FROM_STREAM_FLOW_OUT,111,4,0.0,173263.03,26465.953,812322200.0,119996320.0,2831838700.0,9008967000.0,0.0,0.0
FROM_ZONE_0,111,4,0.0,0.0,0.0,0.0,0.0,0.0,0.0,0.0,0.0
FROM_haweaflat,111,4,0.0,0.0,449.18115,142049.55,21621.275,0.0,0.0,0.0,0.0
FROM_moraine_top,111,4,0.0,168468.38,0.0,0.0,0.0,0.0,0.0,0.0,0.0
FROM_river_zone,111,4,0.0,12451.001,0.0,0.0,31188.959,0.0,42.296852,65.25555,0.0
FROM_main_terrace,111,4,0.0,879.37335,0.0,261.98734,0.0,6506.915,67617.49,6229.446,0.0
FROM_sandy_point,111,4,0.0,0.0,0.0,0.0,1680.8309,0.0,44.89083,0.0,0.0
FROM_clutha,111,4,0.0,0.0,0.0,3.3350217,1766.2994,12.86515,0.0,935.60425,0.0
FROM_sub_terrace,111,4,0.0,0.0,0.0,75.65792,437.50595,0.0,7534.8906,0.0,0.0
FROM_mangawera,111,4,0.0,0.0,0.0,3695.871,0.0,0.0,0.0,0.0,0.0
TOTAL_IN,111,4,0.0,374871.3,199060.58,812506900.0,120080290.0,2831847200.0,9009043000.0,8488.804,3987.2466
TO_STORAGE,111,4,0.0,31991.244,3796.346,5570.6914,380.49625,0.001174628,0.16422892,0.0021911426,0.7690226
TO_CONSTANT_HEAD,111,4,0.0,0.0,0.0,0.0,0.0,0.0,0.0,0.0,0.0
TO_WELLS,111,4,0.0,5505.3066,0.0,0.0,445.89493,28.567646,0.0,440.7458,290.60635
TO_HEAD_DEP_BOUNDS,111,4,0.0,0.0,330.9585,0.0,0.0,0.0,0.0,0.0,0.0
TO_RECHARGE,111,4,0.0,0.0,0.0,0.0,0.0,0.0,0.0,0.0,0.0
TO_STREAM_LEAKAGE,111,4,0.0,0.0,0.0,135333.95,1633.8655,6696.3384,74786.61,0.0,0.0
TO_STREAM_FLOW_OUT,111,4,0.0,0.0,0.0,0.0,0.0,0.0,0.0,0.0,0.0
TO_ZONE_0,111,4,0.0,0.0,0.0,0.0,0.0,0.0,0.0,0.0,0.0
TO_haweaflat,111,4,0.0,0.0,168468.38,12451.001,879.37335,0.0,0.0,0.0,0.0
TO_moraine_top,111,4,0.0,449.18115,0.0,0.0,0.0,0.0,0.0,0.0,0.0
TO_river_zone,111,4,0.0,142049.55,0.0,0.0,261.98734,0.0,3.3350217,75.65792,3695.871
TO_main_terrace,111,4,0.0,21621.275,0.0,31188.959,0.0,1680.8309,1766.2994,437.50595,0.0
TO_sandy_point,111,4,0.0,0.0,0.0,0.0,6506.915,0.0,12.86515,0.0,0.0
TO_clutha,111,4,0.0,0.0,0.0,42.296852,67617.49,44.89083,0.0,7534.8906,0.0
TO_sub_terrace,111,4,0.0,0.0,0.0,65.25555,6229.446,0.0,935.60425,0.0,0.0
TO_mangawera,111,4,0.0,0.0,0.0,0.0,0.0,0.0,0.0,0.0,0.0
TOTAL_OUT,111,4,0.0,201616.56,172595.69,184652.14,83955.47,8450.629,77504.875,8488.803,3987.2466
IN-OUT,111,4,0.0,173254.75,26464.89,812322240.0,119996340.0,2831838700.0,9008966000.0,0.0009765625,0.0
PERCENT_DISCREPANCY,111,4,,60.10699,14.241595,199.90912,199.72054,199.99881,199.99655,1.1504125e-05,0.0
FROM_STORAGE,112,4,0.0,52.802094,0.004751509,0.05441166,337.7137,0.0009845209,6.4526424,2.3471122,0.086790495
FROM_CONSTANT_HEAD,112,4,0.0,0.0,0.0,0.0,0.0,0.0,0.0,0.0,0.0
FROM_WELLS,112,4,0.0,4777.7715,18.260052,1438.9762,8504.589,0.0,0.0,77.06712,1081.1698
FROM_HEAD_DEP_BOUNDS,112,4,0.0,0.0,169975.08,0.0,0.0,0.0,0.0,0.0,0.0
FROM_RECHARGE,112,4,0.0,11435.957,1631.3204,4484.366,15251.537,1894.4105,2240.9023,1178.2632,2905.9722
FROM_STREAM_LEAKAGE,112,4,0.0,3500.0,1100.0,32632.777,3119.7043,36.521347,16.351604,0.0,0.0
FROM_STREAM_FLOW_OUT,112,4,0.0,173263.03,26465.953,812615000.0,120001016.0,2831838700.0,9008978000.0,0.0,0.0
FROM_ZONE_0,112,4,0.0,0.0,0.0,0.0,0.0,0.0,0.0,0.0,0.0
FROM_haweaflat,112,4,0.0,0.0,454.88025,144406.61,21755.846,0.0,0.0,0.0,0.0
FROM_moraine_top,112,4,0.0,169777.72,0.0,0.0,0.0,0.0,0.0,0.0,0.0
FROM_river_zone,112,4,0.0,12489.968,0.0,0.0,31189.107,0.0,42.29646,65.24834,0.0
FROM_main_terrace,112,4,0.0,880.3712,0.0,262.16312,0.0,6506.9155,67616.93,6230.1553,0.0
FROM_sandy_point,112,4,0.0,0.0,0.0,0.0,1680.8309,0.0,44.890835,0.0,0.0
FROM_clutha,112,4,0.0,0.0,0.0,3.3350086,1766.8065,12.8651495,0.0,935.63354,0.0
FROM_sub_terrace,112,4,0.0,0.0,0.0,75.653465,437.27023,0.0,7534.8623,0.0,0.0
FROM_mangawera,112,4,0.0,0.0,0.0,3695.8274,0.0,0.0,0.0,0.0,0.0
TOTAL_IN,112,4,0.0,376177.62,199645.5,812801900.0,120085064.0,2831847200.0,9009055000.0,8488.715,3987.2288
TO_STORAGE,112,4,0.0,30799.92,3071.3237,5540.033,467.10602,0.0011790656,0.22662857,0.18168956,0.7949641
TO_CONSTANT_HEAD,112,4,0.0,0.0,0.0,0.0,0.0,0.0,0.0,0.0,0.0
TO_WELLS,112,4,0.0,5505.3066,0.0,0.0,445.89493,28.567646,0.0,440.7458,290.60635
TO_HEAD_DEP_BOUNDS,112,4,0.0,0.0,331.49365,0.0,0.0,0.0,0.0,0.0,0.0
TO_RECHARGE,112,4,0.0,0.0,0.0,0.0,0.0,0.0,0.0,0.0,0.0
TO_STREAM_LEAKAGE,112,4,0.0,0.0,0.0,137674.36,1633.8987,6696.3384,74783.89,0.0,0.0
TO_STREAM_FLOW_OUT,112,4,0.0,0.0,0.0,0.0,0.0,0.0,0.0,0.0,0.0
TO_ZONE_0,112,4,0.0,0.0,0.0,0.0,0.0,0.0,0.0,0.0,0.0
TO_haweaflat,112,4,0.0,0.0,169777.72,12489.968,880.3712,0.0,0.0,0.0,0.0
TO_moraine_top,112,4,0.0,454.88025,0.0,0.0,0.0,0.0,0.0,0.0,0.0
TO_river_zone,112,4,0.0,144406.61,0.0,0.0,262.16312,0.0,3.3350086,75.653465,3695.8274
TO_main_terrace,112,4,0.0,21755.846,0.0,31189.107,0.0,1680.8309,1766.8065,437.27023,0.0
TO_sandy_point,112,4,0.0,0.0,0.0,0.0,6506.9155,0.0,12.8651495,0.0,0.0
TO_clutha,112,4,0.0,0.0,0.0,42.29646,67616.93,44.890835,0.0,7534.8623,0.0
TO_sub_terrace,112,4,0.0,0.0,0.0,65.24834,6230.1553,0.0,935.63354,0.0,0.0
TO_mangawera,112,4,0.0,0.0,0.0,0.0,0.0,0.0,0.0,0.0,0.0
TOTAL_OUT,112,4,0.0,202922.56,173180.53,187001.02,84043.44,8450.629,77502.76,8488.714,3987.2288
IN-OUT,112,4,0.0,173255.06,26464.969,812614900.0,120001020.0,2831838700.0,9008977000.0,0.0009765625,0.0
PERCENT_DISCREPANCY,112,4,,59.835953,14.196954,199.908,199.72026,199.99881,199.99655,1.1504244e-05,0.0
FROM_STORAGE,113,4,0.0,26.331211,6.6876864e-06,0.038214833,296.57507,0.0009674193,5.4182224,1.8503705,0.07099017
FROM_CONSTANT_HEAD,113,4,0.0,0.0,0.0,0.0,0.0,0.0,0.0,0.0,0.0
FROM_WELLS,113,4,0.0,4777.7715,18.260052,1438.9762,8504.589,0.0,0.0,77.06712,1081.1698
FROM_HEAD_DEP_BOUNDS,113,4,0.0,0.0,169723.81,0.0,0.0,0.0,0.0,0.0,0.0
FROM_RECHARGE,113,4,0.0,11435.957,1631.3204,4484.366,15251.537,1894.4105,2240.9023,1178.2632,2905.9722
FROM_STREAM_LEAKAGE,113,4,0.0,3500.0,1100.0,32624.148,3119.7043,36.521347,16.351604,0.0,0.0
FROM_STREAM_FLOW_OUT,113,4,0.0,173263.03,26465.953,812886660.0,120005380.0,2831838700.0,9008989000.0,0.0,0.0
FROM_ZONE_0,113,4,0.0,0.0,0.0,0.0,0.0,0.0,0.0,0.0,0.0
FROM_haweaflat,113,4,0.0,0.0,461.49463,146484.08,21891.21,0.0,0.0,0.0,0.0
FROM_moraine_top,113,4,0.0,170351.92,0.0,0.0,0.0,0.0,0.0,0.0,0.0
FROM_river_zone,113,4,0.0,12517.129,0.0,0.0,31188.082,0.0,42.296097,65.23947,0.0
FROM_main_terrace,113,4,0.0,881.4468,0.0,262.40482,0.0,6506.9155,67617.805,6231.042,0.0
FROM_sandy_point,113,4,0.0,0.0,0.0,0.0,1680.8309,0.0,44.89084,0.0,0.0
FROM_clutha,113,4,0.0,0.0,0.0,3.3349977,1767.4247,12.8651495,0.0,935.6905,0.0
FROM_sub_terrace,113,4,0.0,0.0,0.0,75.65436,437.0181,0.0,7535.02,0.0,0.0
FROM_mangawera,113,4,0.0,0.0,0.0,3695.7944,0.0,0.0,0.0,0.0,0.0
TOTAL_IN,113,4,0.0,376753.56,199400.86,813075700.0,120089520.0,2831847200.0,9009066000.0,8489.152,3987.213
TO_STORAGE,113,4,0.0,29155.803,2251.8809,5403.488,557.60974,0.0012013067,0.79427135,0.7149429,0.8119638
TO_CONSTANT_HEAD,113,4,0.0,0.0,0.0,0.0,0.0,0.0,0.0,0.0,0.0
TO_WELLS,113,4,0.0,5505.3066,0.0,0.0,445.89493,28.567646,0.0,440.7458,290.60635
TO_HEAD_DEP_BOUNDS,113,4,0.0,0.0,332.01123,0.0,0.0,0.0,0.0,0.0,0.0
TO_RECHARGE,113,4,0.0,0.0,0.0,0.0,0.0,0.0,0.0,0.0,0.0
TO_STREAM_LEAKAGE,113,4,0.0,0.0,0.0,139854.02,1633.8987,6696.3384,74782.66,0.0,0.0
TO_STREAM_FLOW_OUT,113,4,0.0,0.0,0.0,0.0,0.0,0.0,0.0,0.0,0.0
TO_ZONE_0,113,4,0.0,0.0,0.0,0.0,0.0,0.0,0.0,0.0,0.0
TO_haweaflat,113,4,0.0,0.0,170351.92,12517.129,881.4468,0.0,0.0,0.0,0.0
TO_moraine_top,113,4,0.0,461.49463,0.0,0.0,0.0,0.0,0.0,0.0,0.0
TO_river_zone,113,4,0.0,146484.08,0.0,0.0,262.40482,0.0,3.3349977,75.65436,3695.7944
TO_main_terrace,113,4,0.0,21891.21,0.0,31188.082,0.0,1680.8309,1767.4247,437.0181,0.0
TO_sandy_point,113,4,0.0,0.0,0.0,0.0,6506.9155,0.0,12.8651495,0.0,0.0
TO_clutha,113,4,0.0,0.0,0.0,42.296097,67617.805,44.89084,0.0,7535.02,0.0
TO_sub_terrace,113,4,0.0,0.0,0.0,65.23947,6231.042,0.0,935.6905,0.0,0.0
TO_mangawera,113,4,0.0,0.0,0.0,0.0,0.0,0.0,0.0,0.0,0.0
TOTAL_OUT,113,4,0.0,203497.9,172935.81,189070.23,84137.016,8450.629,77502.766,8489.153,3987.2126
IN-OUT,113,4,0.0,173255.66,26465.047,812886660.0,120005384.0,2831838700.0,9008988000.0,0.0009765625,0.00024414062
PERCENT_DISCREPANCY,113,4,,59.717438,14.215654,199.90701,199.71996,199.99881,199.99655,1.1503652e-05,6.12309e-06
FROM_STORAGE,114,4,0.0,11.523566,0.004783203,0.026000315,259.99872,0.0009786905,4.6144824,1.4948794,0.059589613
FROM_CONSTANT_HEAD,114,4,0.0,0.0,0.0,0.0,0.0,0.0,0.0,0.0,0.0
FROM_WELLS,114,4,0.0,4777.7715,18.260052,1438.9762,8504.589,0.0,0.0,77.06712,1081.1698
FROM_HEAD_DEP_BOUNDS,114,4,0.0,0.0,168690.48,0.0,0.0,0.0,0.0,0.0,0.0
FROM_RECHARGE,114,4,0.0,11435.957,1631.3204,4484.366,15251.537,1894.4105,2240.9023,1178.2632,2905.9722
FROM_STREAM_LEAKAGE,114,4,0.0,3500.0,1100.0,32614.318,3119.7043,36.521347,16.351604,0.0,0.0
FROM_STREAM_FLOW_OUT,114,4,0.0,173263.03,26465.953,813134200.0,120009350.0,2831838700.0,9008999000.0,0.0,0.0
FROM_ZONE_0,114,4,0.0,0.0,0.0,0.0,0.0,0.0,0.0,0.0,0.0
FROM_haweaflat,114,4,0.0,0.0,468.9616,148274.53,22025.814,0.0,0.0,0.0,0.0
FROM_moraine_top,114,4,0.0,170283.56,0.0,0.0,0.0,0.0,0.0,0.0,0.0
FROM_river_zone,114,4,0.0,12532.359,0.0,0.0,31185.896,0.0,42.29576,65.22918,0.0
FROM_main_terrace,114,4,0.0,882.5819,0.0,262.70935,0.0,6506.9155,67620.125,6232.099,0.0
FROM_sandy_point,114,4,0.0,0.0,0.0,0.0,1680.8309,0.0,44.890846,0.0,0.0
FROM_clutha,114,4,0.0,0.0,0.0,3.3349838,1768.1464,12.8651495,0.0,935.7747,0.0
FROM_sub_terrace,114,4,0.0,0.0,0.0,75.660484,436.75314,0.0,7535.363,0.0,0.0
FROM_mangawera,114,4,0.0,0.0,0.0,3695.7744,0.0,0.0,0.0,0.0,0.0
TOTAL_IN,114,4,0.0,376686.78,198375.0,813325060.0,120093580.0,2831847200.0,9009076000.0,8489.928,3987.2017
TO_STORAGE,114,4,0.0,27288.889,1300.3369,5212.5483,650.87006,0.0011925604,1.6445097,1.4044899,0.82429177
TO_CONSTANT_HEAD,114,4,0.0,0.0,0.0,0.0,0.0,0.0,0.0,0.0,0.0
TO_WELLS,114,4,0.0,5505.3066,0.0,0.0,445.89493,28.567646,0.0,440.7458,290.60635
TO_HEAD_DEP_BOUNDS,114,4,0.0,0.0,332.3501,0.0,0.0,0.0,0.0,0.0,0.0
TO_RECHARGE,114,4,0.0,0.0,0.0,0.0,0.0,0.0,0.0,0.0,0.0
TO_STREAM_LEAKAGE,114,4,0.0,0.0,0.0,141838.0,1633.9319,6696.3384,74782.83,0.0,0.0
TO_STREAM_FLOW_OUT,114,4,0.0,0.0,0.0,0.0,0.0,0.0,0.0,0.0,0.0
TO_ZONE_0,114,4,0.0,0.0,0.0,0.0,0.0,0.0,0.0,0.0,0.0
TO_haweaflat,114,4,0.0,0.0,170283.56,12532.359,882.5819,0.0,0.0,0.0,0.0
TO_moraine_top,114,4,0.0,468.9616,0.0,0.0,0.0,0.0,0.0,0.0,0.0
TO_river_zone,114,4,0.0,148274.53,0.0,0.0,262.70935,0.0,3.3349838,75.660484,3695.7744
TO_main_terrace,114,4,0.0,22025.814,0.0,31185.896,0.0,1680.8309,1768.1464,436.75314,0.0
TO_sandy_point,114,4,0.0,0.0,0.0,0.0,6506.9155,0.0,12.8651495,0.0,0.0
TO_clutha,114,4,0.0,0.0,0.0,42.29576,67620.125,44.890846,0.0,7535.363,0.0
TO_sub_terrace,114,4,0.0,0.0,0.0,65.22918,6232.099,0.0,935.7747,0.0,0.0
TO_mangawera,114,4,0.0,0.0,0.0,0.0,0.0,0.0,0.0,0.0,0.0
TOTAL_OUT,114,4,0.0,203563.5,171916.25,190876.33,84235.13,8450.629,77504.59,8489.927,3987.205
IN-OUT,114,4,0.0,173123.28,26458.75,813134200.0,120009350.0,2831838700.0,9008998000.0,0.0009765625,0.0034179688
PERCENT_DISCREPANCY,114,4,,59.671936,14.290778,199.90617,199.71964,199.99881,199.99655,1.15026005e-05,8.572346e-05
FROM_STORAGE,115,4,0.0,5.798617,45.34741,0.016548356,225.50133,0.0009805849,3.8845816,1.2136565,0.051351
FROM_CONSTANT_HEAD,115,4,0.0,0.0,0.0,0.0,0.0,0.0,0.0,0.0,0.0
FROM_WELLS,115,4,0.0,4777.7715,18.260052,1438.9762,8504.589,0.0,0.0,77.06712,1081.1698
FROM_HEAD_DEP_BOUNDS,115,4,0.0,0.0,166899.64,0.0,0.0,0.0,0.0,0.0,0.0
FROM_RECHARGE,115,4,0.0,11435.957,1631.3204,4484.366,15251.537,1894.4105,2240.9023,1178.2632,2905.9722
FROM_STREAM_LEAKAGE,115,4,0.0,3500.0,1100.0,32603.828,3119.7043,36.521347,16.351604,0.0,0.0
FROM_STREAM_FLOW_OUT,115,4,0.0,173263.03,26465.953,813353000.0,120012900.0,2831839200.0,9009009000.0,0.0,0.0
FROM_ZONE_0,115,4,0.0,0.0,0.0,0.0,0.0,0.0,0.0,0.0,0.0
FROM_haweaflat,115,4,0.0,0.0,477.39554,149754.14,22157.564,0.0,0.0,0.0,0.0
FROM_moraine_top,115,4,0.0,169423.16,0.0,0.0,0.0,0.0,0.0,0.0,0.0
FROM_river_zone,115,4,0.0,12535.887,0.0,0.0,31182.57,0.0,42.295444,65.21749,0.0
FROM_main_terrace,115,4,0.0,883.76514,0.0,263.07263,0.0,6506.9155,67623.86,6233.309,0.0
FROM_sandy_point,115,4,0.0,0.0,0.0,0.0,1680.8308,0.0,44.890854,0.0,0.0
FROM_clutha,115,4,0.0,0.0,0.0,3.3349726,1768.9618,12.865149,0.0,935.8848,0.0
FROM_sub_terrace,115,4,0.0,0.0,0.0,75.67192,436.47928,0.0,7535.8877,0.0,0.0
FROM_mangawera,115,4,0.0,0.0,0.0,3695.767,0.0,0.0,0.0,0.0,0.0
TOTAL_IN,115,4,0.0,375825.34,196637.92,813545340.0,120097230.0,2831847700.0,9009085000.0,8490.955,3987.1934
TO_STORAGE,115,4,0.0,24793.166,417.2268,4918.9014,739.4508,0.0011964152,2.6353514,2.1744657,0.823652
TO_CONSTANT_HEAD,115,4,0.0,0.0,0.0,0.0,0.0,0.0,0.0,0.0,0.0
TO_WELLS,115,4,0.0,5505.3066,0.0,0.0,445.89493,28.567646,0.0,440.7458,290.60635
TO_HEAD_DEP_BOUNDS,115,4,0.0,0.0,333.06787,0.0,0.0,0.0,0.0,0.0,0.0
TO_RECHARGE,115,4,0.0,0.0,0.0,0.0,0.0,0.0,0.0,0.0,0.0
TO_STREAM_LEAKAGE,115,4,0.0,0.0,0.0,143599.45,1633.9319,6696.3384,74784.45,0.0,0.0
TO_STREAM_FLOW_OUT,115,4,0.0,0.0,0.0,0.0,0.0,0.0,0.0,0.0,0.0
TO_ZONE_0,115,4,0.0,0.0,0.0,0.0,0.0,0.0,0.0,0.0,0.0
TO_haweaflat,115,4,0.0,0.0,169423.16,12535.887,883.76514,0.0,0.0,0.0,0.0
TO_moraine_top,115,4,0.0,477.39554,0.0,0.0,0.0,0.0,0.0,0.0,0.0
TO_river_zone,115,4,0.0,149754.14,0.0,0.0,263.07263,0.0,3.3349726,75.67192,3695.767
TO_main_terrace,115,4,0.0,22157.564,0.0,31182.57,0.0,1680.8308,1768.9618,436.47928,0.0
TO_sandy_point,115,4,0.0,0.0,0.0,0.0,6506.9155,0.0,12.865149,0.0,0.0
TO_clutha,115,4,0.0,0.0,0.0,42.295444,67623.86,44.890854,0.0,7535.8877,0.0
TO_sub_terrace,115,4,0.0,0.0,0.0,65.21749,6233.309,0.0,935.8848,0.0,0.0
TO_mangawera,115,4,0.0,0.0,0.0,0.0,0.0,0.0,0.0,0.0,0.0
TOTAL_OUT,115,4,0.0,202687.58,170173.45,192344.33,84330.2,8450.629,77508.13,8490.959,3987.197
IN-OUT,115,4,0.0,173137.77,26464.469,813353000.0,120012904.0,2831839200.0,9009008000.0,0.00390625,0.0036621094
PERCENT_DISCREPANCY,115,4,,59.85614,14.429471,199.90547,199.71933,199.99883,199.99655,4.6004825e-05,9.184675e-05
FROM_STORAGE,116,4,0.0,24.621313,593.0282,0.01024021,193.15704,0.0009975379,3.2369897,0.99527574,0.04542097
FROM_CONSTANT_HEAD,116,4,0.0,0.0,0.0,0.0,0.0,0.0,0.0,0.0,0.0
FROM_WELLS,116,4,0.0,4777.7715,18.260052,1438.9762,8504.589,0.0,0.0,77.06712,1081.1698
FROM_HEAD_DEP_BOUNDS,116,4,0.0,0.0,164370.34,0.0,0.0,0.0,0.0,0.0,0.0
FROM_RECHARGE,116,4,0.0,11435.957,1631.3204,4484.366,15251.537,1894.4105,2240.9023,1178.2632,2905.9722
FROM_STREAM_LEAKAGE,116,4,0.0,3500.0,1100.0,32592.992,3119.7043,36.521347,16.351604,0.0,0.0
FROM_STREAM_FLOW_OUT,116,4,0.0,173263.03,26465.953,813541250.0,120015950.0,2831839200.0,9009017000.0,0.0,0.0
FROM_ZONE_0,116,4,0.0,0.0,0.0,0.0,0.0,0.0,0.0,0.0,0.0
FROM_haweaflat,116,4,0.0,0.0,487.1756,150893.27,22283.723,0.0,0.0,0.0,0.0
FROM_moraine_top,116,4,0.0,167834.47,0.0,0.0,0.0,0.0,0.0,0.0,0.0
FROM_river_zone,116,4,0.0,12527.764,0.0,0.0,31178.158,0.0,42.295105,65.20529,0.0
FROM_main_terrace,116,4,0.0,884.97473,0.0,263.48874,0.0,6506.9155,67628.945,6234.6533,0.0
FROM_sandy_point,116,4,0.0,0.0,0.0,0.0,1680.8309,0.0,44.89086,0.0,0.0
FROM_clutha,116,4,0.0,0.0,0.0,3.334962,1769.8579,12.865149,0.0,936.01917,0.0
FROM_sub_terrace,116,4,0.0,0.0,0.0,75.68904,436.20087,0.0,7536.586,0.0,0.0
FROM_mangawera,116,4,0.0,0.0,0.0,3695.7725,0.0,0.0,0.0,0.0,0.0
TOTAL_IN,116,4,0.0,374248.56,194666.08,813734700.0,120100370.0,2831847700.0,9009094000.0,8492.203,3987.1875
TO_STORAGE,116,4,0.0,21927.098,26.04396,4541.3135,821.98035,0.0011797579,3.724029,2.9909914,0.8126021
TO_CONSTANT_HEAD,116,4,0.0,0.0,0.0,0.0,0.0,0.0,0.0,0.0,0.0
TO_WELLS,116,4,0.0,5505.3066,0.0,0.0,445.89493,28.567646,0.0,440.7458,290.60635
TO_HEAD_DEP_BOUNDS,116,4,0.0,0.0,335.07764,0.0,0.0,0.0,0.0,0.0,0.0
TO_RECHARGE,116,4,0.0,0.0,0.0,0.0,0.0,0.0,0.0,0.0,0.0
TO_STREAM_LEAKAGE,116,4,0.0,0.0,0.0,145116.17,1633.9651,6696.3384,74787.57,0.0,0.0
TO_STREAM_FLOW_OUT,116,4,0.0,0.0,0.0,0.0,0.0,0.0,0.0,0.0,0.0
TO_ZONE_0,116,4,0.0,0.0,0.0,0.0,0.0,0.0,0.0,0.0,0.0
TO_haweaflat,116,4,0.0,0.0,167834.47,12527.764,884.97473,0.0,0.0,0.0,0.0
TO_moraine_top,116,4,0.0,487.1756,0.0,0.0,0.0,0.0,0.0,0.0,0.0
TO_river_zone,116,4,0.0,150893.27,0.0,0.0,263.48874,0.0,3.334962,75.68904,3695.7725
TO_main_terrace,116,4,0.0,22283.723,0.0,31178.158,0.0,1680.8309,1769.8579,436.20087,0.0
TO_sandy_point,116,4,0.0,0.0,0.0,0.0,6506.9155,0.0,12.865149,0.0,0.0
TO_clutha,116,4,0.0,0.0,0.0,42.295105,67628.945,44.89086,0.0,7536.586,0.0
TO_sub_terrace,116,4,0.0,0.0,0.0,65.20529,6234.6533,0.0,936.01917,0.0,0.0
TO_mangawera,116,4,0.0,0.0,0.0,0.0,0.0,0.0,0.0,0.0,0.0
TOTAL_OUT,116,4,0.0,201096.56,168195.6,193470.9,84420.82,8450.629,77513.375,8492.213,3987.1914
IN-OUT,116,4,0.0,173152.0,26470.484,813541250.0,120015944.0,2831839200.0,9009016000.0,0.009765625,0.00390625
PERCENT_DISCREPANCY,116,4,,60.190655,14.5898485,199.9049,199.71902,199.99883,199.99654,0.00011499512,9.797001e-05
FROM_STORAGE,117,4,0.0,105.2419,1499.2131,0.007022196,163.65398,0.0010132756,2.6721706,0.817995,0.04099465
FROM_CONSTANT_HEAD,117,4,0.0,0.0,0.0,0.0,0.0,0.0,0.0,0.0,0.0
FROM_WELLS,117,4,0.0,4777.7715,18.260052,1438.9762,8504.589,0.0,0.0,77.06712,1081.1698
FROM_HEAD_DEP_BOUNDS,117,4,0.0,0.0,161151.27,0.0,0.0,0.0,0.0,0.0,0.0
FROM_RECHARGE,117,4,0.0,11435.957,1631.3204,4484.366,15251.537,1894.4105,2240.9023,1178.2632,2905.9722
FROM_STREAM_LEAKAGE,117,4,0.0,3500.0,1100.0,32581.762,3119.7043,36.521347,16.351604,0.0,0.0
FROM_STREAM_FLOW_OUT,117,4,0.0,173263.03,26465.953,813695300.0,120018440.0,2831839200.0,9009024000.0,0.0,0.0
FROM_ZONE_0,117,4,0.0,0.0,0.0,0.0,0.0,0.0,0.0,0.0,0.0
FROM_haweaflat,117,4,0.0,0.0,496.9787,151683.75,22402.14,0.0,0.0,0.0,0.0
FROM_moraine_top,117,4,0.0,165546.81,0.0,0.0,0.0,0.0,0.0,0.0,0.0
FROM_river_zone,117,4,0.0,12508.362,0.0,0.0,31172.723,0.0,42.29481,65.19231,0.0
FROM_main_terrace,117,4,0.0,886.1903,0.0,263.9516,0.0,6506.9155,67635.305,6236.112,0.0
FROM_sandy_point,117,4,0.0,0.0,0.0,0.0,1680.8309,0.0,44.890865,0.0,0.0
FROM_clutha,117,4,0.0,0.0,0.0,3.3349495,1770.8221,12.865149,0.0,936.1758,0.0
FROM_sub_terrace,117,4,0.0,0.0,0.0,75.711174,435.92184,0.0,7537.4463,0.0,0.0
FROM_mangawera,117,4,0.0,0.0,0.0,3695.789,0.0,0.0,0.0,0.0,0.0
TOTAL_IN,117,4,0.0,372023.38,192363.0,813889540.0,120102936.0,2831847700.0,9009101000.0,8493.628,3987.183
TO_STORAGE,117,4,0.0,18767.125,1.763156e-14,4099.4536,897.1606,0.0011623959,4.8855996,3.8172557,0.7908363
TO_CONSTANT_HEAD,117,4,0.0,0.0,0.0,0.0,0.0,0.0,0.0,0.0,0.0
TO_WELLS,117,4,0.0,5505.3066,0.0,0.0,445.89493,28.567646,0.0,440.7458,290.60635
TO_HEAD_DEP_BOUNDS,117,4,0.0,0.0,339.6797,0.0,0.0,0.0,0.0,0.0,0.0
TO_RECHARGE,117,4,0.0,0.0,0.0,0.0,0.0,0.0,0.0,0.0,0.0
TO_STREAM_LEAKAGE,117,4,0.0,0.0,0.0,146360.67,1633.9983,6696.3384,74791.76,0.0,0.0
TO_STREAM_FLOW_OUT,117,4,0.0,0.0,0.0,0.0,0.0,0.0,0.0,0.0,0.0
TO_ZONE_0,117,4,0.0,0.0,0.0,0.0,0.0,0.0,0.0,0.0,0.0
TO_haweaflat,117,4,0.0,0.0,165546.81,12508.362,886.1903,0.0,0.0,0.0,0.0
TO_moraine_top,117,4,0.0,496.9787,0.0,0.0,0.0,0.0,0.0,0.0,0.0
TO_river_zone,117,4,0.0,151683.75,0.0,0.0,263.9516,0.0,3.3349495,75.711174,3695.789
TO_main_terrace,117,4,0.0,22402.14,0.0,31172.723,0.0,1680.8309,1770.8221,435.92184,0.0
TO_sandy_point,117,4,0.0,0.0,0.0,0.0,6506.9155,0.0,12.865149,0.0,0.0
TO_clutha,117,4,0.0,0.0,0.0,42.29481,67635.305,44.890865,0.0,7537.4463,0.0
TO_sub_terrace,117,4,0.0,0.0,0.0,65.19231,6236.112,0.0,936.1758,0.0,0.0
TO_mangawera,117,4,0.0,0.0,0.0,0.0,0.0,0.0,0.0,0.0,0.0
TOTAL_OUT,117,4,0.0,198855.3,165886.5,194248.69,84505.52,8450.629,77519.84,8493.643,3987.1863
IN-OUT,117,4,0.0,173168.08,26476.5,813695300.0,120018430.0,2831839200.0,9009023000.0,0.0146484375,0.0031738281
PERCENT_DISCREPANCY,117,4,,60.66721,14.781039,199.90456,199.71877,199.99883,199.99654,0.00017246371,7.960073e-05
FROM_STORAGE,118,4,0.0,317.9573,2383.3394,2.5690937,137.69463,0.0009928042,2.196058,0.67333823,0.03757739
FROM_CONSTANT_HEAD,118,4,0.0,0.0,0.0,0.0,0.0,0.0,0.0,0.0,0.0
FROM_WELLS,118,4,0.0,4777.7715,18.260052,1438.9762,8504.589,0.0,0.0,77.06712,1081.1698
FROM_HEAD_DEP_BOUNDS,118,4,0.0,0.0,157358.17,0.0,0.0,0.0,0.0,0.0,0.0
FROM_RECHARGE,118,4,0.0,11435.957,1631.3204,4484.366,15251.537,1894.4105,2240.9023,1178.2632,2905.9722
FROM_STREAM_LEAKAGE,118,4,0.0,3500.0,1100.0,32570.3,3119.7043,36.521347,16.351604,0.0,0.0
FROM_STREAM_FLOW_OUT,118,4,0.0,173263.03,26465.953,813812740.0,120020360.0,2831839500.0,9009029000.0,0.0,0.0
FROM_ZONE_0,118,4,0.0,0.0,0.0,0.0,0.0,0.0,0.0,0.0,0.0
FROM_haweaflat,118,4,0.0,0.0,506.53088,152104.02,22510.822,0.0,0.0,0.0,0.0
FROM_moraine_top,118,4,0.0,162584.44,0.0,0.0,0.0,0.0,0.0,0.0,0.0
FROM_river_zone,118,4,0.0,12477.437,0.0,0.0,31166.348,0.0,42.2946,65.17865,0.0
FROM_main_terrace,118,4,0.0,887.3921,0.0,264.45407,0.0,6506.916,67642.85,6237.662,0.0
FROM_sandy_point,118,4,0.0,0.0,0.0,0.0,1680.8309,0.0,44.890873,0.0,0.0
FROM_clutha,118,4,0.0,0.0,0.0,3.3349397,1771.8398,12.865149,0.0,936.3524,0.0
FROM_sub_terrace,118,4,0.0,0.0,0.0,75.73792,435.6465,0.0,7538.456,0.0,0.0
FROM_mangawera,118,4,0.0,0.0,0.0,3695.8184,0.0,0.0,0.0,0.0,0.0
TOTAL_IN,118,4,0.0,369244.0,189463.58,814007400.0,120104936.0,2831848000.0,9009106000.0,8495.197,3987.1797
TO_STORAGE,118,4,0.0,15431.664,0.0,3593.3362,963.9101,0.0011869986,6.100312,4.629452,0.7581677
TO_CONSTANT_HEAD,118,4,0.0,0.0,0.0,0.0,0.0,0.0,0.0,0.0,0.0
TO_WELLS,118,4,0.0,5505.3066,0.0,0.0,445.89493,28.567646,0.0,440.7458,290.60635
TO_HEAD_DEP_BOUNDS,118,4,0.0,0.0,396.83984,0.0,0.0,0.0,0.0,0.0,0.0
TO_RECHARGE,118,4,0.0,0.0,0.0,0.0,0.0,0.0,0.0,0.0,0.0
TO_STREAM_LEAKAGE,118,4,0.0,0.0,0.0,147313.38,1633.9983,6696.3384,74797.6,0.0,0.0
TO_STREAM_FLOW_OUT,118,4,0.0,0.0,0.0,0.0,0.0,0.0,0.0,0.0,0.0
TO_ZONE_0,118,4,0.0,0.0,0.0,0.0,0.0,0.0,0.0,0.0,0.0
TO_haweaflat,118,4,0.0,0.0,162584.44,12477.437,887.3921,0.0,0.0,0.0,0.0
TO_moraine_top,118,4,0.0,506.53088,0.0,0.0,0.0,0.0,0.0,0.0,0.0
TO_river_zone,118,4,0.0,152104.02,0.0,0.0,264.45407,0.0,3.3349397,75.73792,3695.8184
TO_main_terrace,118,4,0.0,22510.822,0.0,31166.348,0.0,1680.8309,1771.8398,435.6465,0.0
TO_sandy_point,118,4,0.0,0.0,0.0,0.0,6506.916,0.0,12.865149,0.0,0.0
TO_clutha,118,4,0.0,0.0,0.0,42.2946,67642.85,44.890873,0.0,7538.456,0.0
TO_sub_terrace,118,4,0.0,0.0,0.0,65.17865,6237.662,0.0,936.3524,0.0,0.0
TO_mangawera,118,4,0.0,0.0,0.0,0.0,0.0,0.0,0.0,0.0,0.0
TOTAL_OUT,118,4,0.0,196058.34,162981.28,194657.97,84583.08,8450.629,77528.09,8495.216,3987.1829
IN-OUT,118,4,0.0,173185.66,26482.297,813812740.0,120020350.0,2831839500.0,9009028000.0,0.018554688,0.0031738281
PERCENT_DISCREPANCY,118,4,,61.271866,15.027767,199.90436,199.7185,199.9988,199.99655,0.0002184136,7.96008e-05
FROM_STORAGE,119,4,0.0,1373.582,3185.4165,37.665882,114.08906,0.0009915218,1.7944223,0.5542014,0.03484791
FROM_CONSTANT_HEAD,119,4,0.0,0.0,0.0,0.0,0.0,0.0,0.0,0.0,0.0
FROM_WELLS,119,4,0.0,4777.7715,18.260052,1438.9762,8504.589,0.0,0.0,77.06712,1081.1698
FROM_HEAD_DEP_BOUNDS,119,4,0.0,0.0,153022.45,0.0,0.0,0.0,0.0,0.0,0.0
FROM_RECHARGE,119,4,0.0,11435.957,1631.3204,4484.366,15251.537,1894.4105,2240.9023,1178.2632,2905.9722
FROM_STREAM_LEAKAGE,119,4,0.0,3500.0,1100.0,32558.602,3119.7043,36.521347,16.351604,0.0,0.0
FROM_STREAM_FLOW_OUT,119,4,0.0,173263.03,26465.953,813890940.0,120021656.0,2831840000.0,9009033000.0,0.0,0.0
FROM_ZONE_0,119,4,0.0,0.0,0.0,0.0,0.0,0.0,0.0,0.0,0.0
FROM_haweaflat,119,4,0.0,0.0,515.808,152137.05,22607.852,0.0,0.0,0.0,0.0
FROM_moraine_top,119,4,0.0,158977.12,0.0,0.0,0.0,0.0,0.0,0.0,0.0
FROM_river_zone,119,4,0.0,12435.065,0.0,0.0,31159.133,0.0,42.294373,65.16462,0.0
FROM_main_terrace,119,4,0.0,888.56,0.0,264.98825,0.0,6506.916,67651.46,6239.28,0.0
FROM_sandy_point,119,4,0.0,0.0,0.0,0.0,1680.8309,0.0,44.890877,0.0,0.0
FROM_clutha,119,4,0.0,0.0,0.0,3.334928,1772.8953,12.865148,0.0,936.5459,0.0
FROM_sub_terrace,119,4,0.0,0.0,0.0,75.76877,435.37958,0.0,7539.5996,0.0,0.0
FROM_mangawera,119,4,0.0,0.0,0.0,3695.8591,0.0,0.0,0.0,0.0,0.0
TOTAL_IN,119,4,0.0,366651.1,185939.22,814085600.0,120106300.0,2831848400.0,9009110000.0,8496.875,3987.1768
TO_STORAGE,119,4,0.0,12680.527,8.088009e-05,3055.7522,1019.36865,0.0011886226,7.3259745,5.4044394,0.7143568
TO_CONSTANT_HEAD,119,4,0.0,0.0,0.0,0.0,0.0,0.0,0.0,0.0,0.0
TO_WELLS,119,4,0.0,5505.3066,0.0,0.0,445.89493,28.567646,0.0,440.7458,290.60635
TO_HEAD_DEP_BOUNDS,119,4,0.0,0.0,474.72852,0.0,0.0,0.0,0.0,0.0,0.0
TO_RECHARGE,119,4,0.0,0.0,0.0,0.0,0.0,0.0,0.0,0.0,0.0
TO_STREAM_LEAKAGE,119,4,0.0,0.0,0.0,147955.08,1634.0315,6696.3384,74804.41,0.0,0.0
TO_STREAM_FLOW_OUT,119,4,0.0,0.0,0.0,0.0,0.0,0.0,0.0,0.0,0.0
TO_ZONE_0,119,4,0.0,0.0,0.0,0.0,0.0,0.0,0.0,0.0,0.0
TO_haweaflat,119,4,0.0,0.0,158977.12,12435.065,888.56,0.0,0.0,0.0,0.0
TO_moraine_top,119,4,0.0,515.808,0.0,0.0,0.0,0.0,0.0,0.0,0.0
TO_river_zone,119,4,0.0,152137.05,0.0,0.0,264.98825,0.0,3.334928,75.76877,3695.8591
TO_main_terrace,119,4,0.0,22607.852,0.0,31159.133,0.0,1680.8309,1772.8953,435.37958,0.0
TO_sandy_point,119,4,0.0,0.0,0.0,0.0,6506.916,0.0,12.865148,0.0,0.0
TO_clutha,119,4,0.0,0.0,0.0,42.294373,67651.46,44.890877,0.0,7539.5996,0.0
TO_sub_terrace,119,4,0.0,0.0,0.0,65.16462,6239.28,0.0,936.5459,0.0,0.0
TO_mangawera,119,4,0.0,0.0,0.0,0.0,0.0,0.0,0.0,0.0,0.0
TOTAL_OUT,119,4,0.0,193446.53,159451.86,194712.5,84650.5,8450.629,77537.38,8496.898,3987.18
IN-OUT,119,4,0.0,173204.56,26487.36,813890940.0,120021656.0,2831840000.0,9009032000.0,0.0234375,0.0031738281
PERCENT_DISCREPANCY,119,4,,61.84799,15.337605,199.90436,199.71829,199.99881,199.99654,0.00027583633,7.960086e-05
FROM_STORAGE,120,4,0.0,3175.2007,3961.1636,134.8356,92.86942,0.0009859719,1.4410694,0.45464596,0.032365177
FROM_CONSTANT_HEAD,120,4,0.0,0.0,0.0,0.0,0.0,0.0,0.0,0.0,0.0
FROM_WELLS,120,4,0.0,4777.7715,18.260052,1438.9762,8504.589,0.0,0.0,77.06712,1081.1698
FROM_HEAD_DEP_BOUNDS,120,4,0.0,0.0,148219.52,0.0,0.0,0.0,0.0,0.0,0.0
FROM_RECHARGE,120,4,0.0,11435.957,1631.3204,4484.366,15251.537,1894.4105,2240.9023,1178.2632,2905.9722
FROM_STREAM_LEAKAGE,120,4,0.0,3500.0,1100.0,32547.902,3119.7043,36.521347,16.351604,0.0,0.0
FROM_STREAM_FLOW_OUT,120,4,0.0,173263.03,26465.953,813928300.0,120022330.0,2831840800.0,9009036000.0,0.0,0.0
FROM_ZONE_0,120,4,0.0,0.0,0.0,0.0,0.0,0.0,0.0,0.0,0.0
FROM_haweaflat,120,4,0.0,0.0,525.2571,151782.1,22691.412,0.0,0.0,0.0,0.0
FROM_moraine_top,120,4,0.0,154884.67,0.0,0.0,0.0,0.0,0.0,0.0,0.0
FROM_river_zone,120,4,0.0,12381.742,0.0,0.0,31151.205,0.0,42.294235,65.15031,0.0
FROM_main_terrace,120,4,0.0,889.67255,0.0,265.5443,0.0,6506.916,67660.98,6240.9346,0.0
FROM_sandy_point,120,4,0.0,0.0,0.0,0.0,1680.8309,0.0,44.890884,0.0,0.0
FROM_clutha,120,4,0.0,0.0,0.0,3.3349187,1773.9702,12.865148,0.0,936.7531,0.0
FROM_sub_terrace,120,4,0.0,0.0,0.0,75.803314,435.12567,0.0,7540.857,0.0,0.0
FROM_mangawera,120,4,0.0,0.0,0.0,3695.9114,0.0,0.0,0.0,0.0,0.0
TOTAL_IN,120,4,0.0,364308.06,181921.47,814122750.0,120107020.0,2831849200.0,9009113000.0,8498.623,3987.1743
TO_STORAGE,120,4,0.0,10542.94,0.0027019193,2516.9702,1057.5236,0.0011941692,8.47597,6.0934815,0.65646285
TO_CONSTANT_HEAD,120,4,0.0,0.0,0.0,0.0,0.0,0.0,0.0,0.0,0.0
TO_WELLS,120,4,0.0,5505.3066,0.0,0.0,445.89493,28.567646,0.0,440.7458,290.60635
TO_HEAD_DEP_BOUNDS,120,4,0.0,0.0,569.53076,0.0,0.0,0.0,0.0,0.0,0.0
TO_RECHARGE,120,4,0.0,0.0,0.0,0.0,0.0,0.0,0.0,0.0,0.0
TO_STREAM_LEAKAGE,120,4,0.0,0.0,0.0,148272.2,1634.0315,6696.3384,74812.445,0.0,0.0
TO_STREAM_FLOW_OUT,120,4,0.0,0.0,0.0,0.0,0.0,0.0,0.0,0.0,0.0
TO_ZONE_0,120,4,0.0,0.0,0.0,0.0,0.0,0.0,0.0,0.0,0.0
TO_haweaflat,120,4,0.0,0.0,154884.67,12381.742,889.67255,0.0,0.0,0.0,0.0
TO_moraine_top,120,4,0.0,525.2571,0.0,0.0,0.0,0.0,0.0,0.0,0.0
TO_river_zone,120,4,0.0,151782.1,0.0,0.0,265.5443,0.0,3.3349187,75.803314,3695.9114
TO_main_terrace,120,4,0.0,22691.412,0.0,31151.205,0.0,1680.8309,1773.9702,435.12567,0.0
TO_sandy_point,120,4,0.0,0.0,0.0,0.0,6506.916,0.0,12.865148,0.0,0.0
TO_clutha,120,4,0.0,0.0,0.0,42.294235,67660.98,44.890884,0.0,7540.857,0.0
TO_sub_terrace,120,4,0.0,0.0,0.0,65.15031,6240.9346,0.0,936.7531,0.0,0.0
TO_mangawera,120,4,0.0,0.0,0.0,0.0,0.0,0.0,0.0,0.0,0.0
TOTAL_OUT,120,4,0.0,191047.0,155454.2,194429.56,84701.5,8450.629,77547.84,8498.625,3987.1743
IN-OUT,120,4,0.0,173261.06,26467.266,813928300.0,120022320.0,2831840800.0,9009035000.0,0.001953125,0.0
PERCENT_DISCREPANCY,120,4,,62.3965,15.690084,199.90448,199.71811,199.99881,199.99655,2.2981661e-05,0.0
FROM_STORAGE,121,4,0.0,5401.276,4851.714,245.82208,75.09986,0.0009897182,1.1462768,0.3760031,0.030312838
FROM_CONSTANT_HEAD,121,4,0.0,0.0,0.0,0.0,0.0,0.0,0.0,0.0,0.0
FROM_WELLS,121,4,0.0,4777.7715,18.260052,1438.9762,8504.589,0.0,0.0,77.06712,1081.1698
FROM_HEAD_DEP_BOUNDS,121,4,0.0,0.0,143103.7,0.0,0.0,0.0,0.0,0.0,0.0
FROM_RECHARGE,121,4,0.0,11435.957,1631.3204,4484.366,15251.537,1894.4105,2240.9023,1178.2632,2905.9722
FROM_STREAM_LEAKAGE,121,4,0.0,3500.0,1100.0,32537.045,3119.7043,36.521347,16.351604,0.0,0.0
FROM_STREAM_FLOW_OUT,121,4,0.0,173263.03,26465.953,813926850.0,120022360.0,2831841000.0,9009037000.0,0.0,0.0
FROM_ZONE_0,121,4,0.0,0.0,0.0,0.0,0.0,0.0,0.0,0.0,0.0
FROM_haweaflat,121,4,0.0,0.0,533.9433,151114.5,22760.832,0.0,0.0,0.0,0.0
FROM_moraine_top,121,4,0.0,150576.16,0.0,0.0,0.0,0.0,0.0,0.0,0.0
FROM_river_zone,121,4,0.0,12320.043,0.0,0.0,31142.672,0.0,42.29415,65.136024,0.0
FROM_main_terrace,121,4,0.0,890.7123,0.0,266.1154,0.0,6506.9165,67671.28,6242.608,0.0
FROM_sandy_point,121,4,0.0,0.0,0.0,0.0,1680.8309,0.0,44.89089,0.0,0.0
FROM_clutha,121,4,0.0,0.0,0.0,3.3349116,1775.052,12.865148,0.0,936.97144,0.0
FROM_sub_terrace,121,4,0.0,0.0,0.0,75.840996,434.88806,0.0,7542.2104,0.0,0.0
FROM_mangawera,121,4,0.0,0.0,0.0,3695.9736,0.0,0.0,0.0,0.0,0.0
TOTAL_IN,121,4,0.0,362164.94,177704.89,814120700.0,120107100.0,2831849500.0,9009114000.0,8500.422,3987.1724
TO_STORAGE,121,4,0.0,8988.445,0.0,2012.3259,1087.8804,0.0011880741,9.598792,6.737331,0.5922263
TO_CONSTANT_HEAD,121,4,0.0,0.0,0.0,0.0,0.0,0.0,0.0,0.0,0.0
TO_WELLS,121,4,0.0,5505.3066,0.0,0.0,445.89493,28.567646,0.0,440.7458,290.60635
TO_HEAD_DEP_BOUNDS,121,4,0.0,0.0,661.2505,0.0,0.0,0.0,0.0,0.0,0.0
TO_RECHARGE,121,4,0.0,0.0,0.0,0.0,0.0,0.0,0.0,0.0,0.0
TO_STREAM_LEAKAGE,121,4,0.0,0.0,0.0,148280.16,1634.0647,6696.3384,74821.31,0.0,0.0
TO_STREAM_FLOW_OUT,121,4,0.0,0.0,0.0,0.0,0.0,0.0,0.0,0.0,0.0
TO_ZONE_0,121,4,0.0,0.0,0.0,0.0,0.0,0.0,0.0,0.0,0.0
TO_haweaflat,121,4,0.0,0.0,150576.16,12320.043,890.7123,0.0,0.0,0.0,0.0
TO_moraine_top,121,4,0.0,533.9433,0.0,0.0,0.0,0.0,0.0,0.0,0.0
TO_river_zone,121,4,0.0,151114.5,0.0,0.0,266.1154,0.0,3.3349116,75.840996,3695.9736
TO_main_terrace,121,4,0.0,22760.832,0.0,31142.672,0.0,1680.8309,1775.052,434.88806,0.0
TO_sandy_point,121,4,0.0,0.0,0.0,0.0,6506.9165,0.0,12.865148,0.0,0.0
TO_clutha,121,4,0.0,0.0,0.0,42.29415,67671.28,44.89089,0.0,7542.2104,0.0
TO_sub_terrace,121,4,0.0,0.0,0.0,65.136024,6242.608,0.0,936.97144,0.0,0.0
TO_mangawera,121,4,0.0,0.0,0.0,0.0,0.0,0.0,0.0,0.0,0.0
TOTAL_OUT,121,4,0.0,188903.02,151237.4,193862.64,84745.48,8450.629,77559.14,8500.423,3987.172
IN-OUT,121,4,0.0,173261.92,26467.484,813926850.0,120022360.0,2831841000.0,9009036000.0,0.0009765625,0.00024414062
PERCENT_DISCREPANCY,121,4,,62.882236,16.092478,199.90477,199.71797,199.99881,199.99654,1.1488401e-05,6.123152e-06
FROM_STORAGE,122,4,0.0,7646.113,5856.2183,331.19882,60.86328,0.000999326,0.9007387,0.31247765,0.028164292
FROM_CONSTANT_HEAD,122,4,0.0,0.0,0.0,0.0,0.0,0.0,0.0,0.0,0.0
FROM_WELLS,122,4,0.0,4777.7715,18.260052,1438.9762,8504.589,0.0,0.0,77.06712,1081.1698
FROM_HEAD_DEP_BOUNDS,122,4,0.0,0.0,137910.12,0.0,0.0,0.0,0.0,0.0,0.0
FROM_RECHARGE,122,4,0.0,11435.957,1631.3204,4484.366,15251.537,1894.4105,2240.9023,1178.2632,2905.9722
FROM_STREAM_LEAKAGE,122,4,0.0,3500.0,1100.0,32526.805,3119.7043,36.521347,16.351604,0.0,0.0
FROM_STREAM_FLOW_OUT,122,4,0.0,173263.03,26465.953,813894800.0,120021890.0,2831841300.0,9009036000.0,0.0,0.0
FROM_ZONE_0,122,4,0.0,0.0,0.0,0.0,0.0,0.0,0.0,0.0,0.0
FROM_haweaflat,122,4,0.0,0.0,541.73944,150288.78,22816.334,0.0,0.0,0.0,0.0
FROM_moraine_top,122,4,0.0,146309.53,0.0,0.0,0.0,0.0,0.0,0.0,0.0
FROM_river_zone,122,4,0.0,12256.286,0.0,0.0,31133.705,0.0,42.29408,65.12195,0.0
FROM_main_terrace,122,4,0.0,891.73395,0.0,266.69135,0.0,6506.917,67682.19,6244.2676,0.0
FROM_sandy_point,122,4,0.0,0.0,0.0,0.0,1680.8309,0.0,44.8909,0.0,0.0
FROM_clutha,122,4,0.0,0.0,0.0,3.3349075,1776.1206,12.865147,0.0,937.1967,0.0
FROM_sub_terrace,122,4,0.0,0.0,0.0,75.88125,434.6708,0.0,7543.638,0.0,0.0
FROM_mangawera,122,4,0.0,0.0,0.0,3696.042,0.0,0.0,0.0,0.0,0.0
TOTAL_IN,122,4,0.0,360080.4,173523.62,814087900.0,120106664.0,2831849700.0,9009113000.0,8502.229,3987.1702
TO_STORAGE,122,4,0.0,7665.577,0.00012690548,1571.4633,1106.8716,0.001173964,10.634715,7.2950144,0.5219029
TO_CONSTANT_HEAD,122,4,0.0,0.0,0.0,0.0,0.0,0.0,0.0,0.0,0.0
TO_WELLS,122,4,0.0,5505.3066,0.0,0.0,445.89493,28.567646,0.0,440.7458,290.60635
TO_HEAD_DEP_BOUNDS,122,4,0.0,0.0,746.2388,0.0,0.0,0.0,0.0,0.0,0.0
TO_RECHARGE,122,4,0.0,0.0,0.0,0.0,0.0,0.0,0.0,0.0,0.0
TO_STREAM_LEAKAGE,122,4,0.0,0.0,0.0,148043.56,1634.0647,6696.3384,74830.97,0.0,0.0
TO_STREAM_FLOW_OUT,122,4,0.0,0.0,0.0,0.0,0.0,0.0,0.0,0.0,0.0
TO_ZONE_0,122,4,0.0,0.0,0.0,0.0,0.0,0.0,0.0,0.0,0.0
TO_haweaflat,122,4,0.0,0.0,146309.53,12256.286,891.73395,0.0,0.0,0.0,0.0
TO_moraine_top,122,4,0.0,541.73944,0.0,0.0,0.0,0.0,0.0,0.0,0.0
TO_river_zone,122,4,0.0,150288.78,0.0,0.0,266.69135,0.0,3.3349075,75.88125,3696.042
TO_main_terrace,122,4,0.0,22816.334,0.0,31133.705,0.0,1680.8309,1776.1206,434.6708,0.0
TO_sandy_point,122,4,0.0,0.0,0.0,0.0,6506.917,0.0,12.865147,0.0,0.0
TO_clutha,122,4,0.0,0.0,0.0,42.29408,67682.19,44.8909,0.0,7543.638,0.0
TO_sub_terrace,122,4,0.0,0.0,0.0,65.12195,6244.2676,0.0,937.1967,0.0,0.0
TO_mangawera,122,4,0.0,0.0,0.0,0.0,0.0,0.0,0.0,0.0,0.0
TOTAL_OUT,122,4,0.0,186817.73,147055.77,193112.44,84778.625,8450.629,77571.12,8502.231,3987.1702
IN-OUT,122,4,0.0,173262.67,26467.86,813894800.0,120021890.0,2831841300.0,9009035000.0,0.0029296875,0.0
PERCENT_DISCREPANCY,122,4,,63.361958,16.512516,199.90515,199.71786,199.99881,199.99655,3.445787e-05,0.0
FROM_STORAGE,123,4,0.0,10246.722,6392.8354,556.1864,48.738384,0.0010193659,0.6982713,0.25989786,0.026045647
FROM_CONSTANT_HEAD,123,4,0.0,0.0,0.0,0.0,0.0,0.0,0.0,0.0,0.0
FROM_WELLS,123,4,0.0,4777.7715,18.260052,1438.9762,8504.589,0.0,0.0,77.06712,1081.1698
FROM_HEAD_DEP_BOUNDS,123,4,0.0,0.0,132670.64,0.0,0.0,0.0,0.0,0.0,0.0
FROM_RECHARGE,123,4,0.0,11435.957,1631.3204,4484.366,15251.537,1894.4105,2240.9023,1178.2632,2905.9722
FROM_STREAM_LEAKAGE,123,4,0.0,3500.0,1100.0,32516.64,3119.7043,36.521347,16.351604,0.0,0.0
FROM_STREAM_FLOW_OUT,123,4,0.0,173263.03,26465.953,813833000.0,120020980.0,2831842300.0,9009037000.0,0.0,0.0
FROM_ZONE_0,123,4,0.0,0.0,0.0,0.0,0.0,0.0,0.0,0.0,0.0
FROM_haweaflat,123,4,0.0,0.0,548.3478,149147.69,22858.295,0.0,0.0,0.0,0.0
FROM_moraine_top,123,4,0.0,141498.62,0.0,0.0,0.0,0.0,0.0,0.0,0.0
FROM_river_zone,123,4,0.0,12189.208,0.0,0.0,31124.385,0.0,42.294052,65.10824,0.0
FROM_main_terrace,123,4,0.0,893.4503,0.0,267.26724,0.0,6506.9175,67693.59,6245.9014,0.0
FROM_sandy_point,123,4,0.0,0.0,0.0,0.0,1680.8309,0.0,44.890907,0.0,0.0
FROM_clutha,123,4,0.0,0.0,0.0,3.3348992,1777.1666,12.865147,0.0,937.4271,0.0
FROM_sub_terrace,123,4,0.0,0.0,0.0,75.9236,434.47537,0.0,7545.125,0.0,0.0
FROM_mangawera,123,4,0.0,0.0,0.0,3696.1135,0.0,0.0,0.0,0.0,0.0
TOTAL_IN,123,4,0.0,357804.78,168827.36,814025150.0,120105780.0,2831850800.0,9009114000.0,8504.026,3987.168
TO_STORAGE,123,4,0.0,6465.5356,0.0013675963,1202.4731,1117.9604,0.0011498758,11.61861,7.7942276,0.45003274
TO_CONSTANT_HEAD,123,4,0.0,0.0,0.0,0.0,0.0,0.0,0.0,0.0,0.0
TO_WELLS,123,4,0.0,5505.3066,0.0,0.0,445.89493,28.567646,0.0,440.7458,290.60635
TO_HEAD_DEP_BOUNDS,123,4,0.0,0.0,821.6172,0.0,0.0,0.0,0.0,0.0,0.0
TO_RECHARGE,123,4,0.0,0.0,0.0,0.0,0.0,0.0,0.0,0.0,0.0
TO_STREAM_LEAKAGE,123,4,0.0,0.0,0.0,147566.77,1634.0647,6696.3384,74841.56,0.0,0.0
TO_STREAM_FLOW_OUT,123,4,0.0,0.0,0.0,0.0,0.0,0.0,0.0,0.0,0.0
TO_ZONE_0,123,4,0.0,0.0,0.0,0.0,0.0,0.0,0.0,0.0,0.0
TO_haweaflat,123,4,0.0,0.0,141498.62,12189.208,893.4503,0.0,0.0,0.0,0.0
TO_moraine_top,123,4,0.0,548.3478,0.0,0.0,0.0,0.0,0.0,0.0,0.0
TO_river_zone,123,4,0.0,149147.69,0.0,0.0,267.26724,0.0,3.3348992,75.9236,3696.1135
TO_main_terrace,123,4,0.0,22858.295,0.0,31124.385,0.0,1680.8309,1777.1666,434.47537,0.0
TO_sandy_point,123,4,0.0,0.0,0.0,0.0,6506.9175,0.0,12.865147,0.0,0.0
TO_clutha,123,4,0.0,0.0,0.0,42.294052,67693.59,44.890907,0.0,7545.125,0.0
TO_sub_terrace,123,4,0.0,0.0,0.0,65.10824,6245.9014,0.0,937.4271,0.0,0.0
TO_mangawera,123,4,0.0,0.0,0.0,0.0,0.0,0.0,0.0,0.0,0.0
TOTAL_OUT,123,4,0.0,184525.17,142320.25,192190.23,84805.05,8450.629,77583.98,8504.064,3987.17
IN-OUT,123,4,0.0,173279.61,26507.11,813832960.0,120020970.0,2831842300.0,9009036000.0,0.038085938,0.001953125
PERCENT_DISCREPANCY,123,4,,63.901913,17.038286,199.90558,199.71776,199.99881,199.99654,0.00044785673,4.8985257e-05
FROM_STORAGE,124,4,0.0,13191.261,6351.273,962.53125,38.424828,0.0010438487,0.524424,0.21462238,0.026686287
FROM_CONSTANT_HEAD,124,4,0.0,0.0,0.0,0.0,0.0,0.0,0.0,0.0,0.0
FROM_WELLS,124,4,0.0,4777.7715,18.260052,1438.9762,8504.589,0.0,0.0,77.06712,1081.1698
FROM_HEAD_DEP_BOUNDS,124,4,0.0,0.0,127143.555,0.0,0.0,0.0,0.0,0.0,0.0
FROM_RECHARGE,124,4,0.0,11435.957,1631.3204,4484.366,15251.537,1894.4105,2240.9023,1178.2632,2905.9722
FROM_STREAM_LEAKAGE,124,4,0.0,3500.0,1100.0,32507.207,3119.7043,36.521347,16.351604,0.0,0.0
FROM_STREAM_FLOW_OUT,124,4,0.0,173263.03,26465.953,813731600.0,120019410.0,2831842600.0,9009033000.0,0.0,0.0
FROM_ZONE_0,124,4,0.0,0.0,0.0,0.0,0.0,0.0,0.0,0.0,0.0
FROM_haweaflat,124,4,0.0,0.0,553.8859,147560.19,22885.254,0.0,0.0,0.0,0.0
FROM_moraine_top,124,4,0.0,135894.84,0.0,0.0,0.0,0.0,0.0,0.0,0.0
FROM_river_zone,124,4,0.0,12112.393,0.0,0.0,31114.889,0.0,42.294083,65.09517,0.0
FROM_main_terrace,124,4,0.0,895.0178,0.0,267.83124,0.0,6506.918,67705.28,6247.4746,0.0
FROM_sandy_point,124,4,0.0,0.0,0.0,0.0,1680.8309,0.0,44.890915,0.0,0.0
FROM_clutha,124,4,0.0,0.0,0.0,3.334894,1778.1682,12.865147,0.0,937.6578,0.0
FROM_sub_terrace,124,4,0.0,0.0,0.0,75.967224,434.30627,0.0,7546.641,0.0,0.0
FROM_mangawera,124,4,0.0,0.0,0.0,3696.192,0.0,0.0,0.0,0.0,0.0
TOTAL_IN,124,4,0.0,355070.3,163264.27,813922600.0,120104210.0,2831851000.0,9009110000.0,8505.772,3987.1687
TO_STORAGE,124,4,0.0,5300.7627,0.005890751,892.2736,1105.4996,0.001113715,12.359106,8.113229,0.37027553
TO_CONSTANT_HEAD,124,4,0.0,0.0,0.0,0.0,0.0,0.0,0.0,0.0,0.0
TO_WELLS,124,4,0.0,5505.3066,0.0,0.0,445.89493,28.567646,0.0,440.7458,290.60635
TO_HEAD_DEP_BOUNDS,124,4,0.0,0.0,901.31885,0.0,0.0,0.0,0.0,0.0,0.0
TO_RECHARGE,124,4,0.0,0.0,0.0,0.0,0.0,0.0,0.0,0.0,0.0
TO_STREAM_LEAKAGE,124,4,0.0,0.0,0.0,146769.67,1634.0979,6696.355,74852.484,0.0,0.0
TO_STREAM_FLOW_OUT,124,4,0.0,0.0,0.0,0.0,0.0,0.0,0.0,0.0,0.0
TO_ZONE_0,124,4,0.0,0.0,0.0,0.0,0.0,0.0,0.0,0.0,0.0
TO_haweaflat,124,4,0.0,0.0,135894.84,12112.393,895.0178,0.0,0.0,0.0,0.0
TO_moraine_top,124,4,0.0,553.8859,0.0,0.0,0.0,0.0,0.0,0.0,0.0
TO_river_zone,124,4,0.0,147560.19,0.0,0.0,267.83124,0.0,3.334894,75.967224,3696.192
TO_main_terrace,124,4,0.0,22885.254,0.0,31114.889,0.0,1680.8309,1778.1682,434.30627,0.0
TO_sandy_point,124,4,0.0,0.0,0.0,0.0,6506.918,0.0,12.865147,0.0,0.0
TO_clutha,124,4,0.0,0.0,0.0,42.294083,67705.28,44.890915,0.0,7546.641,0.0
TO_sub_terrace,124,4,0.0,0.0,0.0,65.09517,6247.4746,0.0,937.6578,0.0,0.0
TO_mangawera,124,4,0.0,0.0,0.0,0.0,0.0,0.0,0.0,0.0,0.0
TOTAL_OUT,124,4,0.0,181805.39,136796.17,190996.62,84808.016,8450.6455,77596.875,8505.773,3987.1685
IN-OUT,124,4,0.0,173264.92,26468.094,813731650.0,120019400.0,2831842600.0,9009032000.0,0.0009765625,0.00024414062
PERCENT_DISCREPANCY,124,4,,64.54564,17.641842,199.90617,199.71776,199.99881,199.99654,1.1481172e-05,6.123158e-06
FROM_STORAGE,125,4,0.0,16026.6,6431.5073,1493.3934,30.718008,0.0010614983,0.38983497,0.1783835,0.061130404
FROM_CONSTANT_HEAD,125,4,0.0,0.0,0.0,0.0,0.0,0.0,0.0,0.0,0.0
FROM_WELLS,125,4,0.0,4777.7715,18.260052,1438.9762,8504.589,0.0,0.0,77.06712,1081.1698
FROM_HEAD_DEP_BOUNDS,125,4,0.0,0.0,121378.94,0.0,0.0,0.0,0.0,0.0,0.0
FROM_RECHARGE,125,4,0.0,11435.957,1631.3204,4484.366,15251.537,1894.4105,2240.9023,1178.2632,2905.9722
FROM_STREAM_LEAKAGE,125,4,0.0,3500.0,1100.0,32498.158,3119.7043,36.521347,16.351604,0.0,0.0
FROM_STREAM_FLOW_OUT,125,4,0.0,173263.03,26465.953,813584500.0,120017100.0,2831843000.0,9009029000.0,0.0,0.0
FROM_ZONE_0,125,4,0.0,0.0,0.0,0.0,0.0,0.0,0.0,0.0,0.0
FROM_haweaflat,125,4,0.0,0.0,558.0958,145532.89,22893.408,0.0,0.0,0.0,0.0
FROM_moraine_top,125,4,0.0,130145.78,0.0,0.0,0.0,0.0,0.0,0.0,0.0
FROM_river_zone,125,4,0.0,12023.608,0.0,0.0,31105.094,0.0,42.294117,65.08296,0.0
FROM_main_terrace,125,4,0.0,896.41406,0.0,268.37305,0.0,6506.918,67717.02,6248.959,0.0
FROM_sandy_point,125,4,0.0,0.0,0.0,0.0,1680.8309,0.0,44.890923,0.0,0.0
FROM_clutha,125,4,0.0,0.0,0.0,3.3348913,1779.1101,12.865146,0.0,937.88495,0.0
FROM_sub_terrace,125,4,0.0,0.0,0.0,76.01135,434.16653,0.0,7548.1616,0.0,0.0
FROM_mangawera,125,4,0.0,0.0,0.0,3696.28,0.0,0.0,0.0,0.0,0.0
TOTAL_IN,125,4,0.0,352069.12,157584.06,813774000.0,120101896.0,2831851500.0,9009106000.0,8507.436,3987.2031
TO_STORAGE,125,4,0.0,4313.549,0.003208661,643.296,1081.7627,0.0010894636,13.004533,8.352856,0.3167908
TO_CONSTANT_HEAD,125,4,0.0,0.0,0.0,0.0,0.0,0.0,0.0,0.0,0.0
TO_WELLS,125,4,0.0,5505.3066,0.0,0.0,445.89493,28.567646,0.0,440.7458,290.60635
TO_HEAD_DEP_BOUNDS,125,4,0.0,0.0,970.4038,0.0,0.0,0.0,0.0,0.0,0.0
TO_RECHARGE,125,4,0.0,0.0,0.0,0.0,0.0,0.0,0.0,0.0,0.0
TO_STREAM_LEAKAGE,125,4,0.0,0.0,0.0,145612.22,1634.0979,6696.355,74863.805,0.0,0.0
TO_STREAM_FLOW_OUT,125,4,0.0,0.0,0.0,0.0,0.0,0.0,0.0,0.0,0.0
TO_ZONE_0,125,4,0.0,0.0,0.0,0.0,0.0,0.0,0.0,0.0,0.0
TO_haweaflat,125,4,0.0,0.0,130145.78,12023.608,896.41406,0.0,0.0,0.0,0.0
TO_moraine_top,125,4,0.0,558.0958,0.0,0.0,0.0,0.0,0.0,0.0,0.0
TO_river_zone,125,4,0.0,145532.89,0.0,0.0,268.37305,0.0,3.3348913,76.01135,3696.28
TO_main_terrace,125,4,0.0,22893.408,0.0,31105.094,0.0,1680.8309,1779.1101,434.16653,0.0
TO_sandy_point,125,4,0.0,0.0,0.0,0.0,6506.918,0.0,12.865146,0.0,0.0
TO_clutha,125,4,0.0,0.0,0.0,42.294117,67717.02,44.890923,0.0,7548.1616,0.0
TO_sub_terrace,125,4,0.0,0.0,0.0,65.08296,6248.959,0.0,937.88495,0.0,0.0
TO_mangawera,125,4,0.0,0.0,0.0,0.0,0.0,0.0,0.0,0.0,0.0
TOTAL_OUT,125,4,0.0,178803.25,131116.19,189491.6,84799.445,8450.6455,77610.01,8507.438,3987.2031
IN-OUT,125,4,0.0,173265.88,26467.875,813584500.0,120017096.0,2831843000.0,9009028000.0,0.0029296875,0.0
PERCENT_DISCREPANCY,125,4,,65.27591,18.335886,199.90688,199.71777,199.9988,199.99655,3.443678e-05,0.0
FROM_STORAGE,126,4,0.0,18756.428,6466.1973,2030.8269,25.088398,0.0010745443,0.28886926,0.14772734,0.12100735
FROM_CONSTANT_HEAD,126,4,0.0,0.0,0.0,0.0,0.0,0.0,0.0,0.0,0.0
FROM_WELLS,126,4,0.0,4777.7715,18.260052,1438.9762,8504.589,0.0,0.0,77.06712,1081.1698
FROM_HEAD_DEP_BOUNDS,126,4,0.0,0.0,115603.414,0.0,0.0,0.0,0.0,0.0,0.0
FROM_RECHARGE,126,4,0.0,11435.957,1631.3204,4484.366,15251.537,1894.4105,2240.9023,1178.2632,2905.9722
FROM_STREAM_LEAKAGE,126,4,0.0,3500.0,1100.0,32489.842,3119.7043,36.521347,16.351604,0.0,0.0
FROM_STREAM_FLOW_OUT,126,4,0.0,173263.03,26465.953,813397700.0,120014180.0,2831843300.0,9009023000.0,0.0,0.0
FROM_ZONE_0,126,4,0.0,0.0,0.0,0.0,0.0,0.0,0.0,0.0,0.0
FROM_haweaflat,126,4,0.0,0.0,560.8718,143219.86,22883.262,0.0,0.0,0.0,0.0
FROM_moraine_top,126,4,0.0,124351.984,0.0,0.0,0.0,0.0,0.0,0.0,0.0
FROM_river_zone,126,4,0.0,11927.533,0.0,0.0,31095.309,0.0,42.29417,65.071785,0.0
FROM_main_terrace,126,4,0.0,897.5971,0.0,268.88437,0.0,6506.918,67728.695,6250.3335,0.0
FROM_sandy_point,126,4,0.0,0.0,0.0,0.0,1680.8309,0.0,44.89093,0.0,0.0
FROM_clutha,126,4,0.0,0.0,0.0,3.3348894,1779.9788,12.865146,0.0,938.10535,0.0
FROM_sub_terrace,126,4,0.0,0.0,0.0,76.05542,434.05875,0.0,7549.665,0.0,0.0
FROM_mangawera,126,4,0.0,0.0,0.0,3696.3755,0.0,0.0,0.0,0.0,0.0
TOTAL_IN,126,4,0.0,348910.3,151846.03,813585400.0,120098940.0,2831851800.0,9009100000.0,8508.988,3987.263
TO_STORAGE,126,4,0.0,3474.2024,0.0021995285,439.74277,1042.2108,0.0010695634,13.480415,8.464858,0.2812269
TO_CONSTANT_HEAD,126,4,0.0,0.0,0.0,0.0,0.0,0.0,0.0,0.0,0.0
TO_WELLS,126,4,0.0,5505.3066,0.0,0.0,445.89493,28.567646,0.0,440.7458,290.60635
TO_HEAD_DEP_BOUNDS,126,4,0.0,0.0,1026.1602,0.0,0.0,0.0,0.0,0.0,0.0
TO_RECHARGE,126,4,0.0,0.0,0.0,0.0,0.0,0.0,0.0,0.0,0.0
TO_STREAM_LEAKAGE,126,4,0.0,0.0,0.0,144138.19,1634.0979,6696.355,74875.3,0.0,0.0
TO_STREAM_FLOW_OUT,126,4,0.0,0.0,0.0,0.0,0.0,0.0,0.0,0.0,0.0
TO_ZONE_0,126,4,0.0,0.0,0.0,0.0,0.0,0.0,0.0,0.0,0.0
TO_haweaflat,126,4,0.0,0.0,124351.984,11927.533,897.5971,0.0,0.0,0.0,0.0
TO_moraine_top,126,4,0.0,560.8718,0.0,0.0,0.0,0.0,0.0,0.0,0.0
TO_river_zone,126,4,0.0,143219.86,0.0,0.0,268.88437,0.0,3.3348894,76.05542,3696.3755
TO_main_terrace,126,4,0.0,22883.262,0.0,31095.309,0.0,1680.8309,1779.9788,434.05875,0.0
TO_sandy_point,126,4,0.0,0.0,0.0,0.0,6506.918,0.0,12.865146,0.0,0.0
TO_clutha,126,4,0.0,0.0,0.0,42.29417,67728.695,44.89093,0.0,7549.665,0.0
TO_sub_terrace,126,4,0.0,0.0,0.0,65.071785,6250.3335,0.0,938.10535,0.0,0.0
TO_mangawera,126,4,0.0,0.0,0.0,0.0,0.0,0.0,0.0,0.0,0.0
TOTAL_OUT,126,4,0.0,175643.5,125378.15,187708.16,84774.63,8450.6455,77623.055,8508.99,3987.2632
IN-OUT,126,4,0.0,173266.81,26467.883,813397700.0,120014170.0,2831843300.0,9009022000.0,0.001953125,0.00024414062
PERCENT_DISCREPANCY,126,4,,66.06255,19.09493,199.90773,199.71785,199.99881,199.99655,2.2953667e-05,6.1230126e-06
FROM_STORAGE,127,4,0.0,21894.797,7600.7524,2473.2097,21.276808,0.0010615631,0.21453315,0.12314288,0.19271609
FROM_CONSTANT_HEAD,127,4,0.0,0.0,0.0,0.0,0.0,0.0,0.0,0.0,0.0
FROM_WELLS,127,4,0.0,4777.7715,18.260052,1438.9762,8504.589,0.0,0.0,77.06712,1081.1698
FROM_HEAD_DEP_BOUNDS,127,4,0.0,0.0,108452.055,0.0,0.0,0.0,0.0,0.0,0.0
FROM_RECHARGE,127,4,0.0,11435.957,1631.3204,4484.366,15251.537,1894.4105,2240.9023,1178.2632,2905.9722
FROM_STREAM_LEAKAGE,127,4,0.0,3500.0,1100.0,32483.22,3119.7043,36.521347,16.351604,0.0,0.0
FROM_STREAM_FLOW_OUT,127,4,0.0,173263.03,26465.953,813181300.0,120010780.0,2831844400.0,9009017000.0,0.0,0.0
FROM_ZONE_0,127,4,0.0,0.0,0.0,0.0,0.0,0.0,0.0,0.0,0.0
FROM_haweaflat,127,4,0.0,0.0,570.6073,140813.9,22855.684,0.0,0.0,0.0,0.0
FROM_moraine_top,127,4,0.0,118175.13,0.0,0.0,0.0,0.0,0.0,0.0,0.0
FROM_river_zone,127,4,0.0,11831.75,0.0,0.0,31085.832,0.0,42.294342,65.06186,0.0
FROM_main_terrace,127,4,0.0,898.5353,0.0,269.3582,0.0,6506.9185,67740.086,6251.575,0.0
FROM_sandy_point,127,4,0.0,0.0,0.0,0.0,1680.831,0.0,44.890938,0.0,0.0
FROM_clutha,127,4,0.0,0.0,0.0,3.3348885,1780.7604,12.865145,0.0,938.3155,0.0
FROM_sub_terrace,127,4,0.0,0.0,0.0,76.09867,433.98456,0.0,7551.128,0.0,0.0
FROM_mangawera,127,4,0.0,0.0,0.0,3696.4739,0.0,0.0,0.0,0.0,0.0
TOTAL_IN,127,4,0.0,345776.97,145838.95,813367040.0,120095520.0,2831852800.0,9009094000.0,8510.406,3987.3347
TO_STORAGE,127,4,0.0,2763.69,0.0,284.72162,987.9834,0.0010766333,13.772931,8.450737,0.25455064
TO_CONSTANT_HEAD,127,4,0.0,0.0,0.0,0.0,0.0,0.0,0.0,0.0,0.0
TO_WELLS,127,4,0.0,5505.3066,0.0,0.0,445.89493,28.567646,0.0,440.7458,290.60635
TO_HEAD_DEP_BOUNDS,127,4,0.0,0.0,1196.1758,0.0,0.0,0.0,0.0,0.0,0.0
TO_RECHARGE,127,4,0.0,0.0,0.0,0.0,0.0,0.0,0.0,0.0,0.0
TO_STREAM_LEAKAGE,127,4,0.0,0.0,0.0,142428.8,1634.0979,6696.355,74886.78,0.0,0.0
TO_STREAM_FLOW_OUT,127,4,0.0,0.0,0.0,0.0,0.0,0.0,0.0,0.0,0.0
TO_ZONE_0,127,4,0.0,0.0,0.0,0.0,0.0,0.0,0.0,0.0,0.0
TO_haweaflat,127,4,0.0,0.0,118175.13,11831.75,898.5353,0.0,0.0,0.0,0.0
TO_moraine_top,127,4,0.0,570.6073,0.0,0.0,0.0,0.0,0.0,0.0,0.0
TO_river_zone,127,4,0.0,140813.9,0.0,0.0,269.3582,0.0,3.3348885,76.09867,3696.4739
TO_main_terrace,127,4,0.0,22855.684,0.0,31085.832,0.0,1680.831,1780.7604,433.98456,0.0
TO_sandy_point,127,4,0.0,0.0,0.0,0.0,6506.9185,0.0,12.865145,0.0,0.0
TO_clutha,127,4,0.0,0.0,0.0,42.294342,67740.086,44.890938,0.0,7551.128,0.0
TO_sub_terrace,127,4,0.0,0.0,0.0,65.06186,6251.575,0.0,938.3155,0.0,0.0
TO_mangawera,127,4,0.0,0.0,0.0,0.0,0.0,0.0,0.0,0.0,0.0
TOTAL_OUT,127,4,0.0,172509.2,119371.31,185738.45,84734.45,8450.6455,77635.83,8510.408,3987.3347
IN-OUT,127,4,0.0,173267.77,26467.64,813181300.0,120010780.0,2831844400.0,9009016000.0,0.001953125,0.0
PERCENT_DISCREPANCY,127,4,,66.86181,19.959742,199.90869,199.71797,199.99881,199.99654,2.2949842e-05,0.0
FROM_STORAGE,128,4,0.0,25884.486,9077.4375,3041.0273,19.769035,0.0010463502,0.1674824,0.10134355,0.27088326
FROM_CONSTANT_HEAD,128,4,0.0,0.0,0.0,0.0,0.0,0.0,0.0,0.0,0.0
FROM_WELLS,128,4,0.0,4777.7715,18.260052,1438.9762,8504.589,0.0,0.0,77.06712,1081.1698
FROM_HEAD_DEP_BOUNDS,128,4,0.0,0.0,100015.85,0.0,0.0,0.0,0.0,0.0,0.0
FROM_RECHARGE,128,4,0.0,11435.957,1631.3204,4484.366,15251.537,1894.4105,2240.9023,1178.2632,2905.9722
FROM_STREAM_LEAKAGE,128,4,0.0,3500.0,1100.0,32478.49,3119.7043,36.521347,16.351604,0.0,0.0
FROM_STREAM_FLOW_OUT,128,4,0.0,173263.03,26465.953,812938600.0,120006980.0,2831845400.0,9009010000.0,0.0,0.0
FROM_ZONE_0,128,4,0.0,0.0,0.0,0.0,0.0,0.0,0.0,0.0,0.0
FROM_haweaflat,128,4,0.0,0.0,586.4035,138104.97,22810.766,0.0,0.0,0.0,0.0
FROM_moraine_top,128,4,0.0,110940.22,0.0,0.0,0.0,0.0,0.0,0.0,0.0
FROM_river_zone,128,4,0.0,11736.6455,0.0,0.0,31076.812,0.0,42.294563,65.05327,0.0
FROM_main_terrace,128,4,0.0,899.2283,0.0,269.78735,0.0,6506.9185,67751.02,6252.668,0.0
FROM_sandy_point,128,4,0.0,0.0,0.0,0.0,1680.831,0.0,44.89094,0.0,0.0
FROM_clutha,128,4,0.0,0.0,0.0,3.3348882,1781.442,12.865145,0.0,938.51215,0.0
FROM_sub_terrace,128,4,0.0,0.0,0.0,76.14046,433.94446,0.0,7552.5273,0.0,0.0
FROM_mangawera,128,4,0.0,0.0,0.0,3696.5718,0.0,0.0,0.0,0.0,0.0
TOTAL_IN,128,4,0.0,342437.34,138895.22,813122240.0,120091656.0,2831853800.0,9009086000.0,8511.665,3987.4128
TO_STORAGE,128,4,0.0,2161.1726,0.0,169.54767,919.99817,0.001088739,13.878107,8.308149,0.23469493
TO_CONSTANT_HEAD,128,4,0.0,0.0,0.0,0.0,0.0,0.0,0.0,0.0,0.0
TO_WELLS,128,4,0.0,5505.3066,0.0,0.0,445.89493,28.567646,0.0,440.7458,290.60635
TO_HEAD_DEP_BOUNDS,128,4,0.0,0.0,1486.1528,0.0,0.0,0.0,0.0,0.0,0.0
TO_RECHARGE,128,4,0.0,0.0,0.0,0.0,0.0,0.0,0.0,0.0,0.0
TO_STREAM_LEAKAGE,128,4,0.0,0.0,0.0,140502.5,1634.1311,6696.355,74898.2,0.0,0.0
TO_STREAM_FLOW_OUT,128,4,0.0,0.0,0.0,0.0,0.0,0.0,0.0,0.0,0.0
TO_ZONE_0,128,4,0.0,0.0,0.0,0.0,0.0,0.0,0.0,0.0,0.0
TO_haweaflat,128,4,0.0,0.0,110940.22,11736.6455,899.2283,0.0,0.0,0.0,0.0
TO_moraine_top,128,4,0.0,586.4035,0.0,0.0,0.0,0.0,0.0,0.0,0.0
TO_river_zone,128,4,0.0,138104.97,0.0,0.0,269.78735,0.0,3.3348882,76.14046,3696.5718
TO_main_terrace,128,4,0.0,22810.766,0.0,31076.812,0.0,1680.831,1781.442,433.94446,0.0
TO_sandy_point,128,4,0.0,0.0,0.0,0.0,6506.9185,0.0,12.865145,0.0,0.0
TO_clutha,128,4,0.0,0.0,0.0,42.294563,67751.02,44.89094,0.0,7552.5273,0.0
TO_sub_terrace,128,4,0.0,0.0,0.0,65.05327,6252.668,0.0,938.51215,0.0,0.0
TO_mangawera,128,4,0.0,0.0,0.0,0.0,0.0,0.0,0.0,0.0,0.0
TOTAL_OUT,128,4,0.0,169168.61,112426.375,183592.84,84679.66,8450.6455,77648.24,8511.666,3987.4128
IN-OUT,128,4,0.0,173268.73,26468.844,812938600.0,120006980.0,2831845400.0,9009009000.0,0.0009765625,0.0
PERCENT_DISCREPANCY,128,4,,67.73524,21.063725,199.90968,199.71814,199.9988,199.99654,1.1473224e-05,0.0
FROM_STORAGE,129,4,0.0,28296.455,7515.696,3717.7957,32.008232,0.0010274944,0.14218962,0.08380183,0.35963956
FROM_CONSTANT_HEAD,129,4,0.0,0.0,0.0,0.0,0.0,0.0,0.0,0.0,0.0
FROM_WELLS,129,4,0.0,4777.7715,18.260052,1438.9762,8504.589,0.0,0.0,77.06712,1081.1698
FROM_HEAD_DEP_BOUNDS,129,4,0.0,0.0,95392.82,0.0,0.0,0.0,0.0,0.0,0.0
FROM_RECHARGE,129,4,0.0,11435.957,1631.3204,4484.366,15251.537,1894.4105,2240.9023,1178.2632,2905.9722
FROM_STREAM_LEAKAGE,129,4,0.0,3500.0,1100.0,32475.22,3119.7043,36.521347,16.351604,0.0,0.0
FROM_STREAM_FLOW_OUT,129,4,0.0,173263.03,26465.953,812653060.0,120002440.0,2831845600.0,9008998000.0,0.0,0.0
FROM_ZONE_0,129,4,0.0,0.0,0.0,0.0,0.0,0.0,0.0,0.0,0.0
FROM_haweaflat,129,4,0.0,0.0,577.8126,134970.97,22746.148,0.0,0.0,0.0,0.0
FROM_moraine_top,129,4,0.0,104903.75,0.0,0.0,0.0,0.0,0.0,0.0,0.0
FROM_river_zone,129,4,0.0,11632.508,0.0,0.0,31068.354,0.0,42.294754,65.04618,0.0
FROM_main_terrace,129,4,0.0,899.6932,0.0,270.1642,0.0,6506.919,67761.34,6253.59,0.0
FROM_sandy_point,129,4,0.0,0.0,0.0,0.0,1680.831,0.0,44.890957,0.0,0.0
FROM_clutha,129,4,0.0,0.0,0.0,3.3348892,1782.0138,12.865145,0.0,938.6921,0.0
FROM_sub_terrace,129,4,0.0,0.0,0.0,76.18013,433.93994,0.0,7553.841,0.0,0.0
FROM_mangawera,129,4,0.0,0.0,0.0,3696.676,0.0,0.0,0.0,0.0,0.0
TOTAL_IN,129,4,0.0,338709.16,132701.86,812834200.0,120087060.0,2831854000.0,9009075000.0,8512.742,3987.5015
TO_STORAGE,129,4,0.0,1645.5298,0.0,87.383514,847.4165,0.0010954614,13.783281,8.035457,0.21897718
TO_CONSTANT_HEAD,129,4,0.0,0.0,0.0,0.0,0.0,0.0,0.0,0.0,0.0
TO_WELLS,129,4,0.0,5505.3066,0.0,0.0,445.89493,28.567646,0.0,440.7458,290.60635
TO_HEAD_DEP_BOUNDS,129,4,0.0,0.0,1332.2329,0.0,0.0,0.0,0.0,0.0,0.0
TO_RECHARGE,129,4,0.0,0.0,0.0,0.0,0.0,0.0,0.0,0.0,0.0
TO_STREAM_LEAKAGE,129,4,0.0,0.0,0.0,138238.08,1634.1311,6696.355,74909.16,0.0,0.0
TO_STREAM_FLOW_OUT,129,4,0.0,0.0,0.0,0.0,0.0,0.0,0.0,0.0,0.0
TO_ZONE_0,129,4,0.0,0.0,0.0,0.0,0.0,0.0,0.0,0.0,0.0
TO_haweaflat,129,4,0.0,0.0,104903.75,11632.508,899.6932,0.0,0.0,0.0,0.0
TO_moraine_top,129,4,0.0,577.8126,0.0,0.0,0.0,0.0,0.0,0.0,0.0
TO_river_zone,129,4,0.0,134970.97,0.0,0.0,270.1642,0.0,3.3348892,76.18013,3696.676
TO_main_terrace,129,4,0.0,22746.148,0.0,31068.354,0.0,1680.831,1782.0138,433.93994,0.0
TO_sandy_point,129,4,0.0,0.0,0.0,0.0,6506.919,0.0,12.865145,0.0,0.0
TO_clutha,129,4,0.0,0.0,0.0,42.294754,67761.34,44.890957,0.0,7553.841,0.0
TO_sub_terrace,129,4,0.0,0.0,0.0,65.04618,6253.59,0.0,938.6921,0.0,0.0
TO_mangawera,129,4,0.0,0.0,0.0,0.0,0.0,0.0,0.0,0.0,0.0
TOTAL_OUT,129,4,0.0,165445.78,106235.984,181133.67,84619.16,8450.6455,77659.85,8512.742,3987.5015
IN-OUT,129,4,0.0,173263.38,26465.875,812653060.0,120002440.0,2831845600.0,9008997000.0,0.0,0.0
PERCENT_DISCREPANCY,129,4,,68.73418,22.152937,199.91089,199.71834,199.99881,199.99654,0.0,0.0
FROM_STORAGE,130,4,0.0,29823.8,6319.3076,4275.4087,55.837135,0.001015199,0.12920931,0.06932376,0.4525979
FROM_CONSTANT_HEAD,130,4,0.0,0.0,0.0,0.0,0.0,0.0,0.0,0.0,0.0
FROM_WELLS,130,4,0.0,4777.7715,18.260052,1438.9762,8504.589,0.0,0.0,77.06712,1081.1698
FROM_HEAD_DEP_BOUNDS,130,4,0.0,0.0,91361.05,0.0,0.0,0.0,0.0,0.0,0.0
FROM_RECHARGE,130,4,0.0,11435.957,1631.3204,4484.366,15251.537,1894.4105,2240.9023,1178.2632,2905.9722
FROM_STREAM_LEAKAGE,130,4,0.0,3500.0,1100.0,32473.848,3119.7043,36.521347,16.351604,0.0,0.0
FROM_STREAM_FLOW_OUT,130,4,0.0,173263.03,26465.953,812343550.0,119997540.0,2831846000.0,9008987000.0,0.0,0.0
FROM_ZONE_0,130,4,0.0,0.0,0.0,0.0,0.0,0.0,0.0,0.0,0.0
FROM_haweaflat,130,4,0.0,0.0,564.7962,131791.61,22664.559,0.0,0.0,0.0,0.0
FROM_moraine_top,130,4,0.0,99778.36,0.0,0.0,0.0,0.0,0.0,0.0,0.0
FROM_river_zone,130,4,0.0,11530.881,0.0,0.0,31060.623,0.0,42.29503,65.04074,0.0
FROM_main_terrace,130,4,0.0,899.86475,0.0,270.48148,0.0,6506.919,67770.86,6254.3247,0.0
FROM_sandy_point,130,4,0.0,0.0,0.0,0.0,1680.831,0.0,44.890965,0.0,0.0
FROM_clutha,130,4,0.0,0.0,0.0,3.334891,1782.4648,12.865144,0.0,938.8523,0.0
FROM_sub_terrace,130,4,0.0,0.0,0.0,76.216995,433.97186,0.0,7555.047,0.0,0.0
FROM_mangawera,130,4,0.0,0.0,0.0,3696.783,0.0,0.0,0.0,0.0,0.0
TOTAL_IN,130,4,0.0,335009.7,127460.69,812522050.0,120082090.0,2831854300.0,9009064000.0,8513.617,3987.5947
TO_STORAGE,130,4,0.0,1213.2821,0.0,35.008854,771.84033,0.001116455,13.483624,7.638078,0.20509386
TO_CONSTANT_HEAD,130,4,0.0,0.0,0.0,0.0,0.0,0.0,0.0,0.0,0.0
TO_WELLS,130,4,0.0,5505.3066,0.0,0.0,445.89493,28.567646,0.0,440.7458,290.60635
TO_HEAD_DEP_BOUNDS,130,4,0.0,0.0,1214.2388,0.0,0.0,0.0,0.0,0.0,0.0
TO_RECHARGE,130,4,0.0,0.0,0.0,0.0,0.0,0.0,0.0,0.0,0.0
TO_STREAM_LEAKAGE,130,4,0.0,0.0,0.0,135775.84,1634.1311,6696.355,74919.71,0.0,0.0
TO_STREAM_FLOW_OUT,130,4,0.0,0.0,0.0,0.0,0.0,0.0,0.0,0.0,0.0
TO_ZONE_0,130,4,0.0,0.0,0.0,0.0,0.0,0.0,0.0,0.0,0.0
TO_haweaflat,130,4,0.0,0.0,99778.36,11530.881,899.86475,0.0,0.0,0.0,0.0
TO_moraine_top,130,4,0.0,564.7962,0.0,0.0,0.0,0.0,0.0,0.0,0.0
TO_river_zone,130,4,0.0,131791.61,0.0,0.0,270.48148,0.0,3.334891,76.216995,3696.783
TO_main_terrace,130,4,0.0,22664.559,0.0,31060.623,0.0,1680.831,1782.4648,433.97186,0.0
TO_sandy_point,130,4,0.0,0.0,0.0,0.0,6506.919,0.0,12.865144,0.0,0.0
TO_clutha,130,4,0.0,0.0,0.0,42.29503,67770.86,44.890965,0.0,7555.047,0.0
TO_sub_terrace,130,4,0.0,0.0,0.0,65.04074,6254.3247,0.0,938.8523,0.0,0.0
TO_mangawera,130,4,0.0,0.0,0.0,0.0,0.0,0.0,0.0,0.0,0.0
TOTAL_OUT,130,4,0.0,161739.56,100992.6,178509.7,84554.32,8450.6455,77670.72,8513.619,3987.5945
IN-OUT,130,4,0.0,173270.12,26468.086,812343550.0,119997540.0,2831846000.0,9008986000.0,0.001953125,0.00024414062
PERCENT_DISCREPANCY,130,4,,69.761604,23.17155,199.91214,199.71855,199.99881,199.99655,2.2941187e-05,6.1225032e-06
FROM_STORAGE,131,4,0.0,30735.514,5487.794,4682.62,89.08342,0.0010081236,0.12461274,0.056131277,0.53728616
FROM_CONSTANT_HEAD,131,4,0.0,0.0,0.0,0.0,0.0,0.0,0.0,0.0,0.0
FROM_WELLS,131,4,0.0,4777.7715,18.260052,1438.9762,8504.589,0.0,0.0,77.06712,1081.1698
FROM_HEAD_DEP_BOUNDS,131,4,0.0,0.0,87742.734,0.0,0.0,0.0,0.0,0.0,0.0
FROM_RECHARGE,131,4,0.0,11435.957,1631.3204,4484.366,15251.537,1894.4105,2240.9023,1178.2632,2905.9722
FROM_STREAM_LEAKAGE,131,4,0.0,3500.0,1100.0,32473.59,3119.7043,36.521347,16.351604,0.0,0.0
FROM_STREAM_FLOW_OUT,131,4,0.0,173263.03,26465.953,812021300.0,119992400.0,2831846000.0,9008975000.0,0.0,0.0
FROM_ZONE_0,131,4,0.0,0.0,0.0,0.0,0.0,0.0,0.0,0.0,0.0
FROM_haweaflat,131,4,0.0,0.0,552.0361,128693.04,22568.75,0.0,0.0,0.0,0.0
FROM_moraine_top,131,4,0.0,95412.59,0.0,0.0,0.0,0.0,0.0,0.0,0.0
FROM_river_zone,131,4,0.0,11437.941,0.0,0.0,31053.777,0.0,42.2953,65.037056,0.0
FROM_main_terrace,131,4,0.0,899.72266,0.0,270.7334,0.0,6506.919,67779.41,6254.855,0.0
FROM_sandy_point,131,4,0.0,0.0,0.0,0.0,1680.831,0.0,44.890972,0.0,0.0
FROM_clutha,131,4,0.0,0.0,0.0,3.3348942,1782.7865,12.865144,0.0,938.9897,0.0
FROM_sub_terrace,131,4,0.0,0.0,0.0,76.25047,434.04074,0.0,7556.1226,0.0,0.0
FROM_mangawera,131,4,0.0,0.0,0.0,3696.8833,0.0,0.0,0.0,0.0,0.0
TOTAL_IN,131,4,0.0,331462.53,122998.1,812197100.0,120076890.0,2831854300.0,9009052000.0,8514.268,3987.6792
TO_STORAGE,131,4,0.0,872.9011,0.0,7.655815,693.5986,0.0011265358,12.965589,7.1108813,0.18922283
TO_CONSTANT_HEAD,131,4,0.0,0.0,0.0,0.0,0.0,0.0,0.0,0.0,0.0
TO_WELLS,131,4,0.0,5505.3066,0.0,0.0,445.89493,28.567646,0.0,440.7458,290.60635
TO_HEAD_DEP_BOUNDS,131,4,0.0,0.0,1117.896,0.0,0.0,0.0,0.0,0.0,0.0
TO_RECHARGE,131,4,0.0,0.0,0.0,0.0,0.0,0.0,0.0,0.0,0.0
TO_STREAM_LEAKAGE,131,4,0.0,0.0,0.0,133212.11,1634.1311,6696.355,74929.21,0.0,0.0
TO_STREAM_FLOW_OUT,131,4,0.0,0.0,0.0,0.0,0.0,0.0,0.0,0.0,0.0
TO_ZONE_0,131,4,0.0,0.0,0.0,0.0,0.0,0.0,0.0,0.0,0.0
TO_haweaflat,131,4,0.0,0.0,95412.59,11437.941,899.72266,0.0,0.0,0.0,0.0
TO_moraine_top,131,4,0.0,552.0361,0.0,0.0,0.0,0.0,0.0,0.0,0.0
TO_river_zone,131,4,0.0,128693.04,0.0,0.0,270.7334,0.0,3.3348942,76.25047,3696.8833
TO_main_terrace,131,4,0.0,22568.75,0.0,31053.777,0.0,1680.831,1782.7865,434.04074,0.0
TO_sandy_point,131,4,0.0,0.0,0.0,0.0,6506.919,0.0,12.865144,0.0,0.0
TO_clutha,131,4,0.0,0.0,0.0,42.2953,67779.41,44.890972,0.0,7556.1226,0.0
TO_sub_terrace,131,4,0.0,0.0,0.0,65.037056,6254.855,0.0,938.9897,0.0,0.0
TO_mangawera,131,4,0.0,0.0,0.0,0.0,0.0,0.0,0.0,0.0,0.0
TOTAL_OUT,131,4,0.0,158192.03,96530.49,175818.81,84485.26,8450.6455,77680.164,8514.2705,3987.679
IN-OUT,131,4,0.0,173270.5,26467.61,812021300.0,119992400.0,2831846000.0,9008974000.0,0.0029296875,0.00024414062
PERCENT_DISCREPANCY,131,4,,70.772545,24.113132,199.91344,199.71875,199.99881,199.99654,3.4409146e-05,6.1223736e-06
FROM_STORAGE,132,4,0.0,31349.533,4756.3423,4999.0977,129.71933,0.000985676,0.123043716,0.045715608,0.6088192
FROM_CONSTANT_HEAD,132,4,0.0,0.0,0.0,0.0,0.0,0.0,0.0,0.0,0.0
FROM_WELLS,132,4,0.0,4777.7715,18.260052,1438.9762,8504.589,0.0,0.0,77.06712,1081.1698
FROM_HEAD_DEP_BOUNDS,132,4,0.0,0.0,84499.94,0.0,0.0,0.0,0.0,0.0,0.0
FROM_RECHARGE,132,4,0.0,11435.957,1631.3204,4484.366,15251.537,1894.4105,2240.9023,1178.2632,2905.9722
FROM_STREAM_LEAKAGE,132,4,0.0,3500.0,1100.0,32475.027,3119.7043,36.521347,16.351604,0.0,0.0
FROM_STREAM_FLOW_OUT,132,4,0.0,173263.03,26465.953,811697150.0,119987260.0,2831847000.0,9008964000.0,0.0,0.0
FROM_ZONE_0,132,4,0.0,0.0,0.0,0.0,0.0,0.0,0.0,0.0,0.0
FROM_haweaflat,132,4,0.0,0.0,541.2398,125697.19,22461.822,0.0,0.0,0.0,0.0
FROM_moraine_top,132,4,0.0,91508.78,0.0,0.0,0.0,0.0,0.0,0.0,0.0
FROM_river_zone,132,4,0.0,11355.775,0.0,0.0,31047.959,0.0,42.29561,65.035225,0.0
FROM_main_terrace,132,4,0.0,899.27313,0.0,270.91602,0.0,6506.92,67786.85,6255.175,0.0
FROM_sandy_point,132,4,0.0,0.0,0.0,0.0,1680.831,0.0,44.89098,0.0,0.0
FROM_clutha,132,4,0.0,0.0,0.0,3.334899,1782.9724,12.865143,0.0,939.1019,0.0
FROM_sub_terrace,132,4,0.0,0.0,0.0,76.27998,434.14474,0.0,7557.0513,0.0,0.0
FROM_mangawera,132,4,0.0,0.0,0.0,3696.9727,0.0,0.0,0.0,0.0,0.0
TOTAL_IN,132,4,0.0,328090.12,119013.055,811870300.0,120071680.0,2831855400.0,9009040000.0,8514.6875,3987.7507
TO_STORAGE,132,4,0.0,613.773,0.005588612,0.44950333,614.2434,0.001153361,12.235311,6.4678507,0.17178096
TO_CONSTANT_HEAD,132,4,0.0,0.0,0.0,0.0,0.0,0.0,0.0,0.0,0.0
TO_WELLS,132,4,0.0,5505.3066,0.0,0.0,445.89493,28.567646,0.0,440.7458,290.60635
TO_HEAD_DEP_BOUNDS,132,4,0.0,0.0,1036.9165,0.0,0.0,0.0,0.0,0.0,0.0
TO_RECHARGE,132,4,0.0,0.0,0.0,0.0,0.0,0.0,0.0,0.0,0.0
TO_STREAM_LEAKAGE,132,4,0.0,0.0,0.0,130629.58,1634.1311,6696.355,74938.04,0.0,0.0
TO_STREAM_FLOW_OUT,132,4,0.0,0.0,0.0,0.0,0.0,0.0,0.0,0.0,0.0
TO_ZONE_0,132,4,0.0,0.0,0.0,0.0,0.0,0.0,0.0,0.0,0.0
TO_haweaflat,132,4,0.0,0.0,91508.78,11355.775,899.27313,0.0,0.0,0.0,0.0
TO_moraine_top,132,4,0.0,541.2398,0.0,0.0,0.0,0.0,0.0,0.0,0.0
TO_river_zone,132,4,0.0,125697.19,0.0,0.0,270.91602,0.0,3.334899,76.27998,3696.9727
TO_main_terrace,132,4,0.0,22461.822,0.0,31047.959,0.0,1680.831,1782.9724,434.14474,0.0
TO_sandy_point,132,4,0.0,0.0,0.0,0.0,6506.92,0.0,12.865143,0.0,0.0
TO_clutha,132,4,0.0,0.0,0.0,42.29561,67786.85,44.89098,0.0,7557.0513,0.0
TO_sub_terrace,132,4,0.0,0.0,0.0,65.035225,6255.175,0.0,939.1019,0.0,0.0
TO_mangawera,132,4,0.0,0.0,0.0,0.0,0.0,0.0,0.0,0.0,0.0
TOTAL_OUT,132,4,0.0,154819.33,92545.7,173141.1,84413.41,8450.6455,77688.55,8514.689,3987.7507
IN-OUT,132,4,0.0,173270.8,26467.352,811697150.0,119987260.0,2831847000.0,9008963000.0,0.001953125,0.0
PERCENT_DISCREPANCY,132,4,,71.7612,25.021278,199.91472,199.71898,199.99881,199.99655,2.2938302e-05,0.0
FROM_STORAGE,133,4,0.0,31447.324,4254.7666,5256.6904,178.46053,0.0009766966,0.122029915,0.036645763,0.66623336
FROM_CONSTANT_HEAD,133,4,0.0,0.0,0.0,0.0,0.0,0.0,0.0,0.0,0.0
FROM_WELLS,133,4,0.0,4777.7715,18.260052,1438.9762,8504.589,0.0,0.0,77.06712,1081.1698
FROM_HEAD_DEP_BOUNDS,133,4,0.0,0.0,81685.71,0.0,0.0,0.0,0.0,0.0,0.0
FROM_RECHARGE,133,4,0.0,11435.957,1631.3204,4484.366,15251.537,1894.4105,2240.9023,1178.2632,2905.9722
FROM_STREAM_LEAKAGE,133,4,0.0,3500.0,1100.0,32477.977,3119.7043,36.521347,16.351604,0.0,0.0
FROM_STREAM_FLOW_OUT,133,4,0.0,173263.03,26465.953,811374850.0,119982140.0,2831847700.0,9008952000.0,0.0,0.0
FROM_ZONE_0,133,4,0.0,0.0,0.0,0.0,0.0,0.0,0.0,0.0,0.0
FROM_haweaflat,133,4,0.0,0.0,530.23486,122790.45,22346.113,0.0,0.0,0.0,0.0
FROM_moraine_top,133,4,0.0,88255.15,0.0,0.0,0.0,0.0,0.0,0.0,0.0
FROM_river_zone,133,4,0.0,11283.308,0.0,0.0,31043.25,0.0,42.295914,65.03526,0.0
FROM_main_terrace,133,4,0.0,898.5453,0.0,271.02713,0.0,6506.92,67793.06,6255.28,0.0
FROM_sandy_point,133,4,0.0,0.0,0.0,0.0,1680.831,0.0,44.890987,0.0,0.0
FROM_clutha,133,4,0.0,0.0,0.0,3.3349037,1783.0194,12.865143,0.0,939.1873,0.0
FROM_sub_terrace,133,4,0.0,0.0,0.0,76.304924,434.28192,0.0,7557.818,0.0,0.0
FROM_mangawera,133,4,0.0,0.0,0.0,3697.049,0.0,0.0,0.0,0.0,0.0
TOTAL_IN,133,4,0.0,324861.06,115686.24,811545340.0,120066480.0,2831856000.0,9009029000.0,8514.869,3987.808
TO_STORAGE,133,4,0.0,418.15543,0.0,0.32735717,537.0181,0.0011685845,11.305506,5.7210097,0.1524164
TO_CONSTANT_HEAD,133,4,0.0,0.0,0.0,0.0,0.0,0.0,0.0,0.0,0.0
TO_WELLS,133,4,0.0,5505.3066,0.0,0.0,445.89493,28.567646,0.0,440.7458,290.60635
TO_HEAD_DEP_BOUNDS,133,4,0.0,0.0,963.8594,0.0,0.0,0.0,0.0,0.0,0.0
TO_RECHARGE,133,4,0.0,0.0,0.0,0.0,0.0,0.0,0.0,0.0,0.0
TO_STREAM_LEAKAGE,133,4,0.0,0.0,0.0,128060.375,1634.1311,6696.355,74945.77,0.0,0.0
TO_STREAM_FLOW_OUT,133,4,0.0,0.0,0.0,0.0,0.0,0.0,0.0,0.0,0.0
TO_ZONE_0,133,4,0.0,0.0,0.0,0.0,0.0,0.0,0.0,0.0,0.0
TO_haweaflat,133,4,0.0,0.0,88255.15,11283.308,898.5453,0.0,0.0,0.0,0.0
TO_moraine_top,133,4,0.0,530.23486,0.0,0.0,0.0,0.0,0.0,0.0,0.0
TO_river_zone,133,4,0.0,122790.45,0.0,0.0,271.02713,0.0,3.3349037,76.304924,3697.049
TO_main_terrace,133,4,0.0,22346.113,0.0,31043.25,0.0,1680.831,1783.0194,434.28192,0.0
TO_sandy_point,133,4,0.0,0.0,0.0,0.0,6506.92,0.0,12.865143,0.0,0.0
TO_clutha,133,4,0.0,0.0,0.0,42.295914,67793.06,44.890987,0.0,7557.818,0.0
TO_sub_terrace,133,4,0.0,0.0,0.0,65.03526,6255.28,0.0,939.1873,0.0,0.0
TO_mangawera,133,4,0.0,0.0,0.0,0.0,0.0,0.0,0.0,0.0,0.0
TOTAL_OUT,133,4,0.0,151590.27,89219.01,170494.6,84341.88,8450.6455,77695.484,8514.871,3987.8079
IN-OUT,133,4,0.0,173270.8,26467.234,811374850.0,119982136.0,2831847700.0,9008951000.0,0.001953125,0.00024414062
PERCENT_DISCREPANCY,133,4,,72.733894,25.833633,199.91599,199.7192,199.9988,199.99655,2.2937813e-05,6.122176e-06
FROM_STORAGE,134,4,0.0,31009.05,3681.5493,5347.665,233.77412,0.0009817075,0.12272211,0.029252732,0.7104108
FROM_CONSTANT_HEAD,134,4,0.0,0.0,0.0,0.0,0.0,0.0,0.0,0.0,0.0
FROM_WELLS,134,4,0.0,4777.7715,18.260052,1438.9762,8504.589,0.0,0.0,77.06712,1081.1698
FROM_HEAD_DEP_BOUNDS,134,4,0.0,0.0,79752.68,0.0,0.0,0.0,0.0,0.0,0.0
FROM_RECHARGE,134,4,0.0,11435.957,1631.3204,4484.366,15251.537,1894.4105,2240.9023,1178.2632,2905.9722
FROM_STREAM_LEAKAGE,134,4,0.0,3500.0,1100.0,32482.197,3119.7043,36.521347,16.351604,0.0,0.0
FROM_STREAM_FLOW_OUT,134,4,0.0,173263.03,26465.953,811060860.0,119977140.0,2831848200.0,9008941000.0,0.0,0.0
FROM_ZONE_0,134,4,0.0,0.0,0.0,0.0,0.0,0.0,0.0,0.0,0.0
FROM_haweaflat,134,4,0.0,0.0,520.7788,120122.336,22224.016,0.0,0.0,0.0,0.0
FROM_moraine_top,134,4,0.0,85809.77,0.0,0.0,0.0,0.0,0.0,0.0,0.0
FROM_river_zone,134,4,0.0,11222.757,0.0,0.0,31039.727,0.0,42.29626,65.03719,0.0
FROM_main_terrace,134,4,0.0,897.5558,0.0,271.06598,0.0,6506.9204,67797.95,6255.174,0.0
FROM_sandy_point,134,4,0.0,0.0,0.0,0.0,1680.831,0.0,44.891006,0.0,0.0
FROM_clutha,134,4,0.0,0.0,0.0,3.3349133,1782.9277,12.865142,0.0,939.24475,0.0
FROM_sub_terrace,134,4,0.0,0.0,0.0,76.32498,434.44836,0.0,7558.4087,0.0,0.0
FROM_mangawera,134,4,0.0,0.0,0.0,3697.1138,0.0,0.0,0.0,0.0,0.0
TOTAL_IN,134,4,0.0,321915.9,113170.55,811228800.0,120061410.0,2831856600.0,9009018000.0,8514.815,3987.8525
TO_STORAGE,134,4,0.0,272.62976,0.0043278006,0.21157838,462.92,0.0011696891,10.197653,4.8872166,0.1320792
TO_CONSTANT_HEAD,134,4,0.0,0.0,0.0,0.0,0.0,0.0,0.0,0.0,0.0
TO_WELLS,134,4,0.0,5505.3066,0.0,0.0,445.89493,28.567646,0.0,440.7458,290.60635
TO_HEAD_DEP_BOUNDS,134,4,0.0,0.0,893.71533,0.0,0.0,0.0,0.0,0.0,0.0
TO_RECHARGE,134,4,0.0,0.0,0.0,0.0,0.0,0.0,0.0,0.0,0.0
TO_STREAM_LEAKAGE,134,4,0.0,0.0,0.0,125552.16,1634.1311,6696.3716,74952.55,0.0,0.0
TO_STREAM_FLOW_OUT,134,4,0.0,0.0,0.0,0.0,0.0,0.0,0.0,0.0,0.0
TO_ZONE_0,134,4,0.0,0.0,0.0,0.0,0.0,0.0,0.0,0.0,0.0
TO_haweaflat,134,4,0.0,0.0,85809.77,11222.757,897.5558,0.0,0.0,0.0,0.0
TO_moraine_top,134,4,0.0,520.7788,0.0,0.0,0.0,0.0,0.0,0.0,0.0
TO_river_zone,134,4,0.0,120122.336,0.0,0.0,271.06598,0.0,3.3349133,76.32498,3697.1138
TO_main_terrace,134,4,0.0,22224.016,0.0,31039.727,0.0,1680.831,1782.9277,434.44836,0.0
TO_sandy_point,134,4,0.0,0.0,0.0,0.0,6506.9204,0.0,12.865142,0.0,0.0
TO_clutha,134,4,0.0,0.0,0.0,42.29626,67797.95,44.891006,0.0,7558.4087,0.0
TO_sub_terrace,134,4,0.0,0.0,0.0,65.03719,6255.174,0.0,939.24475,0.0,0.0
TO_mangawera,134,4,0.0,0.0,0.0,0.0,0.0,0.0,0.0,0.0,0.0
TOTAL_OUT,134,4,0.0,148645.06,86703.49,167922.17,84271.61,8450.662,77701.12,8514.815,3987.8523
IN-OUT,134,4,0.0,173270.84,26467.055,811060860.0,119977140.0,2831848200.0,9008940000.0,0.0,0.00024414062
PERCENT_DISCREPANCY,134,4,,73.64437,26.483736,199.9172,199.71944,199.99881,199.99655,0.0,6.1221076e-06
FROM_STORAGE,135,4,0.0,30132.41,3159.156,5315.343,296.88504,0.0009719903,0.12310285,0.022460392,0.7384504
FROM_CONSTANT_HEAD,135,4,0.0,0.0,0.0,0.0,0.0,0.0,0.0,0.0,0.0
FROM_WELLS,135,4,0.0,4777.7715,18.260052,1438.9762,8504.589,0.0,0.0,77.06712,1081.1698
FROM_HEAD_DEP_BOUNDS,135,4,0.0,0.0,78527.51,0.0,0.0,0.0,0.0,0.0,0.0
FROM_RECHARGE,135,4,0.0,11435.957,1631.3204,4484.366,15251.537,1894.4105,2240.9023,1178.2632,2905.9722
FROM_STREAM_LEAKAGE,135,4,0.0,3500.0,1100.0,32487.383,3119.7043,36.521347,16.351604,0.0,0.0
FROM_STREAM_FLOW_OUT,135,4,0.0,173263.03,26465.953,810767100.0,119972430.0,2831848200.0,9008929000.0,0.0,0.0
FROM_ZONE_0,135,4,0.0,0.0,0.0,0.0,0.0,0.0,0.0,0.0,0.0
FROM_haweaflat,135,4,0.0,0.0,512.3652,117751.03,22098.795,0.0,0.0,0.0,0.0
FROM_moraine_top,135,4,0.0,84123.695,0.0,0.0,0.0,0.0,0.0,0.0,0.0
FROM_river_zone,135,4,0.0,11178.277,0.0,0.0,31037.436,0.0,42.296597,65.04088,0.0
FROM_main_terrace,135,4,0.0,896.32434,0.0,271.03375,0.0,6506.9204,67801.44,6254.861,0.0
FROM_sandy_point,135,4,0.0,0.0,0.0,0.0,1680.831,0.0,44.891018,0.0,0.0
FROM_clutha,135,4,0.0,0.0,0.0,3.334923,1782.7004,12.865141,0.0,939.2736,0.0
FROM_sub_terrace,135,4,0.0,0.0,0.0,76.34007,434.6408,0.0,7558.8184,0.0,0.0
FROM_mangawera,135,4,0.0,0.0,0.0,3697.163,0.0,0.0,0.0,0.0,0.0
TOTAL_IN,135,4,0.0,319307.47,111414.56,810932600.0,120056640.0,2831856600.0,9009006000.0,8514.528,3987.8804
TO_STORAGE,135,4,0.0,169.46323,0.0,0.12121422,396.5399,0.0011767654,8.934131,3.9833145,0.11073139
TO_CONSTANT_HEAD,135,4,0.0,0.0,0.0,0.0,0.0,0.0,0.0,0.0,0.0
TO_WELLS,135,4,0.0,5505.3066,0.0,0.0,445.89493,28.567646,0.0,440.7458,290.60635
TO_HEAD_DEP_BOUNDS,135,4,0.0,0.0,823.93115,0.0,0.0,0.0,0.0,0.0,0.0
TO_RECHARGE,135,4,0.0,0.0,0.0,0.0,0.0,0.0,0.0,0.0,0.0
TO_STREAM_LEAKAGE,135,4,0.0,0.0,0.0,123200.75,1634.1311,6696.3716,74957.8,0.0,0.0
TO_STREAM_FLOW_OUT,135,4,0.0,0.0,0.0,0.0,0.0,0.0,0.0,0.0,0.0
TO_ZONE_0,135,4,0.0,0.0,0.0,0.0,0.0,0.0,0.0,0.0,0.0
TO_haweaflat,135,4,0.0,0.0,84123.695,11178.277,896.32434,0.0,0.0,0.0,0.0
TO_moraine_top,135,4,0.0,512.3652,0.0,0.0,0.0,0.0,0.0,0.0,0.0
TO_river_zone,135,4,0.0,117751.03,0.0,0.0,271.03375,0.0,3.334923,76.34007,3697.163
TO_main_terrace,135,4,0.0,22098.795,0.0,31037.436,0.0,1680.831,1782.7004,434.6408,0.0
TO_sandy_point,135,4,0.0,0.0,0.0,0.0,6506.9204,0.0,12.865141,0.0,0.0
TO_clutha,135,4,0.0,0.0,0.0,42.296597,67801.44,44.891018,0.0,7558.8184,0.0
TO_sub_terrace,135,4,0.0,0.0,0.0,65.04088,6254.861,0.0,939.2736,0.0,0.0
TO_mangawera,135,4,0.0,0.0,0.0,0.0,0.0,0.0,0.0,0.0,0.0
TOTAL_OUT,135,4,0.0,146036.95,84947.625,165523.94,84207.14,8450.662,77704.914,8514.528,3987.8801
IN-OUT,135,4,0.0,173270.52,26466.938,810767100.0,119972430.0,2831848200.0,9008928000.0,0.0,0.00024414062
PERCENT_DISCREPANCY,135,4,,74.469795,26.957264,199.91837,199.71964,199.99881,199.99655,0.0,6.122065e-06
FROM_STORAGE,136,4,0.0,29108.082,2628.0974,5236.1147,369.53116,0.0009856068,0.122329764,0.01680721,0.75316596
FROM_CONSTANT_HEAD,136,4,0.0,0.0,0.0,0.0,0.0,0.0,0.0,0.0,0.0
FROM_WELLS,136,4,0.0,4777.7715,18.260052,1438.9762,8504.589,0.0,0.0,77.06712,1081.1698
FROM_HEAD_DEP_BOUNDS,136,4,0.0,0.0,77684.17,0.0,0.0,0.0,0.0,0.0,0.0
FROM_RECHARGE,136,4,0.0,11435.957,1631.3204,4484.366,15251.537,1894.4105,2240.9023,1178.2632,2905.9722
FROM_STREAM_LEAKAGE,136,4,0.0,3500.0,1100.0,32494.195,3119.7043,36.521347,16.351604,0.0,0.0
FROM_STREAM_FLOW_OUT,136,4,0.0,173263.03,26465.953,810491840.0,119968020.0,2831848200.0,9008919000.0,0.0,0.0
FROM_ZONE_0,136,4,0.0,0.0,0.0,0.0,0.0,0.0,0.0,0.0,0.0
FROM_haweaflat,136,4,0.0,0.0,504.52698,115585.53,21972.336,0.0,0.0,0.0,0.0
FROM_moraine_top,136,4,0.0,82812.47,0.0,0.0,0.0,0.0,0.0,0.0,0.0
FROM_river_zone,136,4,0.0,11145.629,0.0,0.0,31036.387,0.0,42.296963,65.04618,0.0
FROM_main_terrace,136,4,0.0,894.89984,0.0,270.93283,0.0,6506.921,67803.51,6254.354,0.0
FROM_sandy_point,136,4,0.0,0.0,0.0,0.0,1680.831,0.0,44.891026,0.0,0.0
FROM_clutha,136,4,0.0,0.0,0.0,3.3349316,1782.3447,12.865141,0.0,939.2742,0.0
FROM_sub_terrace,136,4,0.0,0.0,0.0,76.34984,434.85425,0.0,7559.0435,0.0,0.0
FROM_mangawera,136,4,0.0,0.0,0.0,3697.1982,0.0,0.0,0.0,0.0,0.0
TOTAL_IN,136,4,0.0,316937.84,110032.33,810655100.0,120052180.0,2831856600.0,9008995000.0,8514.021,3987.895
TO_STORAGE,136,4,0.0,99.75029,0.0018669948,0.07458317,341.46603,0.0011780116,7.542538,3.030406,0.09044327
TO_CONSTANT_HEAD,136,4,0.0,0.0,0.0,0.0,0.0,0.0,0.0,0.0,0.0
TO_WELLS,136,4,0.0,5505.3066,0.0,0.0,445.89493,28.567646,0.0,440.7458,290.60635
TO_HEAD_DEP_BOUNDS,136,4,0.0,0.0,753.23486,0.0,0.0,0.0,0.0,0.0,0.0
TO_RECHARGE,136,4,0.0,0.0,0.0,0.0,0.0,0.0,0.0,0.0,0.0
TO_STREAM_LEAKAGE,136,4,0.0,0.0,0.0,120996.484,1634.1311,6696.3716,74961.77,0.0,0.0
TO_STREAM_FLOW_OUT,136,4,0.0,0.0,0.0,0.0,0.0,0.0,0.0,0.0,0.0
TO_ZONE_0,136,4,0.0,0.0,0.0,0.0,0.0,0.0,0.0,0.0,0.0
TO_haweaflat,136,4,0.0,0.0,82812.47,11145.629,894.89984,0.0,0.0,0.0,0.0
TO_moraine_top,136,4,0.0,504.52698,0.0,0.0,0.0,0.0,0.0,0.0,0.0
TO_river_zone,136,4,0.0,115585.53,0.0,0.0,270.93283,0.0,3.3349316,76.34984,3697.1982
TO_main_terrace,136,4,0.0,21972.336,0.0,31036.387,0.0,1680.831,1782.3447,434.85425,0.0
TO_sandy_point,136,4,0.0,0.0,0.0,0.0,6506.921,0.0,12.865141,0.0,0.0
TO_clutha,136,4,0.0,0.0,0.0,42.296963,67803.51,44.891026,0.0,7559.0435,0.0
TO_sub_terrace,136,4,0.0,0.0,0.0,65.04618,6254.354,0.0,939.2742,0.0,0.0
TO_mangawera,136,4,0.0,0.0,0.0,0.0,0.0,0.0,0.0,0.0,0.0
TOTAL_OUT,136,4,0.0,143667.45,83565.7,163285.92,84152.1,8450.662,77707.13,8514.023,3987.895
IN-OUT,136,4,0.0,173270.39,26466.625,810491840.0,119968024.0,2831848200.0,9008918000.0,0.001953125,0.0
PERCENT_DISCREPANCY,136,4,,75.235954,27.341833,199.91945,199.7198,199.99881,199.99654,2.2940098e-05,0.0
FROM_STORAGE,137,4,0.0,27751.902,2147.1187,5125.7344,448.8281,0.0009671164,0.1700524,0.16123499,0.75960636
FROM_CONSTANT_HEAD,137,4,0.0,0.0,0.0,0.0,0.0,0.0,0.0,0.0,0.0
FROM_WELLS,137,4,0.0,4777.7715,18.260052,1438.9762,8504.589,0.0,0.0,77.06712,1081.1698
FROM_HEAD_DEP_BOUNDS,137,4,0.0,0.0,77310.4,0.0,0.0,0.0,0.0,0.0,0.0
FROM_RECHARGE,137,4,0.0,11435.957,1631.3204,4484.366,15251.537,1894.4105,2240.9023,1178.2632,2905.9722
FROM_STREAM_LEAKAGE,137,4,0.0,3500.0,1100.0,32501.707,3119.7043,36.521347,16.351604,0.0,0.0
FROM_STREAM_FLOW_OUT,137,4,0.0,173263.03,26465.953,810233860.0,119963896.0,2831849000.0,9008909000.0,0.0,0.0
FROM_ZONE_0,137,4,0.0,0.0,0.0,0.0,0.0,0.0,0.0,0.0,0.0
FROM_haweaflat,137,4,0.0,0.0,496.8479,113595.01,21845.633,0.0,0.0,0.0,0.0
FROM_moraine_top,137,4,0.0,82023.2,0.0,0.0,0.0,0.0,0.0,0.0,0.0
FROM_river_zone,137,4,0.0,11121.898,0.0,0.0,31036.547,0.0,42.297318,65.05303,0.0
FROM_main_terrace,137,4,0.0,893.32477,0.0,270.76663,0.0,6506.9214,67804.15,6253.6704,0.0
FROM_sandy_point,137,4,0.0,0.0,0.0,0.0,1680.831,0.0,44.891037,0.0,0.0
FROM_clutha,137,4,0.0,0.0,0.0,3.3349416,1781.8699,12.86514,0.0,939.2471,0.0
FROM_sub_terrace,137,4,0.0,0.0,0.0,76.35434,435.08438,0.0,7559.0815,0.0,0.0
FROM_mangawera,137,4,0.0,0.0,0.0,3697.2224,0.0,0.0,0.0,0.0,0.0
TOTAL_IN,137,4,0.0,314767.1,109169.9,810395000.0,120048010.0,2831857400.0,9008986000.0,8513.462,3987.9016
TO_STORAGE,137,4,0.0,54.229637,0.0,0.05341469,295.73328,0.0012069173,6.101086,2.1960237,0.07239173
TO_CONSTANT_HEAD,137,4,0.0,0.0,0.0,0.0,0.0,0.0,0.0,0.0,0.0
TO_WELLS,137,4,0.0,5505.3066,0.0,0.0,445.89493,28.567646,0.0,440.7458,290.60635
TO_HEAD_DEP_BOUNDS,137,4,0.0,0.0,680.1201,0.0,0.0,0.0,0.0,0.0,0.0
TO_RECHARGE,137,4,0.0,0.0,0.0,0.0,0.0,0.0,0.0,0.0,0.0
TO_STREAM_LEAKAGE,137,4,0.0,0.0,0.0,118926.73,1634.1311,6696.3716,74964.53,0.0,0.0
TO_STREAM_FLOW_OUT,137,4,0.0,0.0,0.0,0.0,0.0,0.0,0.0,0.0,0.0
TO_ZONE_0,137,4,0.0,0.0,0.0,0.0,0.0,0.0,0.0,0.0,0.0
TO_haweaflat,137,4,0.0,0.0,82023.2,11121.898,893.32477,0.0,0.0,0.0,0.0
TO_moraine_top,137,4,0.0,496.8479,0.0,0.0,0.0,0.0,0.0,0.0,0.0
TO_river_zone,137,4,0.0,113595.01,0.0,0.0,270.76663,0.0,3.3349416,76.35434,3697.2224
TO_main_terrace,137,4,0.0,21845.633,0.0,31036.547,0.0,1680.831,1781.8699,435.08438,0.0
TO_sandy_point,137,4,0.0,0.0,0.0,0.0,6506.9214,0.0,12.86514,0.0,0.0
TO_clutha,137,4,0.0,0.0,0.0,42.297318,67804.15,44.891037,0.0,7559.0815,0.0
TO_sub_terrace,137,4,0.0,0.0,0.0,65.05303,6253.6704,0.0,939.2471,0.0,0.0
TO_mangawera,137,4,0.0,0.0,0.0,0.0,0.0,0.0,0.0,0.0,0.0
TOTAL_OUT,137,4,0.0,141497.03,82703.32,161192.56,84104.59,8450.662,77707.95,8513.462,3987.9011
IN-OUT,137,4,0.0,173270.06,26466.578,810233800.0,119963900.0,2831849000.0,9008908000.0,0.0,0.00048828125
PERCENT_DISCREPANCY,137,4,,75.951645,27.587568,199.92044,199.71996,199.99881,199.99654,0.0,1.2244065e-05
FROM_STORAGE,138,4,0.0,26250.176,1660.9275,4976.125,528.49536,0.0009555447,0.69834083,0.6577504,0.7601388
FROM_CONSTANT_HEAD,138,4,0.0,0.0,0.0,0.0,0.0,0.0,0.0,0.0,0.0
FROM_WELLS,138,4,0.0,4777.7715,18.260052,1438.9762,8504.589,0.0,0.0,77.06712,1081.1698
FROM_HEAD_DEP_BOUNDS,138,4,0.0,0.0,77293.695,0.0,0.0,0.0,0.0,0.0,0.0
FROM_RECHARGE,138,4,0.0,11435.957,1631.3204,4484.366,15251.537,1894.4105,2240.9023,1178.2632,2905.9722
FROM_STREAM_LEAKAGE,138,4,0.0,3500.0,1100.0,32510.297,3119.7043,36.521347,16.351604,0.0,0.0
FROM_STREAM_FLOW_OUT,138,4,0.0,173263.03,26465.953,809993200.0,119960030.0,2831849000.0,9008900000.0,0.0,0.0
FROM_ZONE_0,138,4,0.0,0.0,0.0,0.0,0.0,0.0,0.0,0.0,0.0
FROM_haweaflat,138,4,0.0,0.0,489.29794,111791.805,21722.795,0.0,0.0,0.0,0.0
FROM_moraine_top,138,4,0.0,81580.43,0.0,0.0,0.0,0.0,0.0,0.0,0.0
FROM_river_zone,138,4,0.0,11106.246,0.0,0.0,31037.89,0.0,42.297646,65.06127,0.0
FROM_main_terrace,138,4,0.0,892.01447,0.0,270.53897,0.0,6506.9214,67803.37,6252.822,0.0
FROM_sandy_point,138,4,0.0,0.0,0.0,0.0,1680.831,0.0,44.891045,0.0,0.0
FROM_clutha,138,4,0.0,0.0,0.0,3.3349526,1781.286,12.865139,0.0,939.19336,0.0
FROM_sub_terrace,138,4,0.0,0.0,0.0,76.353485,435.32736,0.0,7558.9395,0.0,0.0
FROM_mangawera,138,4,0.0,0.0,0.0,3697.2388,0.0,0.0,0.0,0.0,0.0
TOTAL_IN,138,4,0.0,312805.62,108659.45,810152450.0,120044100.0,2831857400.0,9008977000.0,8513.064,3987.902
TO_STORAGE,138,4,0.0,26.778378,0.0,0.03721664,256.6796,0.001229531,5.0690393,1.6985507,0.05669687
TO_CONSTANT_HEAD,138,4,0.0,0.0,0.0,0.0,0.0,0.0,0.0,0.0,0.0
TO_WELLS,138,4,0.0,5505.3066,0.0,0.0,445.89493,28.567646,0.0,440.7458,290.60635
TO_HEAD_DEP_BOUNDS,138,4,0.0,0.0,612.6416,0.0,0.0,0.0,0.0,0.0,0.0
TO_RECHARGE,138,4,0.0,0.0,0.0,0.0,0.0,0.0,0.0,0.0,0.0
TO_STREAM_LEAKAGE,138,4,0.0,0.0,0.0,116996.5,1634.1311,6696.3716,74965.8,0.0,0.0
TO_STREAM_FLOW_OUT,138,4,0.0,0.0,0.0,0.0,0.0,0.0,0.0,0.0,0.0
TO_ZONE_0,138,4,0.0,0.0,0.0,0.0,0.0,0.0,0.0,0.0,0.0
TO_haweaflat,138,4,0.0,0.0,81580.43,11106.246,892.01447,0.0,0.0,0.0,0.0
TO_moraine_top,138,4,0.0,489.29794,0.0,0.0,0.0,0.0,0.0,0.0,0.0
TO_river_zone,138,4,0.0,111791.805,0.0,0.0,270.53897,0.0,3.3349526,76.353485,3697.2388
TO_main_terrace,138,4,0.0,21722.795,0.0,31037.89,0.0,1680.831,1781.286,435.32736,0.0
TO_sandy_point,138,4,0.0,0.0,0.0,0.0,6506.9214,0.0,12.865139,0.0,0.0
TO_clutha,138,4,0.0,0.0,0.0,42.297646,67803.37,44.891045,0.0,7558.9395,0.0
TO_sub_terrace,138,4,0.0,0.0,0.0,65.06127,6252.822,0.0,939.19336,0.0,0.0
TO_mangawera,138,4,0.0,0.0,0.0,0.0,0.0,0.0,0.0,0.0,0.0
TOTAL_OUT,138,4,0.0,139535.98,82193.07,159248.03,84062.37,8450.662,77707.555,8513.064,3987.9019
IN-OUT,138,4,0.0,173269.64,26466.383,809993200.0,119960030.0,2831849000.0,9008899000.0,0.0,0.00024414062
PERCENT_DISCREPANCY,138,4,,76.61008,27.734903,199.92139,199.7201,199.99881,199.99654,0.0,6.122032e-06
FROM_STORAGE,139,4,0.0,24596.26,1195.0913,4790.6646,606.41284,0.0009455258,1.498191,1.296481,0.757673
FROM_CONSTANT_HEAD,139,4,0.0,0.0,0.0,0.0,0.0,0.0,0.0,0.0,0.0
FROM_WELLS,139,4,0.0,4777.7715,18.260052,1438.9762,8504.589,0.0,0.0,77.06712,1081.1698
FROM_HEAD_DEP_BOUNDS,139,4,0.0,0.0,77604.8,0.0,0.0,0.0,0.0,0.0,0.0
FROM_RECHARGE,139,4,0.0,11435.957,1631.3204,4484.366,15251.537,1894.4105,2240.9023,1178.2632,2905.9722
FROM_STREAM_LEAKAGE,139,4,0.0,3500.0,1100.0,32519.74,3119.7043,36.521347,16.351604,0.0,0.0
FROM_STREAM_FLOW_OUT,139,4,0.0,173263.03,26465.953,809771260.0,119956440.0,2831848400.0,9008890000.0,0.0,0.0
FROM_ZONE_0,139,4,0.0,0.0,0.0,0.0,0.0,0.0,0.0,0.0,0.0
FROM_haweaflat,139,4,0.0,0.0,481.8593,110178.1,21602.764,0.0,0.0,0.0,0.0
FROM_moraine_top,139,4,0.0,81487.32,0.0,0.0,0.0,0.0,0.0,0.0,0.0
FROM_river_zone,139,4,0.0,11097.896,0.0,0.0,31040.305,0.0,42.297993,65.07068,0.0
FROM_main_terrace,139,4,0.0,891.0145,0.0,270.25397,0.0,6506.922,67801.22,6251.8223,0.0
FROM_sandy_point,139,4,0.0,0.0,0.0,0.0,1680.831,0.0,44.89106,0.0,0.0
FROM_clutha,139,4,0.0,0.0,0.0,3.3349626,1780.6052,12.865139,0.0,939.11426,0.0
FROM_sub_terrace,139,4,0.0,0.0,0.0,76.34758,435.57935,0.0,7558.619,0.0,0.0
FROM_mangawera,139,4,0.0,0.0,0.0,3697.2476,0.0,0.0,0.0,0.0,0.0
TOTAL_IN,139,4,0.0,311049.25,108497.28,809928770.0,120040456.0,2831857000.0,9008967000.0,8512.634,3987.8997
TO_STORAGE,139,4,0.0,11.924278,0.00087731495,0.024944233,220.967,0.0012527502,4.2617984,1.3421097,0.045463547
TO_CONSTANT_HEAD,139,4,0.0,0.0,0.0,0.0,0.0,0.0,0.0,0.0,0.0
TO_WELLS,139,4,0.0,5505.3066,0.0,0.0,445.89493,28.567646,0.0,440.7458,290.60635
TO_HEAD_DEP_BOUNDS,139,4,0.0,0.0,543.6592,0.0,0.0,0.0,0.0,0.0,0.0
TO_RECHARGE,139,4,0.0,0.0,0.0,0.0,0.0,0.0,0.0,0.0,0.0
TO_STREAM_LEAKAGE,139,4,0.0,0.0,0.0,115211.98,1634.1311,6696.3716,74965.59,0.0,0.0
TO_STREAM_FLOW_OUT,139,4,0.0,0.0,0.0,0.0,0.0,0.0,0.0,0.0,0.0
TO_ZONE_0,139,4,0.0,0.0,0.0,0.0,0.0,0.0,0.0,0.0,0.0
TO_haweaflat,139,4,0.0,0.0,81487.32,11097.896,891.0145,0.0,0.0,0.0,0.0
TO_moraine_top,139,4,0.0,481.8593,0.0,0.0,0.0,0.0,0.0,0.0,0.0
TO_river_zone,139,4,0.0,110178.1,0.0,0.0,270.25397,0.0,3.3349626,76.34758,3697.2476
TO_main_terrace,139,4,0.0,21602.764,0.0,31040.305,0.0,1680.831,1780.6052,435.57935,0.0
TO_sandy_point,139,4,0.0,0.0,0.0,0.0,6506.922,0.0,12.865139,0.0,0.0
TO_clutha,139,4,0.0,0.0,0.0,42.297993,67801.22,44.89106,0.0,7558.619,0.0
TO_sub_terrace,139,4,0.0,0.0,0.0,65.07068,6251.8223,0.0,939.11426,0.0,0.0
TO_mangawera,139,4,0.0,0.0,0.0,0.0,0.0,0.0,0.0,0.0,0.0
TOTAL_OUT,139,4,0.0,137779.95,82030.98,157457.58,84022.23,8450.662,77705.78,8512.634,3987.8994
IN-OUT,139,4,0.0,173269.3,26466.305,809771300.0,119956430.0,2831848400.0,9008889000.0,0.0,0.00024414062
PERCENT_DISCREPANCY,139,4,,77.209465,27.782026,199.92226,199.7202,199.99881,199.99654,0.0,6.1220358e-06
FROM_STORAGE,140,4,0.0,22932.145,733.6379,4583.23,687.42,0.0009986041,2.444841,2.0254095,0.7553201
FROM_CONSTANT_HEAD,140,4,0.0,0.0,0.0,0.0,0.0,0.0,0.0,0.0,0.0
FROM_WELLS,140,4,0.0,4777.7715,18.260052,1438.9762,8504.589,0.0,0.0,77.06712,1081.1698
FROM_HEAD_DEP_BOUNDS,140,4,0.0,0.0,78242.18,0.0,0.0,0.0,0.0,0.0,0.0
FROM_RECHARGE,140,4,0.0,11435.957,1631.3204,4484.366,15251.537,1894.4105,2240.9023,1178.2632,2905.9722
FROM_STREAM_LEAKAGE,140,4,0.0,3500.0,1100.0,32529.574,3119.7043,36.521347,16.351604,0.0,0.0
FROM_STREAM_FLOW_OUT,140,4,0.0,173263.03,26465.953,809568260.0,119953176.0,2831848400.0,9008882000.0,0.0,0.0
FROM_ZONE_0,140,4,0.0,0.0,0.0,0.0,0.0,0.0,0.0,0.0,0.0
FROM_haweaflat,140,4,0.0,0.0,474.75467,108770.945,21484.46,0.0,0.0,0.0,0.0
FROM_moraine_top,140,4,0.0,81723.97,0.0,0.0,0.0,0.0,0.0,0.0,0.0
FROM_river_zone,140,4,0.0,11096.228,0.0,0.0,31043.459,0.0,42.29827,65.08121,0.0
FROM_main_terrace,140,4,0.0,889.8134,0.0,269.91342,0.0,6506.923,67797.734,6250.6816,0.0
FROM_sandy_point,140,4,0.0,0.0,0.0,0.0,1680.831,0.0,44.89107,0.0,0.0
FROM_clutha,140,4,0.0,0.0,0.0,3.3349743,1779.837,12.865138,0.0,939.01074,0.0
FROM_sub_terrace,140,4,0.0,0.0,0.0,76.33643,435.8388,0.0,7558.128,0.0,0.0
FROM_mangawera,140,4,0.0,0.0,0.0,3697.2493,0.0,0.0,0.0,0.0,0.0
TOTAL_IN,140,4,0.0,309618.9,108666.11,809724100.0,120037150.0,2831857000.0,9008958000.0,8512.129,3987.8975
TO_STORAGE,140,4,0.0,4.8751173,0.0,0.015797293,190.17801,0.001202552,3.575557,1.0763305,0.03798643
TO_CONSTANT_HEAD,140,4,0.0,0.0,0.0,0.0,0.0,0.0,0.0,0.0,0.0
TO_WELLS,140,4,0.0,5505.3066,0.0,0.0,445.89493,28.567646,0.0,440.7458,290.60635
TO_HEAD_DEP_BOUNDS,140,4,0.0,0.0,472.12646,0.0,0.0,0.0,0.0,0.0,0.0
TO_RECHARGE,140,4,0.0,0.0,0.0,0.0,0.0,0.0,0.0,0.0,0.0
TO_STREAM_LEAKAGE,140,4,0.0,0.0,0.0,113583.79,1634.1311,6696.3716,74964.17,0.0,0.0
TO_STREAM_FLOW_OUT,140,4,0.0,0.0,0.0,0.0,0.0,0.0,0.0,0.0,0.0
TO_ZONE_0,140,4,0.0,0.0,0.0,0.0,0.0,0.0,0.0,0.0,0.0
TO_haweaflat,140,4,0.0,0.0,81723.97,11096.228,889.8134,0.0,0.0,0.0,0.0
TO_moraine_top,140,4,0.0,474.75467,0.0,0.0,0.0,0.0,0.0,0.0,0.0
TO_river_zone,140,4,0.0,108770.945,0.0,0.0,269.91342,0.0,3.3349743,76.33643,3697.2493
TO_main_terrace,140,4,0.0,21484.46,0.0,31043.459,0.0,1680.831,1779.837,435.8388,0.0
TO_sandy_point,140,4,0.0,0.0,0.0,0.0,6506.923,0.0,12.865138,0.0,0.0
TO_clutha,140,4,0.0,0.0,0.0,42.29827,67797.734,44.89107,0.0,7558.128,0.0
TO_sub_terrace,140,4,0.0,0.0,0.0,65.08121,6250.6816,0.0,939.01074,0.0,0.0
TO_mangawera,140,4,0.0,0.0,0.0,0.0,0.0,0.0,0.0,0.0,0.0
TOTAL_OUT,140,4,0.0,136240.34,82196.09,155830.86,83985.266,8450.662,77702.8,8512.125,3987.8936
IN-OUT,140,4,0.0,173378.56,26470.016,809568260.0,119953170.0,2831848400.0,9008881000.0,0.00390625,0.00390625
PERCENT_DISCREPANCY,140,4,,77.77277,27.737305,199.92303,199.72034,199.99881,199.99655,4.589041e-05,9.795267e-05
FROM_STORAGE,141,4,0.0,21040.963,248.39949,4319.6123,759.649,0.0009957575,3.4733057,2.791905,0.7448365
FROM_CONSTANT_HEAD,141,4,0.0,0.0,0.0,0.0,0.0,0.0,0.0,0.0,0.0
FROM_WELLS,141,4,0.0,4777.7715,18.260052,1438.9762,8504.589,0.0,0.0,77.06712,1081.1698
FROM_HEAD_DEP_BOUNDS,141,4,0.0,0.0,79217.87,0.0,0.0,0.0,0.0,0.0,0.0
FROM_RECHARGE,141,4,0.0,11435.957,1631.3204,4484.366,15251.537,1894.4105,2240.9023,1178.2632,2905.9722
FROM_STREAM_LEAKAGE,141,4,0.0,3500.0,1100.0,32539.525,3119.7043,36.521347,16.351604,0.0,0.0
FROM_STREAM_FLOW_OUT,141,4,0.0,173263.03,26465.953,809386600.0,119950220.0,2831848200.0,9008873000.0,0.0,0.0
FROM_ZONE_0,141,4,0.0,0.0,0.0,0.0,0.0,0.0,0.0,0.0,0.0
FROM_haweaflat,141,4,0.0,0.0,468.14496,107570.64,21371.736,0.0,0.0,0.0,0.0
FROM_moraine_top,141,4,0.0,82278.88,0.0,0.0,0.0,0.0,0.0,0.0,0.0
FROM_river_zone,141,4,0.0,11101.053,0.0,0.0,31047.61,0.0,42.298576,65.09267,0.0
FROM_main_terrace,141,4,0.0,888.4844,0.0,269.5236,0.0,6506.9233,67792.96,6249.4194,0.0
FROM_sandy_point,141,4,0.0,0.0,0.0,0.0,1680.831,0.0,44.891083,0.0,0.0
FROM_clutha,141,4,0.0,0.0,0.0,3.3349853,1778.994,12.865137,0.0,938.88464,0.0
FROM_sub_terrace,141,4,0.0,0.0,0.0,76.32047,436.10132,0.0,7557.475,0.0,0.0
FROM_mangawera,141,4,0.0,0.0,0.0,3697.2441,0.0,0.0,0.0,0.0,0.0
TOTAL_IN,141,4,0.0,308286.12,109149.945,809541000.0,120034170.0,2831856600.0,9008950000.0,8511.519,3987.8867
TO_STORAGE,141,4,0.0,1.2239155,2.2949436,0.009481924,160.50372,0.0012134961,2.9480517,0.8675165,0.032493338
TO_CONSTANT_HEAD,141,4,0.0,0.0,0.0,0.0,0.0,0.0,0.0,0.0,0.0
TO_WELLS,141,4,0.0,5505.3066,0.0,0.0,445.89493,28.567646,0.0,440.7458,290.60635
TO_HEAD_DEP_BOUNDS,141,4,0.0,0.0,401.61914,0.0,0.0,0.0,0.0,0.0,0.0
TO_RECHARGE,141,4,0.0,0.0,0.0,0.0,0.0,0.0,0.0,0.0,0.0
TO_STREAM_LEAKAGE,141,4,0.0,0.0,0.0,112122.07,1634.1311,6696.3716,74961.445,0.0,0.0
TO_STREAM_FLOW_OUT,141,4,0.0,0.0,0.0,0.0,0.0,0.0,0.0,0.0,0.0
TO_ZONE_0,141,4,0.0,0.0,0.0,0.0,0.0,0.0,0.0,0.0,0.0
TO_haweaflat,141,4,0.0,0.0,82278.88,11101.053,888.4844,0.0,0.0,0.0,0.0
TO_moraine_top,141,4,0.0,468.14496,0.0,0.0,0.0,0.0,0.0,0.0,0.0
TO_river_zone,141,4,0.0,107570.64,0.0,0.0,269.5236,0.0,3.3349853,76.32047,3697.2441
TO_main_terrace,141,4,0.0,21371.736,0.0,31047.61,0.0,1680.831,1778.994,436.10132,0.0
TO_sandy_point,141,4,0.0,0.0,0.0,0.0,6506.9233,0.0,12.865137,0.0,0.0
TO_clutha,141,4,0.0,0.0,0.0,42.298576,67792.96,44.891083,0.0,7557.475,0.0
TO_sub_terrace,141,4,0.0,0.0,0.0,65.09267,6249.4194,0.0,938.88464,0.0,0.0
TO_mangawera,141,4,0.0,0.0,0.0,0.0,0.0,0.0,0.0,0.0,0.0
TOTAL_OUT,141,4,0.0,134917.05,82682.8,154378.14,83947.84,8450.662,77698.47,8511.51,3987.883
IN-OUT,141,4,0.0,173369.08,26467.148,809386600.0,119950220.0,2831848200.0,9008872000.0,0.0087890625,0.0036621094
PERCENT_DISCREPANCY,141,4,,78.23458,27.593983,199.92374,199.72046,199.99881,199.99654,0.00010326086,9.183087e-05
FROM_STORAGE,142,4,0.0,19039.617,4.303014,4030.3147,827.3087,0.0010222362,4.567534,3.5663357,0.72978365
FROM_CONSTANT_HEAD,142,4,0.0,0.0,0.0,0.0,0.0,0.0,0.0,0.0,0.0
FROM_WELLS,142,4,0.0,4777.7715,18.260052,1438.9762,8504.589,0.0,0.0,77.06712,1081.1698
FROM_HEAD_DEP_BOUNDS,142,4,0.0,0.0,80532.8,0.0,0.0,0.0,0.0,0.0,0.0
FROM_RECHARGE,142,4,0.0,11435.957,1631.3204,4484.366,15251.537,1894.4105,2240.9023,1178.2632,2905.9722
FROM_STREAM_LEAKAGE,142,4,0.0,3500.0,1100.0,32550.328,3119.7043,36.521347,16.351604,0.0,0.0
FROM_STREAM_FLOW_OUT,142,4,0.0,173263.03,26465.953,809226900.0,119947650.0,2831848200.0,9008867000.0,0.0,0.0
FROM_ZONE_0,142,4,0.0,0.0,0.0,0.0,0.0,0.0,0.0,0.0,0.0
FROM_haweaflat,142,4,0.0,0.0,462.58453,106575.91,21264.861,0.0,0.0,0.0,0.0
FROM_moraine_top,142,4,0.0,83156.44,0.0,0.0,0.0,0.0,0.0,0.0,0.0
FROM_river_zone,142,4,0.0,11112.093,0.0,0.0,31052.684,0.0,42.298836,65.104904,0.0
FROM_main_terrace,142,4,0.0,887.7002,0.0,269.09018,0.0,6506.9233,67786.984,6248.051,0.0
FROM_sandy_point,142,4,0.0,0.0,0.0,0.0,1680.831,0.0,44.891098,0.0,0.0
FROM_clutha,142,4,0.0,0.0,0.0,3.3349936,1778.0881,12.865137,0.0,938.7377,0.0
FROM_sub_terrace,142,4,0.0,0.0,0.0,76.29979,436.36368,0.0,7556.6685,0.0,0.0
FROM_mangawera,142,4,0.0,0.0,0.0,3697.2334,0.0,0.0,0.0,0.0,0.0
TOTAL_IN,142,4,0.0,307172.6,110215.22,809380000.0,120031570.0,2831856600.0,9008944000.0,8510.79,3987.8716
TO_STORAGE,142,4,0.0,4.9456253,249.1822,0.0065965033,133.79866,0.0011610462,2.401201,0.699835,0.028538436
TO_CONSTANT_HEAD,142,4,0.0,0.0,0.0,0.0,0.0,0.0,0.0,0.0,0.0
TO_WELLS,142,4,0.0,5505.3066,0.0,0.0,445.89493,28.567646,0.0,440.7458,290.60635
TO_HEAD_DEP_BOUNDS,142,4,0.0,0.0,345.24756,0.0,0.0,0.0,0.0,0.0,0.0
TO_RECHARGE,142,4,0.0,0.0,0.0,0.0,0.0,0.0,0.0,0.0,0.0
TO_STREAM_LEAKAGE,142,4,0.0,0.0,0.0,110833.72,1634.0979,6696.3716,74957.33,0.0,0.0
TO_STREAM_FLOW_OUT,142,4,0.0,0.0,0.0,0.0,0.0,0.0,0.0,0.0,0.0
TO_ZONE_0,142,4,0.0,0.0,0.0,0.0,0.0,0.0,0.0,0.0,0.0
TO_haweaflat,142,4,0.0,0.0,83156.44,11112.093,887.7002,0.0,0.0,0.0,0.0
TO_moraine_top,142,4,0.0,462.58453,0.0,0.0,0.0,0.0,0.0,0.0,0.0
TO_river_zone,142,4,0.0,106575.91,0.0,0.0,269.09018,0.0,3.3349936,76.29979,3697.2334
TO_main_terrace,142,4,0.0,21264.861,0.0,31052.684,0.0,1680.831,1778.0881,436.36368,0.0
TO_sandy_point,142,4,0.0,0.0,0.0,0.0,6506.9233,0.0,12.865137,0.0,0.0
TO_clutha,142,4,0.0,0.0,0.0,42.298836,67786.984,44.891098,0.0,7556.6685,0.0
TO_sub_terrace,142,4,0.0,0.0,0.0,65.104904,6248.051,0.0,938.7377,0.0,0.0
TO_mangawera,142,4,0.0,0.0,0.0,0.0,0.0,0.0,0.0,0.0,0.0
TOTAL_OUT,142,4,0.0,133813.61,83750.87,153105.9,83912.55,8450.662,77692.75,8510.777,3987.8682
IN-OUT,142,4,0.0,173358.98,26464.352,809226900.0,119947656.0,2831848200.0,9008866000.0,0.0126953125,0.0034179688
PERCENT_DISCREPANCY,142,4,,78.623314,27.287607,199.92436,199.72055,199.99881,199.99654,0.00014916738,8.5709136e-05
FROM_STORAGE,143,4,0.0,16935.885,0.45617092,3709.7021,890.1878,0.0010552991,5.7091913,4.3270063,0.7103169
FROM_CONSTANT_HEAD,143,4,0.0,0.0,0.0,0.0,0.0,0.0,0.0,0.0,0.0
FROM_WELLS,143,4,0.0,4777.7715,18.260052,1438.9762,8504.589,0.0,0.0,77.06712,1081.1698
FROM_HEAD_DEP_BOUNDS,143,4,0.0,0.0,82224.55,0.0,0.0,0.0,0.0,0.0,0.0
FROM_RECHARGE,143,4,0.0,11435.957,1631.3204,4484.366,15251.537,1894.4105,2240.9023,1178.2632,2905.9722
FROM_STREAM_LEAKAGE,143,4,0.0,3500.0,1100.0,32561.29,3119.7043,36.521347,16.351604,0.0,0.0
FROM_STREAM_FLOW_OUT,143,4,0.0,173263.03,26465.953,809088900.0,119945400.0,2831847700.0,9008860000.0,0.0,0.0
FROM_ZONE_0,143,4,0.0,0.0,0.0,0.0,0.0,0.0,0.0,0.0,0.0
FROM_haweaflat,143,4,0.0,0.0,458.19418,105795.86,21164.363,0.0,0.0,0.0,0.0
FROM_moraine_top,143,4,0.0,84363.39,0.0,0.0,0.0,0.0,0.0,0.0,0.0
FROM_river_zone,143,4,0.0,11128.914,0.0,0.0,31058.592,0.0,42.299095,65.11772,0.0
FROM_main_terrace,143,4,0.0,887.04395,0.0,268.61984,0.0,6506.9233,67779.91,6246.6,0.0
FROM_sandy_point,143,4,0.0,0.0,0.0,0.0,1680.831,0.0,44.89111,0.0,0.0
FROM_clutha,143,4,0.0,0.0,0.0,3.335005,1777.1344,12.865135,0.0,938.57227,0.0
FROM_sub_terrace,143,4,0.0,0.0,0.0,76.27486,436.62173,0.0,7555.722,0.0,0.0
FROM_mangawera,143,4,0.0,0.0,0.0,3697.2163,0.0,0.0,0.0,0.0,0.0
TOTAL_IN,143,4,0.0,306291.97,111898.734,809240900.0,120029290.0,2831856000.0,9008937000.0,8509.947,3987.8523
TO_STORAGE,143,4,0.0,19.93393,742.2647,0.0045288554,110.621826,0.0011466977,1.9411291,0.56492525,0.025849033
TO_CONSTANT_HEAD,143,4,0.0,0.0,0.0,0.0,0.0,0.0,0.0,0.0,0.0
TO_WELLS,143,4,0.0,5505.3066,0.0,0.0,445.89493,28.567646,0.0,440.7458,290.60635
TO_HEAD_DEP_BOUNDS,143,4,0.0,0.0,331.86865,0.0,0.0,0.0,0.0,0.0,0.0
TO_RECHARGE,143,4,0.0,0.0,0.0,0.0,0.0,0.0,0.0,0.0,0.0
TO_STREAM_LEAKAGE,143,4,0.0,0.0,0.0,109722.5,1634.0979,6696.3716,74951.95,0.0,0.0
TO_STREAM_FLOW_OUT,143,4,0.0,0.0,0.0,0.0,0.0,0.0,0.0,0.0,0.0
TO_ZONE_0,143,4,0.0,0.0,0.0,0.0,0.0,0.0,0.0,0.0,0.0
TO_haweaflat,143,4,0.0,0.0,84363.39,11128.914,887.04395,0.0,0.0,0.0,0.0
TO_moraine_top,143,4,0.0,458.19418,0.0,0.0,0.0,0.0,0.0,0.0,0.0
TO_river_zone,143,4,0.0,105795.86,0.0,0.0,268.61984,0.0,3.335005,76.27486,3697.2163
TO_main_terrace,143,4,0.0,21164.363,0.0,31058.592,0.0,1680.831,1777.1344,436.62173,0.0
TO_sandy_point,143,4,0.0,0.0,0.0,0.0,6506.9233,0.0,12.865135,0.0,0.0
TO_clutha,143,4,0.0,0.0,0.0,42.299095,67779.91,44.89111,0.0,7555.722,0.0
TO_sub_terrace,143,4,0.0,0.0,0.0,65.11772,6246.6,0.0,938.57227,0.0,0.0
TO_mangawera,143,4,0.0,0.0,0.0,0.0,0.0,0.0,0.0,0.0,0.0
TOTAL_OUT,143,4,0.0,132943.66,85437.52,152017.44,83879.71,8450.662,77685.8,8509.93,3987.8486
IN-OUT,143,4,0.0,173348.31,26461.21,809088900.0,119945410.0,2831847700.0,9008859000.0,0.017578125,0.0036621094
PERCENT_DISCREPANCY,143,4,,78.931816,26.818398,199.92487,199.72067,199.9988,199.99654,0.00020655995,9.183166e-05
FROM_STORAGE,144,4,0.0,14737.423,3.6867433e-13,3361.2139,946.54944,0.0010615231,6.8651714,5.057105,0.6860515
FROM_CONSTANT_HEAD,144,4,0.0,0.0,0.0,0.0,0.0,0.0,0.0,0.0,0.0
FROM_WELLS,144,4,0.0,4777.7715,18.260052,1438.9762,8504.589,0.0,0.0,77.06712,1081.1698
FROM_HEAD_DEP_BOUNDS,144,4,0.0,0.0,84261.5,0.0,0.0,0.0,0.0,0.0,0.0
FROM_RECHARGE,144,4,0.0,11435.957,1631.3204,4484.366,15251.537,1894.4105,2240.9023,1178.2632,2905.9722
FROM_STREAM_LEAKAGE,144,4,0.0,3500.0,1100.0,32572.676,3119.7043,36.521347,16.351604,0.0,0.0
FROM_STREAM_FLOW_OUT,144,4,0.0,173263.03,26465.953,808973950.0,119943544.0,2831847700.0,9008855000.0,0.0,0.0
FROM_ZONE_0,144,4,0.0,0.0,0.0,0.0,0.0,0.0,0.0,0.0,0.0
FROM_haweaflat,144,4,0.0,0.0,454.5526,105232.05,21071.059,0.0,0.0,0.0,0.0
FROM_moraine_top,144,4,0.0,85888.88,0.0,0.0,0.0,0.0,0.0,0.0,0.0
FROM_river_zone,144,4,0.0,11150.924,0.0,0.0,31065.232,0.0,42.29924,65.13089,0.0
FROM_main_terrace,144,4,0.0,886.33545,0.0,268.1193,0.0,6506.9243,67771.836,6245.0845,0.0
FROM_sandy_point,144,4,0.0,0.0,0.0,0.0,1680.831,0.0,44.89112,0.0,0.0
FROM_clutha,144,4,0.0,0.0,0.0,3.3350148,1776.1473,12.865135,0.0,938.391,0.0
FROM_sub_terrace,144,4,0.0,0.0,0.0,76.24607,436.87244,0.0,7554.651,0.0,0.0
FROM_mangawera,144,4,0.0,0.0,0.0,3697.1948,0.0,0.0,0.0,0.0,0.0
TOTAL_IN,144,4,0.0,305640.34,113931.586,809125060.0,120027400.0,2831856000.0,9008932000.0,8508.993,3987.8281
TO_STORAGE,144,4,0.0,40.130177,1253.0784,0.003170868,90.00228,0.0011319899,1.5551262,0.455847,0.023584533
TO_CONSTANT_HEAD,144,4,0.0,0.0,0.0,0.0,0.0,0.0,0.0,0.0,0.0
TO_WELLS,144,4,0.0,5505.3066,0.0,0.0,445.89493,28.567646,0.0,440.7458,290.60635
TO_HEAD_DEP_BOUNDS,144,4,0.0,0.0,331.39795,0.0,0.0,0.0,0.0,0.0,0.0
TO_RECHARGE,144,4,0.0,0.0,0.0,0.0,0.0,0.0,0.0,0.0,0.0
TO_STREAM_LEAKAGE,144,4,0.0,0.0,0.0,108793.445,1634.1311,6696.3716,74945.61,0.0,0.0
TO_STREAM_FLOW_OUT,144,4,0.0,0.0,0.0,0.0,0.0,0.0,0.0,0.0,0.0
TO_ZONE_0,144,4,0.0,0.0,0.0,0.0,0.0,0.0,0.0,0.0,0.0
TO_haweaflat,144,4,0.0,0.0,85888.88,11150.924,886.33545,0.0,0.0,0.0,0.0
TO_moraine_top,144,4,0.0,454.5526,0.0,0.0,0.0,0.0,0.0,0.0,0.0
TO_river_zone,144,4,0.0,105232.05,0.0,0.0,268.1193,0.0,3.3350148,76.24607,3697.1948
TO_main_terrace,144,4,0.0,21071.059,0.0,31065.232,0.0,1680.831,1776.1473,436.87244,0.0
TO_sandy_point,144,4,0.0,0.0,0.0,0.0,6506.9243,0.0,12.865135,0.0,0.0
TO_clutha,144,4,0.0,0.0,0.0,42.29924,67771.836,44.89112,0.0,7554.651,0.0
TO_sub_terrace,144,4,0.0,0.0,0.0,65.13089,6245.0845,0.0,938.391,0.0,0.0
TO_mangawera,144,4,0.0,0.0,0.0,0.0,0.0,0.0,0.0,0.0,0.0
TOTAL_OUT,144,4,0.0,132303.1,87473.36,151117.02,83848.33,8450.663,77677.91,8508.971,3987.8247
IN-OUT,144,4,0.0,173337.25,26458.227,808973950.0,119943550.0,2831847700.0,9008854000.0,0.022460938,0.0034179688
PERCENT_DISCREPANCY,144,4,,79.159645,26.273663,199.92531,199.72078,199.9988,199.99654,0.00026396738,8.571007e-05
FROM_STORAGE,145,4,0.0,12413.133,0.003745406,2975.4448,991.80725,0.0010548036,7.9638205,5.7180886,0.65423036
FROM_CONSTANT_HEAD,145,4,0.0,0.0,0.0,0.0,0.0,0.0,0.0,0.0,0.0
FROM_WELLS,145,4,0.0,4777.7715,18.260052,1438.9762,8504.589,0.0,0.0,77.06712,1081.1698
FROM_HEAD_DEP_BOUNDS,145,4,0.0,0.0,86618.266,0.0,0.0,0.0,0.0,0.0,0.0
FROM_RECHARGE,145,4,0.0,11435.957,1631.3204,4484.366,15251.537,1894.4105,2240.9023,1178.2632,2905.9722
FROM_STREAM_LEAKAGE,145,4,0.0,3500.0,1100.0,32584.18,3119.7043,36.521347,16.351604,0.0,0.0
FROM_STREAM_FLOW_OUT,145,4,0.0,173263.03,26465.953,808882600.0,119942024.0,2831847000.0,9008850000.0,0.0,0.0
FROM_ZONE_0,145,4,0.0,0.0,0.0,0.0,0.0,0.0,0.0,0.0,0.0
FROM_haweaflat,145,4,0.0,0.0,451.3504,104883.3,20985.371,0.0,0.0,0.0,0.0
FROM_moraine_top,145,4,0.0,87751.63,0.0,0.0,0.0,0.0,0.0,0.0,0.0
FROM_river_zone,145,4,0.0,11177.953,0.0,0.0,31072.521,0.0,42.2994,65.14436,0.0
FROM_main_terrace,145,4,0.0,885.5853,0.0,267.59442,0.0,6506.9243,67762.88,6243.523,0.0
FROM_sandy_point,145,4,0.0,0.0,0.0,0.0,1680.831,0.0,44.891132,0.0,0.0
FROM_clutha,145,4,0.0,0.0,0.0,3.3350215,1775.1392,12.865134,0.0,938.1962,0.0
FROM_sub_terrace,145,4,0.0,0.0,0.0,76.213615,437.11353,0.0,7553.47,0.0,0.0
FROM_mangawera,145,4,0.0,0.0,0.0,3697.1677,0.0,0.0,0.0,0.0,0.0
TOTAL_IN,145,4,0.0,305205.1,116285.16,809033000.0,120025840.0,2831855400.0,9008927000.0,8507.912,3987.7961
TO_STORAGE,145,4,0.0,113.56553,1736.9524,0.0021920137,71.87953,0.0011212761,1.2179062,0.36650154,0.021681258
TO_CONSTANT_HEAD,145,4,0.0,0.0,0.0,0.0,0.0,0.0,0.0,0.0,0.0
TO_WELLS,145,4,0.0,5505.3066,0.0,0.0,445.89493,28.567646,0.0,440.7458,290.60635
TO_HEAD_DEP_BOUNDS,145,4,0.0,0.0,331.02246,0.0,0.0,0.0,0.0,0.0,0.0
TO_RECHARGE,145,4,0.0,0.0,0.0,0.0,0.0,0.0,0.0,0.0,0.0
TO_STREAM_LEAKAGE,145,4,0.0,0.0,0.0,108051.88,1634.1311,6696.3716,74938.05,0.0,0.0
TO_STREAM_FLOW_OUT,145,4,0.0,0.0,0.0,0.0,0.0,0.0,0.0,0.0,0.0
TO_ZONE_0,145,4,0.0,0.0,0.0,0.0,0.0,0.0,0.0,0.0,0.0
TO_haweaflat,145,4,0.0,0.0,87751.63,11177.953,885.5853,0.0,0.0,0.0,0.0
TO_moraine_top,145,4,0.0,451.3504,0.0,0.0,0.0,0.0,0.0,0.0,0.0
TO_river_zone,145,4,0.0,104883.3,0.0,0.0,267.59442,0.0,3.3350215,76.213615,3697.1677
TO_main_terrace,145,4,0.0,20985.371,0.0,31072.521,0.0,1680.831,1775.1392,437.11353,0.0
TO_sandy_point,145,4,0.0,0.0,0.0,0.0,6506.9243,0.0,12.865134,0.0,0.0
TO_clutha,145,4,0.0,0.0,0.0,42.2994,67762.88,44.891132,0.0,7553.47,0.0
TO_sub_terrace,145,4,0.0,0.0,0.0,65.14436,6243.523,0.0,938.1962,0.0,0.0
TO_mangawera,145,4,0.0,0.0,0.0,0.0,0.0,0.0,0.0,0.0,0.0
TOTAL_OUT,145,4,0.0,131938.89,89819.61,150409.8,83818.414,8450.663,77668.805,8507.91,3987.7957
IN-OUT,145,4,0.0,173266.2,26465.547,808882600.0,119942024.0,2831847000.0,9008849000.0,0.001953125,0.00048828125
PERCENT_DISCREPANCY,145,4,,79.27191,25.681644,199.92564,199.72087,199.99881,199.99654,2.2956576e-05,1.2244389e-05
FROM_STORAGE,146,4,0.0,10556.599,0.0,2584.1047,1034.5331,0.0010463848,9.05694,6.3521457,0.6210333
FROM_CONSTANT_HEAD,146,4,0.0,0.0,0.0,0.0,0.0,0.0,0.0,0.0,0.0
FROM_WELLS,146,4,0.0,4777.7715,18.260052,1438.9762,8504.589,0.0,0.0,77.06712,1081.1698
FROM_HEAD_DEP_BOUNDS,146,4,0.0,0.0,89374.88,0.0,0.0,0.0,0.0,0.0,0.0
FROM_RECHARGE,146,4,0.0,11435.957,1631.3204,4484.366,15251.537,1894.4105,2240.9023,1178.2632,2905.9722
FROM_STREAM_LEAKAGE,146,4,0.0,3500.0,1100.0,32595.572,3119.7043,36.521347,16.351604,0.0,0.0
FROM_STREAM_FLOW_OUT,146,4,0.0,173263.03,26465.953,808815000.0,119940920.0,2831847000.0,9008847000.0,0.0,0.0
FROM_ZONE_0,146,4,0.0,0.0,0.0,0.0,0.0,0.0,0.0,0.0,0.0
FROM_haweaflat,146,4,0.0,0.0,448.5495,104762.15,20907.93,0.0,0.0,0.0,0.0
FROM_moraine_top,146,4,0.0,89993.414,0.0,0.0,0.0,0.0,0.0,0.0,0.0
FROM_river_zone,146,4,0.0,11210.036,0.0,0.0,31080.365,0.0,42.299477,65.15788,0.0
FROM_main_terrace,146,4,0.0,884.8037,0.0,267.0509,0.0,6506.9253,67753.16,6241.93,0.0
FROM_sandy_point,146,4,0.0,0.0,0.0,0.0,1680.831,0.0,44.891144,0.0,0.0
FROM_clutha,146,4,0.0,0.0,0.0,3.3350296,1774.1221,12.865133,0.0,937.99023,0.0
FROM_sub_terrace,146,4,0.0,0.0,0.0,76.17811,437.3433,0.0,7552.196,0.0,0.0
FROM_mangawera,146,4,0.0,0.0,0.0,3697.1365,0.0,0.0,0.0,0.0,0.0
TOTAL_IN,146,4,0.0,305621.62,119038.96,808964860.0,120024710.0,2831855400.0,9008924000.0,8506.761,3987.7632
TO_STORAGE,146,4,0.0,731.958,2249.896,7.2112494,56.84076,0.001112112,0.93733644,0.29588014,0.020030556
TO_CONSTANT_HEAD,146,4,0.0,0.0,0.0,0.0,0.0,0.0,0.0,0.0,0.0
TO_WELLS,146,4,0.0,5505.3066,0.0,0.0,445.89493,28.567646,0.0,440.7458,290.60635
TO_HEAD_DEP_BOUNDS,146,4,0.0,0.0,330.78174,0.0,0.0,0.0,0.0,0.0,0.0
TO_RECHARGE,146,4,0.0,0.0,0.0,0.0,0.0,0.0,0.0,0.0,0.0
TO_STREAM_LEAKAGE,146,4,0.0,0.0,0.0,107502.87,1634.1311,6696.3716,74929.64,0.0,0.0
TO_STREAM_FLOW_OUT,146,4,0.0,0.0,0.0,0.0,0.0,0.0,0.0,0.0,0.0
TO_ZONE_0,146,4,0.0,0.0,0.0,0.0,0.0,0.0,0.0,0.0,0.0
TO_haweaflat,146,4,0.0,0.0,89993.414,11210.036,884.8037,0.0,0.0,0.0,0.0
TO_moraine_top,146,4,0.0,448.5495,0.0,0.0,0.0,0.0,0.0,0.0,0.0
TO_river_zone,146,4,0.0,104762.15,0.0,0.0,267.0509,0.0,3.3350296,76.17811,3697.1365
TO_main_terrace,146,4,0.0,20907.93,0.0,31080.365,0.0,1680.831,1774.1221,437.3433,0.0
TO_sandy_point,146,4,0.0,0.0,0.0,0.0,6506.9253,0.0,12.865133,0.0,0.0
TO_clutha,146,4,0.0,0.0,0.0,42.299477,67753.16,44.891144,0.0,7552.196,0.0
TO_sub_terrace,146,4,0.0,0.0,0.0,65.15788,6241.93,0.0,937.99023,0.0,0.0
TO_mangawera,146,4,0.0,0.0,0.0,0.0,0.0,0.0,0.0,0.0,0.0
TOTAL_OUT,146,4,0.0,132355.89,92574.09,149907.94,83790.734,8450.663,77658.9,8506.759,3987.763
IN-OUT,146,4,0.0,173265.73,26464.867,808815000.0,119940920.0,2831847000.0,9008846000.0,0.001953125,0.00024414062
PERCENT_DISCREPANCY,146,4,,79.12084,25.012508,199.9259,199.72093,199.99881,199.99655,2.2959683e-05,6.122245e-06
FROM_STORAGE,147,4,0.0,9160.878,0.0016997635,2197.8281,1070.0094,0.0010073924,10.099461,6.9279404,0.5840918
FROM_CONSTANT_HEAD,147,4,0.0,0.0,0.0,0.0,0.0,0.0,0.0,0.0,0.0
FROM_WELLS,147,4,0.0,4777.7715,18.260052,1438.9762,8504.589,0.0,0.0,77.06712,1081.1698
FROM_HEAD_DEP_BOUNDS,147,4,0.0,0.0,92644.43,0.0,0.0,0.0,0.0,0.0,0.0
FROM_RECHARGE,147,4,0.0,11435.957,1631.3204,4484.366,15251.537,1894.4105,2240.9023,1178.2632,2905.9722
FROM_STREAM_LEAKAGE,147,4,0.0,3500.0,1100.0,32606.73,3119.7043,36.521347,16.351604,0.0,0.0
FROM_STREAM_FLOW_OUT,147,4,0.0,173263.03,26465.953,808773400.0,119940200.0,2831846000.0,9008843000.0,0.0,0.0
FROM_ZONE_0,147,4,0.0,0.0,0.0,0.0,0.0,0.0,0.0,0.0,0.0
FROM_haweaflat,147,4,0.0,0.0,445.82147,104888.5,20839.54,0.0,0.0,0.0,0.0
FROM_moraine_top,147,4,0.0,92751.26,0.0,0.0,0.0,0.0,0.0,0.0,0.0
FROM_river_zone,147,4,0.0,11247.648,0.0,0.0,31088.684,0.0,42.29952,65.17133,0.0
FROM_main_terrace,147,4,0.0,883.9983,0.0,266.49426,0.0,6506.9253,67742.77,6240.3213,0.0
FROM_sandy_point,147,4,0.0,0.0,0.0,0.0,1680.831,0.0,44.89116,0.0,0.0
FROM_clutha,147,4,0.0,0.0,0.0,3.3350368,1773.1063,12.865133,0.0,937.7751,0.0
FROM_sub_terrace,147,4,0.0,0.0,0.0,76.13994,437.55936,0.0,7550.84,0.0,0.0
FROM_mangawera,147,4,0.0,0.0,0.0,3697.101,0.0,0.0,0.0,0.0,0.0
TOTAL_IN,147,4,0.0,307020.56,122305.79,808923000.0,120023970.0,2831854300.0,9008920000.0,8505.526,3987.726
TO_STORAGE,147,4,0.0,2076.4226,2759.2046,54.960793,44.79533,0.0011414693,0.70485336,0.2405087,0.018366007
TO_CONSTANT_HEAD,147,4,0.0,0.0,0.0,0.0,0.0,0.0,0.0,0.0,0.0
TO_WELLS,147,4,0.0,5505.3066,0.0,0.0,445.89493,28.567646,0.0,440.7458,290.60635
TO_HEAD_DEP_BOUNDS,147,4,0.0,0.0,330.16504,0.0,0.0,0.0,0.0,0.0,0.0
TO_RECHARGE,147,4,0.0,0.0,0.0,0.0,0.0,0.0,0.0,0.0,0.0
TO_STREAM_LEAKAGE,147,4,0.0,0.0,0.0,107160.46,1634.1311,6696.3716,74920.55,0.0,0.0
TO_STREAM_FLOW_OUT,147,4,0.0,0.0,0.0,0.0,0.0,0.0,0.0,0.0,0.0
TO_ZONE_0,147,4,0.0,0.0,0.0,0.0,0.0,0.0,0.0,0.0,0.0
TO_haweaflat,147,4,0.0,0.0,92751.26,11247.648,883.9983,0.0,0.0,0.0,0.0
TO_moraine_top,147,4,0.0,445.82147,0.0,0.0,0.0,0.0,0.0,0.0,0.0
TO_river_zone,147,4,0.0,104888.5,0.0,0.0,266.49426,0.0,3.3350368,76.13994,3697.101
TO_main_terrace,147,4,0.0,20839.54,0.0,31088.684,0.0,1680.831,1773.1063,437.55936,0.0
TO_sandy_point,147,4,0.0,0.0,0.0,0.0,6506.9253,0.0,12.865133,0.0,0.0
TO_clutha,147,4,0.0,0.0,0.0,42.29952,67742.77,44.89116,0.0,7550.84,0.0
TO_sub_terrace,147,4,0.0,0.0,0.0,65.17133,6240.3213,0.0,937.7751,0.0,0.0
TO_mangawera,147,4,0.0,0.0,0.0,0.0,0.0,0.0,0.0,0.0,0.0
TOTAL_OUT,147,4,0.0,133755.6,95840.625,149659.22,83765.336,8450.663,77648.336,8505.525,3987.7258
IN-OUT,147,4,0.0,173264.97,26465.164,808773400.0,119940200.0,2831846000.0,9008842000.0,0.0009765625,0.00024414062
PERCENT_DISCREPANCY,147,4,,78.61812,24.263672,199.92603,199.72102,199.99881,199.99655,1.14815075e-05,6.122302e-06
FROM_STORAGE,148,4,0.0,7979.868,0.0,1811.2885,1096.1471,0.0009901527,11.071522,7.437362,0.53980744
FROM_CONSTANT_HEAD,148,4,0.0,0.0,0.0,0.0,0.0,0.0,0.0,0.0,0.0
FROM_WELLS,148,4,0.0,4777.7715,18.260052,1438.9762,8504.589,0.0,0.0,77.06712,1081.1698
FROM_HEAD_DEP_BOUNDS,148,4,0.0,0.0,96524.164,0.0,0.0,0.0,0.0,0.0,0.0
FROM_RECHARGE,148,4,0.0,11435.957,1631.3204,4484.366,15251.537,1894.4105,2240.9023,1178.2632,2905.9722
FROM_STREAM_LEAKAGE,148,4,0.0,3500.0,1100.0,32617.975,3119.7043,36.521347,16.351604,0.0,0.0
FROM_STREAM_FLOW_OUT,148,4,0.0,173263.03,26465.953,808760600.0,119939950.0,2831845400.0,9008842000.0,0.0,0.0
FROM_ZONE_0,148,4,0.0,0.0,0.0,0.0,0.0,0.0,0.0,0.0,0.0
FROM_haweaflat,148,4,0.0,0.0,443.1495,105302.36,20781.2,0.0,0.0,0.0,0.0
FROM_moraine_top,148,4,0.0,96113.44,0.0,0.0,0.0,0.0,0.0,0.0,0.0
FROM_river_zone,148,4,0.0,11291.69,0.0,0.0,31097.39,0.0,42.299507,65.18464,0.0
FROM_main_terrace,148,4,0.0,883.17395,0.0,265.93042,0.0,6506.926,67731.84,6238.715,0.0
FROM_sandy_point,148,4,0.0,0.0,0.0,0.0,1680.831,0.0,44.89117,0.0,0.0
FROM_clutha,148,4,0.0,0.0,0.0,3.3350415,1772.1031,12.865132,0.0,937.55316,0.0
FROM_sub_terrace,148,4,0.0,0.0,0.0,76.099464,437.76035,0.0,7549.4175,0.0,0.0
FROM_mangawera,148,4,0.0,0.0,0.0,3697.0586,0.0,0.0,0.0,0.0,0.0
TOTAL_IN,148,4,0.0,309244.94,126182.84,808910300.0,120023700.0,2831853800.0,9008919000.0,8504.22,3987.6816
TO_STORAGE,148,4,0.0,3948.8477,3274.5105,155.50056,34.395744,0.0011480118,0.5110765,0.19516309,0.016591843
TO_CONSTANT_HEAD,148,4,0.0,0.0,0.0,0.0,0.0,0.0,0.0,0.0,0.0
TO_WELLS,148,4,0.0,5505.3066,0.0,0.0,445.89493,28.567646,0.0,440.7458,290.60635
TO_HEAD_DEP_BOUNDS,148,4,0.0,0.0,330.0952,0.0,0.0,0.0,0.0,0.0,0.0
TO_RECHARGE,148,4,0.0,0.0,0.0,0.0,0.0,0.0,0.0,0.0,0.0
TO_STREAM_LEAKAGE,148,4,0.0,0.0,0.0,107044.84,1634.0979,6696.3716,74910.45,0.0,0.0
TO_STREAM_FLOW_OUT,148,4,0.0,0.0,0.0,0.0,0.0,0.0,0.0,0.0,0.0
TO_ZONE_0,148,4,0.0,0.0,0.0,0.0,0.0,0.0,0.0,0.0,0.0
TO_haweaflat,148,4,0.0,0.0,96113.44,11291.69,883.17395,0.0,0.0,0.0,0.0
TO_moraine_top,148,4,0.0,443.1495,0.0,0.0,0.0,0.0,0.0,0.0,0.0
TO_river_zone,148,4,0.0,105302.36,0.0,0.0,265.93042,0.0,3.3350415,76.099464,3697.0586
TO_main_terrace,148,4,0.0,20781.2,0.0,31097.39,0.0,1680.831,1772.1031,437.76035,0.0
TO_sandy_point,148,4,0.0,0.0,0.0,0.0,6506.926,0.0,12.865132,0.0,0.0
TO_clutha,148,4,0.0,0.0,0.0,42.299507,67731.84,44.89117,0.0,7549.4175,0.0
TO_sub_terrace,148,4,0.0,0.0,0.0,65.18464,6238.715,0.0,937.55316,0.0,0.0
TO_mangawera,148,4,0.0,0.0,0.0,0.0,0.0,0.0,0.0,0.0,0.0
TOTAL_OUT,148,4,0.0,135980.86,99718.05,149696.9,83740.984,8450.663,77636.82,8504.219,3987.6816
IN-OUT,148,4,0.0,173264.08,26464.797,808760600.0,119939950.0,2831845400.0,9008841000.0,0.0009765625,0.0
PERCENT_DISCREPANCY,148,4,,77.832,23.43045,199.926,199.7211,199.9988,199.99655,1.1483271e-05,0.0
FROM_STORAGE,149,4,0.0,6847.017,0.00188536,1409.744,1111.7107,0.0009671011,11.956561,7.8687325,0.48681238
FROM_CONSTANT_HEAD,149,4,0.0,0.0,0.0,0.0,0.0,0.0,0.0,0.0,0.0
FROM_WELLS,149,4,0.0,4777.7715,18.260052,1438.9762,8504.589,0.0,0.0,77.06712,1081.1698
FROM_HEAD_DEP_BOUNDS,149,4,0.0,0.0,101592.5,0.0,0.0,0.0,0.0,0.0,0.0
FROM_RECHARGE,149,4,0.0,11435.957,1631.3204,4484.366,15251.537,1894.4105,2240.9023,1178.2632,2905.9722
FROM_STREAM_LEAKAGE,149,4,0.0,3500.0,1100.0,32628.488,3119.7043,36.521347,16.351604,0.0,0.0
FROM_STREAM_FLOW_OUT,149,4,0.0,173263.03,26465.953,808785540.0,119940296.0,2831844900.0,9008841000.0,0.0,0.0
FROM_ZONE_0,149,4,0.0,0.0,0.0,0.0,0.0,0.0,0.0,0.0,0.0
FROM_haweaflat,149,4,0.0,0.0,440.64624,106202.02,20734.867,0.0,0.0,0.0,0.0
FROM_moraine_top,149,4,0.0,100512.1,0.0,0.0,0.0,0.0,0.0,0.0,0.0
FROM_river_zone,149,4,0.0,11348.101,0.0,0.0,31106.41,0.0,42.299515,65.19766,0.0
FROM_main_terrace,149,4,0.0,882.32587,0.0,265.36584,0.0,6506.9263,67720.5,6237.1274,0.0
FROM_sandy_point,149,4,0.0,0.0,0.0,0.0,1680.831,0.0,44.891182,0.0,0.0
FROM_clutha,149,4,0.0,0.0,0.0,3.3350444,1771.1232,12.865132,0.0,937.327,0.0
FROM_sub_terrace,149,4,0.0,0.0,0.0,76.05713,437.9434,0.0,7547.9463,0.0,0.0
FROM_mangawera,149,4,0.0,0.0,0.0,3697.007,0.0,0.0,0.0,0.0,0.0
TOTAL_IN,149,4,0.0,312566.28,131248.69,808935700.0,120024010.0,2831853300.0,9008918000.0,8502.851,3987.629
TO_STORAGE,149,4,0.0,6420.5005,3942.151,412.0133,26.223557,0.0011554215,0.35183185,0.15679727,0.014778598
TO_CONSTANT_HEAD,149,4,0.0,0.0,0.0,0.0,0.0,0.0,0.0,0.0,0.0
TO_WELLS,149,4,0.0,5505.3066,0.0,0.0,445.89493,28.567646,0.0,440.7458,290.60635
TO_HEAD_DEP_BOUNDS,149,4,0.0,0.0,329.583,0.0,0.0,0.0,0.0,0.0,0.0
TO_RECHARGE,149,4,0.0,0.0,0.0,0.0,0.0,0.0,0.0,0.0,0.0
TO_STREAM_LEAKAGE,149,4,0.0,0.0,0.0,107231.266,1634.0979,6696.3716,74899.83,0.0,0.0
TO_STREAM_FLOW_OUT,149,4,0.0,0.0,0.0,0.0,0.0,0.0,0.0,0.0,0.0
TO_ZONE_0,149,4,0.0,0.0,0.0,0.0,0.0,0.0,0.0,0.0,0.0
TO_haweaflat,149,4,0.0,0.0,100512.1,11348.101,882.32587,0.0,0.0,0.0,0.0
TO_moraine_top,149,4,0.0,440.64624,0.0,0.0,0.0,0.0,0.0,0.0,0.0
TO_river_zone,149,4,0.0,106202.02,0.0,0.0,265.36584,0.0,3.3350444,76.05713,3697.007
TO_main_terrace,149,4,0.0,20734.867,0.0,31106.41,0.0,1680.831,1771.1232,437.9434,0.0
TO_sandy_point,149,4,0.0,0.0,0.0,0.0,6506.9263,0.0,12.865132,0.0,0.0
TO_clutha,149,4,0.0,0.0,0.0,42.299515,67720.5,44.891182,0.0,7547.9463,0.0
TO_sub_terrace,149,4,0.0,0.0,0.0,65.19766,6237.1274,0.0,937.327,0.0,0.0
TO_mangawera,149,4,0.0,0.0,0.0,0.0,0.0,0.0,0.0,0.0,0.0
TOTAL_OUT,149,4,0.0,139303.34,104783.836,150205.3,83718.46,8450.663,77624.836,8502.85,3987.6282
IN-OUT,149,4,0.0,173262.94,26464.852,808785500.0,119940290.0,2831844900.0,9008840000.0,0.0009765625,0.0007324219
PERCENT_DISCREPANCY,149,4,,76.68713,22.42475,199.92575,199.72119,199.99881,199.99654,1.148512e-05,1.8367355e-05
FROM_STORAGE,150,4,0.0,5760.755,0.004140665,1055.3958,1114.8187,0.0009576328,12.744413,8.220426,0.42120278
FROM_CONSTANT_HEAD,150,4,0.0,0.0,0.0,0.0,0.0,0.0,0.0,0.0,0.0
FROM_WELLS,150,4,0.0,4777.7715,18.260052,1438.9762,8504.589,0.0,0.0,77.06712,1081.1698
FROM_HEAD_DEP_BOUNDS,150,4,0.0,0.0,107278.11,0.0,0.0,0.0,0.0,0.0,0.0
FROM_RECHARGE,150,4,0.0,11435.957,1631.3204,4484.366,15251.537,1894.4105,2240.9023,1178.2632,2905.9722
FROM_STREAM_LEAKAGE,150,4,0.0,3500.0,1100.0,32638.148,3119.7043,36.521347,16.351604,0.0,0.0
FROM_STREAM_FLOW_OUT,150,4,0.0,173263.03,26465.953,808854800.0,119941350.0,2831844400.0,9008843000.0,0.0,0.0
FROM_ZONE_0,150,4,0.0,0.0,0.0,0.0,0.0,0.0,0.0,0.0,0.0
FROM_haweaflat,150,4,0.0,0.0,438.05933,107508.46,20702.645,0.0,0.0,0.0,0.0
FROM_moraine_top,150,4,0.0,105567.5,0.0,0.0,0.0,0.0,0.0,0.0,0.0
FROM_river_zone,150,4,0.0,11417.906,0.0,0.0,31115.656,0.0,42.299507,65.210175,0.0
FROM_main_terrace,150,4,0.0,881.4595,0.0,264.80774,0.0,6506.927,67708.87,6235.578,0.0
FROM_sandy_point,150,4,0.0,0.0,0.0,0.0,1680.831,0.0,44.891193,0.0,0.0
FROM_clutha,150,4,0.0,0.0,0.0,3.3350468,1770.1774,12.865131,0.0,937.09937,0.0
FROM_sub_terrace,150,4,0.0,0.0,0.0,76.01353,438.1069,0.0,7546.4424,0.0,0.0
FROM_mangawera,150,4,0.0,0.0,0.0,3696.9436,0.0,0.0,0.0,0.0,0.0
TOTAL_IN,150,4,0.0,316604.38,136931.72,809005950.0,120025050.0,2831852800.0,9008920000.0,8501.438,3987.563
TO_STORAGE,150,4,0.0,9187.735,4570.0845,755.0004,20.175539,0.0011518425,0.22878182,0.12748703,0.01288433
TO_CONSTANT_HEAD,150,4,0.0,0.0,0.0,0.0,0.0,0.0,0.0,0.0,0.0
TO_WELLS,150,4,0.0,5505.3066,0.0,0.0,445.89493,28.567646,0.0,440.7458,290.60635
TO_HEAD_DEP_BOUNDS,150,4,0.0,0.0,329.60986,0.0,0.0,0.0,0.0,0.0,0.0
TO_RECHARGE,150,4,0.0,0.0,0.0,0.0,0.0,0.0,0.0,0.0,0.0
TO_STREAM_LEAKAGE,150,4,0.0,0.0,0.0,107770.625,1634.0979,6696.3716,74888.77,0.0,0.0
TO_STREAM_FLOW_OUT,150,4,0.0,0.0,0.0,0.0,0.0,0.0,0.0,0.0,0.0
TO_ZONE_0,150,4,0.0,0.0,0.0,0.0,0.0,0.0,0.0,0.0,0.0
TO_haweaflat,150,4,0.0,0.0,105567.5,11417.906,881.4595,0.0,0.0,0.0,0.0
TO_moraine_top,150,4,0.0,438.05933,0.0,0.0,0.0,0.0,0.0,0.0,0.0
TO_river_zone,150,4,0.0,107508.46,0.0,0.0,264.80774,0.0,3.3350468,76.01353,3696.9436
TO_main_terrace,150,4,0.0,20702.645,0.0,31115.656,0.0,1680.831,1770.1774,438.1069,0.0
TO_sandy_point,150,4,0.0,0.0,0.0,0.0,6506.927,0.0,12.865131,0.0,0.0
TO_clutha,150,4,0.0,0.0,0.0,42.299507,67708.87,44.891193,0.0,7546.4424,0.0
TO_sub_terrace,150,4,0.0,0.0,0.0,65.210175,6235.578,0.0,937.09937,0.0,0.0
TO_mangawera,150,4,0.0,0.0,0.0,0.0,0.0,0.0,0.0,0.0,0.0
TOTAL_OUT,150,4,0.0,143342.2,110467.195,151166.69,83697.805,8450.663,77612.484,8501.436,3987.5627
IN-OUT,150,4,0.0,173262.17,26464.523,808854800.0,119941350.0,2831844400.0,9008842000.0,0.0029296875,0.00024414062
PERCENT_DISCREPANCY,150,4,,75.34013,21.39421,199.92528,199.72127,199.99881,199.99655,3.4461085e-05,6.1225523e-06
FROM_STORAGE,151,4,0.0,4766.492,0.00070733833,776.4282,1104.6921,0.000980748,13.4142685,8.476666,0.35098758
FROM_CONSTANT_HEAD,151,4,0.0,0.0,0.0,0.0,0.0,0.0,0.0,0.0,0.0
FROM_WELLS,151,4,0.0,4777.7715,18.260052,1438.9762,8504.589,0.0,0.0,77.06712,1081.1698
FROM_HEAD_DEP_BOUNDS,151,4,0.0,0.0,113707.016,0.0,0.0,0.0,0.0,0.0,0.0
FROM_RECHARGE,151,4,0.0,11435.957,1631.3204,4484.366,15251.537,1894.4105,2240.9023,1178.2632,2905.9722
FROM_STREAM_LEAKAGE,151,4,0.0,3500.0,1100.0,32647.121,3119.7043,36.521347,16.351604,0.0,0.0
FROM_STREAM_FLOW_OUT,151,4,0.0,173263.03,26465.953,808966460.0,119943090.0,2831843800.0,9008846000.0,0.0,0.0
FROM_ZONE_0,151,4,0.0,0.0,0.0,0.0,0.0,0.0,0.0,0.0,0.0
FROM_haweaflat,151,4,0.0,0.0,435.17615,109178.07,20685.328,0.0,0.0,0.0,0.0
FROM_moraine_top,151,4,0.0,111167.57,0.0,0.0,0.0,0.0,0.0,0.0,0.0
FROM_river_zone,151,4,0.0,11497.498,0.0,0.0,31125.016,0.0,42.299446,65.22209,0.0
FROM_main_terrace,151,4,0.0,880.5923,0.0,264.26364,0.0,6506.9272,67697.09,6234.0903,0.0
FROM_sandy_point,151,4,0.0,0.0,0.0,0.0,1680.831,0.0,44.89121,0.0,0.0
FROM_clutha,151,4,0.0,0.0,0.0,3.3350484,1769.2775,12.86513,0.0,936.87286,0.0
FROM_sub_terrace,151,4,0.0,0.0,0.0,75.969086,438.2473,0.0,7544.9253,0.0,0.0
FROM_mangawera,151,4,0.0,0.0,0.0,3696.8691,0.0,0.0,0.0,0.0,0.0
TOTAL_IN,151,4,0.0,321288.9,143357.72,809119040.0,120026776.0,2831852300.0,9008923000.0,8499.992,3987.493
TO_STORAGE,151,4,0.0,12223.837,5396.2896,1190.9961,16.012981,0.0011070276,0.13693275,0.10213512,0.01711308
TO_CONSTANT_HEAD,151,4,0.0,0.0,0.0,0.0,0.0,0.0,0.0,0.0,0.0
TO_WELLS,151,4,0.0,5505.3066,0.0,0.0,445.89493,28.567646,0.0,440.7458,290.60635
TO_HEAD_DEP_BOUNDS,151,4,0.0,0.0,329.521,0.0,0.0,0.0,0.0,0.0,0.0
TO_RECHARGE,151,4,0.0,0.0,0.0,0.0,0.0,0.0,0.0,0.0,0.0
TO_STREAM_LEAKAGE,151,4,0.0,0.0,0.0,108644.586,1634.0979,6696.3716,74877.555,0.0,0.0
TO_STREAM_FLOW_OUT,151,4,0.0,0.0,0.0,0.0,0.0,0.0,0.0,0.0,0.0
TO_ZONE_0,151,4,0.0,0.0,0.0,0.0,0.0,0.0,0.0,0.0,0.0
TO_haweaflat,151,4,0.0,0.0,111167.57,11497.498,880.5923,0.0,0.0,0.0,0.0
TO_moraine_top,151,4,0.0,435.17615,0.0,0.0,0.0,0.0,0.0,0.0,0.0
TO_river_zone,151,4,0.0,109178.07,0.0,0.0,264.26364,0.0,3.3350484,75.969086,3696.8691
TO_main_terrace,151,4,0.0,20685.328,0.0,31125.016,0.0,1680.831,1769.2775,438.2473,0.0
TO_sandy_point,151,4,0.0,0.0,0.0,0.0,6506.9272,0.0,12.86513,0.0,0.0
TO_clutha,151,4,0.0,0.0,0.0,42.299446,67697.09,44.89121,0.0,7544.9253,0.0
TO_sub_terrace,151,4,0.0,0.0,0.0,65.22209,6234.0903,0.0,936.87286,0.0,0.0
TO_mangawera,151,4,0.0,0.0,0.0,0.0,0.0,0.0,0.0,0.0,0.0
TOTAL_OUT,151,4,0.0,148027.72,116893.38,152565.61,83678.98,8450.663,77600.055,8499.989,3987.4927
IN-OUT,151,4,0.0,173261.19,26464.336,808966460.0,119943096.0,2831843800.0,9008845000.0,0.0029296875,0.00024414062
PERCENT_DISCREPANCY,151,4,,73.83552,20.33754,199.92459,199.72133,199.99881,199.99654,3.446695e-05,6.12266e-06
FROM_STORAGE,152,4,0.0,3893.5696,0.0,555.5081,1079.9082,0.0009865012,13.950553,8.632323,0.3075021
FROM_CONSTANT_HEAD,152,4,0.0,0.0,0.0,0.0,0.0,0.0,0.0,0.0,0.0
FROM_WELLS,152,4,0.0,4777.7715,18.260052,1438.9762,8504.589,0.0,0.0,77.06712,1081.1698
FROM_HEAD_DEP_BOUNDS,152,4,0.0,0.0,121571.055,0.0,0.0,0.0,0.0,0.0,0.0
FROM_RECHARGE,152,4,0.0,11435.957,1631.3204,4484.366,15251.537,1894.4105,2240.9023,1178.2632,2905.9722
FROM_STREAM_LEAKAGE,152,4,0.0,3500.0,1100.0,32654.898,3119.7043,36.521347,16.351604,0.0,0.0
FROM_STREAM_FLOW_OUT,152,4,0.0,173263.03,26465.953,809124100.0,119945540.0,2831843300.0,9008850000.0,0.0,0.0
FROM_ZONE_0,152,4,0.0,0.0,0.0,0.0,0.0,0.0,0.0,0.0,0.0
FROM_haweaflat,152,4,0.0,0.0,431.34134,111325.93,20684.262,0.0,0.0,0.0,0.0
FROM_moraine_top,152,4,0.0,118071.63,0.0,0.0,0.0,0.0,0.0,0.0,0.0
FROM_river_zone,152,4,0.0,11588.644,0.0,0.0,31134.375,0.0,42.299274,65.23319,0.0
FROM_main_terrace,152,4,0.0,879.73004,0.0,263.74164,0.0,6506.9272,67685.31,6232.684,0.0
FROM_sandy_point,152,4,0.0,0.0,0.0,0.0,1680.831,0.0,44.891224,0.0,0.0
FROM_clutha,152,4,0.0,0.0,0.0,3.3350492,1768.4357,12.86513,0.0,936.6507,0.0
FROM_sub_terrace,152,4,0.0,0.0,0.0,75.92453,438.36215,0.0,7543.414,0.0,0.0
FROM_mangawera,152,4,0.0,0.0,0.0,3696.7856,0.0,0.0,0.0,0.0,0.0
TOTAL_IN,152,4,0.0,327410.34,151217.94,809278500.0,120029200.0,2831851800.0,9008927000.0,8498.53,3987.4495
TO_STORAGE,152,4,0.0,16203.8125,6352.698,1785.243,13.362087,0.0010912376,0.07529076,0.08291346,0.05756768
TO_CONSTANT_HEAD,152,4,0.0,0.0,0.0,0.0,0.0,0.0,0.0,0.0,0.0
TO_WELLS,152,4,0.0,5505.3066,0.0,0.0,445.89493,28.567646,0.0,440.7458,290.60635
TO_HEAD_DEP_BOUNDS,152,4,0.0,0.0,329.54297,0.0,0.0,0.0,0.0,0.0,0.0
TO_RECHARGE,152,4,0.0,0.0,0.0,0.0,0.0,0.0,0.0,0.0,0.0
TO_STREAM_LEAKAGE,152,4,0.0,0.0,0.0,109884.32,1634.0979,6696.3716,74865.85,0.0,0.0
TO_STREAM_FLOW_OUT,152,4,0.0,0.0,0.0,0.0,0.0,0.0,0.0,0.0,0.0
TO_ZONE_0,152,4,0.0,0.0,0.0,0.0,0.0,0.0,0.0,0.0,0.0
TO_haweaflat,152,4,0.0,0.0,118071.63,11588.644,879.73004,0.0,0.0,0.0,0.0
TO_moraine_top,152,4,0.0,431.34134,0.0,0.0,0.0,0.0,0.0,0.0,0.0
TO_river_zone,152,4,0.0,111325.93,0.0,0.0,263.74164,0.0,3.3350492,75.92453,3696.7856
TO_main_terrace,152,4,0.0,20684.262,0.0,31134.375,0.0,1680.831,1768.4357,438.36215,0.0
TO_sandy_point,152,4,0.0,0.0,0.0,0.0,6506.9272,0.0,12.86513,0.0,0.0
TO_clutha,152,4,0.0,0.0,0.0,42.299274,67685.31,44.891224,0.0,7543.414,0.0
TO_sub_terrace,152,4,0.0,0.0,0.0,65.23319,6232.684,0.0,936.6507,0.0,0.0
TO_mangawera,152,4,0.0,0.0,0.0,0.0,0.0,0.0,0.0,0.0,0.0
TOTAL_OUT,152,4,0.0,154150.66,124753.875,154500.11,83661.75,8450.663,77587.22,8498.529,3987.4495
IN-OUT,152,4,0.0,173259.69,26464.062,809124030.0,119945540.0,2831843300.0,9008849000.0,0.0009765625,0.0
PERCENT_DISCREPANCY,152,4,,71.95752,19.178816,199.92365,199.72137,199.99881,199.99654,1.1490959e-05,0.0
FROM_STORAGE,153,4,0.0,3134.5034,0.0,376.16226,1037.1538,0.0010012517,14.339314,8.674339,0.27697983
FROM_CONSTANT_HEAD,153,4,0.0,0.0,0.0,0.0,0.0,0.0,0.0,0.0,0.0
FROM_WELLS,153,4,0.0,4777.7715,18.260052,1438.9762,8504.589,0.0,0.0,77.06712,1081.1698
FROM_HEAD_DEP_BOUNDS,153,4,0.0,0.0,133468.66,0.0,0.0,0.0,0.0,0.0,0.0
FROM_RECHARGE,153,4,0.0,11435.957,1631.3204,4484.366,15251.537,1894.4105,2240.9023,1178.2632,2905.9722
FROM_STREAM_LEAKAGE,153,4,0.0,3500.0,1100.0,32661.328,3119.7043,36.521347,16.351604,0.0,0.0
FROM_STREAM_FLOW_OUT,153,4,0.0,173263.03,26465.953,809338400.0,119948880.0,2831842300.0,9008856000.0,0.0,0.0
FROM_ZONE_0,153,4,0.0,0.0,0.0,0.0,0.0,0.0,0.0,0.0,0.0
FROM_haweaflat,153,4,0.0,0.0,422.85403,114113.65,20702.215,0.0,0.0,0.0,0.0
FROM_moraine_top,153,4,0.0,127123.234,0.0,0.0,0.0,0.0,0.0,0.0,0.0
FROM_river_zone,153,4,0.0,11696.691,0.0,0.0,31143.637,0.0,42.29908,65.24334,0.0
FROM_main_terrace,153,4,0.0,878.86755,0.0,263.25027,0.0,6506.928,67673.71,6231.387,0.0
FROM_sandy_point,153,4,0.0,0.0,0.0,0.0,1680.831,0.0,44.891235,0.0,0.0
FROM_clutha,153,4,0.0,0.0,0.0,3.3350492,1767.6644,12.865129,0.0,936.43634,0.0
FROM_sub_terrace,153,4,0.0,0.0,0.0,75.88038,438.44827,0.0,7541.9287,0.0,0.0
FROM_mangawera,153,4,0.0,0.0,0.0,3696.6907,0.0,0.0,0.0,0.0,0.0
TOTAL_IN,153,4,0.0,335810.06,163107.06,809495500.0,120032530.0,2831850800.0,9008933000.0,8497.071,3987.419
TO_STORAGE,153,4,0.0,21807.688,9191.356,2593.3203,11.403469,0.0010684364,0.04518913,0.065432906,0.12154975
TO_CONSTANT_HEAD,153,4,0.0,0.0,0.0,0.0,0.0,0.0,0.0,0.0,0.0
TO_WELLS,153,4,0.0,5505.3066,0.0,0.0,445.89493,28.567646,0.0,440.7458,290.60635
TO_HEAD_DEP_BOUNDS,153,4,0.0,0.0,329.67432,0.0,0.0,0.0,0.0,0.0,0.0
TO_RECHARGE,153,4,0.0,0.0,0.0,0.0,0.0,0.0,0.0,0.0,0.0
TO_STREAM_LEAKAGE,153,4,0.0,0.0,0.0,111573.56,1634.0647,6696.3716,74854.16,0.0,0.0
TO_STREAM_FLOW_OUT,153,4,0.0,0.0,0.0,0.0,0.0,0.0,0.0,0.0,0.0
TO_ZONE_0,153,4,0.0,0.0,0.0,0.0,0.0,0.0,0.0,0.0,0.0
TO_haweaflat,153,4,0.0,0.0,127123.234,11696.691,878.86755,0.0,0.0,0.0,0.0
TO_moraine_top,153,4,0.0,422.85403,0.0,0.0,0.0,0.0,0.0,0.0,0.0
TO_river_zone,153,4,0.0,114113.65,0.0,0.0,263.25027,0.0,3.3350492,75.88038,3696.6907
TO_main_terrace,153,4,0.0,20702.215,0.0,31143.637,0.0,1680.831,1767.6644,438.44827,0.0
TO_sandy_point,153,4,0.0,0.0,0.0,0.0,6506.928,0.0,12.865129,0.0,0.0
TO_clutha,153,4,0.0,0.0,0.0,42.29908,67673.71,44.891235,0.0,7541.9287,0.0
TO_sub_terrace,153,4,0.0,0.0,0.0,65.24334,6231.387,0.0,936.43634,0.0,0.0
TO_mangawera,153,4,0.0,0.0,0.0,0.0,0.0,0.0,0.0,0.0,0.0
TOTAL_OUT,153,4,0.0,162551.72,136644.27,157114.77,83645.51,8450.663,77574.51,8497.068,3987.4185
IN-OUT,153,4,0.0,173258.34,26462.797,809338400.0,119948880.0,2831842300.0,9008855000.0,0.0029296875,0.00048828125
PERCENT_DISCREPANCY,153,4,,69.53115,17.656502,199.92238,199.72145,199.99881,199.99655,3.4478795e-05,1.2245548e-05
FROM_STORAGE,154,4,0.0,2476.8218,0.0,234.33449,976.3478,0.0009753718,14.547904,8.594523,0.25380862
FROM_CONSTANT_HEAD,154,4,0.0,0.0,0.0,0.0,0.0,0.0,0.0,0.0,0.0
FROM_WELLS,154,4,0.0,4777.7715,18.260052,1438.9762,8504.589,0.0,0.0,77.06712,1081.1698
FROM_HEAD_DEP_BOUNDS,154,4,0.0,0.0,137157.66,0.0,0.0,0.0,0.0,0.0,0.0
FROM_RECHARGE,154,4,0.0,11435.957,1631.3204,4484.366,15251.537,1894.4105,2240.9023,1178.2632,2905.9722
FROM_STREAM_LEAKAGE,154,4,0.0,3500.0,1100.0,32666.37,3119.7043,36.521347,16.351604,0.0,0.0
FROM_STREAM_FLOW_OUT,154,4,0.0,173263.03,26465.953,809596540.0,119952950.0,2831842000.0,9008865000.0,0.0,0.0
FROM_ZONE_0,154,4,0.0,0.0,0.0,0.0,0.0,0.0,0.0,0.0,0.0
FROM_haweaflat,154,4,0.0,0.0,425.3559,116863.27,20739.621,0.0,0.0,0.0,0.0
FROM_moraine_top,154,4,0.0,132643.64,0.0,0.0,0.0,0.0,0.0,0.0,0.0
FROM_river_zone,154,4,0.0,11805.758,0.0,0.0,31152.65,0.0,42.298843,65.25232,0.0
FROM_main_terrace,154,4,0.0,878.04395,0.0,262.7993,0.0,6506.9287,67662.46,6230.2236,0.0
FROM_sandy_point,154,4,0.0,0.0,0.0,0.0,1680.831,0.0,44.891254,0.0,0.0
FROM_clutha,154,4,0.0,0.0,0.0,3.3350477,1766.9774,12.8651285,0.0,936.2331,0.0
FROM_sub_terrace,154,4,0.0,0.0,0.0,75.83735,438.50195,0.0,7540.493,0.0,0.0
FROM_mangawera,154,4,0.0,0.0,0.0,3696.5806,0.0,0.0,0.0,0.0,0.0
TOTAL_IN,154,4,0.0,340781.0,166798.56,809756300.0,120036584.0,2831850500.0,9008942000.0,8495.634,3987.3958
TO_STORAGE,154,4,0.0,23989.977,7361.8374,3049.3372,10.089599,0.001086348,0.032383997,0.052819934,0.20891759
TO_CONSTANT_HEAD,154,4,0.0,0.0,0.0,0.0,0.0,0.0,0.0,0.0,0.0
TO_WELLS,154,4,0.0,5505.3066,0.0,0.0,445.89493,28.567646,0.0,440.7458,290.60635
TO_HEAD_DEP_BOUNDS,154,4,0.0,0.0,329.60498,0.0,0.0,0.0,0.0,0.0,0.0
TO_RECHARGE,154,4,0.0,0.0,0.0,0.0,0.0,0.0,0.0,0.0,0.0
TO_STREAM_LEAKAGE,154,4,0.0,0.0,0.0,113611.695,1634.0647,6696.3716,74842.54,0.0,0.0
TO_STREAM_FLOW_OUT,154,4,0.0,0.0,0.0,0.0,0.0,0.0,0.0,0.0,0.0
TO_ZONE_0,154,4,0.0,0.0,0.0,0.0,0.0,0.0,0.0,0.0,0.0
TO_haweaflat,154,4,0.0,0.0,132643.64,11805.758,878.04395,0.0,0.0,0.0,0.0
TO_moraine_top,154,4,0.0,425.3559,0.0,0.0,0.0,0.0,0.0,0.0,0.0
TO_river_zone,154,4,0.0,116863.27,0.0,0.0,262.7993,0.0,3.3350477,75.83735,3696.5806
TO_main_terrace,154,4,0.0,20739.621,0.0,31152.65,0.0,1680.831,1766.9774,438.50195,0.0
TO_sandy_point,154,4,0.0,0.0,0.0,0.0,6506.9287,0.0,12.8651285,0.0,0.0
TO_clutha,154,4,0.0,0.0,0.0,42.298843,67662.46,44.891254,0.0,7540.493,0.0
TO_sub_terrace,154,4,0.0,0.0,0.0,65.25232,6230.2236,0.0,936.2331,0.0,0.0
TO_mangawera,154,4,0.0,0.0,0.0,0.0,0.0,0.0,0.0,0.0,0.0
TOTAL_OUT,154,4,0.0,167523.53,140335.08,159726.98,83630.51,8450.663,77561.984,8495.631,3987.3958
IN-OUT,154,4,0.0,173257.47,26463.484,809596540.0,119952950.0,2831842000.0,9008864000.0,0.0029296875,0.0
PERCENT_DISCREPANCY,154,4,,68.17073,17.232555,199.9211,199.7215,199.99881,199.99655,3.448463e-05,0.0
FROM_STORAGE,155,4,0.0,1925.4968,0.004995467,133.66838,908.81665,0.00097616453,14.55452,8.386293,0.23642732
FROM_CONSTANT_HEAD,155,4,0.0,0.0,0.0,0.0,0.0,0.0,0.0,0.0,0.0
FROM_WELLS,155,4,0.0,4777.7715,18.260052,1438.9762,8504.589,0.0,0.0,77.06712,1081.1698
FROM_HEAD_DEP_BOUNDS,155,4,0.0,0.0,141665.83,0.0,0.0,0.0,0.0,0.0,0.0
FROM_RECHARGE,155,4,0.0,11435.957,1631.3204,4484.366,15251.537,1894.4105,2240.9023,1178.2632,2905.9722
FROM_STREAM_LEAKAGE,155,4,0.0,3500.0,1100.0,32669.941,3119.7043,36.521347,16.351604,0.0,0.0
FROM_STREAM_FLOW_OUT,155,4,0.0,173263.03,26465.953,809860100.0,119957120.0,2831841300.0,9008874000.0,0.0,0.0
FROM_ZONE_0,155,4,0.0,0.0,0.0,0.0,0.0,0.0,0.0,0.0,0.0
FROM_haweaflat,155,4,0.0,0.0,428.3611,119475.41,20791.04,0.0,0.0,0.0,0.0
FROM_moraine_top,155,4,0.0,137484.0,0.0,0.0,0.0,0.0,0.0,0.0,0.0
FROM_river_zone,155,4,0.0,11897.221,0.0,0.0,31161.18,0.0,42.298615,65.259995,0.0
FROM_main_terrace,155,4,0.0,877.31744,0.0,262.396,0.0,6506.9287,67651.734,6229.217,0.0
FROM_sandy_point,155,4,0.0,0.0,0.0,0.0,1680.831,0.0,44.891266,0.0,0.0
FROM_clutha,155,4,0.0,0.0,0.0,3.3350449,1766.3884,12.8651285,0.0,936.0445,0.0
FROM_sub_terrace,155,4,0.0,0.0,0.0,75.79598,438.52164,0.0,7539.1313,0.0,0.0
FROM_mangawera,155,4,0.0,0.0,0.0,3696.4766,0.0,0.0,0.0,0.0,0.0
TOTAL_IN,155,4,0.0,345160.78,171309.73,810022340.0,120040744.0,2831849700.0,9008951000.0,8494.238,3987.3784
TO_STORAGE,155,4,0.0,25703.623,7032.404,3374.093,14.821441,0.0010982996,0.027830038,0.04146377,0.29540464
TO_CONSTANT_HEAD,155,4,0.0,0.0,0.0,0.0,0.0,0.0,0.0,0.0,0.0
TO_WELLS,155,4,0.0,5505.3066,0.0,0.0,445.89493,28.567646,0.0,440.7458,290.60635
TO_HEAD_DEP_BOUNDS,155,4,0.0,0.0,329.48877,0.0,0.0,0.0,0.0,0.0,0.0
TO_RECHARGE,155,4,0.0,0.0,0.0,0.0,0.0,0.0,0.0,0.0,0.0
TO_STREAM_LEAKAGE,155,4,0.0,0.0,0.0,115701.61,1634.0647,6696.3716,74831.25,0.0,0.0
TO_STREAM_FLOW_OUT,155,4,0.0,0.0,0.0,0.0,0.0,0.0,0.0,0.0,0.0
TO_ZONE_0,155,4,0.0,0.0,0.0,0.0,0.0,0.0,0.0,0.0,0.0
TO_haweaflat,155,4,0.0,0.0,137484.0,11897.221,877.31744,0.0,0.0,0.0,0.0
TO_moraine_top,155,4,0.0,428.3611,0.0,0.0,0.0,0.0,0.0,0.0,0.0
TO_river_zone,155,4,0.0,119475.41,0.0,0.0,262.396,0.0,3.3350449,75.79598,3696.4766
TO_main_terrace,155,4,0.0,20791.04,0.0,31161.18,0.0,1680.831,1766.3884,438.52164,0.0
TO_sandy_point,155,4,0.0,0.0,0.0,0.0,6506.9287,0.0,12.8651285,0.0,0.0
TO_clutha,155,4,0.0,0.0,0.0,42.298615,67651.734,44.891266,0.0,7539.1313,0.0
TO_sub_terrace,155,4,0.0,0.0,0.0,65.259995,6229.217,0.0,936.0445,0.0,0.0
TO_mangawera,155,4,0.0,0.0,0.0,0.0,0.0,0.0,0.0,0.0,0.0
TOTAL_OUT,155,4,0.0,171903.75,144845.89,162241.66,83622.375,8450.663,77549.92,8494.236,3987.3784
IN-OUT,155,4,0.0,173257.03,26463.844,809860100.0,119957120.0,2831841300.0,9008873000.0,0.001953125,0.0
PERCENT_DISCREPANCY,155,4,,67.01563,16.741024,199.9199,199.72153,199.99881,199.99655,2.299353e-05,0.0
FROM_STORAGE,156,4,0.0,1464.7305,0.0,65.67881,841.5537,0.0009811374,14.355098,8.056008,0.22361588
FROM_CONSTANT_HEAD,156,4,0.0,0.0,0.0,0.0,0.0,0.0,0.0,0.0,0.0
FROM_WELLS,156,4,0.0,4777.7715,18.260052,1438.9762,8504.589,0.0,0.0,77.06712,1081.1698
FROM_HEAD_DEP_BOUNDS,156,4,0.0,0.0,146425.8,0.0,0.0,0.0,0.0,0.0,0.0
FROM_RECHARGE,156,4,0.0,11435.957,1631.3204,4484.366,15251.537,1894.4105,2240.9023,1178.2632,2905.9722
FROM_STREAM_LEAKAGE,156,4,0.0,3500.0,1100.0,32672.863,3119.7043,36.521347,16.351604,0.0,0.0
FROM_STREAM_FLOW_OUT,156,4,0.0,173263.03,26465.953,810132400.0,119961440.0,2831841000.0,9008884000.0,0.0,0.0
FROM_ZONE_0,156,4,0.0,0.0,0.0,0.0,0.0,0.0,0.0,0.0,0.0
FROM_haweaflat,156,4,0.0,0.0,431.04178,122231.41,20855.395,0.0,0.0,0.0,0.0
FROM_moraine_top,156,4,0.0,142794.05,0.0,0.0,0.0,0.0,0.0,0.0,0.0
FROM_river_zone,156,4,0.0,11980.074,0.0,0.0,31169.086,0.0,42.298325,65.266136,0.0
FROM_main_terrace,156,4,0.0,876.6797,0.0,262.046,0.0,6506.9297,67641.695,6228.382,0.0
FROM_sandy_point,156,4,0.0,0.0,0.0,0.0,1680.8309,0.0,44.89128,0.0,0.0
FROM_clutha,156,4,0.0,0.0,0.0,3.3350418,1765.9084,12.865128,0.0,935.87366,0.0
FROM_sub_terrace,156,4,0.0,0.0,0.0,75.75725,438.5074,0.0,7537.8633,0.0,0.0
FROM_mangawera,156,4,0.0,0.0,0.0,3696.3833,0.0,0.0,0.0,0.0,0.0
TOTAL_IN,156,4,0.0,350092.28,176072.39,810297340.0,120045070.0,2831849500.0,9008961000.0,8492.908,3987.3657
TO_STORAGE,156,4,0.0,27812.92,6484.835,3804.6455,31.207216,0.0010937037,0.02665552,0.032362718,0.37587982
TO_CONSTANT_HEAD,156,4,0.0,0.0,0.0,0.0,0.0,0.0,0.0,0.0,0.0
TO_WELLS,156,4,0.0,5505.3066,0.0,0.0,445.89493,28.567646,0.0,440.7458,290.60635
TO_HEAD_DEP_BOUNDS,156,4,0.0,0.0,329.64844,0.0,0.0,0.0,0.0,0.0,0.0
TO_RECHARGE,156,4,0.0,0.0,0.0,0.0,0.0,0.0,0.0,0.0,0.0
TO_STREAM_LEAKAGE,156,4,0.0,0.0,0.0,117870.51,1634.0647,6696.3716,74820.4,0.0,0.0
TO_STREAM_FLOW_OUT,156,4,0.0,0.0,0.0,0.0,0.0,0.0,0.0,0.0,0.0
TO_ZONE_0,156,4,0.0,0.0,0.0,0.0,0.0,0.0,0.0,0.0,0.0
TO_haweaflat,156,4,0.0,0.0,142794.05,11980.074,876.6797,0.0,0.0,0.0,0.0
TO_moraine_top,156,4,0.0,431.04178,0.0,0.0,0.0,0.0,0.0,0.0,0.0
TO_river_zone,156,4,0.0,122231.41,0.0,0.0,262.046,0.0,3.3350418,75.75725,3696.3833
TO_main_terrace,156,4,0.0,20855.395,0.0,31169.086,0.0,1680.8309,1765.9084,438.5074,0.0
TO_sandy_point,156,4,0.0,0.0,0.0,0.0,6506.9297,0.0,12.865128,0.0,0.0
TO_clutha,156,4,0.0,0.0,0.0,42.298325,67641.695,44.89128,0.0,7537.8633,0.0
TO_sub_terrace,156,4,0.0,0.0,0.0,65.266136,6228.382,0.0,935.87366,0.0,0.0
TO_mangawera,156,4,0.0,0.0,0.0,0.0,0.0,0.0,0.0,0.0,0.0
TOTAL_OUT,156,4,0.0,176836.06,149608.53,164931.88,83626.9,8450.663,77538.41,8492.906,3987.3655
IN-OUT,156,4,0.0,173256.22,26463.86,810132400.0,119961450.0,2831841000.0,9008883000.0,0.001953125,0.00024414062
PERCENT_DISCREPANCY,156,4,,65.760826,16.251402,199.91861,199.72154,199.99881,199.99654,2.299713e-05,6.122855e-06
