{'station_id': '41e2c38fb80919cb469b1c2e', 'ref': 'Lindis at Lindis Peak', 'name': 'Lindis at Lindis Peak', 'geometry': {'type': 'Point', 'coordinates': [169.507823, -44.7453754]}, 'dataset_id': '1aa6306007b308e124d9f0bc', 'dimensions': {'time': 16112, 'geometry': 1, 'height': 1}, 'time_range': {'from_date': '1976-09-23T12:00:00', 'to_date': '2021-06-30T12:00:00'}, 'heights': [0.0], 'modified_date': '2022-05-03T00:04:40'}
time,streamflow,quality_code
1976-09-23 12:00:00,5.258,0.0
1976-09-24 12:00:00,5.6873000000000005,0.0
1976-09-25 12:00:00,6.0796,0.0
1976-09-26 12:00:00,5.2163,0.0
1976-09-28 12:00:00,4.7439,0.0
1976-09-29 12:00:00,4.7066,0.0
1976-09-30 12:00:00,4.6568000000000005,0.0
1976-10-01 12:00:00,4.579000000000001,0.0
1976-10-02 12:00:00,4.5273,0.0
1976-10-03 12:00:00,4.1037,0.0
1976-10-04 12:00:00,3.7564,0.0
1976-10-05 12:00:00,3.5508,0.0
1976-10-07 12:00:00,5.0537,0.0
1976-10-08 12:00:00,6.6574,0.0
1976-10-09 12:00:00,7.6686000000000005,0.0
1976-10-10 12:00:00,7.1787,0.0
1976-10-11 12:00:00,6.6108,0.0
1976-10-12 12:00:00,6.5154000000000005,0.0
1976-10-13 12:00:00,6.5636,0.0
1976-10-14 12:00:00,6.2374,0.0
1976-10-15 12:00:00,5.5795,0.0
1976-10-17 12:00:00,7.618200000000001,0.0
1976-10-18 12:00:00,7.3081000000000005,0.0
1976-10-19 12:00:00,7.1136,0.0
1976-10-20 12:00:00,7.665900000000001,0.0
1976-10-21 12:00:00,6.9298,0.0
1976-10-23 12:00:00,6.593,0.0
1976-10-24 12:00:00,6.7283,0.0
1976-10-25 12:00:00,7.3342,0.0
1976-10-26 12:00:00,6.7953,0.0
1976-10-27 12:00:00,7.012300000000001,0.0
1976-10-28 12:00:00,6.8063,0.0
1976-10-29 12:00:00,6.7504,0.0
1976-10-30 12:00:00,6.4428,0.0
1976-10-31 12:00:00,6.450900000000001,0.0
1976-11-01 12:00:00,5.9442,0.0
1976-11-02 12:00:00,7.176200000000001,0.0
1976-11-03 12:00:00,6.7984,0.0
1976-11-04 12:00:00,7.0934,0.0
1976-11-05 12:00:00,7.549,0.0
1976-11-06 12:00:00,6.608700000000001,0.0
1976-11-07 12:00:00,5.7893,0.0
1976-11-08 12:00:00,5.2526,0.0
1976-11-09 12:00:00,4.9247000000000005,0.0
1976-11-10 12:00:00,4.7632,0.0
1976-11-11 12:00:00,4.4358,0.0
1976-11-12 12:00:00,4.186100000000001,0.0
1976-11-13 12:00:00,4.093,0.0
1976-11-14 12:00:00,4.0434,0.0
1976-11-15 12:00:00,3.9557,0.0
1976-11-16 12:00:00,4.0488,0.0
1976-11-17 12:00:00,4.1144,0.0
1976-11-18 12:00:00,4.2304,0.0
1976-11-19 12:00:00,4.122,0.0
1976-11-20 12:00:00,4.0712,0.0
1976-11-21 12:00:00,4.2696000000000005,0.0
1976-11-22 12:00:00,3.9523,0.0
1976-11-23 12:00:00,3.7678000000000003,0.0
1976-11-24 12:00:00,4.4552000000000005,0.0
1976-11-25 12:00:00,3.7441,0.0
1976-11-26 12:00:00,3.4773,0.0
1976-11-27 12:00:00,3.2920000000000003,0.0
1976-11-28 12:00:00,3.1954000000000002,0.0
1976-11-29 12:00:00,3.2258,0.0
1976-11-30 12:00:00,3.2585,0.0
1976-12-01 12:00:00,3.4155,0.0
1976-12-02 12:00:00,3.9253,0.0
1976-12-03 12:00:00,3.9962,0.0
1976-12-04 12:00:00,11.8324,0.0
1976-12-05 12:00:00,8.1911,0.0
1976-12-06 12:00:00,5.5281,0.0
1976-12-07 12:00:00,5.0609,0.0
1976-12-08 12:00:00,6.7281,0.0
1976-12-13 12:00:00,13.696900000000001,0.0
1976-12-14 12:00:00,13.077300000000001,0.0
1976-12-16 12:00:00,9.902000000000001,0.0
1976-12-17 12:00:00,8.8155,0.0
1976-12-18 12:00:00,8.0251,0.0
1976-12-19 12:00:00,8.616,0.0
1976-12-20 12:00:00,7.3467,0.0
1976-12-21 12:00:00,17.5502,0.0
1976-12-22 12:00:00,19.506800000000002,0.0
1976-12-23 12:00:00,15.376900000000001,0.0
1976-12-24 12:00:00,13.3109,0.0
1976-12-25 12:00:00,11.4045,0.0
1976-12-26 12:00:00,9.597000000000001,0.0
1976-12-27 12:00:00,8.741900000000001,0.0
1976-12-28 12:00:00,8.0467,0.0
1976-12-29 12:00:00,8.8376,0.0
1976-12-30 12:00:00,7.7325,0.0
1976-12-31 12:00:00,7.958,0.0
1977-01-01 12:00:00,6.857200000000001,0.0
1977-01-02 12:00:00,7.3207,0.0
1977-01-03 12:00:00,9.6056,0.0
1977-01-04 12:00:00,15.9861,0.0
1977-01-05 12:00:00,16.4635,0.0
1977-01-06 12:00:00,14.2032,0.0
1977-01-07 12:00:00,12.3244,0.0
1977-01-08 12:00:00,11.5608,0.0
1977-01-09 12:00:00,10.7432,0.0
1977-01-10 12:00:00,8.996,0.0
1977-01-11 12:00:00,7.8974,0.0
1977-01-12 12:00:00,7.033600000000001,0.0
1977-01-13 12:00:00,6.5159,0.0
1977-01-14 12:00:00,6.1582,0.0
1977-01-15 12:00:00,5.9874,0.0
1977-01-16 12:00:00,5.6702,0.0
1977-01-17 12:00:00,6.4748,0.0
1977-01-18 12:00:00,7.8988000000000005,0.0
1977-01-19 12:00:00,6.112900000000001,0.0
1977-01-20 12:00:00,5.556900000000001,0.0
1977-01-21 12:00:00,5.0267,0.0
1977-01-22 12:00:00,4.7079,0.0
1977-01-23 12:00:00,4.4336,0.0
1977-01-24 12:00:00,4.3136,0.0
1977-01-25 12:00:00,3.9374000000000002,0.0
1977-01-26 12:00:00,4.008900000000001,0.0
1977-01-27 12:00:00,3.8384,0.0
1977-01-28 12:00:00,3.7461,0.0
1977-01-29 12:00:00,3.6431,0.0
1977-01-30 12:00:00,4.5084,0.0
1977-01-31 12:00:00,3.6596,0.0
1977-02-01 12:00:00,3.5917000000000003,0.0
1977-02-02 12:00:00,3.6955,0.0
1977-02-03 12:00:00,3.5157000000000003,0.0
1977-02-04 12:00:00,3.3591,0.0
1977-02-05 12:00:00,3.2198,0.0
1977-02-06 12:00:00,3.1628000000000003,0.0
1977-02-07 12:00:00,3.1140000000000003,0.0
1977-02-08 12:00:00,2.8761,0.0
1977-02-09 12:00:00,2.9371,0.0
1977-02-10 12:00:00,3.5967000000000002,0.0
1977-02-11 12:00:00,3.0473000000000003,0.0
1977-02-12 12:00:00,2.7824,0.0
1977-02-13 12:00:00,2.5413,0.0
1977-02-14 12:00:00,2.3325,0.0
1977-02-15 12:00:00,2.2197,0.0
1977-02-16 12:00:00,2.2324,0.0
1977-02-17 12:00:00,2.1911,0.0
1977-02-18 12:00:00,2.1910000000000003,0.0
1977-02-19 12:00:00,2.2495000000000003,0.0
1977-02-20 12:00:00,3.2001,0.0
1977-02-21 12:00:00,3.8822,0.0
1977-02-22 12:00:00,2.6332,0.0
1977-02-23 12:00:00,2.4312,0.0
1977-02-24 12:00:00,2.2947,0.0
1977-02-25 12:00:00,2.2596000000000003,0.0
1977-02-26 12:00:00,2.3388,0.0
1977-02-27 12:00:00,2.3116000000000003,0.0
1977-02-28 12:00:00,2.2258,0.0
1977-03-01 12:00:00,2.1876,0.0
1977-03-02 12:00:00,2.2317,0.0
1977-03-03 12:00:00,2.1845,0.0
1977-03-04 12:00:00,2.2559,0.0
1977-03-05 12:00:00,2.1483000000000003,0.0
1977-03-06 12:00:00,3.0121,0.0
1977-03-07 12:00:00,2.8647,0.0
1977-03-08 12:00:00,2.1347,0.0
1977-03-09 12:00:00,2.0859,0.0
1977-03-10 12:00:00,1.9802000000000002,0.0
1977-03-11 12:00:00,1.9080000000000001,0.0
1977-03-17 12:00:00,1.8872,0.0
1977-03-19 12:00:00,1.7699,0.0
1977-03-20 12:00:00,1.7366000000000001,0.0
1977-03-29 12:00:00,1.6760000000000002,0.0
1977-03-31 12:00:00,1.5911000000000002,0.0
1977-04-05 12:00:00,1.9127,0.0
1977-04-06 12:00:00,1.9365,0.0
1977-04-07 12:00:00,2.0184,0.0
1977-04-08 12:00:00,2.1107,0.0
1977-04-09 12:00:00,2.1072,0.0
1977-04-10 12:00:00,3.4386,0.0
1977-04-12 12:00:00,2.2117,0.0
1977-04-18 12:00:00,1.7707000000000002,0.0
1977-04-19 12:00:00,1.7216,0.0
1977-04-25 12:00:00,2.5316,0.0
1977-04-26 12:00:00,2.3913,0.0
1977-04-28 12:00:00,3.3283,0.0
1977-04-29 12:00:00,11.5381,0.0
1977-04-30 12:00:00,6.6199,0.0
1977-05-01 12:00:00,4.6494,0.0
1977-05-25 12:00:00,7.4145,0.0
1977-05-26 12:00:00,6.7812,0.0
1977-05-27 12:00:00,6.2014000000000005,0.0
1977-05-28 12:00:00,6.018000000000001,0.0
1977-05-29 12:00:00,7.882000000000001,0.0
1977-05-30 12:00:00,6.9713,0.0
1977-05-31 12:00:00,6.2893,0.0
1977-06-01 12:00:00,7.4728,0.0
1977-06-02 12:00:00,8.6396,0.0
1977-06-03 12:00:00,7.864400000000001,0.0
1977-06-04 12:00:00,7.7277000000000005,0.0
1977-06-05 12:00:00,7.0253000000000005,0.0
1977-06-06 12:00:00,6.459700000000001,0.0
1977-06-07 12:00:00,6.347300000000001,0.0
1977-06-08 12:00:00,6.0983,0.0
1977-06-09 12:00:00,5.8715,0.0
1977-06-10 12:00:00,5.5511,0.0
1977-06-11 12:00:00,5.3383,0.0
1977-06-12 12:00:00,5.0983,0.0
1977-06-13 12:00:00,4.9951,0.0
1977-06-14 12:00:00,5.4211,0.0
1977-06-15 12:00:00,5.2188,0.0
1977-06-16 12:00:00,5.0182,0.0
1977-06-17 12:00:00,4.8251,0.0
1977-06-18 12:00:00,4.547000000000001,0.0
1977-06-19 12:00:00,4.419700000000001,0.0
1977-06-20 12:00:00,4.299,0.0
1977-06-21 12:00:00,4.149500000000001,0.0
1977-06-22 12:00:00,4.0314000000000005,0.0
1977-06-23 12:00:00,3.8718000000000004,0.0
1977-06-24 12:00:00,3.6574,0.0
1977-06-25 12:00:00,3.8861000000000003,0.0
1977-06-26 12:00:00,3.8923,0.0
1977-06-27 12:00:00,4.1080000000000005,0.0
1977-06-28 12:00:00,4.4253,0.0
1977-06-29 12:00:00,4.1754,0.0
1977-06-30 12:00:00,4.1433,0.0
1977-07-01 12:00:00,8.355500000000001,0.0
1977-07-02 12:00:00,8.214,0.0
1977-07-03 12:00:00,6.830100000000001,0.0
1977-07-04 12:00:00,6.0826,0.0
1977-07-05 12:00:00,5.7574000000000005,0.0
1977-07-06 12:00:00,5.548100000000001,0.0
1977-07-07 12:00:00,5.415,0.0
1977-07-08 12:00:00,5.243,0.0
1977-07-09 12:00:00,5.1459,0.0
1977-07-10 12:00:00,5.000500000000001,0.0
1977-07-11 12:00:00,4.805400000000001,0.0
1977-07-12 12:00:00,4.7113000000000005,0.0
1977-07-13 12:00:00,4.6206000000000005,0.0
1977-07-14 12:00:00,4.3361,0.0
1977-07-15 12:00:00,4.1184,0.0
1977-07-16 12:00:00,4.2410000000000005,0.0
1977-07-17 12:00:00,4.1467,0.0
1977-07-18 12:00:00,4.0802000000000005,0.0
1977-07-19 12:00:00,4.112,0.0
1977-07-20 12:00:00,4.0821000000000005,0.0
1977-07-21 12:00:00,4.0806000000000004,0.0
1977-07-22 12:00:00,3.9560000000000004,0.0
1977-07-23 12:00:00,3.9257,0.0
1977-07-24 12:00:00,3.8833,0.0
1977-07-25 12:00:00,3.9292000000000002,0.0
1977-07-26 12:00:00,3.8563,0.0
1977-07-28 12:00:00,3.7809000000000004,0.0
1977-07-29 12:00:00,3.6919,0.0
1977-07-30 12:00:00,3.5298000000000003,0.0
1977-07-31 12:00:00,3.4817,0.0
1977-08-01 12:00:00,3.2979000000000003,0.0
1977-08-02 12:00:00,3.1145,0.0
1977-08-03 12:00:00,2.9898000000000002,0.0
1977-08-04 12:00:00,3.0106,0.0
1977-08-05 12:00:00,3.1223,0.0
1977-08-06 12:00:00,3.1672000000000002,0.0
1977-08-08 12:00:00,3.1582000000000003,0.0
1977-08-09 12:00:00,3.1528,0.0
1977-08-10 12:00:00,2.9928000000000003,0.0
1977-08-11 12:00:00,2.9067000000000003,0.0
1977-08-13 12:00:00,2.9602,0.0
1977-08-15 12:00:00,3.0194,0.0
1977-08-16 12:00:00,2.936,0.0
1977-08-18 12:00:00,2.7471,0.0
1977-08-19 12:00:00,2.6944000000000004,0.0
1977-08-20 12:00:00,2.6611000000000002,0.0
1977-08-21 12:00:00,2.6089,0.0
1977-08-24 12:00:00,2.6087000000000002,0.0
1977-08-25 12:00:00,2.5945,0.0
1977-08-27 12:00:00,2.7847,0.0
1977-08-28 12:00:00,2.9619,0.0
1977-08-29 12:00:00,2.7514000000000003,0.0
1977-08-30 12:00:00,2.7283,0.0
1977-08-31 12:00:00,2.696,0.0
1977-09-01 12:00:00,2.5441000000000003,0.0
1977-09-02 12:00:00,2.6371,0.0
1977-09-03 12:00:00,2.5477000000000003,0.0
1977-09-04 12:00:00,2.5109,0.0
1977-09-05 12:00:00,2.4324,0.0
1977-09-06 12:00:00,2.46,0.0
1977-09-07 12:00:00,2.4529,0.0
1977-09-08 12:00:00,2.5439000000000003,0.0
1977-09-09 12:00:00,2.4806,0.0
1977-09-10 12:00:00,2.3772,0.0
1977-09-11 12:00:00,2.3462,0.0
1977-09-12 12:00:00,2.3825000000000003,0.0
1977-09-13 12:00:00,2.762,0.0
1977-09-14 12:00:00,4.3582,0.0
1977-09-15 12:00:00,3.9638,0.0
1977-09-16 12:00:00,3.613,0.0
1977-09-17 12:00:00,3.4168000000000003,0.0
1977-09-18 12:00:00,3.3613,0.0
1977-09-19 12:00:00,3.4165,0.0
1977-09-20 12:00:00,3.7854,0.0
1977-09-21 12:00:00,3.8186,0.0
1977-09-22 12:00:00,20.245900000000002,0.0
1977-09-23 12:00:00,22.2867,0.0
1977-09-24 12:00:00,11.058100000000001,0.0
1977-09-25 12:00:00,8.8473,0.0
1977-09-26 12:00:00,7.333,0.0
1977-09-27 12:00:00,6.697500000000001,0.0
1977-09-28 12:00:00,6.8337,0.0
1977-09-29 12:00:00,10.415600000000001,0.0
1977-09-30 12:00:00,9.1357,0.0
1977-10-01 12:00:00,8.260200000000001,0.0
1977-10-02 12:00:00,7.5872,0.0
1977-10-03 12:00:00,7.4516,0.0
1977-10-04 12:00:00,7.5452,0.0
1977-10-05 12:00:00,7.2575,0.0
1977-10-06 12:00:00,7.3463,0.0
1977-10-07 12:00:00,7.5236,0.0
1977-10-08 12:00:00,7.3123000000000005,0.0
1977-10-09 12:00:00,7.3921,0.0
1977-10-10 12:00:00,7.607600000000001,0.0
1977-10-11 12:00:00,6.185300000000001,0.0
1977-10-12 12:00:00,6.0436000000000005,0.0
1977-10-13 12:00:00,6.0697,0.0
1977-10-14 12:00:00,6.0177000000000005,0.0
1977-10-15 12:00:00,6.6469000000000005,0.0
1977-10-16 12:00:00,5.9122,0.0
1977-10-17 12:00:00,5.7338000000000005,0.0
1977-10-18 12:00:00,5.2612000000000005,0.0
1977-10-19 12:00:00,5.536700000000001,0.0
1977-10-20 12:00:00,5.9572,0.0
1977-10-21 12:00:00,5.5095,0.0
1977-10-22 12:00:00,4.9198,0.0
1977-10-23 12:00:00,4.6850000000000005,0.0
1977-10-24 12:00:00,4.399500000000001,0.0
1977-10-25 12:00:00,4.0136,0.0
1977-10-26 12:00:00,3.9330000000000003,0.0
1977-10-27 12:00:00,4.1183000000000005,0.0
1977-10-28 12:00:00,5.4036,0.0
1977-10-29 12:00:00,8.853900000000001,0.0
1977-10-30 12:00:00,7.253,0.0
1977-10-31 12:00:00,5.452,0.0
1977-11-01 12:00:00,4.7434,0.0
1977-11-02 12:00:00,4.6025,0.0
1977-11-03 12:00:00,4.157500000000001,0.0
1977-11-04 12:00:00,3.9859,0.0
1977-11-05 12:00:00,4.8020000000000005,0.0
1977-11-06 12:00:00,5.7592,0.0
1977-11-07 12:00:00,5.1349,0.0
1977-11-08 12:00:00,4.5497000000000005,0.0
1977-11-09 12:00:00,4.3646,0.0
1977-11-10 12:00:00,4.2294,0.0
1977-11-12 12:00:00,5.1496,0.0
1977-11-13 12:00:00,4.8683000000000005,0.0
1977-11-14 12:00:00,4.2115,0.0
1977-11-15 12:00:00,4.1287,0.0
1977-11-16 12:00:00,3.8795,0.0
1977-11-17 12:00:00,3.6217,0.0
1977-11-18 12:00:00,3.4873000000000003,0.0
1977-11-19 12:00:00,3.3618,0.0
1977-11-20 12:00:00,3.319,0.0
1977-11-21 12:00:00,3.4676,0.0
1977-11-22 12:00:00,3.6677,0.0
1977-11-23 12:00:00,4.4007000000000005,0.0
1977-11-24 12:00:00,3.3079,0.0
1977-11-25 12:00:00,3.0358,0.0
1977-11-26 12:00:00,2.8859000000000004,0.0
1977-11-27 12:00:00,2.8095000000000003,0.0
1977-11-28 12:00:00,2.8242000000000003,0.0
1977-11-29 12:00:00,2.7107,0.0
1977-11-30 12:00:00,2.5341,0.0
1977-12-01 12:00:00,2.4316,0.0
1977-12-02 12:00:00,2.3889,0.0
1977-12-03 12:00:00,2.3129,0.0
1977-12-04 12:00:00,2.275,0.0
1977-12-05 12:00:00,2.1833,0.0
1977-12-06 12:00:00,2.1268000000000002,0.0
1977-12-07 12:00:00,2.198,0.0
1977-12-08 12:00:00,2.3182,0.0
1977-12-09 12:00:00,2.9703,0.0
1977-12-10 12:00:00,2.4117,0.0
1977-12-11 12:00:00,2.7141,0.0
1977-12-12 12:00:00,3.0828,0.0
1977-12-13 12:00:00,2.6446,0.0
1977-12-14 12:00:00,2.3237,0.0
1977-12-15 12:00:00,2.2384,0.0
1977-12-16 12:00:00,2.2577000000000003,0.0
1977-12-17 12:00:00,2.0883000000000003,0.0
1977-12-18 12:00:00,3.0857,0.0
1977-12-19 12:00:00,3.4089,0.0
1977-12-20 12:00:00,2.661,0.0
1977-12-21 12:00:00,3.0468,0.0
1977-12-22 12:00:00,2.4409,0.0
1977-12-23 12:00:00,2.4656000000000002,0.0
1977-12-24 12:00:00,2.301,0.0
1977-12-25 12:00:00,2.1129000000000002,0.0
1977-12-26 12:00:00,1.9914,0.0
1977-12-27 12:00:00,1.9292,0.0
1977-12-28 12:00:00,1.8800000000000001,0.0
1977-12-29 12:00:00,2.6244,0.0
1977-12-30 12:00:00,3.8279,0.0
1977-12-31 12:00:00,2.5355000000000003,0.0
1978-01-01 12:00:00,2.1667,0.0
1978-01-02 12:00:00,2.0096000000000003,0.0
1978-01-03 12:00:00,1.9693,0.0
1978-01-04 12:00:00,1.9792,0.0
1978-01-05 12:00:00,1.8406,0.0
1978-01-06 12:00:00,1.7397,0.0
1978-01-07 12:00:00,1.8738000000000001,0.0
1978-01-08 12:00:00,1.7771000000000001,0.0
1978-01-09 12:00:00,1.6605,0.0
1978-01-10 12:00:00,1.6043,0.0
1978-01-11 12:00:00,1.7887000000000002,0.0
1978-01-12 12:00:00,1.719,0.0
1978-01-13 12:00:00,1.5888,0.0
1978-01-14 12:00:00,1.4847000000000001,0.0
1978-01-15 12:00:00,1.4446,0.0
1978-01-16 12:00:00,1.3708,0.0
1978-01-17 12:00:00,1.496,0.0
1978-01-18 12:00:00,2.0161000000000002,0.0
1978-01-19 12:00:00,1.8129000000000002,0.0
1978-01-20 12:00:00,1.5738,0.0
1978-01-21 12:00:00,1.4736,0.0
1978-01-22 12:00:00,1.3741,0.0
1978-01-23 12:00:00,1.3047,0.0
1978-01-24 12:00:00,1.2636,0.0
1978-01-25 12:00:00,1.2730000000000001,0.0
1978-01-26 12:00:00,1.2422,0.0
1978-01-27 12:00:00,1.2368000000000001,0.0
1978-01-28 12:00:00,1.1891,0.0
1978-01-29 12:00:00,1.3442,0.0
1978-01-30 12:00:00,1.2742,0.0
1978-01-31 12:00:00,1.1576,0.0
1978-02-01 12:00:00,1.1191,0.0
1978-02-03 12:00:00,1.1926,0.0
1978-02-04 12:00:00,1.3632,0.0
1978-02-05 12:00:00,1.2018,0.0
1978-02-06 12:00:00,1.1091,0.0
1978-02-07 12:00:00,1.0657,0.0
1978-02-08 12:00:00,1.0437,0.0
1978-02-09 12:00:00,1.063,0.0
1978-02-10 12:00:00,0.9905,0.0
1978-02-12 12:00:00,0.9789,0.0
1978-02-13 12:00:00,0.9597,0.0
1978-02-14 12:00:00,0.9625,0.0
1978-02-15 12:00:00,0.9914000000000001,0.0
1978-02-16 12:00:00,1.0179,0.0
1978-02-17 12:00:00,0.9732000000000001,0.0
1978-02-18 12:00:00,0.9354,0.0
1978-02-19 12:00:00,0.9162,0.0
1978-02-20 12:00:00,0.9031,0.0
1978-02-21 12:00:00,0.9425,0.0
1978-02-22 12:00:00,1.2307000000000001,0.0
1978-02-23 12:00:00,1.0248000000000002,0.0
1978-02-24 12:00:00,0.9763000000000001,0.0
1978-02-25 12:00:00,0.9361,0.0
1978-02-26 12:00:00,0.9336000000000001,0.0
1978-02-27 12:00:00,0.9152,0.0
1978-03-01 12:00:00,1.0781,0.0
1978-03-02 12:00:00,1.0574000000000001,0.0
1978-03-03 12:00:00,1.0052,0.0
1978-03-04 12:00:00,0.9884000000000001,0.0
1978-03-05 12:00:00,0.9793000000000001,0.0
1978-03-06 12:00:00,0.9317000000000001,0.0
1978-03-07 12:00:00,0.9069,0.0
1978-03-08 12:00:00,0.9035000000000001,0.0
1978-03-09 12:00:00,0.9132,0.0
1978-03-12 12:00:00,0.8894000000000001,0.0
1978-03-14 12:00:00,0.8674000000000001,0.0
1978-03-17 12:00:00,0.8686,0.0
1978-03-18 12:00:00,0.9565,0.0
1978-03-19 12:00:00,1.0,0.0
1978-03-20 12:00:00,0.9398000000000001,0.0
1978-03-22 12:00:00,0.8938,0.0
1978-03-23 12:00:00,0.9593,0.0
1978-03-25 12:00:00,0.9554,0.0
1978-03-26 12:00:00,2.04,0.0
1978-03-27 12:00:00,1.9178000000000002,0.0
1978-03-28 12:00:00,1.5591000000000002,0.0
1978-03-29 12:00:00,1.2137,0.0
1978-03-30 12:00:00,1.1122,0.0
1978-03-31 12:00:00,1.1826,0.0
1978-04-01 12:00:00,1.3565,0.0
1978-04-02 12:00:00,1.2236,0.0
1978-04-03 12:00:00,1.1840000000000002,0.0
1978-04-05 12:00:00,1.1018000000000001,0.0
1978-04-06 12:00:00,1.0633000000000001,0.0
1978-04-07 12:00:00,1.0234,0.0
1978-04-10 12:00:00,1.0179,0.0
1978-04-13 12:00:00,1.0302,0.0
1978-04-14 12:00:00,1.0739,0.0
1978-04-15 12:00:00,1.0443,0.0
1978-04-16 12:00:00,1.1482,0.0
1978-04-17 12:00:00,1.2964,0.0
1978-04-18 12:00:00,1.3247,0.0
1978-04-19 12:00:00,1.2334,0.0
1978-04-20 12:00:00,1.3213000000000001,0.0
1978-04-21 12:00:00,1.693,0.0
1978-04-22 12:00:00,1.6842000000000001,0.0
1978-04-23 12:00:00,1.4456,0.0
1978-04-24 12:00:00,1.3628,0.0
1978-04-25 12:00:00,1.4116,0.0
1978-04-26 12:00:00,1.3459,0.0
1978-04-27 12:00:00,1.3273000000000001,0.0
1978-04-28 12:00:00,1.2968,0.0
1978-04-29 12:00:00,1.3167,0.0
1978-04-30 12:00:00,1.4239000000000002,0.0
1978-05-01 12:00:00,1.4497,0.0
1978-05-02 12:00:00,1.3807,0.0
1978-05-05 12:00:00,1.2925,0.0
1978-05-09 12:00:00,1.2625,0.0
1978-05-11 12:00:00,20.572200000000002,0.0
1978-05-12 12:00:00,8.590300000000001,0.0
1978-05-13 12:00:00,8.0333,0.0
1978-05-14 12:00:00,6.3998,0.0
1978-05-15 12:00:00,4.6558,0.0
1978-05-16 12:00:00,3.8417000000000003,0.0
1978-05-17 12:00:00,3.3733,0.0
1978-05-18 12:00:00,3.1016000000000004,0.0
1978-05-19 12:00:00,2.8916,0.0
1978-05-20 12:00:00,2.6514,0.0
1978-05-21 12:00:00,2.5317000000000003,0.0
1978-05-22 12:00:00,2.4101,0.0
1978-05-23 12:00:00,2.2818,0.0
1978-05-24 12:00:00,2.1644,0.0
1978-05-26 12:00:00,2.0394,0.0
1978-05-28 12:00:00,1.963,0.0
1978-05-29 12:00:00,1.8995000000000002,0.0
1978-05-30 12:00:00,1.9924000000000002,0.0
1978-05-31 12:00:00,5.0739,0.0
1978-06-01 12:00:00,3.2028000000000003,0.0
1978-06-02 12:00:00,2.7206,0.0
1978-06-03 12:00:00,2.5234,0.0
1978-06-04 12:00:00,2.3608000000000002,0.0
1978-06-05 12:00:00,2.2559,0.0
1978-06-06 12:00:00,2.3843,0.0
1978-06-07 12:00:00,3.0383,0.0
1978-06-08 12:00:00,4.0575,0.0
1978-06-09 12:00:00,4.0321,0.0
1978-06-10 12:00:00,3.6951,0.0
1978-06-11 12:00:00,3.3769,0.0
1978-06-12 12:00:00,3.1734,0.0
1978-06-13 12:00:00,2.7215000000000003,0.0
1978-06-14 12:00:00,2.3508,0.0
1978-06-15 12:00:00,2.3888000000000003,0.0
1978-06-16 12:00:00,2.4941,0.0
1978-06-17 12:00:00,2.5982000000000003,0.0
1978-06-18 12:00:00,2.4215,0.0
1978-06-19 12:00:00,2.1792000000000002,0.0
1978-06-20 12:00:00,1.9160000000000001,0.0
1978-06-21 12:00:00,1.8445,0.0
1978-06-22 12:00:00,2.277,0.0
1978-06-23 12:00:00,2.2965,0.0
1978-06-24 12:00:00,2.0573,0.0
1978-06-25 12:00:00,1.9956,0.0
1978-06-26 12:00:00,1.9429,0.0
1978-06-27 12:00:00,1.7910000000000001,0.0
1978-06-28 12:00:00,2.0173,0.0
1978-06-29 12:00:00,1.9108,0.0
1978-06-30 12:00:00,1.6296000000000002,0.0
1978-07-01 12:00:00,1.788,0.0
1978-07-02 12:00:00,2.0105,0.0
1978-07-03 12:00:00,4.8765,0.0
1978-07-04 12:00:00,6.2377,0.0
1978-07-05 12:00:00,3.5961000000000003,0.0
1978-07-06 12:00:00,3.0751,0.0
1978-07-07 12:00:00,3.0839000000000003,0.0
1978-07-08 12:00:00,3.1354,0.0
1978-07-09 12:00:00,2.9647,0.0
1978-07-10 12:00:00,3.0291,0.0
1978-07-11 12:00:00,3.1733000000000002,0.0
1978-07-12 12:00:00,3.0399000000000003,0.0
1978-07-13 12:00:00,3.0489,0.0
1978-07-14 12:00:00,2.8469,0.0
1978-07-15 12:00:00,2.6177,0.0
1978-07-16 12:00:00,2.4356,0.0
1978-07-17 12:00:00,2.4904,0.0
1978-07-18 12:00:00,2.4261,0.0
1978-07-19 12:00:00,2.5613,0.0
1978-07-20 12:00:00,2.785,0.0
1978-07-21 12:00:00,2.7097,0.0
1978-07-22 12:00:00,2.4765,0.0
1978-07-23 12:00:00,3.4810000000000003,0.0
1978-07-24 12:00:00,5.0831,0.0
1978-07-25 12:00:00,5.1079,0.0
1978-07-26 12:00:00,4.3388,0.0
1978-07-27 12:00:00,3.8475,0.0
1978-07-28 12:00:00,3.6556,0.0
1978-07-29 12:00:00,3.6872000000000003,0.0
1978-07-30 12:00:00,3.6464000000000003,0.0
1978-07-31 12:00:00,3.3120000000000003,0.0
1978-08-02 12:00:00,3.1197000000000004,0.0
1978-08-03 12:00:00,8.9474,0.0
1978-08-04 12:00:00,6.766,0.0
1978-08-05 12:00:00,5.8193,0.0
1978-08-06 12:00:00,5.189,0.0
1978-08-07 12:00:00,4.7441,0.0
1978-08-08 12:00:00,5.5011,0.0
1978-08-09 12:00:00,51.4367,0.0
1978-08-10 12:00:00,47.912800000000004,0.0
1978-08-11 12:00:00,23.817800000000002,0.0
1978-08-12 12:00:00,16.0121,0.0
1978-08-13 12:00:00,12.651100000000001,0.0
1978-08-14 12:00:00,10.3561,0.0
1978-08-15 12:00:00,9.1242,0.0
1978-08-16 12:00:00,9.3291,0.0
1978-08-17 12:00:00,8.1494,0.0
1978-08-18 12:00:00,7.3561000000000005,0.0
1978-08-19 12:00:00,6.6661,0.0
1978-08-20 12:00:00,6.319100000000001,0.0
1978-08-21 12:00:00,6.1058,0.0
1978-08-22 12:00:00,8.7194,0.0
1978-08-23 12:00:00,8.9778,0.0
1978-08-24 12:00:00,11.482800000000001,0.0
1978-08-25 12:00:00,22.4628,0.0
1978-08-26 12:00:00,20.1659,0.0
1978-08-27 12:00:00,16.7181,0.0
1978-08-28 12:00:00,13.9322,0.0
1978-08-29 12:00:00,12.6477,0.0
1978-08-30 12:00:00,11.803600000000001,0.0
1978-08-31 12:00:00,11.6309,0.0
1978-09-14 12:00:00,17.5121,0.0
1978-09-15 12:00:00,15.321000000000002,0.0
1978-09-16 12:00:00,13.151200000000001,0.0
1978-09-17 12:00:00,11.8336,0.0
1978-09-18 12:00:00,11.9322,0.0
1978-09-19 12:00:00,11.588700000000001,0.0
1978-09-20 12:00:00,10.203700000000001,0.0
1978-09-21 12:00:00,9.741100000000001,0.0
1978-09-22 12:00:00,16.5611,0.0
1978-09-23 12:00:00,23.7024,0.0
1978-09-24 12:00:00,22.498,0.0
1978-09-25 12:00:00,19.8783,0.0
1978-09-26 12:00:00,17.6107,0.0
1978-09-27 12:00:00,15.8651,0.0
1978-09-28 12:00:00,14.4427,0.0
1978-09-29 12:00:00,13.5106,0.0
1978-09-30 12:00:00,12.258700000000001,0.0
1978-10-01 12:00:00,11.1249,0.0
1978-10-02 12:00:00,10.4712,0.0
1978-10-03 12:00:00,10.0686,0.0
1978-10-04 12:00:00,10.4969,0.0
1978-10-05 12:00:00,10.2385,0.0
1978-10-06 12:00:00,8.7044,0.0
1978-10-07 12:00:00,8.1067,0.0
1978-10-08 12:00:00,7.4251000000000005,0.0
1978-10-09 12:00:00,6.8641000000000005,0.0
1978-10-10 12:00:00,7.224600000000001,0.0
1978-10-11 12:00:00,6.9274000000000004,0.0
1978-10-12 12:00:00,8.009,0.0
1978-10-13 12:00:00,42.1182,0.0
1978-10-14 12:00:00,38.2592,0.0
1978-10-15 12:00:00,23.6796,0.0
1978-10-16 12:00:00,17.989800000000002,0.0
1978-10-17 12:00:00,15.382000000000001,0.0
1978-10-18 12:00:00,13.448300000000001,0.0
1978-10-19 12:00:00,15.4291,0.0
1978-10-20 12:00:00,15.7667,0.0
1978-10-21 12:00:00,14.5302,0.0
1978-10-22 12:00:00,13.9383,0.0
1978-10-23 12:00:00,12.301,0.0
1978-10-24 12:00:00,11.914200000000001,0.0
1978-10-25 12:00:00,11.1285,0.0
1978-10-26 12:00:00,10.046000000000001,0.0
1978-10-27 12:00:00,9.523,0.0
1978-10-28 12:00:00,8.9486,0.0
1978-10-29 12:00:00,8.5241,0.0
1978-10-30 12:00:00,8.145800000000001,0.0
1978-10-31 12:00:00,7.998,0.0
1978-11-01 12:00:00,9.330300000000001,0.0
1978-11-02 12:00:00,7.8322,0.0
1978-11-03 12:00:00,7.1169,0.0
1978-11-04 12:00:00,6.5693,0.0
1978-11-05 12:00:00,6.1395,0.0
1978-11-06 12:00:00,5.8718,0.0
1978-11-07 12:00:00,5.6455,0.0
1978-11-08 12:00:00,5.370900000000001,0.0
1978-11-09 12:00:00,5.4564,0.0
1978-11-10 12:00:00,5.4652,0.0
1978-11-11 12:00:00,5.3571,0.0
1978-11-12 12:00:00,6.0903,0.0
1978-11-13 12:00:00,8.175,0.0
1978-11-14 12:00:00,9.9198,0.0
1978-11-15 12:00:00,7.9736,0.0
1978-11-16 12:00:00,7.2712,0.0
1978-11-17 12:00:00,6.986800000000001,0.0
1978-11-18 12:00:00,6.4937000000000005,0.0
1978-11-19 12:00:00,6.1121,0.0
1978-11-20 12:00:00,5.875500000000001,0.0
1978-11-21 12:00:00,5.715,0.0
1978-11-22 12:00:00,8.6959,0.0
1978-11-23 12:00:00,8.7062,0.0
1978-11-24 12:00:00,10.251900000000001,0.0
1978-11-25 12:00:00,8.104800000000001,0.0
1978-11-26 12:00:00,7.086600000000001,0.0
1978-11-27 12:00:00,6.4877,0.0
1978-11-28 12:00:00,6.1688,0.0
1978-11-29 12:00:00,5.5879,0.0
1978-11-30 12:00:00,5.2716,0.0
1978-12-01 12:00:00,4.9648,0.0
1978-12-02 12:00:00,4.9974,0.0
1978-12-03 12:00:00,4.4768,0.0
1978-12-04 12:00:00,4.2256,0.0
1978-12-05 12:00:00,4.0726,0.0
1978-12-06 12:00:00,3.9486000000000003,0.0
1978-12-07 12:00:00,4.0181000000000004,0.0
1978-12-08 12:00:00,5.9203,0.0
1978-12-09 12:00:00,4.6161,0.0
1978-12-10 12:00:00,5.1645,0.0
1978-12-11 12:00:00,4.9181,0.0
1978-12-12 12:00:00,4.7696000000000005,0.0
1978-12-13 12:00:00,5.3775,0.0
1978-12-14 12:00:00,5.3708,0.0
1978-12-15 12:00:00,4.5749,0.0
1978-12-16 12:00:00,4.2476,0.0
1978-12-17 12:00:00,4.086,0.0
1978-12-18 12:00:00,3.8319,0.0
1978-12-19 12:00:00,3.6069,0.0
1978-12-20 12:00:00,3.8822,0.0
1978-12-21 12:00:00,5.6455,0.0
1978-12-22 12:00:00,4.1658,0.0
1978-12-23 12:00:00,3.793,0.0
1978-12-24 12:00:00,3.5743,0.0
1978-12-25 12:00:00,3.3849,0.0
1978-12-26 12:00:00,3.2154000000000003,0.0
1978-12-27 12:00:00,3.0567,0.0
1978-12-28 12:00:00,3.0461,0.0
1978-12-29 12:00:00,2.9715000000000003,0.0
1978-12-30 12:00:00,2.9028,0.0
1978-12-31 12:00:00,2.7204,0.0
1979-01-01 12:00:00,2.7122,0.0
1979-01-02 12:00:00,2.9636,0.0
1979-01-03 12:00:00,2.6658,0.0
1979-01-04 12:00:00,2.6016,0.0
1979-01-05 12:00:00,2.5826000000000002,0.0
1979-01-06 12:00:00,2.4658,0.0
1979-01-07 12:00:00,2.2640000000000002,0.0
1979-01-08 12:00:00,2.1395,0.0
1979-01-09 12:00:00,2.0546,0.0
1979-01-10 12:00:00,2.088,0.0
1979-01-11 12:00:00,1.9865000000000002,0.0
1979-01-12 12:00:00,2.0802,0.0
1979-01-13 12:00:00,2.3080000000000003,0.0
1979-01-14 12:00:00,2.2960000000000003,0.0
1979-01-15 12:00:00,2.1912000000000003,0.0
1979-01-16 12:00:00,1.9892,0.0
1979-01-17 12:00:00,1.9781000000000002,0.0
1979-01-18 12:00:00,2.0718,0.0
1979-01-19 12:00:00,1.8352000000000002,0.0
1979-01-20 12:00:00,1.6881000000000002,0.0
1979-01-21 12:00:00,1.6047,0.0
1979-01-22 12:00:00,1.6455000000000002,0.0
1979-01-23 12:00:00,1.6202,0.0
1979-01-24 12:00:00,1.5519,0.0
1979-01-25 12:00:00,1.49,0.0
1979-01-26 12:00:00,1.6333,0.0
1979-01-27 12:00:00,2.3262,0.0
1979-01-28 12:00:00,1.6933,0.0
1979-01-29 12:00:00,1.5921,0.0
1979-01-30 12:00:00,1.5265,0.0
1979-01-31 12:00:00,1.4831,0.0
1979-02-01 12:00:00,1.462,0.0
1979-02-02 12:00:00,1.4011,0.0
1979-02-03 12:00:00,1.37,0.0
1979-02-04 12:00:00,2.0824000000000003,0.0
1979-02-05 12:00:00,2.0683000000000002,0.0
1979-02-06 12:00:00,1.6178000000000001,0.0
1979-02-07 12:00:00,1.485,0.0
1979-02-08 12:00:00,1.4863000000000002,0.0
1979-02-09 12:00:00,1.4894,0.0
1979-02-10 12:00:00,1.4195,0.0
1979-02-11 12:00:00,1.4862,0.0
1979-02-12 12:00:00,1.3923,0.0
1979-02-13 12:00:00,1.8326,0.0
1979-02-14 12:00:00,2.1934,0.0
1979-02-15 12:00:00,2.9664,0.0
1979-02-16 12:00:00,7.6637,0.0
1979-02-17 12:00:00,3.3558000000000003,0.0
1979-02-18 12:00:00,2.5392,0.0
1979-02-19 12:00:00,2.2695000000000003,0.0
1979-02-20 12:00:00,2.1249000000000002,0.0
1979-02-21 12:00:00,1.9245,0.0
1979-02-22 12:00:00,1.8158,0.0
1979-02-23 12:00:00,1.6216000000000002,0.0
1979-02-24 12:00:00,1.516,0.0
1979-02-25 12:00:00,1.4712,0.0
1979-02-26 12:00:00,1.4220000000000002,0.0
1979-02-27 12:00:00,1.7757,0.0
1979-02-28 12:00:00,1.8291000000000002,0.0
1979-03-01 12:00:00,1.5610000000000002,0.0
1979-03-02 12:00:00,1.4788000000000001,0.0
1979-03-03 12:00:00,1.8351000000000002,0.0
1979-03-04 12:00:00,1.7923,0.0
1979-03-05 12:00:00,1.6124,0.0
1979-03-06 12:00:00,2.5336000000000003,0.0
1979-03-07 12:00:00,3.0531,0.0
1979-03-08 12:00:00,2.5252000000000003,0.0
1979-03-09 12:00:00,2.2102,0.0
1979-03-10 12:00:00,2.2477,0.0
1979-03-11 12:00:00,2.091,0.0
1979-03-12 12:00:00,2.0682,0.0
1979-03-13 12:00:00,10.157300000000001,0.0
1979-03-14 12:00:00,8.2111,0.0
1979-03-15 12:00:00,6.2843,0.0
1979-03-16 12:00:00,5.09,0.0
1979-03-17 12:00:00,4.1818,0.0
1979-03-18 12:00:00,3.7104000000000004,0.0
1979-03-19 12:00:00,3.4222,0.0
1979-03-20 12:00:00,3.2017,0.0
1979-03-21 12:00:00,3.1006,0.0
1979-03-22 12:00:00,2.9647,0.0
1979-03-23 12:00:00,2.7857000000000003,0.0
1979-03-24 12:00:00,2.6795,0.0
1979-03-25 12:00:00,2.9000000000000004,0.0
1979-03-26 12:00:00,2.8923,0.0
1979-03-27 12:00:00,2.7812,0.0
1979-03-28 12:00:00,5.2532000000000005,0.0
1979-03-29 12:00:00,5.0442,0.0
1979-03-30 12:00:00,5.1769,0.0
1979-03-31 12:00:00,6.0109,0.0
1979-04-01 12:00:00,6.1555,0.0
1979-04-02 12:00:00,5.757000000000001,0.0
1979-04-03 12:00:00,5.662100000000001,0.0
1979-04-04 12:00:00,6.1534,0.0
1979-04-05 12:00:00,5.3939,0.0
1979-04-06 12:00:00,6.3209,0.0
1979-04-07 12:00:00,20.7447,0.0
1979-04-08 12:00:00,13.731300000000001,0.0
1979-04-09 12:00:00,10.5154,0.0
1979-04-10 12:00:00,8.8017,0.0
1979-04-11 12:00:00,8.0954,0.0
1979-04-12 12:00:00,6.924300000000001,0.0
1979-04-13 12:00:00,6.048500000000001,0.0
1979-04-14 12:00:00,5.4209000000000005,0.0
1979-04-15 12:00:00,5.0119,0.0
1979-04-16 12:00:00,4.7816,0.0
1979-04-17 12:00:00,5.1085,0.0
1979-04-18 12:00:00,4.500900000000001,0.0
1979-04-19 12:00:00,4.2407,0.0
1979-04-20 12:00:00,4.121300000000001,0.0
1979-04-21 12:00:00,3.9439,0.0
1979-04-22 12:00:00,3.7800000000000002,0.0
1979-04-23 12:00:00,4.3037,0.0
1979-04-24 12:00:00,5.4379,0.0
1979-04-25 12:00:00,4.6363,0.0
1979-04-26 12:00:00,4.3645000000000005,0.0
1979-04-27 12:00:00,5.2351,0.0
1979-04-28 12:00:00,4.6765,0.0
1979-04-29 12:00:00,4.5823,0.0
1979-04-30 12:00:00,4.3706000000000005,0.0
1979-05-01 12:00:00,4.1879,0.0
1979-05-02 12:00:00,4.0619000000000005,0.0
1979-05-03 12:00:00,4.841600000000001,0.0
1979-05-04 12:00:00,10.6737,0.0
1979-05-05 12:00:00,10.3557,0.0
1979-05-06 12:00:00,9.474300000000001,0.0
1979-05-07 12:00:00,8.6637,0.0
1979-05-08 12:00:00,7.7466,0.0
1979-05-09 12:00:00,7.2152,0.0
1979-05-10 12:00:00,10.922500000000001,0.0
1979-05-11 12:00:00,15.061300000000001,0.0
1979-05-12 12:00:00,13.1134,0.0
1979-05-13 12:00:00,12.2813,0.0
1979-05-14 12:00:00,13.221,0.0
1979-05-15 12:00:00,17.1507,0.0
1979-05-16 12:00:00,13.891900000000001,0.0
1979-05-17 12:00:00,11.571200000000001,0.0
1979-05-18 12:00:00,10.4587,0.0
1979-05-19 12:00:00,9.895800000000001,0.0
1979-05-20 12:00:00,9.5725,0.0
1979-05-21 12:00:00,8.7075,0.0
1979-05-22 12:00:00,8.184700000000001,0.0
1979-05-23 12:00:00,7.826700000000001,0.0
1979-05-24 12:00:00,7.8317000000000005,0.0
1979-05-25 12:00:00,7.897,0.0
1979-05-26 12:00:00,8.0694,0.0
1979-05-27 12:00:00,24.061300000000003,0.0
1979-05-28 12:00:00,20.0406,0.0
1979-05-29 12:00:00,14.802200000000001,0.0
1979-05-30 12:00:00,12.9399,0.0
1979-05-31 12:00:00,12.46,0.0
1979-06-01 12:00:00,11.5778,0.0
1979-06-02 12:00:00,10.6297,0.0
1979-06-03 12:00:00,9.8979,0.0
1979-06-04 12:00:00,9.184700000000001,0.0
1979-06-05 12:00:00,8.584200000000001,0.0
1979-06-06 12:00:00,8.1445,0.0
1979-06-07 12:00:00,7.7198,0.0
1979-06-08 12:00:00,7.453200000000001,0.0
1979-06-09 12:00:00,7.0235,0.0
1979-06-10 12:00:00,6.7767,0.0
1979-06-11 12:00:00,6.9567000000000005,0.0
1979-06-12 12:00:00,6.4979000000000005,0.0
1979-06-13 12:00:00,6.2004,0.0
1979-06-14 12:00:00,5.9073,0.0
1979-06-15 12:00:00,5.7087,0.0
1979-06-16 12:00:00,5.5182,0.0
1979-06-17 12:00:00,5.317200000000001,0.0
1979-06-18 12:00:00,5.722,0.0
1979-06-19 12:00:00,6.1323,0.0
1979-06-20 12:00:00,5.314,0.0
1979-06-21 12:00:00,5.232600000000001,0.0
1979-06-22 12:00:00,8.6074,0.0
1979-06-23 12:00:00,6.7752,0.0
1979-06-24 12:00:00,6.285200000000001,0.0
1979-06-25 12:00:00,5.8638,0.0
1979-06-26 12:00:00,5.5736,0.0
1979-06-27 12:00:00,5.4346000000000005,0.0
1979-06-28 12:00:00,5.3143,0.0
1979-06-29 12:00:00,5.2154,0.0
1979-06-30 12:00:00,5.168200000000001,0.0
1979-07-01 12:00:00,5.1657,0.0
1979-07-02 12:00:00,5.353000000000001,0.0
1979-07-03 12:00:00,4.9977,0.0
1979-07-04 12:00:00,4.714,0.0
1979-07-05 12:00:00,4.5017000000000005,0.0
1979-07-06 12:00:00,4.260400000000001,0.0
1979-07-07 12:00:00,4.1311,0.0
1979-07-08 12:00:00,4.1370000000000005,0.0
1979-07-09 12:00:00,4.1322,0.0
1979-07-10 12:00:00,4.087000000000001,0.0
1979-07-11 12:00:00,3.9401,0.0
1979-07-12 12:00:00,3.853,0.0
1979-07-13 12:00:00,3.9610000000000003,0.0
1979-07-14 12:00:00,3.8849,0.0
1979-07-15 12:00:00,3.7379000000000002,0.0
1979-07-16 12:00:00,3.705,0.0
1979-07-17 12:00:00,4.0806000000000004,0.0
1979-07-18 12:00:00,4.859100000000001,0.0
1979-07-19 12:00:00,4.0225,0.0
1979-07-20 12:00:00,3.6654,0.0
1979-07-21 12:00:00,3.5305,0.0
1979-07-22 12:00:00,3.4857,0.0
1979-07-23 12:00:00,3.9415,0.0
1979-07-24 12:00:00,10.2886,0.0
1979-07-25 12:00:00,12.175500000000001,0.0
1979-07-26 12:00:00,11.422500000000001,0.0
1979-07-27 12:00:00,10.2118,0.0
1979-07-28 12:00:00,9.3919,0.0
1979-07-29 12:00:00,8.4793,0.0
1979-07-30 12:00:00,8.0991,0.0
1979-07-31 12:00:00,7.8805000000000005,0.0
1979-08-01 12:00:00,7.989000000000001,0.0
1979-08-02 12:00:00,7.625500000000001,0.0
1979-08-03 12:00:00,7.2523,0.0
1979-08-04 12:00:00,6.932,0.0
1979-08-05 12:00:00,6.680400000000001,0.0
1979-08-06 12:00:00,6.4634,0.0
1979-08-07 12:00:00,6.082800000000001,0.0
1979-08-08 12:00:00,6.1416,0.0
1979-08-09 12:00:00,5.7385,0.0
1979-08-10 12:00:00,5.541300000000001,0.0
1979-08-11 12:00:00,5.5958000000000006,0.0
1979-08-12 12:00:00,7.1921,0.0
1979-08-13 12:00:00,6.5391,0.0
1979-08-14 12:00:00,6.016500000000001,0.0
1979-08-15 12:00:00,5.673100000000001,0.0
1979-08-16 12:00:00,5.9082,0.0
1979-08-17 12:00:00,6.0541,0.0
1979-08-18 12:00:00,5.7715000000000005,0.0
1979-08-19 12:00:00,5.5911,0.0
1979-08-20 12:00:00,5.3668000000000005,0.0
1979-08-21 12:00:00,5.3327,0.0
1979-09-02 12:00:00,18.0323,0.0
1979-09-03 12:00:00,15.994900000000001,0.0
1979-09-04 12:00:00,14.0104,0.0
1979-09-05 12:00:00,12.5799,0.0
1979-09-06 12:00:00,11.6423,0.0
1979-09-07 12:00:00,10.8008,0.0
1979-09-08 12:00:00,9.602,0.0
1979-09-09 12:00:00,8.4907,0.0
1979-09-10 12:00:00,7.8083,0.0
1979-09-11 12:00:00,8.1778,0.0
1979-09-12 12:00:00,16.812,0.0
1979-09-13 12:00:00,13.0319,0.0
1979-09-14 12:00:00,11.0431,0.0
1979-09-15 12:00:00,9.718300000000001,0.0
1979-09-16 12:00:00,9.0791,0.0
1979-09-17 12:00:00,8.829600000000001,0.0
1979-09-18 12:00:00,8.3872,0.0
1979-09-19 12:00:00,8.101,0.0
1979-09-20 12:00:00,9.3933,0.0
1979-09-21 12:00:00,8.5935,0.0
1979-09-22 12:00:00,8.219800000000001,0.0
1979-09-23 12:00:00,7.8975,0.0
1979-09-24 12:00:00,7.4632000000000005,0.0
1979-09-25 12:00:00,7.0761,0.0
1979-09-26 12:00:00,6.816000000000001,0.0
1979-09-27 12:00:00,6.673500000000001,0.0
1979-09-28 12:00:00,8.535400000000001,0.0
1979-09-29 12:00:00,8.5105,0.0
1979-09-30 12:00:00,25.932000000000002,0.0
1979-10-01 12:00:00,22.8653,0.0
1979-10-02 12:00:00,17.7813,0.0
1979-10-03 12:00:00,15.395000000000001,0.0
1979-10-04 12:00:00,13.460700000000001,0.0
1979-10-05 12:00:00,12.179400000000001,0.0
1979-10-06 12:00:00,11.3315,0.0
1979-10-07 12:00:00,10.584800000000001,0.0
1979-10-08 12:00:00,10.9234,0.0
1979-10-09 12:00:00,10.0862,0.0
1979-10-10 12:00:00,9.3876,0.0
1979-10-11 12:00:00,9.6006,0.0
1979-10-12 12:00:00,9.5218,0.0
1979-10-13 12:00:00,10.7931,0.0
1979-10-14 12:00:00,10.774700000000001,0.0
1979-10-15 12:00:00,9.8611,0.0
1979-10-16 12:00:00,9.4602,0.0
1979-10-17 12:00:00,8.7245,0.0
1979-10-18 12:00:00,8.5077,0.0
1979-10-19 12:00:00,8.069,0.0
1979-10-20 12:00:00,8.7142,0.0
1979-10-21 12:00:00,9.0358,0.0
1979-10-22 12:00:00,7.821400000000001,0.0
1979-10-23 12:00:00,7.250500000000001,0.0
1979-10-24 12:00:00,6.7502,0.0
1979-10-25 12:00:00,6.6676,0.0
1979-10-26 12:00:00,6.8543,0.0
1979-10-27 12:00:00,7.8703,0.0
1979-10-28 12:00:00,21.4826,0.0
1979-10-29 12:00:00,28.6537,0.0
1979-10-30 12:00:00,23.7357,0.0
1979-10-31 12:00:00,23.323600000000003,0.0
1979-11-01 12:00:00,20.262700000000002,0.0
1979-11-02 12:00:00,17.034100000000002,0.0
1979-11-03 12:00:00,14.5736,0.0
1979-11-04 12:00:00,12.8399,0.0
1979-11-05 12:00:00,11.5534,0.0
1979-11-06 12:00:00,10.4809,0.0
1979-11-07 12:00:00,9.6578,0.0
1979-11-08 12:00:00,8.7851,0.0
1979-11-09 12:00:00,8.0962,0.0
1979-11-10 12:00:00,7.5579,0.0
1979-11-11 12:00:00,7.128500000000001,0.0
1979-11-12 12:00:00,6.8007,0.0
1979-11-13 12:00:00,6.5575,0.0
1979-11-14 12:00:00,6.2498000000000005,0.0
1979-11-15 12:00:00,5.8756,0.0
1979-11-16 12:00:00,5.7407,0.0
1979-11-17 12:00:00,5.6588,0.0
1979-11-18 12:00:00,7.1673,0.0
1979-11-19 12:00:00,9.164,0.0
1979-11-20 12:00:00,8.4236,0.0
1979-11-21 12:00:00,6.838,0.0
1979-11-22 12:00:00,6.1958,0.0
1979-11-23 12:00:00,5.4506000000000006,0.0
1979-11-24 12:00:00,5.1041,0.0
1979-11-25 12:00:00,4.7918,0.0
1979-11-26 12:00:00,4.5309,0.0
1979-11-27 12:00:00,4.6776,0.0
1979-11-28 12:00:00,4.6882,0.0
1979-11-29 12:00:00,4.5989,0.0
1979-11-30 12:00:00,4.5667,0.0
1979-12-01 12:00:00,33.8528,0.0
1979-12-02 12:00:00,45.9223,0.0
1979-12-03 12:00:00,20.296200000000002,0.0
1979-12-04 12:00:00,14.2735,0.0
1979-12-05 12:00:00,12.770700000000001,0.0
1979-12-06 12:00:00,11.2331,0.0
1979-12-07 12:00:00,9.655100000000001,0.0
1979-12-08 12:00:00,8.468300000000001,0.0
1979-12-09 12:00:00,8.1091,0.0
1979-12-10 12:00:00,7.554600000000001,0.0
1979-12-11 12:00:00,7.385800000000001,0.0
1979-12-12 12:00:00,6.9382,0.0
1979-12-13 12:00:00,6.32,0.0
1979-12-14 12:00:00,5.9248,0.0
1979-12-15 12:00:00,5.1498,0.0
1979-12-16 12:00:00,4.8041,0.0
1979-12-17 12:00:00,6.112900000000001,0.0
1979-12-18 12:00:00,5.443300000000001,0.0
1979-12-19 12:00:00,6.2027,0.0
1979-12-20 12:00:00,5.398000000000001,0.0
1979-12-21 12:00:00,4.7596,0.0
1979-12-22 12:00:00,4.4551,0.0
1979-12-23 12:00:00,6.719,0.0
1979-12-24 12:00:00,20.7006,0.0
1979-12-25 12:00:00,21.9434,0.0
1979-12-26 12:00:00,17.6802,0.0
1979-12-27 12:00:00,15.2324,0.0
1979-12-28 12:00:00,13.746,0.0
1979-12-29 12:00:00,11.4396,0.0
1979-12-30 12:00:00,8.2459,0.0
1979-12-31 12:00:00,7.4393,0.0
1980-01-01 12:00:00,21.8763,0.0
1980-01-02 12:00:00,25.4814,0.0
1980-01-03 12:00:00,18.4723,0.0
1980-01-04 12:00:00,15.5309,0.0
1980-01-05 12:00:00,13.5603,0.0
1980-01-06 12:00:00,12.6734,0.0
1980-01-07 12:00:00,11.7568,0.0
1980-01-08 12:00:00,10.3642,0.0
1980-01-09 12:00:00,8.435,0.0
1980-01-10 12:00:00,7.8002,0.0
1980-01-11 12:00:00,7.5057,0.0
1980-01-12 12:00:00,6.9979000000000005,0.0
1980-01-13 12:00:00,6.3158,0.0
1980-01-14 12:00:00,6.5042,0.0
1980-01-15 12:00:00,10.300500000000001,0.0
1980-01-16 12:00:00,13.3682,0.0
1980-01-17 12:00:00,12.0175,0.0
1980-01-18 12:00:00,11.0268,0.0
1980-01-19 12:00:00,9.9632,0.0
1980-01-20 12:00:00,10.0044,0.0
1980-01-21 12:00:00,9.0897,0.0
1980-01-22 12:00:00,8.624500000000001,0.0
1980-01-23 12:00:00,8.3911,0.0
1980-01-24 12:00:00,7.5285,0.0
1980-01-25 12:00:00,6.8783,0.0
1980-01-26 12:00:00,12.8679,0.0
1980-01-27 12:00:00,9.6911,0.0
1980-01-28 12:00:00,8.23,0.0
1980-01-29 12:00:00,7.5608,0.0
1980-01-30 12:00:00,7.019900000000001,0.0
1980-01-31 12:00:00,6.7565,0.0
1980-02-01 12:00:00,6.2041,0.0
1980-02-02 12:00:00,5.9364,0.0
1980-02-03 12:00:00,7.288,0.0
1980-02-04 12:00:00,5.8227,0.0
1980-02-05 12:00:00,5.3205,0.0
1980-02-06 12:00:00,6.7144,0.0
1980-02-07 12:00:00,7.4270000000000005,0.0
1980-02-08 12:00:00,6.6867,0.0
1980-02-09 12:00:00,13.8194,0.0
1980-02-10 12:00:00,11.9099,0.0
1980-02-11 12:00:00,10.9473,0.0
1980-02-12 12:00:00,9.8302,0.0
1980-02-13 12:00:00,8.8864,0.0
1980-02-14 12:00:00,7.744800000000001,0.0
1980-02-15 12:00:00,7.343,0.0
1980-02-16 12:00:00,6.960100000000001,0.0
1980-02-17 12:00:00,6.6143,0.0
1980-02-18 12:00:00,6.745100000000001,0.0
1980-02-19 12:00:00,6.1441,0.0
1980-02-20 12:00:00,6.0414,0.0
1980-02-21 12:00:00,5.846500000000001,0.0
1980-02-22 12:00:00,5.6538,0.0
1980-02-23 12:00:00,5.1847,0.0
1980-02-24 12:00:00,5.0059000000000005,0.0
1980-02-25 12:00:00,5.4355,0.0
1980-02-26 12:00:00,4.9343,0.0
1980-02-27 12:00:00,4.6077,0.0
1980-02-28 12:00:00,4.4523,0.0
1980-02-29 12:00:00,4.3405000000000005,0.0
1980-03-01 12:00:00,4.3067,0.0
1980-03-02 12:00:00,4.2616000000000005,0.0
1980-03-03 12:00:00,4.0192000000000005,0.0
1980-03-04 12:00:00,3.8525,0.0
1980-03-05 12:00:00,3.7343,0.0
1980-03-06 12:00:00,3.5993000000000004,0.0
1980-03-07 12:00:00,3.4986,0.0
1980-03-08 12:00:00,3.423,0.0
1980-03-09 12:00:00,3.4312,0.0
1980-03-10 12:00:00,4.4916,0.0
1980-03-11 12:00:00,4.4344,0.0
1980-03-12 12:00:00,4.3273,0.0
1980-03-13 12:00:00,3.6971000000000003,0.0
1980-03-14 12:00:00,3.5464,0.0
1980-03-15 12:00:00,3.7470000000000003,0.0
1980-03-16 12:00:00,4.5164,0.0
1980-03-17 12:00:00,3.7633,0.0
1980-03-18 12:00:00,3.5397000000000003,0.0
1980-03-19 12:00:00,4.008900000000001,0.0
1980-03-20 12:00:00,3.5493,0.0
1980-03-21 12:00:00,3.3437,0.0
1980-03-22 12:00:00,3.3941000000000003,0.0
1980-03-23 12:00:00,3.2737000000000003,0.0
1980-03-24 12:00:00,3.4785000000000004,0.0
1980-03-25 12:00:00,3.7426000000000004,0.0
1980-03-26 12:00:00,3.3498,0.0
1980-03-27 12:00:00,3.2071,0.0
1980-03-28 12:00:00,3.161,0.0
1980-03-29 12:00:00,5.4957,0.0
1980-03-30 12:00:00,42.3464,0.0
1980-03-31 12:00:00,24.332700000000003,0.0
1980-04-01 12:00:00,16.1493,0.0
1980-04-02 12:00:00,12.393600000000001,0.0
1980-04-03 12:00:00,10.697700000000001,0.0
1980-04-04 12:00:00,9.8572,0.0
1980-04-05 12:00:00,8.6781,0.0
1980-04-06 12:00:00,7.66,0.0
1980-04-07 12:00:00,6.9385,0.0
1980-04-08 12:00:00,6.2887,0.0
1980-04-09 12:00:00,7.194500000000001,0.0
1980-04-10 12:00:00,6.6742,0.0
1980-04-11 12:00:00,6.1709000000000005,0.0
1980-04-12 12:00:00,5.8668000000000005,0.0
1980-04-13 12:00:00,5.5271,0.0
1980-04-14 12:00:00,5.3295,0.0
1980-04-15 12:00:00,5.1029,0.0
1980-04-16 12:00:00,4.885400000000001,0.0
1980-04-17 12:00:00,4.625900000000001,0.0
1980-04-18 12:00:00,4.4354000000000005,0.0
1980-04-19 12:00:00,4.2860000000000005,0.0
1980-04-20 12:00:00,4.1205,0.0
1980-04-21 12:00:00,3.9604000000000004,0.0
1980-04-22 12:00:00,3.8692,0.0
1980-04-23 12:00:00,3.7446,0.0
1980-04-24 12:00:00,4.141,0.0
1980-04-25 12:00:00,3.8132,0.0
1980-04-26 12:00:00,8.416,0.0
1980-04-27 12:00:00,17.766000000000002,0.0
1980-04-28 12:00:00,31.073,0.0
1980-04-29 12:00:00,30.249100000000002,0.0
1980-04-30 12:00:00,23.5108,0.0
1980-05-01 12:00:00,19.692800000000002,0.0
1980-05-02 12:00:00,17.534000000000002,0.0
1980-05-03 12:00:00,15.3499,0.0
1980-05-04 12:00:00,13.9,0.0
1980-05-05 12:00:00,12.829400000000001,0.0
1980-05-06 12:00:00,12.0367,0.0
1980-05-07 12:00:00,11.395900000000001,0.0
1980-05-08 12:00:00,10.7408,0.0
1980-05-09 12:00:00,9.4806,0.0
1980-05-10 12:00:00,8.2811,0.0
1980-05-11 12:00:00,7.3676,0.0
1980-05-12 12:00:00,6.7001,0.0
1980-05-13 12:00:00,6.177700000000001,0.0
1980-05-14 12:00:00,5.6967,0.0
1980-05-15 12:00:00,5.1999,0.0
1980-05-16 12:00:00,4.812600000000001,0.0
1980-05-17 12:00:00,4.5232,0.0
1980-05-18 12:00:00,4.6422,0.0
1980-05-19 12:00:00,4.6930000000000005,0.0
1980-05-20 12:00:00,11.822600000000001,0.0
1980-05-21 12:00:00,16.406100000000002,0.0
1980-05-22 12:00:00,15.033100000000001,0.0
1980-05-23 12:00:00,13.687700000000001,0.0
1980-05-24 12:00:00,12.866900000000001,0.0
1980-05-25 12:00:00,12.185,0.0
1980-05-26 12:00:00,11.3786,0.0
1980-05-27 12:00:00,10.728100000000001,0.0
1980-05-28 12:00:00,10.1648,0.0
1980-05-29 12:00:00,9.6152,0.0
1980-05-30 12:00:00,8.5393,0.0
1980-05-31 12:00:00,7.4561,0.0
1980-06-01 12:00:00,6.6176,0.0
1980-06-02 12:00:00,5.947900000000001,0.0
1980-06-03 12:00:00,5.516100000000001,0.0
1980-06-04 12:00:00,9.7367,0.0
1980-06-05 12:00:00,23.3917,0.0
1980-06-06 12:00:00,29.517500000000002,0.0
1980-06-07 12:00:00,25.275000000000002,0.0
1980-06-08 12:00:00,21.8079,0.0
1980-06-09 12:00:00,19.9887,0.0
1980-06-10 12:00:00,32.0601,0.0
1980-06-11 12:00:00,31.838700000000003,0.0
1980-06-12 12:00:00,27.293100000000003,0.0
1980-06-13 12:00:00,23.7996,0.0
1980-06-14 12:00:00,20.815,0.0
1980-06-15 12:00:00,19.1885,0.0
1980-06-16 12:00:00,17.5835,0.0
1980-06-17 12:00:00,16.544800000000002,0.0
1980-06-18 12:00:00,15.6379,0.0
1980-06-19 12:00:00,14.9167,0.0
1980-06-20 12:00:00,14.181700000000001,0.0
1980-06-21 12:00:00,13.664000000000001,0.0
1980-06-22 12:00:00,13.2341,0.0
1980-06-23 12:00:00,12.8719,0.0
1980-06-24 12:00:00,12.505700000000001,0.0
1980-06-25 12:00:00,12.0067,0.0
1980-06-26 12:00:00,11.4818,0.0
1980-06-27 12:00:00,11.048200000000001,0.0
1980-06-28 12:00:00,10.8522,0.0
1980-06-29 12:00:00,10.844100000000001,0.0
1980-06-30 12:00:00,11.0013,0.0
1980-07-01 12:00:00,11.334200000000001,0.0
1980-07-02 12:00:00,13.0395,0.0
1980-07-03 12:00:00,12.6851,0.0
1980-07-04 12:00:00,12.0645,0.0
1980-07-05 12:00:00,11.607000000000001,0.0
1980-07-06 12:00:00,11.309700000000001,0.0
1980-07-08 12:00:00,11.0268,0.0
1980-07-09 12:00:00,10.5114,0.0
1980-07-10 12:00:00,9.8985,0.0
1980-07-11 12:00:00,8.3195,0.0
1980-07-12 12:00:00,7.149,0.0
1980-07-13 12:00:00,6.5276000000000005,0.0
1980-07-14 12:00:00,6.0441,0.0
1980-07-15 12:00:00,5.6818,0.0
1980-07-16 12:00:00,5.5797,0.0
1980-07-17 12:00:00,5.515000000000001,0.0
1980-07-18 12:00:00,5.5858,0.0
1980-07-19 12:00:00,5.6690000000000005,0.0
1980-07-21 12:00:00,6.1471,0.0
1980-07-23 12:00:00,6.8034,0.0
1980-07-24 12:00:00,7.0856,0.0
1980-07-25 12:00:00,7.2831,0.0
1980-07-27 12:00:00,7.6013,0.0
1980-07-28 12:00:00,7.857200000000001,0.0
1980-07-31 12:00:00,8.8107,0.0
1980-08-02 12:00:00,10.285300000000001,0.0
1980-08-03 12:00:00,11.436200000000001,0.0
1980-08-04 12:00:00,12.0641,0.0
1980-08-06 12:00:00,12.5515,0.0
1980-08-07 12:00:00,12.6225,0.0
1980-08-08 12:00:00,12.7584,0.0
1980-08-09 12:00:00,12.9121,0.0
1980-08-10 12:00:00,13.4044,0.0
1980-08-11 12:00:00,56.1094,0.0
1980-08-12 12:00:00,38.7289,0.0
1980-08-13 12:00:00,22.8321,0.0
1980-08-14 12:00:00,23.4401,0.0
1980-08-15 12:00:00,101.756,0.0
1980-08-16 12:00:00,57.3128,0.0
1980-08-17 12:00:00,42.266600000000004,0.0
1980-08-18 12:00:00,40.292,0.0
1980-08-19 12:00:00,37.7646,0.0
1980-08-20 12:00:00,34.7119,0.0
1980-08-21 12:00:00,32.9724,0.0
1980-08-22 12:00:00,31.518700000000003,0.0
1980-08-23 12:00:00,29.286800000000003,0.0
1980-08-24 12:00:00,28.387700000000002,0.0
1980-08-25 12:00:00,54.3052,0.0
1980-08-26 12:00:00,38.1543,0.0
1980-08-27 12:00:00,33.024100000000004,0.0
1980-08-28 12:00:00,32.702400000000004,0.0
1980-08-29 12:00:00,33.7633,0.0
1980-08-30 12:00:00,34.6021,0.0
1980-08-31 12:00:00,32.1766,0.0
1980-09-01 12:00:00,34.1754,0.0
1980-09-02 12:00:00,33.5292,0.0
1980-09-03 12:00:00,35.6492,0.0
1980-09-04 12:00:00,36.988,0.0
1980-09-05 12:00:00,34.8188,0.0
1980-09-06 12:00:00,33.3557,0.0
1980-09-07 12:00:00,32.3649,0.0
1980-09-08 12:00:00,31.267100000000003,0.0
1980-09-09 12:00:00,30.6203,0.0
1980-09-10 12:00:00,29.458000000000002,0.0
1980-09-11 12:00:00,27.726200000000002,0.0
1980-09-12 12:00:00,32.186,0.0
1980-09-13 12:00:00,30.951,0.0
1980-09-14 12:00:00,28.2159,0.0
1980-09-15 12:00:00,26.561600000000002,0.0
1980-09-16 12:00:00,25.0687,0.0
1980-09-17 12:00:00,22.8111,0.0
1980-09-18 12:00:00,20.8689,0.0
1980-09-19 12:00:00,19.452,0.0
1980-09-20 12:00:00,18.4342,0.0
1980-09-21 12:00:00,29.1902,0.0
1980-09-22 12:00:00,23.8263,0.0
1980-09-23 12:00:00,12.4235,0.0
1980-09-24 12:00:00,10.4159,0.0
1980-09-25 12:00:00,11.4412,0.0
1980-09-26 12:00:00,11.9402,0.0
1980-09-27 12:00:00,10.344000000000001,0.0
1980-09-28 12:00:00,9.094100000000001,0.0
1980-09-29 12:00:00,8.2203,0.0
1980-09-30 12:00:00,8.209900000000001,0.0
1980-10-01 12:00:00,8.5317,0.0
1980-10-02 12:00:00,8.8407,0.0
1980-10-03 12:00:00,9.3919,0.0
1980-10-04 12:00:00,8.265,0.0
1980-10-05 12:00:00,7.622400000000001,0.0
1980-10-06 12:00:00,7.271,0.0
1980-10-07 12:00:00,7.3274,0.0
1980-10-08 12:00:00,8.0573,0.0
1980-10-09 12:00:00,8.8092,0.0
1980-10-10 12:00:00,8.2727,0.0
1980-10-11 12:00:00,7.8729000000000005,0.0
1980-10-12 12:00:00,7.440600000000001,0.0
1980-10-13 12:00:00,7.3047,0.0
1980-10-14 12:00:00,7.2403,0.0
1980-10-15 12:00:00,7.374300000000001,0.0
1980-10-20 12:00:00,8.2537,0.0
1980-10-21 12:00:00,8.2073,0.0
1980-10-22 12:00:00,7.7317,0.0
1980-10-23 12:00:00,7.1648000000000005,0.0
1980-10-24 12:00:00,6.883100000000001,0.0
1980-10-25 12:00:00,6.8144,0.0
1980-10-26 12:00:00,6.9694,0.0
1980-10-27 12:00:00,6.8316,0.0
1980-10-28 12:00:00,13.339400000000001,0.0
1980-10-29 12:00:00,11.308300000000001,0.0
1980-10-30 12:00:00,9.0985,0.0
1980-10-31 12:00:00,10.122300000000001,0.0
1980-11-01 12:00:00,11.4201,0.0
1980-11-02 12:00:00,15.8359,0.0
1980-11-03 12:00:00,12.8072,0.0
1980-11-04 12:00:00,12.0777,0.0
1980-11-05 12:00:00,10.607800000000001,0.0
1980-11-06 12:00:00,10.858,0.0
1980-11-07 12:00:00,13.7878,0.0
1980-11-08 12:00:00,14.9495,0.0
1980-11-09 12:00:00,13.6605,0.0
1980-11-10 12:00:00,12.866000000000001,0.0
1980-11-11 12:00:00,11.874500000000001,0.0
1980-11-12 12:00:00,10.8542,0.0
1980-11-13 12:00:00,10.0802,0.0
1980-11-14 12:00:00,9.647,0.0
1980-11-15 12:00:00,8.984300000000001,0.0
1980-11-16 12:00:00,8.3596,0.0
1980-11-17 12:00:00,7.628500000000001,0.0
1980-11-18 12:00:00,7.2911,0.0
1980-11-19 12:00:00,8.883000000000001,0.0
1980-11-20 12:00:00,8.2261,0.0
1980-11-21 12:00:00,7.755400000000001,0.0
1980-11-22 12:00:00,6.871300000000001,0.0
1980-11-24 12:00:00,7.2753000000000005,0.0
1980-11-25 12:00:00,7.6176,0.0
1980-11-26 12:00:00,7.3917,0.0
1980-11-27 12:00:00,7.5667,0.0
1980-11-28 12:00:00,6.7702,0.0
1980-11-30 12:00:00,6.7194,0.0
1980-12-01 12:00:00,5.977600000000001,0.0
1980-12-02 12:00:00,5.4941,0.0
1980-12-03 12:00:00,5.2027,0.0
1980-12-04 12:00:00,4.9428,0.0
1980-12-05 12:00:00,4.7668,0.0
1980-12-06 12:00:00,4.5242,0.0
1980-12-07 12:00:00,4.5609,0.0
1980-12-08 12:00:00,4.5075,0.0
1980-12-09 12:00:00,4.2862,0.0
1980-12-10 12:00:00,4.1169,0.0
1980-12-12 12:00:00,3.7611000000000003,0.0
1980-12-13 12:00:00,3.5677000000000003,0.0
1980-12-14 12:00:00,3.6321000000000003,0.0
1980-12-15 12:00:00,3.85,0.0
1980-12-16 12:00:00,3.4442000000000004,0.0
1980-12-17 12:00:00,3.3482000000000003,0.0
1980-12-18 12:00:00,3.4981,0.0
1980-12-19 12:00:00,3.3111,0.0
1980-12-21 12:00:00,3.8455000000000004,0.0
1980-12-22 12:00:00,3.4691,0.0
1980-12-23 12:00:00,3.0755000000000003,0.0
1980-12-24 12:00:00,2.9326000000000003,0.0
1980-12-25 12:00:00,4.2953,0.0
1980-12-26 12:00:00,3.305,0.0
1980-12-27 12:00:00,2.9572000000000003,0.0
1980-12-28 12:00:00,2.7282,0.0
1981-01-01 12:00:00,2.5682,0.0
1981-01-02 12:00:00,2.3433,0.0
1981-01-04 12:00:00,2.4626,0.0
1981-01-05 12:00:00,2.2407,0.0
1981-01-07 12:00:00,2.1782,0.0
1981-01-09 12:00:00,2.0721000000000003,0.0
1981-01-10 12:00:00,1.9573,0.0
1981-01-11 12:00:00,1.877,0.0
1981-01-12 12:00:00,2.4072,0.0
1981-01-13 12:00:00,2.2644,0.0
1981-01-14 12:00:00,2.0776,0.0
1981-01-15 12:00:00,1.9108,0.0
1981-01-16 12:00:00,1.8111000000000002,0.0
1981-01-17 12:00:00,1.798,0.0
1981-01-18 12:00:00,1.7405000000000002,0.0
1981-01-19 12:00:00,3.0007,0.0
1981-01-20 12:00:00,3.5497,0.0
1981-01-21 12:00:00,2.1245000000000003,0.0
1981-01-23 12:00:00,1.8421,0.0
1981-01-24 12:00:00,1.7331,0.0
1981-01-29 12:00:00,1.6515000000000002,0.0
1981-01-30 12:00:00,1.6560000000000001,0.0
1981-02-01 12:00:00,1.5401,0.0
1981-02-04 12:00:00,1.4306,0.0
1981-02-05 12:00:00,1.3773,0.0
1981-02-09 12:00:00,1.3331000000000002,0.0
1981-02-10 12:00:00,1.4456,0.0
1981-02-11 12:00:00,1.5213,0.0
1981-02-12 12:00:00,1.4011,0.0
1981-02-13 12:00:00,1.3711,0.0
1981-02-14 12:00:00,1.5057,0.0
1981-02-15 12:00:00,1.4481000000000002,0.0
1981-02-16 12:00:00,1.6449,0.0
1981-02-17 12:00:00,1.5165000000000002,0.0
1981-02-18 12:00:00,1.4984000000000002,0.0
1981-02-19 12:00:00,1.9655,0.0
1981-02-20 12:00:00,1.5272000000000001,0.0
1981-02-21 12:00:00,1.4102000000000001,0.0
1981-02-22 12:00:00,2.1191,0.0
1981-02-23 12:00:00,2.7354000000000003,0.0
1981-02-24 12:00:00,2.0514,0.0
1981-02-25 12:00:00,1.7365000000000002,0.0
1981-02-26 12:00:00,1.5775000000000001,0.0
1981-02-27 12:00:00,1.5363,0.0
1981-03-01 12:00:00,1.4333,0.0
1981-03-03 12:00:00,1.482,0.0
1981-03-05 12:00:00,2.0888,0.0
1981-03-06 12:00:00,9.3447,0.0
1981-03-07 12:00:00,13.7279,0.0
1981-03-08 12:00:00,17.334,0.0
1981-03-09 12:00:00,15.605300000000002,0.0
1981-03-10 12:00:00,8.353,0.0
1981-03-11 12:00:00,5.9625,0.0
1981-03-12 12:00:00,4.9406,0.0
1981-03-13 12:00:00,4.137700000000001,0.0
1981-03-14 12:00:00,3.684,0.0
1981-03-15 12:00:00,3.9709000000000003,0.0
1981-03-16 12:00:00,3.5895,0.0
1981-03-17 12:00:00,3.3276000000000003,0.0
1981-03-18 12:00:00,3.2677,0.0
1981-03-19 12:00:00,3.004,0.0
1981-03-21 12:00:00,2.8137000000000003,0.0
1981-03-23 12:00:00,4.1662,0.0
1981-03-24 12:00:00,3.9543000000000004,0.0
1981-03-25 12:00:00,3.8890000000000002,0.0
1981-03-26 12:00:00,3.8989000000000003,0.0
1981-03-28 12:00:00,3.7217000000000002,0.0
1981-03-29 12:00:00,3.443,0.0
1981-03-30 12:00:00,3.2766,0.0
1981-03-31 12:00:00,3.1681000000000004,0.0
1981-04-01 12:00:00,3.0507,0.0
1981-04-02 12:00:00,2.9396,0.0
1981-04-03 12:00:00,2.8402000000000003,0.0
1981-04-06 12:00:00,2.7885,0.0
1981-04-09 12:00:00,2.587,0.0
1981-04-10 12:00:00,2.7904,0.0
1981-04-11 12:00:00,2.8386,0.0
1981-04-12 12:00:00,2.6467,0.0
1981-04-13 12:00:00,2.5367,0.0
1981-04-16 12:00:00,2.5187,0.0
1981-04-17 12:00:00,2.8706,0.0
1981-04-18 12:00:00,2.9658,0.0
1981-04-19 12:00:00,5.7588,0.0
1981-04-20 12:00:00,4.4167000000000005,0.0
1981-04-21 12:00:00,3.8101000000000003,0.0
1981-04-22 12:00:00,3.5577,0.0
1981-04-23 12:00:00,8.736500000000001,0.0
1981-04-24 12:00:00,6.425000000000001,0.0
1981-04-25 12:00:00,13.903300000000002,0.0
1981-04-26 12:00:00,13.458300000000001,0.0
1981-04-27 12:00:00,10.116800000000001,0.0
1981-04-28 12:00:00,8.059700000000001,0.0
1981-04-29 12:00:00,8.6816,0.0
1981-04-30 12:00:00,7.323,0.0
1981-05-01 12:00:00,6.5826,0.0
1981-05-02 12:00:00,6.164000000000001,0.0
1981-05-03 12:00:00,5.8402,0.0
1981-05-04 12:00:00,5.3931000000000004,0.0
1981-05-06 12:00:00,4.9474,0.0
1981-05-07 12:00:00,5.1833,0.0
1981-05-08 12:00:00,4.7375,0.0
1981-05-09 12:00:00,4.522,0.0
1981-05-10 12:00:00,5.3196,0.0
1981-05-11 12:00:00,9.7959,0.0
1981-05-12 12:00:00,9.6109,0.0
1981-05-13 12:00:00,8.467,0.0
1981-05-14 12:00:00,8.3686,0.0
1981-05-15 12:00:00,7.7233,0.0
1981-05-16 12:00:00,7.6097,0.0
1981-05-17 12:00:00,11.3725,0.0
1981-05-18 12:00:00,11.1761,0.0
1981-05-19 12:00:00,10.0998,0.0
1981-05-20 12:00:00,9.0588,0.0
1981-05-21 12:00:00,8.0434,0.0
1981-05-22 12:00:00,7.4548000000000005,0.0
1981-05-23 12:00:00,6.8192,0.0
1981-05-24 12:00:00,6.435700000000001,0.0
1981-05-25 12:00:00,6.0924000000000005,0.0
1981-05-26 12:00:00,5.7571,0.0
1981-05-27 12:00:00,5.5131000000000006,0.0
1981-05-28 12:00:00,5.2613,0.0
1981-05-29 12:00:00,5.1203,0.0
1981-05-30 12:00:00,5.0774,0.0
1981-05-31 12:00:00,4.943700000000001,0.0
1981-06-01 12:00:00,11.910300000000001,0.0
1981-06-02 12:00:00,23.817800000000002,0.0
1981-06-03 12:00:00,14.4404,0.0
1981-06-04 12:00:00,16.7289,0.0
1981-06-05 12:00:00,14.3496,0.0
1981-06-06 12:00:00,12.4734,0.0
1981-06-07 12:00:00,11.2009,0.0
1981-06-08 12:00:00,9.9295,0.0
1981-06-09 12:00:00,8.8888,0.0
1981-06-10 12:00:00,8.036900000000001,0.0
1981-06-11 12:00:00,7.5581000000000005,0.0
1981-06-12 12:00:00,7.3067,0.0
1981-06-13 12:00:00,7.9327000000000005,0.0
1981-06-14 12:00:00,11.0547,0.0
1981-06-15 12:00:00,11.427100000000001,0.0
1981-06-16 12:00:00,10.0996,0.0
1981-06-17 12:00:00,9.2002,0.0
1981-06-18 12:00:00,8.639100000000001,0.0
1981-06-19 12:00:00,7.7567,0.0
1981-06-20 12:00:00,7.3636,0.0
1981-06-21 12:00:00,6.9743,0.0
1981-06-22 12:00:00,6.636,0.0
1981-06-23 12:00:00,6.2066,0.0
1981-06-24 12:00:00,5.9139,0.0
1981-06-25 12:00:00,6.2546,0.0
1981-06-26 12:00:00,8.0447,0.0
1981-06-27 12:00:00,6.9908,0.0
1981-06-28 12:00:00,6.7883000000000004,0.0
1981-06-29 12:00:00,6.423900000000001,0.0
1981-06-30 12:00:00,6.1324000000000005,0.0
1981-07-01 12:00:00,6.387700000000001,0.0
1981-07-02 12:00:00,6.2658000000000005,0.0
1981-07-03 12:00:00,6.6767,0.0
1981-07-04 12:00:00,6.1342,0.0
1981-07-05 12:00:00,6.222700000000001,0.0
1981-07-06 12:00:00,6.2263,0.0
1981-07-07 12:00:00,6.359100000000001,0.0
1981-07-08 12:00:00,6.0193,0.0
1981-07-09 12:00:00,6.0403,0.0
1981-07-10 12:00:00,6.0242,0.0
1981-07-11 12:00:00,5.9129000000000005,0.0
1981-07-12 12:00:00,5.760400000000001,0.0
1981-07-13 12:00:00,5.6631,0.0
1981-07-14 12:00:00,5.764200000000001,0.0
1981-07-15 12:00:00,5.511900000000001,0.0
1981-07-16 12:00:00,5.2676,0.0
1981-07-17 12:00:00,5.7834,0.0
1981-07-18 12:00:00,5.436,0.0
1981-07-19 12:00:00,5.153700000000001,0.0
1981-07-20 12:00:00,5.1276,0.0
1981-07-21 12:00:00,5.0092,0.0
1981-07-22 12:00:00,5.014,0.0
1981-07-23 12:00:00,5.4096,0.0
1981-07-24 12:00:00,7.2765,0.0
1981-07-25 12:00:00,13.632800000000001,0.0
1981-07-26 12:00:00,10.610700000000001,0.0
1981-07-27 12:00:00,9.8465,0.0
1981-07-28 12:00:00,9.064,0.0
1981-07-29 12:00:00,10.9029,0.0
1981-07-30 12:00:00,13.2209,0.0
1981-07-31 12:00:00,15.8702,0.0
1981-08-01 12:00:00,15.767900000000001,0.0
1981-08-02 12:00:00,14.1346,0.0
1981-08-03 12:00:00,12.690800000000001,0.0
1981-08-04 12:00:00,11.288400000000001,0.0
1981-08-05 12:00:00,10.3683,0.0
1981-08-06 12:00:00,9.710600000000001,0.0
1981-08-07 12:00:00,9.1795,0.0
1981-08-08 12:00:00,9.0562,0.0
1981-08-09 12:00:00,8.6361,0.0
1981-08-10 12:00:00,8.7324,0.0
1981-08-11 12:00:00,8.136000000000001,0.0
1981-08-12 12:00:00,7.600300000000001,0.0
1981-08-13 12:00:00,7.2903,0.0
1981-08-14 12:00:00,7.1962,0.0
1981-08-15 12:00:00,7.0385,0.0
1981-08-16 12:00:00,6.8203000000000005,0.0
1981-08-17 12:00:00,7.0052,0.0
1981-08-18 12:00:00,7.4657,0.0
1981-08-19 12:00:00,7.0922,0.0
1981-08-20 12:00:00,6.8459,0.0
1981-08-21 12:00:00,6.650600000000001,0.0
1981-08-22 12:00:00,6.5412,0.0
1981-08-23 12:00:00,6.350700000000001,0.0
1981-08-24 12:00:00,6.2141,0.0
1981-08-25 12:00:00,6.1707,0.0
1981-08-26 12:00:00,5.853000000000001,0.0
1981-08-27 12:00:00,5.6363,0.0
1981-08-28 12:00:00,5.4278,0.0
1981-08-29 12:00:00,5.2697,0.0
1981-08-30 12:00:00,5.1536,0.0
1981-08-31 12:00:00,4.988,0.0
1981-09-01 12:00:00,4.879300000000001,0.0
1981-09-02 12:00:00,5.4297,0.0
1981-09-03 12:00:00,5.1665,0.0
1981-09-04 12:00:00,5.6332,0.0
1981-09-05 12:00:00,5.0958000000000006,0.0
1981-09-06 12:00:00,4.8654,0.0
1981-09-07 12:00:00,6.04,0.0
1981-09-08 12:00:00,8.609300000000001,0.0
1981-09-09 12:00:00,11.8118,0.0
1981-09-10 12:00:00,9.0487,0.0
1981-09-11 12:00:00,8.7977,0.0
1981-09-12 12:00:00,9.7452,0.0
1981-09-13 12:00:00,9.6107,0.0
1981-09-14 12:00:00,8.526,0.0
1981-09-15 12:00:00,8.2204,0.0
1981-09-16 12:00:00,7.562200000000001,0.0
1981-09-17 12:00:00,7.2582,0.0
1981-09-18 12:00:00,8.529200000000001,0.0
1981-09-19 12:00:00,10.283000000000001,0.0
1981-09-20 12:00:00,8.959,0.0
1981-09-21 12:00:00,7.9274000000000004,0.0
1981-09-22 12:00:00,7.4024,0.0
1981-09-23 12:00:00,7.2675,0.0
1981-09-24 12:00:00,8.6493,0.0
1981-09-25 12:00:00,9.554,0.0
1981-09-26 12:00:00,8.7582,0.0
1981-09-27 12:00:00,8.2589,0.0
1981-09-28 12:00:00,7.9023,0.0
1981-09-29 12:00:00,7.463500000000001,0.0
1981-09-30 12:00:00,6.9369000000000005,0.0
1981-10-01 12:00:00,8.618500000000001,0.0
1981-10-02 12:00:00,15.7758,0.0
1981-10-03 12:00:00,21.5865,0.0
1981-10-04 12:00:00,17.3366,0.0
1981-10-05 12:00:00,12.600900000000001,0.0
1981-10-06 12:00:00,10.506300000000001,0.0
1981-10-07 12:00:00,10.2722,0.0
1981-10-08 12:00:00,9.4717,0.0
1981-10-09 12:00:00,8.446100000000001,0.0
1981-10-10 12:00:00,8.447000000000001,0.0
1981-10-11 12:00:00,7.586,0.0
1981-10-12 12:00:00,7.105,0.0
1981-10-13 12:00:00,6.761900000000001,0.0
1981-10-14 12:00:00,6.551900000000001,0.0
1981-10-15 12:00:00,7.474200000000001,0.0
1981-10-16 12:00:00,7.7837000000000005,0.0
1981-10-17 12:00:00,7.3021,0.0
1981-10-18 12:00:00,6.6447,0.0
1981-10-19 12:00:00,6.3894,0.0
1981-10-20 12:00:00,6.1863,0.0
1981-10-21 12:00:00,6.1372,0.0
1981-10-22 12:00:00,8.439400000000001,0.0
1981-10-23 12:00:00,14.3476,0.0
1981-10-24 12:00:00,11.462100000000001,0.0
1981-10-25 12:00:00,9.966800000000001,0.0
1981-10-26 12:00:00,8.7592,0.0
1981-10-27 12:00:00,7.7397,0.0
1981-10-28 12:00:00,7.216200000000001,0.0
1981-10-29 12:00:00,7.0425,0.0
1981-10-30 12:00:00,6.7024,0.0
1981-10-31 12:00:00,6.3863,0.0
1981-11-01 12:00:00,5.969,0.0
1981-11-02 12:00:00,5.7012,0.0
1981-11-03 12:00:00,5.4229,0.0
1981-11-04 12:00:00,5.1976,0.0
1981-11-05 12:00:00,5.5360000000000005,0.0
1981-11-06 12:00:00,5.1616,0.0
1981-11-07 12:00:00,4.7506,0.0
1981-11-08 12:00:00,4.716,0.0
1981-11-09 12:00:00,4.4874,0.0
1981-11-10 12:00:00,4.273000000000001,0.0
1981-11-11 12:00:00,4.2028,0.0
1981-11-12 12:00:00,4.2414000000000005,0.0
1981-11-13 12:00:00,4.0697,0.0
1981-11-14 12:00:00,4.0749,0.0
1981-11-15 12:00:00,4.2881,0.0
1981-11-16 12:00:00,6.0764000000000005,0.0
1981-11-17 12:00:00,4.9942,0.0
1981-11-18 12:00:00,4.1087,0.0
1981-11-19 12:00:00,3.8425000000000002,0.0
1981-11-20 12:00:00,3.6092,0.0
1981-11-21 12:00:00,3.4612000000000003,0.0
1981-11-22 12:00:00,3.5419,0.0
1981-11-23 12:00:00,3.4176,0.0
1981-11-24 12:00:00,3.2734,0.0
1981-11-25 12:00:00,3.0849,0.0
1981-11-26 12:00:00,3.0616000000000003,0.0
1981-11-27 12:00:00,2.947,0.0
1981-11-28 12:00:00,2.8418,0.0
1981-11-29 12:00:00,2.7579000000000002,0.0
1981-11-30 12:00:00,3.0024,0.0
1981-12-01 12:00:00,2.9925,0.0
1981-12-02 12:00:00,2.716,0.0
1981-12-03 12:00:00,2.5627,0.0
1981-12-04 12:00:00,3.3937000000000004,0.0
1981-12-05 12:00:00,3.9897,0.0
1981-12-06 12:00:00,3.2589,0.0
1981-12-07 12:00:00,4.7079,0.0
1981-12-08 12:00:00,4.3731,0.0
1981-12-09 12:00:00,4.2511,0.0
1981-12-10 12:00:00,3.6504000000000003,0.0
1981-12-11 12:00:00,3.2958000000000003,0.0
1981-12-12 12:00:00,3.0977,0.0
1981-12-13 12:00:00,2.9684,0.0
1981-12-14 12:00:00,2.8823000000000003,0.0
1981-12-15 12:00:00,2.8377000000000003,0.0
1981-12-16 12:00:00,2.9353000000000002,0.0
1981-12-17 12:00:00,2.6846,0.0
1981-12-18 12:00:00,2.4478,0.0
1981-12-19 12:00:00,2.3126,0.0
1981-12-20 12:00:00,2.4708,0.0
1981-12-21 12:00:00,2.3189,0.0
1981-12-22 12:00:00,2.2285,0.0
1981-12-23 12:00:00,2.83,0.0
1981-12-24 12:00:00,2.6744000000000003,0.0
1981-12-25 12:00:00,2.2129000000000003,0.0
1981-12-26 12:00:00,2.1125000000000003,0.0
1981-12-27 12:00:00,2.1396,0.0
1981-12-28 12:00:00,2.1721,0.0
1981-12-29 12:00:00,2.1959,0.0
1981-12-30 12:00:00,2.1348000000000003,0.0
1981-12-31 12:00:00,1.9649,0.0
1982-01-01 12:00:00,1.9131,0.0
1982-01-02 12:00:00,2.0027,0.0
1982-01-03 12:00:00,2.2723,0.0
1982-01-04 12:00:00,2.4809,0.0
1982-01-05 12:00:00,2.1611000000000002,0.0
1982-01-06 12:00:00,2.0835,0.0
1982-01-07 12:00:00,2.0574,0.0
1982-01-08 12:00:00,1.8702,0.0
1982-01-09 12:00:00,1.756,0.0
1982-01-10 12:00:00,1.6905000000000001,0.0
1982-01-11 12:00:00,1.6171,0.0
1982-01-12 12:00:00,1.5669000000000002,0.0
1982-01-13 12:00:00,1.645,0.0
1982-01-14 12:00:00,1.7465000000000002,0.0
1982-01-15 12:00:00,1.5544,0.0
1982-01-16 12:00:00,1.4918,0.0
1982-01-17 12:00:00,1.4214,0.0
1982-01-18 12:00:00,1.4371,0.0
1982-01-19 12:00:00,1.4460000000000002,0.0
1982-01-20 12:00:00,1.3463,0.0
1982-01-21 12:00:00,2.7150000000000003,0.0
1982-01-22 12:00:00,2.3831,0.0
1982-01-23 12:00:00,1.725,0.0
1982-01-24 12:00:00,1.6477000000000002,0.0
1982-01-25 12:00:00,1.8477000000000001,0.0
1982-01-26 12:00:00,4.7111,0.0
1982-01-27 12:00:00,3.0954,0.0
1982-01-28 12:00:00,2.1244,0.0
1982-01-29 12:00:00,1.8238,0.0
1982-01-30 12:00:00,1.7182000000000002,0.0
1982-01-31 12:00:00,1.6558000000000002,0.0
1982-02-01 12:00:00,1.7052,0.0
1982-02-02 12:00:00,1.592,0.0
1982-02-03 12:00:00,1.5331000000000001,0.0
1982-02-04 12:00:00,1.9337000000000002,0.0
1982-02-05 12:00:00,2.6706000000000003,0.0
1982-02-06 12:00:00,1.9041000000000001,0.0
1982-02-07 12:00:00,1.6684,0.0
1982-02-08 12:00:00,1.6143,0.0
1982-02-09 12:00:00,2.0567,0.0
1982-02-10 12:00:00,1.9184,0.0
1982-02-11 12:00:00,1.6615,0.0
1982-02-12 12:00:00,1.5898,0.0
1982-02-13 12:00:00,1.5456,0.0
1982-02-14 12:00:00,1.4658,0.0
1982-02-15 12:00:00,1.4114,0.0
1982-02-16 12:00:00,1.3828,0.0
1982-02-17 12:00:00,1.4280000000000002,0.0
1982-02-18 12:00:00,1.8829,0.0
1982-02-19 12:00:00,1.6128,0.0
1982-02-20 12:00:00,1.5544,0.0
1982-02-21 12:00:00,1.4572,0.0
1982-02-22 12:00:00,1.3834,0.0
1982-02-23 12:00:00,1.4220000000000002,0.0
1982-02-24 12:00:00,1.458,0.0
1982-02-25 12:00:00,1.3732,0.0
1982-02-26 12:00:00,1.478,0.0
1982-02-27 12:00:00,1.4992,0.0
1982-02-28 12:00:00,1.9844000000000002,0.0
1982-03-01 12:00:00,2.0484,0.0
1982-03-02 12:00:00,2.1663,0.0
1982-03-03 12:00:00,1.7988000000000002,0.0
1982-03-04 12:00:00,1.6631,0.0
1982-03-05 12:00:00,1.6028,0.0
1982-03-06 12:00:00,1.5414,0.0
1982-03-07 12:00:00,1.5039,0.0
1982-03-08 12:00:00,1.4396,0.0
1982-03-09 12:00:00,1.435,0.0
1982-03-10 12:00:00,1.4256,0.0
1982-03-11 12:00:00,1.8281,0.0
1982-03-12 12:00:00,1.5958,0.0
1982-03-13 12:00:00,1.4726000000000001,0.0
1982-03-15 12:00:00,1.4385000000000001,0.0
1982-03-16 12:00:00,1.4043,0.0
1982-03-20 12:00:00,1.3706,0.0
1982-03-22 12:00:00,1.338,0.0
1982-03-24 12:00:00,1.31,0.0
1982-03-25 12:00:00,1.31,0.0
1982-03-26 12:00:00,1.3069000000000002,0.0
1982-03-28 12:00:00,1.28,0.0
1982-03-29 12:00:00,1.3987,0.0
1982-03-30 12:00:00,1.7747000000000002,0.0
1982-03-31 12:00:00,1.8492000000000002,0.0
1982-04-01 12:00:00,3.3576,0.0
1982-04-02 12:00:00,2.119,0.0
1982-04-03 12:00:00,1.7476,0.0
1982-04-04 12:00:00,1.6434,0.0
1982-04-05 12:00:00,1.7453,0.0
1982-04-06 12:00:00,1.9081000000000001,0.0
1982-04-07 12:00:00,2.873,0.0
1982-04-08 12:00:00,2.8188,0.0
1982-04-09 12:00:00,2.2223,0.0
1982-04-10 12:00:00,2.0127,0.0
1982-04-11 12:00:00,1.8928,0.0
1982-04-12 12:00:00,1.8820000000000001,0.0
1982-04-13 12:00:00,1.8714000000000002,0.0
1982-04-14 12:00:00,1.8118,0.0
1982-04-15 12:00:00,1.7376,0.0
1982-04-16 12:00:00,1.7338,0.0
1982-04-17 12:00:00,1.7473,0.0
1982-04-18 12:00:00,1.7668000000000001,0.0
1982-04-19 12:00:00,1.6994,0.0
1982-04-20 12:00:00,1.6619000000000002,0.0
1982-04-21 12:00:00,1.6249,0.0
1982-04-22 12:00:00,1.6789,0.0
1982-04-23 12:00:00,1.7734,0.0
1982-04-24 12:00:00,1.6956,0.0
1982-04-26 12:00:00,1.6656,0.0
1982-04-27 12:00:00,1.6619000000000002,0.0
1982-04-28 12:00:00,1.7603,0.0
1982-04-29 12:00:00,1.9277000000000002,0.0
1982-04-30 12:00:00,1.7730000000000001,0.0
1982-05-01 12:00:00,1.7910000000000001,0.0
1982-05-02 12:00:00,1.6994,0.0
1982-05-03 12:00:00,1.6619000000000002,0.0
1982-05-06 12:00:00,1.6934,0.0
1982-05-07 12:00:00,3.1466000000000003,0.0
1982-05-08 12:00:00,2.7793,0.0
1982-05-09 12:00:00,3.1823,0.0
1982-05-10 12:00:00,3.3009,0.0
1982-05-11 12:00:00,3.2416,0.0
1982-05-12 12:00:00,3.8549,0.0
1982-05-13 12:00:00,3.6636,0.0
1982-05-14 12:00:00,3.2774,0.0
1982-05-15 12:00:00,3.0231000000000003,0.0
1982-05-16 12:00:00,2.8397,0.0
1982-05-17 12:00:00,2.6999,0.0
1982-05-18 12:00:00,2.685,0.0
1982-05-19 12:00:00,20.422,0.0
1982-05-20 12:00:00,14.269400000000001,0.0
1982-05-21 12:00:00,59.6054,0.0
1982-05-22 12:00:00,31.2438,0.0
1982-05-23 12:00:00,17.4096,0.0
1982-05-24 12:00:00,12.564,0.0
1982-05-25 12:00:00,9.7725,0.0
1982-05-26 12:00:00,8.3292,0.0
1982-05-27 12:00:00,7.3818,0.0
1982-05-28 12:00:00,6.577500000000001,0.0
1982-05-29 12:00:00,6.2671,0.0
1982-05-30 12:00:00,5.9366,0.0
1982-05-31 12:00:00,5.6370000000000005,0.0
1982-06-01 12:00:00,5.4106000000000005,0.0
1982-06-02 12:00:00,6.3086,0.0
1982-06-03 12:00:00,8.7484,0.0
1982-06-04 12:00:00,7.876,0.0
1982-06-05 12:00:00,7.2849,0.0
1982-06-06 12:00:00,6.957800000000001,0.0
1982-06-07 12:00:00,6.4905,0.0
1982-06-08 12:00:00,6.0951,0.0
1982-06-09 12:00:00,5.6686000000000005,0.0
1982-06-10 12:00:00,5.6497,0.0
1982-06-11 12:00:00,5.678100000000001,0.0
1982-06-12 12:00:00,5.4285000000000005,0.0
1982-06-13 12:00:00,5.1237,0.0
1982-06-14 12:00:00,4.7095,0.0
1982-06-15 12:00:00,4.4767,0.0
1982-06-16 12:00:00,4.2784,0.0
1982-06-17 12:00:00,4.0885,0.0
1982-06-18 12:00:00,3.9568000000000003,0.0
1982-06-19 12:00:00,3.7995,0.0
1982-06-20 12:00:00,3.8319,0.0
1982-06-21 12:00:00,4.7473,0.0
1982-06-22 12:00:00,4.4110000000000005,0.0
1982-06-23 12:00:00,3.9618,0.0
1982-06-24 12:00:00,4.094,0.0
1982-06-25 12:00:00,4.4237,0.0
1982-06-26 12:00:00,3.9266,0.0
1982-06-27 12:00:00,3.5738000000000003,0.0
1982-06-28 12:00:00,3.4481,0.0
1982-06-29 12:00:00,3.2486,0.0
1982-06-30 12:00:00,2.9404000000000003,0.0
1982-07-01 12:00:00,2.8283,0.0
1982-07-02 12:00:00,2.613,0.0
1982-07-03 12:00:00,2.5633,0.0
1982-07-04 12:00:00,2.6444,0.0
1982-07-05 12:00:00,2.9408000000000003,0.0
1982-07-06 12:00:00,2.6816,0.0
1982-07-07 12:00:00,2.8942,0.0
1982-07-08 12:00:00,2.9942,0.0
1982-07-09 12:00:00,2.7642,0.0
1982-07-10 12:00:00,2.6614,0.0
1982-07-11 12:00:00,3.019,0.0
1982-07-12 12:00:00,3.1955,0.0
1982-07-13 12:00:00,2.9966,0.0
1982-07-14 12:00:00,2.7783,0.0
1982-07-15 12:00:00,2.8372,0.0
1982-07-16 12:00:00,2.7742,0.0
1982-07-17 12:00:00,4.0974,0.0
1982-07-18 12:00:00,3.3104,0.0
1982-07-19 12:00:00,2.8360000000000003,0.0
1982-07-20 12:00:00,2.724,0.0
1982-07-21 12:00:00,2.6282,0.0
1982-07-22 12:00:00,2.5297,0.0
1982-07-23 12:00:00,2.2676000000000003,0.0
1982-07-24 12:00:00,2.5286,0.0
1982-07-25 12:00:00,2.5375,0.0
1982-07-26 12:00:00,2.5187,0.0
1982-07-27 12:00:00,2.4941,0.0
1982-07-28 12:00:00,2.4542,0.0
1982-07-29 12:00:00,2.4987,0.0
1982-07-30 12:00:00,8.9666,0.0
1982-07-31 12:00:00,10.8032,0.0
1982-08-01 12:00:00,6.8462000000000005,0.0
1982-08-02 12:00:00,4.8101,0.0
1982-08-03 12:00:00,4.4424,0.0
1982-08-04 12:00:00,5.6705000000000005,0.0
1982-08-05 12:00:00,5.0389,0.0
1982-08-06 12:00:00,4.3260000000000005,0.0
1982-08-07 12:00:00,4.0091,0.0
1982-08-08 12:00:00,3.8169000000000004,0.0
1982-08-09 12:00:00,4.4066,0.0
1982-08-10 12:00:00,5.3094,0.0
1982-08-11 12:00:00,4.072900000000001,0.0
1982-08-12 12:00:00,3.7305,0.0
1982-08-13 12:00:00,10.0843,0.0
1982-08-14 12:00:00,7.0654,0.0
1982-08-15 12:00:00,5.5995,0.0
1982-08-16 12:00:00,5.1083,0.0
1982-08-17 12:00:00,4.8684,0.0
1982-08-18 12:00:00,4.3950000000000005,0.0
1982-08-19 12:00:00,4.405,0.0
1982-08-20 12:00:00,4.385,0.0
1982-08-21 12:00:00,5.2531,0.0
1982-08-22 12:00:00,5.4116,0.0
1982-08-23 12:00:00,4.7796,0.0
1982-08-24 12:00:00,8.7887,0.0
1982-08-25 12:00:00,9.0868,0.0
1982-08-26 12:00:00,7.668100000000001,0.0
1982-08-27 12:00:00,10.147300000000001,0.0
1982-08-28 12:00:00,11.8712,0.0
1982-08-29 12:00:00,9.921000000000001,0.0
1982-08-30 12:00:00,27.395,0.0
1982-08-31 12:00:00,24.5057,0.0
1982-09-01 12:00:00,16.945700000000002,0.0
1982-09-02 12:00:00,13.6669,0.0
1982-09-03 12:00:00,12.2383,0.0
1982-09-04 12:00:00,12.156,0.0
1982-09-05 12:00:00,10.4372,0.0
1982-09-06 12:00:00,9.5258,0.0
1982-09-07 12:00:00,10.7248,0.0
1982-09-08 12:00:00,11.393500000000001,0.0
1982-09-09 12:00:00,10.382800000000001,0.0
1982-09-10 12:00:00,10.713700000000001,0.0
1982-09-11 12:00:00,11.027000000000001,0.0
1982-09-12 12:00:00,10.009,0.0
1982-09-13 12:00:00,9.2422,0.0
1982-09-14 12:00:00,8.319600000000001,0.0
1982-09-15 12:00:00,7.61,0.0
1982-09-16 12:00:00,7.162100000000001,0.0
1982-09-17 12:00:00,6.7705,0.0
1982-09-18 12:00:00,6.8819,0.0
1982-09-19 12:00:00,6.65,0.0
1982-09-20 12:00:00,5.9973,0.0
1982-09-21 12:00:00,5.7,0.0
1982-09-22 12:00:00,5.5172,0.0
1982-09-23 12:00:00,5.4577,0.0
1982-09-24 12:00:00,5.7006000000000006,0.0
1982-09-25 12:00:00,6.2465,0.0
1982-09-26 12:00:00,5.9522,0.0
1982-09-27 12:00:00,5.3683000000000005,0.0
1982-09-28 12:00:00,5.0152,0.0
1982-09-29 12:00:00,4.7743,0.0
1982-09-30 12:00:00,4.633500000000001,0.0
1982-10-01 12:00:00,4.7331,0.0
1982-10-02 12:00:00,4.5552,0.0
1982-10-03 12:00:00,4.3569,0.0
1982-10-04 12:00:00,4.1742,0.0
1982-10-05 12:00:00,4.0107,0.0
1982-10-06 12:00:00,3.8262,0.0
1982-10-07 12:00:00,3.73,0.0
1982-10-08 12:00:00,3.6636,0.0
1982-10-09 12:00:00,3.7255000000000003,0.0
1982-10-10 12:00:00,3.5764,0.0
1982-10-11 12:00:00,3.4259,0.0
1982-10-12 12:00:00,3.2582,0.0
1982-10-13 12:00:00,3.6938,0.0
1982-10-14 12:00:00,10.1508,0.0
1982-10-15 12:00:00,8.2727,0.0
1982-10-16 12:00:00,6.3311,0.0
1982-10-17 12:00:00,5.4608,0.0
1982-10-18 12:00:00,4.8526,0.0
1982-10-19 12:00:00,4.5683,0.0
1982-10-20 12:00:00,4.4653,0.0
1982-10-21 12:00:00,4.3863,0.0
1982-10-22 12:00:00,4.9776,0.0
1982-10-23 12:00:00,5.1951,0.0
1982-10-24 12:00:00,9.3201,0.0
1982-10-25 12:00:00,12.081100000000001,0.0
1982-10-26 12:00:00,22.9891,0.0
1982-10-27 12:00:00,20.6567,0.0
1982-10-28 12:00:00,20.1831,0.0
1982-10-29 12:00:00,20.9725,0.0
1982-10-30 12:00:00,23.9325,0.0
1982-10-31 12:00:00,23.584500000000002,0.0
1982-11-01 12:00:00,16.759600000000002,0.0
1982-11-02 12:00:00,14.310400000000001,0.0
1982-11-03 12:00:00,12.9299,0.0
1982-11-04 12:00:00,11.8277,0.0
1982-11-05 12:00:00,12.1163,0.0
1982-11-06 12:00:00,11.894300000000001,0.0
1982-11-07 12:00:00,11.8262,0.0
1982-11-08 12:00:00,9.7055,0.0
1982-11-09 12:00:00,8.3672,0.0
1982-11-10 12:00:00,15.259300000000001,0.0
1982-11-11 12:00:00,14.8267,0.0
1982-11-12 12:00:00,12.1836,0.0
1982-11-13 12:00:00,10.4451,0.0
1982-11-14 12:00:00,9.519400000000001,0.0
1982-11-15 12:00:00,8.5771,0.0
1982-11-16 12:00:00,8.3376,0.0
1982-11-17 12:00:00,9.860100000000001,0.0
1982-11-18 12:00:00,15.2584,0.0
1982-11-19 12:00:00,14.512500000000001,0.0
1982-11-20 12:00:00,15.657,0.0
1982-11-21 12:00:00,13.2361,0.0
1982-11-22 12:00:00,11.384,0.0
1982-11-23 12:00:00,10.0221,0.0
1982-11-24 12:00:00,9.2956,0.0
1982-11-25 12:00:00,10.7692,0.0
1982-11-26 12:00:00,10.1194,0.0
1982-11-27 12:00:00,15.5081,0.0
1982-11-28 12:00:00,14.731900000000001,0.0
1982-11-29 12:00:00,16.1542,0.0
1982-11-30 12:00:00,15.880500000000001,0.0
1982-12-01 12:00:00,14.6042,0.0
1982-12-02 12:00:00,13.1929,0.0
1982-12-03 12:00:00,11.2614,0.0
1982-12-04 12:00:00,10.2627,0.0
1982-12-05 12:00:00,9.3087,0.0
1982-12-06 12:00:00,8.7271,0.0
1982-12-07 12:00:00,7.5993,0.0
1982-12-08 12:00:00,6.9455,0.0
1982-12-09 12:00:00,6.853400000000001,0.0
1982-12-10 12:00:00,7.409000000000001,0.0
1982-12-11 12:00:00,9.3286,0.0
1982-12-12 12:00:00,7.1207,0.0
1982-12-13 12:00:00,6.1685,0.0
1982-12-14 12:00:00,5.7283,0.0
1982-12-15 12:00:00,5.415500000000001,0.0
1982-12-16 12:00:00,5.1309000000000005,0.0
1982-12-17 12:00:00,5.0014,0.0
1982-12-18 12:00:00,4.8278,0.0
1982-12-19 12:00:00,4.578,0.0
1982-12-20 12:00:00,4.5537,0.0
1982-12-21 12:00:00,4.5124,0.0
1982-12-22 12:00:00,4.1524,0.0
1982-12-23 12:00:00,3.8536,0.0
1982-12-24 12:00:00,6.4271,0.0
1982-12-25 12:00:00,4.839700000000001,0.0
1982-12-26 12:00:00,4.6343000000000005,0.0
1982-12-27 12:00:00,4.1699,0.0
1982-12-28 12:00:00,3.974,0.0
1982-12-29 12:00:00,3.7451000000000003,0.0
1982-12-30 12:00:00,3.6061,0.0
1982-12-31 12:00:00,3.4353000000000002,0.0
1983-01-01 12:00:00,3.3346,0.0
1983-01-02 12:00:00,3.1881,0.0
1983-01-03 12:00:00,3.2166,0.0
1983-01-04 12:00:00,3.1399000000000004,0.0
1983-01-05 12:00:00,3.1373,0.0
1983-01-06 12:00:00,3.5633000000000004,0.0
1983-01-07 12:00:00,3.2161,0.0
1983-01-08 12:00:00,2.9944,0.0
1983-01-09 12:00:00,3.0825,0.0
1983-01-10 12:00:00,3.9039,0.0
1983-01-11 12:00:00,4.8623,0.0
1983-01-12 12:00:00,41.3209,0.0
1983-01-13 12:00:00,22.7495,0.0
1983-01-14 12:00:00,14.1097,0.0
1983-01-15 12:00:00,11.8397,0.0
1983-01-16 12:00:00,9.2653,0.0
1983-01-17 12:00:00,8.0375,0.0
1983-01-18 12:00:00,7.8669,0.0
1983-01-19 12:00:00,7.111400000000001,0.0
1983-01-20 12:00:00,6.470400000000001,0.0
1983-01-21 12:00:00,6.6353,0.0
1983-01-22 12:00:00,5.7922,0.0
1983-01-23 12:00:00,5.397600000000001,0.0
1983-01-24 12:00:00,5.4013,0.0
1983-01-25 12:00:00,5.1102,0.0
1983-01-26 12:00:00,4.728800000000001,0.0
1983-01-27 12:00:00,4.4804,0.0
1983-01-28 12:00:00,4.3552,0.0
1983-01-29 12:00:00,4.1639,0.0
1983-01-30 12:00:00,3.9945000000000004,0.0
1983-01-31 12:00:00,3.8179000000000003,0.0
1983-02-01 12:00:00,3.6041000000000003,0.0
1983-02-02 12:00:00,3.3913,0.0
1983-02-03 12:00:00,3.4027000000000003,0.0
1983-02-04 12:00:00,3.3128,0.0
1983-02-05 12:00:00,3.2149,0.0
1983-02-06 12:00:00,3.2425,0.0
1983-02-07 12:00:00,3.0492000000000004,0.0
1983-02-08 12:00:00,3.0338000000000003,0.0
1983-02-09 12:00:00,2.9952,0.0
1983-02-10 12:00:00,2.7712000000000003,0.0
1983-02-11 12:00:00,2.6375,0.0
1983-02-12 12:00:00,2.5818000000000003,0.0
1983-02-13 12:00:00,2.5279000000000003,0.0
1983-02-14 12:00:00,2.4177,0.0
1983-02-15 12:00:00,2.3673,0.0
1983-02-16 12:00:00,2.3021000000000003,0.0
1983-02-17 12:00:00,2.2719,0.0
1983-02-18 12:00:00,2.5009,0.0
1983-02-19 12:00:00,2.2989,0.0
1983-02-20 12:00:00,2.1846,0.0
1983-02-21 12:00:00,2.2777000000000003,0.0
1983-02-22 12:00:00,2.2938,0.0
1983-02-23 12:00:00,2.5377,0.0
1983-02-24 12:00:00,2.5862000000000003,0.0
1983-02-25 12:00:00,2.2569,0.0
1983-02-26 12:00:00,2.128,0.0
1983-02-27 12:00:00,2.104,0.0
1983-02-28 12:00:00,2.1387,0.0
1983-03-01 12:00:00,1.9825000000000002,0.0
1983-03-02 12:00:00,2.0979,0.0
1983-03-03 12:00:00,2.0207,0.0
1983-03-04 12:00:00,1.9535,0.0
1983-03-05 12:00:00,1.8272000000000002,0.0
1983-03-06 12:00:00,1.8019,0.0
1983-03-07 12:00:00,1.7364000000000002,0.0
1983-03-08 12:00:00,1.7997,0.0
1983-03-09 12:00:00,6.551,0.0
1983-03-10 12:00:00,3.9491,0.0
1983-03-11 12:00:00,2.5183,0.0
1983-03-12 12:00:00,2.152,0.0
1983-03-13 12:00:00,2.0308,0.0
1983-03-14 12:00:00,1.8705,0.0
1983-03-15 12:00:00,1.8175000000000001,0.0
1983-03-16 12:00:00,1.8077,0.0
1983-03-17 12:00:00,1.7354,0.0
1983-03-18 12:00:00,1.6962000000000002,0.0
1983-03-19 12:00:00,1.6087,0.0
1983-03-20 12:00:00,1.6053000000000002,0.0
1983-03-21 12:00:00,1.5833000000000002,0.0
1983-03-22 12:00:00,1.5833000000000002,0.0
1983-03-23 12:00:00,1.6801000000000001,0.0
1983-03-24 12:00:00,2.3623000000000003,0.0
1983-03-25 12:00:00,1.999,0.0
1983-03-26 12:00:00,1.8779000000000001,0.0
1983-03-27 12:00:00,2.2124,0.0
1983-03-28 12:00:00,2.1656,0.0
1983-03-29 12:00:00,2.0835,0.0
1983-03-30 12:00:00,1.8391000000000002,0.0
1983-03-31 12:00:00,1.8232000000000002,0.0
1983-04-01 12:00:00,1.9492,0.0
1983-04-02 12:00:00,2.2496,0.0
1983-04-03 12:00:00,1.9191,0.0
1983-04-04 12:00:00,1.8276000000000001,0.0
1983-04-05 12:00:00,1.7788000000000002,0.0
1983-04-06 12:00:00,3.1754000000000002,0.0
1983-04-07 12:00:00,2.7624,0.0
1983-04-08 12:00:00,2.6866000000000003,0.0
1983-04-09 12:00:00,2.6247000000000003,0.0
1983-04-10 12:00:00,2.4444,0.0
1983-04-11 12:00:00,2.3225000000000002,0.0
1983-04-12 12:00:00,2.1768,0.0
1983-04-13 12:00:00,2.3072,0.0
1983-04-14 12:00:00,13.894300000000001,0.0
1983-04-15 12:00:00,10.0411,0.0
1983-04-16 12:00:00,6.479100000000001,0.0
1983-04-17 12:00:00,5.1827000000000005,0.0
1983-04-18 12:00:00,4.5853,0.0
1983-04-19 12:00:00,4.2333,0.0
1983-04-20 12:00:00,6.898700000000001,0.0
1983-04-21 12:00:00,7.7046,0.0
1983-04-22 12:00:00,6.6394,0.0
1983-04-23 12:00:00,6.0018,0.0
1983-04-24 12:00:00,5.354900000000001,0.0
1983-04-25 12:00:00,5.1389000000000005,0.0
1983-04-26 12:00:00,24.5794,0.0
1983-04-27 12:00:00,17.6176,0.0
1983-04-28 12:00:00,13.242700000000001,0.0
1983-04-29 12:00:00,10.874400000000001,0.0
1983-04-30 12:00:00,9.103200000000001,0.0
1983-05-01 12:00:00,8.0089,0.0
1983-05-02 12:00:00,7.196400000000001,0.0
1983-05-03 12:00:00,6.5515,0.0
1983-05-04 12:00:00,7.3475,0.0
1983-05-05 12:00:00,9.8305,0.0
1983-05-06 12:00:00,7.861700000000001,0.0
1983-05-07 12:00:00,6.9813,0.0
1983-05-08 12:00:00,10.3678,0.0
1983-05-09 12:00:00,32.866,0.0
1983-05-10 12:00:00,27.0573,0.0
1983-05-11 12:00:00,20.4805,0.0
1983-05-12 12:00:00,16.547700000000003,0.0
1983-05-13 12:00:00,14.628,0.0
1983-05-14 12:00:00,13.073,0.0
1983-05-15 12:00:00,11.9718,0.0
1983-05-16 12:00:00,22.150000000000002,0.0
1983-05-17 12:00:00,24.309,0.0
1983-05-18 12:00:00,22.1336,0.0
1983-05-19 12:00:00,20.0008,0.0
1983-05-20 12:00:00,17.864900000000002,0.0
1983-05-21 12:00:00,16.0562,0.0
1983-05-22 12:00:00,14.7535,0.0
1983-05-23 12:00:00,13.9783,0.0
1983-05-24 12:00:00,13.065800000000001,0.0
1983-05-25 12:00:00,12.6777,0.0
1983-05-26 12:00:00,12.134300000000001,0.0
1983-05-27 12:00:00,11.441600000000001,0.0
1983-05-28 12:00:00,10.8322,0.0
1983-05-29 12:00:00,11.1761,0.0
1983-05-30 12:00:00,12.6812,0.0
1983-05-31 12:00:00,12.018,0.0
1983-06-01 12:00:00,10.7027,0.0
1983-06-02 12:00:00,9.6525,0.0
1983-06-03 12:00:00,8.9074,0.0
1983-06-04 12:00:00,8.503300000000001,0.0
1983-06-05 12:00:00,8.016,0.0
1983-06-06 12:00:00,7.6184,0.0
1983-06-07 12:00:00,7.2122,0.0
1983-06-08 12:00:00,7.0727,0.0
1983-06-09 12:00:00,7.455500000000001,0.0
1983-06-10 12:00:00,6.8986,0.0
1983-06-11 12:00:00,6.605700000000001,0.0
1983-06-12 12:00:00,6.4144000000000005,0.0
1983-06-13 12:00:00,7.2891,0.0
1983-06-14 12:00:00,9.420300000000001,0.0
1983-06-15 12:00:00,8.068,0.0
1983-06-16 12:00:00,7.405,0.0
1983-06-17 12:00:00,7.0583,0.0
1983-06-18 12:00:00,6.8097,0.0
1983-06-19 12:00:00,6.6675,0.0
1983-06-20 12:00:00,6.3523000000000005,0.0
1983-06-21 12:00:00,6.0727,0.0
1983-06-22 12:00:00,6.3613,0.0
1983-06-23 12:00:00,6.156000000000001,0.0
1983-06-24 12:00:00,5.898000000000001,0.0
1983-06-25 12:00:00,8.3186,0.0
1983-06-26 12:00:00,112.83940000000001,0.0
1983-06-27 12:00:00,53.6458,0.0
1983-06-28 12:00:00,33.2198,0.0
1983-06-29 12:00:00,25.1404,0.0
1983-06-30 12:00:00,21.5808,0.0
1983-07-01 12:00:00,19.136300000000002,0.0
1983-07-02 12:00:00,17.2508,0.0
1983-07-03 12:00:00,15.5728,0.0
1983-07-04 12:00:00,14.2927,0.0
1983-07-05 12:00:00,13.391200000000001,0.0
1983-07-06 12:00:00,12.831800000000001,0.0
1983-07-07 12:00:00,13.6071,0.0
1983-07-08 12:00:00,22.1739,0.0
1983-07-09 12:00:00,38.1117,0.0
1983-07-10 12:00:00,31.6883,0.0
1983-07-11 12:00:00,23.738200000000003,0.0
1983-07-12 12:00:00,19.8204,0.0
1983-07-13 12:00:00,17.5362,0.0
1983-07-14 12:00:00,15.811200000000001,0.0
1983-07-15 12:00:00,14.5944,0.0
1983-07-16 12:00:00,13.6636,0.0
1983-07-17 12:00:00,12.7454,0.0
1983-07-18 12:00:00,11.991100000000001,0.0
1983-07-19 12:00:00,11.204500000000001,0.0
1983-07-20 12:00:00,10.6418,0.0
1983-07-21 12:00:00,10.394,0.0
1983-07-22 12:00:00,10.7349,0.0
1983-07-23 12:00:00,10.735000000000001,0.0
1983-07-24 12:00:00,9.8492,0.0
1983-07-25 12:00:00,9.6671,0.0
1983-07-26 12:00:00,9.3962,0.0
1983-07-27 12:00:00,9.3673,0.0
1983-07-28 12:00:00,9.556600000000001,0.0
1983-07-29 12:00:00,10.0004,0.0
1983-07-30 12:00:00,16.9444,0.0
1983-07-31 12:00:00,32.156,0.0
1983-08-01 12:00:00,26.116300000000003,0.0
1983-08-02 12:00:00,24.528100000000002,0.0
1983-08-03 12:00:00,21.5308,0.0
1983-08-04 12:00:00,19.4299,0.0
1983-08-05 12:00:00,17.5506,0.0
1983-08-06 12:00:00,16.0315,0.0
1983-08-07 12:00:00,15.1042,0.0
1983-08-08 12:00:00,14.9716,0.0
1983-08-09 12:00:00,32.2249,0.0
1983-08-10 12:00:00,26.0886,0.0
1983-08-11 12:00:00,21.6463,0.0
1983-08-12 12:00:00,18.910700000000002,0.0
1983-08-13 12:00:00,16.5237,0.0
1983-08-14 12:00:00,15.118400000000001,0.0
1983-08-15 12:00:00,13.897200000000002,0.0
1983-08-16 12:00:00,12.9917,0.0
1983-08-17 12:00:00,12.2596,0.0
1983-08-18 12:00:00,12.537700000000001,0.0
1983-08-19 12:00:00,11.909,0.0
1983-08-20 12:00:00,12.814300000000001,0.0
1983-08-21 12:00:00,13.2356,0.0
1983-08-22 12:00:00,12.4905,0.0
1983-08-23 12:00:00,11.9307,0.0
1983-08-24 12:00:00,11.2018,0.0
1983-08-25 12:00:00,10.665000000000001,0.0
1983-08-26 12:00:00,10.312100000000001,0.0
1983-08-27 12:00:00,10.0465,0.0
1983-08-28 12:00:00,9.7735,0.0
1983-08-29 12:00:00,9.452300000000001,0.0
1983-08-30 12:00:00,9.1301,0.0
1983-08-31 12:00:00,9.228900000000001,0.0
1983-09-01 12:00:00,9.2947,0.0
1983-09-02 12:00:00,8.7309,0.0
1983-09-03 12:00:00,8.491900000000001,0.0
1983-09-04 12:00:00,8.257100000000001,0.0
1983-09-05 12:00:00,8.4457,0.0
1983-09-06 12:00:00,8.546800000000001,0.0
1983-09-07 12:00:00,11.766300000000001,0.0
1983-09-08 12:00:00,12.1561,0.0
1983-09-09 12:00:00,12.2992,0.0
1983-09-10 12:00:00,12.443900000000001,0.0
1983-09-11 12:00:00,20.537300000000002,0.0
1983-09-12 12:00:00,34.1858,0.0
1983-09-13 12:00:00,24.4986,0.0
1983-09-14 12:00:00,19.727500000000003,0.0
1983-09-15 12:00:00,16.9706,0.0
1983-09-16 12:00:00,15.238100000000001,0.0
1983-09-17 12:00:00,14.065800000000001,0.0
1983-09-18 12:00:00,13.2253,0.0
1983-09-19 12:00:00,12.4183,0.0
1983-09-20 12:00:00,26.0801,0.0
1983-09-21 12:00:00,25.4613,0.0
1983-09-22 12:00:00,28.3133,0.0
1983-09-23 12:00:00,69.39970000000001,0.0
1983-09-24 12:00:00,43.9204,0.0
1983-09-25 12:00:00,34.998400000000004,0.0
1983-09-26 12:00:00,31.1871,0.0
1983-09-27 12:00:00,28.753500000000003,0.0
1983-09-28 12:00:00,25.6905,0.0
1983-09-29 12:00:00,24.829900000000002,0.0
1983-09-30 12:00:00,24.826900000000002,0.0
1983-10-01 12:00:00,21.7853,0.0
1983-10-02 12:00:00,30.238100000000003,0.0
1983-10-03 12:00:00,27.2331,0.0
1983-10-04 12:00:00,23.9185,0.0
1983-10-05 12:00:00,21.608700000000002,0.0
1983-10-06 12:00:00,21.7254,0.0
1983-10-07 12:00:00,25.450100000000003,0.0
1983-10-08 12:00:00,29.467100000000002,0.0
1983-10-09 12:00:00,24.375400000000003,0.0
1983-10-10 12:00:00,20.803700000000003,0.0
1983-10-11 12:00:00,18.4831,0.0
1983-10-12 12:00:00,17.210800000000003,0.0
1983-10-13 12:00:00,15.3909,0.0
1983-10-14 12:00:00,14.0335,0.0
1983-10-15 12:00:00,13.207600000000001,0.0
1983-10-16 12:00:00,12.4465,0.0
1983-10-17 12:00:00,12.0937,0.0
1983-10-18 12:00:00,12.1193,0.0
1983-10-19 12:00:00,13.4739,0.0
1983-10-20 12:00:00,24.2685,0.0
1983-10-21 12:00:00,27.096,0.0
1983-10-22 12:00:00,20.093400000000003,0.0
1983-10-23 12:00:00,18.913,0.0
1983-10-24 12:00:00,21.9467,0.0
1983-10-25 12:00:00,19.145,0.0
1983-10-26 12:00:00,17.483,0.0
1983-10-27 12:00:00,16.505300000000002,0.0
1983-10-28 12:00:00,15.379900000000001,0.0
1983-10-29 12:00:00,14.516300000000001,0.0
1983-10-30 12:00:00,14.072700000000001,0.0
1983-10-31 12:00:00,12.684000000000001,0.0
1983-11-01 12:00:00,11.5952,0.0
1983-11-02 12:00:00,10.9351,0.0
1983-11-03 12:00:00,10.512500000000001,0.0
1983-11-04 12:00:00,11.2481,0.0
1983-11-05 12:00:00,10.4603,0.0
1983-11-06 12:00:00,9.513300000000001,0.0
1983-11-07 12:00:00,9.1851,0.0
1983-11-08 12:00:00,8.8595,0.0
1983-11-09 12:00:00,8.7728,0.0
1983-11-10 12:00:00,10.5241,0.0
1983-11-11 12:00:00,8.602400000000001,0.0
1983-11-12 12:00:00,7.915,0.0
1983-11-13 12:00:00,7.673900000000001,0.0
1983-11-14 12:00:00,7.1965,0.0
1983-11-15 12:00:00,6.8777,0.0
1983-11-16 12:00:00,7.5441,0.0
1983-11-17 12:00:00,9.8157,0.0
1983-11-18 12:00:00,8.962900000000001,0.0
1983-11-19 12:00:00,8.2101,0.0
1983-11-20 12:00:00,7.3636,0.0
1983-11-21 12:00:00,7.2795000000000005,0.0
1983-11-22 12:00:00,6.669700000000001,0.0
1983-11-23 12:00:00,6.434900000000001,0.0
1983-11-24 12:00:00,6.1596,0.0
1983-11-25 12:00:00,5.8466000000000005,0.0
1983-11-26 12:00:00,5.7437000000000005,0.0
1983-11-27 12:00:00,5.5145,0.0
1983-11-28 12:00:00,5.5319,0.0
1983-11-29 12:00:00,5.3317000000000005,0.0
1983-11-30 12:00:00,5.1052,0.0
1983-12-01 12:00:00,5.0059000000000005,0.0
1983-12-02 12:00:00,5.3468,0.0
1983-12-03 12:00:00,5.508900000000001,0.0
1983-12-04 12:00:00,4.6868,0.0
1983-12-05 12:00:00,4.6086,0.0
1983-12-06 12:00:00,4.6448,0.0
1983-12-07 12:00:00,5.2028,0.0
1983-12-08 12:00:00,13.127600000000001,0.0
1983-12-09 12:00:00,14.9497,0.0
1983-12-10 12:00:00,13.5066,0.0
1983-12-11 12:00:00,11.9242,0.0
1983-12-12 12:00:00,10.639000000000001,0.0
1983-12-13 12:00:00,9.724300000000001,0.0
1983-12-14 12:00:00,8.4567,0.0
1983-12-15 12:00:00,7.6833,0.0
1983-12-16 12:00:00,7.5179,0.0
1983-12-17 12:00:00,7.264600000000001,0.0
1983-12-18 12:00:00,6.689100000000001,0.0
1983-12-19 12:00:00,6.5520000000000005,0.0
1983-12-20 12:00:00,5.9709,0.0
1983-12-21 12:00:00,5.6993,0.0
1983-12-22 12:00:00,5.4608,0.0
1983-12-23 12:00:00,5.343100000000001,0.0
1983-12-24 12:00:00,5.1207,0.0
1983-12-25 12:00:00,4.9118,0.0
1983-12-26 12:00:00,5.014200000000001,0.0
1983-12-27 12:00:00,4.8676,0.0
1983-12-28 12:00:00,4.7224,0.0
1983-12-29 12:00:00,4.425,0.0
1983-12-30 12:00:00,4.1958,0.0
1983-12-31 12:00:00,4.0689,0.0
1984-01-01 12:00:00,3.9697,0.0
1984-01-02 12:00:00,3.8575000000000004,0.0
1984-01-03 12:00:00,3.7049000000000003,0.0
1984-01-04 12:00:00,4.3364,0.0
1984-01-05 12:00:00,4.5936,0.0
1984-01-06 12:00:00,3.9751000000000003,0.0
1984-01-07 12:00:00,3.7578,0.0
1984-01-08 12:00:00,3.6059,0.0
1984-01-09 12:00:00,3.6933000000000002,0.0
1984-01-10 12:00:00,13.219800000000001,0.0
1984-01-11 12:00:00,6.6184,0.0
1984-01-12 12:00:00,5.6288,0.0
1984-01-13 12:00:00,5.9664,0.0
1984-01-14 12:00:00,5.4904,0.0
1984-01-15 12:00:00,5.0718000000000005,0.0
1984-01-16 12:00:00,4.7222,0.0
1984-01-17 12:00:00,4.721900000000001,0.0
1984-01-18 12:00:00,5.0683,0.0
1984-01-19 12:00:00,4.4895000000000005,0.0
1984-01-20 12:00:00,4.1807,0.0
1984-01-21 12:00:00,4.021100000000001,0.0
1984-01-22 12:00:00,4.0541,0.0
1984-01-23 12:00:00,4.0314000000000005,0.0
1984-01-24 12:00:00,3.7694,0.0
1984-01-25 12:00:00,3.5902000000000003,0.0
1984-01-26 12:00:00,10.5105,0.0
1984-01-27 12:00:00,8.902000000000001,0.0
1984-01-28 12:00:00,6.3761,0.0
1984-01-29 12:00:00,5.6397,0.0
1984-01-30 12:00:00,5.221,0.0
1984-01-31 12:00:00,4.9527,0.0
1984-02-01 12:00:00,4.873200000000001,0.0
1984-02-02 12:00:00,4.8517,0.0
1984-02-03 12:00:00,4.6999,0.0
1984-02-04 12:00:00,4.6102,0.0
1984-02-05 12:00:00,4.2205,0.0
1984-02-06 12:00:00,4.0228,0.0
1984-02-07 12:00:00,3.9114,0.0
1984-02-08 12:00:00,3.829,0.0
1984-02-09 12:00:00,4.214300000000001,0.0
1984-02-10 12:00:00,4.3619,0.0
1984-02-11 12:00:00,4.2548,0.0
1984-02-12 12:00:00,3.8563,0.0
1984-02-13 12:00:00,5.5762,0.0
1984-02-14 12:00:00,5.1747000000000005,0.0
1984-02-15 12:00:00,4.3524,0.0
1984-02-16 12:00:00,4.1215,0.0
1984-02-17 12:00:00,4.0479,0.0
1984-02-18 12:00:00,3.9698,0.0
1984-02-19 12:00:00,3.7579000000000002,0.0
1984-02-20 12:00:00,3.6266000000000003,0.0
1984-02-21 12:00:00,3.5037000000000003,0.0
1984-02-22 12:00:00,3.3938,0.0
1984-02-23 12:00:00,3.3317,0.0
1984-02-24 12:00:00,3.24,0.0
1984-02-25 12:00:00,3.1752000000000002,0.0
1984-02-26 12:00:00,3.0404,0.0
1984-02-27 12:00:00,2.988,0.0
1984-02-28 12:00:00,2.8699000000000003,0.0
1984-02-29 12:00:00,14.4738,0.0
1984-03-01 12:00:00,11.1735,0.0
1984-03-02 12:00:00,7.692500000000001,0.0
1984-03-03 12:00:00,6.5274,0.0
1984-03-04 12:00:00,8.1041,0.0
1984-03-05 12:00:00,14.9449,0.0
1984-03-06 12:00:00,20.93,0.0
1984-03-07 12:00:00,16.221500000000002,0.0
1984-03-08 12:00:00,13.4443,0.0
1984-03-09 12:00:00,11.3574,0.0
1984-03-10 12:00:00,10.0699,0.0
1984-03-11 12:00:00,9.405800000000001,0.0
1984-03-12 12:00:00,8.4664,0.0
1984-03-13 12:00:00,7.8973,0.0
1984-03-14 12:00:00,7.3634,0.0
1984-03-15 12:00:00,7.3592,0.0
1984-03-16 12:00:00,7.931100000000001,0.0
1984-03-17 12:00:00,7.4943,0.0
1984-03-18 12:00:00,6.7396,0.0
1984-03-19 12:00:00,6.3205,0.0
1984-03-20 12:00:00,6.1492,0.0
1984-03-21 12:00:00,5.974600000000001,0.0
1984-03-22 12:00:00,5.8192,0.0
1984-03-23 12:00:00,5.6583000000000006,0.0
1984-03-24 12:00:00,5.4721,0.0
1984-03-25 12:00:00,5.33,0.0
1984-03-26 12:00:00,6.098,0.0
1984-03-27 12:00:00,5.6409,0.0
1984-03-28 12:00:00,5.3822,0.0
1984-03-29 12:00:00,5.250100000000001,0.0
1984-03-30 12:00:00,5.2259,0.0
1984-03-31 12:00:00,5.8586,0.0
1984-04-01 12:00:00,5.3799,0.0
1984-04-02 12:00:00,5.0773,0.0
1984-04-03 12:00:00,4.9393,0.0
1984-04-04 12:00:00,4.8611,0.0
1984-04-05 12:00:00,4.7727,0.0
1984-04-06 12:00:00,4.707,0.0
1984-04-07 12:00:00,4.8245000000000005,0.0
1984-04-08 12:00:00,4.7249,0.0
1984-04-09 12:00:00,4.6131,0.0
1984-04-10 12:00:00,4.4799,0.0
1984-04-11 12:00:00,4.403700000000001,0.0
1984-04-12 12:00:00,4.3444,0.0
1984-04-13 12:00:00,4.2769,0.0
1984-04-14 12:00:00,4.2431,0.0
1984-04-15 12:00:00,4.2011,0.0
1984-04-16 12:00:00,4.1485,0.0
1984-04-17 12:00:00,4.0764000000000005,0.0
1984-04-18 12:00:00,3.9994,0.0
1984-04-19 12:00:00,3.9831000000000003,0.0
1984-04-20 12:00:00,3.9565,0.0
1984-04-21 12:00:00,3.9015,0.0
1984-04-22 12:00:00,3.8931,0.0
1984-04-23 12:00:00,3.8166,0.0
1984-04-24 12:00:00,3.7767000000000004,0.0
1984-04-25 12:00:00,4.4672,0.0
1984-04-26 12:00:00,4.0981000000000005,0.0
1984-04-27 12:00:00,8.7615,0.0
1984-04-28 12:00:00,7.3913,0.0
1984-04-29 12:00:00,5.9156,0.0
1984-04-30 12:00:00,5.6769,0.0
1984-05-01 12:00:00,5.1633000000000004,0.0
1984-05-02 12:00:00,4.7638,0.0
1984-05-03 12:00:00,4.468,0.0
1984-05-04 12:00:00,4.2571,0.0
1984-05-05 12:00:00,5.5769,0.0
1984-05-06 12:00:00,4.9804,0.0
1984-05-07 12:00:00,4.998200000000001,0.0
1984-05-08 12:00:00,9.965,0.0
1984-05-09 12:00:00,8.9131,0.0
1984-05-10 12:00:00,7.9394,0.0
1984-05-11 12:00:00,7.339,0.0
1984-05-12 12:00:00,6.8799,0.0
1984-05-13 12:00:00,6.358300000000001,0.0
1984-05-14 12:00:00,6.194500000000001,0.0
1984-06-08 12:00:00,5.6714,0.0
1984-06-09 12:00:00,4.9297,0.0
1984-06-10 12:00:00,4.583600000000001,0.0
1984-06-11 12:00:00,4.4166,0.0
1984-06-12 12:00:00,4.3575,0.0
1984-06-13 12:00:00,4.2355,0.0
1984-06-14 12:00:00,4.1759,0.0
1984-06-15 12:00:00,4.1505,0.0
1984-06-16 12:00:00,4.165900000000001,0.0
1984-06-17 12:00:00,4.1176,0.0
1984-06-18 12:00:00,4.0488,0.0
1984-06-19 12:00:00,3.9603,0.0
1984-06-20 12:00:00,3.9014,0.0
1984-06-21 12:00:00,3.839,0.0
1984-06-22 12:00:00,3.7433,0.0
1984-06-23 12:00:00,3.3007,0.0
1984-06-24 12:00:00,3.8895000000000004,0.0
1984-06-25 12:00:00,4.248600000000001,0.0
1984-06-26 12:00:00,3.854,0.0
1984-06-27 12:00:00,3.7717,0.0
1984-06-28 12:00:00,3.7469,0.0
1984-06-29 12:00:00,3.8624,0.0
1984-06-30 12:00:00,4.049,0.0
1984-07-01 12:00:00,3.9414000000000002,0.0
1984-07-02 12:00:00,4.0537,0.0
1984-07-03 12:00:00,3.9759,0.0
1984-07-04 12:00:00,3.7233,0.0
1984-07-05 12:00:00,3.7806,0.0
1984-07-06 12:00:00,3.8415000000000004,0.0
1984-07-07 12:00:00,3.6078,0.0
1984-07-08 12:00:00,3.5348,0.0
1984-07-09 12:00:00,3.4035,0.0
1984-07-10 12:00:00,3.4278,0.0
1984-07-11 12:00:00,3.6739,0.0
1984-07-12 12:00:00,3.8095000000000003,0.0
1984-07-13 12:00:00,3.9452000000000003,0.0
1984-07-14 12:00:00,3.9132000000000002,0.0
1984-07-15 12:00:00,3.6613,0.0
1984-07-16 12:00:00,3.5719000000000003,0.0
1984-07-17 12:00:00,3.0587,0.0
1984-07-18 12:00:00,3.2358000000000002,0.0
1984-07-19 12:00:00,3.7382,0.0
1984-07-20 12:00:00,33.3115,0.0
1984-07-21 12:00:00,50.621500000000005,0.0
1984-07-22 12:00:00,29.6021,0.0
1984-07-23 12:00:00,20.052500000000002,0.0
1984-07-24 12:00:00,15.7444,0.0
1984-07-25 12:00:00,13.0045,0.0
1984-07-26 12:00:00,11.184000000000001,0.0
1984-07-27 12:00:00,10.2004,0.0
1984-07-28 12:00:00,9.5177,0.0
1984-07-29 12:00:00,10.5367,0.0
1984-07-30 12:00:00,15.6629,0.0
1984-07-31 12:00:00,15.1242,0.0
1984-08-01 12:00:00,12.9014,0.0
1984-08-02 12:00:00,11.963600000000001,0.0
1984-08-03 12:00:00,13.0152,0.0
1984-08-04 12:00:00,13.065700000000001,0.0
1984-08-05 12:00:00,11.8941,0.0
1984-08-06 12:00:00,10.7362,0.0
1984-08-07 12:00:00,9.6963,0.0
1984-08-08 12:00:00,8.9497,0.0
1984-08-09 12:00:00,8.6163,0.0
1984-08-10 12:00:00,8.275400000000001,0.0
1984-08-11 12:00:00,7.8749,0.0
1984-08-12 12:00:00,7.5328,0.0
1984-08-13 12:00:00,7.2325,0.0
1984-08-14 12:00:00,7.117900000000001,0.0
1984-08-15 12:00:00,7.112500000000001,0.0
1984-08-16 12:00:00,7.0145,0.0
1984-08-17 12:00:00,6.9455,0.0
1984-08-18 12:00:00,6.718,0.0
1984-08-19 12:00:00,11.0348,0.0
1984-08-20 12:00:00,14.0234,0.0
1984-08-21 12:00:00,13.9968,0.0
1984-08-22 12:00:00,15.2124,0.0
1984-08-23 12:00:00,13.6278,0.0
1984-08-24 12:00:00,12.327900000000001,0.0
1984-08-25 12:00:00,11.2872,0.0
1984-08-26 12:00:00,10.4754,0.0
1984-08-27 12:00:00,9.747,0.0
1984-08-28 12:00:00,9.1777,0.0
1984-08-29 12:00:00,8.665600000000001,0.0
1984-08-30 12:00:00,8.3998,0.0
1984-08-31 12:00:00,8.1579,0.0
1984-09-01 12:00:00,7.664300000000001,0.0
1984-09-02 12:00:00,7.4017,0.0
1984-09-03 12:00:00,7.1128,0.0
1984-09-04 12:00:00,6.9705,0.0
1984-09-05 12:00:00,7.3352,0.0
1984-09-06 12:00:00,6.7065,0.0
1984-09-07 12:00:00,6.452100000000001,0.0
1984-09-08 12:00:00,6.2607,0.0
1984-09-09 12:00:00,6.1566,0.0
1984-09-10 12:00:00,6.0788,0.0
1984-09-11 12:00:00,6.2433000000000005,0.0
1984-09-12 12:00:00,11.5707,0.0
1984-09-13 12:00:00,10.2718,0.0
1984-09-14 12:00:00,9.5303,0.0
1984-09-15 12:00:00,8.5904,0.0
1984-09-16 12:00:00,7.9237,0.0
1984-09-17 12:00:00,7.524900000000001,0.0
1984-09-18 12:00:00,7.169700000000001,0.0
1984-09-19 12:00:00,6.7603,0.0
1984-09-20 12:00:00,6.5227,0.0
1984-09-21 12:00:00,6.2777,0.0
1984-09-22 12:00:00,6.1202000000000005,0.0
1984-09-23 12:00:00,5.9462,0.0
1984-09-24 12:00:00,5.9569,0.0
1984-09-25 12:00:00,6.1089,0.0
1984-09-26 12:00:00,6.0921,0.0
1984-09-27 12:00:00,5.6427000000000005,0.0
1984-09-28 12:00:00,6.2708,0.0
1984-09-29 12:00:00,7.0082,0.0
1984-09-30 12:00:00,6.9271,0.0
1984-10-01 12:00:00,7.0373,0.0
1984-10-02 12:00:00,7.2269000000000005,0.0
1984-10-03 12:00:00,7.421,0.0
1984-10-04 12:00:00,7.652500000000001,0.0
1984-10-05 12:00:00,7.7782,0.0
1984-10-06 12:00:00,7.877700000000001,0.0
1984-10-07 12:00:00,7.573300000000001,0.0
1984-10-08 12:00:00,7.5215000000000005,0.0
1984-10-09 12:00:00,7.4697000000000005,0.0
1984-10-10 12:00:00,8.6211,0.0
1984-10-11 12:00:00,7.7461,0.0
1984-10-12 12:00:00,6.966200000000001,0.0
1984-10-13 12:00:00,7.2294,0.0
1984-10-14 12:00:00,7.5699000000000005,0.0
1984-10-15 12:00:00,23.8242,0.0
1984-10-16 12:00:00,95.97760000000001,0.0
1984-10-17 12:00:00,65.60430000000001,0.0
1984-10-18 12:00:00,50.174400000000006,0.0
1984-10-19 12:00:00,35.5018,0.0
1984-10-20 12:00:00,27.4585,0.0
1984-10-21 12:00:00,21.5534,0.0
1984-10-22 12:00:00,17.2542,0.0
1984-10-23 12:00:00,14.882900000000001,0.0
1984-10-24 12:00:00,13.2138,0.0
1984-10-25 12:00:00,12.194500000000001,0.0
1984-10-26 12:00:00,11.2506,0.0
1984-10-27 12:00:00,10.3437,0.0
1984-10-28 12:00:00,9.8033,0.0
1984-10-29 12:00:00,9.4817,0.0
1984-10-30 12:00:00,8.8628,0.0
1984-10-31 12:00:00,8.4183,0.0
1984-11-01 12:00:00,7.9186000000000005,0.0
1984-11-02 12:00:00,7.5959,0.0
1984-11-03 12:00:00,7.3035000000000005,0.0
1984-11-04 12:00:00,7.1583000000000006,0.0
1984-11-05 12:00:00,6.9371,0.0
1984-11-06 12:00:00,6.5586,0.0
1984-11-07 12:00:00,6.2713,0.0
1984-11-08 12:00:00,6.050800000000001,0.0
1984-11-09 12:00:00,5.8683000000000005,0.0
1984-11-10 12:00:00,5.7437000000000005,0.0
1984-11-11 12:00:00,5.6733,0.0
1984-11-12 12:00:00,5.6733,0.0
1984-11-13 12:00:00,5.6116,0.0
1984-11-14 12:00:00,5.6284,0.0
1984-11-15 12:00:00,6.4449000000000005,0.0
1984-11-16 12:00:00,6.425000000000001,0.0
1984-11-17 12:00:00,6.2127,0.0
1984-11-18 12:00:00,5.4608,0.0
1984-11-19 12:00:00,5.1125,0.0
1984-11-20 12:00:00,4.8867,0.0
1984-11-21 12:00:00,5.912,0.0
1984-11-22 12:00:00,9.557,0.0
1984-11-23 12:00:00,7.6917,0.0
1984-11-24 12:00:00,6.4366,0.0
1984-11-25 12:00:00,5.8482,0.0
1984-11-26 12:00:00,5.5376,0.0
1984-11-27 12:00:00,5.1516,0.0
1984-11-28 12:00:00,4.9463,0.0
1984-11-29 12:00:00,4.909,0.0
1984-11-30 12:00:00,4.7234,0.0
1984-12-01 12:00:00,4.5781,0.0
1984-12-02 12:00:00,4.4688,0.0
1984-12-03 12:00:00,4.5721,0.0
1984-12-04 12:00:00,5.3501,0.0
1984-12-05 12:00:00,5.113,0.0
1984-12-06 12:00:00,5.0819,0.0
1984-12-07 12:00:00,6.8402,0.0
1984-12-08 12:00:00,9.1536,0.0
1984-12-09 12:00:00,7.1256,0.0
1984-12-10 12:00:00,6.5231,0.0
1984-12-11 12:00:00,7.0316,0.0
1984-12-12 12:00:00,6.7362,0.0
1984-12-13 12:00:00,6.6424,0.0
1984-12-14 12:00:00,6.259,0.0
1984-12-15 12:00:00,6.3481000000000005,0.0
1984-12-16 12:00:00,7.6595,0.0
1984-12-17 12:00:00,6.7617,0.0
1984-12-18 12:00:00,12.779900000000001,0.0
1984-12-19 12:00:00,19.5528,0.0
1984-12-20 12:00:00,94.9201,0.0
1984-12-21 12:00:00,74.7192,0.0
1984-12-22 12:00:00,44.5608,0.0
1984-12-23 12:00:00,32.6818,0.0
1984-12-24 12:00:00,24.3061,0.0
1984-12-25 12:00:00,19.6282,0.0
1984-12-26 12:00:00,16.3045,0.0
1984-12-27 12:00:00,13.966600000000001,0.0
1984-12-28 12:00:00,12.251000000000001,0.0
1984-12-29 12:00:00,10.847000000000001,0.0
1984-12-30 12:00:00,9.5923,0.0
1984-12-31 12:00:00,8.876100000000001,0.0
1985-01-01 12:00:00,8.3666,0.0
1985-01-02 12:00:00,7.6241,0.0
1985-01-03 12:00:00,7.7885,0.0
1985-01-04 12:00:00,6.8161000000000005,0.0
1985-01-05 12:00:00,7.7048000000000005,0.0
1985-01-06 12:00:00,6.7537,0.0
1985-01-07 12:00:00,7.471,0.0
1985-01-08 12:00:00,6.1694,0.0
1985-01-09 12:00:00,6.1174,0.0
1985-01-10 12:00:00,7.5746,0.0
1985-01-11 12:00:00,11.472100000000001,0.0
1985-01-12 12:00:00,9.3343,0.0
1985-01-13 12:00:00,8.2066,0.0
1985-01-14 12:00:00,7.215800000000001,0.0
1985-01-15 12:00:00,6.0822,0.0
1985-01-16 12:00:00,5.4021,0.0
1985-01-17 12:00:00,4.9186000000000005,0.0
1985-01-18 12:00:00,4.623,0.0
1985-01-19 12:00:00,4.7188,0.0
1985-01-20 12:00:00,5.0558000000000005,0.0
1985-01-21 12:00:00,6.5357,0.0
1985-01-22 12:00:00,5.7731,0.0
1985-01-23 12:00:00,4.776800000000001,0.0
1985-01-24 12:00:00,4.530600000000001,0.0
1985-01-25 12:00:00,4.4333,0.0
1985-01-26 12:00:00,4.1552,0.0
1985-01-27 12:00:00,3.9041,0.0
1985-01-28 12:00:00,3.6925000000000003,0.0
1985-01-29 12:00:00,3.6007000000000002,0.0
1985-01-30 12:00:00,3.4545000000000003,0.0
1985-01-31 12:00:00,3.3416,0.0
1985-02-01 12:00:00,3.9443,0.0
1985-02-02 12:00:00,3.4614000000000003,0.0
1985-02-03 12:00:00,3.2774,0.0
1985-02-04 12:00:00,3.1166,0.0
1985-02-05 12:00:00,2.9754,0.0
1985-02-06 12:00:00,2.9285,0.0
1985-02-07 12:00:00,2.992,0.0
1985-02-08 12:00:00,2.8982,0.0
1985-02-09 12:00:00,2.8257000000000003,0.0
1985-02-10 12:00:00,2.7349,0.0
1985-02-11 12:00:00,2.6256,0.0
1985-02-12 12:00:00,2.6066000000000003,0.0
1985-02-13 12:00:00,2.5485,0.0
1985-02-14 12:00:00,2.5184,0.0
1985-02-15 12:00:00,2.5639000000000003,0.0
1985-02-16 12:00:00,2.4491,0.0
1985-02-17 12:00:00,2.4090000000000003,0.0
1985-02-18 12:00:00,2.378,0.0
1985-02-19 12:00:00,2.4563,0.0
1985-02-20 12:00:00,2.3388,0.0
1985-02-21 12:00:00,2.2692,0.0
1985-02-22 12:00:00,2.1777,0.0
1985-02-23 12:00:00,2.1403000000000003,0.0
1985-02-24 12:00:00,2.1181,0.0
1985-02-25 12:00:00,2.198,0.0
1985-02-26 12:00:00,2.1418,0.0
1985-02-27 12:00:00,2.063,0.0
1985-02-28 12:00:00,2.4836,0.0
1985-03-01 12:00:00,3.5641000000000003,0.0
1985-03-02 12:00:00,2.4365,0.0
1985-03-03 12:00:00,2.1535,0.0
1985-03-04 12:00:00,2.0572,0.0
1985-03-05 12:00:00,2.3507000000000002,0.0
1985-03-06 12:00:00,2.5254000000000003,0.0
1985-03-07 12:00:00,2.0758,0.0
1985-03-08 12:00:00,1.9991,0.0
1985-03-09 12:00:00,1.9681000000000002,0.0
1985-03-10 12:00:00,1.9564000000000001,0.0
1985-03-11 12:00:00,1.8719000000000001,0.0
1985-03-12 12:00:00,2.2230000000000003,0.0
1985-03-13 12:00:00,2.5301,0.0
1985-03-14 12:00:00,2.0532,0.0
1985-03-15 12:00:00,1.9779,0.0
1985-03-16 12:00:00,1.8857000000000002,0.0
1985-03-17 12:00:00,1.8719000000000001,0.0
1985-03-18 12:00:00,1.8674000000000002,0.0
1985-03-19 12:00:00,1.8862,0.0
1985-03-20 12:00:00,1.8241,0.0
1985-03-21 12:00:00,1.7741,0.0
1985-03-22 12:00:00,1.7112,0.0
1985-03-23 12:00:00,1.701,0.0
1985-03-24 12:00:00,1.6803000000000001,0.0
1985-03-25 12:00:00,1.6483,0.0
1985-03-26 12:00:00,1.6232,0.0
1985-03-27 12:00:00,1.6166,0.0
1985-03-28 12:00:00,1.5897000000000001,0.0
1985-03-29 12:00:00,1.5718,0.0
1985-03-30 12:00:00,1.5601,0.0
1985-03-31 12:00:00,1.5592000000000001,0.0
1985-04-01 12:00:00,1.5164,0.0
1985-04-02 12:00:00,1.4807000000000001,0.0
1985-04-03 12:00:00,1.4635,0.0
1985-04-04 12:00:00,1.4635,0.0
1985-04-05 12:00:00,1.4658,0.0
1985-04-06 12:00:00,1.4635,0.0
1985-04-07 12:00:00,1.4635,0.0
1985-04-08 12:00:00,1.4635,0.0
1985-04-09 12:00:00,1.4652,0.0
1985-04-10 12:00:00,1.4536,0.0
1985-04-11 12:00:00,1.4181000000000001,0.0
1985-04-12 12:00:00,1.5121,0.0
1985-04-13 12:00:00,1.4605000000000001,0.0
1985-04-14 12:00:00,1.4326,0.0
1985-04-15 12:00:00,1.4189,0.0
1985-04-16 12:00:00,1.4084,0.0
1985-04-17 12:00:00,1.5015,0.0
1985-04-18 12:00:00,4.0556,0.0
1985-04-19 12:00:00,3.5349000000000004,0.0
1985-04-20 12:00:00,11.281,0.0
1985-04-21 12:00:00,5.0868,0.0
1985-04-22 12:00:00,3.7977000000000003,0.0
1985-04-23 12:00:00,3.1344000000000003,0.0
1985-04-24 12:00:00,2.8309,0.0
1985-04-25 12:00:00,2.5775,0.0
1985-04-26 12:00:00,2.4271000000000003,0.0
1985-04-27 12:00:00,2.3331,0.0
1985-04-28 12:00:00,2.23,0.0
1985-04-29 12:00:00,2.1710000000000003,0.0
1985-04-30 12:00:00,2.1082,0.0
1985-05-01 12:00:00,2.0512,0.0
1985-05-02 12:00:00,2.0498000000000003,0.0
1985-05-03 12:00:00,1.9962000000000002,0.0
1985-05-04 12:00:00,1.9948000000000001,0.0
1985-05-05 12:00:00,1.9442000000000002,0.0
1985-05-06 12:00:00,1.9185,0.0
1985-05-07 12:00:00,2.1186000000000003,0.0
1985-05-08 12:00:00,2.5229,0.0
1985-05-09 12:00:00,2.8099000000000003,0.0
1985-05-10 12:00:00,2.4488000000000003,0.0
1985-05-11 12:00:00,2.2514000000000003,0.0
1985-05-12 12:00:00,2.3457,0.0
1985-05-13 12:00:00,2.4838,0.0
1985-05-14 12:00:00,2.6993,0.0
1985-05-15 12:00:00,2.43,0.0
1985-05-16 12:00:00,2.3515,0.0
1985-05-17 12:00:00,2.4104,0.0
1985-05-18 12:00:00,2.4569,0.0
1985-05-19 12:00:00,5.907900000000001,0.0
1985-05-20 12:00:00,5.939900000000001,0.0
1985-05-21 12:00:00,4.7977,0.0
1985-05-22 12:00:00,4.0384,0.0
1985-05-23 12:00:00,3.6382000000000003,0.0
1985-05-24 12:00:00,3.3088,0.0
1985-05-25 12:00:00,3.0345,0.0
1985-05-26 12:00:00,2.8194000000000004,0.0
1985-05-27 12:00:00,2.7216,0.0
1985-05-28 12:00:00,2.6501,0.0
1985-05-29 12:00:00,2.5442,0.0
1985-05-30 12:00:00,2.4170000000000003,0.0
1985-05-31 12:00:00,2.4178,0.0
1985-06-01 12:00:00,2.2851,0.0
1985-06-02 12:00:00,2.1944,0.0
1985-06-03 12:00:00,2.3846000000000003,0.0
1985-06-04 12:00:00,4.3946000000000005,0.0
1985-06-05 12:00:00,7.149500000000001,0.0
1985-06-06 12:00:00,4.9379,0.0
1985-06-07 12:00:00,4.0407,0.0
1985-06-08 12:00:00,3.669,0.0
1985-06-09 12:00:00,3.5765000000000002,0.0
1985-06-10 12:00:00,3.5857,0.0
1985-06-11 12:00:00,4.0557,0.0
1985-06-12 12:00:00,4.2685,0.0
1985-06-13 12:00:00,4.1099000000000006,0.0
1985-06-14 12:00:00,4.0275,0.0
1985-06-15 12:00:00,4.1986,0.0
1985-06-16 12:00:00,4.2264,0.0
1985-06-17 12:00:00,4.702500000000001,0.0
1985-06-18 12:00:00,4.7733,0.0
1985-06-19 12:00:00,4.8365,0.0
1985-06-20 12:00:00,6.8853,0.0
1985-06-21 12:00:00,5.9571000000000005,0.0
1985-06-22 12:00:00,5.3699,0.0
1985-06-23 12:00:00,4.9726,0.0
1985-06-24 12:00:00,4.598,0.0
1985-06-25 12:00:00,4.2651,0.0
1985-06-26 12:00:00,4.097700000000001,0.0
1985-06-27 12:00:00,3.8859000000000004,0.0
1985-06-28 12:00:00,3.7763,0.0
1985-06-29 12:00:00,3.7298,0.0
1985-06-30 12:00:00,3.6047000000000002,0.0
1985-07-01 12:00:00,3.4719,0.0
1985-07-02 12:00:00,3.3187,0.0
1985-07-03 12:00:00,3.3299000000000003,0.0
1985-07-04 12:00:00,4.013,0.0
1985-07-05 12:00:00,4.0324,0.0
1985-07-06 12:00:00,4.0276000000000005,0.0
1985-07-07 12:00:00,3.9637000000000002,0.0
1985-07-08 12:00:00,3.5566,0.0
1985-07-09 12:00:00,3.4037,0.0
1985-07-10 12:00:00,3.1643000000000003,0.0
1985-07-11 12:00:00,3.1232,0.0
1985-07-12 12:00:00,3.1956,0.0
1985-07-13 12:00:00,3.2436000000000003,0.0
1985-07-14 12:00:00,3.1268000000000002,0.0
1985-07-15 12:00:00,3.0208,0.0
1985-07-16 12:00:00,3.3449,0.0
1985-07-17 12:00:00,6.1363,0.0
1985-07-18 12:00:00,5.283,0.0
1985-07-19 12:00:00,4.7667,0.0
1985-07-20 12:00:00,4.5682,0.0
1985-07-21 12:00:00,4.3377,0.0
1985-07-22 12:00:00,4.248200000000001,0.0
1985-07-23 12:00:00,4.3516,0.0
1985-07-24 12:00:00,3.9114,0.0
1985-07-25 12:00:00,3.6992000000000003,0.0
1985-07-26 12:00:00,3.7256,0.0
1985-07-27 12:00:00,3.7447000000000004,0.0
1985-07-28 12:00:00,3.4775,0.0
1985-07-29 12:00:00,3.5316,0.0
1985-07-30 12:00:00,4.355,0.0
1985-07-31 12:00:00,7.8269,0.0
1985-08-01 12:00:00,7.883800000000001,0.0
1985-08-02 12:00:00,7.865200000000001,0.0
1985-08-03 12:00:00,6.7262,0.0
1985-08-04 12:00:00,5.8897,0.0
1985-08-05 12:00:00,5.3235,0.0
1985-08-06 12:00:00,5.1000000000000005,0.0
1985-08-07 12:00:00,5.0624,0.0
1985-08-08 12:00:00,8.1938,0.0
1985-08-09 12:00:00,15.9669,0.0
1985-08-10 12:00:00,13.791300000000001,0.0
1985-08-11 12:00:00,11.256,0.0
1985-08-12 12:00:00,9.5149,0.0
1985-08-13 12:00:00,8.2916,0.0
1985-08-14 12:00:00,7.468,0.0
1985-08-15 12:00:00,6.8548,0.0
1985-08-16 12:00:00,6.3579,0.0
1985-08-17 12:00:00,7.9347,0.0
1985-08-18 12:00:00,69.06660000000001,0.0
1985-08-19 12:00:00,50.395500000000006,0.0
1985-08-20 12:00:00,29.1781,0.0
1985-08-21 12:00:00,20.9129,0.0
1985-08-22 12:00:00,16.976,0.0
1985-08-23 12:00:00,14.660400000000001,0.0
1985-08-24 12:00:00,17.1523,0.0
1985-08-25 12:00:00,16.6152,0.0
1985-08-26 12:00:00,14.415700000000001,0.0
1985-08-27 12:00:00,12.853800000000001,0.0
1985-08-28 12:00:00,11.7459,0.0
1985-08-29 12:00:00,11.0827,0.0
1985-08-30 12:00:00,11.659,0.0
1985-08-31 12:00:00,12.2004,0.0
1985-09-01 12:00:00,12.2217,0.0
1985-09-02 12:00:00,13.151,0.0
1985-09-03 12:00:00,19.599500000000003,0.0
1985-09-04 12:00:00,27.366,0.0
1985-09-05 12:00:00,22.2447,0.0
1985-09-06 12:00:00,18.8245,0.0
1985-09-07 12:00:00,17.038,0.0
1985-09-08 12:00:00,15.224400000000001,0.0
1985-09-09 12:00:00,14.255,0.0
1985-09-10 12:00:00,14.5335,0.0
1985-09-11 12:00:00,13.7048,0.0
1985-09-12 12:00:00,13.0196,0.0
1985-09-13 12:00:00,12.5324,0.0
1985-09-14 12:00:00,11.9761,0.0
1985-09-15 12:00:00,11.7645,0.0
1985-09-16 12:00:00,10.962900000000001,0.0
1985-09-17 12:00:00,10.1621,0.0
1985-09-18 12:00:00,9.5078,0.0
1985-09-19 12:00:00,8.8073,0.0
1985-09-20 12:00:00,8.4381,0.0
1985-09-21 12:00:00,8.4207,0.0
1985-09-22 12:00:00,8.5692,0.0
1985-09-23 12:00:00,8.3881,0.0
1985-09-24 12:00:00,8.4023,0.0
1985-09-25 12:00:00,8.8712,0.0
1985-09-26 12:00:00,19.0288,0.0
1985-09-27 12:00:00,15.699100000000001,0.0
1985-09-28 12:00:00,12.99,0.0
1985-09-29 12:00:00,11.315100000000001,0.0
1985-09-30 12:00:00,10.1782,0.0
1985-10-01 12:00:00,9.3351,0.0
1985-10-02 12:00:00,8.5507,0.0
1985-10-03 12:00:00,8.0467,0.0
1985-10-04 12:00:00,7.6789000000000005,0.0
1985-10-05 12:00:00,7.6905,0.0
1985-10-06 12:00:00,8.0286,0.0
1985-10-07 12:00:00,7.8841,0.0
1985-10-08 12:00:00,7.5309,0.0
1985-10-09 12:00:00,7.0216,0.0
1985-10-10 12:00:00,6.676200000000001,0.0
1985-10-11 12:00:00,6.3718,0.0
1985-10-12 12:00:00,8.1973,0.0
1985-10-13 12:00:00,8.222,0.0
1985-10-14 12:00:00,6.945200000000001,0.0
1985-10-15 12:00:00,6.335100000000001,0.0
1985-10-16 12:00:00,6.046,0.0
1985-10-17 12:00:00,5.7921000000000005,0.0
1985-10-18 12:00:00,5.5248,0.0
1985-10-19 12:00:00,5.362,0.0
1985-10-20 12:00:00,5.2054,0.0
1985-10-21 12:00:00,5.3798,0.0
1985-10-22 12:00:00,5.3578,0.0
1985-10-23 12:00:00,5.3264000000000005,0.0
1985-10-24 12:00:00,5.1813,0.0
1985-10-25 12:00:00,5.1573,0.0
1985-10-26 12:00:00,5.0073,0.0
1985-10-27 12:00:00,4.6827000000000005,0.0
1985-10-28 12:00:00,4.3997,0.0
1985-10-29 12:00:00,4.2328,0.0
1985-10-30 12:00:00,4.1132,0.0
1985-10-31 12:00:00,4.099600000000001,0.0
1985-11-01 12:00:00,4.1455,0.0
1985-11-02 12:00:00,3.9493,0.0
1985-11-03 12:00:00,3.7634000000000003,0.0
1985-11-05 12:00:00,3.4957000000000003,0.0
1985-11-06 12:00:00,3.3594,0.0
1985-11-07 12:00:00,3.2884,0.0
1985-11-08 12:00:00,3.2122,0.0
1985-11-09 12:00:00,3.1864000000000003,0.0
1985-11-10 12:00:00,3.2124,0.0
1985-11-11 12:00:00,3.3886000000000003,0.0
1985-11-12 12:00:00,3.7597,0.0
1985-11-13 12:00:00,3.3191,0.0
1985-11-14 12:00:00,3.1169000000000002,0.0
1985-11-15 12:00:00,3.083,0.0
1985-11-16 12:00:00,3.1864000000000003,0.0
1985-11-17 12:00:00,8.4936,0.0
1985-11-18 12:00:00,13.0159,0.0
1985-11-19 12:00:00,13.853900000000001,0.0
1985-11-20 12:00:00,16.9562,0.0
1985-11-21 12:00:00,13.67,0.0
1985-11-22 12:00:00,11.766200000000001,0.0
1985-11-23 12:00:00,10.6625,0.0
1985-11-24 12:00:00,9.5619,0.0
1985-11-25 12:00:00,8.433300000000001,0.0
1985-11-26 12:00:00,7.3829,0.0
1985-11-27 12:00:00,6.4602,0.0
1985-11-28 12:00:00,5.859500000000001,0.0
1985-11-29 12:00:00,5.6836,0.0
1985-11-30 12:00:00,5.9453000000000005,0.0
1985-12-01 12:00:00,5.9108,0.0
1985-12-02 12:00:00,6.1807,0.0
1985-12-03 12:00:00,5.454400000000001,0.0
1985-12-04 12:00:00,4.806500000000001,0.0
1985-12-05 12:00:00,4.4293000000000005,0.0
1985-12-06 12:00:00,4.1891,0.0
1985-12-07 12:00:00,4.4907,0.0
1985-12-08 12:00:00,4.8782000000000005,0.0
1985-12-09 12:00:00,4.4311,0.0
1985-12-10 12:00:00,4.2236,0.0
1985-12-11 12:00:00,4.095400000000001,0.0
1985-12-12 12:00:00,4.0247,0.0
1985-12-13 12:00:00,3.9204000000000003,0.0
1985-12-14 12:00:00,3.8190000000000004,0.0
1985-12-15 12:00:00,4.0877,0.0
1985-12-16 12:00:00,3.8129000000000004,0.0
1985-12-17 12:00:00,3.959,0.0
1985-12-18 12:00:00,3.7207000000000003,0.0
1985-12-19 12:00:00,3.7878000000000003,0.0
1985-12-20 12:00:00,3.7524,0.0
1985-12-21 12:00:00,3.7728,0.0
1985-12-22 12:00:00,3.9423000000000004,0.0
1985-12-23 12:00:00,5.1961,0.0
1985-12-24 12:00:00,5.3811,0.0
1985-12-25 12:00:00,5.020700000000001,0.0
1985-12-26 12:00:00,5.0686,0.0
1985-12-27 12:00:00,5.6017,0.0
1985-12-28 12:00:00,5.0336,0.0
1985-12-29 12:00:00,4.6485,0.0
1985-12-30 12:00:00,4.301,0.0
1985-12-31 12:00:00,4.1392,0.0
1986-01-01 12:00:00,3.9782,0.0
1986-01-02 12:00:00,3.8176,0.0
1986-01-03 12:00:00,3.7147,0.0
1986-01-04 12:00:00,3.5284,0.0
1986-01-05 12:00:00,3.4081,0.0
1986-01-06 12:00:00,3.3245,0.0
1986-01-07 12:00:00,3.5027000000000004,0.0
1986-01-08 12:00:00,3.8729,0.0
1986-01-09 12:00:00,3.6433,0.0
1986-01-10 12:00:00,3.3734,0.0
1986-01-11 12:00:00,5.1105,0.0
1986-01-12 12:00:00,5.450200000000001,0.0
1986-01-13 12:00:00,4.7091,0.0
1986-01-14 12:00:00,4.0999,0.0
1986-01-15 12:00:00,3.8365,0.0
1986-01-16 12:00:00,3.6475,0.0
1986-01-17 12:00:00,3.5239000000000003,0.0
1986-01-18 12:00:00,3.4200000000000004,0.0
1986-01-19 12:00:00,3.2574,0.0
1986-01-20 12:00:00,3.1905,0.0
1986-01-21 12:00:00,3.1291,0.0
1986-01-22 12:00:00,3.7162,0.0
1986-01-23 12:00:00,3.5412000000000003,0.0
1986-01-24 12:00:00,3.2469,0.0
1986-01-25 12:00:00,3.5383,0.0
1986-01-26 12:00:00,3.3657000000000004,0.0
1986-01-27 12:00:00,3.0716,0.0
1986-01-28 12:00:00,2.9608000000000003,0.0
1986-01-29 12:00:00,2.8658,0.0
1986-01-30 12:00:00,2.6995,0.0
1986-01-31 12:00:00,2.6843,0.0
1986-02-01 12:00:00,2.6092,0.0
1986-02-02 12:00:00,2.5707,0.0
1986-02-03 12:00:00,2.6408,0.0
1986-02-04 12:00:00,2.5349,0.0
1986-02-05 12:00:00,2.4841,0.0
1986-02-06 12:00:00,2.5908,0.0
1986-02-07 12:00:00,2.4459,0.0
1986-02-08 12:00:00,2.3845,0.0
1986-02-09 12:00:00,2.3179000000000003,0.0
1986-02-10 12:00:00,2.3793,0.0
1986-02-11 12:00:00,2.3736,0.0
1986-02-12 12:00:00,2.4559,0.0
1986-02-13 12:00:00,2.5231000000000003,0.0
1986-02-14 12:00:00,2.7552000000000003,0.0
1986-02-15 12:00:00,2.5953,0.0
1986-02-16 12:00:00,2.5956,0.0
1986-02-17 12:00:00,2.5312,0.0
1986-02-18 12:00:00,2.3621000000000003,0.0
1986-02-19 12:00:00,3.2183,0.0
1986-02-20 12:00:00,3.4409,0.0
1986-02-21 12:00:00,2.7735000000000003,0.0
1986-02-22 12:00:00,2.7919,0.0
1986-02-23 12:00:00,2.8520000000000003,0.0
1986-02-24 12:00:00,5.7997000000000005,0.0
1986-02-25 12:00:00,7.7857,0.0
1986-02-26 12:00:00,5.887700000000001,0.0
1986-02-27 12:00:00,4.7779,0.0
1986-02-28 12:00:00,4.1449,0.0
1986-03-01 12:00:00,3.7683,0.0
1986-03-02 12:00:00,3.8678000000000003,0.0
1986-03-03 12:00:00,3.7126,0.0
1986-03-04 12:00:00,3.3577000000000004,0.0
1986-03-05 12:00:00,3.2186000000000003,0.0
1986-03-06 12:00:00,3.1724,0.0
1986-03-07 12:00:00,3.027,0.0
1986-03-08 12:00:00,2.9733,0.0
1986-03-09 12:00:00,2.9462,0.0
1986-03-10 12:00:00,3.3743000000000003,0.0
1986-03-11 12:00:00,5.5739,0.0
1986-03-12 12:00:00,23.264,0.0
1986-03-13 12:00:00,20.284100000000002,0.0
1986-03-14 12:00:00,11.1295,0.0
1986-03-15 12:00:00,8.358600000000001,0.0
1986-03-16 12:00:00,7.0239,0.0
1986-03-17 12:00:00,6.1555,0.0
1986-03-18 12:00:00,5.5553,0.0
1986-03-19 12:00:00,5.2434,0.0
1986-03-20 12:00:00,4.9528,0.0
1986-03-21 12:00:00,4.6013,0.0
1986-03-22 12:00:00,4.332800000000001,0.0
1986-03-23 12:00:00,4.1789000000000005,0.0
1986-03-24 12:00:00,4.083200000000001,0.0
1986-03-25 12:00:00,3.8747000000000003,0.0
1986-03-26 12:00:00,3.7235,0.0
1986-03-27 12:00:00,4.3967,0.0
1986-03-28 12:00:00,3.9784,0.0
1986-03-29 12:00:00,3.7028000000000003,0.0
1986-03-30 12:00:00,3.6461,0.0
1986-03-31 12:00:00,3.5049,0.0
1986-04-01 12:00:00,3.4736000000000002,0.0
1986-04-02 12:00:00,3.6925000000000003,0.0
1986-04-03 12:00:00,3.4463000000000004,0.0
1986-04-04 12:00:00,3.3461000000000003,0.0
1986-04-05 12:00:00,4.9469,0.0
1986-04-06 12:00:00,4.0764000000000005,0.0
1986-04-07 12:00:00,3.6556,0.0
1986-04-08 12:00:00,3.9159,0.0
1986-04-09 12:00:00,4.2996,0.0
1986-04-10 12:00:00,3.7046,0.0
1986-04-11 12:00:00,3.6839000000000004,0.0
1986-04-12 12:00:00,3.9137000000000004,0.0
1986-04-13 12:00:00,3.6839000000000004,0.0
1986-04-14 12:00:00,3.5403000000000002,0.0
1986-04-15 12:00:00,3.4019000000000004,0.0
1986-04-16 12:00:00,3.3461000000000003,0.0
1986-04-17 12:00:00,3.2771000000000003,0.0
1986-04-18 12:00:00,3.2304,0.0
1986-04-19 12:00:00,3.2176,0.0
1986-04-20 12:00:00,3.2025,0.0
1986-04-21 12:00:00,3.1273,0.0
1986-04-22 12:00:00,3.0714,0.0
1986-04-23 12:00:00,3.0596,0.0
1986-04-24 12:00:00,3.0157000000000003,0.0
1986-04-25 12:00:00,2.9984,0.0
1986-04-26 12:00:00,4.1199,0.0
1986-04-27 12:00:00,3.6378000000000004,0.0
1986-04-28 12:00:00,4.7268,0.0
1986-04-29 12:00:00,3.7697000000000003,0.0
1986-04-30 12:00:00,3.673,0.0
1986-05-01 12:00:00,3.5849,0.0
1986-05-02 12:00:00,3.4019000000000004,0.0
1986-05-03 12:00:00,3.4346,0.0
1986-05-04 12:00:00,3.3287,0.0
1986-05-05 12:00:00,3.2724,0.0
1986-05-06 12:00:00,3.2221,0.0
1986-05-07 12:00:00,3.1631,0.0
1986-05-08 12:00:00,3.1063,0.0
1986-05-09 12:00:00,3.0588,0.0
1986-05-10 12:00:00,3.1041000000000003,0.0
1986-05-11 12:00:00,3.0564,0.0
1986-05-12 12:00:00,2.9902,0.0
1986-05-13 12:00:00,2.9505000000000003,0.0
1986-05-16 12:00:00,3.2318000000000002,0.0
1986-05-17 12:00:00,3.7507,0.0
1986-05-18 12:00:00,3.6666000000000003,0.0
1986-05-19 12:00:00,3.4945000000000004,0.0
1986-05-20 12:00:00,5.6534,0.0
1986-05-21 12:00:00,4.7483,0.0
1986-05-22 12:00:00,4.2191,0.0
1986-05-23 12:00:00,3.9814000000000003,0.0
1986-05-24 12:00:00,3.8363,0.0
1986-05-25 12:00:00,3.6892,0.0
1986-05-26 12:00:00,3.6366,0.0
1986-05-27 12:00:00,3.5237000000000003,0.0
1986-05-28 12:00:00,3.4955000000000003,0.0
1986-05-29 12:00:00,8.639100000000001,0.0
1986-05-30 12:00:00,8.4383,0.0
1986-05-31 12:00:00,7.221,0.0
1986-06-01 12:00:00,6.6088000000000005,0.0
1986-06-02 12:00:00,6.1908,0.0
1986-06-03 12:00:00,12.171700000000001,0.0
1986-06-04 12:00:00,11.9265,0.0
1986-06-05 12:00:00,9.453100000000001,0.0
1986-06-06 12:00:00,8.0336,0.0
1986-06-07 12:00:00,7.7414000000000005,0.0
1986-06-08 12:00:00,10.5739,0.0
1986-06-09 12:00:00,10.510900000000001,0.0
1986-06-10 12:00:00,13.0572,0.0
1986-06-11 12:00:00,32.4454,0.0
1986-06-12 12:00:00,46.0431,0.0
1986-06-13 12:00:00,26.7068,0.0
1986-06-14 12:00:00,19.6678,0.0
1986-06-15 12:00:00,15.172,0.0
1986-06-16 12:00:00,12.6316,0.0
1986-06-17 12:00:00,10.8271,0.0
1986-06-18 12:00:00,9.6366,0.0
1986-06-19 12:00:00,9.347000000000001,0.0
1986-06-20 12:00:00,17.047900000000002,0.0
1986-06-21 12:00:00,18.5286,0.0
1986-06-22 12:00:00,17.0544,0.0
1986-06-23 12:00:00,16.823700000000002,0.0
1986-06-24 12:00:00,15.233400000000001,0.0
1986-06-25 12:00:00,13.4612,0.0
1986-06-26 12:00:00,12.146,0.0
1986-06-27 12:00:00,11.473700000000001,0.0
1986-06-28 12:00:00,10.288300000000001,0.0
1986-06-29 12:00:00,9.189,0.0
1986-06-30 12:00:00,8.343300000000001,0.0
1986-07-01 12:00:00,7.5685,0.0
1986-07-02 12:00:00,6.9546,0.0
1986-07-03 12:00:00,6.553800000000001,0.0
1986-07-04 12:00:00,6.7931,0.0
1986-07-05 12:00:00,6.618,0.0
1986-07-06 12:00:00,6.5455000000000005,0.0
1986-07-07 12:00:00,6.1868,0.0
1986-07-08 12:00:00,5.9679,0.0
1986-07-09 12:00:00,5.9153,0.0
1986-07-10 12:00:00,6.106400000000001,0.0
1986-07-11 12:00:00,5.8281,0.0
1986-07-12 12:00:00,5.344,0.0
1986-07-13 12:00:00,5.1530000000000005,0.0
1986-07-14 12:00:00,5.112900000000001,0.0
1986-07-15 12:00:00,5.159,0.0
1986-07-16 12:00:00,5.2534,0.0
1986-07-17 12:00:00,5.2458,0.0
1986-07-18 12:00:00,5.3740000000000006,0.0
1986-07-19 12:00:00,5.8692,0.0
1986-07-20 12:00:00,6.2095,0.0
1986-07-21 12:00:00,5.8802,0.0
1986-07-22 12:00:00,5.5886000000000005,0.0
1986-07-23 12:00:00,7.5663,0.0
1986-07-24 12:00:00,13.372900000000001,0.0
1986-07-25 12:00:00,15.482800000000001,0.0
1986-07-26 12:00:00,12.483500000000001,0.0
1986-07-27 12:00:00,10.7575,0.0
1986-07-28 12:00:00,9.691600000000001,0.0
1986-07-29 12:00:00,9.1342,0.0
1986-07-30 12:00:00,9.026,0.0
1986-07-31 12:00:00,17.3204,0.0
1986-08-01 12:00:00,14.0295,0.0
1986-08-02 12:00:00,12.1333,0.0
1986-08-03 12:00:00,10.8712,0.0
1986-08-04 12:00:00,9.7359,0.0
1986-08-05 12:00:00,8.6326,0.0
1986-08-06 12:00:00,8.1273,0.0
1986-08-07 12:00:00,7.783600000000001,0.0
1986-08-08 12:00:00,7.6231,0.0
1986-08-09 12:00:00,7.7998,0.0
1986-08-10 12:00:00,9.2324,0.0
1986-08-11 12:00:00,8.597100000000001,0.0
1986-08-12 12:00:00,7.9339,0.0
1986-08-13 12:00:00,7.595400000000001,0.0
1986-08-14 12:00:00,7.2016,0.0
1986-08-15 12:00:00,6.8791,0.0
1986-08-16 12:00:00,6.596,0.0
1986-08-17 12:00:00,6.4081,0.0
1986-08-18 12:00:00,7.5924000000000005,0.0
1986-08-19 12:00:00,8.514100000000001,0.0
1986-08-20 12:00:00,7.7049,0.0
1986-08-21 12:00:00,7.2915,0.0
1986-08-23 12:00:00,7.0391,0.0
1986-08-24 12:00:00,6.7824,0.0
1986-08-25 12:00:00,6.5064,0.0
1986-08-26 12:00:00,6.3449,0.0
1986-08-27 12:00:00,6.1536,0.0
1986-08-28 12:00:00,5.9745,0.0
1986-08-29 12:00:00,5.798,0.0
1986-08-30 12:00:00,5.6237,0.0
1986-08-31 12:00:00,6.45,0.0
1986-09-01 12:00:00,6.4112,0.0
1986-09-02 12:00:00,6.188400000000001,0.0
1986-09-03 12:00:00,5.798,0.0
1986-09-04 12:00:00,5.6585,0.0
1986-09-05 12:00:00,5.8841,0.0
1986-09-06 12:00:00,13.586,0.0
1986-09-07 12:00:00,12.9989,0.0
1986-09-08 12:00:00,10.3671,0.0
1986-09-09 12:00:00,9.0584,0.0
1986-09-10 12:00:00,8.4452,0.0
1986-09-11 12:00:00,7.9523,0.0
1986-09-12 12:00:00,7.4377,0.0
1986-09-13 12:00:00,7.146800000000001,0.0
1986-09-14 12:00:00,7.2925,0.0
1986-09-15 12:00:00,7.1002,0.0
1986-09-16 12:00:00,6.4848,0.0
1986-09-17 12:00:00,6.2504,0.0
1986-09-18 12:00:00,5.9819,0.0
1986-09-19 12:00:00,5.9435,0.0
1986-09-20 12:00:00,5.8341,0.0
1986-09-21 12:00:00,5.732600000000001,0.0
1986-09-22 12:00:00,5.647,0.0
1986-09-23 12:00:00,5.7206,0.0
1986-09-24 12:00:00,5.8082,0.0
1986-09-25 12:00:00,5.9815000000000005,0.0
1986-09-26 12:00:00,11.2384,0.0
1986-09-27 12:00:00,14.0883,0.0
1986-09-28 12:00:00,10.6127,0.0
1986-09-29 12:00:00,8.7652,0.0
1986-09-30 12:00:00,7.9065,0.0
1986-10-01 12:00:00,8.6026,0.0
1986-10-02 12:00:00,14.0515,0.0
1986-10-03 12:00:00,15.8232,0.0
1986-10-04 12:00:00,14.694600000000001,0.0
1986-10-05 12:00:00,12.6882,0.0
1986-10-06 12:00:00,11.2034,0.0
1986-10-07 12:00:00,9.8352,0.0
1986-10-08 12:00:00,8.8535,0.0
1986-10-09 12:00:00,8.3162,0.0
1986-10-10 12:00:00,8.18,0.0
1986-10-11 12:00:00,8.0054,0.0
1986-10-12 12:00:00,8.2058,0.0
1986-10-13 12:00:00,8.1807,0.0
1986-10-14 12:00:00,7.679600000000001,0.0
1986-10-15 12:00:00,7.373900000000001,0.0
1986-10-16 12:00:00,7.2221,0.0
1986-10-17 12:00:00,6.6315,0.0
1986-10-18 12:00:00,6.142,0.0
1986-10-19 12:00:00,5.8567,0.0
1986-10-20 12:00:00,5.9332,0.0
1986-10-21 12:00:00,5.9569,0.0
1986-10-22 12:00:00,5.631200000000001,0.0
1986-10-23 12:00:00,5.4886,0.0
1986-10-24 12:00:00,5.5648,0.0
1986-10-25 12:00:00,5.382000000000001,0.0
1986-10-26 12:00:00,5.3891,0.0
1986-10-27 12:00:00,5.2652,0.0
1986-10-28 12:00:00,4.8441,0.0
1986-10-29 12:00:00,4.7525,0.0
1986-10-30 12:00:00,4.6993,0.0
1986-10-31 12:00:00,4.5712,0.0
1986-11-01 12:00:00,4.5524000000000004,0.0
1986-11-02 12:00:00,4.5239,0.0
1986-11-03 12:00:00,4.3434,0.0
1986-11-04 12:00:00,4.279,0.0
1986-11-05 12:00:00,4.407500000000001,0.0
1986-11-06 12:00:00,4.4446,0.0
1986-11-07 12:00:00,4.3028,0.0
1986-11-08 12:00:00,4.027,0.0
1986-11-09 12:00:00,3.7945,0.0
1986-11-10 12:00:00,3.6498000000000004,0.0
1986-11-11 12:00:00,3.6300000000000003,0.0
1986-11-12 12:00:00,3.583,0.0
1986-11-13 12:00:00,3.3931,0.0
1986-11-14 12:00:00,3.185,0.0
1986-11-15 12:00:00,3.0776000000000003,0.0
1986-11-16 12:00:00,3.0326,0.0
1986-11-17 12:00:00,3.0706,0.0
1986-11-18 12:00:00,3.0245,0.0
1986-11-19 12:00:00,2.947,0.0
1986-11-20 12:00:00,2.8743000000000003,0.0
1986-11-21 12:00:00,2.8578,0.0
1986-11-22 12:00:00,2.8364000000000003,0.0
1986-11-23 12:00:00,3.1217,0.0
1986-11-24 12:00:00,4.637700000000001,0.0
1986-11-25 12:00:00,3.5624000000000002,0.0
1986-11-26 12:00:00,3.0258000000000003,0.0
1986-11-27 12:00:00,3.3320000000000003,0.0
1986-11-28 12:00:00,4.7621,0.0
1986-11-29 12:00:00,4.5091,0.0
1986-11-30 12:00:00,3.6464000000000003,0.0
1986-12-01 12:00:00,3.3097000000000003,0.0
1986-12-02 12:00:00,3.0654000000000003,0.0
1986-12-03 12:00:00,2.8945000000000003,0.0
1986-12-04 12:00:00,2.7402,0.0
1986-12-05 12:00:00,2.65,0.0
1986-12-06 12:00:00,2.5994,0.0
1986-12-07 12:00:00,2.5498000000000003,0.0
1986-12-08 12:00:00,2.4582,0.0
1986-12-09 12:00:00,2.4168000000000003,0.0
1986-12-10 12:00:00,2.3735,0.0
1986-12-11 12:00:00,3.0171,0.0
1986-12-12 12:00:00,3.4637000000000002,0.0
1986-12-13 12:00:00,2.6177,0.0
1986-12-14 12:00:00,2.5071000000000003,0.0
1986-12-15 12:00:00,2.3963,0.0
1986-12-16 12:00:00,2.3313,0.0
1986-12-17 12:00:00,2.2499000000000002,0.0
1986-12-18 12:00:00,2.2150000000000003,0.0
1986-12-19 12:00:00,2.2083,0.0
1986-12-20 12:00:00,2.1909,0.0
1986-12-21 12:00:00,2.1616,0.0
1986-12-22 12:00:00,2.5500000000000003,0.0
1986-12-23 12:00:00,2.6060000000000003,0.0
1986-12-24 12:00:00,2.2605,0.0
1986-12-25 12:00:00,2.0371,0.0
1986-12-26 12:00:00,1.9196000000000002,0.0
1986-12-27 12:00:00,1.883,0.0
1986-12-28 12:00:00,2.0232,0.0
1986-12-29 12:00:00,2.3981,0.0
1986-12-30 12:00:00,2.1893000000000002,0.0
1986-12-31 12:00:00,1.9231,0.0
1987-01-01 12:00:00,1.8098,0.0
1987-01-02 12:00:00,1.7527000000000001,0.0
1987-01-03 12:00:00,1.6729,0.0
1987-01-04 12:00:00,1.6163,0.0
1987-01-05 12:00:00,1.56,0.0
1987-01-06 12:00:00,1.5327000000000002,0.0
1987-01-07 12:00:00,1.4818,0.0
1987-01-08 12:00:00,1.4474,0.0
1987-01-09 12:00:00,1.4953,0.0
1987-01-10 12:00:00,1.487,0.0
1987-01-11 12:00:00,1.5692000000000002,0.0
1987-01-12 12:00:00,1.4705000000000001,0.0
1987-01-13 12:00:00,1.5821,0.0
1987-01-14 12:00:00,1.7531,0.0
1987-01-15 12:00:00,1.7102000000000002,0.0
1987-01-16 12:00:00,1.7164000000000001,0.0
1987-01-17 12:00:00,2.552,0.0
1987-01-18 12:00:00,1.7171,0.0
1987-01-19 12:00:00,1.6008,0.0
1987-01-20 12:00:00,1.8157,0.0
1987-01-21 12:00:00,4.5384,0.0
1987-01-22 12:00:00,4.9644,0.0
1987-01-23 12:00:00,4.115600000000001,0.0
1987-01-24 12:00:00,3.0938000000000003,0.0
1987-01-25 12:00:00,2.6211,0.0
1987-01-26 12:00:00,2.3471,0.0
1987-01-27 12:00:00,2.7724,0.0
1987-01-28 12:00:00,4.065,0.0
1987-01-29 12:00:00,2.8364000000000003,0.0
1987-01-30 12:00:00,2.5288,0.0
1987-01-31 12:00:00,2.3572,0.0
1987-02-01 12:00:00,2.4217,0.0
1987-02-02 12:00:00,2.1897,0.0
1987-02-03 12:00:00,6.9299,0.0
1987-02-04 12:00:00,4.6997,0.0
1987-02-05 12:00:00,3.6564,0.0
1987-02-06 12:00:00,3.2558000000000002,0.0
1987-02-07 12:00:00,2.9155,0.0
1987-02-08 12:00:00,2.7766,0.0
1987-02-09 12:00:00,2.6303,0.0
1987-02-10 12:00:00,2.4452000000000003,0.0
1987-02-11 12:00:00,2.3363,0.0
1987-02-12 12:00:00,2.6028000000000002,0.0
1987-02-13 12:00:00,3.4313000000000002,0.0
1987-02-14 12:00:00,4.1417,0.0
1987-02-15 12:00:00,3.5432,0.0
1987-02-16 12:00:00,3.5290000000000004,0.0
1987-02-17 12:00:00,9.2757,0.0
1987-02-18 12:00:00,6.83,0.0
1987-02-19 12:00:00,5.2428,0.0
1987-02-20 12:00:00,4.402,0.0
1987-02-21 12:00:00,3.9448000000000003,0.0
1987-02-22 12:00:00,5.040900000000001,0.0
1987-02-23 12:00:00,4.1616,0.0
1987-02-24 12:00:00,3.6387,0.0
1987-02-25 12:00:00,3.5362,0.0
1987-02-26 12:00:00,4.0895,0.0
1987-02-27 12:00:00,4.1698,0.0
1987-02-28 12:00:00,3.982,0.0
1987-03-01 12:00:00,4.1081,0.0
1987-03-02 12:00:00,6.712000000000001,0.0
1987-03-03 12:00:00,9.817400000000001,0.0
1987-03-04 12:00:00,7.6745,0.0
1987-03-05 12:00:00,6.3617,0.0
1987-03-06 12:00:00,5.6136,0.0
1987-03-07 12:00:00,5.0736,0.0
1987-03-08 12:00:00,5.625900000000001,0.0
1987-03-09 12:00:00,57.6409,0.0
1987-03-10 12:00:00,92.61330000000001,0.0
1987-03-11 12:00:00,55.3507,0.0
1987-03-12 12:00:00,34.7318,0.0
1987-03-13 12:00:00,23.8547,0.0
1987-03-14 12:00:00,18.1685,0.0
1987-03-15 12:00:00,14.6896,0.0
1987-03-16 12:00:00,12.4649,0.0
1987-03-17 12:00:00,10.908100000000001,0.0
1987-03-18 12:00:00,9.7578,0.0
1987-03-19 12:00:00,8.9148,0.0
1987-03-20 12:00:00,8.2828,0.0
1987-03-21 12:00:00,7.764,0.0
1987-03-22 12:00:00,7.3055,0.0
1987-03-23 12:00:00,7.6071,0.0
1987-03-24 12:00:00,7.5848,0.0
1987-03-25 12:00:00,6.6965,0.0
1987-03-26 12:00:00,6.2896,0.0
1987-03-27 12:00:00,5.9493,0.0
1987-03-28 12:00:00,5.6530000000000005,0.0
1987-03-29 12:00:00,39.1698,0.0
1987-03-30 12:00:00,75.2645,0.0
1987-03-31 12:00:00,61.319700000000005,0.0
1987-04-01 12:00:00,39.8161,0.0
1987-04-02 12:00:00,27.311300000000003,0.0
1987-04-03 12:00:00,21.1614,0.0
1987-04-04 12:00:00,17.5847,0.0
1987-04-05 12:00:00,15.1362,0.0
1987-04-06 12:00:00,13.3421,0.0
1987-04-07 12:00:00,12.1478,0.0
1987-04-08 12:00:00,12.0913,0.0
1987-04-09 12:00:00,11.1532,0.0
1987-04-10 12:00:00,10.0385,0.0
1987-04-11 12:00:00,9.1937,0.0
1987-04-12 12:00:00,8.55,0.0
1987-04-13 12:00:00,7.9779,0.0
1987-04-14 12:00:00,8.048,0.0
1987-04-15 12:00:00,7.5129,0.0
1987-04-16 12:00:00,6.9802,0.0
1987-04-17 12:00:00,6.630400000000001,0.0
1987-04-18 12:00:00,6.3715,0.0
1987-04-19 12:00:00,6.1896,0.0
1987-04-20 12:00:00,6.9,0.0
1987-04-21 12:00:00,6.7366,0.0
1987-04-22 12:00:00,6.891,0.0
1987-04-23 12:00:00,6.2626,0.0
1987-04-24 12:00:00,5.939100000000001,0.0
1987-04-25 12:00:00,5.6588,0.0
1987-04-26 12:00:00,5.3842,0.0
1987-04-27 12:00:00,5.2879000000000005,0.0
1987-04-28 12:00:00,5.1667000000000005,0.0
1987-04-29 12:00:00,5.3177,0.0
1987-04-30 12:00:00,5.647,0.0
1987-05-01 12:00:00,5.0842,0.0
1987-05-02 12:00:00,4.9177,0.0
1987-05-03 12:00:00,4.882000000000001,0.0
1987-05-04 12:00:00,4.800800000000001,0.0
1987-05-05 12:00:00,4.675800000000001,0.0
1987-05-06 12:00:00,4.6112,0.0
1987-05-07 12:00:00,4.4806,0.0
1987-05-08 12:00:00,4.3893,0.0
1987-05-09 12:00:00,4.3291,0.0
1987-05-10 12:00:00,4.2689,0.0
1987-05-11 12:00:00,4.2238,0.0
1987-05-12 12:00:00,4.1489,0.0
1987-05-13 12:00:00,4.0894,0.0
1987-05-14 12:00:00,4.0303,0.0
1987-05-16 12:00:00,4.0949,0.0
1987-05-17 12:00:00,4.293,0.0
1987-05-18 12:00:00,5.183800000000001,0.0
1987-05-19 12:00:00,4.8224,0.0
1987-05-20 12:00:00,6.5193,0.0
1987-05-21 12:00:00,7.1614,0.0
1987-05-22 12:00:00,6.274900000000001,0.0
1987-05-23 12:00:00,5.9348,0.0
1987-05-24 12:00:00,5.7164,0.0
1987-05-25 12:00:00,12.0203,0.0
1987-05-26 12:00:00,12.2986,0.0
1987-05-27 12:00:00,13.433300000000001,0.0
1987-05-28 12:00:00,18.0895,0.0
1987-05-29 12:00:00,14.844800000000001,0.0
1987-05-30 12:00:00,15.0502,0.0
1987-05-31 12:00:00,12.9823,0.0
1987-06-01 12:00:00,11.330200000000001,0.0
1987-06-02 12:00:00,10.623800000000001,0.0
1987-06-03 12:00:00,13.8062,0.0
1987-06-04 12:00:00,12.9818,0.0
1987-06-05 12:00:00,11.4505,0.0
1987-06-06 12:00:00,10.4738,0.0
1987-06-07 12:00:00,9.7744,0.0
1987-06-08 12:00:00,9.1617,0.0
1987-06-09 12:00:00,8.5654,0.0
1987-06-10 12:00:00,8.0348,0.0
1987-06-11 12:00:00,7.6512,0.0
1987-06-12 12:00:00,10.4803,0.0
1987-06-13 12:00:00,16.5225,0.0
1987-06-14 12:00:00,15.682400000000001,0.0
1987-06-15 12:00:00,14.5982,0.0
1987-06-16 12:00:00,13.459200000000001,0.0
1987-06-17 12:00:00,12.7522,0.0
1987-06-18 12:00:00,12.1072,0.0
1987-06-19 12:00:00,11.3055,0.0
1987-06-20 12:00:00,10.427100000000001,0.0
1987-06-21 12:00:00,9.6806,0.0
1987-06-22 12:00:00,9.0684,0.0
1987-06-23 12:00:00,8.948,0.0
1987-06-24 12:00:00,9.2392,0.0
1987-06-25 12:00:00,8.9613,0.0
1987-06-26 12:00:00,8.3267,0.0
1987-06-27 12:00:00,7.849,0.0
1987-06-28 12:00:00,7.4703,0.0
1987-06-29 12:00:00,7.3462000000000005,0.0
1987-06-30 12:00:00,6.9824,0.0
1987-07-01 12:00:00,6.482,0.0
1987-07-02 12:00:00,6.2620000000000005,0.0
1987-07-03 12:00:00,6.101500000000001,0.0
1987-07-04 12:00:00,5.868600000000001,0.0
1987-07-05 12:00:00,5.555000000000001,0.0
1987-07-06 12:00:00,5.3438,0.0
1987-07-08 12:00:00,5.4588,0.0
1987-07-09 12:00:00,5.2991,0.0
1987-07-10 12:00:00,5.1833,0.0
1987-07-11 12:00:00,5.117,0.0
1987-07-12 12:00:00,5.0793,0.0
1987-07-13 12:00:00,5.018400000000001,0.0
1987-07-14 12:00:00,4.8223,0.0
1987-07-16 12:00:00,4.8875,0.0
1987-07-17 12:00:00,4.8551,0.0
1987-07-18 12:00:00,4.585500000000001,0.0
1987-07-19 12:00:00,4.7577,0.0
1987-07-20 12:00:00,5.6037,0.0
1987-07-21 12:00:00,6.1997,0.0
1987-07-22 12:00:00,5.9199,0.0
1987-07-23 12:00:00,5.8407,0.0
1987-07-24 12:00:00,5.399100000000001,0.0
1987-07-25 12:00:00,5.1000000000000005,0.0
1987-07-26 12:00:00,5.067200000000001,0.0
1987-07-27 12:00:00,5.1742,0.0
1987-07-28 12:00:00,5.0662,0.0
1987-07-29 12:00:00,4.9350000000000005,0.0
1987-07-30 12:00:00,4.9415000000000004,0.0
1987-07-31 12:00:00,6.0399,0.0
1987-08-01 12:00:00,7.2632,0.0
1987-08-02 12:00:00,12.39,0.0
1987-08-03 12:00:00,13.6302,0.0
1987-08-04 12:00:00,15.542000000000002,0.0
1987-08-05 12:00:00,16.0924,0.0
1987-08-06 12:00:00,15.389800000000001,0.0
1987-08-07 12:00:00,14.7475,0.0
1987-08-08 12:00:00,13.173200000000001,0.0
1987-08-09 12:00:00,12.0503,0.0
1987-08-10 12:00:00,11.153400000000001,0.0
1987-08-11 12:00:00,10.3489,0.0
1987-08-12 12:00:00,9.6729,0.0
1987-08-13 12:00:00,9.0684,0.0
1987-08-14 12:00:00,8.6096,0.0
1987-08-15 12:00:00,8.3409,0.0
1987-08-16 12:00:00,8.2966,0.0
1987-08-17 12:00:00,8.1506,0.0
1987-08-18 12:00:00,7.6512,0.0
1987-08-19 12:00:00,7.4012,0.0
1987-08-20 12:00:00,7.2655,0.0
1987-08-21 12:00:00,7.8539,0.0
1987-08-22 12:00:00,8.1507,0.0
1987-08-23 12:00:00,7.6516,0.0
1987-08-24 12:00:00,7.1963,0.0
1987-08-25 12:00:00,6.8344000000000005,0.0
1987-08-26 12:00:00,6.6177,0.0
1987-08-28 12:00:00,6.5928,0.0
1987-08-29 12:00:00,6.6614,0.0
1987-08-30 12:00:00,6.335100000000001,0.0
1987-08-31 12:00:00,6.0817000000000005,0.0
1987-09-01 12:00:00,5.9694,0.0
1987-09-02 12:00:00,12.2369,0.0
1987-09-03 12:00:00,13.144300000000001,0.0
1987-09-04 12:00:00,10.886800000000001,0.0
1987-09-05 12:00:00,9.4292,0.0
1987-09-06 12:00:00,8.5954,0.0
1987-09-07 12:00:00,8.1069,0.0
1987-09-08 12:00:00,8.2965,0.0
1987-09-09 12:00:00,7.7502,0.0
1987-09-10 12:00:00,7.762700000000001,0.0
1987-09-11 12:00:00,7.9374,0.0
1987-09-12 12:00:00,8.388,0.0
1987-09-13 12:00:00,9.005700000000001,0.0
1987-09-14 12:00:00,9.213000000000001,0.0
1987-09-15 12:00:00,8.762,0.0
1987-09-16 12:00:00,8.1799,0.0
1987-09-17 12:00:00,7.6447,0.0
1987-09-18 12:00:00,7.2098,0.0
1987-09-19 12:00:00,6.8868,0.0
1987-09-20 12:00:00,7.162400000000001,0.0
1987-09-21 12:00:00,8.021600000000001,0.0
1987-09-22 12:00:00,7.0175,0.0
1987-09-23 12:00:00,6.6635,0.0
1987-09-24 12:00:00,6.3472,0.0
1987-09-25 12:00:00,6.243,0.0
1987-09-26 12:00:00,6.208200000000001,0.0
1987-09-27 12:00:00,6.274500000000001,0.0
1987-09-28 12:00:00,6.5968,0.0
1987-09-29 12:00:00,8.0573,0.0
1987-09-30 12:00:00,7.406000000000001,0.0
1987-10-01 12:00:00,6.4763,0.0
1987-10-02 12:00:00,5.9871,0.0
1987-10-03 12:00:00,5.5666,0.0
1987-10-04 12:00:00,5.6307,0.0
1987-10-05 12:00:00,15.063400000000001,0.0
1987-10-06 12:00:00,11.5706,0.0
1987-10-07 12:00:00,14.492500000000001,0.0
1987-10-08 12:00:00,14.235100000000001,0.0
1987-10-09 12:00:00,15.105500000000001,0.0
1987-10-10 12:00:00,14.7599,0.0
1987-10-11 12:00:00,14.1463,0.0
1987-10-12 12:00:00,13.147400000000001,0.0
1987-10-13 12:00:00,12.8704,0.0
1987-10-14 12:00:00,13.327300000000001,0.0
1987-10-15 12:00:00,13.515400000000001,0.0
1987-10-16 12:00:00,12.9664,0.0
1987-10-17 12:00:00,12.2589,0.0
1987-10-18 12:00:00,11.3445,0.0
1987-10-19 12:00:00,10.772300000000001,0.0
1987-10-20 12:00:00,10.0023,0.0
1987-10-21 12:00:00,9.6658,0.0
1987-10-22 12:00:00,9.082600000000001,0.0
1987-10-23 12:00:00,9.0393,0.0
1987-10-24 12:00:00,8.536200000000001,0.0
1987-10-25 12:00:00,7.858300000000001,0.0
1987-10-26 12:00:00,7.3882,0.0
1987-10-27 12:00:00,7.1992,0.0
1987-10-28 12:00:00,7.4931,0.0
1987-10-29 12:00:00,7.2567,0.0
1987-10-30 12:00:00,6.7287,0.0
1987-10-31 12:00:00,6.4848,0.0
1987-11-01 12:00:00,6.3193,0.0
1987-11-02 12:00:00,6.0558000000000005,0.0
1987-11-03 12:00:00,6.482,0.0
1987-11-04 12:00:00,6.265000000000001,0.0
1987-11-05 12:00:00,5.8954,0.0
1987-11-06 12:00:00,5.6747000000000005,0.0
1987-11-07 12:00:00,5.4608,0.0
1987-11-08 12:00:00,5.344600000000001,0.0
1987-11-09 12:00:00,5.3182,0.0
1987-11-10 12:00:00,5.0601,0.0
1987-11-11 12:00:00,4.9333,0.0
1987-11-12 12:00:00,4.8104000000000005,0.0
1987-11-13 12:00:00,4.8085,0.0
1987-11-14 12:00:00,4.537,0.0
1987-11-15 12:00:00,4.4166,0.0
1987-11-16 12:00:00,4.293,0.0
1987-11-17 12:00:00,4.1509,0.0
1987-11-18 12:00:00,4.0285,0.0
1987-11-19 12:00:00,3.9056,0.0
1987-11-20 12:00:00,3.7868000000000004,0.0
1987-11-21 12:00:00,3.6829,0.0
1987-11-22 12:00:00,3.6215,0.0
1987-11-23 12:00:00,3.4994,0.0
1987-11-24 12:00:00,3.2707,0.0
1987-11-25 12:00:00,3.278,0.0
1987-11-26 12:00:00,3.0774000000000004,0.0
1987-11-27 12:00:00,4.0136,0.0
1987-11-28 12:00:00,4.1471,0.0
1987-11-29 12:00:00,5.208200000000001,0.0
1987-11-30 12:00:00,4.6378,0.0
1987-12-01 12:00:00,4.383900000000001,0.0
1987-12-02 12:00:00,4.056900000000001,0.0
1987-12-03 12:00:00,3.617,0.0
1987-12-04 12:00:00,3.5129,0.0
1987-12-05 12:00:00,3.5674,0.0
1987-12-06 12:00:00,3.1935000000000002,0.0
1987-12-07 12:00:00,3.1412,0.0
1987-12-08 12:00:00,3.2272000000000003,0.0
1987-12-09 12:00:00,3.3505000000000003,0.0
1987-12-10 12:00:00,3.0293,0.0
1987-12-11 12:00:00,2.8497000000000003,0.0
1987-12-12 12:00:00,2.8316000000000003,0.0
1987-12-13 12:00:00,2.6643000000000003,0.0
1987-12-14 12:00:00,2.6303,0.0
1987-12-15 12:00:00,2.5516,0.0
1987-12-16 12:00:00,2.5180000000000002,0.0
1987-12-17 12:00:00,2.3918,0.0
1987-12-18 12:00:00,2.2943000000000002,0.0
1987-12-19 12:00:00,2.3484000000000003,0.0
1987-12-20 12:00:00,2.2427,0.0
1987-12-21 12:00:00,2.4378,0.0
1987-12-22 12:00:00,3.8349,0.0
1987-12-23 12:00:00,3.347,0.0
1987-12-24 12:00:00,2.8032,0.0
1987-12-25 12:00:00,3.2145,0.0
1987-12-26 12:00:00,2.7398000000000002,0.0
1987-12-27 12:00:00,2.5263,0.0
1987-12-28 12:00:00,2.4678,0.0
1987-12-29 12:00:00,2.3359,0.0
1987-12-30 12:00:00,2.2493000000000003,0.0
1987-12-31 12:00:00,2.2088,0.0
1988-01-01 12:00:00,2.1167000000000002,0.0
1988-01-02 12:00:00,2.0162,0.0
1988-01-03 12:00:00,1.9780000000000002,0.0
1988-01-04 12:00:00,2.0726,0.0
1988-01-05 12:00:00,2.0005,0.0
1988-01-06 12:00:00,1.9224,0.0
1988-01-07 12:00:00,1.8897000000000002,0.0
1988-01-08 12:00:00,1.7988000000000002,0.0
1988-01-09 12:00:00,1.7984,0.0
1988-01-10 12:00:00,1.7814,0.0
1988-01-11 12:00:00,1.7456,0.0
1988-01-12 12:00:00,1.657,0.0
1988-01-13 12:00:00,1.7404000000000002,0.0
1988-01-14 12:00:00,1.8441,0.0
1988-01-15 12:00:00,1.6238000000000001,0.0
1988-01-16 12:00:00,1.5635000000000001,0.0
1988-01-17 12:00:00,1.5679,0.0
1988-01-18 12:00:00,12.7819,0.0
1988-01-19 12:00:00,7.8822,0.0
1988-01-20 12:00:00,3.9551000000000003,0.0
1988-01-21 12:00:00,3.1606,0.0
1988-01-22 12:00:00,2.7809,0.0
1988-01-23 12:00:00,2.5364,0.0
1988-01-24 12:00:00,2.3496,0.0
1988-01-25 12:00:00,2.2552000000000003,0.0
1988-01-26 12:00:00,2.2215000000000003,0.0
1988-01-27 12:00:00,2.0933,0.0
1988-01-28 12:00:00,2.0431,0.0
1988-01-29 12:00:00,1.9346,0.0
1988-01-30 12:00:00,1.8514000000000002,0.0
1988-01-31 12:00:00,1.8218,0.0
1988-02-01 12:00:00,1.8065,0.0
1988-02-02 12:00:00,1.8402,0.0
1988-02-03 12:00:00,1.7285000000000001,0.0
1988-02-04 12:00:00,1.7256,0.0
1988-02-05 12:00:00,1.6440000000000001,0.0
1988-02-06 12:00:00,1.5685,0.0
1988-02-07 12:00:00,1.6480000000000001,0.0
1988-02-08 12:00:00,1.6284,0.0
1988-02-09 12:00:00,1.5807,0.0
1988-02-10 12:00:00,1.5332000000000001,0.0
1988-02-11 12:00:00,1.8576000000000001,0.0
1988-02-12 12:00:00,3.9923,0.0
1988-02-13 12:00:00,3.71,0.0
1988-02-14 12:00:00,2.9092000000000002,0.0
1988-02-15 12:00:00,4.7375,0.0
1988-02-16 12:00:00,4.5426,0.0
1988-02-17 12:00:00,3.3351,0.0
1988-02-18 12:00:00,2.8227,0.0
1988-02-19 12:00:00,2.7201,0.0
1988-02-20 12:00:00,2.7680000000000002,0.0
1988-02-21 12:00:00,2.4629000000000003,0.0
1988-02-22 12:00:00,2.7564,0.0
1988-02-23 12:00:00,2.7613000000000003,0.0
1988-02-24 12:00:00,2.5015,0.0
1988-02-25 12:00:00,2.2933,0.0
1988-02-26 12:00:00,2.1437,0.0
1988-02-27 12:00:00,2.0397000000000003,0.0
1988-02-28 12:00:00,2.1475,0.0
1988-02-29 12:00:00,2.0163,0.0
1988-03-01 12:00:00,1.9212,0.0
1988-03-02 12:00:00,1.8816000000000002,0.0
1988-03-03 12:00:00,1.7729000000000001,0.0
1988-03-04 12:00:00,1.7069,0.0
1988-03-05 12:00:00,1.7534,0.0
1988-03-06 12:00:00,1.7309,0.0
1988-03-07 12:00:00,1.7344000000000002,0.0
1988-03-08 12:00:00,1.6828,0.0
1988-03-09 12:00:00,1.6762000000000001,0.0
1988-03-10 12:00:00,1.6509,0.0
1988-03-11 12:00:00,1.7703,0.0
1988-03-12 12:00:00,2.6367000000000003,0.0
1988-03-13 12:00:00,2.8122000000000003,0.0
1988-03-14 12:00:00,2.9629000000000003,0.0
1988-03-15 12:00:00,2.2960000000000003,0.0
1988-03-16 12:00:00,2.1336,0.0
1988-03-17 12:00:00,2.0212,0.0
1988-03-18 12:00:00,1.9155000000000002,0.0
1988-03-19 12:00:00,1.832,0.0
1988-03-20 12:00:00,1.7916,0.0
1988-03-21 12:00:00,1.7673,0.0
1988-03-22 12:00:00,1.7502,0.0
1988-03-23 12:00:00,1.7243000000000002,0.0
1988-03-24 12:00:00,1.6902000000000001,0.0
1988-03-25 12:00:00,1.6762000000000001,0.0
1988-03-26 12:00:00,1.6632,0.0
1988-03-27 12:00:00,1.5872000000000002,0.0
1988-03-28 12:00:00,1.7875,0.0
1988-03-29 12:00:00,1.9035000000000002,0.0
1988-03-30 12:00:00,1.6948,0.0
1988-03-31 12:00:00,2.1265,0.0
1988-04-01 12:00:00,1.8045,0.0
1988-04-02 12:00:00,1.6588,0.0
1988-04-03 12:00:00,1.6349,0.0
1988-04-04 12:00:00,1.611,0.0
1988-04-05 12:00:00,1.5502,0.0
1988-04-06 12:00:00,1.4957,0.0
1988-04-07 12:00:00,1.4923000000000002,0.0
1988-04-08 12:00:00,6.2654000000000005,0.0
1988-04-09 12:00:00,4.089700000000001,0.0
1988-04-10 12:00:00,2.7953,0.0
1988-04-11 12:00:00,2.5396,0.0
1988-04-12 12:00:00,2.3534,0.0
1988-04-13 12:00:00,2.2839,0.0
1988-04-14 12:00:00,2.2269,0.0
1988-04-15 12:00:00,2.1621,0.0
1988-04-16 12:00:00,2.2958000000000003,0.0
1988-04-17 12:00:00,2.1621,0.0
1988-04-18 12:00:00,2.0726,0.0
1988-04-20 12:00:00,1.9862000000000002,0.0
1988-04-22 12:00:00,1.9363000000000001,0.0
1988-04-23 12:00:00,1.8863,0.0
1988-04-24 12:00:00,1.8814000000000002,0.0
1988-04-25 12:00:00,1.8367,0.0
1988-04-26 12:00:00,1.8317,0.0
1988-04-28 12:00:00,1.7924,0.0
1988-04-29 12:00:00,1.7875,0.0
1988-04-30 12:00:00,1.7557,0.0
1988-05-01 12:00:00,1.7413,0.0
1988-05-02 12:00:00,1.7389000000000001,0.0
1988-05-04 12:00:00,1.9127,0.0
1988-05-05 12:00:00,1.7875,0.0
1988-05-06 12:00:00,1.7389000000000001,0.0
1988-05-07 12:00:00,1.6908,0.0
1988-05-10 12:00:00,1.7828000000000002,0.0
1988-05-11 12:00:00,1.9738,0.0
1988-05-12 12:00:00,1.7877,0.0
1988-05-13 12:00:00,1.7183000000000002,0.0
1988-05-14 12:00:00,1.6428,0.0
1988-05-15 12:00:00,1.6428,0.0
1988-05-16 12:00:00,1.6103,0.0
1988-05-17 12:00:00,1.7198,0.0
1988-05-18 12:00:00,2.9891,0.0
1988-05-19 12:00:00,3.3562000000000003,0.0
1988-05-20 12:00:00,2.2833,0.0
1988-05-21 12:00:00,2.2513,0.0
1988-05-22 12:00:00,2.1876,0.0
1988-05-23 12:00:00,1.7610000000000001,0.0
1988-05-24 12:00:00,1.6726,0.0
1988-05-25 12:00:00,1.6355000000000002,0.0
1988-05-26 12:00:00,1.5603,0.0
1988-05-27 12:00:00,1.5473000000000001,0.0
1988-05-28 12:00:00,2.0004,0.0
1988-05-29 12:00:00,1.9381000000000002,0.0
1988-05-30 12:00:00,1.8154000000000001,0.0
1988-05-31 12:00:00,1.6632,0.0
1988-06-01 12:00:00,1.7119,0.0
1988-06-02 12:00:00,1.7242000000000002,0.0
1988-06-03 12:00:00,1.7479,0.0
1988-06-04 12:00:00,1.7756,0.0
1988-06-05 12:00:00,1.8446,0.0
1988-06-06 12:00:00,2.5812,0.0
1988-06-07 12:00:00,4.1398,0.0
1988-06-08 12:00:00,3.5787,0.0
1988-06-09 12:00:00,2.8687,0.0
1988-06-10 12:00:00,2.479,0.0
1988-06-11 12:00:00,2.2673,0.0
1988-06-12 12:00:00,2.3978,0.0
1988-06-13 12:00:00,1.8747,0.0
1988-06-14 12:00:00,1.8334000000000001,0.0
1988-06-15 12:00:00,2.2518000000000002,0.0
1988-06-16 12:00:00,4.0751,0.0
1988-06-17 12:00:00,3.0721000000000003,0.0
1988-06-18 12:00:00,10.705,0.0
1988-06-19 12:00:00,8.4726,0.0
1988-06-20 12:00:00,5.9448,0.0
1988-06-21 12:00:00,4.839300000000001,0.0
1988-06-22 12:00:00,4.365600000000001,0.0
1988-06-23 12:00:00,4.0457,0.0
1988-06-24 12:00:00,3.7401,0.0
1988-06-25 12:00:00,3.8163,0.0
1988-06-26 12:00:00,3.9456,0.0
1988-06-27 12:00:00,3.4413,0.0
1988-06-28 12:00:00,3.9326000000000003,0.0
1988-06-29 12:00:00,3.7868000000000004,0.0
1988-06-30 12:00:00,3.1907,0.0
1988-07-01 12:00:00,3.4119,0.0
1988-07-02 12:00:00,3.1695,0.0
1988-07-03 12:00:00,2.9948,0.0
1988-07-04 12:00:00,3.0209,0.0
1988-07-05 12:00:00,2.8558000000000003,0.0
1988-07-06 12:00:00,2.6983,0.0
1988-07-07 12:00:00,2.7216,0.0
1988-07-08 12:00:00,2.7082,0.0
1988-07-09 12:00:00,2.9066,0.0
1988-07-10 12:00:00,4.218500000000001,0.0
1988-07-11 12:00:00,3.5879000000000003,0.0
1988-07-12 12:00:00,3.1645000000000003,0.0
1988-07-13 12:00:00,3.0365,0.0
1988-07-14 12:00:00,2.9029000000000003,0.0
1988-07-15 12:00:00,2.835,0.0
1988-07-16 12:00:00,2.8406000000000002,0.0
1988-07-17 12:00:00,3.0913,0.0
1988-07-18 12:00:00,2.9911000000000003,0.0
1988-07-19 12:00:00,2.8752,0.0
1988-07-20 12:00:00,2.7668,0.0
1988-07-21 12:00:00,2.6545,0.0
1988-07-22 12:00:00,3.7446,0.0
1988-07-23 12:00:00,26.365000000000002,0.0
1988-07-24 12:00:00,16.034100000000002,0.0
1988-07-25 12:00:00,10.740400000000001,0.0
1988-07-26 12:00:00,11.351600000000001,0.0
1988-07-27 12:00:00,9.083400000000001,0.0
1988-07-28 12:00:00,7.512700000000001,0.0
1988-07-29 12:00:00,6.722,0.0
1988-07-30 12:00:00,5.859100000000001,0.0
1988-07-31 12:00:00,5.9953,0.0
1988-08-01 12:00:00,5.375100000000001,0.0
1988-08-02 12:00:00,4.7788,0.0
1988-08-03 12:00:00,4.5583,0.0
1988-08-04 12:00:00,4.3007,0.0
1988-08-05 12:00:00,4.079000000000001,0.0
1988-08-06 12:00:00,3.8815000000000004,0.0
1988-08-07 12:00:00,4.4589,0.0
1988-08-08 12:00:00,6.1466,0.0
1988-08-09 12:00:00,5.617500000000001,0.0
1988-08-10 12:00:00,5.5478000000000005,0.0
1988-08-11 12:00:00,5.162,0.0
1988-08-12 12:00:00,4.6569,0.0
1988-08-13 12:00:00,4.667,0.0
1988-08-14 12:00:00,4.442,0.0
1988-08-15 12:00:00,4.3584000000000005,0.0
1988-08-16 12:00:00,6.1908,0.0
1988-08-17 12:00:00,7.3847000000000005,0.0
1988-08-18 12:00:00,7.5798000000000005,0.0
1988-08-19 12:00:00,6.8097,0.0
1988-08-20 12:00:00,6.4987,0.0
1988-08-21 12:00:00,6.289000000000001,0.0
1988-08-22 12:00:00,9.618400000000001,0.0
1988-08-23 12:00:00,10.4654,0.0
1988-08-24 12:00:00,9.0599,0.0
1988-08-25 12:00:00,7.8462000000000005,0.0
1988-08-26 12:00:00,6.9831,0.0
1988-08-27 12:00:00,6.295800000000001,0.0
1988-08-28 12:00:00,7.6313,0.0
1988-08-29 12:00:00,15.8527,0.0
1988-08-30 12:00:00,11.2203,0.0
1988-08-31 12:00:00,9.630700000000001,0.0
1988-09-01 12:00:00,8.5799,0.0
1988-09-02 12:00:00,7.771000000000001,0.0
1988-09-03 12:00:00,7.2312,0.0
1988-09-04 12:00:00,6.8483,0.0
1988-09-05 12:00:00,6.3531,0.0
1988-09-06 12:00:00,8.5656,0.0
1988-09-07 12:00:00,7.3981,0.0
1988-09-08 12:00:00,6.2446,0.0
1988-09-09 12:00:00,5.675800000000001,0.0
1988-09-10 12:00:00,6.1291,0.0
1988-09-11 12:00:00,34.435500000000005,0.0
1988-09-12 12:00:00,42.6852,0.0
1988-09-13 12:00:00,24.1844,0.0
1988-09-14 12:00:00,17.9325,0.0
1988-09-15 12:00:00,14.386800000000001,0.0
1988-09-16 12:00:00,12.0928,0.0
1988-09-17 12:00:00,10.665700000000001,0.0
1988-09-18 12:00:00,10.236500000000001,0.0
1988-09-19 12:00:00,10.184800000000001,0.0
1988-09-20 12:00:00,9.331800000000001,0.0
1988-09-21 12:00:00,8.2246,0.0
1988-09-22 12:00:00,7.2797,0.0
1988-09-23 12:00:00,6.5448,0.0
1988-09-24 12:00:00,5.9824,0.0
1988-09-25 12:00:00,5.748,0.0
1988-09-26 12:00:00,5.346900000000001,0.0
1988-09-27 12:00:00,5.0877,0.0
1988-09-28 12:00:00,4.9781,0.0
1988-09-29 12:00:00,5.268000000000001,0.0
1988-09-30 12:00:00,4.9067,0.0
1988-10-01 12:00:00,4.549,0.0
1988-10-02 12:00:00,4.3941,0.0
1988-10-03 12:00:00,5.1765,0.0
1988-10-04 12:00:00,6.195600000000001,0.0
1988-10-05 12:00:00,6.3384,0.0
1988-10-06 12:00:00,9.4755,0.0
1988-10-07 12:00:00,9.0877,0.0
1988-10-08 12:00:00,7.5379000000000005,0.0
1988-10-09 12:00:00,7.7202,0.0
1988-10-10 12:00:00,8.464,0.0
1988-10-11 12:00:00,7.6989,0.0
1988-10-12 12:00:00,14.340300000000001,0.0
1988-10-13 12:00:00,16.4966,0.0
1988-10-14 12:00:00,31.2891,0.0
1988-10-15 12:00:00,47.474000000000004,0.0
1988-10-16 12:00:00,31.3887,0.0
1988-10-17 12:00:00,34.7123,0.0
1988-10-18 12:00:00,28.3385,0.0
1988-10-19 12:00:00,22.7722,0.0
1988-10-20 12:00:00,18.477800000000002,0.0
1988-10-21 12:00:00,15.2116,0.0
1988-10-22 12:00:00,18.5323,0.0
1988-10-23 12:00:00,18.9005,0.0
1988-10-24 12:00:00,26.980500000000003,0.0
1988-10-25 12:00:00,25.2409,0.0
1988-10-26 12:00:00,20.8043,0.0
1988-10-27 12:00:00,21.7989,0.0
1988-10-28 12:00:00,18.6025,0.0
1988-10-29 12:00:00,17.352700000000002,0.0
1988-10-30 12:00:00,15.554300000000001,0.0
1988-10-31 12:00:00,13.5172,0.0
1988-11-01 12:00:00,11.988000000000001,0.0
1988-11-02 12:00:00,11.052200000000001,0.0
1988-11-03 12:00:00,10.3972,0.0
1988-11-04 12:00:00,9.4982,0.0
1988-11-05 12:00:00,9.966800000000001,0.0
1988-11-06 12:00:00,9.7375,0.0
1988-11-07 12:00:00,9.1867,0.0
1988-11-08 12:00:00,9.1272,0.0
1988-11-09 12:00:00,9.1891,0.0
1988-11-10 12:00:00,8.9054,0.0
1988-11-11 12:00:00,8.348600000000001,0.0
1988-11-12 12:00:00,7.4134,0.0
1988-11-13 12:00:00,6.5609,0.0
1988-11-14 12:00:00,5.3009,0.0
1988-11-15 12:00:00,5.1188,0.0
1988-11-16 12:00:00,5.014600000000001,0.0
1988-11-17 12:00:00,5.1115,0.0
1988-11-18 12:00:00,5.9968,0.0
1988-11-19 12:00:00,5.675800000000001,0.0
1988-11-20 12:00:00,5.0572,0.0
1988-11-21 12:00:00,4.565,0.0
1988-11-22 12:00:00,4.345400000000001,0.0
1988-11-23 12:00:00,4.1608,0.0
1988-11-24 12:00:00,3.9723,0.0
1988-11-25 12:00:00,3.8977000000000004,0.0
1988-11-26 12:00:00,4.080900000000001,0.0
1988-11-27 12:00:00,4.0025,0.0
1988-11-28 12:00:00,3.8501000000000003,0.0
1988-11-29 12:00:00,3.6637,0.0
1988-11-30 12:00:00,3.6065,0.0
1988-12-01 12:00:00,3.5561000000000003,0.0
1988-12-02 12:00:00,3.3944,0.0
1988-12-03 12:00:00,3.2776,0.0
1988-12-04 12:00:00,3.1159000000000003,0.0
1988-12-05 12:00:00,3.0618000000000003,0.0
1988-12-06 12:00:00,3.1728,0.0
1988-12-07 12:00:00,3.0805000000000002,0.0
1988-12-08 12:00:00,2.9188,0.0
1988-12-09 12:00:00,2.8118000000000003,0.0
1988-12-10 12:00:00,2.7723,0.0
1988-12-11 12:00:00,2.8078000000000003,0.0
1988-12-12 12:00:00,2.7665,0.0
1988-12-13 12:00:00,2.4827,0.0
1988-12-14 12:00:00,2.4121,0.0
1988-12-15 12:00:00,2.3314,0.0
1988-12-16 12:00:00,2.2511,0.0
1988-12-17 12:00:00,2.192,0.0
1988-12-18 12:00:00,2.3098,0.0
1988-12-19 12:00:00,2.4450000000000003,0.0
1988-12-20 12:00:00,2.2561,0.0
1988-12-21 12:00:00,3.1729000000000003,0.0
1988-12-22 12:00:00,2.7521,0.0
1988-12-23 12:00:00,2.2375000000000003,0.0
1988-12-24 12:00:00,2.1014,0.0
1988-12-25 12:00:00,1.9779,0.0
1988-12-26 12:00:00,1.8844,0.0
1988-12-27 12:00:00,2.041,0.0
1988-12-28 12:00:00,2.3058,0.0
1988-12-29 12:00:00,2.246,0.0
1988-12-30 12:00:00,1.9964000000000002,0.0
1988-12-31 12:00:00,1.9687000000000001,0.0
1989-01-01 12:00:00,1.8878000000000001,0.0
1989-01-02 12:00:00,1.8776000000000002,0.0
1989-01-03 12:00:00,1.8131000000000002,0.0
1989-01-04 12:00:00,1.7855,0.0
1989-01-05 12:00:00,1.8435000000000001,0.0
1989-01-06 12:00:00,2.5762,0.0
1989-01-07 12:00:00,2.145,0.0
1989-01-08 12:00:00,3.1806,0.0
1989-01-09 12:00:00,2.9404000000000003,0.0
1989-01-10 12:00:00,2.2806,0.0
1989-01-11 12:00:00,2.0500000000000003,0.0
1989-01-12 12:00:00,2.7069,0.0
1989-01-13 12:00:00,2.6322,0.0
1989-01-14 12:00:00,2.2013000000000003,0.0
1989-01-15 12:00:00,2.0195000000000003,0.0
1989-01-16 12:00:00,1.8894000000000002,0.0
1989-01-17 12:00:00,1.8437000000000001,0.0
1989-01-18 12:00:00,1.887,0.0
1989-01-19 12:00:00,1.9109,0.0
1989-01-20 12:00:00,2.366,0.0
1989-01-21 12:00:00,2.1762,0.0
1989-01-22 12:00:00,2.6527000000000003,0.0
1989-01-23 12:00:00,2.3245,0.0
1989-01-24 12:00:00,1.9755,0.0
1989-01-25 12:00:00,1.8294000000000001,0.0
1989-01-26 12:00:00,2.1004,0.0
1989-01-27 12:00:00,2.8562000000000003,0.0
1989-01-28 12:00:00,2.1328,0.0
1989-01-29 12:00:00,1.8803,0.0
1989-01-30 12:00:00,1.7866000000000002,0.0
1989-01-31 12:00:00,1.7445000000000002,0.0
1989-02-01 12:00:00,2.0689,0.0
1989-02-02 12:00:00,2.7800000000000002,0.0
1989-02-03 12:00:00,4.347,0.0
1989-02-04 12:00:00,4.4692,0.0
1989-02-05 12:00:00,3.1022000000000003,0.0
1989-02-06 12:00:00,2.6379,0.0
1989-02-07 12:00:00,2.3922000000000003,0.0
1989-02-08 12:00:00,2.2057,0.0
1989-02-09 12:00:00,2.0575,0.0
1989-02-10 12:00:00,1.9847000000000001,0.0
1989-02-11 12:00:00,2.3572,0.0
1989-02-12 12:00:00,2.0645000000000002,0.0
1989-02-13 12:00:00,1.8414000000000001,0.0
1989-02-14 12:00:00,1.6238000000000001,0.0
1989-02-15 12:00:00,1.5652000000000001,0.0
1989-02-16 12:00:00,1.5378,0.0
1989-02-17 12:00:00,1.5226000000000002,0.0
1989-02-18 12:00:00,1.4457,0.0
1989-02-19 12:00:00,1.4281000000000001,0.0
1989-02-20 12:00:00,1.5004000000000002,0.0
1989-02-21 12:00:00,1.7729000000000001,0.0
1989-02-22 12:00:00,2.9466,0.0
1989-02-23 12:00:00,2.3104,0.0
1989-02-24 12:00:00,1.8178,0.0
1989-02-25 12:00:00,1.6652,0.0
1989-02-26 12:00:00,1.5903,0.0
1989-02-27 12:00:00,1.7208,0.0
1989-02-28 12:00:00,1.6166,0.0
1989-03-01 12:00:00,1.5351000000000001,0.0
1989-03-02 12:00:00,1.4460000000000002,0.0
1989-03-03 12:00:00,1.3904,0.0
1989-03-04 12:00:00,1.3362,0.0
1989-03-05 12:00:00,1.2657,0.0
1989-03-06 12:00:00,1.2109,0.0
1989-03-07 12:00:00,1.22,0.0
1989-03-08 12:00:00,1.2357,0.0
1989-03-09 12:00:00,1.1820000000000002,0.0
1989-03-10 12:00:00,1.3977000000000002,0.0
1989-03-11 12:00:00,8.4526,0.0
1989-03-12 12:00:00,5.7384,0.0
1989-03-13 12:00:00,4.7197000000000005,0.0
1989-03-14 12:00:00,5.4449000000000005,0.0
1989-03-15 12:00:00,4.863,0.0
1989-03-16 12:00:00,4.1574,0.0
1989-03-17 12:00:00,3.4801,0.0
1989-03-18 12:00:00,3.0942000000000003,0.0
1989-03-19 12:00:00,2.8502,0.0
1989-03-20 12:00:00,2.694,0.0
1989-03-21 12:00:00,2.6013,0.0
1989-03-22 12:00:00,2.5556,0.0
1989-03-23 12:00:00,2.6216,0.0
1989-03-24 12:00:00,2.4788,0.0
1989-03-25 12:00:00,2.354,0.0
1989-03-26 12:00:00,2.2163,0.0
1989-03-27 12:00:00,2.1731000000000003,0.0
1989-03-28 12:00:00,7.2687,0.0
1989-03-29 12:00:00,4.8299,0.0
1989-03-30 12:00:00,3.8019000000000003,0.0
1989-03-31 12:00:00,3.3523,0.0
1989-04-01 12:00:00,3.0353000000000003,0.0
1989-04-02 12:00:00,2.8994,0.0
1989-04-03 12:00:00,2.7789,0.0
1989-04-04 12:00:00,2.7234000000000003,0.0
1989-04-05 12:00:00,2.6388000000000003,0.0
1989-04-06 12:00:00,2.5708,0.0
1989-04-07 12:00:00,2.5801000000000003,0.0
1989-04-08 12:00:00,2.5351,0.0
1989-04-09 12:00:00,2.6702,0.0
1989-04-10 12:00:00,3.278,0.0
1989-04-11 12:00:00,2.8642000000000003,0.0
1989-04-12 12:00:00,2.7212,0.0
1989-04-13 12:00:00,2.6173,0.0
1989-04-14 12:00:00,2.4975,0.0
1989-04-15 12:00:00,2.6066000000000003,0.0
1989-04-16 12:00:00,2.5005,0.0
1989-04-17 12:00:00,2.4090000000000003,0.0
1989-04-18 12:00:00,3.0224,0.0
1989-04-19 12:00:00,2.6,0.0
1989-04-20 12:00:00,2.4663,0.0
1989-04-21 12:00:00,2.438,0.0
1989-04-22 12:00:00,2.3815,0.0
1989-04-23 12:00:00,2.2962000000000002,0.0
1989-04-24 12:00:00,2.2937000000000003,0.0
1989-04-25 12:00:00,2.2152000000000003,0.0
1989-04-26 12:00:00,2.1874000000000002,0.0
1989-04-27 12:00:00,2.1811000000000003,0.0
1989-04-28 12:00:00,2.5861,0.0
1989-04-29 12:00:00,3.4694000000000003,0.0
1989-04-30 12:00:00,2.6972,0.0
1989-05-01 12:00:00,2.6136,0.0
1989-05-02 12:00:00,2.6419,0.0
1989-05-03 12:00:00,3.5450000000000004,0.0
1989-05-04 12:00:00,3.1223,0.0
1989-05-05 12:00:00,2.8827000000000003,0.0
1989-05-06 12:00:00,2.7724,0.0
1989-05-07 12:00:00,2.7741000000000002,0.0
1989-05-08 12:00:00,2.757,0.0
1989-05-09 12:00:00,2.6978,0.0
1989-05-10 12:00:00,2.6333,0.0
1989-05-11 12:00:00,2.6184000000000003,0.0
1989-05-12 12:00:00,2.5677000000000003,0.0
1989-05-13 12:00:00,2.5174000000000003,0.0
1989-05-14 12:00:00,2.6927000000000003,0.0
1989-05-15 12:00:00,2.5976,0.0
1989-05-16 12:00:00,2.9652000000000003,0.0
1989-05-17 12:00:00,2.8152,0.0
1989-05-18 12:00:00,2.6509,0.0
1989-05-19 12:00:00,2.71,0.0
1989-05-20 12:00:00,4.440300000000001,0.0
1989-05-21 12:00:00,4.221,0.0
1989-05-22 12:00:00,4.1197,0.0
1989-05-23 12:00:00,4.5589,0.0
1989-05-24 12:00:00,4.4522,0.0
1989-05-25 12:00:00,4.3075,0.0
1989-05-26 12:00:00,3.9896000000000003,0.0
1989-05-27 12:00:00,3.8232000000000004,0.0
1989-05-28 12:00:00,3.7831,0.0
1989-05-29 12:00:00,3.5404,0.0
1989-05-30 12:00:00,3.4504,0.0
1989-05-31 12:00:00,3.531,0.0
1989-06-01 12:00:00,4.1337,0.0
1989-06-02 12:00:00,4.0112000000000005,0.0
1989-06-03 12:00:00,3.6837,0.0
1989-06-04 12:00:00,3.5038,0.0
1989-06-05 12:00:00,3.3931,0.0
1989-06-06 12:00:00,3.8829000000000002,0.0
1989-06-07 12:00:00,23.650100000000002,0.0
1989-06-08 12:00:00,12.1333,0.0
1989-06-09 12:00:00,9.6942,0.0
1989-06-10 12:00:00,8.8679,0.0
1989-06-11 12:00:00,9.511800000000001,0.0
1989-06-12 12:00:00,8.1343,0.0
1989-06-13 12:00:00,7.1962,0.0
1989-06-14 12:00:00,7.6238,0.0
1989-06-15 12:00:00,7.9801,0.0
1989-06-16 12:00:00,6.9831,0.0
1989-06-17 12:00:00,8.092,0.0
1989-06-18 12:00:00,9.878400000000001,0.0
1989-06-19 12:00:00,9.3279,0.0
1989-06-20 12:00:00,8.1315,0.0
1989-06-21 12:00:00,7.415500000000001,0.0
1989-06-22 12:00:00,6.8146,0.0
1989-06-23 12:00:00,6.5509,0.0
1989-06-24 12:00:00,6.620900000000001,0.0
1989-06-25 12:00:00,6.1165,0.0
1989-06-26 12:00:00,5.6405,0.0
1989-06-27 12:00:00,5.3866000000000005,0.0
1989-06-28 12:00:00,5.1405,0.0
1989-06-29 12:00:00,5.065300000000001,0.0
1989-06-30 12:00:00,5.0925,0.0
1989-07-01 12:00:00,4.7723,0.0
1989-07-02 12:00:00,4.796600000000001,0.0
1989-07-03 12:00:00,5.3821,0.0
1989-07-04 12:00:00,6.392,0.0
1989-07-05 12:00:00,7.4931,0.0
1989-07-06 12:00:00,6.5639,0.0
1989-07-07 12:00:00,7.3388,0.0
1989-07-08 12:00:00,6.4595,0.0
1989-07-09 12:00:00,8.3939,0.0
1989-07-10 12:00:00,9.9021,0.0
1989-07-11 12:00:00,8.686,0.0
1989-07-12 12:00:00,8.0436,0.0
1989-07-13 12:00:00,7.4318,0.0
1989-07-14 12:00:00,6.896400000000001,0.0
1989-07-15 12:00:00,6.5013000000000005,0.0
1989-07-16 12:00:00,6.1370000000000005,0.0
1989-07-17 12:00:00,5.8833,0.0
1989-07-18 12:00:00,5.656000000000001,0.0
1989-07-19 12:00:00,5.4416,0.0
1989-07-20 12:00:00,5.2089,0.0
1989-07-21 12:00:00,4.7399000000000004,0.0
1989-07-22 12:00:00,4.535,0.0
1989-07-23 12:00:00,4.1651,0.0
1989-07-24 12:00:00,3.9828,0.0
1989-07-25 12:00:00,3.9867000000000004,0.0
1989-07-26 12:00:00,3.8659000000000003,0.0
1989-07-27 12:00:00,3.8400000000000003,0.0
1989-07-28 12:00:00,3.8033,0.0
1989-07-29 12:00:00,3.8166,0.0
1989-07-30 12:00:00,3.6825,0.0
1989-07-31 12:00:00,3.7760000000000002,0.0
1989-08-01 12:00:00,4.6348,0.0
1989-08-02 12:00:00,4.2382,0.0
1989-08-03 12:00:00,4.1046000000000005,0.0
1989-08-04 12:00:00,4.3635,0.0
1989-08-05 12:00:00,4.594,0.0
1989-08-06 12:00:00,4.6938,0.0
1989-08-07 12:00:00,5.1115,0.0
1989-08-08 12:00:00,5.0125,0.0
1989-08-09 12:00:00,4.603800000000001,0.0
1989-08-10 12:00:00,4.4236,0.0
1989-08-11 12:00:00,4.1852,0.0
1989-08-12 12:00:00,4.0264,0.0
1989-08-13 12:00:00,3.8327,0.0
1989-08-14 12:00:00,3.6267,0.0
1989-08-15 12:00:00,3.6587,0.0
1989-08-16 12:00:00,3.5395000000000003,0.0
1989-08-17 12:00:00,3.3559,0.0
1989-08-18 12:00:00,3.3268,0.0
1989-08-19 12:00:00,3.2578,0.0
1989-08-20 12:00:00,3.1992000000000003,0.0
1989-08-21 12:00:00,3.1624000000000003,0.0
1989-08-22 12:00:00,3.1134,0.0
1989-08-23 12:00:00,3.1134,0.0
1989-08-24 12:00:00,3.1084,0.0
1989-08-25 12:00:00,3.1644,0.0
1989-08-26 12:00:00,3.1047000000000002,0.0
1989-08-27 12:00:00,3.0458000000000003,0.0
1989-08-28 12:00:00,3.0409,0.0
1989-08-29 12:00:00,3.0025,0.0
1989-08-30 12:00:00,2.9422,0.0
1989-08-31 12:00:00,2.8339000000000003,0.0
1989-09-01 12:00:00,2.7198,0.0
1989-09-02 12:00:00,2.7328,0.0
1989-09-03 12:00:00,2.7217000000000002,0.0
1989-09-04 12:00:00,2.6678,0.0
1989-09-05 12:00:00,2.6496,0.0
1989-09-06 12:00:00,2.6243000000000003,0.0
1989-09-07 12:00:00,2.6968,0.0
1989-09-08 12:00:00,2.9875000000000003,0.0
1989-09-09 12:00:00,2.7555,0.0
1989-09-10 12:00:00,2.7173000000000003,0.0
1989-09-11 12:00:00,2.6669,0.0
1989-09-12 12:00:00,2.7036000000000002,0.0
1989-09-13 12:00:00,2.6802,0.0
1989-09-14 12:00:00,2.8773,0.0
1989-09-15 12:00:00,3.0448,0.0
1989-09-16 12:00:00,2.9225000000000003,0.0
1989-09-17 12:00:00,2.8835,0.0
1989-09-18 12:00:00,2.9423000000000004,0.0
1989-09-19 12:00:00,2.8516000000000004,0.0
1989-09-20 12:00:00,3.0668,0.0
1989-09-21 12:00:00,3.2597,0.0
1989-09-22 12:00:00,3.0169,0.0
1989-09-23 12:00:00,2.8095000000000003,0.0
1989-09-24 12:00:00,2.773,0.0
1989-09-25 12:00:00,2.7058,0.0
1989-09-26 12:00:00,2.717,0.0
1989-09-27 12:00:00,2.7549,0.0
1989-09-28 12:00:00,2.8042000000000002,0.0
1989-09-29 12:00:00,2.7134,0.0
1989-09-30 12:00:00,2.6338,0.0
1989-10-01 12:00:00,2.6546000000000003,0.0
1989-10-02 12:00:00,2.9238,0.0
1989-10-03 12:00:00,3.9973,0.0
1989-10-04 12:00:00,4.1277,0.0
1989-10-05 12:00:00,3.6651000000000002,0.0
1989-10-06 12:00:00,3.4853,0.0
1989-10-07 12:00:00,3.3859000000000004,0.0
1989-10-08 12:00:00,3.483,0.0
1989-10-09 12:00:00,3.4294000000000002,0.0
1989-10-10 12:00:00,3.2664,0.0
1989-10-11 12:00:00,3.2161,0.0
1989-10-12 12:00:00,3.0362,0.0
1989-10-13 12:00:00,2.9928000000000003,0.0
1989-10-14 12:00:00,3.0834,0.0
1989-10-15 12:00:00,3.1166,0.0
1989-10-16 12:00:00,3.0097,0.0
1989-10-17 12:00:00,3.6780000000000004,0.0
1989-10-18 12:00:00,3.1099,0.0
1989-10-19 12:00:00,2.939,0.0
1989-10-20 12:00:00,2.8394,0.0
1989-10-21 12:00:00,3.2286,0.0
1989-10-22 12:00:00,6.5838,0.0
1989-10-23 12:00:00,4.8211,0.0
1989-10-24 12:00:00,4.048900000000001,0.0
1989-10-25 12:00:00,3.6839000000000004,0.0
1989-10-26 12:00:00,3.4130000000000003,0.0
1989-10-27 12:00:00,3.2386000000000004,0.0
1989-10-28 12:00:00,3.1502000000000003,0.0
1989-10-29 12:00:00,3.0007,0.0
1989-10-30 12:00:00,2.9529,0.0
1989-10-31 12:00:00,2.7593,0.0
1989-11-01 12:00:00,2.6723000000000003,0.0
1989-11-02 12:00:00,2.5592,0.0
1989-11-03 12:00:00,2.4552,0.0
1989-11-04 12:00:00,2.3965,0.0
1989-11-05 12:00:00,2.3462,0.0
1989-11-06 12:00:00,2.3383000000000003,0.0
1989-11-07 12:00:00,2.3152,0.0
1989-11-08 12:00:00,2.5274,0.0
1989-11-09 12:00:00,2.4104,0.0
1989-11-10 12:00:00,2.2676000000000003,0.0
1989-11-11 12:00:00,2.1263,0.0
1989-11-12 12:00:00,2.0566,0.0
1989-11-13 12:00:00,1.9918,0.0
1989-11-14 12:00:00,1.9553,0.0
1989-11-15 12:00:00,1.9105,0.0
1989-11-16 12:00:00,1.8778000000000001,0.0
1989-11-17 12:00:00,1.9075000000000002,0.0
1989-11-18 12:00:00,1.9449,0.0
1989-11-19 12:00:00,2.0468,0.0
1989-11-20 12:00:00,2.076,0.0
1989-11-21 12:00:00,1.8512000000000002,0.0
1989-11-22 12:00:00,1.7459,0.0
1989-11-23 12:00:00,1.6680000000000001,0.0
1989-11-24 12:00:00,1.7486000000000002,0.0
1989-11-25 12:00:00,2.5354,0.0
1989-11-26 12:00:00,2.0245,0.0
1989-11-27 12:00:00,1.8496000000000001,0.0
1989-11-28 12:00:00,1.7491,0.0
1989-11-29 12:00:00,1.6728,0.0
1989-11-30 12:00:00,1.6081,0.0
1989-12-01 12:00:00,1.4989000000000001,0.0
1989-12-02 12:00:00,2.0907,0.0
1989-12-03 12:00:00,2.4858000000000002,0.0
1989-12-04 12:00:00,1.7677,0.0
1989-12-05 12:00:00,1.6403,0.0
1989-12-06 12:00:00,1.5584,0.0
1989-12-07 12:00:00,1.4996,0.0
1989-12-08 12:00:00,1.4412,0.0
1989-12-09 12:00:00,1.3961000000000001,0.0
1989-12-10 12:00:00,1.3614000000000002,0.0
1989-12-11 12:00:00,1.3202,0.0
1989-12-12 12:00:00,1.2489000000000001,0.0
1989-12-13 12:00:00,1.4048,0.0
1989-12-14 12:00:00,7.9192,0.0
1989-12-15 12:00:00,9.8073,0.0
1989-12-16 12:00:00,8.2962,0.0
1989-12-17 12:00:00,6.3883,0.0
1989-12-18 12:00:00,4.6422,0.0
1989-12-19 12:00:00,3.7288,0.0
1989-12-20 12:00:00,3.2669,0.0
1989-12-21 12:00:00,2.968,0.0
1989-12-22 12:00:00,2.9708,0.0
1989-12-23 12:00:00,3.1489000000000003,0.0
1989-12-24 12:00:00,2.9495,0.0
1989-12-25 12:00:00,2.6451000000000002,0.0
1989-12-26 12:00:00,8.9437,0.0
1989-12-27 12:00:00,21.3045,0.0
1989-12-28 12:00:00,13.133700000000001,0.0
1989-12-29 12:00:00,8.6524,0.0
1989-12-30 12:00:00,6.6932,0.0
1989-12-31 12:00:00,5.972300000000001,0.0
1990-01-01 12:00:00,5.3068,0.0
1990-01-02 12:00:00,4.8683000000000005,0.0
1990-01-03 12:00:00,5.779800000000001,0.0
1990-01-04 12:00:00,5.8209,0.0
1990-01-05 12:00:00,4.2794,0.0
1990-01-06 12:00:00,3.8003,0.0
1990-01-07 12:00:00,3.6468000000000003,0.0
1990-01-08 12:00:00,3.6054000000000004,0.0
1990-01-09 12:00:00,3.3634,0.0
1990-01-10 12:00:00,3.1342000000000003,0.0
1990-01-11 12:00:00,3.0588,0.0
1990-01-12 12:00:00,2.9387000000000003,0.0
1990-01-13 12:00:00,2.8058,0.0
1990-01-14 12:00:00,2.9189000000000003,0.0
1990-01-15 12:00:00,2.6829,0.0
1990-01-16 12:00:00,5.997400000000001,0.0
1990-01-17 12:00:00,6.559,0.0
1990-01-18 12:00:00,4.5735,0.0
1990-01-19 12:00:00,3.7811000000000003,0.0
1990-01-20 12:00:00,3.5196,0.0
1990-01-21 12:00:00,3.8689,0.0
1990-01-22 12:00:00,3.7872000000000003,0.0
1990-01-23 12:00:00,3.2565,0.0
1990-01-24 12:00:00,3.0199000000000003,0.0
1990-01-25 12:00:00,2.8889,0.0
1990-01-26 12:00:00,2.8488,0.0
1990-01-27 12:00:00,2.7344,0.0
1990-01-28 12:00:00,2.7,0.0
1990-01-29 12:00:00,2.6933000000000002,0.0
1990-01-30 12:00:00,2.4918,0.0
1990-01-31 12:00:00,2.3644000000000003,0.0
1990-02-01 12:00:00,2.2853000000000003,0.0
1990-02-02 12:00:00,2.2121,0.0
1990-02-03 12:00:00,2.1401,0.0
1990-02-04 12:00:00,2.1321,0.0
1990-02-05 12:00:00,2.1025,0.0
1990-02-06 12:00:00,2.2012,0.0
1990-02-07 12:00:00,2.6795,0.0
1990-02-08 12:00:00,2.2576,0.0
1990-02-09 12:00:00,2.1254,0.0
1990-02-10 12:00:00,2.2125,0.0
1990-02-11 12:00:00,2.2315,0.0
1990-02-12 12:00:00,2.0796,0.0
1990-02-13 12:00:00,2.2015000000000002,0.0
1990-02-14 12:00:00,2.7484,0.0
1990-02-15 12:00:00,2.4515000000000002,0.0
1990-02-16 12:00:00,2.3862,0.0
1990-02-17 12:00:00,2.0906000000000002,0.0
1990-02-18 12:00:00,2.0538000000000003,0.0
1990-02-19 12:00:00,1.9132,0.0
1990-02-20 12:00:00,1.8192000000000002,0.0
1990-02-21 12:00:00,1.7575,0.0
1990-02-22 12:00:00,1.7149,0.0
1990-02-23 12:00:00,1.6647,0.0
1990-02-24 12:00:00,1.5901,0.0
1990-02-25 12:00:00,1.6252,0.0
1990-02-26 12:00:00,1.7491,0.0
1990-02-27 12:00:00,1.6474,0.0
1990-02-28 12:00:00,1.5495,0.0
1990-03-01 12:00:00,1.4928000000000001,0.0
1990-03-02 12:00:00,1.4942,0.0
1990-03-03 12:00:00,1.4882,0.0
1990-03-04 12:00:00,1.4536,0.0
1990-03-05 12:00:00,1.4521000000000002,0.0
1990-03-06 12:00:00,1.8573000000000002,0.0
1990-03-07 12:00:00,2.0926,0.0
1990-03-08 12:00:00,1.8945,0.0
1990-03-09 12:00:00,2.6252,0.0
1990-03-10 12:00:00,2.0954,0.0
1990-03-11 12:00:00,1.8071000000000002,0.0
1990-03-12 12:00:00,2.8784,0.0
1990-03-13 12:00:00,3.8240000000000003,0.0
1990-03-14 12:00:00,2.4644,0.0
1990-03-15 12:00:00,2.113,0.0
1990-03-16 12:00:00,1.9569,0.0
1990-03-17 12:00:00,1.8351000000000002,0.0
1990-03-18 12:00:00,1.7443000000000002,0.0
1990-03-19 12:00:00,1.7235,0.0
1990-03-20 12:00:00,1.7096,0.0
1990-03-21 12:00:00,1.6624,0.0
1990-03-22 12:00:00,1.6333,0.0
1990-03-23 12:00:00,1.623,0.0
1990-03-24 12:00:00,1.5983,0.0
1990-03-25 12:00:00,1.5983,0.0
1990-03-26 12:00:00,1.5466,0.0
1990-03-27 12:00:00,1.4954,0.0
1990-03-28 12:00:00,1.4366,0.0
1990-03-29 12:00:00,1.4664000000000001,0.0
1990-03-30 12:00:00,1.4468,0.0
1990-03-31 12:00:00,1.4519,0.0
1990-04-01 12:00:00,1.6615,0.0
1990-04-02 12:00:00,1.5893000000000002,0.0
1990-04-03 12:00:00,1.4874,0.0
1990-04-04 12:00:00,1.4908000000000001,0.0
1990-04-05 12:00:00,1.4874,0.0
1990-04-06 12:00:00,1.4819,0.0
1990-04-07 12:00:00,1.4264000000000001,0.0
1990-04-08 12:00:00,1.4033,0.0
1990-04-09 12:00:00,1.4468,0.0
1990-04-10 12:00:00,1.4144,0.0
1990-04-11 12:00:00,1.3524,0.0
1990-04-12 12:00:00,1.3685,0.0
1990-04-13 12:00:00,1.329,0.0
1990-04-14 12:00:00,1.3087,0.0
1990-04-15 12:00:00,2.0091,0.0
1990-04-16 12:00:00,1.8634000000000002,0.0
1990-04-17 12:00:00,1.8344,0.0
1990-04-18 12:00:00,1.8218,0.0
1990-04-19 12:00:00,1.7011,0.0
1990-04-20 12:00:00,1.7258,0.0
1990-04-21 12:00:00,1.5482,0.0
1990-04-22 12:00:00,1.7695,0.0
1990-04-23 12:00:00,2.9369,0.0
1990-04-24 12:00:00,2.2833,0.0
1990-04-25 12:00:00,2.5562,0.0
1990-04-26 12:00:00,2.5209,0.0
1990-04-27 12:00:00,3.8318000000000003,0.0
1990-04-28 12:00:00,4.7077,0.0
1990-04-29 12:00:00,4.3383,0.0
1990-04-30 12:00:00,3.3409,0.0
1990-05-01 12:00:00,3.0846,0.0
1990-05-02 12:00:00,5.867100000000001,0.0
1990-05-03 12:00:00,5.8402,0.0
1990-05-04 12:00:00,4.7405,0.0
1990-05-05 12:00:00,4.0313,0.0
1990-05-06 12:00:00,7.8982,0.0
1990-05-07 12:00:00,6.9209000000000005,0.0
1990-05-08 12:00:00,5.6188,0.0
1990-05-09 12:00:00,4.7995,0.0
1990-05-10 12:00:00,4.2946,0.0
1990-05-11 12:00:00,3.9598,0.0
1990-05-12 12:00:00,9.6262,0.0
1990-05-13 12:00:00,9.609300000000001,0.0
1990-05-14 12:00:00,7.386500000000001,0.0
1990-05-15 12:00:00,6.3114,0.0
1990-05-16 12:00:00,5.561,0.0
1990-05-17 12:00:00,5.0023,0.0
1990-05-18 12:00:00,6.2188,0.0
1990-05-19 12:00:00,10.6964,0.0
1990-05-20 12:00:00,8.7932,0.0
1990-05-21 12:00:00,8.8843,0.0
1990-05-22 12:00:00,17.9281,0.0
1990-05-23 12:00:00,14.6752,0.0
1990-05-24 12:00:00,11.526900000000001,0.0
1990-05-25 12:00:00,9.498000000000001,0.0
1990-05-26 12:00:00,8.9549,0.0
1990-05-27 12:00:00,7.4028,0.0
1990-05-28 12:00:00,6.6450000000000005,0.0
1990-05-29 12:00:00,6.059200000000001,0.0
1990-05-30 12:00:00,5.6657,0.0
1990-05-31 12:00:00,5.351,0.0
1990-06-01 12:00:00,6.842300000000001,0.0
1990-06-02 12:00:00,6.9298,0.0
1990-06-03 12:00:00,5.9852,0.0
1990-06-04 12:00:00,6.021800000000001,0.0
1990-06-05 12:00:00,6.0032000000000005,0.0
1990-06-06 12:00:00,5.6305000000000005,0.0
1990-06-07 12:00:00,5.3163,0.0
1990-06-08 12:00:00,4.9718,0.0
1990-06-09 12:00:00,4.7889,0.0
1990-06-10 12:00:00,4.6707,0.0
1990-06-11 12:00:00,4.4444,0.0
1990-06-12 12:00:00,4.2209,0.0
1990-06-13 12:00:00,4.1022,0.0
1990-06-14 12:00:00,4.2353000000000005,0.0
1990-06-15 12:00:00,4.2961,0.0
1990-06-16 12:00:00,4.5129,0.0
1990-06-17 12:00:00,8.134400000000001,0.0
1990-06-18 12:00:00,7.2873,0.0
1990-06-19 12:00:00,6.054600000000001,0.0
1990-06-20 12:00:00,5.665,0.0
1990-06-21 12:00:00,5.6485,0.0
1990-06-22 12:00:00,5.4301,0.0
1990-06-23 12:00:00,5.063400000000001,0.0
1990-06-24 12:00:00,4.9249,0.0
1990-06-25 12:00:00,4.8495,0.0
1990-06-26 12:00:00,16.7326,0.0
1990-06-27 12:00:00,13.0165,0.0
1990-06-28 12:00:00,11.1829,0.0
1990-06-29 12:00:00,10.188600000000001,0.0
1990-06-30 12:00:00,9.4478,0.0
1990-07-01 12:00:00,8.4238,0.0
1990-07-02 12:00:00,7.944100000000001,0.0
1990-07-03 12:00:00,7.559200000000001,0.0
1990-07-04 12:00:00,7.104,0.0
1990-07-05 12:00:00,6.6164000000000005,0.0
1990-07-06 12:00:00,6.3405000000000005,0.0
1990-07-07 12:00:00,6.116300000000001,0.0
1990-07-08 12:00:00,6.4828,0.0
1990-07-09 12:00:00,6.0886000000000005,0.0
1990-07-10 12:00:00,5.5884,0.0
1990-07-11 12:00:00,5.350700000000001,0.0
1990-07-12 12:00:00,5.1172,0.0
1990-07-13 12:00:00,4.8738,0.0
1990-07-14 12:00:00,4.8058000000000005,0.0
1990-07-15 12:00:00,5.0840000000000005,0.0
1990-07-16 12:00:00,4.8245000000000005,0.0
1990-07-17 12:00:00,4.7211,0.0
1990-07-18 12:00:00,4.3899,0.0
1990-07-19 12:00:00,4.0496,0.0
1990-07-20 12:00:00,4.5072,0.0
1990-07-21 12:00:00,4.4211,0.0
1990-07-22 12:00:00,4.2424,0.0
1990-07-23 12:00:00,4.0497000000000005,0.0
1990-07-24 12:00:00,8.6501,0.0
1990-07-25 12:00:00,17.6459,0.0
1990-07-26 12:00:00,12.6203,0.0
1990-07-27 12:00:00,10.409,0.0
1990-07-28 12:00:00,8.876900000000001,0.0
1990-07-29 12:00:00,8.077200000000001,0.0
1990-07-30 12:00:00,7.193700000000001,0.0
1990-07-31 12:00:00,6.597700000000001,0.0
1990-08-01 12:00:00,6.1218,0.0
1990-08-02 12:00:00,5.7316,0.0
1990-08-03 12:00:00,5.689,0.0
1990-08-04 12:00:00,7.522600000000001,0.0
1990-08-05 12:00:00,7.3420000000000005,0.0
1990-08-06 12:00:00,7.6535,0.0
1990-08-07 12:00:00,7.7439,0.0
1990-08-08 12:00:00,6.734100000000001,0.0
1990-08-09 12:00:00,6.310300000000001,0.0
1990-08-10 12:00:00,6.171600000000001,0.0
1990-08-11 12:00:00,7.0274,0.0
1990-08-12 12:00:00,7.519100000000001,0.0
1990-08-13 12:00:00,7.0909,0.0
1990-08-14 12:00:00,6.6912,0.0
1990-08-15 12:00:00,6.383100000000001,0.0
1990-08-16 12:00:00,6.2010000000000005,0.0
1990-08-17 12:00:00,5.9493,0.0
1990-08-18 12:00:00,5.6305000000000005,0.0
1990-08-19 12:00:00,5.3586,0.0
1990-08-20 12:00:00,5.1892000000000005,0.0
1990-08-21 12:00:00,5.1894,0.0
1990-08-22 12:00:00,5.482600000000001,0.0
1990-08-23 12:00:00,6.4405,0.0
1990-08-24 12:00:00,7.6017,0.0
1990-08-25 12:00:00,7.337700000000001,0.0
1990-08-26 12:00:00,7.7353000000000005,0.0
1990-08-27 12:00:00,7.4535,0.0
1990-08-28 12:00:00,6.9143,0.0
1990-08-29 12:00:00,6.469,0.0
1990-08-30 12:00:00,6.218100000000001,0.0
1990-08-31 12:00:00,5.8104000000000005,0.0
1990-09-01 12:00:00,5.752800000000001,0.0
1990-09-02 12:00:00,5.6878,0.0
1990-09-03 12:00:00,5.642,0.0
1990-09-04 12:00:00,5.695,0.0
1990-09-05 12:00:00,5.687600000000001,0.0
1990-09-06 12:00:00,5.4021,0.0
1990-09-07 12:00:00,5.274900000000001,0.0
1990-09-08 12:00:00,5.0522,0.0
1990-09-09 12:00:00,4.7315000000000005,0.0
1990-09-10 12:00:00,4.6022,0.0
1990-09-11 12:00:00,4.4614,0.0
1990-09-12 12:00:00,4.4032,0.0
1990-09-13 12:00:00,4.3151,0.0
1990-09-14 12:00:00,4.3285,0.0
1990-09-15 12:00:00,4.1968000000000005,0.0
1990-09-16 12:00:00,4.0514,0.0
1990-09-17 12:00:00,3.9702,0.0
1990-09-18 12:00:00,3.8229,0.0
1990-09-19 12:00:00,3.7099,0.0
1990-09-20 12:00:00,3.6374,0.0
1990-09-21 12:00:00,3.595,0.0
1990-09-22 12:00:00,3.7023,0.0
1990-09-23 12:00:00,3.6374,0.0
1990-09-24 12:00:00,3.5837000000000003,0.0
1990-09-25 12:00:00,3.4967,0.0
1990-09-26 12:00:00,3.4181000000000004,0.0
1990-09-27 12:00:00,3.4455,0.0
1990-09-28 12:00:00,3.7634000000000003,0.0
1990-09-29 12:00:00,3.7319,0.0
1990-09-30 12:00:00,3.5284,0.0
1990-10-01 12:00:00,3.4089,0.0
1990-10-02 12:00:00,3.3241,0.0
1990-10-03 12:00:00,3.2761,0.0
1990-10-04 12:00:00,3.3673,0.0
1990-10-05 12:00:00,7.386,0.0
1990-10-06 12:00:00,8.174000000000001,0.0
1990-10-07 12:00:00,5.7212000000000005,0.0
1990-10-08 12:00:00,4.8687000000000005,0.0
1990-10-09 12:00:00,4.5360000000000005,0.0
1990-10-10 12:00:00,4.4438,0.0
1990-10-11 12:00:00,4.508500000000001,0.0
1990-10-12 12:00:00,12.9512,0.0
1990-10-13 12:00:00,23.5502,0.0
1990-10-14 12:00:00,22.0458,0.0
1990-10-15 12:00:00,18.3821,0.0
1990-10-16 12:00:00,14.9329,0.0
1990-10-17 12:00:00,12.533700000000001,0.0
1990-10-18 12:00:00,10.913400000000001,0.0
1990-10-19 12:00:00,9.6486,0.0
1990-10-20 12:00:00,8.7421,0.0
1990-10-21 12:00:00,8.1233,0.0
1990-10-22 12:00:00,7.2845,0.0
1990-10-23 12:00:00,6.6783,0.0
1990-10-24 12:00:00,6.33,0.0
1990-10-25 12:00:00,6.0402000000000005,0.0
1990-10-26 12:00:00,5.8881000000000006,0.0
1990-10-27 12:00:00,5.8302000000000005,0.0
1990-10-28 12:00:00,5.4044,0.0
1990-10-29 12:00:00,5.2126,0.0
1990-10-30 12:00:00,5.0064,0.0
1990-10-31 12:00:00,4.611800000000001,0.0
1990-11-01 12:00:00,4.3688,0.0
1990-11-02 12:00:00,4.1634,0.0
1990-11-03 12:00:00,4.081,0.0
1990-11-04 12:00:00,3.9242000000000004,0.0
1990-11-05 12:00:00,3.7315,0.0
1990-11-06 12:00:00,3.6054000000000004,0.0
1990-11-07 12:00:00,3.4805,0.0
1990-11-08 12:00:00,3.411,0.0
1990-11-09 12:00:00,3.3088,0.0
1990-11-10 12:00:00,3.331,0.0
1990-11-11 12:00:00,4.9364,0.0
1990-11-12 12:00:00,4.6449,0.0
1990-11-13 12:00:00,3.4982,0.0
1990-11-14 12:00:00,3.2631,0.0
1990-11-15 12:00:00,3.1159000000000003,0.0
1990-11-16 12:00:00,3.0245,0.0
1990-11-17 12:00:00,3.1484,0.0
1990-11-18 12:00:00,3.4698,0.0
1990-11-19 12:00:00,3.6996,0.0
1990-11-20 12:00:00,3.5074,0.0
1990-11-21 12:00:00,3.3067,0.0
1990-11-22 12:00:00,3.2752000000000003,0.0
1990-11-23 12:00:00,3.2061,0.0
1990-11-24 12:00:00,3.3564000000000003,0.0
1990-11-25 12:00:00,3.3463000000000003,0.0
1990-11-26 12:00:00,3.2190000000000003,0.0
1990-11-27 12:00:00,3.1234,0.0
1990-11-28 12:00:00,2.8833,0.0
1990-11-29 12:00:00,2.7344,0.0
1990-11-30 12:00:00,2.6715,0.0
1990-12-01 12:00:00,2.5559000000000003,0.0
1990-12-02 12:00:00,2.4344,0.0
1990-12-03 12:00:00,2.3939,0.0
1990-12-04 12:00:00,2.3804000000000003,0.0
1990-12-05 12:00:00,2.2739000000000003,0.0
1990-12-06 12:00:00,2.2265,0.0
1990-12-07 12:00:00,2.1702,0.0
1990-12-08 12:00:00,2.1252,0.0
1990-12-09 12:00:00,2.0761000000000003,0.0
1990-12-10 12:00:00,2.4667000000000003,0.0
1990-12-11 12:00:00,11.052900000000001,0.0
1990-12-12 12:00:00,9.1098,0.0
1990-12-13 12:00:00,12.328800000000001,0.0
1990-12-14 12:00:00,8.4442,0.0
1990-12-15 12:00:00,7.229,0.0
1990-12-16 12:00:00,5.5042,0.0
1990-12-17 12:00:00,4.6315,0.0
1990-12-18 12:00:00,4.8790000000000004,0.0
1990-12-19 12:00:00,4.3768,0.0
1990-12-20 12:00:00,3.7811000000000003,0.0
1990-12-21 12:00:00,3.4594,0.0
1990-12-22 12:00:00,3.2875,0.0
1990-12-23 12:00:00,3.1622000000000003,0.0
1990-12-24 12:00:00,3.4524000000000004,0.0
1990-12-25 12:00:00,2.9853,0.0
1990-12-26 12:00:00,3.1721000000000004,0.0
1990-12-27 12:00:00,2.8271,0.0
1990-12-28 12:00:00,3.2918000000000003,0.0
1990-12-29 12:00:00,2.8357,0.0
1990-12-30 12:00:00,2.5932,0.0
1990-12-31 12:00:00,2.5389,0.0
1991-01-01 12:00:00,3.4088000000000003,0.0
1991-01-02 12:00:00,2.7747,0.0
1991-01-03 12:00:00,2.5158,0.0
1991-01-04 12:00:00,2.3853,0.0
1991-01-05 12:00:00,2.3577,0.0
1991-01-06 12:00:00,2.4357,0.0
1991-01-07 12:00:00,2.3754,0.0
1991-01-08 12:00:00,2.5314,0.0
1991-01-09 12:00:00,2.3560000000000003,0.0
1991-01-10 12:00:00,2.2122,0.0
1991-01-11 12:00:00,2.0621,0.0
1991-01-12 12:00:00,2.0007,0.0
1991-01-13 12:00:00,1.9582000000000002,0.0
1991-01-14 12:00:00,1.8689,0.0
1991-01-15 12:00:00,2.5811,0.0
1991-01-16 12:00:00,3.4801,0.0
1991-01-17 12:00:00,2.3494,0.0
1991-01-18 12:00:00,2.1606,0.0
1991-01-19 12:00:00,2.2022,0.0
1991-01-20 12:00:00,2.0934,0.0
1991-01-21 12:00:00,1.9817,0.0
1991-01-22 12:00:00,1.986,0.0
1991-01-23 12:00:00,2.0588,0.0
1991-01-24 12:00:00,1.9294,0.0
1991-01-25 12:00:00,1.8344,0.0
1991-01-26 12:00:00,1.7334,0.0
1991-01-27 12:00:00,2.1186000000000003,0.0
1991-01-28 12:00:00,1.8966,0.0
1991-01-29 12:00:00,1.7183000000000002,0.0
1991-01-30 12:00:00,2.8523,0.0
1991-01-31 12:00:00,3.5060000000000002,0.0
1991-02-01 12:00:00,3.8038000000000003,0.0
1991-02-02 12:00:00,2.8048,0.0
1991-02-03 12:00:00,2.4702,0.0
1991-02-04 12:00:00,2.1823,0.0
1991-02-05 12:00:00,2.3778,0.0
1991-02-06 12:00:00,2.0971,0.0
1991-02-07 12:00:00,1.9498000000000002,0.0
1991-02-08 12:00:00,2.0616,0.0
1991-02-09 12:00:00,1.8516000000000001,0.0
1991-02-10 12:00:00,1.7541,0.0
1991-02-11 12:00:00,2.1049,0.0
1991-02-12 12:00:00,1.9975,0.0
1991-02-13 12:00:00,1.7830000000000001,0.0
1991-02-14 12:00:00,2.866,0.0
1991-02-15 12:00:00,2.2917,0.0
1991-02-16 12:00:00,2.4394,0.0
1991-02-17 12:00:00,3.1709,0.0
1991-02-18 12:00:00,3.4269000000000003,0.0
1991-02-19 12:00:00,3.1181,0.0
1991-02-20 12:00:00,2.7795,0.0
1991-02-21 12:00:00,2.6076,0.0
1991-02-22 12:00:00,2.4037,0.0
1991-02-23 12:00:00,2.3955,0.0
1991-02-24 12:00:00,2.3366000000000002,0.0
1991-02-25 12:00:00,2.2586,0.0
1991-02-26 12:00:00,2.1935000000000002,0.0
1991-02-27 12:00:00,2.0709,0.0
1991-02-28 12:00:00,2.0355000000000003,0.0
1991-03-01 12:00:00,2.0165,0.0
1991-03-02 12:00:00,1.9809,0.0
1991-03-03 12:00:00,1.9164,0.0
1991-03-04 12:00:00,1.7816,0.0
1991-03-05 12:00:00,1.7381,0.0
1991-03-06 12:00:00,1.7234,0.0
1991-03-07 12:00:00,1.6869,0.0
1991-03-08 12:00:00,1.6506,0.0
1991-03-09 12:00:00,1.6071,0.0
1991-03-10 12:00:00,1.5663,0.0
1991-03-11 12:00:00,1.5734000000000001,0.0
1991-03-12 12:00:00,1.5847,0.0
1991-03-13 12:00:00,1.7414,0.0
1991-03-14 12:00:00,1.7663,0.0
1991-03-15 12:00:00,1.6506,0.0
1991-03-16 12:00:00,1.5744,0.0
1991-03-17 12:00:00,1.5359,0.0
1991-03-18 12:00:00,1.4992,0.0
1991-03-19 12:00:00,1.5162,0.0
1991-03-20 12:00:00,1.5405,0.0
1991-03-21 12:00:00,1.5130000000000001,0.0
1991-03-22 12:00:00,1.6,0.0
1991-03-23 12:00:00,1.5103,0.0
1991-03-24 12:00:00,1.5316,0.0
1991-03-25 12:00:00,1.5508000000000002,0.0
1991-03-26 12:00:00,1.48,0.0
1991-03-27 12:00:00,2.4213,0.0
1991-03-28 12:00:00,2.4063000000000003,0.0
1991-03-29 12:00:00,1.8962,0.0
1991-03-30 12:00:00,1.8569,0.0
1991-03-31 12:00:00,1.7413,0.0
1991-04-01 12:00:00,2.7719,0.0
1991-04-02 12:00:00,7.4598,0.0
1991-04-03 12:00:00,3.8960000000000004,0.0
1991-04-04 12:00:00,3.1307,0.0
1991-04-05 12:00:00,2.8188,0.0
1991-04-06 12:00:00,3.6789,0.0
1991-04-07 12:00:00,3.8119,0.0
1991-04-08 12:00:00,3.3354000000000004,0.0
1991-04-09 12:00:00,3.2427,0.0
1991-04-10 12:00:00,3.1079000000000003,0.0
1991-04-11 12:00:00,2.9272,0.0
1991-04-12 12:00:00,2.7661000000000002,0.0
1991-04-13 12:00:00,2.563,0.0
1991-04-14 12:00:00,2.4793000000000003,0.0
1991-04-15 12:00:00,2.8382,0.0
1991-04-16 12:00:00,2.6526,0.0
1991-04-17 12:00:00,2.4610000000000003,0.0
1991-04-18 12:00:00,3.6822000000000004,0.0
1991-04-19 12:00:00,5.1769,0.0
1991-04-20 12:00:00,5.4743,0.0
1991-04-21 12:00:00,4.5314000000000005,0.0
1991-04-22 12:00:00,4.1513,0.0
1991-04-23 12:00:00,3.9706,0.0
1991-04-24 12:00:00,3.7774,0.0
1991-04-25 12:00:00,3.6069,0.0
1991-04-26 12:00:00,3.3334,0.0
1991-04-27 12:00:00,3.2289000000000003,0.0
1991-04-28 12:00:00,3.2277,0.0
1991-04-29 12:00:00,3.4801,0.0
1991-04-30 12:00:00,3.3489,0.0
1991-05-01 12:00:00,3.1133,0.0
1991-05-02 12:00:00,3.0456000000000003,0.0
1991-05-03 12:00:00,3.0315000000000003,0.0
1991-05-04 12:00:00,3.2913,0.0
1991-05-05 12:00:00,3.2303,0.0
1991-05-06 12:00:00,3.1003000000000003,0.0
1991-05-07 12:00:00,3.0489,0.0
1991-05-08 12:00:00,2.9829000000000003,0.0
1991-05-09 12:00:00,2.964,0.0
1991-05-10 12:00:00,2.8697,0.0
1991-05-11 12:00:00,2.7711,0.0
1991-05-12 12:00:00,2.7163,0.0
1991-05-13 12:00:00,2.6403000000000003,0.0
1991-05-14 12:00:00,2.5685000000000002,0.0
1991-05-15 12:00:00,2.6393,0.0
1991-05-16 12:00:00,3.0584000000000002,0.0
1991-05-17 12:00:00,2.6555,0.0
1991-05-18 12:00:00,2.5208,0.0
1991-05-19 12:00:00,2.4655,0.0
1991-05-20 12:00:00,2.3852,0.0
1991-05-21 12:00:00,2.3757,0.0
1991-05-22 12:00:00,2.335,0.0
1991-05-23 12:00:00,2.2893,0.0
1991-05-24 12:00:00,2.2298,0.0
1991-05-25 12:00:00,2.2694,0.0
1991-05-26 12:00:00,2.3364000000000003,0.0
1991-05-27 12:00:00,2.3139000000000003,0.0
1991-05-28 12:00:00,2.3519,0.0
1991-05-29 12:00:00,2.2506,0.0
1991-05-30 12:00:00,2.1775,0.0
1991-05-31 12:00:00,2.3577,0.0
1991-06-01 12:00:00,2.3498,0.0
1991-06-02 12:00:00,2.0996,0.0
1991-06-03 12:00:00,2.2274000000000003,0.0
1991-06-04 12:00:00,2.7214,0.0
1991-06-05 12:00:00,2.4564,0.0
1991-06-06 12:00:00,2.3324000000000003,0.0
1991-06-07 12:00:00,2.2693000000000003,0.0
1991-06-08 12:00:00,2.162,0.0
1991-06-09 12:00:00,2.1555,0.0
1991-06-13 12:00:00,2.3051,0.0
1991-06-14 12:00:00,2.0694,0.0
1991-06-15 12:00:00,1.9545000000000001,0.0
1991-06-16 12:00:00,2.0159000000000002,0.0
1991-06-17 12:00:00,2.4356,0.0
1991-06-18 12:00:00,2.1603,0.0
1991-06-19 12:00:00,2.0952,0.0
1991-06-20 12:00:00,1.5346,0.0
1991-06-21 12:00:00,2.2067,0.0
1991-06-22 12:00:00,2.2009000000000003,0.0
1991-06-23 12:00:00,2.1146000000000003,0.0
1991-06-24 12:00:00,2.174,0.0
1991-06-25 12:00:00,1.8156,0.0
1991-06-26 12:00:00,1.9855,0.0
1991-06-27 12:00:00,2.0501,0.0
1991-06-28 12:00:00,1.8902,0.0
1991-06-29 12:00:00,1.5472000000000001,0.0
1991-06-30 12:00:00,2.1466000000000003,0.0
1991-07-01 12:00:00,2.4038,0.0
1991-07-02 12:00:00,1.8714000000000002,0.0
1991-07-03 12:00:00,1.6115000000000002,0.0
1991-07-04 12:00:00,1.6123,0.0
1991-07-05 12:00:00,1.605,0.0
1991-07-06 12:00:00,1.4902,0.0
1991-07-07 12:00:00,2.1573,0.0
1991-07-08 12:00:00,2.152,0.0
1991-07-09 12:00:00,1.8659000000000001,0.0
1991-07-10 12:00:00,1.7129,0.0
1991-07-11 12:00:00,1.5314,0.0
1991-07-12 12:00:00,1.3913,0.0
1991-07-13 12:00:00,1.3713,0.0
1991-07-14 12:00:00,1.3927,0.0
1991-07-15 12:00:00,1.4623000000000002,0.0
1991-07-16 12:00:00,2.071,0.0
1991-07-17 12:00:00,2.2584,0.0
1991-07-18 12:00:00,2.6481000000000003,0.0
1991-07-19 12:00:00,2.7629,0.0
1991-07-20 12:00:00,2.6375,0.0
1991-07-21 12:00:00,2.8332,0.0
1991-07-22 12:00:00,2.7351,0.0
1991-07-23 12:00:00,2.3522000000000003,0.0
1991-07-24 12:00:00,2.1477,0.0
1991-07-25 12:00:00,1.6947,0.0
1991-07-26 12:00:00,2.1096,0.0
1991-07-27 12:00:00,1.9448,0.0
1991-07-28 12:00:00,2.0300000000000002,0.0
1991-07-29 12:00:00,2.3168,0.0
1991-07-30 12:00:00,3.4240000000000004,0.0
1991-07-31 12:00:00,3.4623000000000004,0.0
1991-08-01 12:00:00,2.9917000000000002,0.0
1991-08-02 12:00:00,2.6787,0.0
1991-08-03 12:00:00,2.5257,0.0
1991-08-04 12:00:00,2.4744,0.0
1991-08-05 12:00:00,8.0576,0.0
1991-08-06 12:00:00,17.3306,0.0
1991-08-07 12:00:00,17.3567,0.0
1991-08-08 12:00:00,91.2718,0.0
1991-08-09 12:00:00,36.635000000000005,0.0
1991-08-10 12:00:00,18.5958,0.0
1991-08-11 12:00:00,14.6334,0.0
1991-08-12 12:00:00,13.552000000000001,0.0
1991-08-13 12:00:00,21.8288,0.0
1991-08-14 12:00:00,39.0503,0.0
1991-08-15 12:00:00,56.8196,0.0
1991-08-16 12:00:00,88.9098,0.0
1991-08-17 12:00:00,48.2501,0.0
1991-08-18 12:00:00,31.2589,0.0
1991-08-19 12:00:00,23.3198,0.0
1991-08-20 12:00:00,18.9645,0.0
1991-08-21 12:00:00,16.351100000000002,0.0
1991-08-22 12:00:00,14.4253,0.0
1991-08-23 12:00:00,12.7575,0.0
1991-08-24 12:00:00,13.1531,0.0
1991-08-25 12:00:00,13.079,0.0
1991-08-26 12:00:00,11.8697,0.0
1991-08-27 12:00:00,11.3247,0.0
1991-08-28 12:00:00,10.8526,0.0
1991-08-29 12:00:00,11.6498,0.0
1991-08-30 12:00:00,12.224300000000001,0.0
1991-08-31 12:00:00,11.0093,0.0
1991-09-01 12:00:00,11.611500000000001,0.0
1991-09-02 12:00:00,11.3167,0.0
1991-09-03 12:00:00,12.0746,0.0
1991-09-04 12:00:00,10.8038,0.0
1991-09-05 12:00:00,10.031600000000001,0.0
1991-09-06 12:00:00,9.208,0.0
1991-09-07 12:00:00,8.3841,0.0
1991-09-08 12:00:00,7.9655000000000005,0.0
1991-09-09 12:00:00,7.855,0.0
1991-09-10 12:00:00,9.0394,0.0
1991-09-11 12:00:00,16.7015,0.0
1991-09-12 12:00:00,58.6848,0.0
1991-09-13 12:00:00,46.475500000000004,0.0
1991-09-14 12:00:00,32.350500000000004,0.0
1991-09-15 12:00:00,26.3775,0.0
1991-09-16 12:00:00,21.913700000000002,0.0
1991-09-17 12:00:00,18.8424,0.0
1991-09-18 12:00:00,16.5587,0.0
1991-09-19 12:00:00,15.0921,0.0
1991-09-20 12:00:00,13.8506,0.0
1991-09-21 12:00:00,12.568800000000001,0.0
1991-09-22 12:00:00,12.4161,0.0
1991-09-23 12:00:00,12.3649,0.0
1991-09-24 12:00:00,11.3977,0.0
1991-09-25 12:00:00,10.580300000000001,0.0
1991-09-26 12:00:00,10.2439,0.0
1991-09-27 12:00:00,9.433,0.0
1991-09-28 12:00:00,8.9685,0.0
1991-09-29 12:00:00,8.5515,0.0
1991-09-30 12:00:00,7.873200000000001,0.0
1991-10-01 12:00:00,7.522,0.0
1991-10-02 12:00:00,7.2289,0.0
1991-10-03 12:00:00,6.9581,0.0
1991-10-04 12:00:00,6.606800000000001,0.0
1991-10-05 12:00:00,6.3543,0.0
1991-10-06 12:00:00,6.3791,0.0
1991-10-07 12:00:00,6.7273000000000005,0.0
1991-10-08 12:00:00,7.4164,0.0
1991-10-09 12:00:00,7.2193000000000005,0.0
1991-10-10 12:00:00,6.5888,0.0
1991-10-11 12:00:00,6.1783,0.0
1991-10-12 12:00:00,7.105700000000001,0.0
1991-10-13 12:00:00,6.6686000000000005,0.0
1991-10-14 12:00:00,6.0952,0.0
1991-10-15 12:00:00,11.73,0.0
1991-10-16 12:00:00,17.4613,0.0
1991-10-17 12:00:00,17.8113,0.0
1991-10-18 12:00:00,11.235100000000001,0.0
1991-10-19 12:00:00,9.0322,0.0
1991-10-20 12:00:00,8.0467,0.0
1991-10-21 12:00:00,7.4991,0.0
1991-10-22 12:00:00,7.2212000000000005,0.0
1991-10-23 12:00:00,6.8218000000000005,0.0
1991-10-24 12:00:00,6.5023,0.0
1991-10-25 12:00:00,6.3048,0.0
1991-10-26 12:00:00,6.2001,0.0
1991-10-27 12:00:00,6.6128,0.0
1991-10-28 12:00:00,6.6482,0.0
1991-10-29 12:00:00,5.974200000000001,0.0
1991-10-30 12:00:00,5.6967,0.0
1991-10-31 12:00:00,5.5477,0.0
1991-11-01 12:00:00,6.3594,0.0
1991-11-02 12:00:00,6.0116000000000005,0.0
1991-11-03 12:00:00,5.3302000000000005,0.0
1991-11-04 12:00:00,4.9073,0.0
1991-11-05 12:00:00,4.8274,0.0
1991-11-06 12:00:00,4.8083,0.0
1991-11-07 12:00:00,4.8142000000000005,0.0
1991-11-08 12:00:00,5.0356000000000005,0.0
1991-11-09 12:00:00,4.7241,0.0
1991-11-10 12:00:00,4.9951,0.0
1991-11-11 12:00:00,4.8122,0.0
1991-11-12 12:00:00,5.5819,0.0
1991-11-13 12:00:00,4.6408000000000005,0.0
1991-11-14 12:00:00,4.3312,0.0
1991-11-15 12:00:00,4.143,0.0
1991-11-16 12:00:00,4.0423,0.0
1991-11-17 12:00:00,4.0826,0.0
1991-11-18 12:00:00,4.0318000000000005,0.0
1991-11-19 12:00:00,4.086,0.0
1991-11-20 12:00:00,4.883500000000001,0.0
1991-11-21 12:00:00,3.9256,0.0
1991-11-22 12:00:00,3.8416,0.0
1991-11-23 12:00:00,3.7189,0.0
1991-11-24 12:00:00,3.5931,0.0
1991-11-25 12:00:00,3.5228,0.0
1991-11-26 12:00:00,3.4783,0.0
1991-11-27 12:00:00,3.5505,0.0
1991-11-28 12:00:00,3.3480000000000003,0.0
1991-11-29 12:00:00,3.0673000000000004,0.0
1991-11-30 12:00:00,3.0659,0.0
1991-12-01 12:00:00,3.2709,0.0
1991-12-02 12:00:00,3.319,0.0
1991-12-03 12:00:00,2.9022,0.0
1991-12-04 12:00:00,2.7528,0.0
1991-12-05 12:00:00,2.8566000000000003,0.0
1991-12-06 12:00:00,2.8513,0.0
1991-12-07 12:00:00,3.1373,0.0
1991-12-08 12:00:00,3.2644,0.0
1991-12-09 12:00:00,2.7977000000000003,0.0
1991-12-10 12:00:00,2.6339,0.0
1991-12-11 12:00:00,2.8311,0.0
1991-12-12 12:00:00,2.714,0.0
1991-12-13 12:00:00,2.4822,0.0
1991-12-14 12:00:00,2.4041,0.0
1991-12-15 12:00:00,2.3254,0.0
1991-12-16 12:00:00,2.2152000000000003,0.0
1991-12-17 12:00:00,2.1178,0.0
1991-12-18 12:00:00,2.067,0.0
1991-12-19 12:00:00,2.1957,0.0
1991-12-20 12:00:00,2.2009000000000003,0.0
1991-12-21 12:00:00,2.0780000000000003,0.0
1991-12-22 12:00:00,1.9614,0.0
1991-12-23 12:00:00,1.8602,0.0
1991-12-24 12:00:00,1.7897,0.0
1991-12-25 12:00:00,1.8049000000000002,0.0
1991-12-26 12:00:00,1.859,0.0
1991-12-27 12:00:00,1.9022000000000001,0.0
1991-12-28 12:00:00,3.7956000000000003,0.0
1991-12-29 12:00:00,2.8066,0.0
1991-12-30 12:00:00,3.7868000000000004,0.0
1991-12-31 12:00:00,2.8796,0.0
1992-01-01 12:00:00,2.6506000000000003,0.0
1992-01-02 12:00:00,2.2521,0.0
1992-01-03 12:00:00,2.0751,0.0
1992-01-04 12:00:00,1.9520000000000002,0.0
1992-01-05 12:00:00,1.8947,0.0
1992-01-06 12:00:00,2.1471,0.0
1992-01-07 12:00:00,2.0462000000000002,0.0
1992-01-08 12:00:00,1.8792,0.0
1992-01-09 12:00:00,1.7214,0.0
1992-01-10 12:00:00,1.6414,0.0
1992-01-11 12:00:00,1.6207,0.0
1992-01-12 12:00:00,1.554,0.0
1992-01-13 12:00:00,1.5805,0.0
1992-01-14 12:00:00,1.8383,0.0
1992-01-15 12:00:00,1.6266,0.0
1992-01-16 12:00:00,1.532,0.0
1992-01-17 12:00:00,1.9163000000000001,0.0
1992-01-18 12:00:00,2.3019000000000003,0.0
1992-01-19 12:00:00,1.8795000000000002,0.0
1992-01-20 12:00:00,1.7355,0.0
1992-01-21 12:00:00,1.7338,0.0
1992-01-22 12:00:00,1.5835000000000001,0.0
1992-01-23 12:00:00,1.5467,0.0
1992-01-24 12:00:00,1.4881,0.0
1992-01-25 12:00:00,1.5113,0.0
1992-01-26 12:00:00,1.3772,0.0
1992-01-27 12:00:00,1.3190000000000002,0.0
1992-01-28 12:00:00,1.335,0.0
1992-01-29 12:00:00,1.3872,0.0
1992-01-30 12:00:00,1.3424,0.0
1992-01-31 12:00:00,1.8635000000000002,0.0
1992-02-01 12:00:00,1.8352000000000002,0.0
1992-02-02 12:00:00,1.5112,0.0
1992-02-03 12:00:00,1.4301000000000001,0.0
1992-02-04 12:00:00,1.4468,0.0
1992-02-05 12:00:00,1.3658000000000001,0.0
1992-02-06 12:00:00,1.3074000000000001,0.0
1992-02-07 12:00:00,1.2542,0.0
1992-02-08 12:00:00,1.2389000000000001,0.0
1992-02-09 12:00:00,1.2389000000000001,0.0
1992-02-10 12:00:00,1.1972,0.0
1992-02-11 12:00:00,1.1560000000000001,0.0
1992-02-12 12:00:00,1.1152,0.0
1992-02-13 12:00:00,1.3645,0.0
1992-02-14 12:00:00,3.4461000000000004,0.0
1992-02-15 12:00:00,1.9340000000000002,0.0
1992-02-16 12:00:00,1.4478,0.0
1992-02-17 12:00:00,1.2798,0.0
1992-02-18 12:00:00,1.3489,0.0
1992-02-19 12:00:00,1.2638,0.0
1992-02-20 12:00:00,1.1681000000000001,0.0
1992-02-21 12:00:00,1.1639000000000002,0.0
1992-02-22 12:00:00,1.1263,0.0
1992-02-23 12:00:00,1.5075,0.0
1992-02-24 12:00:00,1.3145,0.0
1992-02-25 12:00:00,1.1793,0.0
1992-02-26 12:00:00,1.1529,0.0
1992-02-27 12:00:00,1.2133,0.0
1992-02-28 12:00:00,1.1944000000000001,0.0
1992-02-29 12:00:00,1.1460000000000001,0.0
1992-03-01 12:00:00,1.0693000000000001,0.0
1992-03-02 12:00:00,1.0631000000000002,0.0
1992-03-03 12:00:00,1.0476,0.0
1992-03-04 12:00:00,1.0155,0.0
1992-03-05 12:00:00,0.9876,0.0
1992-03-06 12:00:00,0.9482,0.0
1992-03-07 12:00:00,0.9583,0.0
1992-03-08 12:00:00,0.9748,0.0
1992-03-09 12:00:00,0.9605,0.0
1992-03-10 12:00:00,0.9814,0.0
1992-03-11 12:00:00,0.8859,0.0
1992-03-12 12:00:00,0.918,0.0
1992-03-13 12:00:00,0.9583,0.0
1992-03-14 12:00:00,0.9583,0.0
1992-03-15 12:00:00,1.0051,0.0
1992-03-16 12:00:00,1.3673,0.0
1992-03-17 12:00:00,1.4802,0.0
1992-03-18 12:00:00,1.9653,0.0
1992-03-19 12:00:00,2.0128,0.0
1992-03-20 12:00:00,2.2819000000000003,0.0
1992-03-21 12:00:00,1.5389000000000002,0.0
1992-03-22 12:00:00,1.3357,0.0
1992-03-23 12:00:00,1.2486000000000002,0.0
1992-03-24 12:00:00,1.2163000000000002,0.0
1992-03-25 12:00:00,1.1933,0.0
1992-03-26 12:00:00,1.1737,0.0
1992-03-27 12:00:00,1.1325,0.0
1992-03-28 12:00:00,1.2553,0.0
1992-03-29 12:00:00,1.2632,0.0
1992-03-30 12:00:00,1.216,0.0
1992-03-31 12:00:00,1.1885000000000001,0.0
1992-04-01 12:00:00,1.6385,0.0
1992-04-02 12:00:00,1.5771000000000002,0.0
1992-04-03 12:00:00,1.3948,0.0
1992-04-04 12:00:00,1.3458,0.0
1992-04-05 12:00:00,1.3063,0.0
1992-04-06 12:00:00,1.3063,0.0
1992-04-07 12:00:00,1.2384000000000002,0.0
1992-04-08 12:00:00,2.0976,0.0
1992-04-09 12:00:00,1.6708,0.0
1992-04-10 12:00:00,1.4894,0.0
1992-04-11 12:00:00,1.4848000000000001,0.0
1992-04-12 12:00:00,1.4395,0.0
1992-04-14 12:00:00,1.3317,0.0
1992-04-15 12:00:00,1.216,0.0
1992-04-16 12:00:00,1.4649,0.0
1992-04-17 12:00:00,1.6722000000000001,0.0
1992-04-18 12:00:00,1.3948,0.0
1992-04-19 12:00:00,1.3063,0.0
1992-04-21 12:00:00,1.2630000000000001,0.0
1992-04-23 12:00:00,1.2245000000000001,0.0
1992-04-24 12:00:00,1.2785,0.0
1992-04-25 12:00:00,1.4976,0.0
1992-04-26 12:00:00,1.5474,0.0
1992-04-27 12:00:00,1.4397,0.0
1992-04-28 12:00:00,1.3502,0.0
1992-04-29 12:00:00,1.3063,0.0
1992-04-30 12:00:00,1.3038,0.0
1992-05-02 12:00:00,1.2630000000000001,0.0
1992-05-05 12:00:00,1.2385000000000002,0.0
1992-05-06 12:00:00,1.5166000000000002,0.0
1992-05-07 12:00:00,1.5647,0.0
1992-05-08 12:00:00,1.6039,0.0
1992-05-09 12:00:00,1.5537,0.0
1992-05-10 12:00:00,1.3813,0.0
1992-05-11 12:00:00,1.4612,0.0
1992-05-12 12:00:00,1.365,0.0
1992-05-13 12:00:00,6.7138,0.0
1992-05-14 12:00:00,6.4068000000000005,0.0
1992-05-15 12:00:00,3.8515,0.0
1992-05-16 12:00:00,2.9742,0.0
1992-05-17 12:00:00,2.5556,0.0
1992-05-18 12:00:00,2.3152,0.0
1992-05-19 12:00:00,2.22,0.0
1992-05-20 12:00:00,1.99,0.0
1992-05-21 12:00:00,1.8330000000000002,0.0
1992-05-22 12:00:00,1.6807,0.0
1992-05-23 12:00:00,1.6691,0.0
1992-05-24 12:00:00,1.6156000000000001,0.0
1992-05-25 12:00:00,1.5730000000000002,0.0
1992-05-26 12:00:00,1.5490000000000002,0.0
1992-05-27 12:00:00,1.5141,0.0
1992-05-28 12:00:00,1.5027000000000001,0.0
1992-05-29 12:00:00,1.3548,0.0
1992-05-30 12:00:00,1.1523,0.0
1992-05-31 12:00:00,1.2388000000000001,0.0
1992-06-01 12:00:00,1.6323,0.0
1992-06-02 12:00:00,1.4192,0.0
1992-06-03 12:00:00,1.3779000000000001,0.0
1992-06-04 12:00:00,1.3137,0.0
1992-06-05 12:00:00,1.3145,0.0
1992-06-06 12:00:00,1.3018,0.0
1992-06-08 12:00:00,1.2963,0.0
1992-06-09 12:00:00,1.2969000000000002,0.0
1992-06-10 12:00:00,1.2927,0.0
1992-06-11 12:00:00,1.2963,0.0
1992-06-12 12:00:00,1.4756,0.0
1992-06-13 12:00:00,1.7077,0.0
1992-06-14 12:00:00,1.5055,0.0
1992-06-15 12:00:00,1.2475,0.0
1992-06-16 12:00:00,2.2046,0.0
1992-06-17 12:00:00,2.1578,0.0
1992-06-18 12:00:00,1.6611,0.0
1992-06-19 12:00:00,0.8754000000000001,0.0
1992-06-20 12:00:00,1.2181,0.0
1992-06-21 12:00:00,1.6821000000000002,0.0
1992-06-22 12:00:00,1.4745000000000001,0.0
1992-06-23 12:00:00,1.1698,0.0
1992-06-24 12:00:00,0.9874,0.0
1992-06-25 12:00:00,1.131,0.0
1992-06-26 12:00:00,1.0499,0.0
1992-06-27 12:00:00,1.3225,0.0
1992-06-28 12:00:00,1.3081,0.0
1992-06-29 12:00:00,1.3134000000000001,0.0
1992-06-30 12:00:00,1.2049,0.0
1992-07-01 12:00:00,1.3925,0.0
1992-07-02 12:00:00,2.2474000000000003,0.0
1992-07-03 12:00:00,3.5534000000000003,0.0
1992-07-04 12:00:00,9.6614,0.0
1992-07-05 12:00:00,10.1518,0.0
1992-07-06 12:00:00,5.8075,0.0
1992-07-07 12:00:00,4.36,0.0
1992-07-08 12:00:00,3.6771000000000003,0.0
1992-07-09 12:00:00,3.1596,0.0
1992-07-10 12:00:00,2.5294000000000003,0.0
1992-07-11 12:00:00,2.1632000000000002,0.0
1992-07-12 12:00:00,2.4035,0.0
1992-07-13 12:00:00,2.3014,0.0
1992-07-14 12:00:00,2.0805000000000002,0.0
1992-07-15 12:00:00,2.2491000000000003,0.0
1992-07-16 12:00:00,2.1126,0.0
1992-07-17 12:00:00,2.0591,0.0
1992-07-18 12:00:00,2.3427000000000002,0.0
1992-07-19 12:00:00,10.598,0.0
1992-07-20 12:00:00,7.2123,0.0
1992-07-21 12:00:00,5.6153,0.0
1992-07-22 12:00:00,4.7384,0.0
1992-07-23 12:00:00,5.831300000000001,0.0
1992-07-24 12:00:00,5.2706,0.0
1992-07-25 12:00:00,11.739,0.0
1992-07-26 12:00:00,8.9777,0.0
1992-07-27 12:00:00,7.1943,0.0
1992-07-28 12:00:00,6.5834,0.0
1992-07-29 12:00:00,16.2249,0.0
1992-07-30 12:00:00,12.8323,0.0
1992-07-31 12:00:00,9.8536,0.0
1992-08-01 12:00:00,8.1575,0.0
1992-08-02 12:00:00,8.5113,0.0
1992-08-03 12:00:00,7.0568,0.0
1992-08-04 12:00:00,6.2574000000000005,0.0
1992-08-05 12:00:00,5.6294,0.0
1992-08-06 12:00:00,8.263,0.0
1992-08-07 12:00:00,10.924900000000001,0.0
1992-08-08 12:00:00,16.810200000000002,0.0
1992-08-09 12:00:00,16.091,0.0
1992-08-10 12:00:00,12.961,0.0
1992-08-11 12:00:00,10.6852,0.0
1992-08-12 12:00:00,9.1851,0.0
1992-08-13 12:00:00,8.3457,0.0
1992-08-14 12:00:00,8.310500000000001,0.0
1992-08-15 12:00:00,7.5638000000000005,0.0
1992-08-16 12:00:00,6.932,0.0
1992-08-17 12:00:00,6.4557,0.0
1992-08-18 12:00:00,9.7539,0.0
1992-08-19 12:00:00,8.9556,0.0
1992-08-20 12:00:00,8.0922,0.0
1992-08-21 12:00:00,7.295,0.0
1992-08-22 12:00:00,6.6493,0.0
1992-08-23 12:00:00,6.166300000000001,0.0
1992-08-24 12:00:00,5.8687000000000005,0.0
1992-08-25 12:00:00,5.8689,0.0
1992-08-26 12:00:00,5.7641,0.0
1992-08-27 12:00:00,5.5495,0.0
1992-08-28 12:00:00,5.2857,0.0
1992-08-29 12:00:00,5.0277,0.0
1992-08-30 12:00:00,4.9112,0.0
1992-08-31 12:00:00,4.8398,0.0
1992-09-01 12:00:00,4.7809,0.0
1992-09-02 12:00:00,4.8715,0.0
1992-09-03 12:00:00,5.202100000000001,0.0
1992-09-04 12:00:00,5.5633,0.0
1992-09-05 12:00:00,5.8367,0.0
1992-09-06 12:00:00,5.8129,0.0
1992-09-07 12:00:00,5.8113,0.0
1992-09-08 12:00:00,5.9905,0.0
1992-09-09 12:00:00,6.947,0.0
1992-09-10 12:00:00,7.3604,0.0
1992-09-11 12:00:00,6.8296,0.0
1992-09-12 12:00:00,6.7003,0.0
1992-09-13 12:00:00,6.6306,0.0
1992-09-14 12:00:00,6.9118,0.0
1992-09-15 12:00:00,7.174,0.0
1992-09-16 12:00:00,7.0966000000000005,0.0
1992-09-17 12:00:00,6.911700000000001,0.0
1992-09-18 12:00:00,6.7495,0.0
1992-09-19 12:00:00,6.463100000000001,0.0
1992-09-20 12:00:00,6.143400000000001,0.0
1992-09-21 12:00:00,5.8312,0.0
1992-09-22 12:00:00,5.8204,0.0
1992-09-23 12:00:00,5.9477,0.0
1992-09-24 12:00:00,5.9055,0.0
1992-09-25 12:00:00,7.5806000000000004,0.0
1992-09-26 12:00:00,6.769500000000001,0.0
1992-09-27 12:00:00,5.9998000000000005,0.0
1992-09-28 12:00:00,5.7761000000000005,0.0
1992-09-29 12:00:00,5.7038,0.0
1992-09-30 12:00:00,5.6587000000000005,0.0
1992-10-01 12:00:00,6.3562,0.0
1992-10-02 12:00:00,6.5341000000000005,0.0
1992-10-03 12:00:00,5.923,0.0
1992-10-04 12:00:00,5.8567,0.0
1992-10-05 12:00:00,6.0693,0.0
1992-10-06 12:00:00,7.0522,0.0
1992-10-07 12:00:00,8.515500000000001,0.0
1992-10-08 12:00:00,7.430400000000001,0.0
1992-10-09 12:00:00,9.641200000000001,0.0
1992-10-10 12:00:00,13.527800000000001,0.0
1992-10-11 12:00:00,12.7977,0.0
1992-10-12 12:00:00,10.0092,0.0
1992-10-13 12:00:00,8.161900000000001,0.0
1992-10-14 12:00:00,7.028300000000001,0.0
1992-10-15 12:00:00,6.4633,0.0
1992-10-16 12:00:00,6.2620000000000005,0.0
1992-10-17 12:00:00,6.3578,0.0
1992-10-18 12:00:00,7.3279000000000005,0.0
1992-10-19 12:00:00,18.8248,0.0
1992-10-20 12:00:00,26.479200000000002,0.0
1992-10-21 12:00:00,16.9302,0.0
1992-10-22 12:00:00,14.8533,0.0
1992-10-23 12:00:00,13.5151,0.0
1992-10-24 12:00:00,13.5638,0.0
1992-10-25 12:00:00,14.0685,0.0
1992-10-26 12:00:00,11.9672,0.0
1992-10-27 12:00:00,10.1997,0.0
1992-10-28 12:00:00,9.3809,0.0
1992-10-29 12:00:00,9.3932,0.0
1992-10-30 12:00:00,9.924900000000001,0.0
1992-10-31 12:00:00,10.2104,0.0
1992-11-01 12:00:00,11.0198,0.0
1992-11-02 12:00:00,11.5016,0.0
1992-11-03 12:00:00,10.3831,0.0
1992-11-04 12:00:00,8.6387,0.0
1992-11-05 12:00:00,7.6935,0.0
1992-11-06 12:00:00,7.3029,0.0
1992-11-07 12:00:00,7.000100000000001,0.0
1992-11-08 12:00:00,6.9928,0.0
1992-11-09 12:00:00,7.2443,0.0
1992-11-10 12:00:00,6.9939,0.0
1992-11-11 12:00:00,6.352,0.0
1992-11-12 12:00:00,6.3426,0.0
1992-11-13 12:00:00,6.9541,0.0
1992-11-14 12:00:00,10.2954,0.0
1992-11-15 12:00:00,12.100000000000001,0.0
1992-11-16 12:00:00,11.7819,0.0
1992-11-17 12:00:00,12.0113,0.0
1992-11-18 12:00:00,11.0009,0.0
1992-11-19 12:00:00,9.721,0.0
1992-11-20 12:00:00,8.5538,0.0
1992-11-21 12:00:00,7.9328,0.0
1992-11-22 12:00:00,7.3627,0.0
1992-11-23 12:00:00,6.9034,0.0
1992-11-24 12:00:00,6.4937000000000005,0.0
1992-11-25 12:00:00,6.0972,0.0
1992-11-26 12:00:00,5.7694,0.0
1992-11-27 12:00:00,5.371700000000001,0.0
1992-11-28 12:00:00,6.297000000000001,0.0
1992-11-29 12:00:00,6.087400000000001,0.0
1992-11-30 12:00:00,5.4584,0.0
1992-12-01 12:00:00,4.9905,0.0
1992-12-02 12:00:00,4.7645,0.0
1992-12-03 12:00:00,5.9386,0.0
1992-12-04 12:00:00,6.2018,0.0
1992-12-05 12:00:00,4.9915,0.0
1992-12-06 12:00:00,4.5737000000000005,0.0
1992-12-07 12:00:00,4.339,0.0
1992-12-08 12:00:00,4.2754,0.0
1992-12-09 12:00:00,4.0958000000000006,0.0
1992-12-10 12:00:00,3.8565,0.0
1992-12-11 12:00:00,3.6815,0.0
1992-12-12 12:00:00,3.5597000000000003,0.0
1992-12-13 12:00:00,3.4017,0.0
1992-12-14 12:00:00,3.2541,0.0
1992-12-16 12:00:00,3.1311,0.0
1992-12-17 12:00:00,3.4702,0.0
1992-12-18 12:00:00,3.2051000000000003,0.0
1992-12-19 12:00:00,3.0620000000000003,0.0
1992-12-20 12:00:00,2.8809,0.0
1992-12-21 12:00:00,2.7299,0.0
1992-12-22 12:00:00,2.6527000000000003,0.0
1992-12-23 12:00:00,2.748,0.0
1992-12-24 12:00:00,2.6499,0.0
1992-12-25 12:00:00,2.5392,0.0
1992-12-26 12:00:00,2.7259,0.0
1992-12-27 12:00:00,2.3936,0.0
1992-12-28 12:00:00,2.5647,0.0
1992-12-29 12:00:00,3.0067,0.0
1992-12-30 12:00:00,2.6577,0.0
1992-12-31 12:00:00,2.3936,0.0
1993-01-01 12:00:00,2.2855000000000003,0.0
1993-01-02 12:00:00,2.6409000000000002,0.0
1993-01-03 12:00:00,2.3007,0.0
1993-01-04 12:00:00,2.2793,0.0
1993-01-05 12:00:00,2.5578000000000003,0.0
1993-01-06 12:00:00,2.3007,0.0
1993-01-07 12:00:00,2.1849000000000003,0.0
1993-01-08 12:00:00,2.0941,0.0
1993-01-09 12:00:00,2.0047,0.0
1993-01-10 12:00:00,2.0994,0.0
1993-01-11 12:00:00,1.9331,0.0
1993-01-12 12:00:00,2.1358,0.0
1993-01-13 12:00:00,2.2843,0.0
1993-01-14 12:00:00,2.2270000000000003,0.0
1993-01-15 12:00:00,2.1064000000000003,0.0
1993-01-16 12:00:00,1.8507,0.0
1993-01-17 12:00:00,2.0643000000000002,0.0
1993-01-18 12:00:00,3.464,0.0
1993-01-19 12:00:00,2.2135000000000002,0.0
1993-01-20 12:00:00,1.9274,0.0
1993-01-21 12:00:00,2.4164000000000003,0.0
1993-01-22 12:00:00,2.1679,0.0
1993-01-23 12:00:00,1.8558000000000001,0.0
1993-01-24 12:00:00,1.7432,0.0
1993-01-25 12:00:00,2.3930000000000002,0.0
1993-01-26 12:00:00,1.9891,0.0
1993-01-27 12:00:00,1.8076,0.0
1993-01-28 12:00:00,1.7218,0.0
1993-01-29 12:00:00,1.6019,0.0
1993-01-30 12:00:00,1.6264,0.0
1993-01-31 12:00:00,1.6534,0.0
1993-02-01 12:00:00,1.8499,0.0
1993-02-02 12:00:00,1.7992000000000001,0.0
1993-02-03 12:00:00,1.7309,0.0
1993-02-04 12:00:00,2.9308,0.0
1993-02-05 12:00:00,2.2172,0.0
1993-02-06 12:00:00,1.9361000000000002,0.0
1993-02-07 12:00:00,1.7437,0.0
1993-02-08 12:00:00,1.6965000000000001,0.0
1993-02-09 12:00:00,1.8064,0.0
1993-02-10 12:00:00,2.7686,0.0
1993-02-11 12:00:00,2.7107,0.0
1993-02-12 12:00:00,2.1167000000000002,0.0
1993-02-13 12:00:00,2.1428000000000003,0.0
1993-02-14 12:00:00,2.0257,0.0
1993-02-15 12:00:00,1.8989,0.0
1993-02-16 12:00:00,1.7965,0.0
1993-02-17 12:00:00,1.733,0.0
1993-02-18 12:00:00,1.6923000000000001,0.0
1993-02-19 12:00:00,1.6655,0.0
1993-02-20 12:00:00,1.6716,0.0
1993-02-21 12:00:00,1.9572,0.0
1993-02-22 12:00:00,1.7006000000000001,0.0
1993-02-23 12:00:00,1.6026,0.0
1993-02-24 12:00:00,1.6098000000000001,0.0
1993-02-25 12:00:00,1.5152,0.0
1993-02-26 12:00:00,1.4482000000000002,0.0
1993-02-27 12:00:00,1.4053,0.0
1993-02-28 12:00:00,1.4661000000000002,0.0
1993-03-01 12:00:00,1.4577,0.0
1993-03-02 12:00:00,3.95,0.0
1993-03-03 12:00:00,3.4893,0.0
1993-03-04 12:00:00,2.2306,0.0
1993-03-05 12:00:00,1.9183000000000001,0.0
1993-03-06 12:00:00,1.7317,0.0
1993-03-07 12:00:00,1.6201,0.0
1993-03-08 12:00:00,1.5485,0.0
1993-03-09 12:00:00,1.4983,0.0
1993-03-10 12:00:00,1.4502000000000002,0.0
1993-03-11 12:00:00,1.4895,0.0
1993-03-12 12:00:00,1.4236,0.0
1993-03-13 12:00:00,1.3301,0.0
1993-03-14 12:00:00,1.2902,0.0
1993-03-15 12:00:00,1.2395,0.0
1993-03-16 12:00:00,1.2469000000000001,0.0
1993-03-17 12:00:00,1.5966,0.0
1993-03-18 12:00:00,1.4285,0.0
1993-03-19 12:00:00,1.3581,0.0
1993-03-20 12:00:00,1.3536000000000001,0.0
1993-03-21 12:00:00,1.4436,0.0
1993-03-22 12:00:00,1.3458,0.0
1993-03-23 12:00:00,1.3012000000000001,0.0
1993-03-24 12:00:00,1.3231000000000002,0.0
1993-03-25 12:00:00,1.3681,0.0
1993-03-26 12:00:00,1.2577,0.0
1993-03-27 12:00:00,1.2017,0.0
1993-03-28 12:00:00,1.2075,0.0
1993-03-29 12:00:00,1.4582000000000002,0.0
1993-03-30 12:00:00,2.6194,0.0
1993-03-31 12:00:00,4.0115,0.0
1993-04-01 12:00:00,2.2859000000000003,0.0
1993-04-02 12:00:00,1.8928,0.0
1993-04-03 12:00:00,1.8091000000000002,0.0
1993-04-04 12:00:00,1.7967000000000002,0.0
1993-04-05 12:00:00,1.7548000000000001,0.0
1993-04-06 12:00:00,1.8232000000000002,0.0
1993-04-07 12:00:00,3.177,0.0
1993-04-08 12:00:00,4.6195,0.0
1993-04-09 12:00:00,3.8071,0.0
1993-04-10 12:00:00,3.2881,0.0
1993-04-11 12:00:00,2.8475,0.0
1993-04-12 12:00:00,2.6273,0.0
1993-04-13 12:00:00,2.4448000000000003,0.0
1993-04-14 12:00:00,2.2781000000000002,0.0
1993-04-15 12:00:00,2.1765000000000003,0.0
1993-04-16 12:00:00,2.0756,0.0
1993-04-17 12:00:00,1.9918,0.0
1993-04-18 12:00:00,1.9433,0.0
1993-04-19 12:00:00,1.9054,0.0
1993-04-20 12:00:00,2.0307,0.0
1993-04-21 12:00:00,2.0305,0.0
1993-04-22 12:00:00,1.8937000000000002,0.0
1993-04-23 12:00:00,1.862,0.0
1993-04-24 12:00:00,1.8504,0.0
1993-04-25 12:00:00,1.8409,0.0
1993-04-26 12:00:00,1.9680000000000002,0.0
1993-04-27 12:00:00,1.8864,0.0
1993-04-28 12:00:00,1.8063,0.0
1993-04-29 12:00:00,1.8151000000000002,0.0
1993-04-30 12:00:00,1.8193000000000001,0.0
1993-05-01 12:00:00,1.7631000000000001,0.0
1993-05-02 12:00:00,1.7274,0.0
1993-05-03 12:00:00,1.7826000000000002,0.0
1993-05-04 12:00:00,2.8931,0.0
1993-05-05 12:00:00,2.3218,0.0
1993-05-06 12:00:00,2.0792,0.0
1993-05-07 12:00:00,1.9871,0.0
1993-05-08 12:00:00,1.9113,0.0
1993-05-09 12:00:00,1.8673000000000002,0.0
1993-05-10 12:00:00,1.8988,0.0
1993-05-11 12:00:00,4.1613,0.0
1993-05-12 12:00:00,3.1071,0.0
1993-05-13 12:00:00,2.8516000000000004,0.0
1993-05-14 12:00:00,6.5772,0.0
1993-05-15 12:00:00,9.410400000000001,0.0
1993-05-16 12:00:00,7.8261,0.0
1993-05-17 12:00:00,7.343,0.0
1993-05-18 12:00:00,6.4,0.0
1993-05-19 12:00:00,5.591600000000001,0.0
1993-05-20 12:00:00,4.9038,0.0
1993-05-21 12:00:00,4.5253000000000005,0.0
1993-05-22 12:00:00,4.3261,0.0
1993-05-23 12:00:00,4.1322,0.0
1993-05-24 12:00:00,4.1160000000000005,0.0
1993-05-25 12:00:00,4.6681,0.0
1993-05-26 12:00:00,4.6064,0.0
1993-05-27 12:00:00,4.2252,0.0
1993-05-28 12:00:00,4.0561,0.0
1993-05-29 12:00:00,3.8523,0.0
1993-05-30 12:00:00,3.6612,0.0
1993-05-31 12:00:00,8.196100000000001,0.0
1993-06-01 12:00:00,6.6564000000000005,0.0
1993-06-02 12:00:00,5.8064,0.0
1993-06-03 12:00:00,11.112200000000001,0.0
1993-06-04 12:00:00,9.988900000000001,0.0
1993-06-05 12:00:00,8.296800000000001,0.0
1993-06-06 12:00:00,7.297700000000001,0.0
1993-06-07 12:00:00,7.7119,0.0
1993-06-08 12:00:00,7.4851,0.0
1993-06-09 12:00:00,6.447,0.0
1993-06-10 12:00:00,9.085700000000001,0.0
1993-06-11 12:00:00,9.913,0.0
1993-06-12 12:00:00,20.967000000000002,0.0
1993-06-13 12:00:00,20.3111,0.0
1993-06-14 12:00:00,14.690000000000001,0.0
1993-06-15 12:00:00,11.9993,0.0
1993-06-16 12:00:00,10.036900000000001,0.0
1993-06-17 12:00:00,8.7203,0.0
1993-06-18 12:00:00,8.0812,0.0
1993-06-19 12:00:00,9.210600000000001,0.0
1993-06-20 12:00:00,10.5021,0.0
1993-06-21 12:00:00,16.39,0.0
1993-06-22 12:00:00,12.849400000000001,0.0
1993-06-23 12:00:00,13.6898,0.0
1993-06-24 12:00:00,12.088700000000001,0.0
1993-06-25 12:00:00,10.403400000000001,0.0
1993-06-26 12:00:00,9.2353,0.0
1993-06-27 12:00:00,8.3628,0.0
1993-06-28 12:00:00,7.377800000000001,0.0
1993-06-29 12:00:00,6.819,0.0
1993-06-30 12:00:00,6.4126,0.0
1993-07-01 12:00:00,5.947900000000001,0.0
1993-07-02 12:00:00,5.7362,0.0
1993-07-03 12:00:00,5.391100000000001,0.0
1993-07-04 12:00:00,7.1063,0.0
1993-07-05 12:00:00,8.2986,0.0
1993-07-06 12:00:00,6.3913,0.0
1993-07-07 12:00:00,5.8357,0.0
1993-07-08 12:00:00,5.476500000000001,0.0
1993-07-09 12:00:00,5.2612000000000005,0.0
1993-07-10 12:00:00,5.1761,0.0
1993-07-11 12:00:00,5.3179,0.0
1993-07-12 12:00:00,5.572500000000001,0.0
1993-07-13 12:00:00,5.4057,0.0
1993-07-14 12:00:00,5.3096000000000005,0.0
1993-07-15 12:00:00,5.2477,0.0
1993-07-16 12:00:00,5.1996,0.0
1993-07-17 12:00:00,5.1592,0.0
1993-07-18 12:00:00,6.8062000000000005,0.0
1993-07-19 12:00:00,6.9973,0.0
1993-07-20 12:00:00,6.2544,0.0
1993-07-21 12:00:00,5.8845,0.0
1993-07-22 12:00:00,5.7178,0.0
1993-07-23 12:00:00,5.5676000000000005,0.0
1993-07-24 12:00:00,4.9825,0.0
1993-07-25 12:00:00,4.9209000000000005,0.0
1993-07-26 12:00:00,5.569100000000001,0.0
1993-07-27 12:00:00,5.188000000000001,0.0
1993-07-28 12:00:00,4.8575,0.0
1993-07-29 12:00:00,4.6356,0.0
1993-07-30 12:00:00,4.46,0.0
1993-07-31 12:00:00,4.4054,0.0
1993-08-01 12:00:00,4.9816,0.0
1993-08-02 12:00:00,6.169300000000001,0.0
1993-08-03 12:00:00,5.447,0.0
1993-08-04 12:00:00,5.0373,0.0
1993-08-05 12:00:00,4.8042,0.0
1993-08-06 12:00:00,4.5998,0.0
1993-08-07 12:00:00,4.4888,0.0
1993-08-08 12:00:00,4.3251,0.0
1993-08-09 12:00:00,4.3223,0.0
1993-08-10 12:00:00,4.2478,0.0
1993-08-11 12:00:00,4.1482,0.0
1993-08-12 12:00:00,4.0395,0.0
1993-08-13 12:00:00,8.3771,0.0
1993-08-14 12:00:00,21.6,0.0
1993-08-15 12:00:00,13.705900000000002,0.0
1993-08-16 12:00:00,11.560400000000001,0.0
1993-08-17 12:00:00,10.2775,0.0
1993-08-18 12:00:00,8.8926,0.0
1993-08-19 12:00:00,8.0695,0.0
1993-08-20 12:00:00,7.466200000000001,0.0
1993-08-21 12:00:00,7.0514,0.0
1993-08-22 12:00:00,6.6421,0.0
1993-08-23 12:00:00,6.2167,0.0
1993-08-24 12:00:00,5.8388,0.0
1993-08-25 12:00:00,5.5308,0.0
1993-08-26 12:00:00,5.6686000000000005,0.0
1993-08-27 12:00:00,5.3851,0.0
1993-08-28 12:00:00,5.1506,0.0
1993-08-29 12:00:00,5.1303,0.0
1993-08-30 12:00:00,5.0763,0.0
1993-08-31 12:00:00,4.9388000000000005,0.0
1993-09-01 12:00:00,4.832800000000001,0.0
1993-09-02 12:00:00,6.529,0.0
1993-09-03 12:00:00,8.5037,0.0
1993-09-04 12:00:00,8.1234,0.0
1993-09-05 12:00:00,7.2629,0.0
1993-09-06 12:00:00,7.0692,0.0
1993-09-07 12:00:00,7.103400000000001,0.0
1993-09-08 12:00:00,7.1629000000000005,0.0
1993-09-09 12:00:00,7.1063,0.0
1993-09-10 12:00:00,7.844,0.0
1993-09-11 12:00:00,8.871500000000001,0.0
1993-09-12 12:00:00,9.1289,0.0
1993-09-13 12:00:00,8.6202,0.0
1993-09-14 12:00:00,8.052200000000001,0.0
1993-09-15 12:00:00,7.656700000000001,0.0
1993-09-16 12:00:00,7.336200000000001,0.0
1993-09-17 12:00:00,6.9663,0.0
1993-09-18 12:00:00,6.5802000000000005,0.0
1993-09-19 12:00:00,6.2576,0.0
1993-09-20 12:00:00,6.0442,0.0
1993-09-21 12:00:00,6.057,0.0
1993-09-22 12:00:00,6.4684,0.0
1993-09-23 12:00:00,7.7361,0.0
1993-09-24 12:00:00,8.4321,0.0
1993-09-25 12:00:00,9.0906,0.0
1993-09-26 12:00:00,9.2661,0.0
1993-09-27 12:00:00,8.843,0.0
1993-09-28 12:00:00,8.4848,0.0
1993-09-29 12:00:00,8.565800000000001,0.0
1993-09-30 12:00:00,9.072000000000001,0.0
1993-10-01 12:00:00,9.4135,0.0
1993-10-02 12:00:00,9.816,0.0
1993-10-03 12:00:00,9.3238,0.0
1993-10-04 12:00:00,17.405,0.0
1993-10-05 12:00:00,16.5626,0.0
1993-10-06 12:00:00,12.2943,0.0
1993-10-07 12:00:00,10.3727,0.0
1993-10-08 12:00:00,8.940800000000001,0.0
1993-10-09 12:00:00,9.7147,0.0
1993-10-10 12:00:00,18.6695,0.0
1993-10-11 12:00:00,13.0958,0.0
1993-10-12 12:00:00,11.6302,0.0
1993-10-13 12:00:00,10.5745,0.0
1993-10-14 12:00:00,9.6272,0.0
1993-10-15 12:00:00,8.842600000000001,0.0
1993-10-16 12:00:00,8.0669,0.0
1993-10-17 12:00:00,7.6374,0.0
1993-10-18 12:00:00,7.5760000000000005,0.0
1993-10-19 12:00:00,8.389800000000001,0.0
1993-10-20 12:00:00,8.1385,0.0
1993-10-21 12:00:00,7.228400000000001,0.0
1993-10-22 12:00:00,6.625100000000001,0.0
1993-10-23 12:00:00,6.2126,0.0
1993-10-24 12:00:00,5.8825,0.0
1993-10-25 12:00:00,5.6206000000000005,0.0
1993-10-26 12:00:00,5.4557,0.0
1993-10-27 12:00:00,5.1828,0.0
1993-10-28 12:00:00,4.9673,0.0
1993-10-29 12:00:00,4.865600000000001,0.0
1993-10-30 12:00:00,7.0406,0.0
1993-10-31 12:00:00,6.5658,0.0
1993-11-01 12:00:00,5.7309,0.0
1993-11-02 12:00:00,5.3156,0.0
1993-11-03 12:00:00,4.9837,0.0
1993-11-04 12:00:00,4.8623,0.0
1993-11-05 12:00:00,4.7556,0.0
1993-11-06 12:00:00,4.9059,0.0
1993-11-07 12:00:00,4.5951,0.0
1993-11-08 12:00:00,4.3583,0.0
1993-11-09 12:00:00,4.2545,0.0
1993-11-10 12:00:00,4.224600000000001,0.0
1993-11-11 12:00:00,4.1699,0.0
1993-11-12 12:00:00,3.8915,0.0
1993-11-13 12:00:00,3.7684,0.0
1993-11-14 12:00:00,3.728,0.0
1993-11-15 12:00:00,3.7695000000000003,0.0
1993-11-16 12:00:00,3.5708,0.0
1993-11-17 12:00:00,3.411,0.0
1993-11-18 12:00:00,3.3781000000000003,0.0
1993-11-19 12:00:00,3.4973,0.0
1993-11-20 12:00:00,4.2465,0.0
1993-11-21 12:00:00,3.9076000000000004,0.0
1993-11-22 12:00:00,3.7917,0.0
1993-11-23 12:00:00,3.6075000000000004,0.0
1993-11-24 12:00:00,3.9309000000000003,0.0
1993-11-25 12:00:00,4.833600000000001,0.0
1993-11-26 12:00:00,4.0669,0.0
1993-11-27 12:00:00,3.6545,0.0
1993-11-28 12:00:00,3.7546000000000004,0.0
1993-11-29 12:00:00,3.4615,0.0
1993-11-30 12:00:00,3.5703,0.0
1993-12-01 12:00:00,3.3105,0.0
1993-12-02 12:00:00,3.7604,0.0
1993-12-03 12:00:00,3.6106000000000003,0.0
1993-12-04 12:00:00,3.1935000000000002,0.0
1993-12-05 12:00:00,3.5079000000000002,0.0
1993-12-06 12:00:00,3.3047,0.0
1993-12-07 12:00:00,3.229,0.0
1993-12-08 12:00:00,3.12,0.0
1993-12-09 12:00:00,2.8564000000000003,0.0
1993-12-10 12:00:00,2.7266,0.0
1993-12-11 12:00:00,2.595,0.0
1993-12-12 12:00:00,2.547,0.0
1993-12-13 12:00:00,2.6065,0.0
1993-12-14 12:00:00,2.5392,0.0
1993-12-15 12:00:00,2.4796,0.0
1993-12-16 12:00:00,2.8224,0.0
1993-12-17 12:00:00,4.0994,0.0
1993-12-18 12:00:00,6.0943000000000005,0.0
1993-12-19 12:00:00,4.337000000000001,0.0
1993-12-20 12:00:00,4.0814,0.0
1993-12-21 12:00:00,8.396700000000001,0.0
1993-12-22 12:00:00,14.1797,0.0
1993-12-23 12:00:00,10.902600000000001,0.0
1993-12-24 12:00:00,8.1389,0.0
1993-12-25 12:00:00,6.7087,0.0
1993-12-26 12:00:00,5.8495,0.0
1993-12-27 12:00:00,5.4009,0.0
1993-12-28 12:00:00,5.6949000000000005,0.0
1993-12-29 12:00:00,5.3003,0.0
1993-12-30 12:00:00,6.329400000000001,0.0
1993-12-31 12:00:00,5.6008000000000004,0.0
1994-01-01 12:00:00,5.2372000000000005,0.0
1994-01-02 12:00:00,4.7941,0.0
1994-01-03 12:00:00,4.4757,0.0
1994-01-04 12:00:00,16.4891,0.0
1994-01-05 12:00:00,12.507200000000001,0.0
1994-01-06 12:00:00,9.4974,0.0
1994-01-07 12:00:00,8.7216,0.0
1994-01-08 12:00:00,105.2865,0.0
1994-01-09 12:00:00,98.4978,0.0
1994-01-10 12:00:00,45.0751,0.0
1994-01-11 12:00:00,28.1341,0.0
1994-01-12 12:00:00,21.1157,0.0
1994-01-13 12:00:00,16.562,0.0
1994-01-14 12:00:00,22.5606,0.0
1994-01-15 12:00:00,17.397000000000002,0.0
1994-01-16 12:00:00,13.468100000000002,0.0
1994-01-17 12:00:00,11.4715,0.0
1994-01-18 12:00:00,10.4285,0.0
1994-01-19 12:00:00,10.0206,0.0
1994-01-20 12:00:00,10.1165,0.0
1994-01-21 12:00:00,10.5029,0.0
1994-01-22 12:00:00,10.9539,0.0
1994-01-23 12:00:00,21.2147,0.0
1994-01-24 12:00:00,22.7726,0.0
1994-01-25 12:00:00,20.715,0.0
1994-01-26 12:00:00,15.184600000000001,0.0
1994-01-27 12:00:00,12.6865,0.0
1994-01-28 12:00:00,11.6678,0.0
1994-01-29 12:00:00,9.9727,0.0
1994-01-30 12:00:00,8.5656,0.0
1994-01-31 12:00:00,7.5612,0.0
1994-02-01 12:00:00,6.6836,0.0
1994-02-02 12:00:00,6.338100000000001,0.0
1994-02-03 12:00:00,5.8784,0.0
1994-02-04 12:00:00,5.4714,0.0
1994-02-05 12:00:00,5.1121,0.0
1994-02-06 12:00:00,4.8202,0.0
1994-02-07 12:00:00,4.539000000000001,0.0
1994-02-08 12:00:00,4.410200000000001,0.0
1994-02-09 12:00:00,4.378,0.0
1994-02-10 12:00:00,4.2453,0.0
1994-02-11 12:00:00,3.9924000000000004,0.0
1994-02-12 12:00:00,3.9126000000000003,0.0
1994-02-13 12:00:00,3.6784000000000003,0.0
1994-02-14 12:00:00,3.5587,0.0
1994-02-15 12:00:00,3.4722,0.0
1994-02-16 12:00:00,3.3633,0.0
1994-02-17 12:00:00,3.306,0.0
1994-02-18 12:00:00,4.4843,0.0
1994-02-19 12:00:00,12.058900000000001,0.0
1994-02-20 12:00:00,11.8846,0.0
1994-02-21 12:00:00,8.6201,0.0
1994-02-22 12:00:00,7.2883000000000004,0.0
1994-02-23 12:00:00,6.7408,0.0
1994-02-24 12:00:00,6.192,0.0
1994-02-25 12:00:00,5.613700000000001,0.0
1994-02-26 12:00:00,5.2312,0.0
1994-02-27 12:00:00,4.9385,0.0
1994-02-28 12:00:00,4.9337,0.0
1994-03-01 12:00:00,5.562200000000001,0.0
1994-03-02 12:00:00,4.5972,0.0
1994-03-03 12:00:00,4.2431,0.0
1994-03-04 12:00:00,4.0904,0.0
1994-03-05 12:00:00,4.268800000000001,0.0
1994-03-06 12:00:00,4.3319,0.0
1994-03-07 12:00:00,4.0327,0.0
1994-03-08 12:00:00,3.8763,0.0
1994-03-09 12:00:00,3.7270000000000003,0.0
1994-03-10 12:00:00,3.6654,0.0
1994-03-11 12:00:00,3.5989,0.0
1994-03-12 12:00:00,3.5620000000000003,0.0
1994-03-13 12:00:00,4.0438,0.0
1994-03-14 12:00:00,4.6584,0.0
1994-03-15 12:00:00,5.9791,0.0
1994-03-16 12:00:00,5.0016,0.0
1994-03-17 12:00:00,6.5204,0.0
1994-03-18 12:00:00,23.1642,0.0
1994-03-19 12:00:00,19.3717,0.0
1994-03-20 12:00:00,13.2757,0.0
1994-03-21 12:00:00,9.9562,0.0
1994-03-22 12:00:00,8.8271,0.0
1994-03-23 12:00:00,8.6471,0.0
1994-03-24 12:00:00,8.1486,0.0
1994-03-25 12:00:00,7.933800000000001,0.0
1994-03-26 12:00:00,7.7161,0.0
1994-03-27 12:00:00,7.490200000000001,0.0
1994-03-28 12:00:00,7.1705000000000005,0.0
1994-03-29 12:00:00,6.9358,0.0
1994-03-30 12:00:00,6.691800000000001,0.0
1994-03-31 12:00:00,6.3952,0.0
1994-04-01 12:00:00,6.070200000000001,0.0
1994-04-02 12:00:00,5.9854,0.0
1994-04-03 12:00:00,6.341,0.0
1994-04-04 12:00:00,5.7977,0.0
1994-04-05 12:00:00,5.4516,0.0
1994-04-06 12:00:00,5.1643,0.0
1994-04-07 12:00:00,4.9343,0.0
1994-04-08 12:00:00,4.7396,0.0
1994-04-09 12:00:00,4.6048,0.0
1994-04-10 12:00:00,4.4670000000000005,0.0
1994-04-11 12:00:00,4.3352,0.0
1994-04-12 12:00:00,4.1877,0.0
1994-04-13 12:00:00,3.9570000000000003,0.0
1994-04-14 12:00:00,3.8186,0.0
1994-04-15 12:00:00,3.7552000000000003,0.0
1994-04-16 12:00:00,3.6982000000000004,0.0
1994-04-17 12:00:00,3.644,0.0
1994-04-18 12:00:00,4.9670000000000005,0.0
1994-04-19 12:00:00,7.4657,0.0
1994-04-20 12:00:00,7.4522,0.0
1994-04-21 12:00:00,5.314,0.0
1994-04-22 12:00:00,5.0111,0.0
1994-04-23 12:00:00,4.7558,0.0
1994-04-24 12:00:00,4.628,0.0
1994-04-25 12:00:00,4.5033,0.0
1994-04-26 12:00:00,4.3746,0.0
1994-04-27 12:00:00,4.2898000000000005,0.0
1994-04-28 12:00:00,4.1965,0.0
1994-04-29 12:00:00,4.0722000000000005,0.0
1994-04-30 12:00:00,3.9621000000000004,0.0
1994-05-01 12:00:00,3.8904,0.0
1994-05-02 12:00:00,3.858,0.0
1994-05-03 12:00:00,3.9159,0.0
1994-05-04 12:00:00,3.797,0.0
1994-05-05 12:00:00,3.6741,0.0
1994-05-06 12:00:00,3.5872,0.0
1994-05-07 12:00:00,3.5354,0.0
1994-05-08 12:00:00,3.5010000000000003,0.0
1994-05-09 12:00:00,3.4668,0.0
1994-05-11 12:00:00,3.5178000000000003,0.0
1994-05-12 12:00:00,3.7685,0.0
1994-05-13 12:00:00,3.6176000000000004,0.0
1994-05-14 12:00:00,3.5096000000000003,0.0
1994-05-15 12:00:00,3.5909,0.0
1994-05-16 12:00:00,3.6045000000000003,0.0
1994-05-17 12:00:00,3.5010000000000003,0.0
1994-05-18 12:00:00,6.351100000000001,0.0
1994-05-19 12:00:00,7.452500000000001,0.0
1994-05-20 12:00:00,6.5811,0.0
1994-05-21 12:00:00,6.0429,0.0
1994-05-22 12:00:00,5.6102,0.0
1994-05-23 12:00:00,5.518000000000001,0.0
1994-05-24 12:00:00,5.394900000000001,0.0
1994-05-25 12:00:00,5.2117,0.0
1994-05-26 12:00:00,5.4364,0.0
1994-05-27 12:00:00,6.7846,0.0
1994-05-28 12:00:00,11.1896,0.0
1994-05-29 12:00:00,16.7709,0.0
1994-05-30 12:00:00,14.115,0.0
1994-05-31 12:00:00,11.983400000000001,0.0
1994-06-01 12:00:00,9.9738,0.0
1994-06-02 12:00:00,9.573400000000001,0.0
1994-06-03 12:00:00,8.2797,0.0
1994-06-04 12:00:00,7.7504,0.0
1994-06-05 12:00:00,7.227600000000001,0.0
1994-06-06 12:00:00,6.8834,0.0
1994-06-07 12:00:00,6.6915000000000004,0.0
1994-06-08 12:00:00,6.5122,0.0
1994-06-09 12:00:00,6.334300000000001,0.0
1994-06-10 12:00:00,6.288,0.0
1994-06-11 12:00:00,6.1584,0.0
1994-06-12 12:00:00,5.9467,0.0
1994-06-13 12:00:00,5.6359,0.0
1994-06-14 12:00:00,5.2975,0.0
1994-06-15 12:00:00,5.1208,0.0
1994-06-16 12:00:00,5.018000000000001,0.0
1994-06-17 12:00:00,4.9007000000000005,0.0
1994-06-18 12:00:00,5.8609,0.0
1994-06-19 12:00:00,5.4448,0.0
1994-06-20 12:00:00,5.1124,0.0
1994-06-21 12:00:00,4.925,0.0
1994-06-22 12:00:00,4.7728,0.0
1994-06-23 12:00:00,4.7584,0.0
1994-06-24 12:00:00,15.276000000000002,0.0
1994-06-25 12:00:00,17.2138,0.0
1994-06-26 12:00:00,14.7803,0.0
1994-06-27 12:00:00,12.6277,0.0
1994-06-28 12:00:00,11.103900000000001,0.0
1994-06-29 12:00:00,9.4989,0.0
1994-06-30 12:00:00,9.594100000000001,0.0
1994-07-01 12:00:00,10.1601,0.0
1994-07-06 12:00:00,21.127200000000002,0.0
1994-07-07 12:00:00,24.1184,0.0
1994-07-08 12:00:00,19.532,0.0
1994-07-09 12:00:00,17.265,0.0
1994-07-10 12:00:00,15.5768,0.0
1994-07-11 12:00:00,13.4405,0.0
1994-07-12 12:00:00,11.7044,0.0
1994-07-13 12:00:00,10.5378,0.0
1994-07-14 12:00:00,9.7626,0.0
1994-07-15 12:00:00,9.358,0.0
1994-07-16 12:00:00,13.3032,0.0
1994-07-17 12:00:00,10.7169,0.0
1994-07-18 12:00:00,9.8065,0.0
1994-07-19 12:00:00,9.132200000000001,0.0
1994-07-20 12:00:00,8.5909,0.0
1994-07-21 12:00:00,12.302200000000001,0.0
1994-07-22 12:00:00,11.4601,0.0
1994-07-23 12:00:00,10.305900000000001,0.0
1994-07-24 12:00:00,9.5595,0.0
1994-07-25 12:00:00,9.7292,0.0
1994-07-26 12:00:00,11.226700000000001,0.0
1994-07-27 12:00:00,13.6684,0.0
1994-07-28 12:00:00,13.2416,0.0
1994-07-29 12:00:00,12.1004,0.0
1994-07-30 12:00:00,11.2566,0.0
1994-07-31 12:00:00,10.6449,0.0
1994-08-01 12:00:00,10.2301,0.0
1994-08-02 12:00:00,11.611600000000001,0.0
1994-08-03 12:00:00,11.9664,0.0
1994-08-04 12:00:00,10.8764,0.0
1994-08-05 12:00:00,10.201500000000001,0.0
1994-08-06 12:00:00,9.6701,0.0
1994-08-07 12:00:00,10.395800000000001,0.0
1994-08-08 12:00:00,10.5008,0.0
1994-08-09 12:00:00,9.486,0.0
1994-08-10 12:00:00,8.930900000000001,0.0
1994-08-11 12:00:00,8.544500000000001,0.0
1994-08-12 12:00:00,9.552900000000001,0.0
1994-08-13 12:00:00,43.686,0.0
1994-08-14 12:00:00,28.2145,0.0
1994-08-15 12:00:00,20.1675,0.0
1994-08-16 12:00:00,16.557000000000002,0.0
1994-08-17 12:00:00,15.1378,0.0
1994-08-18 12:00:00,13.297,0.0
1994-08-19 12:00:00,12.147,0.0
1994-08-20 12:00:00,11.3551,0.0
1994-08-21 12:00:00,10.675500000000001,0.0
1994-08-22 12:00:00,10.1277,0.0
1994-08-23 12:00:00,9.870000000000001,0.0
1994-08-24 12:00:00,9.7912,0.0
1994-08-25 12:00:00,9.359,0.0
1994-08-26 12:00:00,8.8721,0.0
1994-08-27 12:00:00,9.4368,0.0
1994-08-28 12:00:00,12.6373,0.0
1994-08-29 12:00:00,13.3392,0.0
1994-08-30 12:00:00,10.9898,0.0
1994-08-31 12:00:00,9.7689,0.0
1994-09-01 12:00:00,9.1366,0.0
1994-09-02 12:00:00,8.353900000000001,0.0
1994-09-03 12:00:00,7.9158,0.0
1994-09-04 12:00:00,7.6131,0.0
1994-09-05 12:00:00,7.4962,0.0
1994-09-06 12:00:00,15.3252,0.0
1994-09-07 12:00:00,14.104000000000001,0.0
1994-09-08 12:00:00,12.3427,0.0
1994-09-09 12:00:00,11.363000000000001,0.0
1994-09-10 12:00:00,10.8276,0.0
1994-09-11 12:00:00,10.2314,0.0
1994-09-12 12:00:00,9.678,0.0
1994-09-13 12:00:00,9.488900000000001,0.0
1994-09-14 12:00:00,9.3343,0.0
1994-09-15 12:00:00,9.4689,0.0
1994-09-16 12:00:00,10.438600000000001,0.0
1994-09-17 12:00:00,10.749500000000001,0.0
1994-09-18 12:00:00,13.610800000000001,0.0
1994-09-19 12:00:00,16.003800000000002,0.0
1994-09-20 12:00:00,15.830300000000001,0.0
1994-09-21 12:00:00,16.5806,0.0
1994-09-22 12:00:00,15.6341,0.0
1994-09-23 12:00:00,15.786800000000001,0.0
1994-09-24 12:00:00,17.223200000000002,0.0
1994-09-25 12:00:00,17.6082,0.0
1994-09-26 12:00:00,17.4172,0.0
1994-09-27 12:00:00,16.8732,0.0
1994-09-28 12:00:00,16.6964,0.0
1994-09-29 12:00:00,15.218300000000001,0.0
1994-09-30 12:00:00,13.8827,0.0
1994-10-01 12:00:00,13.1312,0.0
1994-10-02 12:00:00,12.488100000000001,0.0
1994-10-03 12:00:00,12.1437,0.0
1994-10-04 12:00:00,11.8816,0.0
1994-10-05 12:00:00,11.6742,0.0
1994-10-06 12:00:00,11.4997,0.0
1994-10-07 12:00:00,11.5067,0.0
1994-10-08 12:00:00,12.2489,0.0
1994-10-09 12:00:00,12.2337,0.0
1994-10-10 12:00:00,11.4163,0.0
1994-10-11 12:00:00,11.6758,0.0
1994-10-12 12:00:00,10.5388,0.0
1994-10-13 12:00:00,9.8727,0.0
1994-10-14 12:00:00,9.4412,0.0
1994-10-15 12:00:00,9.045200000000001,0.0
1994-10-16 12:00:00,8.9166,0.0
1994-10-17 12:00:00,9.0303,0.0
1994-10-18 12:00:00,9.3706,0.0
1994-10-19 12:00:00,8.927800000000001,0.0
1994-10-20 12:00:00,8.4148,0.0
1994-10-21 12:00:00,7.992900000000001,0.0
1994-10-22 12:00:00,8.040700000000001,0.0
1994-10-23 12:00:00,8.3681,0.0
1994-10-24 12:00:00,8.537,0.0
1994-10-25 12:00:00,8.648200000000001,0.0
1994-10-26 12:00:00,9.089400000000001,0.0
1994-10-27 12:00:00,9.5852,0.0
1994-10-28 12:00:00,10.620700000000001,0.0
1994-10-29 12:00:00,11.6529,0.0
1994-10-30 12:00:00,9.6706,0.0
1994-10-31 12:00:00,8.675600000000001,0.0
1994-11-01 12:00:00,8.2224,0.0
1994-11-02 12:00:00,8.1781,0.0
1994-11-03 12:00:00,8.291400000000001,0.0
1994-11-04 12:00:00,8.5481,0.0
1994-11-05 12:00:00,12.529300000000001,0.0
1994-11-06 12:00:00,34.7241,0.0
1994-11-07 12:00:00,41.176500000000004,0.0
1994-11-08 12:00:00,44.2459,0.0
1994-11-09 12:00:00,37.945,0.0
1994-11-10 12:00:00,30.747,0.0
1994-11-11 12:00:00,26.146,0.0
1994-11-12 12:00:00,23.032500000000002,0.0
1994-11-13 12:00:00,20.2637,0.0
1994-11-14 12:00:00,18.215500000000002,0.0
1994-11-15 12:00:00,17.0552,0.0
1994-11-16 12:00:00,14.5425,0.0
1994-11-17 12:00:00,14.079,0.0
1994-11-18 12:00:00,12.7745,0.0
1994-11-19 12:00:00,11.846,0.0
1994-11-20 12:00:00,13.634,0.0
1994-11-21 12:00:00,13.816,0.0
1994-11-22 12:00:00,11.9199,0.0
1994-11-23 12:00:00,10.591700000000001,0.0
1994-11-24 12:00:00,9.4626,0.0
1994-11-25 12:00:00,8.9687,0.0
1994-11-26 12:00:00,8.671800000000001,0.0
1994-11-27 12:00:00,8.6721,0.0
1994-11-28 12:00:00,9.095500000000001,0.0
1994-11-29 12:00:00,8.2112,0.0
1994-11-30 12:00:00,7.8689,0.0
1994-12-01 12:00:00,7.5846,0.0
1994-12-02 12:00:00,6.8836,0.0
1994-12-03 12:00:00,6.269900000000001,0.0
1994-12-04 12:00:00,6.0909,0.0
1994-12-05 12:00:00,5.9656,0.0
1994-12-06 12:00:00,5.5595,0.0
1994-12-07 12:00:00,5.4706,0.0
1994-12-08 12:00:00,6.2049,0.0
1994-12-09 12:00:00,5.915,0.0
1994-12-10 12:00:00,5.145700000000001,0.0
1994-12-11 12:00:00,4.9350000000000005,0.0
1994-12-12 12:00:00,4.7691,0.0
1994-12-13 12:00:00,4.4105,0.0
1994-12-14 12:00:00,4.2756,0.0
1994-12-15 12:00:00,4.2179,0.0
1994-12-16 12:00:00,4.114,0.0
1994-12-17 12:00:00,3.8720000000000003,0.0
1994-12-18 12:00:00,3.7191,0.0
1994-12-19 12:00:00,4.1595,0.0
1994-12-20 12:00:00,4.1895,0.0
1994-12-21 12:00:00,3.5740000000000003,0.0
1994-12-22 12:00:00,3.403,0.0
1994-12-23 12:00:00,3.2834000000000003,0.0
1994-12-24 12:00:00,3.2734,0.0
1994-12-25 12:00:00,3.0987,0.0
1994-12-26 12:00:00,2.9579,0.0
1994-12-27 12:00:00,2.8979,0.0
1994-12-28 12:00:00,2.8360000000000003,0.0
1994-12-29 12:00:00,3.0551,0.0
1994-12-30 12:00:00,3.1571000000000002,0.0
1994-12-31 12:00:00,2.9365,0.0
1995-01-01 12:00:00,3.0516,0.0
1995-01-02 12:00:00,4.3003,0.0
1995-01-03 12:00:00,3.1336,0.0
1995-01-04 12:00:00,2.8062,0.0
1995-01-05 12:00:00,2.7167000000000003,0.0
1995-01-06 12:00:00,2.6,0.0
1995-01-07 12:00:00,4.154100000000001,0.0
1995-01-08 12:00:00,3.426,0.0
1995-01-09 12:00:00,3.6367000000000003,0.0
1995-01-10 12:00:00,3.1359000000000004,0.0
1995-01-11 12:00:00,2.8568000000000002,0.0
1995-01-12 12:00:00,2.6851000000000003,0.0
1995-01-13 12:00:00,2.5704000000000002,0.0
1995-01-14 12:00:00,2.4702,0.0
1995-01-15 12:00:00,2.4408000000000003,0.0
1995-01-16 12:00:00,2.4248000000000003,0.0
1995-01-17 12:00:00,2.3132,0.0
1995-01-18 12:00:00,2.2139,0.0
1995-01-19 12:00:00,2.1736,0.0
1995-01-20 12:00:00,2.1105,0.0
1995-01-21 12:00:00,2.2459000000000002,0.0
1995-01-22 12:00:00,2.7108000000000003,0.0
1995-01-23 12:00:00,2.2451000000000003,0.0
1995-01-24 12:00:00,2.1116,0.0
1995-01-25 12:00:00,2.0118,0.0
1995-01-26 12:00:00,2.0225,0.0
1995-01-27 12:00:00,1.9306,0.0
1995-01-28 12:00:00,1.8579,0.0
1995-01-29 12:00:00,1.7997,0.0
1995-01-30 12:00:00,1.7337,0.0
1995-01-31 12:00:00,1.8164,0.0
1995-02-01 12:00:00,1.9257000000000002,0.0
1995-02-02 12:00:00,2.3209,0.0
1995-02-03 12:00:00,2.0542000000000002,0.0
1995-02-04 12:00:00,2.0865,0.0
1995-02-05 12:00:00,1.9529,0.0
1995-02-06 12:00:00,1.7739,0.0
1995-02-07 12:00:00,2.0796,0.0
1995-02-08 12:00:00,1.7679,0.0
1995-02-09 12:00:00,1.6343,0.0
1995-02-10 12:00:00,1.6002,0.0
1995-02-11 12:00:00,1.5336,0.0
1995-02-12 12:00:00,1.4795,0.0
1995-02-13 12:00:00,1.4212,0.0
1995-02-14 12:00:00,1.3444,0.0
1995-02-15 12:00:00,1.3128,0.0
1995-02-16 12:00:00,1.2573,0.0
1995-02-17 12:00:00,1.2414,0.0
1995-02-18 12:00:00,1.2947,0.0
1995-02-19 12:00:00,1.3585,0.0
1995-02-20 12:00:00,1.3323,0.0
1995-02-21 12:00:00,1.2548000000000001,0.0
1995-02-22 12:00:00,1.1938,0.0
1995-02-23 12:00:00,1.2158,0.0
1995-02-24 12:00:00,1.2432,0.0
1995-02-25 12:00:00,1.1377000000000002,0.0
1995-02-26 12:00:00,1.0716,0.0
1995-02-27 12:00:00,1.2236,0.0
1995-02-28 12:00:00,1.2563,0.0
1995-03-01 12:00:00,1.1992,0.0
1995-03-02 12:00:00,1.1682000000000001,0.0
1995-03-03 12:00:00,1.1325,0.0
1995-03-04 12:00:00,1.0911,0.0
1995-03-05 12:00:00,1.0077,0.0
1995-03-06 12:00:00,0.9969,0.0
1995-03-07 12:00:00,1.0141,0.0
1995-03-08 12:00:00,1.0121,0.0
1995-03-09 12:00:00,1.3914,0.0
1995-03-10 12:00:00,2.0571,0.0
1995-03-11 12:00:00,1.4157,0.0
1995-03-12 12:00:00,1.2906,0.0
1995-03-13 12:00:00,1.4364000000000001,0.0
1995-03-14 12:00:00,1.3952,0.0
1995-03-15 12:00:00,1.3734000000000002,0.0
1995-03-16 12:00:00,1.4012,0.0
1995-03-17 12:00:00,1.3190000000000002,0.0
1995-03-18 12:00:00,7.7587,0.0
1995-03-19 12:00:00,3.5207,0.0
1995-03-20 12:00:00,5.7889,0.0
1995-03-21 12:00:00,3.5292000000000003,0.0
1995-03-22 12:00:00,3.0148,0.0
1995-03-23 12:00:00,2.6904000000000003,0.0
1995-03-24 12:00:00,6.4585,0.0
1995-03-25 12:00:00,17.7312,0.0
1995-03-26 12:00:00,6.9777000000000005,0.0
1995-03-27 12:00:00,4.7658000000000005,0.0
1995-03-28 12:00:00,3.8979000000000004,0.0
1995-03-29 12:00:00,3.4533,0.0
1995-03-30 12:00:00,3.0737,0.0
1995-03-31 12:00:00,2.9779,0.0
1995-04-01 12:00:00,2.9379,0.0
1995-04-02 12:00:00,2.6641,0.0
1995-04-03 12:00:00,2.5053,0.0
1995-04-04 12:00:00,2.5155000000000003,0.0
1995-04-05 12:00:00,2.6023,0.0
1995-04-06 12:00:00,2.7562,0.0
1995-04-07 12:00:00,3.9234,0.0
1995-04-08 12:00:00,3.6949,0.0
1995-04-09 12:00:00,4.420100000000001,0.0
1995-04-10 12:00:00,4.889600000000001,0.0
1995-04-11 12:00:00,4.208,0.0
1995-04-12 12:00:00,3.7052,0.0
1995-04-13 12:00:00,3.3428,0.0
1995-04-14 12:00:00,3.1164,0.0
1995-04-15 12:00:00,2.9442,0.0
1995-04-16 12:00:00,2.8073,0.0
1995-04-17 12:00:00,2.7203,0.0
1995-04-18 12:00:00,2.7166,0.0
1995-04-19 12:00:00,3.3823000000000003,0.0
1995-04-20 12:00:00,3.2353,0.0
1995-04-21 12:00:00,2.8212,0.0
1995-04-22 12:00:00,2.6931000000000003,0.0
1995-04-23 12:00:00,2.6264000000000003,0.0
1995-04-24 12:00:00,2.6478,0.0
1995-04-25 12:00:00,2.6301,0.0
1995-04-26 12:00:00,2.5497,0.0
1995-04-27 12:00:00,2.4655,0.0
1995-04-28 12:00:00,2.3905000000000003,0.0
1995-04-29 12:00:00,2.3554,0.0
1995-04-30 12:00:00,2.303,0.0
1995-05-01 12:00:00,2.2595,0.0
1995-05-02 12:00:00,2.2248,0.0
1995-05-03 12:00:00,2.2006,0.0
1995-05-04 12:00:00,2.2806,0.0
1995-05-05 12:00:00,2.2856,0.0
1995-05-06 12:00:00,2.2075,0.0
1995-05-07 12:00:00,2.1471,0.0
1995-05-08 12:00:00,2.0998,0.0
1995-05-09 12:00:00,2.0529,0.0
1995-05-11 12:00:00,2.202,0.0
1995-05-12 12:00:00,2.1181,0.0
1995-05-13 12:00:00,2.0068,0.0
1995-05-14 12:00:00,2.0308,0.0
1995-05-15 12:00:00,3.0879000000000003,0.0
1995-05-16 12:00:00,3.0186,0.0
1995-05-17 12:00:00,2.9193000000000002,0.0
1995-05-18 12:00:00,2.6891000000000003,0.0
1995-05-19 12:00:00,2.5867,0.0
1995-05-20 12:00:00,2.5134000000000003,0.0
1995-05-21 12:00:00,2.4538,0.0
1995-05-22 12:00:00,2.4141,0.0
1995-05-23 12:00:00,2.3413,0.0
1995-05-24 12:00:00,2.3429,0.0
1995-05-25 12:00:00,2.3253,0.0
1995-05-26 12:00:00,2.7896,0.0
1995-05-27 12:00:00,3.1425,0.0
1995-05-28 12:00:00,3.3035,0.0
1995-05-29 12:00:00,7.495,0.0
1995-05-30 12:00:00,6.5564,0.0
1995-05-31 12:00:00,5.4238,0.0
1995-06-01 12:00:00,5.393800000000001,0.0
1995-06-02 12:00:00,4.7748,0.0
1995-06-03 12:00:00,4.4872000000000005,0.0
1995-06-04 12:00:00,4.2234,0.0
1995-06-05 12:00:00,4.2277000000000005,0.0
1995-06-06 12:00:00,4.1815,0.0
1995-06-07 12:00:00,3.8869000000000002,0.0
1995-06-08 12:00:00,4.8758,0.0
1995-06-09 12:00:00,5.6366000000000005,0.0
1995-06-10 12:00:00,5.2175,0.0
1995-06-11 12:00:00,5.0238000000000005,0.0
1995-06-12 12:00:00,4.9219,0.0
1995-06-13 12:00:00,4.9775,0.0
1995-06-14 12:00:00,5.2849,0.0
1995-06-15 12:00:00,5.734500000000001,0.0
1995-06-16 12:00:00,5.685300000000001,0.0
1995-06-17 12:00:00,5.349,0.0
1995-06-18 12:00:00,5.0129,0.0
1995-06-19 12:00:00,4.6714,0.0
1995-06-20 12:00:00,4.388,0.0
1995-06-21 12:00:00,4.1065000000000005,0.0
1995-06-22 12:00:00,3.6858,0.0
1995-06-23 12:00:00,3.6811000000000003,0.0
1995-06-24 12:00:00,3.5998,0.0
1995-06-25 12:00:00,3.9504,0.0
1995-06-26 12:00:00,3.9098,0.0
1995-06-27 12:00:00,3.6668000000000003,0.0
1995-06-28 12:00:00,3.7241,0.0
1995-06-29 12:00:00,3.7903000000000002,0.0
1995-06-30 12:00:00,3.4755000000000003,0.0
1995-07-01 12:00:00,2.9648000000000003,0.0
1995-07-02 12:00:00,2.8491,0.0
1995-07-03 12:00:00,4.3868,0.0
1995-07-04 12:00:00,4.1938,0.0
1995-07-05 12:00:00,4.6744,0.0
1995-07-06 12:00:00,3.9847,0.0
1995-07-07 12:00:00,3.7912000000000003,0.0
1995-07-08 12:00:00,3.7275,0.0
1995-07-09 12:00:00,3.6836,0.0
1995-07-10 12:00:00,3.4047,0.0
1995-07-11 12:00:00,3.3760000000000003,0.0
1995-07-12 12:00:00,3.4027000000000003,0.0
1995-07-13 12:00:00,3.5973,0.0
1995-07-14 12:00:00,3.7442,0.0
1995-07-15 12:00:00,4.0673,0.0
1995-07-16 12:00:00,3.8579000000000003,0.0
1995-07-17 12:00:00,3.1251,0.0
1995-07-18 12:00:00,4.210100000000001,0.0
1995-07-19 12:00:00,4.135800000000001,0.0
1995-07-20 12:00:00,3.8573000000000004,0.0
1995-07-21 12:00:00,3.7701000000000002,0.0
1995-07-22 12:00:00,3.4477,0.0
1995-07-23 12:00:00,3.628,0.0
1995-07-24 12:00:00,3.1792000000000002,0.0
1995-07-25 12:00:00,3.4711000000000003,0.0
1995-07-26 12:00:00,3.1648,0.0
1995-07-27 12:00:00,3.2039,0.0
1995-07-28 12:00:00,2.6991,0.0
1995-07-29 12:00:00,2.5259,0.0
1995-07-30 12:00:00,2.5786000000000002,0.0
1995-07-31 12:00:00,2.7897000000000003,0.0
1995-08-01 12:00:00,2.7390000000000003,0.0
1995-08-02 12:00:00,3.156,0.0
1995-08-03 12:00:00,2.9330000000000003,0.0
1995-08-04 12:00:00,3.0575,0.0
1995-08-05 12:00:00,2.8877,0.0
1995-08-06 12:00:00,2.6390000000000002,0.0
1995-08-07 12:00:00,2.7481,0.0
1995-08-08 12:00:00,2.9331,0.0
1995-08-09 12:00:00,2.9737,0.0
1995-08-10 12:00:00,2.8052,0.0
1995-08-11 12:00:00,2.8264,0.0
1995-08-12 12:00:00,3.0374000000000003,0.0
1995-08-13 12:00:00,3.2585,0.0
1995-08-14 12:00:00,3.1287000000000003,0.0
1995-08-15 12:00:00,3.1462000000000003,0.0
1995-08-16 12:00:00,9.8324,0.0
1995-08-17 12:00:00,80.4718,0.0
1995-08-18 12:00:00,29.799500000000002,0.0
1995-08-19 12:00:00,18.1244,0.0
1995-08-20 12:00:00,15.6866,0.0
1995-08-21 12:00:00,15.945200000000002,0.0
1995-08-22 12:00:00,12.9616,0.0
1995-08-23 12:00:00,13.797500000000001,0.0
1995-08-24 12:00:00,13.0801,0.0
1995-08-25 12:00:00,11.0793,0.0
1995-08-26 12:00:00,10.027000000000001,0.0
1995-08-27 12:00:00,17.5605,0.0
1995-08-28 12:00:00,16.6293,0.0
1995-08-29 12:00:00,13.164800000000001,0.0
1995-08-30 12:00:00,12.3017,0.0
1995-08-31 12:00:00,15.9787,0.0
1995-09-01 12:00:00,70.4961,0.0
1995-09-02 12:00:00,38.7496,0.0
1995-09-03 12:00:00,26.495800000000003,0.0
1995-09-04 12:00:00,27.6991,0.0
1995-09-05 12:00:00,55.7561,0.0
1995-09-06 12:00:00,49.343500000000006,0.0
1995-09-07 12:00:00,33.9791,0.0
1995-09-08 12:00:00,26.734,0.0
1995-09-09 12:00:00,23.0299,0.0
1995-09-10 12:00:00,20.9588,0.0
1995-09-11 12:00:00,19.8583,0.0
1995-09-12 12:00:00,21.8307,0.0
1995-09-13 12:00:00,23.988400000000002,0.0
1995-09-14 12:00:00,35.8036,0.0
1995-09-15 12:00:00,49.7457,0.0
1995-09-16 12:00:00,34.1747,0.0
1995-09-17 12:00:00,26.5716,0.0
1995-09-18 12:00:00,21.5247,0.0
1995-09-19 12:00:00,18.2422,0.0
1995-09-20 12:00:00,16.5227,0.0
1995-09-21 12:00:00,32.0488,0.0
1995-09-22 12:00:00,28.5869,0.0
1995-09-23 12:00:00,23.8016,0.0
1995-09-24 12:00:00,25.0456,0.0
1995-09-25 12:00:00,22.3057,0.0
1995-09-26 12:00:00,22.7895,0.0
1995-09-27 12:00:00,29.013900000000003,0.0
1995-09-28 12:00:00,45.6428,0.0
1995-09-29 12:00:00,37.9476,0.0
1995-09-30 12:00:00,31.013900000000003,0.0
1995-10-01 12:00:00,25.4787,0.0
1995-10-02 12:00:00,22.3,0.0
1995-10-03 12:00:00,21.4937,0.0
1995-10-04 12:00:00,23.4326,0.0
1995-10-05 12:00:00,23.535700000000002,0.0
1995-10-06 12:00:00,20.810100000000002,0.0
1995-10-07 12:00:00,18.5063,0.0
1995-10-08 12:00:00,19.6319,0.0
1995-10-09 12:00:00,19.5606,0.0
1995-10-10 12:00:00,17.8599,0.0
1995-10-11 12:00:00,23.1673,0.0
1995-10-12 12:00:00,25.4383,0.0
1995-10-13 12:00:00,24.9971,0.0
1995-10-14 12:00:00,26.1841,0.0
1995-10-15 12:00:00,22.3015,0.0
1995-10-16 12:00:00,19.387800000000002,0.0
1995-10-17 12:00:00,17.3714,0.0
1995-10-18 12:00:00,20.1146,0.0
1995-10-19 12:00:00,15.660200000000001,0.0
1995-10-20 12:00:00,18.780900000000003,0.0
1995-10-21 12:00:00,16.3019,0.0
1995-10-22 12:00:00,14.906400000000001,0.0
1995-10-23 12:00:00,13.7451,0.0
1995-10-24 12:00:00,12.614600000000001,0.0
1995-10-25 12:00:00,11.8057,0.0
1995-10-26 12:00:00,11.2398,0.0
1995-10-27 12:00:00,10.661800000000001,0.0
1995-10-28 12:00:00,10.1319,0.0
1995-10-29 12:00:00,9.8141,0.0
1995-10-30 12:00:00,11.8804,0.0
1995-10-31 12:00:00,12.007800000000001,0.0
1995-11-01 12:00:00,10.7077,0.0
1995-11-02 12:00:00,9.716800000000001,0.0
1995-11-03 12:00:00,9.366,0.0
1995-11-04 12:00:00,9.2104,0.0
1995-11-05 12:00:00,8.667200000000001,0.0
1995-11-06 12:00:00,8.0013,0.0
1995-11-07 12:00:00,7.848800000000001,0.0
1995-11-08 12:00:00,9.914,0.0
1995-11-09 12:00:00,9.910400000000001,0.0
1995-11-10 12:00:00,9.042,0.0
1995-11-11 12:00:00,8.347,0.0
1995-11-12 12:00:00,7.5671,0.0
1995-11-13 12:00:00,7.0473,0.0
1995-11-14 12:00:00,6.7366,0.0
1995-11-15 12:00:00,6.4923,0.0
1995-11-16 12:00:00,6.3216,0.0
1995-11-17 12:00:00,6.0712,0.0
1995-11-18 12:00:00,7.777900000000001,0.0
1995-11-19 12:00:00,7.455500000000001,0.0
1995-11-20 12:00:00,6.279,0.0
1995-11-21 12:00:00,5.8453,0.0
1995-11-22 12:00:00,5.5648,0.0
1995-11-23 12:00:00,5.3787,0.0
1995-11-24 12:00:00,5.8573,0.0
1995-11-25 12:00:00,17.3921,0.0
1995-11-26 12:00:00,17.3736,0.0
1995-11-27 12:00:00,13.0882,0.0
1995-11-28 12:00:00,10.8773,0.0
1995-11-29 12:00:00,9.8481,0.0
1995-11-30 12:00:00,9.048300000000001,0.0
1995-12-01 12:00:00,8.8392,0.0
1995-12-02 12:00:00,8.1866,0.0
1995-12-03 12:00:00,7.3753,0.0
1995-12-04 12:00:00,6.8413,0.0
1995-12-05 12:00:00,6.459300000000001,0.0
1995-12-06 12:00:00,6.1193,0.0
1995-12-07 12:00:00,5.902200000000001,0.0
1995-12-08 12:00:00,5.4998000000000005,0.0
1995-12-09 12:00:00,5.198300000000001,0.0
1995-12-10 12:00:00,4.938400000000001,0.0
1995-12-11 12:00:00,15.442400000000001,0.0
1995-12-12 12:00:00,164.2785,0.0
1995-12-15 12:00:00,61.582600000000006,0.0
1995-12-16 12:00:00,57.6118,0.0
1995-12-17 12:00:00,50.3705,0.0
1995-12-18 12:00:00,33.3534,0.0
1995-12-19 12:00:00,20.3111,0.0
1995-12-20 12:00:00,16.7212,0.0
1995-12-21 12:00:00,15.3945,0.0
1995-12-22 12:00:00,13.7337,0.0
1995-12-23 12:00:00,12.735700000000001,0.0
1995-12-24 12:00:00,11.7881,0.0
1995-12-25 12:00:00,11.6028,0.0
1995-12-26 12:00:00,10.2604,0.0
1995-12-27 12:00:00,19.383200000000002,0.0
1995-12-28 12:00:00,24.5821,0.0
1995-12-29 12:00:00,16.8778,0.0
1995-12-30 12:00:00,13.732000000000001,0.0
1995-12-31 12:00:00,12.0318,0.0
1996-01-01 12:00:00,11.0093,0.0
1996-01-02 12:00:00,10.4138,0.0
1996-01-03 12:00:00,10.952,0.0
1996-01-04 12:00:00,11.087900000000001,0.0
1996-01-05 12:00:00,10.554400000000001,0.0
1996-01-06 12:00:00,9.934700000000001,0.0
1996-01-07 12:00:00,9.028500000000001,0.0
1996-01-08 12:00:00,8.5975,0.0
1996-01-09 12:00:00,8.3039,0.0
1996-01-10 12:00:00,8.0455,0.0
1996-01-11 12:00:00,7.9484,0.0
1996-01-12 12:00:00,8.4878,0.0
1996-01-13 12:00:00,10.3347,0.0
1996-01-14 12:00:00,8.4755,0.0
1996-01-15 12:00:00,7.7172,0.0
1996-01-16 12:00:00,7.2793,0.0
1996-01-17 12:00:00,7.0017000000000005,0.0
1996-01-18 12:00:00,6.8053,0.0
1996-01-19 12:00:00,6.5482000000000005,0.0
1996-01-20 12:00:00,6.2940000000000005,0.0
1996-01-21 12:00:00,6.1051,0.0
1996-01-22 12:00:00,6.765700000000001,0.0
1996-01-23 12:00:00,6.9430000000000005,0.0
1996-01-24 12:00:00,6.3261,0.0
1996-01-25 12:00:00,5.8904000000000005,0.0
1996-01-26 12:00:00,5.6239,0.0
1996-01-27 12:00:00,5.4341,0.0
1996-01-28 12:00:00,5.3038,0.0
1996-01-29 12:00:00,5.2174000000000005,0.0
1996-01-30 12:00:00,5.074,0.0
1996-01-31 12:00:00,4.9087000000000005,0.0
1996-02-01 12:00:00,4.7698,0.0
1996-02-02 12:00:00,7.0385,0.0
1996-02-03 12:00:00,10.1906,0.0
1996-02-04 12:00:00,6.897200000000001,0.0
1996-02-05 12:00:00,5.8015,0.0
1996-02-06 12:00:00,5.5133,0.0
1996-02-07 12:00:00,6.394,0.0
1996-02-08 12:00:00,5.9847,0.0
1996-02-09 12:00:00,5.4779,0.0
1996-02-11 12:00:00,5.4779,0.0
1996-02-12 12:00:00,5.304600000000001,0.0
1996-02-13 12:00:00,5.0704,0.0
1996-02-14 12:00:00,4.9351,0.0
1996-02-15 12:00:00,4.801200000000001,0.0
1996-02-16 12:00:00,4.6173,0.0
1996-02-17 12:00:00,4.4576,0.0
1996-02-18 12:00:00,4.4905,0.0
1996-02-19 12:00:00,4.5942,0.0
1996-02-20 12:00:00,4.490600000000001,0.0
1996-02-21 12:00:00,4.3102,0.0
1996-02-22 12:00:00,4.2738000000000005,0.0
1996-02-23 12:00:00,4.3085,0.0
1996-02-24 12:00:00,4.1166,0.0
1996-02-25 12:00:00,4.1308,0.0
1996-02-26 12:00:00,4.0312,0.0
1996-02-27 12:00:00,3.9886000000000004,0.0
1996-02-28 12:00:00,3.9353000000000002,0.0
1996-02-29 12:00:00,3.9557,0.0
1996-03-01 12:00:00,6.6974,0.0
1996-03-02 12:00:00,14.3786,0.0
1996-03-03 12:00:00,8.3267,0.0
1996-03-04 12:00:00,6.5598,0.0
1996-03-05 12:00:00,5.6993,0.0
1996-03-06 12:00:00,5.2452000000000005,0.0
1996-03-07 12:00:00,4.968,0.0
1996-03-08 12:00:00,4.768,0.0
1996-03-09 12:00:00,4.6808000000000005,0.0
1996-03-10 12:00:00,4.415900000000001,0.0
1996-03-11 12:00:00,4.202,0.0
1996-03-12 12:00:00,4.0276000000000005,0.0
1996-03-13 12:00:00,3.8613000000000004,0.0
1996-03-14 12:00:00,5.0208,0.0
1996-03-15 12:00:00,5.185300000000001,0.0
1996-03-16 12:00:00,4.7358,0.0
1996-03-17 12:00:00,4.7283,0.0
1996-03-18 12:00:00,4.8625,0.0
1996-03-19 12:00:00,4.7961,0.0
1996-03-20 12:00:00,4.4042,0.0
1996-03-21 12:00:00,4.3227,0.0
1996-03-22 12:00:00,4.1624,0.0
1996-03-23 12:00:00,4.0177000000000005,0.0
1996-03-24 12:00:00,3.8926000000000003,0.0
1996-03-25 12:00:00,3.8123,0.0
1996-03-26 12:00:00,3.7576,0.0
1996-03-27 12:00:00,3.6672000000000002,0.0
1996-03-28 12:00:00,3.6001000000000003,0.0
1996-03-29 12:00:00,3.5414000000000003,0.0
1996-03-30 12:00:00,3.5025,0.0
1996-03-31 12:00:00,3.4677000000000002,0.0
1996-04-01 12:00:00,3.6814,0.0
1996-04-02 12:00:00,5.8171,0.0
1996-04-03 12:00:00,8.5454,0.0
1996-04-04 12:00:00,8.7347,0.0
1996-04-05 12:00:00,6.897600000000001,0.0
1996-04-06 12:00:00,5.8944,0.0
1996-04-07 12:00:00,5.5878000000000005,0.0
1996-04-08 12:00:00,7.3163,0.0
1996-04-09 12:00:00,7.1584,0.0
1996-04-10 12:00:00,6.2925,0.0
1996-04-11 12:00:00,6.7889,0.0
1996-04-12 12:00:00,6.5365,0.0
1996-04-13 12:00:00,15.4421,0.0
1996-04-14 12:00:00,18.9744,0.0
1996-04-15 12:00:00,14.457500000000001,0.0
1996-04-16 12:00:00,11.9754,0.0
1996-04-17 12:00:00,10.303,0.0
1996-04-18 12:00:00,9.7513,0.0
1996-04-19 12:00:00,9.8826,0.0
1996-04-20 12:00:00,9.1349,0.0
1996-04-21 12:00:00,8.321200000000001,0.0
1996-04-22 12:00:00,7.7777,0.0
1996-04-23 12:00:00,7.2984,0.0
1996-04-24 12:00:00,6.9881,0.0
1996-04-25 12:00:00,6.692900000000001,0.0
1996-04-26 12:00:00,6.3795,0.0
1996-04-27 12:00:00,9.7014,0.0
1996-04-28 12:00:00,22.3228,0.0
1996-04-29 12:00:00,21.843600000000002,0.0
1996-04-30 12:00:00,21.975,0.0
1996-05-01 12:00:00,18.2314,0.0
1996-05-02 12:00:00,16.2714,0.0
1996-05-03 12:00:00,14.607600000000001,0.0
1996-05-04 12:00:00,13.4573,0.0
1996-05-05 12:00:00,12.721400000000001,0.0
1996-05-06 12:00:00,11.984900000000001,0.0
1996-05-07 12:00:00,12.0958,0.0
1996-05-08 12:00:00,11.1585,0.0
1996-05-09 12:00:00,10.210700000000001,0.0
1996-05-10 12:00:00,9.517100000000001,0.0
1996-05-11 12:00:00,11.0698,0.0
1996-05-12 12:00:00,9.6084,0.0
1996-05-13 12:00:00,9.075700000000001,0.0
1996-05-14 12:00:00,8.5915,0.0
1996-05-15 12:00:00,9.2461,0.0
1996-05-16 12:00:00,8.9475,0.0
1996-05-17 12:00:00,8.2467,0.0
1996-05-18 12:00:00,7.8878,0.0
1996-05-19 12:00:00,7.660200000000001,0.0
1996-05-20 12:00:00,7.4836,0.0
1996-05-21 12:00:00,7.5803,0.0
1996-05-22 12:00:00,7.6254,0.0
1996-05-23 12:00:00,7.1888000000000005,0.0
1996-05-24 12:00:00,8.2112,0.0
1996-05-25 12:00:00,8.168000000000001,0.0
1996-05-26 12:00:00,8.327300000000001,0.0
1996-05-27 12:00:00,8.3645,0.0
1996-05-28 12:00:00,8.0946,0.0
1996-05-29 12:00:00,8.1449,0.0
1996-05-30 12:00:00,8.0488,0.0
1996-05-31 12:00:00,8.183200000000001,0.0
1996-06-01 12:00:00,7.2218,0.0
1996-06-02 12:00:00,7.1672,0.0
1996-06-03 12:00:00,8.237300000000001,0.0
1996-06-04 12:00:00,7.8718,0.0
1996-06-05 12:00:00,8.7226,0.0
1996-06-06 12:00:00,8.5212,0.0
1996-06-07 12:00:00,8.5787,0.0
1996-06-08 12:00:00,8.7187,0.0
1996-06-09 12:00:00,9.3655,0.0
1996-06-10 12:00:00,8.7433,0.0
1996-06-11 12:00:00,8.324300000000001,0.0
1996-06-12 12:00:00,8.1724,0.0
1996-06-13 12:00:00,7.9306,0.0
1996-06-14 12:00:00,7.7927,0.0
1996-06-15 12:00:00,8.3148,0.0
1996-06-16 12:00:00,7.618,0.0
1996-06-17 12:00:00,7.185300000000001,0.0
1996-06-18 12:00:00,6.799600000000001,0.0
1996-06-19 12:00:00,6.7454,0.0
1996-06-20 12:00:00,6.668900000000001,0.0
1996-06-21 12:00:00,6.6142,0.0
1996-06-22 12:00:00,6.699400000000001,0.0
1996-06-23 12:00:00,7.381,0.0
1996-06-24 12:00:00,7.1204,0.0
1996-06-25 12:00:00,6.7818000000000005,0.0
1996-06-26 12:00:00,6.491300000000001,0.0
1996-06-27 12:00:00,6.291300000000001,0.0
1996-06-28 12:00:00,6.0436000000000005,0.0
1996-06-29 12:00:00,6.6294,0.0
1996-06-30 12:00:00,6.044700000000001,0.0
1996-07-01 12:00:00,5.7645,0.0
1996-07-02 12:00:00,5.1958,0.0
1996-07-03 12:00:00,4.7361,0.0
1996-07-04 12:00:00,4.7904,0.0
1996-07-05 12:00:00,4.9,0.0
1996-07-06 12:00:00,4.8212,0.0
1996-07-07 12:00:00,4.704400000000001,0.0
1996-07-08 12:00:00,4.7057,0.0
1996-07-09 12:00:00,5.163600000000001,0.0
1996-07-10 12:00:00,5.0415,0.0
1996-07-11 12:00:00,4.7657,0.0
1996-07-12 12:00:00,4.4065,0.0
1996-07-13 12:00:00,4.393400000000001,0.0
1996-07-14 12:00:00,4.4157,0.0
1996-07-15 12:00:00,4.7835,0.0
1996-07-16 12:00:00,4.7347,0.0
1996-07-17 12:00:00,4.7010000000000005,0.0
1996-07-18 12:00:00,4.6889,0.0
1996-07-19 12:00:00,4.5,0.0
1996-07-20 12:00:00,4.3578,0.0
1996-07-21 12:00:00,4.4511,0.0
1996-07-22 12:00:00,4.4463,0.0
1996-07-23 12:00:00,4.3145,0.0
1996-07-24 12:00:00,4.236800000000001,0.0
1996-07-25 12:00:00,4.182,0.0
1996-07-26 12:00:00,4.1045,0.0
1996-07-27 12:00:00,3.9394,0.0
1996-07-28 12:00:00,3.9970000000000003,0.0
1996-07-29 12:00:00,3.9705000000000004,0.0
1996-07-30 12:00:00,3.6941,0.0
1996-07-31 12:00:00,3.6637,0.0
1996-08-01 12:00:00,3.7182000000000004,0.0
1996-08-02 12:00:00,3.9727,0.0
1996-08-03 12:00:00,4.2655,0.0
1996-08-04 12:00:00,5.2868,0.0
1996-08-05 12:00:00,4.8692,0.0
1996-08-06 12:00:00,4.2544,0.0
1996-08-07 12:00:00,4.1234,0.0
1996-08-08 12:00:00,4.095400000000001,0.0
1996-08-09 12:00:00,4.0148,0.0
1996-08-10 12:00:00,3.9616000000000002,0.0
1996-08-11 12:00:00,3.8257000000000003,0.0
1996-08-12 12:00:00,3.8257000000000003,0.0
1996-08-13 12:00:00,3.8569,0.0
1996-08-14 12:00:00,3.9894000000000003,0.0
1996-08-15 12:00:00,4.0158000000000005,0.0
1996-08-16 12:00:00,3.7789,0.0
1996-08-17 12:00:00,3.7009000000000003,0.0
1996-08-18 12:00:00,3.6540000000000004,0.0
1996-08-19 12:00:00,4.3237000000000005,0.0
1996-08-20 12:00:00,4.7823,0.0
1996-08-21 12:00:00,4.5882000000000005,0.0
1996-08-22 12:00:00,4.1367,0.0
1996-08-23 12:00:00,4.2569,0.0
1996-08-24 12:00:00,4.3367,0.0
1996-08-25 12:00:00,4.5665000000000004,0.0
1996-08-26 12:00:00,4.678100000000001,0.0
1996-08-27 12:00:00,4.7647,0.0
1996-08-28 12:00:00,4.613300000000001,0.0
1996-08-29 12:00:00,4.3449,0.0
1996-08-30 12:00:00,4.1717,0.0
1996-08-31 12:00:00,4.2084,0.0
1996-09-01 12:00:00,4.1768,0.0
1996-09-02 12:00:00,4.145700000000001,0.0
1996-09-03 12:00:00,5.5875,0.0
1996-09-04 12:00:00,6.1046000000000005,0.0
1996-09-05 12:00:00,6.3443000000000005,0.0
1996-09-06 12:00:00,6.186,0.0
1996-09-07 12:00:00,5.999700000000001,0.0
1996-09-08 12:00:00,6.0838,0.0
1996-09-09 12:00:00,6.0731,0.0
1996-09-10 12:00:00,5.7007,0.0
1996-09-11 12:00:00,5.357200000000001,0.0
1996-09-12 12:00:00,5.3472,0.0
1996-09-13 12:00:00,6.9549,0.0
1996-09-14 12:00:00,8.8642,0.0
1996-09-15 12:00:00,7.916300000000001,0.0
1996-09-16 12:00:00,7.8749,0.0
1996-09-17 12:00:00,10.3985,0.0
1996-09-18 12:00:00,9.927,0.0
1996-09-19 12:00:00,8.0981,0.0
1996-09-20 12:00:00,7.225300000000001,0.0
1996-09-21 12:00:00,6.7988,0.0
1996-09-22 12:00:00,6.486400000000001,0.0
1996-09-23 12:00:00,6.2648,0.0
1996-09-24 12:00:00,6.272600000000001,0.0
1996-09-25 12:00:00,6.7298,0.0
1996-09-26 12:00:00,6.9576,0.0
1996-09-27 12:00:00,6.835,0.0
1996-09-28 12:00:00,6.1916,0.0
1996-09-29 12:00:00,5.6292,0.0
1996-09-30 12:00:00,8.2622,0.0
1996-10-01 12:00:00,12.5998,0.0
1996-10-02 12:00:00,9.220600000000001,0.0
1996-10-03 12:00:00,7.774100000000001,0.0
1996-10-04 12:00:00,7.0616,0.0
1996-10-05 12:00:00,6.9957,0.0
1996-10-06 12:00:00,33.207,0.0
1996-10-07 12:00:00,27.9724,0.0
1996-10-08 12:00:00,19.9879,0.0
1996-10-09 12:00:00,15.898000000000001,0.0
1996-10-10 12:00:00,13.497100000000001,0.0
1996-10-11 12:00:00,11.961500000000001,0.0
1996-10-12 12:00:00,16.3608,0.0
1996-10-13 12:00:00,13.5419,0.0
1996-10-14 12:00:00,11.951,0.0
1996-10-15 12:00:00,10.7765,0.0
1996-10-16 12:00:00,9.9183,0.0
1996-10-17 12:00:00,9.5654,0.0
1996-10-18 12:00:00,8.8199,0.0
1996-10-19 12:00:00,8.469000000000001,0.0
1996-10-20 12:00:00,8.3973,0.0
1996-10-21 12:00:00,9.035300000000001,0.0
1996-10-22 12:00:00,8.0205,0.0
1996-10-23 12:00:00,7.2271,0.0
1996-10-24 12:00:00,6.729500000000001,0.0
1996-10-25 12:00:00,6.3866000000000005,0.0
1996-10-26 12:00:00,6.146,0.0
1996-10-27 12:00:00,6.8425,0.0
1996-10-28 12:00:00,6.7813,0.0
1996-10-29 12:00:00,5.923500000000001,0.0
1996-10-30 12:00:00,5.9562,0.0
1996-10-31 12:00:00,6.076700000000001,0.0
1996-11-01 12:00:00,5.5986,0.0
1996-11-02 12:00:00,5.3236,0.0
1996-11-03 12:00:00,5.0779000000000005,0.0
1996-11-04 12:00:00,4.8424000000000005,0.0
1996-11-05 12:00:00,4.6696,0.0
1996-11-06 12:00:00,4.529,0.0
1996-11-07 12:00:00,4.462400000000001,0.0
1996-11-08 12:00:00,4.394,0.0
1996-11-09 12:00:00,4.2677000000000005,0.0
1996-11-10 12:00:00,4.258,0.0
1996-11-11 12:00:00,4.5433,0.0
1996-11-12 12:00:00,4.769,0.0
1996-11-13 12:00:00,4.323300000000001,0.0
1996-11-14 12:00:00,3.8673,0.0
1996-11-15 12:00:00,3.972,0.0
1996-11-16 12:00:00,3.9123,0.0
1996-11-17 12:00:00,3.773,0.0
1996-11-18 12:00:00,8.6434,0.0
1996-11-19 12:00:00,9.036,0.0
1996-11-20 12:00:00,6.888,0.0
1996-11-21 12:00:00,5.8171,0.0
1996-11-22 12:00:00,5.2127,0.0
1996-11-23 12:00:00,4.8238,0.0
1996-11-24 12:00:00,4.4811000000000005,0.0
1996-11-25 12:00:00,4.2446,0.0
1996-11-26 12:00:00,5.189,0.0
1996-11-27 12:00:00,4.4708000000000006,0.0
1996-11-28 12:00:00,4.6272,0.0
1996-11-29 12:00:00,4.9962,0.0
1996-11-30 12:00:00,4.2241,0.0
1996-12-01 12:00:00,4.3227,0.0
1996-12-02 12:00:00,4.1793000000000005,0.0
1996-12-03 12:00:00,3.8291000000000004,0.0
1996-12-04 12:00:00,3.8531,0.0
1996-12-05 12:00:00,4.2968,0.0
1996-12-06 12:00:00,3.6574,0.0
1996-12-07 12:00:00,3.4116,0.0
1996-12-08 12:00:00,3.289,0.0
1996-12-09 12:00:00,3.1824000000000003,0.0
1996-12-10 12:00:00,4.3709,0.0
1996-12-11 12:00:00,3.5653,0.0
1996-12-12 12:00:00,3.1664000000000003,0.0
1996-12-13 12:00:00,3.0468,0.0
1996-12-14 12:00:00,3.6589,0.0
1996-12-15 12:00:00,3.4506,0.0
1996-12-16 12:00:00,3.0701,0.0
1996-12-17 12:00:00,5.1029,0.0
1996-12-18 12:00:00,3.4962,0.0
1996-12-19 12:00:00,3.6338000000000004,0.0
1996-12-20 12:00:00,7.7073,0.0
1996-12-21 12:00:00,6.7545,0.0
1996-12-22 12:00:00,5.5612,0.0
1996-12-23 12:00:00,5.4176,0.0
1996-12-24 12:00:00,4.5364,0.0
1996-12-25 12:00:00,4.1382,0.0
1996-12-26 12:00:00,4.1393,0.0
1996-12-27 12:00:00,4.4799,0.0
1996-12-28 12:00:00,3.8117,0.0
1996-12-29 12:00:00,3.5273000000000003,0.0
1996-12-30 12:00:00,3.4777,0.0
1996-12-31 12:00:00,3.3703000000000003,0.0
1997-01-01 12:00:00,3.1732,0.0
1997-01-02 12:00:00,3.0580000000000003,0.0
1997-01-03 12:00:00,2.8957,0.0
1997-01-04 12:00:00,2.9582,0.0
1997-01-05 12:00:00,2.7704,0.0
1997-01-06 12:00:00,2.6058000000000003,0.0
1997-01-07 12:00:00,3.0143,0.0
1997-01-08 12:00:00,2.5715000000000003,0.0
1997-01-09 12:00:00,2.5739,0.0
1997-01-10 12:00:00,3.9442000000000004,0.0
1997-01-11 12:00:00,8.0333,0.0
1997-01-12 12:00:00,6.510000000000001,0.0
1997-01-13 12:00:00,4.8769,0.0
1997-01-14 12:00:00,4.1383,0.0
1997-01-15 12:00:00,3.7201,0.0
1997-01-16 12:00:00,3.476,0.0
1997-01-17 12:00:00,3.6796,0.0
1997-01-18 12:00:00,4.496,0.0
1997-01-19 12:00:00,3.3138,0.0
1997-01-20 12:00:00,3.0526,0.0
1997-01-21 12:00:00,2.7800000000000002,0.0
1997-01-22 12:00:00,2.7428000000000003,0.0
1997-01-23 12:00:00,2.6072,0.0
1997-01-24 12:00:00,2.5954,0.0
1997-01-25 12:00:00,2.6698,0.0
1997-01-26 12:00:00,2.4634,0.0
1997-01-27 12:00:00,2.3062,0.0
1997-01-28 12:00:00,2.1919,0.0
1997-01-29 12:00:00,2.1206,0.0
1997-01-30 12:00:00,2.1715,0.0
1997-01-31 12:00:00,2.6220000000000003,0.0
1997-02-01 12:00:00,2.1051,0.0
1997-02-02 12:00:00,2.0747,0.0
1997-02-03 12:00:00,2.508,0.0
1997-02-04 12:00:00,3.2670000000000003,0.0
1997-02-05 12:00:00,3.8623000000000003,0.0
1997-02-06 12:00:00,2.4992,0.0
1997-02-07 12:00:00,2.1704,0.0
1997-02-08 12:00:00,2.2439,0.0
1997-02-09 12:00:00,2.287,0.0
1997-02-10 12:00:00,2.6239000000000003,0.0
1997-02-11 12:00:00,2.3403,0.0
1997-02-12 12:00:00,2.1261,0.0
1997-02-13 12:00:00,1.9366,0.0
1997-02-14 12:00:00,1.8189000000000002,0.0
1997-02-15 12:00:00,1.7278,0.0
1997-02-16 12:00:00,1.6682000000000001,0.0
1997-02-17 12:00:00,1.6675,0.0
1997-02-18 12:00:00,1.6362,0.0
1997-02-19 12:00:00,1.5871000000000002,0.0
1997-02-20 12:00:00,1.4908000000000001,0.0
1997-02-21 12:00:00,1.4931,0.0
1997-02-22 12:00:00,1.4441000000000002,0.0
1997-02-23 12:00:00,1.4693,0.0
1997-02-24 12:00:00,1.3613,0.0
1997-02-25 12:00:00,1.9033,0.0
1997-02-26 12:00:00,5.9191,0.0
1997-02-27 12:00:00,2.6452,0.0
1997-02-28 12:00:00,2.0665,0.0
1997-03-01 12:00:00,1.8711,0.0
1997-03-02 12:00:00,1.7541,0.0
1997-03-03 12:00:00,1.734,0.0
1997-03-04 12:00:00,3.3462,0.0
1997-03-05 12:00:00,3.1253,0.0
1997-03-06 12:00:00,2.5459,0.0
1997-03-07 12:00:00,2.2068000000000003,0.0
1997-03-08 12:00:00,2.1186000000000003,0.0
1997-03-09 12:00:00,2.0529,0.0
1997-03-10 12:00:00,1.9181000000000001,0.0
1997-03-11 12:00:00,1.8613000000000002,0.0
1997-03-12 12:00:00,1.8038,0.0
1997-03-13 12:00:00,1.7221000000000002,0.0
1997-03-14 12:00:00,1.7731000000000001,0.0
1997-03-15 12:00:00,2.4503,0.0
1997-03-16 12:00:00,1.8410000000000002,0.0
1997-03-17 12:00:00,1.731,0.0
1997-03-18 12:00:00,1.6959000000000002,0.0
1997-03-19 12:00:00,1.6578000000000002,0.0
1997-03-20 12:00:00,1.6944000000000001,0.0
1997-03-21 12:00:00,2.1825,0.0
1997-03-22 12:00:00,2.2659000000000002,0.0
1997-03-23 12:00:00,1.9134,0.0
1997-03-24 12:00:00,1.7973000000000001,0.0
1997-03-25 12:00:00,1.7213,0.0
1997-03-26 12:00:00,1.6788,0.0
1997-03-27 12:00:00,1.6196000000000002,0.0
1997-03-28 12:00:00,1.5639,0.0
1997-03-29 12:00:00,1.556,0.0
1997-03-30 12:00:00,1.5850000000000002,0.0
1997-03-31 12:00:00,1.5371000000000001,0.0
1997-04-01 12:00:00,1.5124,0.0
1997-04-02 12:00:00,1.4816,0.0
1997-04-03 12:00:00,1.4714,0.0
1997-04-04 12:00:00,1.4592,0.0
1997-04-05 12:00:00,2.1924,0.0
1997-04-06 12:00:00,1.8462,0.0
1997-04-07 12:00:00,13.411800000000001,0.0
1997-04-08 12:00:00,11.1967,0.0
1997-04-09 12:00:00,6.577100000000001,0.0
1997-04-10 12:00:00,5.0585,0.0
1997-04-11 12:00:00,4.3066,0.0
1997-04-12 12:00:00,3.9751000000000003,0.0
1997-04-13 12:00:00,3.8277,0.0
1997-04-14 12:00:00,3.5159000000000002,0.0
1997-04-15 12:00:00,3.7757,0.0
1997-04-16 12:00:00,3.7075,0.0
1997-04-17 12:00:00,4.4898,0.0
1997-04-18 12:00:00,8.808200000000001,0.0
1997-04-19 12:00:00,6.2758,0.0
1997-04-20 12:00:00,5.4503,0.0
1997-04-21 12:00:00,4.9198,0.0
1997-04-22 12:00:00,4.8706000000000005,0.0
1997-04-23 12:00:00,4.4801,0.0
1997-04-24 12:00:00,5.7454,0.0
1997-04-25 12:00:00,5.9373000000000005,0.0
1997-04-26 12:00:00,5.5942,0.0
1997-04-27 12:00:00,5.2898000000000005,0.0
1997-04-28 12:00:00,4.956,0.0
1997-04-29 12:00:00,4.5945,0.0
1997-04-30 12:00:00,4.363,0.0
1997-05-01 12:00:00,4.163,0.0
1997-05-02 12:00:00,4.006,0.0
1997-05-03 12:00:00,3.8655000000000004,0.0
1997-05-04 12:00:00,3.7315,0.0
1997-05-05 12:00:00,3.5904000000000003,0.0
1997-05-06 12:00:00,3.4731,0.0
1997-05-07 12:00:00,3.3785000000000003,0.0
1997-05-08 12:00:00,3.2846,0.0
1997-05-09 12:00:00,3.2263,0.0
1997-05-10 12:00:00,3.1642,0.0
1997-05-11 12:00:00,3.1023,0.0
1997-05-12 12:00:00,3.0625,0.0
1997-05-13 12:00:00,2.9789000000000003,0.0
1997-05-14 12:00:00,2.8691,0.0
1997-05-15 12:00:00,2.7760000000000002,0.0
1997-05-16 12:00:00,2.7076000000000002,0.0
1997-05-17 12:00:00,2.6644,0.0
1997-05-18 12:00:00,2.6171,0.0
1997-05-19 12:00:00,3.8866,0.0
1997-05-20 12:00:00,5.1691,0.0
1997-05-21 12:00:00,3.2062,0.0
1997-05-22 12:00:00,2.9991000000000003,0.0
1997-05-23 12:00:00,2.8917,0.0
1997-05-24 12:00:00,2.8562000000000003,0.0
1997-05-25 12:00:00,3.3346,0.0
1997-05-26 12:00:00,3.3199,0.0
1997-05-27 12:00:00,3.2029,0.0
1997-05-28 12:00:00,3.0442,0.0
1997-05-30 12:00:00,4.5685,0.0
1997-05-31 12:00:00,5.088900000000001,0.0
1997-06-01 12:00:00,4.4432,0.0
1997-06-02 12:00:00,4.1633000000000004,0.0
1997-06-03 12:00:00,3.9927,0.0
1997-06-04 12:00:00,3.8198000000000003,0.0
1997-06-05 12:00:00,3.6059,0.0
1997-06-06 12:00:00,3.4294000000000002,0.0
1997-06-07 12:00:00,3.3368,0.0
1997-06-08 12:00:00,3.3788,0.0
1997-06-09 12:00:00,3.3259000000000003,0.0
1997-06-10 12:00:00,3.262,0.0
1997-06-11 12:00:00,3.1942000000000004,0.0
1997-06-12 12:00:00,3.1064000000000003,0.0
1997-06-13 12:00:00,3.0029000000000003,0.0
1997-06-14 12:00:00,2.9289,0.0
1997-06-15 12:00:00,3.0938000000000003,0.0
1997-06-16 12:00:00,3.0235000000000003,0.0
1997-06-17 12:00:00,2.8715,0.0
1997-06-18 12:00:00,2.7234000000000003,0.0
1997-06-19 12:00:00,2.6132,0.0
1997-06-20 12:00:00,2.6269,0.0
1997-06-21 12:00:00,2.6028000000000002,0.0
1997-06-22 12:00:00,2.5547,0.0
1997-06-23 12:00:00,2.6087000000000002,0.0
1997-06-24 12:00:00,2.4829000000000003,0.0
1997-06-25 12:00:00,2.478,0.0
1997-06-26 12:00:00,2.3554,0.0
1997-06-27 12:00:00,2.2437,0.0
1997-06-28 12:00:00,2.2712000000000003,0.0
1997-06-29 12:00:00,2.1896,0.0
1997-06-30 12:00:00,2.0355000000000003,0.0
1997-07-01 12:00:00,2.0252,0.0
1997-07-02 12:00:00,1.7798,0.0
1997-07-03 12:00:00,2.2915,0.0
1997-07-04 12:00:00,1.8544,0.0
1997-07-05 12:00:00,1.7666000000000002,0.0
1997-07-06 12:00:00,1.7693,0.0
1997-07-07 12:00:00,1.7089,0.0
1997-07-08 12:00:00,2.673,0.0
1997-07-09 12:00:00,11.0888,0.0
1997-07-10 12:00:00,6.014600000000001,0.0
1997-07-11 12:00:00,4.4331000000000005,0.0
1997-07-12 12:00:00,3.9661000000000004,0.0
1997-07-13 12:00:00,3.7831,0.0
1997-07-14 12:00:00,3.1388000000000003,0.0
1997-07-15 12:00:00,3.1035000000000004,0.0
1997-07-16 12:00:00,3.9467000000000003,0.0
1997-07-17 12:00:00,4.7415,0.0
1997-07-18 12:00:00,3.9458,0.0
1997-07-19 12:00:00,3.7121000000000004,0.0
1997-07-20 12:00:00,3.5859,0.0
1997-07-21 12:00:00,3.363,0.0
1997-07-22 12:00:00,3.3251,0.0
1997-07-23 12:00:00,3.2640000000000002,0.0
1997-07-24 12:00:00,2.998,0.0
1997-07-25 12:00:00,2.8920000000000003,0.0
1997-07-26 12:00:00,2.8167,0.0
1997-07-27 12:00:00,2.9671000000000003,0.0
1997-07-28 12:00:00,3.181,0.0
1997-07-29 12:00:00,5.438000000000001,0.0
1997-07-30 12:00:00,6.0037,0.0
1997-07-31 12:00:00,5.8508000000000004,0.0
1997-08-01 12:00:00,4.9851,0.0
1997-08-02 12:00:00,4.651400000000001,0.0
1997-08-03 12:00:00,4.3994,0.0
1997-08-04 12:00:00,4.390000000000001,0.0
1997-08-05 12:00:00,4.1078,0.0
1997-08-06 12:00:00,3.9432,0.0
1997-08-07 12:00:00,3.8485,0.0
1997-08-08 12:00:00,3.8469,0.0
1997-08-09 12:00:00,72.3899,0.0
1997-08-10 12:00:00,40.926700000000004,0.0
1997-08-11 12:00:00,25.6648,0.0
1997-08-12 12:00:00,65.285,0.0
1997-08-13 12:00:00,43.3386,0.0
1997-08-14 12:00:00,26.9407,0.0
1997-08-15 12:00:00,21.0975,0.0
1997-08-16 12:00:00,18.5019,0.0
1997-08-17 12:00:00,25.471,0.0
1997-08-18 12:00:00,27.121000000000002,0.0
1997-08-19 12:00:00,20.3672,0.0
1997-08-20 12:00:00,17.210900000000002,0.0
1997-08-21 12:00:00,15.2119,0.0
1997-08-22 12:00:00,13.5753,0.0
1997-08-23 12:00:00,12.1721,0.0
1997-08-24 12:00:00,11.2147,0.0
1997-08-25 12:00:00,14.092400000000001,0.0
1997-08-26 12:00:00,18.4085,0.0
1997-08-27 12:00:00,19.7847,0.0
1997-08-28 12:00:00,17.291600000000003,0.0
1997-08-29 12:00:00,16.2363,0.0
1997-08-30 12:00:00,14.744100000000001,0.0
1997-08-31 12:00:00,13.816500000000001,0.0
1997-09-01 12:00:00,12.9199,0.0
1997-09-02 12:00:00,12.1539,0.0
1997-09-03 12:00:00,11.413,0.0
1997-09-04 12:00:00,10.601700000000001,0.0
1997-09-05 12:00:00,9.735100000000001,0.0
1997-09-06 12:00:00,9.0637,0.0
1997-09-07 12:00:00,8.5792,0.0
1997-09-08 12:00:00,8.234300000000001,0.0
1997-09-09 12:00:00,8.0855,0.0
1997-09-10 12:00:00,8.696200000000001,0.0
1997-09-11 12:00:00,9.514100000000001,0.0
1997-09-12 12:00:00,8.3603,0.0
1997-09-13 12:00:00,7.8738,0.0
1997-09-14 12:00:00,7.4264,0.0
1997-09-15 12:00:00,7.0755,0.0
1997-09-16 12:00:00,6.935700000000001,0.0
1997-09-17 12:00:00,6.934200000000001,0.0
1997-09-18 12:00:00,6.7408,0.0
1997-09-19 12:00:00,6.5981000000000005,0.0
1997-09-20 12:00:00,6.588900000000001,0.0
1997-09-21 12:00:00,6.537100000000001,0.0
1997-09-22 12:00:00,6.591,0.0
1997-09-23 12:00:00,6.3883,0.0
1997-09-24 12:00:00,6.1382,0.0
1997-09-25 12:00:00,6.054,0.0
1997-09-26 12:00:00,6.0743,0.0
1997-09-27 12:00:00,6.8542000000000005,0.0
1997-09-28 12:00:00,8.3081,0.0
1997-09-29 12:00:00,8.3515,0.0
1997-09-30 12:00:00,7.782100000000001,0.0
1997-10-01 12:00:00,7.2239,0.0
1997-10-02 12:00:00,8.1686,0.0
1997-10-03 12:00:00,12.338000000000001,0.0
1997-10-04 12:00:00,9.706100000000001,0.0
1997-10-05 12:00:00,8.5215,0.0
1997-10-06 12:00:00,7.7952,0.0
1997-10-07 12:00:00,7.1122000000000005,0.0
1997-10-08 12:00:00,6.6474,0.0
1997-10-09 12:00:00,6.5986,0.0
1997-10-10 12:00:00,6.9928,0.0
1997-10-11 12:00:00,9.0035,0.0
1997-10-12 12:00:00,11.2147,0.0
1997-10-13 12:00:00,8.174800000000001,0.0
1997-10-14 12:00:00,6.8338,0.0
1997-10-15 12:00:00,6.1364,0.0
1997-10-16 12:00:00,5.7428,0.0
1997-10-17 12:00:00,6.588900000000001,0.0
1997-10-18 12:00:00,5.7712,0.0
1997-10-19 12:00:00,5.5333000000000006,0.0
1997-10-20 12:00:00,5.9358,0.0
1997-10-21 12:00:00,5.9061,0.0
1997-10-22 12:00:00,5.5205,0.0
1997-10-23 12:00:00,5.2687,0.0
1997-10-24 12:00:00,5.1751000000000005,0.0
1997-10-25 12:00:00,5.152,0.0
1997-10-26 12:00:00,5.030600000000001,0.0
1997-10-27 12:00:00,5.066800000000001,0.0
1997-10-28 12:00:00,5.2824,0.0
1997-10-29 12:00:00,4.6104,0.0
1997-10-30 12:00:00,4.4689000000000005,0.0
1997-10-31 12:00:00,4.2253,0.0
1997-11-01 12:00:00,4.0562000000000005,0.0
1997-11-02 12:00:00,3.7809000000000004,0.0
1997-11-03 12:00:00,3.3383000000000003,0.0
1997-11-04 12:00:00,2.9978000000000002,0.0
1997-11-05 12:00:00,2.8325,0.0
1997-11-07 12:00:00,4.0515,0.0
1997-11-08 12:00:00,3.0835000000000004,0.0
1997-11-09 12:00:00,2.8325,0.0
1997-11-10 12:00:00,2.7512000000000003,0.0
1997-11-11 12:00:00,3.4326000000000003,0.0
1997-11-12 12:00:00,2.9519,0.0
1997-11-13 12:00:00,2.6597,0.0
1997-11-14 12:00:00,5.6802,0.0
1997-11-15 12:00:00,6.3081000000000005,0.0
1997-11-16 12:00:00,4.9404,0.0
1997-11-17 12:00:00,5.5479,0.0
1997-11-18 12:00:00,8.7391,0.0
1997-11-19 12:00:00,7.5525,0.0
1997-11-20 12:00:00,6.5303,0.0
1997-11-21 12:00:00,5.608700000000001,0.0
1997-11-22 12:00:00,5.1487,0.0
1997-11-23 12:00:00,4.9657,0.0
1997-11-24 12:00:00,5.617,0.0
1997-11-25 12:00:00,4.7472,0.0
1997-11-26 12:00:00,4.4512,0.0
1997-11-27 12:00:00,4.7836,0.0
1997-11-28 12:00:00,4.2597000000000005,0.0
1997-11-29 12:00:00,4.0687,0.0
1997-11-30 12:00:00,3.8842000000000003,0.0
1997-12-01 12:00:00,3.6823,0.0
1997-12-02 12:00:00,4.789000000000001,0.0
1997-12-03 12:00:00,3.9759,0.0
1997-12-04 12:00:00,3.9838,0.0
1997-12-05 12:00:00,3.7917,0.0
1997-12-06 12:00:00,3.4784,0.0
1997-12-07 12:00:00,3.3302,0.0
1997-12-08 12:00:00,3.176,0.0
1997-12-09 12:00:00,3.2619000000000002,0.0
1997-12-10 12:00:00,3.3475,0.0
1997-12-11 12:00:00,3.1293,0.0
1997-12-12 12:00:00,2.9728000000000003,0.0
1997-12-13 12:00:00,2.8215000000000003,0.0
1997-12-14 12:00:00,2.8256,0.0
1997-12-15 12:00:00,3.0688,0.0
1997-12-16 12:00:00,3.1376,0.0
1997-12-17 12:00:00,3.1204,0.0
1997-12-18 12:00:00,3.2093000000000003,0.0
1997-12-19 12:00:00,4.1967,0.0
1997-12-20 12:00:00,4.7498000000000005,0.0
1997-12-21 12:00:00,3.0909,0.0
1997-12-22 12:00:00,3.9810000000000003,0.0
1997-12-23 12:00:00,3.7175000000000002,0.0
1997-12-24 12:00:00,3.1547,0.0
1997-12-25 12:00:00,2.9167,0.0
1997-12-26 12:00:00,2.6843,0.0
1997-12-27 12:00:00,3.7837,0.0
1997-12-28 12:00:00,4.0324,0.0
1997-12-29 12:00:00,3.3902,0.0
1997-12-30 12:00:00,3.0237000000000003,0.0
1997-12-31 12:00:00,2.8055000000000003,0.0
1998-01-01 12:00:00,2.6413,0.0
1998-01-02 12:00:00,2.3964000000000003,0.0
1998-01-03 12:00:00,2.3627000000000002,0.0
1998-01-04 12:00:00,2.4462,0.0
1998-01-05 12:00:00,2.3373,0.0
1998-01-06 12:00:00,2.1813000000000002,0.0
1998-01-07 12:00:00,2.0683000000000002,0.0
1998-01-08 12:00:00,2.0704000000000002,0.0
1998-01-09 12:00:00,2.1486,0.0
1998-01-10 12:00:00,2.0153000000000003,0.0
1998-01-11 12:00:00,1.9049,0.0
1998-01-12 12:00:00,1.8021,0.0
1998-01-13 12:00:00,1.7762,0.0
1998-01-14 12:00:00,1.7206000000000001,0.0
1998-01-15 12:00:00,5.1435,0.0
1998-01-16 12:00:00,3.0751,0.0
1998-01-17 12:00:00,2.4909000000000003,0.0
1998-01-18 12:00:00,2.2154000000000003,0.0
1998-01-19 12:00:00,2.1405000000000003,0.0
1998-01-20 12:00:00,2.0899,0.0
1998-01-21 12:00:00,2.0241000000000002,0.0
1998-01-22 12:00:00,2.0713,0.0
1998-01-23 12:00:00,2.2573000000000003,0.0
1998-01-24 12:00:00,1.9307,0.0
1998-01-25 12:00:00,1.8767,0.0
1998-01-26 12:00:00,1.9036000000000002,0.0
1998-01-27 12:00:00,2.0114,0.0
1998-01-28 12:00:00,1.9988000000000001,0.0
1998-01-29 12:00:00,1.9128,0.0
1998-01-30 12:00:00,1.6733,0.0
1998-01-31 12:00:00,1.5656,0.0
1998-02-01 12:00:00,1.5406,0.0
1998-02-02 12:00:00,1.5547,0.0
1998-02-03 12:00:00,1.7702,0.0
1998-02-04 12:00:00,1.7245000000000001,0.0
1998-02-05 12:00:00,1.5133,0.0
1998-02-06 12:00:00,1.4924000000000002,0.0
1998-02-07 12:00:00,1.5276,0.0
1998-02-08 12:00:00,1.3718000000000001,0.0
1998-02-09 12:00:00,1.3664,0.0
1998-02-10 12:00:00,1.2890000000000001,0.0
1998-02-11 12:00:00,1.2472,0.0
1998-02-12 12:00:00,1.2762,0.0
1998-02-13 12:00:00,1.9131,0.0
1998-02-14 12:00:00,1.3537000000000001,0.0
1998-02-15 12:00:00,1.2157,0.0
1998-02-16 12:00:00,1.1728,0.0
1998-02-17 12:00:00,1.6778000000000002,0.0
1998-02-18 12:00:00,1.4255,0.0
1998-02-19 12:00:00,1.244,0.0
1998-02-20 12:00:00,1.2324000000000002,0.0
1998-02-21 12:00:00,1.3053000000000001,0.0
1998-02-22 12:00:00,4.1751000000000005,0.0
1998-02-23 12:00:00,5.9434000000000005,0.0
1998-02-24 12:00:00,3.1757,0.0
1998-02-25 12:00:00,2.4250000000000003,0.0
1998-02-26 12:00:00,2.0860000000000003,0.0
1998-02-27 12:00:00,1.9606000000000001,0.0
1998-02-28 12:00:00,1.8006,0.0
1998-03-01 12:00:00,1.6949,0.0
1998-03-02 12:00:00,1.6444,0.0
1998-03-03 12:00:00,1.605,0.0
1998-03-04 12:00:00,1.5229000000000001,0.0
1998-03-05 12:00:00,6.8365,0.0
1998-03-06 12:00:00,8.5212,0.0
1998-03-07 12:00:00,8.0287,0.0
1998-03-08 12:00:00,5.0071,0.0
1998-03-09 12:00:00,4.050800000000001,0.0
1998-03-10 12:00:00,3.6459,0.0
1998-03-11 12:00:00,3.3369,0.0
1998-03-12 12:00:00,2.7919,0.0
1998-03-13 12:00:00,2.5416000000000003,0.0
1998-03-14 12:00:00,3.9224,0.0
1998-03-15 12:00:00,3.7382,0.0
1998-03-16 12:00:00,3.0092000000000003,0.0
1998-03-17 12:00:00,2.8463000000000003,0.0
1998-03-18 12:00:00,2.6894,0.0
1998-03-19 12:00:00,2.4494000000000002,0.0
1998-03-20 12:00:00,2.2762000000000002,0.0
1998-03-21 12:00:00,2.294,0.0
1998-03-22 12:00:00,2.148,0.0
1998-03-23 12:00:00,2.0201000000000002,0.0
1998-03-24 12:00:00,1.9685000000000001,0.0
1998-03-25 12:00:00,1.9253,0.0
1998-03-26 12:00:00,1.8729,0.0
1998-03-27 12:00:00,1.8492000000000002,0.0
1998-03-28 12:00:00,3.5619,0.0
1998-03-29 12:00:00,5.2292000000000005,0.0
1998-03-30 12:00:00,5.8989,0.0
1998-03-31 12:00:00,5.8836,0.0
1998-04-01 12:00:00,9.7211,0.0
1998-04-02 12:00:00,8.3294,0.0
1998-04-03 12:00:00,7.2892,0.0
1998-04-04 12:00:00,6.1418,0.0
1998-04-05 12:00:00,5.329000000000001,0.0
1998-04-06 12:00:00,4.7285,0.0
1998-04-07 12:00:00,4.3132,0.0
1998-04-08 12:00:00,4.0399,0.0
1998-04-09 12:00:00,3.7988000000000004,0.0
1998-04-10 12:00:00,3.5367,0.0
1998-04-11 12:00:00,3.3755,0.0
1998-04-12 12:00:00,3.2478000000000002,0.0
1998-04-13 12:00:00,3.2003000000000004,0.0
1998-04-14 12:00:00,3.0948,0.0
1998-04-15 12:00:00,2.8922000000000003,0.0
1998-04-16 12:00:00,2.8082000000000003,0.0
1998-04-17 12:00:00,4.542800000000001,0.0
1998-04-18 12:00:00,3.5471000000000004,0.0
1998-04-19 12:00:00,3.1823,0.0
1998-04-20 12:00:00,3.0135,0.0
1998-04-21 12:00:00,2.8520000000000003,0.0
1998-04-22 12:00:00,2.9355,0.0
1998-04-23 12:00:00,3.1012,0.0
1998-04-24 12:00:00,2.7928,0.0
1998-04-25 12:00:00,2.7039,0.0
1998-04-26 12:00:00,2.8969,0.0
1998-04-27 12:00:00,4.2136000000000005,0.0
1998-04-28 12:00:00,4.2418000000000005,0.0
1998-04-29 12:00:00,3.8841,0.0
1998-04-30 12:00:00,3.6603000000000003,0.0
1998-05-01 12:00:00,3.6633,0.0
1998-05-02 12:00:00,3.4182,0.0
1998-05-03 12:00:00,3.2709,0.0
1998-05-04 12:00:00,3.1774,0.0
1998-05-05 12:00:00,3.0859,0.0
1998-05-06 12:00:00,3.3255000000000003,0.0
1998-05-07 12:00:00,4.0999,0.0
1998-05-08 12:00:00,3.5003,0.0
1998-05-09 12:00:00,3.4003,0.0
1998-05-10 12:00:00,3.4293,0.0
1998-05-11 12:00:00,3.2624,0.0
1998-05-12 12:00:00,3.258,0.0
1998-05-13 12:00:00,3.1402,0.0
1998-05-14 12:00:00,3.0019,0.0
1998-05-15 12:00:00,2.952,0.0
1998-05-16 12:00:00,2.9119,0.0
1998-05-17 12:00:00,2.7938,0.0
1998-05-18 12:00:00,2.7241,0.0
1998-05-19 12:00:00,2.6917,0.0
1998-05-20 12:00:00,2.6595,0.0
1998-05-21 12:00:00,2.6365000000000003,0.0
1998-05-23 12:00:00,2.6204,0.0
1998-05-24 12:00:00,2.6037,0.0
1998-05-25 12:00:00,4.2461,0.0
1998-05-26 12:00:00,4.992,0.0
1998-05-27 12:00:00,4.282900000000001,0.0
1998-05-28 12:00:00,3.9561,0.0
1998-05-29 12:00:00,3.7417000000000002,0.0
1998-05-30 12:00:00,4.1089,0.0
1998-05-31 12:00:00,3.7699000000000003,0.0
1998-06-01 12:00:00,6.0236,0.0
1998-06-02 12:00:00,5.256600000000001,0.0
1998-06-03 12:00:00,4.6574,0.0
1998-06-04 12:00:00,4.3181,0.0
1998-06-05 12:00:00,4.1055,0.0
1998-06-06 12:00:00,4.9078,0.0
1998-06-07 12:00:00,4.9772,0.0
1998-06-08 12:00:00,4.9134,0.0
1998-06-09 12:00:00,4.6963,0.0
1998-06-10 12:00:00,4.466600000000001,0.0
1998-06-11 12:00:00,4.297000000000001,0.0
1998-06-12 12:00:00,4.1872,0.0
1998-06-13 12:00:00,4.2747,0.0
1998-06-14 12:00:00,4.0835,0.0
1998-06-15 12:00:00,3.9145000000000003,0.0
1998-06-16 12:00:00,4.1309000000000005,0.0
1998-06-17 12:00:00,5.7378,0.0
1998-06-18 12:00:00,5.8761,0.0
1998-06-19 12:00:00,5.4787,0.0
1998-06-20 12:00:00,5.162,0.0
1998-06-21 12:00:00,6.7865,0.0
1998-06-22 12:00:00,8.823400000000001,0.0
1998-06-23 12:00:00,8.004,0.0
1998-06-24 12:00:00,8.723700000000001,0.0
1998-06-25 12:00:00,13.989600000000001,0.0
1998-06-26 12:00:00,14.9968,0.0
1998-06-27 12:00:00,12.3046,0.0
1998-06-28 12:00:00,10.5592,0.0
1998-06-29 12:00:00,11.1796,0.0
1998-06-30 12:00:00,12.754000000000001,0.0
1998-07-01 12:00:00,11.9015,0.0
1998-07-02 12:00:00,10.5451,0.0
1998-07-03 12:00:00,9.315000000000001,0.0
1998-07-04 12:00:00,8.340300000000001,0.0
1998-07-05 12:00:00,7.6738,0.0
1998-07-06 12:00:00,7.530600000000001,0.0
1998-07-07 12:00:00,10.3984,0.0
1998-07-08 12:00:00,9.9528,0.0
1998-07-09 12:00:00,9.251100000000001,0.0
1998-07-10 12:00:00,10.293800000000001,0.0
1998-07-11 12:00:00,11.356900000000001,0.0
1998-07-12 12:00:00,10.5436,0.0
1998-07-13 12:00:00,9.807500000000001,0.0
1998-07-14 12:00:00,9.0965,0.0
1998-07-15 12:00:00,8.454500000000001,0.0
1998-07-16 12:00:00,7.7155000000000005,0.0
1998-07-17 12:00:00,7.0297,0.0
1998-07-18 12:00:00,6.5619000000000005,0.0
1998-07-19 12:00:00,6.1719,0.0
1998-07-20 12:00:00,5.977,0.0
1998-07-21 12:00:00,44.5439,0.0
1998-07-22 12:00:00,51.0584,0.0
1998-07-23 12:00:00,30.562900000000003,0.0
1998-07-24 12:00:00,21.5409,0.0
1998-07-25 12:00:00,17.7209,0.0
1998-07-26 12:00:00,15.2765,0.0
1998-07-27 12:00:00,13.4892,0.0
1998-07-28 12:00:00,14.269300000000001,0.0
1998-07-29 12:00:00,14.7568,0.0
1998-07-30 12:00:00,13.223,0.0
1998-07-31 12:00:00,14.168700000000001,0.0
1998-08-01 12:00:00,13.318200000000001,0.0
1998-08-02 12:00:00,11.9391,0.0
1998-08-03 12:00:00,10.888200000000001,0.0
1998-08-04 12:00:00,10.3131,0.0
1998-08-05 12:00:00,23.2558,0.0
1998-08-06 12:00:00,20.9784,0.0
1998-08-07 12:00:00,17.4551,0.0
1998-08-08 12:00:00,15.1583,0.0
1998-08-09 12:00:00,13.6827,0.0
1998-08-10 12:00:00,12.8717,0.0
1998-08-11 12:00:00,12.1982,0.0
1998-08-12 12:00:00,10.867600000000001,0.0
1998-08-13 12:00:00,9.7382,0.0
1998-08-14 12:00:00,9.113900000000001,0.0
1998-08-15 12:00:00,8.6637,0.0
1998-08-16 12:00:00,8.248000000000001,0.0
1998-08-17 12:00:00,8.0655,0.0
1998-08-18 12:00:00,7.748,0.0
1998-08-19 12:00:00,7.630400000000001,0.0
1998-08-20 12:00:00,7.335,0.0
1998-08-21 12:00:00,6.9922,0.0
1998-08-22 12:00:00,8.0973,0.0
1998-08-23 12:00:00,20.3152,0.0
1998-08-24 12:00:00,13.3018,0.0
1998-08-25 12:00:00,12.191600000000001,0.0
1998-08-26 12:00:00,11.6457,0.0
1998-08-27 12:00:00,11.069700000000001,0.0
1998-08-28 12:00:00,10.725200000000001,0.0
1998-08-29 12:00:00,10.648900000000001,0.0
1998-08-30 12:00:00,9.9262,0.0
1998-08-31 12:00:00,9.510900000000001,0.0
1998-09-01 12:00:00,9.1022,0.0
1998-09-02 12:00:00,10.5195,0.0
1998-09-03 12:00:00,9.696100000000001,0.0
1998-09-04 12:00:00,9.5052,0.0
1998-09-05 12:00:00,11.2179,0.0
1998-09-06 12:00:00,10.595,0.0
1998-09-07 12:00:00,10.2017,0.0
1998-09-08 12:00:00,9.6393,0.0
1998-09-09 12:00:00,8.8504,0.0
1998-09-10 12:00:00,8.1204,0.0
1998-09-11 12:00:00,7.7183,0.0
1998-09-12 12:00:00,7.3997,0.0
1998-09-13 12:00:00,7.228000000000001,0.0
1998-09-14 12:00:00,11.018500000000001,0.0
1998-09-15 12:00:00,20.739800000000002,0.0
1998-09-16 12:00:00,15.5097,0.0
1998-09-17 12:00:00,12.6082,0.0
1998-09-18 12:00:00,11.2638,0.0
1998-09-19 12:00:00,10.402800000000001,0.0
1998-09-20 12:00:00,9.870700000000001,0.0
1998-09-21 12:00:00,9.075800000000001,0.0
1998-09-22 12:00:00,8.4671,0.0
1998-09-23 12:00:00,8.0629,0.0
1998-09-24 12:00:00,9.5847,0.0
1998-09-25 12:00:00,8.6061,0.0
1998-09-26 12:00:00,10.6159,0.0
1998-09-27 12:00:00,9.5779,0.0
1998-09-28 12:00:00,8.6395,0.0
1998-09-29 12:00:00,8.253300000000001,0.0
1998-09-30 12:00:00,9.1257,0.0
1998-10-01 12:00:00,8.165700000000001,0.0
1998-10-02 12:00:00,8.382,0.0
1998-10-03 12:00:00,8.0777,0.0
1998-10-04 12:00:00,8.065,0.0
1998-10-05 12:00:00,7.5232,0.0
1998-10-06 12:00:00,7.067500000000001,0.0
1998-10-07 12:00:00,14.931500000000002,0.0
1998-10-08 12:00:00,15.5427,0.0
1998-10-09 12:00:00,14.084200000000001,0.0
1998-10-10 12:00:00,12.906500000000001,0.0
1998-10-11 12:00:00,12.233500000000001,0.0
1998-10-12 12:00:00,12.3214,0.0
1998-10-13 12:00:00,11.0801,0.0
1998-10-14 12:00:00,10.5587,0.0
1998-10-15 12:00:00,11.4534,0.0
1998-10-16 12:00:00,11.090300000000001,0.0
1998-10-17 12:00:00,10.529300000000001,0.0
1998-10-18 12:00:00,22.2894,0.0
1998-10-19 12:00:00,26.3233,0.0
1998-10-20 12:00:00,24.4284,0.0
1998-10-21 12:00:00,21.139100000000003,0.0
1998-10-22 12:00:00,17.4922,0.0
1998-10-23 12:00:00,15.0159,0.0
1998-10-24 12:00:00,13.6493,0.0
1998-10-25 12:00:00,12.3764,0.0
1998-10-26 12:00:00,14.0511,0.0
1998-10-27 12:00:00,12.2086,0.0
1998-10-28 12:00:00,14.0326,0.0
1998-10-29 12:00:00,13.5936,0.0
1998-10-30 12:00:00,12.3292,0.0
1998-10-31 12:00:00,12.0365,0.0
1998-11-01 12:00:00,12.2132,0.0
1998-11-02 12:00:00,11.4266,0.0
1998-11-03 12:00:00,11.042200000000001,0.0
1998-11-04 12:00:00,10.1325,0.0
1998-11-05 12:00:00,9.4242,0.0
1998-11-06 12:00:00,9.2249,0.0
1998-11-07 12:00:00,8.2272,0.0
1998-11-08 12:00:00,7.7235000000000005,0.0
1998-11-09 12:00:00,7.3064,0.0
1998-11-10 12:00:00,6.938400000000001,0.0
1998-11-11 12:00:00,6.606000000000001,0.0
1998-11-12 12:00:00,6.5383000000000004,0.0
1998-11-13 12:00:00,6.0217,0.0
1998-11-14 12:00:00,5.694500000000001,0.0
1998-11-15 12:00:00,5.4119,0.0
1998-11-16 12:00:00,5.2001,0.0
1998-11-17 12:00:00,5.0441,0.0
1998-11-18 12:00:00,5.0947000000000005,0.0
1998-11-19 12:00:00,5.7955000000000005,0.0
1998-11-20 12:00:00,5.1727,0.0
1998-11-21 12:00:00,4.9388000000000005,0.0
1998-11-22 12:00:00,4.7197000000000005,0.0
1998-11-23 12:00:00,4.4753,0.0
1998-11-24 12:00:00,4.2312,0.0
1998-11-25 12:00:00,4.032,0.0
1998-11-26 12:00:00,3.9204000000000003,0.0
1998-11-27 12:00:00,3.628,0.0
1998-11-28 12:00:00,3.4834,0.0
1998-11-29 12:00:00,3.5671000000000004,0.0
1998-11-30 12:00:00,3.8141000000000003,0.0
1998-12-01 12:00:00,4.9081,0.0
1998-12-02 12:00:00,4.080900000000001,0.0
1998-12-03 12:00:00,3.5321000000000002,0.0
1998-12-04 12:00:00,3.3128,0.0
1998-12-05 12:00:00,3.1709,0.0
1998-12-06 12:00:00,3.4665000000000004,0.0
1998-12-07 12:00:00,5.0776,0.0
1998-12-08 12:00:00,4.1788,0.0
1998-12-09 12:00:00,4.3198,0.0
1998-12-10 12:00:00,3.7036000000000002,0.0
1998-12-11 12:00:00,3.5572000000000004,0.0
1998-12-12 12:00:00,3.9005,0.0
1998-12-13 12:00:00,3.8491,0.0
1998-12-14 12:00:00,3.2837,0.0
1998-12-15 12:00:00,3.0721000000000003,0.0
1998-12-16 12:00:00,2.9394,0.0
1998-12-17 12:00:00,3.0732,0.0
1998-12-18 12:00:00,4.6728000000000005,0.0
1998-12-19 12:00:00,4.1452,0.0
1998-12-20 12:00:00,3.4924,0.0
1998-12-21 12:00:00,3.2394000000000003,0.0
1998-12-22 12:00:00,2.9946,0.0
1998-12-23 12:00:00,2.7846,0.0
1998-12-24 12:00:00,2.6637,0.0
1998-12-25 12:00:00,2.5462000000000002,0.0
1998-12-26 12:00:00,2.4692000000000003,0.0
1998-12-27 12:00:00,2.3537,0.0
1998-12-28 12:00:00,2.4458,0.0
1998-12-29 12:00:00,2.3731,0.0
1998-12-30 12:00:00,2.2156000000000002,0.0
1998-12-31 12:00:00,2.1778,0.0
1999-01-01 12:00:00,2.164,0.0
1999-01-02 12:00:00,2.0506,0.0
1999-01-03 12:00:00,1.9644000000000001,0.0
1999-01-04 12:00:00,1.8879000000000001,0.0
1999-01-05 12:00:00,1.8619,0.0
1999-01-06 12:00:00,1.9616,0.0
1999-01-07 12:00:00,1.9937,0.0
1999-01-08 12:00:00,1.8585,0.0
1999-01-09 12:00:00,1.7764,0.0
1999-01-10 12:00:00,1.7071,0.0
1999-01-11 12:00:00,1.6406,0.0
1999-01-12 12:00:00,1.7453,0.0
1999-01-13 12:00:00,1.673,0.0
1999-01-14 12:00:00,1.7655,0.0
1999-01-15 12:00:00,1.7172,0.0
1999-01-16 12:00:00,1.6079,0.0
1999-01-17 12:00:00,1.4914,0.0
1999-01-18 12:00:00,1.4212,0.0
1999-01-19 12:00:00,1.3489,0.0
1999-01-20 12:00:00,1.2966,0.0
1999-01-21 12:00:00,1.5264,0.0
1999-01-22 12:00:00,1.6145,0.0
1999-01-23 12:00:00,1.4182000000000001,0.0
1999-01-24 12:00:00,1.2748000000000002,0.0
1999-01-25 12:00:00,1.2342,0.0
1999-01-26 12:00:00,1.1894,0.0
1999-01-27 12:00:00,1.2227000000000001,0.0
1999-01-28 12:00:00,1.1847,0.0
1999-01-29 12:00:00,1.1491,0.0
1999-01-30 12:00:00,2.1476,0.0
1999-01-31 12:00:00,2.6504000000000003,0.0
1999-02-01 12:00:00,1.7021000000000002,0.0
1999-02-02 12:00:00,1.4519,0.0
1999-02-03 12:00:00,1.346,0.0
1999-02-04 12:00:00,1.2415,0.0
1999-02-05 12:00:00,1.1336000000000002,0.0
1999-02-06 12:00:00,1.0833000000000002,0.0
1999-02-07 12:00:00,1.0583,0.0
1999-02-08 12:00:00,0.9448000000000001,0.0
1999-02-09 12:00:00,0.9005000000000001,0.0
1999-02-10 12:00:00,0.9906,0.0
1999-02-11 12:00:00,0.9195000000000001,0.0
1999-02-12 12:00:00,0.8655,0.0
1999-02-13 12:00:00,0.8507,0.0
1999-02-14 12:00:00,0.8523000000000001,0.0
1999-02-15 12:00:00,0.9652000000000001,0.0
1999-02-16 12:00:00,0.9186000000000001,0.0
1999-02-17 12:00:00,0.8631000000000001,0.0
1999-02-18 12:00:00,0.7847000000000001,0.0
1999-02-19 12:00:00,1.1425,0.0
1999-02-20 12:00:00,0.9478000000000001,0.0
1999-02-21 12:00:00,0.8691000000000001,0.0
1999-02-22 12:00:00,0.8286,0.0
1999-02-23 12:00:00,0.87,0.0
1999-02-24 12:00:00,0.8007000000000001,0.0
1999-02-25 12:00:00,0.8471000000000001,0.0
1999-02-26 12:00:00,1.661,0.0
1999-02-27 12:00:00,1.3763,0.0
1999-02-28 12:00:00,1.0166,0.0
1999-03-01 12:00:00,0.9563,0.0
1999-03-02 12:00:00,0.9002,0.0
1999-03-03 12:00:00,0.8765000000000001,0.0
1999-03-04 12:00:00,0.8333,0.0
1999-03-05 12:00:00,0.8574,0.0
1999-03-06 12:00:00,0.7908000000000001,0.0
1999-03-07 12:00:00,1.1872,0.0
1999-03-08 12:00:00,7.3285,0.0
1999-03-09 12:00:00,3.4843,0.0
1999-03-10 12:00:00,2.2662,0.0
1999-03-11 12:00:00,2.0298000000000003,0.0
1999-03-12 12:00:00,1.9075000000000002,0.0
1999-03-13 12:00:00,1.6973,0.0
1999-03-14 12:00:00,1.5322,0.0
1999-03-15 12:00:00,1.4175,0.0
1999-03-16 12:00:00,1.3349,0.0
1999-03-17 12:00:00,1.2634,0.0
1999-03-18 12:00:00,1.195,0.0
1999-03-19 12:00:00,1.1502000000000001,0.0
1999-03-20 12:00:00,1.1135000000000002,0.0
1999-03-21 12:00:00,1.0931,0.0
1999-03-22 12:00:00,1.5044000000000002,0.0
1999-03-23 12:00:00,2.1175,0.0
1999-03-24 12:00:00,1.5754000000000001,0.0
1999-03-25 12:00:00,1.346,0.0
1999-03-26 12:00:00,1.2427000000000001,0.0
1999-03-27 12:00:00,1.2219,0.0
1999-03-28 12:00:00,1.4522000000000002,0.0
1999-03-29 12:00:00,1.4945000000000002,0.0
1999-03-30 12:00:00,1.4209,0.0
1999-03-31 12:00:00,1.2524,0.0
1999-04-01 12:00:00,1.1908,0.0
1999-04-02 12:00:00,1.1682000000000001,0.0
1999-04-03 12:00:00,1.1463,0.0
1999-04-04 12:00:00,1.1215000000000002,0.0
1999-04-05 12:00:00,1.135,0.0
1999-04-06 12:00:00,1.1421000000000001,0.0
1999-04-07 12:00:00,2.4144,0.0
1999-04-08 12:00:00,2.5300000000000002,0.0
1999-04-09 12:00:00,1.7303000000000002,0.0
1999-04-10 12:00:00,1.5574000000000001,0.0
1999-04-11 12:00:00,1.5071,0.0
1999-04-12 12:00:00,1.5531000000000001,0.0
1999-04-13 12:00:00,1.6834,0.0
1999-04-14 12:00:00,3.3933,0.0
1999-04-15 12:00:00,5.1264,0.0
1999-04-16 12:00:00,4.266,0.0
1999-04-17 12:00:00,3.1001000000000003,0.0
1999-04-18 12:00:00,2.8409,0.0
1999-04-19 12:00:00,2.5855,0.0
1999-04-20 12:00:00,2.5184,0.0
1999-04-21 12:00:00,9.985000000000001,0.0
1999-04-22 12:00:00,11.254000000000001,0.0
1999-04-23 12:00:00,8.6692,0.0
1999-04-24 12:00:00,6.4078,0.0
1999-04-25 12:00:00,5.0411,0.0
1999-04-26 12:00:00,4.1432,0.0
1999-04-27 12:00:00,3.5382000000000002,0.0
1999-04-28 12:00:00,3.1638,0.0
1999-04-29 12:00:00,2.9224,0.0
1999-04-30 12:00:00,2.7438000000000002,0.0
1999-05-01 12:00:00,2.5876,0.0
1999-05-02 12:00:00,2.4311000000000003,0.0
1999-05-03 12:00:00,2.3262,0.0
1999-05-04 12:00:00,2.2882000000000002,0.0
1999-05-05 12:00:00,2.2261,0.0
1999-05-06 12:00:00,2.14,0.0
1999-05-07 12:00:00,2.0887000000000002,0.0
1999-05-08 12:00:00,2.0397000000000003,0.0
1999-05-09 12:00:00,1.9814,0.0
1999-05-10 12:00:00,1.9141000000000001,0.0
1999-05-11 12:00:00,1.8732000000000002,0.0
1999-05-12 12:00:00,1.8679000000000001,0.0
1999-05-13 12:00:00,2.0947,0.0
1999-05-14 12:00:00,1.977,0.0
1999-05-15 12:00:00,6.0248,0.0
1999-05-16 12:00:00,11.6973,0.0
1999-05-17 12:00:00,6.583,0.0
1999-05-18 12:00:00,5.1523,0.0
1999-05-19 12:00:00,4.4205000000000005,0.0
1999-05-20 12:00:00,3.9151000000000002,0.0
1999-05-21 12:00:00,3.5467,0.0
1999-05-22 12:00:00,3.2754000000000003,0.0
1999-05-23 12:00:00,3.0975,0.0
1999-05-24 12:00:00,2.9704,0.0
1999-05-25 12:00:00,2.9026,0.0
1999-05-26 12:00:00,2.8715,0.0
1999-05-27 12:00:00,2.8079,0.0
1999-05-28 12:00:00,2.6599,0.0
1999-05-29 12:00:00,2.5252000000000003,0.0
1999-05-30 12:00:00,2.47,0.0
1999-05-31 12:00:00,2.6495,0.0
1999-06-01 12:00:00,2.6482,0.0
1999-06-02 12:00:00,2.652,0.0
1999-06-03 12:00:00,2.9467000000000003,0.0
1999-06-04 12:00:00,2.5208,0.0
1999-06-05 12:00:00,2.4551000000000003,0.0
1999-06-06 12:00:00,2.484,0.0
1999-06-07 12:00:00,2.6344000000000003,0.0
1999-06-08 12:00:00,2.7978,0.0
1999-06-09 12:00:00,2.5911,0.0
1999-06-10 12:00:00,2.4792,0.0
1999-06-11 12:00:00,2.5827,0.0
1999-06-12 12:00:00,4.773000000000001,0.0
1999-06-13 12:00:00,4.4984,0.0
1999-06-14 12:00:00,5.0406,0.0
1999-06-15 12:00:00,5.8074,0.0
1999-06-16 12:00:00,5.3735,0.0
1999-06-17 12:00:00,4.8213,0.0
1999-06-18 12:00:00,4.335,0.0
1999-06-19 12:00:00,4.0808,0.0
1999-06-20 12:00:00,3.8821000000000003,0.0
1999-06-21 12:00:00,3.5934000000000004,0.0
1999-06-22 12:00:00,3.3806000000000003,0.0
1999-06-23 12:00:00,3.2319,0.0
1999-06-24 12:00:00,3.1131,0.0
1999-06-25 12:00:00,3.1621,0.0
1999-06-26 12:00:00,2.9168000000000003,0.0
1999-06-27 12:00:00,2.8760000000000003,0.0
1999-06-28 12:00:00,2.7191,0.0
1999-06-29 12:00:00,2.6929000000000003,0.0
1999-06-30 12:00:00,2.7209000000000003,0.0
1999-07-01 12:00:00,4.2454,0.0
1999-07-02 12:00:00,12.6639,0.0
1999-07-03 12:00:00,7.6494,0.0
1999-07-04 12:00:00,6.4385,0.0
1999-07-05 12:00:00,9.0242,0.0
1999-07-06 12:00:00,15.296600000000002,0.0
1999-07-07 12:00:00,14.887400000000001,0.0
1999-07-08 12:00:00,12.1699,0.0
1999-07-09 12:00:00,10.121400000000001,0.0
1999-07-10 12:00:00,8.9417,0.0
1999-07-11 12:00:00,8.4321,0.0
1999-07-12 12:00:00,8.0799,0.0
1999-07-13 12:00:00,7.3613,0.0
1999-07-14 12:00:00,6.8857,0.0
1999-07-15 12:00:00,6.5434,0.0
1999-07-16 12:00:00,6.5231,0.0
1999-07-17 12:00:00,7.2729,0.0
1999-07-18 12:00:00,7.8935,0.0
1999-07-19 12:00:00,8.2147,0.0
1999-07-20 12:00:00,8.2492,0.0
1999-07-21 12:00:00,7.8109,0.0
1999-07-22 12:00:00,7.208200000000001,0.0
1999-07-23 12:00:00,6.6672,0.0
1999-07-24 12:00:00,6.3261,0.0
1999-07-25 12:00:00,6.2719000000000005,0.0
1999-07-26 12:00:00,5.9383,0.0
1999-07-27 12:00:00,5.614800000000001,0.0
1999-07-28 12:00:00,5.2471000000000005,0.0
1999-07-29 12:00:00,4.863300000000001,0.0
1999-07-30 12:00:00,4.6785000000000005,0.0
1999-07-31 12:00:00,4.5357,0.0
1999-08-01 12:00:00,4.5304,0.0
1999-08-02 12:00:00,4.5234000000000005,0.0
1999-08-03 12:00:00,4.437,0.0
1999-08-04 12:00:00,4.4285000000000005,0.0
1999-08-05 12:00:00,4.3683000000000005,0.0
1999-08-06 12:00:00,4.1328000000000005,0.0
1999-08-07 12:00:00,3.9467000000000003,0.0
1999-08-08 12:00:00,3.7854,0.0
1999-08-09 12:00:00,3.6343,0.0
1999-08-10 12:00:00,3.7298,0.0
1999-08-11 12:00:00,3.8598000000000003,0.0
1999-08-12 12:00:00,3.8897000000000004,0.0
1999-08-13 12:00:00,3.7793,0.0
1999-08-14 12:00:00,3.8097000000000003,0.0
1999-08-15 12:00:00,3.9585000000000004,0.0
1999-08-16 12:00:00,3.8755,0.0
1999-08-17 12:00:00,3.5241000000000002,0.0
1999-08-18 12:00:00,3.3995,0.0
1999-08-19 12:00:00,12.6164,0.0
1999-08-20 12:00:00,11.805800000000001,0.0
1999-08-21 12:00:00,9.449300000000001,0.0
1999-08-22 12:00:00,8.112400000000001,0.0
1999-08-23 12:00:00,7.314500000000001,0.0
1999-08-24 12:00:00,6.810700000000001,0.0
1999-08-25 12:00:00,6.2887,0.0
1999-08-26 12:00:00,5.9486,0.0
1999-08-27 12:00:00,5.7039,0.0
1999-08-28 12:00:00,5.5888,0.0
1999-08-29 12:00:00,5.7503,0.0
1999-08-30 12:00:00,6.3875,0.0
1999-08-31 12:00:00,6.1999,0.0
1999-09-01 12:00:00,5.934,0.0
1999-09-02 12:00:00,5.747,0.0
1999-09-03 12:00:00,5.4485,0.0
1999-09-04 12:00:00,5.3841,0.0
1999-09-05 12:00:00,5.7917000000000005,0.0
1999-09-06 12:00:00,19.4175,0.0
1999-09-07 12:00:00,15.1615,0.0
1999-09-08 12:00:00,12.41,0.0
1999-09-09 12:00:00,10.7005,0.0
1999-09-10 12:00:00,9.3199,0.0
1999-09-11 12:00:00,8.5466,0.0
1999-09-12 12:00:00,8.045200000000001,0.0
1999-09-13 12:00:00,7.6996,0.0
1999-09-14 12:00:00,7.3256000000000006,0.0
1999-09-15 12:00:00,7.0543000000000005,0.0
1999-09-16 12:00:00,6.717700000000001,0.0
1999-09-17 12:00:00,6.6122000000000005,0.0
1999-09-18 12:00:00,6.825,0.0
1999-09-19 12:00:00,6.4907,0.0
1999-09-20 12:00:00,6.5521,0.0
1999-09-21 12:00:00,6.069,0.0
1999-09-22 12:00:00,5.605300000000001,0.0
1999-09-23 12:00:00,5.2489,0.0
1999-09-24 12:00:00,5.1989,0.0
1999-09-25 12:00:00,5.2232,0.0
1999-09-26 12:00:00,4.876,0.0
1999-09-27 12:00:00,4.545100000000001,0.0
1999-09-28 12:00:00,4.3632,0.0
1999-09-29 12:00:00,4.242900000000001,0.0
1999-09-30 12:00:00,4.2572,0.0
1999-10-01 12:00:00,4.414000000000001,0.0
1999-10-02 12:00:00,4.324800000000001,0.0
1999-10-03 12:00:00,4.2274,0.0
1999-10-04 12:00:00,4.3226,0.0
1999-10-05 12:00:00,4.0647,0.0
1999-10-06 12:00:00,3.8695000000000004,0.0
1999-10-07 12:00:00,3.7851000000000004,0.0
1999-10-08 12:00:00,3.736,0.0
1999-10-09 12:00:00,3.6828000000000003,0.0
1999-10-10 12:00:00,3.6806,0.0
1999-10-11 12:00:00,3.6078,0.0
1999-10-12 12:00:00,3.5973,0.0
1999-10-13 12:00:00,3.4709000000000003,0.0
1999-10-14 12:00:00,3.1714,0.0
1999-10-15 12:00:00,2.9773,0.0
1999-10-16 12:00:00,2.8725,0.0
1999-10-17 12:00:00,2.7734,0.0
1999-10-18 12:00:00,2.6718,0.0
1999-10-19 12:00:00,2.7226,0.0
1999-10-20 12:00:00,3.8941000000000003,0.0
1999-10-21 12:00:00,3.4136,0.0
1999-10-22 12:00:00,5.0454,0.0
1999-10-23 12:00:00,4.5791,0.0
1999-10-24 12:00:00,3.4226,0.0
1999-10-25 12:00:00,3.0483000000000002,0.0
1999-10-26 12:00:00,3.0897,0.0
1999-10-27 12:00:00,3.387,0.0
1999-10-28 12:00:00,2.9654000000000003,0.0
1999-10-29 12:00:00,4.461,0.0
1999-10-30 12:00:00,4.1309000000000005,0.0
1999-10-31 12:00:00,10.445500000000001,0.0
1999-11-01 12:00:00,13.0881,0.0
1999-11-02 12:00:00,8.2133,0.0
1999-11-03 12:00:00,6.5095,0.0
1999-11-04 12:00:00,5.8617,0.0
1999-11-05 12:00:00,5.324400000000001,0.0
1999-11-06 12:00:00,5.2468,0.0
1999-11-07 12:00:00,4.571000000000001,0.0
1999-11-08 12:00:00,3.9815,0.0
1999-11-09 12:00:00,4.516500000000001,0.0
1999-11-10 12:00:00,6.9958,0.0
1999-11-11 12:00:00,11.9864,0.0
1999-11-12 12:00:00,9.311,0.0
1999-11-13 12:00:00,7.791200000000001,0.0
1999-11-14 12:00:00,22.472900000000003,0.0
1999-11-15 12:00:00,115.5009,0.0
1999-11-16 12:00:00,225.068,0.0
1999-11-17 12:00:00,137.28740000000002,0.0
1999-11-18 12:00:00,84.5985,0.0
1999-11-19 12:00:00,63.813300000000005,0.0
1999-11-20 12:00:00,48.328900000000004,0.0
1999-11-21 12:00:00,34.1295,0.0
1999-11-22 12:00:00,26.271800000000002,0.0
1999-11-23 12:00:00,22.3386,0.0
1999-11-24 12:00:00,19.4906,0.0
1999-11-25 12:00:00,16.596500000000002,0.0
1999-11-26 12:00:00,15.0028,0.0
1999-11-27 12:00:00,14.6667,0.0
1999-11-28 12:00:00,13.5675,0.0
1999-11-29 12:00:00,12.2269,0.0
1999-11-30 12:00:00,10.6239,0.0
1999-12-01 12:00:00,9.4955,0.0
1999-12-02 12:00:00,8.8312,0.0
1999-12-03 12:00:00,8.2189,0.0
1999-12-04 12:00:00,7.5357,0.0
1999-12-05 12:00:00,7.0760000000000005,0.0
1999-12-06 12:00:00,6.7502,0.0
1999-12-07 12:00:00,6.2611,0.0
1999-12-08 12:00:00,5.884,0.0
1999-12-09 12:00:00,5.6027000000000005,0.0
1999-12-10 12:00:00,5.4915,0.0
1999-12-11 12:00:00,5.2473,0.0
1999-12-12 12:00:00,5.6305000000000005,0.0
1999-12-13 12:00:00,8.2666,0.0
1999-12-14 12:00:00,6.0376,0.0
1999-12-15 12:00:00,4.8032,0.0
1999-12-16 12:00:00,5.4103,0.0
1999-12-17 12:00:00,6.051900000000001,0.0
1999-12-18 12:00:00,5.8828000000000005,0.0
1999-12-19 12:00:00,5.843100000000001,0.0
1999-12-20 12:00:00,5.3865,0.0
1999-12-21 12:00:00,5.0715,0.0
1999-12-22 12:00:00,4.814500000000001,0.0
1999-12-23 12:00:00,4.9715,0.0
1999-12-24 12:00:00,4.809,0.0
1999-12-25 12:00:00,4.4878,0.0
1999-12-26 12:00:00,4.186100000000001,0.0
1999-12-27 12:00:00,4.1562,0.0
1999-12-28 12:00:00,4.057,0.0
1999-12-29 12:00:00,3.8274000000000004,0.0
1999-12-30 12:00:00,3.9059000000000004,0.0
1999-12-31 12:00:00,4.4504,0.0
2000-01-01 12:00:00,5.4862,0.0
2000-01-02 12:00:00,12.7781,0.0
2000-01-03 12:00:00,10.6454,0.0
2000-01-04 12:00:00,11.3541,0.0
2000-01-05 12:00:00,8.999,0.0
2000-01-06 12:00:00,7.251,0.0
2000-01-07 12:00:00,6.5208,0.0
2000-01-08 12:00:00,5.9424,0.0
2000-01-09 12:00:00,5.3047,0.0
2000-01-10 12:00:00,4.8933,0.0
2000-01-11 12:00:00,4.5943000000000005,0.0
2000-01-12 12:00:00,4.3684,0.0
2000-01-13 12:00:00,4.2642,0.0
2000-01-14 12:00:00,4.1589,0.0
2000-01-15 12:00:00,4.0041,0.0
2000-01-16 12:00:00,3.8604000000000003,0.0
2000-01-17 12:00:00,3.7326,0.0
2000-01-18 12:00:00,3.6478,0.0
2000-01-19 12:00:00,3.5071000000000003,0.0
2000-01-20 12:00:00,3.4884,0.0
2000-01-21 12:00:00,3.7697000000000003,0.0
2000-01-22 12:00:00,3.3911000000000002,0.0
2000-01-23 12:00:00,8.3393,0.0
2000-01-24 12:00:00,8.4171,0.0
2000-01-25 12:00:00,7.257700000000001,0.0
2000-01-26 12:00:00,5.9119,0.0
2000-01-27 12:00:00,5.1237,0.0
2000-01-28 12:00:00,4.7094000000000005,0.0
2000-01-29 12:00:00,8.0203,0.0
2000-01-30 12:00:00,8.2416,0.0
2000-01-31 12:00:00,7.1329,0.0
2000-02-01 12:00:00,6.287,0.0
2000-02-02 12:00:00,5.5789,0.0
2000-02-03 12:00:00,5.1939,0.0
2000-02-04 12:00:00,4.8276,0.0
2000-02-05 12:00:00,4.739,0.0
2000-02-06 12:00:00,4.5135000000000005,0.0
2000-02-07 12:00:00,4.127800000000001,0.0
2000-02-08 12:00:00,3.862,0.0
2000-02-09 12:00:00,3.7575000000000003,0.0
2000-02-10 12:00:00,3.585,0.0
2000-02-11 12:00:00,3.4574000000000003,0.0
2000-02-12 12:00:00,3.4856000000000003,0.0
2000-02-13 12:00:00,4.355700000000001,0.0
2000-02-14 12:00:00,3.8732,0.0
2000-02-15 12:00:00,4.0065,0.0
2000-02-16 12:00:00,6.6357,0.0
2000-02-17 12:00:00,4.0888,0.0
2000-02-18 12:00:00,3.6233,0.0
2000-02-19 12:00:00,3.3758000000000004,0.0
2000-02-20 12:00:00,3.1326,0.0
2000-02-21 12:00:00,3.0331,0.0
2000-02-22 12:00:00,2.9306,0.0
2000-02-23 12:00:00,2.7394000000000003,0.0
2000-02-24 12:00:00,2.7076000000000002,0.0
2000-02-25 12:00:00,2.6861,0.0
2000-02-26 12:00:00,2.5778000000000003,0.0
2000-02-27 12:00:00,2.4816000000000003,0.0
2000-02-28 12:00:00,2.4209,0.0
2000-02-29 12:00:00,2.3871,0.0
2000-03-01 12:00:00,2.3568000000000002,0.0
2000-03-02 12:00:00,2.2966,0.0
2000-03-03 12:00:00,2.2836000000000003,0.0
2000-03-04 12:00:00,2.2071,0.0
2000-03-05 12:00:00,2.1387,0.0
2000-03-06 12:00:00,2.1305,0.0
2000-03-07 12:00:00,2.1186000000000003,0.0
2000-03-08 12:00:00,2.2056,0.0
2000-03-09 12:00:00,2.1559,0.0
2000-03-10 12:00:00,2.119,0.0
2000-03-11 12:00:00,2.1239,0.0
2000-03-12 12:00:00,5.5282,0.0
2000-03-13 12:00:00,3.7615000000000003,0.0
2000-03-14 12:00:00,2.8466,0.0
2000-03-15 12:00:00,2.6878,0.0
2000-03-16 12:00:00,2.5260000000000002,0.0
2000-03-17 12:00:00,2.3664,0.0
2000-03-18 12:00:00,2.1535,0.0
2000-03-19 12:00:00,2.2137000000000002,0.0
2000-03-20 12:00:00,2.807,0.0
2000-03-21 12:00:00,2.6871,0.0
2000-03-22 12:00:00,2.3760000000000003,0.0
2000-03-23 12:00:00,2.3156000000000003,0.0
2000-03-24 12:00:00,2.2595,0.0
2000-03-25 12:00:00,2.2207,0.0
2000-03-26 12:00:00,2.1872000000000003,0.0
2000-03-27 12:00:00,2.2116000000000002,0.0
2000-03-28 12:00:00,2.2358000000000002,0.0
2000-03-29 12:00:00,2.4008000000000003,0.0
2000-03-30 12:00:00,2.3857,0.0
2000-03-31 12:00:00,2.3105,0.0
2000-04-01 12:00:00,2.6310000000000002,0.0
2000-04-02 12:00:00,2.491,0.0
2000-04-03 12:00:00,3.4582,0.0
2000-04-04 12:00:00,3.0238,0.0
2000-04-05 12:00:00,3.2552000000000003,0.0
2000-04-06 12:00:00,6.1531,0.0
2000-04-07 12:00:00,5.5865,0.0
2000-04-08 12:00:00,4.3769,0.0
2000-04-09 12:00:00,3.9325,0.0
2000-04-10 12:00:00,3.5906000000000002,0.0
2000-04-11 12:00:00,3.1762,0.0
2000-04-12 12:00:00,2.9810000000000003,0.0
2000-04-13 12:00:00,2.9325,0.0
2000-04-14 12:00:00,2.8197,0.0
2000-04-15 12:00:00,2.7603,0.0
2000-04-16 12:00:00,2.7528,0.0
2000-04-17 12:00:00,3.0134000000000003,0.0
2000-04-18 12:00:00,3.0739,0.0
2000-04-19 12:00:00,3.1428000000000003,0.0
2000-04-20 12:00:00,3.2142,0.0
2000-04-21 12:00:00,3.0586,0.0
2000-04-22 12:00:00,3.8687,0.0
2000-04-23 12:00:00,4.0187,0.0
2000-04-24 12:00:00,4.0787,0.0
2000-04-25 12:00:00,3.3111,0.0
2000-04-26 12:00:00,3.0795000000000003,0.0
2000-04-27 12:00:00,2.9075,0.0
2000-04-28 12:00:00,2.6917,0.0
2000-04-29 12:00:00,2.7678000000000003,0.0
2000-04-30 12:00:00,2.6675,0.0
2000-05-01 12:00:00,2.6075,0.0
2000-05-02 12:00:00,2.6168,0.0
2000-05-03 12:00:00,2.5993,0.0
2000-05-04 12:00:00,2.6765000000000003,0.0
2000-05-05 12:00:00,2.6926,0.0
2000-05-06 12:00:00,9.0078,0.0
2000-05-07 12:00:00,8.2619,0.0
2000-05-08 12:00:00,6.0243,0.0
2000-05-09 12:00:00,6.997800000000001,0.0
2000-05-10 12:00:00,6.746,0.0
2000-05-11 12:00:00,6.4004,0.0
2000-05-12 12:00:00,6.011,0.0
2000-05-13 12:00:00,5.5357,0.0
2000-05-14 12:00:00,5.4449000000000005,0.0
2000-05-15 12:00:00,5.6528,0.0
2000-05-16 12:00:00,4.9919,0.0
2000-05-17 12:00:00,4.7395000000000005,0.0
2000-05-18 12:00:00,4.5603,0.0
2000-05-19 12:00:00,4.7253,0.0
2000-05-20 12:00:00,8.4395,0.0
2000-05-21 12:00:00,7.3151,0.0
2000-05-22 12:00:00,6.368200000000001,0.0
2000-05-23 12:00:00,5.7373,0.0
2000-05-24 12:00:00,5.3157000000000005,0.0
2000-05-25 12:00:00,4.8006,0.0
2000-05-26 12:00:00,4.4430000000000005,0.0
2000-05-27 12:00:00,4.220000000000001,0.0
2000-05-28 12:00:00,4.7069,0.0
2000-05-29 12:00:00,15.5555,0.0
2000-05-30 12:00:00,28.8348,0.0
2000-05-31 12:00:00,70.4338,0.0
2000-06-01 12:00:00,44.793,0.0
2000-06-02 12:00:00,28.9816,0.0
2000-06-03 12:00:00,22.5914,0.0
2000-06-04 12:00:00,18.4099,0.0
2000-06-05 12:00:00,15.008700000000001,0.0
2000-06-06 12:00:00,12.779300000000001,0.0
2000-06-07 12:00:00,10.975100000000001,0.0
2000-06-08 12:00:00,9.5652,0.0
2000-06-09 12:00:00,15.803600000000001,0.0
2000-06-10 12:00:00,16.8353,0.0
2000-06-11 12:00:00,14.730500000000001,0.0
2000-06-12 12:00:00,12.505,0.0
2000-06-13 12:00:00,11.1348,0.0
2000-06-14 12:00:00,10.4497,0.0
2000-06-15 12:00:00,10.2024,0.0
2000-06-16 12:00:00,18.6053,0.0
2000-06-17 12:00:00,31.8256,0.0
2000-06-18 12:00:00,27.1395,0.0
2000-06-19 12:00:00,22.616400000000002,0.0
2000-06-20 12:00:00,18.741500000000002,0.0
2000-06-21 12:00:00,15.9021,0.0
2000-06-22 12:00:00,18.1154,0.0
2000-06-23 12:00:00,87.7839,0.0
2000-06-24 12:00:00,126.3408,0.0
2000-06-25 12:00:00,79.0477,0.0
2000-06-26 12:00:00,51.2081,0.0
2000-06-27 12:00:00,38.7975,0.0
2000-06-28 12:00:00,31.4586,0.0
2000-06-29 12:00:00,25.9764,0.0
2000-06-30 12:00:00,22.5136,0.0
2000-07-01 12:00:00,20.2221,0.0
2000-07-02 12:00:00,17.613500000000002,0.0
2000-07-03 12:00:00,15.7207,0.0
2000-07-04 12:00:00,14.1013,0.0
2000-07-05 12:00:00,12.8087,0.0
2000-07-06 12:00:00,11.890600000000001,0.0
2000-07-07 12:00:00,11.0709,0.0
2000-07-08 12:00:00,10.4978,0.0
2000-07-09 12:00:00,10.1038,0.0
2000-07-10 12:00:00,9.6121,0.0
2000-07-11 12:00:00,9.2958,0.0
2000-07-12 12:00:00,8.8824,0.0
2000-07-13 12:00:00,8.4143,0.0
2000-07-14 12:00:00,7.8886,0.0
2000-07-15 12:00:00,7.4923,0.0
2000-07-16 12:00:00,7.201700000000001,0.0
2000-07-17 12:00:00,6.9186000000000005,0.0
2000-07-18 12:00:00,6.5444,0.0
2000-07-19 12:00:00,6.5487,0.0
2000-07-20 12:00:00,7.2668,0.0
2000-07-21 12:00:00,8.4428,0.0
2000-07-22 12:00:00,6.9668,0.0
2000-07-23 12:00:00,6.4126,0.0
2000-07-24 12:00:00,6.1912,0.0
2000-07-25 12:00:00,6.8491,0.0
2000-07-26 12:00:00,60.0972,0.0
2000-07-27 12:00:00,58.6805,0.0
2000-07-28 12:00:00,41.9015,0.0
2000-07-29 12:00:00,35.5814,0.0
2000-07-30 12:00:00,32.3091,0.0
2000-07-31 12:00:00,29.4924,0.0
2000-08-01 12:00:00,27.52,0.0
2000-08-02 12:00:00,26.041700000000002,0.0
2000-08-03 12:00:00,24.9964,0.0
2000-08-04 12:00:00,24.116400000000002,0.0
2000-08-05 12:00:00,23.1357,0.0
2000-08-06 12:00:00,22.322000000000003,0.0
2000-08-07 12:00:00,21.6861,0.0
2000-08-08 12:00:00,21.4483,0.0
2000-08-09 12:00:00,22.2194,0.0
2000-08-10 12:00:00,25.2558,0.0
2000-08-11 12:00:00,22.973100000000002,0.0
2000-08-12 12:00:00,21.742800000000003,0.0
2000-08-13 12:00:00,21.061600000000002,0.0
2000-08-14 12:00:00,20.6203,0.0
2000-08-15 12:00:00,20.4798,0.0
2000-08-16 12:00:00,20.4724,0.0
2000-08-17 12:00:00,23.397000000000002,0.0
2000-08-18 12:00:00,24.2158,0.0
2000-08-19 12:00:00,24.211100000000002,0.0
2000-08-20 12:00:00,24.1199,0.0
2000-08-21 12:00:00,23.1339,0.0
2000-08-22 12:00:00,22.2851,0.0
2000-08-23 12:00:00,21.631600000000002,0.0
2000-08-24 12:00:00,21.352600000000002,0.0
2000-08-25 12:00:00,21.6154,0.0
2000-08-26 12:00:00,21.5577,0.0
2000-08-27 12:00:00,21.5909,0.0
2000-08-28 12:00:00,22.108,0.0
2000-08-29 12:00:00,25.618000000000002,0.0
2000-08-30 12:00:00,25.5101,0.0
2000-08-31 12:00:00,22.9284,0.0
2000-09-01 12:00:00,19.9985,0.0
2000-09-02 12:00:00,15.1243,0.0
2000-09-03 12:00:00,12.9414,0.0
2000-09-04 12:00:00,11.8849,0.0
2000-09-05 12:00:00,11.8541,0.0
2000-09-06 12:00:00,14.9677,0.0
2000-09-07 12:00:00,20.537100000000002,0.0
2000-09-08 12:00:00,28.898300000000003,0.0
2000-09-09 12:00:00,39.0165,0.0
2000-09-10 12:00:00,34.5764,0.0
2000-09-11 12:00:00,29.943800000000003,0.0
2000-09-12 12:00:00,26.847,0.0
2000-09-13 12:00:00,25.1844,0.0
2000-09-14 12:00:00,24.235100000000003,0.0
2000-09-15 12:00:00,22.9971,0.0
2000-09-16 12:00:00,22.817500000000003,0.0
2000-09-17 12:00:00,24.8227,0.0
2000-09-18 12:00:00,34.8143,0.0
2000-09-19 12:00:00,36.165,0.0
2000-09-20 12:00:00,31.180200000000003,0.0
2000-09-21 12:00:00,25.5299,0.0
2000-09-22 12:00:00,21.752200000000002,0.0
2000-09-23 12:00:00,19.4161,0.0
2000-09-24 12:00:00,17.6136,0.0
2000-09-25 12:00:00,15.761800000000001,0.0
2000-09-26 12:00:00,14.265500000000001,0.0
2000-09-27 12:00:00,13.0972,0.0
2000-09-28 12:00:00,14.1957,0.0
2000-09-29 12:00:00,17.3242,0.0
2000-09-30 12:00:00,16.880100000000002,0.0
2000-10-01 12:00:00,21.5702,0.0
2000-10-02 12:00:00,21.0543,0.0
2000-10-03 12:00:00,22.1183,0.0
2000-10-04 12:00:00,21.1886,0.0
2000-10-05 12:00:00,21.128600000000002,0.0
2000-10-06 12:00:00,20.4383,0.0
2000-10-07 12:00:00,18.3525,0.0
2000-10-08 12:00:00,17.9909,0.0
2000-10-09 12:00:00,15.4185,0.0
2000-10-10 12:00:00,14.5906,0.0
2000-10-11 12:00:00,14.8581,0.0
2000-10-12 12:00:00,12.8366,0.0
2000-10-13 12:00:00,12.195500000000001,0.0
2000-10-14 12:00:00,12.9967,0.0
2000-10-15 12:00:00,15.0386,0.0
2000-10-16 12:00:00,14.2879,0.0
2000-10-17 12:00:00,13.231200000000001,0.0
2000-10-18 12:00:00,12.830200000000001,0.0
2000-10-19 12:00:00,12.2063,0.0
2000-10-20 12:00:00,11.658900000000001,0.0
2000-10-21 12:00:00,10.9928,0.0
2000-10-22 12:00:00,10.7613,0.0
2000-10-23 12:00:00,10.8123,0.0
2000-10-24 12:00:00,10.7437,0.0
2000-10-25 12:00:00,9.9633,0.0
2000-10-26 12:00:00,9.2719,0.0
2000-10-27 12:00:00,9.0913,0.0
2000-10-28 12:00:00,8.958400000000001,0.0
2000-10-29 12:00:00,8.7898,0.0
2000-10-30 12:00:00,8.3474,0.0
2000-10-31 12:00:00,7.7881,0.0
2000-11-01 12:00:00,7.4388000000000005,0.0
2000-11-02 12:00:00,7.0375000000000005,0.0
2000-11-03 12:00:00,6.6596,0.0
2000-11-04 12:00:00,6.4897,0.0
2000-11-05 12:00:00,6.3792,0.0
2000-11-06 12:00:00,6.815600000000001,0.0
2000-11-07 12:00:00,6.214700000000001,0.0
2000-11-08 12:00:00,5.687,0.0
2000-11-09 12:00:00,5.465800000000001,0.0
2000-11-10 12:00:00,5.258,0.0
2000-11-11 12:00:00,5.175800000000001,0.0
2000-11-12 12:00:00,5.758900000000001,0.0
2000-11-13 12:00:00,5.204400000000001,0.0
2000-11-14 12:00:00,4.9695,0.0
2000-11-15 12:00:00,4.7490000000000006,0.0
2000-11-16 12:00:00,4.5271,0.0
2000-11-17 12:00:00,4.424300000000001,0.0
2000-11-18 12:00:00,4.2705,0.0
2000-11-19 12:00:00,4.176200000000001,0.0
2000-11-20 12:00:00,3.9695,0.0
2000-11-21 12:00:00,3.9411,0.0
2000-11-22 12:00:00,3.774,0.0
2000-11-23 12:00:00,4.2107,0.0
2000-11-24 12:00:00,3.9657,0.0
2000-11-25 12:00:00,3.5574000000000003,0.0
2000-11-26 12:00:00,3.482,0.0
2000-11-27 12:00:00,5.8401000000000005,0.0
2000-11-28 12:00:00,4.9242,0.0
2000-11-29 12:00:00,4.418,0.0
2000-11-30 12:00:00,3.8126,0.0
2000-12-01 12:00:00,3.8239,0.0
2000-12-02 12:00:00,6.0293,0.0
2000-12-03 12:00:00,4.3201,0.0
2000-12-04 12:00:00,3.7975000000000003,0.0
2000-12-05 12:00:00,3.5342000000000002,0.0
2000-12-06 12:00:00,3.3903000000000003,0.0
2000-12-07 12:00:00,3.2415000000000003,0.0
2000-12-08 12:00:00,3.1383,0.0
2000-12-09 12:00:00,3.0071000000000003,0.0
2000-12-10 12:00:00,3.004,0.0
2000-12-11 12:00:00,3.8006,0.0
2000-12-12 12:00:00,3.0501,0.0
2000-12-13 12:00:00,3.7472000000000003,0.0
2000-12-14 12:00:00,3.1254,0.0
2000-12-15 12:00:00,2.8452,0.0
2000-12-16 12:00:00,2.5952,0.0
2000-12-17 12:00:00,2.4632,0.0
2000-12-18 12:00:00,2.349,0.0
2000-12-19 12:00:00,2.3023000000000002,0.0
2000-12-20 12:00:00,2.1917,0.0
2000-12-21 12:00:00,2.1718,0.0
2000-12-22 12:00:00,2.2405,0.0
2000-12-23 12:00:00,2.2561,0.0
2000-12-24 12:00:00,3.7276000000000002,0.0
2000-12-25 12:00:00,3.6803000000000003,0.0
2000-12-26 12:00:00,4.581,0.0
2000-12-27 12:00:00,4.3742,0.0
2000-12-28 12:00:00,3.6018000000000003,0.0
2000-12-29 12:00:00,4.6267000000000005,0.0
2000-12-30 12:00:00,4.4919,0.0
2000-12-31 12:00:00,3.9098,0.0
2001-01-01 12:00:00,3.4437,0.0
2001-01-02 12:00:00,3.0841000000000003,0.0
2001-01-03 12:00:00,2.7847,0.0
2001-01-04 12:00:00,2.6089,0.0
2001-01-05 12:00:00,2.5213,0.0
2001-01-06 12:00:00,2.7692,0.0
2001-01-07 12:00:00,2.9148,0.0
2001-01-08 12:00:00,2.7914000000000003,0.0
2001-01-09 12:00:00,5.6603,0.0
2001-01-10 12:00:00,3.9631000000000003,0.0
2001-01-11 12:00:00,3.3322000000000003,0.0
2001-01-12 12:00:00,3.0767,0.0
2001-01-13 12:00:00,2.9548,0.0
2001-01-14 12:00:00,2.6256,0.0
2001-01-15 12:00:00,4.5829,0.0
2001-01-16 12:00:00,4.2914,0.0
2001-01-17 12:00:00,3.3675,0.0
2001-01-18 12:00:00,3.0505,0.0
2001-01-19 12:00:00,2.8414,0.0
2001-01-20 12:00:00,2.6469,0.0
2001-01-21 12:00:00,2.5186,0.0
2001-01-22 12:00:00,2.3905000000000003,0.0
2001-01-23 12:00:00,2.3787000000000003,0.0
2001-01-24 12:00:00,2.1802,0.0
2001-01-25 12:00:00,2.5339,0.0
2001-01-26 12:00:00,2.2506,0.0
2001-01-27 12:00:00,2.1586000000000003,0.0
2001-01-28 12:00:00,2.0432,0.0
2001-01-29 12:00:00,1.9446,0.0
2001-01-30 12:00:00,1.9038000000000002,0.0
2001-01-31 12:00:00,1.919,0.0
2001-02-01 12:00:00,1.8592000000000002,0.0
2001-02-02 12:00:00,1.7634,0.0
2001-02-03 12:00:00,1.7497,0.0
2001-02-04 12:00:00,1.6441000000000001,0.0
2001-02-05 12:00:00,1.6363,0.0
2001-02-06 12:00:00,1.5986,0.0
2001-02-07 12:00:00,1.5543,0.0
2001-02-08 12:00:00,1.4572,0.0
2001-02-09 12:00:00,1.4124,0.0
2001-02-10 12:00:00,1.4332,0.0
2001-02-11 12:00:00,1.3701,0.0
2001-02-12 12:00:00,1.3318,0.0
2001-02-13 12:00:00,1.2458,0.0
2001-02-14 12:00:00,1.7100000000000002,0.0
2001-02-15 12:00:00,4.0037,0.0
2001-02-16 12:00:00,2.1447000000000003,0.0
2001-02-17 12:00:00,1.8474000000000002,0.0
2001-02-18 12:00:00,1.7211,0.0
2001-02-19 12:00:00,1.677,0.0
2001-02-20 12:00:00,1.6342,0.0
2001-02-21 12:00:00,1.5515,0.0
2001-02-22 12:00:00,1.5044000000000002,0.0
2001-02-23 12:00:00,1.4348,0.0
2001-02-24 12:00:00,1.4555,0.0
2001-02-25 12:00:00,1.5004000000000002,0.0
2001-02-26 12:00:00,1.4454,0.0
2001-02-27 12:00:00,1.4567,0.0
2001-02-28 12:00:00,1.3589,0.0
2001-03-01 12:00:00,1.5290000000000001,0.0
2001-03-02 12:00:00,1.4243000000000001,0.0
2001-03-03 12:00:00,1.3754,0.0
2001-03-04 12:00:00,1.3223,0.0
2001-03-05 12:00:00,1.2981,0.0
2001-03-06 12:00:00,1.2731000000000001,0.0
2001-03-07 12:00:00,1.2205000000000001,0.0
2001-03-08 12:00:00,1.2412,0.0
2001-03-09 12:00:00,1.2876,0.0
2001-03-10 12:00:00,1.2489000000000001,0.0
2001-03-11 12:00:00,1.2212,0.0
2001-03-12 12:00:00,1.2682,0.0
2001-03-13 12:00:00,1.2504,0.0
2001-03-14 12:00:00,1.1815,0.0
2001-03-15 12:00:00,1.1772,0.0
2001-03-16 12:00:00,1.1837,0.0
2001-03-17 12:00:00,1.1811,0.0
2001-03-18 12:00:00,1.147,0.0
2001-03-19 12:00:00,1.1340000000000001,0.0
2001-03-20 12:00:00,1.1179000000000001,0.0
2001-03-21 12:00:00,1.1121,0.0
2001-03-22 12:00:00,1.0796000000000001,0.0
2001-03-23 12:00:00,1.0566,0.0
2001-03-24 12:00:00,1.0942,0.0
2001-03-25 12:00:00,1.0408,0.0
2001-03-26 12:00:00,1.1281,0.0
2001-03-27 12:00:00,1.4659,0.0
2001-03-28 12:00:00,1.9274,0.0
2001-03-29 12:00:00,1.4778,0.0
2001-03-30 12:00:00,1.2748000000000002,0.0
2001-03-31 12:00:00,1.2055,0.0
2001-04-01 12:00:00,1.1707,0.0
2001-04-02 12:00:00,1.2399,0.0
2001-04-03 12:00:00,1.2601,0.0
2001-04-04 12:00:00,1.3671,0.0
2001-04-05 12:00:00,1.5003,0.0
2001-04-06 12:00:00,1.2092,0.0
2001-04-07 12:00:00,1.1589,0.0
2001-04-08 12:00:00,1.1478000000000002,0.0
2001-04-09 12:00:00,1.7607000000000002,0.0
2001-04-10 12:00:00,1.7849000000000002,0.0
2001-04-11 12:00:00,1.4098000000000002,0.0
2001-04-12 12:00:00,1.344,0.0
2001-04-13 12:00:00,1.3054000000000001,0.0
2001-04-14 12:00:00,1.2748000000000002,0.0
2001-04-15 12:00:00,1.2423,0.0
2001-04-16 12:00:00,1.2278,0.0
2001-04-17 12:00:00,1.2129,0.0
2001-04-19 12:00:00,1.2007,0.0
2001-04-20 12:00:00,1.2516,0.0
2001-04-21 12:00:00,1.2931000000000001,0.0
2001-04-22 12:00:00,1.2687000000000002,0.0
2001-04-23 12:00:00,1.2565,0.0
2001-04-24 12:00:00,1.2443,0.0
2001-04-25 12:00:00,1.229,0.0
2001-04-26 12:00:00,1.2077,0.0
2001-04-27 12:00:00,1.2085000000000001,0.0
2001-04-28 12:00:00,1.198,0.0
2001-04-29 12:00:00,1.1885000000000001,0.0
2001-04-30 12:00:00,1.1955,0.0
2001-05-01 12:00:00,1.3044,0.0
2001-05-02 12:00:00,1.3546,0.0
2001-05-03 12:00:00,1.2993000000000001,0.0
2001-05-04 12:00:00,1.2583,0.0
2001-05-05 12:00:00,1.2611,0.0
2001-05-06 12:00:00,1.6555,0.0
2001-05-07 12:00:00,1.7303000000000002,0.0
2001-05-08 12:00:00,1.8243,0.0
2001-05-09 12:00:00,1.564,0.0
2001-05-10 12:00:00,1.5277,0.0
2001-05-11 12:00:00,1.9037000000000002,0.0
2001-05-12 12:00:00,2.2991,0.0
2001-05-13 12:00:00,1.9465000000000001,0.0
2001-05-14 12:00:00,1.7297,0.0
2001-05-15 12:00:00,1.5887,0.0
2001-05-16 12:00:00,1.5269000000000001,0.0
2001-05-17 12:00:00,1.9265,0.0
2001-05-18 12:00:00,2.7452,0.0
2001-05-19 12:00:00,2.0644,0.0
2001-05-20 12:00:00,2.0421,0.0
2001-05-21 12:00:00,1.7952000000000001,0.0
2001-05-22 12:00:00,1.6446,0.0
2001-05-23 12:00:00,2.0276,0.0
2001-05-24 12:00:00,3.0819,0.0
2001-05-25 12:00:00,2.0122,0.0
2001-05-26 12:00:00,1.8208000000000002,0.0
2001-05-27 12:00:00,1.7066000000000001,0.0
2001-05-28 12:00:00,1.4827000000000001,0.0
2001-05-29 12:00:00,1.2747000000000002,0.0
2001-05-30 12:00:00,1.2337,0.0
2001-05-31 12:00:00,1.5385,0.0
2001-06-01 12:00:00,1.5738,0.0
2001-06-02 12:00:00,1.4553,0.0
2001-06-03 12:00:00,1.4360000000000002,0.0
2001-06-04 12:00:00,1.4309,0.0
2001-06-05 12:00:00,1.3531,0.0
2001-06-06 12:00:00,1.4683000000000002,0.0
2001-06-07 12:00:00,1.5304,0.0
2001-06-08 12:00:00,2.9129,0.0
2001-06-09 12:00:00,3.9848000000000003,0.0
2001-06-10 12:00:00,2.4773,0.0
2001-06-11 12:00:00,2.198,0.0
2001-06-12 12:00:00,2.0691,0.0
2001-06-13 12:00:00,2.1183,0.0
2001-06-14 12:00:00,4.3746,0.0
2001-06-15 12:00:00,4.947,0.0
2001-06-16 12:00:00,3.9421000000000004,0.0
2001-06-17 12:00:00,3.5315000000000003,0.0
2001-06-18 12:00:00,3.0776000000000003,0.0
2001-06-19 12:00:00,2.766,0.0
2001-06-20 12:00:00,2.5881000000000003,0.0
2001-06-21 12:00:00,4.398000000000001,0.0
2001-06-22 12:00:00,4.0976,0.0
2001-06-23 12:00:00,4.4751,0.0
2001-06-24 12:00:00,3.7824,0.0
2001-06-25 12:00:00,3.4264,0.0
2001-06-26 12:00:00,10.5038,0.0
2001-06-27 12:00:00,10.687700000000001,0.0
2001-06-28 12:00:00,7.6639,0.0
2001-06-29 12:00:00,5.9991,0.0
2001-06-30 12:00:00,4.8001000000000005,0.0
2001-07-01 12:00:00,4.1397,0.0
2001-07-02 12:00:00,3.498,0.0
2001-07-03 12:00:00,3.6422000000000003,0.0
2001-07-04 12:00:00,3.3873,0.0
2001-07-05 12:00:00,3.1769000000000003,0.0
2001-07-06 12:00:00,2.8904,0.0
2001-07-07 12:00:00,2.7238,0.0
2001-07-08 12:00:00,2.4187000000000003,0.0
2001-07-09 12:00:00,2.2442,0.0
2001-07-10 12:00:00,3.1717,0.0
2001-07-11 12:00:00,2.72,0.0
2001-07-12 12:00:00,2.7983000000000002,0.0
2001-07-13 12:00:00,2.5972,0.0
2001-07-14 12:00:00,2.1366,0.0
2001-07-15 12:00:00,1.9632,0.0
2001-07-16 12:00:00,2.7872000000000003,0.0
2001-07-17 12:00:00,2.6792000000000002,0.0
2001-07-18 12:00:00,2.5222,0.0
2001-07-19 12:00:00,3.3107,0.0
2001-07-20 12:00:00,3.5677000000000003,0.0
2001-07-21 12:00:00,3.1819,0.0
2001-07-22 12:00:00,2.4587000000000003,0.0
2001-07-23 12:00:00,2.2576,0.0
2001-07-24 12:00:00,2.3324000000000003,0.0
2001-07-25 12:00:00,2.242,0.0
2001-07-26 12:00:00,2.2797,0.0
2001-07-27 12:00:00,2.6001000000000003,0.0
2001-07-28 12:00:00,4.4012,0.0
2001-07-29 12:00:00,3.939,0.0
2001-07-30 12:00:00,3.0921000000000003,0.0
2001-07-31 12:00:00,2.9848000000000003,0.0
2001-08-01 12:00:00,4.579000000000001,0.0
2001-08-02 12:00:00,3.9753000000000003,0.0
2001-08-03 12:00:00,3.0806,0.0
2001-08-04 12:00:00,2.8075,0.0
2001-08-05 12:00:00,2.6972,0.0
2001-08-06 12:00:00,2.6748000000000003,0.0
2001-08-07 12:00:00,3.2800000000000002,0.0
2001-08-08 12:00:00,3.4926000000000004,0.0
2001-08-09 12:00:00,3.6565000000000003,0.0
2001-08-10 12:00:00,4.0136,0.0
2001-08-11 12:00:00,3.9069000000000003,0.0
2001-08-12 12:00:00,3.6449000000000003,0.0
2001-08-13 12:00:00,3.4992,0.0
2001-08-14 12:00:00,3.1865,0.0
2001-08-15 12:00:00,2.962,0.0
2001-08-16 12:00:00,2.9526000000000003,0.0
2001-08-17 12:00:00,3.0121,0.0
2001-08-18 12:00:00,2.9536000000000002,0.0
2001-08-19 12:00:00,3.1114,0.0
2001-08-20 12:00:00,3.1454,0.0
2001-08-21 12:00:00,4.6383,0.0
2001-08-22 12:00:00,4.6207,0.0
2001-08-23 12:00:00,4.2014000000000005,0.0
2001-08-24 12:00:00,4.0417000000000005,0.0
2001-08-25 12:00:00,4.4270000000000005,0.0
2001-08-26 12:00:00,4.3699,0.0
2001-08-27 12:00:00,4.1481,0.0
2001-08-28 12:00:00,3.9585000000000004,0.0
2001-08-29 12:00:00,3.7972,0.0
2001-08-30 12:00:00,3.6551,0.0
2001-08-31 12:00:00,3.4985000000000004,0.0
2001-09-01 12:00:00,3.3282000000000003,0.0
2001-09-02 12:00:00,3.1568,0.0
2001-09-03 12:00:00,3.0468,0.0
2001-09-04 12:00:00,2.9962,0.0
2001-09-05 12:00:00,3.0411,0.0
2001-09-06 12:00:00,2.9653,0.0
2001-09-07 12:00:00,2.866,0.0
2001-09-08 12:00:00,2.7771000000000003,0.0
2001-09-09 12:00:00,2.69,0.0
2001-09-10 12:00:00,2.6355,0.0
2001-09-11 12:00:00,2.5933,0.0
2001-09-12 12:00:00,2.5460000000000003,0.0
2001-09-13 12:00:00,2.4855,0.0
2001-09-14 12:00:00,2.5052000000000003,0.0
2001-09-15 12:00:00,2.8838,0.0
2001-09-16 12:00:00,2.9671000000000003,0.0
2001-09-17 12:00:00,3.988,0.0
2001-09-18 12:00:00,3.1838,0.0
2001-09-19 12:00:00,2.8799,0.0
2001-09-20 12:00:00,3.2106000000000003,0.0
2001-09-21 12:00:00,3.1595,0.0
2001-09-22 12:00:00,2.8435,0.0
2001-09-23 12:00:00,2.6744000000000003,0.0
2001-09-24 12:00:00,2.5237000000000003,0.0
2001-09-25 12:00:00,2.5266,0.0
2001-09-26 12:00:00,2.6888,0.0
2001-09-27 12:00:00,2.9283,0.0
2001-09-28 12:00:00,2.6027,0.0
2001-09-29 12:00:00,2.4505,0.0
2001-09-30 12:00:00,2.5112,0.0
2001-10-01 12:00:00,2.5629,0.0
2001-10-02 12:00:00,2.5632,0.0
2001-10-03 12:00:00,2.3850000000000002,0.0
2001-10-04 12:00:00,2.31,0.0
2001-10-05 12:00:00,2.3462,0.0
2001-10-06 12:00:00,2.3363,0.0
2001-10-07 12:00:00,2.2425,0.0
2001-10-08 12:00:00,2.2132,0.0
2001-10-09 12:00:00,2.1992000000000003,0.0
2001-10-10 12:00:00,2.1551,0.0
2001-10-11 12:00:00,1.9461000000000002,0.0
2001-10-12 12:00:00,1.8724,0.0
2001-10-13 12:00:00,1.8159,0.0
2001-10-14 12:00:00,1.8253000000000001,0.0
2001-10-15 12:00:00,2.3178,0.0
2001-10-16 12:00:00,2.124,0.0
2001-10-17 12:00:00,1.8901000000000001,0.0
2001-10-18 12:00:00,1.7695,0.0
2001-10-19 12:00:00,2.2441,0.0
2001-10-20 12:00:00,2.9771,0.0
2001-10-21 12:00:00,2.4013,0.0
2001-10-22 12:00:00,2.117,0.0
2001-10-23 12:00:00,2.1017,0.0
2001-10-24 12:00:00,1.9647000000000001,0.0
2001-10-25 12:00:00,1.8543,0.0
2001-10-26 12:00:00,1.8099,0.0
2001-10-27 12:00:00,2.0253,0.0
2001-10-28 12:00:00,2.2384,0.0
2001-10-29 12:00:00,2.1392,0.0
2001-10-30 12:00:00,2.0329,0.0
2001-10-31 12:00:00,1.9935,0.0
2001-11-01 12:00:00,2.0773,0.0
2001-11-02 12:00:00,2.093,0.0
2001-11-03 12:00:00,2.4445,0.0
2001-11-04 12:00:00,2.064,0.0
2001-11-05 12:00:00,1.8297,0.0
2001-11-06 12:00:00,1.7492,0.0
2001-11-07 12:00:00,1.6601000000000001,0.0
2001-11-08 12:00:00,1.6301,0.0
2001-11-09 12:00:00,1.863,0.0
2001-11-10 12:00:00,1.6712,0.0
2001-11-11 12:00:00,1.4713,0.0
2001-11-12 12:00:00,1.653,0.0
2001-11-13 12:00:00,2.4149000000000003,0.0
2001-11-14 12:00:00,2.4658,0.0
2001-11-15 12:00:00,1.9386,0.0
2001-11-16 12:00:00,2.1177,0.0
2001-11-17 12:00:00,1.8355000000000001,0.0
2001-11-18 12:00:00,6.521,0.0
2001-11-19 12:00:00,6.3373,0.0
2001-11-20 12:00:00,4.4162,0.0
2001-11-21 12:00:00,3.8157,0.0
2001-11-22 12:00:00,3.4651,0.0
2001-11-23 12:00:00,3.2652,0.0
2001-11-24 12:00:00,2.8069,0.0
2001-11-25 12:00:00,2.5436,0.0
2001-11-26 12:00:00,2.4001,0.0
2001-11-27 12:00:00,2.3817,0.0
2001-11-28 12:00:00,2.2884,0.0
2001-11-29 12:00:00,2.1232,0.0
2001-11-30 12:00:00,2.0701,0.0
2001-12-01 12:00:00,2.2042,0.0
2001-12-02 12:00:00,1.9380000000000002,0.0
2001-12-03 12:00:00,1.897,0.0
2001-12-04 12:00:00,4.7062,0.0
2001-12-05 12:00:00,7.992100000000001,0.0
2001-12-06 12:00:00,7.367800000000001,0.0
2001-12-07 12:00:00,6.0478000000000005,0.0
2001-12-08 12:00:00,5.5003,0.0
2001-12-09 12:00:00,4.8406,0.0
2001-12-10 12:00:00,4.5463000000000005,0.0
2001-12-11 12:00:00,15.679,0.0
2001-12-12 12:00:00,11.932500000000001,0.0
2001-12-13 12:00:00,8.5787,0.0
2001-12-14 12:00:00,6.8973,0.0
2001-12-15 12:00:00,5.8381,0.0
2001-12-16 12:00:00,4.974,0.0
2001-12-17 12:00:00,5.037100000000001,0.0
2001-12-18 12:00:00,4.3188,0.0
2001-12-19 12:00:00,3.8955,0.0
2001-12-20 12:00:00,3.5899,0.0
2001-12-21 12:00:00,3.3782,0.0
2001-12-22 12:00:00,3.6035000000000004,0.0
2001-12-23 12:00:00,3.3996,0.0
2001-12-24 12:00:00,3.3275,0.0
2001-12-25 12:00:00,2.9088000000000003,0.0
2001-12-26 12:00:00,4.026,0.0
2001-12-27 12:00:00,3.9453,0.0
2001-12-28 12:00:00,4.6646,0.0
2001-12-29 12:00:00,5.764600000000001,0.0
2001-12-30 12:00:00,4.5711,0.0
2001-12-31 12:00:00,10.8572,0.0
2002-01-01 12:00:00,11.1811,0.0
2002-01-02 12:00:00,11.139100000000001,0.0
2002-01-03 12:00:00,35.7462,0.0
2002-01-04 12:00:00,20.4752,0.0
2002-01-05 12:00:00,14.286000000000001,0.0
2002-01-06 12:00:00,10.9132,0.0
2002-01-07 12:00:00,8.9722,0.0
2002-01-08 12:00:00,8.986500000000001,0.0
2002-01-09 12:00:00,10.695400000000001,0.0
2002-01-10 12:00:00,10.1882,0.0
2002-01-11 12:00:00,9.642800000000001,0.0
2002-01-12 12:00:00,9.037600000000001,0.0
2002-01-13 12:00:00,8.3124,0.0
2002-01-14 12:00:00,7.6988,0.0
2002-01-15 12:00:00,8.406600000000001,0.0
2002-01-16 12:00:00,6.8519000000000005,0.0
2002-01-17 12:00:00,6.6591000000000005,0.0
2002-01-18 12:00:00,8.5952,0.0
2002-01-19 12:00:00,7.115900000000001,0.0
2002-01-20 12:00:00,6.333200000000001,0.0
2002-01-21 12:00:00,5.9748,0.0
2002-01-22 12:00:00,5.5088,0.0
2002-01-23 12:00:00,5.2952,0.0
2002-01-24 12:00:00,5.1013,0.0
2002-01-25 12:00:00,4.7718,0.0
2002-01-26 12:00:00,4.4679,0.0
2002-01-27 12:00:00,4.1791,0.0
2002-01-28 12:00:00,3.9873000000000003,0.0
2002-01-29 12:00:00,3.7230000000000003,0.0
2002-01-30 12:00:00,3.5712,0.0
2002-01-31 12:00:00,3.4006000000000003,0.0
2002-02-01 12:00:00,3.2377000000000002,0.0
2002-02-02 12:00:00,3.0884,0.0
2002-02-03 12:00:00,3.0234,0.0
2002-02-04 12:00:00,3.6595,0.0
2002-02-05 12:00:00,4.1631,0.0
2002-02-06 12:00:00,3.3930000000000002,0.0
2002-02-07 12:00:00,3.0805000000000002,0.0
2002-02-08 12:00:00,2.9571,0.0
2002-02-09 12:00:00,2.9014,0.0
2002-02-10 12:00:00,3.0105,0.0
2002-02-11 12:00:00,2.8890000000000002,0.0
2002-02-12 12:00:00,4.0838,0.0
2002-02-13 12:00:00,3.2510000000000003,0.0
2002-02-14 12:00:00,2.8865000000000003,0.0
2002-02-15 12:00:00,2.7005000000000003,0.0
2002-02-16 12:00:00,2.5729,0.0
2002-02-17 12:00:00,2.4824,0.0
2002-02-18 12:00:00,2.5479000000000003,0.0
2002-02-19 12:00:00,2.4296,0.0
2002-02-20 12:00:00,2.3465000000000003,0.0
2002-02-21 12:00:00,2.2802000000000002,0.0
2002-02-22 12:00:00,2.4583,0.0
2002-02-23 12:00:00,2.263,0.0
2002-02-24 12:00:00,2.1334,0.0
2002-02-25 12:00:00,2.0471,0.0
2002-02-26 12:00:00,2.0147,0.0
2002-02-27 12:00:00,2.1371,0.0
2002-02-28 12:00:00,2.2815000000000003,0.0
2002-03-01 12:00:00,2.5546,0.0
2002-03-02 12:00:00,2.8885,0.0
2002-03-03 12:00:00,2.2011000000000003,0.0
2002-03-04 12:00:00,1.9866000000000001,0.0
2002-03-05 12:00:00,1.9135000000000002,0.0
2002-03-06 12:00:00,1.8369,0.0
2002-03-07 12:00:00,1.7744,0.0
2002-03-08 12:00:00,1.7730000000000001,0.0
2002-03-09 12:00:00,1.7733,0.0
2002-03-10 12:00:00,1.7044000000000001,0.0
2002-03-11 12:00:00,1.622,0.0
2002-03-12 12:00:00,1.5813000000000001,0.0
2002-03-13 12:00:00,1.6293,0.0
2002-03-14 12:00:00,1.5531000000000001,0.0
2002-03-15 12:00:00,1.5213,0.0
2002-03-16 12:00:00,1.5685,0.0
2002-03-17 12:00:00,1.7685000000000002,0.0
2002-03-18 12:00:00,1.7289,0.0
2002-03-19 12:00:00,1.5323,0.0
2002-03-20 12:00:00,1.5810000000000002,0.0
2002-03-21 12:00:00,2.1464000000000003,0.0
2002-03-22 12:00:00,1.7064000000000001,0.0
2002-03-23 12:00:00,1.5324,0.0
2002-03-24 12:00:00,1.4529,0.0
2002-03-25 12:00:00,1.4159000000000002,0.0
2002-03-26 12:00:00,1.4047,0.0
2002-03-27 12:00:00,1.3138,0.0
2002-03-28 12:00:00,1.2617,0.0
2002-03-29 12:00:00,1.4718,0.0
2002-03-30 12:00:00,1.5323,0.0
2002-03-31 12:00:00,1.4654,0.0
2002-04-01 12:00:00,1.4547,0.0
2002-04-02 12:00:00,1.4353,0.0
2002-04-03 12:00:00,1.4328,0.0
2002-04-04 12:00:00,1.5257,0.0
2002-04-05 12:00:00,2.166,0.0
2002-04-06 12:00:00,1.8593000000000002,0.0
2002-04-07 12:00:00,1.6438000000000001,0.0
2002-04-08 12:00:00,1.5493000000000001,0.0
2002-04-09 12:00:00,1.4902,0.0
2002-04-10 12:00:00,1.4354,0.0
2002-04-11 12:00:00,1.4321000000000002,0.0
2002-04-12 12:00:00,1.4174,0.0
2002-04-13 12:00:00,1.415,0.0
2002-04-14 12:00:00,1.4108,0.0
2002-04-15 12:00:00,1.4225,0.0
2002-04-16 12:00:00,1.4082000000000001,0.0
2002-04-17 12:00:00,1.3736000000000002,0.0
2002-04-18 12:00:00,1.3305,0.0
2002-04-19 12:00:00,1.3339,0.0
2002-04-20 12:00:00,1.3347,0.0
2002-04-21 12:00:00,1.3115,0.0
2002-04-22 12:00:00,1.2959,0.0
2002-04-23 12:00:00,1.3089,0.0
2002-04-24 12:00:00,1.3975,0.0
2002-04-25 12:00:00,1.3473000000000002,0.0
2002-04-26 12:00:00,1.2954,0.0
2002-04-27 12:00:00,2.6277,0.0
2002-04-28 12:00:00,4.4284,0.0
2002-04-29 12:00:00,2.8043,0.0
2002-04-30 12:00:00,2.7072000000000003,0.0
2002-05-01 12:00:00,2.564,0.0
2002-05-02 12:00:00,2.2041,0.0
2002-05-03 12:00:00,2.059,0.0
2002-05-04 12:00:00,1.9381000000000002,0.0
2002-05-05 12:00:00,1.8322,0.0
2002-05-06 12:00:00,1.8104,0.0
2002-05-07 12:00:00,1.7311,0.0
2002-05-08 12:00:00,1.6645,0.0
2002-05-09 12:00:00,1.6193000000000002,0.0
2002-05-10 12:00:00,1.6016000000000001,0.0
2002-05-11 12:00:00,1.5749,0.0
2002-05-12 12:00:00,1.5633000000000001,0.0
2002-05-13 12:00:00,1.5468000000000002,0.0
2002-05-14 12:00:00,1.5039,0.0
2002-05-15 12:00:00,1.4984000000000002,0.0
2002-05-16 12:00:00,1.4857,0.0
2002-05-17 12:00:00,1.4547,0.0
2002-05-18 12:00:00,1.4425000000000001,0.0
2002-05-19 12:00:00,1.462,0.0
2002-05-20 12:00:00,1.4607,0.0
2002-05-21 12:00:00,1.6247,0.0
2002-05-22 12:00:00,1.7503000000000002,0.0
2002-05-23 12:00:00,2.2748,0.0
2002-05-24 12:00:00,1.8195000000000001,0.0
2002-05-25 12:00:00,1.7062000000000002,0.0
2002-05-26 12:00:00,1.5866,0.0
2002-05-27 12:00:00,1.5378,0.0
2002-05-28 12:00:00,1.4702000000000002,0.0
2002-05-29 12:00:00,1.4065,0.0
2002-05-30 12:00:00,1.4542000000000002,0.0
2002-05-31 12:00:00,1.3091000000000002,0.0
2002-06-01 12:00:00,1.4609,0.0
2002-06-02 12:00:00,1.441,0.0
2002-06-03 12:00:00,1.4504000000000001,0.0
2002-06-04 12:00:00,1.4756,0.0
2002-06-05 12:00:00,1.9761000000000002,0.0
2002-06-06 12:00:00,1.6141,0.0
2002-06-07 12:00:00,1.5789,0.0
2002-06-08 12:00:00,1.7328000000000001,0.0
2002-06-09 12:00:00,1.7938,0.0
2002-06-10 12:00:00,2.6255,0.0
2002-06-11 12:00:00,3.7842000000000002,0.0
2002-06-12 12:00:00,5.4869,0.0
2002-06-13 12:00:00,5.455900000000001,0.0
2002-06-14 12:00:00,6.0435,0.0
2002-06-15 12:00:00,4.6187000000000005,0.0
2002-06-16 12:00:00,4.1527,0.0
2002-06-17 12:00:00,3.9639,0.0
2002-06-18 12:00:00,3.3561,0.0
2002-06-19 12:00:00,2.689,0.0
2002-06-20 12:00:00,2.8788,0.0
2002-06-21 12:00:00,3.2284,0.0
2002-06-22 12:00:00,6.3078,0.0
2002-06-23 12:00:00,4.7794,0.0
2002-06-24 12:00:00,4.4507,0.0
2002-06-25 12:00:00,10.6841,0.0
2002-06-26 12:00:00,31.356900000000003,0.0
2002-06-27 12:00:00,19.320800000000002,0.0
2002-06-28 12:00:00,13.2301,0.0
2002-06-29 12:00:00,10.8336,0.0
2002-06-30 12:00:00,9.7764,0.0
2002-07-01 12:00:00,8.4717,0.0
2002-07-02 12:00:00,7.4622,0.0
2002-07-03 12:00:00,6.862,0.0
2002-07-04 12:00:00,6.288600000000001,0.0
2002-07-05 12:00:00,5.870900000000001,0.0
2002-07-06 12:00:00,5.7492,0.0
2002-07-07 12:00:00,5.2367,0.0
2002-07-08 12:00:00,4.863,0.0
2002-07-09 12:00:00,4.6103000000000005,0.0
2002-07-10 12:00:00,4.4001,0.0
2002-07-11 12:00:00,4.2191,0.0
2002-07-12 12:00:00,4.0585,0.0
2002-07-13 12:00:00,3.8103000000000002,0.0
2002-07-14 12:00:00,3.6535,0.0
2002-07-15 12:00:00,3.6773000000000002,0.0
2002-07-16 12:00:00,3.4872,0.0
2002-07-17 12:00:00,3.3067,0.0
2002-07-18 12:00:00,3.5548,0.0
2002-07-19 12:00:00,3.6058000000000003,0.0
2002-07-20 12:00:00,7.124300000000001,0.0
2002-07-21 12:00:00,7.4161,0.0
2002-07-22 12:00:00,5.6747000000000005,0.0
2002-07-23 12:00:00,5.2224,0.0
2002-07-24 12:00:00,4.8632,0.0
2002-07-25 12:00:00,4.5137,0.0
2002-07-26 12:00:00,4.2014000000000005,0.0
2002-07-27 12:00:00,3.8578,0.0
2002-07-28 12:00:00,3.6817,0.0
2002-07-29 12:00:00,3.7514000000000003,0.0
2002-07-30 12:00:00,3.6552000000000002,0.0
2002-07-31 12:00:00,3.4473000000000003,0.0
2002-08-01 12:00:00,3.3447,0.0
2002-08-02 12:00:00,3.3362000000000003,0.0
2002-08-03 12:00:00,4.4364,0.0
2002-08-04 12:00:00,4.1491,0.0
2002-08-05 12:00:00,3.7185,0.0
2002-08-06 12:00:00,3.5575,0.0
2002-08-07 12:00:00,3.5996,0.0
2002-08-08 12:00:00,3.6399000000000004,0.0
2002-08-09 12:00:00,3.4379,0.0
2002-08-10 12:00:00,3.4168000000000003,0.0
2002-08-11 12:00:00,4.4776,0.0
2002-08-12 12:00:00,15.8194,0.0
2002-08-13 12:00:00,31.4404,0.0
2002-08-14 12:00:00,20.4805,0.0
2002-08-15 12:00:00,15.133000000000001,0.0
2002-08-16 12:00:00,12.284500000000001,0.0
2002-08-17 12:00:00,10.458400000000001,0.0
2002-08-18 12:00:00,9.1559,0.0
2002-08-19 12:00:00,8.1064,0.0
2002-08-20 12:00:00,7.3139,0.0
2002-08-21 12:00:00,6.6921,0.0
2002-08-22 12:00:00,6.240200000000001,0.0
2002-08-23 12:00:00,7.0921,0.0
2002-08-24 12:00:00,7.521100000000001,0.0
2002-08-25 12:00:00,6.7018,0.0
2002-08-26 12:00:00,6.2232,0.0
2002-08-27 12:00:00,5.8832,0.0
2002-08-28 12:00:00,5.6704,0.0
2002-08-29 12:00:00,5.466200000000001,0.0
2002-08-30 12:00:00,5.244000000000001,0.0
2002-08-31 12:00:00,5.071400000000001,0.0
2002-09-01 12:00:00,4.9379,0.0
2002-09-02 12:00:00,5.465400000000001,0.0
2002-09-03 12:00:00,5.4686,0.0
2002-09-04 12:00:00,5.7553,0.0
2002-09-05 12:00:00,5.541,0.0
2002-09-06 12:00:00,5.3072,0.0
2002-09-07 12:00:00,5.6402,0.0
2002-09-08 12:00:00,5.6113,0.0
2002-09-09 12:00:00,10.8332,0.0
2002-09-10 12:00:00,10.7063,0.0
2002-09-11 12:00:00,9.5601,0.0
2002-09-12 12:00:00,8.6412,0.0
2002-09-13 12:00:00,7.7872,0.0
2002-09-14 12:00:00,7.2461,0.0
2002-09-15 12:00:00,6.9966,0.0
2002-09-16 12:00:00,6.899,0.0
2002-09-17 12:00:00,37.9144,0.0
2002-09-18 12:00:00,131.3433,0.0
2002-09-19 12:00:00,84.4948,0.0
2002-09-20 12:00:00,42.9407,0.0
2002-09-21 12:00:00,36.5415,0.0
2002-09-22 12:00:00,31.0468,0.0
2002-09-23 12:00:00,26.1206,0.0
2002-09-24 12:00:00,21.956,0.0
2002-09-25 12:00:00,19.5407,0.0
2002-09-26 12:00:00,17.8578,0.0
2002-09-27 12:00:00,15.8115,0.0
2002-09-28 12:00:00,15.957400000000002,0.0
2002-09-29 12:00:00,15.2946,0.0
2002-09-30 12:00:00,13.6449,0.0
2002-10-01 12:00:00,12.5321,0.0
2002-10-02 12:00:00,11.9214,0.0
2002-10-03 12:00:00,10.834900000000001,0.0
2002-10-04 12:00:00,9.916400000000001,0.0
2002-10-05 12:00:00,9.023100000000001,0.0
2002-10-06 12:00:00,8.3635,0.0
2002-10-07 12:00:00,7.9032,0.0
2002-10-08 12:00:00,7.3767000000000005,0.0
2002-10-09 12:00:00,7.1372,0.0
2002-10-10 12:00:00,7.0455000000000005,0.0
2002-10-11 12:00:00,6.9908,0.0
2002-10-12 12:00:00,6.6728000000000005,0.0
2002-10-13 12:00:00,6.266900000000001,0.0
2002-10-14 12:00:00,5.8875,0.0
2002-10-15 12:00:00,5.9322,0.0
2002-10-16 12:00:00,5.925800000000001,0.0
2002-10-17 12:00:00,6.0345,0.0
2002-10-18 12:00:00,5.8062000000000005,0.0
2002-10-19 12:00:00,5.5842,0.0
2002-10-20 12:00:00,6.064100000000001,0.0
2002-10-21 12:00:00,5.4825,0.0
2002-10-22 12:00:00,4.9670000000000005,0.0
2002-10-23 12:00:00,4.7735,0.0
2002-10-24 12:00:00,5.1574,0.0
2002-10-25 12:00:00,5.7506,0.0
2002-10-26 12:00:00,5.2239,0.0
2002-10-27 12:00:00,5.3798,0.0
2002-10-28 12:00:00,5.3913,0.0
2002-10-29 12:00:00,4.815300000000001,0.0
2002-10-30 12:00:00,4.4214,0.0
2002-10-31 12:00:00,4.599,0.0
2002-11-01 12:00:00,4.4576,0.0
2002-11-02 12:00:00,4.2359,0.0
2002-11-03 12:00:00,4.0617,0.0
2002-11-04 12:00:00,4.3991,0.0
2002-11-05 12:00:00,4.669700000000001,0.0
2002-11-06 12:00:00,4.1326,0.0
2002-11-07 12:00:00,3.9135,0.0
2002-11-08 12:00:00,5.7214,0.0
2002-11-09 12:00:00,5.6233,0.0
2002-11-10 12:00:00,4.762700000000001,0.0
2002-11-11 12:00:00,4.2834,0.0
2002-11-12 12:00:00,3.7489000000000003,0.0
2002-11-13 12:00:00,3.5664000000000002,0.0
2002-11-14 12:00:00,3.556,0.0
2002-11-15 12:00:00,3.8826,0.0
2002-11-16 12:00:00,3.8462,0.0
2002-11-17 12:00:00,3.6908000000000003,0.0
2002-11-18 12:00:00,3.5011,0.0
2002-11-19 12:00:00,3.248,0.0
2002-11-20 12:00:00,3.3575000000000004,0.0
2002-11-21 12:00:00,5.9387,0.0
2002-11-22 12:00:00,4.3126,0.0
2002-11-23 12:00:00,4.2789,0.0
2002-11-24 12:00:00,3.7972,0.0
2002-11-25 12:00:00,3.5212000000000003,0.0
2002-11-26 12:00:00,3.5042,0.0
2002-11-27 12:00:00,3.6959,0.0
2002-11-28 12:00:00,3.7996000000000003,0.0
2002-11-29 12:00:00,3.4948,0.0
2002-11-30 12:00:00,3.8028000000000004,0.0
2002-12-01 12:00:00,3.2384,0.0
2002-12-02 12:00:00,3.4927,0.0
2002-12-03 12:00:00,3.7105,0.0
2002-12-04 12:00:00,3.8662,0.0
2002-12-05 12:00:00,3.1121000000000003,0.0
2002-12-06 12:00:00,3.2688,0.0
2002-12-07 12:00:00,4.0564,0.0
2002-12-08 12:00:00,3.4344,0.0
2002-12-09 12:00:00,3.8964000000000003,0.0
2002-12-10 12:00:00,4.063000000000001,0.0
2002-12-11 12:00:00,4.0738,0.0
2002-12-12 12:00:00,10.1684,0.0
2002-12-13 12:00:00,9.2056,0.0
2002-12-14 12:00:00,6.9301,0.0
2002-12-15 12:00:00,5.8018,0.0
2002-12-16 12:00:00,5.2732,0.0
2002-12-17 12:00:00,4.8163,0.0
2002-12-18 12:00:00,4.2365,0.0
2002-12-19 12:00:00,3.8736,0.0
2002-12-20 12:00:00,3.6151,0.0
2002-12-21 12:00:00,3.3768000000000002,0.0
2002-12-22 12:00:00,4.316800000000001,0.0
2002-12-23 12:00:00,3.6779,0.0
2002-12-24 12:00:00,3.47,0.0
2002-12-25 12:00:00,5.4495000000000005,0.0
2002-12-26 12:00:00,3.8920000000000003,0.0
2002-12-27 12:00:00,3.4226,0.0
2002-12-28 12:00:00,3.1618,0.0
2002-12-29 12:00:00,2.9858000000000002,0.0
2002-12-30 12:00:00,2.8076000000000003,0.0
2002-12-31 12:00:00,2.6193,0.0
2003-01-01 12:00:00,2.5045,0.0
2003-01-02 12:00:00,2.4008000000000003,0.0
2003-01-03 12:00:00,2.4022,0.0
2003-01-04 12:00:00,2.4357,0.0
2003-01-05 12:00:00,2.2038,0.0
2003-01-06 12:00:00,2.0916,0.0
2003-01-07 12:00:00,1.9718,0.0
2003-01-08 12:00:00,1.9387,0.0
2003-01-09 12:00:00,3.9525,0.0
2003-01-10 12:00:00,6.5491,0.0
2003-01-11 12:00:00,14.118300000000001,0.0
2003-01-12 12:00:00,10.590200000000001,0.0
2003-01-13 12:00:00,7.3108,0.0
2003-01-14 12:00:00,5.7405,0.0
2003-01-15 12:00:00,4.913600000000001,0.0
2003-01-16 12:00:00,4.3500000000000005,0.0
2003-01-17 12:00:00,3.9869000000000003,0.0
2003-01-18 12:00:00,3.7172,0.0
2003-01-19 12:00:00,3.4122000000000003,0.0
2003-01-20 12:00:00,3.2771000000000003,0.0
2003-01-21 12:00:00,3.2574,0.0
2003-01-22 12:00:00,3.2811000000000003,0.0
2003-01-23 12:00:00,3.1863,0.0
2003-01-24 12:00:00,3.1536,0.0
2003-01-25 12:00:00,2.919,0.0
2003-01-26 12:00:00,2.8841,0.0
2003-01-27 12:00:00,2.6739,0.0
2003-01-28 12:00:00,2.4926,0.0
2003-01-29 12:00:00,2.335,0.0
2003-01-30 12:00:00,2.1931000000000003,0.0
2003-01-31 12:00:00,2.3639,0.0
2003-02-01 12:00:00,2.1141,0.0
2003-02-02 12:00:00,2.0109,0.0
2003-02-03 12:00:00,1.935,0.0
2003-02-04 12:00:00,1.8746,0.0
2003-02-05 12:00:00,1.7795,0.0
2003-02-06 12:00:00,1.7097,0.0
2003-02-07 12:00:00,1.695,0.0
2003-02-08 12:00:00,1.6518000000000002,0.0
2003-02-09 12:00:00,1.5993000000000002,0.0
2003-02-10 12:00:00,1.53,0.0
2003-02-11 12:00:00,1.5387000000000002,0.0
2003-02-12 12:00:00,1.4826000000000001,0.0
2003-02-13 12:00:00,2.3035,0.0
2003-02-14 12:00:00,2.4455,0.0
2003-02-15 12:00:00,1.7645000000000002,0.0
2003-02-16 12:00:00,1.5872000000000002,0.0
2003-02-17 12:00:00,3.1152,0.0
2003-02-18 12:00:00,4.0816,0.0
2003-02-19 12:00:00,2.9019,0.0
2003-02-20 12:00:00,2.4212000000000002,0.0
2003-02-21 12:00:00,2.2253000000000003,0.0
2003-02-22 12:00:00,2.1409000000000002,0.0
2003-02-23 12:00:00,2.0665,0.0
2003-02-24 12:00:00,1.9517,0.0
2003-02-25 12:00:00,1.8792,0.0
2003-02-26 12:00:00,1.8066,0.0
2003-02-27 12:00:00,1.7865,0.0
2003-02-28 12:00:00,1.7809000000000001,0.0
2003-03-01 12:00:00,1.7495,0.0
2003-03-02 12:00:00,2.0387,0.0
2003-03-03 12:00:00,2.0251,0.0
2003-03-04 12:00:00,1.7807000000000002,0.0
2003-03-05 12:00:00,1.8033000000000001,0.0
2003-03-06 12:00:00,1.75,0.0
2003-03-07 12:00:00,1.7001000000000002,0.0
2003-03-08 12:00:00,1.6769,0.0
2003-03-09 12:00:00,1.6637000000000002,0.0
2003-03-10 12:00:00,1.6963000000000001,0.0
2003-03-11 12:00:00,1.6940000000000002,0.0
2003-03-12 12:00:00,1.671,0.0
2003-03-13 12:00:00,1.6541000000000001,0.0
2003-03-14 12:00:00,1.6554,0.0
2003-03-15 12:00:00,1.6225,0.0
2003-03-16 12:00:00,1.6059,0.0
2003-03-17 12:00:00,1.6056000000000001,0.0
2003-03-18 12:00:00,1.5732000000000002,0.0
2003-03-19 12:00:00,1.5376,0.0
2003-03-20 12:00:00,1.5102,0.0
2003-03-21 12:00:00,1.4798,0.0
2003-03-22 12:00:00,1.4806000000000001,0.0
2003-03-23 12:00:00,1.5392000000000001,0.0
2003-03-24 12:00:00,1.5243,0.0
2003-03-25 12:00:00,1.5173,0.0
2003-03-26 12:00:00,1.4925000000000002,0.0
2003-03-27 12:00:00,1.4787000000000001,0.0
2003-03-28 12:00:00,1.5094,0.0
2003-03-29 12:00:00,1.5730000000000002,0.0
2003-03-30 12:00:00,1.8383,0.0
2003-03-31 12:00:00,2.5580000000000003,0.0
2003-04-01 12:00:00,1.9020000000000001,0.0
2003-04-02 12:00:00,1.7406000000000001,0.0
2003-04-03 12:00:00,1.6783000000000001,0.0
2003-04-04 12:00:00,1.8617000000000001,0.0
2003-04-05 12:00:00,2.4413,0.0
2003-04-06 12:00:00,3.3212,0.0
2003-04-07 12:00:00,2.1264000000000003,0.0
2003-04-08 12:00:00,1.7969000000000002,0.0
2003-04-09 12:00:00,1.6151,0.0
2003-04-10 12:00:00,1.5281,0.0
2003-04-11 12:00:00,1.4847000000000001,0.0
2003-04-12 12:00:00,1.4501000000000002,0.0
2003-04-13 12:00:00,1.4252,0.0
2003-04-14 12:00:00,1.3915,0.0
2003-04-15 12:00:00,1.3677000000000001,0.0
2003-04-16 12:00:00,1.358,0.0
2003-04-17 12:00:00,1.5161,0.0
2003-04-18 12:00:00,1.435,0.0
2003-04-19 12:00:00,1.3991,0.0
2003-04-20 12:00:00,1.362,0.0
2003-04-21 12:00:00,1.3525,0.0
2003-04-22 12:00:00,1.3377000000000001,0.0
2003-04-23 12:00:00,1.3125,0.0
2003-04-24 12:00:00,1.2897,0.0
2003-04-25 12:00:00,1.3014000000000001,0.0
2003-04-26 12:00:00,1.2898,0.0
2003-04-27 12:00:00,1.2744,0.0
2003-04-28 12:00:00,1.2678,0.0
2003-04-29 12:00:00,1.2591,0.0
2003-04-30 12:00:00,1.4934,0.0
2003-05-01 12:00:00,3.1319000000000004,0.0
2003-05-02 12:00:00,1.9056000000000002,0.0
2003-05-03 12:00:00,3.1359000000000004,0.0
2003-05-04 12:00:00,2.5388,0.0
2003-05-05 12:00:00,2.0213,0.0
2003-05-06 12:00:00,1.8509,0.0
2003-05-07 12:00:00,1.7610000000000001,0.0
2003-05-08 12:00:00,1.6915,0.0
2003-05-09 12:00:00,2.7587,0.0
2003-05-10 12:00:00,2.8737,0.0
2003-05-11 12:00:00,2.2381,0.0
2003-05-12 12:00:00,2.0186,0.0
2003-05-13 12:00:00,1.8999000000000001,0.0
2003-05-14 12:00:00,1.8271000000000002,0.0
2003-05-15 12:00:00,1.7695,0.0
2003-05-16 12:00:00,1.7235,0.0
2003-05-17 12:00:00,1.6889,0.0
2003-05-18 12:00:00,1.6946,0.0
2003-05-19 12:00:00,1.9316,0.0
2003-05-20 12:00:00,7.0069,0.0
2003-05-21 12:00:00,3.9597,0.0
2003-05-22 12:00:00,3.7737000000000003,0.0
2003-05-23 12:00:00,3.4519,0.0
2003-05-24 12:00:00,3.3044000000000002,0.0
2003-05-25 12:00:00,3.152,0.0
2003-05-26 12:00:00,2.9816000000000003,0.0
2003-05-27 12:00:00,2.815,0.0
2003-05-28 12:00:00,2.6487000000000003,0.0
2003-05-29 12:00:00,2.5189,0.0
2003-05-30 12:00:00,2.3852,0.0
2003-05-31 12:00:00,2.2472000000000003,0.0
2003-06-01 12:00:00,2.1637,0.0
2003-06-02 12:00:00,2.1722,0.0
2003-06-03 12:00:00,2.1390000000000002,0.0
2003-06-04 12:00:00,2.0677000000000003,0.0
2003-06-05 12:00:00,2.0942000000000003,0.0
2003-06-06 12:00:00,2.6069,0.0
2003-06-07 12:00:00,6.931900000000001,0.0
2003-06-08 12:00:00,7.3817,0.0
2003-06-09 12:00:00,4.9154,0.0
2003-06-10 12:00:00,3.9560000000000004,0.0
2003-06-11 12:00:00,3.3923,0.0
2003-06-12 12:00:00,3.1052,0.0
2003-06-13 12:00:00,3.0354,0.0
2003-06-14 12:00:00,3.6648,0.0
2003-06-15 12:00:00,4.4561,0.0
2003-06-16 12:00:00,3.8034000000000003,0.0
2003-06-17 12:00:00,3.1752000000000002,0.0
2003-06-18 12:00:00,3.7534,0.0
2003-06-19 12:00:00,3.6646,0.0
2003-06-20 12:00:00,3.4307000000000003,0.0
2003-06-21 12:00:00,3.2853000000000003,0.0
2003-06-22 12:00:00,4.1387,0.0
2003-06-23 12:00:00,5.286300000000001,0.0
2003-06-24 12:00:00,4.4891000000000005,0.0
2003-06-25 12:00:00,3.9514,0.0
2003-06-26 12:00:00,3.5943,0.0
2003-06-27 12:00:00,3.732,0.0
2003-06-28 12:00:00,5.2731,0.0
2003-06-29 12:00:00,6.640700000000001,0.0
2003-06-30 12:00:00,7.046200000000001,0.0
2003-07-01 12:00:00,5.9542,0.0
2003-07-02 12:00:00,5.3828000000000005,0.0
2003-07-03 12:00:00,4.9747,0.0
2003-07-04 12:00:00,4.3844,0.0
2003-07-05 12:00:00,3.8443,0.0
2003-07-06 12:00:00,3.9689,0.0
2003-07-07 12:00:00,3.6836,0.0
2003-07-08 12:00:00,3.4869000000000003,0.0
2003-07-09 12:00:00,3.4932000000000003,0.0
2003-07-10 12:00:00,3.6123000000000003,0.0
2003-07-11 12:00:00,3.2447000000000004,0.0
2003-07-12 12:00:00,2.9414000000000002,0.0
2003-07-13 12:00:00,3.3267,0.0
2003-07-14 12:00:00,3.3787000000000003,0.0
2003-07-15 12:00:00,15.5202,0.0
2003-07-16 12:00:00,15.650300000000001,0.0
2003-07-17 12:00:00,10.7658,0.0
2003-07-18 12:00:00,8.8275,0.0
2003-07-19 12:00:00,7.293,0.0
2003-07-20 12:00:00,6.1589,0.0
2003-07-21 12:00:00,5.446400000000001,0.0
2003-07-22 12:00:00,4.8827,0.0
2003-07-23 12:00:00,4.705,0.0
2003-07-24 12:00:00,4.466200000000001,0.0
2003-07-25 12:00:00,4.331,0.0
2003-07-26 12:00:00,4.3323,0.0
2003-07-27 12:00:00,4.3353,0.0
2003-07-28 12:00:00,4.208600000000001,0.0
2003-07-29 12:00:00,4.0368,0.0
2003-07-30 12:00:00,3.9048000000000003,0.0
2003-07-31 12:00:00,3.7950000000000004,0.0
2003-08-01 12:00:00,3.6700000000000004,0.0
2003-08-02 12:00:00,3.5465,0.0
2003-08-03 12:00:00,3.4252000000000002,0.0
2003-08-04 12:00:00,3.2943000000000002,0.0
2003-08-05 12:00:00,3.2338,0.0
2003-08-06 12:00:00,3.4843,0.0
2003-08-07 12:00:00,3.3793,0.0
2003-08-08 12:00:00,3.1946000000000003,0.0
2003-08-09 12:00:00,3.1139,0.0
2003-08-10 12:00:00,3.0563000000000002,0.0
2003-08-11 12:00:00,3.0475000000000003,0.0
2003-08-12 12:00:00,2.9410000000000003,0.0
2003-08-13 12:00:00,2.8481,0.0
2003-08-14 12:00:00,3.0106,0.0
2003-08-15 12:00:00,3.0086,0.0
2003-08-16 12:00:00,2.8027,0.0
2003-08-17 12:00:00,2.6894,0.0
2003-08-18 12:00:00,2.624,0.0
2003-08-19 12:00:00,2.7034000000000002,0.0
2003-08-20 12:00:00,2.7498,0.0
2003-08-21 12:00:00,2.7623,0.0
2003-08-22 12:00:00,2.7806,0.0
2003-08-23 12:00:00,2.6659,0.0
2003-08-24 12:00:00,2.7001,0.0
2003-08-25 12:00:00,2.7304,0.0
2003-08-26 12:00:00,3.0623,0.0
2003-08-27 12:00:00,3.4911000000000003,0.0
2003-08-28 12:00:00,3.1649000000000003,0.0
2003-08-29 12:00:00,2.9926,0.0
2003-08-30 12:00:00,2.919,0.0
2003-08-31 12:00:00,3.0108,0.0
2003-09-01 12:00:00,3.2198,0.0
2003-09-02 12:00:00,3.9305000000000003,0.0
2003-09-03 12:00:00,6.176200000000001,0.0
2003-09-04 12:00:00,5.7418000000000005,0.0
2003-09-05 12:00:00,5.388800000000001,0.0
2003-09-06 12:00:00,5.3870000000000005,0.0
2003-09-07 12:00:00,5.443300000000001,0.0
2003-09-08 12:00:00,5.225700000000001,0.0
2003-09-09 12:00:00,5.0189,0.0
2003-09-10 12:00:00,4.8263,0.0
2003-09-11 12:00:00,4.6637,0.0
2003-09-12 12:00:00,4.7995,0.0
2003-09-13 12:00:00,4.8826,0.0
2003-09-14 12:00:00,4.8604,0.0
2003-09-15 12:00:00,4.8773,0.0
2003-09-16 12:00:00,7.1192,0.0
2003-09-17 12:00:00,9.5091,0.0
2003-09-18 12:00:00,9.644400000000001,0.0
2003-09-19 12:00:00,8.6645,0.0
2003-09-20 12:00:00,10.3332,0.0
2003-09-21 12:00:00,9.7352,0.0
2003-09-22 12:00:00,9.2614,0.0
2003-09-23 12:00:00,8.6088,0.0
2003-09-24 12:00:00,13.4579,0.0
2003-09-25 12:00:00,17.5974,0.0
2003-09-26 12:00:00,19.8443,0.0
2003-09-27 12:00:00,16.6906,0.0
2003-09-28 12:00:00,15.0789,0.0
2003-09-29 12:00:00,14.1448,0.0
2003-09-30 12:00:00,13.949200000000001,0.0
2003-10-01 12:00:00,13.3252,0.0
2003-10-02 12:00:00,14.826300000000002,0.0
2003-10-03 12:00:00,15.7995,0.0
2003-10-04 12:00:00,14.7817,0.0
2003-10-05 12:00:00,12.949900000000001,0.0
2003-10-06 12:00:00,11.908100000000001,0.0
2003-10-07 12:00:00,10.9939,0.0
2003-10-08 12:00:00,11.9741,0.0
2003-10-09 12:00:00,12.0739,0.0
2003-10-10 12:00:00,10.381,0.0
2003-10-11 12:00:00,9.622900000000001,0.0
2003-10-12 12:00:00,9.1597,0.0
2003-10-13 12:00:00,8.5786,0.0
2003-10-14 12:00:00,8.053700000000001,0.0
2003-10-15 12:00:00,7.9206,0.0
2003-10-16 12:00:00,8.4137,0.0
2003-10-17 12:00:00,9.700800000000001,0.0
2003-10-18 12:00:00,9.7837,0.0
2003-10-19 12:00:00,9.2569,0.0
2003-10-20 12:00:00,8.7109,0.0
2003-10-21 12:00:00,8.478200000000001,0.0
2003-10-22 12:00:00,9.2178,0.0
2003-10-23 12:00:00,9.0515,0.0
2003-10-24 12:00:00,7.4451,0.0
2003-10-25 12:00:00,6.2687,0.0
2003-10-26 12:00:00,5.7732,0.0
2003-10-27 12:00:00,5.6972000000000005,0.0
2003-10-28 12:00:00,5.5163,0.0
2003-10-29 12:00:00,5.599,0.0
2003-10-30 12:00:00,6.218,0.0
2003-10-31 12:00:00,5.652,0.0
2003-11-01 12:00:00,6.302700000000001,0.0
2003-11-02 12:00:00,5.725700000000001,0.0
2003-11-03 12:00:00,5.3607000000000005,0.0
2003-11-04 12:00:00,4.9030000000000005,0.0
2003-11-05 12:00:00,4.707800000000001,0.0
2003-11-06 12:00:00,6.381200000000001,0.0
2003-11-07 12:00:00,5.750900000000001,0.0
2003-11-08 12:00:00,5.0125,0.0
2003-11-09 12:00:00,4.7551000000000005,0.0
2003-11-10 12:00:00,4.6784,0.0
2003-11-11 12:00:00,4.8707,0.0
2003-11-12 12:00:00,4.7914,0.0
2003-11-13 12:00:00,4.4431,0.0
2003-11-14 12:00:00,4.154,0.0
2003-11-15 12:00:00,4.1638,0.0
2003-11-16 12:00:00,6.1073,0.0
2003-11-17 12:00:00,4.4291,0.0
2003-11-18 12:00:00,4.0734,0.0
2003-11-19 12:00:00,3.9724000000000004,0.0
2003-11-20 12:00:00,4.0708,0.0
2003-11-21 12:00:00,4.4481,0.0
2003-11-22 12:00:00,3.9268,0.0
2003-11-23 12:00:00,3.6137,0.0
2003-11-24 12:00:00,3.4299,0.0
2003-11-25 12:00:00,3.3252,0.0
2003-11-26 12:00:00,3.4769,0.0
2003-11-27 12:00:00,3.8411000000000004,0.0
2003-11-28 12:00:00,3.4705000000000004,0.0
2003-11-29 12:00:00,3.1137,0.0
2003-11-30 12:00:00,2.9538,0.0
2003-12-01 12:00:00,2.9006000000000003,0.0
2003-12-02 12:00:00,2.842,0.0
2003-12-03 12:00:00,2.728,0.0
2003-12-04 12:00:00,2.666,0.0
2003-12-05 12:00:00,5.6314,0.0
2003-12-06 12:00:00,3.4498,0.0
2003-12-07 12:00:00,2.8818,0.0
2003-12-08 12:00:00,2.6612,0.0
2003-12-09 12:00:00,2.5852,0.0
2003-12-10 12:00:00,2.4682,0.0
2003-12-11 12:00:00,2.2815000000000003,0.0
2003-12-12 12:00:00,2.1997,0.0
2003-12-13 12:00:00,2.8683,0.0
2003-12-14 12:00:00,2.4,0.0
2003-12-15 12:00:00,2.1632000000000002,0.0
2003-12-16 12:00:00,2.02,0.0
2003-12-17 12:00:00,1.9067,0.0
2003-12-18 12:00:00,1.9491,0.0
2003-12-19 12:00:00,1.9688,0.0
2003-12-20 12:00:00,1.8354000000000001,0.0
2003-12-21 12:00:00,1.7296,0.0
2003-12-22 12:00:00,1.6746,0.0
2003-12-23 12:00:00,1.6384,0.0
2003-12-24 12:00:00,1.8361,0.0
2003-12-25 12:00:00,1.7868000000000002,0.0
2003-12-26 12:00:00,1.5748,0.0
2003-12-27 12:00:00,1.6039,0.0
2003-12-28 12:00:00,1.8588,0.0
2003-12-29 12:00:00,2.1543,0.0
2003-12-30 12:00:00,1.8161,0.0
2003-12-31 12:00:00,1.6059,0.0
2004-01-01 12:00:00,1.4703000000000002,0.0
2004-01-02 12:00:00,1.3979000000000001,0.0
2004-01-03 12:00:00,1.3281,0.0
2004-01-04 12:00:00,1.3283,0.0
2004-01-05 12:00:00,1.3474000000000002,0.0
2004-01-06 12:00:00,1.4031,0.0
2004-01-07 12:00:00,1.3703,0.0
2004-01-08 12:00:00,7.9351,0.0
2004-01-09 12:00:00,4.2661,0.0
2004-01-10 12:00:00,2.7572,0.0
2004-01-11 12:00:00,2.3468,0.0
2004-01-12 12:00:00,2.1464000000000003,0.0
2004-01-13 12:00:00,2.0336000000000003,0.0
2004-01-14 12:00:00,1.9151,0.0
2004-01-15 12:00:00,1.7881,0.0
2004-01-16 12:00:00,1.7367000000000001,0.0
2004-01-17 12:00:00,1.6301,0.0
2004-01-18 12:00:00,1.8125,0.0
2004-01-19 12:00:00,1.7626000000000002,0.0
2004-01-20 12:00:00,1.6469,0.0
2004-01-21 12:00:00,1.5523,0.0
2004-01-22 12:00:00,1.4524000000000001,0.0
2004-01-23 12:00:00,1.4311,0.0
2004-01-24 12:00:00,1.5534000000000001,0.0
2004-01-25 12:00:00,7.8197,0.0
2004-01-26 12:00:00,9.8039,0.0
2004-01-27 12:00:00,4.4641,0.0
2004-01-28 12:00:00,3.5547,0.0
2004-01-29 12:00:00,3.5854000000000004,0.0
2004-01-30 12:00:00,4.0001,0.0
2004-01-31 12:00:00,3.9192,0.0
2004-02-01 12:00:00,6.3049,0.0
2004-02-02 12:00:00,6.1226,0.0
2004-02-03 12:00:00,4.9873,0.0
2004-02-04 12:00:00,4.0777,0.0
2004-02-05 12:00:00,3.4957000000000003,0.0
2004-02-06 12:00:00,3.1328,0.0
2004-02-07 12:00:00,2.8212,0.0
2004-02-08 12:00:00,2.6257,0.0
2004-02-09 12:00:00,5.2091,0.0
2004-02-10 12:00:00,3.3944,0.0
2004-02-11 12:00:00,3.0056000000000003,0.0
2004-02-12 12:00:00,2.7225,0.0
2004-02-13 12:00:00,3.0983,0.0
2004-02-14 12:00:00,4.375900000000001,0.0
2004-02-15 12:00:00,3.5539,0.0
2004-02-16 12:00:00,3.4944,0.0
2004-02-17 12:00:00,3.2022,0.0
2004-02-18 12:00:00,3.8337000000000003,0.0
2004-02-19 12:00:00,5.925000000000001,0.0
2004-02-20 12:00:00,4.982200000000001,0.0
2004-02-21 12:00:00,4.915900000000001,0.0
2004-02-22 12:00:00,4.2612000000000005,0.0
2004-02-23 12:00:00,4.4748,0.0
2004-02-24 12:00:00,3.9238000000000004,0.0
2004-02-25 12:00:00,3.5681000000000003,0.0
2004-02-26 12:00:00,3.3623000000000003,0.0
2004-02-27 12:00:00,4.572900000000001,0.0
2004-02-28 12:00:00,7.6184,0.0
2004-02-29 12:00:00,7.8875,0.0
2004-03-01 12:00:00,32.042300000000004,0.0
2004-03-02 12:00:00,22.0591,0.0
2004-03-03 12:00:00,15.0854,0.0
2004-03-04 12:00:00,11.8583,0.0
2004-03-05 12:00:00,9.6059,0.0
2004-03-06 12:00:00,8.227,0.0
2004-03-07 12:00:00,7.3411,0.0
2004-03-08 12:00:00,6.5933,0.0
2004-03-09 12:00:00,12.734,0.0
2004-03-10 12:00:00,12.293000000000001,0.0
2004-03-11 12:00:00,8.8411,0.0
2004-03-12 12:00:00,7.795000000000001,0.0
2004-03-13 12:00:00,7.0849,0.0
2004-03-14 12:00:00,6.552300000000001,0.0
2004-03-15 12:00:00,6.5227,0.0
2004-03-16 12:00:00,6.0155,0.0
2004-03-17 12:00:00,5.5699000000000005,0.0
2004-03-18 12:00:00,5.1647,0.0
2004-03-19 12:00:00,4.8891,0.0
2004-03-20 12:00:00,4.8587,0.0
2004-03-21 12:00:00,4.514600000000001,0.0
2004-03-22 12:00:00,4.210100000000001,0.0
2004-03-23 12:00:00,4.1288,0.0
2004-03-24 12:00:00,3.9708,0.0
2004-03-25 12:00:00,3.8358000000000003,0.0
2004-03-26 12:00:00,3.8526000000000002,0.0
2004-03-27 12:00:00,3.7106000000000003,0.0
2004-03-28 12:00:00,3.5232,0.0
2004-03-29 12:00:00,3.4367,0.0
2004-03-30 12:00:00,3.3527,0.0
2004-03-31 12:00:00,3.2831,0.0
2004-04-01 12:00:00,3.6054000000000004,0.0
2004-04-02 12:00:00,3.5597000000000003,0.0
2004-04-03 12:00:00,3.3384,0.0
2004-04-04 12:00:00,3.2,0.0
2004-04-05 12:00:00,3.177,0.0
2004-04-06 12:00:00,3.2805,0.0
2004-04-07 12:00:00,3.1899,0.0
2004-04-08 12:00:00,3.0832,0.0
2004-04-09 12:00:00,2.9832,0.0
2004-04-10 12:00:00,2.8907000000000003,0.0
2004-04-11 12:00:00,2.8073,0.0
2004-04-12 12:00:00,2.7487,0.0
2004-04-13 12:00:00,2.6859,0.0
2004-04-14 12:00:00,2.6348000000000003,0.0
2004-04-15 12:00:00,2.6552000000000002,0.0
2004-04-16 12:00:00,2.6348000000000003,0.0
2004-04-17 12:00:00,2.5777,0.0
2004-04-18 12:00:00,2.5238,0.0
2004-04-19 12:00:00,2.4792,0.0
2004-04-20 12:00:00,2.4332000000000003,0.0
2004-04-21 12:00:00,2.3914,0.0
2004-04-22 12:00:00,2.366,0.0
2004-04-23 12:00:00,2.3431,0.0
2004-04-24 12:00:00,2.3169,0.0
2004-04-25 12:00:00,2.2972,0.0
2004-04-26 12:00:00,2.2842000000000002,0.0
2004-04-27 12:00:00,2.2646,0.0
2004-04-28 12:00:00,2.2387,0.0
2004-04-29 12:00:00,2.2129000000000003,0.0
2004-04-30 12:00:00,2.1950000000000003,0.0
2004-05-01 12:00:00,2.1813000000000002,0.0
2004-05-02 12:00:00,6.2376000000000005,0.0
2004-05-03 12:00:00,5.8405000000000005,0.0
2004-05-04 12:00:00,7.665900000000001,0.0
2004-05-05 12:00:00,8.479800000000001,0.0
2004-05-06 12:00:00,7.4644,0.0
2004-05-07 12:00:00,6.1288,0.0
2004-05-08 12:00:00,5.2712,0.0
2004-05-09 12:00:00,4.7052000000000005,0.0
2004-05-10 12:00:00,4.6963,0.0
2004-05-11 12:00:00,6.644500000000001,0.0
2004-05-12 12:00:00,9.3421,0.0
2004-05-13 12:00:00,8.6572,0.0
2004-05-14 12:00:00,7.4287,0.0
2004-05-15 12:00:00,6.4142,0.0
2004-05-16 12:00:00,5.645700000000001,0.0
2004-05-17 12:00:00,5.1745,0.0
2004-05-18 12:00:00,4.8222000000000005,0.0
2004-05-19 12:00:00,4.5953,0.0
2004-05-20 12:00:00,4.5336,0.0
2004-05-21 12:00:00,5.282500000000001,0.0
2004-05-22 12:00:00,4.9276,0.0
2004-05-23 12:00:00,4.7727,0.0
2004-05-24 12:00:00,4.6431000000000004,0.0
2004-05-25 12:00:00,4.4759,0.0
2004-05-26 12:00:00,4.3573,0.0
2004-05-27 12:00:00,4.3711,0.0
2004-05-28 12:00:00,4.5187,0.0
2004-05-29 12:00:00,4.3802,0.0
2004-05-30 12:00:00,4.1233,0.0
2004-05-31 12:00:00,3.9041,0.0
2004-06-01 12:00:00,3.9849,0.0
2004-06-02 12:00:00,3.8533000000000004,0.0
2004-06-03 12:00:00,4.3249,0.0
2004-06-04 12:00:00,4.264,0.0
2004-06-05 12:00:00,3.9004000000000003,0.0
2004-06-06 12:00:00,3.708,0.0
2004-06-07 12:00:00,3.5486,0.0
2004-06-08 12:00:00,3.43,0.0
2004-06-09 12:00:00,3.3934,0.0
2004-06-10 12:00:00,3.3379000000000003,0.0
2004-06-11 12:00:00,3.2403,0.0
2004-06-12 12:00:00,3.0937,0.0
2004-06-13 12:00:00,3.1542000000000003,0.0
2004-06-14 12:00:00,3.2785,0.0
2004-06-15 12:00:00,8.774700000000001,0.0
2004-06-16 12:00:00,6.9892,0.0
2004-06-17 12:00:00,6.074800000000001,0.0
2004-06-18 12:00:00,7.322100000000001,0.0
2004-06-19 12:00:00,11.9662,0.0
2004-06-20 12:00:00,19.316100000000002,0.0
2004-06-21 12:00:00,15.3815,0.0
2004-06-22 12:00:00,12.0806,0.0
2004-06-23 12:00:00,10.9259,0.0
2004-06-24 12:00:00,10.793000000000001,0.0
2004-06-25 12:00:00,10.8582,0.0
2004-06-26 12:00:00,26.6906,0.0
2004-06-27 12:00:00,36.0741,0.0
2004-06-28 12:00:00,24.6306,0.0
2004-06-29 12:00:00,19.4688,0.0
2004-06-30 12:00:00,16.3202,0.0
2004-07-01 12:00:00,14.3902,0.0
2004-07-02 12:00:00,12.5974,0.0
2004-07-03 12:00:00,10.973500000000001,0.0
2004-07-04 12:00:00,9.9727,0.0
2004-07-05 12:00:00,10.0584,0.0
2004-07-06 12:00:00,10.7706,0.0
2004-07-07 12:00:00,9.0564,0.0
2004-07-08 12:00:00,8.289900000000001,0.0
2004-07-09 12:00:00,7.8208,0.0
2004-07-10 12:00:00,7.3152,0.0
2004-07-11 12:00:00,6.985200000000001,0.0
2004-07-12 12:00:00,6.618200000000001,0.0
2004-07-13 12:00:00,6.4782,0.0
2004-07-14 12:00:00,7.8711,0.0
2004-07-15 12:00:00,6.702800000000001,0.0
2004-07-16 12:00:00,6.1145000000000005,0.0
2004-07-17 12:00:00,5.7763,0.0
2004-07-18 12:00:00,5.662100000000001,0.0
2004-07-19 12:00:00,5.457800000000001,0.0
2004-07-20 12:00:00,5.2296000000000005,0.0
2004-07-21 12:00:00,5.3575,0.0
2004-07-22 12:00:00,4.9063,0.0
2004-07-23 12:00:00,4.8105,0.0
2004-07-24 12:00:00,4.561,0.0
2004-07-25 12:00:00,4.6803,0.0
2004-07-26 12:00:00,5.9609000000000005,0.0
2004-07-27 12:00:00,5.2812,0.0
2004-07-28 12:00:00,4.8935,0.0
2004-07-29 12:00:00,4.6386,0.0
2004-07-30 12:00:00,4.1437,0.0
2004-07-31 12:00:00,4.2078,0.0
2004-08-01 12:00:00,4.0303,0.0
2004-08-02 12:00:00,3.8968000000000003,0.0
2004-08-03 12:00:00,3.9482000000000004,0.0
2004-08-04 12:00:00,4.1951,0.0
2004-08-05 12:00:00,5.1898,0.0
2004-08-06 12:00:00,7.1776,0.0
2004-08-07 12:00:00,6.425800000000001,0.0
2004-08-08 12:00:00,5.634,0.0
2004-08-09 12:00:00,5.356800000000001,0.0
2004-08-10 12:00:00,5.3165000000000004,0.0
2004-08-11 12:00:00,12.5851,0.0
2004-08-12 12:00:00,32.195,0.0
2004-08-13 12:00:00,22.6725,0.0
2004-08-14 12:00:00,35.772800000000004,0.0
2004-08-15 12:00:00,20.450400000000002,0.0
2004-08-16 12:00:00,16.0548,0.0
2004-08-17 12:00:00,14.200000000000001,0.0
2004-08-18 12:00:00,12.743500000000001,0.0
2004-08-19 12:00:00,11.631300000000001,0.0
2004-08-20 12:00:00,10.8938,0.0
2004-08-21 12:00:00,14.0227,0.0
2004-08-22 12:00:00,13.774000000000001,0.0
2004-08-23 12:00:00,11.6134,0.0
2004-08-24 12:00:00,10.4181,0.0
2004-08-25 12:00:00,9.629900000000001,0.0
2004-08-26 12:00:00,9.263300000000001,0.0
2004-08-27 12:00:00,8.5507,0.0
2004-08-28 12:00:00,8.0824,0.0
2004-08-29 12:00:00,7.5002,0.0
2004-08-30 12:00:00,7.2099,0.0
2004-08-31 12:00:00,24.1022,0.0
2004-09-01 12:00:00,17.4631,0.0
2004-09-02 12:00:00,13.879700000000001,0.0
2004-09-03 12:00:00,12.328700000000001,0.0
2004-09-04 12:00:00,11.3826,0.0
2004-09-05 12:00:00,10.2211,0.0
2004-09-06 12:00:00,9.4922,0.0
2004-09-07 12:00:00,9.026,0.0
2004-09-08 12:00:00,8.6869,0.0
2004-09-09 12:00:00,8.6838,0.0
2004-09-10 12:00:00,9.7401,0.0
2004-09-11 12:00:00,10.4139,0.0
2004-09-12 12:00:00,11.6127,0.0
2004-09-13 12:00:00,11.023900000000001,0.0
2004-09-14 12:00:00,9.5664,0.0
2004-09-15 12:00:00,9.3909,0.0
2004-09-16 12:00:00,8.692300000000001,0.0
2004-09-17 12:00:00,8.6941,0.0
2004-09-18 12:00:00,7.9276,0.0
2004-09-19 12:00:00,7.404400000000001,0.0
2004-09-20 12:00:00,7.0757,0.0
2004-09-21 12:00:00,7.3289,0.0
2004-09-22 12:00:00,7.6633000000000004,0.0
2004-09-23 12:00:00,8.852,0.0
2004-09-24 12:00:00,8.2752,0.0
2004-09-25 12:00:00,7.674300000000001,0.0
2004-09-26 12:00:00,8.3183,0.0
2004-09-27 12:00:00,9.068800000000001,0.0
2004-09-28 12:00:00,8.5053,0.0
2004-09-29 12:00:00,8.0911,0.0
2004-09-30 12:00:00,8.0617,0.0
2004-10-01 12:00:00,7.4972,0.0
2004-10-02 12:00:00,7.1032,0.0
2004-10-03 12:00:00,6.9538,0.0
2004-10-04 12:00:00,7.6753,0.0
2004-10-05 12:00:00,7.8315,0.0
2004-10-06 12:00:00,7.698300000000001,0.0
2004-10-07 12:00:00,7.346500000000001,0.0
2004-10-08 12:00:00,7.2484,0.0
2004-10-09 12:00:00,7.7283,0.0
2004-10-10 12:00:00,7.7744,0.0
2004-10-11 12:00:00,7.4028,0.0
2004-10-12 12:00:00,8.8729,0.0
2004-10-13 12:00:00,10.881,0.0
2004-10-14 12:00:00,8.921700000000001,0.0
2004-10-15 12:00:00,7.8017,0.0
2004-10-16 12:00:00,7.8035000000000005,0.0
2004-10-17 12:00:00,7.056500000000001,0.0
2004-10-18 12:00:00,6.5236,0.0
2004-10-19 12:00:00,5.9827,0.0
2004-10-20 12:00:00,5.6355,0.0
2004-10-21 12:00:00,5.5328,0.0
2004-10-22 12:00:00,5.5346,0.0
2004-10-23 12:00:00,5.75,0.0
2004-10-24 12:00:00,6.228000000000001,0.0
2004-10-25 12:00:00,5.9369000000000005,0.0
2004-10-26 12:00:00,5.7948,0.0
2004-10-27 12:00:00,5.696400000000001,0.0
2004-10-28 12:00:00,6.6315,0.0
2004-10-29 12:00:00,7.509200000000001,0.0
2004-10-30 12:00:00,5.96,0.0
2004-10-31 12:00:00,5.5442,0.0
2004-11-01 12:00:00,5.3072,0.0
2004-11-02 12:00:00,5.1835,0.0
2004-11-03 12:00:00,5.1036,0.0
2004-11-04 12:00:00,5.6405,0.0
2004-11-05 12:00:00,5.3707,0.0
2004-11-06 12:00:00,5.093500000000001,0.0
2004-11-07 12:00:00,4.8870000000000005,0.0
2004-11-08 12:00:00,4.663,0.0
2004-11-09 12:00:00,4.5164,0.0
2004-11-10 12:00:00,4.1705000000000005,0.0
2004-11-11 12:00:00,3.9661000000000004,0.0
2004-11-12 12:00:00,3.8202000000000003,0.0
2004-11-13 12:00:00,3.8343000000000003,0.0
2004-11-14 12:00:00,6.7407,0.0
2004-11-15 12:00:00,7.2754,0.0
2004-11-16 12:00:00,4.5476,0.0
2004-11-17 12:00:00,4.0342,0.0
2004-11-18 12:00:00,3.7339,0.0
2004-11-19 12:00:00,4.0624,0.0
2004-11-20 12:00:00,4.2677000000000005,0.0
2004-11-21 12:00:00,3.6147,0.0
2004-11-22 12:00:00,3.6671,0.0
2004-11-23 12:00:00,6.0168,0.0
2004-11-24 12:00:00,5.2045,0.0
2004-11-25 12:00:00,5.2927,0.0
2004-11-26 12:00:00,4.7401,0.0
2004-11-27 12:00:00,4.3824000000000005,0.0
2004-11-28 12:00:00,4.2171,0.0
2004-11-29 12:00:00,4.0397,0.0
2004-11-30 12:00:00,3.9058,0.0
2004-12-01 12:00:00,3.7072000000000003,0.0
2004-12-02 12:00:00,3.5139,0.0
2004-12-03 12:00:00,3.4622,0.0
2004-12-04 12:00:00,4.804600000000001,0.0
2004-12-05 12:00:00,5.175800000000001,0.0
2004-12-06 12:00:00,5.691,0.0
2004-12-07 12:00:00,4.9029,0.0
2004-12-08 12:00:00,4.4135,0.0
2004-12-09 12:00:00,4.227,0.0
2004-12-10 12:00:00,3.9178,0.0
2004-12-11 12:00:00,3.6811000000000003,0.0
2004-12-12 12:00:00,3.5706,0.0
2004-12-13 12:00:00,3.4464,0.0
2004-12-14 12:00:00,3.2822,0.0
2004-12-15 12:00:00,4.2856000000000005,0.0
2004-12-16 12:00:00,3.6872000000000003,0.0
2004-12-17 12:00:00,3.9845,0.0
2004-12-18 12:00:00,3.9523,0.0
2004-12-19 12:00:00,3.5705,0.0
2004-12-20 12:00:00,3.5879000000000003,0.0
2004-12-21 12:00:00,3.8427000000000002,0.0
2004-12-22 12:00:00,4.514,0.0
2004-12-23 12:00:00,4.7529,0.0
2004-12-24 12:00:00,4.1905,0.0
2004-12-25 12:00:00,3.8270000000000004,0.0
2004-12-26 12:00:00,3.5853,0.0
2004-12-27 12:00:00,3.3818,0.0
2004-12-28 12:00:00,5.3761,0.0
2004-12-29 12:00:00,9.735800000000001,0.0
2004-12-30 12:00:00,62.431400000000004,0.0
2004-12-31 12:00:00,30.940800000000003,0.0
2005-01-01 12:00:00,20.573,0.0
2005-01-02 12:00:00,15.5092,0.0
2005-01-03 12:00:00,13.755600000000001,0.0
2005-01-04 12:00:00,12.2118,0.0
2005-01-05 12:00:00,10.4518,0.0
2005-01-06 12:00:00,9.2323,0.0
2005-01-07 12:00:00,15.8115,0.0
2005-01-08 12:00:00,17.447300000000002,0.0
2005-01-09 12:00:00,21.3234,0.0
2005-01-10 12:00:00,17.3722,0.0
2005-01-11 12:00:00,14.171100000000001,0.0
2005-01-12 12:00:00,12.2028,0.0
2005-01-13 12:00:00,10.7742,0.0
2005-01-14 12:00:00,9.350800000000001,0.0
2005-01-15 12:00:00,8.3589,0.0
2005-01-16 12:00:00,13.3557,0.0
2005-01-17 12:00:00,9.541400000000001,0.0
2005-01-18 12:00:00,8.1228,0.0
2005-01-19 12:00:00,7.4537,0.0
2005-01-20 12:00:00,6.9257,0.0
2005-01-21 12:00:00,6.5953,0.0
2005-01-22 12:00:00,6.1558,0.0
2005-01-23 12:00:00,5.8011,0.0
2005-01-24 12:00:00,5.5002,0.0
2005-01-25 12:00:00,5.2222,0.0
2005-01-26 12:00:00,4.951700000000001,0.0
2005-01-27 12:00:00,4.7106,0.0
2005-01-28 12:00:00,4.565,0.0
2005-01-29 12:00:00,4.4696,0.0
2005-01-30 12:00:00,4.3705,0.0
2005-01-31 12:00:00,4.1406,0.0
2005-02-01 12:00:00,3.8266,0.0
2005-02-02 12:00:00,3.6376000000000004,0.0
2005-02-03 12:00:00,3.4956,0.0
2005-02-04 12:00:00,3.3847,0.0
2005-02-05 12:00:00,3.4039,0.0
2005-02-06 12:00:00,3.4913000000000003,0.0
2005-02-07 12:00:00,3.3465000000000003,0.0
2005-02-08 12:00:00,3.1133,0.0
2005-02-09 12:00:00,2.952,0.0
2005-02-10 12:00:00,3.5102,0.0
2005-02-11 12:00:00,5.9093,0.0
2005-02-12 12:00:00,4.2494000000000005,0.0
2005-02-13 12:00:00,7.597600000000001,0.0
2005-02-14 12:00:00,6.564900000000001,0.0
2005-02-15 12:00:00,4.8100000000000005,0.0
2005-02-16 12:00:00,4.2765,0.0
2005-02-17 12:00:00,3.9274,0.0
2005-02-18 12:00:00,3.5698000000000003,0.0
2005-02-19 12:00:00,3.3667000000000002,0.0
2005-02-20 12:00:00,3.2101,0.0
2005-02-21 12:00:00,3.1267,0.0
2005-02-22 12:00:00,3.0898000000000003,0.0
2005-02-23 12:00:00,3.0717000000000003,0.0
2005-02-24 12:00:00,2.9767,0.0
2005-02-25 12:00:00,2.9095,0.0
2005-02-26 12:00:00,2.9201,0.0
2005-02-27 12:00:00,2.7613000000000003,0.0
2005-02-28 12:00:00,2.7231,0.0
2005-03-01 12:00:00,2.6654,0.0
2005-03-02 12:00:00,2.6709,0.0
2005-03-03 12:00:00,2.5492,0.0
2005-03-04 12:00:00,2.462,0.0
2005-03-05 12:00:00,2.7856,0.0
2005-03-06 12:00:00,3.3155,0.0
2005-03-07 12:00:00,3.7182000000000004,0.0
2005-03-08 12:00:00,3.4331,0.0
2005-03-09 12:00:00,3.4747000000000003,0.0
2005-03-10 12:00:00,4.3421,0.0
2005-03-11 12:00:00,3.2297000000000002,0.0
2005-03-12 12:00:00,2.8802000000000003,0.0
2005-03-13 12:00:00,2.7185,0.0
2005-03-14 12:00:00,2.6017,0.0
2005-03-15 12:00:00,2.5307,0.0
2005-03-16 12:00:00,2.4867,0.0
2005-03-17 12:00:00,2.4354,0.0
2005-03-18 12:00:00,2.3693,0.0
2005-03-19 12:00:00,2.3802000000000003,0.0
2005-03-20 12:00:00,2.3199,0.0
2005-03-21 12:00:00,2.2781000000000002,0.0
2005-03-22 12:00:00,2.2369,0.0
2005-03-23 12:00:00,2.2174,0.0
2005-03-24 12:00:00,2.5835,0.0
2005-03-25 12:00:00,5.051200000000001,0.0
2005-03-26 12:00:00,3.6729000000000003,0.0
2005-03-27 12:00:00,3.1082,0.0
2005-03-28 12:00:00,3.124,0.0
2005-03-29 12:00:00,3.3748,0.0
2005-03-30 12:00:00,3.1662000000000003,0.0
2005-03-31 12:00:00,2.983,0.0
2005-04-01 12:00:00,2.8319,0.0
2005-04-02 12:00:00,2.7213000000000003,0.0
2005-04-03 12:00:00,2.6979,0.0
2005-04-04 12:00:00,2.7526,0.0
2005-04-05 12:00:00,2.5541,0.0
2005-04-06 12:00:00,2.4878,0.0
2005-04-07 12:00:00,2.4868,0.0
2005-04-08 12:00:00,2.6033,0.0
2005-04-09 12:00:00,2.4944,0.0
2005-04-10 12:00:00,2.4087,0.0
2005-04-11 12:00:00,2.3531,0.0
2005-04-12 12:00:00,2.2907,0.0
2005-04-13 12:00:00,2.2387,0.0
2005-04-14 12:00:00,2.2097,0.0
2005-04-15 12:00:00,2.1825,0.0
2005-04-16 12:00:00,2.1533,0.0
2005-04-17 12:00:00,2.1023,0.0
2005-04-18 12:00:00,2.0957,0.0
2005-04-19 12:00:00,2.0576000000000003,0.0
2005-04-20 12:00:00,2.0016000000000003,0.0
2005-04-21 12:00:00,1.9843000000000002,0.0
2005-04-22 12:00:00,1.9667000000000001,0.0
2005-04-23 12:00:00,2.0132,0.0
2005-04-24 12:00:00,2.0392,0.0
2005-04-25 12:00:00,2.0500000000000003,0.0
2005-04-26 12:00:00,2.0155000000000003,0.0
2005-04-27 12:00:00,1.9722000000000002,0.0
2005-04-28 12:00:00,1.9603000000000002,0.0
2005-04-29 12:00:00,2.9818000000000002,0.0
2005-04-30 12:00:00,2.3332,0.0
2005-05-01 12:00:00,4.2574000000000005,0.0
2005-05-02 12:00:00,4.8053,0.0
2005-05-03 12:00:00,3.4539,0.0
2005-05-04 12:00:00,3.0906000000000002,0.0
2005-05-05 12:00:00,2.9301,0.0
2005-05-06 12:00:00,2.8422,0.0
2005-05-07 12:00:00,2.9329,0.0
2005-05-08 12:00:00,2.8721,0.0
2005-05-09 12:00:00,2.8799,0.0
2005-05-10 12:00:00,2.8202000000000003,0.0
2005-05-11 12:00:00,5.010400000000001,0.0
2005-05-12 12:00:00,3.9515000000000002,0.0
2005-05-13 12:00:00,3.5556,0.0
2005-05-14 12:00:00,3.3160000000000003,0.0
2005-05-15 12:00:00,3.1408,0.0
2005-05-16 12:00:00,2.9975,0.0
2005-05-17 12:00:00,2.8913,0.0
2005-05-18 12:00:00,2.8247,0.0
2005-05-19 12:00:00,2.7587,0.0
2005-05-20 12:00:00,2.6896,0.0
2005-05-21 12:00:00,2.6416,0.0
2005-05-22 12:00:00,2.5941,0.0
2005-05-23 12:00:00,2.5209,0.0
2005-05-24 12:00:00,2.4547000000000003,0.0
2005-05-25 12:00:00,2.4297,0.0
2005-05-26 12:00:00,2.5077000000000003,0.0
2005-05-27 12:00:00,2.5629,0.0
2005-05-28 12:00:00,3.9509000000000003,0.0
2005-05-29 12:00:00,3.2099,0.0
2005-05-30 12:00:00,2.8982,0.0
2005-05-31 12:00:00,2.974,0.0
2005-06-01 12:00:00,2.8581000000000003,0.0
2005-06-02 12:00:00,2.7485,0.0
2005-06-03 12:00:00,2.6602,0.0
2005-06-04 12:00:00,2.7859000000000003,0.0
2005-06-05 12:00:00,2.6622000000000003,0.0
2005-06-06 12:00:00,2.4912,0.0
2005-06-07 12:00:00,2.5461,0.0
2005-06-08 12:00:00,2.4889,0.0
2005-06-09 12:00:00,2.5275000000000003,0.0
2005-06-10 12:00:00,2.6031,0.0
2005-06-11 12:00:00,2.5911,0.0
2005-06-12 12:00:00,2.4806,0.0
2005-06-13 12:00:00,2.3959,0.0
2005-06-14 12:00:00,2.3447,0.0
2005-06-15 12:00:00,2.2914000000000003,0.0
2005-06-16 12:00:00,2.2879,0.0
2005-06-17 12:00:00,2.9837000000000002,0.0
2005-06-18 12:00:00,2.9979,0.0
2005-06-19 12:00:00,2.7857000000000003,0.0
2005-06-20 12:00:00,3.8757,0.0
2005-06-21 12:00:00,4.0427,0.0
2005-06-22 12:00:00,3.4876,0.0
2005-06-23 12:00:00,3.2387,0.0
2005-06-24 12:00:00,2.9242000000000004,0.0
2005-06-25 12:00:00,3.0434,0.0
2005-06-26 12:00:00,2.6933000000000002,0.0
2005-06-27 12:00:00,2.8287,0.0
2005-06-28 12:00:00,2.9272,0.0
2005-06-29 12:00:00,2.8459000000000003,0.0
2005-06-30 12:00:00,2.7057,0.0
2005-07-01 12:00:00,2.693,0.0
2005-07-02 12:00:00,2.6759,0.0
2005-07-03 12:00:00,2.8002000000000002,0.0
2005-07-04 12:00:00,2.8724000000000003,0.0
2005-07-05 12:00:00,2.7518000000000002,0.0
2005-07-06 12:00:00,2.6708000000000003,0.0
2005-07-07 12:00:00,2.845,0.0
2005-07-08 12:00:00,2.9764,0.0
2005-07-09 12:00:00,2.7657000000000003,0.0
2005-07-10 12:00:00,2.5614000000000003,0.0
2005-07-11 12:00:00,2.6057,0.0
2005-07-12 12:00:00,2.4596,0.0
2005-07-13 12:00:00,4.4842,0.0
2005-07-14 12:00:00,3.5287,0.0
2005-07-15 12:00:00,3.1699,0.0
2005-07-16 12:00:00,2.8607,0.0
2005-07-17 12:00:00,2.9201,0.0
2005-07-18 12:00:00,3.0136000000000003,0.0
2005-07-19 12:00:00,3.0116,0.0
2005-07-20 12:00:00,2.8774,0.0
2005-07-21 12:00:00,2.7019,0.0
2005-07-22 12:00:00,2.7197,0.0
2005-07-23 12:00:00,2.7311,0.0
2005-07-24 12:00:00,2.6416,0.0
2005-07-25 12:00:00,2.6553,0.0
2005-07-26 12:00:00,3.4466,0.0
2005-07-27 12:00:00,4.5923,0.0
2005-07-28 12:00:00,3.5516,0.0
2005-07-29 12:00:00,3.3159,0.0
2005-07-30 12:00:00,3.2133000000000003,0.0
2005-07-31 12:00:00,3.1596,0.0
2005-08-01 12:00:00,3.0617,0.0
2005-08-02 12:00:00,2.9548,0.0
2005-08-03 12:00:00,2.8594,0.0
2005-08-04 12:00:00,2.8212,0.0
2005-08-05 12:00:00,2.7473,0.0
2005-08-06 12:00:00,2.6569000000000003,0.0
2005-08-07 12:00:00,2.6212,0.0
2005-08-08 12:00:00,3.0836,0.0
2005-08-09 12:00:00,3.1919,0.0
2005-08-10 12:00:00,2.9552,0.0
2005-08-11 12:00:00,9.1316,0.0
2005-08-12 12:00:00,8.8795,0.0
2005-08-13 12:00:00,8.6401,0.0
2005-08-14 12:00:00,7.4541,0.0
2005-08-15 12:00:00,6.8063,0.0
2005-08-16 12:00:00,12.3938,0.0
2005-08-17 12:00:00,9.0352,0.0
2005-08-18 12:00:00,7.4798,0.0
2005-08-19 12:00:00,6.6672,0.0
2005-08-20 12:00:00,6.2393,0.0
2005-08-21 12:00:00,5.9481,0.0
2005-08-22 12:00:00,6.1822,0.0
2005-08-23 12:00:00,6.8551,0.0
2005-08-24 12:00:00,6.133500000000001,0.0
2005-08-25 12:00:00,5.6982,0.0
2005-08-26 12:00:00,5.542400000000001,0.0
2005-08-27 12:00:00,5.307300000000001,0.0
2005-08-28 12:00:00,5.0793,0.0
2005-08-29 12:00:00,4.8837,0.0
2005-08-30 12:00:00,4.6391,0.0
2005-08-31 12:00:00,4.4811000000000005,0.0
2005-09-01 12:00:00,5.1679,0.0
2005-09-02 12:00:00,5.3262,0.0
2005-09-03 12:00:00,5.5415,0.0
2005-09-04 12:00:00,8.482700000000001,0.0
2005-09-05 12:00:00,13.708200000000001,0.0
2005-09-06 12:00:00,13.2186,0.0
2005-09-07 12:00:00,9.7349,0.0
2005-09-08 12:00:00,8.315100000000001,0.0
2005-09-09 12:00:00,7.5038,0.0
2005-09-10 12:00:00,6.7849,0.0
2005-09-11 12:00:00,6.2697,0.0
2005-09-12 12:00:00,5.714700000000001,0.0
2005-09-13 12:00:00,5.3731,0.0
2005-09-14 12:00:00,5.2079,0.0
2005-09-15 12:00:00,4.954400000000001,0.0
2005-09-16 12:00:00,4.7351,0.0
2005-09-17 12:00:00,4.646100000000001,0.0
2005-09-18 12:00:00,4.857600000000001,0.0
2005-09-19 12:00:00,4.4572,0.0
2005-09-20 12:00:00,4.2408,0.0
2005-09-21 12:00:00,4.2917000000000005,0.0
2005-09-22 12:00:00,4.2348,0.0
2005-09-23 12:00:00,3.9029000000000003,0.0
2005-09-24 12:00:00,3.7735000000000003,0.0
2005-09-25 12:00:00,3.6387,0.0
2005-09-26 12:00:00,3.5061,0.0
2005-09-27 12:00:00,3.6239000000000003,0.0
2005-09-28 12:00:00,3.2659000000000002,0.0
2005-09-29 12:00:00,3.595,0.0
2005-09-30 12:00:00,6.8384,0.0
2005-10-01 12:00:00,5.6418,0.0
2005-10-02 12:00:00,5.1149000000000004,0.0
2005-10-03 12:00:00,6.7434,0.0
2005-10-04 12:00:00,7.5804,0.0
2005-10-05 12:00:00,6.913600000000001,0.0
2005-10-06 12:00:00,6.6181,0.0
2005-10-07 12:00:00,7.1662,0.0
2005-10-08 12:00:00,7.41,0.0
2005-10-09 12:00:00,7.4665,0.0
2005-10-10 12:00:00,7.432600000000001,0.0
2005-10-11 12:00:00,7.2572,0.0
2005-10-12 12:00:00,6.9168,0.0
2005-10-13 12:00:00,6.4412,0.0
2005-10-14 12:00:00,6.0463000000000005,0.0
2005-10-15 12:00:00,5.7072,0.0
2005-10-16 12:00:00,5.305000000000001,0.0
2005-10-17 12:00:00,5.0362,0.0
2005-10-18 12:00:00,4.9561,0.0
2005-10-19 12:00:00,4.9904,0.0
2005-10-20 12:00:00,4.7704,0.0
2005-10-21 12:00:00,4.5276000000000005,0.0
2005-10-22 12:00:00,4.2832,0.0
2005-10-23 12:00:00,4.1159,0.0
2005-10-24 12:00:00,3.9321,0.0
2005-10-25 12:00:00,3.7624,0.0
2005-10-26 12:00:00,3.6580000000000004,0.0
2005-10-27 12:00:00,3.6021,0.0
2005-10-28 12:00:00,4.4336,0.0
2005-10-29 12:00:00,3.91,0.0
2005-10-30 12:00:00,3.5620000000000003,0.0
2005-10-31 12:00:00,3.4144,0.0
2005-11-01 12:00:00,3.2927,0.0
2005-11-02 12:00:00,3.1547,0.0
2005-11-03 12:00:00,3.2013000000000003,0.0
2005-11-04 12:00:00,3.0758,0.0
2005-11-05 12:00:00,2.946,0.0
2005-11-06 12:00:00,2.8138,0.0
2005-11-07 12:00:00,2.6573,0.0
2005-11-08 12:00:00,2.5464,0.0
2005-11-09 12:00:00,2.4484,0.0
2005-11-10 12:00:00,2.3987000000000003,0.0
2005-11-11 12:00:00,3.3324000000000003,0.0
2005-11-12 12:00:00,3.2096,0.0
2005-11-13 12:00:00,3.2077,0.0
2005-11-14 12:00:00,2.6924,0.0
2005-11-15 12:00:00,3.0368,0.0
2005-11-16 12:00:00,2.8131,0.0
2005-11-17 12:00:00,2.5085,0.0
2005-11-18 12:00:00,2.3892,0.0
2005-11-19 12:00:00,2.261,0.0
2005-11-20 12:00:00,3.153,0.0
2005-11-21 12:00:00,3.5163,0.0
2005-11-22 12:00:00,2.8183000000000002,0.0
2005-11-23 12:00:00,2.6801,0.0
2005-11-24 12:00:00,2.459,0.0
2005-11-25 12:00:00,2.3543000000000003,0.0
2005-11-26 12:00:00,2.2172,0.0
2005-11-27 12:00:00,2.0918,0.0
2005-11-28 12:00:00,2.0227,0.0
2005-11-29 12:00:00,1.9658,0.0
2005-11-30 12:00:00,1.9117000000000002,0.0
2005-12-01 12:00:00,1.8483,0.0
2005-12-02 12:00:00,1.8474000000000002,0.0
2005-12-03 12:00:00,1.8081,0.0
2005-12-04 12:00:00,1.7272,0.0
2005-12-05 12:00:00,1.8251000000000002,0.0
2005-12-06 12:00:00,1.8322,0.0
2005-12-07 12:00:00,1.6799000000000002,0.0
2005-12-08 12:00:00,1.7582,0.0
2005-12-09 12:00:00,1.6003,0.0
2005-12-10 12:00:00,1.6976,0.0
2005-12-11 12:00:00,1.6481000000000001,0.0
2005-12-12 12:00:00,1.7898,0.0
2005-12-13 12:00:00,1.5672000000000001,0.0
2005-12-14 12:00:00,1.5485,0.0
2005-12-15 12:00:00,1.5118,0.0
2005-12-16 12:00:00,1.4168,0.0
2005-12-17 12:00:00,1.3483,0.0
2005-12-18 12:00:00,1.2944,0.0
2005-12-19 12:00:00,2.2917,0.0
2005-12-20 12:00:00,2.6207000000000003,0.0
2005-12-21 12:00:00,1.7077,0.0
2005-12-22 12:00:00,3.6176000000000004,0.0
2005-12-23 12:00:00,2.2656,0.0
2005-12-24 12:00:00,1.8042,0.0
2005-12-25 12:00:00,1.6328,0.0
2005-12-26 12:00:00,1.4984000000000002,0.0
2005-12-27 12:00:00,1.3593000000000002,0.0
2005-12-28 12:00:00,1.3159,0.0
2005-12-29 12:00:00,1.2477,0.0
2005-12-30 12:00:00,1.1818,0.0
2005-12-31 12:00:00,1.1094000000000002,0.0
2006-01-01 12:00:00,1.6440000000000001,0.0
2006-01-02 12:00:00,1.4249,0.0
2006-01-03 12:00:00,1.8755000000000002,0.0
2006-01-04 12:00:00,1.6741000000000001,0.0
2006-01-05 12:00:00,1.3285,0.0
2006-01-06 12:00:00,1.1913,0.0
2006-01-07 12:00:00,1.131,0.0
2006-01-08 12:00:00,1.0446,0.0
2006-01-09 12:00:00,1.0152,0.0
2006-01-10 12:00:00,0.9693,0.0
2006-01-11 12:00:00,3.6662000000000003,0.0
2006-01-12 12:00:00,2.4939,0.0
2006-01-13 12:00:00,1.7554,0.0
2006-01-14 12:00:00,1.6652,0.0
2006-01-15 12:00:00,1.5014,0.0
2006-01-16 12:00:00,1.3564,0.0
2006-01-17 12:00:00,1.512,0.0
2006-01-18 12:00:00,1.4536,0.0
2006-01-19 12:00:00,1.2951000000000001,0.0
2006-01-20 12:00:00,1.1966,0.0
2006-01-21 12:00:00,1.2387000000000001,0.0
2006-01-22 12:00:00,1.1627,0.0
2006-01-23 12:00:00,1.0731,0.0
2006-01-24 12:00:00,1.0138,0.0
2006-01-25 12:00:00,0.996,0.0
2006-01-26 12:00:00,0.9481,0.0
2006-01-27 12:00:00,0.8519,0.0
2006-01-28 12:00:00,0.8166,0.0
2006-01-29 12:00:00,0.8064,0.0
2006-01-30 12:00:00,0.7622,0.0
2006-01-31 12:00:00,0.778,0.0
2006-02-01 12:00:00,0.8230000000000001,0.0
2006-02-02 12:00:00,0.8095,0.0
2006-02-03 12:00:00,0.8587,0.0
2006-02-04 12:00:00,0.8166,0.0
2006-02-05 12:00:00,0.8179000000000001,0.0
2006-02-06 12:00:00,0.7618,0.0
2006-02-07 12:00:00,1.1647,0.0
2006-02-08 12:00:00,1.5284,0.0
2006-02-09 12:00:00,1.1899,0.0
2006-02-10 12:00:00,1.4872,0.0
2006-02-11 12:00:00,1.3663,0.0
2006-02-12 12:00:00,1.0516,0.0
2006-02-13 12:00:00,0.9690000000000001,0.0
2006-02-14 12:00:00,1.2311,0.0
2006-02-15 12:00:00,1.0042,0.0
2006-02-16 12:00:00,0.8862,0.0
2006-02-17 12:00:00,0.8184,0.0
2006-02-18 12:00:00,0.7726000000000001,0.0
2006-02-19 12:00:00,0.7203,0.0
2006-02-20 12:00:00,0.9689000000000001,0.0
2006-02-21 12:00:00,0.8317,0.0
2006-02-22 12:00:00,0.7855000000000001,0.0
2006-02-23 12:00:00,0.7877000000000001,0.0
2006-02-24 12:00:00,0.7362000000000001,0.0
2006-02-25 12:00:00,0.6646000000000001,0.0
2006-02-26 12:00:00,0.7097,0.0
2006-02-27 12:00:00,1.4542000000000002,0.0
2006-02-28 12:00:00,1.1455,0.0
2006-03-01 12:00:00,1.1901000000000002,0.0
2006-03-02 12:00:00,0.9999,0.0
2006-03-03 12:00:00,0.924,0.0
2006-03-04 12:00:00,0.8808,0.0
2006-03-05 12:00:00,0.8137000000000001,0.0
2006-03-06 12:00:00,0.8189000000000001,0.0
2006-03-07 12:00:00,0.9695,0.0
2006-03-08 12:00:00,0.8412000000000001,0.0
2006-03-09 12:00:00,0.8051,0.0
2006-03-10 12:00:00,0.9596,0.0
2006-03-11 12:00:00,0.8237,0.0
2006-03-12 12:00:00,0.8115,0.0
2006-03-13 12:00:00,0.7486,0.0
2006-03-14 12:00:00,0.7485,0.0
2006-03-15 12:00:00,0.7243,0.0
2006-03-16 12:00:00,0.7376,0.0
2006-03-17 12:00:00,0.7398,0.0
2006-03-18 12:00:00,0.7008,0.0
2006-03-19 12:00:00,0.7022,0.0
2006-03-20 12:00:00,2.1526,0.0
2006-03-21 12:00:00,1.2954,0.0
2006-03-22 12:00:00,1.0326,0.0
2006-03-23 12:00:00,0.9745,0.0
2006-03-24 12:00:00,1.0664,0.0
2006-03-25 12:00:00,0.9824,0.0
2006-03-26 12:00:00,0.9682000000000001,0.0
2006-03-27 12:00:00,0.9425,0.0
2006-03-28 12:00:00,0.892,0.0
2006-03-29 12:00:00,0.862,0.0
2006-03-30 12:00:00,0.8469,0.0
2006-03-31 12:00:00,0.893,0.0
2006-04-01 12:00:00,0.8559,0.0
2006-04-02 12:00:00,1.0192,0.0
2006-04-03 12:00:00,1.304,0.0
2006-04-04 12:00:00,1.1784000000000001,0.0
2006-04-05 12:00:00,1.0852,0.0
2006-04-06 12:00:00,1.3101,0.0
2006-04-07 12:00:00,2.0323,0.0
2006-04-08 12:00:00,2.8886000000000003,0.0
2006-04-09 12:00:00,2.1804,0.0
2006-04-10 12:00:00,1.7995,0.0
2006-04-11 12:00:00,1.6578000000000002,0.0
2006-04-12 12:00:00,1.6112000000000002,0.0
2006-04-13 12:00:00,1.4354,0.0
2006-04-14 12:00:00,1.3889,0.0
2006-04-15 12:00:00,1.4107,0.0
2006-04-16 12:00:00,1.5214,0.0
2006-04-17 12:00:00,1.6900000000000002,0.0
2006-04-18 12:00:00,1.5708,0.0
2006-04-19 12:00:00,1.4796,0.0
2006-04-20 12:00:00,1.368,0.0
2006-04-21 12:00:00,1.4280000000000002,0.0
2006-04-22 12:00:00,2.575,0.0
2006-04-23 12:00:00,2.3363,0.0
2006-04-24 12:00:00,2.5483000000000002,0.0
2006-04-25 12:00:00,6.4721,0.0
2006-04-26 12:00:00,6.441800000000001,0.0
2006-04-27 12:00:00,8.0564,0.0
2006-04-28 12:00:00,7.2545,0.0
2006-04-29 12:00:00,5.4556000000000004,0.0
2006-04-30 12:00:00,4.3308,0.0
2006-05-01 12:00:00,3.9241,0.0
2006-05-02 12:00:00,3.7103,0.0
2006-05-03 12:00:00,3.3737000000000004,0.0
2006-05-04 12:00:00,3.1206,0.0
2006-05-05 12:00:00,2.8379000000000003,0.0
2006-05-06 12:00:00,2.6184000000000003,0.0
2006-05-07 12:00:00,2.4634,0.0
2006-05-08 12:00:00,2.3565,0.0
2006-05-09 12:00:00,2.3063000000000002,0.0
2006-05-10 12:00:00,3.6510000000000002,0.0
2006-05-11 12:00:00,6.0975,0.0
2006-05-12 12:00:00,4.1446000000000005,0.0
2006-05-13 12:00:00,4.919300000000001,0.0
2006-05-14 12:00:00,4.5524000000000004,0.0
2006-05-15 12:00:00,4.097700000000001,0.0
2006-05-16 12:00:00,4.1074,0.0
2006-05-17 12:00:00,4.1855,0.0
2006-05-18 12:00:00,4.361800000000001,0.0
2006-05-19 12:00:00,4.0097000000000005,0.0
2006-05-20 12:00:00,4.005,0.0
2006-05-21 12:00:00,5.709700000000001,0.0
2006-05-22 12:00:00,6.612,0.0
2006-05-23 12:00:00,6.2106,0.0
2006-05-24 12:00:00,5.681100000000001,0.0
2006-05-25 12:00:00,8.2081,0.0
2006-05-26 12:00:00,13.0214,0.0
2006-05-27 12:00:00,10.7986,0.0
2006-05-28 12:00:00,8.780800000000001,0.0
2006-05-29 12:00:00,7.3258,0.0
2006-05-30 12:00:00,6.1904,0.0
2006-05-31 12:00:00,5.5441,0.0
2006-06-01 12:00:00,5.0802000000000005,0.0
2006-06-02 12:00:00,4.8062000000000005,0.0
2006-06-03 12:00:00,4.8302000000000005,0.0
2006-06-04 12:00:00,4.5688,0.0
2006-06-05 12:00:00,4.1103000000000005,0.0
2006-06-06 12:00:00,3.8522000000000003,0.0
2006-06-07 12:00:00,3.6621,0.0
2006-06-08 12:00:00,3.5208000000000004,0.0
2006-06-09 12:00:00,3.4019000000000004,0.0
2006-06-10 12:00:00,5.8608,0.0
2006-06-11 12:00:00,16.4756,0.0
2006-06-12 12:00:00,10.2776,0.0
2006-06-13 12:00:00,8.575800000000001,0.0
2006-06-14 12:00:00,9.100200000000001,0.0
2006-06-15 12:00:00,17.6472,0.0
2006-06-16 12:00:00,16.4848,0.0
2006-06-17 12:00:00,12.840100000000001,0.0
2006-06-18 12:00:00,10.3475,0.0
2006-06-19 12:00:00,8.9871,0.0
2006-06-20 12:00:00,8.540700000000001,0.0
2006-06-21 12:00:00,7.5956,0.0
2006-06-22 12:00:00,7.0071,0.0
2006-06-23 12:00:00,6.4059,0.0
2006-06-24 12:00:00,5.6322,0.0
2006-06-25 12:00:00,5.2872,0.0
2006-06-26 12:00:00,4.890000000000001,0.0
2006-06-27 12:00:00,4.873,0.0
2006-06-28 12:00:00,5.3967,0.0
2006-06-29 12:00:00,4.78,0.0
2006-06-30 12:00:00,4.4873,0.0
2006-07-01 12:00:00,4.4691,0.0
2006-07-02 12:00:00,4.6192,0.0
2006-07-03 12:00:00,5.59,0.0
2006-07-04 12:00:00,4.8567,0.0
2006-07-05 12:00:00,4.6619,0.0
2006-07-06 12:00:00,4.6353,0.0
2006-07-07 12:00:00,4.7071000000000005,0.0
2006-07-08 12:00:00,4.8971,0.0
2006-07-09 12:00:00,5.3057,0.0
2006-07-10 12:00:00,6.178,0.0
2006-07-11 12:00:00,9.7368,0.0
2006-07-12 12:00:00,12.4967,0.0
2006-07-13 12:00:00,9.501900000000001,0.0
2006-07-14 12:00:00,8.460600000000001,0.0
2006-07-15 12:00:00,7.6127,0.0
2006-07-16 12:00:00,7.0052,0.0
2006-07-17 12:00:00,6.581300000000001,0.0
2006-07-18 12:00:00,7.126,0.0
2006-07-19 12:00:00,6.9721,0.0
2006-07-20 12:00:00,6.252400000000001,0.0
2006-07-21 12:00:00,5.8421,0.0
2006-07-22 12:00:00,5.563400000000001,0.0
2006-07-23 12:00:00,5.415500000000001,0.0
2006-07-24 12:00:00,5.127400000000001,0.0
2006-07-25 12:00:00,4.857200000000001,0.0
2006-07-26 12:00:00,4.672000000000001,0.0
2006-07-27 12:00:00,4.4917,0.0
2006-07-28 12:00:00,4.487,0.0
2006-07-29 12:00:00,4.7865,0.0
2006-07-30 12:00:00,9.0555,0.0
2006-07-31 12:00:00,9.2041,0.0
2006-08-01 12:00:00,8.1461,0.0
2006-08-02 12:00:00,7.5309,0.0
2006-08-03 12:00:00,6.8740000000000006,0.0
2006-08-04 12:00:00,6.2893,0.0
2006-08-05 12:00:00,5.9501,0.0
2006-08-06 12:00:00,6.205900000000001,0.0
2006-08-07 12:00:00,6.1014,0.0
2006-08-08 12:00:00,5.5976,0.0
2006-08-09 12:00:00,5.146100000000001,0.0
2006-08-10 12:00:00,5.1652000000000005,0.0
2006-08-11 12:00:00,5.0058,0.0
2006-08-12 12:00:00,4.9257,0.0
2006-08-13 12:00:00,4.7583,0.0
2006-08-14 12:00:00,4.596,0.0
2006-08-15 12:00:00,4.3836,0.0
2006-08-16 12:00:00,4.348,0.0
2006-08-17 12:00:00,4.7292000000000005,0.0
2006-08-18 12:00:00,14.9412,0.0
2006-08-19 12:00:00,12.1042,0.0
2006-08-20 12:00:00,11.0538,0.0
2006-08-21 12:00:00,9.9791,0.0
2006-08-22 12:00:00,8.9214,0.0
2006-08-23 12:00:00,8.3681,0.0
2006-08-24 12:00:00,8.1348,0.0
2006-08-25 12:00:00,7.5989,0.0
2006-08-26 12:00:00,7.058800000000001,0.0
2006-08-27 12:00:00,6.5816,0.0
2006-08-28 12:00:00,6.234,0.0
2006-08-29 12:00:00,6.1706,0.0
2006-08-30 12:00:00,6.3672,0.0
2006-08-31 12:00:00,6.992100000000001,0.0
2006-09-01 12:00:00,11.227500000000001,0.0
2006-09-02 12:00:00,12.915000000000001,0.0
2006-09-03 12:00:00,9.818,0.0
2006-09-04 12:00:00,10.500200000000001,0.0
2006-09-05 12:00:00,10.011000000000001,0.0
2006-09-06 12:00:00,8.5936,0.0
2006-09-07 12:00:00,7.6538,0.0
2006-09-08 12:00:00,6.9985,0.0
2006-09-09 12:00:00,6.4129000000000005,0.0
2006-09-10 12:00:00,5.8864,0.0
2006-09-11 12:00:00,5.5075,0.0
2006-09-12 12:00:00,5.2033000000000005,0.0
2006-09-13 12:00:00,4.9045000000000005,0.0
2006-09-14 12:00:00,4.7618,0.0
2006-09-15 12:00:00,5.1238,0.0
2006-09-16 12:00:00,4.9781,0.0
2006-09-17 12:00:00,4.5778,0.0
2006-09-18 12:00:00,4.6639,0.0
2006-09-19 12:00:00,4.568700000000001,0.0
2006-09-20 12:00:00,5.828200000000001,0.0
2006-09-21 12:00:00,6.1719,0.0
2006-09-22 12:00:00,5.5067,0.0
2006-09-23 12:00:00,7.4432,0.0
2006-09-24 12:00:00,6.9012,0.0
2006-09-25 12:00:00,14.1487,0.0
2006-09-26 12:00:00,10.0667,0.0
2006-09-27 12:00:00,8.3353,0.0
2006-09-28 12:00:00,7.3026,0.0
2006-09-29 12:00:00,6.5756000000000006,0.0
2006-09-30 12:00:00,6.8676,0.0
2006-10-01 12:00:00,7.066000000000001,0.0
2006-10-02 12:00:00,6.44,0.0
2006-10-03 12:00:00,5.984500000000001,0.0
2006-10-04 12:00:00,5.4741,0.0
2006-10-05 12:00:00,5.165100000000001,0.0
2006-10-06 12:00:00,5.056500000000001,0.0
2006-10-07 12:00:00,5.1085,0.0
2006-10-08 12:00:00,11.0068,0.0
2006-10-09 12:00:00,8.542900000000001,0.0
2006-10-10 12:00:00,8.2357,0.0
2006-10-11 12:00:00,7.9325,0.0
2006-10-12 12:00:00,7.7152,0.0
2006-10-13 12:00:00,8.128400000000001,0.0
2006-10-14 12:00:00,11.1102,0.0
2006-10-15 12:00:00,9.6927,0.0
2006-10-16 12:00:00,7.9165,0.0
2006-10-17 12:00:00,6.9731000000000005,0.0
2006-10-18 12:00:00,6.4773000000000005,0.0
2006-10-19 12:00:00,6.035,0.0
2006-10-20 12:00:00,5.5972,0.0
2006-10-21 12:00:00,5.3331,0.0
2006-10-22 12:00:00,4.9991,0.0
2006-10-23 12:00:00,5.318700000000001,0.0
2006-10-24 12:00:00,5.036300000000001,0.0
2006-10-25 12:00:00,4.6336,0.0
2006-10-26 12:00:00,4.6391,0.0
2006-10-27 12:00:00,4.4431,0.0
2006-10-28 12:00:00,5.0267,0.0
2006-10-29 12:00:00,8.0428,0.0
2006-10-30 12:00:00,6.6032,0.0
2006-10-31 12:00:00,5.713500000000001,0.0
2006-11-01 12:00:00,5.2195,0.0
2006-11-02 12:00:00,4.896100000000001,0.0
2006-11-03 12:00:00,4.6188,0.0
2006-11-04 12:00:00,4.548,0.0
2006-11-05 12:00:00,4.5584,0.0
2006-11-06 12:00:00,4.486400000000001,0.0
2006-11-07 12:00:00,4.6667000000000005,0.0
2006-11-08 12:00:00,4.813000000000001,0.0
2006-11-09 12:00:00,4.8411,0.0
2006-11-10 12:00:00,4.375900000000001,0.0
2006-11-11 12:00:00,4.4446,0.0
2006-11-12 12:00:00,3.9456,0.0
2006-11-13 12:00:00,9.0021,0.0
2006-11-14 12:00:00,7.721500000000001,0.0
2006-11-15 12:00:00,6.2163,0.0
2006-11-16 12:00:00,7.016,0.0
2006-11-17 12:00:00,18.994400000000002,0.0
2006-11-18 12:00:00,20.6015,0.0
2006-11-19 12:00:00,15.5075,0.0
2006-11-20 12:00:00,12.3995,0.0
2006-11-21 12:00:00,10.396,0.0
2006-11-22 12:00:00,9.0953,0.0
2006-11-23 12:00:00,8.541,0.0
2006-11-24 12:00:00,7.4659,0.0
2006-11-25 12:00:00,6.706,0.0
2006-11-26 12:00:00,6.2004,0.0
2006-11-27 12:00:00,5.4669,0.0
2006-11-28 12:00:00,14.0043,0.0
2006-11-29 12:00:00,74.7054,0.0
2006-11-30 12:00:00,52.002700000000004,0.0
2006-12-01 12:00:00,36.4073,0.0
2006-12-02 12:00:00,27.7691,0.0
2006-12-03 12:00:00,21.503700000000002,0.0
2006-12-04 12:00:00,17.43,0.0
2006-12-05 12:00:00,14.7935,0.0
2006-12-06 12:00:00,12.790700000000001,0.0
2006-12-07 12:00:00,11.9242,0.0
2006-12-08 12:00:00,11.9131,0.0
2006-12-09 12:00:00,10.3058,0.0
2006-12-10 12:00:00,9.033100000000001,0.0
2006-12-11 12:00:00,8.3553,0.0
2006-12-12 12:00:00,8.5067,0.0
2006-12-13 12:00:00,7.3226,0.0
2006-12-14 12:00:00,6.7739,0.0
2006-12-15 12:00:00,6.6363,0.0
2006-12-16 12:00:00,6.5913,0.0
2006-12-17 12:00:00,5.8971,0.0
2006-12-18 12:00:00,5.595000000000001,0.0
2006-12-19 12:00:00,6.245,0.0
2006-12-20 12:00:00,6.8654,0.0
2006-12-21 12:00:00,5.830900000000001,0.0
2006-12-22 12:00:00,5.4245,0.0
2006-12-23 12:00:00,5.1757,0.0
2006-12-24 12:00:00,4.9088,0.0
2006-12-25 12:00:00,5.2142,0.0
2006-12-26 12:00:00,5.2557,0.0
2006-12-27 12:00:00,4.9111,0.0
2006-12-28 12:00:00,4.6576,0.0
2006-12-29 12:00:00,5.898000000000001,0.0
2006-12-30 12:00:00,5.5091,0.0
2006-12-31 12:00:00,4.9739,0.0
2007-01-01 12:00:00,4.6849,0.0
2007-01-02 12:00:00,4.3526,0.0
2007-01-03 12:00:00,4.1071,0.0
2007-01-04 12:00:00,3.9119,0.0
2007-01-05 12:00:00,3.708,0.0
2007-01-06 12:00:00,3.6448,0.0
2007-01-07 12:00:00,3.5042,0.0
2007-01-08 12:00:00,3.4165,0.0
2007-01-09 12:00:00,3.5038,0.0
2007-01-10 12:00:00,3.6870000000000003,0.0
2007-01-11 12:00:00,3.4619,0.0
2007-01-12 12:00:00,3.3059000000000003,0.0
2007-01-13 12:00:00,4.0012,0.0
2007-01-14 12:00:00,3.8761,0.0
2007-01-15 12:00:00,3.1541,0.0
2007-01-16 12:00:00,2.9467000000000003,0.0
2007-01-17 12:00:00,2.8284000000000002,0.0
2007-01-18 12:00:00,2.7431,0.0
2007-01-19 12:00:00,2.7652,0.0
2007-01-20 12:00:00,2.7603,0.0
2007-01-21 12:00:00,2.6072,0.0
2007-01-22 12:00:00,2.7295000000000003,0.0
2007-01-23 12:00:00,2.4481,0.0
2007-01-24 12:00:00,2.3082000000000003,0.0
2007-01-25 12:00:00,2.2991,0.0
2007-01-26 12:00:00,2.2939000000000003,0.0
2007-01-27 12:00:00,2.2748,0.0
2007-01-28 12:00:00,2.5618000000000003,0.0
2007-01-29 12:00:00,2.4234,0.0
2007-01-30 12:00:00,2.4174,0.0
2007-01-31 12:00:00,3.1060000000000003,0.0
2007-02-01 12:00:00,2.3242000000000003,0.0
2007-02-02 12:00:00,2.2171000000000003,0.0
2007-02-03 12:00:00,2.1016,0.0
2007-02-04 12:00:00,2.0454,0.0
2007-02-05 12:00:00,1.949,0.0
2007-02-06 12:00:00,1.8904,0.0
2007-02-07 12:00:00,1.8434000000000001,0.0
2007-02-08 12:00:00,1.9481000000000002,0.0
2007-02-09 12:00:00,2.0082,0.0
2007-02-10 12:00:00,1.893,0.0
2007-02-11 12:00:00,1.8195000000000001,0.0
2007-02-12 12:00:00,1.7539,0.0
2007-02-13 12:00:00,1.6885000000000001,0.0
2007-02-14 12:00:00,1.6527,0.0
2007-02-15 12:00:00,1.625,0.0
2007-02-16 12:00:00,1.5703,0.0
2007-02-17 12:00:00,1.518,0.0
2007-02-18 12:00:00,1.4865000000000002,0.0
2007-02-19 12:00:00,1.4568,0.0
2007-02-20 12:00:00,1.4068,0.0
2007-02-21 12:00:00,1.3775000000000002,0.0
2007-02-22 12:00:00,1.4376,0.0
2007-02-23 12:00:00,1.492,0.0
2007-02-24 12:00:00,1.3925,0.0
2007-02-25 12:00:00,1.361,0.0
2007-02-26 12:00:00,1.2936,0.0
2007-02-27 12:00:00,1.2713,0.0
2007-02-28 12:00:00,1.2857,0.0
2007-03-01 12:00:00,1.2499,0.0
2007-03-02 12:00:00,1.3461,0.0
2007-03-03 12:00:00,1.2712,0.0
2007-03-04 12:00:00,1.2036,0.0
2007-03-05 12:00:00,1.1659000000000002,0.0
2007-03-06 12:00:00,1.8908,0.0
2007-03-07 12:00:00,2.3532,0.0
2007-03-08 12:00:00,1.6043,0.0
2007-03-09 12:00:00,1.4118000000000002,0.0
2007-03-10 12:00:00,1.3234000000000001,0.0
2007-03-11 12:00:00,1.2806,0.0
2007-03-12 12:00:00,2.1078,0.0
2007-03-13 12:00:00,2.7669,0.0
2007-03-14 12:00:00,2.3842000000000003,0.0
2007-03-15 12:00:00,2.0568,0.0
2007-03-16 12:00:00,1.6520000000000001,0.0
2007-03-17 12:00:00,1.492,0.0
2007-03-18 12:00:00,1.3969,0.0
2007-03-19 12:00:00,1.3345,0.0
2007-03-20 12:00:00,1.3106,0.0
2007-03-21 12:00:00,1.3081,0.0
2007-03-22 12:00:00,1.2518,0.0
2007-03-23 12:00:00,1.1796,0.0
2007-03-24 12:00:00,1.124,0.0
2007-03-25 12:00:00,1.1491,0.0
2007-03-26 12:00:00,1.161,0.0
2007-03-27 12:00:00,1.1505,0.0
2007-03-28 12:00:00,1.1784000000000001,0.0
2007-03-29 12:00:00,1.2474,0.0
2007-03-30 12:00:00,1.2885,0.0
2007-03-31 12:00:00,1.2566000000000002,0.0
2007-04-01 12:00:00,1.1762000000000001,0.0
2007-04-02 12:00:00,1.1166,0.0
2007-04-03 12:00:00,1.0935000000000001,0.0
2007-04-04 12:00:00,1.113,0.0
2007-04-05 12:00:00,1.1027,0.0
2007-04-06 12:00:00,1.1732,0.0
2007-04-07 12:00:00,1.2217,0.0
2007-04-08 12:00:00,1.1511,0.0
2007-04-09 12:00:00,1.1351,0.0
2007-04-10 12:00:00,1.5365,0.0
2007-04-11 12:00:00,1.7289,0.0
2007-04-12 12:00:00,1.4207,0.0
2007-04-13 12:00:00,1.3144,0.0
2007-04-14 12:00:00,1.2011,0.0
2007-04-15 12:00:00,1.1664,0.0
2007-04-16 12:00:00,1.1056000000000001,0.0
2007-04-17 12:00:00,1.1169,0.0
2007-04-18 12:00:00,1.1492,0.0
2007-04-19 12:00:00,1.1492,0.0
2007-04-20 12:00:00,1.0999,0.0
2007-04-21 12:00:00,1.0867,0.0
2007-04-22 12:00:00,1.1014000000000002,0.0
2007-04-23 12:00:00,1.214,0.0
2007-04-24 12:00:00,1.4934,0.0
2007-04-25 12:00:00,1.3497000000000001,0.0
2007-04-26 12:00:00,1.3090000000000002,0.0
2007-04-27 12:00:00,1.2412,0.0
2007-04-28 12:00:00,1.23,0.0
2007-04-29 12:00:00,1.1973,0.0
2007-04-30 12:00:00,1.2132,0.0
2007-05-01 12:00:00,1.3759000000000001,0.0
2007-05-02 12:00:00,1.6554,0.0
2007-05-03 12:00:00,1.4366,0.0
2007-05-04 12:00:00,1.2951000000000001,0.0
2007-05-05 12:00:00,1.219,0.0
2007-05-06 12:00:00,1.202,0.0
2007-05-07 12:00:00,1.2055,0.0
2007-05-08 12:00:00,1.1697,0.0
2007-05-09 12:00:00,2.533,0.0
2007-05-10 12:00:00,2.5,0.0
2007-05-11 12:00:00,2.3852,0.0
2007-05-12 12:00:00,1.7951000000000001,0.0
2007-05-13 12:00:00,1.5889,0.0
2007-05-14 12:00:00,1.4983,0.0
2007-05-15 12:00:00,1.4224,0.0
2007-05-16 12:00:00,1.3513000000000002,0.0
2007-05-17 12:00:00,1.3264,0.0
2007-05-18 12:00:00,1.3253000000000001,0.0
2007-05-19 12:00:00,1.4535,0.0
2007-05-20 12:00:00,1.7933000000000001,0.0
2007-05-21 12:00:00,1.5571000000000002,0.0
2007-05-22 12:00:00,1.6366,0.0
2007-05-23 12:00:00,1.7790000000000001,0.0
2007-05-24 12:00:00,1.5689000000000002,0.0
2007-05-25 12:00:00,1.5639,0.0
2007-05-26 12:00:00,1.4533,0.0
2007-05-27 12:00:00,1.3836000000000002,0.0
2007-05-28 12:00:00,1.3611,0.0
2007-05-29 12:00:00,1.3374000000000001,0.0
2007-05-30 12:00:00,1.4595,0.0
2007-05-31 12:00:00,22.378,0.0
2007-06-01 12:00:00,10.8073,0.0
2007-06-02 12:00:00,7.6833,0.0
2007-06-03 12:00:00,5.4321,0.0
2007-06-04 12:00:00,4.5648,0.0
2007-06-05 12:00:00,3.9273000000000002,0.0
2007-06-06 12:00:00,3.4673000000000003,0.0
2007-06-07 12:00:00,3.1696,0.0
2007-06-08 12:00:00,2.9215,0.0
2007-06-09 12:00:00,2.7096,0.0
2007-06-10 12:00:00,2.5036,0.0
2007-06-11 12:00:00,2.4483,0.0
2007-06-12 12:00:00,2.2577000000000003,0.0
2007-06-13 12:00:00,2.3101000000000003,0.0
2007-06-14 12:00:00,2.1898,0.0
2007-06-15 12:00:00,2.1514,0.0
2007-06-16 12:00:00,2.0951,0.0
2007-06-17 12:00:00,1.8261,0.0
2007-06-18 12:00:00,1.989,0.0
2007-06-19 12:00:00,1.7875,0.0
2007-06-20 12:00:00,2.059,0.0
2007-06-21 12:00:00,2.0402,0.0
2007-06-22 12:00:00,2.0463,0.0
2007-06-23 12:00:00,1.967,0.0
2007-06-24 12:00:00,2.0264,0.0
2007-06-25 12:00:00,1.5662,0.0
2007-06-26 12:00:00,1.1142,0.0
2007-06-27 12:00:00,1.5193,0.0
2007-06-28 12:00:00,3.4129,0.0
2007-06-29 12:00:00,20.77,0.0
2007-06-30 12:00:00,13.588600000000001,0.0
2007-07-01 12:00:00,11.014000000000001,0.0
2007-07-02 12:00:00,9.718,0.0
2007-07-03 12:00:00,8.0805,0.0
2007-07-04 12:00:00,7.748900000000001,0.0
2007-07-05 12:00:00,6.741300000000001,0.0
2007-07-06 12:00:00,5.8498,0.0
2007-07-07 12:00:00,4.4482,0.0
2007-07-08 12:00:00,4.6092,0.0
2007-07-09 12:00:00,4.6826,0.0
2007-07-10 12:00:00,4.1281,0.0
2007-07-11 12:00:00,3.7110000000000003,0.0
2007-07-12 12:00:00,3.2938,0.0
2007-07-13 12:00:00,3.6029,0.0
2007-07-14 12:00:00,3.3224,0.0
2007-07-15 12:00:00,2.8682000000000003,0.0
2007-07-16 12:00:00,2.475,0.0
2007-07-17 12:00:00,2.7827,0.0
2007-07-18 12:00:00,3.2348000000000003,0.0
2007-07-19 12:00:00,3.3528000000000002,0.0
2007-07-20 12:00:00,3.0204,0.0
2007-07-21 12:00:00,3.327,0.0
2007-07-22 12:00:00,3.1222000000000003,0.0
2007-07-23 12:00:00,3.4214,0.0
2007-07-24 12:00:00,4.9645,0.0
2007-07-25 12:00:00,5.0275,0.0
2007-07-26 12:00:00,4.3872,0.0
2007-07-27 12:00:00,4.1503000000000005,0.0
2007-07-28 12:00:00,4.0037,0.0
2007-07-29 12:00:00,4.9661,0.0
2007-07-30 12:00:00,5.5543000000000005,0.0
2007-07-31 12:00:00,5.3152,0.0
2007-08-01 12:00:00,5.0464,0.0
2007-08-02 12:00:00,4.8704,0.0
2007-08-03 12:00:00,4.6973,0.0
2007-08-04 12:00:00,4.8927000000000005,0.0
2007-08-05 12:00:00,4.755,0.0
2007-08-06 12:00:00,4.5199,0.0
2007-08-07 12:00:00,4.1882,0.0
2007-08-08 12:00:00,4.0827,0.0
2007-08-09 12:00:00,4.4171000000000005,0.0
2007-08-10 12:00:00,19.622600000000002,0.0
2007-08-11 12:00:00,27.1872,0.0
2007-08-12 12:00:00,16.238,0.0
2007-08-13 12:00:00,12.006,0.0
2007-08-14 12:00:00,9.6485,0.0
2007-08-15 12:00:00,8.6531,0.0
2007-08-16 12:00:00,8.0382,0.0
2007-08-17 12:00:00,7.4717,0.0
2007-08-18 12:00:00,6.7834,0.0
2007-08-19 12:00:00,6.0835,0.0
2007-08-20 12:00:00,5.7102,0.0
2007-08-21 12:00:00,5.408,0.0
2007-08-22 12:00:00,5.0787,0.0
2007-08-23 12:00:00,4.8131,0.0
2007-08-24 12:00:00,4.5701,0.0
2007-08-25 12:00:00,4.4116,0.0
2007-08-26 12:00:00,4.3094,0.0
2007-08-27 12:00:00,4.2296000000000005,0.0
2007-08-28 12:00:00,4.0924000000000005,0.0
2007-08-29 12:00:00,4.0355,0.0
2007-08-30 12:00:00,3.7999,0.0
2007-08-31 12:00:00,3.8684000000000003,0.0
2007-09-01 12:00:00,5.7963000000000005,0.0
2007-09-02 12:00:00,4.4326,0.0
2007-09-03 12:00:00,7.367500000000001,0.0
2007-09-04 12:00:00,6.8091,0.0
2007-09-05 12:00:00,5.9222,0.0
2007-09-06 12:00:00,5.6793000000000005,0.0
2007-09-07 12:00:00,5.558,0.0
2007-09-08 12:00:00,5.3386000000000005,0.0
2007-09-09 12:00:00,5.1865000000000006,0.0
2007-09-10 12:00:00,4.9751,0.0
2007-09-11 12:00:00,4.768800000000001,0.0
2007-09-12 12:00:00,4.6548,0.0
2007-09-13 12:00:00,5.4477,0.0
2007-09-14 12:00:00,5.4768,0.0
2007-09-15 12:00:00,5.4762,0.0
2007-09-16 12:00:00,5.442,0.0
2007-09-17 12:00:00,5.0042,0.0
2007-09-18 12:00:00,4.7537,0.0
2007-09-19 12:00:00,4.5215000000000005,0.0
2007-09-20 12:00:00,4.363700000000001,0.0
2007-09-21 12:00:00,4.3205,0.0
2007-09-22 12:00:00,5.9905,0.0
2007-09-23 12:00:00,5.989800000000001,0.0
2007-09-24 12:00:00,5.3917,0.0
2007-09-25 12:00:00,5.0061,0.0
2007-09-26 12:00:00,4.7064,0.0
2007-09-27 12:00:00,4.480300000000001,0.0
2007-09-28 12:00:00,4.3441,0.0
2007-09-29 12:00:00,7.9588,0.0
2007-09-30 12:00:00,9.267800000000001,0.0
2007-10-01 12:00:00,8.9457,0.0
2007-10-02 12:00:00,8.5691,0.0
2007-10-03 12:00:00,9.4567,0.0
2007-10-04 12:00:00,13.187700000000001,0.0
2007-10-05 12:00:00,16.541700000000002,0.0
2007-10-06 12:00:00,21.4418,0.0
2007-10-07 12:00:00,20.2433,0.0
2007-10-08 12:00:00,16.0759,0.0
2007-10-09 12:00:00,13.4954,0.0
2007-10-10 12:00:00,12.5861,0.0
2007-10-11 12:00:00,12.0805,0.0
2007-10-12 12:00:00,11.6065,0.0
2007-10-13 12:00:00,13.7042,0.0
2007-10-14 12:00:00,11.9983,0.0
2007-10-15 12:00:00,11.421000000000001,0.0
2007-10-16 12:00:00,13.3933,0.0
2007-10-17 12:00:00,12.474,0.0
2007-10-18 12:00:00,12.782900000000001,0.0
2007-10-19 12:00:00,14.4998,0.0
2007-10-20 12:00:00,15.086400000000001,0.0
2007-10-21 12:00:00,14.1514,0.0
2007-10-22 12:00:00,13.1773,0.0
2007-10-23 12:00:00,12.6127,0.0
2007-10-24 12:00:00,11.562100000000001,0.0
2007-10-25 12:00:00,10.247,0.0
2007-10-26 12:00:00,9.3452,0.0
2007-10-27 12:00:00,8.5312,0.0
2007-10-28 12:00:00,7.926900000000001,0.0
2007-10-29 12:00:00,7.6427000000000005,0.0
2007-10-30 12:00:00,7.8704,0.0
2007-10-31 12:00:00,7.636,0.0
2007-11-01 12:00:00,6.9099,0.0
2007-11-02 12:00:00,6.410200000000001,0.0
2007-11-03 12:00:00,6.1124,0.0
2007-11-04 12:00:00,5.9097,0.0
2007-11-05 12:00:00,5.4623,0.0
2007-11-06 12:00:00,5.1527,0.0
2007-11-07 12:00:00,4.9469,0.0
2007-11-08 12:00:00,4.673900000000001,0.0
2007-11-09 12:00:00,4.5336,0.0
2007-11-10 12:00:00,4.4101,0.0
2007-11-11 12:00:00,4.2888,0.0
2007-11-12 12:00:00,4.4273,0.0
2007-11-13 12:00:00,5.5572,0.0
2007-11-14 12:00:00,4.5497000000000005,0.0
2007-11-15 12:00:00,4.2170000000000005,0.0
2007-11-16 12:00:00,3.8937000000000004,0.0
2007-11-17 12:00:00,3.7552000000000003,0.0
2007-11-18 12:00:00,3.6787,0.0
2007-11-19 12:00:00,3.5594,0.0
2007-11-20 12:00:00,3.4205,0.0
2007-11-21 12:00:00,3.3653,0.0
2007-11-22 12:00:00,3.297,0.0
2007-11-23 12:00:00,3.206,0.0
2007-11-24 12:00:00,3.0289,0.0
2007-11-25 12:00:00,2.9171,0.0
2007-11-26 12:00:00,2.8272,0.0
2007-11-27 12:00:00,2.7554000000000003,0.0
2007-11-28 12:00:00,2.6309,0.0
2007-11-29 12:00:00,2.649,0.0
2007-11-30 12:00:00,2.5605,0.0
2007-12-01 12:00:00,2.4771,0.0
2007-12-02 12:00:00,2.3835,0.0
2007-12-03 12:00:00,2.2783,0.0
2007-12-04 12:00:00,2.1907,0.0
2007-12-05 12:00:00,2.1246,0.0
2007-12-06 12:00:00,2.0626,0.0
2007-12-07 12:00:00,1.9747000000000001,0.0
2007-12-08 12:00:00,1.8845,0.0
2007-12-09 12:00:00,1.8553000000000002,0.0
2007-12-10 12:00:00,2.0002,0.0
2007-12-11 12:00:00,2.0608,0.0
2007-12-12 12:00:00,2.2704,0.0
2007-12-13 12:00:00,2.3665000000000003,0.0
2007-12-14 12:00:00,2.0776,0.0
2007-12-15 12:00:00,1.8753000000000002,0.0
2007-12-16 12:00:00,1.9446,0.0
2007-12-17 12:00:00,2.2928,0.0
2007-12-18 12:00:00,1.9071,0.0
2007-12-19 12:00:00,1.732,0.0
2007-12-20 12:00:00,1.6422,0.0
2007-12-21 12:00:00,1.5859,0.0
2007-12-22 12:00:00,1.4918,0.0
2007-12-23 12:00:00,1.4706000000000001,0.0
2007-12-24 12:00:00,1.4823000000000002,0.0
2007-12-25 12:00:00,2.0472,0.0
2007-12-26 12:00:00,1.874,0.0
2007-12-27 12:00:00,2.4193000000000002,0.0
2007-12-28 12:00:00,1.8992,0.0
2007-12-29 12:00:00,1.7676,0.0
2007-12-30 12:00:00,1.6813,0.0
2007-12-31 12:00:00,1.5344,0.0
2008-01-01 12:00:00,1.4137000000000002,0.0
2008-01-02 12:00:00,1.322,0.0
2008-01-03 12:00:00,1.2839,0.0
2008-01-04 12:00:00,1.2435,0.0
2008-01-05 12:00:00,1.1573,0.0
2008-01-06 12:00:00,1.1425,0.0
2008-01-07 12:00:00,1.1715,0.0
2008-01-08 12:00:00,1.09,0.0
2008-01-09 12:00:00,1.0396,0.0
2008-01-10 12:00:00,1.0323,0.0
2008-01-11 12:00:00,0.9553,0.0
2008-01-12 12:00:00,0.9460000000000001,0.0
2008-01-13 12:00:00,1.1515,0.0
2008-01-14 12:00:00,1.5623,0.0
2008-01-15 12:00:00,1.1462,0.0
2008-01-16 12:00:00,1.0801,0.0
2008-01-17 12:00:00,1.1142,0.0
2008-01-18 12:00:00,1.0030000000000001,0.0
2008-01-19 12:00:00,0.9154,0.0
2008-01-20 12:00:00,0.862,0.0
2008-01-21 12:00:00,7.5871,0.0
2008-01-22 12:00:00,4.1966,0.0
2008-01-23 12:00:00,2.1295,0.0
2008-01-24 12:00:00,1.6832,0.0
2008-01-25 12:00:00,1.4774,0.0
2008-01-26 12:00:00,1.3533000000000002,0.0
2008-01-27 12:00:00,1.2554,0.0
2008-01-28 12:00:00,1.1961000000000002,0.0
2008-01-29 12:00:00,1.1362,0.0
2008-01-30 12:00:00,1.1081,0.0
2008-01-31 12:00:00,1.2564,0.0
2008-02-01 12:00:00,1.961,0.0
2008-02-02 12:00:00,1.3516000000000001,0.0
2008-02-03 12:00:00,1.2874,0.0
2008-02-04 12:00:00,1.3924,0.0
2008-02-05 12:00:00,1.1855,0.0
2008-02-06 12:00:00,1.0929,0.0
2008-02-07 12:00:00,1.0058,0.0
2008-02-08 12:00:00,0.9926,0.0
2008-02-09 12:00:00,1.209,0.0
2008-02-10 12:00:00,1.4207,0.0
2008-02-11 12:00:00,1.1877,0.0
2008-02-12 12:00:00,1.1014000000000002,0.0
2008-02-13 12:00:00,1.0562,0.0
2008-02-14 12:00:00,2.8089,0.0
2008-02-15 12:00:00,2.6556,0.0
2008-02-16 12:00:00,2.2184,0.0
2008-02-17 12:00:00,1.6754,0.0
2008-02-18 12:00:00,1.4645000000000001,0.0
2008-02-19 12:00:00,1.3448,0.0
2008-02-20 12:00:00,1.2592,0.0
2008-02-21 12:00:00,1.2086000000000001,0.0
2008-02-22 12:00:00,1.2685,0.0
2008-02-23 12:00:00,1.592,0.0
2008-02-24 12:00:00,1.4786000000000001,0.0
2008-02-25 12:00:00,1.3312000000000002,0.0
2008-02-26 12:00:00,1.2266000000000001,0.0
2008-02-27 12:00:00,1.1837,0.0
2008-02-28 12:00:00,1.1615,0.0
2008-02-29 12:00:00,2.0954,0.0
2008-03-01 12:00:00,2.6328,0.0
2008-03-02 12:00:00,2.2597,0.0
2008-03-03 12:00:00,1.9624000000000001,0.0
2008-03-04 12:00:00,1.8070000000000002,0.0
2008-03-05 12:00:00,1.7188,0.0
2008-03-06 12:00:00,1.6012000000000002,0.0
2008-03-07 12:00:00,1.5175,0.0
2008-03-08 12:00:00,1.4077000000000002,0.0
2008-03-09 12:00:00,1.371,0.0
2008-03-10 12:00:00,1.3436000000000001,0.0
2008-03-11 12:00:00,1.3643,0.0
2008-03-12 12:00:00,1.3483,0.0
2008-03-13 12:00:00,1.3369,0.0
2008-03-14 12:00:00,1.2869000000000002,0.0
2008-03-15 12:00:00,1.2128,0.0
2008-03-16 12:00:00,1.199,0.0
2008-03-17 12:00:00,1.157,0.0
2008-03-18 12:00:00,1.0895000000000001,0.0
2008-03-19 12:00:00,1.065,0.0
2008-03-20 12:00:00,1.0814000000000001,0.0
2008-03-21 12:00:00,2.0344,0.0
2008-03-22 12:00:00,1.5076,0.0
2008-03-23 12:00:00,1.191,0.0
2008-03-24 12:00:00,1.0955000000000001,0.0
2008-03-25 12:00:00,1.0337,0.0
2008-03-26 12:00:00,1.0059,0.0
2008-03-27 12:00:00,1.0227,0.0
2008-03-28 12:00:00,1.0114,0.0
2008-03-29 12:00:00,0.9414,0.0
2008-03-30 12:00:00,0.9196000000000001,0.0
2008-03-31 12:00:00,1.0155,0.0
2008-04-01 12:00:00,1.1759000000000002,0.0
2008-04-02 12:00:00,1.0093,0.0
2008-04-03 12:00:00,0.9587,0.0
2008-04-04 12:00:00,0.9588000000000001,0.0
2008-04-05 12:00:00,0.9376000000000001,0.0
2008-04-06 12:00:00,0.9141,0.0
2008-04-07 12:00:00,0.9510000000000001,0.0
2008-04-08 12:00:00,0.9362,0.0
2008-04-09 12:00:00,0.9192,0.0
2008-04-10 12:00:00,0.8914000000000001,0.0
2008-04-11 12:00:00,0.8997,0.0
2008-04-12 12:00:00,0.9054000000000001,0.0
2008-04-13 12:00:00,0.9006000000000001,0.0
2008-04-14 12:00:00,0.9708,0.0
2008-04-15 12:00:00,0.9650000000000001,0.0
2008-04-16 12:00:00,0.9500000000000001,0.0
2008-04-17 12:00:00,0.9395,0.0
2008-04-18 12:00:00,0.92,0.0
2008-04-19 12:00:00,0.9559000000000001,0.0
2008-04-20 12:00:00,0.9524,0.0
2008-04-21 12:00:00,0.92,0.0
2008-04-22 12:00:00,0.9046000000000001,0.0
2008-04-23 12:00:00,0.8777,0.0
2008-04-24 12:00:00,0.8911,0.0
2008-04-25 12:00:00,0.8993,0.0
2008-04-26 12:00:00,0.9133,0.0
2008-04-27 12:00:00,1.5785,0.0
2008-04-28 12:00:00,1.7036,0.0
2008-04-29 12:00:00,4.2428,0.0
2008-04-30 12:00:00,2.9336,0.0
2008-05-01 12:00:00,2.083,0.0
2008-05-02 12:00:00,1.7909000000000002,0.0
2008-05-03 12:00:00,1.6004,0.0
2008-05-04 12:00:00,1.4703000000000002,0.0
2008-05-05 12:00:00,1.3708,0.0
2008-05-06 12:00:00,1.3529,0.0
2008-05-07 12:00:00,1.46,0.0
2008-05-08 12:00:00,1.8567,0.0
2008-05-09 12:00:00,2.2235,0.0
2008-05-10 12:00:00,1.889,0.0
2008-05-11 12:00:00,1.7287000000000001,0.0
2008-05-12 12:00:00,1.6348,0.0
2008-05-13 12:00:00,1.566,0.0
2008-05-14 12:00:00,1.4954,0.0
2008-05-15 12:00:00,1.4420000000000002,0.0
2008-05-16 12:00:00,1.4084,0.0
2008-05-17 12:00:00,1.3917000000000002,0.0
2008-05-18 12:00:00,1.3722,0.0
2008-05-19 12:00:00,1.3473000000000002,0.0
2008-05-21 12:00:00,1.9063,0.0
2008-05-22 12:00:00,2.3432,0.0
2008-05-23 12:00:00,2.0829,0.0
2008-05-24 12:00:00,1.9771,0.0
2008-05-25 12:00:00,1.9507,0.0
2008-05-26 12:00:00,1.8173000000000001,0.0
2008-05-27 12:00:00,1.7123000000000002,0.0
2008-05-28 12:00:00,1.6182,0.0
2008-05-29 12:00:00,1.6376000000000002,0.0
2008-05-30 12:00:00,1.6698000000000002,0.0
2008-05-31 12:00:00,2.2607,0.0
2008-06-01 12:00:00,4.0097000000000005,0.0
2008-06-02 12:00:00,3.3608000000000002,0.0
2008-06-03 12:00:00,2.8661000000000003,0.0
2008-06-04 12:00:00,2.5452,0.0
2008-06-05 12:00:00,2.3782,0.0
2008-06-06 12:00:00,3.3054,0.0
2008-06-07 12:00:00,3.1504000000000003,0.0
2008-06-08 12:00:00,2.7565,0.0
2008-06-09 12:00:00,2.6666000000000003,0.0
2008-06-10 12:00:00,2.4282,0.0
2008-06-11 12:00:00,2.3431,0.0
2008-06-12 12:00:00,3.5612000000000004,0.0
2008-06-13 12:00:00,7.513400000000001,0.0
2008-06-14 12:00:00,5.7613,0.0
2008-06-15 12:00:00,4.8392,0.0
2008-06-16 12:00:00,4.2258000000000004,0.0
2008-06-17 12:00:00,3.7461,0.0
2008-06-18 12:00:00,3.3754,0.0
2008-06-19 12:00:00,3.1036,0.0
2008-06-20 12:00:00,2.9049,0.0
2008-06-21 12:00:00,2.9857,0.0
2008-06-22 12:00:00,3.8194000000000004,0.0
2008-06-23 12:00:00,3.3459000000000003,0.0
2008-06-24 12:00:00,2.9839,0.0
2008-06-25 12:00:00,2.9708,0.0
2008-06-26 12:00:00,2.9709000000000003,0.0
2008-06-27 12:00:00,2.9535,0.0
2008-06-28 12:00:00,2.8757,0.0
2008-06-29 12:00:00,2.7391,0.0
2008-06-30 12:00:00,2.4570000000000003,0.0
2008-07-01 12:00:00,2.7911,0.0
2008-07-02 12:00:00,9.0152,0.0
2008-07-03 12:00:00,7.9466,0.0
2008-07-04 12:00:00,5.856,0.0
2008-07-05 12:00:00,4.8926,0.0
2008-07-06 12:00:00,4.3503,0.0
2008-07-07 12:00:00,3.8402000000000003,0.0
2008-07-08 12:00:00,3.5024,0.0
2008-07-09 12:00:00,3.1953,0.0
2008-07-10 12:00:00,3.4951000000000003,0.0
2008-07-11 12:00:00,11.7702,0.0
2008-07-12 12:00:00,10.3565,0.0
2008-07-13 12:00:00,7.9691,0.0
2008-07-14 12:00:00,6.972700000000001,0.0
2008-07-15 12:00:00,6.2382,0.0
2008-07-16 12:00:00,5.6676,0.0
2008-07-17 12:00:00,5.2263,0.0
2008-07-18 12:00:00,5.0902,0.0
2008-07-19 12:00:00,5.6146,0.0
2008-07-20 12:00:00,5.567200000000001,0.0
2008-07-21 12:00:00,5.4905,0.0
2008-07-22 12:00:00,5.9236,0.0
2008-07-23 12:00:00,6.285,0.0
2008-07-24 12:00:00,6.1554,0.0
2008-07-25 12:00:00,5.7922,0.0
2008-07-26 12:00:00,5.7914,0.0
2008-07-27 12:00:00,5.5945,0.0
2008-07-28 12:00:00,5.236000000000001,0.0
2008-07-29 12:00:00,4.9997,0.0
2008-07-30 12:00:00,5.035,0.0
2008-07-31 12:00:00,6.0444,0.0
2008-08-01 12:00:00,6.4769000000000005,0.0
2008-08-02 12:00:00,6.4417,0.0
2008-08-03 12:00:00,6.4569,0.0
2008-08-04 12:00:00,6.1229000000000005,0.0
2008-08-05 12:00:00,5.7922,0.0
2008-08-06 12:00:00,5.512300000000001,0.0
2008-08-07 12:00:00,5.3119000000000005,0.0
2008-08-08 12:00:00,5.0841,0.0
2008-08-09 12:00:00,4.6825,0.0
2008-08-10 12:00:00,4.5252,0.0
2008-08-11 12:00:00,4.4796000000000005,0.0
2008-08-12 12:00:00,4.4699,0.0
2008-08-13 12:00:00,4.4541,0.0
2008-08-14 12:00:00,4.2567,0.0
2008-08-15 12:00:00,4.1003,0.0
2008-08-16 12:00:00,4.0191,0.0
2008-08-17 12:00:00,3.8574,0.0
2008-08-18 12:00:00,3.6460000000000004,0.0
2008-08-19 12:00:00,3.4261000000000004,0.0
2008-08-20 12:00:00,3.4698,0.0
2008-08-21 12:00:00,5.1863,0.0
2008-08-22 12:00:00,5.530600000000001,0.0
2008-08-23 12:00:00,4.716,0.0
2008-08-24 12:00:00,4.7686,0.0
2008-08-25 12:00:00,5.7109000000000005,0.0
2008-08-26 12:00:00,6.8116,0.0
2008-08-27 12:00:00,6.6318,0.0
2008-08-28 12:00:00,6.3025,0.0
2008-08-29 12:00:00,5.832800000000001,0.0
2008-08-30 12:00:00,5.552700000000001,0.0
2008-08-31 12:00:00,5.683800000000001,0.0
2008-09-01 12:00:00,10.0919,0.0
2008-09-02 12:00:00,16.7814,0.0
2008-09-03 12:00:00,17.7954,0.0
2008-09-04 12:00:00,12.2603,0.0
2008-09-05 12:00:00,9.675,0.0
2008-09-06 12:00:00,8.5324,0.0
2008-09-07 12:00:00,7.6972000000000005,0.0
2008-09-08 12:00:00,8.0243,0.0
2008-09-09 12:00:00,7.7941,0.0
2008-09-10 12:00:00,7.1149000000000004,0.0
2008-09-11 12:00:00,6.915,0.0
2008-09-12 12:00:00,6.8276,0.0
2008-09-13 12:00:00,6.5288,0.0
2008-09-14 12:00:00,7.7252,0.0
2008-09-15 12:00:00,8.9367,0.0
2008-09-16 12:00:00,8.8942,0.0
2008-09-17 12:00:00,9.5938,0.0
2008-09-18 12:00:00,8.4243,0.0
2008-09-19 12:00:00,7.324800000000001,0.0
2008-09-20 12:00:00,7.4115,0.0
2008-09-21 12:00:00,7.4881,0.0
2008-09-22 12:00:00,7.0063,0.0
2008-09-23 12:00:00,15.8435,0.0
2008-09-24 12:00:00,11.5114,0.0
2008-09-25 12:00:00,9.6431,0.0
2008-09-26 12:00:00,10.7376,0.0
2008-09-27 12:00:00,11.5222,0.0
2008-09-28 12:00:00,12.357000000000001,0.0
2008-09-29 12:00:00,14.15,0.0
2008-09-30 12:00:00,13.5973,0.0
2008-10-01 12:00:00,12.38,0.0
2008-10-02 12:00:00,11.5005,0.0
2008-10-03 12:00:00,13.4237,0.0
2008-10-04 12:00:00,12.538400000000001,0.0
2008-10-05 12:00:00,10.8168,0.0
2008-10-06 12:00:00,11.272300000000001,0.0
2008-10-07 12:00:00,12.2588,0.0
2008-10-08 12:00:00,11.5114,0.0
2008-10-09 12:00:00,10.952300000000001,0.0
2008-10-10 12:00:00,11.066,0.0
2008-10-11 12:00:00,10.6919,0.0
2008-10-12 12:00:00,9.919400000000001,0.0
2008-10-13 12:00:00,9.2752,0.0
2008-10-14 12:00:00,8.7986,0.0
2008-10-15 12:00:00,9.3407,0.0
2008-10-16 12:00:00,8.518600000000001,0.0
2008-10-17 12:00:00,7.8143,0.0
2008-10-18 12:00:00,7.202100000000001,0.0
2008-10-19 12:00:00,6.7294,0.0
2008-10-20 12:00:00,6.3508000000000004,0.0
2008-10-21 12:00:00,5.994800000000001,0.0
2008-10-22 12:00:00,5.6612,0.0
2008-10-23 12:00:00,5.4106000000000005,0.0
2008-10-24 12:00:00,5.6879,0.0
2008-10-25 12:00:00,5.7856000000000005,0.0
2008-10-26 12:00:00,5.4381,0.0
2008-10-27 12:00:00,5.0697,0.0
2008-10-28 12:00:00,5.3259,0.0
2008-10-29 12:00:00,4.7706,0.0
2008-10-30 12:00:00,4.4489,0.0
2008-10-31 12:00:00,4.5239,0.0
2008-11-01 12:00:00,4.2944,0.0
2008-11-02 12:00:00,4.0229,0.0
2008-11-03 12:00:00,3.9801,0.0
2008-11-04 12:00:00,4.645300000000001,0.0
2008-11-05 12:00:00,4.4913,0.0
2008-11-06 12:00:00,4.0262,0.0
2008-11-07 12:00:00,3.749,0.0
2008-11-08 12:00:00,3.6561000000000003,0.0
2008-11-09 12:00:00,4.3625,0.0
2008-11-10 12:00:00,3.7478000000000002,0.0
2008-11-11 12:00:00,3.5411,0.0
2008-11-12 12:00:00,3.3569,0.0
2008-11-13 12:00:00,3.2524,0.0
2008-11-14 12:00:00,3.0829,0.0
2008-11-15 12:00:00,3.1479000000000004,0.0
2008-11-16 12:00:00,4.9753,0.0
2008-11-17 12:00:00,3.7069,0.0
2008-11-18 12:00:00,3.2319,0.0
2008-11-19 12:00:00,3.0518,0.0
2008-11-20 12:00:00,2.9044000000000003,0.0
2008-11-21 12:00:00,2.8787000000000003,0.0
2008-11-22 12:00:00,2.8657000000000004,0.0
2008-11-23 12:00:00,3.4123,0.0
2008-11-24 12:00:00,5.0326,0.0
2008-11-25 12:00:00,3.487,0.0
2008-11-26 12:00:00,3.0528,0.0
2008-11-27 12:00:00,2.8126,0.0
2008-11-28 12:00:00,2.6848,0.0
2008-11-29 12:00:00,2.6634,0.0
2008-11-30 12:00:00,2.6368,0.0
2008-12-01 12:00:00,2.6117,0.0
2008-12-02 12:00:00,2.4374000000000002,0.0
2008-12-03 12:00:00,6.21,0.0
2008-12-04 12:00:00,5.8171,0.0
2008-12-05 12:00:00,4.0879,0.0
2008-12-06 12:00:00,3.4725,0.0
2008-12-07 12:00:00,4.0843,0.0
2008-12-08 12:00:00,8.3649,0.0
2008-12-09 12:00:00,5.9462,0.0
2008-12-10 12:00:00,4.8978,0.0
2008-12-11 12:00:00,5.2347,0.0
2008-12-12 12:00:00,4.4368,0.0
2008-12-13 12:00:00,4.0069,0.0
2008-12-14 12:00:00,4.423,0.0
2008-12-15 12:00:00,5.0674,0.0
2008-12-16 12:00:00,13.937100000000001,0.0
2008-12-17 12:00:00,9.691500000000001,0.0
2008-12-18 12:00:00,7.643800000000001,0.0
2008-12-19 12:00:00,23.898400000000002,0.0
2008-12-20 12:00:00,32.9732,0.0
2008-12-21 12:00:00,21.863500000000002,0.0
2008-12-22 12:00:00,15.5157,0.0
2008-12-23 12:00:00,12.212100000000001,0.0
2008-12-24 12:00:00,9.9185,0.0
2008-12-25 12:00:00,8.6274,0.0
2008-12-26 12:00:00,7.4144000000000005,0.0
2008-12-27 12:00:00,6.6239,0.0
2008-12-28 12:00:00,5.996300000000001,0.0
2008-12-29 12:00:00,5.542400000000001,0.0
2008-12-30 12:00:00,5.5182,0.0
2008-12-31 12:00:00,6.2972,0.0
2009-01-01 12:00:00,5.4991,0.0
2009-01-02 12:00:00,5.587000000000001,0.0
2009-01-03 12:00:00,4.5993,0.0
2009-01-04 12:00:00,4.3132,0.0
2009-01-05 12:00:00,4.1012,0.0
2009-01-06 12:00:00,3.8971,0.0
2009-01-07 12:00:00,3.7193,0.0
2009-01-08 12:00:00,3.6274,0.0
2009-01-09 12:00:00,3.6475,0.0
2009-01-10 12:00:00,3.3784,0.0
2009-01-11 12:00:00,3.2369000000000003,0.0
2009-01-12 12:00:00,3.1301,0.0
2009-01-13 12:00:00,3.0051,0.0
2009-01-14 12:00:00,2.8259000000000003,0.0
2009-01-15 12:00:00,2.7338,0.0
2009-01-16 12:00:00,6.4608,0.0
2009-01-17 12:00:00,4.3157000000000005,0.0
2009-01-18 12:00:00,3.6616,0.0
2009-01-19 12:00:00,3.2590000000000003,0.0
2009-01-20 12:00:00,3.1194,0.0
2009-01-21 12:00:00,2.9250000000000003,0.0
2009-01-22 12:00:00,2.7422,0.0
2009-01-23 12:00:00,2.5896000000000003,0.0
2009-01-24 12:00:00,2.4698,0.0
2009-01-25 12:00:00,2.5055,0.0
2009-01-26 12:00:00,2.3832,0.0
2009-01-27 12:00:00,2.3445,0.0
2009-01-28 12:00:00,2.2871,0.0
2009-01-29 12:00:00,2.37,0.0
2009-01-30 12:00:00,2.2880000000000003,0.0
2009-01-31 12:00:00,2.5292000000000003,0.0
2009-02-01 12:00:00,2.2238,0.0
2009-02-02 12:00:00,2.1209000000000002,0.0
2009-02-03 12:00:00,2.0580000000000003,0.0
2009-02-04 12:00:00,1.9747000000000001,0.0
2009-02-05 12:00:00,1.8958000000000002,0.0
2009-02-06 12:00:00,1.8434000000000001,0.0
2009-02-07 12:00:00,1.7644000000000002,0.0
2009-02-08 12:00:00,1.6740000000000002,0.0
2009-02-09 12:00:00,1.7727000000000002,0.0
2009-02-10 12:00:00,1.8583,0.0
2009-02-11 12:00:00,2.1614,0.0
2009-02-12 12:00:00,2.2625,0.0
2009-02-13 12:00:00,1.8762,0.0
2009-02-14 12:00:00,1.7326000000000001,0.0
2009-02-15 12:00:00,1.6822000000000001,0.0
2009-02-16 12:00:00,1.6334000000000002,0.0
2009-02-17 12:00:00,1.5525,0.0
2009-02-18 12:00:00,1.4933,0.0
2009-02-19 12:00:00,2.1324,0.0
2009-02-20 12:00:00,4.9264,0.0
2009-02-21 12:00:00,6.899,0.0
2009-02-22 12:00:00,5.9058,0.0
2009-02-23 12:00:00,7.1786,0.0
2009-02-24 12:00:00,5.3226,0.0
2009-02-25 12:00:00,4.1548,0.0
2009-02-26 12:00:00,3.5921000000000003,0.0
2009-02-27 12:00:00,3.2348000000000003,0.0
2009-02-28 12:00:00,4.3466000000000005,0.0
2009-03-01 12:00:00,3.8880000000000003,0.0
2009-03-02 12:00:00,3.3163,0.0
2009-03-03 12:00:00,2.996,0.0
2009-03-04 12:00:00,2.7896,0.0
2009-03-05 12:00:00,2.9746,0.0
2009-03-06 12:00:00,2.8719,0.0
2009-03-07 12:00:00,2.5686,0.0
2009-03-08 12:00:00,2.4643,0.0
2009-03-09 12:00:00,2.355,0.0
2009-03-10 12:00:00,2.3367,0.0
2009-03-11 12:00:00,2.2956000000000003,0.0
2009-03-12 12:00:00,2.1616,0.0
2009-03-13 12:00:00,2.0768,0.0
2009-03-14 12:00:00,1.9962000000000002,0.0
2009-03-15 12:00:00,1.9391,0.0
2009-03-16 12:00:00,1.8893000000000002,0.0
2009-03-17 12:00:00,1.8979000000000001,0.0
2009-03-18 12:00:00,1.9935,0.0
2009-03-19 12:00:00,1.8464,0.0
2009-03-20 12:00:00,1.7924,0.0
2009-03-21 12:00:00,1.7499,0.0
2009-03-22 12:00:00,1.7238,0.0
2009-03-23 12:00:00,1.6774,0.0
2009-03-24 12:00:00,1.6107,0.0
2009-03-25 12:00:00,1.5694000000000001,0.0
2009-03-26 12:00:00,1.6801000000000001,0.0
2009-03-27 12:00:00,1.9486,0.0
2009-03-28 12:00:00,1.6278000000000001,0.0
2009-03-29 12:00:00,1.5156,0.0
2009-03-30 12:00:00,1.4884000000000002,0.0
2009-03-31 12:00:00,1.4884000000000002,0.0
2009-04-01 12:00:00,1.4884000000000002,0.0
2009-04-02 12:00:00,1.4572,0.0
2009-04-03 12:00:00,1.4289,0.0
2009-04-04 12:00:00,1.4166,0.0
2009-04-05 12:00:00,1.5454,0.0
2009-04-06 12:00:00,2.1993,0.0
2009-04-07 12:00:00,2.2791,0.0
2009-04-08 12:00:00,2.1329000000000002,0.0
2009-04-09 12:00:00,1.8721,0.0
2009-04-10 12:00:00,1.9375,0.0
2009-04-11 12:00:00,1.9229,0.0
2009-04-12 12:00:00,1.7901,0.0
2009-04-13 12:00:00,1.6901000000000002,0.0
2009-04-14 12:00:00,1.6382,0.0
2009-04-15 12:00:00,1.6544,0.0
2009-04-16 12:00:00,1.6409,0.0
2009-04-17 12:00:00,1.5646,0.0
2009-04-18 12:00:00,1.5483,0.0
2009-04-19 12:00:00,1.5249000000000001,0.0
2009-04-20 12:00:00,1.5023,0.0
2009-04-21 12:00:00,1.4996,0.0
2009-04-22 12:00:00,1.494,0.0
2009-04-23 12:00:00,1.4821,0.0
2009-04-24 12:00:00,1.4784000000000002,0.0
2009-04-25 12:00:00,1.9053,0.0
2009-04-26 12:00:00,4.2923,0.0
2009-04-27 12:00:00,8.2188,0.0
2009-04-28 12:00:00,6.939900000000001,0.0
2009-04-29 12:00:00,6.5521,0.0
2009-04-30 12:00:00,5.391100000000001,0.0
2009-05-01 12:00:00,4.5596000000000005,0.0
2009-05-02 12:00:00,4.0279,0.0
2009-05-03 12:00:00,3.6555,0.0
2009-05-04 12:00:00,3.7689000000000004,0.0
2009-05-05 12:00:00,3.9549000000000003,0.0
2009-05-06 12:00:00,3.7529000000000003,0.0
2009-05-07 12:00:00,3.9046000000000003,0.0
2009-05-08 12:00:00,3.7819000000000003,0.0
2009-05-09 12:00:00,3.7725,0.0
2009-05-10 12:00:00,3.6859,0.0
2009-05-11 12:00:00,3.6824000000000003,0.0
2009-05-12 12:00:00,3.9092000000000002,0.0
2009-05-13 12:00:00,4.1552,0.0
2009-05-14 12:00:00,17.611800000000002,0.0
2009-05-15 12:00:00,64.3605,0.0
2009-05-16 12:00:00,191.48010000000002,0.0
2009-05-17 12:00:00,77.7264,0.0
2009-05-18 12:00:00,43.9986,0.0
2009-05-19 12:00:00,25.7273,0.0
2009-05-20 12:00:00,20.2209,0.0
2009-05-21 12:00:00,16.489800000000002,0.0
2009-05-22 12:00:00,15.368400000000001,0.0
2009-05-23 12:00:00,23.3066,0.0
2009-05-24 12:00:00,19.984,0.0
2009-05-25 12:00:00,17.6188,0.0
2009-05-26 12:00:00,15.8009,0.0
2009-05-27 12:00:00,14.3404,0.0
2009-05-28 12:00:00,13.113000000000001,0.0
2009-05-29 12:00:00,12.0281,0.0
2009-05-30 12:00:00,11.0656,0.0
2009-05-31 12:00:00,10.103900000000001,0.0
2009-06-01 12:00:00,9.2591,0.0
2009-06-02 12:00:00,8.601600000000001,0.0
2009-06-03 12:00:00,8.103200000000001,0.0
2009-06-04 12:00:00,7.8348,0.0
2009-06-05 12:00:00,7.5612,0.0
2009-06-06 12:00:00,7.0739,0.0
2009-06-07 12:00:00,6.658600000000001,0.0
2009-06-08 12:00:00,8.175600000000001,0.0
2009-06-09 12:00:00,9.0213,0.0
2009-06-10 12:00:00,9.8399,0.0
2009-06-11 12:00:00,9.2417,0.0
2009-06-12 12:00:00,8.8366,0.0
2009-06-13 12:00:00,8.441600000000001,0.0
2009-06-14 12:00:00,7.9535,0.0
2009-06-15 12:00:00,7.3843000000000005,0.0
2009-06-16 12:00:00,6.836,0.0
2009-06-17 12:00:00,6.354,0.0
2009-06-18 12:00:00,5.8388,0.0
2009-06-19 12:00:00,5.6287,0.0
2009-06-20 12:00:00,5.2342,0.0
2009-06-21 12:00:00,5.0838,0.0
2009-06-22 12:00:00,4.9116,0.0
2009-06-23 12:00:00,4.9206,0.0
2009-06-24 12:00:00,4.786700000000001,0.0
2009-06-26 12:00:00,4.5471,0.0
2009-06-27 12:00:00,4.4534,0.0
2009-06-28 12:00:00,4.341600000000001,0.0
2009-06-29 12:00:00,4.269,0.0
2009-06-30 12:00:00,4.0397,0.0
2009-07-01 12:00:00,4.0102,0.0
2009-07-02 12:00:00,4.0458,0.0
2009-07-03 12:00:00,4.046,0.0
2009-07-04 12:00:00,4.109100000000001,0.0
2009-07-05 12:00:00,4.0545,0.0
2009-07-06 12:00:00,3.8351,0.0
2009-07-07 12:00:00,3.7286,0.0
2009-07-08 12:00:00,3.6088,0.0
2009-07-09 12:00:00,3.4164000000000003,0.0
2009-07-10 12:00:00,3.3744,0.0
2009-07-11 12:00:00,3.6121000000000003,0.0
2009-07-12 12:00:00,3.2356000000000003,0.0
2009-07-13 12:00:00,3.2041,0.0
2009-07-14 12:00:00,3.4665000000000004,0.0
2009-07-15 12:00:00,3.3439,0.0
2009-07-16 12:00:00,3.3265000000000002,0.0
2009-07-17 12:00:00,3.3129,0.0
2009-07-18 12:00:00,3.309,0.0
2009-07-19 12:00:00,3.0380000000000003,0.0
2009-07-20 12:00:00,4.1079,0.0
2009-07-21 12:00:00,4.7529,0.0
2009-07-22 12:00:00,12.811,0.0
2009-07-23 12:00:00,7.5727,0.0
2009-07-24 12:00:00,5.1578,0.0
2009-07-25 12:00:00,4.4463,0.0
2009-07-26 12:00:00,4.1276,0.0
2009-07-27 12:00:00,4.1302,0.0
2009-07-28 12:00:00,4.13,0.0
2009-07-29 12:00:00,4.4354000000000005,0.0
2009-07-30 12:00:00,6.2654000000000005,0.0
2009-07-31 12:00:00,5.9329,0.0
2009-08-01 12:00:00,6.4975000000000005,0.0
2009-08-02 12:00:00,6.8223,0.0
2009-08-03 12:00:00,12.5275,0.0
2009-08-04 12:00:00,11.4318,0.0
2009-08-05 12:00:00,9.186200000000001,0.0
2009-08-06 12:00:00,8.158100000000001,0.0
2009-08-07 12:00:00,7.403700000000001,0.0
2009-08-08 12:00:00,6.734500000000001,0.0
2009-08-09 12:00:00,6.245900000000001,0.0
2009-08-10 12:00:00,7.642,0.0
2009-08-11 12:00:00,10.316500000000001,0.0
2009-08-12 12:00:00,10.9585,0.0
2009-08-13 12:00:00,9.709200000000001,0.0
2009-08-14 12:00:00,9.4335,0.0
2009-08-15 12:00:00,10.9997,0.0
2009-08-16 12:00:00,10.7245,0.0
2009-08-17 12:00:00,10.084800000000001,0.0
2009-08-18 12:00:00,9.255,0.0
2009-08-19 12:00:00,8.512500000000001,0.0
2009-08-20 12:00:00,7.9343,0.0
2009-08-21 12:00:00,7.424300000000001,0.0
2009-08-22 12:00:00,8.849400000000001,0.0
2009-08-23 12:00:00,8.3792,0.0
2009-08-24 12:00:00,10.7455,0.0
2009-08-25 12:00:00,26.3516,0.0
2009-08-26 12:00:00,20.425700000000003,0.0
2009-08-27 12:00:00,21.0608,0.0
2009-08-28 12:00:00,21.737000000000002,0.0
2009-08-29 12:00:00,20.0835,0.0
2009-08-30 12:00:00,22.6023,0.0
2009-08-31 12:00:00,19.4322,0.0
2009-09-01 12:00:00,17.101,0.0
2009-09-02 12:00:00,14.6089,0.0
2009-09-03 12:00:00,13.031400000000001,0.0
2009-09-04 12:00:00,12.1129,0.0
2009-09-05 12:00:00,11.1835,0.0
2009-09-06 12:00:00,10.3831,0.0
2009-09-07 12:00:00,9.627,0.0
2009-09-08 12:00:00,8.9838,0.0
2009-09-09 12:00:00,8.544,0.0
2009-09-10 12:00:00,8.412,0.0
2009-09-11 12:00:00,8.426400000000001,0.0
2009-09-12 12:00:00,8.1485,0.0
2009-09-13 12:00:00,8.3081,0.0
2009-09-14 12:00:00,8.887500000000001,0.0
2009-09-15 12:00:00,8.0585,0.0
2009-09-16 12:00:00,7.391900000000001,0.0
2009-09-17 12:00:00,7.056,0.0
2009-09-18 12:00:00,6.794300000000001,0.0
2009-09-19 12:00:00,6.3984000000000005,0.0
2009-09-20 12:00:00,6.1403,0.0
2009-09-21 12:00:00,6.0366,0.0
2009-09-22 12:00:00,5.823,0.0
2009-09-23 12:00:00,5.5747,0.0
2009-09-24 12:00:00,5.4731000000000005,0.0
2009-09-25 12:00:00,5.3677,0.0
2009-09-26 12:00:00,5.2184,0.0
2009-09-27 12:00:00,5.2174000000000005,0.0
2009-09-28 12:00:00,5.1143,0.0
2009-09-29 12:00:00,4.9534,0.0
2009-09-30 12:00:00,4.7879000000000005,0.0
2009-10-01 12:00:00,5.1925,0.0
2009-10-02 12:00:00,5.682,0.0
2009-10-03 12:00:00,5.1676,0.0
2009-10-04 12:00:00,4.519,0.0
2009-10-05 12:00:00,4.1951,0.0
2009-10-06 12:00:00,4.0549,0.0
2009-10-07 12:00:00,4.0843,0.0
2009-10-08 12:00:00,4.9786,0.0
2009-10-09 12:00:00,4.428,0.0
2009-10-10 12:00:00,4.3171,0.0
2009-10-11 12:00:00,4.1451,0.0
2009-10-12 12:00:00,3.9533,0.0
2009-10-13 12:00:00,3.9833000000000003,0.0
2009-10-14 12:00:00,4.0138,0.0
2009-10-15 12:00:00,4.2144,0.0
2009-10-16 12:00:00,5.4634,0.0
2009-10-17 12:00:00,7.0118,0.0
2009-10-18 12:00:00,6.3344000000000005,0.0
2009-10-19 12:00:00,5.9972,0.0
2009-10-20 12:00:00,5.276000000000001,0.0
2009-10-21 12:00:00,4.9508,0.0
2009-10-22 12:00:00,4.6671000000000005,0.0
2009-10-23 12:00:00,4.423900000000001,0.0
2009-10-24 12:00:00,4.3346,0.0
2009-10-25 12:00:00,4.775,0.0
2009-10-26 12:00:00,5.8687000000000005,0.0
2009-10-27 12:00:00,5.4691,0.0
2009-10-28 12:00:00,5.1931,0.0
2009-10-29 12:00:00,4.7267,0.0
2009-10-30 12:00:00,4.436100000000001,0.0
2009-10-31 12:00:00,4.4286,0.0
2009-11-01 12:00:00,5.0625,0.0
2009-11-02 12:00:00,4.8984000000000005,0.0
2009-11-03 12:00:00,4.7076,0.0
2009-11-04 12:00:00,4.5225,0.0
2009-11-05 12:00:00,4.053100000000001,0.0
2009-11-06 12:00:00,3.6833,0.0
2009-11-07 12:00:00,3.5813,0.0
2009-11-08 12:00:00,3.5403000000000002,0.0
2009-11-09 12:00:00,3.4916,0.0
2009-11-10 12:00:00,3.472,0.0
2009-11-11 12:00:00,3.2969,0.0
2009-11-12 12:00:00,3.0998,0.0
2009-11-13 12:00:00,3.0061,0.0
2009-11-14 12:00:00,3.0205,0.0
2009-11-15 12:00:00,2.9493,0.0
2009-11-16 12:00:00,2.8017000000000003,0.0
2009-11-17 12:00:00,2.7064,0.0
2009-11-18 12:00:00,2.6254,0.0
2009-11-19 12:00:00,2.6078,0.0
2009-11-20 12:00:00,2.7854,0.0
2009-11-21 12:00:00,2.9782,0.0
2009-11-22 12:00:00,2.6645000000000003,0.0
2009-11-23 12:00:00,2.6945,0.0
2009-11-24 12:00:00,2.4751000000000003,0.0
2009-11-25 12:00:00,2.4001,0.0
2009-11-26 12:00:00,2.3286000000000002,0.0
2009-11-27 12:00:00,2.5899,0.0
2009-11-28 12:00:00,2.3552,0.0
2009-11-29 12:00:00,2.2611,0.0
2009-11-30 12:00:00,2.2519,0.0
2009-12-01 12:00:00,2.6292,0.0
2009-12-02 12:00:00,2.6054,0.0
2009-12-03 12:00:00,2.2049000000000003,0.0
2009-12-04 12:00:00,2.0832,0.0
2009-12-05 12:00:00,2.0845000000000002,0.0
2009-12-06 12:00:00,2.0525,0.0
2009-12-07 12:00:00,1.9316,0.0
2009-12-08 12:00:00,6.7207,0.0
2009-12-09 12:00:00,5.1592,0.0
2009-12-10 12:00:00,3.0016000000000003,0.0
2009-12-11 12:00:00,2.9281,0.0
2009-12-12 12:00:00,2.7576,0.0
2009-12-13 12:00:00,2.5296000000000003,0.0
2009-12-14 12:00:00,2.3841,0.0
2009-12-15 12:00:00,2.2263,0.0
2009-12-16 12:00:00,2.0888,0.0
2009-12-17 12:00:00,1.9931,0.0
2009-12-18 12:00:00,2.0656,0.0
2009-12-19 12:00:00,1.9795,0.0
2009-12-20 12:00:00,1.8812,0.0
2009-12-21 12:00:00,1.7987000000000002,0.0
2009-12-22 12:00:00,1.7169,0.0
2009-12-23 12:00:00,1.6871,0.0
2009-12-24 12:00:00,1.661,0.0
2009-12-25 12:00:00,1.6533,0.0
2009-12-26 12:00:00,1.8918000000000001,0.0
2009-12-27 12:00:00,1.6980000000000002,0.0
2009-12-28 12:00:00,1.5725,0.0
2009-12-29 12:00:00,1.5038,0.0
2009-12-30 12:00:00,1.5321,0.0
2009-12-31 12:00:00,1.5145000000000002,0.0
2010-01-01 12:00:00,1.7286000000000001,0.0
2010-01-02 12:00:00,1.9884000000000002,0.0
2010-01-03 12:00:00,2.0915,0.0
2010-01-04 12:00:00,1.6481000000000001,0.0
2010-01-05 12:00:00,1.5464,0.0
2010-01-06 12:00:00,4.4337,0.0
2010-01-07 12:00:00,2.5605,0.0
2010-01-08 12:00:00,2.1765000000000003,0.0
2010-01-09 12:00:00,3.7002,0.0
2010-01-10 12:00:00,6.2153,0.0
2010-01-11 12:00:00,4.2354,0.0
2010-01-12 12:00:00,3.3064,0.0
2010-01-13 12:00:00,2.9126000000000003,0.0
2010-01-14 12:00:00,2.6651000000000002,0.0
2010-01-15 12:00:00,2.4515000000000002,0.0
2010-01-16 12:00:00,2.2572,0.0
2010-01-17 12:00:00,2.1296,0.0
2010-01-18 12:00:00,3.2470000000000003,0.0
2010-01-19 12:00:00,2.782,0.0
2010-01-20 12:00:00,2.5198,0.0
2010-01-21 12:00:00,2.567,0.0
2010-01-22 12:00:00,2.4493,0.0
2010-01-23 12:00:00,2.2423,0.0
2010-01-24 12:00:00,2.113,0.0
2010-01-25 12:00:00,1.991,0.0
2010-01-26 12:00:00,1.8855000000000002,0.0
2010-01-27 12:00:00,1.7945,0.0
2010-01-28 12:00:00,1.7273,0.0
2010-01-29 12:00:00,1.6618000000000002,0.0
2010-01-30 12:00:00,1.6339000000000001,0.0
2010-01-31 12:00:00,1.5977000000000001,0.0
2010-02-01 12:00:00,1.5349000000000002,0.0
2010-02-02 12:00:00,1.4736,0.0
2010-02-03 12:00:00,1.4286,0.0
2010-02-04 12:00:00,1.4048,0.0
2010-02-05 12:00:00,1.3702,0.0
2010-02-06 12:00:00,1.3339,0.0
2010-02-07 12:00:00,1.3331000000000002,0.0
2010-02-08 12:00:00,1.3205,0.0
2010-02-09 12:00:00,1.3497000000000001,0.0
2010-02-10 12:00:00,1.3827,0.0
2010-02-11 12:00:00,1.3134000000000001,0.0
2010-02-12 12:00:00,1.3865,0.0
2010-02-13 12:00:00,1.4027,0.0
2010-02-14 12:00:00,1.2988,0.0
2010-02-15 12:00:00,1.2570000000000001,0.0
2010-02-16 12:00:00,1.2229,0.0
2010-02-17 12:00:00,1.5791000000000002,0.0
2010-02-18 12:00:00,1.6806,0.0
2010-02-19 12:00:00,1.405,0.0
2010-02-20 12:00:00,1.2713,0.0
2010-02-21 12:00:00,1.213,0.0
2010-02-22 12:00:00,1.1577,0.0
2010-02-23 12:00:00,1.1094000000000002,0.0
2010-02-24 12:00:00,1.1596,0.0
2010-02-25 12:00:00,1.1474,0.0
2010-02-26 12:00:00,1.1067,0.0
2010-02-27 12:00:00,1.0714000000000001,0.0
2010-02-28 12:00:00,1.0866,0.0
2010-03-01 12:00:00,1.1734,0.0
2010-03-02 12:00:00,1.1321,0.0
2010-03-03 12:00:00,1.0714000000000001,0.0
2010-03-04 12:00:00,1.0527,0.0
2010-03-05 12:00:00,1.0738,0.0
2010-03-06 12:00:00,1.0550000000000002,0.0
2010-03-07 12:00:00,1.0304,0.0
2010-03-08 12:00:00,1.0054,0.0
2010-03-09 12:00:00,0.9917,0.0
2010-03-10 12:00:00,0.9902000000000001,0.0
2010-03-11 12:00:00,1.042,0.0
2010-03-12 12:00:00,1.0891,0.0
2010-03-13 12:00:00,1.0648,0.0
2010-03-14 12:00:00,1.0232,0.0
2010-03-15 12:00:00,0.9810000000000001,0.0
2010-03-16 12:00:00,0.9895,0.0
2010-03-17 12:00:00,0.9981000000000001,0.0
2010-03-18 12:00:00,0.9939,0.0
2010-03-19 12:00:00,0.9630000000000001,0.0
2010-03-20 12:00:00,0.9377000000000001,0.0
2010-03-21 12:00:00,1.4529,0.0
2010-03-22 12:00:00,1.4194,0.0
2010-03-23 12:00:00,2.1711,0.0
2010-03-24 12:00:00,1.4852,0.0
2010-03-25 12:00:00,1.2239,0.0
2010-03-26 12:00:00,1.1118000000000001,0.0
2010-03-27 12:00:00,1.0715000000000001,0.0
2010-03-28 12:00:00,1.0599,0.0
2010-03-29 12:00:00,1.05,0.0
2010-03-30 12:00:00,1.0405,0.0
2010-03-31 12:00:00,1.0473000000000001,0.0
2010-04-01 12:00:00,1.0390000000000001,0.0
2010-04-02 12:00:00,1.0350000000000001,0.0
2010-04-03 12:00:00,2.2543,0.0
2010-04-04 12:00:00,1.5222,0.0
2010-04-05 12:00:00,1.3036,0.0
2010-04-06 12:00:00,1.2152,0.0
2010-04-07 12:00:00,1.1852,0.0
2010-04-08 12:00:00,1.1571,0.0
2010-04-09 12:00:00,1.135,0.0
2010-04-10 12:00:00,1.1192,0.0
2010-04-11 12:00:00,1.094,0.0
2010-04-12 12:00:00,1.1197000000000001,0.0
2010-04-13 12:00:00,1.4091,0.0
2010-04-14 12:00:00,1.189,0.0
2010-04-15 12:00:00,1.1117000000000001,0.0
2010-04-16 12:00:00,1.1012,0.0
2010-04-17 12:00:00,1.0891,0.0
2010-04-18 12:00:00,1.076,0.0
2010-04-19 12:00:00,1.0667,0.0
2010-04-20 12:00:00,1.0661,0.0
2010-04-21 12:00:00,1.0679,0.0
2010-04-22 12:00:00,1.0506,0.0
2010-04-23 12:00:00,1.1036000000000001,0.0
2010-04-24 12:00:00,1.3287,0.0
2010-04-25 12:00:00,3.4561,0.0
2010-04-26 12:00:00,5.7395000000000005,0.0
2010-04-27 12:00:00,3.7131000000000003,0.0
2010-04-28 12:00:00,2.7606,0.0
2010-04-29 12:00:00,4.5349,0.0
2010-04-30 12:00:00,3.3256,0.0
2010-05-01 12:00:00,2.6236,0.0
2010-05-02 12:00:00,2.4257,0.0
2010-05-03 12:00:00,2.3887,0.0
2010-05-04 12:00:00,2.0788,0.0
2010-05-05 12:00:00,1.9505000000000001,0.0
2010-05-06 12:00:00,1.9135000000000002,0.0
2010-05-07 12:00:00,2.3467000000000002,0.0
2010-05-08 12:00:00,2.0193000000000003,0.0
2010-05-09 12:00:00,1.9083,0.0
2010-05-10 12:00:00,1.8310000000000002,0.0
2010-05-11 12:00:00,1.7878,0.0
2010-05-12 12:00:00,3.6642,0.0
2010-05-13 12:00:00,3.7288,0.0
2010-05-14 12:00:00,2.9891,0.0
2010-05-15 12:00:00,2.6838,0.0
2010-05-16 12:00:00,2.5434,0.0
2010-05-17 12:00:00,2.416,0.0
2010-05-18 12:00:00,2.2761,0.0
2010-05-19 12:00:00,2.1819,0.0
2010-05-20 12:00:00,2.1098,0.0
2010-05-21 12:00:00,2.0527,0.0
2010-05-22 12:00:00,2.0048,0.0
2010-05-23 12:00:00,2.1162,0.0
2010-05-24 12:00:00,5.942200000000001,0.0
2010-05-25 12:00:00,13.531400000000001,0.0
2010-05-26 12:00:00,12.276900000000001,0.0
2010-05-27 12:00:00,8.5798,0.0
2010-05-28 12:00:00,6.9101,0.0
2010-05-29 12:00:00,6.0719,0.0
2010-05-30 12:00:00,5.432,0.0
2010-05-31 12:00:00,4.8151,0.0
2010-06-01 12:00:00,4.3799,0.0
2010-06-02 12:00:00,4.1043,0.0
2010-06-03 12:00:00,3.7859000000000003,0.0
2010-06-04 12:00:00,3.6368,0.0
2010-06-05 12:00:00,3.6947,0.0
2010-06-06 12:00:00,4.6234,0.0
2010-06-07 12:00:00,4.422000000000001,0.0
2010-06-08 12:00:00,3.6486,0.0
2010-06-09 12:00:00,3.5673000000000004,0.0
2010-06-10 12:00:00,3.9923,0.0
2010-06-11 12:00:00,4.7228,0.0
2010-06-12 12:00:00,4.554,0.0
2010-06-13 12:00:00,4.1981,0.0
2010-06-14 12:00:00,3.9644000000000004,0.0
2010-06-15 12:00:00,3.6677,0.0
2010-06-16 12:00:00,3.5286,0.0
2010-06-17 12:00:00,3.5772000000000004,0.0
2010-06-18 12:00:00,14.344000000000001,0.0
2010-06-19 12:00:00,17.811400000000003,0.0
2010-06-20 12:00:00,22.6631,0.0
2010-06-21 12:00:00,16.3677,0.0
2010-06-22 12:00:00,13.3162,0.0
2010-06-23 12:00:00,10.788400000000001,0.0
2010-06-24 12:00:00,9.7283,0.0
2010-06-25 12:00:00,8.9483,0.0
2010-06-26 12:00:00,8.3171,0.0
2010-06-27 12:00:00,7.702800000000001,0.0
2010-06-28 12:00:00,7.1759,0.0
2010-06-29 12:00:00,6.5384,0.0
2010-06-30 12:00:00,6.092300000000001,0.0
2010-07-01 12:00:00,5.7807,0.0
2010-07-02 12:00:00,5.4236,0.0
2010-07-03 12:00:00,5.248600000000001,0.0
2010-07-04 12:00:00,4.9587,0.0
2010-07-05 12:00:00,4.7043,0.0
2010-07-06 12:00:00,4.5378,0.0
2010-07-07 12:00:00,4.369,0.0
2010-07-08 12:00:00,4.3028,0.0
2010-07-09 12:00:00,3.9803,0.0
2010-07-10 12:00:00,3.5363,0.0
2010-07-11 12:00:00,3.5649,0.0
2010-07-12 12:00:00,4.1371,0.0
2010-07-13 12:00:00,3.7757,0.0
2010-07-14 12:00:00,3.6656,0.0
2010-07-15 12:00:00,3.6006,0.0
2010-07-16 12:00:00,3.5185,0.0
2010-07-17 12:00:00,3.4576000000000002,0.0
2010-07-18 12:00:00,3.452,0.0
2010-07-19 12:00:00,4.2197000000000005,0.0
2010-07-20 12:00:00,4.2939,0.0
2010-07-21 12:00:00,4.0118,0.0
2010-07-22 12:00:00,4.6296,0.0
2010-07-23 12:00:00,4.5844000000000005,0.0
2010-07-24 12:00:00,4.4148000000000005,0.0
2010-07-25 12:00:00,4.414000000000001,0.0
2010-07-26 12:00:00,4.8664000000000005,0.0
2010-07-27 12:00:00,4.6859,0.0
2010-07-28 12:00:00,4.3312,0.0
2010-07-29 12:00:00,4.0743,0.0
2010-07-30 12:00:00,4.0894,0.0
2010-07-31 12:00:00,26.0107,0.0
2010-08-01 12:00:00,35.218900000000005,0.0
2010-08-02 12:00:00,22.1563,0.0
2010-08-03 12:00:00,16.7936,0.0
2010-08-04 12:00:00,13.7085,0.0
2010-08-05 12:00:00,11.687700000000001,0.0
2010-08-06 12:00:00,10.6228,0.0
2010-08-07 12:00:00,10.047,0.0
2010-08-08 12:00:00,9.0913,0.0
2010-08-09 12:00:00,8.2044,0.0
2010-08-10 12:00:00,7.922300000000001,0.0
2010-08-11 12:00:00,7.9213000000000005,0.0
2010-08-12 12:00:00,22.326,0.0
2010-08-13 12:00:00,34.816500000000005,0.0
2010-08-14 12:00:00,25.0802,0.0
2010-08-15 12:00:00,20.1796,0.0
2010-08-16 12:00:00,17.6029,0.0
2010-08-17 12:00:00,15.8527,0.0
2010-08-18 12:00:00,15.0083,0.0
2010-08-19 12:00:00,13.2918,0.0
2010-08-20 12:00:00,12.1837,0.0
2010-08-21 12:00:00,11.2066,0.0
2010-08-22 12:00:00,10.2873,0.0
2010-08-23 12:00:00,9.4132,0.0
2010-08-24 12:00:00,8.8796,0.0
2010-08-25 12:00:00,9.7722,0.0
2010-08-26 12:00:00,9.3023,0.0
2010-08-27 12:00:00,8.8659,0.0
2010-08-28 12:00:00,13.1037,0.0
2010-08-29 12:00:00,19.1976,0.0
2010-08-30 12:00:00,20.1878,0.0
2010-08-31 12:00:00,17.688200000000002,0.0
2010-09-01 12:00:00,16.3286,0.0
2010-09-02 12:00:00,14.754100000000001,0.0
2010-09-03 12:00:00,12.656400000000001,0.0
2010-09-04 12:00:00,12.2748,0.0
2010-09-05 12:00:00,17.8715,0.0
2010-09-06 12:00:00,16.5992,0.0
2010-09-07 12:00:00,14.4535,0.0
2010-09-08 12:00:00,13.2307,0.0
2010-09-09 12:00:00,12.4291,0.0
2010-09-10 12:00:00,11.6218,0.0
2010-09-11 12:00:00,11.2231,0.0
2010-09-12 12:00:00,11.2917,0.0
2010-09-13 12:00:00,11.7466,0.0
2010-09-14 12:00:00,10.844000000000001,0.0
2010-09-15 12:00:00,10.2179,0.0
2010-09-16 12:00:00,11.8048,0.0
2010-09-17 12:00:00,10.6212,0.0
2010-09-18 12:00:00,9.8499,0.0
2010-09-19 12:00:00,9.472100000000001,0.0
2010-09-20 12:00:00,9.180900000000001,0.0
2010-09-21 12:00:00,8.7649,0.0
2010-09-22 12:00:00,8.4844,0.0
2010-09-23 12:00:00,8.808200000000001,0.0
2010-09-24 12:00:00,9.0454,0.0
2010-09-25 12:00:00,10.0507,0.0
2010-09-26 12:00:00,9.7631,0.0
2010-09-27 12:00:00,9.176,0.0
2010-09-28 12:00:00,12.519,0.0
2010-09-29 12:00:00,15.948400000000001,0.0
2010-09-30 12:00:00,16.576700000000002,0.0
2010-10-01 12:00:00,13.697700000000001,0.0
2010-10-02 12:00:00,11.846,0.0
2010-10-03 12:00:00,10.668800000000001,0.0
2010-10-04 12:00:00,9.891300000000001,0.0
2010-10-05 12:00:00,9.399600000000001,0.0
2010-10-06 12:00:00,9.033000000000001,0.0
2010-10-07 12:00:00,8.7827,0.0
2010-10-08 12:00:00,10.4182,0.0
2010-10-09 12:00:00,9.7955,0.0
2010-10-10 12:00:00,9.1188,0.0
2010-10-11 12:00:00,8.5282,0.0
2010-10-12 12:00:00,8.1829,0.0
2010-10-13 12:00:00,7.9739,0.0
2010-10-14 12:00:00,7.8421,0.0
2010-10-15 12:00:00,7.8063,0.0
2010-10-16 12:00:00,8.780000000000001,0.0
2010-10-17 12:00:00,8.5717,0.0
2010-10-18 12:00:00,7.8501,0.0
2010-10-19 12:00:00,7.8180000000000005,0.0
2010-10-20 12:00:00,7.187200000000001,0.0
2010-10-21 12:00:00,6.5012,0.0
2010-10-22 12:00:00,6.1873000000000005,0.0
2010-10-23 12:00:00,6.136,0.0
2010-10-24 12:00:00,6.157,0.0
2010-10-25 12:00:00,6.2423,0.0
2010-10-26 12:00:00,6.0784,0.0
2010-10-27 12:00:00,6.062600000000001,0.0
2010-10-28 12:00:00,5.9416,0.0
2010-10-29 12:00:00,5.5888,0.0
2010-10-30 12:00:00,5.3521,0.0
2010-10-31 12:00:00,5.1467,0.0
2010-11-01 12:00:00,4.9261,0.0
2010-11-02 12:00:00,4.7696000000000005,0.0
2010-11-03 12:00:00,4.6418,0.0
2010-11-04 12:00:00,4.6596,0.0
2010-11-05 12:00:00,4.3818,0.0
2010-11-06 12:00:00,4.057,0.0
2010-11-07 12:00:00,3.8708,0.0
2010-11-08 12:00:00,3.716,0.0
2010-11-09 12:00:00,3.5959000000000003,0.0
2010-11-10 12:00:00,3.6636,0.0
2010-11-11 12:00:00,3.7105,0.0
2010-11-12 12:00:00,3.5719000000000003,0.0
2010-11-13 12:00:00,3.5074,0.0
2010-11-14 12:00:00,3.422,0.0
2010-11-15 12:00:00,3.3097000000000003,0.0
2010-11-16 12:00:00,3.1692,0.0
2010-11-17 12:00:00,3.0681000000000003,0.0
2010-11-18 12:00:00,2.9346,0.0
2010-11-19 12:00:00,3.3363,0.0
2010-11-20 12:00:00,3.1894,0.0
2010-11-21 12:00:00,3.123,0.0
2010-11-22 12:00:00,2.7767,0.0
2010-11-23 12:00:00,2.5634,0.0
2010-11-24 12:00:00,2.4496,0.0
2010-11-25 12:00:00,2.4463,0.0
2010-11-26 12:00:00,2.3551,0.0
2010-11-27 12:00:00,2.2728,0.0
2010-11-28 12:00:00,2.1137,0.0
2010-11-29 12:00:00,2.0439000000000003,0.0
2010-11-30 12:00:00,1.9906000000000001,0.0
2010-12-01 12:00:00,1.9662000000000002,0.0
2010-12-02 12:00:00,1.9157000000000002,0.0
2010-12-03 12:00:00,1.8259,0.0
2010-12-04 12:00:00,1.7915,0.0
2010-12-05 12:00:00,1.9418000000000002,0.0
2010-12-06 12:00:00,1.8857000000000002,0.0
2010-12-07 12:00:00,1.7415,0.0
2010-12-08 12:00:00,1.6923000000000001,0.0
2010-12-09 12:00:00,1.6672,0.0
2010-12-10 12:00:00,1.7956,0.0
2010-12-11 12:00:00,1.6263,0.0
2010-12-12 12:00:00,1.5668,0.0
2010-12-13 12:00:00,1.5633000000000001,0.0
2010-12-14 12:00:00,1.4663000000000002,0.0
2010-12-15 12:00:00,1.4396,0.0
2010-12-16 12:00:00,1.4971,0.0
2010-12-17 12:00:00,1.6148,0.0
2010-12-18 12:00:00,1.4936,0.0
2010-12-19 12:00:00,1.6354000000000002,0.0
2010-12-20 12:00:00,2.5905,0.0
2010-12-21 12:00:00,3.6222000000000003,0.0
2010-12-22 12:00:00,3.218,0.0
2010-12-23 12:00:00,4.2518,0.0
2010-12-24 12:00:00,2.8607,0.0
2010-12-25 12:00:00,2.1708000000000003,0.0
2010-12-26 12:00:00,3.6854,0.0
2010-12-27 12:00:00,46.359700000000004,0.0
2010-12-28 12:00:00,22.0131,0.0
2010-12-29 12:00:00,10.8054,0.0
2010-12-30 12:00:00,7.7799000000000005,0.0
2010-12-31 12:00:00,6.2724,0.0
2011-01-01 12:00:00,5.5689,0.0
2011-01-02 12:00:00,11.4532,0.0
2011-01-03 12:00:00,9.022300000000001,0.0
2011-01-04 12:00:00,7.625,0.0
2011-01-05 12:00:00,10.193900000000001,0.0
2011-01-06 12:00:00,11.625300000000001,0.0
2011-01-07 12:00:00,9.1944,0.0
2011-01-08 12:00:00,7.8268,0.0
2011-01-09 12:00:00,6.8363000000000005,0.0
2011-01-10 12:00:00,6.07,0.0
2011-01-11 12:00:00,5.5952,0.0
2011-01-12 12:00:00,5.2371,0.0
2011-01-13 12:00:00,4.6975,0.0
2011-01-14 12:00:00,4.3743,0.0
2011-01-15 12:00:00,4.2066,0.0
2011-01-16 12:00:00,3.9226,0.0
2011-01-17 12:00:00,3.8872,0.0
2011-01-18 12:00:00,4.3811,0.0
2011-01-19 12:00:00,3.6221,0.0
2011-01-20 12:00:00,3.4549000000000003,0.0
2011-01-21 12:00:00,3.2753,0.0
2011-01-22 12:00:00,3.1224000000000003,0.0
2011-01-23 12:00:00,3.0144,0.0
2011-01-24 12:00:00,2.8791,0.0
2011-01-25 12:00:00,3.0476,0.0
2011-01-26 12:00:00,3.2568,0.0
2011-01-27 12:00:00,2.7774,0.0
2011-01-28 12:00:00,2.8387000000000002,0.0
2011-01-29 12:00:00,2.6907,0.0
2011-01-30 12:00:00,2.7379000000000002,0.0
2011-01-31 12:00:00,2.4768000000000003,0.0
2011-02-01 12:00:00,2.3408,0.0
2011-02-02 12:00:00,2.4383,0.0
2011-02-03 12:00:00,3.0392,0.0
2011-02-04 12:00:00,2.4067000000000003,0.0
2011-02-05 12:00:00,2.2498,0.0
2011-02-06 12:00:00,14.816400000000002,0.0
2011-02-07 12:00:00,7.5068,0.0
2011-02-08 12:00:00,4.7954,0.0
2011-02-09 12:00:00,3.9187000000000003,0.0
2011-02-10 12:00:00,3.4666,0.0
2011-02-11 12:00:00,3.2516000000000003,0.0
2011-02-12 12:00:00,3.1857,0.0
2011-02-13 12:00:00,3.9443,0.0
2011-02-14 12:00:00,3.1744000000000003,0.0
2011-02-15 12:00:00,2.927,0.0
2011-02-16 12:00:00,2.7871,0.0
2011-02-17 12:00:00,2.7063,0.0
2011-02-18 12:00:00,2.7630000000000003,0.0
2011-02-19 12:00:00,2.7294,0.0
2011-02-20 12:00:00,2.6686,0.0
2011-02-21 12:00:00,4.4204,0.0
2011-02-22 12:00:00,6.0338,0.0
2011-02-23 12:00:00,4.498200000000001,0.0
2011-02-24 12:00:00,4.0202,0.0
2011-02-25 12:00:00,3.7832000000000003,0.0
2011-02-26 12:00:00,3.4689,0.0
2011-02-27 12:00:00,3.2722,0.0
2011-02-28 12:00:00,3.185,0.0
2011-03-01 12:00:00,3.5253,0.0
2011-03-02 12:00:00,3.2117,0.0
2011-03-03 12:00:00,2.9784,0.0
2011-03-04 12:00:00,3.7268000000000003,0.0
2011-03-05 12:00:00,4.2203,0.0
2011-03-06 12:00:00,4.0544,0.0
2011-03-07 12:00:00,3.6510000000000002,0.0
2011-03-08 12:00:00,3.4298,0.0
2011-03-09 12:00:00,3.2867,0.0
2011-03-10 12:00:00,3.839,0.0
2011-03-11 12:00:00,3.6943,0.0
2011-03-12 12:00:00,3.2423,0.0
2011-03-13 12:00:00,3.1044,0.0
2011-03-14 12:00:00,3.5753000000000004,0.0
2011-03-15 12:00:00,3.3275,0.0
2011-03-16 12:00:00,10.571200000000001,0.0
2011-03-17 12:00:00,8.5703,0.0
2011-03-18 12:00:00,6.822,0.0
2011-03-19 12:00:00,5.6182,0.0
2011-03-20 12:00:00,4.9623,0.0
2011-03-21 12:00:00,4.5837,0.0
2011-03-22 12:00:00,4.2897,0.0
2011-03-23 12:00:00,4.0304,0.0
2011-03-24 12:00:00,3.837,0.0
2011-03-25 12:00:00,4.6917,0.0
2011-03-26 12:00:00,4.7948,0.0
2011-03-27 12:00:00,6.3832,0.0
2011-03-28 12:00:00,4.680400000000001,0.0
2011-03-29 12:00:00,4.4181,0.0
2011-03-30 12:00:00,4.206,0.0
2011-03-31 12:00:00,4.176,0.0
2011-04-01 12:00:00,3.9046000000000003,0.0
2011-04-02 12:00:00,3.7481,0.0
2011-04-03 12:00:00,4.0098,0.0
2011-04-04 12:00:00,4.3095,0.0
2011-04-05 12:00:00,3.8787000000000003,0.0
2011-04-06 12:00:00,3.7423,0.0
2011-04-07 12:00:00,3.5618000000000003,0.0
2011-04-08 12:00:00,3.3970000000000002,0.0
2011-04-09 12:00:00,3.3155,0.0
2011-04-10 12:00:00,3.2107,0.0
2011-04-11 12:00:00,3.1266000000000003,0.0
2011-04-12 12:00:00,3.0666,0.0
2011-04-13 12:00:00,3.0296000000000003,0.0
2011-04-14 12:00:00,3.1825,0.0
2011-04-15 12:00:00,3.0799000000000003,0.0
2011-04-16 12:00:00,3.5485,0.0
2011-04-17 12:00:00,3.7704,0.0
2011-04-18 12:00:00,3.2914000000000003,0.0
2011-04-19 12:00:00,3.1466000000000003,0.0
2011-04-20 12:00:00,3.0218000000000003,0.0
2011-04-21 12:00:00,2.9404000000000003,0.0
2011-04-22 12:00:00,4.2743,0.0
2011-04-23 12:00:00,3.6903,0.0
2011-04-24 12:00:00,3.3771,0.0
2011-04-25 12:00:00,3.2267,0.0
2011-04-26 12:00:00,3.1255,0.0
2011-04-27 12:00:00,3.0380000000000003,0.0
2011-04-28 12:00:00,2.9629000000000003,0.0
2011-04-29 12:00:00,2.9007,0.0
2011-04-30 12:00:00,2.8373,0.0
2011-05-01 12:00:00,2.8148,0.0
2011-05-02 12:00:00,2.8245,0.0
2011-05-03 12:00:00,3.5417,0.0
2011-05-04 12:00:00,5.3425,0.0
2011-05-05 12:00:00,3.9872,0.0
2011-05-06 12:00:00,4.1795,0.0
2011-05-07 12:00:00,38.257200000000005,0.0
2011-05-08 12:00:00,25.541400000000003,0.0
2011-05-09 12:00:00,16.215500000000002,0.0
2011-05-10 12:00:00,12.7307,0.0
2011-05-11 12:00:00,12.8648,0.0
2011-05-12 12:00:00,10.616200000000001,0.0
2011-05-13 12:00:00,9.9087,0.0
2011-05-14 12:00:00,12.5541,0.0
2011-05-15 12:00:00,11.1644,0.0
2011-05-16 12:00:00,10.1399,0.0
2011-05-17 12:00:00,8.9963,0.0
2011-05-18 12:00:00,8.2238,0.0
2011-05-19 12:00:00,7.7241,0.0
2011-05-20 12:00:00,7.2330000000000005,0.0
2011-05-21 12:00:00,6.8262,0.0
2011-05-22 12:00:00,6.4847,0.0
2011-05-23 12:00:00,6.253500000000001,0.0
2011-05-24 12:00:00,6.509600000000001,0.0
2011-05-25 12:00:00,6.048,0.0
2011-05-26 12:00:00,5.7583,0.0
2011-05-27 12:00:00,5.4348,0.0
2011-05-28 12:00:00,5.0341000000000005,0.0
2011-05-29 12:00:00,4.8177,0.0
2011-05-30 12:00:00,4.6425,0.0
2011-05-31 12:00:00,4.4945,0.0
2011-06-01 12:00:00,4.2996,0.0
2011-06-02 12:00:00,4.1759,0.0
2011-06-03 12:00:00,4.1886,0.0
2011-06-04 12:00:00,8.1004,0.0
2011-06-05 12:00:00,6.7099,0.0
2011-06-06 12:00:00,6.6207,0.0
2011-06-07 12:00:00,6.0808,0.0
2011-06-08 12:00:00,5.7052000000000005,0.0
2011-06-09 12:00:00,5.655600000000001,0.0
2011-06-10 12:00:00,5.639,0.0
2011-06-11 12:00:00,5.3079,0.0
2011-06-12 12:00:00,5.1186,0.0
2011-06-13 12:00:00,4.8828000000000005,0.0
2011-06-14 12:00:00,4.7386,0.0
2011-06-15 12:00:00,4.5217,0.0
2011-06-16 12:00:00,4.3769,0.0
2011-06-17 12:00:00,4.4181,0.0
2011-06-18 12:00:00,4.453,0.0
2011-06-19 12:00:00,4.4198,0.0
2011-06-20 12:00:00,4.1666,0.0
2011-06-21 12:00:00,4.0311,0.0
2011-06-22 12:00:00,4.1447,0.0
2011-06-23 12:00:00,4.0113,0.0
2011-06-24 12:00:00,3.8668,0.0
2011-06-25 12:00:00,3.7273,0.0
2011-06-26 12:00:00,3.6805000000000003,0.0
2011-06-27 12:00:00,3.5824000000000003,0.0
2011-06-28 12:00:00,3.4636,0.0
2011-06-29 12:00:00,3.3433,0.0
2011-06-30 12:00:00,3.2264,0.0
2011-07-01 12:00:00,3.1062000000000003,0.0
2011-07-02 12:00:00,3.1206,0.0
2011-07-03 12:00:00,3.1168,0.0
2011-07-04 12:00:00,3.1609000000000003,0.0
2011-07-05 12:00:00,3.2598000000000003,0.0
2011-07-06 12:00:00,3.9383000000000004,0.0
2011-07-07 12:00:00,4.5417000000000005,0.0
2011-07-08 12:00:00,4.2762,0.0
2011-07-09 12:00:00,4.6729,0.0
2011-07-10 12:00:00,8.9686,0.0
2011-07-11 12:00:00,7.9844,0.0
2011-07-12 12:00:00,8.0142,0.0
2011-07-13 12:00:00,7.9466,0.0
2011-07-14 12:00:00,6.9303,0.0
2011-07-15 12:00:00,6.3082,0.0
2011-07-16 12:00:00,5.8687000000000005,0.0
2011-07-17 12:00:00,5.4362,0.0
2011-07-18 12:00:00,5.1404000000000005,0.0
2011-07-19 12:00:00,5.0069,0.0
2011-07-20 12:00:00,4.9092,0.0
2011-07-21 12:00:00,4.6216,0.0
2011-07-22 12:00:00,4.4794,0.0
2011-07-23 12:00:00,4.4228000000000005,0.0
2011-07-24 12:00:00,4.282900000000001,0.0
2011-07-25 12:00:00,3.971,0.0
2011-07-26 12:00:00,4.0936,0.0
2011-07-27 12:00:00,3.9892000000000003,0.0
2011-07-28 12:00:00,4.5197,0.0
2011-07-29 12:00:00,6.5732,0.0
2011-07-30 12:00:00,5.2106,0.0
2011-07-31 12:00:00,4.8528,0.0
2011-08-01 12:00:00,4.714700000000001,0.0
2011-08-02 12:00:00,4.6713000000000005,0.0
2011-08-03 12:00:00,4.6169,0.0
2011-08-04 12:00:00,4.6202000000000005,0.0
2011-08-05 12:00:00,5.6909,0.0
2011-08-06 12:00:00,6.3931000000000004,0.0
2011-08-07 12:00:00,5.5255,0.0
2011-08-08 12:00:00,5.0939000000000005,0.0
2011-08-09 12:00:00,4.716200000000001,0.0
2011-08-10 12:00:00,4.4919,0.0
2011-08-11 12:00:00,4.3192,0.0
2011-08-12 12:00:00,4.1553,0.0
2011-08-13 12:00:00,4.0883,0.0
2011-08-14 12:00:00,3.9288000000000003,0.0
2011-08-15 12:00:00,3.9474,0.0
2011-08-16 12:00:00,3.8543000000000003,0.0
2011-08-17 12:00:00,3.7559,0.0
2011-08-18 12:00:00,3.6054000000000004,0.0
2011-08-19 12:00:00,3.5502000000000002,0.0
2011-08-20 12:00:00,3.6049,0.0
2011-08-21 12:00:00,3.709,0.0
2011-08-22 12:00:00,3.9748,0.0
2011-08-23 12:00:00,4.5612,0.0
2011-08-24 12:00:00,4.9709,0.0
2011-08-25 12:00:00,5.1562,0.0
2011-08-26 12:00:00,6.3003,0.0
2011-08-27 12:00:00,6.147200000000001,0.0
2011-08-28 12:00:00,5.8301,0.0
2011-08-29 12:00:00,5.9067,0.0
2011-08-30 12:00:00,6.7007,0.0
2011-08-31 12:00:00,6.5152,0.0
2011-09-01 12:00:00,5.730300000000001,0.0
2011-09-02 12:00:00,5.2292000000000005,0.0
2011-09-03 12:00:00,4.9026000000000005,0.0
2011-09-04 12:00:00,4.672000000000001,0.0
2011-09-05 12:00:00,4.637700000000001,0.0
2011-09-06 12:00:00,4.5427,0.0
2011-09-07 12:00:00,4.6185,0.0
2011-09-08 12:00:00,5.2847,0.0
2011-09-09 12:00:00,5.356800000000001,0.0
2011-09-10 12:00:00,7.7477,0.0
2011-09-11 12:00:00,8.3522,0.0
2011-09-12 12:00:00,7.304600000000001,0.0
2011-09-13 12:00:00,6.3156,0.0
2011-09-14 12:00:00,6.335100000000001,0.0
2011-09-15 12:00:00,5.902900000000001,0.0
2011-09-16 12:00:00,5.3342,0.0
2011-09-17 12:00:00,5.0529,0.0
2011-09-18 12:00:00,4.831300000000001,0.0
2011-09-19 12:00:00,4.6092,0.0
2011-09-20 12:00:00,4.4688,0.0
2011-09-21 12:00:00,4.428100000000001,0.0
2011-09-22 12:00:00,4.5402000000000005,0.0
2011-09-23 12:00:00,5.2103,0.0
2011-09-24 12:00:00,5.7676,0.0
2011-09-25 12:00:00,5.2042,0.0
2011-09-26 12:00:00,4.7605,0.0
2011-09-27 12:00:00,4.4856,0.0
2011-09-28 12:00:00,4.3783,0.0
2011-09-29 12:00:00,4.3659,0.0
2011-09-30 12:00:00,4.4283,0.0
2011-10-01 12:00:00,5.5258,0.0
2011-10-02 12:00:00,5.5967,0.0
2011-10-03 12:00:00,5.5529,0.0
2011-10-04 12:00:00,5.2897,0.0
2011-10-05 12:00:00,4.806,0.0
2011-10-06 12:00:00,4.5922,0.0
2011-10-07 12:00:00,4.4592,0.0
2011-10-08 12:00:00,4.1313,0.0
2011-10-09 12:00:00,3.9696000000000002,0.0
2011-10-10 12:00:00,4.4132,0.0
2011-10-11 12:00:00,5.3664000000000005,0.0
2011-10-12 12:00:00,5.4686,0.0
2011-10-13 12:00:00,5.0192000000000005,0.0
2011-10-14 12:00:00,4.8563,0.0
2011-10-15 12:00:00,4.228000000000001,0.0
2011-10-16 12:00:00,4.0755,0.0
2011-10-17 12:00:00,12.0774,0.0
2011-10-18 12:00:00,24.7517,0.0
2011-10-19 12:00:00,17.762600000000003,0.0
2011-10-20 12:00:00,21.433600000000002,0.0
2011-10-21 12:00:00,19.5105,0.0
2011-10-22 12:00:00,15.414000000000001,0.0
2011-10-23 12:00:00,12.8177,0.0
2011-10-24 12:00:00,14.058300000000001,0.0
2011-10-25 12:00:00,37.1205,0.0
2011-10-26 12:00:00,22.6329,0.0
2011-10-27 12:00:00,17.6765,0.0
2011-10-28 12:00:00,15.0409,0.0
2011-10-29 12:00:00,13.2847,0.0
2011-10-30 12:00:00,12.0638,0.0
2011-10-31 12:00:00,11.081800000000001,0.0
2011-11-01 12:00:00,12.3914,0.0
2011-11-02 12:00:00,10.631,0.0
2011-11-03 12:00:00,10.0426,0.0
2011-11-04 12:00:00,9.1807,0.0
2011-11-05 12:00:00,8.4855,0.0
2011-11-06 12:00:00,7.8139,0.0
2011-11-07 12:00:00,7.406000000000001,0.0
2011-11-08 12:00:00,7.2433000000000005,0.0
2011-11-09 12:00:00,7.2191,0.0
2011-11-10 12:00:00,6.5878000000000005,0.0
2011-11-11 12:00:00,6.5007,0.0
2011-11-12 12:00:00,6.4358,0.0
2011-11-13 12:00:00,8.5054,0.0
2011-11-14 12:00:00,6.7193000000000005,0.0
2011-11-15 12:00:00,6.7869,0.0
2011-11-16 12:00:00,6.1949000000000005,0.0
2011-11-17 12:00:00,5.889600000000001,0.0
2011-11-18 12:00:00,5.5486,0.0
2011-11-19 12:00:00,5.4148000000000005,0.0
2011-11-20 12:00:00,13.3469,0.0
2011-11-21 12:00:00,14.2278,0.0
2011-11-22 12:00:00,11.5412,0.0
2011-11-23 12:00:00,9.9094,0.0
2011-11-24 12:00:00,8.671700000000001,0.0
2011-11-25 12:00:00,7.7959000000000005,0.0
2011-11-26 12:00:00,7.1206000000000005,0.0
2011-11-27 12:00:00,6.791300000000001,0.0
2011-11-28 12:00:00,6.3588000000000005,0.0
2011-11-29 12:00:00,5.8076,0.0
2011-11-30 12:00:00,5.3737,0.0
2011-12-01 12:00:00,5.1287,0.0
2011-12-02 12:00:00,4.9725,0.0
2011-12-03 12:00:00,4.8921,0.0
2011-12-04 12:00:00,4.6475,0.0
2011-12-05 12:00:00,4.6958,0.0
2011-12-06 12:00:00,5.0375000000000005,0.0
2011-12-07 12:00:00,4.4755,0.0
2011-12-08 12:00:00,4.1524,0.0
2011-12-09 12:00:00,3.8880000000000003,0.0
2011-12-10 12:00:00,3.722,0.0
2011-12-11 12:00:00,3.6140000000000003,0.0
2011-12-12 12:00:00,3.5233000000000003,0.0
2011-12-13 12:00:00,3.7205000000000004,0.0
2011-12-14 12:00:00,3.6725000000000003,0.0
2011-12-15 12:00:00,4.0923,0.0
2011-12-16 12:00:00,3.7392000000000003,0.0
2011-12-17 12:00:00,3.3477,0.0
2011-12-18 12:00:00,3.1514,0.0
2011-12-19 12:00:00,3.0048000000000004,0.0
2011-12-20 12:00:00,2.9235,0.0
2011-12-21 12:00:00,2.8567,0.0
2011-12-22 12:00:00,2.7961,0.0
2011-12-23 12:00:00,3.0268,0.0
2011-12-24 12:00:00,2.6431,0.0
2011-12-25 12:00:00,2.6441000000000003,0.0
2011-12-26 12:00:00,2.4213,0.0
2011-12-27 12:00:00,2.3441,0.0
2011-12-28 12:00:00,2.3042000000000002,0.0
2011-12-29 12:00:00,2.3472,0.0
2011-12-30 12:00:00,2.3705000000000003,0.0
2011-12-31 12:00:00,2.2212,0.0
2012-01-01 12:00:00,2.1369000000000002,0.0
2012-01-02 12:00:00,2.111,0.0
2012-01-03 12:00:00,2.0975,0.0
2012-01-04 12:00:00,2.0260000000000002,0.0
2012-01-05 12:00:00,2.0661,0.0
2012-01-06 12:00:00,2.5409,0.0
2012-01-07 12:00:00,2.1647000000000003,0.0
2012-01-08 12:00:00,2.0212,0.0
2012-01-09 12:00:00,1.9228,0.0
2012-01-10 12:00:00,1.8991,0.0
2012-01-11 12:00:00,1.9302000000000001,0.0
2012-01-12 12:00:00,6.115,0.0
2012-01-13 12:00:00,5.5796,0.0
2012-01-14 12:00:00,3.3669000000000002,0.0
2012-01-15 12:00:00,2.7834000000000003,0.0
2012-01-16 12:00:00,2.4181,0.0
2012-01-17 12:00:00,2.2431,0.0
2012-01-18 12:00:00,2.1035,0.0
2012-01-19 12:00:00,2.059,0.0
2012-01-20 12:00:00,1.9966000000000002,0.0
2012-01-21 12:00:00,1.9505000000000001,0.0
2012-01-22 12:00:00,1.9953,0.0
2012-01-23 12:00:00,1.9423000000000001,0.0
2012-01-24 12:00:00,1.8367,0.0
2012-01-25 12:00:00,1.7984,0.0
2012-01-26 12:00:00,3.7395,0.0
2012-01-27 12:00:00,2.6292,0.0
2012-01-28 12:00:00,2.0512,0.0
2012-01-29 12:00:00,1.8817000000000002,0.0
2012-01-30 12:00:00,1.7905,0.0
2012-01-31 12:00:00,1.9172,0.0
2012-02-01 12:00:00,1.8587,0.0
2012-02-02 12:00:00,1.8045,0.0
2012-02-03 12:00:00,1.8017,0.0
2012-02-04 12:00:00,1.7536,0.0
2012-02-05 12:00:00,1.7048,0.0
2012-02-06 12:00:00,1.6393,0.0
2012-02-07 12:00:00,1.5865,0.0
2012-02-08 12:00:00,1.5659,0.0
2012-02-09 12:00:00,1.5796000000000001,0.0
2012-02-10 12:00:00,1.5621,0.0
2012-02-11 12:00:00,1.5238,0.0
2012-02-12 12:00:00,1.4975,0.0
2012-02-13 12:00:00,1.5304,0.0
2012-02-14 12:00:00,1.6048,0.0
2012-02-15 12:00:00,1.568,0.0
2012-02-16 12:00:00,1.4726000000000001,0.0
2012-02-17 12:00:00,1.3893,0.0
2012-02-18 12:00:00,1.4465000000000001,0.0
2012-02-19 12:00:00,1.4471,0.0
2012-02-20 12:00:00,1.4065,0.0
2012-02-21 12:00:00,1.4509,0.0
2012-02-22 12:00:00,7.0532,0.0
2012-02-23 12:00:00,5.8981,0.0
2012-02-24 12:00:00,3.4348,0.0
2012-02-25 12:00:00,2.6275,0.0
2012-02-26 12:00:00,2.2989,0.0
2012-02-27 12:00:00,2.1084,0.0
2012-02-28 12:00:00,2.0806,0.0
2012-02-29 12:00:00,4.5528,0.0
2012-03-01 12:00:00,3.5099,0.0
2012-03-02 12:00:00,5.862900000000001,0.0
2012-03-03 12:00:00,5.5812,0.0
2012-03-04 12:00:00,4.1908,0.0
2012-03-05 12:00:00,3.5308,0.0
2012-03-06 12:00:00,3.3432,0.0
2012-03-07 12:00:00,3.4402000000000004,0.0
2012-03-08 12:00:00,3.0140000000000002,0.0
2012-03-09 12:00:00,2.8019000000000003,0.0
2012-03-10 12:00:00,3.7928,0.0
2012-03-11 12:00:00,6.883900000000001,0.0
2012-03-12 12:00:00,4.9043,0.0
2012-03-13 12:00:00,4.123,0.0
2012-03-14 12:00:00,3.7367000000000004,0.0
2012-03-15 12:00:00,3.6834000000000002,0.0
2012-03-16 12:00:00,3.2968,0.0
2012-03-17 12:00:00,3.0535,0.0
2012-03-18 12:00:00,3.4465000000000003,0.0
2012-03-19 12:00:00,3.1729000000000003,0.0
2012-03-20 12:00:00,2.899,0.0
2012-03-21 12:00:00,2.781,0.0
2012-03-22 12:00:00,2.7131000000000003,0.0
2012-03-23 12:00:00,2.7710000000000004,0.0
2012-03-24 12:00:00,4.5166,0.0
2012-03-25 12:00:00,3.584,0.0
2012-03-26 12:00:00,3.1164,0.0
2012-03-27 12:00:00,2.8717,0.0
2012-03-28 12:00:00,2.7708,0.0
2012-03-29 12:00:00,2.682,0.0
2012-03-30 12:00:00,2.6136,0.0
2012-03-31 12:00:00,2.5604,0.0
2012-04-01 12:00:00,2.4862,0.0
2012-04-02 12:00:00,2.4304,0.0
2012-04-03 12:00:00,2.3739,0.0
2012-04-04 12:00:00,2.3151,0.0
2012-04-05 12:00:00,2.2567,0.0
2012-04-06 12:00:00,2.2047000000000003,0.0
2012-04-07 12:00:00,2.1586000000000003,0.0
2012-04-08 12:00:00,2.1430000000000002,0.0
2012-04-09 12:00:00,2.6077,0.0
2012-04-10 12:00:00,2.6111,0.0
2012-04-11 12:00:00,2.5644,0.0
2012-04-12 12:00:00,2.4133,0.0
2012-04-13 12:00:00,2.2613000000000003,0.0
2012-04-14 12:00:00,2.1958,0.0
2012-04-15 12:00:00,2.1484,0.0
2012-04-16 12:00:00,2.1105,0.0
2012-04-17 12:00:00,2.0979,0.0
2012-04-18 12:00:00,2.0731,0.0
2012-04-19 12:00:00,2.0642,0.0
2012-04-20 12:00:00,2.0418000000000003,0.0
2012-04-21 12:00:00,2.0147,0.0
2012-04-22 12:00:00,2.0042,0.0
2012-04-23 12:00:00,1.9702000000000002,0.0
2012-04-24 12:00:00,1.9397000000000002,0.0
2012-04-25 12:00:00,1.9084,0.0
2012-04-26 12:00:00,1.9191,0.0
2012-04-27 12:00:00,2.2398000000000002,0.0
2012-04-28 12:00:00,2.085,0.0
2012-04-29 12:00:00,3.2955,0.0
2012-04-30 12:00:00,2.3312,0.0
2012-05-01 12:00:00,2.1218,0.0
2012-05-02 12:00:00,2.0553,0.0
2012-05-03 12:00:00,2.0046,0.0
2012-05-04 12:00:00,1.9772,0.0
2012-05-05 12:00:00,1.9607,0.0
2012-05-06 12:00:00,1.9465000000000001,0.0
2012-05-07 12:00:00,1.9240000000000002,0.0
2012-05-08 12:00:00,1.9444000000000001,0.0
2012-05-09 12:00:00,3.3416,0.0
2012-05-10 12:00:00,3.3253000000000004,0.0
2012-05-11 12:00:00,2.8166,0.0
2012-05-12 12:00:00,3.6486,0.0
2012-05-13 12:00:00,4.1219,0.0
2012-05-14 12:00:00,4.1954,0.0
2012-05-15 12:00:00,3.7701000000000002,0.0
2012-05-16 12:00:00,3.4041,0.0
2012-05-17 12:00:00,3.1489000000000003,0.0
2012-05-18 12:00:00,2.9216,0.0
2012-05-19 12:00:00,2.761,0.0
2012-05-20 12:00:00,2.681,0.0
2012-05-21 12:00:00,2.5832,0.0
2012-05-22 12:00:00,2.4947,0.0
2012-05-23 12:00:00,2.4637000000000002,0.0
2012-05-24 12:00:00,2.4458,0.0
2012-05-25 12:00:00,2.3856,0.0
2012-05-26 12:00:00,5.0757,0.0
2012-05-27 12:00:00,5.875500000000001,0.0
2012-05-28 12:00:00,4.4167000000000005,0.0
2012-05-29 12:00:00,3.9197,0.0
2012-05-30 12:00:00,3.6751,0.0
2012-05-31 12:00:00,3.4187000000000003,0.0
2012-06-01 12:00:00,3.2651000000000003,0.0
2012-06-02 12:00:00,3.1984000000000004,0.0
2012-06-03 12:00:00,3.0728,0.0
2012-06-04 12:00:00,2.9921,0.0
2012-06-05 12:00:00,3.1043000000000003,0.0
2012-06-06 12:00:00,2.8537000000000003,0.0
2012-06-07 12:00:00,2.9055,0.0
2012-06-08 12:00:00,2.9040000000000004,0.0
2012-06-09 12:00:00,2.7142,0.0
2012-06-10 12:00:00,2.6499,0.0
2012-06-11 12:00:00,2.5532,0.0
2012-06-12 12:00:00,2.4912,0.0
2012-06-13 12:00:00,2.4955000000000003,0.0
2012-06-14 12:00:00,2.4602,0.0
2012-06-15 12:00:00,2.3993,0.0
2012-06-16 12:00:00,2.1747,0.0
2012-06-17 12:00:00,2.4321,0.0
2012-06-18 12:00:00,2.3782,0.0
2012-06-19 12:00:00,2.3219000000000003,0.0
2012-06-20 12:00:00,2.2985,0.0
2012-06-21 12:00:00,2.2431,0.0
2012-06-22 12:00:00,7.738700000000001,0.0
2012-06-23 12:00:00,12.5899,0.0
2012-06-24 12:00:00,8.172600000000001,0.0
2012-06-25 12:00:00,9.0128,0.0
2012-06-26 12:00:00,7.4114,0.0
2012-06-27 12:00:00,6.5093000000000005,0.0
2012-06-28 12:00:00,5.8113,0.0
2012-06-29 12:00:00,4.9377,0.0
2012-06-30 12:00:00,4.4722,0.0
2012-07-01 12:00:00,4.1436,0.0
2012-07-02 12:00:00,4.0434,0.0
2012-07-03 12:00:00,4.3500000000000005,0.0
2012-07-04 12:00:00,3.9972000000000003,0.0
2012-07-05 12:00:00,3.9691,0.0
2012-07-06 12:00:00,3.6582000000000003,0.0
2012-07-07 12:00:00,3.4102,0.0
2012-07-08 12:00:00,3.2974,0.0
2012-07-09 12:00:00,3.3018,0.0
2012-07-10 12:00:00,3.5694000000000004,0.0
2012-07-11 12:00:00,3.3202000000000003,0.0
2012-07-12 12:00:00,3.7494,0.0
2012-07-13 12:00:00,7.3037,0.0
2012-07-14 12:00:00,8.1038,0.0
2012-07-15 12:00:00,8.6513,0.0
2012-07-16 12:00:00,7.5354,0.0
2012-07-17 12:00:00,6.4945,0.0
2012-07-18 12:00:00,5.9843,0.0
2012-07-19 12:00:00,5.4941,0.0
2012-07-20 12:00:00,5.139200000000001,0.0
2012-07-21 12:00:00,4.9044,0.0
2012-07-22 12:00:00,4.6919,0.0
2012-07-23 12:00:00,4.407500000000001,0.0
2012-07-24 12:00:00,4.2631000000000006,0.0
2012-07-25 12:00:00,4.0993,0.0
2012-07-26 12:00:00,3.9014,0.0
2012-07-27 12:00:00,3.814,0.0
2012-07-28 12:00:00,3.7684,0.0
2012-07-29 12:00:00,4.0099,0.0
2012-07-30 12:00:00,6.9499,0.0
2012-07-31 12:00:00,8.7765,0.0
2012-08-01 12:00:00,7.5465,0.0
2012-08-02 12:00:00,6.8657,0.0
2012-08-03 12:00:00,6.6713000000000005,0.0
2012-08-04 12:00:00,6.5924000000000005,0.0
2012-08-05 12:00:00,6.5652,0.0
2012-08-06 12:00:00,6.2858,0.0
2012-08-07 12:00:00,6.2434,0.0
2012-08-08 12:00:00,6.0666,0.0
2012-08-09 12:00:00,5.7948,0.0
2012-08-10 12:00:00,5.506,0.0
2012-08-11 12:00:00,5.398000000000001,0.0
2012-08-12 12:00:00,6.444,0.0
2012-08-13 12:00:00,6.539000000000001,0.0
2012-08-14 12:00:00,7.4972,0.0
2012-08-15 12:00:00,8.1598,0.0
2012-08-16 12:00:00,7.835500000000001,0.0
2012-08-17 12:00:00,7.2979,0.0
2012-08-18 12:00:00,6.8518,0.0
2012-08-19 12:00:00,6.663200000000001,0.0
2012-08-20 12:00:00,6.3638,0.0
2012-08-21 12:00:00,6.0052,0.0
2012-08-22 12:00:00,5.6788,0.0
2012-08-23 12:00:00,5.4478,0.0
2012-08-24 12:00:00,5.342700000000001,0.0
2012-08-25 12:00:00,8.5164,0.0
2012-08-26 12:00:00,7.6832,0.0
2012-08-27 12:00:00,6.9533000000000005,0.0
2012-08-28 12:00:00,6.4524,0.0
2012-08-29 12:00:00,6.0875,0.0
2012-08-30 12:00:00,5.7835,0.0
2012-08-31 12:00:00,5.524,0.0
2012-09-01 12:00:00,8.4252,0.0
2012-09-02 12:00:00,13.464,0.0
2012-09-03 12:00:00,11.8312,0.0
2012-09-04 12:00:00,10.3286,0.0
2012-09-05 12:00:00,9.6148,0.0
2012-09-06 12:00:00,18.9964,0.0
2012-09-07 12:00:00,39.4148,0.0
2012-09-08 12:00:00,42.807700000000004,0.0
2012-09-09 12:00:00,27.6431,0.0
2012-09-10 12:00:00,20.9033,0.0
2012-09-11 12:00:00,16.666900000000002,0.0
2012-09-12 12:00:00,14.3263,0.0
2012-09-13 12:00:00,12.8914,0.0
2012-09-14 12:00:00,12.348700000000001,0.0
2012-09-15 12:00:00,12.1769,0.0
2012-09-16 12:00:00,11.5797,0.0
2012-09-17 12:00:00,10.9353,0.0
2012-09-18 12:00:00,10.169,0.0
2012-09-19 12:00:00,9.5843,0.0
2012-09-20 12:00:00,9.063,0.0
2012-09-21 12:00:00,8.6552,0.0
2012-09-22 12:00:00,8.3376,0.0
2012-09-23 12:00:00,8.0692,0.0
2012-09-24 12:00:00,7.896000000000001,0.0
2012-09-25 12:00:00,9.155700000000001,0.0
2012-09-26 12:00:00,11.593,0.0
2012-09-27 12:00:00,10.2004,0.0
2012-09-28 12:00:00,9.6332,0.0
2012-09-29 12:00:00,9.1896,0.0
2012-09-30 12:00:00,9.6114,0.0
2012-10-01 12:00:00,9.4052,0.0
2012-10-02 12:00:00,8.7052,0.0
2012-10-03 12:00:00,8.4204,0.0
2012-10-04 12:00:00,8.2113,0.0
2012-10-05 12:00:00,8.5771,0.0
2012-10-06 12:00:00,7.716900000000001,0.0
2012-10-07 12:00:00,7.4305,0.0
2012-10-08 12:00:00,7.6122000000000005,0.0
2012-10-09 12:00:00,7.3715,0.0
2012-10-10 12:00:00,6.8950000000000005,0.0
2012-10-11 12:00:00,6.7058,0.0
2012-10-12 12:00:00,11.071,0.0
2012-10-13 12:00:00,11.870600000000001,0.0
2012-10-14 12:00:00,12.5838,0.0
2012-10-15 12:00:00,12.1721,0.0
2012-10-16 12:00:00,11.705200000000001,0.0
2012-10-17 12:00:00,12.884,0.0
2012-10-18 12:00:00,11.8107,0.0
2012-10-19 12:00:00,10.6195,0.0
2012-10-20 12:00:00,10.879800000000001,0.0
2012-10-21 12:00:00,10.6881,0.0
2012-10-22 12:00:00,9.9998,0.0
2012-10-23 12:00:00,9.3389,0.0
2012-10-24 12:00:00,9.4768,0.0
2012-10-25 12:00:00,8.9709,0.0
2012-10-26 12:00:00,8.6602,0.0
2012-10-27 12:00:00,9.0817,0.0
2012-10-28 12:00:00,8.2806,0.0
2012-10-29 12:00:00,7.755800000000001,0.0
2012-10-30 12:00:00,7.4648,0.0
2012-10-31 12:00:00,7.3151,0.0
2012-11-01 12:00:00,7.584700000000001,0.0
2012-11-02 12:00:00,9.211400000000001,0.0
2012-11-03 12:00:00,8.2824,0.0
2012-11-04 12:00:00,7.373200000000001,0.0
2012-11-05 12:00:00,6.6219,0.0
2012-11-06 12:00:00,6.2094000000000005,0.0
2012-11-07 12:00:00,5.9190000000000005,0.0
2012-11-08 12:00:00,5.636,0.0
2012-11-09 12:00:00,5.513,0.0
2012-11-10 12:00:00,5.748,0.0
2012-11-11 12:00:00,5.9267,0.0
2012-11-12 12:00:00,5.3605,0.0
2012-11-13 12:00:00,5.0875,0.0
2012-11-14 12:00:00,4.8997,0.0
2012-11-15 12:00:00,4.781000000000001,0.0
2012-11-16 12:00:00,5.5238000000000005,0.0
2012-11-17 12:00:00,7.5404,0.0
2012-11-18 12:00:00,6.307300000000001,0.0
2012-11-19 12:00:00,5.4872000000000005,0.0
2012-11-20 12:00:00,5.1291,0.0
2012-11-21 12:00:00,4.8894,0.0
2012-11-22 12:00:00,4.6699,0.0
2012-11-23 12:00:00,4.529100000000001,0.0
2012-11-24 12:00:00,4.331300000000001,0.0
2012-11-25 12:00:00,4.2129,0.0
2012-11-26 12:00:00,4.069100000000001,0.0
2012-11-27 12:00:00,3.8767,0.0
2012-11-28 12:00:00,3.7704,0.0
2012-11-29 12:00:00,3.8247,0.0
2012-11-30 12:00:00,3.6454,0.0
2012-12-01 12:00:00,3.6268000000000002,0.0
2012-12-02 12:00:00,3.4546,0.0
2012-12-03 12:00:00,3.274,0.0
2012-12-04 12:00:00,4.9355,0.0
2012-12-05 12:00:00,4.2145,0.0
2012-12-06 12:00:00,7.2296000000000005,0.0
2012-12-07 12:00:00,7.6512,0.0
2012-12-08 12:00:00,5.9927,0.0
2012-12-09 12:00:00,4.9878,0.0
2012-12-10 12:00:00,4.4627,0.0
2012-12-11 12:00:00,4.093,0.0
2012-12-12 12:00:00,3.8662,0.0
2012-12-13 12:00:00,3.6544000000000003,0.0
2012-12-14 12:00:00,3.5176000000000003,0.0
2012-12-15 12:00:00,3.3614,0.0
2012-12-16 12:00:00,3.2196000000000002,0.0
2012-12-17 12:00:00,3.2537000000000003,0.0
2012-12-18 12:00:00,3.1103,0.0
2012-12-19 12:00:00,2.8731,0.0
2012-12-20 12:00:00,2.7491000000000003,0.0
2012-12-21 12:00:00,2.7251000000000003,0.0
2012-12-22 12:00:00,2.6123000000000003,0.0
2012-12-23 12:00:00,2.527,0.0
2012-12-24 12:00:00,2.4554,0.0
2012-12-25 12:00:00,2.3887,0.0
2012-12-26 12:00:00,2.3725,0.0
2012-12-27 12:00:00,2.3240000000000003,0.0
2012-12-28 12:00:00,2.3044000000000002,0.0
2012-12-29 12:00:00,3.1483000000000003,0.0
2012-12-30 12:00:00,2.8214,0.0
2012-12-31 12:00:00,2.8059000000000003,0.0
2013-01-01 12:00:00,5.7692000000000005,0.0
2013-01-02 12:00:00,10.8635,0.0
2013-01-03 12:00:00,8.126100000000001,0.0
2013-01-04 12:00:00,5.5217,0.0
2013-01-05 12:00:00,4.2923,0.0
2013-01-06 12:00:00,3.7772,0.0
2013-01-07 12:00:00,3.4981,0.0
2013-01-08 12:00:00,3.7337000000000002,0.0
2013-01-09 12:00:00,10.1488,0.0
2013-01-10 12:00:00,7.1649,0.0
2013-01-11 12:00:00,5.5964,0.0
2013-01-12 12:00:00,6.2823,0.0
2013-01-13 12:00:00,5.601500000000001,0.0
2013-01-14 12:00:00,4.8782000000000005,0.0
2013-01-15 12:00:00,4.5308,0.0
2013-01-16 12:00:00,4.3262,0.0
2013-01-17 12:00:00,4.1122000000000005,0.0
2013-01-18 12:00:00,3.7166,0.0
2013-01-19 12:00:00,3.4941,0.0
2013-01-20 12:00:00,3.2843,0.0
2013-01-21 12:00:00,3.1145,0.0
2013-01-22 12:00:00,2.9744,0.0
2013-01-23 12:00:00,2.9851,0.0
2013-01-24 12:00:00,2.9603,0.0
2013-01-25 12:00:00,2.7621,0.0
2013-01-26 12:00:00,2.6442,0.0
2013-01-27 12:00:00,2.5498000000000003,0.0
2013-01-28 12:00:00,2.4855,0.0
2013-01-29 12:00:00,2.3924000000000003,0.0
2013-01-30 12:00:00,2.2739000000000003,0.0
2013-01-31 12:00:00,2.2174,0.0
2013-02-01 12:00:00,2.1616,0.0
2013-02-02 12:00:00,2.1488,0.0
2013-02-03 12:00:00,5.8676,0.0
2013-02-04 12:00:00,6.3645000000000005,0.0
2013-02-05 12:00:00,3.6861,0.0
2013-02-06 12:00:00,3.0965000000000003,0.0
2013-02-07 12:00:00,2.8144,0.0
2013-02-08 12:00:00,2.6181,0.0
2013-02-09 12:00:00,2.519,0.0
2013-02-10 12:00:00,2.5246,0.0
2013-02-11 12:00:00,2.6973000000000003,0.0
2013-02-12 12:00:00,2.4199,0.0
2013-02-13 12:00:00,2.3288,0.0
2013-02-14 12:00:00,2.2718000000000003,0.0
2013-02-15 12:00:00,2.2437,0.0
2013-02-16 12:00:00,2.2313,0.0
2013-02-17 12:00:00,2.137,0.0
2013-02-18 12:00:00,2.0536000000000003,0.0
2013-02-19 12:00:00,1.9848000000000001,0.0
2013-02-20 12:00:00,1.9785000000000001,0.0
2013-02-21 12:00:00,1.971,0.0
2013-02-22 12:00:00,1.9359000000000002,0.0
2013-02-23 12:00:00,1.8985,0.0
2013-02-24 12:00:00,1.8416000000000001,0.0
2013-02-25 12:00:00,1.7865,0.0
2013-02-26 12:00:00,1.742,0.0
2013-02-27 12:00:00,1.7015,0.0
2013-02-28 12:00:00,1.6588,0.0
2013-03-01 12:00:00,1.6929,0.0
2013-03-02 12:00:00,1.7208,0.0
2013-03-03 12:00:00,1.6658000000000002,0.0
2013-03-04 12:00:00,1.6133000000000002,0.0
2013-03-05 12:00:00,1.5731000000000002,0.0
2013-03-06 12:00:00,1.5695000000000001,0.0
2013-03-07 12:00:00,1.5282,0.0
2013-03-08 12:00:00,1.4999,0.0
2013-03-09 12:00:00,1.4919,0.0
2013-03-10 12:00:00,1.4641000000000002,0.0
2013-03-11 12:00:00,1.4497,0.0
2013-03-12 12:00:00,1.4566000000000001,0.0
2013-03-13 12:00:00,1.4256,0.0
2013-03-14 12:00:00,1.3711,0.0
2013-03-15 12:00:00,1.3729,0.0
2013-03-16 12:00:00,2.0756,0.0
2013-03-17 12:00:00,3.7786000000000004,0.0
2013-03-18 12:00:00,2.7680000000000002,0.0
2013-03-19 12:00:00,2.2613000000000003,0.0
2013-03-20 12:00:00,1.9061000000000001,0.0
2013-03-21 12:00:00,1.7548000000000001,0.0
2013-03-22 12:00:00,1.6645,0.0
2013-03-23 12:00:00,1.6074000000000002,0.0
2013-03-24 12:00:00,1.635,0.0
2013-03-25 12:00:00,1.737,0.0
2013-03-26 12:00:00,1.5852000000000002,0.0
2013-03-27 12:00:00,1.5387000000000002,0.0
2013-03-28 12:00:00,1.5121,0.0
2013-03-29 12:00:00,1.4808000000000001,0.0
2013-03-30 12:00:00,1.4834,0.0
2013-03-31 12:00:00,1.6252,0.0
2013-04-01 12:00:00,1.5366,0.0
2013-04-02 12:00:00,1.4851,0.0
2013-04-03 12:00:00,1.5182,0.0
2013-04-04 12:00:00,1.4964000000000002,0.0
2013-04-05 12:00:00,1.562,0.0
2013-04-06 12:00:00,1.5244,0.0
2013-04-07 12:00:00,1.5050000000000001,0.0
2013-04-08 12:00:00,1.5101,0.0
2013-04-09 12:00:00,1.5150000000000001,0.0
2013-04-10 12:00:00,1.4892,0.0
2013-04-11 12:00:00,1.4993,0.0
2013-04-12 12:00:00,1.4913,0.0
2013-04-13 12:00:00,1.47,0.0
2013-04-14 12:00:00,1.429,0.0
2013-04-15 12:00:00,1.4191,0.0
2013-04-16 12:00:00,1.425,0.0
2013-04-17 12:00:00,1.425,0.0
2013-04-18 12:00:00,1.4234,0.0
2013-04-19 12:00:00,1.6315000000000002,0.0
2013-04-20 12:00:00,2.0752,0.0
2013-04-21 12:00:00,2.0019,0.0
2013-04-22 12:00:00,1.8781,0.0
2013-04-23 12:00:00,1.8497000000000001,0.0
2013-04-24 12:00:00,1.7271,0.0
2013-04-25 12:00:00,1.6327,0.0
2013-04-26 12:00:00,2.0465,0.0
2013-04-27 12:00:00,1.7151,0.0
2013-04-28 12:00:00,1.899,0.0
2013-04-29 12:00:00,1.9179000000000002,0.0
2013-04-30 12:00:00,1.727,0.0
2013-05-01 12:00:00,1.7182000000000002,0.0
2013-05-02 12:00:00,2.6307,0.0
2013-05-03 12:00:00,2.4238,0.0
2013-05-04 12:00:00,6.101500000000001,0.0
2013-05-05 12:00:00,9.5342,0.0
2013-05-06 12:00:00,5.6769,0.0
2013-05-07 12:00:00,4.3822,0.0
2013-05-08 12:00:00,3.7909,0.0
2013-05-09 12:00:00,4.6783,0.0
2013-05-10 12:00:00,3.9787000000000003,0.0
2013-05-11 12:00:00,4.1202000000000005,0.0
2013-05-12 12:00:00,5.6206000000000005,0.0
2013-05-13 12:00:00,5.514,0.0
2013-05-14 12:00:00,4.8715,0.0
2013-05-15 12:00:00,4.2743,0.0
2013-05-16 12:00:00,3.8765,0.0
2013-05-17 12:00:00,3.6312,0.0
2013-05-18 12:00:00,3.5377,0.0
2013-05-19 12:00:00,3.5143,0.0
2013-05-20 12:00:00,3.3125,0.0
2013-05-21 12:00:00,3.4989000000000003,0.0
2013-05-22 12:00:00,4.2881,0.0
2013-05-23 12:00:00,4.2339,0.0
2013-05-24 12:00:00,3.8385000000000002,0.0
2013-05-25 12:00:00,5.9892,0.0
2013-05-26 12:00:00,6.5762,0.0
2013-05-27 12:00:00,5.4062,0.0
2013-05-28 12:00:00,4.617900000000001,0.0
2013-05-29 12:00:00,4.1843,0.0
2013-05-30 12:00:00,4.0107,0.0
2013-05-31 12:00:00,4.049,0.0
2013-06-01 12:00:00,7.7454,0.0
2013-06-02 12:00:00,65.3114,0.0
2013-06-03 12:00:00,33.6207,0.0
2013-06-04 12:00:00,20.1329,0.0
2013-06-05 12:00:00,14.9821,0.0
2013-06-06 12:00:00,12.412700000000001,0.0
2013-06-07 12:00:00,11.455300000000001,0.0
2013-06-08 12:00:00,11.2481,0.0
2013-06-09 12:00:00,10.415600000000001,0.0
2013-06-10 12:00:00,9.668700000000001,0.0
2013-06-11 12:00:00,9.094800000000001,0.0
2013-06-12 12:00:00,8.637400000000001,0.0
2013-06-13 12:00:00,8.136700000000001,0.0
2013-06-14 12:00:00,7.6813,0.0
2013-06-15 12:00:00,9.3309,0.0
2013-06-16 12:00:00,17.596600000000002,0.0
2013-06-17 12:00:00,25.349600000000002,0.0
2013-06-18 12:00:00,20.7619,0.0
2013-06-19 12:00:00,18.536,0.0
2013-06-20 12:00:00,15.866100000000001,0.0
2013-06-21 12:00:00,14.0663,0.0
2013-06-22 12:00:00,12.700600000000001,0.0
2013-06-23 12:00:00,11.7745,0.0
2013-06-24 12:00:00,11.002600000000001,0.0
2013-06-25 12:00:00,10.5107,0.0
2013-06-26 12:00:00,10.134500000000001,0.0
2013-06-27 12:00:00,9.845500000000001,0.0
2013-06-28 12:00:00,9.4657,0.0
2013-06-29 12:00:00,9.2347,0.0
2013-06-30 12:00:00,10.002600000000001,0.0
2013-07-01 12:00:00,46.6552,0.0
2013-07-02 12:00:00,122.89890000000001,0.0
2013-07-03 12:00:00,83.8655,0.0
2013-07-04 12:00:00,53.014900000000004,0.0
2013-07-05 12:00:00,142.005,0.0
2013-07-06 12:00:00,124.5716,0.0
2013-07-07 12:00:00,67.9508,0.0
2013-07-08 12:00:00,41.178000000000004,0.0
2013-07-09 12:00:00,28.976000000000003,0.0
2013-07-10 12:00:00,22.942800000000002,0.0
2013-07-11 12:00:00,19.1403,0.0
2013-07-12 12:00:00,16.685100000000002,0.0
2013-07-13 12:00:00,15.3826,0.0
2013-07-14 12:00:00,13.9436,0.0
2013-07-15 12:00:00,12.626000000000001,0.0
2013-07-16 12:00:00,11.7287,0.0
2013-07-17 12:00:00,11.4844,0.0
2013-07-18 12:00:00,11.4238,0.0
2013-07-19 12:00:00,10.8583,0.0
2013-07-20 12:00:00,10.5008,0.0
2013-07-21 12:00:00,10.3316,0.0
2013-07-22 12:00:00,10.3551,0.0
2013-07-23 12:00:00,10.2306,0.0
2013-07-24 12:00:00,9.8636,0.0
2013-07-25 12:00:00,9.480500000000001,0.0
2013-07-26 12:00:00,8.4168,0.0
2013-07-27 12:00:00,7.9882,0.0
2013-07-28 12:00:00,7.6277,0.0
2013-07-29 12:00:00,7.3788,0.0
2013-07-30 12:00:00,7.1658,0.0
2013-07-31 12:00:00,6.9247000000000005,0.0
2013-08-01 12:00:00,6.6837,0.0
2013-08-02 12:00:00,6.5484,0.0
2013-08-03 12:00:00,6.452,0.0
2013-08-04 12:00:00,6.266500000000001,0.0
2013-08-05 12:00:00,6.091,0.0
2013-08-06 12:00:00,6.1928,0.0
2013-08-07 12:00:00,6.5728,0.0
2013-08-08 12:00:00,5.8963,0.0
2013-08-09 12:00:00,5.8194,0.0
2013-08-10 12:00:00,5.7413,0.0
2013-08-11 12:00:00,6.5412,0.0
2013-08-12 12:00:00,6.0899,0.0
2013-08-13 12:00:00,6.2079,0.0
2013-08-14 12:00:00,5.7758,0.0
2013-08-15 12:00:00,5.736400000000001,0.0
2013-08-16 12:00:00,5.6734,0.0
2013-08-17 12:00:00,5.6664,0.0
2013-08-18 12:00:00,5.9728,0.0
2013-08-19 12:00:00,6.0398000000000005,0.0
2013-08-20 12:00:00,5.9072000000000005,0.0
2013-08-21 12:00:00,5.806100000000001,0.0
2013-08-22 12:00:00,5.7629,0.0
2013-08-23 12:00:00,5.5517,0.0
2013-08-24 12:00:00,5.3497,0.0
2013-08-25 12:00:00,5.1904,0.0
2013-08-26 12:00:00,5.0135000000000005,0.0
2013-08-27 12:00:00,5.1239,0.0
2013-08-28 12:00:00,5.9655000000000005,0.0
2013-08-29 12:00:00,5.3142000000000005,0.0
2013-08-30 12:00:00,5.1332,0.0
2013-08-31 12:00:00,4.9792000000000005,0.0
2013-09-01 12:00:00,4.8342,0.0
2013-09-02 12:00:00,4.7374,0.0
2013-09-03 12:00:00,4.9613000000000005,0.0
2013-09-04 12:00:00,4.9035,0.0
2013-09-05 12:00:00,4.8272,0.0
2013-09-06 12:00:00,4.7253,0.0
2013-09-07 12:00:00,5.3857,0.0
2013-09-08 12:00:00,5.4482,0.0
2013-09-09 12:00:00,7.813400000000001,0.0
2013-09-10 12:00:00,21.3409,0.0
2013-09-11 12:00:00,15.006300000000001,0.0
2013-09-12 12:00:00,12.0869,0.0
2013-09-13 12:00:00,10.5653,0.0
2013-09-14 12:00:00,9.2413,0.0
2013-09-15 12:00:00,8.3786,0.0
2013-09-16 12:00:00,7.6725,0.0
2013-09-17 12:00:00,7.1302,0.0
2013-09-18 12:00:00,6.7936000000000005,0.0
2013-09-19 12:00:00,6.7061,0.0
2013-09-20 12:00:00,6.6241,0.0
2013-09-21 12:00:00,6.3643,0.0
2013-09-22 12:00:00,6.092300000000001,0.0
2013-09-23 12:00:00,5.875,0.0
2013-09-24 12:00:00,5.766,0.0
2013-09-25 12:00:00,5.6504,0.0
2013-09-26 12:00:00,5.578,0.0
2013-09-27 12:00:00,6.3733,0.0
2013-09-28 12:00:00,5.8787,0.0
2013-09-29 12:00:00,5.5543000000000005,0.0
2013-09-30 12:00:00,5.1738,0.0
2013-10-01 12:00:00,4.9937000000000005,0.0
2013-10-02 12:00:00,5.4675,0.0
2013-10-03 12:00:00,5.2515,0.0
2013-10-04 12:00:00,5.582,0.0
2013-10-05 12:00:00,5.4664,0.0
2013-10-06 12:00:00,5.4116,0.0
2013-10-07 12:00:00,5.0558000000000005,0.0
2013-10-08 12:00:00,4.980300000000001,0.0
2013-10-09 12:00:00,4.848800000000001,0.0
2013-10-10 12:00:00,4.658,0.0
2013-10-11 12:00:00,4.5049,0.0
2013-10-12 12:00:00,4.2884,0.0
2013-10-13 12:00:00,8.2746,0.0
2013-10-14 12:00:00,9.75,0.0
2013-10-15 12:00:00,7.5234000000000005,0.0
2013-10-16 12:00:00,6.4248,0.0
2013-10-17 12:00:00,8.1591,0.0
2013-10-18 12:00:00,8.3057,0.0
2013-10-19 12:00:00,7.3056,0.0
2013-10-20 12:00:00,6.9549,0.0
2013-10-21 12:00:00,11.5259,0.0
2013-10-22 12:00:00,9.4345,0.0
2013-10-23 12:00:00,17.243000000000002,0.0
2013-10-24 12:00:00,15.6005,0.0
2013-10-25 12:00:00,16.895300000000002,0.0
2013-10-26 12:00:00,20.919900000000002,0.0
2013-10-27 12:00:00,16.6584,0.0
2013-10-28 12:00:00,13.703800000000001,0.0
2013-10-29 12:00:00,11.9579,0.0
2013-10-30 12:00:00,10.8766,0.0
2013-10-31 12:00:00,9.8526,0.0
2013-11-01 12:00:00,8.850200000000001,0.0
2013-11-02 12:00:00,8.0413,0.0
2013-11-03 12:00:00,7.485200000000001,0.0
2013-11-04 12:00:00,7.1332,0.0
2013-11-05 12:00:00,6.9335,0.0
2013-11-06 12:00:00,6.3772,0.0
2013-11-07 12:00:00,6.0263,0.0
2013-11-08 12:00:00,5.7628,0.0
2013-11-09 12:00:00,5.459700000000001,0.0
2013-11-10 12:00:00,5.304200000000001,0.0
2013-11-11 12:00:00,5.034400000000001,0.0
2013-11-12 12:00:00,4.7292000000000005,0.0
2013-11-13 12:00:00,4.5702,0.0
2013-11-14 12:00:00,4.493,0.0
2013-11-15 12:00:00,4.3287,0.0
2013-11-16 12:00:00,4.1651,0.0
2013-11-17 12:00:00,4.079400000000001,0.0
2013-11-18 12:00:00,3.8961,0.0
2013-11-19 12:00:00,3.725,0.0
2013-11-20 12:00:00,3.6817,0.0
2013-11-21 12:00:00,3.5728,0.0
2013-11-22 12:00:00,3.3812,0.0
2013-11-23 12:00:00,3.2792000000000003,0.0
2013-11-24 12:00:00,3.5673000000000004,0.0
2013-11-25 12:00:00,3.7601,0.0
2013-11-26 12:00:00,3.4891,0.0
2013-11-27 12:00:00,3.2938,0.0
2013-11-28 12:00:00,3.1653000000000002,0.0
2013-11-29 12:00:00,5.3776,0.0
2013-11-30 12:00:00,3.6201000000000003,0.0
2013-12-01 12:00:00,3.1659,0.0
2013-12-02 12:00:00,2.948,0.0
2013-12-03 12:00:00,2.8012,0.0
2013-12-04 12:00:00,2.7338,0.0
2013-12-05 12:00:00,2.8214,0.0
2013-12-06 12:00:00,2.7904,0.0
2013-12-07 12:00:00,2.9248000000000003,0.0
2013-12-08 12:00:00,3.4551000000000003,0.0
2013-12-09 12:00:00,2.97,0.0
2013-12-10 12:00:00,2.7342,0.0
2013-12-11 12:00:00,2.6128,0.0
2013-12-12 12:00:00,2.5451,0.0
2013-12-13 12:00:00,2.3772,0.0
2013-12-14 12:00:00,2.3867000000000003,0.0
2013-12-15 12:00:00,2.5278,0.0
2013-12-16 12:00:00,2.3362000000000003,0.0
2013-12-17 12:00:00,2.25,0.0
2013-12-18 12:00:00,2.1225,0.0
2013-12-19 12:00:00,2.0728,0.0
2013-12-20 12:00:00,2.5828,0.0
2013-12-21 12:00:00,2.7578,0.0
2013-12-22 12:00:00,2.2383,0.0
2013-12-23 12:00:00,2.2681,0.0
2013-12-24 12:00:00,2.5538000000000003,0.0
2013-12-25 12:00:00,2.871,0.0
2013-12-26 12:00:00,2.6095,0.0
2013-12-27 12:00:00,2.2920000000000003,0.0
2013-12-28 12:00:00,2.1197,0.0
2013-12-29 12:00:00,2.3362000000000003,0.0
2013-12-30 12:00:00,2.5635000000000003,0.0
2013-12-31 12:00:00,2.2025,0.0
2014-01-01 12:00:00,2.3080000000000003,0.0
2014-01-02 12:00:00,7.816000000000001,0.0
2014-01-03 12:00:00,4.8456,0.0
2014-01-04 12:00:00,4.3074,0.0
2014-01-05 12:00:00,3.6260000000000003,0.0
2014-01-06 12:00:00,3.9246000000000003,0.0
2014-01-07 12:00:00,5.354,0.0
2014-01-08 12:00:00,4.4738,0.0
2014-01-09 12:00:00,3.8584,0.0
2014-01-10 12:00:00,3.4519,0.0
2014-01-11 12:00:00,3.6094000000000004,0.0
2014-01-12 12:00:00,3.7952000000000004,0.0
2014-01-13 12:00:00,3.1499,0.0
2014-01-14 12:00:00,2.9076,0.0
2014-01-15 12:00:00,2.7332,0.0
2014-01-16 12:00:00,2.6266000000000003,0.0
2014-01-17 12:00:00,2.5803000000000003,0.0
2014-01-18 12:00:00,2.5349,0.0
2014-01-19 12:00:00,2.6905,0.0
2014-01-20 12:00:00,2.3850000000000002,0.0
2014-01-21 12:00:00,2.3303000000000003,0.0
2014-01-22 12:00:00,2.4010000000000002,0.0
2014-01-23 12:00:00,2.2377000000000002,0.0
2014-01-24 12:00:00,2.1140000000000003,0.0
2014-01-25 12:00:00,2.3498,0.0
2014-01-26 12:00:00,2.944,0.0
2014-01-27 12:00:00,2.3148,0.0
2014-01-28 12:00:00,2.1052,0.0
2014-01-29 12:00:00,1.9777,0.0
2014-01-30 12:00:00,1.9243000000000001,0.0
2014-01-31 12:00:00,1.8760000000000001,0.0
2014-02-01 12:00:00,1.8373000000000002,0.0
2014-02-02 12:00:00,1.7739,0.0
2014-02-03 12:00:00,1.6794,0.0
2014-02-04 12:00:00,1.6407,0.0
2014-02-05 12:00:00,1.7055,0.0
2014-02-06 12:00:00,1.6106,0.0
2014-02-07 12:00:00,1.5577,0.0
2014-02-08 12:00:00,1.5382,0.0
2014-02-09 12:00:00,1.5521,0.0
2014-02-10 12:00:00,1.5038,0.0
2014-02-11 12:00:00,1.5138,0.0
2014-02-12 12:00:00,1.7171,0.0
2014-02-13 12:00:00,1.6608,0.0
2014-02-14 12:00:00,1.5273,0.0
2014-02-15 12:00:00,1.4894,0.0
2014-02-16 12:00:00,1.3979000000000001,0.0
2014-02-17 12:00:00,1.3913,0.0
2014-02-18 12:00:00,1.3343,0.0
2014-02-19 12:00:00,1.3379,0.0
2014-02-20 12:00:00,1.2794,0.0
2014-02-21 12:00:00,1.2601,0.0
2014-02-22 12:00:00,1.3746,0.0
2014-02-23 12:00:00,1.3471,0.0
2014-02-24 12:00:00,1.2615,0.0
2014-02-25 12:00:00,1.2345000000000002,0.0
2014-02-26 12:00:00,1.2039,0.0
2014-02-27 12:00:00,1.3251000000000002,0.0
2014-02-28 12:00:00,1.554,0.0
2014-03-01 12:00:00,1.3847,0.0
2014-03-02 12:00:00,1.3894,0.0
2014-03-03 12:00:00,1.4138000000000002,0.0
2014-03-04 12:00:00,1.3429,0.0
2014-03-05 12:00:00,1.3102,0.0
2014-03-06 12:00:00,1.2393,0.0
2014-03-07 12:00:00,1.2546000000000002,0.0
2014-03-08 12:00:00,1.2239,0.0
2014-03-09 12:00:00,1.1860000000000002,0.0
2014-03-10 12:00:00,1.1618000000000002,0.0
2014-03-11 12:00:00,1.1374,0.0
2014-03-12 12:00:00,1.112,0.0
2014-03-13 12:00:00,1.2033,0.0
2014-03-14 12:00:00,1.1421000000000001,0.0
2014-03-15 12:00:00,1.1232,0.0
2014-03-16 12:00:00,1.2503,0.0
2014-03-17 12:00:00,2.1811000000000003,0.0
2014-03-18 12:00:00,1.6301,0.0
2014-03-19 12:00:00,1.3038,0.0
2014-03-20 12:00:00,1.2147000000000001,0.0
2014-03-21 12:00:00,1.1852,0.0
2014-03-22 12:00:00,1.1512,0.0
2014-03-23 12:00:00,1.1213,0.0
2014-03-24 12:00:00,1.324,0.0
2014-03-25 12:00:00,1.4976,0.0
2014-03-26 12:00:00,1.2682,0.0
2014-03-27 12:00:00,1.1866,0.0
2014-03-28 12:00:00,1.1369,0.0
2014-03-29 12:00:00,1.1128,0.0
2014-03-30 12:00:00,1.1017000000000001,0.0
2014-03-31 12:00:00,1.1081,0.0
2014-04-01 12:00:00,1.0822,0.0
2014-04-02 12:00:00,1.0637,0.0
2014-04-03 12:00:00,1.0698,0.0
2014-04-04 12:00:00,1.1797,0.0
2014-04-05 12:00:00,1.4645000000000001,0.0
2014-04-06 12:00:00,1.5356,0.0
2014-04-07 12:00:00,1.7877,0.0
2014-04-08 12:00:00,1.5162,0.0
2014-04-09 12:00:00,1.3425,0.0
2014-04-10 12:00:00,1.2930000000000001,0.0
2014-04-11 12:00:00,1.554,0.0
2014-04-12 12:00:00,1.8129000000000002,0.0
2014-04-13 12:00:00,1.5338,0.0
2014-04-14 12:00:00,1.4614,0.0
2014-04-15 12:00:00,1.5256,0.0
2014-04-16 12:00:00,2.1262000000000003,0.0
2014-04-17 12:00:00,2.6294,0.0
2014-04-18 12:00:00,4.981,0.0
2014-04-19 12:00:00,3.3336,0.0
2014-04-20 12:00:00,2.5594,0.0
2014-04-21 12:00:00,2.1557,0.0
2014-04-22 12:00:00,1.9505000000000001,0.0
2014-04-23 12:00:00,1.8146,0.0
2014-04-24 12:00:00,2.3099000000000003,0.0
2014-04-25 12:00:00,2.3552,0.0
2014-04-26 12:00:00,1.9658,0.0
2014-04-27 12:00:00,3.9627000000000003,0.0
2014-04-28 12:00:00,4.8623,0.0
2014-04-29 12:00:00,3.4351000000000003,0.0
2014-04-30 12:00:00,2.9477,0.0
2014-05-01 12:00:00,2.6881,0.0
2014-05-02 12:00:00,2.9607,0.0
2014-05-03 12:00:00,2.9232,0.0
2014-05-04 12:00:00,3.4671000000000003,0.0
2014-05-05 12:00:00,4.6372,0.0
2014-05-06 12:00:00,6.606000000000001,0.0
2014-05-07 12:00:00,6.4343,0.0
2014-05-08 12:00:00,5.555000000000001,0.0
2014-05-09 12:00:00,4.7583,0.0
2014-05-10 12:00:00,4.1968000000000005,0.0
2014-05-11 12:00:00,3.8026,0.0
2014-05-12 12:00:00,6.092300000000001,0.0
2014-05-13 12:00:00,6.3943,0.0
2014-05-14 12:00:00,5.497800000000001,0.0
2014-05-15 12:00:00,4.9386,0.0
2014-05-16 12:00:00,4.676,0.0
2014-05-17 12:00:00,4.515000000000001,0.0
2014-05-18 12:00:00,4.365600000000001,0.0
2014-05-19 12:00:00,4.098,0.0
2014-05-20 12:00:00,5.121700000000001,0.0
2014-05-21 12:00:00,4.7568,0.0
2014-05-22 12:00:00,8.4511,0.0
2014-05-23 12:00:00,11.182,0.0
2014-05-24 12:00:00,11.4924,0.0
2014-05-25 12:00:00,12.0401,0.0
2014-05-26 12:00:00,8.7973,0.0
2014-05-27 12:00:00,7.6370000000000005,0.0
2014-05-28 12:00:00,15.379100000000001,0.0
2014-05-29 12:00:00,13.670900000000001,0.0
2014-05-30 12:00:00,11.192400000000001,0.0
2014-05-31 12:00:00,9.3809,0.0
2014-06-01 12:00:00,8.115400000000001,0.0
2014-06-02 12:00:00,7.152200000000001,0.0
2014-06-03 12:00:00,6.4241,0.0
2014-06-04 12:00:00,6.182,0.0
2014-06-05 12:00:00,6.6376,0.0
2014-06-06 12:00:00,7.0944,0.0
2014-06-07 12:00:00,6.224600000000001,0.0
2014-06-08 12:00:00,6.5625,0.0
2014-06-09 12:00:00,7.522,0.0
2014-06-10 12:00:00,7.6344,0.0
2014-06-11 12:00:00,7.310700000000001,0.0
2014-06-12 12:00:00,6.8474,0.0
2014-06-13 12:00:00,6.4192,0.0
2014-06-14 12:00:00,6.089,0.0
2014-06-15 12:00:00,5.8883,0.0
2014-06-16 12:00:00,8.3346,0.0
2014-06-17 12:00:00,8.973700000000001,0.0
2014-06-18 12:00:00,8.4275,0.0
2014-06-19 12:00:00,7.6745,0.0
2014-06-20 12:00:00,9.408100000000001,0.0
2014-06-21 12:00:00,8.6502,0.0
2014-06-22 12:00:00,7.8474,0.0
2014-06-23 12:00:00,7.4812,0.0
2014-06-24 12:00:00,24.539,0.0
2014-06-25 12:00:00,25.2042,0.0
2014-06-26 12:00:00,18.025000000000002,0.0
2014-06-27 12:00:00,14.508600000000001,0.0
2014-06-28 12:00:00,12.3717,0.0
2014-06-29 12:00:00,17.3016,0.0
2014-06-30 12:00:00,23.7081,0.0
2014-07-01 12:00:00,18.7281,0.0
2014-07-02 12:00:00,15.689200000000001,0.0
2014-07-03 12:00:00,13.664000000000001,0.0
2014-07-04 12:00:00,12.5891,0.0
2014-07-05 12:00:00,10.9657,0.0
2014-07-06 12:00:00,9.7973,0.0
2014-07-07 12:00:00,9.0724,0.0
2014-07-08 12:00:00,8.5995,0.0
2014-07-09 12:00:00,8.1606,0.0
2014-07-10 12:00:00,8.2545,0.0
2014-07-11 12:00:00,8.206900000000001,0.0
2014-07-12 12:00:00,8.1449,0.0
2014-07-13 12:00:00,8.0237,0.0
2014-07-14 12:00:00,7.4576,0.0
2014-07-15 12:00:00,7.1585,0.0
2014-07-16 12:00:00,6.8114,0.0
2014-07-17 12:00:00,6.604500000000001,0.0
2014-07-18 12:00:00,6.5837,0.0
2014-07-19 12:00:00,6.5132,0.0
2014-07-20 12:00:00,6.2998,0.0
2014-07-21 12:00:00,5.9781,0.0
2014-07-22 12:00:00,5.8287,0.0
2014-07-23 12:00:00,5.6492,0.0
2014-07-24 12:00:00,5.4237,0.0
2014-07-25 12:00:00,5.238300000000001,0.0
2014-07-26 12:00:00,5.108700000000001,0.0
2014-07-27 12:00:00,4.9627,0.0
2014-07-28 12:00:00,5.2513000000000005,0.0
2014-07-29 12:00:00,6.0061,0.0
2014-07-30 12:00:00,9.467,0.0
2014-07-31 12:00:00,9.8694,0.0
2014-08-01 12:00:00,25.8517,0.0
2014-08-02 12:00:00,38.502300000000005,0.0
2014-08-03 12:00:00,23.977,0.0
2014-08-04 12:00:00,18.2768,0.0
2014-08-05 12:00:00,16.6441,0.0
2014-08-06 12:00:00,15.2254,0.0
2014-08-07 12:00:00,14.512400000000001,0.0
2014-08-08 12:00:00,12.7301,0.0
2014-08-09 12:00:00,11.8233,0.0
2014-08-10 12:00:00,14.3833,0.0
2014-08-11 12:00:00,21.7281,0.0
2014-08-12 12:00:00,19.408,0.0
2014-08-13 12:00:00,16.764200000000002,0.0
2014-08-14 12:00:00,14.5669,0.0
2014-08-15 12:00:00,12.9373,0.0
2014-08-16 12:00:00,11.7078,0.0
2014-08-17 12:00:00,10.7984,0.0
2014-08-18 12:00:00,10.0454,0.0
2014-08-19 12:00:00,9.5607,0.0
2014-08-20 12:00:00,9.0375,0.0
2014-08-21 12:00:00,8.3553,0.0
2014-08-22 12:00:00,7.8753,0.0
2014-08-23 12:00:00,7.506,0.0
2014-08-24 12:00:00,7.212000000000001,0.0
2014-08-25 12:00:00,6.926,0.0
2014-08-26 12:00:00,6.6648000000000005,0.0
2014-08-27 12:00:00,6.4078,0.0
2014-08-28 12:00:00,6.2071000000000005,0.0
2014-08-29 12:00:00,6.0288,0.0
2014-08-30 12:00:00,5.866700000000001,0.0
2014-08-31 12:00:00,5.7434,0.0
2014-09-01 12:00:00,5.617100000000001,0.0
2014-09-02 12:00:00,5.4825,0.0
2014-09-03 12:00:00,5.346500000000001,0.0
2014-09-04 12:00:00,5.2367,0.0
2014-09-05 12:00:00,5.1115,0.0
2014-09-06 12:00:00,4.9695,0.0
2014-09-07 12:00:00,4.8403,0.0
2014-09-08 12:00:00,4.7201,0.0
2014-09-09 12:00:00,4.6266,0.0
2014-09-10 12:00:00,4.5187,0.0
2014-09-11 12:00:00,4.5956,0.0
2014-09-12 12:00:00,7.4899000000000004,0.0
2014-09-13 12:00:00,6.2937,0.0
2014-09-14 12:00:00,5.5961,0.0
2014-09-15 12:00:00,5.8573,0.0
2014-09-16 12:00:00,5.6818,0.0
2014-09-17 12:00:00,5.3615,0.0
2014-09-18 12:00:00,5.719,0.0
2014-09-19 12:00:00,5.7137,0.0
2014-09-20 12:00:00,5.4103,0.0
2014-09-21 12:00:00,5.2208000000000006,0.0
2014-09-22 12:00:00,4.9533000000000005,0.0
2014-09-23 12:00:00,4.8411,0.0
2014-09-24 12:00:00,4.696400000000001,0.0
2014-09-25 12:00:00,4.6531,0.0
2014-09-26 12:00:00,4.646100000000001,0.0
2014-09-27 12:00:00,4.4635,0.0
2014-09-28 12:00:00,4.316800000000001,0.0
2014-09-29 12:00:00,4.1816,0.0
2014-09-30 12:00:00,4.0879,0.0
2014-10-01 12:00:00,4.0991,0.0
2014-10-02 12:00:00,4.4398,0.0
2014-10-03 12:00:00,4.2148,0.0
2014-10-04 12:00:00,3.9901,0.0
2014-10-05 12:00:00,5.3895,0.0
2014-10-06 12:00:00,4.7156,0.0
2014-10-07 12:00:00,5.983700000000001,0.0
2014-10-08 12:00:00,5.423,0.0
2014-10-09 12:00:00,4.9001,0.0
2014-10-10 12:00:00,4.6374,0.0
2014-10-11 12:00:00,4.4735000000000005,0.0
2014-10-12 12:00:00,4.3521,0.0
2014-10-13 12:00:00,4.2561,0.0
2014-10-14 12:00:00,4.1705000000000005,0.0
2014-10-15 12:00:00,4.0461,0.0
2014-10-16 12:00:00,5.2057,0.0
2014-10-17 12:00:00,4.7263,0.0
2014-10-18 12:00:00,4.6359,0.0
2014-10-19 12:00:00,4.3209,0.0
2014-10-20 12:00:00,4.28,0.0
2014-10-21 12:00:00,4.0076,0.0
2014-10-22 12:00:00,3.8394000000000004,0.0
2014-10-23 12:00:00,3.7342,0.0
2014-10-24 12:00:00,3.6077000000000004,0.0
2014-10-25 12:00:00,3.4946,0.0
2014-10-26 12:00:00,3.4449,0.0
2014-10-27 12:00:00,3.3998000000000004,0.0
2014-10-28 12:00:00,4.728400000000001,0.0
2014-10-29 12:00:00,4.1902,0.0
2014-10-30 12:00:00,4.1638,0.0
2014-10-31 12:00:00,3.7416,0.0
2014-11-01 12:00:00,3.8112000000000004,0.0
2014-11-02 12:00:00,6.6482,0.0
2014-11-03 12:00:00,6.5459000000000005,0.0
2014-11-04 12:00:00,6.3579,0.0
2014-11-05 12:00:00,5.8364,0.0
2014-11-06 12:00:00,5.3497,0.0
2014-11-07 12:00:00,4.9507,0.0
2014-11-08 12:00:00,4.6343000000000005,0.0
2014-11-09 12:00:00,4.4301,0.0
2014-11-10 12:00:00,4.430400000000001,0.0
2014-11-11 12:00:00,4.3055,0.0
2014-11-12 12:00:00,4.2273000000000005,0.0
2014-11-13 12:00:00,3.883,0.0
2014-11-14 12:00:00,4.8585,0.0
2014-11-15 12:00:00,4.1491,0.0
2014-11-16 12:00:00,3.7747,0.0
2014-11-17 12:00:00,3.6958,0.0
2014-11-18 12:00:00,4.3922,0.0
2014-11-19 12:00:00,3.9942,0.0
2014-11-20 12:00:00,3.6922,0.0
2014-11-21 12:00:00,4.027,0.0
2014-11-22 12:00:00,4.4833,0.0
2014-11-23 12:00:00,3.8078000000000003,0.0
2014-11-24 12:00:00,3.681,0.0
2014-11-25 12:00:00,3.9851,0.0
2014-11-26 12:00:00,3.8767,0.0
2014-11-27 12:00:00,3.5797000000000003,0.0
2014-11-28 12:00:00,3.4172000000000002,0.0
2014-11-29 12:00:00,3.2363,0.0
2014-11-30 12:00:00,3.1340000000000003,0.0
2014-12-01 12:00:00,3.0112,0.0
2014-12-02 12:00:00,2.9434,0.0
2014-12-03 12:00:00,2.9530000000000003,0.0
2014-12-04 12:00:00,2.8085,0.0
2014-12-05 12:00:00,2.7011000000000003,0.0
2014-12-06 12:00:00,2.6713,0.0
2014-12-07 12:00:00,2.5561000000000003,0.0
2014-12-08 12:00:00,2.5017,0.0
2014-12-09 12:00:00,2.517,0.0
2014-12-10 12:00:00,2.5817,0.0
2014-12-11 12:00:00,2.4678,0.0
2014-12-12 12:00:00,2.3271,0.0
2014-12-13 12:00:00,2.2358000000000002,0.0
2014-12-14 12:00:00,2.1537,0.0
2014-12-15 12:00:00,2.069,0.0
2014-12-16 12:00:00,2.0153000000000003,0.0
2014-12-17 12:00:00,2.049,0.0
2014-12-18 12:00:00,2.2139,0.0
2014-12-19 12:00:00,2.6119000000000003,0.0
2014-12-20 12:00:00,2.7644,0.0
2014-12-21 12:00:00,2.7155,0.0
2014-12-22 12:00:00,2.1864,0.0
2014-12-23 12:00:00,1.9768000000000001,0.0
2014-12-24 12:00:00,1.8644,0.0
2014-12-25 12:00:00,1.8188000000000002,0.0
2014-12-26 12:00:00,1.7556,0.0
2014-12-27 12:00:00,1.7941,0.0
2014-12-28 12:00:00,1.6804000000000001,0.0
2014-12-29 12:00:00,1.627,0.0
2014-12-30 12:00:00,2.0559000000000003,0.0
2014-12-31 12:00:00,2.5700000000000003,0.0
2015-01-01 12:00:00,1.9053,0.0
2015-01-02 12:00:00,1.7384000000000002,0.0
2015-01-03 12:00:00,1.6208,0.0
2015-01-04 12:00:00,1.5090000000000001,0.0
2015-01-05 12:00:00,1.5028000000000001,0.0
2015-01-06 12:00:00,1.4718,0.0
2015-01-07 12:00:00,1.4499,0.0
2015-01-08 12:00:00,1.4197,0.0
2015-01-09 12:00:00,1.3433000000000002,0.0
2015-01-10 12:00:00,1.3141,0.0
2015-01-11 12:00:00,1.5655000000000001,0.0
2015-01-12 12:00:00,1.4344000000000001,0.0
2015-01-13 12:00:00,1.3404,0.0
2015-01-14 12:00:00,1.3494000000000002,0.0
2015-01-15 12:00:00,1.2821,0.0
2015-01-16 12:00:00,1.1965000000000001,0.0
2015-01-17 12:00:00,1.4699,0.0
2015-01-18 12:00:00,1.6195000000000002,0.0
2015-01-19 12:00:00,1.8010000000000002,0.0
2015-01-20 12:00:00,1.4768000000000001,0.0
2015-01-21 12:00:00,1.3527,0.0
2015-01-22 12:00:00,1.2558,0.0
2015-01-23 12:00:00,1.1760000000000002,0.0
2015-01-24 12:00:00,1.1097000000000001,0.0
2015-01-25 12:00:00,1.0705,0.0
2015-01-26 12:00:00,1.1205,0.0
2015-01-27 12:00:00,1.1134,0.0
2015-01-28 12:00:00,1.1176000000000001,0.0
2015-01-29 12:00:00,1.081,0.0
2015-01-30 12:00:00,1.2114,0.0
2015-01-31 12:00:00,1.3779000000000001,0.0
2015-02-01 12:00:00,1.3871,0.0
2015-02-02 12:00:00,1.6217000000000001,0.0
2015-02-03 12:00:00,1.5872000000000002,0.0
2015-02-04 12:00:00,1.7427000000000001,0.0
2015-02-05 12:00:00,1.4444000000000001,0.0
2015-02-06 12:00:00,1.3518000000000001,0.0
2015-02-07 12:00:00,1.2018,0.0
2015-02-08 12:00:00,1.5376,0.0
2015-02-09 12:00:00,1.7438,0.0
2015-02-10 12:00:00,1.3538000000000001,0.0
2015-02-11 12:00:00,1.1985000000000001,0.0
2015-02-12 12:00:00,1.1227,0.0
2015-02-13 12:00:00,1.1279000000000001,0.0
2015-02-14 12:00:00,1.163,0.0
2015-02-15 12:00:00,1.1219000000000001,0.0
2015-02-16 12:00:00,1.0948,0.0
2015-02-17 12:00:00,1.0463,0.0
2015-02-18 12:00:00,1.0304,0.0
2015-02-19 12:00:00,1.0543,0.0
2015-02-20 12:00:00,1.0151000000000001,0.0
2015-02-21 12:00:00,1.0311000000000001,0.0
2015-02-22 12:00:00,1.0183,0.0
2015-02-23 12:00:00,0.9902000000000001,0.0
2015-02-24 12:00:00,0.9830000000000001,0.0
2015-02-25 12:00:00,1.0256,0.0
2015-02-26 12:00:00,0.9802000000000001,0.0
2015-02-27 12:00:00,1.0079,0.0
2015-02-28 12:00:00,1.3227,0.0
2015-03-01 12:00:00,1.1189,0.0
2015-03-02 12:00:00,1.5015,0.0
2015-03-03 12:00:00,1.2093,0.0
2015-03-04 12:00:00,1.0550000000000002,0.0
2015-03-05 12:00:00,1.1251,0.0
2015-03-06 12:00:00,1.9613,0.0
2015-03-07 12:00:00,2.2773000000000003,0.0
2015-03-08 12:00:00,1.5953000000000002,0.0
2015-03-09 12:00:00,1.3357,0.0
2015-03-10 12:00:00,1.2353,0.0
2015-03-11 12:00:00,1.205,0.0
2015-03-12 12:00:00,1.1633,0.0
2015-03-13 12:00:00,1.1428,0.0
2015-03-14 12:00:00,1.1064,0.0
2015-03-15 12:00:00,1.0804,0.0
2015-03-16 12:00:00,1.1344,0.0
2015-03-17 12:00:00,1.1185,0.0
2015-03-18 12:00:00,1.0934000000000001,0.0
2015-03-19 12:00:00,1.079,0.0
2015-03-20 12:00:00,1.0470000000000002,0.0
2015-03-21 12:00:00,1.3285,0.0
2015-03-22 12:00:00,1.4385000000000001,0.0
2015-03-23 12:00:00,1.2092,0.0
2015-03-24 12:00:00,1.1528,0.0
2015-03-25 12:00:00,1.1114,0.0
2015-03-26 12:00:00,1.0779,0.0
2015-03-27 12:00:00,1.0999,0.0
2015-03-28 12:00:00,1.4367,0.0
2015-03-29 12:00:00,1.2734,0.0
2015-03-30 12:00:00,1.1692,0.0
2015-03-31 12:00:00,1.1361,0.0
2015-04-01 12:00:00,1.09,0.0
2015-04-02 12:00:00,1.075,0.0
2015-04-03 12:00:00,1.0975000000000001,0.0
2015-04-04 12:00:00,1.1276000000000002,0.0
2015-04-05 12:00:00,1.0971,0.0
2015-04-06 12:00:00,1.2675,0.0
2015-04-07 12:00:00,1.1527,0.0
2015-04-08 12:00:00,1.1052,0.0
2015-04-09 12:00:00,1.1286,0.0
2015-04-10 12:00:00,1.1614,0.0
2015-04-11 12:00:00,1.2975,0.0
2015-04-12 12:00:00,1.84,0.0
2015-04-13 12:00:00,1.5485,0.0
2015-04-14 12:00:00,1.409,0.0
2015-04-15 12:00:00,1.3729,0.0
2015-04-16 12:00:00,1.3571,0.0
2015-04-17 12:00:00,1.9733,0.0
2015-04-18 12:00:00,1.7869000000000002,0.0
2015-04-19 12:00:00,1.5337,0.0
2015-04-20 12:00:00,1.5915000000000001,0.0
2015-04-21 12:00:00,2.0601000000000003,0.0
2015-04-22 12:00:00,1.726,0.0
2015-04-23 12:00:00,1.588,0.0
2015-04-24 12:00:00,1.5088000000000001,0.0
2015-04-25 12:00:00,2.0622000000000003,0.0
2015-04-26 12:00:00,3.3181000000000003,0.0
2015-04-27 12:00:00,9.770900000000001,0.0
2015-04-28 12:00:00,5.5301,0.0
2015-04-29 12:00:00,3.8637,0.0
2015-04-30 12:00:00,3.1244,0.0
2015-05-01 12:00:00,2.7574,0.0
2015-05-02 12:00:00,2.5129,0.0
2015-05-03 12:00:00,2.323,0.0
2015-05-04 12:00:00,2.2376,0.0
2015-05-05 12:00:00,3.4327,0.0
2015-05-06 12:00:00,4.4198,0.0
2015-05-07 12:00:00,4.419700000000001,0.0
2015-05-08 12:00:00,4.1275,0.0
2015-05-09 12:00:00,4.1507000000000005,0.0
2015-05-10 12:00:00,4.404,0.0
2015-05-11 12:00:00,11.3031,0.0
2015-05-12 12:00:00,11.992700000000001,0.0
2015-05-13 12:00:00,12.3697,0.0
2015-05-14 12:00:00,9.9962,0.0
2015-05-15 12:00:00,8.1404,0.0
2015-05-16 12:00:00,6.9226,0.0
2015-05-17 12:00:00,6.0773,0.0
2015-05-18 12:00:00,5.4732,0.0
2015-05-19 12:00:00,4.9816,0.0
2015-05-20 12:00:00,4.8817,0.0
2015-05-21 12:00:00,4.6402,0.0
2015-05-22 12:00:00,4.3021,0.0
2015-05-23 12:00:00,4.1062,0.0
2015-05-24 12:00:00,3.9822,0.0
2015-05-25 12:00:00,3.7635,0.0
2015-05-26 12:00:00,3.6387,0.0
2015-05-27 12:00:00,3.4239,0.0
2015-05-28 12:00:00,3.2533000000000003,0.0
2015-05-29 12:00:00,3.3079,0.0
2015-05-30 12:00:00,3.3777000000000004,0.0
2015-05-31 12:00:00,3.226,0.0
2015-06-01 12:00:00,3.3741000000000003,0.0
2015-06-02 12:00:00,6.0389,0.0
2015-06-03 12:00:00,9.808900000000001,0.0
2015-06-04 12:00:00,7.3449,0.0
2015-06-05 12:00:00,6.1324000000000005,0.0
2015-06-06 12:00:00,5.6206000000000005,0.0
2015-06-07 12:00:00,5.606800000000001,0.0
2015-06-08 12:00:00,8.305200000000001,0.0
2015-06-09 12:00:00,11.5911,0.0
2015-06-10 12:00:00,10.2894,0.0
2015-06-11 12:00:00,9.027800000000001,0.0
2015-06-12 12:00:00,8.136800000000001,0.0
2015-06-13 12:00:00,7.3365,0.0
2015-06-14 12:00:00,6.692200000000001,0.0
2015-06-15 12:00:00,6.135400000000001,0.0
2015-06-16 12:00:00,5.6835,0.0
2015-06-17 12:00:00,9.8804,0.0
2015-06-18 12:00:00,10.949,0.0
2015-06-19 12:00:00,10.6417,0.0
2015-06-20 12:00:00,9.8843,0.0
2015-06-21 12:00:00,8.9192,0.0
2015-06-22 12:00:00,7.855300000000001,0.0
2015-06-23 12:00:00,7.070200000000001,0.0
2015-06-24 12:00:00,6.8327,0.0
2015-06-25 12:00:00,7.1290000000000004,0.0
2015-06-26 12:00:00,8.0081,0.0
2015-06-27 12:00:00,7.7057,0.0
2015-06-28 12:00:00,8.631400000000001,0.0
2015-06-29 12:00:00,9.5241,0.0
2015-06-30 12:00:00,9.2506,0.0
2015-07-01 12:00:00,8.8308,0.0
2015-07-02 12:00:00,14.8423,0.0
2015-07-03 12:00:00,13.055900000000001,0.0
2015-07-04 12:00:00,11.9054,0.0
2015-07-05 12:00:00,10.7193,0.0
2015-07-06 12:00:00,9.5607,0.0
2015-07-07 12:00:00,8.694600000000001,0.0
2015-07-08 12:00:00,8.040000000000001,0.0
2015-07-09 12:00:00,7.469,0.0
2015-07-10 12:00:00,6.7873,0.0
2015-07-11 12:00:00,6.2010000000000005,0.0
2015-07-12 12:00:00,5.8974,0.0
2015-07-13 12:00:00,5.8906,0.0
2015-07-14 12:00:00,7.472700000000001,0.0
2015-07-15 12:00:00,7.968800000000001,0.0
2015-07-16 12:00:00,7.2702,0.0
2015-07-17 12:00:00,6.8449,0.0
2015-07-18 12:00:00,6.5107,0.0
2015-07-19 12:00:00,6.0784,0.0
2015-07-20 12:00:00,5.6714,0.0
2015-07-21 12:00:00,5.4112,0.0
2015-07-22 12:00:00,5.2250000000000005,0.0
2015-07-23 12:00:00,5.1898,0.0
2015-07-24 12:00:00,5.0402000000000005,0.0
2015-07-25 12:00:00,7.322100000000001,0.0
2015-07-26 12:00:00,7.702400000000001,0.0
2015-07-27 12:00:00,7.409400000000001,0.0
2015-07-28 12:00:00,6.9798,0.0
2015-07-29 12:00:00,6.4074,0.0
2015-07-30 12:00:00,6.1385000000000005,0.0
2015-07-31 12:00:00,6.2094000000000005,0.0
2015-08-01 12:00:00,6.0991,0.0
2015-08-02 12:00:00,7.0417000000000005,0.0
2015-08-03 12:00:00,9.9212,0.0
2015-08-04 12:00:00,10.3687,0.0
2015-08-05 12:00:00,9.5188,0.0
2015-08-06 12:00:00,9.3041,0.0
2015-08-07 12:00:00,8.8508,0.0
2015-08-08 12:00:00,8.1661,0.0
2015-08-09 12:00:00,7.6585,0.0
2015-08-10 12:00:00,7.199000000000001,0.0
2015-08-11 12:00:00,6.9038,0.0
2015-08-12 12:00:00,6.9713,0.0
2015-08-13 12:00:00,7.725300000000001,0.0
2015-08-14 12:00:00,8.8846,0.0
2015-08-15 12:00:00,10.6433,0.0
2015-08-16 12:00:00,10.6453,0.0
2015-08-17 12:00:00,11.028400000000001,0.0
2015-08-18 12:00:00,11.9867,0.0
2015-08-19 12:00:00,10.8587,0.0
2015-08-20 12:00:00,9.962100000000001,0.0
2015-08-21 12:00:00,9.291400000000001,0.0
2015-08-22 12:00:00,8.7984,0.0
2015-08-23 12:00:00,8.442400000000001,0.0
2015-08-24 12:00:00,8.4764,0.0
2015-08-25 12:00:00,8.0456,0.0
2015-08-26 12:00:00,7.4642,0.0
2015-08-27 12:00:00,7.189500000000001,0.0
2015-08-28 12:00:00,7.2955000000000005,0.0
2015-08-29 12:00:00,7.6578,0.0
2015-08-30 12:00:00,7.521400000000001,0.0
2015-08-31 12:00:00,7.447100000000001,0.0
2015-09-01 12:00:00,7.5777,0.0
2015-09-02 12:00:00,7.6610000000000005,0.0
2015-09-03 12:00:00,7.373200000000001,0.0
2015-09-04 12:00:00,7.3009,0.0
2015-09-05 12:00:00,7.254700000000001,0.0
2015-09-06 12:00:00,6.7797,0.0
2015-09-07 12:00:00,6.4763,0.0
2015-09-08 12:00:00,6.2667,0.0
2015-09-09 12:00:00,6.3188,0.0
2015-09-10 12:00:00,6.447100000000001,0.0
2015-09-11 12:00:00,6.1395,0.0
2015-09-12 12:00:00,5.9133000000000004,0.0
2015-09-13 12:00:00,5.689,0.0
2015-09-14 12:00:00,5.6756,0.0
2015-09-15 12:00:00,6.3239,0.0
2015-09-16 12:00:00,6.9214,0.0
2015-09-17 12:00:00,7.3868,0.0
2015-09-18 12:00:00,7.0829,0.0
2015-09-19 12:00:00,6.4675,0.0
2015-09-20 12:00:00,6.0494,0.0
2015-09-21 12:00:00,5.7569,0.0
2015-09-22 12:00:00,5.5693,0.0
2015-09-23 12:00:00,5.546,0.0
2015-09-24 12:00:00,5.5731,0.0
2015-09-25 12:00:00,5.409400000000001,0.0
2015-09-26 12:00:00,5.1881,0.0
2015-09-27 12:00:00,5.0658,0.0
2015-09-28 12:00:00,4.9391,0.0
2015-09-29 12:00:00,4.8692,0.0
2015-09-30 12:00:00,4.9494,0.0
2015-10-01 12:00:00,5.5037,0.0
2015-10-02 12:00:00,5.278700000000001,0.0
2015-10-03 12:00:00,5.5798000000000005,0.0
2015-10-04 12:00:00,6.600300000000001,0.0
2015-10-05 12:00:00,5.4644,0.0
2015-10-06 12:00:00,5.7597000000000005,0.0
2015-10-07 12:00:00,6.3222000000000005,0.0
2015-10-08 12:00:00,5.2668,0.0
2015-10-09 12:00:00,4.7799000000000005,0.0
2015-10-10 12:00:00,4.4927,0.0
2015-10-11 12:00:00,4.4507,0.0
2015-10-12 12:00:00,5.5773,0.0
2015-10-13 12:00:00,4.7964,0.0
2015-10-14 12:00:00,4.348,0.0
2015-10-15 12:00:00,4.0989,0.0
2015-10-16 12:00:00,4.6802,0.0
2015-10-17 12:00:00,5.4672,0.0
2015-10-18 12:00:00,4.6104,0.0
2015-10-19 12:00:00,4.1463,0.0
2015-10-20 12:00:00,3.9006000000000003,0.0
2015-10-21 12:00:00,4.002400000000001,0.0
2015-10-22 12:00:00,3.7590000000000003,0.0
2015-10-23 12:00:00,3.5773,0.0
2015-10-24 12:00:00,3.3981000000000003,0.0
2015-10-25 12:00:00,3.307,0.0
2015-10-26 12:00:00,3.7783,0.0
2015-10-27 12:00:00,3.8404000000000003,0.0
2015-10-28 12:00:00,3.5010000000000003,0.0
2015-10-29 12:00:00,3.3866,0.0
2015-10-30 12:00:00,3.1859,0.0
2015-10-31 12:00:00,3.0553000000000003,0.0
2015-11-01 12:00:00,2.9361,0.0
2015-11-02 12:00:00,3.152,0.0
2015-11-03 12:00:00,3.9345000000000003,0.0
2015-11-04 12:00:00,3.5851,0.0
2015-11-05 12:00:00,3.2181,0.0
2015-11-06 12:00:00,3.0754,0.0
2015-11-07 12:00:00,2.9869000000000003,0.0
2015-11-08 12:00:00,2.9839,0.0
2015-11-09 12:00:00,2.8436000000000003,0.0
2015-11-10 12:00:00,2.7772,0.0
2015-11-11 12:00:00,2.7232000000000003,0.0
2015-11-12 12:00:00,2.624,0.0
2015-11-13 12:00:00,2.5012000000000003,0.0
2015-11-14 12:00:00,2.5568,0.0
2015-11-15 12:00:00,2.7072000000000003,0.0
2015-11-16 12:00:00,2.4577,0.0
2015-11-17 12:00:00,2.366,0.0
2015-11-18 12:00:00,2.2992,0.0
2015-11-19 12:00:00,2.2994,0.0
2015-11-20 12:00:00,2.2922000000000002,0.0
2015-11-21 12:00:00,2.1822,0.0
2015-11-22 12:00:00,2.0961000000000003,0.0
2015-11-23 12:00:00,2.0964,0.0
2015-11-24 12:00:00,2.0735,0.0
2015-11-25 12:00:00,2.0416000000000003,0.0
2015-11-26 12:00:00,4.601100000000001,0.0
2015-11-27 12:00:00,3.5582000000000003,0.0
2015-11-28 12:00:00,2.8664,0.0
2015-11-29 12:00:00,2.492,0.0
2015-11-30 12:00:00,2.2814,0.0
2015-12-01 12:00:00,2.185,0.0
2015-12-02 12:00:00,3.1849000000000003,0.0
2015-12-03 12:00:00,3.3635,0.0
2015-12-04 12:00:00,2.6197,0.0
2015-12-05 12:00:00,2.5058000000000002,0.0
2015-12-06 12:00:00,2.3483,0.0
2015-12-07 12:00:00,2.2194000000000003,0.0
2015-12-08 12:00:00,2.1034,0.0
2015-12-09 12:00:00,1.9739,0.0
2015-12-10 12:00:00,1.9036000000000002,0.0
2015-12-11 12:00:00,1.8844,0.0
2015-12-12 12:00:00,2.0419,0.0
2015-12-13 12:00:00,1.8543,0.0
2015-12-14 12:00:00,1.7758,0.0
2015-12-15 12:00:00,1.802,0.0
2015-12-16 12:00:00,2.117,0.0
2015-12-17 12:00:00,1.955,0.0
2015-12-18 12:00:00,1.7374,0.0
2015-12-19 12:00:00,1.6700000000000002,0.0
2015-12-20 12:00:00,1.5716,0.0
2015-12-21 12:00:00,1.5541,0.0
2015-12-22 12:00:00,1.5283,0.0
2015-12-23 12:00:00,1.4803000000000002,0.0
2015-12-24 12:00:00,1.4349,0.0
2015-12-25 12:00:00,1.3782,0.0
2015-12-26 12:00:00,1.3055,0.0
2015-12-27 12:00:00,1.2539,0.0
2015-12-28 12:00:00,1.2281,0.0
2015-12-29 12:00:00,1.3029000000000002,0.0
2015-12-30 12:00:00,1.4182000000000001,0.0
2015-12-31 12:00:00,1.2698,0.0
2016-01-01 12:00:00,1.1783000000000001,0.0
2016-01-02 12:00:00,1.2606000000000002,0.0
2016-01-03 12:00:00,1.7254,0.0
2016-01-04 12:00:00,1.3954,0.0
2016-01-05 12:00:00,1.2431,0.0
2016-01-06 12:00:00,1.1978,0.0
2016-01-07 12:00:00,1.2493,0.0
2016-01-08 12:00:00,1.1218000000000001,0.0
2016-01-09 12:00:00,1.0510000000000002,0.0
2016-01-10 12:00:00,1.0233,0.0
2016-01-11 12:00:00,1.0103,0.0
2016-01-12 12:00:00,1.0188000000000001,0.0
2016-01-13 12:00:00,1.1358000000000001,0.0
2016-01-14 12:00:00,1.1384,0.0
2016-01-15 12:00:00,2.188,0.0
2016-01-16 12:00:00,1.599,0.0
2016-01-17 12:00:00,1.4080000000000001,0.0
2016-01-18 12:00:00,1.5396,0.0
2016-01-19 12:00:00,1.6622000000000001,0.0
2016-01-20 12:00:00,1.4060000000000001,0.0
2016-01-21 12:00:00,1.2498,0.0
2016-01-22 12:00:00,1.2104000000000001,0.0
2016-01-23 12:00:00,1.1957,0.0
2016-01-24 12:00:00,1.1888,0.0
2016-01-25 12:00:00,1.2586000000000002,0.0
2016-01-26 12:00:00,1.4507,0.0
2016-01-27 12:00:00,1.4658,0.0
2016-01-28 12:00:00,1.4022000000000001,0.0
2016-01-29 12:00:00,1.2454,0.0
2016-01-30 12:00:00,1.1287,0.0
2016-01-31 12:00:00,1.0597,0.0
2016-02-01 12:00:00,0.9902000000000001,0.0
2016-02-02 12:00:00,0.9601000000000001,0.0
2016-02-03 12:00:00,0.9156000000000001,0.0
2016-02-04 12:00:00,0.9242,0.0
2016-02-05 12:00:00,0.8671000000000001,0.0
2016-02-06 12:00:00,0.8512000000000001,0.0
2016-02-07 12:00:00,0.8320000000000001,0.0
2016-02-08 12:00:00,0.8179000000000001,0.0
2016-02-09 12:00:00,0.799,0.0
2016-02-10 12:00:00,0.7726000000000001,0.0
2016-02-11 12:00:00,0.7419,0.0
2016-02-12 12:00:00,0.7442000000000001,0.0
2016-02-13 12:00:00,0.734,0.0
2016-02-14 12:00:00,0.7058,0.0
2016-02-15 12:00:00,0.7017,0.0
2016-02-16 12:00:00,0.7925000000000001,0.0
2016-02-17 12:00:00,3.1205000000000003,0.0
2016-02-18 12:00:00,4.5412,0.0
2016-02-19 12:00:00,2.1264000000000003,0.0
2016-02-20 12:00:00,1.6187,0.0
2016-02-21 12:00:00,1.3705,0.0
2016-02-22 12:00:00,1.2541,0.0
2016-02-23 12:00:00,1.1809,0.0
2016-02-24 12:00:00,1.1193,0.0
2016-02-25 12:00:00,1.0252000000000001,0.0
2016-02-26 12:00:00,1.0063,0.0
2016-02-27 12:00:00,0.9841000000000001,0.0
2016-02-28 12:00:00,0.9530000000000001,0.0
2016-02-29 12:00:00,0.9918,0.0
2016-03-01 12:00:00,0.9953000000000001,0.0
2016-03-02 12:00:00,0.9747,0.0
2016-03-03 12:00:00,0.9425,0.0
2016-03-04 12:00:00,0.9431,0.0
2016-03-05 12:00:00,0.9251,0.0
2016-03-06 12:00:00,0.8902,0.0
2016-03-07 12:00:00,0.8844000000000001,0.0
2016-03-08 12:00:00,0.872,0.0
2016-03-09 12:00:00,0.8747,0.0
2016-03-10 12:00:00,0.9358000000000001,0.0
2016-03-11 12:00:00,0.9333,0.0
2016-03-12 12:00:00,0.9255,0.0
2016-03-13 12:00:00,0.9351,0.0
2016-03-14 12:00:00,1.1621000000000001,0.0
2016-03-15 12:00:00,2.0227,0.0
2016-03-16 12:00:00,1.4092,0.0
2016-03-17 12:00:00,1.1903000000000001,0.0
2016-03-18 12:00:00,1.2654,0.0
2016-03-19 12:00:00,1.3963,0.0
2016-03-20 12:00:00,1.1759000000000002,0.0
2016-03-21 12:00:00,1.119,0.0
2016-03-22 12:00:00,1.1045,0.0
2016-03-23 12:00:00,1.2515,0.0
2016-03-24 12:00:00,1.4042000000000001,0.0
2016-03-25 12:00:00,1.2294,0.0
2016-03-26 12:00:00,1.1517,0.0
2016-03-27 12:00:00,1.1037000000000001,0.0
2016-03-28 12:00:00,1.0812000000000002,0.0
2016-03-29 12:00:00,1.0686,0.0
2016-03-30 12:00:00,1.0679,0.0
2016-03-31 12:00:00,1.1713,0.0
2016-04-01 12:00:00,1.2143000000000002,0.0
2016-04-02 12:00:00,1.1608,0.0
2016-04-03 12:00:00,1.173,0.0
2016-04-04 12:00:00,1.1212,0.0
2016-04-05 12:00:00,1.1034000000000002,0.0
2016-04-06 12:00:00,1.0612000000000001,0.0
2016-04-07 12:00:00,1.6480000000000001,0.0
2016-04-08 12:00:00,1.4919,0.0
2016-04-09 12:00:00,1.2662,0.0
2016-04-10 12:00:00,1.1923000000000001,0.0
2016-04-11 12:00:00,1.5814000000000001,0.0
2016-04-12 12:00:00,1.4719,0.0
2016-04-13 12:00:00,1.3085,0.0
2016-04-14 12:00:00,1.2398,0.0
2016-04-15 12:00:00,1.2109,0.0
2016-04-16 12:00:00,1.177,0.0
2016-04-17 12:00:00,1.262,0.0
2016-04-18 12:00:00,1.2239,0.0
2016-04-19 12:00:00,1.1829,0.0
2016-04-20 12:00:00,1.1569,0.0
2016-04-21 12:00:00,1.1493,0.0
2016-04-22 12:00:00,1.2416,0.0
2016-04-23 12:00:00,1.3597000000000001,0.0
2016-04-24 12:00:00,1.2325000000000002,0.0
2016-04-25 12:00:00,1.1773,0.0
2016-04-26 12:00:00,1.151,0.0
2016-04-27 12:00:00,1.1560000000000001,0.0
2016-04-28 12:00:00,1.1457000000000002,0.0
2016-04-29 12:00:00,1.1312,0.0
2016-04-30 12:00:00,1.1453,0.0
2016-05-01 12:00:00,1.1527,0.0
2016-05-02 12:00:00,1.3562,0.0
2016-05-03 12:00:00,1.2229,0.0
2016-05-04 12:00:00,1.6028,0.0
2016-05-05 12:00:00,1.3962,0.0
2016-05-06 12:00:00,1.2790000000000001,0.0
2016-05-07 12:00:00,1.2299,0.0
2016-05-08 12:00:00,1.2569000000000001,0.0
2016-05-09 12:00:00,1.3753,0.0
2016-05-10 12:00:00,1.4428,0.0
2016-05-11 12:00:00,3.1962,0.0
2016-05-12 12:00:00,6.728000000000001,0.0
2016-05-13 12:00:00,4.3899,0.0
2016-05-14 12:00:00,4.1314,0.0
2016-05-15 12:00:00,9.5561,0.0
2016-05-16 12:00:00,9.8575,0.0
2016-05-17 12:00:00,7.0982,0.0
2016-05-18 12:00:00,5.6926000000000005,0.0
2016-05-19 12:00:00,4.7095,0.0
2016-05-20 12:00:00,4.7879000000000005,0.0
2016-05-21 12:00:00,4.3941,0.0
2016-05-22 12:00:00,4.2799000000000005,0.0
2016-05-23 12:00:00,4.4184,0.0
2016-05-24 12:00:00,3.9664,0.0
2016-05-25 12:00:00,3.7836000000000003,0.0
2016-05-26 12:00:00,3.6203000000000003,0.0
2016-05-27 12:00:00,3.8667000000000002,0.0
2016-05-28 12:00:00,4.3917,0.0
2016-05-29 12:00:00,4.1444,0.0
2016-05-30 12:00:00,3.8692,0.0
2016-05-31 12:00:00,3.591,0.0
2016-06-01 12:00:00,3.3312,0.0
2016-06-02 12:00:00,3.1807000000000003,0.0
2016-06-03 12:00:00,3.0881000000000003,0.0
2016-06-04 12:00:00,2.9899,0.0
2016-06-05 12:00:00,2.8695,0.0
2016-06-06 12:00:00,2.7600000000000002,0.0
2016-06-07 12:00:00,2.718,0.0
2016-06-08 12:00:00,3.2543,0.0
2016-06-09 12:00:00,9.7546,0.0
2016-06-10 12:00:00,11.2789,0.0
2016-06-11 12:00:00,11.4547,0.0
2016-06-12 12:00:00,8.9757,0.0
2016-06-13 12:00:00,7.614400000000001,0.0
2016-06-14 12:00:00,7.6909,0.0
2016-06-15 12:00:00,6.873,0.0
2016-06-16 12:00:00,6.1896,0.0
2016-06-17 12:00:00,5.6926000000000005,0.0
2016-06-18 12:00:00,5.3582,0.0
2016-06-19 12:00:00,5.002000000000001,0.0
2016-06-20 12:00:00,4.788600000000001,0.0
2016-06-21 12:00:00,4.923500000000001,0.0
2016-06-22 12:00:00,5.063400000000001,0.0
2016-06-23 12:00:00,4.7197000000000005,0.0
2016-06-24 12:00:00,4.4036,0.0
2016-06-25 12:00:00,4.373,0.0
2016-06-26 12:00:00,4.4451,0.0
2016-06-27 12:00:00,4.1688,0.0
2016-06-28 12:00:00,3.9105000000000003,0.0
2016-06-29 12:00:00,3.7406,0.0
2016-06-30 12:00:00,3.5495,0.0
2016-07-01 12:00:00,3.3764000000000003,0.0
2016-07-02 12:00:00,3.4583000000000004,0.0
2016-07-03 12:00:00,3.4313000000000002,0.0
2016-07-04 12:00:00,3.2938,0.0
2016-07-05 12:00:00,3.1638,0.0
2016-07-06 12:00:00,3.0999000000000003,0.0
2016-07-07 12:00:00,3.0127,0.0
2016-07-08 12:00:00,2.9132000000000002,0.0
2016-07-09 12:00:00,2.7769,0.0
2016-07-10 12:00:00,2.6092,0.0
2016-07-11 12:00:00,2.8032,0.0
2016-07-12 12:00:00,8.1433,0.0
2016-07-13 12:00:00,17.5484,0.0
2016-07-14 12:00:00,15.7805,0.0
2016-07-15 12:00:00,12.882900000000001,0.0
2016-07-16 12:00:00,10.291400000000001,0.0
2016-07-17 12:00:00,8.7195,0.0
2016-07-18 12:00:00,8.0566,0.0
2016-07-19 12:00:00,7.9229,0.0
2016-07-20 12:00:00,7.0834,0.0
2016-07-21 12:00:00,6.4724,0.0
2016-07-22 12:00:00,6.6545000000000005,0.0
2016-07-23 12:00:00,11.4352,0.0
2016-07-24 12:00:00,11.4898,0.0
2016-07-25 12:00:00,9.8367,0.0
2016-07-26 12:00:00,8.9463,0.0
2016-07-27 12:00:00,9.073,0.0
2016-07-28 12:00:00,8.4285,0.0
2016-07-29 12:00:00,8.7056,0.0
2016-07-30 12:00:00,9.0036,0.0
2016-07-31 12:00:00,8.1709,0.0
2016-08-01 12:00:00,7.6559,0.0
2016-08-02 12:00:00,7.3937,0.0
2016-08-03 12:00:00,7.0703000000000005,0.0
2016-08-04 12:00:00,6.614,0.0
2016-08-05 12:00:00,6.2256,0.0
2016-08-06 12:00:00,5.8182,0.0
2016-08-07 12:00:00,5.534800000000001,0.0
2016-08-08 12:00:00,5.2972,0.0
2016-08-09 12:00:00,4.9217,0.0
2016-08-10 12:00:00,4.732200000000001,0.0
2016-08-11 12:00:00,4.7601,0.0
2016-08-12 12:00:00,4.7045,0.0
2016-08-13 12:00:00,4.5204,0.0
2016-08-14 12:00:00,4.4527,0.0
2016-08-15 12:00:00,4.3018,0.0
2016-08-16 12:00:00,4.1628,0.0
2016-08-17 12:00:00,4.0496,0.0
2016-08-18 12:00:00,3.9551000000000003,0.0
2016-08-19 12:00:00,3.8815000000000004,0.0
2016-08-20 12:00:00,3.8905000000000003,0.0
2016-08-21 12:00:00,4.1427000000000005,0.0
2016-08-22 12:00:00,4.0333000000000006,0.0
2016-08-23 12:00:00,3.9196,0.0
2016-08-24 12:00:00,4.1375,0.0
2016-08-25 12:00:00,4.163,0.0
2016-08-26 12:00:00,4.327500000000001,0.0
2016-08-27 12:00:00,4.1238,0.0
2016-08-28 12:00:00,4.0468,0.0
2016-08-29 12:00:00,3.9876,0.0
2016-08-30 12:00:00,3.8242000000000003,0.0
2016-08-31 12:00:00,3.7354000000000003,0.0
2016-09-01 12:00:00,3.7964,0.0
2016-09-02 12:00:00,3.9663000000000004,0.0
2016-09-03 12:00:00,3.9735,0.0
2016-09-04 12:00:00,5.3723,0.0
2016-09-05 12:00:00,5.062600000000001,0.0
2016-09-06 12:00:00,5.0012,0.0
2016-09-07 12:00:00,5.0247,0.0
2016-09-08 12:00:00,4.6652000000000005,0.0
2016-09-09 12:00:00,4.6985,0.0
2016-09-10 12:00:00,4.607600000000001,0.0
2016-09-11 12:00:00,4.4585,0.0
2016-09-12 12:00:00,4.354,0.0
2016-09-13 12:00:00,4.274,0.0
2016-09-14 12:00:00,4.1745,0.0
2016-09-15 12:00:00,4.3549,0.0
2016-09-16 12:00:00,5.1901,0.0
2016-09-17 12:00:00,4.7792,0.0
2016-09-18 12:00:00,4.625900000000001,0.0
2016-09-19 12:00:00,4.415900000000001,0.0
2016-09-20 12:00:00,4.2352,0.0
2016-09-21 12:00:00,4.0693,0.0
2016-09-22 12:00:00,3.9503000000000004,0.0
2016-09-23 12:00:00,3.8937000000000004,0.0
2016-09-24 12:00:00,3.8527,0.0
2016-09-25 12:00:00,3.8563,0.0
2016-09-26 12:00:00,3.7905,0.0
2016-09-27 12:00:00,3.9477,0.0
2016-09-28 12:00:00,3.8083,0.0
2016-09-29 12:00:00,3.7733000000000003,0.0
2016-09-30 12:00:00,4.2631000000000006,0.0
2016-10-01 12:00:00,3.9283,0.0
2016-10-02 12:00:00,3.906,0.0
2016-10-03 12:00:00,3.7278000000000002,0.0
2016-10-04 12:00:00,3.7797,0.0
2016-10-05 12:00:00,3.7923,0.0
2016-10-06 12:00:00,3.5687,0.0
2016-10-07 12:00:00,3.4493,0.0
2016-10-08 12:00:00,3.3636000000000004,0.0
2016-10-09 12:00:00,3.1744000000000003,0.0
2016-10-10 12:00:00,3.1060000000000003,0.0
2016-10-11 12:00:00,5.1459,0.0
2016-10-12 12:00:00,6.492,0.0
2016-10-13 12:00:00,6.9691,0.0
2016-10-14 12:00:00,7.9958,0.0
2016-10-15 12:00:00,7.5989,0.0
2016-10-16 12:00:00,7.2349000000000006,0.0
2016-10-17 12:00:00,6.8382000000000005,0.0
2016-10-18 12:00:00,6.4398,0.0
2016-10-19 12:00:00,6.3445,0.0
2016-10-20 12:00:00,7.7016,0.0
2016-10-21 12:00:00,7.5886000000000005,0.0
2016-10-22 12:00:00,7.0579,0.0
2016-10-23 12:00:00,6.6934000000000005,0.0
2016-10-24 12:00:00,6.5196000000000005,0.0
2016-10-25 12:00:00,6.1362000000000005,0.0
2016-10-26 12:00:00,6.5345,0.0
2016-10-27 12:00:00,6.1128,0.0
2016-10-28 12:00:00,7.0605,0.0
2016-10-29 12:00:00,7.0681,0.0
2016-10-30 12:00:00,6.710500000000001,0.0
2016-10-31 12:00:00,6.3983,0.0
2016-11-01 12:00:00,6.2469,0.0
2016-11-02 12:00:00,6.0312,0.0
2016-11-03 12:00:00,5.7205,0.0
2016-11-04 12:00:00,5.435300000000001,0.0
2016-11-05 12:00:00,5.2144,0.0
2016-11-06 12:00:00,5.7561,0.0
2016-11-07 12:00:00,5.1395,0.0
2016-11-08 12:00:00,5.057300000000001,0.0
2016-11-09 12:00:00,4.8462000000000005,0.0
2016-11-10 12:00:00,4.540900000000001,0.0
2016-11-11 12:00:00,4.572,0.0
2016-11-12 12:00:00,4.7104,0.0
2016-11-13 12:00:00,4.6368,0.0
2016-11-14 12:00:00,8.8742,0.0
2016-11-15 12:00:00,7.7812,0.0
2016-11-16 12:00:00,8.0611,0.0
2016-11-17 12:00:00,8.5591,0.0
2016-11-18 12:00:00,7.837400000000001,0.0
2016-11-19 12:00:00,7.0391,0.0
2016-11-20 12:00:00,6.2780000000000005,0.0
2016-11-21 12:00:00,5.6801,0.0
2016-11-22 12:00:00,5.258100000000001,0.0
2016-11-23 12:00:00,5.0713,0.0
2016-11-24 12:00:00,4.8761,0.0
2016-11-25 12:00:00,5.345000000000001,0.0
2016-11-26 12:00:00,5.6084000000000005,0.0
2016-11-27 12:00:00,4.848,0.0
2016-11-28 12:00:00,4.3697,0.0
2016-11-29 12:00:00,4.0862,0.0
2016-11-30 12:00:00,3.8302,0.0
2016-12-01 12:00:00,3.6698000000000004,0.0
2016-12-02 12:00:00,3.5338000000000003,0.0
2016-12-03 12:00:00,3.4107000000000003,0.0
2016-12-04 12:00:00,3.297,0.0
2016-12-05 12:00:00,3.1076,0.0
2016-12-06 12:00:00,3.6831,0.0
2016-12-07 12:00:00,5.4233,0.0
2016-12-08 12:00:00,4.0703000000000005,0.0
2016-12-09 12:00:00,3.5202,0.0
2016-12-10 12:00:00,3.2709,0.0
2016-12-11 12:00:00,3.3396000000000003,0.0
2016-12-12 12:00:00,3.1701,0.0
2016-12-13 12:00:00,3.0438,0.0
2016-12-14 12:00:00,3.2494,0.0
2016-12-15 12:00:00,3.1945,0.0
2016-12-16 12:00:00,2.826,0.0
2016-12-17 12:00:00,2.6543,0.0
2016-12-18 12:00:00,2.5532,0.0
2016-12-19 12:00:00,2.4743,0.0
2016-12-20 12:00:00,2.3953,0.0
2016-12-21 12:00:00,5.937600000000001,0.0
2016-12-22 12:00:00,3.8508,0.0
2016-12-23 12:00:00,3.2839,0.0
2016-12-24 12:00:00,3.0006,0.0
2016-12-25 12:00:00,2.8321,0.0
2016-12-26 12:00:00,2.6851000000000003,0.0
2016-12-27 12:00:00,2.5674,0.0
2016-12-28 12:00:00,2.4775,0.0
2016-12-29 12:00:00,2.4269000000000003,0.0
2016-12-30 12:00:00,2.3286000000000002,0.0
2016-12-31 12:00:00,2.4276,0.0
2017-01-01 12:00:00,2.2773000000000003,0.0
2017-01-02 12:00:00,2.3207,0.0
2017-01-03 12:00:00,2.3009,0.0
2017-01-04 12:00:00,2.1883,0.0
2017-01-05 12:00:00,2.04,0.0
2017-01-06 12:00:00,2.0100000000000002,0.0
2017-01-07 12:00:00,2.0832,0.0
2017-01-08 12:00:00,1.9237000000000002,0.0
2017-01-09 12:00:00,1.8733000000000002,0.0
2017-01-10 12:00:00,1.7518,0.0
2017-01-11 12:00:00,2.3323,0.0
2017-01-12 12:00:00,1.9745000000000001,0.0
2017-01-13 12:00:00,1.8473000000000002,0.0
2017-01-14 12:00:00,1.8123,0.0
2017-01-15 12:00:00,1.6649,0.0
2017-01-16 12:00:00,1.6217000000000001,0.0
2017-01-17 12:00:00,1.8954000000000002,0.0
2017-01-18 12:00:00,4.1322,0.0
2017-01-19 12:00:00,2.524,0.0
2017-01-20 12:00:00,2.1164,0.0
2017-01-21 12:00:00,4.558800000000001,0.0
2017-01-22 12:00:00,6.1864,0.0
2017-01-23 12:00:00,3.9404000000000003,0.0
2017-01-24 12:00:00,3.7703,0.0
2017-01-25 12:00:00,3.2065,0.0
2017-01-26 12:00:00,2.8881,0.0
2017-01-27 12:00:00,2.6232,0.0
2017-01-28 12:00:00,2.3945000000000003,0.0
2017-01-29 12:00:00,2.3445,0.0
2017-01-30 12:00:00,2.162,0.0
2017-01-31 12:00:00,2.6973000000000003,0.0
2017-02-01 12:00:00,2.2607,0.0
2017-02-02 12:00:00,2.2166,0.0
2017-02-03 12:00:00,2.0612,0.0
2017-02-04 12:00:00,1.9332,0.0
2017-02-05 12:00:00,1.855,0.0
2017-02-06 12:00:00,1.9248,0.0
2017-02-07 12:00:00,1.8599,0.0
2017-02-08 12:00:00,1.7982,0.0
2017-02-09 12:00:00,1.7777,0.0
2017-02-10 12:00:00,1.7697,0.0
2017-02-11 12:00:00,1.6927,0.0
2017-02-12 12:00:00,2.337,0.0
2017-02-13 12:00:00,3.1474,0.0
2017-02-14 12:00:00,2.3346,0.0
2017-02-15 12:00:00,1.9613,0.0
2017-02-16 12:00:00,1.8427,0.0
2017-02-17 12:00:00,1.74,0.0
2017-02-18 12:00:00,1.7060000000000002,0.0
2017-02-19 12:00:00,1.6474,0.0
2017-02-20 12:00:00,1.5694000000000001,0.0
2017-02-21 12:00:00,1.5632000000000001,0.0
2017-02-22 12:00:00,1.5857,0.0
2017-02-23 12:00:00,1.5229000000000001,0.0
2017-02-24 12:00:00,1.4716,0.0
2017-02-25 12:00:00,1.4806000000000001,0.0
2017-02-26 12:00:00,1.4578,0.0
2017-02-27 12:00:00,1.4023,0.0
2017-02-28 12:00:00,1.3636000000000001,0.0
2017-03-01 12:00:00,1.334,0.0
2017-03-02 12:00:00,1.3264,0.0
2017-03-03 12:00:00,1.2988,0.0
2017-03-04 12:00:00,1.2775,0.0
2017-03-05 12:00:00,1.2379,0.0
2017-03-06 12:00:00,1.3133000000000001,0.0
2017-03-07 12:00:00,1.3666,0.0
2017-03-08 12:00:00,1.3008,0.0
2017-03-09 12:00:00,1.2489000000000001,0.0
2017-03-10 12:00:00,1.2326000000000001,0.0
2017-03-11 12:00:00,1.5117,0.0
2017-03-12 12:00:00,1.5995000000000001,0.0
2017-03-13 12:00:00,1.5371000000000001,0.0
2017-03-14 12:00:00,1.3793,0.0
2017-03-15 12:00:00,1.2938,0.0
2017-03-16 12:00:00,1.2114,0.0
2017-03-17 12:00:00,1.229,0.0
2017-03-18 12:00:00,1.3130000000000002,0.0
2017-03-19 12:00:00,1.2229,0.0
2017-03-20 12:00:00,1.1593,0.0
2017-03-21 12:00:00,1.1840000000000002,0.0
2017-03-22 12:00:00,1.1935,0.0
2017-03-23 12:00:00,1.1895,0.0
2017-03-24 12:00:00,1.1506,0.0
2017-03-25 12:00:00,1.2184000000000001,0.0
2017-03-26 12:00:00,1.8013000000000001,0.0
2017-03-27 12:00:00,1.5263,0.0
2017-03-28 12:00:00,1.3397000000000001,0.0
2017-03-29 12:00:00,1.258,0.0
2017-03-30 12:00:00,1.2017,0.0
2017-03-31 12:00:00,1.214,0.0
2017-04-01 12:00:00,1.1514,0.0
2017-04-02 12:00:00,1.1360000000000001,0.0
2017-04-03 12:00:00,1.2508000000000001,0.0
2017-04-04 12:00:00,1.3206,0.0
2017-04-05 12:00:00,1.4552,0.0
2017-04-06 12:00:00,1.6101,0.0
2017-04-07 12:00:00,1.3826,0.0
2017-04-08 12:00:00,1.3155000000000001,0.0
2017-04-09 12:00:00,1.2696,0.0
2017-04-10 12:00:00,1.2770000000000001,0.0
2017-04-11 12:00:00,5.166,0.0
2017-04-12 12:00:00,4.0253000000000005,0.0
2017-04-13 12:00:00,4.6610000000000005,0.0
2017-04-14 12:00:00,3.9355,0.0
2017-04-15 12:00:00,3.0055,0.0
2017-04-16 12:00:00,2.5726,0.0
2017-04-17 12:00:00,2.3211,0.0
2017-04-18 12:00:00,2.1578,0.0
2017-04-19 12:00:00,2.0351,0.0
2017-04-20 12:00:00,1.9283000000000001,0.0
2017-04-21 12:00:00,1.8475000000000001,0.0
2017-04-22 12:00:00,1.7795,0.0
2017-04-23 12:00:00,1.732,0.0
2017-04-24 12:00:00,1.701,0.0
2017-04-25 12:00:00,1.6655,0.0
2017-04-26 12:00:00,1.6126,0.0
2017-04-27 12:00:00,1.6033000000000002,0.0
2017-04-28 12:00:00,1.5774000000000001,0.0
2017-04-29 12:00:00,2.0257,0.0
2017-04-30 12:00:00,2.1288,0.0
2017-05-01 12:00:00,1.8176,0.0
2017-05-02 12:00:00,7.1634,0.0
2017-05-03 12:00:00,7.455900000000001,0.0
2017-05-04 12:00:00,5.113300000000001,0.0
2017-05-05 12:00:00,4.1705000000000005,0.0
2017-05-06 12:00:00,3.7072000000000003,0.0
2017-05-07 12:00:00,3.4287,0.0
2017-05-08 12:00:00,3.2502,0.0
2017-05-09 12:00:00,3.0961000000000003,0.0
2017-05-10 12:00:00,3.1205000000000003,0.0
2017-05-11 12:00:00,3.0673000000000004,0.0
2017-05-12 12:00:00,2.8975,0.0
2017-05-13 12:00:00,2.7926,0.0
2017-05-14 12:00:00,2.7072000000000003,0.0
2017-05-15 12:00:00,2.6387,0.0
2017-05-16 12:00:00,3.0511000000000004,0.0
2017-05-17 12:00:00,3.1449000000000003,0.0
2017-05-18 12:00:00,3.0559000000000003,0.0
2017-05-19 12:00:00,2.9158,0.0
2017-05-20 12:00:00,2.7584,0.0
2017-05-21 12:00:00,2.6413,0.0
2017-05-22 12:00:00,2.6918,0.0
2017-05-23 12:00:00,2.7113,0.0
2017-05-24 12:00:00,2.5875,0.0
2017-05-25 12:00:00,2.5339,0.0
2017-05-26 12:00:00,2.7343,0.0
2017-05-27 12:00:00,2.7531000000000003,0.0
2017-05-28 12:00:00,2.6147,0.0
2017-05-29 12:00:00,2.5642,0.0
2017-05-30 12:00:00,2.5443000000000002,0.0
2017-05-31 12:00:00,2.4905,0.0
2017-06-01 12:00:00,2.4507000000000003,0.0
2017-06-02 12:00:00,2.4272,0.0
2017-06-03 12:00:00,2.4599,0.0
2017-06-04 12:00:00,2.4278,0.0
2017-06-05 12:00:00,2.359,0.0
2017-06-06 12:00:00,2.3045,0.0
2017-06-07 12:00:00,2.2723,0.0
2017-06-08 12:00:00,2.2353,0.0
2017-06-09 12:00:00,2.259,0.0
2017-06-10 12:00:00,2.2094,0.0
2017-06-11 12:00:00,3.0733,0.0
2017-06-12 12:00:00,5.6052,0.0
2017-06-13 12:00:00,4.1185,0.0
2017-06-14 12:00:00,3.5515000000000003,0.0
2017-06-15 12:00:00,3.3949000000000003,0.0
2017-06-16 12:00:00,3.1910000000000003,0.0
2017-06-17 12:00:00,3.0575,0.0
2017-06-18 12:00:00,3.0286,0.0
2017-06-19 12:00:00,2.9321,0.0
2017-06-20 12:00:00,2.8365,0.0
2017-06-21 12:00:00,3.2232000000000003,0.0
2017-06-22 12:00:00,3.2473,0.0
2017-06-23 12:00:00,3.1144000000000003,0.0
2017-06-24 12:00:00,3.1933000000000002,0.0
2017-06-25 12:00:00,3.0029000000000003,0.0
2017-06-26 12:00:00,2.9939,0.0
2017-06-27 12:00:00,3.0801000000000003,0.0
2017-06-28 12:00:00,2.9897,0.0
2017-06-29 12:00:00,3.0660000000000003,0.0
2017-06-30 12:00:00,4.0938,0.0
2017-07-01 12:00:00,6.9004,0.0
2017-07-02 12:00:00,7.894500000000001,0.0
2017-07-03 12:00:00,6.8558,0.0
2017-07-04 12:00:00,5.8921,0.0
2017-07-05 12:00:00,5.1901,0.0
2017-07-06 12:00:00,4.6584,0.0
2017-07-07 12:00:00,4.4030000000000005,0.0
2017-07-08 12:00:00,4.191,0.0
2017-07-09 12:00:00,3.9412000000000003,0.0
2017-07-10 12:00:00,3.8169000000000004,0.0
2017-07-11 12:00:00,3.6903,0.0
2017-07-12 12:00:00,3.6165000000000003,0.0
2017-07-13 12:00:00,3.5477000000000003,0.0
2017-07-14 12:00:00,3.2655000000000003,0.0
2017-07-15 12:00:00,3.492,0.0
2017-07-16 12:00:00,5.2218,0.0
2017-07-17 12:00:00,5.6709000000000005,0.0
2017-07-18 12:00:00,4.9945,0.0
2017-07-19 12:00:00,5.3528,0.0
2017-07-20 12:00:00,14.847700000000001,0.0
2017-07-21 12:00:00,25.0437,0.0
2017-07-22 12:00:00,14.269200000000001,0.0
2017-07-23 12:00:00,13.774600000000001,0.0
2017-07-24 12:00:00,13.5196,0.0
2017-07-25 12:00:00,11.8384,0.0
2017-07-26 12:00:00,13.096400000000001,0.0
2017-07-27 12:00:00,11.9437,0.0
2017-07-28 12:00:00,10.4742,0.0
2017-07-29 12:00:00,9.4773,0.0
2017-07-30 12:00:00,9.3551,0.0
2017-07-31 12:00:00,9.8398,0.0
2017-08-01 12:00:00,9.0385,0.0
2017-08-02 12:00:00,8.4998,0.0
2017-08-03 12:00:00,7.882700000000001,0.0
2017-08-04 12:00:00,7.3655,0.0
2017-08-05 12:00:00,9.4235,0.0
2017-08-06 12:00:00,10.5188,0.0
2017-08-07 12:00:00,10.6866,0.0
2017-08-08 12:00:00,12.993500000000001,0.0
2017-08-09 12:00:00,12.8307,0.0
2017-08-10 12:00:00,11.42,0.0
2017-08-11 12:00:00,12.871400000000001,0.0
2017-08-12 12:00:00,15.316,0.0
2017-08-13 12:00:00,14.9101,0.0
2017-08-14 12:00:00,13.7696,0.0
2017-08-15 12:00:00,12.4731,0.0
2017-08-16 12:00:00,28.567,0.0
2017-08-17 12:00:00,29.8194,0.0
2017-08-18 12:00:00,23.467100000000002,0.0
2017-08-19 12:00:00,18.884900000000002,0.0
2017-08-20 12:00:00,16.3151,0.0
2017-08-21 12:00:00,13.936100000000001,0.0
2017-08-22 12:00:00,12.304,0.0
2017-08-23 12:00:00,11.288,0.0
2017-08-24 12:00:00,10.4954,0.0
2017-08-25 12:00:00,9.897300000000001,0.0
2017-08-26 12:00:00,10.2797,0.0
2017-08-27 12:00:00,10.3307,0.0
2017-08-28 12:00:00,10.3528,0.0
2017-08-29 12:00:00,9.6084,0.0
2017-08-30 12:00:00,8.9877,0.0
2017-08-31 12:00:00,8.4217,0.0
2017-09-01 12:00:00,7.995,0.0
2017-09-02 12:00:00,7.5947000000000005,0.0
2017-09-03 12:00:00,7.226800000000001,0.0
2017-09-04 12:00:00,6.955500000000001,0.0
2017-09-05 12:00:00,8.913400000000001,0.0
2017-09-06 12:00:00,9.2148,0.0
2017-09-07 12:00:00,8.3894,0.0
2017-09-08 12:00:00,8.2502,0.0
2017-09-09 12:00:00,8.097800000000001,0.0
2017-09-10 12:00:00,7.7921000000000005,0.0
2017-09-11 12:00:00,7.430300000000001,0.0
2017-09-12 12:00:00,7.423900000000001,0.0
2017-09-13 12:00:00,7.7336,0.0
2017-09-14 12:00:00,13.6765,0.0
2017-09-15 12:00:00,14.4929,0.0
2017-09-16 12:00:00,11.7705,0.0
2017-09-17 12:00:00,12.554400000000001,0.0
2017-09-18 12:00:00,13.5485,0.0
2017-09-19 12:00:00,13.1736,0.0
2017-09-20 12:00:00,12.3168,0.0
2017-09-21 12:00:00,11.4954,0.0
2017-09-22 12:00:00,10.864600000000001,0.0
2017-09-23 12:00:00,10.74,0.0
2017-09-24 12:00:00,15.855400000000001,0.0
2017-09-25 12:00:00,13.3567,0.0
2017-09-26 12:00:00,11.0784,0.0
2017-09-27 12:00:00,9.9733,0.0
2017-09-28 12:00:00,9.3579,0.0
2017-09-29 12:00:00,8.773200000000001,0.0
2017-09-30 12:00:00,8.374600000000001,0.0
2017-10-01 12:00:00,7.8773,0.0
2017-10-02 12:00:00,7.3424000000000005,0.0
2017-10-03 12:00:00,6.9995,0.0
2017-10-04 12:00:00,6.8227,0.0
2017-10-05 12:00:00,6.5737000000000005,0.0
2017-10-06 12:00:00,6.4295,0.0
2017-10-07 12:00:00,6.324400000000001,0.0
2017-10-08 12:00:00,6.117100000000001,0.0
2017-10-09 12:00:00,6.1931,0.0
2017-10-10 12:00:00,6.7138,0.0
2017-10-11 12:00:00,6.094200000000001,0.0
2017-10-12 12:00:00,5.6878,0.0
2017-10-13 12:00:00,5.480300000000001,0.0
2017-10-14 12:00:00,5.2428,0.0
2017-10-15 12:00:00,4.9566,0.0
2017-10-16 12:00:00,4.707,0.0
2017-10-17 12:00:00,4.5443,0.0
2017-10-18 12:00:00,4.4116,0.0
2017-10-19 12:00:00,4.3302000000000005,0.0
2017-10-20 12:00:00,4.3028,0.0
2017-10-21 12:00:00,4.2756,0.0
2017-10-22 12:00:00,4.2641,0.0
2017-10-23 12:00:00,4.0478000000000005,0.0
2017-10-24 12:00:00,3.9096,0.0
2017-10-25 12:00:00,4.2148,0.0
2017-10-26 12:00:00,3.7865,0.0
2017-10-27 12:00:00,3.5978000000000003,0.0
2017-10-28 12:00:00,3.4545000000000003,0.0
2017-10-29 12:00:00,3.3962000000000003,0.0
2017-10-30 12:00:00,3.3817000000000004,0.0
2017-10-31 12:00:00,3.3309,0.0
2017-11-01 12:00:00,3.2747,0.0
2017-11-02 12:00:00,3.5679000000000003,0.0
2017-11-03 12:00:00,3.5109000000000004,0.0
2017-11-04 12:00:00,3.6504000000000003,0.0
2017-11-05 12:00:00,3.5820000000000003,0.0
2017-11-06 12:00:00,3.2812,0.0
2017-11-07 12:00:00,6.2983,0.0
2017-11-08 12:00:00,5.7123,0.0
2017-11-09 12:00:00,5.1265,0.0
2017-11-10 12:00:00,4.214700000000001,0.0
2017-11-11 12:00:00,3.9411,0.0
2017-11-12 12:00:00,3.7221,0.0
2017-11-13 12:00:00,3.4348,0.0
2017-11-14 12:00:00,3.2818,0.0
2017-11-15 12:00:00,3.1478,0.0
2017-11-16 12:00:00,3.0300000000000002,0.0
2017-11-17 12:00:00,2.907,0.0
2017-11-18 12:00:00,2.8047,0.0
2017-11-19 12:00:00,2.7276000000000002,0.0
2017-11-20 12:00:00,2.7007000000000003,0.0
2017-11-21 12:00:00,2.5598,0.0
2017-11-22 12:00:00,2.4429000000000003,0.0
2017-11-23 12:00:00,2.3956,0.0
2017-11-24 12:00:00,2.3833,0.0
2017-11-25 12:00:00,2.5186,0.0
2017-11-26 12:00:00,2.8096,0.0
2017-11-27 12:00:00,2.7028000000000003,0.0
2017-11-28 12:00:00,2.5544000000000002,0.0
2017-11-29 12:00:00,2.4861,0.0
2017-11-30 12:00:00,2.8961,0.0
2017-12-01 12:00:00,2.3006,0.0
2017-12-02 12:00:00,2.1743,0.0
2017-12-03 12:00:00,2.0642,0.0
2017-12-04 12:00:00,1.9496,0.0
2017-12-05 12:00:00,1.9519000000000002,0.0
2017-12-06 12:00:00,1.8699000000000001,0.0
2017-12-07 12:00:00,1.7824,0.0
2017-12-08 12:00:00,2.4813,0.0
2017-12-09 12:00:00,2.2838000000000003,0.0
2017-12-10 12:00:00,1.9167,0.0
2017-12-11 12:00:00,1.9013,0.0
2017-12-12 12:00:00,1.907,0.0
2017-12-13 12:00:00,1.9399000000000002,0.0
2017-12-14 12:00:00,1.7199,0.0
2017-12-15 12:00:00,1.7145000000000001,0.0
2017-12-16 12:00:00,1.6319000000000001,0.0
2017-12-17 12:00:00,1.7759,0.0
2017-12-18 12:00:00,1.5614000000000001,0.0
2017-12-19 12:00:00,1.5273,0.0
2017-12-20 12:00:00,1.496,0.0
2017-12-21 12:00:00,1.5033,0.0
2017-12-22 12:00:00,1.3959000000000001,0.0
2017-12-23 12:00:00,1.3228,0.0
2017-12-24 12:00:00,1.3052000000000001,0.0
2017-12-25 12:00:00,1.4295,0.0
2017-12-26 12:00:00,1.4001000000000001,0.0
2017-12-27 12:00:00,1.2943,0.0
2017-12-28 12:00:00,1.2543,0.0
2017-12-29 12:00:00,1.2364000000000002,0.0
2017-12-30 12:00:00,1.2189,0.0
2017-12-31 12:00:00,1.2125000000000001,0.0
2018-01-01 12:00:00,1.1402,0.0
2018-01-02 12:00:00,1.1671,0.0
2018-01-03 12:00:00,1.1552,0.0
2018-01-04 12:00:00,2.326,0.0
2018-01-05 12:00:00,1.6806,0.0
2018-01-06 12:00:00,1.4344000000000001,0.0
2018-01-07 12:00:00,1.347,0.0
2018-01-08 12:00:00,1.2069,0.0
2018-01-09 12:00:00,1.2311,0.0
2018-01-10 12:00:00,1.6139000000000001,0.0
2018-01-11 12:00:00,1.9384000000000001,0.0
2018-01-12 12:00:00,1.5498,0.0
2018-01-13 12:00:00,1.32,0.0
2018-01-14 12:00:00,1.1760000000000002,0.0
2018-01-15 12:00:00,1.0872,0.0
2018-01-16 12:00:00,1.1369,0.0
2018-01-17 12:00:00,1.4045,0.0
2018-01-18 12:00:00,1.2297,0.0
2018-01-19 12:00:00,1.052,0.0
2018-01-20 12:00:00,0.9805,0.0
2018-01-21 12:00:00,0.9581000000000001,0.0
2018-01-22 12:00:00,0.9902000000000001,0.0
2018-01-23 12:00:00,0.8897,0.0
2018-01-24 12:00:00,0.9051,0.0
2018-01-25 12:00:00,0.879,0.0
2018-01-26 12:00:00,0.8424,0.0
2018-01-27 12:00:00,0.7965,0.0
2018-01-28 12:00:00,0.7834,0.0
2018-01-29 12:00:00,0.729,0.0
2018-01-30 12:00:00,0.6824,0.0
2018-01-31 12:00:00,7.2628,0.0
2018-02-01 12:00:00,11.7132,0.0
2018-02-02 12:00:00,5.1428,0.0
2018-02-03 12:00:00,3.3765,0.0
2018-02-04 12:00:00,2.7017,0.0
2018-02-05 12:00:00,2.31,0.0
2018-02-06 12:00:00,2.0033000000000003,0.0
2018-02-07 12:00:00,1.8063,0.0
2018-02-08 12:00:00,1.6881000000000002,0.0
2018-02-09 12:00:00,1.5965,0.0
2018-02-10 12:00:00,1.7176,0.0
2018-02-11 12:00:00,2.069,0.0
2018-02-12 12:00:00,1.6105,0.0
2018-02-13 12:00:00,1.4774,0.0
2018-02-14 12:00:00,1.4271,0.0
2018-02-15 12:00:00,1.3361,0.0
2018-02-16 12:00:00,1.3397000000000001,0.0
2018-02-17 12:00:00,1.4036,0.0
2018-02-18 12:00:00,1.3319,0.0
2018-02-19 12:00:00,2.204,0.0
2018-02-20 12:00:00,9.558900000000001,0.0
2018-02-21 12:00:00,7.2914,0.0
2018-02-22 12:00:00,6.1982,0.0
2018-02-23 12:00:00,4.748,0.0
2018-02-24 12:00:00,3.9159,0.0
2018-02-25 12:00:00,5.522600000000001,0.0
2018-02-26 12:00:00,4.1578,0.0
2018-02-27 12:00:00,3.7345,0.0
2018-02-28 12:00:00,3.4033,0.0
2018-03-01 12:00:00,3.3289,0.0
2018-03-02 12:00:00,3.6368,0.0
2018-03-03 12:00:00,3.3241,0.0
2018-03-04 12:00:00,2.9867000000000004,0.0
2018-03-05 12:00:00,3.0854000000000004,0.0
2018-03-06 12:00:00,4.1612,0.0
2018-03-07 12:00:00,3.4751000000000003,0.0
2018-03-08 12:00:00,3.1881,0.0
2018-03-09 12:00:00,3.0304,0.0
2018-03-10 12:00:00,2.8368,0.0
2018-03-11 12:00:00,2.7035,0.0
2018-03-12 12:00:00,2.6254,0.0
2018-03-13 12:00:00,2.4855,0.0
2018-03-14 12:00:00,2.3503000000000003,0.0
2018-03-15 12:00:00,2.6091,0.0
2018-03-16 12:00:00,2.3698,0.0
2018-03-17 12:00:00,2.2328,0.0
2018-03-18 12:00:00,2.1286,0.0
2018-03-19 12:00:00,2.0533,0.0
2018-03-20 12:00:00,2.3566000000000003,0.0
2018-03-21 12:00:00,7.1052,0.0
2018-03-22 12:00:00,6.1326,0.0
2018-03-23 12:00:00,5.686100000000001,0.0
2018-03-24 12:00:00,5.423900000000001,0.0
2018-03-25 12:00:00,4.6582,0.0
2018-03-26 12:00:00,4.8307,0.0
2018-03-27 12:00:00,5.2103,0.0
2018-03-28 12:00:00,4.377,0.0
2018-03-29 12:00:00,4.0919,0.0
2018-03-30 12:00:00,4.1273,0.0
2018-03-31 12:00:00,3.8773,0.0
2018-04-01 12:00:00,3.5946000000000002,0.0
2018-04-02 12:00:00,3.4106,0.0
2018-04-03 12:00:00,3.2437,0.0
2018-04-04 12:00:00,3.0989,0.0
2018-04-05 12:00:00,3.0046,0.0
2018-04-06 12:00:00,3.7354000000000003,0.0
2018-04-07 12:00:00,3.2329000000000003,0.0
2018-04-08 12:00:00,3.087,0.0
2018-04-09 12:00:00,3.3744,0.0
2018-04-10 12:00:00,3.3235,0.0
2018-04-11 12:00:00,3.3117,0.0
2018-04-12 12:00:00,3.4729,0.0
2018-04-13 12:00:00,3.2933000000000003,0.0
2018-04-14 12:00:00,3.2347,0.0
2018-04-15 12:00:00,5.4631,0.0
2018-04-16 12:00:00,8.1165,0.0
2018-04-17 12:00:00,7.853000000000001,0.0
2018-04-18 12:00:00,6.7504,0.0
2018-04-19 12:00:00,5.9945,0.0
2018-04-20 12:00:00,5.4205000000000005,0.0
2018-04-21 12:00:00,4.9428,0.0
2018-04-22 12:00:00,4.554600000000001,0.0
2018-04-23 12:00:00,4.2907,0.0
2018-04-24 12:00:00,4.0739,0.0
2018-04-25 12:00:00,3.8843,0.0
2018-04-26 12:00:00,3.7474000000000003,0.0
2018-04-27 12:00:00,5.9222,0.0
2018-04-28 12:00:00,13.498000000000001,0.0
2018-04-29 12:00:00,15.1994,0.0
2018-04-30 12:00:00,13.441,0.0
2018-05-01 12:00:00,11.3802,0.0
2018-05-02 12:00:00,9.7514,0.0
2018-05-03 12:00:00,8.6262,0.0
2018-05-04 12:00:00,7.8985,0.0
2018-05-05 12:00:00,8.5465,0.0
2018-05-06 12:00:00,8.1532,0.0
2018-05-07 12:00:00,7.2963000000000005,0.0
2018-05-08 12:00:00,6.908600000000001,0.0
2018-05-09 12:00:00,6.436,0.0
2018-05-10 12:00:00,6.1982,0.0
2018-05-11 12:00:00,7.983700000000001,0.0
2018-05-12 12:00:00,6.9331000000000005,0.0
2018-05-13 12:00:00,6.636900000000001,0.0
2018-05-14 12:00:00,6.4064000000000005,0.0
2018-05-15 12:00:00,6.342300000000001,0.0
2018-05-16 12:00:00,6.6573,0.0
2018-05-17 12:00:00,6.3834,0.0
2018-05-18 12:00:00,6.0349,0.0
2018-05-19 12:00:00,7.0345,0.0
2018-05-20 12:00:00,9.9143,0.0
2018-05-21 12:00:00,21.8302,0.0
2018-05-22 12:00:00,34.7064,0.0
2018-05-23 12:00:00,20.0471,0.0
2018-05-24 12:00:00,15.2742,0.0
2018-05-25 12:00:00,12.5333,0.0
2018-05-26 12:00:00,11.2074,0.0
2018-05-27 12:00:00,10.0008,0.0
2018-05-28 12:00:00,9.1431,0.0
2018-05-29 12:00:00,8.526900000000001,0.0
2018-05-30 12:00:00,7.9773000000000005,0.0
2018-05-31 12:00:00,7.4519,0.0
2018-06-01 12:00:00,6.993,0.0
2018-06-02 12:00:00,6.6869000000000005,0.0
2018-06-03 12:00:00,6.4922,0.0
2018-06-04 12:00:00,6.3136,0.0
2018-06-05 12:00:00,6.0625,0.0
2018-06-06 12:00:00,5.8121,0.0
2018-06-07 12:00:00,5.607,0.0
2018-06-08 12:00:00,5.4891000000000005,0.0
2018-06-09 12:00:00,6.2096,0.0
2018-06-10 12:00:00,6.3205,0.0
2018-06-11 12:00:00,6.3014,0.0
2018-06-12 12:00:00,6.0408,0.0
2018-06-13 12:00:00,5.8048,0.0
2018-06-14 12:00:00,5.5817000000000005,0.0
2018-06-15 12:00:00,5.8776,0.0
2018-06-16 12:00:00,5.6809,0.0
2018-06-17 12:00:00,5.4833,0.0
2018-06-18 12:00:00,5.2508,0.0
2018-06-19 12:00:00,5.0244,0.0
2018-06-20 12:00:00,4.8658,0.0
2018-06-21 12:00:00,4.6787,0.0
2018-06-22 12:00:00,4.557300000000001,0.0
2018-06-23 12:00:00,5.9349,0.0
2018-06-24 12:00:00,5.6984,0.0
2018-06-25 12:00:00,5.1549000000000005,0.0
2018-06-26 12:00:00,4.853800000000001,0.0
2018-06-27 12:00:00,4.6786,0.0
2018-06-28 12:00:00,4.5178,0.0
2018-06-29 12:00:00,4.3658,0.0
2018-06-30 12:00:00,4.5339,0.0
2018-07-01 12:00:00,4.711,0.0
2018-07-02 12:00:00,4.463900000000001,0.0
2018-07-03 12:00:00,4.2407,0.0
2018-07-04 12:00:00,4.1835,0.0
2018-07-05 12:00:00,4.192,0.0
2018-07-06 12:00:00,20.1312,0.0
2018-07-07 12:00:00,17.1776,0.0
2018-07-08 12:00:00,20.0866,0.0
2018-07-09 12:00:00,18.6081,0.0
2018-07-10 12:00:00,15.5228,0.0
2018-07-11 12:00:00,13.295300000000001,0.0
2018-07-12 12:00:00,11.632100000000001,0.0
2018-07-13 12:00:00,10.723,0.0
2018-07-14 12:00:00,9.915000000000001,0.0
2018-07-15 12:00:00,9.4831,0.0
2018-07-16 12:00:00,8.950800000000001,0.0
2018-07-17 12:00:00,8.2604,0.0
2018-07-18 12:00:00,7.829300000000001,0.0
2018-07-19 12:00:00,7.3946000000000005,0.0
2018-07-20 12:00:00,8.072000000000001,0.0
2018-07-21 12:00:00,11.909600000000001,0.0
2018-07-22 12:00:00,10.5901,0.0
2018-07-23 12:00:00,10.5671,0.0
2018-07-24 12:00:00,10.247200000000001,0.0
2018-07-25 12:00:00,9.9633,0.0
2018-07-26 12:00:00,9.6309,0.0
2018-07-27 12:00:00,9.5908,0.0
2018-07-28 12:00:00,9.5538,0.0
2018-07-29 12:00:00,8.7721,0.0
2018-07-30 12:00:00,8.7536,0.0
2018-07-31 12:00:00,8.8794,0.0
2018-08-01 12:00:00,8.5243,0.0
2018-08-02 12:00:00,8.5823,0.0
2018-08-03 12:00:00,8.565100000000001,0.0
2018-08-04 12:00:00,8.279300000000001,0.0
2018-08-05 12:00:00,8.0431,0.0
2018-08-06 12:00:00,7.8304,0.0
2018-08-07 12:00:00,7.8946000000000005,0.0
2018-08-08 12:00:00,7.5014,0.0
2018-08-09 12:00:00,7.080100000000001,0.0
2018-08-10 12:00:00,6.751600000000001,0.0
2018-08-11 12:00:00,6.5784,0.0
2018-08-12 12:00:00,6.5189,0.0
2018-08-13 12:00:00,6.564100000000001,0.0
2018-08-14 12:00:00,6.4901,0.0
2018-08-15 12:00:00,6.504300000000001,0.0
2018-08-16 12:00:00,7.1801,0.0
2018-08-17 12:00:00,7.285200000000001,0.0
2018-08-18 12:00:00,6.843100000000001,0.0
2018-08-19 12:00:00,6.7461,0.0
2018-08-20 12:00:00,6.7275,0.0
2018-08-21 12:00:00,6.4731000000000005,0.0
2018-08-22 12:00:00,6.1313,0.0
2018-08-23 12:00:00,6.0913,0.0
2018-08-24 12:00:00,5.856400000000001,0.0
2018-08-25 12:00:00,5.5749,0.0
2018-08-26 12:00:00,5.3616,0.0
2018-08-27 12:00:00,5.1923,0.0
2018-08-28 12:00:00,5.1019000000000005,0.0
2018-08-29 12:00:00,5.1399,0.0
2018-08-30 12:00:00,5.0021,0.0
2018-08-31 12:00:00,4.9158,0.0
2018-09-01 12:00:00,4.945,0.0
2018-09-02 12:00:00,5.652900000000001,0.0
2018-09-03 12:00:00,4.9698,0.0
2018-09-04 12:00:00,4.7902000000000005,0.0
2018-09-05 12:00:00,4.6243,0.0
2018-09-06 12:00:00,4.5018,0.0
2018-09-07 12:00:00,4.3978,0.0
2018-09-08 12:00:00,4.3527000000000005,0.0
2018-09-09 12:00:00,4.3644,0.0
2018-09-10 12:00:00,4.472700000000001,0.0
2018-09-11 12:00:00,4.2926,0.0
2018-09-12 12:00:00,4.4806,0.0
2018-09-13 12:00:00,5.835500000000001,0.0
2018-09-14 12:00:00,5.1428,0.0
2018-09-15 12:00:00,5.3055,0.0
2018-09-16 12:00:00,8.2608,0.0
2018-09-17 12:00:00,8.579500000000001,0.0
2018-09-18 12:00:00,8.6219,0.0
2018-09-19 12:00:00,8.1685,0.0
2018-09-20 12:00:00,7.832000000000001,0.0
2018-09-21 12:00:00,7.5,0.0
2018-09-22 12:00:00,7.1794,0.0
2018-09-23 12:00:00,7.5737000000000005,0.0
2018-09-24 12:00:00,8.0691,0.0
2018-09-25 12:00:00,7.542400000000001,0.0
2018-09-26 12:00:00,6.973000000000001,0.0
2018-09-27 12:00:00,6.6004000000000005,0.0
2018-09-28 12:00:00,6.298500000000001,0.0
2018-09-29 12:00:00,6.872,0.0
2018-09-30 12:00:00,7.136100000000001,0.0
2018-10-01 12:00:00,7.0520000000000005,0.0
2018-10-02 12:00:00,6.6393,0.0
2018-10-03 12:00:00,6.368600000000001,0.0
2018-10-04 12:00:00,6.1604,0.0
2018-10-05 12:00:00,5.878500000000001,0.0
2018-10-06 12:00:00,5.6658,0.0
2018-10-07 12:00:00,5.4717,0.0
2018-10-08 12:00:00,5.2823,0.0
2018-10-09 12:00:00,5.2306,0.0
2018-10-10 12:00:00,6.0124,0.0
2018-10-11 12:00:00,6.5252,0.0
2018-10-12 12:00:00,5.79,0.0
2018-10-13 12:00:00,5.423900000000001,0.0
2018-10-14 12:00:00,5.051,0.0
2018-10-15 12:00:00,4.841,0.0
2018-10-16 12:00:00,4.7172,0.0
2018-10-17 12:00:00,4.7329,0.0
2018-10-18 12:00:00,4.7597000000000005,0.0
2018-10-19 12:00:00,4.8786000000000005,0.0
2018-10-20 12:00:00,4.812,0.0
2018-10-21 12:00:00,4.8346,0.0
2018-10-22 12:00:00,4.6106,0.0
2018-10-23 12:00:00,4.7,0.0
2018-10-24 12:00:00,6.521100000000001,0.0
2018-10-25 12:00:00,6.0185,0.0
2018-10-26 12:00:00,5.117900000000001,0.0
2018-10-27 12:00:00,4.6761,0.0
2018-10-28 12:00:00,5.2835,0.0
2018-10-29 12:00:00,7.8803,0.0
2018-10-30 12:00:00,7.825200000000001,0.0
2018-10-31 12:00:00,7.1305000000000005,0.0
2018-11-01 12:00:00,6.3253,0.0
2018-11-02 12:00:00,6.3133,0.0
2018-11-03 12:00:00,6.429200000000001,0.0
2018-11-04 12:00:00,5.6046000000000005,0.0
2018-11-05 12:00:00,5.1104,0.0
2018-11-06 12:00:00,4.906000000000001,0.0
2018-11-07 12:00:00,11.385,0.0
2018-11-08 12:00:00,46.557900000000004,0.0
2018-11-09 12:00:00,35.5533,0.0
2018-11-10 12:00:00,24.4664,0.0
2018-11-11 12:00:00,18.6685,0.0
2018-11-12 12:00:00,15.524000000000001,0.0
2018-11-13 12:00:00,13.2156,0.0
2018-11-14 12:00:00,11.672400000000001,0.0
2018-11-15 12:00:00,10.843200000000001,0.0
2018-11-16 12:00:00,10.4717,0.0
2018-11-17 12:00:00,9.6759,0.0
2018-11-18 12:00:00,10.7424,0.0
2018-11-19 12:00:00,22.462600000000002,0.0
2018-11-20 12:00:00,35.6182,0.0
2018-11-21 12:00:00,45.085300000000004,0.0
2018-11-22 12:00:00,60.185300000000005,0.0
2018-11-23 12:00:00,48.2507,0.0
2018-11-24 12:00:00,39.2438,0.0
2018-11-25 12:00:00,29.4832,0.0
2018-11-26 12:00:00,23.781100000000002,0.0
2018-11-27 12:00:00,20.082800000000002,0.0
2018-11-28 12:00:00,17.721500000000002,0.0
2018-11-29 12:00:00,16.084,0.0
2018-11-30 12:00:00,14.4784,0.0
2018-12-01 12:00:00,13.1044,0.0
2018-12-02 12:00:00,12.832500000000001,0.0
2018-12-03 12:00:00,13.6104,0.0
2018-12-04 12:00:00,12.8979,0.0
2018-12-05 12:00:00,11.3048,0.0
2018-12-06 12:00:00,10.085,0.0
2018-12-07 12:00:00,9.404,0.0
2018-12-08 12:00:00,8.9757,0.0
2018-12-09 12:00:00,8.530800000000001,0.0
2018-12-10 12:00:00,8.2285,0.0
2018-12-11 12:00:00,8.2439,0.0
2018-12-12 12:00:00,7.6216,0.0
2018-12-13 12:00:00,7.2976,0.0
2018-12-14 12:00:00,7.2529,0.0
2018-12-15 12:00:00,6.455,0.0
2018-12-16 12:00:00,5.9961,0.0
2018-12-17 12:00:00,5.7945,0.0
2018-12-18 12:00:00,5.9345,0.0
2018-12-19 12:00:00,5.8552,0.0
2018-12-20 12:00:00,5.945600000000001,0.0
2018-12-21 12:00:00,6.2106,0.0
2018-12-22 12:00:00,6.4756,0.0
2018-12-23 12:00:00,5.329000000000001,0.0
2018-12-24 12:00:00,4.8745,0.0
2018-12-25 12:00:00,4.6264,0.0
2018-12-26 12:00:00,4.4278,0.0
2018-12-27 12:00:00,4.222,0.0
2018-12-28 12:00:00,3.986,0.0
2018-12-29 12:00:00,3.8356000000000003,0.0
2018-12-30 12:00:00,3.7943000000000002,0.0
2018-12-31 12:00:00,3.6664000000000003,0.0
2019-01-01 12:00:00,3.6466000000000003,0.0
2019-01-02 12:00:00,3.3897000000000004,0.0
2019-01-03 12:00:00,3.2683,0.0
2019-01-04 12:00:00,3.1976,0.0
2019-01-05 12:00:00,3.9033,0.0
2019-01-06 12:00:00,4.3726,0.0
2019-01-07 12:00:00,3.371,0.0
2019-01-08 12:00:00,3.1677,0.0
2019-01-09 12:00:00,3.4517,0.0
2019-01-10 12:00:00,3.0287,0.0
2019-01-11 12:00:00,2.8957,0.0
2019-01-12 12:00:00,2.8459000000000003,0.0
2019-01-13 12:00:00,3.1089,0.0
2019-01-14 12:00:00,2.8760000000000003,0.0
2019-01-15 12:00:00,2.7485,0.0
2019-01-16 12:00:00,2.6456,0.0
2019-01-17 12:00:00,2.5886,0.0
2019-01-18 12:00:00,2.7201,0.0
2019-01-19 12:00:00,3.5167,0.0
2019-01-20 12:00:00,2.6389,0.0
2019-01-21 12:00:00,2.4412000000000003,0.0
2019-01-22 12:00:00,2.4179,0.0
2019-01-23 12:00:00,2.8194000000000004,0.0
2019-01-24 12:00:00,2.4893,0.0
2019-01-25 12:00:00,2.4041,0.0
2019-01-26 12:00:00,2.2468,0.0
2019-01-27 12:00:00,3.0105,0.0
2019-01-28 12:00:00,2.4216,0.0
2019-01-29 12:00:00,2.2523,0.0
2019-01-30 12:00:00,2.1197,0.0
2019-01-31 12:00:00,2.5044,0.0
2019-02-01 12:00:00,2.4589000000000003,0.0
2019-02-02 12:00:00,2.1526,0.0
2019-02-03 12:00:00,2.0015,0.0
2019-02-04 12:00:00,1.9028,0.0
2019-02-05 12:00:00,1.9005,0.0
2019-02-06 12:00:00,1.9021000000000001,0.0
2019-02-07 12:00:00,1.8701,0.0
2019-02-08 12:00:00,1.7907000000000002,0.0
2019-02-09 12:00:00,1.7443000000000002,0.0
2019-02-10 12:00:00,1.7463000000000002,0.0
2019-02-11 12:00:00,1.9955,0.0
2019-02-12 12:00:00,1.8827,0.0
2019-02-13 12:00:00,1.8317,0.0
2019-02-14 12:00:00,2.2946,0.0
2019-02-15 12:00:00,1.8815000000000002,0.0
2019-02-16 12:00:00,1.7993000000000001,0.0
2019-02-17 12:00:00,1.7587000000000002,0.0
2019-02-18 12:00:00,1.7162000000000002,0.0
2019-02-19 12:00:00,1.6847,0.0
2019-02-20 12:00:00,1.6108,0.0
2019-02-21 12:00:00,1.5698,0.0
2019-02-22 12:00:00,1.5422,0.0
2019-02-23 12:00:00,1.766,0.0
2019-02-24 12:00:00,1.7832000000000001,0.0
2019-02-25 12:00:00,1.6241,0.0
2019-02-26 12:00:00,1.5991,0.0
2019-02-27 12:00:00,1.6465,0.0
2019-02-28 12:00:00,1.6037000000000001,0.0
2019-03-01 12:00:00,1.5255,0.0
2019-03-02 12:00:00,1.4744000000000002,0.0
2019-03-03 12:00:00,1.4248,0.0
2019-03-04 12:00:00,1.3886,0.0
2019-03-05 12:00:00,1.3943,0.0
2019-03-06 12:00:00,1.4901,0.0
2019-03-07 12:00:00,3.2702,0.0
2019-03-08 12:00:00,2.0257,0.0
2019-03-09 12:00:00,1.721,0.0
2019-03-10 12:00:00,1.6198000000000001,0.0
2019-03-11 12:00:00,1.5958,0.0
2019-03-12 12:00:00,1.5579,0.0
2019-03-13 12:00:00,1.5584,0.0
2019-03-14 12:00:00,1.5979,0.0
2019-03-15 12:00:00,3.5878,0.0
2019-03-16 12:00:00,2.2323,0.0
2019-03-17 12:00:00,1.9074,0.0
2019-03-18 12:00:00,1.78,0.0
2019-03-19 12:00:00,1.7248,0.0
2019-03-20 12:00:00,1.6677000000000002,0.0
2019-03-21 12:00:00,1.6232,0.0
2019-03-22 12:00:00,1.6027,0.0
2019-03-23 12:00:00,1.5787,0.0
2019-03-24 12:00:00,1.7125000000000001,0.0
2019-03-25 12:00:00,5.1856,0.0
2019-03-26 12:00:00,6.5223,0.0
2019-03-27 12:00:00,3.5912,0.0
2019-03-28 12:00:00,2.8467000000000002,0.0
2019-03-29 12:00:00,2.5084,0.0
2019-03-30 12:00:00,2.2992,0.0
2019-03-31 12:00:00,2.6169000000000002,0.0
2019-04-01 12:00:00,2.3662,0.0
2019-04-02 12:00:00,2.1796,0.0
2019-04-03 12:00:00,2.1097,0.0
2019-04-04 12:00:00,2.5321000000000002,0.0
2019-04-05 12:00:00,2.3766000000000003,0.0
2019-04-06 12:00:00,2.2087,0.0
2019-04-07 12:00:00,2.1183,0.0
2019-04-08 12:00:00,2.0505,0.0
2019-04-09 12:00:00,2.2221,0.0
2019-04-10 12:00:00,10.7018,0.0
2019-04-11 12:00:00,6.385000000000001,0.0
2019-04-12 12:00:00,4.8834,0.0
2019-04-13 12:00:00,4.1042000000000005,0.0
2019-04-14 12:00:00,3.6139,0.0
2019-04-15 12:00:00,3.2873,0.0
2019-04-16 12:00:00,3.0367,0.0
2019-04-17 12:00:00,2.8605,0.0
2019-04-18 12:00:00,2.7295000000000003,0.0
2019-04-19 12:00:00,3.1578,0.0
2019-04-20 12:00:00,3.2665,0.0
2019-04-21 12:00:00,3.1296,0.0
2019-04-22 12:00:00,2.9046000000000003,0.0
2019-04-23 12:00:00,2.7872000000000003,0.0
2019-04-24 12:00:00,2.7088,0.0
2019-04-25 12:00:00,2.6185,0.0
2019-04-26 12:00:00,4.7309,0.0
2019-04-27 12:00:00,4.674,0.0
2019-04-28 12:00:00,9.783100000000001,0.0
2019-04-29 12:00:00,9.7447,0.0
2019-04-30 12:00:00,7.258,0.0
2019-05-01 12:00:00,6.1695,0.0
2019-05-02 12:00:00,5.4657,0.0
2019-05-03 12:00:00,4.9093,0.0
2019-05-04 12:00:00,4.528300000000001,0.0
2019-05-05 12:00:00,4.2015,0.0
2019-05-06 12:00:00,3.9541000000000004,0.0
2019-05-07 12:00:00,3.8028000000000004,0.0
2019-05-08 12:00:00,3.7168,0.0
2019-05-09 12:00:00,3.766,0.0
2019-05-10 12:00:00,3.486,0.0
2019-05-11 12:00:00,3.5849,0.0
2019-05-12 12:00:00,9.3027,0.0
2019-05-13 12:00:00,7.6451,0.0
2019-05-14 12:00:00,12.7665,0.0
2019-05-15 12:00:00,9.5457,0.0
2019-05-16 12:00:00,7.8859,0.0
2019-05-17 12:00:00,6.947500000000001,0.0
2019-05-18 12:00:00,6.3133,0.0
2019-05-19 12:00:00,5.7302,0.0
2019-05-20 12:00:00,5.2598,0.0
2019-05-21 12:00:00,4.919700000000001,0.0
2019-05-22 12:00:00,4.6433,0.0
2019-05-23 12:00:00,4.4105,0.0
2019-05-24 12:00:00,4.2451,0.0
2019-05-25 12:00:00,4.2725,0.0
2019-05-26 12:00:00,6.440300000000001,0.0
2019-05-27 12:00:00,6.8642,0.0
2019-05-28 12:00:00,6.372800000000001,0.0
2019-05-29 12:00:00,23.053800000000003,0.0
2019-05-30 12:00:00,26.599400000000003,0.0
2019-05-31 12:00:00,19.9955,0.0
2019-06-01 12:00:00,15.400300000000001,0.0
2019-06-02 12:00:00,12.7879,0.0
2019-06-03 12:00:00,11.557500000000001,0.0
2019-06-04 12:00:00,10.2132,0.0
2019-06-05 12:00:00,9.6917,0.0
2019-06-06 12:00:00,8.84,0.0
2019-06-07 12:00:00,8.0443,0.0
2019-06-08 12:00:00,7.366700000000001,0.0
2019-06-09 12:00:00,6.9396,0.0
2019-06-10 12:00:00,6.6638,0.0
2019-06-11 12:00:00,6.9221,0.0
2019-06-12 12:00:00,7.421600000000001,0.0
2019-06-13 12:00:00,6.8593,0.0
2019-06-14 12:00:00,6.6048,0.0
2019-06-15 12:00:00,6.3539,0.0
2019-06-16 12:00:00,6.048100000000001,0.0
2019-06-17 12:00:00,5.701700000000001,0.0
2019-06-18 12:00:00,5.371,0.0
2019-06-19 12:00:00,5.209700000000001,0.0
2019-06-20 12:00:00,5.3081000000000005,0.0
2019-06-21 12:00:00,5.122,0.0
2019-06-22 12:00:00,4.8731,0.0
2019-06-23 12:00:00,4.6897,0.0
2019-06-24 12:00:00,4.4579,0.0
2019-06-25 12:00:00,4.260800000000001,0.0
2019-06-26 12:00:00,4.098,0.0
2019-06-27 12:00:00,3.9739,0.0
2019-06-28 12:00:00,3.9171,0.0
2019-06-29 12:00:00,3.8954,0.0
2019-06-30 12:00:00,3.8697000000000004,0.0
2019-07-01 12:00:00,3.8485,0.0
2019-07-02 12:00:00,4.282,0.0
2019-07-03 12:00:00,4.1704,0.0
2019-07-04 12:00:00,3.8977000000000004,0.0
2019-07-05 12:00:00,3.7470000000000003,0.0
2019-07-06 12:00:00,3.6515,0.0
2019-07-07 12:00:00,3.6243000000000003,0.0
2019-07-08 12:00:00,3.5294000000000003,0.0
2019-07-09 12:00:00,3.5246,0.0
2019-07-10 12:00:00,3.5292000000000003,0.0
2019-07-11 12:00:00,3.4961,0.0
2019-07-12 12:00:00,3.6616,0.0
2019-07-13 12:00:00,15.1905,0.0
2019-07-14 12:00:00,10.4784,0.0
2019-07-15 12:00:00,8.6902,0.0
2019-07-16 12:00:00,7.7767,0.0
2019-07-17 12:00:00,6.9481,0.0
2019-07-18 12:00:00,6.491700000000001,0.0
2019-07-19 12:00:00,7.0056,0.0
2019-07-20 12:00:00,8.9585,0.0
2019-07-21 12:00:00,9.5401,0.0
2019-07-22 12:00:00,8.911800000000001,0.0
2019-07-23 12:00:00,8.3331,0.0
2019-07-24 12:00:00,7.8024000000000004,0.0
2019-07-25 12:00:00,7.239800000000001,0.0
2019-07-26 12:00:00,6.8584000000000005,0.0
2019-07-27 12:00:00,6.543,0.0
2019-07-28 12:00:00,6.3354,0.0
2019-07-29 12:00:00,6.4099,0.0
2019-07-30 12:00:00,7.2643,0.0
2019-07-31 12:00:00,6.6002,0.0
2019-08-01 12:00:00,6.6489,0.0
2019-08-02 12:00:00,6.6014,0.0
2019-08-03 12:00:00,7.3982,0.0
2019-08-04 12:00:00,6.6536,0.0
2019-08-05 12:00:00,6.3329,0.0
2019-08-06 12:00:00,6.1942,0.0
2019-08-07 12:00:00,6.1555,0.0
2019-08-08 12:00:00,6.3016000000000005,0.0
2019-08-09 12:00:00,6.0989,0.0
2019-08-10 12:00:00,5.9611,0.0
2019-08-11 12:00:00,5.787100000000001,0.0
2019-08-12 12:00:00,5.5975,0.0
2019-08-13 12:00:00,5.3342,0.0
2019-08-14 12:00:00,5.066400000000001,0.0
2019-08-15 12:00:00,5.004700000000001,0.0
2019-08-16 12:00:00,5.4143,0.0
2019-08-17 12:00:00,4.9635,0.0
2019-08-18 12:00:00,4.7458,0.0
2019-08-19 12:00:00,5.3803,0.0
2019-08-20 12:00:00,6.182300000000001,0.0
2019-08-21 12:00:00,5.869400000000001,0.0
2019-08-22 12:00:00,5.5497000000000005,0.0
2019-08-23 12:00:00,5.3019,0.0
2019-08-24 12:00:00,5.1313,0.0
2019-08-25 12:00:00,5.216200000000001,0.0
2019-08-26 12:00:00,5.07,0.0
2019-08-27 12:00:00,4.839,0.0
2019-08-28 12:00:00,4.8311,0.0
2019-08-29 12:00:00,4.782500000000001,0.0
2019-08-30 12:00:00,4.5937,0.0
2019-08-31 12:00:00,4.4724,0.0
2019-09-01 12:00:00,4.438000000000001,0.0
2019-09-02 12:00:00,4.3763000000000005,0.0
2019-09-03 12:00:00,4.347300000000001,0.0
2019-09-04 12:00:00,4.5097000000000005,0.0
2019-09-05 12:00:00,4.617100000000001,0.0
2019-09-06 12:00:00,4.5848,0.0
2019-09-07 12:00:00,4.3461,0.0
2019-09-08 12:00:00,4.1969,0.0
2019-09-09 12:00:00,4.0517,0.0
2019-09-10 12:00:00,3.9637000000000002,0.0
2019-09-11 12:00:00,3.8328,0.0
2019-09-12 12:00:00,4.6313,0.0
2019-09-13 12:00:00,4.8261,0.0
2019-09-14 12:00:00,4.3409,0.0
2019-09-15 12:00:00,4.1508,0.0
2019-09-16 12:00:00,4.3306000000000004,0.0
2019-09-17 12:00:00,3.9573,0.0
2019-09-18 12:00:00,3.8334,0.0
2019-09-19 12:00:00,3.7372,0.0
2019-09-20 12:00:00,3.7014,0.0
2019-09-21 12:00:00,3.6995,0.0
2019-09-22 12:00:00,3.717,0.0
2019-09-23 12:00:00,3.8477,0.0
2019-09-24 12:00:00,3.7558000000000002,0.0
2019-09-25 12:00:00,3.7287000000000003,0.0
2019-09-26 12:00:00,3.5817,0.0
2019-09-27 12:00:00,3.4203,0.0
2019-09-28 12:00:00,3.5375,0.0
2019-09-29 12:00:00,4.0901000000000005,0.0
2019-09-30 12:00:00,3.9851,0.0
2019-10-01 12:00:00,3.8892,0.0
2019-10-02 12:00:00,3.6287000000000003,0.0
2019-10-03 12:00:00,3.3959,0.0
2019-10-04 12:00:00,4.2114,0.0
2019-10-05 12:00:00,3.906,0.0
2019-10-06 12:00:00,3.5663,0.0
2019-10-07 12:00:00,3.4468,0.0
2019-10-08 12:00:00,5.5708,0.0
2019-10-09 12:00:00,8.533000000000001,0.0
2019-10-10 12:00:00,6.4751,0.0
2019-10-11 12:00:00,6.276400000000001,0.0
2019-10-12 12:00:00,5.7306,0.0
2019-10-13 12:00:00,5.3524,0.0
2019-10-14 12:00:00,5.022600000000001,0.0
2019-10-15 12:00:00,4.7540000000000004,0.0
2019-10-16 12:00:00,4.492900000000001,0.0
2019-10-17 12:00:00,4.538600000000001,0.0
2019-10-18 12:00:00,5.1812000000000005,0.0
2019-10-19 12:00:00,4.5946,0.0
2019-10-20 12:00:00,4.4648,0.0
2019-10-21 12:00:00,4.3662,0.0
2019-10-22 12:00:00,4.8048,0.0
2019-10-23 12:00:00,4.8504000000000005,0.0
2019-10-24 12:00:00,4.3422,0.0
2019-10-25 12:00:00,4.083600000000001,0.0
2019-10-26 12:00:00,4.4057,0.0
2019-10-27 12:00:00,6.1469000000000005,0.0
2019-10-28 12:00:00,5.1352,0.0
2019-10-29 12:00:00,4.8049,0.0
2019-10-30 12:00:00,4.621700000000001,0.0
2019-10-31 12:00:00,4.2741,0.0
2019-11-01 12:00:00,3.9925,0.0
2019-11-02 12:00:00,3.7815000000000003,0.0
2019-11-03 12:00:00,3.6527000000000003,0.0
2019-11-04 12:00:00,3.5658000000000003,0.0
2019-11-05 12:00:00,3.7566,0.0
2019-11-06 12:00:00,3.7795,0.0
2019-11-07 12:00:00,3.7154000000000003,0.0
2019-11-08 12:00:00,4.2581,0.0
2019-11-09 12:00:00,5.8742,0.0
2019-11-10 12:00:00,8.6313,0.0
2019-11-11 12:00:00,6.9316,0.0
2019-11-12 12:00:00,6.1474,0.0
2019-11-13 12:00:00,11.5058,0.0
2019-11-14 12:00:00,8.9163,0.0
2019-11-15 12:00:00,9.4739,0.0
2019-11-16 12:00:00,9.31,0.0
2019-11-17 12:00:00,9.970500000000001,0.0
2019-11-18 12:00:00,10.2391,0.0
2019-11-19 12:00:00,9.683900000000001,0.0
2019-11-20 12:00:00,8.4322,0.0
2019-11-21 12:00:00,7.511900000000001,0.0
2019-11-22 12:00:00,6.8246,0.0
2019-11-23 12:00:00,6.3903,0.0
2019-11-24 12:00:00,5.7621,0.0
2019-11-25 12:00:00,5.2579,0.0
2019-11-26 12:00:00,5.0219000000000005,0.0
2019-11-27 12:00:00,5.2317,0.0
2019-11-28 12:00:00,4.5711,0.0
2019-11-29 12:00:00,4.1981,0.0
2019-11-30 12:00:00,4.3254,0.0
2019-12-01 12:00:00,4.478400000000001,0.0
2019-12-02 12:00:00,19.2483,0.0
2019-12-03 12:00:00,46.228300000000004,0.0
2019-12-04 12:00:00,42.2046,0.0
2019-12-05 12:00:00,34.821200000000005,0.0
2019-12-06 12:00:00,36.0733,0.0
2019-12-07 12:00:00,45.376000000000005,0.0
2019-12-08 12:00:00,42.932900000000004,0.0
2019-12-09 12:00:00,28.8536,0.0
2019-12-10 12:00:00,22.024700000000003,0.0
2019-12-11 12:00:00,17.7363,0.0
2019-12-12 12:00:00,14.9747,0.0
2019-12-13 12:00:00,13.1498,0.0
2019-12-14 12:00:00,11.7643,0.0
2019-12-15 12:00:00,11.0634,0.0
2019-12-16 12:00:00,12.0991,0.0
2019-12-17 12:00:00,15.854700000000001,0.0
2019-12-18 12:00:00,13.285300000000001,0.0
2019-12-19 12:00:00,14.090200000000001,0.0
2019-12-20 12:00:00,13.0761,0.0
2019-12-21 12:00:00,11.7893,0.0
2019-12-22 12:00:00,10.7279,0.0
2019-12-23 12:00:00,9.7323,0.0
2019-12-24 12:00:00,9.8594,0.0
2019-12-25 12:00:00,10.2873,0.0
2019-12-26 12:00:00,9.158000000000001,0.0
2019-12-27 12:00:00,8.4623,0.0
2019-12-28 12:00:00,7.743,0.0
2019-12-29 12:00:00,7.2445,0.0
2019-12-30 12:00:00,6.732600000000001,0.0
2019-12-31 12:00:00,6.288200000000001,0.0
2020-01-01 12:00:00,9.551300000000001,0.0
2020-01-02 12:00:00,8.2217,0.0
2020-01-03 12:00:00,7.0456,0.0
2020-01-04 12:00:00,6.538,0.0
2020-01-05 12:00:00,6.1585,0.0
2020-01-06 12:00:00,5.849,0.0
2020-01-07 12:00:00,5.6187000000000005,0.0
2020-01-08 12:00:00,5.3061,0.0
2020-01-09 12:00:00,4.996700000000001,0.0
2020-01-10 12:00:00,4.849600000000001,0.0
2020-01-11 12:00:00,4.7083,0.0
2020-01-12 12:00:00,4.4387,0.0
2020-01-13 12:00:00,4.24,0.0
2020-01-14 12:00:00,4.074,0.0
2020-01-15 12:00:00,3.9009,0.0
2020-01-16 12:00:00,3.7558000000000002,0.0
2020-01-17 12:00:00,3.6099,0.0
2020-01-18 12:00:00,3.5002,0.0
2020-01-19 12:00:00,3.4130000000000003,0.0
2020-01-20 12:00:00,3.3093000000000004,0.0
2020-01-21 12:00:00,3.2447000000000004,0.0
2020-01-22 12:00:00,3.1245000000000003,0.0
2020-01-23 12:00:00,3.0228,0.0
2020-01-24 12:00:00,2.9662,0.0
2020-01-25 12:00:00,2.9249,0.0
2020-01-26 12:00:00,2.8120000000000003,0.0
2020-01-27 12:00:00,2.7520000000000002,0.0
2020-01-28 12:00:00,2.6871,0.0
2020-01-29 12:00:00,2.6967000000000003,0.0
2020-01-30 12:00:00,2.5358,0.0
2020-01-31 12:00:00,2.4982,0.0
2020-02-01 12:00:00,2.6062000000000003,0.0
2020-02-02 12:00:00,2.6459,0.0
2020-02-03 12:00:00,8.2443,0.0
2020-02-04 12:00:00,11.301400000000001,0.0
2020-02-05 12:00:00,4.8439000000000005,0.0
2020-02-06 12:00:00,3.8163,0.0
2020-02-07 12:00:00,3.4445,0.0
2020-02-08 12:00:00,3.2184000000000004,0.0
2020-02-09 12:00:00,3.0201000000000002,0.0
2020-02-10 12:00:00,2.8543000000000003,0.0
2020-02-11 12:00:00,2.7317,0.0
2020-02-12 12:00:00,2.6291,0.0
2020-02-13 12:00:00,2.588,0.0
2020-02-14 12:00:00,2.5419,0.0
2020-02-15 12:00:00,2.4883,0.0
2020-02-16 12:00:00,2.4969,0.0
2020-02-17 12:00:00,2.4788,0.0
2020-02-18 12:00:00,2.3336,0.0
2020-02-19 12:00:00,2.2524,0.0
2020-02-20 12:00:00,2.8997,0.0
2020-02-21 12:00:00,2.7556000000000003,0.0
2020-02-22 12:00:00,2.5057,0.0
2020-02-23 12:00:00,2.291,0.0
2020-02-24 12:00:00,2.1933000000000002,0.0
2020-02-25 12:00:00,2.1448,0.0
2020-02-26 12:00:00,2.0576000000000003,0.0
2020-02-27 12:00:00,2.551,0.0
2020-02-28 12:00:00,2.6601,0.0
2020-02-29 12:00:00,2.2252,0.0
2020-03-01 12:00:00,2.0684,0.0
2020-03-02 12:00:00,2.2885,0.0
2020-03-03 12:00:00,2.4126000000000003,0.0
2020-03-04 12:00:00,2.1271,0.0
2020-03-05 12:00:00,2.0522,0.0
2020-03-06 12:00:00,1.9859,0.0
2020-03-07 12:00:00,2.2623,0.0
2020-03-08 12:00:00,2.6454,0.0
2020-03-09 12:00:00,2.1754000000000002,0.0
2020-03-10 12:00:00,2.1688,0.0
2020-03-11 12:00:00,2.0467,0.0
2020-03-12 12:00:00,1.9822000000000002,0.0
2020-03-13 12:00:00,1.9231,0.0
2020-03-14 12:00:00,1.8612000000000002,0.0
2020-03-15 12:00:00,1.8532000000000002,0.0
2020-03-16 12:00:00,1.8091000000000002,0.0
2020-03-17 12:00:00,1.8022,0.0
2020-03-18 12:00:00,1.7061000000000002,0.0
2020-03-19 12:00:00,1.6384,0.0
2020-03-20 12:00:00,1.6877,0.0
2020-03-21 12:00:00,1.9278000000000002,0.0
2020-03-22 12:00:00,1.6957,0.0
2020-03-23 12:00:00,1.7213,0.0
2020-03-24 12:00:00,1.7288000000000001,0.0
2020-03-25 12:00:00,1.6524,0.0
2020-03-26 12:00:00,2.1009,0.0
2020-03-27 12:00:00,1.9007,0.0
2020-03-28 12:00:00,1.762,0.0
2020-03-29 12:00:00,1.6813,0.0
2020-03-30 12:00:00,1.7453,0.0
2020-03-31 12:00:00,1.6860000000000002,0.0
2020-04-01 12:00:00,1.6378000000000001,0.0
2020-04-02 12:00:00,1.6069,0.0
2020-04-03 12:00:00,1.5770000000000002,0.0
2020-04-04 12:00:00,1.5230000000000001,0.0
2020-04-05 12:00:00,1.5497,0.0
2020-04-06 12:00:00,1.6922000000000001,0.0
2020-04-07 12:00:00,1.6478000000000002,0.0
2020-04-08 12:00:00,1.5842,0.0
2020-04-09 12:00:00,1.5353,0.0
2020-04-10 12:00:00,1.4957,0.0
2020-04-11 12:00:00,1.4771,0.0
2020-04-12 12:00:00,2.5228,0.0
2020-04-13 12:00:00,1.9902000000000002,0.0
2020-04-14 12:00:00,1.7976,0.0
2020-04-15 12:00:00,1.7235,0.0
2020-04-16 12:00:00,1.6811,0.0
2020-04-17 12:00:00,2.061,0.0
2020-04-18 12:00:00,2.9491,0.0
2020-04-19 12:00:00,2.5259,0.0
2020-04-20 12:00:00,2.1334,0.0
2020-04-21 12:00:00,2.0781,0.0
2020-04-22 12:00:00,2.0428,0.0
2020-04-23 12:00:00,1.9587,0.0
2020-04-24 12:00:00,1.9106,0.0
2020-04-25 12:00:00,1.8811,0.0
2020-04-26 12:00:00,2.2545,0.0
2020-04-27 12:00:00,2.5807,0.0
2020-04-28 12:00:00,2.1378,0.0
2020-04-29 12:00:00,2.0395000000000003,0.0
2020-04-30 12:00:00,1.9822000000000002,0.0
2020-05-01 12:00:00,2.1308000000000002,0.0
2020-05-02 12:00:00,6.612100000000001,0.0
2020-05-03 12:00:00,4.6929,0.0
2020-05-04 12:00:00,4.1698,0.0
2020-05-05 12:00:00,3.6261,0.0
2020-05-06 12:00:00,3.2718000000000003,0.0
2020-05-07 12:00:00,3.0084,0.0
2020-05-08 12:00:00,2.8174,0.0
2020-05-09 12:00:00,2.6842,0.0
2020-05-10 12:00:00,2.5954,0.0
2020-05-11 12:00:00,2.6318,0.0
2020-05-12 12:00:00,2.4785,0.0
2020-05-13 12:00:00,2.3972,0.0
2020-05-14 12:00:00,2.4436,0.0
2020-05-15 12:00:00,2.4004000000000003,0.0
2020-05-16 12:00:00,2.2899000000000003,0.0
2020-05-17 12:00:00,2.2451000000000003,0.0
2020-05-18 12:00:00,2.2085,0.0
2020-05-19 12:00:00,2.174,0.0
2020-05-20 12:00:00,2.1487000000000003,0.0
2020-05-21 12:00:00,2.113,0.0
2020-05-22 12:00:00,2.0834,0.0
2020-05-23 12:00:00,2.0778000000000003,0.0
2020-05-24 12:00:00,2.0721000000000003,0.0
2020-05-25 12:00:00,2.0811,0.0
2020-05-26 12:00:00,2.0388,0.0
2020-05-27 12:00:00,2.0183,0.0
2020-05-28 12:00:00,2.0102,0.0
2020-05-29 12:00:00,1.9862000000000002,0.0
2020-05-30 12:00:00,1.9402000000000001,0.0
2020-05-31 12:00:00,1.8821,0.0
2020-06-01 12:00:00,1.9053,0.0
2020-06-02 12:00:00,1.9378000000000002,0.0
2020-06-03 12:00:00,1.9872,0.0
2020-06-04 12:00:00,2.0853,0.0
2020-06-05 12:00:00,2.1307,0.0
2020-06-06 12:00:00,2.0694,0.0
2020-06-07 12:00:00,2.0227,0.0
2020-06-08 12:00:00,2.0131,0.0
2020-06-09 12:00:00,1.9656,0.0
2020-06-10 12:00:00,1.9931,0.0
2020-06-11 12:00:00,2.1687000000000003,0.0
2020-06-12 12:00:00,1.9708,0.0
2020-06-13 12:00:00,1.7082000000000002,0.0
2020-06-14 12:00:00,1.9342000000000001,0.0
2020-06-15 12:00:00,1.9939,0.0
2020-06-16 12:00:00,1.959,0.0
2020-06-17 12:00:00,2.6902,0.0
2020-06-18 12:00:00,2.3651,0.0
2020-06-19 12:00:00,2.2292,0.0
2020-06-20 12:00:00,2.1142000000000003,0.0
2020-06-21 12:00:00,1.7599,0.0
2020-06-22 12:00:00,2.0396,0.0
2020-06-23 12:00:00,2.2296,0.0
2020-06-24 12:00:00,2.2713,0.0
2020-06-25 12:00:00,2.553,0.0
2020-06-26 12:00:00,2.3411,0.0
2020-06-27 12:00:00,3.3605,0.0
2020-06-28 12:00:00,10.7546,0.0
2020-06-29 12:00:00,6.9516,0.0
2020-06-30 12:00:00,5.6513,0.0
2020-07-01 12:00:00,4.7451,0.0
2020-07-02 12:00:00,4.1262,0.0
2020-07-03 12:00:00,3.9122000000000003,0.0
2020-07-04 12:00:00,9.8758,0.0
2020-07-05 12:00:00,11.5243,0.0
2020-07-06 12:00:00,12.3962,0.0
2020-07-07 12:00:00,10.5789,0.0
2020-07-08 12:00:00,8.7203,0.0
2020-07-09 12:00:00,7.4724,0.0
2020-07-10 12:00:00,6.6573,0.0
2020-07-11 12:00:00,6.9394,0.0
2020-07-12 12:00:00,6.524500000000001,0.0
2020-07-13 12:00:00,5.8569,0.0
2020-07-14 12:00:00,5.423900000000001,0.0
2020-07-15 12:00:00,5.0128,0.0
2020-07-16 12:00:00,4.5467,0.0
2020-07-17 12:00:00,4.4083000000000006,0.0
2020-07-18 12:00:00,4.246,0.0
2020-07-19 12:00:00,4.2164,0.0
2020-07-20 12:00:00,11.7044,0.0
2020-07-21 12:00:00,9.1613,0.0
2020-07-22 12:00:00,7.9161,0.0
2020-07-23 12:00:00,6.8947,0.0
2020-07-24 12:00:00,6.1658,0.0
2020-07-25 12:00:00,5.8211,0.0
2020-07-26 12:00:00,5.4046,0.0
2020-07-27 12:00:00,5.0279,0.0
2020-07-28 12:00:00,5.0147,0.0
2020-07-29 12:00:00,5.188000000000001,0.0
2020-07-30 12:00:00,5.0373,0.0
2020-07-31 12:00:00,4.9974,0.0
2020-08-01 12:00:00,5.0749,0.0
2020-08-02 12:00:00,5.0956,0.0
2020-08-03 12:00:00,5.0754,0.0
2020-08-04 12:00:00,4.8476,0.0
2020-08-05 12:00:00,4.654100000000001,0.0
2020-08-06 12:00:00,4.65,0.0
2020-08-07 12:00:00,4.5337000000000005,0.0
2020-08-08 12:00:00,4.3,0.0
2020-08-09 12:00:00,4.1302,0.0
2020-08-10 12:00:00,3.9417,0.0
2020-08-11 12:00:00,3.8302,0.0
2020-08-12 12:00:00,3.7327000000000004,0.0
2020-08-13 12:00:00,3.6486,0.0
2020-08-14 12:00:00,3.5325,0.0
2020-08-15 12:00:00,3.4243,0.0
2020-08-16 12:00:00,3.3329,0.0
2020-08-17 12:00:00,3.2933000000000003,0.0
2020-08-18 12:00:00,3.4829000000000003,0.0
2020-08-19 12:00:00,3.5476,0.0
2020-08-20 12:00:00,3.5333,0.0
2020-08-21 12:00:00,3.4613,0.0
2020-08-22 12:00:00,3.2501,0.0
2020-08-23 12:00:00,3.2309,0.0
2020-08-24 12:00:00,3.2682,0.0
2020-08-25 12:00:00,3.1896,0.0
2020-08-26 12:00:00,3.0836,0.0
2020-08-27 12:00:00,2.9932000000000003,0.0
2020-08-28 12:00:00,3.1261,0.0
2020-08-29 12:00:00,2.9468,0.0
2020-08-30 12:00:00,2.8413,0.0
2020-08-31 12:00:00,5.2114,0.0
2020-09-01 12:00:00,4.5641,0.0
2020-09-02 12:00:00,4.344,0.0
2020-09-03 12:00:00,4.4453000000000005,0.0
2020-09-04 12:00:00,6.845400000000001,0.0
2020-09-05 12:00:00,6.7149,0.0
2020-09-06 12:00:00,6.105300000000001,0.0
2020-09-07 12:00:00,5.5798000000000005,0.0
2020-09-08 12:00:00,5.2761000000000005,0.0
2020-09-09 12:00:00,5.807,0.0
2020-09-10 12:00:00,5.2344,0.0
2020-09-11 12:00:00,4.853800000000001,0.0
2020-09-12 12:00:00,4.6565,0.0
2020-09-13 12:00:00,5.1714,0.0
2020-09-14 12:00:00,6.197500000000001,0.0
2020-09-15 12:00:00,5.6577,0.0
2020-09-16 12:00:00,8.7506,0.0
2020-09-17 12:00:00,10.9662,0.0
2020-09-18 12:00:00,9.1273,0.0
2020-09-19 12:00:00,8.011000000000001,0.0
2020-09-20 12:00:00,7.335100000000001,0.0
2020-09-21 12:00:00,6.838900000000001,0.0
2020-09-22 12:00:00,8.3853,0.0
2020-09-23 12:00:00,7.4811000000000005,0.0
2020-09-24 12:00:00,10.8766,0.0
2020-09-25 12:00:00,10.3137,0.0
2020-09-26 12:00:00,17.2391,0.0
2020-09-27 12:00:00,18.101000000000003,0.0
2020-09-28 12:00:00,15.2154,0.0
2020-09-29 12:00:00,12.7407,0.0
2020-09-30 12:00:00,11.1666,0.0
2020-10-01 12:00:00,10.0558,0.0
2020-10-02 12:00:00,9.3612,0.0
2020-10-03 12:00:00,8.8618,0.0
2020-10-04 12:00:00,8.5092,0.0
2020-10-05 12:00:00,8.896,0.0
2020-10-06 12:00:00,8.130700000000001,0.0
2020-10-07 12:00:00,7.3253,0.0
2020-10-08 12:00:00,6.7452000000000005,0.0
2020-10-09 12:00:00,6.379700000000001,0.0
2020-10-10 12:00:00,10.709900000000001,0.0
2020-10-11 12:00:00,13.440900000000001,0.0
2020-10-12 12:00:00,10.8446,0.0
2020-10-13 12:00:00,9.495800000000001,0.0
2020-10-14 12:00:00,8.5012,0.0
2020-10-15 12:00:00,7.9190000000000005,0.0
2020-10-16 12:00:00,7.594600000000001,0.0
2020-10-17 12:00:00,7.0933,0.0
2020-10-18 12:00:00,7.091,0.0
2020-10-19 12:00:00,7.074800000000001,0.0
2020-10-20 12:00:00,6.242500000000001,0.0
2020-10-21 12:00:00,5.839700000000001,0.0
2020-10-22 12:00:00,5.5364,0.0
2020-10-23 12:00:00,5.2388,0.0
2020-10-24 12:00:00,5.072900000000001,0.0
2020-10-25 12:00:00,7.5253000000000005,0.0
2020-10-26 12:00:00,7.0821000000000005,0.0
2020-10-27 12:00:00,6.2979,0.0
2020-10-28 12:00:00,5.932,0.0
2020-10-29 12:00:00,5.7324,0.0
2020-10-30 12:00:00,6.0244,0.0
2020-10-31 12:00:00,5.8015,0.0
2020-11-01 12:00:00,5.1947,0.0
2020-11-02 12:00:00,4.8882,0.0
2020-11-03 12:00:00,4.7104,0.0
2020-11-04 12:00:00,4.568700000000001,0.0
2020-11-05 12:00:00,4.5494,0.0
2020-11-06 12:00:00,4.3581,0.0
2020-11-07 12:00:00,5.2335,0.0
2020-11-08 12:00:00,4.931900000000001,0.0
2020-11-09 12:00:00,4.4817,0.0
2020-11-10 12:00:00,4.1199,0.0
2020-11-11 12:00:00,3.8983000000000003,0.0
2020-11-12 12:00:00,3.6723000000000003,0.0
2020-11-13 12:00:00,3.5076,0.0
2020-11-14 12:00:00,3.4525,0.0
2020-11-15 12:00:00,3.3436000000000003,0.0
2020-11-16 12:00:00,3.5033000000000003,0.0
2020-11-17 12:00:00,3.4065000000000003,0.0
2020-11-18 12:00:00,3.1739,0.0
2020-11-19 12:00:00,3.0776000000000003,0.0
2020-11-20 12:00:00,3.0354,0.0
2020-11-21 12:00:00,2.91,0.0
2020-11-22 12:00:00,2.8711,0.0
2020-11-23 12:00:00,3.2682,0.0
2020-11-24 12:00:00,2.9525,0.0
2020-11-25 12:00:00,2.7791,0.0
2020-11-26 12:00:00,2.6661,0.0
2020-11-27 12:00:00,2.6498,0.0
2020-11-28 12:00:00,2.6254,0.0
2020-11-29 12:00:00,3.4123,0.0
2020-11-30 12:00:00,3.2569000000000004,0.0
2020-12-01 12:00:00,2.6751,0.0
2020-12-02 12:00:00,3.0328,0.0
2020-12-03 12:00:00,2.5593,0.0
2020-12-04 12:00:00,2.4970000000000003,0.0
2020-12-05 12:00:00,2.4987,0.0
2020-12-06 12:00:00,2.342,0.0
2020-12-07 12:00:00,2.1615,0.0
2020-12-08 12:00:00,2.0522,0.0
2020-12-09 12:00:00,1.9959,0.0
2020-12-10 12:00:00,3.0329,0.0
2020-12-11 12:00:00,2.8258,0.0
2020-12-12 12:00:00,2.2135000000000002,0.0
2020-12-13 12:00:00,2.0292,0.0
2020-12-14 12:00:00,1.9125,0.0
2020-12-15 12:00:00,1.8162,0.0
2020-12-16 12:00:00,1.8123,0.0
2020-12-17 12:00:00,1.7884,0.0
2020-12-18 12:00:00,1.7802,0.0
2020-12-19 12:00:00,1.7331,0.0
2020-12-20 12:00:00,1.9452,0.0
2020-12-21 12:00:00,1.9282000000000001,0.0
2020-12-22 12:00:00,1.7974,0.0
2020-12-23 12:00:00,2.4904,0.0
2020-12-24 12:00:00,2.0479000000000003,0.0
2020-12-25 12:00:00,2.1415,0.0
2020-12-26 12:00:00,2.1314,0.0
2020-12-27 12:00:00,1.8157,0.0
2020-12-28 12:00:00,1.6625,0.0
2020-12-29 12:00:00,1.5729,0.0
2020-12-30 12:00:00,1.5633000000000001,0.0
2020-12-31 12:00:00,1.7464000000000002,0.0
2021-01-01 12:00:00,5.2587,0.0
2021-01-02 12:00:00,5.885800000000001,0.0
2021-01-03 12:00:00,3.6534,0.0
2021-01-04 12:00:00,3.1577,0.0
2021-01-05 12:00:00,4.9856,0.0
2021-01-06 12:00:00,3.733,0.0
2021-01-07 12:00:00,7.197500000000001,0.0
2021-01-08 12:00:00,5.4941,0.0
2021-01-09 12:00:00,4.3939,0.0
2021-01-10 12:00:00,3.7271,0.0
2021-01-11 12:00:00,3.2541,0.0
2021-01-12 12:00:00,2.9419,0.0
2021-01-13 12:00:00,2.7069,0.0
2021-01-14 12:00:00,2.5496000000000003,0.0
2021-01-15 12:00:00,2.386,0.0
2021-01-16 12:00:00,2.8172,0.0
2021-01-17 12:00:00,3.1460000000000004,0.0
2021-01-18 12:00:00,5.9227,0.0
2021-01-19 12:00:00,7.3943,0.0
2021-01-20 12:00:00,5.322500000000001,0.0
2021-01-21 12:00:00,4.4097,0.0
2021-01-22 12:00:00,3.8069,0.0
2021-01-23 12:00:00,3.402,0.0
2021-01-24 12:00:00,3.1542000000000003,0.0
2021-01-25 12:00:00,2.9342,0.0
2021-01-26 12:00:00,2.732,0.0
2021-01-27 12:00:00,3.0064,0.0
2021-01-28 12:00:00,2.7475,0.0
2021-01-29 12:00:00,2.6075,0.0
2021-01-30 12:00:00,2.436,0.0
2021-01-31 12:00:00,2.2805,0.0
2021-02-01 12:00:00,2.1884,0.0
2021-02-02 12:00:00,2.1053,0.0
2021-02-03 12:00:00,2.0818000000000003,0.0
2021-02-04 12:00:00,2.0741,0.0
2021-02-05 12:00:00,1.9395,0.0
2021-02-06 12:00:00,1.8555000000000001,0.0
2021-02-07 12:00:00,1.8234000000000001,0.0
2021-02-08 12:00:00,2.3794,0.0
2021-02-09 12:00:00,2.8872,0.0
2021-02-10 12:00:00,2.4311000000000003,0.0
2021-02-11 12:00:00,2.0374,0.0
2021-02-12 12:00:00,1.8900000000000001,0.0
2021-02-13 12:00:00,1.7856,0.0
2021-02-14 12:00:00,1.7491,0.0
2021-02-15 12:00:00,1.8008000000000002,0.0
2021-02-16 12:00:00,1.8147,0.0
2021-02-17 12:00:00,1.6635,0.0
2021-02-18 12:00:00,1.5607,0.0
2021-02-19 12:00:00,1.5043,0.0
2021-02-20 12:00:00,1.4311,0.0
2021-02-21 12:00:00,1.4005,0.0
2021-02-22 12:00:00,1.3958000000000002,0.0
2021-02-23 12:00:00,1.3277,0.0
2021-02-24 12:00:00,1.3328,0.0
2021-02-25 12:00:00,1.353,0.0
2021-02-26 12:00:00,1.3328,0.0
2021-02-27 12:00:00,1.3579,0.0
2021-02-28 12:00:00,1.3792,0.0
2021-03-01 12:00:00,1.4315,0.0
2021-03-02 12:00:00,1.7496,0.0
2021-03-03 12:00:00,1.6459000000000001,0.0
2021-03-04 12:00:00,2.2256,0.0
2021-03-05 12:00:00,3.3777000000000004,0.0
2021-03-06 12:00:00,2.1178,0.0
2021-03-07 12:00:00,1.7584000000000002,0.0
2021-03-08 12:00:00,1.6217000000000001,0.0
2021-03-09 12:00:00,1.5261,0.0
2021-03-10 12:00:00,1.6459000000000001,0.0
2021-03-11 12:00:00,1.5248000000000002,0.0
2021-03-12 12:00:00,1.4259000000000002,0.0
2021-03-13 12:00:00,1.3442,0.0
2021-03-14 12:00:00,1.3119,0.0
2021-03-15 12:00:00,1.4761,0.0
2021-03-16 12:00:00,1.3244,0.0
2021-03-17 12:00:00,1.2988,0.0
2021-03-18 12:00:00,1.2681,0.0
2021-03-19 12:00:00,1.2561,0.0
2021-03-20 12:00:00,1.2747000000000002,0.0
2021-03-21 12:00:00,1.2462,0.0
2021-03-22 12:00:00,1.2207000000000001,0.0
2021-03-23 12:00:00,1.1913,0.0
2021-03-24 12:00:00,1.2026000000000001,0.0
2021-03-25 12:00:00,1.1565,0.0
2021-03-26 12:00:00,1.1356000000000002,0.0
2021-03-27 12:00:00,1.2844,0.0
2021-03-28 12:00:00,1.239,0.0
2021-03-29 12:00:00,1.1655,0.0
2021-03-30 12:00:00,1.1484,0.0
2021-03-31 12:00:00,1.1236000000000002,0.0
2021-04-01 12:00:00,1.1136000000000001,0.0
2021-04-02 12:00:00,1.1720000000000002,0.0
2021-04-03 12:00:00,1.0877000000000001,0.0
2021-04-04 12:00:00,1.0274,0.0
2021-04-05 12:00:00,1.0321,0.0
2021-04-06 12:00:00,1.0483,0.0
2021-04-07 12:00:00,1.0365,0.0
2021-04-08 12:00:00,1.0199,0.0
2021-04-09 12:00:00,1.3994,0.0
2021-04-10 12:00:00,1.8049000000000002,0.0
2021-04-11 12:00:00,1.5710000000000002,0.0
2021-04-12 12:00:00,6.036700000000001,0.0
2021-04-13 12:00:00,3.4311000000000003,0.0
2021-04-14 12:00:00,2.3391,0.0
2021-04-15 12:00:00,2.2568,0.0
2021-04-16 12:00:00,2.4069000000000003,0.0
2021-04-17 12:00:00,2.0424,0.0
2021-04-18 12:00:00,1.8541,0.0
2021-04-19 12:00:00,1.7459,0.0
2021-04-20 12:00:00,1.6911,0.0
2021-04-21 12:00:00,1.6378000000000001,0.0
2021-04-22 12:00:00,1.6624,0.0
2021-04-23 12:00:00,1.6715,0.0
2021-04-24 12:00:00,1.6705,0.0
2021-04-25 12:00:00,1.7072,0.0
2021-04-26 12:00:00,1.8338,0.0
2021-04-27 12:00:00,1.6543,0.0
2021-04-28 12:00:00,1.5933000000000002,0.0
2021-04-29 12:00:00,1.5409000000000002,0.0
2021-04-30 12:00:00,1.4949000000000001,0.0
2021-05-01 12:00:00,1.4845000000000002,0.0
2021-05-02 12:00:00,1.4769,0.0
2021-05-03 12:00:00,1.4652,0.0
2021-05-04 12:00:00,1.5070000000000001,0.0
2021-05-05 12:00:00,1.4366,0.0
2021-05-06 12:00:00,1.4263000000000001,0.0
2021-05-07 12:00:00,1.4289,0.0
2021-05-08 12:00:00,2.8054,0.0
2021-05-09 12:00:00,2.8253,0.0
2021-05-10 12:00:00,2.241,0.0
2021-05-11 12:00:00,2.9661,0.0
2021-05-12 12:00:00,2.5238,0.0
2021-05-13 12:00:00,2.3549,0.0
2021-05-14 12:00:00,2.7614,0.0
2021-05-15 12:00:00,2.6377,0.0
2021-05-16 12:00:00,2.4893,0.0
2021-05-17 12:00:00,2.7316000000000003,0.0
2021-05-18 12:00:00,2.5258000000000003,0.0
2021-05-19 12:00:00,2.464,0.0
2021-05-20 12:00:00,2.4481,0.0
2021-05-21 12:00:00,2.5133,0.0
2021-05-22 12:00:00,2.3593,0.0
2021-05-23 12:00:00,2.3093,0.0
2021-05-24 12:00:00,2.2382,0.0
2021-05-25 12:00:00,2.0283,0.0
2021-05-26 12:00:00,2.0562,0.0
2021-05-27 12:00:00,2.2854,0.0
2021-05-28 12:00:00,2.4517,0.0
2021-05-29 12:00:00,4.2744,0.0
2021-05-30 12:00:00,8.7324,0.0
2021-05-31 12:00:00,7.6122000000000005,0.0
2021-06-01 12:00:00,5.9562,0.0
2021-06-02 12:00:00,4.9205000000000005,0.0
2021-06-03 12:00:00,4.2953,0.0
2021-06-04 12:00:00,4.0262,0.0
2021-06-05 12:00:00,4.9244,0.0
2021-06-06 12:00:00,4.1452,0.0
2021-06-07 12:00:00,3.8425000000000002,0.0
2021-06-08 12:00:00,3.6256000000000004,0.0
2021-06-09 12:00:00,3.4622,0.0
2021-06-10 12:00:00,3.2947,0.0
2021-06-11 12:00:00,3.1677,0.0
2021-06-12 12:00:00,3.6983,0.0
2021-06-13 12:00:00,6.382000000000001,0.0
2021-06-14 12:00:00,5.7881,0.0
2021-06-15 12:00:00,5.6219,0.0
2021-06-16 12:00:00,5.8056,0.0
2021-06-17 12:00:00,5.6336,0.0
2021-06-18 12:00:00,5.1806,0.0
2021-06-19 12:00:00,4.8692,0.0
2021-06-20 12:00:00,4.6265,0.0
2021-06-21 12:00:00,4.2999,0.0
2021-06-22 12:00:00,3.9963,0.0
2021-06-23 12:00:00,3.8257000000000003,0.0
2021-06-24 12:00:00,4.3068,0.0
2021-06-25 12:00:00,4.7111,0.0
2021-06-26 12:00:00,4.220000000000001,0.0
2021-06-27 12:00:00,4.514600000000001,0.0
2021-06-28 12:00:00,4.1713000000000005,0.0
2021-06-29 12:00:00,3.8766000000000003,0.0
2021-06-30 12:00:00,3.7048,0.0
