name,stress_period,time_step,ZONE_0,haweaflat,moraine_top,river_zone,main_terrace,sandy_point,clutha,sub_terrace,mangawera
FROM_STORAGE,0,0,0.0,0.0,0.0,0.0,0.0,0.0,0.0,0.0,0.0
FROM_CONSTANT_HEAD,0,0,0.0,0.0,0.0,0.0,0.0,0.0,0.0,0.0,0.0
FROM_WELLS,0,0,0.0,4777.7715,18.260052,1438.9762,8504.589,0.0,0.0,77.06712,1081.1698
FROM_HEAD_DEP_BOUNDS,0,0,0.0,0.0,41608.605,0.0,0.0,0.0,0.0,0.0,0.0
FROM_RECHARGE,0,0,0.0,11435.957,1631.3204,4484.366,15251.537,1894.4105,2240.9023,1178.2632,2905.9722
FROM_STREAM_LEAKAGE,0,0,0.0,3500.0,1100.0,35204.688,3119.7043,36.55455,16.53421,0.0,0.0
FROM_STREAM_FLOW_OUT,0,0,0.0,173263.03,26465.953,801976700.0,119826170.0,2831684600.0,9008204000.0,0.0,0.0
FROM_ZONE_0,0,0,0.0,0.0,0.0,0.0,0.0,0.0,0.0,0.0,0.0
FROM_haweaflat,0,0,0.0,0.0,419.36386,53652.047,16832.906,0.0,0.0,0.0,0.0
FROM_moraine_top,0,0,0.0,44125.766,0.0,0.0,0.0,0.0,0.0,0.0,0.0
FROM_river_zone,0,0,0.0,11768.461,0.0,0.0,32835.234,0.0,42.171963,70.74613,0.0
FROM_main_terrace,0,0,0.0,801.8879,0.0,166.06566,0.0,6498.5435,64919.242,5978.222,0.0
FROM_sandy_point,0,0,0.0,0.0,0.0,0.0,1680.8481,0.0,44.674675,0.0,0.0
FROM_clutha,0,0,0.0,0.0,0.0,3.3307333,1712.0396,12.87611,0.0,893.69495,0.0
FROM_sub_terrace,0,0,0.0,0.0,0.0,70.47064,450.23068,0.0,7236.5444,0.0,0.0
FROM_mangawera,0,0,0.0,0.0,0.0,3696.5571,0.0,0.0,0.0,0.0,0.0
TOTAL_IN,0,0,0.0,249672.89,71243.51,802075460.0,119906540.0,2831693000.0,9008278000.0,8197.994,3987.142
TO_STORAGE,0,0,0.0,0.0,0.0,0.0,0.0,0.0,0.0,0.0,0.0
TO_CONSTANT_HEAD,0,0,0.0,0.0,0.0,0.0,0.0,0.0,0.0,0.0,0.0
TO_WELLS,0,0,0.0,5505.3066,0.0,0.0,445.89493,28.567646,0.0,440.7458,290.60635
TO_HEAD_DEP_BOUNDS,0,0,0.0,0.0,651.88135,0.0,0.0,0.0,0.0,0.0,0.0
TO_RECHARGE,0,0,0.0,0.0,0.0,0.0,0.0,0.0,0.0,0.0,0.0
TO_STREAM_LEAKAGE,0,0,0.0,0.0,0.0,54000.234,1577.2573,6688.2036,71878.15,0.0,0.0
TO_STREAM_FLOW_OUT,0,0,0.0,0.0,0.0,0.0,0.0,0.0,0.0,0.0,0.0
TO_ZONE_0,0,0,0.0,0.0,0.0,0.0,0.0,0.0,0.0,0.0,0.0
TO_haweaflat,0,0,0.0,0.0,44125.766,11768.461,801.8879,0.0,0.0,0.0,0.0
TO_moraine_top,0,0,0.0,419.36386,0.0,0.0,0.0,0.0,0.0,0.0,0.0
TO_river_zone,0,0,0.0,53652.047,0.0,0.0,166.06566,0.0,3.3307333,70.47064,3696.5571
TO_main_terrace,0,0,0.0,16832.906,0.0,32835.234,0.0,1680.8481,1712.0396,450.23068,0.0
TO_sandy_point,0,0,0.0,0.0,0.0,0.0,6498.5435,0.0,12.87611,0.0,0.0
TO_clutha,0,0,0.0,0.0,0.0,42.171963,64919.242,44.674675,0.0,7236.5444,0.0
TO_sub_terrace,0,0,0.0,0.0,0.0,70.74613,5978.222,0.0,893.69495,0.0,0.0
TO_mangawera,0,0,0.0,0.0,0.0,0.0,0.0,0.0,0.0,0.0,0.0
TOTAL_OUT,0,0,0.0,76409.625,44777.65,98716.85,80387.11,8442.294,74500.086,8197.991,3987.1636
IN-OUT,0,0,0.0,173263.27,26465.86,801976770.0,119826160.0,2831684600.0,9008203000.0,0.0029296875,0.021484375
PERCENT_DISCREPANCY,0,0,,106.269585,45.62247,199.95078,199.73201,199.99881,199.99669,3.5736648e-05,0.00053884
FROM_STORAGE,1,4,0.0,0.000495281,0.0020093352,0.0016384388,0.06952755,0.0015029357,0.002142158,0.0017934472,0.023104476
FROM_CONSTANT_HEAD,1,4,0.0,0.0,0.0,0.0,0.0,0.0,0.0,0.0,0.0
FROM_WELLS,1,4,0.0,4777.7715,18.260052,1438.9762,8504.589,0.0,0.0,77.06712,1081.1698
FROM_HEAD_DEP_BOUNDS,1,4,0.0,0.0,63993.277,0.0,0.0,0.0,0.0,0.0,0.0
FROM_RECHARGE,1,4,0.0,11435.957,1631.3204,4484.366,15251.537,1894.4105,2240.9023,1178.2632,2905.9722
FROM_STREAM_LEAKAGE,1,4,0.0,3500.0,1100.0,35065.25,3119.7043,36.55455,16.53421,0.0,0.0
FROM_STREAM_FLOW_OUT,1,4,0.0,173263.03,26465.953,802081600.0,119827816.0,2831684600.0,9008208000.0,0.0,0.0
FROM_ZONE_0,1,4,0.0,0.0,0.0,0.0,0.0,0.0,0.0,0.0,0.0
FROM_haweaflat,1,4,0.0,0.0,391.73685,56380.656,16845.396,0.0,0.0,0.0,0.0
FROM_moraine_top,1,4,0.0,61166.49,0.0,0.0,0.0,0.0,0.0,0.0,0.0
FROM_river_zone,1,4,0.0,11841.646,0.0,0.0,32835.43,0.0,42.171955,70.74612,0.0
FROM_main_terrace,1,4,0.0,801.74097,0.0,166.06711,0.0,6498.554,64919.242,5978.223,0.0
FROM_sandy_point,1,4,0.0,0.0,0.0,0.0,1680.8492,0.0,44.674667,0.0,0.0
FROM_clutha,1,4,0.0,0.0,0.0,3.330733,1712.0398,12.87611,0.0,893.6946,0.0
FROM_sub_terrace,1,4,0.0,0.0,0.0,70.47061,450.2299,0.0,7236.5444,0.0,0.0
FROM_mangawera,1,4,0.0,0.0,0.0,3696.5361,0.0,0.0,0.0,0.0,0.0
TOTAL_IN,1,4,0.0,266786.66,93600.55,802182900.0,119908210.0,2831693000.0,9008282000.0,8197.996,3987.165
TO_STORAGE,1,4,0.0,14400.672,5638.2803,1836.7307,12.886158,0.0009285762,0.0023543613,0.0044774916,0.022525674
TO_CONSTANT_HEAD,1,4,0.0,0.0,0.0,0.0,0.0,0.0,0.0,0.0,0.0
TO_WELLS,1,4,0.0,5505.3066,0.0,0.0,445.89493,28.567646,0.0,440.7458,290.60635
TO_HEAD_DEP_BOUNDS,1,4,0.0,0.0,329.46436,0.0,0.0,0.0,0.0,0.0,0.0
TO_RECHARGE,1,4,0.0,0.0,0.0,0.0,0.0,0.0,0.0,0.0,0.0
TO_STREAM_LEAKAGE,1,4,0.0,0.0,0.0,54679.008,1577.2573,6688.2036,71878.15,0.0,0.0
TO_STREAM_FLOW_OUT,1,4,0.0,0.0,0.0,0.0,0.0,0.0,0.0,0.0,0.0
TO_ZONE_0,1,4,0.0,0.0,0.0,0.0,0.0,0.0,0.0,0.0,0.0
TO_haweaflat,1,4,0.0,0.0,61166.49,11841.646,801.74097,0.0,0.0,0.0,0.0
TO_moraine_top,1,4,0.0,391.73685,0.0,0.0,0.0,0.0,0.0,0.0,0.0
TO_river_zone,1,4,0.0,56380.656,0.0,0.0,166.06711,0.0,3.330733,70.47061,3696.5361
TO_main_terrace,1,4,0.0,16845.396,0.0,32835.43,0.0,1680.8492,1712.0398,450.2299,0.0
TO_sandy_point,1,4,0.0,0.0,0.0,0.0,6498.554,0.0,12.87611,0.0,0.0
TO_clutha,1,4,0.0,0.0,0.0,42.171955,64919.242,44.674667,0.0,7236.5444,0.0
TO_sub_terrace,1,4,0.0,0.0,0.0,70.74612,5978.223,0.0,893.6946,0.0,0.0
TO_mangawera,1,4,0.0,0.0,0.0,0.0,0.0,0.0,0.0,0.0,0.0
TOTAL_OUT,1,4,0.0,93523.77,67134.234,101305.734,80399.87,8442.296,74500.086,8197.995,3987.165
IN-OUT,1,4,0.0,173262.88,26466.312,802081600.0,119827810.0,2831684600.0,9008207000.0,0.0009765625,0.0
PERCENT_DISCREPANCY,1,4,,96.174225,32.931656,199.94948,199.73196,199.99881,199.99669,1.191221e-05,0.0
FROM_STORAGE,2,4,0.0,0.0002839822,0.004520285,0.0010982794,0.033683397,0.0010137842,0.0016232702,0.0013472931,0.021879263
FROM_CONSTANT_HEAD,2,4,0.0,0.0,0.0,0.0,0.0,0.0,0.0,0.0,0.0
FROM_WELLS,2,4,0.0,4777.7715,18.260052,1438.9762,8504.589,0.0,0.0,77.06712,1081.1698
FROM_HEAD_DEP_BOUNDS,2,4,0.0,0.0,65372.133,0.0,0.0,0.0,0.0,0.0,0.0
FROM_RECHARGE,2,4,0.0,11435.957,1631.3204,4484.366,15251.537,1894.4105,2240.9023,1178.2632,2905.9722
FROM_STREAM_LEAKAGE,2,4,0.0,3500.0,1100.0,34868.55,3119.7043,36.55455,16.53421,0.0,0.0
FROM_STREAM_FLOW_OUT,2,4,0.0,173263.03,26465.953,802286300.0,119831020.0,2831684600.0,9008216000.0,0.0,0.0
FROM_ZONE_0,2,4,0.0,0.0,0.0,0.0,0.0,0.0,0.0,0.0,0.0
FROM_haweaflat,2,4,0.0,0.0,397.17654,58527.71,16876.611,0.0,0.0,0.0,0.0
FROM_moraine_top,2,4,0.0,63817.59,0.0,0.0,0.0,0.0,0.0,0.0,0.0
FROM_river_zone,2,4,0.0,11937.359,0.0,0.0,32835.883,0.0,42.17196,70.745735,0.0
FROM_main_terrace,2,4,0.0,801.6344,0.0,166.08195,0.0,6498.556,64919.3,5978.2607,0.0
FROM_sandy_point,2,4,0.0,0.0,0.0,0.0,1680.8501,0.0,44.674667,0.0,0.0
FROM_clutha,2,4,0.0,0.0,0.0,3.330733,1712.0458,12.87611,0.0,893.6966,0.0
FROM_sub_terrace,2,4,0.0,0.0,0.0,70.47069,450.219,0.0,7236.552,0.0,0.0
FROM_mangawera,2,4,0.0,0.0,0.0,3696.4478,0.0,0.0,0.0,0.0,0.0
TOTAL_IN,2,4,0.0,269533.34,94984.85,802389500.0,119911450.0,2831693000.0,9008290000.0,8198.034,3987.1638
TO_STORAGE,2,4,0.0,14963.755,4371.7627,2279.7834,44.50633,0.0012218363,0.042815015,0.047705907,0.10971211
TO_CONSTANT_HEAD,2,4,0.0,0.0,0.0,0.0,0.0,0.0,0.0,0.0,0.0
TO_WELLS,2,4,0.0,5505.3066,0.0,0.0,445.89493,28.567646,0.0,440.7458,290.60635
TO_HEAD_DEP_BOUNDS,2,4,0.0,0.0,329.66992,0.0,0.0,0.0,0.0,0.0,0.0
TO_RECHARGE,2,4,0.0,0.0,0.0,0.0,0.0,0.0,0.0,0.0,0.0
TO_STREAM_LEAKAGE,2,4,0.0,0.0,0.0,56089.824,1577.2573,6688.2036,71878.18,0.0,0.0
TO_STREAM_FLOW_OUT,2,4,0.0,0.0,0.0,0.0,0.0,0.0,0.0,0.0,0.0
TO_ZONE_0,2,4,0.0,0.0,0.0,0.0,0.0,0.0,0.0,0.0,0.0
TO_haweaflat,2,4,0.0,0.0,63817.59,11937.359,801.6344,0.0,0.0,0.0,0.0
TO_moraine_top,2,4,0.0,397.17654,0.0,0.0,0.0,0.0,0.0,0.0,0.0
TO_river_zone,2,4,0.0,58527.71,0.0,0.0,166.08195,0.0,3.330733,70.47069,3696.4478
TO_main_terrace,2,4,0.0,16876.611,0.0,32835.883,0.0,1680.8501,1712.0458,450.219,0.0
TO_sandy_point,2,4,0.0,0.0,0.0,0.0,6498.556,0.0,12.87611,0.0,0.0
TO_clutha,2,4,0.0,0.0,0.0,42.17196,64919.3,44.674667,0.0,7236.552,0.0
TO_sub_terrace,2,4,0.0,0.0,0.0,70.745735,5978.2607,0.0,893.6966,0.0,0.0
TO_mangawera,2,4,0.0,0.0,0.0,0.0,0.0,0.0,0.0,0.0,0.0
TOTAL_OUT,2,4,0.0,96270.56,68519.02,103255.766,80431.49,8442.298,74500.164,8198.035,3987.1638
IN-OUT,2,4,0.0,173262.78,26465.828,802286300.0,119831016.0,2831684600.0,9008215000.0,0.0009765625,0.0
PERCENT_DISCREPANCY,2,4,,94.729866,32.373333,199.94855,199.73189,199.99881,199.99667,1.1912153e-05,0.0
FROM_STORAGE,3,4,0.0,0.0001622375,0.0,0.0009030999,0.025252728,0.0010219167,0.0014501301,0.0010860737,0.020499863
FROM_CONSTANT_HEAD,3,4,0.0,0.0,0.0,0.0,0.0,0.0,0.0,0.0,0.0
FROM_WELLS,3,4,0.0,4777.7715,18.260052,1438.9762,8504.589,0.0,0.0,77.06712,1081.1698
FROM_HEAD_DEP_BOUNDS,3,4,0.0,0.0,67679.94,0.0,0.0,0.0,0.0,0.0,0.0
FROM_RECHARGE,3,4,0.0,11435.957,1631.3204,4484.366,15251.537,1894.4105,2240.9023,1178.2632,2905.9722
FROM_STREAM_LEAKAGE,3,4,0.0,3500.0,1100.0,34760.47,3119.7043,36.55455,16.53421,0.0,0.0
FROM_STREAM_FLOW_OUT,3,4,0.0,173263.03,26465.953,802473860.0,119833980.0,2831684600.0,9008223000.0,0.0,0.0
FROM_ZONE_0,3,4,0.0,0.0,0.0,0.0,0.0,0.0,0.0,0.0,0.0
FROM_haweaflat,3,4,0.0,0.0,401.3229,60260.125,16912.143,0.0,0.0,0.0,0.0
FROM_moraine_top,3,4,0.0,66572.67,0.0,0.0,0.0,0.0,0.0,0.0,0.0
FROM_river_zone,3,4,0.0,12000.775,0.0,0.0,32836.188,0.0,42.17196,70.74453,0.0
FROM_main_terrace,3,4,0.0,801.68604,0.0,166.11546,0.0,6498.5566,64919.52,5978.3613,0.0
FROM_sandy_point,3,4,0.0,0.0,0.0,0.0,1680.8503,0.0,44.674667,0.0,0.0
FROM_clutha,3,4,0.0,0.0,0.0,3.3307328,1712.0713,12.87611,0.0,893.70337,0.0
FROM_sub_terrace,3,4,0.0,0.0,0.0,70.47097,450.1937,0.0,7236.5806,0.0,0.0
FROM_mangawera,3,4,0.0,0.0,0.0,3696.3696,0.0,0.0,0.0,0.0,0.0
TOTAL_IN,3,4,0.0,272351.9,97296.79,802578800.0,119914450.0,2831693000.0,9008297000.0,8198.141,3987.1626
TO_STORAGE,3,4,0.0,16014.07,3930.0203,2469.3423,79.95011,0.0011759547,0.15817443,0.14995824,0.18679343
TO_CONSTANT_HEAD,3,4,0.0,0.0,0.0,0.0,0.0,0.0,0.0,0.0,0.0
TO_WELLS,3,4,0.0,5505.3066,0.0,0.0,445.89493,28.567646,0.0,440.7458,290.60635
TO_HEAD_DEP_BOUNDS,3,4,0.0,0.0,329.6792,0.0,0.0,0.0,0.0,0.0,0.0
TO_RECHARGE,3,4,0.0,0.0,0.0,0.0,0.0,0.0,0.0,0.0,0.0
TO_STREAM_LEAKAGE,3,4,0.0,0.0,0.0,57461.645,1577.2573,6688.2036,71878.28,0.0,0.0
TO_STREAM_FLOW_OUT,3,4,0.0,0.0,0.0,0.0,0.0,0.0,0.0,0.0,0.0
TO_ZONE_0,3,4,0.0,0.0,0.0,0.0,0.0,0.0,0.0,0.0,0.0
TO_haweaflat,3,4,0.0,0.0,66572.67,12000.775,801.68604,0.0,0.0,0.0,0.0
TO_moraine_top,3,4,0.0,401.3229,0.0,0.0,0.0,0.0,0.0,0.0,0.0
TO_river_zone,3,4,0.0,60260.125,0.0,0.0,166.11546,0.0,3.3307328,70.47097,3696.3696
TO_main_terrace,3,4,0.0,16912.143,0.0,32836.188,0.0,1680.8503,1712.0713,450.1937,0.0
TO_sandy_point,3,4,0.0,0.0,0.0,0.0,6498.5566,0.0,12.87611,0.0,0.0
TO_clutha,3,4,0.0,0.0,0.0,42.17196,64919.52,44.674667,0.0,7236.5806,0.0
TO_sub_terrace,3,4,0.0,0.0,0.0,70.74453,5978.3613,0.0,893.70337,0.0,0.0
TO_mangawera,3,4,0.0,0.0,0.0,0.0,0.0,0.0,0.0,0.0,0.0
TOTAL_OUT,3,4,0.0,99092.97,70832.375,104880.87,80467.34,8442.298,74500.414,8198.141,3987.1628
IN-OUT,3,4,0.0,173258.94,26464.414,802473900.0,119833980.0,2831684600.0,9008222000.0,0.0,0.00024414062
PERCENT_DISCREPANCY,3,4,,93.28918,31.481054,199.94772,199.73178,199.99881,199.99667,0.0,6.123167e-06
FROM_STORAGE,4,4,0.0,7.905079e-05,0.0,0.0008271787,0.020438787,0.0010367719,0.0013194855,0.0009318695,0.018339725
FROM_CONSTANT_HEAD,4,4,0.0,0.0,0.0,0.0,0.0,0.0,0.0,0.0,0.0
FROM_WELLS,4,4,0.0,4777.7715,18.260052,1438.9762,8504.589,0.0,0.0,77.06712,1081.1698
FROM_HEAD_DEP_BOUNDS,4,4,0.0,0.0,69768.93,0.0,0.0,0.0,0.0,0.0,0.0
FROM_RECHARGE,4,4,0.0,11435.957,1631.3204,4484.366,15251.537,1894.4105,2240.9023,1178.2632,2905.9722
FROM_STREAM_LEAKAGE,4,4,0.0,3500.0,1100.0,34683.312,3119.7043,36.55455,16.53421,0.0,0.0
FROM_STREAM_FLOW_OUT,4,4,0.0,173263.03,26465.953,802654140.0,119836850.0,2831684600.0,9008230000.0,0.0,0.0
FROM_ZONE_0,4,4,0.0,0.0,0.0,0.0,0.0,0.0,0.0,0.0,0.0
FROM_haweaflat,4,4,0.0,0.0,404.32974,61894.387,16951.816,0.0,0.0,0.0,0.0
FROM_moraine_top,4,4,0.0,68968.66,0.0,0.0,0.0,0.0,0.0,0.0,0.0
FROM_river_zone,4,4,0.0,12048.867,0.0,0.0,32836.258,0.0,42.17196,70.742226,0.0
FROM_main_terrace,4,4,0.0,801.8386,0.0,166.17102,0.0,6498.556,64920.0,5978.536,0.0
FROM_sandy_point,4,4,0.0,0.0,0.0,0.0,1680.8503,0.0,44.674664,0.0,0.0
FROM_clutha,4,4,0.0,0.0,0.0,3.3307328,1712.1271,12.87611,0.0,893.7169,0.0
FROM_sub_terrace,4,4,0.0,0.0,0.0,70.47155,450.1533,0.0,7236.6436,0.0,0.0
FROM_mangawera,4,4,0.0,0.0,0.0,3696.3076,0.0,0.0,0.0,0.0,0.0
TOTAL_IN,4,4,0.0,274796.12,99388.79,802760600.0,119917350.0,2831693000.0,9008304000.0,8198.326,3987.1602
TO_STORAGE,4,4,0.0,16781.549,3625.4941,2624.1094,118.852585,0.0011460028,0.35817915,0.3118117,0.24647991
TO_CONSTANT_HEAD,4,4,0.0,0.0,0.0,0.0,0.0,0.0,0.0,0.0,0.0
TO_WELLS,4,4,0.0,5505.3066,0.0,0.0,445.89493,28.567646,0.0,440.7458,290.60635
TO_HEAD_DEP_BOUNDS,4,4,0.0,0.0,329.82617,0.0,0.0,0.0,0.0,0.0,0.0
TO_RECHARGE,4,4,0.0,0.0,0.0,0.0,0.0,0.0,0.0,0.0,0.0
TO_STREAM_LEAKAGE,4,4,0.0,0.0,0.0,58815.727,1577.2573,6688.2036,71878.445,0.0,0.0
TO_STREAM_FLOW_OUT,4,4,0.0,0.0,0.0,0.0,0.0,0.0,0.0,0.0,0.0
TO_ZONE_0,4,4,0.0,0.0,0.0,0.0,0.0,0.0,0.0,0.0,0.0
TO_haweaflat,4,4,0.0,0.0,68968.66,12048.867,801.8386,0.0,0.0,0.0,0.0
TO_moraine_top,4,4,0.0,404.32974,0.0,0.0,0.0,0.0,0.0,0.0,0.0
TO_river_zone,4,4,0.0,61894.387,0.0,0.0,166.17102,0.0,3.3307328,70.47155,3696.3076
TO_main_terrace,4,4,0.0,16951.816,0.0,32836.258,0.0,1680.8503,1712.1271,450.1533,0.0
TO_sandy_point,4,4,0.0,0.0,0.0,0.0,6498.556,0.0,12.87611,0.0,0.0
TO_clutha,4,4,0.0,0.0,0.0,42.17196,64920.0,44.674664,0.0,7236.6436,0.0
TO_sub_terrace,4,4,0.0,0.0,0.0,70.742226,5978.536,0.0,893.7169,0.0,0.0
TO_mangawera,4,4,0.0,0.0,0.0,0.0,0.0,0.0,0.0,0.0,0.0
TOTAL_OUT,4,4,0.0,101537.39,72923.98,106437.875,80507.11,8442.298,74500.85,8198.326,3987.1604
IN-OUT,4,4,0.0,173258.73,26464.812,802654140.0,119836850.0,2831684600.0,9008229000.0,0.0,0.00024414062
PERCENT_DISCREPANCY,4,4,,92.07723,30.717182,199.94698,199.73164,199.99881,199.99667,0.0,6.123171e-06
FROM_STORAGE,5,4,0.0,2.1022362e-05,0.0017142936,0.00075368985,0.016794777,0.0010662221,0.001221398,0.0008450828,0.015574326
FROM_CONSTANT_HEAD,5,4,0.0,0.0,0.0,0.0,0.0,0.0,0.0,0.0,0.0
FROM_WELLS,5,4,0.0,4777.7715,18.260052,1438.9762,8504.589,0.0,0.0,77.06712,1081.1698
FROM_HEAD_DEP_BOUNDS,5,4,0.0,0.0,71552.445,0.0,0.0,0.0,0.0,0.0,0.0
FROM_RECHARGE,5,4,0.0,11435.957,1631.3204,4484.366,15251.537,1894.4105,2240.9023,1178.2632,2905.9722
FROM_STREAM_LEAKAGE,5,4,0.0,3500.0,1100.0,34636.582,3119.7043,36.55455,16.53421,0.0,0.0
FROM_STREAM_FLOW_OUT,5,4,0.0,173263.03,26465.953,802830400.0,119839656.0,2831684600.0,9008238000.0,0.0,0.0
FROM_ZONE_0,5,4,0.0,0.0,0.0,0.0,0.0,0.0,0.0,0.0,0.0
FROM_haweaflat,5,4,0.0,0.0,406.81342,63464.14,16995.057,0.0,0.0,0.0,0.0
FROM_moraine_top,5,4,0.0,71145.27,0.0,0.0,0.0,0.0,0.0,0.0,0.0
FROM_river_zone,5,4,0.0,12087.021,0.0,0.0,32836.023,0.0,42.17196,70.73855,0.0
FROM_main_terrace,5,4,0.0,802.069,0.0,166.25107,0.0,6498.557,64920.82,5978.7905,0.0
FROM_sandy_point,5,4,0.0,0.0,0.0,0.0,1680.8503,0.0,44.674664,0.0,0.0
FROM_clutha,5,4,0.0,0.0,0.0,3.3307328,1712.2219,12.876111,0.0,893.7387,0.0
FROM_sub_terrace,5,4,0.0,0.0,0.0,70.472595,450.09808,0.0,7236.752,0.0,0.0
FROM_mangawera,5,4,0.0,0.0,0.0,3696.2568,0.0,0.0,0.0,0.0,0.0
TOTAL_IN,5,4,0.0,277011.12,101174.8,802938430.0,119920200.0,2831693000.0,9008311000.0,8198.599,3987.1577
TO_STORAGE,5,4,0.0,17381.275,3234.3225,2750.605,160.51921,0.001109137,0.6432035,0.529182,0.2941255
TO_CONSTANT_HEAD,5,4,0.0,0.0,0.0,0.0,0.0,0.0,0.0,0.0,0.0
TO_WELLS,5,4,0.0,5505.3066,0.0,0.0,445.89493,28.567646,0.0,440.7458,290.60635
TO_HEAD_DEP_BOUNDS,5,4,0.0,0.0,330.08398,0.0,0.0,0.0,0.0,0.0,0.0
TO_RECHARGE,5,4,0.0,0.0,0.0,0.0,0.0,0.0,0.0,0.0,0.0
TO_STREAM_LEAKAGE,5,4,0.0,0.0,0.0,60174.2,1577.2573,6688.2036,71878.98,0.0,0.0
TO_STREAM_FLOW_OUT,5,4,0.0,0.0,0.0,0.0,0.0,0.0,0.0,0.0,0.0
TO_ZONE_0,5,4,0.0,0.0,0.0,0.0,0.0,0.0,0.0,0.0,0.0
TO_haweaflat,5,4,0.0,0.0,71145.27,12087.021,802.069,0.0,0.0,0.0,0.0
TO_moraine_top,5,4,0.0,406.81342,0.0,0.0,0.0,0.0,0.0,0.0,0.0
TO_river_zone,5,4,0.0,63464.14,0.0,0.0,166.25107,0.0,3.3307328,70.472595,3696.2568
TO_main_terrace,5,4,0.0,16995.057,0.0,32836.023,0.0,1680.8503,1712.2219,450.09808,0.0
TO_sandy_point,5,4,0.0,0.0,0.0,0.0,6498.557,0.0,12.876111,0.0,0.0
TO_clutha,5,4,0.0,0.0,0.0,42.17196,64920.82,44.674664,0.0,7236.752,0.0
TO_sub_terrace,5,4,0.0,0.0,0.0,70.73855,5978.7905,0.0,893.7387,0.0,0.0
TO_mangawera,5,4,0.0,0.0,0.0,0.0,0.0,0.0,0.0,0.0,0.0
TOTAL_OUT,5,4,0.0,103752.586,74709.68,107960.766,80550.16,8442.298,74501.78,8198.598,3987.1572
IN-OUT,5,4,0.0,173258.53,26465.117,802830460.0,119839650.0,2831684600.0,9008237000.0,0.0009765625,0.00048828125
PERCENT_DISCREPANCY,5,4,,91.005806,30.093752,199.94623,199.7315,199.99881,199.99667,1.1911336e-05,1.224635e-05
FROM_STORAGE,6,4,0.0,1.0360532e-05,0.0032577757,0.0006461533,0.014546879,0.001093418,0.0011456617,0.00078321074,0.013246468
FROM_CONSTANT_HEAD,6,4,0.0,0.0,0.0,0.0,0.0,0.0,0.0,0.0,0.0
FROM_WELLS,6,4,0.0,4777.7715,18.260052,1438.9762,8504.589,0.0,0.0,77.06712,1081.1698
FROM_HEAD_DEP_BOUNDS,6,4,0.0,0.0,72875.42,0.0,0.0,0.0,0.0,0.0,0.0
FROM_RECHARGE,6,4,0.0,11435.957,1631.3204,4484.366,15251.537,1894.4105,2240.9023,1178.2632,2905.9722
FROM_STREAM_LEAKAGE,6,4,0.0,3500.0,1100.0,34631.94,3119.7043,36.55455,16.53421,0.0,0.0
FROM_STREAM_FLOW_OUT,6,4,0.0,173263.03,26465.953,803003260.0,119842420.0,2831684600.0,9008245000.0,0.0,0.0
FROM_ZONE_0,6,4,0.0,0.0,0.0,0.0,0.0,0.0,0.0,0.0,0.0
FROM_haweaflat,6,4,0.0,0.0,409.1306,64961.92,17041.309,0.0,0.0,0.0,0.0
FROM_moraine_top,6,4,0.0,72811.0,0.0,0.0,0.0,0.0,0.0,0.0,0.0
FROM_river_zone,6,4,0.0,12117.445,0.0,0.0,32835.43,0.0,42.17196,70.73335,0.0
FROM_main_terrace,6,4,0.0,802.3624,0.0,166.35695,0.0,6498.5566,64922.047,5979.1245,0.0
FROM_sandy_point,6,4,0.0,0.0,0.0,0.0,1680.8503,0.0,44.67466,0.0,0.0
FROM_clutha,6,4,0.0,0.0,0.0,3.3307328,1712.3602,12.876111,0.0,893.7699,0.0
FROM_sub_terrace,6,4,0.0,0.0,0.0,70.47428,450.02896,0.0,7236.914,0.0,0.0
FROM_mangawera,6,4,0.0,0.0,0.0,3696.2148,0.0,0.0,0.0,0.0,0.0
TOTAL_IN,6,4,0.0,278707.56,102500.09,803112770.0,119923000.0,2831693000.0,9008318000.0,8198.959,3987.1553
TO_STORAGE,6,4,0.0,17531.541,2893.4915,2837.6519,204.29688,0.0010753172,1.0082946,0.79490376,0.33408532
TO_CONSTANT_HEAD,6,4,0.0,0.0,0.0,0.0,0.0,0.0,0.0,0.0,0.0
TO_WELLS,6,4,0.0,5505.3066,0.0,0.0,445.89493,28.567646,0.0,440.7458,290.60635
TO_HEAD_DEP_BOUNDS,6,4,0.0,0.0,330.63477,0.0,0.0,0.0,0.0,0.0,0.0
TO_RECHARGE,6,4,0.0,0.0,0.0,0.0,0.0,0.0,0.0,0.0,0.0
TO_STREAM_LEAKAGE,6,4,0.0,0.0,0.0,61550.625,1577.2573,6688.2036,71879.88,0.0,0.0
TO_STREAM_FLOW_OUT,6,4,0.0,0.0,0.0,0.0,0.0,0.0,0.0,0.0,0.0
TO_ZONE_0,6,4,0.0,0.0,0.0,0.0,0.0,0.0,0.0,0.0,0.0
TO_haweaflat,6,4,0.0,0.0,72811.0,12117.445,802.3624,0.0,0.0,0.0,0.0
TO_moraine_top,6,4,0.0,409.1306,0.0,0.0,0.0,0.0,0.0,0.0,0.0
TO_river_zone,6,4,0.0,64961.92,0.0,0.0,166.35695,0.0,3.3307328,70.47428,3696.2148
TO_main_terrace,6,4,0.0,17041.309,0.0,32835.43,0.0,1680.8503,1712.3602,450.02896,0.0
TO_sandy_point,6,4,0.0,0.0,0.0,0.0,6498.5566,0.0,12.876111,0.0,0.0
TO_clutha,6,4,0.0,0.0,0.0,42.17196,64922.047,44.67466,0.0,7236.914,0.0
TO_sub_terrace,6,4,0.0,0.0,0.0,70.73335,5979.1245,0.0,893.7699,0.0,0.0
TO_mangawera,6,4,0.0,0.0,0.0,0.0,0.0,0.0,0.0,0.0,0.0
TOTAL_OUT,6,4,0.0,105449.2,76035.125,109454.055,80595.9,8442.298,74503.23,8198.958,3987.1553
IN-OUT,6,4,0.0,173258.36,26464.969,803003300.0,119842410.0,2831684600.0,9008244000.0,0.0009765625,0.0
PERCENT_DISCREPANCY,6,4,,90.20191,29.646778,199.94551,199.73137,199.99881,199.99667,1.1910811e-05,0.0
FROM_STORAGE,7,4,0.0,4.654009e-06,0.0,0.0005821249,0.012879828,0.0011024046,0.0011107562,0.0005698483,0.011891516
FROM_CONSTANT_HEAD,7,4,0.0,0.0,0.0,0.0,0.0,0.0,0.0,0.0,0.0
FROM_WELLS,7,4,0.0,4777.7715,18.260052,1438.9762,8504.589,0.0,0.0,77.06712,1081.1698
FROM_HEAD_DEP_BOUNDS,7,4,0.0,0.0,73745.945,0.0,0.0,0.0,0.0,0.0,0.0
FROM_RECHARGE,7,4,0.0,11435.957,1631.3204,4484.366,15251.537,1894.4105,2240.9023,1178.2632,2905.9722
FROM_STREAM_LEAKAGE,7,4,0.0,3500.0,1100.0,34626.426,3119.7043,36.55455,16.53421,0.0,0.0
FROM_STREAM_FLOW_OUT,7,4,0.0,173263.03,26465.953,803170560.0,119845090.0,2831684600.0,9008251000.0,0.0,0.0
FROM_ZONE_0,7,4,0.0,0.0,0.0,0.0,0.0,0.0,0.0,0.0,0.0
FROM_haweaflat,7,4,0.0,0.0,411.6005,66367.16,17089.828,0.0,0.0,0.0,0.0
FROM_moraine_top,7,4,0.0,74239.984,0.0,0.0,0.0,0.0,0.0,0.0,0.0
FROM_river_zone,7,4,0.0,12140.8545,0.0,0.0,32834.44,0.0,42.17196,70.7265,0.0
FROM_main_terrace,7,4,0.0,802.7092,0.0,166.48888,0.0,6498.557,64923.73,5979.537,0.0
FROM_sandy_point,7,4,0.0,0.0,0.0,0.0,1680.8503,0.0,44.67466,0.0,0.0
FROM_clutha,7,4,0.0,0.0,0.0,3.3307328,1712.5453,12.876111,0.0,893.81085,0.0
FROM_sub_terrace,7,4,0.0,0.0,0.0,70.47669,449.94788,0.0,7237.1367,0.0,0.0
FROM_mangawera,7,4,0.0,0.0,0.0,3696.1797,0.0,0.0,0.0,0.0,0.0
TOTAL_IN,7,4,0.0,280160.3,103373.08,803281500.0,119925720.0,2831693000.0,9008325000.0,8199.405,3987.1538
TO_STORAGE,7,4,0.0,17527.852,2336.84,2880.353,249.36911,0.0010623148,1.444455,1.099862,0.3678165
TO_CONSTANT_HEAD,7,4,0.0,0.0,0.0,0.0,0.0,0.0,0.0,0.0,0.0
TO_WELLS,7,4,0.0,5505.3066,0.0,0.0,445.89493,28.567646,0.0,440.7458,290.60635
TO_HEAD_DEP_BOUNDS,7,4,0.0,0.0,330.98828,0.0,0.0,0.0,0.0,0.0,0.0
TO_RECHARGE,7,4,0.0,0.0,0.0,0.0,0.0,0.0,0.0,0.0,0.0
TO_STREAM_LEAKAGE,7,4,0.0,0.0,0.0,62885.3,1577.2573,6688.2036,71881.04,0.0,0.0
TO_STREAM_FLOW_OUT,7,4,0.0,0.0,0.0,0.0,0.0,0.0,0.0,0.0,0.0
TO_ZONE_0,7,4,0.0,0.0,0.0,0.0,0.0,0.0,0.0,0.0,0.0
TO_haweaflat,7,4,0.0,0.0,74239.984,12140.8545,802.7092,0.0,0.0,0.0,0.0
TO_moraine_top,7,4,0.0,411.6005,0.0,0.0,0.0,0.0,0.0,0.0,0.0
TO_river_zone,7,4,0.0,66367.16,0.0,0.0,166.48888,0.0,3.3307328,70.47669,3696.1797
TO_main_terrace,7,4,0.0,17089.828,0.0,32834.44,0.0,1680.8503,1712.5453,449.94788,0.0
TO_sandy_point,7,4,0.0,0.0,0.0,0.0,6498.557,0.0,12.876111,0.0,0.0
TO_clutha,7,4,0.0,0.0,0.0,42.17196,64923.73,44.67466,0.0,7237.1367,0.0
TO_sub_terrace,7,4,0.0,0.0,0.0,70.7265,5979.537,0.0,893.81085,0.0,0.0
TO_mangawera,7,4,0.0,0.0,0.0,0.0,0.0,0.0,0.0,0.0,0.0
TOTAL_OUT,7,4,0.0,106901.74,76907.81,110853.85,80643.55,8442.298,74505.05,8199.407,3987.1538
IN-OUT,7,4,0.0,173258.56,26465.266,803170600.0,119845080.0,2831684600.0,9008250000.0,0.001953125,0.0
PERCENT_DISCREPANCY,7,4,,89.52495,29.360033,199.94481,199.73122,199.99881,199.99667,2.3820323e-05,0.0
FROM_STORAGE,8,4,0.0,1.8909869e-06,0.005895816,0.00052666134,0.011527826,0.0011156526,0.001087891,0.00040477575,0.010897345
FROM_CONSTANT_HEAD,8,4,0.0,0.0,0.0,0.0,0.0,0.0,0.0,0.0,0.0
FROM_WELLS,8,4,0.0,4777.7715,18.260052,1438.9762,8504.589,0.0,0.0,77.06712,1081.1698
FROM_HEAD_DEP_BOUNDS,8,4,0.0,0.0,74090.375,0.0,0.0,0.0,0.0,0.0,0.0
FROM_RECHARGE,8,4,0.0,11435.957,1631.3204,4484.366,15251.537,1894.4105,2240.9023,1178.2632,2905.9722
FROM_STREAM_LEAKAGE,8,4,0.0,3500.0,1100.0,34621.07,3119.7043,36.55455,16.53421,0.0,0.0
FROM_STREAM_FLOW_OUT,8,4,0.0,173263.03,26465.953,803330050.0,119847680.0,2831685600.0,9008260000.0,0.0,0.0
FROM_ZONE_0,8,4,0.0,0.0,0.0,0.0,0.0,0.0,0.0,0.0,0.0
FROM_haweaflat,8,4,0.0,0.0,414.90918,67664.69,17139.752,0.0,0.0,0.0,0.0
FROM_moraine_top,8,4,0.0,75078.08,0.0,0.0,0.0,0.0,0.0,0.0,0.0
FROM_river_zone,8,4,0.0,12157.691,0.0,0.0,32833.04,0.0,42.17196,70.71815,0.0
FROM_main_terrace,8,4,0.0,803.0994,0.0,166.64641,0.0,6498.557,64925.895,5980.029,0.0
FROM_sandy_point,8,4,0.0,0.0,0.0,0.0,1680.8503,0.0,44.67466,0.0,0.0
FROM_clutha,8,4,0.0,0.0,0.0,3.3307328,1712.7762,12.876111,0.0,893.86206,0.0
FROM_sub_terrace,8,4,0.0,0.0,0.0,70.47977,449.8566,0.0,7237.423,0.0,0.0
FROM_mangawera,8,4,0.0,0.0,0.0,3696.1511,0.0,0.0,0.0,0.0,0.0
TOTAL_IN,8,4,0.0,281015.62,103720.82,803442240.0,119928360.0,2831694000.0,9008334000.0,8199.939,3987.1528
TO_STORAGE,8,4,0.0,17032.295,1845.8173,2879.0554,294.8325,0.0010461546,1.9408152,1.4354974,0.39516446
TO_CONSTANT_HEAD,8,4,0.0,0.0,0.0,0.0,0.0,0.0,0.0,0.0,0.0
TO_WELLS,8,4,0.0,5505.3066,0.0,0.0,445.89493,28.567646,0.0,440.7458,290.60635
TO_HEAD_DEP_BOUNDS,8,4,0.0,0.0,331.39502,0.0,0.0,0.0,0.0,0.0,0.0
TO_RECHARGE,8,4,0.0,0.0,0.0,0.0,0.0,0.0,0.0,0.0,0.0
TO_STREAM_LEAKAGE,8,4,0.0,0.0,0.0,64163.285,1577.2573,6688.2036,71882.73,0.0,0.0
TO_STREAM_FLOW_OUT,8,4,0.0,0.0,0.0,0.0,0.0,0.0,0.0,0.0,0.0
TO_ZONE_0,8,4,0.0,0.0,0.0,0.0,0.0,0.0,0.0,0.0,0.0
TO_haweaflat,8,4,0.0,0.0,75078.08,12157.691,803.0994,0.0,0.0,0.0,0.0
TO_moraine_top,8,4,0.0,414.90918,0.0,0.0,0.0,0.0,0.0,0.0,0.0
TO_river_zone,8,4,0.0,67664.69,0.0,0.0,166.64641,0.0,3.3307328,70.47977,3696.1511
TO_main_terrace,8,4,0.0,17139.752,0.0,32833.04,0.0,1680.8503,1712.7762,449.8566,0.0
TO_sandy_point,8,4,0.0,0.0,0.0,0.0,6498.557,0.0,12.876111,0.0,0.0
TO_clutha,8,4,0.0,0.0,0.0,42.17196,64925.895,44.67466,0.0,7237.423,0.0
TO_sub_terrace,8,4,0.0,0.0,0.0,70.71815,5980.029,0.0,893.86206,0.0,0.0
TO_mangawera,8,4,0.0,0.0,0.0,0.0,0.0,0.0,0.0,0.0,0.0
TOTAL_OUT,8,4,0.0,107756.95,77255.29,112145.96,80692.21,8442.298,74507.5,8199.94,3987.1526
IN-OUT,8,4,0.0,173258.67,26465.531,803330100.0,119847660.0,2831685600.0,9008259000.0,0.0009765625,0.00024414062
PERCENT_DISCREPANCY,8,4,,89.13113,29.24754,199.94418,199.73103,199.99881,199.99667,1.1909387e-05,6.123182e-06
FROM_STORAGE,9,4,0.0,5.517078e-07,0.0009894992,0.0005051568,0.010398224,0.0011120809,0.0010648563,0.00031268128,0.010242842
FROM_CONSTANT_HEAD,9,4,0.0,0.0,0.0,0.0,0.0,0.0,0.0,0.0,0.0
FROM_WELLS,9,4,0.0,4777.7715,18.260052,1438.9762,8504.589,0.0,0.0,77.06712,1081.1698
FROM_HEAD_DEP_BOUNDS,9,4,0.0,0.0,73930.44,0.0,0.0,0.0,0.0,0.0,0.0
FROM_RECHARGE,9,4,0.0,11435.957,1631.3204,4484.366,15251.537,1894.4105,2240.9023,1178.2632,2905.9722
FROM_STREAM_LEAKAGE,9,4,0.0,3500.0,1100.0,34614.86,3119.7043,36.55455,16.53421,0.0,0.0
FROM_STREAM_FLOW_OUT,9,4,0.0,173263.03,26465.953,803479550.0,119850080.0,2831685600.0,9008265000.0,0.0,0.0
FROM_ZONE_0,9,4,0.0,0.0,0.0,0.0,0.0,0.0,0.0,0.0,0.0
FROM_haweaflat,9,4,0.0,0.0,418.79236,68820.3,17190.404,0.0,0.0,0.0,0.0
FROM_moraine_top,9,4,0.0,75407.0,0.0,0.0,0.0,0.0,0.0,0.0,0.0
FROM_river_zone,9,4,0.0,12167.724,0.0,0.0,32831.21,0.0,42.17196,70.70811,0.0
FROM_main_terrace,9,4,0.0,803.52527,0.0,166.82863,0.0,6498.557,64928.566,5980.591,0.0
FROM_sandy_point,9,4,0.0,0.0,0.0,0.0,1680.8503,0.0,44.67466,0.0,0.0
FROM_clutha,9,4,0.0,0.0,0.0,3.3307328,1713.0521,12.876111,0.0,893.92334,0.0
FROM_sub_terrace,9,4,0.0,0.0,0.0,70.4838,449.75708,0.0,7237.7744,0.0,0.0
FROM_mangawera,9,4,0.0,0.0,0.0,3696.1301,0.0,0.0,0.0,0.0,0.0
TOTAL_IN,9,4,0.0,281355.0,103564.76,803592800.0,119930820.0,2831694000.0,9008339000.0,8200.553,3987.1523
TO_STORAGE,9,4,0.0,16161.364,1360.3254,2824.0864,339.99753,0.0010482498,2.485116,1.7919825,0.41595018
TO_CONSTANT_HEAD,9,4,0.0,0.0,0.0,0.0,0.0,0.0,0.0,0.0,0.0
TO_WELLS,9,4,0.0,5505.3066,0.0,0.0,445.89493,28.567646,0.0,440.7458,290.60635
TO_HEAD_DEP_BOUNDS,9,4,0.0,0.0,332.07324,0.0,0.0,0.0,0.0,0.0,0.0
TO_RECHARGE,9,4,0.0,0.0,0.0,0.0,0.0,0.0,0.0,0.0,0.0
TO_STREAM_LEAKAGE,9,4,0.0,0.0,0.0,65360.336,1577.2573,6688.2036,71884.95,0.0,0.0
TO_STREAM_FLOW_OUT,9,4,0.0,0.0,0.0,0.0,0.0,0.0,0.0,0.0,0.0
TO_ZONE_0,9,4,0.0,0.0,0.0,0.0,0.0,0.0,0.0,0.0,0.0
TO_haweaflat,9,4,0.0,0.0,75407.0,12167.724,803.52527,0.0,0.0,0.0,0.0
TO_moraine_top,9,4,0.0,418.79236,0.0,0.0,0.0,0.0,0.0,0.0,0.0
TO_river_zone,9,4,0.0,68820.3,0.0,0.0,166.82863,0.0,3.3307328,70.4838,3696.1301
TO_main_terrace,9,4,0.0,17190.404,0.0,32831.21,0.0,1680.8503,1713.0521,449.75708,0.0
TO_sandy_point,9,4,0.0,0.0,0.0,0.0,6498.557,0.0,12.876111,0.0,0.0
TO_clutha,9,4,0.0,0.0,0.0,42.17196,64928.566,44.67466,0.0,7237.7744,0.0
TO_sub_terrace,9,4,0.0,0.0,0.0,70.70811,5980.591,0.0,893.92334,0.0,0.0
TO_mangawera,9,4,0.0,0.0,0.0,0.0,0.0,0.0,0.0,0.0,0.0
TOTAL_OUT,9,4,0.0,108096.17,77099.4,113296.24,80741.22,8442.298,74510.62,8200.553,3987.1523
IN-OUT,9,4,0.0,173258.83,26465.36,803479550.0,119850070.0,2831685600.0,9008264000.0,0.0,0.0
PERCENT_DISCREPANCY,9,4,,88.97588,29.297853,199.94362,199.73088,199.99881,199.99667,0.0,0.0
FROM_STORAGE,10,4,0.0,0.0,0.0059164497,0.00044595962,0.009457209,0.001113301,0.001041234,0.00019622133,0.00969218
FROM_CONSTANT_HEAD,10,4,0.0,0.0,0.0,0.0,0.0,0.0,0.0,0.0,0.0
FROM_WELLS,10,4,0.0,4777.7715,18.260052,1438.9762,8504.589,0.0,0.0,77.06712,1081.1698
FROM_HEAD_DEP_BOUNDS,10,4,0.0,0.0,73301.195,0.0,0.0,0.0,0.0,0.0,0.0
FROM_RECHARGE,10,4,0.0,11435.957,1631.3204,4484.366,15251.537,1894.4105,2240.9023,1178.2632,2905.9722
FROM_STREAM_LEAKAGE,10,4,0.0,3500.0,1100.0,34608.73,3119.7043,36.55455,16.53421,0.0,0.0
FROM_STREAM_FLOW_OUT,10,4,0.0,173263.03,26465.953,803615500.0,119852270.0,2831685600.0,9008271000.0,0.0,0.0
FROM_ZONE_0,10,4,0.0,0.0,0.0,0.0,0.0,0.0,0.0,0.0,0.0
FROM_haweaflat,10,4,0.0,0.0,422.4985,69806.516,17241.361,0.0,0.0,0.0,0.0
FROM_moraine_top,10,4,0.0,75299.59,0.0,0.0,0.0,0.0,0.0,0.0,0.0
FROM_river_zone,10,4,0.0,12170.777,0.0,0.0,32828.94,0.0,42.17196,70.69659,0.0
FROM_main_terrace,10,4,0.0,803.98627,0.0,167.03421,0.0,6498.557,64931.766,5981.2183,0.0
FROM_sandy_point,10,4,0.0,0.0,0.0,0.0,1680.8505,0.0,44.674656,0.0,0.0
FROM_clutha,10,4,0.0,0.0,0.0,3.3307328,1713.37,12.876111,0.0,893.9947,0.0
FROM_sub_terrace,10,4,0.0,0.0,0.0,70.48871,449.65128,0.0,7238.193,0.0,0.0
FROM_mangawera,10,4,0.0,0.0,0.0,3696.1162,0.0,0.0,0.0,0.0,0.0
TOTAL_IN,10,4,0.0,281251.16,102939.234,803729800.0,119933060.0,2831694000.0,9008345000.0,8201.24,3987.1516
TO_STORAGE,10,4,0.0,15088.526,845.9368,2726.4028,386.22186,0.0010453586,3.0802288,2.1713176,0.43127835
TO_CONSTANT_HEAD,10,4,0.0,0.0,0.0,0.0,0.0,0.0,0.0,0.0,0.0
TO_WELLS,10,4,0.0,5505.3066,0.0,0.0,445.89493,28.567646,0.0,440.7458,290.60635
TO_HEAD_DEP_BOUNDS,10,4,0.0,0.0,332.38135,0.0,0.0,0.0,0.0,0.0,0.0
TO_RECHARGE,10,4,0.0,0.0,0.0,0.0,0.0,0.0,0.0,0.0,0.0
TO_STREAM_LEAKAGE,10,4,0.0,0.0,0.0,66450.21,1577.2573,6688.2036,71887.65,0.0,0.0
TO_STREAM_FLOW_OUT,10,4,0.0,0.0,0.0,0.0,0.0,0.0,0.0,0.0,0.0
TO_ZONE_0,10,4,0.0,0.0,0.0,0.0,0.0,0.0,0.0,0.0,0.0
TO_haweaflat,10,4,0.0,0.0,75299.59,12170.777,803.98627,0.0,0.0,0.0,0.0
TO_moraine_top,10,4,0.0,422.4985,0.0,0.0,0.0,0.0,0.0,0.0,0.0
TO_river_zone,10,4,0.0,69806.516,0.0,0.0,167.03421,0.0,3.3307328,70.48871,3696.1162
TO_main_terrace,10,4,0.0,17241.361,0.0,32828.94,0.0,1680.8505,1713.37,449.65128,0.0
TO_sandy_point,10,4,0.0,0.0,0.0,0.0,6498.557,0.0,12.876111,0.0,0.0
TO_clutha,10,4,0.0,0.0,0.0,42.17196,64931.766,44.674656,0.0,7238.193,0.0
TO_sub_terrace,10,4,0.0,0.0,0.0,70.69659,5981.2183,0.0,893.9947,0.0,0.0
TO_mangawera,10,4,0.0,0.0,0.0,0.0,0.0,0.0,0.0,0.0,0.0
TOTAL_OUT,10,4,0.0,108064.2,76477.914,114289.195,80791.94,8442.298,74514.29,8201.25,3987.1538
IN-OUT,10,4,0.0,173186.95,26461.32,803615500.0,119852264.0,2831685600.0,9008270000.0,0.009765625,0.0021972656
PERCENT_DISCREPANCY,10,4,,88.97001,29.496979,199.94312,199.73073,199.99881,199.99669,0.00011907491,5.5108638e-05
FROM_STORAGE,11,4,0.0,0.0,3.4830093,0.00043106056,0.008764655,0.0011116461,0.0010137343,0.00016243914,0.009198518
FROM_CONSTANT_HEAD,11,4,0.0,0.0,0.0,0.0,0.0,0.0,0.0,0.0,0.0
FROM_WELLS,11,4,0.0,4777.7715,18.260052,1438.9762,8504.589,0.0,0.0,77.06712,1081.1698
FROM_HEAD_DEP_BOUNDS,11,4,0.0,0.0,72259.6,0.0,0.0,0.0,0.0,0.0,0.0
FROM_RECHARGE,11,4,0.0,11435.957,1631.3204,4484.366,15251.537,1894.4105,2240.9023,1178.2632,2905.9722
FROM_STREAM_LEAKAGE,11,4,0.0,3500.0,1100.0,34602.44,3119.7043,36.55455,16.53421,0.0,0.0
FROM_STREAM_FLOW_OUT,11,4,0.0,173263.03,26465.953,803735550.0,119854216.0,2831686000.0,9008276000.0,0.0,0.0
FROM_ZONE_0,11,4,0.0,0.0,0.0,0.0,0.0,0.0,0.0,0.0,0.0
FROM_haweaflat,11,4,0.0,0.0,427.04297,70618.95,17290.88,0.0,0.0,0.0,0.0
FROM_moraine_top,11,4,0.0,74784.26,0.0,0.0,0.0,0.0,0.0,0.0,0.0
FROM_river_zone,11,4,0.0,12167.383,0.0,0.0,32826.242,0.0,42.171963,70.68371,0.0
FROM_main_terrace,11,4,0.0,804.4757,0.0,167.2613,0.0,6498.557,64935.465,5981.9033,0.0
FROM_sandy_point,11,4,0.0,0.0,0.0,0.0,1680.8505,0.0,44.674656,0.0,0.0
FROM_clutha,11,4,0.0,0.0,0.0,3.3307328,1713.726,12.876111,0.0,894.0757,0.0
FROM_sub_terrace,11,4,0.0,0.0,0.0,70.49446,449.5416,0.0,7238.6772,0.0,0.0
FROM_mangawera,11,4,0.0,0.0,0.0,3696.1096,0.0,0.0,0.0,0.0,0.0
TOTAL_IN,11,4,0.0,280732.88,101905.66,803850600.0,119935040.0,2831694300.0,9008350000.0,8201.993,3987.1511
TO_STORAGE,11,4,0.0,13696.733,304.058,2571.0447,428.40146,0.0010456567,3.687932,2.5459824,0.4370448
TO_CONSTANT_HEAD,11,4,0.0,0.0,0.0,0.0,0.0,0.0,0.0,0.0,0.0
TO_WELLS,11,4,0.0,5505.3066,0.0,0.0,445.89493,28.567646,0.0,440.7458,290.60635
TO_HEAD_DEP_BOUNDS,11,4,0.0,0.0,352.9297,0.0,0.0,0.0,0.0,0.0,0.0
TO_RECHARGE,11,4,0.0,0.0,0.0,0.0,0.0,0.0,0.0,0.0,0.0
TO_STREAM_LEAKAGE,11,4,0.0,0.0,0.0,67416.984,1577.2573,6688.2036,71890.664,0.0,0.0
TO_STREAM_FLOW_OUT,11,4,0.0,0.0,0.0,0.0,0.0,0.0,0.0,0.0,0.0
TO_ZONE_0,11,4,0.0,0.0,0.0,0.0,0.0,0.0,0.0,0.0,0.0
TO_haweaflat,11,4,0.0,0.0,74784.26,12167.383,804.4757,0.0,0.0,0.0,0.0
TO_moraine_top,11,4,0.0,427.04297,0.0,0.0,0.0,0.0,0.0,0.0,0.0
TO_river_zone,11,4,0.0,70618.95,0.0,0.0,167.2613,0.0,3.3307328,70.49446,3696.1096
TO_main_terrace,11,4,0.0,17290.88,0.0,32826.242,0.0,1680.8505,1713.726,449.5416,0.0
TO_sandy_point,11,4,0.0,0.0,0.0,0.0,6498.557,0.0,12.876111,0.0,0.0
TO_clutha,11,4,0.0,0.0,0.0,42.171963,64935.465,44.674656,0.0,7238.6772,0.0
TO_sub_terrace,11,4,0.0,0.0,0.0,70.68371,5981.9033,0.0,894.0757,0.0,0.0
TO_mangawera,11,4,0.0,0.0,0.0,0.0,0.0,0.0,0.0,0.0,0.0
TOTAL_OUT,11,4,0.0,107538.914,75441.24,115094.516,80839.22,8442.298,74518.36,8202.005,3987.153
IN-OUT,11,4,0.0,173193.97,26464.414,803735550.0,119854200.0,2831686000.0,9008275000.0,0.01171875,0.001953125
PERCENT_DISCREPANCY,11,4,,89.212746,29.8448,199.94275,199.73058,199.99883,199.99669,0.00014287676,4.8985465e-05
FROM_STORAGE,12,4,0.0,5.996111,251.13509,0.0004114843,0.008265577,0.0011081347,0.0009820247,8.7365785e-05,0.008627184
FROM_CONSTANT_HEAD,12,4,0.0,0.0,0.0,0.0,0.0,0.0,0.0,0.0,0.0
FROM_WELLS,12,4,0.0,4777.7715,18.260052,1438.9762,8504.589,0.0,0.0,77.06712,1081.1698
FROM_HEAD_DEP_BOUNDS,12,4,0.0,0.0,70886.35,0.0,0.0,0.0,0.0,0.0,0.0
FROM_RECHARGE,12,4,0.0,11435.957,1631.3204,4484.366,15251.537,1894.4105,2240.9023,1178.2632,2905.9722
FROM_STREAM_LEAKAGE,12,4,0.0,3500.0,1100.0,34596.04,3119.7043,36.55455,16.53421,0.0,0.0
FROM_STREAM_FLOW_OUT,12,4,0.0,173263.03,26465.953,803838300.0,119855870.0,2831686000.0,9008281000.0,0.0,0.0
FROM_ZONE_0,12,4,0.0,0.0,0.0,0.0,0.0,0.0,0.0,0.0,0.0
FROM_haweaflat,12,4,0.0,0.0,432.99762,71243.4,17338.107,0.0,0.0,0.0,0.0
FROM_moraine_top,12,4,0.0,73878.15,0.0,0.0,0.0,0.0,0.0,0.0,0.0
FROM_river_zone,12,4,0.0,12157.871,0.0,0.0,32823.14,0.0,42.171967,70.66952,0.0
FROM_main_terrace,12,4,0.0,804.9768,0.0,167.50697,0.0,6498.557,64939.65,5982.637,0.0
FROM_sandy_point,12,4,0.0,0.0,0.0,0.0,1680.8505,0.0,44.674656,0.0,0.0
FROM_clutha,12,4,0.0,0.0,0.0,3.3307328,1714.1143,12.876111,0.0,894.1652,0.0
FROM_sub_terrace,12,4,0.0,0.0,0.0,70.50129,449.42996,0.0,7239.2236,0.0,0.0
FROM_mangawera,12,4,0.0,0.0,0.0,3696.1108,0.0,0.0,0.0,0.0,0.0
TOTAL_IN,12,4,0.0,279823.75,100786.02,803954000.0,119936744.0,2831694300.0,9008354000.0,8202.803,3987.1506
TO_STORAGE,12,4,0.0,12101.888,0.028073253,2373.087,467.3299,0.0010481129,4.305971,2.9153745,0.4353354
TO_CONSTANT_HEAD,12,4,0.0,0.0,0.0,0.0,0.0,0.0,0.0,0.0,0.0
TO_WELLS,12,4,0.0,5505.3066,0.0,0.0,445.89493,28.567646,0.0,440.7458,290.60635
TO_HEAD_DEP_BOUNDS,12,4,0.0,0.0,440.07373,0.0,0.0,0.0,0.0,0.0,0.0
TO_RECHARGE,12,4,0.0,0.0,0.0,0.0,0.0,0.0,0.0,0.0,0.0
TO_STREAM_LEAKAGE,12,4,0.0,0.0,0.0,68245.06,1577.2573,6688.2036,71894.32,0.0,0.0
TO_STREAM_FLOW_OUT,12,4,0.0,0.0,0.0,0.0,0.0,0.0,0.0,0.0,0.0
TO_ZONE_0,12,4,0.0,0.0,0.0,0.0,0.0,0.0,0.0,0.0,0.0
TO_haweaflat,12,4,0.0,0.0,73878.15,12157.871,804.9768,0.0,0.0,0.0,0.0
TO_moraine_top,12,4,0.0,432.99762,0.0,0.0,0.0,0.0,0.0,0.0,0.0
TO_river_zone,12,4,0.0,71243.4,0.0,0.0,167.50697,0.0,3.3307328,70.50129,3696.1108
TO_main_terrace,12,4,0.0,17338.107,0.0,32823.14,0.0,1680.8505,1714.1143,449.42996,0.0
TO_sandy_point,12,4,0.0,0.0,0.0,0.0,6498.557,0.0,12.876111,0.0,0.0
TO_clutha,12,4,0.0,0.0,0.0,42.171967,64939.65,44.674656,0.0,7239.2236,0.0
TO_sub_terrace,12,4,0.0,0.0,0.0,70.66952,5982.637,0.0,894.1652,0.0,0.0
TO_mangawera,12,4,0.0,0.0,0.0,0.0,0.0,0.0,0.0,0.0,0.0
TOTAL_OUT,12,4,0.0,106621.7,74318.25,115712.0,80883.81,8442.298,74523.11,8202.816,3987.1526
IN-OUT,12,4,0.0,173202.05,26467.773,803838300.0,119855864.0,2831686000.0,9008280000.0,0.013671875,0.001953125
PERCENT_DISCREPANCY,12,4,,89.63855,30.23087,199.94244,199.73044,199.99883,199.99669,0.00016667308,4.8985472e-05
FROM_STORAGE,13,4,0.0,26.46649,782.9415,0.0003665568,0.007888372,0.0011077157,0.00096307625,3.381154e-05,0.008088993
FROM_CONSTANT_HEAD,13,4,0.0,0.0,0.0,0.0,0.0,0.0,0.0,0.0,0.0
FROM_WELLS,13,4,0.0,4777.7715,18.260052,1438.9762,8504.589,0.0,0.0,77.06712,1081.1698
FROM_HEAD_DEP_BOUNDS,13,4,0.0,0.0,69142.72,0.0,0.0,0.0,0.0,0.0,0.0
FROM_RECHARGE,13,4,0.0,11435.957,1631.3204,4484.366,15251.537,1894.4105,2240.9023,1178.2632,2905.9722
FROM_STREAM_LEAKAGE,13,4,0.0,3500.0,1100.0,34589.4,3119.7043,36.55455,16.53421,0.0,0.0
FROM_STREAM_FLOW_OUT,13,4,0.0,173263.03,26465.953,803922050.0,119857230.0,2831686000.0,9008285000.0,0.0,0.0
FROM_ZONE_0,13,4,0.0,0.0,0.0,0.0,0.0,0.0,0.0,0.0,0.0
FROM_haweaflat,13,4,0.0,0.0,439.5985,71667.68,17382.176,0.0,0.0,0.0,0.0
FROM_moraine_top,13,4,0.0,72568.98,0.0,0.0,0.0,0.0,0.0,0.0,0.0
FROM_river_zone,13,4,0.0,12142.489,0.0,0.0,32819.66,0.0,42.171974,70.65428,0.0
FROM_main_terrace,13,4,0.0,805.4746,0.0,167.76772,0.0,6498.557,64944.28,5983.407,0.0
FROM_sandy_point,13,4,0.0,0.0,0.0,0.0,1680.8505,0.0,44.674656,0.0,0.0
FROM_clutha,13,4,0.0,0.0,0.0,3.3307328,1714.5282,12.876111,0.0,894.2625,0.0
FROM_sub_terrace,13,4,0.0,0.0,0.0,70.50894,449.31903,0.0,7239.8267,0.0,0.0
FROM_mangawera,13,4,0.0,0.0,0.0,3696.1191,0.0,0.0,0.0,0.0,0.0
TOTAL_IN,13,4,0.0,278520.16,99580.8,804038200.0,119938140.0,2831694300.0,9008358000.0,8203.654,3987.15
TO_STORAGE,13,4,0.0,10314.235,4.1785686e-13,2134.0134,502.24155,0.0010475409,4.9194655,3.2697895,0.42655295
TO_CONSTANT_HEAD,13,4,0.0,0.0,0.0,0.0,0.0,0.0,0.0,0.0,0.0
TO_WELLS,13,4,0.0,5505.3066,0.0,0.0,445.89493,28.567646,0.0,440.7458,290.60635
TO_HEAD_DEP_BOUNDS,13,4,0.0,0.0,541.10156,0.0,0.0,0.0,0.0,0.0,0.0
TO_RECHARGE,13,4,0.0,0.0,0.0,0.0,0.0,0.0,0.0,0.0,0.0
TO_STREAM_LEAKAGE,13,4,0.0,0.0,0.0,68919.9,1577.2573,6688.2036,71898.37,0.0,0.0
TO_STREAM_FLOW_OUT,13,4,0.0,0.0,0.0,0.0,0.0,0.0,0.0,0.0,0.0
TO_ZONE_0,13,4,0.0,0.0,0.0,0.0,0.0,0.0,0.0,0.0,0.0
TO_haweaflat,13,4,0.0,0.0,72568.98,12142.489,805.4746,0.0,0.0,0.0,0.0
TO_moraine_top,13,4,0.0,439.5985,0.0,0.0,0.0,0.0,0.0,0.0,0.0
TO_river_zone,13,4,0.0,71667.68,0.0,0.0,167.76772,0.0,3.3307328,70.50894,3696.1191
TO_main_terrace,13,4,0.0,17382.176,0.0,32819.66,0.0,1680.8505,1714.5282,449.31903,0.0
TO_sandy_point,13,4,0.0,0.0,0.0,0.0,6498.557,0.0,12.876111,0.0,0.0
TO_clutha,13,4,0.0,0.0,0.0,42.171974,64944.28,44.674656,0.0,7239.8267,0.0
TO_sub_terrace,13,4,0.0,0.0,0.0,70.65428,5983.407,0.0,894.2625,0.0,0.0
TO_mangawera,13,4,0.0,0.0,0.0,0.0,0.0,0.0,0.0,0.0,0.0
TOTAL_OUT,13,4,0.0,105309.0,73110.08,116128.89,80924.88,8442.298,74528.29,8203.67,3987.152
IN-OUT,13,4,0.0,173211.16,26470.719,803922050.0,119857220.0,2831686000.0,9008284000.0,0.015625,0.0021972656
PERCENT_DISCREPANCY,13,4,,90.2543,30.656767,199.94223,199.73029,199.99883,199.99667,0.00019046372,5.5108667e-05
FROM_STORAGE,14,4,0.0,90.45602,1263.8184,0.0003379431,0.0075146677,0.0011055642,0.0009216141,1.6884982e-05,0.0074973614
FROM_CONSTANT_HEAD,14,4,0.0,0.0,0.0,0.0,0.0,0.0,0.0,0.0,0.0
FROM_WELLS,14,4,0.0,4777.7715,18.260052,1438.9762,8504.589,0.0,0.0,77.06712,1081.1698
FROM_HEAD_DEP_BOUNDS,14,4,0.0,0.0,67011.625,0.0,0.0,0.0,0.0,0.0,0.0
FROM_RECHARGE,14,4,0.0,11435.957,1631.3204,4484.366,15251.537,1894.4105,2240.9023,1178.2632,2905.9722
FROM_STREAM_LEAKAGE,14,4,0.0,3500.0,1100.0,34582.875,3119.7043,36.55455,16.53421,0.0,0.0
FROM_STREAM_FLOW_OUT,14,4,0.0,173263.03,26465.953,803984100.0,119858250.0,2831686100.0,9008288000.0,0.0,0.0
FROM_ZONE_0,14,4,0.0,0.0,0.0,0.0,0.0,0.0,0.0,0.0,0.0
FROM_haweaflat,14,4,0.0,0.0,447.01605,71878.42,17422.465,0.0,0.0,0.0,0.0
FROM_moraine_top,14,4,0.0,70820.78,0.0,0.0,0.0,0.0,0.0,0.0,0.0
FROM_river_zone,14,4,0.0,12121.41,0.0,0.0,32815.85,0.0,42.17203,70.6382,0.0
FROM_main_terrace,14,4,0.0,805.9593,0.0,168.0399,0.0,6498.557,64949.312,5984.2026,0.0
FROM_sandy_point,14,4,0.0,0.0,0.0,0.0,1680.8505,0.0,44.674656,0.0,0.0
FROM_clutha,14,4,0.0,0.0,0.0,3.3307328,1714.9603,12.876111,0.0,894.3662,0.0
FROM_sub_terrace,14,4,0.0,0.0,0.0,70.51744,449.21115,0.0,7240.479,0.0,0.0
FROM_mangawera,14,4,0.0,0.0,0.0,3696.134,0.0,0.0,0.0,0.0,0.0
TOTAL_IN,14,4,0.0,276815.38,97937.99,804100500.0,119939200.0,2831694600.0,9008361000.0,8204.537,3987.1494
TO_STORAGE,14,4,0.0,8340.756,0.0,1854.2255,532.623,0.0010491505,5.5136275,3.6009738,0.41076458
TO_CONSTANT_HEAD,14,4,0.0,0.0,0.0,0.0,0.0,0.0,0.0,0.0,0.0
TO_WELLS,14,4,0.0,5505.3066,0.0,0.0,445.89493,28.567646,0.0,440.7458,290.60635
TO_HEAD_DEP_BOUNDS,14,4,0.0,0.0,643.6367,0.0,0.0,0.0,0.0,0.0,0.0
TO_RECHARGE,14,4,0.0,0.0,0.0,0.0,0.0,0.0,0.0,0.0,0.0
TO_STREAM_LEAKAGE,14,4,0.0,0.0,0.0,69427.55,1577.2573,6688.2036,71902.92,0.0,0.0
TO_STREAM_FLOW_OUT,14,4,0.0,0.0,0.0,0.0,0.0,0.0,0.0,0.0,0.0
TO_ZONE_0,14,4,0.0,0.0,0.0,0.0,0.0,0.0,0.0,0.0,0.0
TO_haweaflat,14,4,0.0,0.0,70820.78,12121.41,805.9593,0.0,0.0,0.0,0.0
TO_moraine_top,14,4,0.0,447.01605,0.0,0.0,0.0,0.0,0.0,0.0,0.0
TO_river_zone,14,4,0.0,71878.42,0.0,0.0,168.0399,0.0,3.3307328,70.51744,3696.134
TO_main_terrace,14,4,0.0,17422.465,0.0,32815.85,0.0,1680.8505,1714.9603,449.21115,0.0
TO_sandy_point,14,4,0.0,0.0,0.0,0.0,6498.557,0.0,12.876111,0.0,0.0
TO_clutha,14,4,0.0,0.0,0.0,42.17203,64949.312,44.674656,0.0,7240.479,0.0
TO_sub_terrace,14,4,0.0,0.0,0.0,70.6382,5984.2026,0.0,894.3662,0.0,0.0
TO_mangawera,14,4,0.0,0.0,0.0,0.0,0.0,0.0,0.0,0.0,0.0
TOTAL_OUT,14,4,0.0,103593.97,71464.42,116331.85,80961.84,8442.298,74533.97,8204.555,3987.1511
IN-OUT,14,4,0.0,173221.4,26473.57,803984100.0,119858240.0,2831686100.0,9008287000.0,0.017578125,0.0017089844
PERCENT_DISCREPANCY,14,4,,91.07105,31.255247,199.94212,199.73018,199.9988,199.99669,0.0002142486,4.28623e-05
FROM_STORAGE,15,4,0.0,914.4105,1648.8665,25.747135,0.0071806516,0.001103166,0.0008922074,1.3302092e-05,0.00678671
FROM_CONSTANT_HEAD,15,4,0.0,0.0,0.0,0.0,0.0,0.0,0.0,0.0,0.0
FROM_WELLS,15,4,0.0,4777.7715,18.260052,1438.9762,8504.589,0.0,0.0,77.06712,1081.1698
FROM_HEAD_DEP_BOUNDS,15,4,0.0,0.0,64487.945,0.0,0.0,0.0,0.0,0.0,0.0
FROM_RECHARGE,15,4,0.0,11435.957,1631.3204,4484.366,15251.537,1894.4105,2240.9023,1178.2632,2905.9722
FROM_STREAM_LEAKAGE,15,4,0.0,3500.0,1100.0,34576.582,3119.7043,36.55455,16.53421,0.0,0.0
FROM_STREAM_FLOW_OUT,15,4,0.0,173263.03,26465.953,804024300.0,119858910.0,2831686100.0,9008289000.0,0.0,0.0
FROM_ZONE_0,15,4,0.0,0.0,0.0,0.0,0.0,0.0,0.0,0.0,0.0
FROM_haweaflat,15,4,0.0,0.0,453.91028,71859.99,17457.875,0.0,0.0,0.0,0.0
FROM_moraine_top,15,4,0.0,68584.71,0.0,0.0,0.0,0.0,0.0,0.0,0.0
FROM_river_zone,15,4,0.0,12094.641,0.0,0.0,32811.742,0.0,42.172077,70.62151,0.0
FROM_main_terrace,15,4,0.0,806.42456,0.0,168.32007,0.0,6498.557,64954.676,5985.0103,0.0
FROM_sandy_point,15,4,0.0,0.0,0.0,0.0,1680.8505,0.0,44.674656,0.0,0.0
FROM_clutha,15,4,0.0,0.0,0.0,3.330733,1715.4034,12.876111,0.0,894.47504,0.0
FROM_sub_terrace,15,4,0.0,0.0,0.0,70.526665,449.10843,0.0,7241.1743,0.0,0.0
FROM_mangawera,15,4,0.0,0.0,0.0,3696.1562,0.0,0.0,0.0,0.0,0.0
TOTAL_IN,15,4,0.0,275376.94,95806.26,804140700.0,119939890.0,2831694600.0,9008362000.0,8205.437,3987.149
TO_STORAGE,15,4,0.0,6838.347,0.0048296107,1550.7294,554.83325,0.0010507817,6.0478687,3.8821843,0.38615066
TO_CONSTANT_HEAD,15,4,0.0,0.0,0.0,0.0,0.0,0.0,0.0,0.0,0.0
TO_WELLS,15,4,0.0,5505.3066,0.0,0.0,445.89493,28.567646,0.0,440.7458,290.60635
TO_HEAD_DEP_BOUNDS,15,4,0.0,0.0,755.022,0.0,0.0,0.0,0.0,0.0,0.0
TO_RECHARGE,15,4,0.0,0.0,0.0,0.0,0.0,0.0,0.0,0.0,0.0
TO_STREAM_LEAKAGE,15,4,0.0,0.0,0.0,69754.36,1577.2573,6688.2036,71907.96,0.0,0.0
TO_STREAM_FLOW_OUT,15,4,0.0,0.0,0.0,0.0,0.0,0.0,0.0,0.0,0.0
TO_ZONE_0,15,4,0.0,0.0,0.0,0.0,0.0,0.0,0.0,0.0,0.0
TO_haweaflat,15,4,0.0,0.0,68584.71,12094.641,806.42456,0.0,0.0,0.0,0.0
TO_moraine_top,15,4,0.0,453.91028,0.0,0.0,0.0,0.0,0.0,0.0,0.0
TO_river_zone,15,4,0.0,71859.99,0.0,0.0,168.32007,0.0,3.330733,70.526665,3696.1562
TO_main_terrace,15,4,0.0,17457.875,0.0,32811.742,0.0,1680.8505,1715.4034,449.10843,0.0
TO_sandy_point,15,4,0.0,0.0,0.0,0.0,6498.557,0.0,12.876111,0.0,0.0
TO_clutha,15,4,0.0,0.0,0.0,42.172077,64954.676,44.674656,0.0,7241.1743,0.0
TO_sub_terrace,15,4,0.0,0.0,0.0,70.62151,5985.0103,0.0,894.47504,0.0,0.0
TO_mangawera,15,4,0.0,0.0,0.0,0.0,0.0,0.0,0.0,0.0,0.0
TOTAL_OUT,15,4,0.0,102115.43,69339.734,116324.266,80990.97,8442.298,74540.09,8205.4375,3987.1487
IN-OUT,15,4,0.0,173261.5,26466.523,804024300.0,119858900.0,2831686100.0,9008288000.0,0.0009765625,0.00024414062
PERCENT_DISCREPANCY,15,4,,91.79603,32.052273,199.94214,199.73007,199.9988,199.99667,1.1901407e-05,6.123188e-06
FROM_STORAGE,16,4,0.0,2321.1035,1974.5885,99.80934,0.006867278,0.0011000264,0.0008639785,9.842424e-06,0.0061619165
FROM_CONSTANT_HEAD,16,4,0.0,0.0,0.0,0.0,0.0,0.0,0.0,0.0,0.0
FROM_WELLS,16,4,0.0,4777.7715,18.260052,1438.9762,8504.589,0.0,0.0,77.06712,1081.1698
FROM_HEAD_DEP_BOUNDS,16,4,0.0,0.0,61666.28,0.0,0.0,0.0,0.0,0.0,0.0
FROM_RECHARGE,16,4,0.0,11435.957,1631.3204,4484.366,15251.537,1894.4105,2240.9023,1178.2632,2905.9722
FROM_STREAM_LEAKAGE,16,4,0.0,3500.0,1100.0,34570.555,3119.7043,36.55455,16.53421,0.0,0.0
FROM_STREAM_FLOW_OUT,16,4,0.0,173263.03,26465.953,804039300.0,119859180.0,2831686100.0,9008290000.0,0.0,0.0
FROM_ZONE_0,16,4,0.0,0.0,0.0,0.0,0.0,0.0,0.0,0.0,0.0
FROM_haweaflat,16,4,0.0,0.0,459.9805,71601.29,17487.549,0.0,0.0,0.0,0.0
FROM_moraine_top,16,4,0.0,65988.49,0.0,0.0,0.0,0.0,0.0,0.0,0.0
FROM_river_zone,16,4,0.0,12062.284,0.0,0.0,32807.4,0.0,42.172142,70.60444,0.0
FROM_main_terrace,16,4,0.0,806.8607,0.0,168.60384,0.0,6498.557,64960.332,5985.82,0.0
FROM_sandy_point,16,4,0.0,0.0,0.0,0.0,1680.8505,0.0,44.674656,0.0,0.0
FROM_clutha,16,4,0.0,0.0,0.0,3.3307333,1715.8495,12.876111,0.0,894.58746,0.0
FROM_sub_terrace,16,4,0.0,0.0,0.0,70.536575,449.0126,0.0,7241.905,0.0,0.0
FROM_mangawera,16,4,0.0,0.0,0.0,3696.1853,0.0,0.0,0.0,0.0,0.0
TOTAL_IN,16,4,0.0,274155.5,93316.39,804155460.0,119940190.0,2831694600.0,9008364000.0,8206.343,3987.148
TO_STORAGE,16,4,0.0,5839.2437,0.0006584955,1265.9519,573.3471,0.001053469,6.5648074,4.1439743,0.35654718
TO_CONSTANT_HEAD,16,4,0.0,0.0,0.0,0.0,0.0,0.0,0.0,0.0,0.0
TO_WELLS,16,4,0.0,5505.3066,0.0,0.0,445.89493,28.567646,0.0,440.7458,290.60635
TO_HEAD_DEP_BOUNDS,16,4,0.0,0.0,861.3281,0.0,0.0,0.0,0.0,0.0,0.0
TO_RECHARGE,16,4,0.0,0.0,0.0,0.0,0.0,0.0,0.0,0.0,0.0
TO_STREAM_LEAKAGE,16,4,0.0,0.0,0.0,69885.19,1577.2573,6688.2036,71913.34,0.0,0.0
TO_STREAM_FLOW_OUT,16,4,0.0,0.0,0.0,0.0,0.0,0.0,0.0,0.0,0.0
TO_ZONE_0,16,4,0.0,0.0,0.0,0.0,0.0,0.0,0.0,0.0,0.0
TO_haweaflat,16,4,0.0,0.0,65988.49,12062.284,806.8607,0.0,0.0,0.0,0.0
TO_moraine_top,16,4,0.0,459.9805,0.0,0.0,0.0,0.0,0.0,0.0,0.0
TO_river_zone,16,4,0.0,71601.29,0.0,0.0,168.60384,0.0,3.3307333,70.536575,3696.1853
TO_main_terrace,16,4,0.0,17487.549,0.0,32807.4,0.0,1680.8505,1715.8495,449.0126,0.0
TO_sandy_point,16,4,0.0,0.0,0.0,0.0,6498.557,0.0,12.876111,0.0,0.0
TO_clutha,16,4,0.0,0.0,0.0,42.172142,64960.332,44.674656,0.0,7241.905,0.0
TO_sub_terrace,16,4,0.0,0.0,0.0,70.60444,5985.82,0.0,894.58746,0.0,0.0
TO_mangawera,16,4,0.0,0.0,0.0,0.0,0.0,0.0,0.0,0.0,0.0
TOTAL_OUT,16,4,0.0,100893.37,66849.82,116133.59,81016.67,8442.298,74546.55,8206.344,3987.1482
IN-OUT,16,4,0.0,173262.12,26466.57,804039300.0,119859176.0,2831686100.0,9008289000.0,0.0009765625,0.00024414062
PERCENT_DISCREPANCY,16,4,,92.394424,33.048878,199.94223,199.73,199.9988,199.99669,1.1900092e-05,6.1231895e-06
FROM_STORAGE,17,4,0.0,3833.9976,2337.934,211.53815,0.006614751,0.0010970478,0.00084516953,1.0437857e-05,0.005470092
FROM_CONSTANT_HEAD,17,4,0.0,0.0,0.0,0.0,0.0,0.0,0.0,0.0,0.0
FROM_WELLS,17,4,0.0,4777.7715,18.260052,1438.9762,8504.589,0.0,0.0,77.06712,1081.1698
FROM_HEAD_DEP_BOUNDS,17,4,0.0,0.0,58631.367,0.0,0.0,0.0,0.0,0.0,0.0
FROM_RECHARGE,17,4,0.0,11435.957,1631.3204,4484.366,15251.537,1894.4105,2240.9023,1178.2632,2905.9722
FROM_STREAM_LEAKAGE,17,4,0.0,3500.0,1100.0,34564.875,3119.7043,36.55455,16.53421,0.0,0.0
FROM_STREAM_FLOW_OUT,17,4,0.0,173263.03,26465.953,804029440.0,119859064.0,2831686700.0,9008292000.0,0.0,0.0
FROM_ZONE_0,17,4,0.0,0.0,0.0,0.0,0.0,0.0,0.0,0.0,0.0
FROM_haweaflat,17,4,0.0,0.0,465.31094,71111.625,17510.848,0.0,0.0,0.0,0.0
FROM_moraine_top,17,4,0.0,63222.26,0.0,0.0,0.0,0.0,0.0,0.0,0.0
FROM_river_zone,17,4,0.0,12024.92,0.0,0.0,32802.867,0.0,42.172234,70.587166,0.0
FROM_main_terrace,17,4,0.0,807.2584,0.0,168.88754,0.0,6498.557,64966.188,5986.619,0.0
FROM_sandy_point,17,4,0.0,0.0,0.0,0.0,1680.8505,0.0,44.674656,0.0,0.0
FROM_clutha,17,4,0.0,0.0,0.0,3.3307335,1716.2914,12.876111,0.0,894.7021,0.0
FROM_sub_terrace,17,4,0.0,0.0,0.0,70.54708,448.92578,0.0,7242.659,0.0,0.0
FROM_mangawera,17,4,0.0,0.0,0.0,3696.221,0.0,0.0,0.0,0.0,0.0
TOTAL_IN,17,4,0.0,272865.2,90650.15,804145200.0,119940100.0,2831695000.0,9008366000.0,8207.238,3987.1475
TO_STORAGE,17,4,0.0,5009.34,0.0054025557,993.00586,585.12225,0.0010560578,7.0275435,4.361858,0.32028025
TO_CONSTANT_HEAD,17,4,0.0,0.0,0.0,0.0,0.0,0.0,0.0,0.0,0.0
TO_WELLS,17,4,0.0,5505.3066,0.0,0.0,445.89493,28.567646,0.0,440.7458,290.60635
TO_HEAD_DEP_BOUNDS,17,4,0.0,0.0,961.17236,0.0,0.0,0.0,0.0,0.0,0.0
TO_RECHARGE,17,4,0.0,0.0,0.0,0.0,0.0,0.0,0.0,0.0,0.0
TO_STREAM_LEAKAGE,17,4,0.0,0.0,0.0,69816.766,1577.2573,6688.2036,71918.88,0.0,0.0
TO_STREAM_FLOW_OUT,17,4,0.0,0.0,0.0,0.0,0.0,0.0,0.0,0.0,0.0
TO_ZONE_0,17,4,0.0,0.0,0.0,0.0,0.0,0.0,0.0,0.0,0.0
TO_haweaflat,17,4,0.0,0.0,63222.26,12024.92,807.2584,0.0,0.0,0.0,0.0
TO_moraine_top,17,4,0.0,465.31094,0.0,0.0,0.0,0.0,0.0,0.0,0.0
TO_river_zone,17,4,0.0,71111.625,0.0,0.0,168.88754,0.0,3.3307335,70.54708,3696.221
TO_main_terrace,17,4,0.0,17510.848,0.0,32802.867,0.0,1680.8505,1716.2914,448.92578,0.0
TO_sandy_point,17,4,0.0,0.0,0.0,0.0,6498.557,0.0,12.876111,0.0,0.0
TO_clutha,17,4,0.0,0.0,0.0,42.172234,64966.188,44.674656,0.0,7242.659,0.0
TO_sub_terrace,17,4,0.0,0.0,0.0,70.587166,5986.619,0.0,894.7021,0.0,0.0
TO_mangawera,17,4,0.0,0.0,0.0,0.0,0.0,0.0,0.0,0.0,0.0
TOTAL_OUT,17,4,0.0,99602.42,64183.44,115750.32,81035.78,8442.298,74553.11,8207.239,3987.1475
IN-OUT,17,4,0.0,173262.77,26466.707,804029440.0,119859064.0,2831686700.0,9008291000.0,0.0009765625,0.0
PERCENT_DISCREPANCY,17,4,,93.03507,34.187294,199.94241,199.72995,199.99881,199.99669,1.18987955e-05,0.0
FROM_STORAGE,18,4,0.0,5348.282,2696.8965,371.55273,0.006380209,0.0010948831,0.00083501404,9.35103e-06,0.0044849464
FROM_CONSTANT_HEAD,18,4,0.0,0.0,0.0,0.0,0.0,0.0,0.0,0.0,0.0
FROM_WELLS,18,4,0.0,4777.7715,18.260052,1438.9762,8504.589,0.0,0.0,77.06712,1081.1698
FROM_HEAD_DEP_BOUNDS,18,4,0.0,0.0,55480.035,0.0,0.0,0.0,0.0,0.0,0.0
FROM_RECHARGE,18,4,0.0,11435.957,1631.3204,4484.366,15251.537,1894.4105,2240.9023,1178.2632,2905.9722
FROM_STREAM_LEAKAGE,18,4,0.0,3500.0,1100.0,34559.656,3119.7043,36.55455,16.53421,0.0,0.0
FROM_STREAM_FLOW_OUT,18,4,0.0,173263.03,26465.953,803994900.0,119858540.0,2831687200.0,9008291000.0,0.0,0.0
FROM_ZONE_0,18,4,0.0,0.0,0.0,0.0,0.0,0.0,0.0,0.0,0.0
FROM_haweaflat,18,4,0.0,0.0,470.02014,70406.59,17527.49,0.0,0.0,0.0,0.0
FROM_moraine_top,18,4,0.0,60316.586,0.0,0.0,0.0,0.0,0.0,0.0,0.0
FROM_river_zone,18,4,0.0,11983.332,0.0,0.0,32798.21,0.0,42.172363,70.5701,0.0
FROM_main_terrace,18,4,0.0,807.6075,0.0,169.1669,0.0,6498.557,64972.188,5987.395,0.0
FROM_sandy_point,18,4,0.0,0.0,0.0,0.0,1680.8505,0.0,44.674656,0.0,0.0
FROM_clutha,18,4,0.0,0.0,0.0,3.3307347,1716.7213,12.876111,0.0,894.81744,0.0
FROM_sub_terrace,18,4,0.0,0.0,0.0,70.55802,448.84967,0.0,7243.4297,0.0,0.0
FROM_mangawera,18,4,0.0,0.0,0.0,3696.2617,0.0,0.0,0.0,0.0,0.0
TOTAL_IN,18,4,0.0,271432.56,87862.49,804110100.0,119939590.0,2831695600.0,9008365000.0,8208.113,3987.1465
TO_STORAGE,18,4,0.0,4259.8223,0.0,753.163,590.06494,0.0010578762,7.4246545,4.5310736,0.27821788
TO_CONSTANT_HEAD,18,4,0.0,0.0,0.0,0.0,0.0,0.0,0.0,0.0,0.0
TO_WELLS,18,4,0.0,5505.3066,0.0,0.0,445.89493,28.567646,0.0,440.7458,290.60635
TO_HEAD_DEP_BOUNDS,18,4,0.0,0.0,1079.2808,0.0,0.0,0.0,0.0,0.0,0.0
TO_RECHARGE,18,4,0.0,0.0,0.0,0.0,0.0,0.0,0.0,0.0,0.0
TO_STREAM_LEAKAGE,18,4,0.0,0.0,0.0,69552.805,1577.2573,6688.2036,71924.695,0.0,0.0
TO_STREAM_FLOW_OUT,18,4,0.0,0.0,0.0,0.0,0.0,0.0,0.0,0.0,0.0
TO_ZONE_0,18,4,0.0,0.0,0.0,0.0,0.0,0.0,0.0,0.0,0.0
TO_haweaflat,18,4,0.0,0.0,60316.586,11983.332,807.6075,0.0,0.0,0.0,0.0
TO_moraine_top,18,4,0.0,470.02014,0.0,0.0,0.0,0.0,0.0,0.0,0.0
TO_river_zone,18,4,0.0,70406.59,0.0,0.0,169.1669,0.0,3.3307347,70.55802,3696.2617
TO_main_terrace,18,4,0.0,17527.49,0.0,32798.21,0.0,1680.8505,1716.7213,448.84967,0.0
TO_sandy_point,18,4,0.0,0.0,0.0,0.0,6498.557,0.0,12.876111,0.0,0.0
TO_clutha,18,4,0.0,0.0,0.0,42.172363,64972.188,44.674656,0.0,7243.4297,0.0
TO_sub_terrace,18,4,0.0,0.0,0.0,70.5701,5987.395,0.0,894.81744,0.0,0.0
TO_mangawera,18,4,0.0,0.0,0.0,0.0,0.0,0.0,0.0,0.0,0.0
TOTAL_OUT,18,4,0.0,98169.234,61395.867,115200.25,81048.13,8442.298,74559.86,8208.114,3987.1462
IN-OUT,18,4,0.0,173263.33,26466.625,803994900.0,119858540.0,2831687200.0,9008290000.0,0.0009765625,0.00024414062
PERCENT_DISCREPANCY,18,4,,93.756744,35.464176,199.9427,199.72989,199.9988,199.99667,1.1897527e-05,6.1231917e-06
FROM_STORAGE,19,4,0.0,6878.833,2834.5823,597.4881,0.006146506,0.0010931842,0.0008163435,3.4229927e-06,0.004614268
FROM_CONSTANT_HEAD,19,4,0.0,0.0,0.0,0.0,0.0,0.0,0.0,0.0,0.0
FROM_WELLS,19,4,0.0,4777.7715,18.260052,1438.9762,8504.589,0.0,0.0,77.06712,1081.1698
FROM_HEAD_DEP_BOUNDS,19,4,0.0,0.0,52420.844,0.0,0.0,0.0,0.0,0.0,0.0
FROM_RECHARGE,19,4,0.0,11435.957,1631.3204,4484.366,15251.537,1894.4105,2240.9023,1178.2632,2905.9722
FROM_STREAM_LEAKAGE,19,4,0.0,3500.0,1100.0,34555.094,3119.7043,36.55455,16.53421,0.0,0.0
FROM_STREAM_FLOW_OUT,19,4,0.0,173263.03,26465.953,803936300.0,119857650.0,2831687700.0,9008289000.0,0.0,0.0
FROM_ZONE_0,19,4,0.0,0.0,0.0,0.0,0.0,0.0,0.0,0.0,0.0
FROM_haweaflat,19,4,0.0,0.0,474.19922,69490.92,17537.188,0.0,0.0,0.0,0.0
FROM_moraine_top,19,4,0.0,57255.75,0.0,0.0,0.0,0.0,0.0,0.0,0.0
FROM_river_zone,19,4,0.0,11937.868,0.0,0.0,32793.496,0.0,42.172474,70.55334,0.0
FROM_main_terrace,19,4,0.0,807.90137,0.0,169.4381,0.0,6498.557,64978.254,5988.1367,0.0
FROM_sandy_point,19,4,0.0,0.0,0.0,0.0,1680.8505,0.0,44.674656,0.0,0.0
FROM_clutha,19,4,0.0,0.0,0.0,3.330736,1717.132,12.876111,0.0,894.93195,0.0
FROM_sub_terrace,19,4,0.0,0.0,0.0,70.56929,448.78613,0.0,7244.2065,0.0,0.0
FROM_mangawera,19,4,0.0,0.0,0.0,3696.3071,0.0,0.0,0.0,0.0,0.0
TOTAL_IN,19,4,0.0,269857.12,84945.16,804050900.0,119938696.0,2831696100.0,9008362000.0,8208.952,3987.1465
TO_STORAGE,19,4,0.0,3585.7102,0.0,565.46173,588.0149,0.0010592481,7.746655,4.6458974,0.23280564
TO_CONSTANT_HEAD,19,4,0.0,0.0,0.0,0.0,0.0,0.0,0.0,0.0,0.0
TO_WELLS,19,4,0.0,5505.3066,0.0,0.0,445.89493,28.567646,0.0,440.7458,290.60635
TO_HEAD_DEP_BOUNDS,19,4,0.0,0.0,1222.6289,0.0,0.0,0.0,0.0,0.0,0.0
TO_RECHARGE,19,4,0.0,0.0,0.0,0.0,0.0,0.0,0.0,0.0,0.0
TO_STREAM_LEAKAGE,19,4,0.0,0.0,0.0,69096.72,1577.2573,6688.2036,71930.68,0.0,0.0
TO_STREAM_FLOW_OUT,19,4,0.0,0.0,0.0,0.0,0.0,0.0,0.0,0.0,0.0
TO_ZONE_0,19,4,0.0,0.0,0.0,0.0,0.0,0.0,0.0,0.0,0.0
TO_haweaflat,19,4,0.0,0.0,57255.75,11937.868,807.90137,0.0,0.0,0.0,0.0
TO_moraine_top,19,4,0.0,474.19922,0.0,0.0,0.0,0.0,0.0,0.0,0.0
TO_river_zone,19,4,0.0,69490.92,0.0,0.0,169.4381,0.0,3.330736,70.56929,3696.3071
TO_main_terrace,19,4,0.0,17537.188,0.0,32793.496,0.0,1680.8505,1717.132,448.78613,0.0
TO_sandy_point,19,4,0.0,0.0,0.0,0.0,6498.557,0.0,12.876111,0.0,0.0
TO_clutha,19,4,0.0,0.0,0.0,42.172474,64978.254,44.674656,0.0,7244.2065,0.0
TO_sub_terrace,19,4,0.0,0.0,0.0,70.55334,5988.1367,0.0,894.93195,0.0,0.0
TO_mangawera,19,4,0.0,0.0,0.0,0.0,0.0,0.0,0.0,0.0,0.0
TOTAL_OUT,19,4,0.0,96593.33,58478.38,114506.27,81053.45,8442.298,74566.695,8208.954,3987.1462
IN-OUT,19,4,0.0,173263.8,26466.777,803936400.0,119857640.0,2831687700.0,9008288000.0,0.001953125,0.00024414062
PERCENT_DISCREPANCY,19,4,,94.56329,36.90716,199.94305,199.72986,199.99881,199.99667,2.379262e-05,6.1231917e-06
FROM_STORAGE,20,4,0.0,8440.418,2974.4922,874.4262,0.005985163,0.0010917609,0.0008028192,3.1346722e-06,0.018128
FROM_CONSTANT_HEAD,20,4,0.0,0.0,0.0,0.0,0.0,0.0,0.0,0.0,0.0
FROM_WELLS,20,4,0.0,4777.7715,18.260052,1438.9762,8504.589,0.0,0.0,77.06712,1081.1698
FROM_HEAD_DEP_BOUNDS,20,4,0.0,0.0,49222.316,0.0,0.0,0.0,0.0,0.0,0.0
FROM_RECHARGE,20,4,0.0,11435.957,1631.3204,4484.366,15251.537,1894.4105,2240.9023,1178.2632,2905.9722
FROM_STREAM_LEAKAGE,20,4,0.0,3500.0,1100.0,34550.758,3119.7043,36.55455,16.53421,0.0,0.0
FROM_STREAM_FLOW_OUT,20,4,0.0,173263.03,26465.953,803854340.0,119856376.0,2831688000.0,9008288000.0,0.0,0.0
FROM_ZONE_0,20,4,0.0,0.0,0.0,0.0,0.0,0.0,0.0,0.0,0.0
FROM_haweaflat,20,4,0.0,0.0,477.74536,68373.16,17539.676,0.0,0.0,0.0,0.0
FROM_moraine_top,20,4,0.0,54046.58,0.0,0.0,0.0,0.0,0.0,0.0,0.0
FROM_river_zone,20,4,0.0,11888.918,0.0,0.0,32788.797,0.0,42.17261,70.53728,0.0
FROM_main_terrace,20,4,0.0,808.1339,0.0,169.69592,0.0,6498.557,64984.285,5988.829,0.0
FROM_sandy_point,20,4,0.0,0.0,0.0,0.0,1680.8505,0.0,44.674656,0.0,0.0
FROM_clutha,20,4,0.0,0.0,0.0,3.330738,1717.514,12.876111,0.0,895.0434,0.0
FROM_sub_terrace,20,4,0.0,0.0,0.0,70.580826,448.73657,0.0,7244.9756,0.0,0.0
FROM_mangawera,20,4,0.0,0.0,0.0,3696.3564,0.0,0.0,0.0,0.0,0.0
TOTAL_IN,20,4,0.0,268160.78,81890.086,803968000.0,119937420.0,2831696400.0,9008361000.0,8209.74,3987.1602
TO_STORAGE,20,4,0.0,3000.4624,0.003457119,418.4953,578.9268,0.0010603593,7.983833,4.702115,0.19725396
TO_CONSTANT_HEAD,20,4,0.0,0.0,0.0,0.0,0.0,0.0,0.0,0.0,0.0
TO_WELLS,20,4,0.0,5505.3066,0.0,0.0,445.89493,28.567646,0.0,440.7458,290.60635
TO_HEAD_DEP_BOUNDS,20,4,0.0,0.0,1376.8901,0.0,0.0,0.0,0.0,0.0,0.0
TO_RECHARGE,20,4,0.0,0.0,0.0,0.0,0.0,0.0,0.0,0.0,0.0
TO_STREAM_LEAKAGE,20,4,0.0,0.0,0.0,68452.78,1577.2573,6688.2036,71936.88,0.0,0.0
TO_STREAM_FLOW_OUT,20,4,0.0,0.0,0.0,0.0,0.0,0.0,0.0,0.0,0.0
TO_ZONE_0,20,4,0.0,0.0,0.0,0.0,0.0,0.0,0.0,0.0,0.0
TO_haweaflat,20,4,0.0,0.0,54046.58,11888.918,808.1339,0.0,0.0,0.0,0.0
TO_moraine_top,20,4,0.0,477.74536,0.0,0.0,0.0,0.0,0.0,0.0,0.0
TO_river_zone,20,4,0.0,68373.16,0.0,0.0,169.69592,0.0,3.330738,70.580826,3696.3564
TO_main_terrace,20,4,0.0,17539.676,0.0,32788.797,0.0,1680.8505,1717.514,448.73657,0.0
TO_sandy_point,20,4,0.0,0.0,0.0,0.0,6498.557,0.0,12.876111,0.0,0.0
TO_clutha,20,4,0.0,0.0,0.0,42.17261,64984.285,44.674656,0.0,7244.9756,0.0
TO_sub_terrace,20,4,0.0,0.0,0.0,70.53728,5988.829,0.0,895.0434,0.0,0.0
TO_mangawera,20,4,0.0,0.0,0.0,0.0,0.0,0.0,0.0,0.0,0.0
TOTAL_OUT,20,4,0.0,94896.34,55423.473,113661.695,81051.58,8442.298,74573.63,8209.741,3987.1602
IN-OUT,20,4,0.0,173264.44,26466.613,803854340.0,119856376.0,2831688000.0,9008287000.0,0.0009765625,0.0
PERCENT_DISCREPANCY,20,4,,95.44748,38.54916,199.94345,199.72987,199.99881,199.99669,1.1895169e-05,0.0
FROM_STORAGE,21,4,0.0,10304.311,3045.6958,1195.5446,0.0058148685,0.001089848,0.0007687509,6.6380685e-06,0.049505353
FROM_CONSTANT_HEAD,21,4,0.0,0.0,0.0,0.0,0.0,0.0,0.0,0.0,0.0
FROM_WELLS,21,4,0.0,4777.7715,18.260052,1438.9762,8504.589,0.0,0.0,77.06712,1081.1698
FROM_HEAD_DEP_BOUNDS,21,4,0.0,0.0,45658.7,0.0,0.0,0.0,0.0,0.0,0.0
FROM_RECHARGE,21,4,0.0,11435.957,1631.3204,4484.366,15251.537,1894.4105,2240.9023,1178.2632,2905.9722
FROM_STREAM_LEAKAGE,21,4,0.0,3500.0,1100.0,34547.43,3119.7043,36.55455,16.53421,0.0,0.0
FROM_STREAM_FLOW_OUT,21,4,0.0,173263.03,26465.953,803748900.0,119854720.0,2831688200.0,9008284000.0,0.0,0.0
FROM_ZONE_0,21,4,0.0,0.0,0.0,0.0,0.0,0.0,0.0,0.0,0.0
FROM_haweaflat,21,4,0.0,0.0,480.85117,67049.19,17534.8,0.0,0.0,0.0,0.0
FROM_moraine_top,21,4,0.0,50409.71,0.0,0.0,0.0,0.0,0.0,0.0,0.0
FROM_river_zone,21,4,0.0,11836.385,0.0,0.0,32784.188,0.0,42.17273,70.52211,0.0
FROM_main_terrace,21,4,0.0,808.30286,0.0,169.93689,0.0,6498.5576,64990.2,5989.462,0.0
FROM_sandy_point,21,4,0.0,0.0,0.0,0.0,1680.8505,0.0,44.674656,0.0,0.0
FROM_clutha,21,4,0.0,0.0,0.0,3.3307405,1717.8607,12.876111,0.0,895.15045,0.0
FROM_sub_terrace,21,4,0.0,0.0,0.0,70.59244,448.70206,0.0,7245.7275,0.0,0.0
FROM_mangawera,21,4,0.0,0.0,0.0,3696.4084,0.0,0.0,0.0,0.0,0.0
TOTAL_IN,21,4,0.0,266335.47,78400.78,803861600.0,119935760.0,2831696600.0,9008357000.0,8210.465,3987.1914
TO_STORAGE,21,4,0.0,2500.2893,0.0011552022,300.84637,562.79047,0.0010619678,8.130158,4.698244,0.17660698
TO_CONSTANT_HEAD,21,4,0.0,0.0,0.0,0.0,0.0,0.0,0.0,0.0,0.0
TO_WELLS,21,4,0.0,5505.3066,0.0,0.0,445.89493,28.567646,0.0,440.7458,290.60635
TO_HEAD_DEP_BOUNDS,21,4,0.0,0.0,1524.3105,0.0,0.0,0.0,0.0,0.0,0.0
TO_RECHARGE,21,4,0.0,0.0,0.0,0.0,0.0,0.0,0.0,0.0,0.0
TO_STREAM_LEAKAGE,21,4,0.0,0.0,0.0,67621.51,1577.2573,6688.2036,71942.89,0.0,0.0
TO_STREAM_FLOW_OUT,21,4,0.0,0.0,0.0,0.0,0.0,0.0,0.0,0.0,0.0
TO_ZONE_0,21,4,0.0,0.0,0.0,0.0,0.0,0.0,0.0,0.0,0.0
TO_haweaflat,21,4,0.0,0.0,50409.71,11836.385,808.30286,0.0,0.0,0.0,0.0
TO_moraine_top,21,4,0.0,480.85117,0.0,0.0,0.0,0.0,0.0,0.0,0.0
TO_river_zone,21,4,0.0,67049.19,0.0,0.0,169.93689,0.0,3.3307405,70.59244,3696.4084
TO_main_terrace,21,4,0.0,17534.8,0.0,32784.188,0.0,1680.8505,1717.8607,448.70206,0.0
TO_sandy_point,21,4,0.0,0.0,0.0,0.0,6498.5576,0.0,12.876111,0.0,0.0
TO_clutha,21,4,0.0,0.0,0.0,42.17273,64990.2,44.674656,0.0,7245.7275,0.0
TO_sub_terrace,21,4,0.0,0.0,0.0,70.52211,5989.462,0.0,895.15045,0.0,0.0
TO_mangawera,21,4,0.0,0.0,0.0,0.0,0.0,0.0,0.0,0.0,0.0
TOTAL_OUT,21,4,0.0,93070.44,51934.023,112655.62,81042.4,8442.298,74580.234,8210.466,3987.1914
IN-OUT,21,4,0.0,173265.03,26466.758,803749000.0,119854720.0,2831688200.0,9008283000.0,0.0009765625,0.0
PERCENT_DISCREPANCY,21,4,,96.41747,40.61349,199.94395,199.72989,199.99881,199.99667,1.189412e-05,0.0
FROM_STORAGE,22,4,0.0,12372.359,3049.9526,1578.4166,0.29512227,0.0010882142,0.00076751725,3.9922893e-06,0.08975947
FROM_CONSTANT_HEAD,22,4,0.0,0.0,0.0,0.0,0.0,0.0,0.0,0.0,0.0
FROM_WELLS,22,4,0.0,4777.7715,18.260052,1438.9762,8504.589,0.0,0.0,77.06712,1081.1698
FROM_HEAD_DEP_BOUNDS,22,4,0.0,0.0,41755.03,0.0,0.0,0.0,0.0,0.0,0.0
FROM_RECHARGE,22,4,0.0,11435.957,1631.3204,4484.366,15251.537,1894.4105,2240.9023,1178.2632,2905.9722
FROM_STREAM_LEAKAGE,22,4,0.0,3500.0,1100.0,34545.22,3119.7043,36.55455,16.53421,0.0,0.0
FROM_STREAM_FLOW_OUT,22,4,0.0,173263.03,26465.953,803617800.0,119852670.0,2831688700.0,9008280000.0,0.0,0.0
FROM_ZONE_0,22,4,0.0,0.0,0.0,0.0,0.0,0.0,0.0,0.0,0.0
FROM_haweaflat,22,4,0.0,0.0,482.36707,65479.83,17522.068,0.0,0.0,0.0,0.0
FROM_moraine_top,22,4,0.0,46390.168,0.0,0.0,0.0,0.0,0.0,0.0,0.0
FROM_river_zone,22,4,0.0,11779.161,0.0,0.0,32779.72,0.0,42.172913,70.50808,0.0
FROM_main_terrace,22,4,0.0,808.4084,0.0,170.15718,0.0,6498.5576,64995.914,5990.0254,0.0
FROM_sandy_point,22,4,0.0,0.0,0.0,0.0,1680.8505,0.0,44.674656,0.0,0.0
FROM_clutha,22,4,0.0,0.0,0.0,3.3307428,1718.1654,12.876111,0.0,895.25146,0.0
FROM_sub_terrace,22,4,0.0,0.0,0.0,70.60391,448.68338,0.0,7246.451,0.0,0.0
FROM_mangawera,22,4,0.0,0.0,0.0,3696.464,0.0,0.0,0.0,0.0,0.0
TOTAL_IN,22,4,0.0,264326.88,74502.88,803729300.0,119933700.0,2831697200.0,9008353000.0,8211.115,3987.2317
TO_STORAGE,22,4,0.0,2071.6091,0.00028879568,207.89049,539.5563,0.0010633523,8.181051,4.63227,0.16141255
TO_CONSTANT_HEAD,22,4,0.0,0.0,0.0,0.0,0.0,0.0,0.0,0.0,0.0
TO_WELLS,22,4,0.0,5505.3066,0.0,0.0,445.89493,28.567646,0.0,440.7458,290.60635
TO_HEAD_DEP_BOUNDS,22,4,0.0,0.0,1645.8618,0.0,0.0,0.0,0.0,0.0,0.0
TO_RECHARGE,22,4,0.0,0.0,0.0,0.0,0.0,0.0,0.0,0.0,0.0
TO_STREAM_LEAKAGE,22,4,0.0,0.0,0.0,66586.99,1577.2573,6688.2036,71948.9,0.0,0.0
TO_STREAM_FLOW_OUT,22,4,0.0,0.0,0.0,0.0,0.0,0.0,0.0,0.0,0.0
TO_ZONE_0,22,4,0.0,0.0,0.0,0.0,0.0,0.0,0.0,0.0,0.0
TO_haweaflat,22,4,0.0,0.0,46390.168,11779.161,808.4084,0.0,0.0,0.0,0.0
TO_moraine_top,22,4,0.0,482.36707,0.0,0.0,0.0,0.0,0.0,0.0,0.0
TO_river_zone,22,4,0.0,65479.83,0.0,0.0,170.15718,0.0,3.3307428,70.60391,3696.464
TO_main_terrace,22,4,0.0,17522.068,0.0,32779.72,0.0,1680.8505,1718.1654,448.68338,0.0
TO_sandy_point,22,4,0.0,0.0,0.0,0.0,6498.5576,0.0,12.876111,0.0,0.0
TO_clutha,22,4,0.0,0.0,0.0,42.172913,64995.914,44.674656,0.0,7246.451,0.0
TO_sub_terrace,22,4,0.0,0.0,0.0,70.50808,5990.0254,0.0,895.25146,0.0,0.0
TO_mangawera,22,4,0.0,0.0,0.0,0.0,0.0,0.0,0.0,0.0,0.0
TOTAL_OUT,22,4,0.0,91061.18,48036.03,111466.445,81025.77,8442.298,74586.695,8211.116,3987.232
IN-OUT,22,4,0.0,173265.69,26466.852,803617800.0,119852670.0,2831688700.0,9008279000.0,0.0009765625,0.00024414062
PERCENT_DISCREPANCY,22,4,,97.50788,43.197464,199.94453,199.72995,199.99881,199.99667,1.18931775e-05,6.1230608e-06
FROM_STORAGE,23,4,0.0,14714.826,2867.8027,2009.7069,4.576119,0.0010862452,0.0007581246,2.2308127e-06,0.13876718
FROM_CONSTANT_HEAD,23,4,0.0,0.0,0.0,0.0,0.0,0.0,0.0,0.0,0.0
FROM_WELLS,23,4,0.0,4777.7715,18.260052,1438.9762,8504.589,0.0,0.0,77.06712,1081.1698
FROM_HEAD_DEP_BOUNDS,23,4,0.0,0.0,37534.08,0.0,0.0,0.0,0.0,0.0,0.0
FROM_RECHARGE,23,4,0.0,11435.957,1631.3204,4484.366,15251.537,1894.4105,2240.9023,1178.2632,2905.9722
FROM_STREAM_LEAKAGE,23,4,0.0,3500.0,1100.0,34543.43,3119.7043,36.55455,16.53421,0.0,0.0
FROM_STREAM_FLOW_OUT,23,4,0.0,173263.03,26465.953,803459140.0,119850160.0,2831688700.0,9008273000.0,0.0,0.0
FROM_ZONE_0,23,4,0.0,0.0,0.0,0.0,0.0,0.0,0.0,0.0,0.0
FROM_haweaflat,23,4,0.0,0.0,484.45438,63654.707,17500.906,0.0,0.0,0.0,0.0
FROM_moraine_top,23,4,0.0,41896.33,0.0,0.0,0.0,0.0,0.0,0.0,0.0
FROM_river_zone,23,4,0.0,11716.572,0.0,0.0,32775.457,0.0,42.17309,70.49542,0.0
FROM_main_terrace,23,4,0.0,808.44824,0.0,170.35286,0.0,6498.5576,65001.344,5990.5103,0.0
FROM_sandy_point,23,4,0.0,0.0,0.0,0.0,1680.8505,0.0,44.674656,0.0,0.0
FROM_clutha,23,4,0.0,0.0,0.0,3.3307455,1718.4224,12.876111,0.0,895.34467,0.0
FROM_sub_terrace,23,4,0.0,0.0,0.0,70.6151,448.68158,0.0,7247.1353,0.0,0.0
FROM_mangawera,23,4,0.0,0.0,0.0,3696.5237,0.0,0.0,0.0,0.0,0.0
TOTAL_IN,23,4,0.0,262112.95,70101.87,803569300.0,119931170.0,2831697200.0,9008347000.0,8211.681,3987.2808
TO_STORAGE,23,4,0.0,1701.2332,0.00030252847,133.97986,512.5069,0.0010650838,8.131734,4.503336,0.15055166
TO_CONSTANT_HEAD,23,4,0.0,0.0,0.0,0.0,0.0,0.0,0.0,0.0,0.0
TO_WELLS,23,4,0.0,5505.3066,0.0,0.0,445.89493,28.567646,0.0,440.7458,290.60635
TO_HEAD_DEP_BOUNDS,23,4,0.0,0.0,1738.8438,0.0,0.0,0.0,0.0,0.0,0.0
TO_RECHARGE,23,4,0.0,0.0,0.0,0.0,0.0,0.0,0.0,0.0,0.0
TO_STREAM_LEAKAGE,23,4,0.0,0.0,0.0,65332.508,1577.2573,6688.2036,71954.77,0.0,0.0
TO_STREAM_FLOW_OUT,23,4,0.0,0.0,0.0,0.0,0.0,0.0,0.0,0.0,0.0
TO_ZONE_0,23,4,0.0,0.0,0.0,0.0,0.0,0.0,0.0,0.0,0.0
TO_haweaflat,23,4,0.0,0.0,41896.33,11716.572,808.44824,0.0,0.0,0.0,0.0
TO_moraine_top,23,4,0.0,484.45438,0.0,0.0,0.0,0.0,0.0,0.0,0.0
TO_river_zone,23,4,0.0,63654.707,0.0,0.0,170.35286,0.0,3.3307455,70.6151,3696.5237
TO_main_terrace,23,4,0.0,17500.906,0.0,32775.457,0.0,1680.8505,1718.4224,448.68158,0.0
TO_sandy_point,23,4,0.0,0.0,0.0,0.0,6498.5576,0.0,12.876111,0.0,0.0
TO_clutha,23,4,0.0,0.0,0.0,42.17309,65001.344,44.674656,0.0,7247.1353,0.0
TO_sub_terrace,23,4,0.0,0.0,0.0,70.49542,5990.5103,0.0,895.34467,0.0,0.0
TO_mangawera,23,4,0.0,0.0,0.0,0.0,0.0,0.0,0.0,0.0,0.0
TOTAL_OUT,23,4,0.0,88846.61,43635.17,110071.18,81004.87,8442.298,74592.875,8211.681,3987.2805
IN-OUT,23,4,0.0,173266.34,26466.695,803459200.0,119850160.0,2831688700.0,9008272000.0,0.0,0.00024414062
PERCENT_DISCREPANCY,23,4,,98.73863,46.54015,199.94522,199.73,199.99881,199.99669,0.0,6.1229857e-06
FROM_STORAGE,24,4,0.0,16824.879,2717.814,2482.8264,15.820237,0.001084472,0.0007449117,3.0128995e-06,0.1956346
FROM_CONSTANT_HEAD,24,4,0.0,0.0,0.0,0.0,0.0,0.0,0.0,0.0,0.0
FROM_WELLS,24,4,0.0,4777.7715,18.260052,1438.9762,8504.589,0.0,0.0,77.06712,1081.1698
FROM_HEAD_DEP_BOUNDS,24,4,0.0,0.0,33384.562,0.0,0.0,0.0,0.0,0.0,0.0
FROM_RECHARGE,24,4,0.0,11435.957,1631.3204,4484.366,15251.537,1894.4105,2240.9023,1178.2632,2905.9722
FROM_STREAM_LEAKAGE,24,4,0.0,3500.0,1100.0,34556.74,3119.7043,36.55455,16.53421,0.0,0.0
FROM_STREAM_FLOW_OUT,24,4,0.0,173263.03,26465.953,803272300.0,119847200.0,2831688700.0,9008265000.0,0.0,0.0
FROM_ZONE_0,24,4,0.0,0.0,0.0,0.0,0.0,0.0,0.0,0.0,0.0
FROM_haweaflat,24,4,0.0,0.0,486.216,61589.555,17470.95,0.0,0.0,0.0,0.0
FROM_moraine_top,24,4,0.0,37522.01,0.0,0.0,0.0,0.0,0.0,0.0,0.0
FROM_river_zone,24,4,0.0,11649.206,0.0,0.0,32771.453,0.0,42.173286,70.48446,0.0
FROM_main_terrace,24,4,0.0,808.41724,0.0,170.52022,0.0,6498.5576,65006.41,5990.9033,0.0
FROM_sandy_point,24,4,0.0,0.0,0.0,0.0,1680.8505,0.0,44.674656,0.0,0.0
FROM_clutha,24,4,0.0,0.0,0.0,3.3307488,1718.6254,12.876111,0.0,895.4288,0.0
FROM_sub_terrace,24,4,0.0,0.0,0.0,70.62581,448.69736,0.0,7247.7695,0.0,0.0
FROM_mangawera,24,4,0.0,0.0,0.0,3696.5884,0.0,0.0,0.0,0.0,0.0
TOTAL_IN,24,4,0.0,259781.28,65804.125,803380800.0,119928180.0,2831697200.0,9008339000.0,8212.147,3987.3376
TO_STORAGE,24,4,0.0,1388.0114,0.0,79.57804,486.6667,0.0010668058,8.0157,4.3301935,0.1427965
TO_CONSTANT_HEAD,24,4,0.0,0.0,0.0,0.0,0.0,0.0,0.0,0.0,0.0
TO_WELLS,24,4,0.0,5505.3066,0.0,0.0,445.89493,28.567646,0.0,440.7458,290.60635
TO_HEAD_DEP_BOUNDS,24,4,0.0,0.0,1800.5908,0.0,0.0,0.0,0.0,0.0,0.0
TO_RECHARGE,24,4,0.0,0.0,0.0,0.0,0.0,0.0,0.0,0.0,0.0
TO_STREAM_LEAKAGE,24,4,0.0,0.0,0.0,63868.55,1577.2573,6688.2036,71960.29,0.0,0.0
TO_STREAM_FLOW_OUT,24,4,0.0,0.0,0.0,0.0,0.0,0.0,0.0,0.0,0.0
TO_ZONE_0,24,4,0.0,0.0,0.0,0.0,0.0,0.0,0.0,0.0,0.0
TO_haweaflat,24,4,0.0,0.0,37522.01,11649.206,808.41724,0.0,0.0,0.0,0.0
TO_moraine_top,24,4,0.0,486.216,0.0,0.0,0.0,0.0,0.0,0.0,0.0
TO_river_zone,24,4,0.0,61589.555,0.0,0.0,170.52022,0.0,3.3307488,70.62581,3696.5884
TO_main_terrace,24,4,0.0,17470.95,0.0,32771.453,0.0,1680.8505,1718.6254,448.69736,0.0
TO_sandy_point,24,4,0.0,0.0,0.0,0.0,6498.5576,0.0,12.876111,0.0,0.0
TO_clutha,24,4,0.0,0.0,0.0,42.173286,65006.41,44.674656,0.0,7247.7695,0.0
TO_sub_terrace,24,4,0.0,0.0,0.0,70.48446,5990.9033,0.0,895.4288,0.0,0.0
TO_mangawera,24,4,0.0,0.0,0.0,0.0,0.0,0.0,0.0,0.0,0.0
TOTAL_OUT,24,4,0.0,86440.03,39322.6,108481.445,80984.63,8442.298,74598.56,8212.169,3987.3374
IN-OUT,24,4,0.0,173341.25,26481.523,803272300.0,119847190.0,2831688700.0,9008264000.0,0.021484375,0.00024414062
PERCENT_DISCREPANCY,24,4,,100.1332,50.38019,199.94598,199.73007,199.99881,199.99667,0.00026161666,6.1228984e-06
FROM_STORAGE,25,4,0.0,18103.982,2508.5632,2911.222,30.702032,0.0010831425,0.0007330824,8.1915516e-07,0.2550491
FROM_CONSTANT_HEAD,25,4,0.0,0.0,0.0,0.0,0.0,0.0,0.0,0.0,0.0
FROM_WELLS,25,4,0.0,4777.7715,18.260052,1438.9762,8504.589,0.0,0.0,77.06712,1081.1698
FROM_HEAD_DEP_BOUNDS,25,4,0.0,0.0,29785.242,0.0,0.0,0.0,0.0,0.0,0.0
FROM_RECHARGE,25,4,0.0,11435.957,1631.3204,4484.366,15251.537,1894.4105,2240.9023,1178.2632,2905.9722
FROM_STREAM_LEAKAGE,25,4,0.0,3500.0,1100.0,34623.18,3119.7043,36.55455,16.53421,0.0,0.0
FROM_STREAM_FLOW_OUT,25,4,0.0,173263.03,26465.953,803061440.0,119843870.0,2831689200.0,9008259000.0,0.0,0.0
FROM_ZONE_0,25,4,0.0,0.0,0.0,0.0,0.0,0.0,0.0,0.0,0.0
FROM_haweaflat,25,4,0.0,0.0,487.33636,59368.89,17432.719,0.0,0.0,0.0,0.0
FROM_moraine_top,25,4,0.0,33694.027,0.0,0.0,0.0,0.0,0.0,0.0,0.0
FROM_river_zone,25,4,0.0,11579.455,0.0,0.0,32767.797,0.0,42.17345,70.475494,0.0
FROM_main_terrace,25,4,0.0,808.3042,0.0,170.6553,0.0,6498.5576,65011.02,5991.1978,0.0
FROM_sandy_point,25,4,0.0,0.0,0.0,0.0,1680.8505,0.0,44.674656,0.0,0.0
FROM_clutha,25,4,0.0,0.0,0.0,3.330757,1718.7687,12.876111,0.0,895.50195,0.0
FROM_sub_terrace,25,4,0.0,0.0,0.0,70.635765,448.73157,0.0,7248.3433,0.0,0.0
FROM_mangawera,25,4,0.0,0.0,0.0,3696.655,0.0,0.0,0.0,0.0,0.0
TOTAL_IN,25,4,0.0,257162.53,61996.676,803168260.0,119924824.0,2831697700.0,9008333000.0,8212.506,3987.397
TO_STORAGE,25,4,0.0,1103.6729,0.0,40.849266,452.57217,0.0010677895,7.714247,4.0496206,0.1354215
TO_CONSTANT_HEAD,25,4,0.0,0.0,0.0,0.0,0.0,0.0,0.0,0.0,0.0
TO_WELLS,25,4,0.0,5505.3066,0.0,0.0,445.89493,28.567646,0.0,440.7458,290.60635
TO_HEAD_DEP_BOUNDS,25,4,0.0,0.0,1837.1211,0.0,0.0,0.0,0.0,0.0,0.0
TO_RECHARGE,25,4,0.0,0.0,0.0,0.0,0.0,0.0,0.0,0.0,0.0
TO_STREAM_LEAKAGE,25,4,0.0,0.0,0.0,62266.63,1577.2573,6688.2036,71965.4,0.0,0.0
TO_STREAM_FLOW_OUT,25,4,0.0,0.0,0.0,0.0,0.0,0.0,0.0,0.0,0.0
TO_ZONE_0,25,4,0.0,0.0,0.0,0.0,0.0,0.0,0.0,0.0,0.0
TO_haweaflat,25,4,0.0,0.0,33694.027,11579.455,808.3042,0.0,0.0,0.0,0.0
TO_moraine_top,25,4,0.0,487.33636,0.0,0.0,0.0,0.0,0.0,0.0,0.0
TO_river_zone,25,4,0.0,59368.89,0.0,0.0,170.6553,0.0,3.330757,70.635765,3696.655
TO_main_terrace,25,4,0.0,17432.719,0.0,32767.797,0.0,1680.8505,1718.7687,448.73157,0.0
TO_sandy_point,25,4,0.0,0.0,0.0,0.0,6498.5576,0.0,12.876111,0.0,0.0
TO_clutha,25,4,0.0,0.0,0.0,42.17345,65011.02,44.674656,0.0,7248.3433,0.0
TO_sub_terrace,25,4,0.0,0.0,0.0,70.475494,5991.1978,0.0,895.50195,0.0,0.0
TO_mangawera,25,4,0.0,0.0,0.0,0.0,0.0,0.0,0.0,0.0,0.0
TOTAL_OUT,25,4,0.0,83897.92,35531.15,106767.375,80955.45,8442.298,74603.58,8212.506,3987.3967
IN-OUT,25,4,0.0,173264.61,26465.527,803061500.0,119843870.0,2831689200.0,9008258000.0,0.0,0.00024414062
PERCENT_DISCREPANCY,25,4,,101.60346,54.27277,199.94684,199.73016,199.99881,199.99669,0.0,6.122807e-06
FROM_STORAGE,26,4,0.0,19512.535,2298.6572,3343.607,50.004047,0.001082021,0.0007279387,8.9986384e-07,0.31351167
FROM_CONSTANT_HEAD,26,4,0.0,0.0,0.0,0.0,0.0,0.0,0.0,0.0,0.0
FROM_WELLS,26,4,0.0,4777.7715,18.260052,1438.9762,8504.589,0.0,0.0,77.06712,1081.1698
FROM_HEAD_DEP_BOUNDS,26,4,0.0,0.0,26061.637,0.0,0.0,0.0,0.0,0.0,0.0
FROM_RECHARGE,26,4,0.0,11435.957,1631.3204,4484.366,15251.537,1894.4105,2240.9023,1178.2632,2905.9722
FROM_STREAM_LEAKAGE,26,4,0.0,3500.0,1100.0,34727.707,3119.7043,36.55455,16.53421,0.0,0.0
FROM_STREAM_FLOW_OUT,26,4,0.0,173263.03,26465.953,802831100.0,119840230.0,2831689200.0,9008249000.0,0.0,0.0
FROM_ZONE_0,26,4,0.0,0.0,0.0,0.0,0.0,0.0,0.0,0.0,0.0
FROM_haweaflat,26,4,0.0,0.0,487.93036,57014.773,17387.146,0.0,0.0,0.0,0.0
FROM_moraine_top,26,4,0.0,29723.432,0.0,0.0,0.0,0.0,0.0,0.0,0.0
FROM_river_zone,26,4,0.0,11508.212,0.0,0.0,32764.557,0.0,42.17365,70.46854,0.0
FROM_main_terrace,26,4,0.0,808.10657,0.0,170.75516,0.0,6498.5576,65015.086,5991.3833,0.0
FROM_sandy_point,26,4,0.0,0.0,0.0,0.0,1680.8505,0.0,44.674656,0.0,0.0
FROM_clutha,26,4,0.0,0.0,0.0,3.3307626,1718.8474,12.876111,0.0,895.56274,0.0
FROM_sub_terrace,26,4,0.0,0.0,0.0,70.6451,448.78455,0.0,7248.8438,0.0,0.0
FROM_mangawera,26,4,0.0,0.0,0.0,3696.721,0.0,0.0,0.0,0.0,0.0
TOTAL_IN,26,4,0.0,254529.06,58063.758,802936060.0,119921160.0,2831697700.0,9008323000.0,8212.745,3987.4556
TO_STORAGE,26,4,0.0,866.2891,0.0006864635,15.958529,419.09363,0.0010686037,7.3438067,3.7260985,0.12800224
TO_CONSTANT_HEAD,26,4,0.0,0.0,0.0,0.0,0.0,0.0,0.0,0.0,0.0
TO_WELLS,26,4,0.0,5505.3066,0.0,0.0,445.89493,28.567646,0.0,440.7458,290.60635
TO_HEAD_DEP_BOUNDS,26,4,0.0,0.0,1873.7446,0.0,0.0,0.0,0.0,0.0,0.0
TO_RECHARGE,26,4,0.0,0.0,0.0,0.0,0.0,0.0,0.0,0.0,0.0
TO_STREAM_LEAKAGE,26,4,0.0,0.0,0.0,60548.28,1577.2573,6688.2036,71970.18,0.0,0.0
TO_STREAM_FLOW_OUT,26,4,0.0,0.0,0.0,0.0,0.0,0.0,0.0,0.0,0.0
TO_ZONE_0,26,4,0.0,0.0,0.0,0.0,0.0,0.0,0.0,0.0,0.0
TO_haweaflat,26,4,0.0,0.0,29723.432,11508.212,808.10657,0.0,0.0,0.0,0.0
TO_moraine_top,26,4,0.0,487.93036,0.0,0.0,0.0,0.0,0.0,0.0,0.0
TO_river_zone,26,4,0.0,57014.773,0.0,0.0,170.75516,0.0,3.3307626,70.6451,3696.721
TO_main_terrace,26,4,0.0,17387.146,0.0,32764.557,0.0,1680.8505,1718.8474,448.78455,0.0
TO_sandy_point,26,4,0.0,0.0,0.0,0.0,6498.5576,0.0,12.876111,0.0,0.0
TO_clutha,26,4,0.0,0.0,0.0,42.17365,65015.086,44.674656,0.0,7248.8438,0.0
TO_sub_terrace,26,4,0.0,0.0,0.0,70.46854,5991.3833,0.0,895.56274,0.0,0.0
TO_mangawera,26,4,0.0,0.0,0.0,0.0,0.0,0.0,0.0,0.0,0.0
TOTAL_OUT,26,4,0.0,81261.445,31597.178,104949.65,80926.13,8442.298,74608.13,8212.745,3987.4553
IN-OUT,26,4,0.0,173267.62,26466.58,802831100.0,119840230.0,2831689200.0,9008248000.0,0.0,0.00024414062
PERCENT_DISCREPANCY,26,4,,103.19984,59.037037,199.94771,199.73026,199.99881,199.99667,0.0,6.122717e-06
FROM_STORAGE,27,4,0.0,21250.395,2060.4521,3819.5503,73.11501,0.0010811845,0.000730397,1.3638657e-06,0.36935744
FROM_CONSTANT_HEAD,27,4,0.0,0.0,0.0,0.0,0.0,0.0,0.0,0.0,0.0
FROM_WELLS,27,4,0.0,4777.7715,18.260052,1438.9762,8504.589,0.0,0.0,77.06712,1081.1698
FROM_HEAD_DEP_BOUNDS,27,4,0.0,0.0,21821.703,0.0,0.0,0.0,0.0,0.0,0.0
FROM_RECHARGE,27,4,0.0,11435.957,1631.3204,4484.366,15251.537,1894.4105,2240.9023,1178.2632,2905.9722
FROM_STREAM_LEAKAGE,27,4,0.0,3500.0,1100.0,34876.344,3119.7043,36.55455,16.53421,0.0,0.0
FROM_STREAM_FLOW_OUT,27,4,0.0,173263.03,26465.953,802580000.0,119836260.0,2831689200.0,9008241000.0,0.0,0.0
FROM_ZONE_0,27,4,0.0,0.0,0.0,0.0,0.0,0.0,0.0,0.0,0.0
FROM_haweaflat,27,4,0.0,0.0,488.19592,54455.86,17334.283,0.0,0.0,0.0,0.0
FROM_moraine_top,27,4,0.0,25247.195,0.0,0.0,0.0,0.0,0.0,0.0,0.0
FROM_river_zone,27,4,0.0,11432.75,0.0,0.0,32761.791,0.0,42.173843,70.4637,0.0
FROM_main_terrace,27,4,0.0,807.83453,0.0,170.81715,0.0,6498.5576,65018.543,5991.4546,0.0
FROM_sandy_point,27,4,0.0,0.0,0.0,0.0,1680.8505,0.0,44.674656,0.0,0.0
FROM_clutha,27,4,0.0,0.0,0.0,3.3307683,1718.8578,12.876111,0.0,895.6098,0.0
FROM_sub_terrace,27,4,0.0,0.0,0.0,70.65365,448.85577,0.0,7249.2627,0.0,0.0
FROM_mangawera,27,4,0.0,0.0,0.0,3696.7856,0.0,0.0,0.0,0.0,0.0
TOTAL_IN,27,4,0.0,251714.92,53585.883,802683000.0,119917150.0,2831697700.0,9008314000.0,8212.858,3987.5112
TO_STORAGE,27,4,0.0,667.979,0.0030408232,3.1080792,383.25598,0.0010694314,6.8634505,3.33967,0.11912867
TO_CONSTANT_HEAD,27,4,0.0,0.0,0.0,0.0,0.0,0.0,0.0,0.0,0.0
TO_WELLS,27,4,0.0,5505.3066,0.0,0.0,445.89493,28.567646,0.0,440.7458,290.60635
TO_HEAD_DEP_BOUNDS,27,4,0.0,0.0,1872.6963,0.0,0.0,0.0,0.0,0.0,0.0
TO_RECHARGE,27,4,0.0,0.0,0.0,0.0,0.0,0.0,0.0,0.0,0.0
TO_STREAM_LEAKAGE,27,4,0.0,0.0,0.0,58706.125,1577.2573,6688.2036,71974.6,0.0,0.0
TO_STREAM_FLOW_OUT,27,4,0.0,0.0,0.0,0.0,0.0,0.0,0.0,0.0,0.0
TO_ZONE_0,27,4,0.0,0.0,0.0,0.0,0.0,0.0,0.0,0.0,0.0
TO_haweaflat,27,4,0.0,0.0,25247.195,11432.75,807.83453,0.0,0.0,0.0,0.0
TO_moraine_top,27,4,0.0,488.19592,0.0,0.0,0.0,0.0,0.0,0.0,0.0
TO_river_zone,27,4,0.0,54455.86,0.0,0.0,170.81715,0.0,3.3307683,70.65365,3696.7856
TO_main_terrace,27,4,0.0,17334.283,0.0,32761.791,0.0,1680.8505,1718.8578,448.85577,0.0
TO_sandy_point,27,4,0.0,0.0,0.0,0.0,6498.5576,0.0,12.876111,0.0,0.0
TO_clutha,27,4,0.0,0.0,0.0,42.173843,65018.543,44.674656,0.0,7249.2627,0.0
TO_sub_terrace,27,4,0.0,0.0,0.0,70.4637,5991.4546,0.0,895.6098,0.0,0.0
TO_mangawera,27,4,0.0,0.0,0.0,0.0,0.0,0.0,0.0,0.0,0.0
TOTAL_OUT,27,4,0.0,78451.625,27119.895,103016.41,80893.61,8442.298,74612.14,8212.857,3987.5112
IN-OUT,27,4,0.0,173263.3,26465.988,802580000.0,119836260.0,2831689200.0,9008240000.0,0.0009765625,0.0
PERCENT_DISCREPANCY,27,4,,104.955086,65.58635,199.94867,199.73033,199.99881,199.99669,1.1890655e-05,0.0
FROM_STORAGE,28,4,0.0,23538.334,1867.4431,4331.2163,99.8671,0.0010876706,0.0007250145,1.3123812e-06,0.42523277
FROM_CONSTANT_HEAD,28,4,0.0,0.0,0.0,0.0,0.0,0.0,0.0,0.0,0.0
FROM_WELLS,28,4,0.0,4777.7715,18.260052,1438.9762,8504.589,0.0,0.0,77.06712,1081.1698
FROM_HEAD_DEP_BOUNDS,28,4,0.0,0.0,16764.879,0.0,0.0,0.0,0.0,0.0,0.0
FROM_RECHARGE,28,4,0.0,11435.957,1631.3204,4484.366,15251.537,1894.4105,2240.9023,1178.2632,2905.9722
FROM_STREAM_LEAKAGE,28,4,0.0,3500.0,1100.0,35088.496,3119.7043,36.55455,16.53421,0.0,0.0
FROM_STREAM_FLOW_OUT,28,4,0.0,173263.03,26465.953,802303600.0,119831870.0,2831689200.0,9008228000.0,0.0,0.0
FROM_ZONE_0,28,4,0.0,0.0,0.0,0.0,0.0,0.0,0.0,0.0,0.0
FROM_haweaflat,28,4,0.0,0.0,487.71173,51669.24,17273.896,0.0,0.0,0.0,0.0
FROM_moraine_top,28,4,0.0,20043.252,0.0,0.0,0.0,0.0,0.0,0.0,0.0
FROM_river_zone,28,4,0.0,11351.418,0.0,0.0,32759.537,0.0,42.174084,70.46127,0.0
FROM_main_terrace,28,4,0.0,807.49414,0.0,170.839,0.0,6498.5576,65021.31,5991.4067,0.0
FROM_sandy_point,28,4,0.0,0.0,0.0,0.0,1680.8505,0.0,44.67466,0.0,0.0
FROM_clutha,28,4,0.0,0.0,0.0,3.3307734,1718.7968,12.876111,0.0,895.642,0.0
FROM_sub_terrace,28,4,0.0,0.0,0.0,70.66121,448.94504,0.0,7249.592,0.0,0.0
FROM_mangawera,28,4,0.0,0.0,0.0,3696.852,0.0,0.0,0.0,0.0,0.0
TOTAL_IN,28,4,0.0,248717.27,48335.566,802404540.0,119912730.0,2831697700.0,9008302000.0,8212.84,3987.5674
TO_STORAGE,28,4,0.0,512.27057,0.0053360607,0.11683989,345.05328,0.0010626517,6.2817564,2.8964553,0.108752936
TO_CONSTANT_HEAD,28,4,0.0,0.0,0.0,0.0,0.0,0.0,0.0,0.0,0.0
TO_WELLS,28,4,0.0,5505.3066,0.0,0.0,445.89493,28.567646,0.0,440.7458,290.60635
TO_HEAD_DEP_BOUNDS,28,4,0.0,0.0,1825.813,0.0,0.0,0.0,0.0,0.0,0.0
TO_RECHARGE,28,4,0.0,0.0,0.0,0.0,0.0,0.0,0.0,0.0,0.0
TO_STREAM_LEAKAGE,28,4,0.0,0.0,0.0,56729.23,1577.2573,6688.2036,71978.18,0.0,0.0
TO_STREAM_FLOW_OUT,28,4,0.0,0.0,0.0,0.0,0.0,0.0,0.0,0.0,0.0
TO_ZONE_0,28,4,0.0,0.0,0.0,0.0,0.0,0.0,0.0,0.0,0.0
TO_haweaflat,28,4,0.0,0.0,20043.252,11351.418,807.49414,0.0,0.0,0.0,0.0
TO_moraine_top,28,4,0.0,487.71173,0.0,0.0,0.0,0.0,0.0,0.0,0.0
TO_river_zone,28,4,0.0,51669.24,0.0,0.0,170.839,0.0,3.3307734,70.66121,3696.852
TO_main_terrace,28,4,0.0,17273.896,0.0,32759.537,0.0,1680.8505,1718.7968,448.94504,0.0
TO_sandy_point,28,4,0.0,0.0,0.0,0.0,6498.5576,0.0,12.876111,0.0,0.0
TO_clutha,28,4,0.0,0.0,0.0,42.174084,65021.31,44.67466,0.0,7249.592,0.0
TO_sub_terrace,28,4,0.0,0.0,0.0,70.46127,5991.4067,0.0,895.642,0.0,0.0
TO_mangawera,28,4,0.0,0.0,0.0,0.0,0.0,0.0,0.0,0.0,0.0
TOTAL_OUT,28,4,0.0,75448.42,21869.07,100952.94,80857.81,8442.298,74615.1,8212.84,3987.5671
IN-OUT,28,4,0.0,173268.84,26466.496,802303600.0,119831870.0,2831689200.0,9008227000.0,0.0,0.00024414062
PERCENT_DISCREPANCY,28,4,,106.901405,75.39813,199.94969,199.73047,199.99881,199.99667,0.0,6.1225455e-06
FROM_STORAGE,29,4,0.0,27251.002,1694.8501,4932.436,133.65987,0.0010864092,0.0007167678,8.9976126e-08,0.48287395
FROM_CONSTANT_HEAD,29,4,0.0,0.0,0.0,0.0,0.0,0.0,0.0,0.0,0.0
FROM_WELLS,29,4,0.0,4777.7715,18.260052,1438.9762,8504.589,0.0,0.0,77.06712,1081.1698
FROM_HEAD_DEP_BOUNDS,29,4,0.0,0.0,9896.729,0.0,0.0,0.0,0.0,0.0,0.0
FROM_RECHARGE,29,4,0.0,11435.957,1631.3204,4484.366,15251.537,1894.4105,2240.9023,1178.2632,2905.9722
FROM_STREAM_LEAKAGE,29,4,0.0,3500.0,1100.0,35430.195,3119.7043,36.55455,16.53421,0.0,0.0
FROM_STREAM_FLOW_OUT,29,4,0.0,173263.03,26465.953,801997250.0,119827040.0,2831689700.0,9008218000.0,0.0,0.0
FROM_ZONE_0,29,4,0.0,0.0,0.0,0.0,0.0,0.0,0.0,0.0,0.0
FROM_haweaflat,29,4,0.0,0.0,484.64685,48548.516,17205.129,0.0,0.0,0.0,0.0
FROM_moraine_top,29,4,0.0,13105.566,0.0,0.0,0.0,0.0,0.0,0.0,0.0
FROM_river_zone,29,4,0.0,11261.711,0.0,0.0,32757.824,0.0,42.174286,70.4613,0.0
FROM_main_terrace,29,4,0.0,807.093,0.0,170.81824,0.0,6498.5576,65023.324,5991.234,0.0
FROM_sandy_point,29,4,0.0,0.0,0.0,0.0,1680.8505,0.0,44.67466,0.0,0.0
FROM_clutha,29,4,0.0,0.0,0.0,3.3307776,1718.6621,12.876111,0.0,895.65845,0.0
FROM_sub_terrace,29,4,0.0,0.0,0.0,70.667465,449.0523,0.0,7249.8228,0.0,0.0
FROM_mangawera,29,4,0.0,0.0,0.0,3696.9214,0.0,0.0,0.0,0.0,0.0
TOTAL_IN,29,4,0.0,245402.12,41291.76,802096060.0,119907864.0,2831698200.0,9008292000.0,8212.684,3987.625
TO_STORAGE,29,4,0.0,388.7187,0.0,0.06733798,306.8987,0.0010637407,5.5959196,2.396083,0.09675345
TO_CONSTANT_HEAD,29,4,0.0,0.0,0.0,0.0,0.0,0.0,0.0,0.0,0.0
TO_WELLS,29,4,0.0,5505.3066,0.0,0.0,445.89493,28.567646,0.0,440.7458,290.60635
TO_HEAD_DEP_BOUNDS,29,4,0.0,0.0,1719.7544,0.0,0.0,0.0,0.0,0.0,0.0
TO_RECHARGE,29,4,0.0,0.0,0.0,0.0,0.0,0.0,0.0,0.0,0.0
TO_STREAM_LEAKAGE,29,4,0.0,0.0,0.0,54642.65,1577.2573,6688.2036,71981.27,0.0,0.0
TO_STREAM_FLOW_OUT,29,4,0.0,0.0,0.0,0.0,0.0,0.0,0.0,0.0,0.0
TO_ZONE_0,29,4,0.0,0.0,0.0,0.0,0.0,0.0,0.0,0.0,0.0
TO_haweaflat,29,4,0.0,0.0,13105.566,11261.711,807.093,0.0,0.0,0.0,0.0
TO_moraine_top,29,4,0.0,484.64685,0.0,0.0,0.0,0.0,0.0,0.0,0.0
TO_river_zone,29,4,0.0,48548.516,0.0,0.0,170.81824,0.0,3.3307776,70.667465,3696.9214
TO_main_terrace,29,4,0.0,17205.129,0.0,32757.824,0.0,1680.8505,1718.6621,449.0523,0.0
TO_sandy_point,29,4,0.0,0.0,0.0,0.0,6498.5576,0.0,12.876111,0.0,0.0
TO_clutha,29,4,0.0,0.0,0.0,42.174286,65023.324,44.67466,0.0,7249.8228,0.0
TO_sub_terrace,29,4,0.0,0.0,0.0,70.4613,5991.234,0.0,895.65845,0.0,0.0
TO_mangawera,29,4,0.0,0.0,0.0,0.0,0.0,0.0,0.0,0.0,0.0
TOTAL_OUT,29,4,0.0,72132.31,14825.32,98774.88,80821.08,8442.298,74617.39,8212.685,3987.6245
IN-OUT,29,4,0.0,173269.81,26466.441,801997300.0,119827040.0,2831689700.0,9008217000.0,0.0009765625,0.00048828125
PERCENT_DISCREPANCY,29,4,,109.13451,94.3258,199.95076,199.73056,199.9988,199.99667,1.18909065e-05,1.2244915e-05
FROM_STORAGE,30,4,0.0,28999.852,3689.2607,5272.493,176.0194,0.0010922716,0.00072110887,0.000101438156,0.542747
FROM_CONSTANT_HEAD,30,4,0.0,0.0,0.0,0.0,0.0,0.0,0.0,0.0,0.0
FROM_WELLS,30,4,0.0,4777.7715,18.260052,1438.9762,8504.589,0.0,0.0,77.06712,1081.1698
FROM_HEAD_DEP_BOUNDS,30,4,0.0,0.0,2041.8853,0.0,0.0,0.0,0.0,0.0,0.0
FROM_RECHARGE,30,4,0.0,11435.957,1631.3204,4484.366,15251.537,1894.4105,2240.9023,1178.2632,2905.9722
FROM_STREAM_LEAKAGE,30,4,0.0,3500.0,1100.0,35892.688,3119.7043,36.55455,16.53421,0.0,0.0
FROM_STREAM_FLOW_OUT,30,4,0.0,173263.03,26465.953,801660700.0,119821730.0,2831689700.0,9008205000.0,0.0,0.0
FROM_ZONE_0,30,4,0.0,0.0,0.0,0.0,0.0,0.0,0.0,0.0,0.0
FROM_haweaflat,30,4,0.0,0.0,445.92838,45509.96,17128.83,0.0,0.0,0.0,0.0
FROM_moraine_top,30,4,0.0,8149.354,0.0,0.0,0.0,0.0,0.0,0.0,0.0
FROM_river_zone,30,4,0.0,11218.67,0.0,0.0,32756.713,0.0,42.17449,70.46398,0.0
FROM_main_terrace,30,4,0.0,806.60474,0.0,170.75229,0.0,6498.5576,65024.523,5990.93,0.0
FROM_sandy_point,30,4,0.0,0.0,0.0,0.0,1680.8505,0.0,44.67466,0.0,0.0
FROM_clutha,30,4,0.0,0.0,0.0,3.3307865,1718.4515,12.876111,0.0,895.65784,0.0
FROM_sub_terrace,30,4,0.0,0.0,0.0,70.67252,449.17776,0.0,7249.947,0.0,0.0
FROM_mangawera,30,4,0.0,0.0,0.0,3696.9949,0.0,0.0,0.0,0.0,0.0
TOTAL_IN,30,4,0.0,242151.25,35392.61,801757250.0,119902510.0,2831698200.0,9008280000.0,8212.383,3987.6846
TO_STORAGE,30,4,0.0,290.8868,244.99283,0.041889727,271.3995,0.0010577416,4.808006,1.8397663,0.08353297
TO_CONSTANT_HEAD,30,4,0.0,0.0,0.0,0.0,0.0,0.0,0.0,0.0,0.0
TO_WELLS,30,4,0.0,5505.3066,0.0,0.0,445.89493,28.567646,0.0,440.7458,290.60635
TO_HEAD_DEP_BOUNDS,30,4,0.0,0.0,531.4136,0.0,0.0,0.0,0.0,0.0,0.0
TO_RECHARGE,30,4,0.0,0.0,0.0,0.0,0.0,0.0,0.0,0.0,0.0
TO_STREAM_LEAKAGE,30,4,0.0,0.0,0.0,52450.97,1577.2573,6688.2036,71983.53,0.0,0.0
TO_STREAM_FLOW_OUT,30,4,0.0,0.0,0.0,0.0,0.0,0.0,0.0,0.0,0.0
TO_ZONE_0,30,4,0.0,0.0,0.0,0.0,0.0,0.0,0.0,0.0,0.0
TO_haweaflat,30,4,0.0,0.0,8149.354,11218.67,806.60474,0.0,0.0,0.0,0.0
TO_moraine_top,30,4,0.0,445.92838,0.0,0.0,0.0,0.0,0.0,0.0,0.0
TO_river_zone,30,4,0.0,45509.96,0.0,0.0,170.75229,0.0,3.3307865,70.67252,3696.9949
TO_main_terrace,30,4,0.0,17128.83,0.0,32756.713,0.0,1680.8505,1718.4515,449.17776,0.0
TO_sandy_point,30,4,0.0,0.0,0.0,0.0,6498.5576,0.0,12.876111,0.0,0.0
TO_clutha,30,4,0.0,0.0,0.0,42.17449,65024.523,44.67466,0.0,7249.947,0.0
TO_sub_terrace,30,4,0.0,0.0,0.0,70.46398,5990.93,0.0,895.65784,0.0,0.0
TO_mangawera,30,4,0.0,0.0,0.0,0.0,0.0,0.0,0.0,0.0,0.0
TOTAL_OUT,30,4,0.0,68880.914,8925.761,96539.02,80785.92,8442.298,74618.65,8212.383,3987.6848
IN-OUT,30,4,0.0,173270.34,26466.848,801660740.0,119821730.0,2831689700.0,9008205000.0,0.0,0.00024414062
PERCENT_DISCREPANCY,30,4,,111.41635,119.43962,199.95186,199.73068,199.9988,199.99669,0.0,6.1223654e-06
FROM_STORAGE,31,4,0.0,26989.002,1917.319,5240.5957,224.11368,0.0010911125,0.05842674,0.13130747,0.5926207
FROM_CONSTANT_HEAD,31,4,0.0,0.0,0.0,0.0,0.0,0.0,0.0,0.0,0.0
FROM_WELLS,31,4,0.0,4777.7715,18.260052,1438.9762,8504.589,0.0,0.0,77.06712,1081.1698
FROM_HEAD_DEP_BOUNDS,31,4,0.0,0.0,2885.4321,0.0,0.0,0.0,0.0,0.0,0.0
FROM_RECHARGE,31,4,0.0,11435.957,1631.3204,4484.366,15251.537,1894.4105,2240.9023,1178.2632,2905.9722
FROM_STREAM_LEAKAGE,31,4,0.0,3500.0,1100.0,36437.73,3119.7043,36.55455,16.53421,0.0,0.0
FROM_STREAM_FLOW_OUT,31,4,0.0,173263.03,26465.953,801340100.0,119816670.0,2831689700.0,9008191000.0,0.0,0.0
FROM_ZONE_0,31,4,0.0,0.0,0.0,0.0,0.0,0.0,0.0,0.0,0.0
FROM_haweaflat,31,4,0.0,0.0,427.6992,43172.25,17049.562,0.0,0.0,0.0,0.0
FROM_moraine_top,31,4,0.0,7351.4487,0.0,0.0,0.0,0.0,0.0,0.0,0.0
FROM_river_zone,31,4,0.0,11387.05,0.0,0.0,32756.314,0.0,42.174717,70.469444,0.0
FROM_main_terrace,31,4,0.0,806.0049,0.0,170.6402,0.0,6498.557,65024.85,5990.491,0.0
FROM_sandy_point,31,4,0.0,0.0,0.0,0.0,1680.8505,0.0,44.67466,0.0,0.0
FROM_clutha,31,4,0.0,0.0,0.0,3.330794,1718.1636,12.876111,0.0,895.63934,0.0
FROM_sub_terrace,31,4,0.0,0.0,0.0,70.67595,449.32053,0.0,7249.956,0.0,0.0
FROM_mangawera,31,4,0.0,0.0,0.0,3697.0579,0.0,0.0,0.0,0.0,0.0
TOTAL_IN,31,4,0.0,239510.27,34445.984,801434900.0,119897420.0,2831698200.0,9008266000.0,8212.062,3987.7346
TO_STORAGE,31,4,0.0,208.47366,21.54427,0.029645585,240.46634,0.0010587462,3.9791803,1.3635032,0.07040167
TO_CONSTANT_HEAD,31,4,0.0,0.0,0.0,0.0,0.0,0.0,0.0,0.0,0.0
TO_WELLS,31,4,0.0,5403.12,0.0,0.0,445.89493,28.567646,0.0,440.7458,290.60635
TO_HEAD_DEP_BOUNDS,31,4,0.0,0.0,607.001,0.0,0.0,0.0,0.0,0.0,0.0
TO_RECHARGE,31,4,0.0,0.0,0.0,0.0,0.0,0.0,0.0,0.0,0.0
TO_STREAM_LEAKAGE,31,4,0.0,0.0,0.0,50459.223,1577.2573,6688.2036,71985.19,0.0,0.0
TO_STREAM_FLOW_OUT,31,4,0.0,0.0,0.0,0.0,0.0,0.0,0.0,0.0,0.0
TO_ZONE_0,31,4,0.0,0.0,0.0,0.0,0.0,0.0,0.0,0.0,0.0
TO_haweaflat,31,4,0.0,0.0,7351.4487,11387.05,806.0049,0.0,0.0,0.0,0.0
TO_moraine_top,31,4,0.0,427.6992,0.0,0.0,0.0,0.0,0.0,0.0,0.0
TO_river_zone,31,4,0.0,43172.25,0.0,0.0,170.6402,0.0,3.330794,70.67595,3697.0579
TO_main_terrace,31,4,0.0,17049.562,0.0,32756.314,0.0,1680.8505,1718.1636,449.32053,0.0
TO_sandy_point,31,4,0.0,0.0,0.0,0.0,6498.557,0.0,12.876111,0.0,0.0
TO_clutha,31,4,0.0,0.0,0.0,42.174717,65024.85,44.67466,0.0,7249.956,0.0
TO_sub_terrace,31,4,0.0,0.0,0.0,70.469444,5990.491,0.0,895.63934,0.0,0.0
TO_mangawera,31,4,0.0,0.0,0.0,0.0,0.0,0.0,0.0,0.0,0.0
TOTAL_OUT,31,4,0.0,66261.11,7979.994,94715.26,80754.164,8442.298,74619.17,8212.062,3987.7346
IN-OUT,31,4,0.0,173249.16,26465.99,801340160.0,119816670.0,2831689700.0,9008191000.0,0.0,0.0
PERCENT_DISCREPANCY,31,4,,113.31941,124.76314,199.95273,199.73077,199.9988,199.99667,0.0,0.0
FROM_STORAGE,32,4,0.0,25017.117,1103.193,4997.24,271.13922,0.0010898928,0.4490757,0.48883766,0.6160252
FROM_CONSTANT_HEAD,32,4,0.0,0.0,0.0,0.0,0.0,0.0,0.0,0.0,0.0
FROM_WELLS,32,4,0.0,4777.7715,18.260052,1438.9762,8504.589,0.0,0.0,77.06712,1081.1698
FROM_HEAD_DEP_BOUNDS,32,4,0.0,0.0,3293.4126,0.0,0.0,0.0,0.0,0.0,0.0
FROM_RECHARGE,32,4,0.0,11435.957,1631.3204,4484.366,15251.537,1894.4105,2240.9023,1178.2632,2905.9722
FROM_STREAM_LEAKAGE,32,4,0.0,3500.0,1100.0,37005.367,3119.7043,36.55455,16.53421,0.0,0.0
FROM_STREAM_FLOW_OUT,32,4,0.0,173263.03,26465.953,801065700.0,119812330.0,2831689700.0,9008181000.0,0.0,0.0
FROM_ZONE_0,32,4,0.0,0.0,0.0,0.0,0.0,0.0,0.0,0.0,0.0
FROM_haweaflat,32,4,0.0,0.0,425.33954,41427.574,16974.326,0.0,0.0,0.0,0.0
FROM_moraine_top,32,4,0.0,6935.8037,0.0,0.0,0.0,0.0,0.0,0.0,0.0
FROM_river_zone,32,4,0.0,11569.916,0.0,0.0,32756.744,0.0,42.174885,70.47761,0.0
FROM_main_terrace,32,4,0.0,805.3109,0.0,170.48456,0.0,6498.557,65024.273,5989.9297,0.0
FROM_sandy_point,32,4,0.0,0.0,0.0,0.0,1680.8505,0.0,44.67466,0.0,0.0
FROM_clutha,32,4,0.0,0.0,0.0,3.3308003,1717.7988,12.876111,0.0,895.60284,0.0
FROM_sub_terrace,32,4,0.0,0.0,0.0,70.67798,449.47693,0.0,7249.8486,0.0,0.0
FROM_mangawera,32,4,0.0,0.0,0.0,3697.093,0.0,0.0,0.0,0.0,0.0
TOTAL_IN,32,4,0.0,237304.9,34037.48,801159040.0,119893060.0,2831698200.0,9008256000.0,8211.829,3987.7578
TO_STORAGE,32,4,0.0,146.2439,0.004067777,0.020801269,214.46767,0.0010598322,3.4038782,1.0793236,0.0584851
TO_CONSTANT_HEAD,32,4,0.0,0.0,0.0,0.0,0.0,0.0,0.0,0.0,0.0
TO_WELLS,32,4,0.0,5063.044,0.0,0.0,445.89493,28.567646,0.0,440.7458,290.60635
TO_HEAD_DEP_BOUNDS,32,4,0.0,0.0,635.3613,0.0,0.0,0.0,0.0,0.0,0.0
TO_RECHARGE,32,4,0.0,0.0,0.0,0.0,0.0,0.0,0.0,0.0,0.0
TO_STREAM_LEAKAGE,32,4,0.0,0.0,0.0,48854.516,1577.2573,6688.2036,71985.945,0.0,0.0
TO_STREAM_FLOW_OUT,32,4,0.0,0.0,0.0,0.0,0.0,0.0,0.0,0.0,0.0
TO_ZONE_0,32,4,0.0,0.0,0.0,0.0,0.0,0.0,0.0,0.0,0.0
TO_haweaflat,32,4,0.0,0.0,6935.8037,11569.916,805.3109,0.0,0.0,0.0,0.0
TO_moraine_top,32,4,0.0,425.33954,0.0,0.0,0.0,0.0,0.0,0.0,0.0
TO_river_zone,32,4,0.0,41427.574,0.0,0.0,170.48456,0.0,3.3308003,70.67798,3697.093
TO_main_terrace,32,4,0.0,16974.326,0.0,32756.744,0.0,1680.8505,1717.7988,449.47693,0.0
TO_sandy_point,32,4,0.0,0.0,0.0,0.0,6498.557,0.0,12.876111,0.0,0.0
TO_clutha,32,4,0.0,0.0,0.0,42.174885,65024.273,44.67466,0.0,7249.8486,0.0
TO_sub_terrace,32,4,0.0,0.0,0.0,70.47761,5989.9297,0.0,895.60284,0.0,0.0
TO_mangawera,32,4,0.0,0.0,0.0,0.0,0.0,0.0,0.0,0.0,0.0
TOTAL_OUT,32,4,0.0,64036.53,7571.169,93293.84,80726.18,8442.298,74618.95,8211.828,3987.7578
IN-OUT,32,4,0.0,173268.38,26466.312,801065700.0,119812330.0,2831689700.0,9008181000.0,0.0009765625,0.0
PERCENT_DISCREPANCY,32,4,,114.99805,127.21544,199.95341,199.73085,199.9988,199.99669,1.1892145e-05,0.0
FROM_STORAGE,33,4,0.0,23227.47,745.7484,4844.938,319.02417,0.0010887211,1.0102195,0.93772244,0.62349373
FROM_CONSTANT_HEAD,33,4,0.0,0.0,0.0,0.0,0.0,0.0,0.0,0.0,0.0
FROM_WELLS,33,4,0.0,4777.7715,18.260052,1438.9762,8504.589,0.0,0.0,77.06712,1081.1698
FROM_HEAD_DEP_BOUNDS,33,4,0.0,0.0,3513.1348,0.0,0.0,0.0,0.0,0.0,0.0
FROM_RECHARGE,33,4,0.0,11435.957,1631.3204,4484.366,15251.537,1894.4105,2240.9023,1178.2632,2905.9722
FROM_STREAM_LEAKAGE,33,4,0.0,3500.0,1100.0,37511.555,3119.7043,36.55455,16.53421,0.0,0.0
FROM_STREAM_FLOW_OUT,33,4,0.0,173263.03,26465.953,800818200.0,119808390.0,2831689700.0,9008171000.0,0.0,0.0
FROM_ZONE_0,33,4,0.0,0.0,0.0,0.0,0.0,0.0,0.0,0.0,0.0
FROM_haweaflat,33,4,0.0,0.0,425.39807,39859.605,16900.354,0.0,0.0,0.0,0.0
FROM_moraine_top,33,4,0.0,6788.5176,0.0,0.0,0.0,0.0,0.0,0.0,0.0
FROM_river_zone,33,4,0.0,11819.467,0.0,0.0,32757.934,0.0,42.175114,70.48841,0.0
FROM_main_terrace,33,4,0.0,804.7012,0.0,170.28961,0.0,6498.557,65022.785,5989.2573,0.0
FROM_sandy_point,33,4,0.0,0.0,0.0,0.0,1680.8505,0.0,44.67466,0.0,0.0
FROM_clutha,33,4,0.0,0.0,0.0,3.3308058,1717.3633,12.876111,0.0,895.5489,0.0
FROM_sub_terrace,33,4,0.0,0.0,0.0,70.678276,449.6422,0.0,7249.623,0.0,0.0
FROM_mangawera,33,4,0.0,0.0,0.0,3697.1108,0.0,0.0,0.0,0.0,0.0
TOTAL_IN,33,4,0.0,235616.92,33899.816,800910300.0,119889096.0,2831698200.0,9008245000.0,8211.5625,3987.7656
TO_STORAGE,33,4,0.0,99.62026,0.0,0.013700676,192.24011,0.0010609038,2.9449837,0.8725268,0.047999136
TO_CONSTANT_HEAD,33,4,0.0,0.0,0.0,0.0,0.0,0.0,0.0,0.0,0.0
TO_WELLS,33,4,0.0,5063.044,0.0,0.0,445.89493,28.567646,0.0,440.7458,290.60635
TO_HEAD_DEP_BOUNDS,33,4,0.0,0.0,645.1792,0.0,0.0,0.0,0.0,0.0,0.0
TO_RECHARGE,33,4,0.0,0.0,0.0,0.0,0.0,0.0,0.0,0.0,0.0
TO_STREAM_LEAKAGE,33,4,0.0,0.0,0.0,47389.473,1577.2573,6688.2036,71985.68,0.0,0.0
TO_STREAM_FLOW_OUT,33,4,0.0,0.0,0.0,0.0,0.0,0.0,0.0,0.0,0.0
TO_ZONE_0,33,4,0.0,0.0,0.0,0.0,0.0,0.0,0.0,0.0,0.0
TO_haweaflat,33,4,0.0,0.0,6788.5176,11819.467,804.7012,0.0,0.0,0.0,0.0
TO_moraine_top,33,4,0.0,425.39807,0.0,0.0,0.0,0.0,0.0,0.0,0.0
TO_river_zone,33,4,0.0,39859.605,0.0,0.0,170.28961,0.0,3.3308058,70.678276,3697.1108
TO_main_terrace,33,4,0.0,16900.354,0.0,32757.934,0.0,1680.8505,1717.3633,449.6422,0.0
TO_sandy_point,33,4,0.0,0.0,0.0,0.0,6498.557,0.0,12.876111,0.0,0.0
TO_clutha,33,4,0.0,0.0,0.0,42.175114,65022.785,44.67466,0.0,7249.623,0.0
TO_sub_terrace,33,4,0.0,0.0,0.0,70.48841,5989.2573,0.0,895.5489,0.0,0.0
TO_mangawera,33,4,0.0,0.0,0.0,0.0,0.0,0.0,0.0,0.0,0.0
TOTAL_OUT,33,4,0.0,62348.023,7433.697,92079.555,80700.984,8442.298,74617.734,8211.562,3987.7651
IN-OUT,33,4,0.0,173268.9,26466.12,800818200.0,119808390.0,2831689700.0,9008170000.0,0.0009765625,0.00048828125
PERCENT_DISCREPANCY,33,4,,116.30154,128.06133,199.954,199.73091,199.9988,199.99669,1.189253e-05,1.2244483e-05
FROM_STORAGE,34,4,0.0,21636.28,563.80023,4686.219,367.1594,0.0010876855,1.6594931,1.4403694,0.62922215
FROM_CONSTANT_HEAD,34,4,0.0,0.0,0.0,0.0,0.0,0.0,0.0,0.0,0.0
FROM_WELLS,34,4,0.0,4777.7715,18.260052,1438.9762,8504.589,0.0,0.0,77.06712,1081.1698
FROM_HEAD_DEP_BOUNDS,34,4,0.0,0.0,3647.3555,0.0,0.0,0.0,0.0,0.0,0.0
FROM_RECHARGE,34,4,0.0,11435.957,1631.3204,4484.366,15251.537,1894.4105,2240.9023,1178.2632,2905.9722
FROM_STREAM_LEAKAGE,34,4,0.0,3500.0,1100.0,37966.5,3119.7043,36.55455,16.53421,0.0,0.0
FROM_STREAM_FLOW_OUT,34,4,0.0,173263.03,26465.953,800590900.0,119804770.0,2831689200.0,9008161000.0,0.0,0.0
FROM_ZONE_0,34,4,0.0,0.0,0.0,0.0,0.0,0.0,0.0,0.0,0.0
FROM_haweaflat,34,4,0.0,0.0,424.7479,38493.637,16827.975,0.0,0.0,0.0,0.0
FROM_moraine_top,34,4,0.0,6737.746,0.0,0.0,0.0,0.0,0.0,0.0,0.0
FROM_river_zone,34,4,0.0,12084.895,0.0,0.0,32759.83,0.0,42.175285,70.501564,0.0
FROM_main_terrace,34,4,0.0,804.6492,0.0,170.05904,0.0,6498.557,65020.43,5988.4907,0.0
FROM_sandy_point,34,4,0.0,0.0,0.0,0.0,1680.8505,0.0,44.67466,0.0,0.0
FROM_clutha,34,4,0.0,0.0,0.0,3.3308144,1716.8644,12.876111,0.0,895.47876,0.0
FROM_sub_terrace,34,4,0.0,0.0,0.0,70.67697,449.81226,0.0,7249.284,0.0,0.0
FROM_mangawera,34,4,0.0,0.0,0.0,3697.121,0.0,0.0,0.0,0.0,0.0
TOTAL_IN,34,4,0.0,234240.33,33851.434,800681900.0,119885440.0,2831697700.0,9008234000.0,8211.241,3987.7712
TO_STORAGE,34,4,0.0,65.063835,0.0044997334,0.0086434055,172.08287,0.0010618585,2.5498624,0.71928954,0.04061766
TO_CONSTANT_HEAD,34,4,0.0,0.0,0.0,0.0,0.0,0.0,0.0,0.0,0.0
TO_WELLS,34,4,0.0,5063.044,0.0,0.0,445.89493,28.567646,0.0,440.7458,290.60635
TO_HEAD_DEP_BOUNDS,34,4,0.0,0.0,644.7656,0.0,0.0,0.0,0.0,0.0,0.0
TO_RECHARGE,34,4,0.0,0.0,0.0,0.0,0.0,0.0,0.0,0.0,0.0
TO_STREAM_LEAKAGE,34,4,0.0,0.0,0.0,46030.0,1577.2573,6688.2036,71984.586,0.0,0.0
TO_STREAM_FLOW_OUT,34,4,0.0,0.0,0.0,0.0,0.0,0.0,0.0,0.0,0.0
TO_ZONE_0,34,4,0.0,0.0,0.0,0.0,0.0,0.0,0.0,0.0,0.0
TO_haweaflat,34,4,0.0,0.0,6737.746,12084.895,804.6492,0.0,0.0,0.0,0.0
TO_moraine_top,34,4,0.0,424.7479,0.0,0.0,0.0,0.0,0.0,0.0,0.0
TO_river_zone,34,4,0.0,38493.637,0.0,0.0,170.05904,0.0,3.3308144,70.67697,3697.121
TO_main_terrace,34,4,0.0,16827.975,0.0,32759.83,0.0,1680.8505,1716.8644,449.81226,0.0
TO_sandy_point,34,4,0.0,0.0,0.0,0.0,6498.557,0.0,12.876111,0.0,0.0
TO_clutha,34,4,0.0,0.0,0.0,42.175285,65020.43,44.67466,0.0,7249.284,0.0
TO_sub_terrace,34,4,0.0,0.0,0.0,70.501564,5988.4907,0.0,895.47876,0.0,0.0
TO_mangawera,34,4,0.0,0.0,0.0,0.0,0.0,0.0,0.0,0.0,0.0
TOTAL_OUT,34,4,0.0,60874.47,7382.516,90987.41,80677.42,8442.298,74615.68,8211.238,3987.768
IN-OUT,34,4,0.0,173365.86,26468.918,800590900.0,119804760.0,2831689200.0,9008160000.0,0.0029296875,0.0031738281
PERCENT_DISCREPANCY,34,4,,117.49045,128.3841,199.95453,199.731,199.99881,199.99669,3.567899e-05,7.958906e-05
FROM_STORAGE,35,4,0.0,19629.314,441.17316,4433.383,408.60355,0.0010955153,2.3451629,1.9456291,0.6234651
FROM_CONSTANT_HEAD,35,4,0.0,0.0,0.0,0.0,0.0,0.0,0.0,0.0,0.0
FROM_WELLS,35,4,0.0,4777.7715,18.260052,1438.9762,8504.589,0.0,0.0,77.06712,1081.1698
FROM_HEAD_DEP_BOUNDS,35,4,0.0,0.0,3741.209,0.0,0.0,0.0,0.0,0.0,0.0
FROM_RECHARGE,35,4,0.0,11435.957,1631.3204,4484.366,15251.537,1894.4105,2240.9023,1178.2632,2905.9722
FROM_STREAM_LEAKAGE,35,4,0.0,3500.0,1100.0,38420.895,3119.7043,36.55455,16.53421,0.0,0.0
FROM_STREAM_FLOW_OUT,35,4,0.0,173263.03,26465.953,800387200.0,119801530.0,2831689500.0,9008153000.0,0.0,0.0
FROM_ZONE_0,35,4,0.0,0.0,0.0,0.0,0.0,0.0,0.0,0.0,0.0
FROM_haweaflat,35,4,0.0,0.0,422.1808,37324.66,16758.37,0.0,0.0,0.0,0.0
FROM_moraine_top,35,4,0.0,6716.071,0.0,0.0,0.0,0.0,0.0,0.0,0.0
FROM_river_zone,35,4,0.0,12308.457,0.0,0.0,32762.39,0.0,42.175457,70.51669,0.0
FROM_main_terrace,35,4,0.0,804.54675,0.0,169.79778,0.0,6498.5576,65017.246,5987.6494,0.0
FROM_sandy_point,35,4,0.0,0.0,0.0,0.0,1680.8505,0.0,44.67466,0.0,0.0
FROM_clutha,35,4,0.0,0.0,0.0,3.3308215,1716.314,12.876111,0.0,895.39404,0.0
FROM_sub_terrace,35,4,0.0,0.0,0.0,70.67415,449.98364,0.0,7248.8403,0.0,0.0
FROM_mangawera,35,4,0.0,0.0,0.0,3697.1238,0.0,0.0,0.0,0.0,0.0
TOTAL_IN,35,4,0.0,232435.16,33820.094,800477250.0,119882184.0,2831698000.0,9008226000.0,8210.836,3987.7654
TO_STORAGE,35,4,0.0,40.183914,0.0020027272,0.005697956,151.34712,0.0010538783,2.1770084,0.59112304,0.03515587
TO_CONSTANT_HEAD,35,4,0.0,0.0,0.0,0.0,0.0,0.0,0.0,0.0,0.0
TO_WELLS,35,4,0.0,4621.7383,0.0,0.0,445.89493,28.567646,0.0,440.7458,290.60635
TO_HEAD_DEP_BOUNDS,35,4,0.0,0.0,638.0005,0.0,0.0,0.0,0.0,0.0,0.0
TO_RECHARGE,35,4,0.0,0.0,0.0,0.0,0.0,0.0,0.0,0.0,0.0
TO_STREAM_LEAKAGE,35,4,0.0,0.0,0.0,44858.816,1577.2573,6688.2036,71982.695,0.0,0.0
TO_STREAM_FLOW_OUT,35,4,0.0,0.0,0.0,0.0,0.0,0.0,0.0,0.0,0.0
TO_ZONE_0,35,4,0.0,0.0,0.0,0.0,0.0,0.0,0.0,0.0,0.0
TO_haweaflat,35,4,0.0,0.0,6716.071,12308.457,804.54675,0.0,0.0,0.0,0.0
TO_moraine_top,35,4,0.0,422.1808,0.0,0.0,0.0,0.0,0.0,0.0,0.0
TO_river_zone,35,4,0.0,37324.66,0.0,0.0,169.79778,0.0,3.3308215,70.67415,3697.1238
TO_main_terrace,35,4,0.0,16758.37,0.0,32762.39,0.0,1680.8505,1716.314,449.98364,0.0
TO_sandy_point,35,4,0.0,0.0,0.0,0.0,6498.5576,0.0,12.876111,0.0,0.0
TO_clutha,35,4,0.0,0.0,0.0,42.175457,65017.246,44.67466,0.0,7248.8403,0.0
TO_sub_terrace,35,4,0.0,0.0,0.0,70.51669,5987.6494,0.0,895.39404,0.0,0.0
TO_mangawera,35,4,0.0,0.0,0.0,0.0,0.0,0.0,0.0,0.0,0.0
TOTAL_OUT,35,4,0.0,59167.133,7354.073,90042.36,80652.3,8442.298,74612.78,8210.835,3987.7654
IN-OUT,35,4,0.0,173268.03,26466.02,800387200.0,119801530.0,2831689500.0,9008152000.0,0.0009765625,0.0
PERCENT_DISCREPANCY,35,4,,118.8386,128.55643,199.95502,199.73106,199.9988,199.99667,1.1893582e-05,0.0
FROM_STORAGE,36,4,0.0,18210.895,353.73492,4208.2397,449.77396,0.0010950492,3.0883608,2.4663832,0.6154926
FROM_CONSTANT_HEAD,36,4,0.0,0.0,0.0,0.0,0.0,0.0,0.0,0.0,0.0
FROM_WELLS,36,4,0.0,4777.7715,18.260052,1438.9762,8504.589,0.0,0.0,77.06712,1081.1698
FROM_HEAD_DEP_BOUNDS,36,4,0.0,0.0,3818.5757,0.0,0.0,0.0,0.0,0.0,0.0
FROM_RECHARGE,36,4,0.0,11435.957,1631.3204,4484.366,15251.537,1894.4105,2240.9023,1178.2632,2905.9722
FROM_STREAM_LEAKAGE,36,4,0.0,3500.0,1100.0,38845.805,3119.7043,36.55455,16.53421,0.0,0.0
FROM_STREAM_FLOW_OUT,36,4,0.0,173263.03,26465.953,800207740.0,119798670.0,2831689500.0,9008146000.0,0.0,0.0
FROM_ZONE_0,36,4,0.0,0.0,0.0,0.0,0.0,0.0,0.0,0.0,0.0
FROM_haweaflat,36,4,0.0,0.0,418.35748,36334.2,16692.594,0.0,0.0,0.0,0.0
FROM_moraine_top,36,4,0.0,6713.3003,0.0,0.0,0.0,0.0,0.0,0.0,0.0
FROM_river_zone,36,4,0.0,12504.826,0.0,0.0,32765.566,0.0,42.1756,70.53369,0.0
FROM_main_terrace,36,4,0.0,804.3899,0.0,169.50995,0.0,6498.5576,65013.29,5986.743,0.0
FROM_sandy_point,36,4,0.0,0.0,0.0,0.0,1680.8505,0.0,44.67466,0.0,0.0
FROM_clutha,36,4,0.0,0.0,0.0,3.3308277,1715.7203,12.876111,0.0,895.29614,0.0
FROM_sub_terrace,36,4,0.0,0.0,0.0,70.669624,450.15356,0.0,7248.297,0.0,0.0
FROM_mangawera,36,4,0.0,0.0,0.0,3697.1165,0.0,0.0,0.0,0.0,0.0
TOTAL_IN,36,4,0.0,231210.17,33806.203,800297000.0,119879304.0,2831698000.0,9008220000.0,8210.369,3987.7573
TO_STORAGE,36,4,0.0,23.305105,2.3063184e-19,0.0039972793,133.3388,0.0010544803,1.8738042,0.49355203,0.031552777
TO_CONSTANT_HEAD,36,4,0.0,0.0,0.0,0.0,0.0,0.0,0.0,0.0,0.0
TO_WELLS,36,4,0.0,4388.5107,0.0,0.0,445.89493,28.567646,0.0,440.7458,290.60635
TO_HEAD_DEP_BOUNDS,36,4,0.0,0.0,625.17334,0.0,0.0,0.0,0.0,0.0,0.0
TO_RECHARGE,36,4,0.0,0.0,0.0,0.0,0.0,0.0,0.0,0.0,0.0
TO_STREAM_LEAKAGE,36,4,0.0,0.0,0.0,43847.863,1577.2573,6688.2036,71979.98,0.0,0.0
TO_STREAM_FLOW_OUT,36,4,0.0,0.0,0.0,0.0,0.0,0.0,0.0,0.0,0.0
TO_ZONE_0,36,4,0.0,0.0,0.0,0.0,0.0,0.0,0.0,0.0,0.0
TO_haweaflat,36,4,0.0,0.0,6713.3003,12504.826,804.3899,0.0,0.0,0.0,0.0
TO_moraine_top,36,4,0.0,418.35748,0.0,0.0,0.0,0.0,0.0,0.0,0.0
TO_river_zone,36,4,0.0,36334.2,0.0,0.0,169.50995,0.0,3.3308277,70.669624,3697.1165
TO_main_terrace,36,4,0.0,16692.594,0.0,32765.566,0.0,1680.8505,1715.7203,450.15356,0.0
TO_sandy_point,36,4,0.0,0.0,0.0,0.0,6498.5576,0.0,12.876111,0.0,0.0
TO_clutha,36,4,0.0,0.0,0.0,42.1756,65013.29,44.67466,0.0,7248.297,0.0
TO_sub_terrace,36,4,0.0,0.0,0.0,70.53369,5986.743,0.0,895.29614,0.0,0.0
TO_mangawera,36,4,0.0,0.0,0.0,0.0,0.0,0.0,0.0,0.0,0.0
TOTAL_OUT,36,4,0.0,57856.965,7338.4736,89230.97,80628.98,8442.298,74609.07,8210.359,3987.7544
IN-OUT,36,4,0.0,173353.2,26467.73,800207800.0,119798670.0,2831689500.0,9008145000.0,0.009765625,0.0029296875
PERCENT_DISCREPANCY,36,4,,119.93975,128.65689,199.95541,199.73114,199.9988,199.99667,0.000118942655,7.3467076e-05
FROM_STORAGE,37,4,0.0,16936.424,272.1037,3981.0122,484.6237,0.0010939142,3.819521,2.9464018,0.6004803
FROM_CONSTANT_HEAD,37,4,0.0,0.0,0.0,0.0,0.0,0.0,0.0,0.0,0.0
FROM_WELLS,37,4,0.0,4777.7715,18.260052,1438.9762,8504.589,0.0,0.0,77.06712,1081.1698
FROM_HEAD_DEP_BOUNDS,37,4,0.0,0.0,3889.918,0.0,0.0,0.0,0.0,0.0,0.0
FROM_RECHARGE,37,4,0.0,11435.957,1631.3204,4484.366,15251.537,1894.4105,2240.9023,1178.2632,2905.9722
FROM_STREAM_LEAKAGE,37,4,0.0,3500.0,1100.0,39251.297,3119.7043,36.55455,16.53421,0.0,0.0
FROM_STREAM_FLOW_OUT,37,4,0.0,173263.03,26465.953,800043800.0,119796040.0,2831689200.0,9008138000.0,0.0,0.0
FROM_ZONE_0,37,4,0.0,0.0,0.0,0.0,0.0,0.0,0.0,0.0,0.0
FROM_haweaflat,37,4,0.0,0.0,413.7147,35439.562,16629.312,0.0,0.0,0.0,0.0
FROM_moraine_top,37,4,0.0,6718.1084,0.0,0.0,0.0,0.0,0.0,0.0,0.0
FROM_river_zone,37,4,0.0,12714.373,0.0,0.0,32769.258,0.0,42.175713,70.552124,0.0
FROM_main_terrace,37,4,0.0,804.2113,0.0,169.20033,0.0,6498.5576,65008.633,5985.7896,0.0
FROM_sandy_point,37,4,0.0,0.0,0.0,0.0,1680.8505,0.0,44.67466,0.0,0.0
FROM_clutha,37,4,0.0,0.0,0.0,3.3308327,1715.0966,12.876111,0.0,895.1869,0.0
FROM_sub_terrace,37,4,0.0,0.0,0.0,70.663666,450.31927,0.0,7247.667,0.0,0.0
FROM_mangawera,37,4,0.0,0.0,0.0,3697.1074,0.0,0.0,0.0,0.0,0.0
TOTAL_IN,37,4,0.0,230149.89,33791.27,800132350.0,119876640.0,2831697700.0,9008212000.0,8209.805,3987.7424
TO_STORAGE,37,4,0.0,11.510077,2.602845e-19,0.0029076776,115.66807,0.0010553082,1.600324,0.40902883,0.02857776
TO_CONSTANT_HEAD,37,4,0.0,0.0,0.0,0.0,0.0,0.0,0.0,0.0,0.0
TO_WELLS,37,4,0.0,4388.5107,0.0,0.0,445.89493,28.567646,0.0,440.7458,290.60635
TO_HEAD_DEP_BOUNDS,37,4,0.0,0.0,607.1284,0.0,0.0,0.0,0.0,0.0,0.0
TO_RECHARGE,37,4,0.0,0.0,0.0,0.0,0.0,0.0,0.0,0.0,0.0
TO_STREAM_LEAKAGE,37,4,0.0,0.0,0.0,42938.34,1577.2573,6688.2036,71976.45,0.0,0.0
TO_STREAM_FLOW_OUT,37,4,0.0,0.0,0.0,0.0,0.0,0.0,0.0,0.0,0.0
TO_ZONE_0,37,4,0.0,0.0,0.0,0.0,0.0,0.0,0.0,0.0,0.0
TO_haweaflat,37,4,0.0,0.0,6718.1084,12714.373,804.2113,0.0,0.0,0.0,0.0
TO_moraine_top,37,4,0.0,413.7147,0.0,0.0,0.0,0.0,0.0,0.0,0.0
TO_river_zone,37,4,0.0,35439.562,0.0,0.0,169.20033,0.0,3.3308327,70.663666,3697.1074
TO_main_terrace,37,4,0.0,16629.312,0.0,32769.258,0.0,1680.8505,1715.0966,450.31927,0.0
TO_sandy_point,37,4,0.0,0.0,0.0,0.0,6498.5576,0.0,12.876111,0.0,0.0
TO_clutha,37,4,0.0,0.0,0.0,42.175713,65008.633,44.67466,0.0,7247.667,0.0
TO_sub_terrace,37,4,0.0,0.0,0.0,70.552124,5985.7896,0.0,895.1869,0.0,0.0
TO_mangawera,37,4,0.0,0.0,0.0,0.0,0.0,0.0,0.0,0.0,0.0
TOTAL_OUT,37,4,0.0,56882.61,7325.237,88534.7,80605.21,8442.298,74604.54,8209.805,3987.7424
IN-OUT,37,4,0.0,173267.28,26466.033,800043840.0,119796030.0,2831689200.0,9008137000.0,0.0,0.0
PERCENT_DISCREPANCY,37,4,,120.73008,128.73677,199.95575,199.7312,199.99881,199.99669,0.0,0.0
FROM_STORAGE,38,4,0.0,15672.814,198.55295,3792.1982,521.31104,0.0010937313,4.5874457,3.4313521,0.591266
FROM_CONSTANT_HEAD,38,4,0.0,0.0,0.0,0.0,0.0,0.0,0.0,0.0,0.0
FROM_WELLS,38,4,0.0,4777.7715,18.260052,1438.9762,8504.589,0.0,0.0,77.06712,1081.1698
FROM_HEAD_DEP_BOUNDS,38,4,0.0,0.0,3962.2598,0.0,0.0,0.0,0.0,0.0,0.0
FROM_RECHARGE,38,4,0.0,11435.957,1631.3204,4484.366,15251.537,1894.4105,2240.9023,1178.2632,2905.9722
FROM_STREAM_LEAKAGE,38,4,0.0,3500.0,1100.0,39623.562,3119.7043,36.55455,16.53421,0.0,0.0
FROM_STREAM_FLOW_OUT,38,4,0.0,173263.03,26465.953,799893900.0,119793640.0,2831689200.0,9008132000.0,0.0,0.0
FROM_ZONE_0,38,4,0.0,0.0,0.0,0.0,0.0,0.0,0.0,0.0,0.0
FROM_haweaflat,38,4,0.0,0.0,409.21295,34649.125,16568.709,0.0,0.0,0.0,0.0
FROM_moraine_top,38,4,0.0,6729.791,0.0,0.0,0.0,0.0,0.0,0.0,0.0
FROM_river_zone,38,4,0.0,12915.008,0.0,0.0,32773.402,0.0,42.175804,70.571815,0.0
FROM_main_terrace,38,4,0.0,804.01184,0.0,168.87173,0.0,6498.5576,65003.35,5984.7983,0.0
FROM_sandy_point,38,4,0.0,0.0,0.0,0.0,1680.8505,0.0,44.67466,0.0,0.0
FROM_clutha,38,4,0.0,0.0,0.0,3.3308358,1714.4512,12.876111,0.0,895.0677,0.0
FROM_sub_terrace,38,4,0.0,0.0,0.0,70.65636,450.48035,0.0,7246.958,0.0,0.0
FROM_mangawera,38,4,0.0,0.0,0.0,3697.0974,0.0,0.0,0.0,0.0,0.0
TOTAL_IN,38,4,0.0,229098.39,33785.562,799981800.0,119874220.0,2831697700.0,9008206000.0,8209.199,3987.7334
TO_STORAGE,38,4,0.0,4.4464755,2.8018558,0.0021300376,100.25058,0.0010557058,1.3831483,0.3435263,0.026447447
TO_CONSTANT_HEAD,38,4,0.0,0.0,0.0,0.0,0.0,0.0,0.0,0.0,0.0
TO_WELLS,38,4,0.0,4130.8774,0.0,0.0,445.89493,28.567646,0.0,440.7458,290.60635
TO_HEAD_DEP_BOUNDS,38,4,0.0,0.0,585.98047,0.0,0.0,0.0,0.0,0.0,0.0
TO_RECHARGE,38,4,0.0,0.0,0.0,0.0,0.0,0.0,0.0,0.0,0.0
TO_STREAM_LEAKAGE,38,4,0.0,0.0,0.0,42108.17,1577.2573,6688.2036,71972.164,0.0,0.0
TO_STREAM_FLOW_OUT,38,4,0.0,0.0,0.0,0.0,0.0,0.0,0.0,0.0,0.0
TO_ZONE_0,38,4,0.0,0.0,0.0,0.0,0.0,0.0,0.0,0.0,0.0
TO_haweaflat,38,4,0.0,0.0,6729.791,12915.008,804.01184,0.0,0.0,0.0,0.0
TO_moraine_top,38,4,0.0,409.21295,0.0,0.0,0.0,0.0,0.0,0.0,0.0
TO_river_zone,38,4,0.0,34649.125,0.0,0.0,168.87173,0.0,3.3308358,70.65636,3697.0974
TO_main_terrace,38,4,0.0,16568.709,0.0,32773.402,0.0,1680.8505,1714.4512,450.48035,0.0
TO_sandy_point,38,4,0.0,0.0,0.0,0.0,6498.5576,0.0,12.876111,0.0,0.0
TO_clutha,38,4,0.0,0.0,0.0,42.175804,65003.35,44.67466,0.0,7246.958,0.0
TO_sub_terrace,38,4,0.0,0.0,0.0,70.571815,5984.7983,0.0,895.0677,0.0,0.0
TO_mangawera,38,4,0.0,0.0,0.0,0.0,0.0,0.0,0.0,0.0,0.0
TOTAL_OUT,38,4,0.0,55762.367,7318.573,87909.336,80582.99,8442.298,74599.27,8209.184,3987.7302
IN-OUT,38,4,0.0,173336.03,26466.988,799893900.0,119793640.0,2831689200.0,9008131000.0,0.015625,0.0031738281
PERCENT_DISCREPANCY,38,4,,121.69879,128.78017,199.95604,199.7313,199.99881,199.99667,0.00019033543,7.958981e-05
FROM_STORAGE,39,4,0.0,14676.921,130.42097,3596.0122,553.6758,0.0010927261,5.320629,3.8758078,0.579025
FROM_CONSTANT_HEAD,39,4,0.0,0.0,0.0,0.0,0.0,0.0,0.0,0.0,0.0
FROM_WELLS,39,4,0.0,4777.7715,18.260052,1438.9762,8504.589,0.0,0.0,77.06712,1081.1698
FROM_HEAD_DEP_BOUNDS,39,4,0.0,0.0,4037.2554,0.0,0.0,0.0,0.0,0.0,0.0
FROM_RECHARGE,39,4,0.0,11435.957,1631.3204,4484.366,15251.537,1894.4105,2240.9023,1178.2632,2905.9722
FROM_STREAM_LEAKAGE,39,4,0.0,3500.0,1100.0,39992.555,3119.7043,36.55455,16.53421,0.0,0.0
FROM_STREAM_FLOW_OUT,39,4,0.0,173263.03,26465.953,799757700.0,119791464.0,2831689200.0,9008127000.0,0.0,0.0
FROM_ZONE_0,39,4,0.0,0.0,0.0,0.0,0.0,0.0,0.0,0.0,0.0
FROM_haweaflat,39,4,0.0,0.0,404.5651,33949.8,16511.02,0.0,0.0,0.0,0.0
FROM_moraine_top,39,4,0.0,6751.654,0.0,0.0,0.0,0.0,0.0,0.0,0.0
FROM_river_zone,39,4,0.0,13114.056,0.0,0.0,32777.94,0.0,42.1759,70.59249,0.0
FROM_main_terrace,39,4,0.0,803.78973,0.0,168.52771,0.0,6498.5576,64997.516,5983.794,0.0
FROM_sandy_point,39,4,0.0,0.0,0.0,0.0,1680.8505,0.0,44.67466,0.0,0.0
FROM_clutha,39,4,0.0,0.0,0.0,3.330843,1713.793,12.876111,0.0,894.94006,0.0
FROM_sub_terrace,39,4,0.0,0.0,0.0,70.64762,450.65155,0.0,7246.181,0.0,0.0
FROM_mangawera,39,4,0.0,0.0,0.0,3697.0872,0.0,0.0,0.0,0.0,0.0
TOTAL_IN,39,4,0.0,228323.2,33787.777,799845100.0,119872024.0,2831697700.0,9008201000.0,8208.533,3987.721
TO_STORAGE,39,4,0.0,1.3285595,7.7841196,0.0014302003,86.1466,0.0010565093,1.1868953,0.28867322,0.024739528
TO_CONSTANT_HEAD,39,4,0.0,0.0,0.0,0.0,0.0,0.0,0.0,0.0,0.0
TO_WELLS,39,4,0.0,4119.5796,0.0,0.0,445.89493,28.567646,0.0,440.7458,290.60635
TO_HEAD_DEP_BOUNDS,39,4,0.0,0.0,561.80615,0.0,0.0,0.0,0.0,0.0,0.0
TO_RECHARGE,39,4,0.0,0.0,0.0,0.0,0.0,0.0,0.0,0.0,0.0
TO_STREAM_LEAKAGE,39,4,0.0,0.0,0.0,41378.46,1577.2573,6688.2036,71967.23,0.0,0.0
TO_STREAM_FLOW_OUT,39,4,0.0,0.0,0.0,0.0,0.0,0.0,0.0,0.0,0.0
TO_ZONE_0,39,4,0.0,0.0,0.0,0.0,0.0,0.0,0.0,0.0,0.0
TO_haweaflat,39,4,0.0,0.0,6751.654,13114.056,803.78973,0.0,0.0,0.0,0.0
TO_moraine_top,39,4,0.0,404.5651,0.0,0.0,0.0,0.0,0.0,0.0,0.0
TO_river_zone,39,4,0.0,33949.8,0.0,0.0,168.52771,0.0,3.330843,70.64762,3697.0872
TO_main_terrace,39,4,0.0,16511.02,0.0,32777.94,0.0,1680.8505,1713.793,450.65155,0.0
TO_sandy_point,39,4,0.0,0.0,0.0,0.0,6498.5576,0.0,12.876111,0.0,0.0
TO_clutha,39,4,0.0,0.0,0.0,42.1759,64997.516,44.67466,0.0,7246.181,0.0
TO_sub_terrace,39,4,0.0,0.0,0.0,70.59249,5983.794,0.0,894.94006,0.0,0.0
TO_mangawera,39,4,0.0,0.0,0.0,0.0,0.0,0.0,0.0,0.0,0.0
TOTAL_OUT,39,4,0.0,54986.293,7321.244,87383.23,80561.484,8442.298,74593.34,8208.515,3987.7183
IN-OUT,39,4,0.0,173336.9,26466.533,799757760.0,119791464.0,2831689200.0,9008126000.0,0.018554688,0.0026855469
PERCENT_DISCREPANCY,39,4,,122.36575,128.76265,199.95631,199.73135,199.99881,199.99667,0.00022604172,6.734543e-05
FROM_STORAGE,40,4,0.0,13760.974,69.7987,3408.224,584.82825,0.0010953936,6.0291386,4.2874413,0.5668005
FROM_CONSTANT_HEAD,40,4,0.0,0.0,0.0,0.0,0.0,0.0,0.0,0.0,0.0
FROM_WELLS,40,4,0.0,4777.7715,18.260052,1438.9762,8504.589,0.0,0.0,77.06712,1081.1698
FROM_HEAD_DEP_BOUNDS,40,4,0.0,0.0,4116.0303,0.0,0.0,0.0,0.0,0.0,0.0
FROM_RECHARGE,40,4,0.0,11435.957,1631.3204,4484.366,15251.537,1894.4105,2240.9023,1178.2632,2905.9722
FROM_STREAM_LEAKAGE,40,4,0.0,3500.0,1100.0,40350.043,3119.7043,36.55455,16.53421,0.0,0.0
FROM_STREAM_FLOW_OUT,40,4,0.0,173263.03,26465.953,799631500.0,119789450.0,2831689200.0,9008122000.0,0.0,0.0
FROM_ZONE_0,40,4,0.0,0.0,0.0,0.0,0.0,0.0,0.0,0.0,0.0
FROM_haweaflat,40,4,0.0,0.0,399.6725,33326.6,16455.756,0.0,0.0,0.0,0.0
FROM_moraine_top,40,4,0.0,6781.569,0.0,0.0,0.0,0.0,0.0,0.0,0.0
FROM_river_zone,40,4,0.0,13311.423,0.0,0.0,32782.83,0.0,42.17592,70.61404,0.0
FROM_main_terrace,40,4,0.0,803.557,0.0,168.17085,0.0,6498.5576,64991.18,5982.7656,0.0
FROM_sandy_point,40,4,0.0,0.0,0.0,0.0,1680.8505,0.0,44.67466,0.0,0.0
FROM_clutha,40,4,0.0,0.0,0.0,3.3308485,1713.1273,12.876111,0.0,894.805,0.0
FROM_sub_terrace,40,4,0.0,0.0,0.0,70.63772,450.81512,0.0,7245.341,0.0,0.0
FROM_mangawera,40,4,0.0,0.0,0.0,3697.0764,0.0,0.0,0.0,0.0,0.0
TOTAL_IN,40,4,0.0,227634.28,33801.035,799718460.0,119869990.0,2831697700.0,9008196000.0,8207.803,3987.7087
TO_STORAGE,40,4,0.0,0.41328436,18.843763,0.0011485565,74.154305,0.0010538988,1.016452,0.2418558,0.023017539
TO_CONSTANT_HEAD,40,4,0.0,0.0,0.0,0.0,0.0,0.0,0.0,0.0,0.0
TO_WELLS,40,4,0.0,4119.5796,0.0,0.0,445.89493,28.567646,0.0,440.7458,290.60635
TO_HEAD_DEP_BOUNDS,40,4,0.0,0.0,534.4717,0.0,0.0,0.0,0.0,0.0,0.0
TO_RECHARGE,40,4,0.0,0.0,0.0,0.0,0.0,0.0,0.0,0.0,0.0
TO_STREAM_LEAKAGE,40,4,0.0,0.0,0.0,40723.38,1577.2573,6688.2036,71961.68,0.0,0.0
TO_STREAM_FLOW_OUT,40,4,0.0,0.0,0.0,0.0,0.0,0.0,0.0,0.0,0.0
TO_ZONE_0,40,4,0.0,0.0,0.0,0.0,0.0,0.0,0.0,0.0,0.0
TO_haweaflat,40,4,0.0,0.0,6781.569,13311.423,803.557,0.0,0.0,0.0,0.0
TO_moraine_top,40,4,0.0,399.6725,0.0,0.0,0.0,0.0,0.0,0.0,0.0
TO_river_zone,40,4,0.0,33326.6,0.0,0.0,168.17085,0.0,3.3308485,70.63772,3697.0764
TO_main_terrace,40,4,0.0,16455.756,0.0,32782.83,0.0,1680.8505,1713.1273,450.81512,0.0
TO_sandy_point,40,4,0.0,0.0,0.0,0.0,6498.5576,0.0,12.876111,0.0,0.0
TO_clutha,40,4,0.0,0.0,0.0,42.17592,64991.18,44.67466,0.0,7245.341,0.0
TO_sub_terrace,40,4,0.0,0.0,0.0,70.61404,5982.7656,0.0,894.805,0.0,0.0
TO_mangawera,40,4,0.0,0.0,0.0,0.0,0.0,0.0,0.0,0.0,0.0
TOTAL_OUT,40,4,0.0,54302.023,7334.8843,86930.42,80541.54,8442.298,74586.83,8207.781,3987.7058
IN-OUT,40,4,0.0,173332.25,26466.15,799631550.0,119789450.0,2831689200.0,9008121000.0,0.021484375,0.0029296875
PERCENT_DISCREPANCY,40,4,,122.958435,128.6766,199.95653,199.7314,199.99881,199.99669,0.00026175583,7.346797e-05
FROM_STORAGE,41,4,0.0,12861.842,27.271149,3206.596,612.0199,0.0010986903,6.6743226,4.644383,0.55237925
FROM_CONSTANT_HEAD,41,4,0.0,0.0,0.0,0.0,0.0,0.0,0.0,0.0,0.0
FROM_WELLS,41,4,0.0,4777.7715,18.260052,1438.9762,8504.589,0.0,0.0,77.06712,1081.1698
FROM_HEAD_DEP_BOUNDS,41,4,0.0,0.0,4198.831,0.0,0.0,0.0,0.0,0.0,0.0
FROM_RECHARGE,41,4,0.0,11435.957,1631.3204,4484.366,15251.537,1894.4105,2240.9023,1178.2632,2905.9722
FROM_STREAM_LEAKAGE,41,4,0.0,3500.0,1100.0,40674.727,3119.7043,36.55455,16.53421,0.0,0.0
FROM_STREAM_FLOW_OUT,41,4,0.0,173263.03,26465.953,799516400.0,119787610.0,2831689200.0,9008118000.0,0.0,0.0
FROM_ZONE_0,41,4,0.0,0.0,0.0,0.0,0.0,0.0,0.0,0.0,0.0
FROM_haweaflat,41,4,0.0,0.0,394.2147,32767.32,16402.977,0.0,0.0,0.0,0.0
FROM_moraine_top,41,4,0.0,6819.8193,0.0,0.0,0.0,0.0,0.0,0.0,0.0
FROM_river_zone,41,4,0.0,13488.783,0.0,0.0,32788.0,0.0,42.175976,70.63618,0.0
FROM_main_terrace,41,4,0.0,803.32,0.0,167.80455,0.0,6498.5576,64984.426,5981.722,0.0
FROM_sandy_point,41,4,0.0,0.0,0.0,0.0,1680.8505,0.0,44.67466,0.0,0.0
FROM_clutha,41,4,0.0,0.0,0.0,3.3308523,1712.4618,12.876111,0.0,894.6641,0.0
FROM_sub_terrace,41,4,0.0,0.0,0.0,70.626686,450.9701,0.0,7244.449,0.0,0.0
FROM_mangawera,41,4,0.0,0.0,0.0,3697.0662,0.0,0.0,0.0,0.0,0.0
TOTAL_IN,41,4,0.0,226950.5,33835.85,799602940.0,119868130.0,2831697700.0,9008191000.0,8206.997,3987.6943
TO_STORAGE,41,4,0.0,0.14459895,45.674355,0.0008285609,63.989727,0.0010490163,0.8674587,0.20365927,0.02160697
TO_CONSTANT_HEAD,41,4,0.0,0.0,0.0,0.0,0.0,0.0,0.0,0.0,0.0
TO_WELLS,41,4,0.0,4119.5796,0.0,0.0,445.89493,28.567646,0.0,440.7458,290.60635
TO_HEAD_DEP_BOUNDS,41,4,0.0,0.0,504.4668,0.0,0.0,0.0,0.0,0.0,0.0
TO_RECHARGE,41,4,0.0,0.0,0.0,0.0,0.0,0.0,0.0,0.0,0.0
TO_STREAM_LEAKAGE,41,4,0.0,0.0,0.0,40120.69,1577.2573,6688.2036,71955.805,0.0,0.0
TO_STREAM_FLOW_OUT,41,4,0.0,0.0,0.0,0.0,0.0,0.0,0.0,0.0,0.0
TO_ZONE_0,41,4,0.0,0.0,0.0,0.0,0.0,0.0,0.0,0.0,0.0
TO_haweaflat,41,4,0.0,0.0,6819.8193,13488.783,803.32,0.0,0.0,0.0,0.0
TO_moraine_top,41,4,0.0,394.2147,0.0,0.0,0.0,0.0,0.0,0.0,0.0
TO_river_zone,41,4,0.0,32767.32,0.0,0.0,167.80455,0.0,3.3308523,70.626686,3697.0662
TO_main_terrace,41,4,0.0,16402.977,0.0,32788.0,0.0,1680.8505,1712.4618,450.9701,0.0
TO_sandy_point,41,4,0.0,0.0,0.0,0.0,6498.5576,0.0,12.876111,0.0,0.0
TO_clutha,41,4,0.0,0.0,0.0,42.175976,64984.426,44.67466,0.0,7244.449,0.0
TO_sub_terrace,41,4,0.0,0.0,0.0,70.63618,5981.722,0.0,894.6641,0.0,0.0
TO_mangawera,41,4,0.0,0.0,0.0,0.0,0.0,0.0,0.0,0.0,0.0
TOTAL_OUT,41,4,0.0,53684.234,7369.9604,86510.29,80522.97,8442.298,74580.0,8206.995,3987.694
IN-OUT,41,4,0.0,173266.27,26465.89,799516400.0,119787610.0,2831689200.0,9008117000.0,0.001953125,0.00024414062
PERCENT_DISCREPANCY,41,4,,123.48169,128.45708,199.95673,199.73149,199.99881,199.99667,2.3798293e-05,6.1223504e-06
FROM_STORAGE,42,4,0.0,12158.51,7.1684203,3038.0757,642.492,0.001101766,7.3447165,5.009251,0.54267275
FROM_CONSTANT_HEAD,42,4,0.0,0.0,0.0,0.0,0.0,0.0,0.0,0.0,0.0
FROM_WELLS,42,4,0.0,4777.7715,18.260052,1438.9762,8504.589,0.0,0.0,77.06712,1081.1698
FROM_HEAD_DEP_BOUNDS,42,4,0.0,0.0,4284.323,0.0,0.0,0.0,0.0,0.0,0.0
FROM_RECHARGE,42,4,0.0,11435.957,1631.3204,4484.366,15251.537,1894.4105,2240.9023,1178.2632,2905.9722
FROM_STREAM_LEAKAGE,42,4,0.0,3500.0,1100.0,40969.32,3119.7043,36.55455,16.53421,0.0,0.0
FROM_STREAM_FLOW_OUT,42,4,0.0,173263.03,26465.953,799411460.0,119785920.0,2831688700.0,9008113000.0,0.0,0.0
FROM_ZONE_0,42,4,0.0,0.0,0.0,0.0,0.0,0.0,0.0,0.0,0.0
FROM_haweaflat,42,4,0.0,0.0,388.296,32263.455,16352.704,0.0,0.0,0.0,0.0
FROM_moraine_top,42,4,0.0,6866.665,0.0,0.0,0.0,0.0,0.0,0.0,0.0
FROM_river_zone,42,4,0.0,13643.602,0.0,0.0,32793.41,0.0,42.175972,70.65876,0.0
FROM_main_terrace,42,4,0.0,803.0745,0.0,167.43068,0.0,6498.5576,64977.293,5980.67,0.0
FROM_sandy_point,42,4,0.0,0.0,0.0,0.0,1680.8505,0.0,44.67466,0.0,0.0
FROM_clutha,42,4,0.0,0.0,0.0,3.330855,1711.8009,12.876111,0.0,894.5181,0.0
FROM_sub_terrace,42,4,0.0,0.0,0.0,70.61473,451.11618,0.0,7243.513,0.0,0.0
FROM_mangawera,42,4,0.0,0.0,0.0,3697.0554,0.0,0.0,0.0,0.0,0.0
TOTAL_IN,42,4,0.0,226448.61,33895.32,799497600.0,119866424.0,2831697200.0,9008186000.0,8206.187,3987.6846
TO_STORAGE,42,4,0.0,0.50810754,92.431206,0.0006309647,55.140945,0.0010473409,0.74810463,0.17325743,0.020049306
TO_CONSTANT_HEAD,42,4,0.0,0.0,0.0,0.0,0.0,0.0,0.0,0.0,0.0
TO_WELLS,42,4,0.0,4119.5796,0.0,0.0,445.89493,28.567646,0.0,440.7458,290.60635
TO_HEAD_DEP_BOUNDS,42,4,0.0,0.0,470.81543,0.0,0.0,0.0,0.0,0.0,0.0
TO_RECHARGE,42,4,0.0,0.0,0.0,0.0,0.0,0.0,0.0,0.0,0.0
TO_STREAM_LEAKAGE,42,4,0.0,0.0,0.0,39567.53,1577.2573,6688.2036,71949.3,0.0,0.0
TO_STREAM_FLOW_OUT,42,4,0.0,0.0,0.0,0.0,0.0,0.0,0.0,0.0,0.0
TO_ZONE_0,42,4,0.0,0.0,0.0,0.0,0.0,0.0,0.0,0.0,0.0
TO_haweaflat,42,4,0.0,0.0,6866.665,13643.602,803.0745,0.0,0.0,0.0,0.0
TO_moraine_top,42,4,0.0,388.296,0.0,0.0,0.0,0.0,0.0,0.0,0.0
TO_river_zone,42,4,0.0,32263.455,0.0,0.0,167.43068,0.0,3.330855,70.61473,3697.0554
TO_main_terrace,42,4,0.0,16352.704,0.0,32793.41,0.0,1680.8505,1711.8009,451.11618,0.0
TO_sandy_point,42,4,0.0,0.0,0.0,0.0,6498.5576,0.0,12.876111,0.0,0.0
TO_clutha,42,4,0.0,0.0,0.0,42.175972,64977.293,44.67466,0.0,7243.513,0.0
TO_sub_terrace,42,4,0.0,0.0,0.0,70.65876,5980.67,0.0,894.5181,0.0,0.0
TO_mangawera,42,4,0.0,0.0,0.0,0.0,0.0,0.0,0.0,0.0,0.0
TOTAL_OUT,42,4,0.0,53124.543,7429.9116,86117.38,80505.32,8442.298,74572.57,8206.163,3987.682
IN-OUT,42,4,0.0,173324.06,26465.408,799411460.0,119785920.0,2831688700.0,9008112000.0,0.0234375,0.0026855469
PERCENT_DISCREPANCY,42,4,,123.99192,128.08353,199.95691,199.73154,199.99881,199.99669,0.0002856081,6.7346045e-05
FROM_STORAGE,43,4,0.0,8738.883,386.36057,2212.9827,659.19934,0.0011009222,7.902698,5.289836,0.5191316
FROM_CONSTANT_HEAD,43,4,0.0,0.0,0.0,0.0,0.0,0.0,0.0,0.0,0.0
FROM_WELLS,43,4,0.0,4777.7715,18.260052,1438.9762,8504.589,0.0,0.0,77.06712,1081.1698
FROM_HEAD_DEP_BOUNDS,43,4,0.0,0.0,17771.348,0.0,0.0,0.0,0.0,0.0,0.0
FROM_RECHARGE,43,4,0.0,11435.957,1631.3204,4484.366,15251.537,1894.4105,2240.9023,1178.2632,2905.9722
FROM_STREAM_LEAKAGE,43,4,0.0,3500.0,1100.0,40994.348,3119.7043,36.55455,16.53421,0.0,0.0
FROM_STREAM_FLOW_OUT,43,4,0.0,173263.03,26465.953,799375550.0,119785290.0,2831688400.0,9008111000.0,0.0,0.0
FROM_ZONE_0,43,4,0.0,0.0,0.0,0.0,0.0,0.0,0.0,0.0,0.0
FROM_haweaflat,43,4,0.0,0.0,406.88647,32564.578,16310.355,0.0,0.0,0.0,0.0
FROM_moraine_top,43,4,0.0,15949.424,0.0,0.0,0.0,0.0,0.0,0.0,0.0
FROM_river_zone,43,4,0.0,13058.734,0.0,0.0,32799.098,0.0,42.175964,70.68159,0.0
FROM_main_terrace,43,4,0.0,802.74536,0.0,167.05315,0.0,6498.5576,64969.875,5979.618,0.0
FROM_sandy_point,43,4,0.0,0.0,0.0,0.0,1680.8505,0.0,44.67466,0.0,0.0
FROM_clutha,43,4,0.0,0.0,0.0,3.3308568,1711.1515,12.876111,0.0,894.3688,0.0
FROM_sub_terrace,43,4,0.0,0.0,0.0,70.60197,451.25278,0.0,7242.542,0.0,0.0
FROM_mangawera,43,4,0.0,0.0,0.0,3697.0361,0.0,0.0,0.0,0.0,0.0
TOTAL_IN,43,4,0.0,231526.55,47780.13,799461250.0,119865780.0,2831697000.0,9008184000.0,8205.289,3987.6611
TO_STORAGE,43,4,0.0,4861.2036,4231.5063,384.8326,46.567276,0.0010480259,0.63885903,0.14525309,0.018389244
TO_CONSTANT_HEAD,43,4,0.0,0.0,0.0,0.0,0.0,0.0,0.0,0.0,0.0
TO_WELLS,43,4,0.0,4119.5796,0.0,0.0,445.89493,28.567646,0.0,440.7458,290.60635
TO_HEAD_DEP_BOUNDS,43,4,0.0,0.0,1134.6646,0.0,0.0,0.0,0.0,0.0,0.0
TO_RECHARGE,43,4,0.0,0.0,0.0,0.0,0.0,0.0,0.0,0.0,0.0
TO_STREAM_LEAKAGE,43,4,0.0,0.0,0.0,39277.047,1577.2573,6688.2036,71942.42,0.0,0.0
TO_STREAM_FLOW_OUT,43,4,0.0,0.0,0.0,0.0,0.0,0.0,0.0,0.0,0.0
TO_ZONE_0,43,4,0.0,0.0,0.0,0.0,0.0,0.0,0.0,0.0,0.0
TO_haweaflat,43,4,0.0,0.0,15949.424,13058.734,802.74536,0.0,0.0,0.0,0.0
TO_moraine_top,43,4,0.0,406.88647,0.0,0.0,0.0,0.0,0.0,0.0,0.0
TO_river_zone,43,4,0.0,32564.578,0.0,0.0,167.05315,0.0,3.3308568,70.60197,3697.0361
TO_main_terrace,43,4,0.0,16310.355,0.0,32799.098,0.0,1680.8505,1711.1515,451.25278,0.0
TO_sandy_point,43,4,0.0,0.0,0.0,0.0,6498.5576,0.0,12.876111,0.0,0.0
TO_clutha,43,4,0.0,0.0,0.0,42.175964,64969.875,44.67466,0.0,7242.542,0.0
TO_sub_terrace,43,4,0.0,0.0,0.0,70.68159,5979.618,0.0,894.3688,0.0,0.0
TO_mangawera,43,4,0.0,0.0,0.0,0.0,0.0,0.0,0.0,0.0,0.0
TOTAL_OUT,43,4,0.0,58262.605,21315.594,85632.57,80487.57,8442.298,74564.78,8205.288,3987.661
IN-OUT,43,4,0.0,173263.94,26464.535,799375600.0,119785290.0,2831688400.0,9008110000.0,0.0009765625,0.00024414062
PERCENT_DISCREPANCY,43,4,,119.579315,76.60253,199.95715,199.73158,199.9988,199.99667,1.1901622e-05,6.1224014e-06
FROM_STORAGE,44,4,0.0,7163.1323,117.33998,1548.7288,662.10187,0.0011001542,8.43151,5.540713,0.4548224
FROM_CONSTANT_HEAD,44,4,0.0,0.0,0.0,0.0,0.0,0.0,0.0,0.0,0.0
FROM_WELLS,44,4,0.0,4777.7715,18.260052,1438.9762,8504.589,0.0,0.0,77.06712,1081.1698
FROM_HEAD_DEP_BOUNDS,44,4,0.0,0.0,22572.97,0.0,0.0,0.0,0.0,0.0,0.0
FROM_RECHARGE,44,4,0.0,11435.957,1631.3204,4484.366,15251.537,1894.4105,2240.9023,1178.2632,2905.9722
FROM_STREAM_LEAKAGE,44,4,0.0,3500.0,1100.0,40488.74,3119.7043,36.55455,16.53421,0.0,0.0
FROM_STREAM_FLOW_OUT,44,4,0.0,173263.03,26465.953,799472500.0,119786664.0,2831687200.0,9008110000.0,0.0,0.0
FROM_ZONE_0,44,4,0.0,0.0,0.0,0.0,0.0,0.0,0.0,0.0,0.0
FROM_haweaflat,44,4,0.0,0.0,404.04065,33849.125,16285.258,0.0,0.0,0.0,0.0
FROM_moraine_top,44,4,0.0,23878.543,0.0,0.0,0.0,0.0,0.0,0.0,0.0
FROM_river_zone,44,4,0.0,12188.99,0.0,0.0,32805.15,0.0,42.17595,70.70439,0.0
FROM_main_terrace,44,4,0.0,802.28687,0.0,166.68018,0.0,6498.5576,64962.242,5978.5874,0.0
FROM_sandy_point,44,4,0.0,0.0,0.0,0.0,1680.8505,0.0,44.67466,0.0,0.0
FROM_clutha,44,4,0.0,0.0,0.0,3.3308578,1710.5192,12.876111,0.0,894.21765,0.0
FROM_sub_terrace,44,4,0.0,0.0,0.0,70.5884,451.37555,0.0,7241.5454,0.0,0.0
FROM_mangawera,44,4,0.0,0.0,0.0,3696.9736,0.0,0.0,0.0,0.0,0.0
TOTAL_IN,44,4,0.0,237009.7,52309.883,799558300.0,119867140.0,2831695600.0,9008183000.0,8204.38,3987.5967
TO_STORAGE,44,4,0.0,9089.288,1099.2208,1154.8978,39.406788,0.0010487142,0.5481928,0.123492524,0.016534237
TO_CONSTANT_HEAD,44,4,0.0,0.0,0.0,0.0,0.0,0.0,0.0,0.0,0.0
TO_WELLS,44,4,0.0,4119.5796,0.0,0.0,445.89493,28.567646,0.0,440.7458,290.60635
TO_HEAD_DEP_BOUNDS,44,4,0.0,0.0,866.5137,0.0,0.0,0.0,0.0,0.0,0.0
TO_RECHARGE,44,4,0.0,0.0,0.0,0.0,0.0,0.0,0.0,0.0,0.0
TO_STREAM_LEAKAGE,44,4,0.0,0.0,0.0,39485.07,1577.2905,6688.2036,71935.15,0.0,0.0
TO_STREAM_FLOW_OUT,44,4,0.0,0.0,0.0,0.0,0.0,0.0,0.0,0.0,0.0
TO_ZONE_0,44,4,0.0,0.0,0.0,0.0,0.0,0.0,0.0,0.0,0.0
TO_haweaflat,44,4,0.0,0.0,23878.543,12188.99,802.28687,0.0,0.0,0.0,0.0
TO_moraine_top,44,4,0.0,404.04065,0.0,0.0,0.0,0.0,0.0,0.0,0.0
TO_river_zone,44,4,0.0,33849.125,0.0,0.0,166.68018,0.0,3.3308578,70.5884,3696.9736
TO_main_terrace,44,4,0.0,16285.258,0.0,32805.15,0.0,1680.8505,1710.5192,451.37555,0.0
TO_sandy_point,44,4,0.0,0.0,0.0,0.0,6498.5576,0.0,12.876111,0.0,0.0
TO_clutha,44,4,0.0,0.0,0.0,42.17595,64962.242,44.67466,0.0,7241.5454,0.0
TO_sub_terrace,44,4,0.0,0.0,0.0,70.70439,5978.5874,0.0,894.21765,0.0,0.0
TO_mangawera,44,4,0.0,0.0,0.0,0.0,0.0,0.0,0.0,0.0,0.0
TOTAL_OUT,44,4,0.0,63747.29,25844.277,85746.99,80470.945,8442.298,74556.63,8204.379,3987.5964
IN-OUT,44,4,0.0,173262.4,26465.605,799472500.0,119786664.0,2831687200.0,9008109000.0,0.0009765625,0.00024414062
PERCENT_DISCREPANCY,44,4,,115.21754,67.72668,199.9571,199.73163,199.9988,199.99669,1.1902943e-05,6.1225005e-06
FROM_STORAGE,45,4,0.0,5876.0137,1.4499568,1106.1105,651.17523,0.0010993633,8.866806,5.7120147,0.36347452
FROM_CONSTANT_HEAD,45,4,0.0,0.0,0.0,0.0,0.0,0.0,0.0,0.0,0.0
FROM_WELLS,45,4,0.0,4777.7715,18.260052,1438.9762,8504.589,0.0,0.0,77.06712,1081.1698
FROM_HEAD_DEP_BOUNDS,45,4,0.0,0.0,27983.277,0.0,0.0,0.0,0.0,0.0,0.0
FROM_RECHARGE,45,4,0.0,11435.957,1631.3204,4484.366,15251.537,1894.4105,2240.9023,1178.2632,2905.9722
FROM_STREAM_LEAKAGE,45,4,0.0,3500.0,1100.0,39718.6,3119.7043,36.55455,16.53421,0.0,0.0
FROM_STREAM_FLOW_OUT,45,4,0.0,173263.03,26465.953,799643650.0,119789256.0,2831686700.0,9008116000.0,0.0,0.0
FROM_ZONE_0,45,4,0.0,0.0,0.0,0.0,0.0,0.0,0.0,0.0,0.0
FROM_haweaflat,45,4,0.0,0.0,394.66696,35639.305,16274.666,0.0,0.0,0.0,0.0
FROM_moraine_top,45,4,0.0,29577.861,0.0,0.0,0.0,0.0,0.0,0.0,0.0
FROM_river_zone,45,4,0.0,11670.029,0.0,0.0,32811.406,0.0,42.175896,70.726685,0.0
FROM_main_terrace,45,4,0.0,801.8063,0.0,166.32043,0.0,6498.5576,64954.504,5977.605,0.0
FROM_sandy_point,45,4,0.0,0.0,0.0,0.0,1680.8505,0.0,44.67466,0.0,0.0
FROM_clutha,45,4,0.0,0.0,0.0,3.3308582,1709.9148,12.876111,0.0,894.06744,0.0
FROM_sub_terrace,45,4,0.0,0.0,0.0,70.574234,451.47708,0.0,7240.5396,0.0,0.0
FROM_mangawera,45,4,0.0,0.0,0.0,3696.8823,0.0,0.0,0.0,0.0,0.0
TOTAL_IN,45,4,0.0,240902.48,57594.93,799730000.0,119869704.0,2831695000.0,9008189000.0,8203.441,3987.5054
TO_STORAGE,45,4,0.0,11213.036,859.19946,1722.8749,33.204037,0.0010493909,0.47397673,0.10410604,0.016508408
TO_CONSTANT_HEAD,45,4,0.0,0.0,0.0,0.0,0.0,0.0,0.0,0.0,0.0
TO_WELLS,45,4,0.0,4119.5796,0.0,0.0,445.89493,28.567646,0.0,440.7458,290.60635
TO_HEAD_DEP_BOUNDS,45,4,0.0,0.0,692.2295,0.0,0.0,0.0,0.0,0.0,0.0
TO_RECHARGE,45,4,0.0,0.0,0.0,0.0,0.0,0.0,0.0,0.0,0.0
TO_STREAM_LEAKAGE,45,4,0.0,0.0,0.0,40007.41,1577.2905,6688.2036,71927.65,0.0,0.0
TO_STREAM_FLOW_OUT,45,4,0.0,0.0,0.0,0.0,0.0,0.0,0.0,0.0,0.0
TO_ZONE_0,45,4,0.0,0.0,0.0,0.0,0.0,0.0,0.0,0.0,0.0
TO_haweaflat,45,4,0.0,0.0,29577.861,11670.029,801.8063,0.0,0.0,0.0,0.0
TO_moraine_top,45,4,0.0,394.66696,0.0,0.0,0.0,0.0,0.0,0.0,0.0
TO_river_zone,45,4,0.0,35639.305,0.0,0.0,166.32043,0.0,3.3308582,70.574234,3696.8823
TO_main_terrace,45,4,0.0,16274.666,0.0,32811.406,0.0,1680.8505,1709.9148,451.47708,0.0
TO_sandy_point,45,4,0.0,0.0,0.0,0.0,6498.5576,0.0,12.876111,0.0,0.0
TO_clutha,45,4,0.0,0.0,0.0,42.175896,64954.504,44.67466,0.0,7240.5396,0.0
TO_sub_terrace,45,4,0.0,0.0,0.0,70.726685,5977.605,0.0,894.06744,0.0,0.0
TO_mangawera,45,4,0.0,0.0,0.0,0.0,0.0,0.0,0.0,0.0,0.0
TOTAL_OUT,45,4,0.0,67641.25,31129.291,86324.625,80455.18,8442.298,74548.31,8203.44,3987.5051
IN-OUT,45,4,0.0,173261.23,26465.639,799643650.0,119789250.0,2831686700.0,9008115000.0,0.0009765625,0.00024414062
PERCENT_DISCREPANCY,45,4,,112.30903,59.658203,199.95682,199.7317,199.99881,199.99667,1.19043025e-05,6.1226406e-06
FROM_STORAGE,46,4,0.0,4838.9697,0.0021866132,793.1145,629.837,0.0010985875,9.177667,5.7899346,0.29288086
FROM_CONSTANT_HEAD,46,4,0.0,0.0,0.0,0.0,0.0,0.0,0.0,0.0,0.0
FROM_WELLS,46,4,0.0,4777.7715,18.260052,1438.9762,8504.589,0.0,0.0,77.06712,1081.1698
FROM_HEAD_DEP_BOUNDS,46,4,0.0,0.0,32856.36,0.0,0.0,0.0,0.0,0.0,0.0
FROM_RECHARGE,46,4,0.0,11435.957,1631.3204,4484.366,15251.537,1894.4105,2240.9023,1178.2632,2905.9722
FROM_STREAM_LEAKAGE,46,4,0.0,3500.0,1100.0,38923.844,3119.7043,36.55455,16.53421,0.0,0.0
FROM_STREAM_FLOW_OUT,46,4,0.0,173263.03,26465.953,799849340.0,119792420.0,2831686700.0,9008124000.0,0.0,0.0
FROM_ZONE_0,46,4,0.0,0.0,0.0,0.0,0.0,0.0,0.0,0.0,0.0
FROM_haweaflat,46,4,0.0,0.0,384.9809,37805.383,16275.345,0.0,0.0,0.0,0.0
FROM_moraine_top,46,4,0.0,34360.97,0.0,0.0,0.0,0.0,0.0,0.0,0.0
FROM_river_zone,46,4,0.0,11496.16,0.0,0.0,32817.67,0.0,42.17581,70.74812,0.0
FROM_main_terrace,46,4,0.0,801.3561,0.0,165.98189,0.0,6498.5576,64946.812,5976.6973,0.0
FROM_sandy_point,46,4,0.0,0.0,0.0,0.0,1680.8505,0.0,44.67466,0.0,0.0
FROM_clutha,46,4,0.0,0.0,0.0,3.3308585,1709.3524,12.876111,0.0,893.92163,0.0
FROM_sub_terrace,46,4,0.0,0.0,0.0,70.55969,451.5532,0.0,7239.54,0.0,0.0
FROM_mangawera,46,4,0.0,0.0,0.0,3696.7861,0.0,0.0,0.0,0.0,0.0
TOTAL_IN,46,4,0.0,244474.22,62456.875,799936800.0,119872850.0,2831695000.0,9008198000.0,8202.487,3987.4348
TO_STORAGE,46,4,0.0,12620.021,1062.3248,2169.4807,27.864153,0.0010500697,0.41318548,0.088002905,0.042117666
TO_CONSTANT_HEAD,46,4,0.0,0.0,0.0,0.0,0.0,0.0,0.0,0.0,0.0
TO_WELLS,46,4,0.0,4794.113,0.0,0.0,445.89493,28.567646,0.0,440.7458,290.60635
TO_HEAD_DEP_BOUNDS,46,4,0.0,0.0,567.64844,0.0,0.0,0.0,0.0,0.0,0.0
TO_RECHARGE,46,4,0.0,0.0,0.0,0.0,0.0,0.0,0.0,0.0,0.0
TO_STREAM_LEAKAGE,46,4,0.0,0.0,0.0,40786.336,1577.2905,6688.2036,71920.016,0.0,0.0
TO_STREAM_FLOW_OUT,46,4,0.0,0.0,0.0,0.0,0.0,0.0,0.0,0.0,0.0
TO_ZONE_0,46,4,0.0,0.0,0.0,0.0,0.0,0.0,0.0,0.0,0.0
TO_haweaflat,46,4,0.0,0.0,34360.97,11496.16,801.3561,0.0,0.0,0.0,0.0
TO_moraine_top,46,4,0.0,384.9809,0.0,0.0,0.0,0.0,0.0,0.0,0.0
TO_river_zone,46,4,0.0,37805.383,0.0,0.0,165.98189,0.0,3.3308585,70.55969,3696.7861
TO_main_terrace,46,4,0.0,16275.345,0.0,32817.67,0.0,1680.8505,1709.3524,451.5532,0.0
TO_sandy_point,46,4,0.0,0.0,0.0,0.0,6498.5576,0.0,12.876111,0.0,0.0
TO_clutha,46,4,0.0,0.0,0.0,42.17581,64946.812,44.67466,0.0,7239.54,0.0
TO_sub_terrace,46,4,0.0,0.0,0.0,70.74812,5976.6973,0.0,893.92163,0.0,0.0
TO_mangawera,46,4,0.0,0.0,0.0,0.0,0.0,0.0,0.0,0.0,0.0
TOTAL_OUT,46,4,0.0,71879.84,35990.94,87382.58,80440.45,8442.298,74539.91,8202.486,3987.4346
IN-OUT,46,4,0.0,172594.38,26465.934,799849400.0,119792410.0,2831686700.0,9008123000.0,0.0009765625,0.00024414062
PERCENT_DISCREPANCY,46,4,,109.11469,53.766422,199.95633,199.73175,199.99881,199.99669,1.1905689e-05,6.1227493e-06
FROM_STORAGE,47,4,0.0,4025.381,1.2902497e-07,560.51483,602.98615,0.0010980009,9.35546,5.773229,0.25609088
FROM_CONSTANT_HEAD,47,4,0.0,0.0,0.0,0.0,0.0,0.0,0.0,0.0,0.0
FROM_WELLS,47,4,0.0,4777.7715,18.260052,1438.9762,8504.589,0.0,0.0,77.06712,1081.1698
FROM_HEAD_DEP_BOUNDS,47,4,0.0,0.0,37190.98,0.0,0.0,0.0,0.0,0.0,0.0
FROM_RECHARGE,47,4,0.0,11435.957,1631.3204,4484.366,15251.537,1894.4105,2240.9023,1178.2632,2905.9722
FROM_STREAM_LEAKAGE,47,4,0.0,3500.0,1100.0,38177.223,3119.7043,36.55455,16.53421,0.0,0.0
FROM_STREAM_FLOW_OUT,47,4,0.0,173263.03,26465.953,800065100.0,119795736.0,2831686100.0,9008132000.0,0.0,0.0
FROM_ZONE_0,47,4,0.0,0.0,0.0,0.0,0.0,0.0,0.0,0.0,0.0
FROM_haweaflat,47,4,0.0,0.0,377.8946,40054.387,16283.721,0.0,0.0,0.0,0.0
FROM_moraine_top,47,4,0.0,38526.773,0.0,0.0,0.0,0.0,0.0,0.0,0.0
FROM_river_zone,47,4,0.0,11574.191,0.0,0.0,32823.746,0.0,42.175682,70.7682,0.0
FROM_main_terrace,47,4,0.0,800.9744,0.0,165.67058,0.0,6498.5576,64939.297,5975.884,0.0
FROM_sandy_point,47,4,0.0,0.0,0.0,0.0,1680.8505,0.0,44.67466,0.0,0.0
FROM_clutha,47,4,0.0,0.0,0.0,3.3308585,1708.8457,12.876111,0.0,893.7829,0.0
FROM_sub_terrace,47,4,0.0,0.0,0.0,70.54501,451.6019,0.0,7238.5703,0.0,0.0
FROM_mangawera,47,4,0.0,0.0,0.0,3696.6982,0.0,0.0,0.0,0.0,0.0
TOTAL_IN,47,4,0.0,247904.06,66784.414,800153800.0,119876160.0,2831694600.0,9008206000.0,8201.538,3987.398
TO_STORAGE,47,4,0.0,12864.612,1336.5276,2441.2817,23.874483,0.0010505943,0.36398506,0.07377141,0.09337711
TO_CONSTANT_HEAD,47,4,0.0,0.0,0.0,0.0,0.0,0.0,0.0,0.0,0.0
TO_WELLS,47,4,0.0,5063.044,0.0,0.0,445.89493,28.567646,0.0,440.7458,290.60635
TO_HEAD_DEP_BOUNDS,47,4,0.0,0.0,455.62354,0.0,0.0,0.0,0.0,0.0,0.0
TO_RECHARGE,47,4,0.0,0.0,0.0,0.0,0.0,0.0,0.0,0.0,0.0
TO_STREAM_LEAKAGE,47,4,0.0,0.0,0.0,41699.812,1577.2905,6688.2036,71912.375,0.0,0.0
TO_STREAM_FLOW_OUT,47,4,0.0,0.0,0.0,0.0,0.0,0.0,0.0,0.0,0.0
TO_ZONE_0,47,4,0.0,0.0,0.0,0.0,0.0,0.0,0.0,0.0,0.0
TO_haweaflat,47,4,0.0,0.0,38526.773,11574.191,800.9744,0.0,0.0,0.0,0.0
TO_moraine_top,47,4,0.0,377.8946,0.0,0.0,0.0,0.0,0.0,0.0,0.0
TO_river_zone,47,4,0.0,40054.387,0.0,0.0,165.67058,0.0,3.3308585,70.54501,3696.6982
TO_main_terrace,47,4,0.0,16283.721,0.0,32823.746,0.0,1680.8505,1708.8457,451.6019,0.0
TO_sandy_point,47,4,0.0,0.0,0.0,0.0,6498.5576,0.0,12.876111,0.0,0.0
TO_clutha,47,4,0.0,0.0,0.0,42.175682,64939.297,44.67466,0.0,7238.5703,0.0
TO_sub_terrace,47,4,0.0,0.0,0.0,70.7682,5975.884,0.0,893.7829,0.0,0.0
TO_mangawera,47,4,0.0,0.0,0.0,0.0,0.0,0.0,0.0,0.0,0.0
TOTAL_OUT,47,4,0.0,74643.66,40318.926,88651.97,80427.445,8442.298,74531.57,8201.537,3987.398
IN-OUT,47,4,0.0,173260.4,26465.488,800065150.0,119795736.0,2831686100.0,9008131000.0,0.0009765625,0.0
PERCENT_DISCREPANCY,47,4,,107.43241,49.420467,199.95569,199.73181,199.9988,199.99667,1.1907066e-05,0.0
FROM_STORAGE,48,4,0.0,3362.4634,0.0,387.13193,570.9474,0.0010972776,9.391083,5.6639624,0.22951199
FROM_CONSTANT_HEAD,48,4,0.0,0.0,0.0,0.0,0.0,0.0,0.0,0.0,0.0
FROM_WELLS,48,4,0.0,4777.7715,18.260052,1438.9762,8504.589,0.0,0.0,77.06712,1081.1698
FROM_HEAD_DEP_BOUNDS,48,4,0.0,0.0,41291.047,0.0,0.0,0.0,0.0,0.0,0.0
FROM_RECHARGE,48,4,0.0,11435.957,1631.3204,4484.366,15251.537,1894.4105,2240.9023,1178.2632,2905.9722
FROM_STREAM_LEAKAGE,48,4,0.0,3500.0,1100.0,37601.273,3119.7043,36.55455,16.53421,0.0,0.0
FROM_STREAM_FLOW_OUT,48,4,0.0,173263.03,26465.953,800278500.0,119799060.0,2831686100.0,9008138000.0,0.0,0.0
FROM_ZONE_0,48,4,0.0,0.0,0.0,0.0,0.0,0.0,0.0,0.0,0.0
FROM_haweaflat,48,4,0.0,0.0,371.87872,42204.19,16299.23,0.0,0.0,0.0,0.0
FROM_moraine_top,48,4,0.0,42349.58,0.0,0.0,0.0,0.0,0.0,0.0,0.0
FROM_river_zone,48,4,0.0,11666.414,0.0,0.0,32829.52,0.0,42.175514,70.78645,0.0
FROM_main_terrace,48,4,0.0,800.64026,0.0,165.39038,0.0,6498.5576,64932.105,5975.1733,0.0
FROM_sandy_point,48,4,0.0,0.0,0.0,0.0,1680.8505,0.0,44.67466,0.0,0.0
FROM_clutha,48,4,0.0,0.0,0.0,3.330858,1708.4053,12.876111,0.0,893.6536,0.0
FROM_sub_terrace,48,4,0.0,0.0,0.0,70.53057,451.62372,0.0,7237.644,0.0,0.0
FROM_mangawera,48,4,0.0,0.0,0.0,3696.621,0.0,0.0,0.0,0.0,0.0
TOTAL_IN,48,4,0.0,251155.86,70878.45,800368600.0,119879470.0,2831694600.0,9008212000.0,8200.607,3987.3716
TO_STORAGE,48,4,0.0,13957.851,1704.575,2658.1807,21.222725,0.0010512345,0.3244993,0.06143581,0.14366432
TO_CONSTANT_HEAD,48,4,0.0,0.0,0.0,0.0,0.0,0.0,0.0,0.0,0.0
TO_WELLS,48,4,0.0,5063.044,0.0,0.0,445.89493,28.567646,0.0,440.7458,290.60635
TO_HEAD_DEP_BOUNDS,48,4,0.0,0.0,358.86963,0.0,0.0,0.0,0.0,0.0,0.0
TO_RECHARGE,48,4,0.0,0.0,0.0,0.0,0.0,0.0,0.0,0.0,0.0
TO_STREAM_LEAKAGE,48,4,0.0,0.0,0.0,42785.09,1577.2905,6688.2036,71904.805,0.0,0.0
TO_STREAM_FLOW_OUT,48,4,0.0,0.0,0.0,0.0,0.0,0.0,0.0,0.0,0.0
TO_ZONE_0,48,4,0.0,0.0,0.0,0.0,0.0,0.0,0.0,0.0,0.0
TO_haweaflat,48,4,0.0,0.0,42349.58,11666.414,800.64026,0.0,0.0,0.0,0.0
TO_moraine_top,48,4,0.0,371.87872,0.0,0.0,0.0,0.0,0.0,0.0,0.0
TO_river_zone,48,4,0.0,42204.19,0.0,0.0,165.39038,0.0,3.330858,70.53057,3696.621
TO_main_terrace,48,4,0.0,16299.23,0.0,32829.52,0.0,1680.8505,1708.4053,451.62372,0.0
TO_sandy_point,48,4,0.0,0.0,0.0,0.0,6498.5576,0.0,12.876111,0.0,0.0
TO_clutha,48,4,0.0,0.0,0.0,42.175514,64932.105,44.67466,0.0,7237.644,0.0
TO_sub_terrace,48,4,0.0,0.0,0.0,70.78645,5975.1733,0.0,893.6536,0.0,0.0
TO_mangawera,48,4,0.0,0.0,0.0,0.0,0.0,0.0,0.0,0.0,0.0
TOTAL_OUT,48,4,0.0,77896.195,44413.023,90052.164,80416.27,8442.298,74523.4,8200.605,3987.371
IN-OUT,48,4,0.0,173259.66,26465.43,800278500.0,119799060.0,2831686100.0,9008137000.0,0.001953125,0.00048828125
PERCENT_DISCREPANCY,48,4,,105.30836,45.910473,199.955,199.73186,199.9988,199.99669,2.3816836e-05,1.2245693e-05
FROM_STORAGE,49,4,0.0,2807.7412,0.0,250.81184,536.48895,0.0010965895,9.293526,5.4714656,0.21095538
FROM_CONSTANT_HEAD,49,4,0.0,0.0,0.0,0.0,0.0,0.0,0.0,0.0,0.0
FROM_WELLS,49,4,0.0,4777.7715,18.260052,1438.9762,8504.589,0.0,0.0,77.06712,1081.1698
FROM_HEAD_DEP_BOUNDS,49,4,0.0,0.0,45900.637,0.0,0.0,0.0,0.0,0.0,0.0
FROM_RECHARGE,49,4,0.0,11435.957,1631.3204,4484.366,15251.537,1894.4105,2240.9023,1178.2632,2905.9722
FROM_STREAM_LEAKAGE,49,4,0.0,3500.0,1100.0,37115.562,3119.7043,36.55455,16.53421,0.0,0.0
FROM_STREAM_FLOW_OUT,49,4,0.0,173263.03,26465.953,800494660.0,119802440.0,2831686000.0,9008146000.0,0.0,0.0
FROM_ZONE_0,49,4,0.0,0.0,0.0,0.0,0.0,0.0,0.0,0.0,0.0
FROM_haweaflat,49,4,0.0,0.0,369.22632,44359.72,16321.556,0.0,0.0,0.0,0.0
FROM_moraine_top,49,4,0.0,46707.703,0.0,0.0,0.0,0.0,0.0,0.0,0.0
FROM_river_zone,49,4,0.0,11750.858,0.0,0.0,32834.914,0.0,42.175346,70.80258,0.0
FROM_main_terrace,49,4,0.0,800.3468,0.0,165.14445,0.0,6498.5576,64925.332,5974.5723,0.0
FROM_sandy_point,49,4,0.0,0.0,0.0,0.0,1680.8505,0.0,44.67466,0.0,0.0
FROM_clutha,49,4,0.0,0.0,0.0,3.3308575,1708.0383,12.876111,0.0,893.53577,0.0
FROM_sub_terrace,49,4,0.0,0.0,0.0,70.51657,451.6199,0.0,7236.777,0.0,0.0
FROM_mangawera,49,4,0.0,0.0,0.0,3696.5515,0.0,0.0,0.0,0.0,0.0
TOTAL_IN,49,4,0.0,255043.4,75485.4,800586240.0,119882850.0,2831694300.0,9008220000.0,8199.713,3987.353
TO_STORAGE,49,4,0.0,15670.481,1982.6047,2891.814,22.022564,0.0010518569,0.29558393,0.051436458,0.19484097
TO_CONSTANT_HEAD,49,4,0.0,0.0,0.0,0.0,0.0,0.0,0.0,0.0,0.0
TO_WELLS,49,4,0.0,5063.044,0.0,0.0,445.89493,28.567646,0.0,440.7458,290.60635
TO_HEAD_DEP_BOUNDS,49,4,0.0,0.0,329.5835,0.0,0.0,0.0,0.0,0.0,0.0
TO_RECHARGE,49,4,0.0,0.0,0.0,0.0,0.0,0.0,0.0,0.0,0.0
TO_STREAM_LEAKAGE,49,4,0.0,0.0,0.0,43994.676,1577.2905,6688.2036,71897.6,0.0,0.0
TO_STREAM_FLOW_OUT,49,4,0.0,0.0,0.0,0.0,0.0,0.0,0.0,0.0,0.0
TO_ZONE_0,49,4,0.0,0.0,0.0,0.0,0.0,0.0,0.0,0.0,0.0
TO_haweaflat,49,4,0.0,0.0,46707.703,11750.858,800.3468,0.0,0.0,0.0,0.0
TO_moraine_top,49,4,0.0,369.22632,0.0,0.0,0.0,0.0,0.0,0.0,0.0
TO_river_zone,49,4,0.0,44359.72,0.0,0.0,165.14445,0.0,3.3308575,70.51657,3696.5515
TO_main_terrace,49,4,0.0,16321.556,0.0,32834.914,0.0,1680.8505,1708.0383,451.6199,0.0
TO_sandy_point,49,4,0.0,0.0,0.0,0.0,6498.5576,0.0,12.876111,0.0,0.0
TO_clutha,49,4,0.0,0.0,0.0,42.175346,64925.332,44.67466,0.0,7236.777,0.0
TO_sub_terrace,49,4,0.0,0.0,0.0,70.80258,5974.5723,0.0,893.53577,0.0,0.0
TO_mangawera,49,4,0.0,0.0,0.0,0.0,0.0,0.0,0.0,0.0,0.0
TOTAL_OUT,49,4,0.0,81784.02,49019.89,91585.24,80409.16,8442.298,74515.68,8199.711,3987.3528
IN-OUT,49,4,0.0,173259.38,26465.508,800494660.0,119802440.0,2831686000.0,9008145000.0,0.001953125,0.00024414062
PERCENT_DISCREPANCY,49,4,,102.877235,42.513065,199.95424,199.73189,199.99883,199.99667,2.3819435e-05,6.1228748e-06
FROM_STORAGE,50,4,0.0,2341.3057,0.0,154.77098,504.12473,0.0010959667,9.070344,5.2041297,0.19692527
FROM_CONSTANT_HEAD,50,4,0.0,0.0,0.0,0.0,0.0,0.0,0.0,0.0,0.0
FROM_WELLS,50,4,0.0,4777.7715,18.260052,1438.9762,8504.589,0.0,0.0,77.06712,1081.1698
FROM_HEAD_DEP_BOUNDS,50,4,0.0,0.0,51025.44,0.0,0.0,0.0,0.0,0.0,0.0
FROM_RECHARGE,50,4,0.0,11435.957,1631.3204,4484.366,15251.537,1894.4105,2240.9023,1178.2632,2905.9722
FROM_STREAM_LEAKAGE,50,4,0.0,3500.0,1100.0,36637.312,3119.7043,36.55455,16.53421,0.0,0.0
FROM_STREAM_FLOW_OUT,50,4,0.0,173263.03,26465.953,800714000.0,119805860.0,2831685000.0,9008153000.0,0.0,0.0
FROM_ZONE_0,50,4,0.0,0.0,0.0,0.0,0.0,0.0,0.0,0.0,0.0
FROM_haweaflat,50,4,0.0,0.0,372.25452,46458.55,16349.023,0.0,0.0,0.0,0.0
FROM_moraine_top,50,4,0.0,51437.07,0.0,0.0,0.0,0.0,0.0,0.0,0.0
FROM_river_zone,50,4,0.0,11830.244,0.0,0.0,32839.844,0.0,42.17521,70.81653,0.0
FROM_main_terrace,50,4,0.0,800.10657,0.0,164.93465,0.0,6498.5576,64919.082,5974.0835,0.0
FROM_sandy_point,50,4,0.0,0.0,0.0,0.0,1680.8505,0.0,44.67466,0.0,0.0
FROM_clutha,50,4,0.0,0.0,0.0,3.3308554,1707.749,12.876111,0.0,893.43054,0.0
FROM_sub_terrace,50,4,0.0,0.0,0.0,70.50315,451.5921,0.0,7235.9805,0.0,0.0
FROM_mangawera,50,4,0.0,0.0,0.0,3696.4893,0.0,0.0,0.0,0.0,0.0
TOTAL_IN,50,4,0.0,259385.48,80613.234,800807100.0,119886260.0,2831693600.0,9008226000.0,8198.865,3987.3389
TO_STORAGE,50,4,0.0,17441.328,2381.313,3087.5447,28.927689,0.0010524057,0.27561527,0.042489536,0.24301037
TO_CONSTANT_HEAD,50,4,0.0,0.0,0.0,0.0,0.0,0.0,0.0,0.0,0.0
TO_WELLS,50,4,0.0,5505.3066,0.0,0.0,445.89493,28.567646,0.0,440.7458,290.60635
TO_HEAD_DEP_BOUNDS,50,4,0.0,0.0,329.60303,0.0,0.0,0.0,0.0,0.0,0.0
TO_RECHARGE,50,4,0.0,0.0,0.0,0.0,0.0,0.0,0.0,0.0,0.0
TO_STREAM_LEAKAGE,50,4,0.0,0.0,0.0,45239.133,1577.3237,6688.2036,71890.8,0.0,0.0
TO_STREAM_FLOW_OUT,50,4,0.0,0.0,0.0,0.0,0.0,0.0,0.0,0.0,0.0
TO_ZONE_0,50,4,0.0,0.0,0.0,0.0,0.0,0.0,0.0,0.0,0.0
TO_haweaflat,50,4,0.0,0.0,51437.07,11830.244,800.10657,0.0,0.0,0.0,0.0
TO_moraine_top,50,4,0.0,372.25452,0.0,0.0,0.0,0.0,0.0,0.0,0.0
TO_river_zone,50,4,0.0,46458.55,0.0,0.0,164.93465,0.0,3.3308554,70.50315,3696.4893
TO_main_terrace,50,4,0.0,16349.023,0.0,32839.844,0.0,1680.8505,1707.749,451.5921,0.0
TO_sandy_point,50,4,0.0,0.0,0.0,0.0,6498.5576,0.0,12.876111,0.0,0.0
TO_clutha,50,4,0.0,0.0,0.0,42.17521,64919.082,44.67466,0.0,7235.9805,0.0
TO_sub_terrace,50,4,0.0,0.0,0.0,70.81653,5974.0835,0.0,893.43054,0.0,0.0
TO_mangawera,50,4,0.0,0.0,0.0,0.0,0.0,0.0,0.0,0.0,0.0
TOTAL_OUT,50,4,0.0,86126.46,54147.984,93109.76,80408.914,8442.298,74508.45,8198.864,3987.3386
IN-OUT,50,4,0.0,173259.03,26465.25,800714000.0,119805850.0,2831685000.0,9008152000.0,0.0009765625,0.00024414062
PERCENT_DISCREPANCY,50,4,,100.29121,39.27725,199.9535,199.7319,199.99881,199.99667,1.1910947e-05,6.122896e-06
FROM_STORAGE,51,4,0.0,1943.5356,0.006053642,87.45048,470.47235,0.001095362,8.728653,4.8737326,0.18576165
FROM_CONSTANT_HEAD,51,4,0.0,0.0,0.0,0.0,0.0,0.0,0.0,0.0,0.0
FROM_WELLS,51,4,0.0,4777.7715,18.260052,1438.9762,8504.589,0.0,0.0,77.06712,1081.1698
FROM_HEAD_DEP_BOUNDS,51,4,0.0,0.0,55487.24,0.0,0.0,0.0,0.0,0.0,0.0
FROM_RECHARGE,51,4,0.0,11435.957,1631.3204,4484.366,15251.537,1894.4105,2240.9023,1178.2632,2905.9722
FROM_STREAM_LEAKAGE,51,4,0.0,3500.0,1100.0,36202.54,3119.7043,36.55455,16.53421,0.0,0.0
FROM_STREAM_FLOW_OUT,51,4,0.0,173263.03,26465.953,800940300.0,119809440.0,2831685000.0,9008162000.0,0.0,0.0
FROM_ZONE_0,51,4,0.0,0.0,0.0,0.0,0.0,0.0,0.0,0.0,0.0
FROM_haweaflat,51,4,0.0,0.0,378.99335,48605.5,16382.581,0.0,0.0,0.0,0.0
FROM_moraine_top,51,4,0.0,55607.633,0.0,0.0,0.0,0.0,0.0,0.0,0.0
FROM_river_zone,51,4,0.0,11902.771,0.0,0.0,32844.28,0.0,42.174976,70.8281,0.0
FROM_main_terrace,51,4,0.0,799.8904,0.0,164.76212,0.0,6498.5576,64913.426,5973.708,0.0
FROM_sandy_point,51,4,0.0,0.0,0.0,0.0,1680.8505,0.0,44.67466,0.0,0.0
FROM_clutha,51,4,0.0,0.0,0.0,3.3308523,1707.5387,12.876111,0.0,893.3389,0.0
FROM_sub_terrace,51,4,0.0,0.0,0.0,70.49046,451.54282,0.0,7235.2627,0.0,0.0
FROM_mangawera,51,4,0.0,0.0,0.0,3696.4321,0.0,0.0,0.0,0.0,0.0
TOTAL_IN,51,4,0.0,263230.6,85081.77,801035100.0,119889850.0,2831693600.0,9008236000.0,8198.079,3987.3276
TO_STORAGE,51,4,0.0,19099.678,2679.2915,3303.4941,39.436096,0.0010529278,0.25889215,0.035359837,0.28931582
TO_CONSTANT_HEAD,51,4,0.0,0.0,0.0,0.0,0.0,0.0,0.0,0.0,0.0
TO_WELLS,51,4,0.0,5505.3066,0.0,0.0,445.89493,28.567646,0.0,440.7458,290.60635
TO_HEAD_DEP_BOUNDS,51,4,0.0,0.0,329.68457,0.0,0.0,0.0,0.0,0.0,0.0
TO_RECHARGE,51,4,0.0,0.0,0.0,0.0,0.0,0.0,0.0,0.0,0.0
TO_STREAM_LEAKAGE,51,4,0.0,0.0,0.0,46590.76,1577.3237,6688.2036,71884.32,0.0,0.0
TO_STREAM_FLOW_OUT,51,4,0.0,0.0,0.0,0.0,0.0,0.0,0.0,0.0,0.0
TO_ZONE_0,51,4,0.0,0.0,0.0,0.0,0.0,0.0,0.0,0.0,0.0
TO_haweaflat,51,4,0.0,0.0,55607.633,11902.771,799.8904,0.0,0.0,0.0,0.0
TO_moraine_top,51,4,0.0,378.99335,0.0,0.0,0.0,0.0,0.0,0.0,0.0
TO_river_zone,51,4,0.0,48605.5,0.0,0.0,164.76212,0.0,3.3308523,70.49046,3696.4321
TO_main_terrace,51,4,0.0,16382.581,0.0,32844.28,0.0,1680.8505,1707.5387,451.54282,0.0
TO_sandy_point,51,4,0.0,0.0,0.0,0.0,6498.5576,0.0,12.876111,0.0,0.0
TO_clutha,51,4,0.0,0.0,0.0,42.174976,64913.426,44.67466,0.0,7235.2627,0.0
TO_sub_terrace,51,4,0.0,0.0,0.0,70.8281,5973.708,0.0,893.3389,0.0,0.0
TO_mangawera,51,4,0.0,0.0,0.0,0.0,0.0,0.0,0.0,0.0,0.0
TOTAL_OUT,51,4,0.0,89972.055,58616.61,94754.31,80413.0,8442.298,74501.66,8198.077,3987.328
IN-OUT,51,4,0.0,173258.53,26465.164,800940300.0,119809430.0,2831685000.0,9008161000.0,0.001953125,0.00024414062
PERCENT_DISCREPANCY,51,4,,98.107155,36.834328,199.95267,199.73189,199.99881,199.99667,2.3824181e-05,6.1229134e-06
FROM_STORAGE,52,4,0.0,1599.118,0.0,41.8391,435.2004,0.0010947704,8.278326,4.486236,0.17479001
FROM_CONSTANT_HEAD,52,4,0.0,0.0,0.0,0.0,0.0,0.0,0.0,0.0,0.0
FROM_WELLS,52,4,0.0,4777.7715,18.260052,1438.9762,8504.589,0.0,0.0,77.06712,1081.1698
FROM_HEAD_DEP_BOUNDS,52,4,0.0,0.0,59388.477,0.0,0.0,0.0,0.0,0.0,0.0
FROM_RECHARGE,52,4,0.0,11435.957,1631.3204,4484.366,15251.537,1894.4105,2240.9023,1178.2632,2905.9722
FROM_STREAM_LEAKAGE,52,4,0.0,3500.0,1100.0,35887.086,3119.7043,36.55455,16.53421,0.0,0.0
FROM_STREAM_FLOW_OUT,52,4,0.0,173263.03,26465.953,801171100.0,119813080.0,2831684600.0,9008170000.0,0.0,0.0
FROM_ZONE_0,52,4,0.0,0.0,0.0,0.0,0.0,0.0,0.0,0.0,0.0
FROM_haweaflat,52,4,0.0,0.0,386.0914,50740.96,16421.79,0.0,0.0,0.0,0.0
FROM_moraine_top,52,4,0.0,59150.79,0.0,0.0,0.0,0.0,0.0,0.0,0.0
FROM_river_zone,52,4,0.0,11968.332,0.0,0.0,32848.2,0.0,42.174747,70.83728,0.0
FROM_main_terrace,52,4,0.0,799.7062,0.0,164.62793,0.0,6498.5576,64908.43,5973.4453,0.0
FROM_sandy_point,52,4,0.0,0.0,0.0,0.0,1680.8505,0.0,44.67466,0.0,0.0
FROM_clutha,52,4,0.0,0.0,0.0,3.330849,1707.4077,12.876111,0.0,893.2618,0.0
FROM_sub_terrace,52,4,0.0,0.0,0.0,70.47878,451.4737,0.0,7234.633,0.0,0.0
FROM_mangawera,52,4,0.0,0.0,0.0,3696.3765,0.0,0.0,0.0,0.0,0.0
TOTAL_IN,52,4,0.0,266494.72,88990.11,801267650.0,119893496.0,2831693000.0,9008244000.0,8197.361,3987.317
TO_STORAGE,52,4,0.0,20177.898,3043.6587,3493.691,52.767433,0.001053439,0.2460452,0.029022286,0.3341426
TO_CONSTANT_HEAD,52,4,0.0,0.0,0.0,0.0,0.0,0.0,0.0,0.0,0.0
TO_WELLS,52,4,0.0,5505.3066,0.0,0.0,445.89493,28.567646,0.0,440.7458,290.60635
TO_HEAD_DEP_BOUNDS,52,4,0.0,0.0,329.4878,0.0,0.0,0.0,0.0,0.0,0.0
TO_RECHARGE,52,4,0.0,0.0,0.0,0.0,0.0,0.0,0.0,0.0,0.0
TO_STREAM_LEAKAGE,52,4,0.0,0.0,0.0,48104.445,1577.3237,6688.2036,71878.51,0.0,0.0
TO_STREAM_FLOW_OUT,52,4,0.0,0.0,0.0,0.0,0.0,0.0,0.0,0.0,0.0
TO_ZONE_0,52,4,0.0,0.0,0.0,0.0,0.0,0.0,0.0,0.0,0.0
TO_haweaflat,52,4,0.0,0.0,59150.79,11968.332,799.7062,0.0,0.0,0.0,0.0
TO_moraine_top,52,4,0.0,386.0914,0.0,0.0,0.0,0.0,0.0,0.0,0.0
TO_river_zone,52,4,0.0,50740.96,0.0,0.0,164.62793,0.0,3.330849,70.47878,3696.3765
TO_main_terrace,52,4,0.0,16421.79,0.0,32848.2,0.0,1680.8505,1707.4077,451.4737,0.0
TO_sandy_point,52,4,0.0,0.0,0.0,0.0,6498.5576,0.0,12.876111,0.0,0.0
TO_clutha,52,4,0.0,0.0,0.0,42.174747,64908.43,44.67466,0.0,7234.633,0.0
TO_sub_terrace,52,4,0.0,0.0,0.0,70.83728,5973.4453,0.0,893.2618,0.0,0.0
TO_mangawera,52,4,0.0,0.0,0.0,0.0,0.0,0.0,0.0,0.0,0.0
TOTAL_OUT,52,4,0.0,93232.05,62523.938,96527.68,80420.75,8442.298,74495.625,8197.36,3987.317
IN-OUT,52,4,0.0,173262.67,26466.172,801171140.0,119813070.0,2831684600.0,9008169000.0,0.0009765625,0.0
PERCENT_DISCREPANCY,52,4,,96.33016,34.935604,199.95183,199.73186,199.99881,199.99667,1.1913132e-05,0.0
FROM_STORAGE,53,4,0.0,1302.1511,0.0020233472,13.729196,399.58118,0.001094045,7.7342157,4.0526586,0.1635573
FROM_CONSTANT_HEAD,53,4,0.0,0.0,0.0,0.0,0.0,0.0,0.0,0.0,0.0
FROM_WELLS,53,4,0.0,4777.7715,18.260052,1438.9762,8504.589,0.0,0.0,77.06712,1081.1698
FROM_HEAD_DEP_BOUNDS,53,4,0.0,0.0,62803.2,0.0,0.0,0.0,0.0,0.0,0.0
FROM_RECHARGE,53,4,0.0,11435.957,1631.3204,4484.366,15251.537,1894.4105,2240.9023,1178.2632,2905.9722
FROM_STREAM_LEAKAGE,53,4,0.0,3500.0,1100.0,35636.016,3119.7043,36.55455,16.53421,0.0,0.0
FROM_STREAM_FLOW_OUT,53,4,0.0,173263.03,26465.953,801403000.0,119816744.0,2831684000.0,9008179000.0,0.0,0.0
FROM_ZONE_0,53,4,0.0,0.0,0.0,0.0,0.0,0.0,0.0,0.0,0.0
FROM_haweaflat,53,4,0.0,0.0,391.3894,52825.605,16465.701,0.0,0.0,0.0,0.0
FROM_moraine_top,53,4,0.0,62257.727,0.0,0.0,0.0,0.0,0.0,0.0,0.0
FROM_river_zone,53,4,0.0,12026.238,0.0,0.0,32851.55,0.0,42.17451,70.84405,0.0
FROM_main_terrace,53,4,0.0,799.55896,0.0,164.53244,0.0,6498.5576,64904.13,5973.2944,0.0
FROM_sandy_point,53,4,0.0,0.0,0.0,0.0,1680.8505,0.0,44.67466,0.0,0.0
FROM_clutha,53,4,0.0,0.0,0.0,3.3308449,1707.3546,12.876111,0.0,893.1995,0.0
FROM_sub_terrace,53,4,0.0,0.0,0.0,70.46811,451.38678,0.0,7234.0957,0.0,0.0
FROM_mangawera,53,4,0.0,0.0,0.0,3696.3245,0.0,0.0,0.0,0.0,0.0
TOTAL_IN,53,4,0.0,269362.44,92410.125,801501400.0,119897160.0,2831692500.0,9008253000.0,8196.721,3987.3057
TO_STORAGE,53,4,0.0,20916.453,3358.2688,3650.0542,68.876274,0.0010541016,0.23550616,0.02340939,0.37483835
TO_CONSTANT_HEAD,53,4,0.0,0.0,0.0,0.0,0.0,0.0,0.0,0.0,0.0
TO_WELLS,53,4,0.0,5505.3066,0.0,0.0,445.89493,28.567646,0.0,440.7458,290.60635
TO_HEAD_DEP_BOUNDS,53,4,0.0,0.0,329.46484,0.0,0.0,0.0,0.0,0.0,0.0
TO_RECHARGE,53,4,0.0,0.0,0.0,0.0,0.0,0.0,0.0,0.0,0.0
TO_STREAM_LEAKAGE,53,4,0.0,0.0,0.0,49693.41,1577.3237,6688.2036,71873.3,0.0,0.0
TO_STREAM_FLOW_OUT,53,4,0.0,0.0,0.0,0.0,0.0,0.0,0.0,0.0,0.0
TO_ZONE_0,53,4,0.0,0.0,0.0,0.0,0.0,0.0,0.0,0.0,0.0
TO_haweaflat,53,4,0.0,0.0,62257.727,12026.238,799.55896,0.0,0.0,0.0,0.0
TO_moraine_top,53,4,0.0,391.3894,0.0,0.0,0.0,0.0,0.0,0.0,0.0
TO_river_zone,53,4,0.0,52825.605,0.0,0.0,164.53244,0.0,3.3308449,70.46811,3696.3245
TO_main_terrace,53,4,0.0,16465.701,0.0,32851.55,0.0,1680.8505,1707.3546,451.38678,0.0
TO_sandy_point,53,4,0.0,0.0,0.0,0.0,6498.5576,0.0,12.876111,0.0,0.0
TO_clutha,53,4,0.0,0.0,0.0,42.17451,64904.13,44.67466,0.0,7234.0957,0.0
TO_sub_terrace,53,4,0.0,0.0,0.0,70.84405,5973.2944,0.0,893.1995,0.0,0.0
TO_mangawera,53,4,0.0,0.0,0.0,0.0,0.0,0.0,0.0,0.0,0.0
TOTAL_OUT,53,4,0.0,96104.45,65945.46,98334.266,80432.17,8442.298,74490.29,8196.72,3987.3057
IN-OUT,53,4,0.0,173257.98,26464.664,801403100.0,119816730.0,2831684000.0,9008178000.0,0.0009765625,0.0
PERCENT_DISCREPANCY,53,4,,94.8146,33.42435,199.95094,199.73184,199.99881,199.99667,1.1914063e-05,0.0
FROM_STORAGE,54,4,0.0,1045.4666,0.004525513,1.9573528,362.7754,0.0010935091,7.1021295,3.5777435,0.1509944
FROM_CONSTANT_HEAD,54,4,0.0,0.0,0.0,0.0,0.0,0.0,0.0,0.0,0.0
FROM_WELLS,54,4,0.0,4777.7715,18.260052,1438.9762,8504.589,0.0,0.0,77.06712,1081.1698
FROM_HEAD_DEP_BOUNDS,54,4,0.0,0.0,65531.594,0.0,0.0,0.0,0.0,0.0,0.0
FROM_RECHARGE,54,4,0.0,11435.957,1631.3204,4484.366,15251.537,1894.4105,2240.9023,1178.2632,2905.9722
FROM_STREAM_LEAKAGE,54,4,0.0,3500.0,1100.0,35393.336,3119.7043,36.55455,16.53421,0.0,0.0
FROM_STREAM_FLOW_OUT,54,4,0.0,173263.03,26465.953,801633000.0,119820400.0,2831683800.0,9008187000.0,0.0,0.0
FROM_ZONE_0,54,4,0.0,0.0,0.0,0.0,0.0,0.0,0.0,0.0,0.0
FROM_haweaflat,54,4,0.0,0.0,395.76245,54843.996,16513.594,0.0,0.0,0.0,0.0
FROM_moraine_top,54,4,0.0,64864.2,0.0,0.0,0.0,0.0,0.0,0.0,0.0
FROM_river_zone,54,4,0.0,12076.567,0.0,0.0,32854.316,0.0,42.17427,70.848366,0.0
FROM_main_terrace,54,4,0.0,799.44824,0.0,164.4757,0.0,6498.5576,64900.57,5973.255,0.0
FROM_sandy_point,54,4,0.0,0.0,0.0,0.0,1680.8505,0.0,44.67466,0.0,0.0
FROM_clutha,54,4,0.0,0.0,0.0,3.3308413,1707.3776,12.876111,0.0,893.15247,0.0
FROM_sub_terrace,54,4,0.0,0.0,0.0,70.45852,451.2843,0.0,7233.6553,0.0,0.0
FROM_mangawera,54,4,0.0,0.0,0.0,3696.277,0.0,0.0,0.0,0.0,0.0
TOTAL_IN,54,4,0.0,271762.44,95142.9,801733200.0,119900840.0,2831692300.0,9008261000.0,8196.164,3987.293
TO_STORAGE,54,4,0.0,21245.936,3484.1724,3774.1746,86.41876,0.001054581,0.22730283,0.01852718,0.40940052
TO_CONSTANT_HEAD,54,4,0.0,0.0,0.0,0.0,0.0,0.0,0.0,0.0,0.0
TO_WELLS,54,4,0.0,5505.3066,0.0,0.0,445.89493,28.567646,0.0,440.7458,290.60635
TO_HEAD_DEP_BOUNDS,54,4,0.0,0.0,329.667,0.0,0.0,0.0,0.0,0.0,0.0
TO_RECHARGE,54,4,0.0,0.0,0.0,0.0,0.0,0.0,0.0,0.0,0.0
TO_STREAM_LEAKAGE,54,4,0.0,0.0,0.0,51279.816,1577.3569,6688.2036,71868.68,0.0,0.0
TO_STREAM_FLOW_OUT,54,4,0.0,0.0,0.0,0.0,0.0,0.0,0.0,0.0,0.0
TO_ZONE_0,54,4,0.0,0.0,0.0,0.0,0.0,0.0,0.0,0.0,0.0
TO_haweaflat,54,4,0.0,0.0,64864.2,12076.567,799.44824,0.0,0.0,0.0,0.0
TO_moraine_top,54,4,0.0,395.76245,0.0,0.0,0.0,0.0,0.0,0.0,0.0
TO_river_zone,54,4,0.0,54843.996,0.0,0.0,164.4757,0.0,3.3308413,70.45852,3696.277
TO_main_terrace,54,4,0.0,16513.594,0.0,32854.316,0.0,1680.8505,1707.3776,451.2843,0.0
TO_sandy_point,54,4,0.0,0.0,0.0,0.0,6498.5576,0.0,12.876111,0.0,0.0
TO_clutha,54,4,0.0,0.0,0.0,42.17427,64900.57,44.67466,0.0,7233.6553,0.0
TO_sub_terrace,54,4,0.0,0.0,0.0,70.848366,5973.255,0.0,893.15247,0.0,0.0
TO_mangawera,54,4,0.0,0.0,0.0,0.0,0.0,0.0,0.0,0.0,0.0
TOTAL_OUT,54,4,0.0,98504.59,68678.04,100097.9,80445.98,8442.298,74485.64,8196.162,3987.293
IN-OUT,54,4,0.0,173257.84,26464.86,801633100.0,119820390.0,2831683800.0,9008186000.0,0.001953125,0.0
PERCENT_DISCREPANCY,54,4,,93.58534,32.309498,199.95006,199.7318,199.9988,199.99669,2.3829747e-05,0.0
FROM_STORAGE,55,4,0.0,829.0819,0.0,0.12670039,325.25464,0.0010929885,6.394295,3.0707698,0.13749062
FROM_CONSTANT_HEAD,55,4,0.0,0.0,0.0,0.0,0.0,0.0,0.0,0.0,0.0
FROM_WELLS,55,4,0.0,4777.7715,18.260052,1438.9762,8504.589,0.0,0.0,77.06712,1081.1698
FROM_HEAD_DEP_BOUNDS,55,4,0.0,0.0,68078.31,0.0,0.0,0.0,0.0,0.0,0.0
FROM_RECHARGE,55,4,0.0,11435.957,1631.3204,4484.366,15251.537,1894.4105,2240.9023,1178.2632,2905.9722
FROM_STREAM_LEAKAGE,55,4,0.0,3500.0,1100.0,35159.566,3119.7043,36.55455,16.53421,0.0,0.0
FROM_STREAM_FLOW_OUT,55,4,0.0,173263.03,26465.953,801859140.0,119823980.0,2831683600.0,9008196000.0,0.0,0.0
FROM_ZONE_0,55,4,0.0,0.0,0.0,0.0,0.0,0.0,0.0,0.0,0.0
FROM_haweaflat,55,4,0.0,0.0,399.38812,56791.777,16564.773,0.0,0.0,0.0,0.0
FROM_moraine_top,55,4,0.0,67439.06,0.0,0.0,0.0,0.0,0.0,0.0,0.0
FROM_river_zone,55,4,0.0,12119.64,0.0,0.0,32856.47,0.0,42.174023,70.85031,0.0
FROM_main_terrace,55,4,0.0,799.3727,0.0,164.45709,0.0,6498.5576,64897.766,5973.3223,0.0
FROM_sandy_point,55,4,0.0,0.0,0.0,0.0,1680.8505,0.0,44.67466,0.0,0.0
FROM_clutha,55,4,0.0,0.0,0.0,3.3308368,1707.473,12.876111,0.0,893.12085,0.0
FROM_sub_terrace,55,4,0.0,0.0,0.0,70.45025,451.16806,0.0,7233.3145,0.0,0.0
FROM_mangawera,55,4,0.0,0.0,0.0,3696.235,0.0,0.0,0.0,0.0,0.0
TOTAL_IN,55,4,0.0,274163.9,97693.234,801960960.0,119904440.0,2831692000.0,9008269000.0,8195.694,3987.2793
TO_STORAGE,55,4,0.0,21644.945,3459.6577,3872.4316,105.04529,0.0010550217,0.21990266,0.014362476,0.43774277
TO_CONSTANT_HEAD,55,4,0.0,0.0,0.0,0.0,0.0,0.0,0.0,0.0,0.0
TO_WELLS,55,4,0.0,5505.3066,0.0,0.0,445.89493,28.567646,0.0,440.7458,290.60635
TO_HEAD_DEP_BOUNDS,55,4,0.0,0.0,329.6792,0.0,0.0,0.0,0.0,0.0,0.0
TO_RECHARGE,55,4,0.0,0.0,0.0,0.0,0.0,0.0,0.0,0.0,0.0
TO_STREAM_LEAKAGE,55,4,0.0,0.0,0.0,52848.2,1577.3569,6688.2036,71864.9,0.0,0.0
TO_STREAM_FLOW_OUT,55,4,0.0,0.0,0.0,0.0,0.0,0.0,0.0,0.0,0.0
TO_ZONE_0,55,4,0.0,0.0,0.0,0.0,0.0,0.0,0.0,0.0,0.0
TO_haweaflat,55,4,0.0,0.0,67439.06,12119.64,799.3727,0.0,0.0,0.0,0.0
TO_moraine_top,55,4,0.0,399.38812,0.0,0.0,0.0,0.0,0.0,0.0,0.0
TO_river_zone,55,4,0.0,56791.777,0.0,0.0,164.45709,0.0,3.3308368,70.45025,3696.235
TO_main_terrace,55,4,0.0,16564.773,0.0,32856.47,0.0,1680.8505,1707.473,451.16806,0.0
TO_sandy_point,55,4,0.0,0.0,0.0,0.0,6498.5576,0.0,12.876111,0.0,0.0
TO_clutha,55,4,0.0,0.0,0.0,42.174023,64897.766,44.67466,0.0,7233.3145,0.0
TO_sub_terrace,55,4,0.0,0.0,0.0,70.85031,5973.3223,0.0,893.12085,0.0,0.0
TO_mangawera,55,4,0.0,0.0,0.0,0.0,0.0,0.0,0.0,0.0,0.0
TOTAL_OUT,55,4,0.0,100906.195,71228.4,101809.766,80461.77,8442.298,74481.914,8195.693,3987.2793
IN-OUT,55,4,0.0,173257.72,26464.836,801859140.0,119823976.0,2831683600.0,9008195000.0,0.0009765625,0.0
PERCENT_DISCREPANCY,55,4,,92.38685,31.333862,199.94923,199.73175,199.9988,199.99667,1.1915557e-05,0.0
FROM_STORAGE,56,4,0.0,656.95184,0.0,0.077656746,288.37646,0.0010924003,5.621619,2.5392425,0.12292555
FROM_CONSTANT_HEAD,56,4,0.0,0.0,0.0,0.0,0.0,0.0,0.0,0.0,0.0
FROM_WELLS,56,4,0.0,4777.7715,18.260052,1438.9762,8504.589,0.0,0.0,77.06712,1081.1698
FROM_HEAD_DEP_BOUNDS,56,4,0.0,0.0,70269.38,0.0,0.0,0.0,0.0,0.0,0.0
FROM_RECHARGE,56,4,0.0,11435.957,1631.3204,4484.366,15251.537,1894.4105,2240.9023,1178.2632,2905.9722
FROM_STREAM_LEAKAGE,56,4,0.0,3500.0,1100.0,34939.03,3119.7043,36.55455,16.53421,0.0,0.0
FROM_STREAM_FLOW_OUT,56,4,0.0,173263.03,26465.953,802081800.0,119827544.0,2831683600.0,9008204000.0,0.0,0.0
FROM_ZONE_0,56,4,0.0,0.0,0.0,0.0,0.0,0.0,0.0,0.0,0.0
FROM_haweaflat,56,4,0.0,0.0,402.5063,58686.82,16618.969,0.0,0.0,0.0,0.0
FROM_moraine_top,56,4,0.0,69751.586,0.0,0.0,0.0,0.0,0.0,0.0,0.0
FROM_river_zone,56,4,0.0,12156.66,0.0,0.0,32858.02,0.0,42.173805,70.849884,0.0
FROM_main_terrace,56,4,0.0,799.3262,0.0,164.47571,0.0,6498.5576,64895.742,5973.4917,0.0
FROM_sandy_point,56,4,0.0,0.0,0.0,0.0,1680.8505,0.0,44.67466,0.0,0.0
FROM_clutha,56,4,0.0,0.0,0.0,3.3308282,1707.6375,12.876111,0.0,893.10443,0.0
FROM_sub_terrace,56,4,0.0,0.0,0.0,70.44326,451.0396,0.0,7233.074,0.0,0.0
FROM_mangawera,56,4,0.0,0.0,0.0,3696.1978,0.0,0.0,0.0,0.0,0.0
TOTAL_IN,56,4,0.0,276341.28,99887.42,802185300.0,119908020.0,2831692000.0,9008278000.0,8195.315,3987.265
TO_STORAGE,56,4,0.0,21870.064,3341.0752,3950.7756,125.83484,0.001055535,0.21246316,0.01098158,0.46082342
TO_CONSTANT_HEAD,56,4,0.0,0.0,0.0,0.0,0.0,0.0,0.0,0.0,0.0
TO_WELLS,56,4,0.0,5505.3066,0.0,0.0,445.89493,28.567646,0.0,440.7458,290.60635
TO_HEAD_DEP_BOUNDS,56,4,0.0,0.0,329.86182,0.0,0.0,0.0,0.0,0.0,0.0
TO_RECHARGE,56,4,0.0,0.0,0.0,0.0,0.0,0.0,0.0,0.0,0.0
TO_STREAM_LEAKAGE,56,4,0.0,0.0,0.0,54405.8,1577.3569,6688.2036,71861.54,0.0,0.0
TO_STREAM_FLOW_OUT,56,4,0.0,0.0,0.0,0.0,0.0,0.0,0.0,0.0,0.0
TO_ZONE_0,56,4,0.0,0.0,0.0,0.0,0.0,0.0,0.0,0.0,0.0
TO_haweaflat,56,4,0.0,0.0,69751.586,12156.66,799.3262,0.0,0.0,0.0,0.0
TO_moraine_top,56,4,0.0,402.5063,0.0,0.0,0.0,0.0,0.0,0.0,0.0
TO_river_zone,56,4,0.0,58686.82,0.0,0.0,164.47571,0.0,3.3308282,70.44326,3696.1978
TO_main_terrace,56,4,0.0,16618.969,0.0,32858.02,0.0,1680.8505,1707.6375,451.0396,0.0
TO_sandy_point,56,4,0.0,0.0,0.0,0.0,6498.5576,0.0,12.876111,0.0,0.0
TO_clutha,56,4,0.0,0.0,0.0,42.173805,64895.742,44.67466,0.0,7233.074,0.0
TO_sub_terrace,56,4,0.0,0.0,0.0,70.849884,5973.4917,0.0,893.10443,0.0,0.0
TO_mangawera,56,4,0.0,0.0,0.0,0.0,0.0,0.0,0.0,0.0,0.0
TOTAL_OUT,56,4,0.0,103083.664,73422.52,103484.27,80480.68,8442.298,74478.695,8195.313,3987.265
IN-OUT,56,4,0.0,173257.62,26464.898,802081800.0,119827540.0,2831683600.0,9008203000.0,0.001953125,0.0
PERCENT_DISCREPANCY,56,4,,91.32642,30.540543,199.94841,199.7317,199.9988,199.99669,2.3832215e-05,0.0
FROM_STORAGE,57,4,0.0,515.67267,0.0017151827,0.049596,255.23724,0.0010918088,4.7955313,1.9902581,0.10761453
FROM_CONSTANT_HEAD,57,4,0.0,0.0,0.0,0.0,0.0,0.0,0.0,0.0,0.0
FROM_WELLS,57,4,0.0,4777.7715,18.260052,1438.9762,8504.589,0.0,0.0,77.06712,1081.1698
FROM_HEAD_DEP_BOUNDS,57,4,0.0,0.0,72094.43,0.0,0.0,0.0,0.0,0.0,0.0
FROM_RECHARGE,57,4,0.0,11435.957,1631.3204,4484.366,15251.537,1894.4105,2240.9023,1178.2632,2905.9722
FROM_STREAM_LEAKAGE,57,4,0.0,3500.0,1100.0,34819.7,3119.7043,36.55455,16.53421,0.0,0.0
FROM_STREAM_FLOW_OUT,57,4,0.0,173263.03,26465.953,802299600.0,119831020.0,2831683600.0,9008212000.0,0.0,0.0
FROM_ZONE_0,57,4,0.0,0.0,0.0,0.0,0.0,0.0,0.0,0.0,0.0
FROM_haweaflat,57,4,0.0,0.0,405.23477,60507.76,16675.795,0.0,0.0,0.0,0.0
FROM_moraine_top,57,4,0.0,71861.11,0.0,0.0,0.0,0.0,0.0,0.0,0.0
FROM_river_zone,57,4,0.0,12187.672,0.0,0.0,32858.97,0.0,42.173565,70.847145,0.0
FROM_main_terrace,57,4,0.0,799.30585,0.0,164.53053,0.0,6498.5576,64894.496,5973.7583,0.0
FROM_sandy_point,57,4,0.0,0.0,0.0,0.0,1680.8505,0.0,44.67466,0.0,0.0
FROM_clutha,57,4,0.0,0.0,0.0,3.3308203,1707.8663,12.876111,0.0,893.1031,0.0
FROM_sub_terrace,57,4,0.0,0.0,0.0,70.437706,450.9013,0.0,7232.935,0.0,0.0
FROM_mangawera,57,4,0.0,0.0,0.0,3696.1636,0.0,0.0,0.0,0.0,0.0
TOTAL_IN,57,4,0.0,278340.56,101715.2,802404800.0,119911510.0,2831692000.0,9008286000.0,8195.029,3987.2495
TO_STORAGE,57,4,0.0,21988.87,3058.8315,3995.2075,151.5006,0.0010560845,0.20507501,0.008256581,0.47958964
TO_CONSTANT_HEAD,57,4,0.0,0.0,0.0,0.0,0.0,0.0,0.0,0.0,0.0
TO_WELLS,57,4,0.0,5505.3066,0.0,0.0,445.89493,28.567646,0.0,440.7458,290.60635
TO_HEAD_DEP_BOUNDS,57,4,0.0,0.0,330.09082,0.0,0.0,0.0,0.0,0.0,0.0
TO_RECHARGE,57,4,0.0,0.0,0.0,0.0,0.0,0.0,0.0,0.0,0.0
TO_STREAM_LEAKAGE,57,4,0.0,0.0,0.0,56031.18,1577.3901,6688.2036,71859.12,0.0,0.0
TO_STREAM_FLOW_OUT,57,4,0.0,0.0,0.0,0.0,0.0,0.0,0.0,0.0,0.0
TO_ZONE_0,57,4,0.0,0.0,0.0,0.0,0.0,0.0,0.0,0.0,0.0
TO_haweaflat,57,4,0.0,0.0,71861.11,12187.672,799.30585,0.0,0.0,0.0,0.0
TO_moraine_top,57,4,0.0,405.23477,0.0,0.0,0.0,0.0,0.0,0.0,0.0
TO_river_zone,57,4,0.0,60507.76,0.0,0.0,164.53053,0.0,3.3308203,70.437706,3696.1636
TO_main_terrace,57,4,0.0,16675.795,0.0,32858.97,0.0,1680.8505,1707.8663,450.9013,0.0
TO_sandy_point,57,4,0.0,0.0,0.0,0.0,6498.5576,0.0,12.876111,0.0,0.0
TO_clutha,57,4,0.0,0.0,0.0,42.173565,64894.496,44.67466,0.0,7232.935,0.0
TO_sub_terrace,57,4,0.0,0.0,0.0,70.847145,5973.7583,0.0,893.1031,0.0,0.0
TO_mangawera,57,4,0.0,0.0,0.0,0.0,0.0,0.0,0.0,0.0,0.0
TOTAL_OUT,57,4,0.0,105082.97,75250.03,105186.05,80505.43,8442.298,74476.49,8195.028,3987.2495
IN-OUT,57,4,0.0,173257.6,26465.172,802299600.0,119831010.0,2831683600.0,9008211000.0,0.0009765625,0.0
PERCENT_DISCREPANCY,57,4,,90.37401,29.910025,199.94756,199.73164,199.9988,199.99667,1.1916522e-05,0.0
FROM_STORAGE,58,4,0.0,400.06403,0.003258287,0.036640506,225.79677,0.001091341,3.937101,1.4843649,0.09254059
FROM_CONSTANT_HEAD,58,4,0.0,0.0,0.0,0.0,0.0,0.0,0.0,0.0,0.0
FROM_WELLS,58,4,0.0,4777.7715,18.260052,1438.9762,8504.589,0.0,0.0,77.06712,1081.1698
FROM_HEAD_DEP_BOUNDS,58,4,0.0,0.0,73423.11,0.0,0.0,0.0,0.0,0.0,0.0
FROM_RECHARGE,58,4,0.0,11435.957,1631.3204,4484.366,15251.537,1894.4105,2240.9023,1178.2632,2905.9722
FROM_STREAM_LEAKAGE,58,4,0.0,3500.0,1100.0,34735.08,3119.7043,36.55455,16.53421,0.0,0.0
FROM_STREAM_FLOW_OUT,58,4,0.0,173263.03,26465.953,802510660.0,119834400.0,2831683600.0,9008221000.0,0.0,0.0
FROM_ZONE_0,58,4,0.0,0.0,0.0,0.0,0.0,0.0,0.0,0.0,0.0
FROM_haweaflat,58,4,0.0,0.0,407.78085,62224.39,16735.049,0.0,0.0,0.0,0.0
FROM_moraine_top,58,4,0.0,73460.805,0.0,0.0,0.0,0.0,0.0,0.0,0.0
FROM_river_zone,58,4,0.0,12212.212,0.0,0.0,32859.31,0.0,42.173332,70.842224,0.0
FROM_main_terrace,58,4,0.0,799.60657,0.0,164.6202,0.0,6498.5576,64894.03,5974.119,0.0
FROM_sandy_point,58,4,0.0,0.0,0.0,0.0,1680.8505,0.0,44.67466,0.0,0.0
FROM_clutha,58,4,0.0,0.0,0.0,3.3308141,1708.1552,12.876111,0.0,893.1166,0.0
FROM_sub_terrace,58,4,0.0,0.0,0.0,70.433624,450.75443,0.0,7232.897,0.0,0.0
FROM_mangawera,58,4,0.0,0.0,0.0,3696.1338,0.0,0.0,0.0,0.0,0.0
TOTAL_IN,58,4,0.0,279849.44,103046.43,802617500.0,119914936.0,2831692000.0,9008295000.0,8194.893,3987.2344
TO_STORAGE,58,4,0.0,21719.39,2789.8987,3996.1865,181.51627,0.0010565104,0.20816635,0.06091709,0.49448353
TO_CONSTANT_HEAD,58,4,0.0,0.0,0.0,0.0,0.0,0.0,0.0,0.0,0.0
TO_WELLS,58,4,0.0,5505.3066,0.0,0.0,445.89493,28.567646,0.0,440.7458,290.60635
TO_HEAD_DEP_BOUNDS,58,4,0.0,0.0,330.63574,0.0,0.0,0.0,0.0,0.0,0.0
TO_RECHARGE,58,4,0.0,0.0,0.0,0.0,0.0,0.0,0.0,0.0,0.0
TO_STREAM_LEAKAGE,58,4,0.0,0.0,0.0,57637.4,1577.3901,6688.2036,71857.56,0.0,0.0
TO_STREAM_FLOW_OUT,58,4,0.0,0.0,0.0,0.0,0.0,0.0,0.0,0.0,0.0
TO_ZONE_0,58,4,0.0,0.0,0.0,0.0,0.0,0.0,0.0,0.0,0.0
TO_haweaflat,58,4,0.0,0.0,73460.805,12212.212,799.60657,0.0,0.0,0.0,0.0
TO_moraine_top,58,4,0.0,407.78085,0.0,0.0,0.0,0.0,0.0,0.0,0.0
TO_river_zone,58,4,0.0,62224.39,0.0,0.0,164.6202,0.0,3.3308141,70.433624,3696.1338
TO_main_terrace,58,4,0.0,16735.049,0.0,32859.31,0.0,1680.8505,1708.1552,450.75443,0.0
TO_sandy_point,58,4,0.0,0.0,0.0,0.0,6498.5576,0.0,12.876111,0.0,0.0
TO_clutha,58,4,0.0,0.0,0.0,42.173332,64894.03,44.67466,0.0,7232.897,0.0
TO_sub_terrace,58,4,0.0,0.0,0.0,70.842224,5974.119,0.0,893.1166,0.0,0.0
TO_mangawera,58,4,0.0,0.0,0.0,0.0,0.0,0.0,0.0,0.0,0.0
TOTAL_OUT,58,4,0.0,106591.914,76581.336,106818.125,80535.734,8442.298,74475.25,8194.892,3987.2346
IN-OUT,58,4,0.0,173257.53,26465.094,802510660.0,119834400.0,2831683600.0,9008220000.0,0.0009765625,0.00024414062
PERCENT_DISCREPANCY,58,4,,89.66822,29.466597,199.94678,199.73154,199.9988,199.99667,1.1916722e-05,6.1230567e-06
FROM_STORAGE,59,4,0.0,304.7538,0.0,0.026828578,199.7061,0.0010907865,3.2837193,1.1723572,0.078467496
FROM_CONSTANT_HEAD,59,4,0.0,0.0,0.0,0.0,0.0,0.0,0.0,0.0,0.0
FROM_WELLS,59,4,0.0,4777.7715,18.260052,1438.9762,8504.589,0.0,0.0,77.06712,1081.1698
FROM_HEAD_DEP_BOUNDS,59,4,0.0,0.0,74281.19,0.0,0.0,0.0,0.0,0.0,0.0
FROM_RECHARGE,59,4,0.0,11435.957,1631.3204,4484.366,15251.537,1894.4105,2240.9023,1178.2632,2905.9722
FROM_STREAM_LEAKAGE,59,4,0.0,3500.0,1100.0,34672.97,3119.7043,36.55455,16.53421,0.0,0.0
FROM_STREAM_FLOW_OUT,59,4,0.0,173263.03,26465.953,802712770.0,119837630.0,2831683000.0,9008228000.0,0.0,0.0
FROM_ZONE_0,59,4,0.0,0.0,0.0,0.0,0.0,0.0,0.0,0.0,0.0
FROM_haweaflat,59,4,0.0,0.0,410.33246,63830.23,16795.898,0.0,0.0,0.0,0.0
FROM_moraine_top,59,4,0.0,74816.305,0.0,0.0,0.0,0.0,0.0,0.0,0.0
FROM_river_zone,59,4,0.0,12230.574,0.0,0.0,32859.06,0.0,42.17311,70.835304,0.0
FROM_main_terrace,59,4,0.0,800.17163,0.0,164.74315,0.0,6498.5576,64894.332,5974.5825,0.0
FROM_sandy_point,59,4,0.0,0.0,0.0,0.0,1680.8505,0.0,44.67466,0.0,0.0
FROM_clutha,59,4,0.0,0.0,0.0,3.330808,1708.4991,12.876111,0.0,893.1443,0.0
FROM_sub_terrace,59,4,0.0,0.0,0.0,70.43084,450.61624,0.0,7232.958,0.0,0.0
FROM_mangawera,59,4,0.0,0.0,0.0,3696.1084,0.0,0.0,0.0,0.0,0.0
TOTAL_IN,59,4,0.0,281128.53,103907.055,802821100.0,119918190.0,2831691500.0,9008302000.0,8195.064,3987.2205
TO_STORAGE,59,4,0.0,21329.293,2294.4897,3961.7747,214.7767,0.0010569902,0.44884148,0.31382474,0.50571924
TO_CONSTANT_HEAD,59,4,0.0,0.0,0.0,0.0,0.0,0.0,0.0,0.0,0.0
TO_WELLS,59,4,0.0,5505.3066,0.0,0.0,445.89493,28.567646,0.0,440.7458,290.60635
TO_HEAD_DEP_BOUNDS,59,4,0.0,0.0,330.98828,0.0,0.0,0.0,0.0,0.0,0.0
TO_RECHARGE,59,4,0.0,0.0,0.0,0.0,0.0,0.0,0.0,0.0,0.0
TO_STREAM_LEAKAGE,59,4,0.0,0.0,0.0,59197.855,1577.3901,6688.2036,71856.63,0.0,0.0
TO_STREAM_FLOW_OUT,59,4,0.0,0.0,0.0,0.0,0.0,0.0,0.0,0.0,0.0
TO_ZONE_0,59,4,0.0,0.0,0.0,0.0,0.0,0.0,0.0,0.0,0.0
TO_haweaflat,59,4,0.0,0.0,74816.305,12230.574,800.17163,0.0,0.0,0.0,0.0
TO_moraine_top,59,4,0.0,410.33246,0.0,0.0,0.0,0.0,0.0,0.0,0.0
TO_river_zone,59,4,0.0,63830.23,0.0,0.0,164.74315,0.0,3.330808,70.43084,3696.1084
TO_main_terrace,59,4,0.0,16795.898,0.0,32859.06,0.0,1680.8505,1708.4991,450.61624,0.0
TO_sandy_point,59,4,0.0,0.0,0.0,0.0,6498.5576,0.0,12.876111,0.0,0.0
TO_clutha,59,4,0.0,0.0,0.0,42.17311,64894.332,44.67466,0.0,7232.958,0.0
TO_sub_terrace,59,4,0.0,0.0,0.0,70.835304,5974.5825,0.0,893.1443,0.0,0.0
TO_mangawera,59,4,0.0,0.0,0.0,0.0,0.0,0.0,0.0,0.0,0.0
TOTAL_OUT,59,4,0.0,107871.06,77441.78,108362.27,80570.45,8442.298,74474.92,8195.064,3987.2205
IN-OUT,59,4,0.0,173257.47,26465.273,802712770.0,119837624.0,2831683000.0,9008227000.0,0.0,0.0
PERCENT_DISCREPANCY,59,4,,89.078476,29.187141,199.94603,199.73145,199.99881,199.99667,0.0,0.0
FROM_STORAGE,60,4,0.0,227.29768,0.0058960305,0.019006694,175.64156,0.0010902712,2.7792995,0.94441813,0.06605919
FROM_CONSTANT_HEAD,60,4,0.0,0.0,0.0,0.0,0.0,0.0,0.0,0.0,0.0
FROM_WELLS,60,4,0.0,4777.7715,18.260052,1438.9762,8504.589,0.0,0.0,77.06712,1081.1698
FROM_HEAD_DEP_BOUNDS,60,4,0.0,0.0,74620.445,0.0,0.0,0.0,0.0,0.0,0.0
FROM_RECHARGE,60,4,0.0,11435.957,1631.3204,4484.366,15251.537,1894.4105,2240.9023,1178.2632,2905.9722
FROM_STREAM_LEAKAGE,60,4,0.0,3500.0,1100.0,34663.188,3119.7043,36.55455,16.53421,0.0,0.0
FROM_STREAM_FLOW_OUT,60,4,0.0,173263.03,26465.953,802903900.0,119840700.0,2831683000.0,9008237000.0,0.0,0.0
FROM_ZONE_0,60,4,0.0,0.0,0.0,0.0,0.0,0.0,0.0,0.0,0.0
FROM_haweaflat,60,4,0.0,0.0,413.6638,65305.242,16857.445,0.0,0.0,0.0,0.0
FROM_moraine_top,60,4,0.0,75639.586,0.0,0.0,0.0,0.0,0.0,0.0,0.0
FROM_river_zone,60,4,0.0,12242.888,0.0,0.0,32858.223,0.0,42.172863,70.826355,0.0
FROM_main_terrace,60,4,0.0,800.76,0.0,164.89752,0.0,6498.5576,64895.395,5975.1284,0.0
FROM_sandy_point,60,4,0.0,0.0,0.0,0.0,1680.8505,0.0,44.67466,0.0,0.0
FROM_clutha,60,4,0.0,0.0,0.0,3.3307984,1708.8927,12.876111,0.0,893.18585,0.0
FROM_sub_terrace,60,4,0.0,0.0,0.0,70.429565,450.47403,0.0,7233.1143,0.0,0.0
FROM_mangawera,60,4,0.0,0.0,0.0,3696.088,0.0,0.0,0.0,0.0,0.0
TOTAL_IN,60,4,0.0,281887.28,104249.65,803013700.0,119921304.0,2831691500.0,9008310000.0,8195.415,3987.208
TO_STORAGE,60,4,0.0,20547.77,1813.1285,3886.6006,249.33824,0.001057433,0.86093396,0.651445,0.5136616
TO_CONSTANT_HEAD,60,4,0.0,0.0,0.0,0.0,0.0,0.0,0.0,0.0,0.0
TO_WELLS,60,4,0.0,5505.3066,0.0,0.0,445.89493,28.567646,0.0,440.7458,290.60635
TO_HEAD_DEP_BOUNDS,60,4,0.0,0.0,331.39502,0.0,0.0,0.0,0.0,0.0,0.0
TO_RECHARGE,60,4,0.0,0.0,0.0,0.0,0.0,0.0,0.0,0.0,0.0
TO_STREAM_LEAKAGE,60,4,0.0,0.0,0.0,60726.88,1577.4233,6688.2036,71856.46,0.0,0.0
TO_STREAM_FLOW_OUT,60,4,0.0,0.0,0.0,0.0,0.0,0.0,0.0,0.0,0.0
TO_ZONE_0,60,4,0.0,0.0,0.0,0.0,0.0,0.0,0.0,0.0,0.0
TO_haweaflat,60,4,0.0,0.0,75639.586,12242.888,800.76,0.0,0.0,0.0,0.0
TO_moraine_top,60,4,0.0,413.6638,0.0,0.0,0.0,0.0,0.0,0.0,0.0
TO_river_zone,60,4,0.0,65305.242,0.0,0.0,164.89752,0.0,3.3307984,70.429565,3696.088
TO_main_terrace,60,4,0.0,16857.445,0.0,32858.223,0.0,1680.8505,1708.8927,450.47403,0.0
TO_sandy_point,60,4,0.0,0.0,0.0,0.0,6498.5576,0.0,12.876111,0.0,0.0
TO_clutha,60,4,0.0,0.0,0.0,42.172863,64895.395,44.67466,0.0,7233.1143,0.0
TO_sub_terrace,60,4,0.0,0.0,0.0,70.826355,5975.1284,0.0,893.18585,0.0,0.0
TO_mangawera,60,4,0.0,0.0,0.0,0.0,0.0,0.0,0.0,0.0,0.0
TOTAL_OUT,60,4,0.0,108629.43,77784.11,109827.59,80607.39,8442.298,74475.6,8195.415,3987.208
IN-OUT,60,4,0.0,173257.84,26465.54,802903900.0,119840696.0,2831683000.0,9008236000.0,0.0,0.0
PERCENT_DISCREPANCY,60,4,,88.73261,29.07762,199.94531,199.73131,199.99881,199.99669,0.0,0.0
FROM_STORAGE,61,4,0.0,166.03006,0.0009895605,0.012563092,154.68532,0.0010902309,2.3409407,0.7719239,0.054967884
FROM_CONSTANT_HEAD,61,4,0.0,0.0,0.0,0.0,0.0,0.0,0.0,0.0,0.0
FROM_WELLS,61,4,0.0,4777.7715,18.260052,1438.9762,8504.589,0.0,0.0,77.06712,1081.1698
FROM_HEAD_DEP_BOUNDS,61,4,0.0,0.0,74441.5,0.0,0.0,0.0,0.0,0.0,0.0
FROM_RECHARGE,61,4,0.0,11435.957,1631.3204,4484.366,15251.537,1894.4105,2240.9023,1178.2632,2905.9722
FROM_STREAM_LEAKAGE,61,4,0.0,3500.0,1100.0,34656.75,3119.7043,36.55455,16.53421,0.0,0.0
FROM_STREAM_FLOW_OUT,61,4,0.0,173263.03,26465.953,803082100.0,119843576.0,2831683600.0,9008245000.0,0.0,0.0
FROM_ZONE_0,61,4,0.0,0.0,0.0,0.0,0.0,0.0,0.0,0.0,0.0
FROM_haweaflat,61,4,0.0,0.0,417.38196,66624.77,16918.8,0.0,0.0,0.0,0.0
FROM_moraine_top,61,4,0.0,75933.29,0.0,0.0,0.0,0.0,0.0,0.0,0.0
FROM_river_zone,61,4,0.0,12248.959,0.0,0.0,32856.824,0.0,42.172676,70.81561,0.0
FROM_main_terrace,61,4,0.0,801.36536,0.0,165.0811,0.0,6498.5576,64897.176,5975.7505,0.0
FROM_sandy_point,61,4,0.0,0.0,0.0,0.0,1680.8505,0.0,44.67466,0.0,0.0
FROM_clutha,61,4,0.0,0.0,0.0,3.3307903,1709.3307,12.876111,0.0,893.2404,0.0
FROM_sub_terrace,61,4,0.0,0.0,0.0,70.429794,450.3286,0.0,7233.3643,0.0,0.0
FROM_mangawera,61,4,0.0,0.0,0.0,3696.0732,0.0,0.0,0.0,0.0,0.0
TOTAL_IN,61,4,0.0,282126.4,104074.414,803193300.0,119924220.0,2831692000.0,9008318000.0,8195.909,3987.1968
TO_STORAGE,61,4,0.0,19402.016,1343.6665,3766.7617,285.44098,0.0010573906,1.3514174,1.0392033,0.5173047
TO_CONSTANT_HEAD,61,4,0.0,0.0,0.0,0.0,0.0,0.0,0.0,0.0,0.0
TO_WELLS,61,4,0.0,5505.3066,0.0,0.0,445.89493,28.567646,0.0,440.7458,290.60635
TO_HEAD_DEP_BOUNDS,61,4,0.0,0.0,332.07324,0.0,0.0,0.0,0.0,0.0,0.0
TO_RECHARGE,61,4,0.0,0.0,0.0,0.0,0.0,0.0,0.0,0.0,0.0
TO_STREAM_LEAKAGE,61,4,0.0,0.0,0.0,62155.26,1577.4233,6688.2036,71857.125,0.0,0.0
TO_STREAM_FLOW_OUT,61,4,0.0,0.0,0.0,0.0,0.0,0.0,0.0,0.0,0.0
TO_ZONE_0,61,4,0.0,0.0,0.0,0.0,0.0,0.0,0.0,0.0,0.0
TO_haweaflat,61,4,0.0,0.0,75933.29,12248.959,801.36536,0.0,0.0,0.0,0.0
TO_moraine_top,61,4,0.0,417.38196,0.0,0.0,0.0,0.0,0.0,0.0,0.0
TO_river_zone,61,4,0.0,66624.77,0.0,0.0,165.0811,0.0,3.3307903,70.429794,3696.0732
TO_main_terrace,61,4,0.0,16918.8,0.0,32856.824,0.0,1680.8505,1709.3307,450.3286,0.0
TO_sandy_point,61,4,0.0,0.0,0.0,0.0,6498.5576,0.0,12.876111,0.0,0.0
TO_clutha,61,4,0.0,0.0,0.0,42.172676,64897.176,44.67466,0.0,7233.3643,0.0
TO_sub_terrace,61,4,0.0,0.0,0.0,70.81561,5975.7505,0.0,893.2404,0.0,0.0
TO_mangawera,61,4,0.0,0.0,0.0,0.0,0.0,0.0,0.0,0.0,0.0
TOTAL_OUT,61,4,0.0,108868.28,77609.03,111140.8,80646.69,8442.298,74477.25,8195.907,3987.1968
IN-OUT,61,4,0.0,173258.12,26465.383,803082100.0,119843576.0,2831683600.0,9008244000.0,0.001953125,0.0
PERCENT_DISCREPANCY,61,4,,88.62428,29.13351,199.94464,199.73119,199.9988,199.99667,2.383049e-05,0.0
FROM_STORAGE,62,4,0.0,117.790924,0.0059164707,0.007975138,137.00826,0.0010897925,1.9551396,0.6367913,0.04687906
FROM_CONSTANT_HEAD,62,4,0.0,0.0,0.0,0.0,0.0,0.0,0.0,0.0,0.0
FROM_WELLS,62,4,0.0,4777.7715,18.260052,1438.9762,8504.589,0.0,0.0,77.06712,1081.1698
FROM_HEAD_DEP_BOUNDS,62,4,0.0,0.0,73779.7,0.0,0.0,0.0,0.0,0.0,0.0
FROM_RECHARGE,62,4,0.0,11435.957,1631.3204,4484.366,15251.537,1894.4105,2240.9023,1178.2632,2905.9722
FROM_STREAM_LEAKAGE,62,4,0.0,3500.0,1100.0,34650.04,3119.7043,36.55455,16.53421,0.0,0.0
FROM_STREAM_FLOW_OUT,62,4,0.0,173263.03,26465.953,803244700.0,119846190.0,2831683600.0,9008251000.0,0.0,0.0
FROM_ZONE_0,62,4,0.0,0.0,0.0,0.0,0.0,0.0,0.0,0.0,0.0
FROM_haweaflat,62,4,0.0,0.0,421.20816,67770.31,16979.168,0.0,0.0,0.0,0.0
FROM_moraine_top,62,4,0.0,75782.664,0.0,0.0,0.0,0.0,0.0,0.0,0.0
FROM_river_zone,62,4,0.0,12248.71,0.0,0.0,32854.883,0.0,42.172485,70.80306,0.0
FROM_main_terrace,62,4,0.0,801.9823,0.0,165.29184,0.0,6498.5576,64899.66,5976.4395,0.0
FROM_sandy_point,62,4,0.0,0.0,0.0,0.0,1680.8505,0.0,44.67466,0.0,0.0
FROM_clutha,62,4,0.0,0.0,0.0,3.3307838,1709.8085,12.876111,0.0,893.30743,0.0
FROM_sub_terrace,62,4,0.0,0.0,0.0,70.43142,450.18143,0.0,7233.704,0.0,0.0
FROM_mangawera,62,4,0.0,0.0,0.0,3696.0647,0.0,0.0,0.0,0.0,0.0
TOTAL_IN,62,4,0.0,281927.9,103416.45,803357000.0,119926880.0,2831692000.0,9008325000.0,8196.517,3987.189
TO_STORAGE,62,4,0.0,18081.252,840.0618,3617.7158,323.3588,0.0010578152,1.8973297,1.4574355,0.5200408
TO_CONSTANT_HEAD,62,4,0.0,0.0,0.0,0.0,0.0,0.0,0.0,0.0,0.0
TO_WELLS,62,4,0.0,5505.3066,0.0,0.0,445.89493,28.567646,0.0,440.7458,290.60635
TO_HEAD_DEP_BOUNDS,62,4,0.0,0.0,332.38135,0.0,0.0,0.0,0.0,0.0,0.0
TO_RECHARGE,62,4,0.0,0.0,0.0,0.0,0.0,0.0,0.0,0.0,0.0
TO_STREAM_LEAKAGE,62,4,0.0,0.0,0.0,63462.527,1577.4233,6688.2036,71858.38,0.0,0.0
TO_STREAM_FLOW_OUT,62,4,0.0,0.0,0.0,0.0,0.0,0.0,0.0,0.0,0.0
TO_ZONE_0,62,4,0.0,0.0,0.0,0.0,0.0,0.0,0.0,0.0,0.0
TO_haweaflat,62,4,0.0,0.0,75782.664,12248.71,801.9823,0.0,0.0,0.0,0.0
TO_moraine_top,62,4,0.0,421.20816,0.0,0.0,0.0,0.0,0.0,0.0,0.0
TO_river_zone,62,4,0.0,67770.31,0.0,0.0,165.29184,0.0,3.3307838,70.43142,3696.0647
TO_main_terrace,62,4,0.0,16979.168,0.0,32854.883,0.0,1680.8505,1709.8085,450.18143,0.0
TO_sandy_point,62,4,0.0,0.0,0.0,0.0,6498.5576,0.0,12.876111,0.0,0.0
TO_clutha,62,4,0.0,0.0,0.0,42.172485,64899.66,44.67466,0.0,7233.704,0.0
TO_sub_terrace,62,4,0.0,0.0,0.0,70.80306,5976.4395,0.0,893.30743,0.0,0.0
TO_mangawera,62,4,0.0,0.0,0.0,0.0,0.0,0.0,0.0,0.0,0.0
TOTAL_OUT,62,4,0.0,108757.25,76955.11,112296.81,80688.61,8442.298,74479.59,8196.5205,3987.1912
IN-OUT,62,4,0.0,173170.66,26461.344,803244700.0,119846190.0,2831683600.0,9008250000.0,0.00390625,0.0021972656
PERCENT_DISCREPANCY,62,4,,88.64973,29.340927,199.94409,199.73106,199.9988,199.99667,4.7657428e-05,5.5108125e-05
FROM_STORAGE,63,4,0.0,79.86937,3.1208725,0.0053831763,119.274765,0.0010891589,1.604895,0.52413315,0.04112672
FROM_CONSTANT_HEAD,63,4,0.0,0.0,0.0,0.0,0.0,0.0,0.0,0.0,0.0
FROM_WELLS,63,4,0.0,4777.7715,18.260052,1438.9762,8504.589,0.0,0.0,77.06712,1081.1698
FROM_HEAD_DEP_BOUNDS,63,4,0.0,0.0,72709.98,0.0,0.0,0.0,0.0,0.0,0.0
FROM_RECHARGE,63,4,0.0,11435.957,1631.3204,4484.366,15251.537,1894.4105,2240.9023,1178.2632,2905.9722
FROM_STREAM_LEAKAGE,63,4,0.0,3500.0,1100.0,34643.41,3119.7043,36.55455,16.53421,0.0,0.0
FROM_STREAM_FLOW_OUT,63,4,0.0,173263.03,26465.953,803389300.0,119848520.0,2831683600.0,9008257000.0,0.0,0.0
FROM_ZONE_0,63,4,0.0,0.0,0.0,0.0,0.0,0.0,0.0,0.0,0.0
FROM_haweaflat,63,4,0.0,0.0,425.7608,68717.55,17037.541,0.0,0.0,0.0,0.0
FROM_moraine_top,63,4,0.0,75233.086,0.0,0.0,0.0,0.0,0.0,0.0,0.0
FROM_river_zone,63,4,0.0,12242.035,0.0,0.0,32852.41,0.0,42.172318,70.78898,0.0
FROM_main_terrace,63,4,0.0,802.60315,0.0,165.5268,0.0,6498.5576,64902.816,5977.187,0.0
FROM_sandy_point,63,4,0.0,0.0,0.0,0.0,1680.8505,0.0,44.67466,0.0,0.0
FROM_clutha,63,4,0.0,0.0,0.0,3.3307784,1710.3201,12.876111,0.0,893.3861,0.0
FROM_sub_terrace,63,4,0.0,0.0,0.0,70.43427,450.03445,0.0,7234.1284,0.0,0.0
FROM_mangawera,63,4,0.0,0.0,0.0,3696.0627,0.0,0.0,0.0,0.0,0.0
TOTAL_IN,63,4,0.0,281334.34,102354.39,803502600.0,119929250.0,2831692000.0,9008331000.0,8197.217,3987.183
TO_STORAGE,63,4,0.0,16467.775,304.68176,3402.3413,357.38562,0.0010583382,2.476525,1.8800976,0.5161379
TO_CONSTANT_HEAD,63,4,0.0,0.0,0.0,0.0,0.0,0.0,0.0,0.0,0.0
TO_WELLS,63,4,0.0,5505.3066,0.0,0.0,445.89493,28.567646,0.0,440.7458,290.60635
TO_HEAD_DEP_BOUNDS,63,4,0.0,0.0,352.21387,0.0,0.0,0.0,0.0,0.0,0.0
TO_RECHARGE,63,4,0.0,0.0,0.0,0.0,0.0,0.0,0.0,0.0,0.0
TO_STREAM_LEAKAGE,63,4,0.0,0.0,0.0,64626.645,1577.4565,6688.2036,71860.38,0.0,0.0
TO_STREAM_FLOW_OUT,63,4,0.0,0.0,0.0,0.0,0.0,0.0,0.0,0.0,0.0
TO_ZONE_0,63,4,0.0,0.0,0.0,0.0,0.0,0.0,0.0,0.0,0.0
TO_haweaflat,63,4,0.0,0.0,75233.086,12242.035,802.60315,0.0,0.0,0.0,0.0
TO_moraine_top,63,4,0.0,425.7608,0.0,0.0,0.0,0.0,0.0,0.0,0.0
TO_river_zone,63,4,0.0,68717.55,0.0,0.0,165.5268,0.0,3.3307784,70.43427,3696.0627
TO_main_terrace,63,4,0.0,17037.541,0.0,32852.41,0.0,1680.8505,1710.3201,450.03445,0.0
TO_sandy_point,63,4,0.0,0.0,0.0,0.0,6498.5576,0.0,12.876111,0.0,0.0
TO_clutha,63,4,0.0,0.0,0.0,42.172318,64902.816,44.67466,0.0,7234.1284,0.0
TO_sub_terrace,63,4,0.0,0.0,0.0,70.78898,5977.187,0.0,893.3861,0.0,0.0
TO_mangawera,63,4,0.0,0.0,0.0,0.0,0.0,0.0,0.0,0.0,0.0
TOTAL_OUT,63,4,0.0,108153.93,75889.984,113236.38,80727.43,8442.298,74482.766,8197.223,3987.1853
IN-OUT,63,4,0.0,173180.4,26464.406,803389400.0,119848520.0,2831683600.0,9008256000.0,0.005859375,0.0021972656
PERCENT_DISCREPANCY,63,4,,88.92714,29.694519,199.94365,199.73093,199.9988,199.99669,7.1480026e-05,5.5108205e-05
FROM_STORAGE,64,4,0.0,58.412247,243.64082,0.0038215043,102.67812,0.0010886674,1.3041656,0.43335435,0.036661778
FROM_CONSTANT_HEAD,64,4,0.0,0.0,0.0,0.0,0.0,0.0,0.0,0.0,0.0
FROM_WELLS,64,4,0.0,4777.7715,18.260052,1438.9762,8504.589,0.0,0.0,77.06712,1081.1698
FROM_HEAD_DEP_BOUNDS,64,4,0.0,0.0,71300.625,0.0,0.0,0.0,0.0,0.0,0.0
FROM_RECHARGE,64,4,0.0,11435.957,1631.3204,4484.366,15251.537,1894.4105,2240.9023,1178.2632,2905.9722
FROM_STREAM_LEAKAGE,64,4,0.0,3500.0,1100.0,34636.117,3119.7043,36.55455,16.53421,0.0,0.0
FROM_STREAM_FLOW_OUT,64,4,0.0,173263.03,26465.953,803514240.0,119850540.0,2831683600.0,9008262000.0,0.0,0.0
FROM_ZONE_0,64,4,0.0,0.0,0.0,0.0,0.0,0.0,0.0,0.0,0.0
FROM_haweaflat,64,4,0.0,0.0,431.76996,69464.4,17093.139,0.0,0.0,0.0,0.0
FROM_moraine_top,64,4,0.0,74285.52,0.0,0.0,0.0,0.0,0.0,0.0,0.0
FROM_river_zone,64,4,0.0,12229.457,0.0,0.0,32849.46,0.0,42.172195,70.77368,0.0
FROM_main_terrace,64,4,0.0,803.21594,0.0,165.78218,0.0,6498.5576,64906.582,5977.982,0.0
FROM_sandy_point,64,4,0.0,0.0,0.0,0.0,1680.8505,0.0,44.67466,0.0,0.0
FROM_clutha,64,4,0.0,0.0,0.0,3.3307693,1710.8574,12.876111,0.0,893.47485,0.0
FROM_sub_terrace,64,4,0.0,0.0,0.0,70.43857,449.88968,0.0,7234.63,0.0,0.0
FROM_mangawera,64,4,0.0,0.0,0.0,3696.0676,0.0,0.0,0.0,0.0,0.0
TOTAL_IN,64,4,0.0,280353.38,101191.57,803628200.0,119931304.0,2831692000.0,9008336000.0,8197.994,3987.1787
TO_STORAGE,64,4,0.0,14669.412,0.07813844,3150.0752,388.62915,0.0010587453,3.0833578,2.299223,0.5066244
TO_CONSTANT_HEAD,64,4,0.0,0.0,0.0,0.0,0.0,0.0,0.0,0.0,0.0
TO_WELLS,64,4,0.0,5505.3066,0.0,0.0,445.89493,28.567646,0.0,440.7458,290.60635
TO_HEAD_DEP_BOUNDS,64,4,0.0,0.0,438.2251,0.0,0.0,0.0,0.0,0.0,0.0
TO_RECHARGE,64,4,0.0,0.0,0.0,0.0,0.0,0.0,0.0,0.0,0.0
TO_STREAM_LEAKAGE,64,4,0.0,0.0,0.0,65633.26,1577.4565,6688.2036,71863.24,0.0,0.0
TO_STREAM_FLOW_OUT,64,4,0.0,0.0,0.0,0.0,0.0,0.0,0.0,0.0,0.0
TO_ZONE_0,64,4,0.0,0.0,0.0,0.0,0.0,0.0,0.0,0.0,0.0
TO_haweaflat,64,4,0.0,0.0,74285.52,12229.457,803.21594,0.0,0.0,0.0,0.0
TO_moraine_top,64,4,0.0,431.76996,0.0,0.0,0.0,0.0,0.0,0.0,0.0
TO_river_zone,64,4,0.0,69464.4,0.0,0.0,165.78218,0.0,3.3307693,70.43857,3696.0676
TO_main_terrace,64,4,0.0,17093.139,0.0,32849.46,0.0,1680.8505,1710.8574,449.88968,0.0
TO_sandy_point,64,4,0.0,0.0,0.0,0.0,6498.5576,0.0,12.876111,0.0,0.0
TO_clutha,64,4,0.0,0.0,0.0,42.172195,64906.582,44.67466,0.0,7234.63,0.0
TO_sub_terrace,64,4,0.0,0.0,0.0,70.77368,5977.982,0.0,893.47485,0.0,0.0
TO_mangawera,64,4,0.0,0.0,0.0,0.0,0.0,0.0,0.0,0.0,0.0
TOTAL_OUT,64,4,0.0,107164.03,74723.83,113975.2,80764.1,8442.298,74486.87,8198.003,3987.1807
IN-OUT,64,4,0.0,173189.34,26467.742,803514240.0,119850536.0,2831683600.0,9008261000.0,0.0087890625,0.001953125
PERCENT_DISCREPANCY,64,4,,89.38403,30.091444,199.94327,199.7308,199.9988,199.99669,0.00010720986,4.8985126e-05
FROM_STORAGE,65,4,0.0,58.914764,770.3888,0.0028924728,87.497635,0.0010879837,1.0477716,0.358694,0.033279616
FROM_CONSTANT_HEAD,65,4,0.0,0.0,0.0,0.0,0.0,0.0,0.0,0.0,0.0
FROM_WELLS,65,4,0.0,4777.7715,18.260052,1438.9762,8504.589,0.0,0.0,77.06712,1081.1698
FROM_HEAD_DEP_BOUNDS,65,4,0.0,0.0,69517.89,0.0,0.0,0.0,0.0,0.0,0.0
FROM_RECHARGE,65,4,0.0,11435.957,1631.3204,4484.366,15251.537,1894.4105,2240.9023,1178.2632,2905.9722
FROM_STREAM_LEAKAGE,65,4,0.0,3500.0,1100.0,34628.977,3119.7043,36.55455,16.53421,0.0,0.0
FROM_STREAM_FLOW_OUT,65,4,0.0,173263.03,26465.953,803617600.0,119852230.0,2831683800.0,9008267000.0,0.0,0.0
FROM_ZONE_0,65,4,0.0,0.0,0.0,0.0,0.0,0.0,0.0,0.0,0.0
FROM_haweaflat,65,4,0.0,0.0,438.43884,69999.92,17145.137,0.0,0.0,0.0,0.0
FROM_moraine_top,65,4,0.0,72932.64,0.0,0.0,0.0,0.0,0.0,0.0,0.0
FROM_river_zone,65,4,0.0,12211.252,0.0,0.0,32846.07,0.0,42.172085,70.7572,0.0
FROM_main_terrace,65,4,0.0,803.81177,0.0,166.05415,0.0,6498.5576,64910.906,5978.813,0.0
FROM_sandy_point,65,4,0.0,0.0,0.0,0.0,1680.8505,0.0,44.67466,0.0,0.0
FROM_clutha,65,4,0.0,0.0,0.0,3.3307626,1711.4133,12.876111,0.0,893.57245,0.0
FROM_sub_terrace,65,4,0.0,0.0,0.0,70.44408,449.7493,0.0,7235.201,0.0,0.0
FROM_mangawera,65,4,0.0,0.0,0.0,3696.0793,0.0,0.0,0.0,0.0,0.0
TOTAL_IN,65,4,0.0,278983.38,99942.25,803732160.0,119933020.0,2831692300.0,9008341000.0,8198.832,3987.1753
TO_STORAGE,65,4,0.0,12695.218,5.8656823e-13,2860.777,416.66663,0.0010593379,3.7005603,2.7024384,0.49160576
TO_CONSTANT_HEAD,65,4,0.0,0.0,0.0,0.0,0.0,0.0,0.0,0.0,0.0
TO_WELLS,65,4,0.0,5505.3066,0.0,0.0,445.89493,28.567646,0.0,440.7458,290.60635
TO_HEAD_DEP_BOUNDS,65,4,0.0,0.0,538.9585,0.0,0.0,0.0,0.0,0.0,0.0
TO_RECHARGE,65,4,0.0,0.0,0.0,0.0,0.0,0.0,0.0,0.0,0.0
TO_STREAM_LEAKAGE,65,4,0.0,0.0,0.0,66471.336,1577.4565,6688.2036,71866.52,0.0,0.0
TO_STREAM_FLOW_OUT,65,4,0.0,0.0,0.0,0.0,0.0,0.0,0.0,0.0,0.0
TO_ZONE_0,65,4,0.0,0.0,0.0,0.0,0.0,0.0,0.0,0.0,0.0
TO_haweaflat,65,4,0.0,0.0,72932.64,12211.252,803.81177,0.0,0.0,0.0,0.0
TO_moraine_top,65,4,0.0,438.43884,0.0,0.0,0.0,0.0,0.0,0.0,0.0
TO_river_zone,65,4,0.0,69999.92,0.0,0.0,166.05415,0.0,3.3307626,70.44408,3696.0793
TO_main_terrace,65,4,0.0,17145.137,0.0,32846.07,0.0,1680.8505,1711.4133,449.7493,0.0
TO_sandy_point,65,4,0.0,0.0,0.0,0.0,6498.5576,0.0,12.876111,0.0,0.0
TO_clutha,65,4,0.0,0.0,0.0,42.172085,64910.906,44.67466,0.0,7235.201,0.0
TO_sub_terrace,65,4,0.0,0.0,0.0,70.7572,5978.813,0.0,893.57245,0.0,0.0
TO_mangawera,65,4,0.0,0.0,0.0,0.0,0.0,0.0,0.0,0.0,0.0
TOTAL_OUT,65,4,0.0,105784.016,73471.6,114502.36,80798.16,8442.298,74491.414,8198.843,3987.1772
IN-OUT,65,4,0.0,173199.36,26470.648,803617660.0,119852220.0,2831683800.0,9008266000.0,0.0107421875,0.001953125
PERCENT_DISCREPANCY,65,4,,90.02809,30.528875,199.94302,199.7307,199.9988,199.99667,0.00013102086,4.8985166e-05
FROM_STORAGE,66,4,0.0,74.42918,1246.9156,0.0020291666,73.92315,0.0010875383,0.8317286,0.29746267,0.030809779
FROM_CONSTANT_HEAD,66,4,0.0,0.0,0.0,0.0,0.0,0.0,0.0,0.0,0.0
FROM_WELLS,66,4,0.0,4777.7715,18.260052,1438.9762,8504.589,0.0,0.0,77.06712,1081.1698
FROM_HEAD_DEP_BOUNDS,66,4,0.0,0.0,67345.984,0.0,0.0,0.0,0.0,0.0,0.0
FROM_RECHARGE,66,4,0.0,11435.957,1631.3204,4484.366,15251.537,1894.4105,2240.9023,1178.2632,2905.9722
FROM_STREAM_LEAKAGE,66,4,0.0,3500.0,1100.0,34621.84,3119.7043,36.55455,16.53421,0.0,0.0
FROM_STREAM_FLOW_OUT,66,4,0.0,173263.03,26465.953,803698700.0,119853550.0,2831683800.0,9008270000.0,0.0,0.0
FROM_ZONE_0,66,4,0.0,0.0,0.0,0.0,0.0,0.0,0.0,0.0,0.0
FROM_haweaflat,66,4,0.0,0.0,445.903,70311.445,17192.92,0.0,0.0,0.0,0.0
FROM_moraine_top,66,4,0.0,71139.93,0.0,0.0,0.0,0.0,0.0,0.0,0.0
FROM_river_zone,66,4,0.0,12187.541,0.0,0.0,32842.31,0.0,42.171978,70.73988,0.0
FROM_main_terrace,66,4,0.0,804.38306,0.0,166.33853,0.0,6498.5576,64915.707,5979.666,0.0
FROM_sandy_point,66,4,0.0,0.0,0.0,0.0,1680.8505,0.0,44.67466,0.0,0.0
FROM_clutha,66,4,0.0,0.0,0.0,3.3307579,1711.9794,12.876111,0.0,893.6774,0.0
FROM_sub_terrace,66,4,0.0,0.0,0.0,70.45085,449.61508,0.0,7235.833,0.0,0.0
FROM_mangawera,66,4,0.0,0.0,0.0,3696.0977,0.0,0.0,0.0,0.0,0.0
TOTAL_IN,66,4,0.0,277183.03,98254.336,803813570.0,119934376.0,2831692300.0,9008344000.0,8199.711,3987.1729
TO_STORAGE,66,4,0.0,10517.0625,2.6467428e-14,2534.0674,441.19995,0.0010598056,4.3120894,3.0801587,0.47097948
TO_CONSTANT_HEAD,66,4,0.0,0.0,0.0,0.0,0.0,0.0,0.0,0.0,0.0
TO_WELLS,66,4,0.0,5505.3066,0.0,0.0,445.89493,28.567646,0.0,440.7458,290.60635
TO_HEAD_DEP_BOUNDS,66,4,0.0,0.0,640.9131,0.0,0.0,0.0,0.0,0.0,0.0
TO_RECHARGE,66,4,0.0,0.0,0.0,0.0,0.0,0.0,0.0,0.0,0.0
TO_STREAM_LEAKAGE,66,4,0.0,0.0,0.0,67128.69,1577.4897,6688.2036,71870.445,0.0,0.0
TO_STREAM_FLOW_OUT,66,4,0.0,0.0,0.0,0.0,0.0,0.0,0.0,0.0,0.0
TO_ZONE_0,66,4,0.0,0.0,0.0,0.0,0.0,0.0,0.0,0.0,0.0
TO_haweaflat,66,4,0.0,0.0,71139.93,12187.541,804.38306,0.0,0.0,0.0,0.0
TO_moraine_top,66,4,0.0,445.903,0.0,0.0,0.0,0.0,0.0,0.0,0.0
TO_river_zone,66,4,0.0,70311.445,0.0,0.0,166.33853,0.0,3.3307579,70.45085,3696.0977
TO_main_terrace,66,4,0.0,17192.92,0.0,32842.31,0.0,1680.8505,1711.9794,449.61508,0.0
TO_sandy_point,66,4,0.0,0.0,0.0,0.0,6498.5576,0.0,12.876111,0.0,0.0
TO_clutha,66,4,0.0,0.0,0.0,42.171978,64915.707,44.67466,0.0,7235.833,0.0
TO_sub_terrace,66,4,0.0,0.0,0.0,70.73988,5979.666,0.0,893.6774,0.0,0.0
TO_mangawera,66,4,0.0,0.0,0.0,0.0,0.0,0.0,0.0,0.0,0.0
TOTAL_OUT,66,4,0.0,103972.64,71780.84,114805.52,80829.234,8442.298,74496.62,8199.725,3987.175
IN-OUT,66,4,0.0,173210.39,26473.492,803698750.0,119853544.0,2831683800.0,9008269000.0,0.013671875,0.0021972656
PERCENT_DISCREPANCY,66,4,,90.886955,31.13884,199.94287,199.7306,199.9988,199.99667,0.00016673592,5.5108347e-05
FROM_STORAGE,67,4,0.0,672.70953,1626.2079,10.29938,61.74519,0.0010867802,0.6405893,0.24610506,0.02866316
FROM_CONSTANT_HEAD,67,4,0.0,0.0,0.0,0.0,0.0,0.0,0.0,0.0,0.0
FROM_WELLS,67,4,0.0,4777.7715,18.260052,1438.9762,8504.589,0.0,0.0,77.06712,1081.1698
FROM_HEAD_DEP_BOUNDS,67,4,0.0,0.0,64788.9,0.0,0.0,0.0,0.0,0.0,0.0
FROM_RECHARGE,67,4,0.0,11435.957,1631.3204,4484.366,15251.537,1894.4105,2240.9023,1178.2632,2905.9722
FROM_STREAM_LEAKAGE,67,4,0.0,3500.0,1100.0,34614.89,3119.7043,36.55455,16.53421,0.0,0.0
FROM_STREAM_FLOW_OUT,67,4,0.0,173263.03,26465.953,803755400.0,119854500.0,2831684000.0,9008273000.0,0.0,0.0
FROM_ZONE_0,67,4,0.0,0.0,0.0,0.0,0.0,0.0,0.0,0.0,0.0
FROM_haweaflat,67,4,0.0,0.0,452.7591,70384.125,17236.242,0.0,0.0,0.0,0.0
FROM_moraine_top,67,4,0.0,68864.484,0.0,0.0,0.0,0.0,0.0,0.0,0.0
FROM_river_zone,67,4,0.0,12158.332,0.0,0.0,32838.21,0.0,42.171925,70.72194,0.0
FROM_main_terrace,67,4,0.0,804.92957,0.0,166.63142,0.0,6498.5576,64920.934,5980.531,0.0
FROM_sandy_point,67,4,0.0,0.0,0.0,0.0,1680.8505,0.0,44.67466,0.0,0.0
FROM_clutha,67,4,0.0,0.0,0.0,3.3307543,1712.5485,12.876111,0.0,893.78827,0.0
FROM_sub_terrace,67,4,0.0,0.0,0.0,70.458595,449.48926,0.0,7236.516,0.0,0.0
FROM_mangawera,67,4,0.0,0.0,0.0,3696.1223,0.0,0.0,0.0,0.0,0.0
TOTAL_IN,67,4,0.0,275477.22,96083.4,803870340.0,119935350.0,2831692500.0,9008347000.0,8200.617,3987.1707
TO_STORAGE,67,4,0.0,8637.758,0.004829877,2168.0515,460.04593,0.0010602813,4.872309,3.407888,0.4421811
TO_CONSTANT_HEAD,67,4,0.0,0.0,0.0,0.0,0.0,0.0,0.0,0.0,0.0
TO_WELLS,67,4,0.0,5505.3066,0.0,0.0,445.89493,28.567646,0.0,440.7458,290.60635
TO_HEAD_DEP_BOUNDS,67,4,0.0,0.0,752.4238,0.0,0.0,0.0,0.0,0.0,0.0
TO_RECHARGE,67,4,0.0,0.0,0.0,0.0,0.0,0.0,0.0,0.0,0.0
TO_STREAM_LEAKAGE,67,4,0.0,0.0,0.0,67592.35,1577.4897,6688.2036,71874.99,0.0,0.0
TO_STREAM_FLOW_OUT,67,4,0.0,0.0,0.0,0.0,0.0,0.0,0.0,0.0,0.0
TO_ZONE_0,67,4,0.0,0.0,0.0,0.0,0.0,0.0,0.0,0.0,0.0
TO_haweaflat,67,4,0.0,0.0,68864.484,12158.332,804.92957,0.0,0.0,0.0,0.0
TO_moraine_top,67,4,0.0,452.7591,0.0,0.0,0.0,0.0,0.0,0.0,0.0
TO_river_zone,67,4,0.0,70384.125,0.0,0.0,166.63142,0.0,3.3307543,70.458595,3696.1223
TO_main_terrace,67,4,0.0,17236.242,0.0,32838.21,0.0,1680.8505,1712.5485,449.48926,0.0
TO_sandy_point,67,4,0.0,0.0,0.0,0.0,6498.5576,0.0,12.876111,0.0,0.0
TO_clutha,67,4,0.0,0.0,0.0,42.171925,64920.934,44.67466,0.0,7236.516,0.0
TO_sub_terrace,67,4,0.0,0.0,0.0,70.72194,5980.531,0.0,893.78827,0.0,0.0
TO_mangawera,67,4,0.0,0.0,0.0,0.0,0.0,0.0,0.0,0.0,0.0
TOTAL_OUT,67,4,0.0,102216.19,69616.914,114869.836,80855.016,8442.298,74502.41,8200.617,3987.171
IN-OUT,67,4,0.0,173261.03,26466.484,803755460.0,119854500.0,2831684000.0,9008272000.0,0.0,0.00024414062
PERCENT_DISCREPANCY,67,4,,91.746925,31.945004,199.94284,199.73053,199.99881,199.99669,0.0,6.1231544e-06
FROM_STORAGE,68,4,0.0,1957.0201,1961.1538,67.64183,51.656883,0.001086099,0.48264366,0.20371047,0.026819155
FROM_CONSTANT_HEAD,68,4,0.0,0.0,0.0,0.0,0.0,0.0,0.0,0.0,0.0
FROM_WELLS,68,4,0.0,4777.7715,18.260052,1438.9762,8504.589,0.0,0.0,77.06712,1081.1698
FROM_HEAD_DEP_BOUNDS,68,4,0.0,0.0,61941.305,0.0,0.0,0.0,0.0,0.0,0.0
FROM_RECHARGE,68,4,0.0,11435.957,1631.3204,4484.366,15251.537,1894.4105,2240.9023,1178.2632,2905.9722
FROM_STREAM_LEAKAGE,68,4,0.0,3500.0,1100.0,34608.63,3119.7043,36.55455,16.53421,0.0,0.0
FROM_STREAM_FLOW_OUT,68,4,0.0,173263.03,26465.953,803786000.0,119855030.0,2831684600.0,9008275000.0,0.0,0.0
FROM_ZONE_0,68,4,0.0,0.0,0.0,0.0,0.0,0.0,0.0,0.0,0.0
FROM_haweaflat,68,4,0.0,0.0,458.91174,70209.39,17273.535,0.0,0.0,0.0,0.0
FROM_moraine_top,68,4,0.0,66251.4,0.0,0.0,0.0,0.0,0.0,0.0,0.0
FROM_river_zone,68,4,0.0,12123.749,0.0,0.0,32833.848,0.0,42.171852,70.70364,0.0
FROM_main_terrace,68,4,0.0,805.4464,0.0,166.92828,0.0,6498.5576,64926.484,5981.393,0.0
FROM_sandy_point,68,4,0.0,0.0,0.0,0.0,1680.8505,0.0,44.67466,0.0,0.0
FROM_clutha,68,4,0.0,0.0,0.0,3.3307517,1713.112,12.876111,0.0,893.9032,0.0
FROM_sub_terrace,68,4,0.0,0.0,0.0,70.46733,449.37296,0.0,7237.2397,0.0,0.0
FROM_mangawera,68,4,0.0,0.0,0.0,3696.153,0.0,0.0,0.0,0.0,0.0
TOTAL_IN,68,4,0.0,274114.38,93576.91,803900740.0,119935900.0,2831693000.0,9008349000.0,8201.534,3987.169
TO_STORAGE,68,4,0.0,7405.565,0.00065849494,1826.512,476.09613,0.0010608793,5.415313,3.7089965,0.4091107
TO_CONSTANT_HEAD,68,4,0.0,0.0,0.0,0.0,0.0,0.0,0.0,0.0,0.0
TO_WELLS,68,4,0.0,5505.3066,0.0,0.0,445.89493,28.567646,0.0,440.7458,290.60635
TO_HEAD_DEP_BOUNDS,68,4,0.0,0.0,858.94336,0.0,0.0,0.0,0.0,0.0,0.0
TO_RECHARGE,68,4,0.0,0.0,0.0,0.0,0.0,0.0,0.0,0.0,0.0
TO_STREAM_LEAKAGE,68,4,0.0,0.0,0.0,67849.16,1577.523,6688.2036,71879.805,0.0,0.0
TO_STREAM_FLOW_OUT,68,4,0.0,0.0,0.0,0.0,0.0,0.0,0.0,0.0,0.0
TO_ZONE_0,68,4,0.0,0.0,0.0,0.0,0.0,0.0,0.0,0.0,0.0
TO_haweaflat,68,4,0.0,0.0,66251.4,12123.749,805.4464,0.0,0.0,0.0,0.0
TO_moraine_top,68,4,0.0,458.91174,0.0,0.0,0.0,0.0,0.0,0.0,0.0
TO_river_zone,68,4,0.0,70209.39,0.0,0.0,166.92828,0.0,3.3307517,70.46733,3696.153
TO_main_terrace,68,4,0.0,17273.535,0.0,32833.848,0.0,1680.8505,1713.112,449.37296,0.0
TO_sandy_point,68,4,0.0,0.0,0.0,0.0,6498.5576,0.0,12.876111,0.0,0.0
TO_clutha,68,4,0.0,0.0,0.0,42.171852,64926.484,44.67466,0.0,7237.2397,0.0
TO_sub_terrace,68,4,0.0,0.0,0.0,70.70364,5981.393,0.0,893.9032,0.0,0.0
TO_mangawera,68,4,0.0,0.0,0.0,0.0,0.0,0.0,0.0,0.0,0.0
TOTAL_OUT,68,4,0.0,100852.7,67110.34,114746.14,80878.32,8442.298,74508.44,8201.535,3987.1685
IN-OUT,68,4,0.0,173261.67,26466.562,803786000.0,119855020.0,2831684600.0,9008274000.0,0.0009765625,0.00048828125
PERCENT_DISCREPANCY,68,4,,92.414345,32.941708,199.94292,199.73044,199.99881,199.99669,1.1907069e-05,1.2246315e-05
FROM_STORAGE,69,4,0.0,3412.9841,2332.5542,158.63097,42.841965,0.0010853966,0.35212556,0.17020236,0.02530593
FROM_CONSTANT_HEAD,69,4,0.0,0.0,0.0,0.0,0.0,0.0,0.0,0.0,0.0
FROM_WELLS,69,4,0.0,4777.7715,18.260052,1438.9762,8504.589,0.0,0.0,77.06712,1081.1698
FROM_HEAD_DEP_BOUNDS,69,4,0.0,0.0,58888.28,0.0,0.0,0.0,0.0,0.0,0.0
FROM_RECHARGE,69,4,0.0,11435.957,1631.3204,4484.366,15251.537,1894.4105,2240.9023,1178.2632,2905.9722
FROM_STREAM_LEAKAGE,69,4,0.0,3500.0,1100.0,34602.297,3119.7043,36.55455,16.53421,0.0,0.0
FROM_STREAM_FLOW_OUT,69,4,0.0,173263.03,26465.953,803790340.0,119855144.0,2831685000.0,9008278000.0,0.0,0.0
FROM_ZONE_0,69,4,0.0,0.0,0.0,0.0,0.0,0.0,0.0,0.0,0.0
FROM_haweaflat,69,4,0.0,0.0,464.32922,69798.26,17304.258,0.0,0.0,0.0,0.0
FROM_moraine_top,69,4,0.0,63474.957,0.0,0.0,0.0,0.0,0.0,0.0,0.0
FROM_river_zone,69,4,0.0,12084.368,0.0,0.0,32829.273,0.0,42.17184,70.685295,0.0
FROM_main_terrace,69,4,0.0,805.92126,0.0,167.22559,0.0,6498.5576,64932.305,5982.244,0.0
FROM_sandy_point,69,4,0.0,0.0,0.0,0.0,1680.8505,0.0,44.674664,0.0,0.0
FROM_clutha,69,4,0.0,0.0,0.0,3.3307498,1713.6642,12.876111,0.0,894.0208,0.0
FROM_sub_terrace,69,4,0.0,0.0,0.0,70.47672,449.26764,0.0,7237.994,0.0,0.0
FROM_mangawera,69,4,0.0,0.0,0.0,3696.1904,0.0,0.0,0.0,0.0,0.0
TOTAL_IN,69,4,0.0,272754.97,90900.695,803904830.0,119936040.0,2831693600.0,9008351000.0,8202.45,3987.1672
TO_STORAGE,69,4,0.0,6420.527,0.0054026796,1496.1136,486.43777,0.0010614406,5.9128733,3.9674554,0.3700964
TO_CONSTANT_HEAD,69,4,0.0,0.0,0.0,0.0,0.0,0.0,0.0,0.0,0.0
TO_WELLS,69,4,0.0,5505.3066,0.0,0.0,445.89493,28.567646,0.0,440.7458,290.60635
TO_HEAD_DEP_BOUNDS,69,4,0.0,0.0,959.03564,0.0,0.0,0.0,0.0,0.0,0.0
TO_RECHARGE,69,4,0.0,0.0,0.0,0.0,0.0,0.0,0.0,0.0,0.0
TO_STREAM_LEAKAGE,69,4,0.0,0.0,0.0,67897.34,1577.523,6688.2036,71885.055,0.0,0.0
TO_STREAM_FLOW_OUT,69,4,0.0,0.0,0.0,0.0,0.0,0.0,0.0,0.0,0.0
TO_ZONE_0,69,4,0.0,0.0,0.0,0.0,0.0,0.0,0.0,0.0,0.0
TO_haweaflat,69,4,0.0,0.0,63474.957,12084.368,805.92126,0.0,0.0,0.0,0.0
TO_moraine_top,69,4,0.0,464.32922,0.0,0.0,0.0,0.0,0.0,0.0,0.0
TO_river_zone,69,4,0.0,69798.26,0.0,0.0,167.22559,0.0,3.3307498,70.47672,3696.1904
TO_main_terrace,69,4,0.0,17304.258,0.0,32829.273,0.0,1680.8505,1713.6642,449.26764,0.0
TO_sandy_point,69,4,0.0,0.0,0.0,0.0,6498.5576,0.0,12.876111,0.0,0.0
TO_clutha,69,4,0.0,0.0,0.0,42.17184,64932.305,44.674664,0.0,7237.994,0.0
TO_sub_terrace,69,4,0.0,0.0,0.0,70.685295,5982.244,0.0,894.0208,0.0,0.0
TO_mangawera,69,4,0.0,0.0,0.0,0.0,0.0,0.0,0.0,0.0,0.0
TOTAL_OUT,69,4,0.0,99492.68,64434.0,114419.96,80896.11,8442.298,74514.86,8202.452,3987.167
IN-OUT,69,4,0.0,173262.28,26466.695,803790400.0,119855144.0,2831685000.0,9008276000.0,0.001953125,0.00024414062
PERCENT_DISCREPANCY,69,4,,93.08979,34.076992,199.94308,199.7304,199.99881,199.99667,2.3811479e-05,6.1231603e-06
FROM_STORAGE,70,4,0.0,4885.374,2694.808,287.41254,35.737617,0.0010847538,0.24361327,0.14214352,0.023672692
FROM_CONSTANT_HEAD,70,4,0.0,0.0,0.0,0.0,0.0,0.0,0.0,0.0,0.0
FROM_WELLS,70,4,0.0,4777.7715,18.260052,1438.9762,8504.589,0.0,0.0,77.06712,1081.1698
FROM_HEAD_DEP_BOUNDS,70,4,0.0,0.0,55713.496,0.0,0.0,0.0,0.0,0.0,0.0
FROM_RECHARGE,70,4,0.0,11435.957,1631.3204,4484.366,15251.537,1894.4105,2240.9023,1178.2632,2905.9722
FROM_STREAM_LEAKAGE,70,4,0.0,3500.0,1100.0,34596.58,3119.7043,36.55455,16.53421,0.0,0.0
FROM_STREAM_FLOW_OUT,70,4,0.0,173263.03,26465.953,803769200.0,119854860.0,2831686000.0,9008279000.0,0.0,0.0
FROM_ZONE_0,70,4,0.0,0.0,0.0,0.0,0.0,0.0,0.0,0.0,0.0
FROM_haweaflat,70,4,0.0,0.0,469.11932,69161.945,17328.145,0.0,0.0,0.0,0.0
FROM_moraine_top,70,4,0.0,60551.055,0.0,0.0,0.0,0.0,0.0,0.0,0.0
FROM_river_zone,70,4,0.0,12040.839,0.0,0.0,32824.547,0.0,42.171814,70.66702,0.0
FROM_main_terrace,70,4,0.0,806.3408,0.0,167.51888,0.0,6498.5576,64938.3,5983.07,0.0
FROM_sandy_point,70,4,0.0,0.0,0.0,0.0,1680.8505,0.0,44.674664,0.0,0.0
FROM_clutha,70,4,0.0,0.0,0.0,3.3307443,1714.197,12.876111,0.0,894.13947,0.0
FROM_sub_terrace,70,4,0.0,0.0,0.0,70.48688,449.17493,0.0,7238.7686,0.0,0.0
FROM_mangawera,70,4,0.0,0.0,0.0,3696.2334,0.0,0.0,0.0,0.0,0.0
TOTAL_IN,70,4,0.0,271260.38,88092.95,803883200.0,119935770.0,2831694300.0,9008352000.0,8203.349,3987.1655
TO_STORAGE,70,4,0.0,5532.9526,0.0,1187.9153,491.3787,0.0010619891,6.349214,4.17307,0.32573083
TO_CONSTANT_HEAD,70,4,0.0,0.0,0.0,0.0,0.0,0.0,0.0,0.0,0.0
TO_WELLS,70,4,0.0,5505.3066,0.0,0.0,445.89493,28.567646,0.0,440.7458,290.60635
TO_HEAD_DEP_BOUNDS,70,4,0.0,0.0,1075.2798,0.0,0.0,0.0,0.0,0.0,0.0
TO_RECHARGE,70,4,0.0,0.0,0.0,0.0,0.0,0.0,0.0,0.0,0.0
TO_STREAM_LEAKAGE,70,4,0.0,0.0,0.0,67740.73,1577.523,6688.2036,71890.63,0.0,0.0
TO_STREAM_FLOW_OUT,70,4,0.0,0.0,0.0,0.0,0.0,0.0,0.0,0.0,0.0
TO_ZONE_0,70,4,0.0,0.0,0.0,0.0,0.0,0.0,0.0,0.0,0.0
TO_haweaflat,70,4,0.0,0.0,60551.055,12040.839,806.3408,0.0,0.0,0.0,0.0
TO_moraine_top,70,4,0.0,469.11932,0.0,0.0,0.0,0.0,0.0,0.0,0.0
TO_river_zone,70,4,0.0,69161.945,0.0,0.0,167.51888,0.0,3.3307443,70.48688,3696.2334
TO_main_terrace,70,4,0.0,17328.145,0.0,32824.547,0.0,1680.8505,1714.197,449.17493,0.0
TO_sandy_point,70,4,0.0,0.0,0.0,0.0,6498.5576,0.0,12.876111,0.0,0.0
TO_clutha,70,4,0.0,0.0,0.0,42.171814,64938.3,44.674664,0.0,7238.7686,0.0
TO_sub_terrace,70,4,0.0,0.0,0.0,70.66702,5983.07,0.0,894.13947,0.0,0.0
TO_mangawera,70,4,0.0,0.0,0.0,0.0,0.0,0.0,0.0,0.0,0.0
TOTAL_OUT,70,4,0.0,97997.47,61626.336,113906.86,80908.586,8442.298,74521.52,8203.35,3987.1655
IN-OUT,70,4,0.0,173262.9,26466.617,803769300.0,119854856.0,2831686000.0,9008278000.0,0.0009765625,0.0
PERCENT_DISCREPANCY,70,4,,93.84386,35.35499,199.94333,199.73033,199.99883,199.99669,1.1904436e-05,0.0
FROM_STORAGE,71,4,0.0,6367.138,2821.5288,467.58865,29.148825,0.0010840021,0.1555071,0.11795024,0.022190297
FROM_CONSTANT_HEAD,71,4,0.0,0.0,0.0,0.0,0.0,0.0,0.0,0.0,0.0
FROM_WELLS,71,4,0.0,4777.7715,18.260052,1438.9762,8504.589,0.0,0.0,77.06712,1081.1698
FROM_HEAD_DEP_BOUNDS,71,4,0.0,0.0,52648.79,0.0,0.0,0.0,0.0,0.0,0.0
FROM_RECHARGE,71,4,0.0,11435.957,1631.3204,4484.366,15251.537,1894.4105,2240.9023,1178.2632,2905.9722
FROM_STREAM_LEAKAGE,71,4,0.0,3500.0,1100.0,34591.4,3119.7043,36.55455,16.53421,0.0,0.0
FROM_STREAM_FLOW_OUT,71,4,0.0,173263.03,26465.953,803723400.0,119854150.0,2831686000.0,9008276000.0,0.0,0.0
FROM_ZONE_0,71,4,0.0,0.0,0.0,0.0,0.0,0.0,0.0,0.0,0.0
FROM_haweaflat,71,4,0.0,0.0,473.32574,68311.71,17344.875,0.0,0.0,0.0,0.0
FROM_moraine_top,71,4,0.0,57473.64,0.0,0.0,0.0,0.0,0.0,0.0,0.0
FROM_river_zone,71,4,0.0,11993.58,0.0,0.0,32819.746,0.0,42.171825,70.64913,0.0
FROM_main_terrace,71,4,0.0,806.697,0.0,167.80399,0.0,6498.5576,64944.395,5983.8594,0.0
FROM_sandy_point,71,4,0.0,0.0,0.0,0.0,1680.8505,0.0,44.674664,0.0,0.0
FROM_clutha,71,4,0.0,0.0,0.0,3.3307405,1714.7039,12.876111,0.0,894.2576,0.0
FROM_sub_terrace,71,4,0.0,0.0,0.0,70.497475,449.09656,0.0,7239.554,0.0,0.0
FROM_mangawera,71,4,0.0,0.0,0.0,3696.2808,0.0,0.0,0.0,0.0,0.0
TOTAL_IN,71,4,0.0,269617.8,85159.18,803836600.0,119935060.0,2831694300.0,9008350000.0,8204.215,3987.164
TO_STORAGE,71,4,0.0,4719.1,0.0,922.11383,489.61163,0.0010626029,6.7146306,4.321067,0.27712625
TO_CONSTANT_HEAD,71,4,0.0,0.0,0.0,0.0,0.0,0.0,0.0,0.0,0.0
TO_WELLS,71,4,0.0,5505.3066,0.0,0.0,445.89493,28.567646,0.0,440.7458,290.60635
TO_HEAD_DEP_BOUNDS,71,4,0.0,0.0,1218.7485,0.0,0.0,0.0,0.0,0.0,0.0
TO_RECHARGE,71,4,0.0,0.0,0.0,0.0,0.0,0.0,0.0,0.0,0.0
TO_STREAM_LEAKAGE,71,4,0.0,0.0,0.0,67383.766,1577.5562,6688.2036,71896.37,0.0,0.0
TO_STREAM_FLOW_OUT,71,4,0.0,0.0,0.0,0.0,0.0,0.0,0.0,0.0,0.0
TO_ZONE_0,71,4,0.0,0.0,0.0,0.0,0.0,0.0,0.0,0.0,0.0
TO_haweaflat,71,4,0.0,0.0,57473.64,11993.58,806.697,0.0,0.0,0.0,0.0
TO_moraine_top,71,4,0.0,473.32574,0.0,0.0,0.0,0.0,0.0,0.0,0.0
TO_river_zone,71,4,0.0,68311.71,0.0,0.0,167.80399,0.0,3.3307405,70.497475,3696.2808
TO_main_terrace,71,4,0.0,17344.875,0.0,32819.746,0.0,1680.8505,1714.7039,449.09656,0.0
TO_sandy_point,71,4,0.0,0.0,0.0,0.0,6498.5576,0.0,12.876111,0.0,0.0
TO_clutha,71,4,0.0,0.0,0.0,42.171825,64944.395,44.674664,0.0,7239.554,0.0
TO_sub_terrace,71,4,0.0,0.0,0.0,70.64913,5983.8594,0.0,894.2576,0.0,0.0
TO_mangawera,71,4,0.0,0.0,0.0,0.0,0.0,0.0,0.0,0.0,0.0
TOTAL_OUT,71,4,0.0,96354.32,58692.39,113232.02,80914.375,8442.298,74528.24,8204.215,3987.1643
IN-OUT,71,4,0.0,173263.5,26466.79,803723400.0,119854140.0,2831686000.0,9008275000.0,0.0,0.00024414062
PERCENT_DISCREPANCY,71,4,,94.68672,36.797363,199.94368,199.73033,199.99883,199.99669,0.0,6.123165e-06
FROM_STORAGE,72,4,0.0,7873.217,2968.2048,709.76025,23.08117,0.0010831627,0.08971973,0.098529465,0.023233032
FROM_CONSTANT_HEAD,72,4,0.0,0.0,0.0,0.0,0.0,0.0,0.0,0.0,0.0
FROM_WELLS,72,4,0.0,4777.7715,18.260052,1438.9762,8504.589,0.0,0.0,77.06712,1081.1698
FROM_HEAD_DEP_BOUNDS,72,4,0.0,0.0,49422.617,0.0,0.0,0.0,0.0,0.0,0.0
FROM_RECHARGE,72,4,0.0,11435.957,1631.3204,4484.366,15251.537,1894.4105,2240.9023,1178.2632,2905.9722
FROM_STREAM_LEAKAGE,72,4,0.0,3500.0,1100.0,34586.836,3119.7043,36.55455,16.53421,0.0,0.0
FROM_STREAM_FLOW_OUT,72,4,0.0,173263.03,26465.953,803652600.0,119853060.0,2831686100.0,9008274000.0,0.0,0.0
FROM_ZONE_0,72,4,0.0,0.0,0.0,0.0,0.0,0.0,0.0,0.0,0.0
FROM_haweaflat,72,4,0.0,0.0,476.91046,67255.164,17354.15,0.0,0.0,0.0,0.0
FROM_moraine_top,72,4,0.0,54244.54,0.0,0.0,0.0,0.0,0.0,0.0,0.0
FROM_river_zone,72,4,0.0,11943.015,0.0,0.0,32814.957,0.0,42.17185,70.63198,0.0
FROM_main_terrace,72,4,0.0,806.9857,0.0,168.07564,0.0,6498.5576,64950.477,5984.5977,0.0
FROM_sandy_point,72,4,0.0,0.0,0.0,0.0,1680.8505,0.0,44.674664,0.0,0.0
FROM_clutha,72,4,0.0,0.0,0.0,3.330737,1715.1752,12.876111,0.0,894.3729,0.0
FROM_sub_terrace,72,4,0.0,0.0,0.0,70.508385,449.03354,0.0,7240.335,0.0,0.0
FROM_mangawera,72,4,0.0,0.0,0.0,3696.331,0.0,0.0,0.0,0.0,0.0
TOTAL_IN,72,4,0.0,267844.5,82083.27,803765060.0,119933960.0,2831694600.0,9008348000.0,8205.031,3987.165
TO_STORAGE,72,4,0.0,3988.9397,0.0034568862,710.3945,481.04828,0.0010633259,7.002543,4.4092298,0.22775877
TO_CONSTANT_HEAD,72,4,0.0,0.0,0.0,0.0,0.0,0.0,0.0,0.0,0.0
TO_WELLS,72,4,0.0,5505.3066,0.0,0.0,445.89493,28.567646,0.0,440.7458,290.60635
TO_HEAD_DEP_BOUNDS,72,4,0.0,0.0,1372.0532,0.0,0.0,0.0,0.0,0.0,0.0
TO_RECHARGE,72,4,0.0,0.0,0.0,0.0,0.0,0.0,0.0,0.0,0.0
TO_STREAM_LEAKAGE,72,4,0.0,0.0,0.0,66832.0,1577.5562,6688.2036,71902.28,0.0,0.0
TO_STREAM_FLOW_OUT,72,4,0.0,0.0,0.0,0.0,0.0,0.0,0.0,0.0,0.0
TO_ZONE_0,72,4,0.0,0.0,0.0,0.0,0.0,0.0,0.0,0.0,0.0
TO_haweaflat,72,4,0.0,0.0,54244.54,11943.015,806.9857,0.0,0.0,0.0,0.0
TO_moraine_top,72,4,0.0,476.91046,0.0,0.0,0.0,0.0,0.0,0.0,0.0
TO_river_zone,72,4,0.0,67255.164,0.0,0.0,168.07564,0.0,3.330737,70.508385,3696.331
TO_main_terrace,72,4,0.0,17354.15,0.0,32814.957,0.0,1680.8505,1715.1752,449.03354,0.0
TO_sandy_point,72,4,0.0,0.0,0.0,0.0,6498.5576,0.0,12.876111,0.0,0.0
TO_clutha,72,4,0.0,0.0,0.0,42.17185,64950.477,44.674664,0.0,7240.335,0.0
TO_sub_terrace,72,4,0.0,0.0,0.0,70.63198,5984.5977,0.0,894.3729,0.0,0.0
TO_mangawera,72,4,0.0,0.0,0.0,0.0,0.0,0.0,0.0,0.0,0.0
TOTAL_OUT,72,4,0.0,94580.47,55616.594,112413.164,80913.19,8442.298,74535.03,8205.032,3987.165
IN-OUT,72,4,0.0,173264.03,26466.68,803652700.0,119853050.0,2831686100.0,9008273000.0,0.0009765625,0.0
PERCENT_DISCREPANCY,72,4,,95.61375,38.44111,199.94408,199.73032,199.9988,199.99667,1.1901996e-05,0.0
FROM_STORAGE,73,4,0.0,9694.93,3038.4856,1005.19745,18.074526,0.0010823668,0.043233182,0.081767194,0.044026546
FROM_CONSTANT_HEAD,73,4,0.0,0.0,0.0,0.0,0.0,0.0,0.0,0.0,0.0
FROM_WELLS,73,4,0.0,4777.7715,18.260052,1438.9762,8504.589,0.0,0.0,77.06712,1081.1698
FROM_HEAD_DEP_BOUNDS,73,4,0.0,0.0,45828.156,0.0,0.0,0.0,0.0,0.0,0.0
FROM_RECHARGE,73,4,0.0,11435.957,1631.3204,4484.366,15251.537,1894.4105,2240.9023,1178.2632,2905.9722
FROM_STREAM_LEAKAGE,73,4,0.0,3500.0,1100.0,34583.043,3119.7043,36.55455,16.53421,0.0,0.0
FROM_STREAM_FLOW_OUT,73,4,0.0,173263.03,26465.953,803557600.0,119851570.0,2831686100.0,9008270000.0,0.0,0.0
FROM_ZONE_0,73,4,0.0,0.0,0.0,0.0,0.0,0.0,0.0,0.0,0.0
FROM_haweaflat,73,4,0.0,0.0,480.0453,65986.31,17355.95,0.0,0.0,0.0,0.0
FROM_moraine_top,73,4,0.0,50575.348,0.0,0.0,0.0,0.0,0.0,0.0,0.0
FROM_river_zone,73,4,0.0,11888.941,0.0,0.0,32810.234,0.0,42.171886,70.61575,0.0
FROM_main_terrace,73,4,0.0,807.2056,0.0,168.33066,0.0,6498.5576,64956.477,5985.2754,0.0
FROM_sandy_point,73,4,0.0,0.0,0.0,0.0,1680.8505,0.0,44.674664,0.0,0.0
FROM_clutha,73,4,0.0,0.0,0.0,3.3307352,1715.6052,12.876111,0.0,894.48395,0.0
FROM_sub_terrace,73,4,0.0,0.0,0.0,70.51956,448.9867,0.0,7241.1016,0.0,0.0
FROM_mangawera,73,4,0.0,0.0,0.0,3696.3843,0.0,0.0,0.0,0.0,0.0
TOTAL_IN,73,4,0.0,265943.2,78562.22,803669100.0,119932460.0,2831694600.0,9008344000.0,8205.787,3987.186
TO_STORAGE,73,4,0.0,3351.1174,0.0011552079,537.4853,466.34836,0.0010639875,7.2070584,4.434754,0.19534457
TO_CONSTANT_HEAD,73,4,0.0,0.0,0.0,0.0,0.0,0.0,0.0,0.0,0.0
TO_WELLS,73,4,0.0,5505.3066,0.0,0.0,445.89493,28.567646,0.0,440.7458,290.60635
TO_HEAD_DEP_BOUNDS,73,4,0.0,0.0,1520.1157,0.0,0.0,0.0,0.0,0.0,0.0
TO_RECHARGE,73,4,0.0,0.0,0.0,0.0,0.0,0.0,0.0,0.0,0.0
TO_STREAM_LEAKAGE,73,4,0.0,0.0,0.0,66086.65,1577.5562,6688.2036,71908.195,0.0,0.0
TO_STREAM_FLOW_OUT,73,4,0.0,0.0,0.0,0.0,0.0,0.0,0.0,0.0,0.0
TO_ZONE_0,73,4,0.0,0.0,0.0,0.0,0.0,0.0,0.0,0.0,0.0
TO_haweaflat,73,4,0.0,0.0,50575.348,11888.941,807.2056,0.0,0.0,0.0,0.0
TO_moraine_top,73,4,0.0,480.0453,0.0,0.0,0.0,0.0,0.0,0.0,0.0
TO_river_zone,73,4,0.0,65986.31,0.0,0.0,168.33066,0.0,3.3307352,70.51956,3696.3843
TO_main_terrace,73,4,0.0,17355.95,0.0,32810.234,0.0,1680.8505,1715.6052,448.9867,0.0
TO_sandy_point,73,4,0.0,0.0,0.0,0.0,6498.5576,0.0,12.876111,0.0,0.0
TO_clutha,73,4,0.0,0.0,0.0,42.171886,64956.477,44.674664,0.0,7241.1016,0.0
TO_sub_terrace,73,4,0.0,0.0,0.0,70.61575,5985.2754,0.0,894.48395,0.0,0.0
TO_mangawera,73,4,0.0,0.0,0.0,0.0,0.0,0.0,0.0,0.0,0.0
TOTAL_OUT,73,4,0.0,92678.734,52095.465,111436.1,80905.64,8442.298,74541.695,8205.788,3987.186
IN-OUT,73,4,0.0,173264.45,26466.754,803557700.0,119851560.0,2831686100.0,9008269000.0,0.0009765625,0.0
PERCENT_DISCREPANCY,73,4,,96.62792,40.513123,199.94455,199.73035,199.9988,199.99667,1.19009e-05,0.0
FROM_STORAGE,74,4,0.0,11705.907,3044.5522,1370.7212,13.8009815,0.0010815342,0.020789297,0.06812463,0.07894135
FROM_CONSTANT_HEAD,74,4,0.0,0.0,0.0,0.0,0.0,0.0,0.0,0.0,0.0
FROM_WELLS,74,4,0.0,4777.7715,18.260052,1438.9762,8504.589,0.0,0.0,77.06712,1081.1698
FROM_HEAD_DEP_BOUNDS,74,4,0.0,0.0,41908.97,0.0,0.0,0.0,0.0,0.0,0.0
FROM_RECHARGE,74,4,0.0,11435.957,1631.3204,4484.366,15251.537,1894.4105,2240.9023,1178.2632,2905.9722
FROM_STREAM_LEAKAGE,74,4,0.0,3500.0,1100.0,34579.94,3119.7043,36.55455,16.53421,0.0,0.0
FROM_STREAM_FLOW_OUT,74,4,0.0,173263.03,26465.953,803436300.0,119849650.0,2831686100.0,9008265000.0,0.0,0.0
FROM_ZONE_0,74,4,0.0,0.0,0.0,0.0,0.0,0.0,0.0,0.0,0.0
FROM_haweaflat,74,4,0.0,0.0,481.46106,64461.46,17349.668,0.0,0.0,0.0,0.0
FROM_moraine_top,74,4,0.0,46541.57,0.0,0.0,0.0,0.0,0.0,0.0,0.0
FROM_river_zone,74,4,0.0,11830.006,0.0,0.0,32805.65,0.0,42.171947,70.60078,0.0
FROM_main_terrace,74,4,0.0,807.35864,0.0,168.56522,0.0,6498.5576,64962.285,5985.885,0.0
FROM_sandy_point,74,4,0.0,0.0,0.0,0.0,1680.8505,0.0,44.674664,0.0,0.0
FROM_clutha,74,4,0.0,0.0,0.0,3.330734,1715.9882,12.876111,0.0,894.5891,0.0
FROM_sub_terrace,74,4,0.0,0.0,0.0,70.53066,448.95667,0.0,7241.842,0.0,0.0
FROM_mangawera,74,4,0.0,0.0,0.0,3696.4407,0.0,0.0,0.0,0.0,0.0
TOTAL_IN,74,4,0.0,263861.6,74650.516,803546560.0,119930536.0,2831694600.0,9008339000.0,8206.473,3987.221
TO_STORAGE,74,4,0.0,2798.3826,0.00028879277,396.96384,444.7316,0.0010646703,7.3296766,4.398188,0.17362326
TO_CONSTANT_HEAD,74,4,0.0,0.0,0.0,0.0,0.0,0.0,0.0,0.0,0.0
TO_WELLS,74,4,0.0,5505.3066,0.0,0.0,445.89493,28.567646,0.0,440.7458,290.60635
TO_HEAD_DEP_BOUNDS,74,4,0.0,0.0,1642.0986,0.0,0.0,0.0,0.0,0.0,0.0
TO_RECHARGE,74,4,0.0,0.0,0.0,0.0,0.0,0.0,0.0,0.0,0.0
TO_STREAM_LEAKAGE,74,4,0.0,0.0,0.0,65128.605,1577.5894,6688.2036,71914.13,0.0,0.0
TO_STREAM_FLOW_OUT,74,4,0.0,0.0,0.0,0.0,0.0,0.0,0.0,0.0,0.0
TO_ZONE_0,74,4,0.0,0.0,0.0,0.0,0.0,0.0,0.0,0.0,0.0
TO_haweaflat,74,4,0.0,0.0,46541.57,11830.006,807.35864,0.0,0.0,0.0,0.0
TO_moraine_top,74,4,0.0,481.46106,0.0,0.0,0.0,0.0,0.0,0.0,0.0
TO_river_zone,74,4,0.0,64461.46,0.0,0.0,168.56522,0.0,3.330734,70.53066,3696.4407
TO_main_terrace,74,4,0.0,17349.668,0.0,32805.65,0.0,1680.8505,1715.9882,448.95667,0.0
TO_sandy_point,74,4,0.0,0.0,0.0,0.0,6498.5576,0.0,12.876111,0.0,0.0
TO_clutha,74,4,0.0,0.0,0.0,42.171947,64962.285,44.674664,0.0,7241.842,0.0
TO_sub_terrace,74,4,0.0,0.0,0.0,70.60078,5985.885,0.0,894.5891,0.0,0.0
TO_mangawera,74,4,0.0,0.0,0.0,0.0,0.0,0.0,0.0,0.0,0.0
TOTAL_OUT,74,4,0.0,90596.28,48183.668,110274.0,80890.87,8442.298,74548.234,8206.473,3987.2207
IN-OUT,74,4,0.0,173265.31,26466.848,803436300.0,119849650.0,2831686100.0,9008264000.0,0.0,0.00024414062
PERCENT_DISCREPANCY,74,4,,97.76356,43.093616,199.94511,199.7304,199.9988,199.99667,0.0,6.1230776e-06
FROM_STORAGE,75,4,0.0,14021.18,2861.542,1784.1039,11.223675,0.00108064,0.018745206,0.055983916,0.12329194
FROM_CONSTANT_HEAD,75,4,0.0,0.0,0.0,0.0,0.0,0.0,0.0,0.0,0.0
FROM_WELLS,75,4,0.0,4777.7715,18.260052,1438.9762,8504.589,0.0,0.0,77.06712,1081.1698
FROM_HEAD_DEP_BOUNDS,75,4,0.0,0.0,37662.164,0.0,0.0,0.0,0.0,0.0,0.0
FROM_RECHARGE,75,4,0.0,11435.957,1631.3204,4484.366,15251.537,1894.4105,2240.9023,1178.2632,2905.9722
FROM_STREAM_LEAKAGE,75,4,0.0,3500.0,1100.0,34579.555,3119.7043,36.55455,16.53421,0.0,0.0
FROM_STREAM_FLOW_OUT,75,4,0.0,173263.03,26465.953,803286200.0,119847304.0,2831686700.0,9008261000.0,0.0,0.0
FROM_ZONE_0,75,4,0.0,0.0,0.0,0.0,0.0,0.0,0.0,0.0,0.0
FROM_haweaflat,75,4,0.0,0.0,483.80432,62683.44,17334.783,0.0,0.0,0.0,0.0
FROM_moraine_top,75,4,0.0,42020.84,0.0,0.0,0.0,0.0,0.0,0.0,0.0
FROM_river_zone,75,4,0.0,11766.037,0.0,0.0,32801.258,0.0,42.17204,70.58713,0.0
FROM_main_terrace,75,4,0.0,807.4418,0.0,168.77544,0.0,6498.5576,64967.832,5986.413,0.0
FROM_sandy_point,75,4,0.0,0.0,0.0,0.0,1680.8505,0.0,44.674664,0.0,0.0
FROM_clutha,75,4,0.0,0.0,0.0,3.3307335,1716.3187,12.876111,0.0,894.6867,0.0
FROM_sub_terrace,75,4,0.0,0.0,0.0,70.54167,448.94424,0.0,7242.545,0.0,0.0
FROM_mangawera,75,4,0.0,0.0,0.0,3696.5017,0.0,0.0,0.0,0.0,0.0
TOTAL_IN,75,4,0.0,261592.25,70223.04,803395140.0,119928180.0,2831695000.0,9008335000.0,8207.073,3987.2651
TO_STORAGE,75,4,0.0,2318.925,0.00030252596,281.21005,416.80862,0.0010654251,7.3634553,4.2963862,0.15697627
TO_CONSTANT_HEAD,75,4,0.0,0.0,0.0,0.0,0.0,0.0,0.0,0.0,0.0
TO_WELLS,75,4,0.0,5505.3066,0.0,0.0,445.89493,28.567646,0.0,440.7458,290.60635
TO_HEAD_DEP_BOUNDS,75,4,0.0,0.0,1735.5029,0.0,0.0,0.0,0.0,0.0,0.0
TO_RECHARGE,75,4,0.0,0.0,0.0,0.0,0.0,0.0,0.0,0.0,0.0
TO_STREAM_LEAKAGE,75,4,0.0,0.0,0.0,63947.832,1577.5894,6688.2036,71920.15,0.0,0.0
TO_STREAM_FLOW_OUT,75,4,0.0,0.0,0.0,0.0,0.0,0.0,0.0,0.0,0.0
TO_ZONE_0,75,4,0.0,0.0,0.0,0.0,0.0,0.0,0.0,0.0,0.0
TO_haweaflat,75,4,0.0,0.0,42020.84,11766.037,807.4418,0.0,0.0,0.0,0.0
TO_moraine_top,75,4,0.0,483.80432,0.0,0.0,0.0,0.0,0.0,0.0,0.0
TO_river_zone,75,4,0.0,62683.44,0.0,0.0,168.77544,0.0,3.3307335,70.54167,3696.5017
TO_main_terrace,75,4,0.0,17334.783,0.0,32801.258,0.0,1680.8505,1716.3187,448.94424,0.0
TO_sandy_point,75,4,0.0,0.0,0.0,0.0,6498.5576,0.0,12.876111,0.0,0.0
TO_clutha,75,4,0.0,0.0,0.0,42.17204,64967.832,44.674664,0.0,7242.545,0.0
TO_sub_terrace,75,4,0.0,0.0,0.0,70.58713,5986.413,0.0,894.6867,0.0,0.0
TO_mangawera,75,4,0.0,0.0,0.0,0.0,0.0,0.0,0.0,0.0,0.0
TOTAL_OUT,75,4,0.0,88326.26,43756.344,108909.09,80869.31,8442.298,74554.73,8207.073,3987.2651
IN-OUT,75,4,0.0,173266.0,26466.695,803286200.0,119847304.0,2831686700.0,9008260000.0,0.0,0.0
PERCENT_DISCREPANCY,75,4,,99.0322,46.441196,199.94577,199.73044,199.99881,199.99667,0.0,0.0
FROM_STORAGE,76,4,0.0,16006.357,2702.853,2230.7747,15.626762,0.0010795637,0.017060587,0.04572832,0.17612624
FROM_CONSTANT_HEAD,76,4,0.0,0.0,0.0,0.0,0.0,0.0,0.0,0.0,0.0
FROM_WELLS,76,4,0.0,4777.7715,18.260052,1438.9762,8504.589,0.0,0.0,77.06712,1081.1698
FROM_HEAD_DEP_BOUNDS,76,4,0.0,0.0,33504.758,0.0,0.0,0.0,0.0,0.0,0.0
FROM_RECHARGE,76,4,0.0,11435.957,1631.3204,4484.366,15251.537,1894.4105,2240.9023,1178.2632,2905.9722
FROM_STREAM_LEAKAGE,76,4,0.0,3500.0,1100.0,34611.258,3119.7043,36.55455,16.53421,0.0,0.0
FROM_STREAM_FLOW_OUT,76,4,0.0,173263.03,26465.953,803107800.0,119844490.0,2831687200.0,9008255000.0,0.0,0.0
FROM_ZONE_0,76,4,0.0,0.0,0.0,0.0,0.0,0.0,0.0,0.0,0.0
FROM_haweaflat,76,4,0.0,0.0,485.57684,60660.6,17311.014,0.0,0.0,0.0,0.0
FROM_moraine_top,76,4,0.0,37643.656,0.0,0.0,0.0,0.0,0.0,0.0,0.0
FROM_river_zone,76,4,0.0,11697.427,0.0,0.0,32797.117,0.0,42.17217,70.575134,0.0
FROM_main_terrace,76,4,0.0,807.4507,0.0,168.9573,0.0,6498.5576,64973.027,5986.851,0.0
FROM_sandy_point,76,4,0.0,0.0,0.0,0.0,1680.8505,0.0,44.674664,0.0,0.0
FROM_clutha,76,4,0.0,0.0,0.0,3.3307335,1716.5907,12.87611,0.0,894.77527,0.0
FROM_sub_terrace,76,4,0.0,0.0,0.0,70.552315,448.95023,0.0,7243.2007,0.0,0.0
FROM_mangawera,76,4,0.0,0.0,0.0,3696.5671,0.0,0.0,0.0,0.0,0.0
TOTAL_IN,76,4,0.0,259131.66,65908.72,803215170.0,119925336.0,2831695600.0,9008329000.0,8207.577,3987.318
TO_STORAGE,76,4,0.0,1902.5461,0.0,186.7276,387.73993,0.0010663192,7.2850866,4.128529,0.14443025
TO_CONSTANT_HEAD,76,4,0.0,0.0,0.0,0.0,0.0,0.0,0.0,0.0,0.0
TO_WELLS,76,4,0.0,5505.3066,0.0,0.0,445.89493,28.567646,0.0,440.7458,290.60635
TO_HEAD_DEP_BOUNDS,76,4,0.0,0.0,1798.3467,0.0,0.0,0.0,0.0,0.0,0.0
TO_RECHARGE,76,4,0.0,0.0,0.0,0.0,0.0,0.0,0.0,0.0,0.0
TO_STREAM_LEAKAGE,76,4,0.0,0.0,0.0,62570.74,1577.5894,6688.2036,71925.52,0.0,0.0
TO_STREAM_FLOW_OUT,76,4,0.0,0.0,0.0,0.0,0.0,0.0,0.0,0.0,0.0
TO_ZONE_0,76,4,0.0,0.0,0.0,0.0,0.0,0.0,0.0,0.0,0.0
TO_haweaflat,76,4,0.0,0.0,37643.656,11697.427,807.4507,0.0,0.0,0.0,0.0
TO_moraine_top,76,4,0.0,485.57684,0.0,0.0,0.0,0.0,0.0,0.0,0.0
TO_river_zone,76,4,0.0,60660.6,0.0,0.0,168.9573,0.0,3.3307335,70.552315,3696.5671
TO_main_terrace,76,4,0.0,17311.014,0.0,32797.117,0.0,1680.8505,1716.5907,448.95023,0.0
TO_sandy_point,76,4,0.0,0.0,0.0,0.0,6498.5576,0.0,12.87611,0.0,0.0
TO_clutha,76,4,0.0,0.0,0.0,42.17217,64973.027,44.674664,0.0,7243.2007,0.0
TO_sub_terrace,76,4,0.0,0.0,0.0,70.575134,5986.851,0.0,894.77527,0.0,0.0
TO_mangawera,76,4,0.0,0.0,0.0,0.0,0.0,0.0,0.0,0.0,0.0
TOTAL_OUT,76,4,0.0,85865.05,39442.004,107364.76,80846.07,8442.298,74560.375,8207.577,3987.3179
IN-OUT,76,4,0.0,173266.61,26466.715,803107800.0,119844490.0,2831687200.0,9008254000.0,0.0,0.00024414062
PERCENT_DISCREPANCY,76,4,,100.44537,50.244965,199.94653,199.73051,199.9988,199.99669,0.0,6.1229284e-06
FROM_STORAGE,77,4,0.0,17353.057,2505.347,2659.086,26.671316,0.001079054,0.015291618,0.037539918,0.23402537
FROM_CONSTANT_HEAD,77,4,0.0,0.0,0.0,0.0,0.0,0.0,0.0,0.0,0.0
FROM_WELLS,77,4,0.0,4777.7715,18.260052,1438.9762,8504.589,0.0,0.0,77.06712,1081.1698
FROM_HEAD_DEP_BOUNDS,77,4,0.0,0.0,29892.438,0.0,0.0,0.0,0.0,0.0,0.0
FROM_RECHARGE,77,4,0.0,11435.957,1631.3204,4484.366,15251.537,1894.4105,2240.9023,1178.2632,2905.9722
FROM_STREAM_LEAKAGE,77,4,0.0,3500.0,1100.0,34702.652,3119.7043,36.55455,16.53421,0.0,0.0
FROM_STREAM_FLOW_OUT,77,4,0.0,173263.03,26465.953,802904900.0,119841280.0,2831687200.0,9008248000.0,0.0,0.0
FROM_ZONE_0,77,4,0.0,0.0,0.0,0.0,0.0,0.0,0.0,0.0,0.0
FROM_haweaflat,77,4,0.0,0.0,486.7276,58484.953,17278.914,0.0,0.0,0.0,0.0
FROM_moraine_top,77,4,0.0,33800.61,0.0,0.0,0.0,0.0,0.0,0.0,0.0
FROM_river_zone,77,4,0.0,11626.582,0.0,0.0,32793.312,0.0,42.172318,70.564964,0.0
FROM_main_terrace,77,4,0.0,807.374,0.0,169.10718,0.0,6498.5576,64977.785,5987.1885,0.0
FROM_sandy_point,77,4,0.0,0.0,0.0,0.0,1680.8505,0.0,44.674664,0.0,0.0
FROM_clutha,77,4,0.0,0.0,0.0,3.3307338,1716.7994,12.87611,0.0,894.85315,0.0
FROM_sub_terrace,77,4,0.0,0.0,0.0,70.56249,448.97504,0.0,7243.797,0.0,0.0
FROM_mangawera,77,4,0.0,0.0,0.0,3696.635,0.0,0.0,0.0,0.0,0.0
TOTAL_IN,77,4,0.0,256564.38,62100.047,803010600.0,119922104.0,2831695600.0,9008322000.0,8207.975,3987.376
TO_STORAGE,77,4,0.0,1543.2207,0.0,116.634735,357.8889,0.0010666751,7.089998,3.893996,0.13460547
TO_CONSTANT_HEAD,77,4,0.0,0.0,0.0,0.0,0.0,0.0,0.0,0.0,0.0
TO_WELLS,77,4,0.0,5505.3066,0.0,0.0,445.89493,28.567646,0.0,440.7458,290.60635
TO_HEAD_DEP_BOUNDS,77,4,0.0,0.0,1833.6748,0.0,0.0,0.0,0.0,0.0,0.0
TO_RECHARGE,77,4,0.0,0.0,0.0,0.0,0.0,0.0,0.0,0.0,0.0
TO_STREAM_LEAKAGE,77,4,0.0,0.0,0.0,61059.74,1577.5894,6688.2036,71930.97,0.0,0.0
TO_STREAM_FLOW_OUT,77,4,0.0,0.0,0.0,0.0,0.0,0.0,0.0,0.0,0.0
TO_ZONE_0,77,4,0.0,0.0,0.0,0.0,0.0,0.0,0.0,0.0,0.0
TO_haweaflat,77,4,0.0,0.0,33800.61,11626.582,807.374,0.0,0.0,0.0,0.0
TO_moraine_top,77,4,0.0,486.7276,0.0,0.0,0.0,0.0,0.0,0.0,0.0
TO_river_zone,77,4,0.0,58484.953,0.0,0.0,169.10718,0.0,3.3307338,70.56249,3696.635
TO_main_terrace,77,4,0.0,17278.914,0.0,32793.312,0.0,1680.8505,1716.7994,448.97504,0.0
TO_sandy_point,77,4,0.0,0.0,0.0,0.0,6498.5576,0.0,12.87611,0.0,0.0
TO_clutha,77,4,0.0,0.0,0.0,42.172318,64977.785,44.674664,0.0,7243.797,0.0
TO_sub_terrace,77,4,0.0,0.0,0.0,70.564964,5987.1885,0.0,894.85315,0.0,0.0
TO_mangawera,77,4,0.0,0.0,0.0,0.0,0.0,0.0,0.0,0.0,0.0
TOTAL_OUT,77,4,0.0,83299.125,35634.285,105709.0,80821.38,8442.298,74565.914,8207.975,3987.376
IN-OUT,77,4,0.0,173265.25,26465.762,802904900.0,119841280.0,2831687200.0,9008247000.0,0.0,0.0
PERCENT_DISCREPANCY,77,4,,101.96166,54.15858,199.94734,199.73059,199.9988,199.99669,0.0,0.0
FROM_STORAGE,78,4,0.0,18749.582,2296.4436,3086.6687,41.466488,0.0010780187,0.014034176,0.030575028,0.29175624
FROM_CONSTANT_HEAD,78,4,0.0,0.0,0.0,0.0,0.0,0.0,0.0,0.0,0.0
FROM_WELLS,78,4,0.0,4777.7715,18.260052,1438.9762,8504.589,0.0,0.0,77.06712,1081.1698
FROM_HEAD_DEP_BOUNDS,78,4,0.0,0.0,26152.818,0.0,0.0,0.0,0.0,0.0,0.0
FROM_RECHARGE,78,4,0.0,11435.957,1631.3204,4484.366,15251.537,1894.4105,2240.9023,1178.2632,2905.9722
FROM_STREAM_LEAKAGE,78,4,0.0,3500.0,1100.0,34814.535,3119.7043,36.55455,16.53421,0.0,0.0
FROM_STREAM_FLOW_OUT,78,4,0.0,173263.03,26465.953,802682430.0,119837784.0,2831688000.0,9008241000.0,0.0,0.0
FROM_ZONE_0,78,4,0.0,0.0,0.0,0.0,0.0,0.0,0.0,0.0,0.0
FROM_haweaflat,78,4,0.0,0.0,487.3199,56167.97,17239.326,0.0,0.0,0.0,0.0
FROM_moraine_top,78,4,0.0,29814.773,0.0,0.0,0.0,0.0,0.0,0.0,0.0
FROM_river_zone,78,4,0.0,11554.165,0.0,0.0,32789.906,0.0,42.172497,70.556946,0.0
FROM_main_terrace,78,4,0.0,807.2112,0.0,169.22205,0.0,6498.5576,64982.01,5987.4175,0.0
FROM_sandy_point,78,4,0.0,0.0,0.0,0.0,1680.8505,0.0,44.674664,0.0,0.0
FROM_clutha,78,4,0.0,0.0,0.0,3.3307352,1716.9404,12.87611,0.0,894.91876,0.0
FROM_sub_terrace,78,4,0.0,0.0,0.0,70.571815,449.01923,0.0,7244.3228,0.0,0.0
FROM_mangawera,78,4,0.0,0.0,0.0,3696.7012,0.0,0.0,0.0,0.0,0.0
TOTAL_IN,78,4,0.0,253902.52,58152.117,802786400.0,119918584.0,2831696400.0,9008314000.0,8208.254,3987.4336
TO_STORAGE,78,4,0.0,1235.086,0.0006864619,64.46358,325.4924,0.0010675364,6.7809596,3.5945563,0.12583576
TO_CONSTANT_HEAD,78,4,0.0,0.0,0.0,0.0,0.0,0.0,0.0,0.0,0.0
TO_WELLS,78,4,0.0,5505.3066,0.0,0.0,445.89493,28.567646,0.0,440.7458,290.60635
TO_HEAD_DEP_BOUNDS,78,4,0.0,0.0,1870.772,0.0,0.0,0.0,0.0,0.0,0.0
TO_RECHARGE,78,4,0.0,0.0,0.0,0.0,0.0,0.0,0.0,0.0,0.0
TO_STREAM_LEAKAGE,78,4,0.0,0.0,0.0,59410.113,1577.6226,6688.2036,71935.72,0.0,0.0
TO_STREAM_FLOW_OUT,78,4,0.0,0.0,0.0,0.0,0.0,0.0,0.0,0.0,0.0
TO_ZONE_0,78,4,0.0,0.0,0.0,0.0,0.0,0.0,0.0,0.0,0.0
TO_haweaflat,78,4,0.0,0.0,29814.773,11554.165,807.2112,0.0,0.0,0.0,0.0
TO_moraine_top,78,4,0.0,487.3199,0.0,0.0,0.0,0.0,0.0,0.0,0.0
TO_river_zone,78,4,0.0,56167.97,0.0,0.0,169.22205,0.0,3.3307352,70.571815,3696.7012
TO_main_terrace,78,4,0.0,17239.326,0.0,32789.906,0.0,1680.8505,1716.9404,449.01923,0.0
TO_sandy_point,78,4,0.0,0.0,0.0,0.0,6498.5576,0.0,12.87611,0.0,0.0
TO_clutha,78,4,0.0,0.0,0.0,42.172497,64982.01,44.674664,0.0,7244.3228,0.0
TO_sub_terrace,78,4,0.0,0.0,0.0,70.556946,5987.4175,0.0,894.91876,0.0,0.0
TO_mangawera,78,4,0.0,0.0,0.0,0.0,0.0,0.0,0.0,0.0,0.0
TOTAL_OUT,78,4,0.0,80635.01,31685.547,103931.375,80793.43,8442.298,74570.56,8208.254,3987.4333
IN-OUT,78,4,0.0,173267.5,26466.57,802682500.0,119837790.0,2831688000.0,9008240000.0,0.0,0.00024414062
PERCENT_DISCREPANCY,78,4,,103.58629,58.92088,199.94821,199.73068,199.99881,199.99669,0.0,6.122751e-06
FROM_STORAGE,79,4,0.0,20473.043,2059.8474,3562.837,61.726795,0.0010768429,0.012669749,0.024880622,0.3471145
FROM_CONSTANT_HEAD,79,4,0.0,0.0,0.0,0.0,0.0,0.0,0.0,0.0,0.0
FROM_WELLS,79,4,0.0,4777.7715,18.260052,1438.9762,8504.589,0.0,0.0,77.06712,1081.1698
FROM_HEAD_DEP_BOUNDS,79,4,0.0,0.0,21896.508,0.0,0.0,0.0,0.0,0.0,0.0
FROM_RECHARGE,79,4,0.0,11435.957,1631.3204,4484.366,15251.537,1894.4105,2240.9023,1178.2632,2905.9722
FROM_STREAM_LEAKAGE,79,4,0.0,3500.0,1100.0,34966.414,3119.7043,36.55455,16.53421,0.0,0.0
FROM_STREAM_FLOW_OUT,79,4,0.0,173263.03,26465.953,802437570.0,119833910.0,2831688000.0,9008230000.0,0.0,0.0
FROM_ZONE_0,79,4,0.0,0.0,0.0,0.0,0.0,0.0,0.0,0.0,0.0
FROM_haweaflat,79,4,0.0,0.0,487.59436,53638.008,17192.22,0.0,0.0,0.0,0.0
FROM_moraine_top,79,4,0.0,25324.363,0.0,0.0,0.0,0.0,0.0,0.0,0.0
FROM_river_zone,79,4,0.0,11477.41,0.0,0.0,32786.977,0.0,42.172646,70.55109,0.0
FROM_main_terrace,79,4,0.0,806.97217,0.0,169.2993,0.0,6498.5576,64985.633,5987.532,0.0
FROM_sandy_point,79,4,0.0,0.0,0.0,0.0,1680.8505,0.0,44.674664,0.0,0.0
FROM_clutha,79,4,0.0,0.0,0.0,3.330738,1717.0094,12.87611,0.0,894.9709,0.0
FROM_sub_terrace,79,4,0.0,0.0,0.0,70.58048,449.0822,0.0,7244.769,0.0,0.0
FROM_mangawera,79,4,0.0,0.0,0.0,3696.7668,0.0,0.0,0.0,0.0,0.0
TOTAL_IN,79,4,0.0,251058.55,53659.484,802539650.0,119914670.0,2831696400.0,9008304000.0,8208.409,3987.4893
TO_STORAGE,79,4,0.0,972.0515,0.0030408576,28.983059,292.1864,0.0010685199,6.3563185,3.2314615,0.1156917
TO_CONSTANT_HEAD,79,4,0.0,0.0,0.0,0.0,0.0,0.0,0.0,0.0,0.0
TO_WELLS,79,4,0.0,5505.3066,0.0,0.0,445.89493,28.567646,0.0,440.7458,290.60635
TO_HEAD_DEP_BOUNDS,79,4,0.0,0.0,1869.7744,0.0,0.0,0.0,0.0,0.0,0.0
TO_RECHARGE,79,4,0.0,0.0,0.0,0.0,0.0,0.0,0.0,0.0,0.0
TO_STREAM_LEAKAGE,79,4,0.0,0.0,0.0,57624.242,1577.6226,6688.2036,71940.06,0.0,0.0
TO_STREAM_FLOW_OUT,79,4,0.0,0.0,0.0,0.0,0.0,0.0,0.0,0.0,0.0
TO_ZONE_0,79,4,0.0,0.0,0.0,0.0,0.0,0.0,0.0,0.0,0.0
TO_haweaflat,79,4,0.0,0.0,25324.363,11477.41,806.97217,0.0,0.0,0.0,0.0
TO_moraine_top,79,4,0.0,487.59436,0.0,0.0,0.0,0.0,0.0,0.0,0.0
TO_river_zone,79,4,0.0,53638.008,0.0,0.0,169.2993,0.0,3.330738,70.58048,3696.7668
TO_main_terrace,79,4,0.0,17192.22,0.0,32786.977,0.0,1680.8505,1717.0094,449.0822,0.0
TO_sandy_point,79,4,0.0,0.0,0.0,0.0,6498.5576,0.0,12.87611,0.0,0.0
TO_clutha,79,4,0.0,0.0,0.0,42.172646,64985.633,44.674664,0.0,7244.769,0.0
TO_sub_terrace,79,4,0.0,0.0,0.0,70.55109,5987.532,0.0,894.9709,0.0,0.0
TO_mangawera,79,4,0.0,0.0,0.0,0.0,0.0,0.0,0.0,0.0,0.0
TOTAL_OUT,79,4,0.0,77795.18,27194.14,102030.34,80763.695,8442.298,74574.6,8208.409,3987.4888
IN-OUT,79,4,0.0,173263.38,26465.344,802437600.0,119833910.0,2831688000.0,9008229000.0,0.0,0.00048828125
PERCENT_DISCREPANCY,79,4,,105.37414,65.46483,199.94916,199.73079,199.99881,199.99667,0.0,1.2245331e-05
FROM_STORAGE,80,4,0.0,22759.824,1863.5558,4074.3325,86.68074,0.0010760827,0.01123393,0.020080755,0.40271333
FROM_CONSTANT_HEAD,80,4,0.0,0.0,0.0,0.0,0.0,0.0,0.0,0.0,0.0
FROM_WELLS,80,4,0.0,4777.7715,18.260052,1438.9762,8504.589,0.0,0.0,77.06712,1081.1698
FROM_HEAD_DEP_BOUNDS,80,4,0.0,0.0,16820.457,0.0,0.0,0.0,0.0,0.0,0.0
FROM_RECHARGE,80,4,0.0,11435.957,1631.3204,4484.366,15251.537,1894.4105,2240.9023,1178.2632,2905.9722
FROM_STREAM_LEAKAGE,80,4,0.0,3500.0,1100.0,35223.348,3119.7043,36.55455,16.53421,0.0,0.0
FROM_STREAM_FLOW_OUT,80,4,0.0,173263.03,26465.953,802167940.0,119829650.0,2831688200.0,9008220000.0,0.0,0.0
FROM_ZONE_0,80,4,0.0,0.0,0.0,0.0,0.0,0.0,0.0,0.0,0.0
FROM_haweaflat,80,4,0.0,0.0,487.1181,50885.453,17137.227,0.0,0.0,0.0,0.0
FROM_moraine_top,80,4,0.0,20097.238,0.0,0.0,0.0,0.0,0.0,0.0,0.0
FROM_river_zone,80,4,0.0,11395.17,0.0,0.0,32784.543,0.0,42.172794,70.54765,0.0
FROM_main_terrace,80,4,0.0,806.6619,0.0,169.33647,0.0,6498.5576,64988.586,5987.5283,0.0
FROM_sandy_point,80,4,0.0,0.0,0.0,0.0,1680.8505,0.0,44.674664,0.0,0.0
FROM_clutha,80,4,0.0,0.0,0.0,3.3307405,1717.0045,12.87611,0.0,895.00836,0.0
FROM_sub_terrace,80,4,0.0,0.0,0.0,70.58806,449.1636,0.0,7245.127,0.0,0.0
FROM_mangawera,80,4,0.0,0.0,0.0,3696.8337,0.0,0.0,0.0,0.0,0.0
TOTAL_IN,80,4,0.0,248035.66,48386.664,802268000.0,119910376.0,2831696600.0,9008294000.0,8208.435,3987.5447
TO_STORAGE,80,4,0.0,751.9752,0.0053360644,8.247457,257.15402,0.0010691623,5.82422,2.810625,0.10438747
TO_CONSTANT_HEAD,80,4,0.0,0.0,0.0,0.0,0.0,0.0,0.0,0.0,0.0
TO_WELLS,80,4,0.0,5505.3066,0.0,0.0,445.89493,28.567646,0.0,440.7458,290.60635
TO_HEAD_DEP_BOUNDS,80,4,0.0,0.0,1822.919,0.0,0.0,0.0,0.0,0.0,0.0
TO_RECHARGE,80,4,0.0,0.0,0.0,0.0,0.0,0.0,0.0,0.0,0.0
TO_STREAM_LEAKAGE,80,4,0.0,0.0,0.0,55744.953,1577.6226,6688.2036,71943.95,0.0,0.0
TO_STREAM_FLOW_OUT,80,4,0.0,0.0,0.0,0.0,0.0,0.0,0.0,0.0,0.0
TO_ZONE_0,80,4,0.0,0.0,0.0,0.0,0.0,0.0,0.0,0.0,0.0
TO_haweaflat,80,4,0.0,0.0,20097.238,11395.17,806.6619,0.0,0.0,0.0,0.0
TO_moraine_top,80,4,0.0,487.1181,0.0,0.0,0.0,0.0,0.0,0.0,0.0
TO_river_zone,80,4,0.0,50885.453,0.0,0.0,169.33647,0.0,3.3307405,70.58806,3696.8337
TO_main_terrace,80,4,0.0,17137.227,0.0,32784.543,0.0,1680.8505,1717.0045,449.1636,0.0
TO_sandy_point,80,4,0.0,0.0,0.0,0.0,6498.5576,0.0,12.87611,0.0,0.0
TO_clutha,80,4,0.0,0.0,0.0,42.172794,64988.586,44.674664,0.0,7245.127,0.0
TO_sub_terrace,80,4,0.0,0.0,0.0,70.54765,5987.5283,0.0,895.00836,0.0,0.0
TO_mangawera,80,4,0.0,0.0,0.0,0.0,0.0,0.0,0.0,0.0,0.0
TOTAL_OUT,80,4,0.0,74767.08,21920.162,100045.625,80731.34,8442.298,74578.0,8208.436,3987.5444
IN-OUT,80,4,0.0,173268.58,26466.502,802168000.0,119829650.0,2831688200.0,9008219000.0,0.0009765625,0.00024414062
PERCENT_DISCREPANCY,80,4,,107.35261,75.28857,199.95013,199.73088,199.99881,199.99669,1.189706e-05,6.1225805e-06
FROM_STORAGE,81,4,0.0,26474.957,1692.1168,4689.298,117.02836,0.0010747636,0.010178043,0.015877478,0.46005443
FROM_CONSTANT_HEAD,81,4,0.0,0.0,0.0,0.0,0.0,0.0,0.0,0.0,0.0
FROM_WELLS,81,4,0.0,4777.7715,18.260052,1438.9762,8504.589,0.0,0.0,77.06712,1081.1698
FROM_HEAD_DEP_BOUNDS,81,4,0.0,0.0,9928.717,0.0,0.0,0.0,0.0,0.0,0.0
FROM_RECHARGE,81,4,0.0,11435.957,1631.3204,4484.366,15251.537,1894.4105,2240.9023,1178.2632,2905.9722
FROM_STREAM_LEAKAGE,81,4,0.0,3500.0,1100.0,35567.95,3119.7043,36.55455,16.53421,0.0,0.0
FROM_STREAM_FLOW_OUT,81,4,0.0,173263.03,26465.953,801867000.0,119824900.0,2831688400.0,9008210000.0,0.0,0.0
FROM_ZONE_0,81,4,0.0,0.0,0.0,0.0,0.0,0.0,0.0,0.0,0.0
FROM_haweaflat,81,4,0.0,0.0,484.00757,47788.18,17074.004,0.0,0.0,0.0,0.0
FROM_moraine_top,81,4,0.0,13137.079,0.0,0.0,0.0,0.0,0.0,0.0,0.0
FROM_river_zone,81,4,0.0,11304.5205,0.0,0.0,32782.65,0.0,42.172993,70.54674,0.0
FROM_main_terrace,81,4,0.0,806.2893,0.0,169.33115,0.0,6498.5576,64990.793,5987.398,0.0
FROM_sandy_point,81,4,0.0,0.0,0.0,0.0,1680.8505,0.0,44.674664,0.0,0.0
FROM_clutha,81,4,0.0,0.0,0.0,3.3307433,1716.9231,12.87611,0.0,895.02997,0.0
FROM_sub_terrace,81,4,0.0,0.0,0.0,70.594505,449.2636,0.0,7245.3867,0.0,0.0
FROM_mangawera,81,4,0.0,0.0,0.0,3696.9038,0.0,0.0,0.0,0.0,0.0
TOTAL_IN,81,4,0.0,244699.61,41320.375,801965000.0,119905590.0,2831697000.0,9008284000.0,8208.321,3987.602
TO_STORAGE,81,4,0.0,578.8415,0.0,0.8454308,220.6761,0.0010701992,5.1834097,2.3309855,0.091558106
TO_CONSTANT_HEAD,81,4,0.0,0.0,0.0,0.0,0.0,0.0,0.0,0.0,0.0
TO_WELLS,81,4,0.0,5505.3066,0.0,0.0,445.89493,28.567646,0.0,440.7458,290.60635
TO_HEAD_DEP_BOUNDS,81,4,0.0,0.0,1716.8618,0.0,0.0,0.0,0.0,0.0,0.0
TO_RECHARGE,81,4,0.0,0.0,0.0,0.0,0.0,0.0,0.0,0.0,0.0
TO_STREAM_LEAKAGE,81,4,0.0,0.0,0.0,53707.117,1577.6226,6688.2036,71947.1,0.0,0.0
TO_STREAM_FLOW_OUT,81,4,0.0,0.0,0.0,0.0,0.0,0.0,0.0,0.0,0.0
TO_ZONE_0,81,4,0.0,0.0,0.0,0.0,0.0,0.0,0.0,0.0,0.0
TO_haweaflat,81,4,0.0,0.0,13137.079,11304.5205,806.2893,0.0,0.0,0.0,0.0
TO_moraine_top,81,4,0.0,484.00757,0.0,0.0,0.0,0.0,0.0,0.0,0.0
TO_river_zone,81,4,0.0,47788.18,0.0,0.0,169.33115,0.0,3.3307433,70.594505,3696.9038
TO_main_terrace,81,4,0.0,17074.004,0.0,32782.65,0.0,1680.8505,1716.9231,449.2636,0.0
TO_sandy_point,81,4,0.0,0.0,0.0,0.0,6498.5576,0.0,12.87611,0.0,0.0
TO_clutha,81,4,0.0,0.0,0.0,42.172993,64990.793,44.674664,0.0,7245.3867,0.0
TO_sub_terrace,81,4,0.0,0.0,0.0,70.54674,5987.398,0.0,895.02997,0.0,0.0
TO_mangawera,81,4,0.0,0.0,0.0,0.0,0.0,0.0,0.0,0.0,0.0
TOTAL_OUT,81,4,0.0,71430.34,14853.941,97907.84,80696.56,8442.298,74580.44,8208.321,3987.6018
IN-OUT,81,4,0.0,173269.27,26466.434,801867100.0,119824900.0,2831688400.0,9008209000.0,0.0,0.00024414062
PERCENT_DISCREPANCY,81,4,,109.61901,94.22965,199.95116,199.73099,199.9988,199.99669,0.0,6.1224923e-06
FROM_STORAGE,82,4,0.0,28223.334,3702.097,5045.8467,155.47403,0.0010733387,0.009333708,0.012310851,0.51950246
FROM_CONSTANT_HEAD,82,4,0.0,0.0,0.0,0.0,0.0,0.0,0.0,0.0,0.0
FROM_WELLS,82,4,0.0,4777.7715,18.260052,1438.9762,8504.589,0.0,0.0,77.06712,1081.1698
FROM_HEAD_DEP_BOUNDS,82,4,0.0,0.0,2048.766,0.0,0.0,0.0,0.0,0.0,0.0
FROM_RECHARGE,82,4,0.0,11435.957,1631.3204,4484.366,15251.537,1894.4105,2240.9023,1178.2632,2905.9722
FROM_STREAM_LEAKAGE,82,4,0.0,3500.0,1100.0,36032.383,3119.7043,36.55455,16.53421,0.0,0.0
FROM_STREAM_FLOW_OUT,82,4,0.0,173263.03,26465.953,801535040.0,119819680.0,2831688700.0,9008197000.0,0.0,0.0
FROM_ZONE_0,82,4,0.0,0.0,0.0,0.0,0.0,0.0,0.0,0.0,0.0
FROM_haweaflat,82,4,0.0,0.0,445.03278,44785.074,17003.744,0.0,0.0,0.0,0.0
FROM_moraine_top,82,4,0.0,8169.1216,0.0,0.0,0.0,0.0,0.0,0.0,0.0
FROM_river_zone,82,4,0.0,11276.064,0.0,0.0,32781.348,0.0,42.173176,70.54848,0.0
FROM_main_terrace,82,4,0.0,805.8385,0.0,169.2808,0.0,6498.5576,64992.195,5987.1377,0.0
FROM_sandy_point,82,4,0.0,0.0,0.0,0.0,1680.8505,0.0,44.674664,0.0,0.0
FROM_clutha,82,4,0.0,0.0,0.0,3.3307467,1716.7634,12.87611,0.0,895.0347,0.0
FROM_sub_terrace,82,4,0.0,0.0,0.0,70.599625,449.38214,0.0,7245.5425,0.0,0.0
FROM_mangawera,82,4,0.0,0.0,0.0,3696.9775,0.0,0.0,0.0,0.0,0.0
TOTAL_IN,82,4,0.0,241451.12,35411.43,801630800.0,119900344.0,2831697200.0,9008270000.0,8208.063,3987.6616
TO_STORAGE,82,4,0.0,441.88937,244.32297,0.04768267,186.85373,0.0010714417,4.4364276,1.794363,0.07730983
TO_CONSTANT_HEAD,82,4,0.0,0.0,0.0,0.0,0.0,0.0,0.0,0.0,0.0
TO_WELLS,82,4,0.0,5505.3066,0.0,0.0,445.89493,28.567646,0.0,440.7458,290.60635
TO_HEAD_DEP_BOUNDS,82,4,0.0,0.0,531.1406,0.0,0.0,0.0,0.0,0.0,0.0
TO_RECHARGE,82,4,0.0,0.0,0.0,0.0,0.0,0.0,0.0,0.0,0.0
TO_STREAM_LEAKAGE,82,4,0.0,0.0,0.0,51555.41,1577.6226,6688.2036,71949.43,0.0,0.0
TO_STREAM_FLOW_OUT,82,4,0.0,0.0,0.0,0.0,0.0,0.0,0.0,0.0,0.0
TO_ZONE_0,82,4,0.0,0.0,0.0,0.0,0.0,0.0,0.0,0.0,0.0
TO_haweaflat,82,4,0.0,0.0,8169.1216,11276.064,805.8385,0.0,0.0,0.0,0.0
TO_moraine_top,82,4,0.0,445.03278,0.0,0.0,0.0,0.0,0.0,0.0,0.0
TO_river_zone,82,4,0.0,44785.074,0.0,0.0,169.2808,0.0,3.3307467,70.599625,3696.9775
TO_main_terrace,82,4,0.0,17003.744,0.0,32781.348,0.0,1680.8505,1716.7634,449.38214,0.0
TO_sandy_point,82,4,0.0,0.0,0.0,0.0,6498.5576,0.0,12.87611,0.0,0.0
TO_clutha,82,4,0.0,0.0,0.0,42.173176,64992.195,44.674664,0.0,7245.5425,0.0
TO_sub_terrace,82,4,0.0,0.0,0.0,70.54848,5987.1377,0.0,895.0347,0.0,0.0
TO_mangawera,82,4,0.0,0.0,0.0,0.0,0.0,0.0,0.0,0.0,0.0
TOTAL_OUT,82,4,0.0,68181.05,8944.585,95725.59,80663.38,8442.298,74581.87,8208.064,3987.6611
IN-OUT,82,4,0.0,173270.08,26466.844,801535040.0,119819680.0,2831688700.0,9008196000.0,0.0009765625,0.00048828125
PERCENT_DISCREPANCY,82,4,,111.91994,119.33824,199.95222,199.73108,199.99881,199.99669,1.1897598e-05,1.2244802e-05
FROM_STORAGE,83,4,0.0,26041.98,1920.4259,5012.285,199.55986,0.0010715927,0.01638797,0.062249247,0.56806976
FROM_CONSTANT_HEAD,83,4,0.0,0.0,0.0,0.0,0.0,0.0,0.0,0.0,0.0
FROM_WELLS,83,4,0.0,4777.7715,18.260052,1438.9762,8504.589,0.0,0.0,77.06712,1081.1698
FROM_HEAD_DEP_BOUNDS,83,4,0.0,0.0,2894.7427,0.0,0.0,0.0,0.0,0.0,0.0
FROM_RECHARGE,83,4,0.0,11435.957,1631.3204,4484.366,15251.537,1894.4105,2240.9023,1178.2632,2905.9722
FROM_STREAM_LEAKAGE,83,4,0.0,3500.0,1100.0,36625.61,3119.7043,36.55455,16.53421,0.0,0.0
FROM_STREAM_FLOW_OUT,83,4,0.0,173263.03,26465.953,801220100.0,119814700.0,2831688700.0,9008184000.0,0.0,0.0
FROM_ZONE_0,83,4,0.0,0.0,0.0,0.0,0.0,0.0,0.0,0.0,0.0
FROM_haweaflat,83,4,0.0,0.0,427.25336,42514.758,16930.477,0.0,0.0,0.0,0.0
FROM_moraine_top,83,4,0.0,7363.4746,0.0,0.0,0.0,0.0,0.0,0.0,0.0
FROM_river_zone,83,4,0.0,11459.098,0.0,0.0,32780.758,0.0,42.17337,70.55302,0.0
FROM_main_terrace,83,4,0.0,805.2823,0.0,169.1848,0.0,6498.558,64992.734,5986.7456,0.0
FROM_sandy_point,83,4,0.0,0.0,0.0,0.0,1680.8505,0.0,44.674664,0.0,0.0
FROM_clutha,83,4,0.0,0.0,0.0,3.3307538,1716.5243,12.87611,0.0,895.0218,0.0
FROM_sub_terrace,83,4,0.0,0.0,0.0,70.60333,449.5179,0.0,7245.585,0.0,0.0
FROM_mangawera,83,4,0.0,0.0,0.0,3697.0413,0.0,0.0,0.0,0.0,0.0
TOTAL_IN,83,4,0.0,238646.6,34457.957,801314100.0,119895336.0,2831697200.0,9008258000.0,8207.713,3987.71
TO_STORAGE,83,4,0.0,327.46863,21.43593,0.03391523,157.45695,0.0010729171,3.5967727,1.2605058,0.062557995
TO_CONSTANT_HEAD,83,4,0.0,0.0,0.0,0.0,0.0,0.0,0.0,0.0,0.0
TO_WELLS,83,4,0.0,5177.0967,0.0,0.0,445.89493,28.567646,0.0,440.7458,290.60635
TO_HEAD_DEP_BOUNDS,83,4,0.0,0.0,606.53516,0.0,0.0,0.0,0.0,0.0,0.0
TO_RECHARGE,83,4,0.0,0.0,0.0,0.0,0.0,0.0,0.0,0.0,0.0
TO_STREAM_LEAKAGE,83,4,0.0,0.0,0.0,49662.094,1577.6558,6688.2036,71951.19,0.0,0.0
TO_STREAM_FLOW_OUT,83,4,0.0,0.0,0.0,0.0,0.0,0.0,0.0,0.0,0.0
TO_ZONE_0,83,4,0.0,0.0,0.0,0.0,0.0,0.0,0.0,0.0,0.0
TO_haweaflat,83,4,0.0,0.0,7363.4746,11459.098,805.2823,0.0,0.0,0.0,0.0
TO_moraine_top,83,4,0.0,427.25336,0.0,0.0,0.0,0.0,0.0,0.0,0.0
TO_river_zone,83,4,0.0,42514.758,0.0,0.0,169.1848,0.0,3.3307538,70.60333,3697.0413
TO_main_terrace,83,4,0.0,16930.477,0.0,32780.758,0.0,1680.8505,1716.5243,449.5179,0.0
TO_sandy_point,83,4,0.0,0.0,0.0,0.0,6498.558,0.0,12.87611,0.0,0.0
TO_clutha,83,4,0.0,0.0,0.0,42.17337,64992.734,44.674664,0.0,7245.585,0.0
TO_sub_terrace,83,4,0.0,0.0,0.0,70.55302,5986.7456,0.0,895.0218,0.0,0.0
TO_mangawera,83,4,0.0,0.0,0.0,0.0,0.0,0.0,0.0,0.0,0.0
TOTAL_OUT,83,4,0.0,65377.055,7991.446,94014.71,80633.51,8442.298,74582.53,8207.713,3987.7102
IN-OUT,83,4,0.0,173269.53,26466.512,801220100.0,119814700.0,2831688700.0,9008183000.0,0.0,0.00024414062
PERCENT_DISCREPANCY,83,4,,113.984245,124.69675,199.95308,199.73117,199.99881,199.99669,0.0,6.1223263e-06
FROM_STORAGE,84,4,0.0,24265.744,1104.8239,4797.021,244.27344,0.0010704341,0.30745223,0.36736757,0.58981127
FROM_CONSTANT_HEAD,84,4,0.0,0.0,0.0,0.0,0.0,0.0,0.0,0.0,0.0
FROM_WELLS,84,4,0.0,4777.7715,18.260052,1438.9762,8504.589,0.0,0.0,77.06712,1081.1698
FROM_HEAD_DEP_BOUNDS,84,4,0.0,0.0,3303.8677,0.0,0.0,0.0,0.0,0.0,0.0
FROM_RECHARGE,84,4,0.0,11435.957,1631.3204,4484.366,15251.537,1894.4105,2240.9023,1178.2632,2905.9722
FROM_STREAM_LEAKAGE,84,4,0.0,3500.0,1100.0,37202.06,3119.7043,36.55455,16.53421,0.0,0.0
FROM_STREAM_FLOW_OUT,84,4,0.0,173263.03,26465.953,800951230.0,119810450.0,2831688700.0,9008173000.0,0.0,0.0
FROM_ZONE_0,84,4,0.0,0.0,0.0,0.0,0.0,0.0,0.0,0.0,0.0
FROM_haweaflat,84,4,0.0,0.0,424.89893,40791.094,16859.855,0.0,0.0,0.0,0.0
FROM_moraine_top,84,4,0.0,6948.017,0.0,0.0,0.0,0.0,0.0,0.0,0.0
FROM_river_zone,84,4,0.0,11651.974,0.0,0.0,32780.977,0.0,42.173527,70.56027,0.0
FROM_main_terrace,84,4,0.0,804.6349,0.0,169.04628,0.0,6498.558,64992.383,5986.23,0.0
FROM_sandy_point,84,4,0.0,0.0,0.0,0.0,1680.8505,0.0,44.674664,0.0,0.0
FROM_clutha,84,4,0.0,0.0,0.0,3.3307607,1716.2074,12.87611,0.0,894.9911,0.0
FROM_sub_terrace,84,4,0.0,0.0,0.0,70.605515,449.66693,0.0,7245.5107,0.0,0.0
FROM_mangawera,84,4,0.0,0.0,0.0,3697.0762,0.0,0.0,0.0,0.0,0.0
TOTAL_IN,84,4,0.0,236647.12,34049.125,801043900.0,119891060.0,2831697200.0,9008247000.0,8207.479,3987.732
TO_STORAGE,84,4,0.0,239.65527,0.004067774,0.024023874,133.23325,0.0010739127,2.960093,0.94880563,0.04924337
TO_CONSTANT_HEAD,84,4,0.0,0.0,0.0,0.0,0.0,0.0,0.0,0.0,0.0
TO_WELLS,84,4,0.0,5063.044,0.0,0.0,445.89493,28.567646,0.0,440.7458,290.60635
TO_HEAD_DEP_BOUNDS,84,4,0.0,0.0,634.78955,0.0,0.0,0.0,0.0,0.0,0.0
TO_RECHARGE,84,4,0.0,0.0,0.0,0.0,0.0,0.0,0.0,0.0,0.0
TO_STREAM_LEAKAGE,84,4,0.0,0.0,0.0,48106.535,1577.6558,6688.2036,71952.086,0.0,0.0
TO_STREAM_FLOW_OUT,84,4,0.0,0.0,0.0,0.0,0.0,0.0,0.0,0.0,0.0
TO_ZONE_0,84,4,0.0,0.0,0.0,0.0,0.0,0.0,0.0,0.0,0.0
TO_haweaflat,84,4,0.0,0.0,6948.017,11651.974,804.6349,0.0,0.0,0.0,0.0
TO_moraine_top,84,4,0.0,424.89893,0.0,0.0,0.0,0.0,0.0,0.0,0.0
TO_river_zone,84,4,0.0,40791.094,0.0,0.0,169.04628,0.0,3.3307607,70.605515,3697.0762
TO_main_terrace,84,4,0.0,16859.855,0.0,32780.977,0.0,1680.8505,1716.2074,449.66693,0.0
TO_sandy_point,84,4,0.0,0.0,0.0,0.0,6498.558,0.0,12.87611,0.0,0.0
TO_clutha,84,4,0.0,0.0,0.0,42.173527,64992.383,44.674664,0.0,7245.5107,0.0
TO_sub_terrace,84,4,0.0,0.0,0.0,70.56027,5986.23,0.0,894.9911,0.0,0.0
TO_mangawera,84,4,0.0,0.0,0.0,0.0,0.0,0.0,0.0,0.0,0.0
TOTAL_OUT,84,4,0.0,63378.547,7582.8105,92652.24,80607.63,8442.298,74582.45,8207.478,3987.7317
IN-OUT,84,4,0.0,173268.58,26466.314,800951230.0,119810450.0,2831688700.0,9008172000.0,0.0009765625,0.00024414062
PERCENT_DISCREPANCY,84,4,,115.502495,127.14429,199.95374,199.73125,199.99881,199.99669,1.1898447e-05,6.1222927e-06
FROM_STORAGE,85,4,0.0,22463.408,746.9199,4664.8555,290.8359,0.0010691747,0.8205631,0.78340316,0.59756327
FROM_CONSTANT_HEAD,85,4,0.0,0.0,0.0,0.0,0.0,0.0,0.0,0.0,0.0
FROM_WELLS,85,4,0.0,4777.7715,18.260052,1438.9762,8504.589,0.0,0.0,77.06712,1081.1698
FROM_HEAD_DEP_BOUNDS,85,4,0.0,0.0,3524.6,0.0,0.0,0.0,0.0,0.0,0.0
FROM_RECHARGE,85,4,0.0,11435.957,1631.3204,4484.366,15251.537,1894.4105,2240.9023,1178.2632,2905.9722
FROM_STREAM_LEAKAGE,85,4,0.0,3500.0,1100.0,37703.72,3119.7043,36.55455,16.53421,0.0,0.0
FROM_STREAM_FLOW_OUT,85,4,0.0,173263.03,26465.953,800706800.0,119806580.0,2831688700.0,9008165000.0,0.0,0.0
FROM_ZONE_0,85,4,0.0,0.0,0.0,0.0,0.0,0.0,0.0,0.0,0.0
FROM_haweaflat,85,4,0.0,0.0,424.90942,39247.29,16789.908,0.0,0.0,0.0,0.0
FROM_moraine_top,85,4,0.0,6801.296,0.0,0.0,0.0,0.0,0.0,0.0,0.0
FROM_river_zone,85,4,0.0,11919.472,0.0,0.0,32781.938,0.0,42.173737,70.57013,0.0
FROM_main_terrace,85,4,0.0,803.966,0.0,168.8689,0.0,6498.558,64991.145,5985.608,0.0
FROM_sandy_point,85,4,0.0,0.0,0.0,0.0,1680.8505,0.0,44.674664,0.0,0.0
FROM_clutha,85,4,0.0,0.0,0.0,3.3307662,1715.8185,12.87611,0.0,894.94336,0.0
FROM_sub_terrace,85,4,0.0,0.0,0.0,70.60607,449.82474,0.0,7245.323,0.0,0.0
FROM_mangawera,85,4,0.0,0.0,0.0,3697.0952,0.0,0.0,0.0,0.0,0.0
TOTAL_IN,85,4,0.0,234964.9,33911.965,800798340.0,119887160.0,2831697200.0,9008239000.0,8207.235,3987.7395
TO_STORAGE,85,4,0.0,171.04694,0.0,0.016015744,113.264046,0.0010749911,2.4913304,0.7341257,0.037598476
TO_CONSTANT_HEAD,85,4,0.0,0.0,0.0,0.0,0.0,0.0,0.0,0.0,0.0
TO_WELLS,85,4,0.0,5063.044,0.0,0.0,445.89493,28.567646,0.0,440.7458,290.60635
TO_HEAD_DEP_BOUNDS,85,4,0.0,0.0,644.541,0.0,0.0,0.0,0.0,0.0,0.0
TO_RECHARGE,85,4,0.0,0.0,0.0,0.0,0.0,0.0,0.0,0.0,0.0
TO_STREAM_LEAKAGE,85,4,0.0,0.0,0.0,46663.71,1577.6558,6688.2036,71952.05,0.0,0.0
TO_STREAM_FLOW_OUT,85,4,0.0,0.0,0.0,0.0,0.0,0.0,0.0,0.0,0.0
TO_ZONE_0,85,4,0.0,0.0,0.0,0.0,0.0,0.0,0.0,0.0,0.0
TO_haweaflat,85,4,0.0,0.0,6801.296,11919.472,803.966,0.0,0.0,0.0,0.0
TO_moraine_top,85,4,0.0,424.90942,0.0,0.0,0.0,0.0,0.0,0.0,0.0
TO_river_zone,85,4,0.0,39247.29,0.0,0.0,168.8689,0.0,3.3307662,70.60607,3697.0952
TO_main_terrace,85,4,0.0,16789.908,0.0,32781.938,0.0,1680.8505,1715.8185,449.82474,0.0
TO_sandy_point,85,4,0.0,0.0,0.0,0.0,6498.558,0.0,12.87611,0.0,0.0
TO_clutha,85,4,0.0,0.0,0.0,42.173737,64991.145,44.674664,0.0,7245.323,0.0
TO_sub_terrace,85,4,0.0,0.0,0.0,70.57013,5985.608,0.0,894.94336,0.0,0.0
TO_mangawera,85,4,0.0,0.0,0.0,0.0,0.0,0.0,0.0,0.0,0.0
TOTAL_OUT,85,4,0.0,61696.195,7445.837,91477.88,80584.96,8442.298,74581.51,8207.234,3987.7393
IN-OUT,85,4,0.0,173268.72,26466.129,800706900.0,119806580.0,2831688700.0,9008164000.0,0.0009765625,0.00024414062
PERCENT_DISCREPANCY,85,4,,116.81257,127.98616,199.95433,199.73131,199.99881,199.99667,1.1898801e-05,6.122282e-06
FROM_STORAGE,86,4,0.0,20891.113,565.112,4510.82,339.04407,0.0010674389,1.4376333,1.2616327,0.60197335
FROM_CONSTANT_HEAD,86,4,0.0,0.0,0.0,0.0,0.0,0.0,0.0,0.0,0.0
FROM_WELLS,86,4,0.0,4777.7715,18.260052,1438.9762,8504.589,0.0,0.0,77.06712,1081.1698
FROM_HEAD_DEP_BOUNDS,86,4,0.0,0.0,3658.6401,0.0,0.0,0.0,0.0,0.0,0.0
FROM_RECHARGE,86,4,0.0,11435.957,1631.3204,4484.366,15251.537,1894.4105,2240.9023,1178.2632,2905.9722
FROM_STREAM_LEAKAGE,86,4,0.0,3500.0,1100.0,38156.297,3119.7043,36.55455,16.53421,0.0,0.0
FROM_STREAM_FLOW_OUT,86,4,0.0,173263.03,26465.953,800483600.0,119803030.0,2831688700.0,9008156000.0,0.0,0.0
FROM_ZONE_0,86,4,0.0,0.0,0.0,0.0,0.0,0.0,0.0,0.0,0.0
FROM_haweaflat,86,4,0.0,0.0,424.227,37906.605,16721.566,0.0,0.0,0.0,0.0
FROM_moraine_top,86,4,0.0,6750.424,0.0,0.0,0.0,0.0,0.0,0.0,0.0
FROM_river_zone,86,4,0.0,12180.566,0.0,0.0,32783.598,0.0,42.173885,70.582275,0.0
FROM_main_terrace,86,4,0.0,803.79193,0.0,168.65596,0.0,6498.558,64989.043,5984.89,0.0
FROM_sandy_point,86,4,0.0,0.0,0.0,0.0,1680.8505,0.0,44.674664,0.0,0.0
FROM_clutha,86,4,0.0,0.0,0.0,3.3307703,1715.3661,12.87611,0.0,894.8797,0.0
FROM_sub_terrace,86,4,0.0,0.0,0.0,70.60514,449.98834,0.0,7245.023,0.0,0.0
FROM_mangawera,86,4,0.0,0.0,0.0,3697.1064,0.0,0.0,0.0,0.0,0.0
TOTAL_IN,86,4,0.0,233602.66,33863.51,800574000.0,119883590.0,2831697200.0,9008229000.0,8206.944,3987.744
TO_STORAGE,86,4,0.0,119.46345,0.00449973,0.0099656535,96.59039,0.0010767096,2.097711,0.5781003,0.02816182
TO_CONSTANT_HEAD,86,4,0.0,0.0,0.0,0.0,0.0,0.0,0.0,0.0,0.0
TO_WELLS,86,4,0.0,5063.044,0.0,0.0,445.89493,28.567646,0.0,440.7458,290.60635
TO_HEAD_DEP_BOUNDS,86,4,0.0,0.0,644.15967,0.0,0.0,0.0,0.0,0.0,0.0
TO_RECHARGE,86,4,0.0,0.0,0.0,0.0,0.0,0.0,0.0,0.0,0.0
TO_STREAM_LEAKAGE,86,4,0.0,0.0,0.0,45337.23,1577.6558,6688.2036,71951.19,0.0,0.0
TO_STREAM_FLOW_OUT,86,4,0.0,0.0,0.0,0.0,0.0,0.0,0.0,0.0,0.0
TO_ZONE_0,86,4,0.0,0.0,0.0,0.0,0.0,0.0,0.0,0.0,0.0
TO_haweaflat,86,4,0.0,0.0,6750.424,12180.566,803.79193,0.0,0.0,0.0,0.0
TO_moraine_top,86,4,0.0,424.227,0.0,0.0,0.0,0.0,0.0,0.0,0.0
TO_river_zone,86,4,0.0,37906.605,0.0,0.0,168.65596,0.0,3.3307703,70.60514,3697.1064
TO_main_terrace,86,4,0.0,16721.566,0.0,32783.598,0.0,1680.8505,1715.3661,449.98834,0.0
TO_sandy_point,86,4,0.0,0.0,0.0,0.0,6498.558,0.0,12.87611,0.0,0.0
TO_clutha,86,4,0.0,0.0,0.0,42.173885,64989.043,44.674664,0.0,7245.023,0.0
TO_sub_terrace,86,4,0.0,0.0,0.0,70.582275,5984.89,0.0,894.8797,0.0,0.0
TO_mangawera,86,4,0.0,0.0,0.0,0.0,0.0,0.0,0.0,0.0,0.0
TOTAL_OUT,86,4,0.0,60234.906,7394.588,90414.164,80565.08,8442.298,74579.74,8206.94,3987.741
IN-OUT,86,4,0.0,173367.75,26468.924,800483600.0,119803020.0,2831688700.0,9008155000.0,0.00390625,0.0029296875
PERCENT_DISCREPANCY,86,4,,118.00245,128.30898,199.95482,199.73135,199.99881,199.99667,4.75969e-05,7.346732e-05
FROM_STORAGE,87,4,0.0,18758.219,441.4182,4250.4287,380.67245,0.0010653135,2.1004481,1.7565815,0.59479505
FROM_CONSTANT_HEAD,87,4,0.0,0.0,0.0,0.0,0.0,0.0,0.0,0.0,0.0
FROM_WELLS,87,4,0.0,4777.7715,18.260052,1438.9762,8504.589,0.0,0.0,77.06712,1081.1698
FROM_HEAD_DEP_BOUNDS,87,4,0.0,0.0,3752.0845,0.0,0.0,0.0,0.0,0.0,0.0
FROM_RECHARGE,87,4,0.0,11435.957,1631.3204,4484.366,15251.537,1894.4105,2240.9023,1178.2632,2905.9722
FROM_STREAM_LEAKAGE,87,4,0.0,3500.0,1100.0,38629.44,3119.7043,36.55455,16.53421,0.0,0.0
FROM_STREAM_FLOW_OUT,87,4,0.0,173263.03,26465.953,800286460.0,119799896.0,2831688700.0,9008147000.0,0.0,0.0
FROM_ZONE_0,87,4,0.0,0.0,0.0,0.0,0.0,0.0,0.0,0.0,0.0
FROM_haweaflat,87,4,0.0,0.0,421.52298,36790.62,16656.572,0.0,0.0,0.0,0.0
FROM_moraine_top,87,4,0.0,6727.1885,0.0,0.0,0.0,0.0,0.0,0.0,0.0
FROM_river_zone,87,4,0.0,12395.564,0.0,0.0,32785.926,0.0,42.174023,70.596466,0.0
FROM_main_terrace,87,4,0.0,803.6736,0.0,168.41165,0.0,6498.558,64986.113,5984.0938,0.0
FROM_sandy_point,87,4,0.0,0.0,0.0,0.0,1680.8505,0.0,44.674664,0.0,0.0
FROM_clutha,87,4,0.0,0.0,0.0,3.3307745,1714.8599,12.87611,0.0,894.8013,0.0
FROM_sub_terrace,87,4,0.0,0.0,0.0,70.60276,450.15417,0.0,7244.618,0.0,0.0
FROM_mangawera,87,4,0.0,0.0,0.0,3697.1084,0.0,0.0,0.0,0.0,0.0
TOTAL_IN,87,4,0.0,231661.39,33830.56,800376060.0,119880430.0,2831697200.0,9008221000.0,8206.578,3987.7368
TO_STORAGE,87,4,0.0,79.2631,0.002002724,0.0061125862,80.37906,0.001078396,1.7308078,0.456266,0.0219373
TO_CONSTANT_HEAD,87,4,0.0,0.0,0.0,0.0,0.0,0.0,0.0,0.0,0.0
TO_WELLS,87,4,0.0,4445.633,0.0,0.0,445.89493,28.567646,0.0,440.7458,290.60635
TO_HEAD_DEP_BOUNDS,87,4,0.0,0.0,637.3286,0.0,0.0,0.0,0.0,0.0,0.0
TO_RECHARGE,87,4,0.0,0.0,0.0,0.0,0.0,0.0,0.0,0.0,0.0
TO_STREAM_LEAKAGE,87,4,0.0,0.0,0.0,44237.734,1577.6558,6688.2036,71949.52,0.0,0.0
TO_STREAM_FLOW_OUT,87,4,0.0,0.0,0.0,0.0,0.0,0.0,0.0,0.0,0.0
TO_ZONE_0,87,4,0.0,0.0,0.0,0.0,0.0,0.0,0.0,0.0,0.0
TO_haweaflat,87,4,0.0,0.0,6727.1885,12395.564,803.6736,0.0,0.0,0.0,0.0
TO_moraine_top,87,4,0.0,421.52298,0.0,0.0,0.0,0.0,0.0,0.0,0.0
TO_river_zone,87,4,0.0,36790.62,0.0,0.0,168.41165,0.0,3.3307745,70.60276,3697.1084
TO_main_terrace,87,4,0.0,16656.572,0.0,32785.926,0.0,1680.8505,1714.8599,450.15417,0.0
TO_sandy_point,87,4,0.0,0.0,0.0,0.0,6498.558,0.0,12.87611,0.0,0.0
TO_clutha,87,4,0.0,0.0,0.0,42.174023,64986.113,44.674664,0.0,7244.618,0.0
TO_sub_terrace,87,4,0.0,0.0,0.0,70.596466,5984.0938,0.0,894.8013,0.0,0.0
TO_mangawera,87,4,0.0,0.0,0.0,0.0,0.0,0.0,0.0,0.0,0.0
TOTAL_OUT,87,4,0.0,58393.61,7364.519,89532.0,80544.78,8442.298,74577.125,8206.577,3987.7368
IN-OUT,87,4,0.0,173267.78,26466.04,800286500.0,119799890.0,2831688700.0,9008146000.0,0.0009765625,0.0
PERCENT_DISCREPANCY,87,4,,119.47236,128.49127,199.95526,199.73143,199.99881,199.99669,1.1899752e-05,0.0
FROM_STORAGE,88,4,0.0,17511.729,353.36084,4049.3164,422.61752,0.0010630185,2.8256245,2.271227,0.5862943
FROM_CONSTANT_HEAD,88,4,0.0,0.0,0.0,0.0,0.0,0.0,0.0,0.0,0.0
FROM_WELLS,88,4,0.0,4777.7715,18.260052,1438.9762,8504.589,0.0,0.0,77.06712,1081.1698
FROM_HEAD_DEP_BOUNDS,88,4,0.0,0.0,3829.026,0.0,0.0,0.0,0.0,0.0,0.0
FROM_RECHARGE,88,4,0.0,11435.957,1631.3204,4484.366,15251.537,1894.4105,2240.9023,1178.2632,2905.9722
FROM_STREAM_LEAKAGE,88,4,0.0,3500.0,1100.0,39055.562,3119.7043,36.55455,16.53421,0.0,0.0
FROM_STREAM_FLOW_OUT,88,4,0.0,173263.03,26465.953,800111200.0,119797096.0,2831688700.0,9008141000.0,0.0,0.0
FROM_ZONE_0,88,4,0.0,0.0,0.0,0.0,0.0,0.0,0.0,0.0,0.0
FROM_haweaflat,88,4,0.0,0.0,417.7347,35813.297,16594.959,0.0,0.0,0.0,0.0
FROM_moraine_top,88,4,0.0,6723.444,0.0,0.0,0.0,0.0,0.0,0.0,0.0
FROM_river_zone,88,4,0.0,12599.781,0.0,0.0,32788.88,0.0,42.174137,70.61254,0.0
FROM_main_terrace,88,4,0.0,803.50464,0.0,168.13951,0.0,6498.558,64982.41,5983.229,0.0
FROM_sandy_point,88,4,0.0,0.0,0.0,0.0,1680.8505,0.0,44.674667,0.0,0.0
FROM_clutha,88,4,0.0,0.0,0.0,3.3307781,1714.3081,12.87611,0.0,894.7095,0.0
FROM_sub_terrace,88,4,0.0,0.0,0.0,70.598755,450.31985,0.0,7244.1157,0.0,0.0
FROM_mangawera,88,4,0.0,0.0,0.0,3697.1016,0.0,0.0,0.0,0.0,0.0
TOTAL_IN,88,4,0.0,230615.2,33815.656,800200060.0,119877620.0,2831697200.0,9008215000.0,8206.152,3987.7283
TO_STORAGE,88,4,0.0,51.145855,1.9991814e-19,0.004269356,66.62558,0.0010805873,1.4279635,0.363778,0.017582713
TO_CONSTANT_HEAD,88,4,0.0,0.0,0.0,0.0,0.0,0.0,0.0,0.0,0.0
TO_WELLS,88,4,0.0,4388.5107,0.0,0.0,445.89493,28.567646,0.0,440.7458,290.60635
TO_HEAD_DEP_BOUNDS,88,4,0.0,0.0,624.48926,0.0,0.0,0.0,0.0,0.0,0.0
TO_RECHARGE,88,4,0.0,0.0,0.0,0.0,0.0,0.0,0.0,0.0,0.0
TO_STREAM_LEAKAGE,88,4,0.0,0.0,0.0,43258.617,1577.6558,6688.2036,71946.94,0.0,0.0
TO_STREAM_FLOW_OUT,88,4,0.0,0.0,0.0,0.0,0.0,0.0,0.0,0.0,0.0
TO_ZONE_0,88,4,0.0,0.0,0.0,0.0,0.0,0.0,0.0,0.0,0.0
TO_haweaflat,88,4,0.0,0.0,6723.444,12599.781,803.50464,0.0,0.0,0.0,0.0
TO_moraine_top,88,4,0.0,417.7347,0.0,0.0,0.0,0.0,0.0,0.0,0.0
TO_river_zone,88,4,0.0,35813.297,0.0,0.0,168.13951,0.0,3.3307781,70.598755,3697.1016
TO_main_terrace,88,4,0.0,16594.959,0.0,32788.88,0.0,1680.8505,1714.3081,450.31985,0.0
TO_sandy_point,88,4,0.0,0.0,0.0,0.0,6498.558,0.0,12.87611,0.0,0.0
TO_clutha,88,4,0.0,0.0,0.0,42.174137,64982.41,44.674667,0.0,7244.1157,0.0
TO_sub_terrace,88,4,0.0,0.0,0.0,70.61254,5983.229,0.0,894.7095,0.0,0.0
TO_mangawera,88,4,0.0,0.0,0.0,0.0,0.0,0.0,0.0,0.0,0.0
TOTAL_OUT,88,4,0.0,57265.65,7347.933,88760.06,80526.016,8442.298,74573.586,8206.144,3987.7256
IN-OUT,88,4,0.0,173349.56,26467.723,800111300.0,119797090.0,2831688700.0,9008140000.0,0.0087890625,0.0026855469
PERCENT_DISCREPANCY,88,4,,120.431465,128.59773,199.95564,199.73148,199.99881,199.99667,0.000107103384,6.73453e-05
FROM_STORAGE,89,4,0.0,16333.082,272.44376,3851.6462,460.824,0.001060711,3.5678086,2.7645538,0.57498205
FROM_CONSTANT_HEAD,89,4,0.0,0.0,0.0,0.0,0.0,0.0,0.0,0.0,0.0
FROM_WELLS,89,4,0.0,4777.7715,18.260052,1438.9762,8504.589,0.0,0.0,77.06712,1081.1698
FROM_HEAD_DEP_BOUNDS,89,4,0.0,0.0,3900.185,0.0,0.0,0.0,0.0,0.0,0.0
FROM_RECHARGE,89,4,0.0,11435.957,1631.3204,4484.366,15251.537,1894.4105,2240.9023,1178.2632,2905.9722
FROM_STREAM_LEAKAGE,89,4,0.0,3500.0,1100.0,39459.535,3119.7043,36.55455,16.53421,0.0,0.0
FROM_STREAM_FLOW_OUT,89,4,0.0,173263.03,26465.953,799950600.0,119794536.0,2831688700.0,9008134000.0,0.0,0.0
FROM_ZONE_0,89,4,0.0,0.0,0.0,0.0,0.0,0.0,0.0,0.0,0.0
FROM_haweaflat,89,4,0.0,0.0,413.1715,34943.61,16535.754,0.0,0.0,0.0,0.0
FROM_moraine_top,89,4,0.0,6727.547,0.0,0.0,0.0,0.0,0.0,0.0,0.0
FROM_river_zone,89,4,0.0,12816.102,0.0,0.0,32792.35,0.0,42.174267,70.6301,0.0
FROM_main_terrace,89,4,0.0,803.3146,0.0,167.84486,0.0,6498.558,64978.008,5982.314,0.0
FROM_sandy_point,89,4,0.0,0.0,0.0,0.0,1680.8505,0.0,44.674667,0.0,0.0
FROM_clutha,89,4,0.0,0.0,0.0,3.3307865,1713.7224,12.87611,0.0,894.6061,0.0
FROM_sub_terrace,89,4,0.0,0.0,0.0,70.59316,450.48218,0.0,7243.5234,0.0,0.0
FROM_mangawera,89,4,0.0,0.0,0.0,3697.0933,0.0,0.0,0.0,0.0,0.0
TOTAL_IN,89,4,0.0,229656.81,33801.336,800038700.0,119875040.0,2831697200.0,9008208000.0,8205.6455,3987.7168
TO_STORAGE,89,4,0.0,31.291397,1.8010099e-19,0.0030639737,54.222515,0.0010827859,1.1683615,0.28883064,0.01459721
TO_CONSTANT_HEAD,89,4,0.0,0.0,0.0,0.0,0.0,0.0,0.0,0.0,0.0
TO_WELLS,89,4,0.0,4388.5107,0.0,0.0,445.89493,28.567646,0.0,440.7458,290.60635
TO_HEAD_DEP_BOUNDS,89,4,0.0,0.0,606.42236,0.0,0.0,0.0,0.0,0.0,0.0
TO_RECHARGE,89,4,0.0,0.0,0.0,0.0,0.0,0.0,0.0,0.0,0.0
TO_STREAM_LEAKAGE,89,4,0.0,0.0,0.0,42376.38,1577.6558,6688.2036,71943.586,0.0,0.0
TO_STREAM_FLOW_OUT,89,4,0.0,0.0,0.0,0.0,0.0,0.0,0.0,0.0,0.0
TO_ZONE_0,89,4,0.0,0.0,0.0,0.0,0.0,0.0,0.0,0.0,0.0
TO_haweaflat,89,4,0.0,0.0,6727.547,12816.102,803.3146,0.0,0.0,0.0,0.0
TO_moraine_top,89,4,0.0,413.1715,0.0,0.0,0.0,0.0,0.0,0.0,0.0
TO_river_zone,89,4,0.0,34943.61,0.0,0.0,167.84486,0.0,3.3307865,70.59316,3697.0933
TO_main_terrace,89,4,0.0,16535.754,0.0,32792.35,0.0,1680.8505,1713.7224,450.48218,0.0
TO_sandy_point,89,4,0.0,0.0,0.0,0.0,6498.558,0.0,12.87611,0.0,0.0
TO_clutha,89,4,0.0,0.0,0.0,42.174267,64978.008,44.674667,0.0,7243.5234,0.0
TO_sub_terrace,89,4,0.0,0.0,0.0,70.6301,5982.314,0.0,894.6061,0.0,0.0
TO_mangawera,89,4,0.0,0.0,0.0,0.0,0.0,0.0,0.0,0.0,0.0
TOTAL_OUT,89,4,0.0,56312.336,7333.969,88097.64,80507.81,8442.298,74569.29,8205.634,3987.714
IN-OUT,89,4,0.0,173344.47,26467.367,799950600.0,119794536.0,2831688700.0,9008133000.0,0.01171875,0.0026855469
PERCENT_DISCREPANCY,89,4,,121.23298,128.68443,199.95595,199.73155,199.99881,199.99667,0.00014281337,6.73455e-05
FROM_STORAGE,90,4,0.0,14996.463,197.75946,3652.0947,497.78864,0.0010583927,4.314929,3.2349133,0.56394124
FROM_CONSTANT_HEAD,90,4,0.0,0.0,0.0,0.0,0.0,0.0,0.0,0.0,0.0
FROM_WELLS,90,4,0.0,4777.7715,18.260052,1438.9762,8504.589,0.0,0.0,77.06712,1081.1698
FROM_HEAD_DEP_BOUNDS,90,4,0.0,0.0,3972.379,0.0,0.0,0.0,0.0,0.0,0.0
FROM_RECHARGE,90,4,0.0,11435.957,1631.3204,4484.366,15251.537,1894.4105,2240.9023,1178.2632,2905.9722
FROM_STREAM_LEAKAGE,90,4,0.0,3500.0,1100.0,39837.844,3119.7043,36.55455,16.53421,0.0,0.0
FROM_STREAM_FLOW_OUT,90,4,0.0,173263.03,26465.953,799804540.0,119792180.0,2831688200.0,9008127000.0,0.0,0.0
FROM_ZONE_0,90,4,0.0,0.0,0.0,0.0,0.0,0.0,0.0,0.0,0.0
FROM_haweaflat,90,4,0.0,0.0,408.76593,34180.504,16478.988,0.0,0.0,0.0,0.0
FROM_moraine_top,90,4,0.0,6739.284,0.0,0.0,0.0,0.0,0.0,0.0,0.0
FROM_river_zone,90,4,0.0,13022.912,0.0,0.0,32796.285,0.0,42.174335,70.648926,0.0
FROM_main_terrace,90,4,0.0,803.1089,0.0,167.53139,0.0,6498.558,64972.97,5981.369,0.0
FROM_sandy_point,90,4,0.0,0.0,0.0,0.0,1680.8505,0.0,44.674667,0.0,0.0
FROM_clutha,90,4,0.0,0.0,0.0,3.330792,1713.1124,12.87611,0.0,894.4925,0.0
FROM_sub_terrace,90,4,0.0,0.0,0.0,70.58626,450.64792,0.0,7242.8516,0.0,0.0
FROM_mangawera,90,4,0.0,0.0,0.0,3697.084,0.0,0.0,0.0,0.0,0.0
TOTAL_IN,90,4,0.0,228538.52,33794.438,799892100.0,119872670.0,2831696600.0,9008201000.0,8205.075,3987.706
TO_STORAGE,90,4,0.0,16.90484,2.800596,0.0021778261,44.174114,0.001085119,0.9511789,0.2292922,0.01285142
TO_CONSTANT_HEAD,90,4,0.0,0.0,0.0,0.0,0.0,0.0,0.0,0.0,0.0
TO_WELLS,90,4,0.0,4119.5796,0.0,0.0,445.89493,28.567646,0.0,440.7458,290.60635
TO_HEAD_DEP_BOUNDS,90,4,0.0,0.0,585.3784,0.0,0.0,0.0,0.0,0.0,0.0
TO_RECHARGE,90,4,0.0,0.0,0.0,0.0,0.0,0.0,0.0,0.0,0.0
TO_STREAM_LEAKAGE,90,4,0.0,0.0,0.0,41581.703,1577.6558,6688.2036,71939.53,0.0,0.0
TO_STREAM_FLOW_OUT,90,4,0.0,0.0,0.0,0.0,0.0,0.0,0.0,0.0,0.0
TO_ZONE_0,90,4,0.0,0.0,0.0,0.0,0.0,0.0,0.0,0.0,0.0
TO_haweaflat,90,4,0.0,0.0,6739.284,13022.912,803.1089,0.0,0.0,0.0,0.0
TO_moraine_top,90,4,0.0,408.76593,0.0,0.0,0.0,0.0,0.0,0.0,0.0
TO_river_zone,90,4,0.0,34180.504,0.0,0.0,167.53139,0.0,3.330792,70.58626,3697.084
TO_main_terrace,90,4,0.0,16478.988,0.0,32796.285,0.0,1680.8505,1713.1124,450.64792,0.0
TO_sandy_point,90,4,0.0,0.0,0.0,0.0,6498.558,0.0,12.87611,0.0,0.0
TO_clutha,90,4,0.0,0.0,0.0,42.174335,64972.97,44.674667,0.0,7242.8516,0.0
TO_sub_terrace,90,4,0.0,0.0,0.0,70.648926,5981.369,0.0,894.4925,0.0,0.0
TO_mangawera,90,4,0.0,0.0,0.0,0.0,0.0,0.0,0.0,0.0,0.0
TOTAL_OUT,90,4,0.0,55204.742,7327.4634,87513.73,80491.26,8442.298,74564.29,8205.061,3987.7031
IN-OUT,90,4,0.0,173333.78,26466.975,799804600.0,119792184.0,2831688200.0,9008126000.0,0.0146484375,0.0029296875
PERCENT_DISCREPANCY,90,4,,122.1765,128.72447,199.95625,199.7316,199.99881,199.99667,0.00017852914,7.3468014e-05
FROM_STORAGE,91,4,0.0,14023.6,129.2287,3466.31,533.1832,0.0010558176,5.0444183,3.6763034,0.5524507
FROM_CONSTANT_HEAD,91,4,0.0,0.0,0.0,0.0,0.0,0.0,0.0,0.0,0.0
FROM_WELLS,91,4,0.0,4777.7715,18.260052,1438.9762,8504.589,0.0,0.0,77.06712,1081.1698
FROM_HEAD_DEP_BOUNDS,91,4,0.0,0.0,4047.2515,0.0,0.0,0.0,0.0,0.0,0.0
FROM_RECHARGE,91,4,0.0,11435.957,1631.3204,4484.366,15251.537,1894.4105,2240.9023,1178.2632,2905.9722
FROM_STREAM_LEAKAGE,91,4,0.0,3500.0,1100.0,40217.344,3119.7043,36.55455,16.53421,0.0,0.0
FROM_STREAM_FLOW_OUT,91,4,0.0,173263.03,26465.953,799670660.0,119790000.0,2831687200.0,9008119000.0,0.0,0.0
FROM_ZONE_0,91,4,0.0,0.0,0.0,0.0,0.0,0.0,0.0,0.0,0.0
FROM_haweaflat,91,4,0.0,0.0,404.10303,33502.703,16424.828,0.0,0.0,0.0,0.0
FROM_moraine_top,91,4,0.0,6760.5737,0.0,0.0,0.0,0.0,0.0,0.0,0.0
FROM_river_zone,91,4,0.0,13228.412,0.0,0.0,32800.605,0.0,42.174423,70.668785,0.0
FROM_main_terrace,91,4,0.0,802.8876,0.0,167.20311,0.0,6498.558,64967.383,5980.4043,0.0
FROM_sandy_point,91,4,0.0,0.0,0.0,0.0,1680.8505,0.0,44.674667,0.0,0.0
FROM_clutha,91,4,0.0,0.0,0.0,3.3307958,1712.4884,12.87611,0.0,894.3707,0.0
FROM_sub_terrace,91,4,0.0,0.0,0.0,70.57798,450.81454,0.0,7242.112,0.0,0.0
FROM_mangawera,91,4,0.0,0.0,0.0,3697.0742,0.0,0.0,0.0,0.0,0.0
TOTAL_IN,91,4,0.0,227792.23,33796.117,799757700.0,119870470.0,2831695600.0,9008193000.0,8204.45,3987.6943
TO_STORAGE,91,4,0.0,8.062376,7.812453,0.0015213623,36.150143,0.0010875436,0.7648803,0.18295449,0.011366172
TO_CONSTANT_HEAD,91,4,0.0,0.0,0.0,0.0,0.0,0.0,0.0,0.0,0.0
TO_WELLS,91,4,0.0,4119.5796,0.0,0.0,445.89493,28.567646,0.0,440.7458,290.60635
TO_HEAD_DEP_BOUNDS,91,4,0.0,0.0,561.2051,0.0,0.0,0.0,0.0,0.0,0.0
TO_RECHARGE,91,4,0.0,0.0,0.0,0.0,0.0,0.0,0.0,0.0,0.0
TO_STREAM_LEAKAGE,91,4,0.0,0.0,0.0,40888.55,1577.6558,6688.2036,71934.914,0.0,0.0
TO_STREAM_FLOW_OUT,91,4,0.0,0.0,0.0,0.0,0.0,0.0,0.0,0.0,0.0
TO_ZONE_0,91,4,0.0,0.0,0.0,0.0,0.0,0.0,0.0,0.0,0.0
TO_haweaflat,91,4,0.0,0.0,6760.5737,13228.412,802.8876,0.0,0.0,0.0,0.0
TO_moraine_top,91,4,0.0,404.10303,0.0,0.0,0.0,0.0,0.0,0.0,0.0
TO_river_zone,91,4,0.0,33502.703,0.0,0.0,167.20311,0.0,3.3307958,70.57798,3697.0742
TO_main_terrace,91,4,0.0,16424.828,0.0,32800.605,0.0,1680.8505,1712.4884,450.81454,0.0
TO_sandy_point,91,4,0.0,0.0,0.0,0.0,6498.558,0.0,12.87611,0.0,0.0
TO_clutha,91,4,0.0,0.0,0.0,42.174423,64967.383,44.674667,0.0,7242.112,0.0
TO_sub_terrace,91,4,0.0,0.0,0.0,70.668785,5980.4043,0.0,894.3707,0.0,0.0
TO_mangawera,91,4,0.0,0.0,0.0,0.0,0.0,0.0,0.0,0.0,0.0
TOTAL_OUT,91,4,0.0,54459.277,7329.5913,87030.41,80476.14,8442.298,74558.74,8204.434,3987.692
IN-OUT,91,4,0.0,173332.95,26466.525,799670660.0,119789990.0,2831687200.0,9008118000.0,0.016601562,0.0024414062
PERCENT_DISCREPANCY,91,4,,122.82164,128.71037,199.95648,199.73161,199.9988,199.99669,0.00020234848,6.122352e-05
FROM_STORAGE,92,4,0.0,13127.526,68.38003,3284.3674,567.05164,0.0010533814,5.7498417,4.085278,0.54139215
FROM_CONSTANT_HEAD,92,4,0.0,0.0,0.0,0.0,0.0,0.0,0.0,0.0,0.0
FROM_WELLS,92,4,0.0,4777.7715,18.260052,1438.9762,8504.589,0.0,0.0,77.06712,1081.1698
FROM_HEAD_DEP_BOUNDS,92,4,0.0,0.0,4125.833,0.0,0.0,0.0,0.0,0.0,0.0
FROM_RECHARGE,92,4,0.0,11435.957,1631.3204,4484.366,15251.537,1894.4105,2240.9023,1178.2632,2905.9722
FROM_STREAM_LEAKAGE,92,4,0.0,3500.0,1100.0,40567.125,3119.7043,36.55455,16.53421,0.0,0.0
FROM_STREAM_FLOW_OUT,92,4,0.0,173263.03,26465.953,799548300.0,119788030.0,2831686700.0,9008114000.0,0.0,0.0
FROM_ZONE_0,92,4,0.0,0.0,0.0,0.0,0.0,0.0,0.0,0.0,0.0
FROM_haweaflat,92,4,0.0,0.0,399.28314,32899.46,16372.9,0.0,0.0,0.0,0.0
FROM_moraine_top,92,4,0.0,6789.912,0.0,0.0,0.0,0.0,0.0,0.0,0.0
FROM_river_zone,92,4,0.0,13426.17,0.0,0.0,32805.266,0.0,42.17447,70.68948,0.0
FROM_main_terrace,92,4,0.0,802.65674,0.0,166.86201,0.0,6498.558,64961.3,5979.417,0.0
FROM_sandy_point,92,4,0.0,0.0,0.0,0.0,1680.8505,0.0,44.674667,0.0,0.0
FROM_clutha,92,4,0.0,0.0,0.0,3.330799,1711.856,12.87611,0.0,894.2416,0.0
FROM_sub_terrace,92,4,0.0,0.0,0.0,70.568504,450.97348,0.0,7241.3115,0.0,0.0
FROM_mangawera,92,4,0.0,0.0,0.0,3697.0637,0.0,0.0,0.0,0.0,0.0
TOTAL_IN,92,4,0.0,227123.02,33809.027,799634940.0,119868500.0,2831695000.0,9008187000.0,8203.764,3987.6833
TO_STORAGE,92,4,0.0,2.7375717,18.997038,0.0011250651,29.718597,0.0010896288,0.6058764,0.14525893,0.010371932
TO_CONSTANT_HEAD,92,4,0.0,0.0,0.0,0.0,0.0,0.0,0.0,0.0,0.0
TO_WELLS,92,4,0.0,4119.5796,0.0,0.0,445.89493,28.567646,0.0,440.7458,290.60635
TO_HEAD_DEP_BOUNDS,92,4,0.0,0.0,533.98047,0.0,0.0,0.0,0.0,0.0,0.0
TO_RECHARGE,92,4,0.0,0.0,0.0,0.0,0.0,0.0,0.0,0.0,0.0
TO_STREAM_LEAKAGE,92,4,0.0,0.0,0.0,40251.418,1577.689,6688.2036,71929.77,0.0,0.0
TO_STREAM_FLOW_OUT,92,4,0.0,0.0,0.0,0.0,0.0,0.0,0.0,0.0,0.0
TO_ZONE_0,92,4,0.0,0.0,0.0,0.0,0.0,0.0,0.0,0.0,0.0
TO_haweaflat,92,4,0.0,0.0,6789.912,13426.17,802.65674,0.0,0.0,0.0,0.0
TO_moraine_top,92,4,0.0,399.28314,0.0,0.0,0.0,0.0,0.0,0.0,0.0
TO_river_zone,92,4,0.0,32899.46,0.0,0.0,166.86201,0.0,3.330799,70.568504,3697.0637
TO_main_terrace,92,4,0.0,16372.9,0.0,32805.266,0.0,1680.8505,1711.856,450.97348,0.0
TO_sandy_point,92,4,0.0,0.0,0.0,0.0,6498.558,0.0,12.87611,0.0,0.0
TO_clutha,92,4,0.0,0.0,0.0,42.17447,64961.3,44.674667,0.0,7241.3115,0.0
TO_sub_terrace,92,4,0.0,0.0,0.0,70.68948,5979.417,0.0,894.2416,0.0,0.0
TO_mangawera,92,4,0.0,0.0,0.0,0.0,0.0,0.0,0.0,0.0,0.0
TOTAL_OUT,92,4,0.0,53793.96,7342.8896,86595.71,80462.09,8442.298,74552.69,8203.744,3987.6804
IN-OUT,92,4,0.0,173329.06,26466.137,799548350.0,119788030.0,2831686700.0,9008113000.0,0.01953125,0.0029296875
PERCENT_DISCREPANCY,92,4,,123.40234,128.62651,199.9567,199.73167,199.99881,199.99667,0.00023807699,7.3468436e-05
FROM_STORAGE,93,4,0.0,12312.503,26.45942,3102.7773,598.4306,0.0010590252,6.4279723,4.460796,0.5303954
FROM_CONSTANT_HEAD,93,4,0.0,0.0,0.0,0.0,0.0,0.0,0.0,0.0,0.0
FROM_WELLS,93,4,0.0,4777.7715,18.260052,1438.9762,8504.589,0.0,0.0,77.06712,1081.1698
FROM_HEAD_DEP_BOUNDS,93,4,0.0,0.0,4208.28,0.0,0.0,0.0,0.0,0.0,0.0
FROM_RECHARGE,93,4,0.0,11435.957,1631.3204,4484.366,15251.537,1894.4105,2240.9023,1178.2632,2905.9722
FROM_STREAM_LEAKAGE,93,4,0.0,3500.0,1100.0,40884.215,3119.7043,36.55455,16.53421,0.0,0.0
FROM_STREAM_FLOW_OUT,93,4,0.0,173263.03,26465.953,799436350.0,119786230.0,2831686700.0,9008108000.0,0.0,0.0
FROM_ZONE_0,93,4,0.0,0.0,0.0,0.0,0.0,0.0,0.0,0.0,0.0
FROM_haweaflat,93,4,0.0,0.0,393.83966,32356.29,16323.246,0.0,0.0,0.0,0.0
FROM_moraine_top,93,4,0.0,6827.746,0.0,0.0,0.0,0.0,0.0,0.0,0.0
FROM_river_zone,93,4,0.0,13599.396,0.0,0.0,32810.22,0.0,42.174496,70.710846,0.0
FROM_main_terrace,93,4,0.0,802.41846,0.0,166.51077,0.0,6498.558,64954.777,5978.4136,0.0
FROM_sandy_point,93,4,0.0,0.0,0.0,0.0,1680.8505,0.0,44.674667,0.0,0.0
FROM_clutha,93,4,0.0,0.0,0.0,3.330801,1711.2219,12.87611,0.0,894.1064,0.0
FROM_sub_terrace,93,4,0.0,0.0,0.0,70.55797,451.12418,0.0,7240.4575,0.0,0.0
FROM_mangawera,93,4,0.0,0.0,0.0,3697.0537,0.0,0.0,0.0,0.0,0.0
TOTAL_IN,93,4,0.0,226518.83,33844.113,799522600.0,119866670.0,2831695000.0,9008181000.0,8203.021,3987.6724
TO_STORAGE,93,4,0.0,0.91242874,46.572845,0.00086184335,23.831701,0.0010839218,0.47428444,0.115244225,0.009650664
TO_CONSTANT_HEAD,93,4,0.0,0.0,0.0,0.0,0.0,0.0,0.0,0.0,0.0
TO_WELLS,93,4,0.0,4119.5796,0.0,0.0,445.89493,28.567646,0.0,440.7458,290.60635
TO_HEAD_DEP_BOUNDS,93,4,0.0,0.0,504.04248,0.0,0.0,0.0,0.0,0.0,0.0
TO_RECHARGE,93,4,0.0,0.0,0.0,0.0,0.0,0.0,0.0,0.0,0.0
TO_STREAM_LEAKAGE,93,4,0.0,0.0,0.0,39666.156,1577.689,6688.2036,71923.83,0.0,0.0
TO_STREAM_FLOW_OUT,93,4,0.0,0.0,0.0,0.0,0.0,0.0,0.0,0.0,0.0
TO_ZONE_0,93,4,0.0,0.0,0.0,0.0,0.0,0.0,0.0,0.0,0.0
TO_haweaflat,93,4,0.0,0.0,6827.746,13599.396,802.41846,0.0,0.0,0.0,0.0
TO_moraine_top,93,4,0.0,393.83966,0.0,0.0,0.0,0.0,0.0,0.0,0.0
TO_river_zone,93,4,0.0,32356.29,0.0,0.0,166.51077,0.0,3.330801,70.55797,3697.0537
TO_main_terrace,93,4,0.0,16323.246,0.0,32810.22,0.0,1680.8505,1711.2219,451.12418,0.0
TO_sandy_point,93,4,0.0,0.0,0.0,0.0,6498.558,0.0,12.87611,0.0,0.0
TO_clutha,93,4,0.0,0.0,0.0,42.174496,64954.777,44.674667,0.0,7240.4575,0.0
TO_sub_terrace,93,4,0.0,0.0,0.0,70.710846,5978.4136,0.0,894.1064,0.0,0.0
TO_mangawera,93,4,0.0,0.0,0.0,0.0,0.0,0.0,0.0,0.0,0.0
TOTAL_OUT,93,4,0.0,53193.867,7378.3613,86188.66,80448.09,8442.298,74545.836,8203.001,3987.6697
IN-OUT,93,4,0.0,173324.97,26465.752,799436400.0,119786220.0,2831686700.0,9008106000.0,0.020507812,0.0026855469
PERCENT_DISCREPANCY,93,4,,123.93071,128.40448,199.95686,199.73172,199.99881,199.99669,0.00025000345,6.734625e-05
FROM_STORAGE,94,4,0.0,11573.49,6.7496595,2921.1748,627.4731,0.0010565602,7.069936,4.8035636,0.51874936
FROM_CONSTANT_HEAD,94,4,0.0,0.0,0.0,0.0,0.0,0.0,0.0,0.0,0.0
FROM_WELLS,94,4,0.0,4777.7715,18.260052,1438.9762,8504.589,0.0,0.0,77.06712,1081.1698
FROM_HEAD_DEP_BOUNDS,94,4,0.0,0.0,4293.411,0.0,0.0,0.0,0.0,0.0,0.0
FROM_RECHARGE,94,4,0.0,11435.957,1631.3204,4484.366,15251.537,1894.4105,2240.9023,1178.2632,2905.9722
FROM_STREAM_LEAKAGE,94,4,0.0,3500.0,1100.0,41173.3,3119.7043,36.55455,16.53421,0.0,0.0
FROM_STREAM_FLOW_OUT,94,4,0.0,173263.03,26465.953,799334400.0,119784600.0,2831686700.0,9008103000.0,0.0,0.0
FROM_ZONE_0,94,4,0.0,0.0,0.0,0.0,0.0,0.0,0.0,0.0,0.0
FROM_haweaflat,94,4,0.0,0.0,387.94263,31869.459,16276.016,0.0,0.0,0.0,0.0
FROM_moraine_top,94,4,0.0,6874.215,0.0,0.0,0.0,0.0,0.0,0.0,0.0
FROM_river_zone,94,4,0.0,13748.291,0.0,0.0,32815.406,0.0,42.1745,70.73264,0.0
FROM_main_terrace,94,4,0.0,802.1727,0.0,166.15213,0.0,6498.558,64947.9,5977.401,0.0
FROM_sandy_point,94,4,0.0,0.0,0.0,0.0,1680.8505,0.0,44.674667,0.0,0.0
FROM_clutha,94,4,0.0,0.0,0.0,3.3308027,1710.5923,12.87611,0.0,893.9663,0.0
FROM_sub_terrace,94,4,0.0,0.0,0.0,70.54651,451.26624,0.0,7239.5596,0.0,0.0
FROM_mangawera,94,4,0.0,0.0,0.0,3697.0432,0.0,0.0,0.0,0.0,0.0
TOTAL_IN,94,4,0.0,225974.94,33903.637,799420300.0,119865040.0,2831695000.0,9008177000.0,8202.234,3987.6606
TO_STORAGE,94,4,0.0,0.7121528,93.569595,0.0006993935,18.676735,0.0010862875,0.36337668,0.092529334,0.008603671
TO_CONSTANT_HEAD,94,4,0.0,0.0,0.0,0.0,0.0,0.0,0.0,0.0,0.0
TO_WELLS,94,4,0.0,4119.5796,0.0,0.0,445.89493,28.567646,0.0,440.7458,290.60635
TO_HEAD_DEP_BOUNDS,94,4,0.0,0.0,470.4502,0.0,0.0,0.0,0.0,0.0,0.0
TO_RECHARGE,94,4,0.0,0.0,0.0,0.0,0.0,0.0,0.0,0.0,0.0
TO_STREAM_LEAKAGE,94,4,0.0,0.0,0.0,39133.19,1577.689,6688.2036,71917.586,0.0,0.0
TO_STREAM_FLOW_OUT,94,4,0.0,0.0,0.0,0.0,0.0,0.0,0.0,0.0,0.0
TO_ZONE_0,94,4,0.0,0.0,0.0,0.0,0.0,0.0,0.0,0.0,0.0
TO_haweaflat,94,4,0.0,0.0,6874.215,13748.291,802.1727,0.0,0.0,0.0,0.0
TO_moraine_top,94,4,0.0,387.94263,0.0,0.0,0.0,0.0,0.0,0.0,0.0
TO_river_zone,94,4,0.0,31869.459,0.0,0.0,166.15213,0.0,3.3308027,70.54651,3697.0432
TO_main_terrace,94,4,0.0,16276.016,0.0,32815.406,0.0,1680.8505,1710.5923,451.26624,0.0
TO_sandy_point,94,4,0.0,0.0,0.0,0.0,6498.558,0.0,12.87611,0.0,0.0
TO_clutha,94,4,0.0,0.0,0.0,42.1745,64947.9,44.674667,0.0,7239.5596,0.0
TO_sub_terrace,94,4,0.0,0.0,0.0,70.73264,5977.401,0.0,893.9663,0.0,0.0
TO_mangawera,94,4,0.0,0.0,0.0,0.0,0.0,0.0,0.0,0.0,0.0
TOTAL_OUT,94,4,0.0,52653.71,7438.2344,85809.8,80434.44,8442.298,74538.72,8202.211,3987.6582
IN-OUT,94,4,0.0,173321.22,26465.402,799334460.0,119784610.0,2831686700.0,9008102000.0,0.0234375,0.0024414062
PERCENT_DISCREPANCY,94,4,,124.41019,128.03195,199.95706,199.73178,199.99881,199.99667,0.00028574571,6.122404e-05
FROM_STORAGE,95,4,0.0,8232.485,385.52798,2113.372,645.8067,0.0010533696,7.6358843,5.0863976,0.49622196
FROM_CONSTANT_HEAD,95,4,0.0,0.0,0.0,0.0,0.0,0.0,0.0,0.0,0.0
FROM_WELLS,95,4,0.0,4777.7715,18.260052,1438.9762,8504.589,0.0,0.0,77.06712,1081.1698
FROM_HEAD_DEP_BOUNDS,95,4,0.0,0.0,17805.068,0.0,0.0,0.0,0.0,0.0,0.0
FROM_RECHARGE,95,4,0.0,11435.957,1631.3204,4484.366,15251.537,1894.4105,2240.9023,1178.2632,2905.9722
FROM_STREAM_LEAKAGE,95,4,0.0,3500.0,1100.0,41193.336,3119.7043,36.55455,16.53421,0.0,0.0
FROM_STREAM_FLOW_OUT,95,4,0.0,173263.03,26465.953,799301900.0,119784030.0,2831686100.0,9008102000.0,0.0,0.0
FROM_ZONE_0,95,4,0.0,0.0,0.0,0.0,0.0,0.0,0.0,0.0,0.0
FROM_haweaflat,95,4,0.0,0.0,406.5343,32184.217,16236.673,0.0,0.0,0.0,0.0
FROM_moraine_top,95,4,0.0,15974.117,0.0,0.0,0.0,0.0,0.0,0.0,0.0
FROM_river_zone,95,4,0.0,13155.959,0.0,0.0,32820.87,0.0,42.17448,70.75468,0.0
FROM_main_terrace,95,4,0.0,801.84143,0.0,165.78952,0.0,6498.558,64940.72,5976.388,0.0
FROM_sandy_point,95,4,0.0,0.0,0.0,0.0,1680.8505,0.0,44.67467,0.0,0.0
FROM_clutha,95,4,0.0,0.0,0.0,3.330804,1709.9727,12.87611,0.0,893.8227,0.0
FROM_sub_terrace,95,4,0.0,0.0,0.0,70.53418,451.3998,0.0,7238.6274,0.0,0.0
FROM_mangawera,95,4,0.0,0.0,0.0,3697.024,0.0,0.0,0.0,0.0,0.0
TOTAL_IN,95,4,0.0,231141.17,47812.664,799387260.0,119864456.0,2831694600.0,9008176000.0,8201.382,3987.6382
TO_STORAGE,95,4,0.0,4930.229,4240.558,395.5078,14.351306,0.0010892034,0.27042514,0.07323591,0.0078091146
TO_CONSTANT_HEAD,95,4,0.0,0.0,0.0,0.0,0.0,0.0,0.0,0.0,0.0
TO_WELLS,95,4,0.0,4119.5796,0.0,0.0,445.89493,28.567646,0.0,440.7458,290.60635
TO_HEAD_DEP_BOUNDS,95,4,0.0,0.0,1133.581,0.0,0.0,0.0,0.0,0.0,0.0
TO_RECHARGE,95,4,0.0,0.0,0.0,0.0,0.0,0.0,0.0,0.0,0.0
TO_STREAM_LEAKAGE,95,4,0.0,0.0,0.0,38865.176,1577.689,6688.2036,71910.945,0.0,0.0
TO_STREAM_FLOW_OUT,95,4,0.0,0.0,0.0,0.0,0.0,0.0,0.0,0.0,0.0
TO_ZONE_0,95,4,0.0,0.0,0.0,0.0,0.0,0.0,0.0,0.0,0.0
TO_haweaflat,95,4,0.0,0.0,15974.117,13155.959,801.84143,0.0,0.0,0.0,0.0
TO_moraine_top,95,4,0.0,406.5343,0.0,0.0,0.0,0.0,0.0,0.0,0.0
TO_river_zone,95,4,0.0,32184.217,0.0,0.0,165.78952,0.0,3.330804,70.53418,3697.024
TO_main_terrace,95,4,0.0,16236.673,0.0,32820.87,0.0,1680.8505,1709.9727,451.3998,0.0
TO_sandy_point,95,4,0.0,0.0,0.0,0.0,6498.558,0.0,12.87611,0.0,0.0
TO_clutha,95,4,0.0,0.0,0.0,42.17448,64940.72,44.67467,0.0,7238.6274,0.0
TO_sub_terrace,95,4,0.0,0.0,0.0,70.75468,5976.388,0.0,893.8227,0.0,0.0
TO_mangawera,95,4,0.0,0.0,0.0,0.0,0.0,0.0,0.0,0.0,0.0
TOTAL_OUT,95,4,0.0,57877.23,21348.256,85350.445,80421.234,8442.298,74531.21,8201.381,3987.6382
IN-OUT,95,4,0.0,173263.94,26464.408,799301900.0,119784030.0,2831686100.0,9008101000.0,0.0009765625,0.0
PERCENT_DISCREPANCY,95,4,,119.8982,76.529945,199.95728,199.7318,199.9988,199.99669,1.1907294e-05,0.0
FROM_STORAGE,96,4,0.0,6696.0415,116.98483,1467.2955,650.18677,0.0010586572,8.178028,5.337442,0.43255895
FROM_CONSTANT_HEAD,96,4,0.0,0.0,0.0,0.0,0.0,0.0,0.0,0.0,0.0
FROM_WELLS,96,4,0.0,4777.7715,18.260052,1438.9762,8504.589,0.0,0.0,77.06712,1081.1698
FROM_HEAD_DEP_BOUNDS,96,4,0.0,0.0,22609.424,0.0,0.0,0.0,0.0,0.0,0.0
FROM_RECHARGE,96,4,0.0,11435.957,1631.3204,4484.366,15251.537,1894.4105,2240.9023,1178.2632,2905.9722
FROM_STREAM_LEAKAGE,96,4,0.0,3500.0,1100.0,40671.594,3119.7043,36.55455,16.53421,0.0,0.0
FROM_STREAM_FLOW_OUT,96,4,0.0,173263.03,26465.953,799402430.0,119785510.0,2831686100.0,9008104000.0,0.0,0.0
FROM_ZONE_0,96,4,0.0,0.0,0.0,0.0,0.0,0.0,0.0,0.0,0.0
FROM_haweaflat,96,4,0.0,0.0,403.7422,33459.586,16214.513,0.0,0.0,0.0,0.0
FROM_moraine_top,96,4,0.0,23913.633,0.0,0.0,0.0,0.0,0.0,0.0,0.0
FROM_river_zone,96,4,0.0,12253.572,0.0,0.0,32826.71,0.0,42.174458,70.7767,0.0
FROM_main_terrace,96,4,0.0,801.3826,0.0,165.43098,0.0,6498.558,64933.332,5975.393,0.0
FROM_sandy_point,96,4,0.0,0.0,0.0,0.0,1680.8505,0.0,44.67467,0.0,0.0
FROM_clutha,96,4,0.0,0.0,0.0,3.330805,1709.3689,12.87611,0.0,893.67725,0.0
FROM_sub_terrace,96,4,0.0,0.0,0.0,70.52114,451.51938,0.0,7237.6694,0.0,0.0
FROM_mangawera,96,4,0.0,0.0,0.0,3696.9612,0.0,0.0,0.0,0.0,0.0
TOTAL_IN,96,4,0.0,236641.39,52345.684,799487940.0,119865920.0,2831694600.0,9008178000.0,8200.515,3987.5747
TO_STORAGE,96,4,0.0,9181.6875,1100.5967,1180.9265,11.125997,0.0010836413,0.19899897,0.057770707,0.006525785
TO_CONSTANT_HEAD,96,4,0.0,0.0,0.0,0.0,0.0,0.0,0.0,0.0,0.0
TO_WELLS,96,4,0.0,4119.5796,0.0,0.0,445.89493,28.567646,0.0,440.7458,290.60635
TO_HEAD_DEP_BOUNDS,96,4,0.0,0.0,865.83984,0.0,0.0,0.0,0.0,0.0,0.0
TO_RECHARGE,96,4,0.0,0.0,0.0,0.0,0.0,0.0,0.0,0.0,0.0
TO_STREAM_LEAKAGE,96,4,0.0,0.0,0.0,39083.42,1577.689,6688.2036,71904.11,0.0,0.0
TO_STREAM_FLOW_OUT,96,4,0.0,0.0,0.0,0.0,0.0,0.0,0.0,0.0,0.0
TO_ZONE_0,96,4,0.0,0.0,0.0,0.0,0.0,0.0,0.0,0.0,0.0
TO_haweaflat,96,4,0.0,0.0,23913.633,12253.572,801.3826,0.0,0.0,0.0,0.0
TO_moraine_top,96,4,0.0,403.7422,0.0,0.0,0.0,0.0,0.0,0.0,0.0
TO_river_zone,96,4,0.0,33459.586,0.0,0.0,165.43098,0.0,3.330805,70.52114,3696.9612
TO_main_terrace,96,4,0.0,16214.513,0.0,32826.71,0.0,1680.8505,1709.3689,451.51938,0.0
TO_sandy_point,96,4,0.0,0.0,0.0,0.0,6498.558,0.0,12.87611,0.0,0.0
TO_clutha,96,4,0.0,0.0,0.0,42.174458,64933.332,44.67467,0.0,7237.6694,0.0
TO_sub_terrace,96,4,0.0,0.0,0.0,70.7767,5975.393,0.0,893.67725,0.0,0.0
TO_mangawera,96,4,0.0,0.0,0.0,0.0,0.0,0.0,0.0,0.0,0.0
TOTAL_OUT,96,4,0.0,63379.105,25880.07,85457.58,80408.805,8442.298,74523.555,8200.514,3987.574
IN-OUT,96,4,0.0,173262.28,26465.613,799402500.0,119785510.0,2831686100.0,9008103000.0,0.0009765625,0.0007324219
PERCENT_DISCREPANCY,96,4,,115.5003,67.66471,199.95724,199.73186,199.9988,199.99667,1.1908553e-05,1.8367606e-05
FROM_STORAGE,97,4,0.0,5446.489,1.4258351,1043.137,640.85583,0.0010554256,8.628189,5.511451,0.34250244
FROM_CONSTANT_HEAD,97,4,0.0,0.0,0.0,0.0,0.0,0.0,0.0,0.0,0.0
FROM_WELLS,97,4,0.0,4777.7715,18.260052,1438.9762,8504.589,0.0,0.0,77.06712,1081.1698
FROM_HEAD_DEP_BOUNDS,97,4,0.0,0.0,28022.586,0.0,0.0,0.0,0.0,0.0,0.0
FROM_RECHARGE,97,4,0.0,11435.957,1631.3204,4484.366,15251.537,1894.4105,2240.9023,1178.2632,2905.9722
FROM_STREAM_LEAKAGE,97,4,0.0,3500.0,1100.0,39891.547,3119.7043,36.55455,16.53421,0.0,0.0
FROM_STREAM_FLOW_OUT,97,4,0.0,173263.03,26465.953,799576700.0,119788160.0,2831686000.0,9008112000.0,0.0,0.0
FROM_ZONE_0,97,4,0.0,0.0,0.0,0.0,0.0,0.0,0.0,0.0,0.0
FROM_haweaflat,97,4,0.0,0.0,394.41046,35254.9,16206.795,0.0,0.0,0.0,0.0
FROM_moraine_top,97,4,0.0,29615.812,0.0,0.0,0.0,0.0,0.0,0.0,0.0
FROM_river_zone,97,4,0.0,11714.867,0.0,0.0,32832.76,0.0,42.17443,70.79826,0.0
FROM_main_terrace,97,4,0.0,800.9037,0.0,165.08545,0.0,6498.558,64925.832,5974.4473,0.0
FROM_sandy_point,97,4,0.0,0.0,0.0,0.0,1680.8505,0.0,44.67467,0.0,0.0
FROM_clutha,97,4,0.0,0.0,0.0,3.3308053,1708.7915,12.87611,0.0,893.5327,0.0
FROM_sub_terrace,97,4,0.0,0.0,0.0,70.507545,451.618,0.0,7236.7007,0.0,0.0
FROM_mangawera,97,4,0.0,0.0,0.0,3696.87,0.0,0.0,0.0,0.0,0.0
TOTAL_IN,97,4,0.0,240554.84,57633.957,799662800.0,119868560.0,2831694300.0,9008185000.0,8199.62,3987.4844
TO_STORAGE,97,4,0.0,11317.732,860.7449,1764.8243,8.920221,0.0010866211,0.14362638,0.04610084,0.007707742
TO_CONSTANT_HEAD,97,4,0.0,0.0,0.0,0.0,0.0,0.0,0.0,0.0,0.0
TO_WELLS,97,4,0.0,4119.5796,0.0,0.0,445.89493,28.567646,0.0,440.7458,290.60635
TO_HEAD_DEP_BOUNDS,97,4,0.0,0.0,691.87256,0.0,0.0,0.0,0.0,0.0,0.0
TO_RECHARGE,97,4,0.0,0.0,0.0,0.0,0.0,0.0,0.0,0.0,0.0
TO_STREAM_LEAKAGE,97,4,0.0,0.0,0.0,39623.336,1577.7222,6688.2036,71896.94,0.0,0.0
TO_STREAM_FLOW_OUT,97,4,0.0,0.0,0.0,0.0,0.0,0.0,0.0,0.0,0.0
TO_ZONE_0,97,4,0.0,0.0,0.0,0.0,0.0,0.0,0.0,0.0,0.0
TO_haweaflat,97,4,0.0,0.0,29615.812,11714.867,800.9037,0.0,0.0,0.0,0.0
TO_moraine_top,97,4,0.0,394.41046,0.0,0.0,0.0,0.0,0.0,0.0,0.0
TO_river_zone,97,4,0.0,35254.9,0.0,0.0,165.08545,0.0,3.3308053,70.507545,3696.87
TO_main_terrace,97,4,0.0,16206.795,0.0,32832.76,0.0,1680.8505,1708.7915,451.618,0.0
TO_sandy_point,97,4,0.0,0.0,0.0,0.0,6498.558,0.0,12.87611,0.0,0.0
TO_clutha,97,4,0.0,0.0,0.0,42.17443,64925.832,44.67467,0.0,7236.7007,0.0
TO_sub_terrace,97,4,0.0,0.0,0.0,70.79826,5974.4473,0.0,893.5327,0.0,0.0
TO_mangawera,97,4,0.0,0.0,0.0,0.0,0.0,0.0,0.0,0.0,0.0
TOTAL_OUT,97,4,0.0,67293.414,31168.43,86048.76,80397.36,8442.298,74515.6,8199.618,3987.4841
IN-OUT,97,4,0.0,173261.44,26465.527,799576700.0,119788160.0,2831686000.0,9008111000.0,0.001953125,0.00024414062
PERCENT_DISCREPANCY,97,4,,112.56289,59.60544,199.95695,199.73187,199.99883,199.99669,2.3819704e-05,6.122673e-06
FROM_STORAGE,98,4,0.0,4451.5103,0.0021865908,743.1957,621.14575,0.0010512816,8.958973,5.5923066,0.27687088
FROM_CONSTANT_HEAD,98,4,0.0,0.0,0.0,0.0,0.0,0.0,0.0,0.0,0.0
FROM_WELLS,98,4,0.0,4777.7715,18.260052,1438.9762,8504.589,0.0,0.0,77.06712,1081.1698
FROM_HEAD_DEP_BOUNDS,98,4,0.0,0.0,32897.32,0.0,0.0,0.0,0.0,0.0,0.0
FROM_RECHARGE,98,4,0.0,11435.957,1631.3204,4484.366,15251.537,1894.4105,2240.9023,1178.2632,2905.9722
FROM_STREAM_LEAKAGE,98,4,0.0,3500.0,1100.0,39064.953,3119.7043,36.55455,16.53421,0.0,0.0
FROM_STREAM_FLOW_OUT,98,4,0.0,173263.03,26465.953,799785500.0,119791330.0,2831685000.0,9008117000.0,0.0,0.0
FROM_ZONE_0,98,4,0.0,0.0,0.0,0.0,0.0,0.0,0.0,0.0,0.0
FROM_haweaflat,98,4,0.0,0.0,384.75433,37431.812,16210.117,0.0,0.0,0.0,0.0
FROM_moraine_top,98,4,0.0,34401.047,0.0,0.0,0.0,0.0,0.0,0.0,0.0
FROM_river_zone,98,4,0.0,11530.476,0.0,0.0,32838.816,0.0,42.17437,70.81882,0.0
FROM_main_terrace,98,4,0.0,800.4575,0.0,164.76077,0.0,6498.558,64918.37,5973.5757,0.0
FROM_sandy_point,98,4,0.0,0.0,0.0,0.0,1680.8505,0.0,44.67467,0.0,0.0
FROM_clutha,98,4,0.0,0.0,0.0,3.3308058,1708.2549,12.87611,0.0,893.3923,0.0
FROM_sub_terrace,98,4,0.0,0.0,0.0,70.493744,451.69138,0.0,7235.7397,0.0,0.0
FROM_mangawera,98,4,0.0,0.0,0.0,3696.7742,0.0,0.0,0.0,0.0,0.0
TOTAL_IN,98,4,0.0,244160.23,62497.61,799872640.0,119871710.0,2831693600.0,9008190000.0,8198.71,3987.419
TO_STORAGE,98,4,0.0,12753.325,1063.5562,2220.634,7.234589,0.0010905043,0.10346717,0.035613127,0.0380826
TO_CONSTANT_HEAD,98,4,0.0,0.0,0.0,0.0,0.0,0.0,0.0,0.0,0.0
TO_WELLS,98,4,0.0,4119.5796,0.0,0.0,445.89493,28.567646,0.0,440.7458,290.60635
TO_HEAD_DEP_BOUNDS,98,4,0.0,0.0,567.34717,0.0,0.0,0.0,0.0,0.0,0.0
TO_RECHARGE,98,4,0.0,0.0,0.0,0.0,0.0,0.0,0.0,0.0,0.0
TO_STREAM_LEAKAGE,98,4,0.0,0.0,0.0,40396.16,1577.7222,6688.2036,71889.53,0.0,0.0
TO_STREAM_FLOW_OUT,98,4,0.0,0.0,0.0,0.0,0.0,0.0,0.0,0.0,0.0
TO_ZONE_0,98,4,0.0,0.0,0.0,0.0,0.0,0.0,0.0,0.0,0.0
TO_haweaflat,98,4,0.0,0.0,34401.047,11530.476,800.4575,0.0,0.0,0.0,0.0
TO_moraine_top,98,4,0.0,384.75433,0.0,0.0,0.0,0.0,0.0,0.0,0.0
TO_river_zone,98,4,0.0,37431.812,0.0,0.0,164.76077,0.0,3.3308058,70.493744,3696.7742
TO_main_terrace,98,4,0.0,16210.117,0.0,32838.816,0.0,1680.8505,1708.2549,451.69138,0.0
TO_sandy_point,98,4,0.0,0.0,0.0,0.0,6498.558,0.0,12.87611,0.0,0.0
TO_clutha,98,4,0.0,0.0,0.0,42.17437,64918.37,44.67467,0.0,7235.7397,0.0
TO_sub_terrace,98,4,0.0,0.0,0.0,70.81882,5973.5757,0.0,893.3923,0.0,0.0
TO_mangawera,98,4,0.0,0.0,0.0,0.0,0.0,0.0,0.0,0.0,0.0
TOTAL_OUT,98,4,0.0,70899.586,36031.95,87099.08,80386.58,8442.298,74507.484,8198.706,3987.4187
IN-OUT,98,4,0.0,173260.66,26465.66,799785540.0,119791330.0,2831685000.0,9008116000.0,0.00390625,0.00024414062
PERCENT_DISCREPANCY,98,4,,109.985886,53.721256,199.95645,199.73195,199.99881,199.99669,4.7644702e-05,6.1227734e-06
FROM_STORAGE,99,4,0.0,3668.6294,1.2920584e-07,519.40094,594.51855,0.0010478615,9.157581,5.576564,0.24222678
FROM_CONSTANT_HEAD,99,4,0.0,0.0,0.0,0.0,0.0,0.0,0.0,0.0,0.0
FROM_WELLS,99,4,0.0,4777.7715,18.260052,1438.9762,8504.589,0.0,0.0,77.06712,1081.1698
FROM_HEAD_DEP_BOUNDS,99,4,0.0,0.0,37228.71,0.0,0.0,0.0,0.0,0.0,0.0
FROM_RECHARGE,99,4,0.0,11435.957,1631.3204,4484.366,15251.537,1894.4105,2240.9023,1178.2632,2905.9722
FROM_STREAM_LEAKAGE,99,4,0.0,3500.0,1100.0,38298.055,3119.7043,36.55455,16.53421,0.0,0.0
FROM_STREAM_FLOW_OUT,99,4,0.0,173263.03,26465.953,800005250.0,119794720.0,2831685000.0,9008125000.0,0.0,0.0
FROM_ZONE_0,99,4,0.0,0.0,0.0,0.0,0.0,0.0,0.0,0.0,0.0
FROM_haweaflat,99,4,0.0,0.0,377.64374,39709.13,16221.182,0.0,0.0,0.0,0.0
FROM_moraine_top,99,4,0.0,38563.812,0.0,0.0,0.0,0.0,0.0,0.0,0.0
FROM_river_zone,99,4,0.0,11602.033,0.0,0.0,32844.688,0.0,42.17424,70.83799,0.0
FROM_main_terrace,99,4,0.0,800.0785,0.0,164.46327,0.0,6498.558,64911.09,5972.794,0.0
FROM_sandy_point,99,4,0.0,0.0,0.0,0.0,1680.8505,0.0,44.67467,0.0,0.0
FROM_clutha,99,4,0.0,0.0,0.0,3.3308053,1707.773,12.87611,0.0,893.25903,0.0
FROM_sub_terrace,99,4,0.0,0.0,0.0,70.47975,451.7373,0.0,7234.8057,0.0,0.0
FROM_mangawera,99,4,0.0,0.0,0.0,3696.6858,0.0,0.0,0.0,0.0,0.0
TOTAL_IN,99,4,0.0,247611.31,66821.89,800093630.0,119875096.0,2831693600.0,9008199000.0,8197.798,3987.3843
TO_STORAGE,99,4,0.0,12980.086,1337.1669,2503.398,5.847979,0.0010939406,0.07937055,0.027647886,0.091959834
TO_CONSTANT_HEAD,99,4,0.0,0.0,0.0,0.0,0.0,0.0,0.0,0.0,0.0
TO_WELLS,99,4,0.0,5063.044,0.0,0.0,445.89493,28.567646,0.0,440.7458,290.60635
TO_HEAD_DEP_BOUNDS,99,4,0.0,0.0,455.41846,0.0,0.0,0.0,0.0,0.0,0.0
TO_RECHARGE,99,4,0.0,0.0,0.0,0.0,0.0,0.0,0.0,0.0,0.0
TO_STREAM_LEAKAGE,99,4,0.0,0.0,0.0,41322.18,1577.7222,6688.2036,71882.164,0.0,0.0
TO_STREAM_FLOW_OUT,99,4,0.0,0.0,0.0,0.0,0.0,0.0,0.0,0.0,0.0
TO_ZONE_0,99,4,0.0,0.0,0.0,0.0,0.0,0.0,0.0,0.0,0.0
TO_haweaflat,99,4,0.0,0.0,38563.812,11602.033,800.0785,0.0,0.0,0.0,0.0
TO_moraine_top,99,4,0.0,377.64374,0.0,0.0,0.0,0.0,0.0,0.0,0.0
TO_river_zone,99,4,0.0,39709.13,0.0,0.0,164.46327,0.0,3.3308053,70.47975,3696.6858
TO_main_terrace,99,4,0.0,16221.182,0.0,32844.688,0.0,1680.8505,1707.773,451.7373,0.0
TO_sandy_point,99,4,0.0,0.0,0.0,0.0,6498.558,0.0,12.87611,0.0,0.0
TO_clutha,99,4,0.0,0.0,0.0,42.17424,64911.09,44.67467,0.0,7234.8057,0.0
TO_sub_terrace,99,4,0.0,0.0,0.0,70.83799,5972.794,0.0,893.25903,0.0,0.0
TO_mangawera,99,4,0.0,0.0,0.0,0.0,0.0,0.0,0.0,0.0,0.0
TOTAL_OUT,99,4,0.0,74351.086,40356.4,88385.305,80376.45,8442.298,74499.48,8197.796,3987.384
IN-OUT,99,4,0.0,173260.22,26465.492,800005250.0,119794720.0,2831685000.0,9008124000.0,0.001953125,0.00024414062
PERCENT_DISCREPANCY,99,4,,107.62761,49.38592,199.95581,199.73198,199.99881,199.99667,2.3825e-05,6.1228266e-06
FROM_STORAGE,100,4,0.0,3038.7896,0.0,353.78152,563.39026,0.001056955,9.216139,5.46924,0.21811424
FROM_CONSTANT_HEAD,100,4,0.0,0.0,0.0,0.0,0.0,0.0,0.0,0.0,0.0
FROM_WELLS,100,4,0.0,4777.7715,18.260052,1438.9762,8504.589,0.0,0.0,77.06712,1081.1698
FROM_HEAD_DEP_BOUNDS,100,4,0.0,0.0,41326.504,0.0,0.0,0.0,0.0,0.0,0.0
FROM_RECHARGE,100,4,0.0,11435.957,1631.3204,4484.366,15251.537,1894.4105,2240.9023,1178.2632,2905.9722
FROM_STREAM_LEAKAGE,100,4,0.0,3500.0,1100.0,37695.918,3119.7043,36.55455,16.53421,0.0,0.0
FROM_STREAM_FLOW_OUT,100,4,0.0,173263.03,26465.953,800221800.0,119798080.0,2831684000.0,9008132000.0,0.0,0.0
FROM_ZONE_0,100,4,0.0,0.0,0.0,0.0,0.0,0.0,0.0,0.0,0.0
FROM_haweaflat,100,4,0.0,0.0,371.69696,41872.945,16239.07,0.0,0.0,0.0,0.0
FROM_moraine_top,100,4,0.0,42384.484,0.0,0.0,0.0,0.0,0.0,0.0,0.0
FROM_river_zone,100,4,0.0,11693.675,0.0,0.0,32850.258,0.0,42.174038,70.855354,0.0
FROM_main_terrace,100,4,0.0,799.74915,0.0,164.1966,0.0,6498.558,64904.117,5972.117,0.0
FROM_sandy_point,100,4,0.0,0.0,0.0,0.0,1680.8505,0.0,44.674675,0.0,0.0
FROM_clutha,100,4,0.0,0.0,0.0,3.330805,1707.3563,12.87611,0.0,893.1351,0.0
FROM_sub_terrace,100,4,0.0,0.0,0.0,70.46588,451.7565,0.0,7233.9165,0.0,0.0
FROM_mangawera,100,4,0.0,0.0,0.0,3696.6091,0.0,0.0,0.0,0.0,0.0
TOTAL_IN,100,4,0.0,250893.45,70913.734,800311600.0,119878440.0,2831692500.0,9008206000.0,8196.907,3987.36
TO_STORAGE,100,4,0.0,14086.8955,1705.1129,2717.6487,6.028137,0.0010836154,0.064658195,0.021217393,0.14443856
TO_CONSTANT_HEAD,100,4,0.0,0.0,0.0,0.0,0.0,0.0,0.0,0.0,0.0
TO_WELLS,100,4,0.0,5063.044,0.0,0.0,445.89493,28.567646,0.0,440.7458,290.60635
TO_HEAD_DEP_BOUNDS,100,4,0.0,0.0,358.71582,0.0,0.0,0.0,0.0,0.0,0.0
TO_RECHARGE,100,4,0.0,0.0,0.0,0.0,0.0,0.0,0.0,0.0,0.0
TO_STREAM_LEAKAGE,100,4,0.0,0.0,0.0,42406.574,1577.7222,6688.2036,71874.79,0.0,0.0
TO_STREAM_FLOW_OUT,100,4,0.0,0.0,0.0,0.0,0.0,0.0,0.0,0.0,0.0
TO_ZONE_0,100,4,0.0,0.0,0.0,0.0,0.0,0.0,0.0,0.0,0.0
TO_haweaflat,100,4,0.0,0.0,42384.484,11693.675,799.74915,0.0,0.0,0.0,0.0
TO_moraine_top,100,4,0.0,371.69696,0.0,0.0,0.0,0.0,0.0,0.0,0.0
TO_river_zone,100,4,0.0,41872.945,0.0,0.0,164.1966,0.0,3.330805,70.46588,3696.6091
TO_main_terrace,100,4,0.0,16239.07,0.0,32850.258,0.0,1680.8505,1707.3563,451.7565,0.0
TO_sandy_point,100,4,0.0,0.0,0.0,0.0,6498.558,0.0,12.87611,0.0,0.0
TO_clutha,100,4,0.0,0.0,0.0,42.174038,64904.117,44.674675,0.0,7233.9165,0.0
TO_sub_terrace,100,4,0.0,0.0,0.0,70.855354,5972.117,0.0,893.1351,0.0,0.0
TO_mangawera,100,4,0.0,0.0,0.0,0.0,0.0,0.0,0.0,0.0,0.0
TOTAL_OUT,100,4,0.0,77633.66,44448.312,89781.18,80368.38,8442.298,74491.55,8196.906,3987.3599
IN-OUT,100,4,0.0,173259.8,26465.422,800221800.0,119798070.0,2831684000.0,9008131000.0,0.0009765625,0.00024414062
PERCENT_DISCREPANCY,100,4,,105.47671,45.882374,199.95512,199.73201,199.99881,199.99667,1.1913794e-05,6.1228643e-06
FROM_STORAGE,101,4,0.0,2515.36,0.0,225.26428,531.28625,0.0010521944,9.138362,5.27815,0.20249873
FROM_CONSTANT_HEAD,101,4,0.0,0.0,0.0,0.0,0.0,0.0,0.0,0.0,0.0
FROM_WELLS,101,4,0.0,4777.7715,18.260052,1438.9762,8504.589,0.0,0.0,77.06712,1081.1698
FROM_HEAD_DEP_BOUNDS,101,4,0.0,0.0,45931.797,0.0,0.0,0.0,0.0,0.0,0.0
FROM_RECHARGE,101,4,0.0,11435.957,1631.3204,4484.366,15251.537,1894.4105,2240.9023,1178.2632,2905.9722
FROM_STREAM_LEAKAGE,101,4,0.0,3500.0,1100.0,37205.82,3119.7043,36.55455,16.53421,0.0,0.0
FROM_STREAM_FLOW_OUT,101,4,0.0,173263.03,26465.953,800440600.0,119801496.0,2831683600.0,9008139000.0,0.0,0.0
FROM_ZONE_0,101,4,0.0,0.0,0.0,0.0,0.0,0.0,0.0,0.0,0.0
FROM_haweaflat,101,4,0.0,0.0,369.0839,44043.8,16263.699,0.0,0.0,0.0,0.0
FROM_moraine_top,101,4,0.0,46738.3,0.0,0.0,0.0,0.0,0.0,0.0,0.0
FROM_river_zone,101,4,0.0,11777.277,0.0,0.0,32855.45,0.0,42.17388,70.87071,0.0
FROM_main_terrace,101,4,0.0,799.46106,0.0,163.96399,0.0,6498.558,64897.574,5971.5493,0.0
FROM_sandy_point,101,4,0.0,0.0,0.0,0.0,1680.8505,0.0,44.674675,0.0,0.0
FROM_clutha,101,4,0.0,0.0,0.0,3.3308036,1707.0122,12.87611,0.0,893.02246,0.0
FROM_sub_terrace,101,4,0.0,0.0,0.0,70.45248,451.75003,0.0,7233.085,0.0,0.0
FROM_mangawera,101,4,0.0,0.0,0.0,3696.5396,0.0,0.0,0.0,0.0,0.0
TOTAL_IN,101,4,0.0,254807.17,75516.414,800531900.0,119881860.0,2831692000.0,9008213000.0,8196.051,3987.3445
TO_STORAGE,101,4,0.0,15808.242,1983.1085,2954.4905,11.0337105,0.0010879714,0.056688808,0.016195897,0.19824512
TO_CONSTANT_HEAD,101,4,0.0,0.0,0.0,0.0,0.0,0.0,0.0,0.0,0.0
TO_WELLS,101,4,0.0,5063.044,0.0,0.0,445.89493,28.567646,0.0,440.7458,290.60635
TO_HEAD_DEP_BOUNDS,101,4,0.0,0.0,329.5835,0.0,0.0,0.0,0.0,0.0,0.0
TO_RECHARGE,101,4,0.0,0.0,0.0,0.0,0.0,0.0,0.0,0.0,0.0
TO_STREAM_LEAKAGE,101,4,0.0,0.0,0.0,43632.49,1577.7222,6688.2036,71867.88,0.0,0.0
TO_STREAM_FLOW_OUT,101,4,0.0,0.0,0.0,0.0,0.0,0.0,0.0,0.0,0.0
TO_ZONE_0,101,4,0.0,0.0,0.0,0.0,0.0,0.0,0.0,0.0,0.0
TO_haweaflat,101,4,0.0,0.0,46738.3,11777.277,799.46106,0.0,0.0,0.0,0.0
TO_moraine_top,101,4,0.0,369.0839,0.0,0.0,0.0,0.0,0.0,0.0,0.0
TO_river_zone,101,4,0.0,44043.8,0.0,0.0,163.96399,0.0,3.3308036,70.45248,3696.5396
TO_main_terrace,101,4,0.0,16263.699,0.0,32855.45,0.0,1680.8505,1707.0122,451.75003,0.0
TO_sandy_point,101,4,0.0,0.0,0.0,0.0,6498.558,0.0,12.87611,0.0,0.0
TO_clutha,101,4,0.0,0.0,0.0,42.17388,64897.574,44.674675,0.0,7233.085,0.0
TO_sub_terrace,101,4,0.0,0.0,0.0,70.87071,5971.5493,0.0,893.02246,0.0,0.0
TO_mangawera,101,4,0.0,0.0,0.0,0.0,0.0,0.0,0.0,0.0,0.0
TOTAL_OUT,101,4,0.0,81547.875,49050.992,91332.74,80365.76,8442.298,74484.18,8196.05,3987.3442
IN-OUT,101,4,0.0,173259.3,26465.422,800440600.0,119801490.0,2831683600.0,9008138000.0,0.0009765625,0.00024414062
PERCENT_DISCREPANCY,101,4,,103.02167,42.49173,199.95438,199.73203,199.9988,199.99667,1.1915037e-05,6.122888e-06
FROM_STORAGE,102,4,0.0,2075.149,0.0,136.07677,499.87094,0.0010471073,8.928554,5.013018,0.19100213
FROM_CONSTANT_HEAD,102,4,0.0,0.0,0.0,0.0,0.0,0.0,0.0,0.0,0.0
FROM_WELLS,102,4,0.0,4777.7715,18.260052,1438.9762,8504.589,0.0,0.0,77.06712,1081.1698
FROM_HEAD_DEP_BOUNDS,102,4,0.0,0.0,51055.652,0.0,0.0,0.0,0.0,0.0,0.0
FROM_RECHARGE,102,4,0.0,11435.957,1631.3204,4484.366,15251.537,1894.4105,2240.9023,1178.2632,2905.9722
FROM_STREAM_LEAKAGE,102,4,0.0,3500.0,1100.0,36722.695,3119.7043,36.55455,16.53421,0.0,0.0
FROM_STREAM_FLOW_OUT,102,4,0.0,173263.03,26465.953,800662800.0,119804984.0,2831683600.0,9008147000.0,0.0,0.0
FROM_ZONE_0,102,4,0.0,0.0,0.0,0.0,0.0,0.0,0.0,0.0,0.0
FROM_haweaflat,102,4,0.0,0.0,372.11908,46163.93,16293.549,0.0,0.0,0.0,0.0
FROM_moraine_top,102,4,0.0,51466.785,0.0,0.0,0.0,0.0,0.0,0.0,0.0
FROM_river_zone,102,4,0.0,11855.974,0.0,0.0,32860.18,0.0,42.173744,70.88383,0.0
FROM_main_terrace,102,4,0.0,799.2252,0.0,163.76738,0.0,6498.558,64891.547,5971.0938,0.0
FROM_sandy_point,102,4,0.0,0.0,0.0,0.0,1680.8505,0.0,44.674675,0.0,0.0
FROM_clutha,102,4,0.0,0.0,0.0,3.3308022,1706.7448,12.87611,0.0,892.9224,0.0
FROM_sub_terrace,102,4,0.0,0.0,0.0,70.43971,451.71985,0.0,7232.3247,0.0,0.0
FROM_mangawera,102,4,0.0,0.0,0.0,3696.477,0.0,0.0,0.0,0.0,0.0
TOTAL_IN,102,4,0.0,259173.88,80643.305,800755650.0,119885350.0,2831692000.0,9008221000.0,8195.243,3987.333
TO_STORAGE,102,4,0.0,17580.275,2381.667,3154.2517,20.827265,0.0010926822,0.051120184,0.012275063,0.24922799
TO_CONSTANT_HEAD,102,4,0.0,0.0,0.0,0.0,0.0,0.0,0.0,0.0,0.0
TO_WELLS,102,4,0.0,5505.3066,0.0,0.0,445.89493,28.567646,0.0,440.7458,290.60635
TO_HEAD_DEP_BOUNDS,102,4,0.0,0.0,329.60303,0.0,0.0,0.0,0.0,0.0,0.0
TO_RECHARGE,102,4,0.0,0.0,0.0,0.0,0.0,0.0,0.0,0.0,0.0
TO_STREAM_LEAKAGE,102,4,0.0,0.0,0.0,44897.0,1577.7222,6688.2036,71861.21,0.0,0.0
TO_STREAM_FLOW_OUT,102,4,0.0,0.0,0.0,0.0,0.0,0.0,0.0,0.0,0.0
TO_ZONE_0,102,4,0.0,0.0,0.0,0.0,0.0,0.0,0.0,0.0,0.0
TO_haweaflat,102,4,0.0,0.0,51466.785,11855.974,799.2252,0.0,0.0,0.0,0.0
TO_moraine_top,102,4,0.0,372.11908,0.0,0.0,0.0,0.0,0.0,0.0,0.0
TO_river_zone,102,4,0.0,46163.93,0.0,0.0,163.76738,0.0,3.3308022,70.43971,3696.477
TO_main_terrace,102,4,0.0,16293.549,0.0,32860.18,0.0,1680.8505,1706.7448,451.71985,0.0
TO_sandy_point,102,4,0.0,0.0,0.0,0.0,6498.558,0.0,12.87611,0.0,0.0
TO_clutha,102,4,0.0,0.0,0.0,42.173744,64891.547,44.674675,0.0,7232.3247,0.0
TO_sub_terrace,102,4,0.0,0.0,0.0,70.88383,5971.0938,0.0,892.9224,0.0,0.0
TO_mangawera,102,4,0.0,0.0,0.0,0.0,0.0,0.0,0.0,0.0,0.0
TOTAL_OUT,102,4,0.0,85915.18,54178.055,92880.46,80368.63,8442.298,74477.13,8195.242,3987.3325
IN-OUT,102,4,0.0,173258.69,26465.25,800662800.0,119804984.0,2831683600.0,9008146000.0,0.0009765625,0.00048828125
PERCENT_DISCREPANCY,102,4,,100.413895,39.259727,199.95363,199.73203,199.9988,199.99669,1.1916213e-05,1.2245811e-05
FROM_STORAGE,103,4,0.0,1703.1982,0.0060536494,74.98473,466.432,0.0010422366,8.599694,4.6835413,0.18179381
FROM_CONSTANT_HEAD,103,4,0.0,0.0,0.0,0.0,0.0,0.0,0.0,0.0,0.0
FROM_WELLS,103,4,0.0,4777.7715,18.260052,1438.9762,8504.589,0.0,0.0,77.06712,1081.1698
FROM_HEAD_DEP_BOUNDS,103,4,0.0,0.0,55519.117,0.0,0.0,0.0,0.0,0.0,0.0
FROM_RECHARGE,103,4,0.0,11435.957,1631.3204,4484.366,15251.537,1894.4105,2240.9023,1178.2632,2905.9722
FROM_STREAM_LEAKAGE,103,4,0.0,3500.0,1100.0,36271.438,3119.7043,36.55455,16.53421,0.0,0.0
FROM_STREAM_FLOW_OUT,103,4,0.0,173263.03,26465.953,800891140.0,119808584.0,2831683000.0,9008156000.0,0.0,0.0
FROM_ZONE_0,103,4,0.0,0.0,0.0,0.0,0.0,0.0,0.0,0.0,0.0
FROM_haweaflat,103,4,0.0,0.0,378.8797,48318.64,16329.221,0.0,0.0,0.0,0.0
FROM_moraine_top,103,4,0.0,55639.496,0.0,0.0,0.0,0.0,0.0,0.0,0.0
FROM_river_zone,103,4,0.0,11927.661,0.0,0.0,32864.42,0.0,42.173515,70.894684,0.0
FROM_main_terrace,103,4,0.0,799.0161,0.0,163.60774,0.0,6498.558,64886.11,5970.751,0.0
FROM_sandy_point,103,4,0.0,0.0,0.0,0.0,1680.8505,0.0,44.67468,0.0,0.0
FROM_clutha,103,4,0.0,0.0,0.0,3.3307996,1706.5559,12.87611,0.0,892.83594,0.0
FROM_sub_terrace,103,4,0.0,0.0,0.0,70.42756,451.66827,0.0,7231.6436,0.0,0.0
FROM_mangawera,103,4,0.0,0.0,0.0,3696.4204,0.0,0.0,0.0,0.0,0.0
TOTAL_IN,103,4,0.0,263046.16,85113.54,800985660.0,119888950.0,2831691500.0,9008229000.0,8194.495,3987.3237
TO_STORAGE,103,4,0.0,19255.59,2679.1975,3368.6934,33.221718,0.0010972245,0.0475572,0.008990785,0.2969813
TO_CONSTANT_HEAD,103,4,0.0,0.0,0.0,0.0,0.0,0.0,0.0,0.0,0.0
TO_WELLS,103,4,0.0,5505.3066,0.0,0.0,445.89493,28.567646,0.0,440.7458,290.60635
TO_HEAD_DEP_BOUNDS,103,4,0.0,0.0,329.68457,0.0,0.0,0.0,0.0,0.0,0.0
TO_RECHARGE,103,4,0.0,0.0,0.0,0.0,0.0,0.0,0.0,0.0,0.0
TO_STREAM_LEAKAGE,103,4,0.0,0.0,0.0,46249.098,1577.7222,6688.2036,71854.93,0.0,0.0
TO_STREAM_FLOW_OUT,103,4,0.0,0.0,0.0,0.0,0.0,0.0,0.0,0.0,0.0
TO_ZONE_0,103,4,0.0,0.0,0.0,0.0,0.0,0.0,0.0,0.0,0.0
TO_haweaflat,103,4,0.0,0.0,55639.496,11927.661,799.0161,0.0,0.0,0.0,0.0
TO_moraine_top,103,4,0.0,378.8797,0.0,0.0,0.0,0.0,0.0,0.0,0.0
TO_river_zone,103,4,0.0,48318.64,0.0,0.0,163.60774,0.0,3.3307996,70.42756,3696.4204
TO_main_terrace,103,4,0.0,16329.221,0.0,32864.42,0.0,1680.8505,1706.5559,451.66827,0.0
TO_sandy_point,103,4,0.0,0.0,0.0,0.0,6498.558,0.0,12.87611,0.0,0.0
TO_clutha,103,4,0.0,0.0,0.0,42.173515,64886.11,44.67468,0.0,7231.6436,0.0
TO_sub_terrace,103,4,0.0,0.0,0.0,70.894684,5970.751,0.0,892.83594,0.0,0.0
TO_mangawera,103,4,0.0,0.0,0.0,0.0,0.0,0.0,0.0,0.0,0.0
TOTAL_OUT,103,4,0.0,89787.63,58648.38,94522.945,80374.88,8442.298,74470.57,8194.494,3987.3237
IN-OUT,103,4,0.0,173258.53,26465.16,800891140.0,119808580.0,2831683000.0,9008155000.0,0.0009765625,0.0
PERCENT_DISCREPANCY,103,4,,98.209724,36.81804,199.9528,199.73201,199.99881,199.99667,1.1917301e-05,0.0
FROM_STORAGE,104,4,0.0,1382.3522,0.0,34.256313,431.67233,0.0010472061,8.15941,4.297189,0.17191947
FROM_CONSTANT_HEAD,104,4,0.0,0.0,0.0,0.0,0.0,0.0,0.0,0.0,0.0
FROM_WELLS,104,4,0.0,4777.7715,18.260052,1438.9762,8504.589,0.0,0.0,77.06712,1081.1698
FROM_HEAD_DEP_BOUNDS,104,4,0.0,0.0,59421.766,0.0,0.0,0.0,0.0,0.0,0.0
FROM_RECHARGE,104,4,0.0,11435.957,1631.3204,4484.366,15251.537,1894.4105,2240.9023,1178.2632,2905.9722
FROM_STREAM_LEAKAGE,104,4,0.0,3500.0,1100.0,35941.434,3119.7043,36.55455,16.53421,0.0,0.0
FROM_STREAM_FLOW_OUT,104,4,0.0,173263.03,26465.953,801124350.0,119812270.0,2831683000.0,9008165000.0,0.0,0.0
FROM_ZONE_0,104,4,0.0,0.0,0.0,0.0,0.0,0.0,0.0,0.0,0.0
FROM_haweaflat,104,4,0.0,0.0,385.9885,50463.094,16370.479,0.0,0.0,0.0,0.0
FROM_moraine_top,104,4,0.0,59184.492,0.0,0.0,0.0,0.0,0.0,0.0,0.0
FROM_river_zone,104,4,0.0,11992.383,0.0,0.0,32868.145,0.0,42.173275,70.90312,0.0
FROM_main_terrace,104,4,0.0,798.83887,0.0,163.48618,0.0,6498.558,64881.32,5970.52,0.0
FROM_sandy_point,104,4,0.0,0.0,0.0,0.0,1680.8505,0.0,44.67468,0.0,0.0
FROM_clutha,104,4,0.0,0.0,0.0,3.3307962,1706.4456,12.87611,0.0,892.7639,0.0
FROM_sub_terrace,104,4,0.0,0.0,0.0,70.416435,451.59695,0.0,7231.049,0.0,0.0
FROM_mangawera,104,4,0.0,0.0,0.0,3696.365,0.0,0.0,0.0,0.0,0.0
TOTAL_IN,104,4,0.0,266334.8,89023.29,801220700.0,119892650.0,2831691500.0,9008239000.0,8193.814,3987.314
TO_STORAGE,104,4,0.0,20347.322,3043.1155,3558.0369,48.680447,0.001091753,0.044933762,0.0062250844,0.34248355
TO_CONSTANT_HEAD,104,4,0.0,0.0,0.0,0.0,0.0,0.0,0.0,0.0,0.0
TO_WELLS,104,4,0.0,5505.3066,0.0,0.0,445.89493,28.567646,0.0,440.7458,290.60635
TO_HEAD_DEP_BOUNDS,104,4,0.0,0.0,329.4878,0.0,0.0,0.0,0.0,0.0,0.0
TO_RECHARGE,104,4,0.0,0.0,0.0,0.0,0.0,0.0,0.0,0.0,0.0
TO_STREAM_LEAKAGE,104,4,0.0,0.0,0.0,47763.84,1577.7222,6688.2036,71849.32,0.0,0.0
TO_STREAM_FLOW_OUT,104,4,0.0,0.0,0.0,0.0,0.0,0.0,0.0,0.0,0.0
TO_ZONE_0,104,4,0.0,0.0,0.0,0.0,0.0,0.0,0.0,0.0,0.0
TO_haweaflat,104,4,0.0,0.0,59184.492,11992.383,798.83887,0.0,0.0,0.0,0.0
TO_moraine_top,104,4,0.0,385.9885,0.0,0.0,0.0,0.0,0.0,0.0,0.0
TO_river_zone,104,4,0.0,50463.094,0.0,0.0,163.48618,0.0,3.3307962,70.416435,3696.365
TO_main_terrace,104,4,0.0,16370.479,0.0,32868.145,0.0,1680.8505,1706.4456,451.59695,0.0
TO_sandy_point,104,4,0.0,0.0,0.0,0.0,6498.558,0.0,12.87611,0.0,0.0
TO_clutha,104,4,0.0,0.0,0.0,42.173275,64881.32,44.67468,0.0,7231.049,0.0
TO_sub_terrace,104,4,0.0,0.0,0.0,70.90312,5970.52,0.0,892.7639,0.0,0.0
TO_mangawera,104,4,0.0,0.0,0.0,0.0,0.0,0.0,0.0,0.0,0.0
TOTAL_OUT,104,4,0.0,93072.19,62557.094,96295.484,80385.02,8442.298,74464.78,8193.814,3987.314
IN-OUT,104,4,0.0,173262.62,26466.195,801124350.0,119812264.0,2831683000.0,9008164000.0,0.0,0.0
PERCENT_DISCREPANCY,104,4,,96.41583,34.920345,199.95192,199.73198,199.99881,199.99667,0.0,0.0
FROM_STORAGE,105,4,0.0,1108.5957,0.0020233649,9.016023,396.14502,0.0010519652,7.6239924,3.8650093,0.16087596
FROM_CONSTANT_HEAD,105,4,0.0,0.0,0.0,0.0,0.0,0.0,0.0,0.0,0.0
FROM_WELLS,105,4,0.0,4777.7715,18.260052,1438.9762,8504.589,0.0,0.0,77.06712,1081.1698
FROM_HEAD_DEP_BOUNDS,105,4,0.0,0.0,62837.543,0.0,0.0,0.0,0.0,0.0,0.0
FROM_RECHARGE,105,4,0.0,11435.957,1631.3204,4484.366,15251.537,1894.4105,2240.9023,1178.2632,2905.9722
FROM_STREAM_LEAKAGE,105,4,0.0,3500.0,1100.0,35688.523,3119.7043,36.55455,16.53421,0.0,0.0
FROM_STREAM_FLOW_OUT,105,4,0.0,173263.03,26465.953,801357800.0,119815970.0,2831682600.0,9008173000.0,0.0,0.0
FROM_ZONE_0,105,4,0.0,0.0,0.0,0.0,0.0,0.0,0.0,0.0,0.0
FROM_haweaflat,105,4,0.0,0.0,391.52576,52557.305,16416.357,0.0,0.0,0.0,0.0
FROM_moraine_top,105,4,0.0,62292.65,0.0,0.0,0.0,0.0,0.0,0.0,0.0
FROM_river_zone,105,4,0.0,12049.519,0.0,0.0,32871.305,0.0,42.173073,70.90919,0.0
FROM_main_terrace,105,4,0.0,798.6986,0.0,163.4032,0.0,6498.558,64877.234,5970.3994,0.0
FROM_sandy_point,105,4,0.0,0.0,0.0,0.0,1680.8505,0.0,44.67468,0.0,0.0
FROM_clutha,105,4,0.0,0.0,0.0,3.3307927,1706.4124,12.87611,0.0,892.70654,0.0
FROM_sub_terrace,105,4,0.0,0.0,0.0,70.40626,451.50778,0.0,7230.5454,0.0,0.0
FROM_mangawera,105,4,0.0,0.0,0.0,3696.3132,0.0,0.0,0.0,0.0,0.0
TOTAL_IN,105,4,0.0,269226.22,92444.6,801455940.0,119896360.0,2831691000.0,9008247000.0,8193.211,3987.3027
TO_STORAGE,105,4,0.0,21097.818,3358.0774,3712.9282,66.41773,0.0010863144,0.043139584,0.0042212685,0.3830668
TO_CONSTANT_HEAD,105,4,0.0,0.0,0.0,0.0,0.0,0.0,0.0,0.0,0.0
TO_WELLS,105,4,0.0,5505.3066,0.0,0.0,445.89493,28.567646,0.0,440.7458,290.60635
TO_HEAD_DEP_BOUNDS,105,4,0.0,0.0,329.46484,0.0,0.0,0.0,0.0,0.0,0.0
TO_RECHARGE,105,4,0.0,0.0,0.0,0.0,0.0,0.0,0.0,0.0,0.0
TO_STREAM_LEAKAGE,105,4,0.0,0.0,0.0,49365.676,1577.7222,6688.2036,71844.24,0.0,0.0
TO_STREAM_FLOW_OUT,105,4,0.0,0.0,0.0,0.0,0.0,0.0,0.0,0.0,0.0
TO_ZONE_0,105,4,0.0,0.0,0.0,0.0,0.0,0.0,0.0,0.0,0.0
TO_haweaflat,105,4,0.0,0.0,62292.65,12049.519,798.6986,0.0,0.0,0.0,0.0
TO_moraine_top,105,4,0.0,391.52576,0.0,0.0,0.0,0.0,0.0,0.0,0.0
TO_river_zone,105,4,0.0,52557.305,0.0,0.0,163.4032,0.0,3.3307927,70.40626,3696.3132
TO_main_terrace,105,4,0.0,16416.357,0.0,32871.305,0.0,1680.8505,1706.4124,451.50778,0.0
TO_sandy_point,105,4,0.0,0.0,0.0,0.0,6498.558,0.0,12.87611,0.0,0.0
TO_clutha,105,4,0.0,0.0,0.0,42.173073,64877.234,44.67468,0.0,7230.5454,0.0
TO_sub_terrace,105,4,0.0,0.0,0.0,70.90919,5970.3994,0.0,892.70654,0.0,0.0
TO_mangawera,105,4,0.0,0.0,0.0,0.0,0.0,0.0,0.0,0.0,0.0
TOTAL_OUT,105,4,0.0,95968.31,65980.19,98112.51,80398.33,8442.298,74459.61,8193.209,3987.3027
IN-OUT,105,4,0.0,173257.9,26464.414,801357800.0,119815960.0,2831682600.0,9008172000.0,0.001953125,0.0
PERCENT_DISCREPANCY,105,4,,94.88526,33.40944,199.95103,199.73195,199.9988,199.99669,2.3838336e-05,0.0
FROM_STORAGE,106,4,0.0,877.63306,0.004525526,1.0739977,359.3702,0.0010566171,6.9982753,3.3915029,0.14852634
FROM_CONSTANT_HEAD,106,4,0.0,0.0,0.0,0.0,0.0,0.0,0.0,0.0,0.0
FROM_WELLS,106,4,0.0,4777.7715,18.260052,1438.9762,8504.589,0.0,0.0,77.06712,1081.1698
FROM_HEAD_DEP_BOUNDS,106,4,0.0,0.0,65567.375,0.0,0.0,0.0,0.0,0.0,0.0
FROM_RECHARGE,106,4,0.0,11435.957,1631.3204,4484.366,15251.537,1894.4105,2240.9023,1178.2632,2905.9722
FROM_STREAM_LEAKAGE,106,4,0.0,3500.0,1100.0,35444.03,3119.7043,36.55455,16.53421,0.0,0.0
FROM_STREAM_FLOW_OUT,106,4,0.0,173263.03,26465.953,801589760.0,119819656.0,2831682600.0,9008181000.0,0.0,0.0
FROM_ZONE_0,106,4,0.0,0.0,0.0,0.0,0.0,0.0,0.0,0.0,0.0
FROM_haweaflat,106,4,0.0,0.0,395.67035,54583.586,16466.125,0.0,0.0,0.0,0.0
FROM_moraine_top,106,4,0.0,64899.664,0.0,0.0,0.0,0.0,0.0,0.0,0.0
FROM_river_zone,106,4,0.0,12099.081,0.0,0.0,32873.875,0.0,42.172832,70.91278,0.0
FROM_main_terrace,106,4,0.0,798.59534,0.0,163.35867,0.0,6498.5586,64873.875,5970.3906,0.0
FROM_sandy_point,106,4,0.0,0.0,0.0,0.0,1680.8505,0.0,44.674683,0.0,0.0
FROM_clutha,106,4,0.0,0.0,0.0,3.3307884,1706.4543,12.87611,0.0,892.6645,0.0
FROM_sub_terrace,106,4,0.0,0.0,0.0,70.39729,451.4033,0.0,7230.1396,0.0,0.0
FROM_mangawera,106,4,0.0,0.0,0.0,3696.2666,0.0,0.0,0.0,0.0,0.0
TOTAL_IN,106,4,0.0,271651.75,95178.586,801689660.0,119900056.0,2831691000.0,9008255000.0,8192.689,3987.2905
TO_STORAGE,106,4,0.0,21443.281,3484.4053,3836.1606,85.44282,0.0010795435,0.040953867,0.0025401674,0.41753545
TO_CONSTANT_HEAD,106,4,0.0,0.0,0.0,0.0,0.0,0.0,0.0,0.0,0.0
TO_WELLS,106,4,0.0,5505.3066,0.0,0.0,445.89493,28.567646,0.0,440.7458,290.60635
TO_HEAD_DEP_BOUNDS,106,4,0.0,0.0,329.667,0.0,0.0,0.0,0.0,0.0,0.0
TO_RECHARGE,106,4,0.0,0.0,0.0,0.0,0.0,0.0,0.0,0.0,0.0
TO_STREAM_LEAKAGE,106,4,0.0,0.0,0.0,50963.887,1577.7222,6688.2036,71839.96,0.0,0.0
TO_STREAM_FLOW_OUT,106,4,0.0,0.0,0.0,0.0,0.0,0.0,0.0,0.0,0.0
TO_ZONE_0,106,4,0.0,0.0,0.0,0.0,0.0,0.0,0.0,0.0,0.0
TO_haweaflat,106,4,0.0,0.0,64899.664,12099.081,798.59534,0.0,0.0,0.0,0.0
TO_moraine_top,106,4,0.0,395.67035,0.0,0.0,0.0,0.0,0.0,0.0,0.0
TO_river_zone,106,4,0.0,54583.586,0.0,0.0,163.35867,0.0,3.3307884,70.39729,3696.2666
TO_main_terrace,106,4,0.0,16466.125,0.0,32873.875,0.0,1680.8505,1706.4543,451.4033,0.0
TO_sandy_point,106,4,0.0,0.0,0.0,0.0,6498.5586,0.0,12.87611,0.0,0.0
TO_clutha,106,4,0.0,0.0,0.0,42.172832,64873.875,44.674683,0.0,7230.1396,0.0
TO_sub_terrace,106,4,0.0,0.0,0.0,70.91278,5970.3906,0.0,892.6645,0.0,0.0
TO_mangawera,106,4,0.0,0.0,0.0,0.0,0.0,0.0,0.0,0.0,0.0
TOTAL_OUT,106,4,0.0,98393.97,68713.734,99886.086,80413.836,8442.298,74455.32,8192.688,3987.2905
IN-OUT,106,4,0.0,173257.78,26464.852,801589760.0,119819640.0,2831682600.0,9008180000.0,0.0009765625,0.0
PERCENT_DISCREPANCY,106,4,,93.64128,32.295418,199.95015,199.7319,199.9988,199.99667,1.1919926e-05,0.0
FROM_STORAGE,107,4,0.0,690.3024,0.0,0.10725196,321.95563,0.0010590018,6.296105,2.886085,0.13488632
FROM_CONSTANT_HEAD,107,4,0.0,0.0,0.0,0.0,0.0,0.0,0.0,0.0,0.0
FROM_WELLS,107,4,0.0,4777.7715,18.260052,1438.9762,8504.589,0.0,0.0,77.06712,1081.1698
FROM_HEAD_DEP_BOUNDS,107,4,0.0,0.0,68110.805,0.0,0.0,0.0,0.0,0.0,0.0
FROM_RECHARGE,107,4,0.0,11435.957,1631.3204,4484.366,15251.537,1894.4105,2240.9023,1178.2632,2905.9722
FROM_STREAM_LEAKAGE,107,4,0.0,3500.0,1100.0,35208.945,3119.7043,36.55455,16.53421,0.0,0.0
FROM_STREAM_FLOW_OUT,107,4,0.0,173263.03,26465.953,801817200.0,119823290.0,2831682600.0,9008191000.0,0.0,0.0
FROM_ZONE_0,107,4,0.0,0.0,0.0,0.0,0.0,0.0,0.0,0.0,0.0
FROM_haweaflat,107,4,0.0,0.0,399.3038,56539.055,16519.105,0.0,0.0,0.0,0.0
FROM_moraine_top,107,4,0.0,67472.18,0.0,0.0,0.0,0.0,0.0,0.0,0.0
FROM_river_zone,107,4,0.0,12141.441,0.0,0.0,32875.84,0.0,42.172592,70.91401,0.0
FROM_main_terrace,107,4,0.0,798.5268,0.0,163.35208,0.0,6498.5586,64871.277,5970.4873,0.0
FROM_sandy_point,107,4,0.0,0.0,0.0,0.0,1680.8505,0.0,44.674683,0.0,0.0
FROM_clutha,107,4,0.0,0.0,0.0,3.3307843,1706.5684,12.876109,0.0,892.6377,0.0
FROM_sub_terrace,107,4,0.0,0.0,0.0,70.38965,451.28497,0.0,7229.8325,0.0,0.0
FROM_mangawera,107,4,0.0,0.0,0.0,3696.2246,0.0,0.0,0.0,0.0,0.0
TOTAL_IN,107,4,0.0,274079.22,97725.64,801918850.0,119903710.0,2831691000.0,9008265000.0,8192.256,3987.2769
TO_STORAGE,107,4,0.0,21858.807,3458.9514,3931.2117,105.55992,0.0010774371,0.038697727,0.0015039244,0.4454552
TO_CONSTANT_HEAD,107,4,0.0,0.0,0.0,0.0,0.0,0.0,0.0,0.0,0.0
TO_WELLS,107,4,0.0,5505.3066,0.0,0.0,445.89493,28.567646,0.0,440.7458,290.60635
TO_HEAD_DEP_BOUNDS,107,4,0.0,0.0,329.6792,0.0,0.0,0.0,0.0,0.0,0.0
TO_RECHARGE,107,4,0.0,0.0,0.0,0.0,0.0,0.0,0.0,0.0,0.0
TO_STREAM_LEAKAGE,107,4,0.0,0.0,0.0,52543.938,1577.7554,6688.2036,71836.28,0.0,0.0
TO_STREAM_FLOW_OUT,107,4,0.0,0.0,0.0,0.0,0.0,0.0,0.0,0.0,0.0
TO_ZONE_0,107,4,0.0,0.0,0.0,0.0,0.0,0.0,0.0,0.0,0.0
TO_haweaflat,107,4,0.0,0.0,67472.18,12141.441,798.5268,0.0,0.0,0.0,0.0
TO_moraine_top,107,4,0.0,399.3038,0.0,0.0,0.0,0.0,0.0,0.0,0.0
TO_river_zone,107,4,0.0,56539.055,0.0,0.0,163.35208,0.0,3.3307843,70.38965,3696.2246
TO_main_terrace,107,4,0.0,16519.105,0.0,32875.84,0.0,1680.8505,1706.5684,451.28497,0.0
TO_sandy_point,107,4,0.0,0.0,0.0,0.0,6498.5586,0.0,12.876109,0.0,0.0
TO_clutha,107,4,0.0,0.0,0.0,42.172592,64871.277,44.674683,0.0,7229.8325,0.0
TO_sub_terrace,107,4,0.0,0.0,0.0,70.91401,5970.4873,0.0,892.6377,0.0,0.0
TO_mangawera,107,4,0.0,0.0,0.0,0.0,0.0,0.0,0.0,0.0,0.0
TOTAL_OUT,107,4,0.0,100821.58,71260.81,101605.52,80431.41,8442.298,74451.734,8192.254,3987.2764
IN-OUT,107,4,0.0,173257.64,26464.828,801817200.0,119823280.0,2831682600.0,9008190000.0,0.001953125,0.00048828125
PERCENT_DISCREPANCY,107,4,,92.42852,31.321833,199.94931,199.73186,199.9988,199.99669,2.3841116e-05,1.2245984e-05
FROM_STORAGE,108,4,0.0,542.6726,0.0,0.06509838,286.4263,0.0010534348,5.5291514,2.3559978,0.12013187
FROM_CONSTANT_HEAD,108,4,0.0,0.0,0.0,0.0,0.0,0.0,0.0,0.0,0.0
FROM_WELLS,108,4,0.0,4777.7715,18.260052,1438.9762,8504.589,0.0,0.0,77.06712,1081.1698
FROM_HEAD_DEP_BOUNDS,108,4,0.0,0.0,70303.24,0.0,0.0,0.0,0.0,0.0,0.0
FROM_RECHARGE,108,4,0.0,11435.957,1631.3204,4484.366,15251.537,1894.4105,2240.9023,1178.2632,2905.9722
FROM_STREAM_LEAKAGE,108,4,0.0,3500.0,1100.0,34983.35,3119.7043,36.55455,16.53421,0.0,0.0
FROM_STREAM_FLOW_OUT,108,4,0.0,173263.03,26465.953,802041100.0,119826850.0,2831682600.0,9008200000.0,0.0,0.0
FROM_ZONE_0,108,4,0.0,0.0,0.0,0.0,0.0,0.0,0.0,0.0,0.0
FROM_haweaflat,108,4,0.0,0.0,402.42505,58440.887,16575.055,0.0,0.0,0.0,0.0
FROM_moraine_top,108,4,0.0,69784.945,0.0,0.0,0.0,0.0,0.0,0.0,0.0
FROM_river_zone,108,4,0.0,12177.764,0.0,0.0,32877.203,0.0,42.17237,70.912926,0.0
FROM_main_terrace,108,4,0.0,798.4869,0.0,163.38255,0.0,6498.5586,64869.445,5970.6865,0.0
FROM_sandy_point,108,4,0.0,0.0,0.0,0.0,1680.8505,0.0,44.674683,0.0,0.0
FROM_clutha,108,4,0.0,0.0,0.0,3.3307796,1706.7507,12.876109,0.0,892.62604,0.0
FROM_sub_terrace,108,4,0.0,0.0,0.0,70.38318,451.15497,0.0,7229.6265,0.0,0.0
FROM_mangawera,108,4,0.0,0.0,0.0,3696.1875,0.0,0.0,0.0,0.0,0.0
TOTAL_IN,108,4,0.0,276280.62,99921.195,802144400.0,119907300.0,2831691000.0,9008273000.0,8191.9116,3987.2622
TO_STORAGE,108,4,0.0,22099.41,3341.4944,4005.6516,129.03917,0.0010822739,0.03653144,0.0007829699,0.46807247
TO_CONSTANT_HEAD,108,4,0.0,0.0,0.0,0.0,0.0,0.0,0.0,0.0,0.0
TO_WELLS,108,4,0.0,5505.3066,0.0,0.0,445.89493,28.567646,0.0,440.7458,290.60635
TO_HEAD_DEP_BOUNDS,108,4,0.0,0.0,329.86182,0.0,0.0,0.0,0.0,0.0,0.0
TO_RECHARGE,108,4,0.0,0.0,0.0,0.0,0.0,0.0,0.0,0.0,0.0
TO_STREAM_LEAKAGE,108,4,0.0,0.0,0.0,54107.715,1577.7554,6688.2036,71833.23,0.0,0.0
TO_STREAM_FLOW_OUT,108,4,0.0,0.0,0.0,0.0,0.0,0.0,0.0,0.0,0.0
TO_ZONE_0,108,4,0.0,0.0,0.0,0.0,0.0,0.0,0.0,0.0,0.0
TO_haweaflat,108,4,0.0,0.0,69784.945,12177.764,798.4869,0.0,0.0,0.0,0.0
TO_moraine_top,108,4,0.0,402.42505,0.0,0.0,0.0,0.0,0.0,0.0,0.0
TO_river_zone,108,4,0.0,58440.887,0.0,0.0,163.38255,0.0,3.3307796,70.38318,3696.1875
TO_main_terrace,108,4,0.0,16575.055,0.0,32877.203,0.0,1680.8505,1706.7507,451.15497,0.0
TO_sandy_point,108,4,0.0,0.0,0.0,0.0,6498.5586,0.0,12.876109,0.0,0.0
TO_clutha,108,4,0.0,0.0,0.0,42.17237,64869.445,44.674683,0.0,7229.6265,0.0
TO_sub_terrace,108,4,0.0,0.0,0.0,70.912926,5970.6865,0.0,892.62604,0.0,0.0
TO_mangawera,108,4,0.0,0.0,0.0,0.0,0.0,0.0,0.0,0.0,0.0
TOTAL_OUT,108,4,0.0,103023.086,73456.305,103281.42,80453.25,8442.298,74448.84,8191.911,3987.262
IN-OUT,108,4,0.0,173257.53,26464.89,802041100.0,119826840.0,2831682600.0,9008199000.0,0.00048828125,0.00024414062
PERCENT_DISCREPANCY,108,4,,91.35557,30.528633,199.9485,199.73178,199.9988,199.99667,5.960529e-06,6.123014e-06
FROM_STORAGE,109,4,0.0,420.99445,0.0017151958,0.04411805,254.55434,0.0010462593,4.708746,1.8083783,0.10503557
FROM_CONSTANT_HEAD,109,4,0.0,0.0,0.0,0.0,0.0,0.0,0.0,0.0,0.0
FROM_WELLS,109,4,0.0,4777.7715,18.260052,1438.9762,8504.589,0.0,0.0,77.06712,1081.1698
FROM_HEAD_DEP_BOUNDS,109,4,0.0,0.0,72126.484,0.0,0.0,0.0,0.0,0.0,0.0
FROM_RECHARGE,109,4,0.0,11435.957,1631.3204,4484.366,15251.537,1894.4105,2240.9023,1178.2632,2905.9722
FROM_STREAM_LEAKAGE,109,4,0.0,3500.0,1100.0,34854.266,3119.7043,36.55455,16.53421,0.0,0.0
FROM_STREAM_FLOW_OUT,109,4,0.0,173263.03,26465.953,802260200.0,119830350.0,2831682600.0,9008209000.0,0.0,0.0
FROM_ZONE_0,109,4,0.0,0.0,0.0,0.0,0.0,0.0,0.0,0.0,0.0
FROM_haweaflat,109,4,0.0,0.0,405.1634,60269.2,16633.621,0.0,0.0,0.0,0.0
FROM_moraine_top,109,4,0.0,71893.82,0.0,0.0,0.0,0.0,0.0,0.0,0.0
FROM_river_zone,109,4,0.0,12208.131,0.0,0.0,32877.965,0.0,42.17209,70.90952,0.0
FROM_main_terrace,109,4,0.0,798.60486,0.0,163.449,0.0,6498.5586,64868.402,5970.983,0.0
FROM_sandy_point,109,4,0.0,0.0,0.0,0.0,1680.8505,0.0,44.674686,0.0,0.0
FROM_clutha,109,4,0.0,0.0,0.0,3.3307714,1706.9973,12.876109,0.0,892.6294,0.0
FROM_sub_terrace,109,4,0.0,0.0,0.0,70.37814,451.0148,0.0,7229.5205,0.0,0.0
FROM_mangawera,109,4,0.0,0.0,0.0,3696.1538,0.0,0.0,0.0,0.0,0.0
TOTAL_IN,109,4,0.0,278298.28,101747.19,802365250.0,119910824.0,2831691000.0,9008283000.0,8191.6606,3987.247
TO_STORAGE,109,4,0.0,22227.545,3058.103,4047.033,157.17853,0.0010887731,0.033978,0.00073770504,0.48680112
TO_CONSTANT_HEAD,109,4,0.0,0.0,0.0,0.0,0.0,0.0,0.0,0.0,0.0
TO_WELLS,109,4,0.0,5505.3066,0.0,0.0,445.89493,28.567646,0.0,440.7458,290.60635
TO_HEAD_DEP_BOUNDS,109,4,0.0,0.0,330.09082,0.0,0.0,0.0,0.0,0.0,0.0
TO_RECHARGE,109,4,0.0,0.0,0.0,0.0,0.0,0.0,0.0,0.0,0.0
TO_STREAM_LEAKAGE,109,4,0.0,0.0,0.0,55734.445,1577.7554,6688.2036,71831.0,0.0,0.0
TO_STREAM_FLOW_OUT,109,4,0.0,0.0,0.0,0.0,0.0,0.0,0.0,0.0,0.0
TO_ZONE_0,109,4,0.0,0.0,0.0,0.0,0.0,0.0,0.0,0.0,0.0
TO_haweaflat,109,4,0.0,0.0,71893.82,12208.131,798.60486,0.0,0.0,0.0,0.0
TO_moraine_top,109,4,0.0,405.1634,0.0,0.0,0.0,0.0,0.0,0.0,0.0
TO_river_zone,109,4,0.0,60269.2,0.0,0.0,163.449,0.0,3.3307714,70.37814,3696.1538
TO_main_terrace,109,4,0.0,16633.621,0.0,32877.965,0.0,1680.8505,1706.9973,451.0148,0.0
TO_sandy_point,109,4,0.0,0.0,0.0,0.0,6498.5586,0.0,12.876109,0.0,0.0
TO_clutha,109,4,0.0,0.0,0.0,42.17209,64868.402,44.674686,0.0,7229.5205,0.0
TO_sub_terrace,109,4,0.0,0.0,0.0,70.90952,5970.983,0.0,892.6294,0.0,0.0
TO_mangawera,109,4,0.0,0.0,0.0,0.0,0.0,0.0,0.0,0.0,0.0
TOTAL_OUT,109,4,0.0,105040.84,75282.016,104980.66,80480.83,8442.298,74446.87,8191.66,3987.247
IN-OUT,109,4,0.0,173257.44,26465.172,802260300.0,119830344.0,2831682600.0,9008208000.0,0.00048828125,0.0
PERCENT_DISCREPANCY,109,4,,90.39382,29.899218,199.94768,199.73172,199.9988,199.99667,5.960712e-06,0.0
FROM_STORAGE,110,4,0.0,320.52005,0.003258293,0.032466233,226.9567,0.0010389904,3.9058921,1.3740367,0.090518124
FROM_CONSTANT_HEAD,110,4,0.0,0.0,0.0,0.0,0.0,0.0,0.0,0.0,0.0
FROM_WELLS,110,4,0.0,4777.7715,18.260052,1438.9762,8504.589,0.0,0.0,77.06712,1081.1698
FROM_HEAD_DEP_BOUNDS,110,4,0.0,0.0,73454.6,0.0,0.0,0.0,0.0,0.0,0.0
FROM_RECHARGE,110,4,0.0,11435.957,1631.3204,4484.366,15251.537,1894.4105,2240.9023,1178.2632,2905.9722
FROM_STREAM_LEAKAGE,110,4,0.0,3500.0,1100.0,34765.18,3119.7043,36.55455,16.53421,0.0,0.0
FROM_STREAM_FLOW_OUT,110,4,0.0,173263.03,26465.953,802472640.0,119833760.0,2831682600.0,9008218000.0,0.0,0.0
FROM_ZONE_0,110,4,0.0,0.0,0.0,0.0,0.0,0.0,0.0,0.0,0.0
FROM_haweaflat,110,4,0.0,0.0,407.71606,61992.76,16694.299,0.0,0.0,0.0,0.0
FROM_moraine_top,110,4,0.0,73492.66,0.0,0.0,0.0,0.0,0.0,0.0,0.0
FROM_river_zone,110,4,0.0,12232.035,0.0,0.0,32878.12,0.0,42.171883,70.90397,0.0
FROM_main_terrace,110,4,0.0,799.14374,0.0,163.55016,0.0,6498.5586,64868.133,5971.3716,0.0
FROM_sandy_point,110,4,0.0,0.0,0.0,0.0,1680.8505,0.0,44.674686,0.0,0.0
FROM_clutha,110,4,0.0,0.0,0.0,3.3307626,1707.3032,12.876109,0.0,892.6476,0.0
FROM_sub_terrace,110,4,0.0,0.0,0.0,70.37459,450.86615,0.0,7229.5146,0.0,0.0
FROM_mangawera,110,4,0.0,0.0,0.0,3696.1243,0.0,0.0,0.0,0.0,0.0
TOTAL_IN,110,4,0.0,279821.12,103077.86,802579300.0,119914270.0,2831691000.0,9008292000.0,8191.6274,3987.2324
TO_STORAGE,110,4,0.0,21963.562,2789.478,4044.9229,189.82793,0.0010955732,0.092274874,0.12592329,0.5020646
TO_CONSTANT_HEAD,110,4,0.0,0.0,0.0,0.0,0.0,0.0,0.0,0.0,0.0
TO_WELLS,110,4,0.0,5505.3066,0.0,0.0,445.89493,28.567646,0.0,440.7458,290.60635
TO_HEAD_DEP_BOUNDS,110,4,0.0,0.0,330.63574,0.0,0.0,0.0,0.0,0.0,0.0
TO_RECHARGE,110,4,0.0,0.0,0.0,0.0,0.0,0.0,0.0,0.0,0.0
TO_STREAM_LEAKAGE,110,4,0.0,0.0,0.0,57347.617,1577.7554,6688.2036,71829.57,0.0,0.0
TO_STREAM_FLOW_OUT,110,4,0.0,0.0,0.0,0.0,0.0,0.0,0.0,0.0,0.0
TO_ZONE_0,110,4,0.0,0.0,0.0,0.0,0.0,0.0,0.0,0.0,0.0
TO_haweaflat,110,4,0.0,0.0,73492.66,12232.035,799.14374,0.0,0.0,0.0,0.0
TO_moraine_top,110,4,0.0,407.71606,0.0,0.0,0.0,0.0,0.0,0.0,0.0
TO_river_zone,110,4,0.0,61992.76,0.0,0.0,163.55016,0.0,3.3307626,70.37459,3696.1243
TO_main_terrace,110,4,0.0,16694.299,0.0,32878.12,0.0,1680.8505,1707.3032,450.86615,0.0
TO_sandy_point,110,4,0.0,0.0,0.0,0.0,6498.5586,0.0,12.876109,0.0,0.0
TO_clutha,110,4,0.0,0.0,0.0,42.171883,64868.133,44.674686,0.0,7229.5146,0.0
TO_sub_terrace,110,4,0.0,0.0,0.0,70.90397,5971.3716,0.0,892.6476,0.0,0.0
TO_mangawera,110,4,0.0,0.0,0.0,0.0,0.0,0.0,0.0,0.0,0.0
TOTAL_OUT,110,4,0.0,106563.64,76612.77,106615.78,80514.234,8442.298,74445.82,8191.627,3987.2327
IN-OUT,110,4,0.0,173257.48,26465.086,802472700.0,119833760.0,2831682600.0,9008217000.0,0.00048828125,0.00024414062
PERCENT_DISCREPANCY,110,4,,89.68133,29.456278,199.94685,199.73163,199.9988,199.99667,5.960736e-06,6.12306e-06
FROM_STORAGE,111,4,0.0,239.90044,0.0,0.023437256,201.54077,0.0010327899,3.3334157,1.1003815,0.07718623
FROM_CONSTANT_HEAD,111,4,0.0,0.0,0.0,0.0,0.0,0.0,0.0,0.0,0.0
FROM_WELLS,111,4,0.0,4777.7715,18.260052,1438.9762,8504.589,0.0,0.0,77.06712,1081.1698
FROM_HEAD_DEP_BOUNDS,111,4,0.0,0.0,74312.07,0.0,0.0,0.0,0.0,0.0,0.0
FROM_RECHARGE,111,4,0.0,11435.957,1631.3204,4484.366,15251.537,1894.4105,2240.9023,1178.2632,2905.9722
FROM_STREAM_LEAKAGE,111,4,0.0,3500.0,1100.0,34698.15,3119.7043,36.55455,16.53421,0.0,0.0
FROM_STREAM_FLOW_OUT,111,4,0.0,173263.03,26465.953,802676000.0,119837010.0,2831682000.0,9008224000.0,0.0,0.0
FROM_ZONE_0,111,4,0.0,0.0,0.0,0.0,0.0,0.0,0.0,0.0,0.0
FROM_haweaflat,111,4,0.0,0.0,410.26483,63605.246,16756.473,0.0,0.0,0.0,0.0
FROM_moraine_top,111,4,0.0,74846.15,0.0,0.0,0.0,0.0,0.0,0.0,0.0
FROM_river_zone,111,4,0.0,12249.794,0.0,0.0,32877.69,0.0,42.171665,70.89641,0.0
FROM_main_terrace,111,4,0.0,799.7106,0.0,163.6843,0.0,6498.5586,64868.63,5971.8604,0.0
FROM_sandy_point,111,4,0.0,0.0,0.0,0.0,1680.8505,0.0,44.67469,0.0,0.0
FROM_clutha,111,4,0.0,0.0,0.0,3.3307564,1707.6635,12.876109,0.0,892.67993,0.0
FROM_sub_terrace,111,4,0.0,0.0,0.0,70.3724,450.72272,0.0,7229.608,0.0,0.0
FROM_mangawera,111,4,0.0,0.0,0.0,3696.0989,0.0,0.0,0.0,0.0,0.0
TOTAL_IN,111,4,0.0,281112.3,103937.87,802784200.0,119917560.0,2831690500.0,9008298000.0,8191.867,3987.2192
TO_STORAGE,111,4,0.0,21577.822,2295.4688,4007.7856,224.70152,0.0011012201,0.41331115,0.41786972,0.5138359
TO_CONSTANT_HEAD,111,4,0.0,0.0,0.0,0.0,0.0,0.0,0.0,0.0,0.0
TO_WELLS,111,4,0.0,5505.3066,0.0,0.0,445.89493,28.567646,0.0,440.7458,290.60635
TO_HEAD_DEP_BOUNDS,111,4,0.0,0.0,330.98828,0.0,0.0,0.0,0.0,0.0,0.0
TO_RECHARGE,111,4,0.0,0.0,0.0,0.0,0.0,0.0,0.0,0.0,0.0
TO_STREAM_LEAKAGE,111,4,0.0,0.0,0.0,58912.793,1577.7554,6688.2036,71828.805,0.0,0.0
TO_STREAM_FLOW_OUT,111,4,0.0,0.0,0.0,0.0,0.0,0.0,0.0,0.0,0.0
TO_ZONE_0,111,4,0.0,0.0,0.0,0.0,0.0,0.0,0.0,0.0,0.0
TO_haweaflat,111,4,0.0,0.0,74846.15,12249.794,799.7106,0.0,0.0,0.0,0.0
TO_moraine_top,111,4,0.0,410.26483,0.0,0.0,0.0,0.0,0.0,0.0,0.0
TO_river_zone,111,4,0.0,63605.246,0.0,0.0,163.6843,0.0,3.3307564,70.3724,3696.0989
TO_main_terrace,111,4,0.0,16756.473,0.0,32877.69,0.0,1680.8505,1707.6635,450.72272,0.0
TO_sandy_point,111,4,0.0,0.0,0.0,0.0,6498.5586,0.0,12.876109,0.0,0.0
TO_clutha,111,4,0.0,0.0,0.0,42.171665,64868.63,44.67469,0.0,7229.608,0.0
TO_sub_terrace,111,4,0.0,0.0,0.0,70.89641,5971.8604,0.0,892.67993,0.0,0.0
TO_mangawera,111,4,0.0,0.0,0.0,0.0,0.0,0.0,0.0,0.0,0.0
TOTAL_OUT,111,4,0.0,107855.11,77472.61,108161.13,80550.8,8442.298,74445.766,8191.8667,3987.219
IN-OUT,111,4,0.0,173257.2,26465.258,802676030.0,119837010.0,2831682000.0,9008223000.0,0.00048828125,0.00024414062
PERCENT_DISCREPANCY,111,4,,89.08571,29.177212,199.9461,199.73149,199.99881,199.99669,5.9605613e-06,6.12308e-06
FROM_STORAGE,112,4,0.0,175.301,0.00589604,0.01630761,179.50804,0.0010301708,2.8668354,0.8963956,0.0653661
FROM_CONSTANT_HEAD,112,4,0.0,0.0,0.0,0.0,0.0,0.0,0.0,0.0,0.0
FROM_WELLS,112,4,0.0,4777.7715,18.260052,1438.9762,8504.589,0.0,0.0,77.06712,1081.1698
FROM_HEAD_DEP_BOUNDS,112,4,0.0,0.0,74651.57,0.0,0.0,0.0,0.0,0.0,0.0
FROM_RECHARGE,112,4,0.0,11435.957,1631.3204,4484.366,15251.537,1894.4105,2240.9023,1178.2632,2905.9722
FROM_STREAM_LEAKAGE,112,4,0.0,3500.0,1100.0,34684.48,3119.7043,36.55455,16.53421,0.0,0.0
FROM_STREAM_FLOW_OUT,112,4,0.0,173263.03,26465.953,802868160.0,119840100.0,2831682000.0,9008232000.0,0.0,0.0
FROM_ZONE_0,112,4,0.0,0.0,0.0,0.0,0.0,0.0,0.0,0.0,0.0
FROM_haweaflat,112,4,0.0,0.0,413.59787,65086.684,16819.37,0.0,0.0,0.0,0.0
FROM_moraine_top,112,4,0.0,75671.02,0.0,0.0,0.0,0.0,0.0,0.0,0.0
FROM_river_zone,112,4,0.0,12261.519,0.0,0.0,32876.688,0.0,42.17148,70.8868,0.0
FROM_main_terrace,112,4,0.0,800.3019,0.0,163.84964,0.0,6498.5586,64869.867,5972.433,0.0
FROM_sandy_point,112,4,0.0,0.0,0.0,0.0,1680.8505,0.0,44.67469,0.0,0.0
FROM_clutha,112,4,0.0,0.0,0.0,3.3307507,1708.0731,12.876109,0.0,892.72595,0.0
FROM_sub_terrace,112,4,0.0,0.0,0.0,70.371605,450.57928,0.0,7229.797,0.0,0.0
FROM_mangawera,112,4,0.0,0.0,0.0,3696.079,0.0,0.0,0.0,0.0,0.0
TOTAL_IN,112,4,0.0,281884.94,104280.71,802977800.0,119920690.0,2831690500.0,9008306000.0,8192.272,3987.2073
TO_STORAGE,112,4,0.0,20802.174,1812.7493,3930.1042,262.2642,0.0011039609,0.86209214,0.77948165,0.52221036
TO_CONSTANT_HEAD,112,4,0.0,0.0,0.0,0.0,0.0,0.0,0.0,0.0,0.0
TO_WELLS,112,4,0.0,5505.3066,0.0,0.0,445.89493,28.567646,0.0,440.7458,290.60635
TO_HEAD_DEP_BOUNDS,112,4,0.0,0.0,331.39502,0.0,0.0,0.0,0.0,0.0,0.0
TO_RECHARGE,112,4,0.0,0.0,0.0,0.0,0.0,0.0,0.0,0.0,0.0
TO_STREAM_LEAKAGE,112,4,0.0,0.0,0.0,60447.992,1577.7554,6688.2036,71828.91,0.0,0.0
TO_STREAM_FLOW_OUT,112,4,0.0,0.0,0.0,0.0,0.0,0.0,0.0,0.0,0.0
TO_ZONE_0,112,4,0.0,0.0,0.0,0.0,0.0,0.0,0.0,0.0,0.0
TO_haweaflat,112,4,0.0,0.0,75671.02,12261.519,800.3019,0.0,0.0,0.0,0.0
TO_moraine_top,112,4,0.0,413.59787,0.0,0.0,0.0,0.0,0.0,0.0,0.0
TO_river_zone,112,4,0.0,65086.684,0.0,0.0,163.84964,0.0,3.3307507,70.371605,3696.079
TO_main_terrace,112,4,0.0,16819.37,0.0,32876.688,0.0,1680.8505,1708.0731,450.57928,0.0
TO_sandy_point,112,4,0.0,0.0,0.0,0.0,6498.5586,0.0,12.876109,0.0,0.0
TO_clutha,112,4,0.0,0.0,0.0,42.17148,64869.867,44.67469,0.0,7229.797,0.0
TO_sub_terrace,112,4,0.0,0.0,0.0,70.8868,5972.433,0.0,892.72595,0.0,0.0
TO_mangawera,112,4,0.0,0.0,0.0,0.0,0.0,0.0,0.0,0.0,0.0
TOTAL_OUT,112,4,0.0,108627.13,77815.164,109629.37,80590.92,8442.298,74446.766,8192.273,3987.2078
IN-OUT,112,4,0.0,173257.81,26465.547,802868160.0,119840100.0,2831682000.0,9008231000.0,0.0009765625,0.00048828125
PERCENT_DISCREPANCY,112,4,,88.73366,29.067707,199.9454,199.73135,199.99881,199.99667,1.19205315e-05,1.2246196e-05
FROM_STORAGE,113,4,0.0,124.550934,0.0009895712,0.010635682,160.34267,0.0010296898,2.4557943,0.73673254,0.05554111
FROM_CONSTANT_HEAD,113,4,0.0,0.0,0.0,0.0,0.0,0.0,0.0,0.0,0.0
FROM_WELLS,113,4,0.0,4777.7715,18.260052,1438.9762,8504.589,0.0,0.0,77.06712,1081.1698
FROM_HEAD_DEP_BOUNDS,113,4,0.0,0.0,74472.85,0.0,0.0,0.0,0.0,0.0,0.0
FROM_RECHARGE,113,4,0.0,11435.957,1631.3204,4484.366,15251.537,1894.4105,2240.9023,1178.2632,2905.9722
FROM_STREAM_LEAKAGE,113,4,0.0,3500.0,1100.0,34678.12,3119.7043,36.55455,16.53421,0.0,0.0
FROM_STREAM_FLOW_OUT,113,4,0.0,173263.03,26465.953,803047700.0,119842984.0,2831682600.0,9008241000.0,0.0,0.0
FROM_ZONE_0,113,4,0.0,0.0,0.0,0.0,0.0,0.0,0.0,0.0,0.0
FROM_haweaflat,113,4,0.0,0.0,417.3028,66412.125,16882.049,0.0,0.0,0.0,0.0
FROM_moraine_top,113,4,0.0,75965.1,0.0,0.0,0.0,0.0,0.0,0.0,0.0
FROM_river_zone,113,4,0.0,12267.043,0.0,0.0,32875.113,0.0,42.17125,70.87543,0.0
FROM_main_terrace,113,4,0.0,800.9105,0.0,164.04388,0.0,6498.5586,64871.832,5973.0815,0.0
FROM_sandy_point,113,4,0.0,0.0,0.0,0.0,1680.8505,0.0,44.674694,0.0,0.0
FROM_clutha,113,4,0.0,0.0,0.0,3.330742,1708.5265,12.876109,0.0,892.7849,0.0
FROM_sub_terrace,113,4,0.0,0.0,0.0,70.3723,450.43268,0.0,7230.0776,0.0,0.0
FROM_mangawera,113,4,0.0,0.0,0.0,3696.0645,0.0,0.0,0.0,0.0,0.0
TOTAL_IN,113,4,0.0,282134.34,104105.69,803158660.0,119923620.0,2831691000.0,9008314000.0,8192.809,3987.1975
TO_STORAGE,113,4,0.0,19659.523,1343.128,3807.7964,301.10873,0.0011042147,1.3786793,1.1799732,0.5269666
TO_CONSTANT_HEAD,113,4,0.0,0.0,0.0,0.0,0.0,0.0,0.0,0.0,0.0
TO_WELLS,113,4,0.0,5505.3066,0.0,0.0,445.89493,28.567646,0.0,440.7458,290.60635
TO_HEAD_DEP_BOUNDS,113,4,0.0,0.0,332.07324,0.0,0.0,0.0,0.0,0.0,0.0
TO_RECHARGE,113,4,0.0,0.0,0.0,0.0,0.0,0.0,0.0,0.0,0.0
TO_STREAM_LEAKAGE,113,4,0.0,0.0,0.0,61885.066,1577.7554,6688.2036,71829.734,0.0,0.0
TO_STREAM_FLOW_OUT,113,4,0.0,0.0,0.0,0.0,0.0,0.0,0.0,0.0,0.0
TO_ZONE_0,113,4,0.0,0.0,0.0,0.0,0.0,0.0,0.0,0.0,0.0
TO_haweaflat,113,4,0.0,0.0,75965.1,12267.043,800.9105,0.0,0.0,0.0,0.0
TO_moraine_top,113,4,0.0,417.3028,0.0,0.0,0.0,0.0,0.0,0.0,0.0
TO_river_zone,113,4,0.0,66412.125,0.0,0.0,164.04388,0.0,3.330742,70.3723,3696.0645
TO_main_terrace,113,4,0.0,16882.049,0.0,32875.113,0.0,1680.8505,1708.5265,450.43268,0.0
TO_sandy_point,113,4,0.0,0.0,0.0,0.0,6498.5586,0.0,12.876109,0.0,0.0
TO_clutha,113,4,0.0,0.0,0.0,42.17125,64871.832,44.674694,0.0,7230.0776,0.0
TO_sub_terrace,113,4,0.0,0.0,0.0,70.87543,5973.0815,0.0,892.7849,0.0,0.0
TO_mangawera,113,4,0.0,0.0,0.0,0.0,0.0,0.0,0.0,0.0,0.0
TOTAL_OUT,113,4,0.0,108876.305,77640.305,110948.06,80633.18,8442.298,74448.62,8192.809,3987.1978
IN-OUT,113,4,0.0,173258.03,26465.383,803047700.0,119842984.0,2831682600.0,9008240000.0,0.0,0.00024414062
PERCENT_DISCREPANCY,113,4,,88.62062,29.123484,199.94473,199.73123,199.9988,199.99669,0.0,6.123113e-06
FROM_STORAGE,114,4,0.0,86.09647,0.005916466,0.0066978214,142.76361,0.0010215758,2.097213,0.6139454,0.048895244
FROM_CONSTANT_HEAD,114,4,0.0,0.0,0.0,0.0,0.0,0.0,0.0,0.0,0.0
FROM_WELLS,114,4,0.0,4777.7715,18.260052,1438.9762,8504.589,0.0,0.0,77.06712,1081.1698
FROM_HEAD_DEP_BOUNDS,114,4,0.0,0.0,73810.266,0.0,0.0,0.0,0.0,0.0,0.0
FROM_RECHARGE,114,4,0.0,11435.957,1631.3204,4484.366,15251.537,1894.4105,2240.9023,1178.2632,2905.9722
FROM_STREAM_LEAKAGE,114,4,0.0,3500.0,1100.0,34671.22,3119.7043,36.55455,16.53421,0.0,0.0
FROM_STREAM_FLOW_OUT,114,4,0.0,173263.03,26465.953,803211260.0,119845620.0,2831682000.0,9008246000.0,0.0,0.0
FROM_ZONE_0,114,4,0.0,0.0,0.0,0.0,0.0,0.0,0.0,0.0,0.0
FROM_haweaflat,114,4,0.0,0.0,421.13593,67563.98,16943.826,0.0,0.0,0.0,0.0
FROM_moraine_top,114,4,0.0,75813.01,0.0,0.0,0.0,0.0,0.0,0.0,0.0
FROM_river_zone,114,4,0.0,12266.271,0.0,0.0,32872.996,0.0,42.17112,70.86232,0.0
FROM_main_terrace,114,4,0.0,801.5303,0.0,164.26518,0.0,6498.559,64874.5,5973.796,0.0
FROM_sandy_point,114,4,0.0,0.0,0.0,0.0,1680.8505,0.0,44.674694,0.0,0.0
FROM_clutha,114,4,0.0,0.0,0.0,3.330734,1709.0192,12.876109,0.0,892.85626,0.0
FROM_sub_terrace,114,4,0.0,0.0,0.0,70.374435,450.28424,0.0,7230.4478,0.0,0.0
FROM_mangawera,114,4,0.0,0.0,0.0,3696.0557,0.0,0.0,0.0,0.0,0.0
TOTAL_IN,114,4,0.0,281943.7,103446.94,803323400.0,119926290.0,2831690500.0,9008319000.0,8193.459,3987.191
TO_STORAGE,114,4,0.0,18338.824,840.20966,3657.0417,340.22034,0.0011121475,1.9501848,1.6111563,0.53105503
TO_CONSTANT_HEAD,114,4,0.0,0.0,0.0,0.0,0.0,0.0,0.0,0.0,0.0
TO_WELLS,114,4,0.0,5505.3066,0.0,0.0,445.89493,28.567646,0.0,440.7458,290.60635
TO_HEAD_DEP_BOUNDS,114,4,0.0,0.0,332.38135,0.0,0.0,0.0,0.0,0.0,0.0
TO_RECHARGE,114,4,0.0,0.0,0.0,0.0,0.0,0.0,0.0,0.0,0.0
TO_STREAM_LEAKAGE,114,4,0.0,0.0,0.0,63201.246,1577.7554,6688.2036,71831.23,0.0,0.0
TO_STREAM_FLOW_OUT,114,4,0.0,0.0,0.0,0.0,0.0,0.0,0.0,0.0,0.0
TO_ZONE_0,114,4,0.0,0.0,0.0,0.0,0.0,0.0,0.0,0.0,0.0
TO_haweaflat,114,4,0.0,0.0,75813.01,12266.271,801.5303,0.0,0.0,0.0,0.0
TO_moraine_top,114,4,0.0,421.13593,0.0,0.0,0.0,0.0,0.0,0.0,0.0
TO_river_zone,114,4,0.0,67563.98,0.0,0.0,164.26518,0.0,3.330734,70.374435,3696.0557
TO_main_terrace,114,4,0.0,16943.826,0.0,32872.996,0.0,1680.8505,1709.0192,450.28424,0.0
TO_sandy_point,114,4,0.0,0.0,0.0,0.0,6498.559,0.0,12.876109,0.0,0.0
TO_clutha,114,4,0.0,0.0,0.0,42.17112,64874.5,44.674694,0.0,7230.4478,0.0
TO_sub_terrace,114,4,0.0,0.0,0.0,70.86232,5973.796,0.0,892.85626,0.0,0.0
TO_mangawera,114,4,0.0,0.0,0.0,0.0,0.0,0.0,0.0,0.0,0.0
TOTAL_OUT,114,4,0.0,108773.07,76985.6,112110.59,80676.52,8442.298,74451.26,8193.463,3987.193
IN-OUT,114,4,0.0,173170.62,26461.336,803211260.0,119845610.0,2831682000.0,9008245000.0,0.00390625,0.0021972656
PERCENT_DISCREPANCY,114,4,,88.64254,29.331003,199.94418,199.7311,199.99881,199.99669,4.7675214e-05,5.51081e-05
FROM_STORAGE,115,4,0.0,57.31094,3.1198235,0.0046230303,125.257225,0.0010130977,1.7702914,0.51035154,0.043679204
FROM_CONSTANT_HEAD,115,4,0.0,0.0,0.0,0.0,0.0,0.0,0.0,0.0,0.0
FROM_WELLS,115,4,0.0,4777.7715,18.260052,1438.9762,8504.589,0.0,0.0,77.06712,1081.1698
FROM_HEAD_DEP_BOUNDS,115,4,0.0,0.0,72739.95,0.0,0.0,0.0,0.0,0.0,0.0
FROM_RECHARGE,115,4,0.0,11435.957,1631.3204,4484.366,15251.537,1894.4105,2240.9023,1178.2632,2905.9722
FROM_STREAM_LEAKAGE,115,4,0.0,3500.0,1100.0,34664.12,3119.7043,36.55455,16.53421,0.0,0.0
FROM_STREAM_FLOW_OUT,115,4,0.0,173263.03,26465.953,803357200.0,119847970.0,2831682000.0,9008252000.0,0.0,0.0
FROM_ZONE_0,115,4,0.0,0.0,0.0,0.0,0.0,0.0,0.0,0.0,0.0
FROM_haweaflat,115,4,0.0,0.0,425.68344,68517.52,17003.643,0.0,0.0,0.0,0.0
FROM_moraine_top,115,4,0.0,75263.2,0.0,0.0,0.0,0.0,0.0,0.0,0.0
FROM_river_zone,115,4,0.0,12259.091,0.0,0.0,32870.36,0.0,42.17093,70.84769,0.0
FROM_main_terrace,115,4,0.0,802.1543,0.0,164.5105,0.0,6498.559,64877.83,5974.5703,0.0
FROM_sandy_point,115,4,0.0,0.0,0.0,0.0,1680.8505,0.0,44.674694,0.0,0.0
FROM_clutha,115,4,0.0,0.0,0.0,3.3307276,1709.5452,12.876109,0.0,892.93915,0.0
FROM_sub_terrace,115,4,0.0,0.0,0.0,70.377884,450.13602,0.0,7230.9023,0.0,0.0
FROM_mangawera,115,4,0.0,0.0,0.0,3696.0542,0.0,0.0,0.0,0.0,0.0
TOTAL_IN,115,4,0.0,281358.5,102384.29,803470300.0,119928680.0,2831690500.0,9008326000.0,8194.198,3987.1855
TO_STORAGE,115,4,0.0,16727.361,304.56042,3439.7446,375.56317,0.0011206062,2.5514538,2.0425634,0.52759695
TO_CONSTANT_HEAD,115,4,0.0,0.0,0.0,0.0,0.0,0.0,0.0,0.0,0.0
TO_WELLS,115,4,0.0,5505.3066,0.0,0.0,445.89493,28.567646,0.0,440.7458,290.60635
TO_HEAD_DEP_BOUNDS,115,4,0.0,0.0,352.1128,0.0,0.0,0.0,0.0,0.0,0.0
TO_RECHARGE,115,4,0.0,0.0,0.0,0.0,0.0,0.0,0.0,0.0,0.0
TO_STREAM_LEAKAGE,115,4,0.0,0.0,0.0,64373.895,1577.7554,6688.2036,71833.62,0.0,0.0
TO_STREAM_FLOW_OUT,115,4,0.0,0.0,0.0,0.0,0.0,0.0,0.0,0.0,0.0
TO_ZONE_0,115,4,0.0,0.0,0.0,0.0,0.0,0.0,0.0,0.0,0.0
TO_haweaflat,115,4,0.0,0.0,75263.2,12259.091,802.1543,0.0,0.0,0.0,0.0
TO_moraine_top,115,4,0.0,425.68344,0.0,0.0,0.0,0.0,0.0,0.0,0.0
TO_river_zone,115,4,0.0,68517.52,0.0,0.0,164.5105,0.0,3.3307276,70.377884,3696.0542
TO_main_terrace,115,4,0.0,17003.643,0.0,32870.36,0.0,1680.8505,1709.5452,450.13602,0.0
TO_sandy_point,115,4,0.0,0.0,0.0,0.0,6498.559,0.0,12.876109,0.0,0.0
TO_clutha,115,4,0.0,0.0,0.0,42.17093,64877.83,44.674694,0.0,7230.9023,0.0
TO_sub_terrace,115,4,0.0,0.0,0.0,70.84769,5974.5703,0.0,892.93915,0.0,0.0
TO_mangawera,115,4,0.0,0.0,0.0,0.0,0.0,0.0,0.0,0.0,0.0
TOTAL_OUT,115,4,0.0,108179.516,75919.875,113056.12,80716.836,8442.298,74454.86,8194.205,3987.1882
IN-OUT,115,4,0.0,173178.98,26464.414,803357200.0,119847960.0,2831682000.0,9008251000.0,0.0068359375,0.0026855469
PERCENT_DISCREPANCY,115,4,,88.91506,29.684574,199.94371,199.73094,199.99881,199.99667,8.3424085e-05,6.735443e-05
FROM_STORAGE,116,4,0.0,41.83745,243.4635,0.003432259,109.032005,0.0010042974,1.4926081,0.42507023,0.03971556
FROM_CONSTANT_HEAD,116,4,0.0,0.0,0.0,0.0,0.0,0.0,0.0,0.0,0.0
FROM_WELLS,116,4,0.0,4777.7715,18.260052,1438.9762,8504.589,0.0,0.0,77.06712,1081.1698
FROM_HEAD_DEP_BOUNDS,116,4,0.0,0.0,71329.66,0.0,0.0,0.0,0.0,0.0,0.0
FROM_RECHARGE,116,4,0.0,11435.957,1631.3204,4484.366,15251.537,1894.4105,2240.9023,1178.2632,2905.9722
FROM_STREAM_LEAKAGE,116,4,0.0,3500.0,1100.0,34656.562,3119.7043,36.55455,16.53421,0.0,0.0
FROM_STREAM_FLOW_OUT,116,4,0.0,173263.03,26465.953,803482700.0,119850010.0,2831682600.0,9008259000.0,0.0,0.0
FROM_ZONE_0,116,4,0.0,0.0,0.0,0.0,0.0,0.0,0.0,0.0,0.0
FROM_haweaflat,116,4,0.0,0.0,431.6917,69270.06,17060.479,0.0,0.0,0.0,0.0
FROM_moraine_top,116,4,0.0,74314.45,0.0,0.0,0.0,0.0,0.0,0.0,0.0
FROM_river_zone,116,4,0.0,12246.016,0.0,0.0,32867.242,0.0,42.170845,70.83175,0.0
FROM_main_terrace,116,4,0.0,802.77136,0.0,164.77612,0.0,6498.559,64881.766,5975.391,0.0
FROM_sandy_point,116,4,0.0,0.0,0.0,0.0,1680.8505,0.0,44.674698,0.0,0.0
FROM_clutha,116,4,0.0,0.0,0.0,3.3307235,1710.0966,12.876109,0.0,893.03204,0.0
FROM_sub_terrace,116,4,0.0,0.0,0.0,70.38264,449.99,0.0,7231.434,0.0,0.0
FROM_mangawera,116,4,0.0,0.0,0.0,3696.059,0.0,0.0,0.0,0.0,0.0
TOTAL_IN,116,4,0.0,280381.84,101220.35,803596500.0,119930760.0,2831691000.0,9008333000.0,8195.011,3987.1816
TO_STORAGE,116,4,0.0,14926.264,0.0798092,3185.4983,408.06366,0.0011297358,3.1807525,2.4672492,0.5184838
TO_CONSTANT_HEAD,116,4,0.0,0.0,0.0,0.0,0.0,0.0,0.0,0.0,0.0
TO_WELLS,116,4,0.0,5505.3066,0.0,0.0,445.89493,28.567646,0.0,440.7458,290.60635
TO_HEAD_DEP_BOUNDS,116,4,0.0,0.0,438.07178,0.0,0.0,0.0,0.0,0.0,0.0
TO_RECHARGE,116,4,0.0,0.0,0.0,0.0,0.0,0.0,0.0,0.0,0.0
TO_STREAM_LEAKAGE,116,4,0.0,0.0,0.0,65388.42,1577.7886,6688.2036,71836.414,0.0,0.0
TO_STREAM_FLOW_OUT,116,4,0.0,0.0,0.0,0.0,0.0,0.0,0.0,0.0,0.0
TO_ZONE_0,116,4,0.0,0.0,0.0,0.0,0.0,0.0,0.0,0.0,0.0
TO_haweaflat,116,4,0.0,0.0,74314.45,12246.016,802.77136,0.0,0.0,0.0,0.0
TO_moraine_top,116,4,0.0,431.6917,0.0,0.0,0.0,0.0,0.0,0.0,0.0
TO_river_zone,116,4,0.0,69270.06,0.0,0.0,164.77612,0.0,3.3307235,70.38264,3696.059
TO_main_terrace,116,4,0.0,17060.479,0.0,32867.242,0.0,1680.8505,1710.0966,449.99,0.0
TO_sandy_point,116,4,0.0,0.0,0.0,0.0,6498.559,0.0,12.876109,0.0,0.0
TO_clutha,116,4,0.0,0.0,0.0,42.170845,64881.766,44.674698,0.0,7231.434,0.0
TO_sub_terrace,116,4,0.0,0.0,0.0,70.83175,5975.391,0.0,893.03204,0.0,0.0
TO_mangawera,116,4,0.0,0.0,0.0,0.0,0.0,0.0,0.0,0.0,0.0
TOTAL_OUT,116,4,0.0,107193.805,74752.6,113800.18,80755.01,8442.298,74458.92,8195.02,3987.1838
IN-OUT,116,4,0.0,173188.03,26467.75,803482700.0,119850010.0,2831682600.0,9008258000.0,0.0087890625,0.0021972656
PERCENT_DISCREPANCY,116,4,,89.36993,30.081612,199.94336,199.73085,199.9988,199.99669,0.00010724888,5.5108227e-05
FROM_STORAGE,117,4,0.0,47.205017,769.8905,0.0024494252,94.17322,0.0009963263,1.2552509,0.35385427,0.03663219
FROM_CONSTANT_HEAD,117,4,0.0,0.0,0.0,0.0,0.0,0.0,0.0,0.0,0.0
FROM_WELLS,117,4,0.0,4777.7715,18.260052,1438.9762,8504.589,0.0,0.0,77.06712,1081.1698
FROM_HEAD_DEP_BOUNDS,117,4,0.0,0.0,69545.555,0.0,0.0,0.0,0.0,0.0,0.0
FROM_RECHARGE,117,4,0.0,11435.957,1631.3204,4484.366,15251.537,1894.4105,2240.9023,1178.2632,2905.9722
FROM_STREAM_LEAKAGE,117,4,0.0,3500.0,1100.0,34649.266,3119.7043,36.55455,16.53421,0.0,0.0
FROM_STREAM_FLOW_OUT,117,4,0.0,173263.03,26465.953,803587600.0,119851720.0,2831682800.0,9008263000.0,0.0,0.0
FROM_ZONE_0,117,4,0.0,0.0,0.0,0.0,0.0,0.0,0.0,0.0,0.0
FROM_haweaflat,117,4,0.0,0.0,438.3615,69811.09,17113.607,0.0,0.0,0.0,0.0
FROM_moraine_top,117,4,0.0,72959.9,0.0,0.0,0.0,0.0,0.0,0.0,0.0
FROM_river_zone,117,4,0.0,12227.34,0.0,0.0,32863.69,0.0,42.170692,70.81476,0.0
FROM_main_terrace,117,4,0.0,803.3721,0.0,165.05821,0.0,6498.5596,64886.254,5976.246,0.0
FROM_sandy_point,117,4,0.0,0.0,0.0,0.0,1680.8505,0.0,44.6747,0.0,0.0
FROM_clutha,117,4,0.0,0.0,0.0,3.3307192,1710.6661,12.876109,0.0,893.13385,0.0
FROM_sub_terrace,117,4,0.0,0.0,0.0,70.38872,449.84845,0.0,7232.035,0.0,0.0
FROM_mangawera,117,4,0.0,0.0,0.0,3696.0708,0.0,0.0,0.0,0.0,0.0
TOTAL_IN,117,4,0.0,279014.6,99969.336,803701950.0,119932504.0,2831691300.0,9008337000.0,8195.879,3987.1787
TO_STORAGE,117,4,0.0,12948.399,5.9104544e-13,2894.3865,437.20206,0.0011382046,3.8169622,2.8739789,0.50364804
TO_CONSTANT_HEAD,117,4,0.0,0.0,0.0,0.0,0.0,0.0,0.0,0.0,0.0
TO_WELLS,117,4,0.0,5505.3066,0.0,0.0,445.89493,28.567646,0.0,440.7458,290.60635
TO_HEAD_DEP_BOUNDS,117,4,0.0,0.0,538.8052,0.0,0.0,0.0,0.0,0.0,0.0
TO_RECHARGE,117,4,0.0,0.0,0.0,0.0,0.0,0.0,0.0,0.0,0.0
TO_STREAM_LEAKAGE,117,4,0.0,0.0,0.0,66234.63,1577.7886,6688.2036,71840.0,0.0,0.0
TO_STREAM_FLOW_OUT,117,4,0.0,0.0,0.0,0.0,0.0,0.0,0.0,0.0,0.0
TO_ZONE_0,117,4,0.0,0.0,0.0,0.0,0.0,0.0,0.0,0.0,0.0
TO_haweaflat,117,4,0.0,0.0,72959.9,12227.34,803.3721,0.0,0.0,0.0,0.0
TO_moraine_top,117,4,0.0,438.3615,0.0,0.0,0.0,0.0,0.0,0.0,0.0
TO_river_zone,117,4,0.0,69811.09,0.0,0.0,165.05821,0.0,3.3307192,70.38872,3696.0708
TO_main_terrace,117,4,0.0,17113.607,0.0,32863.69,0.0,1680.8505,1710.6661,449.84845,0.0
TO_sandy_point,117,4,0.0,0.0,0.0,0.0,6498.5596,0.0,12.876109,0.0,0.0
TO_clutha,117,4,0.0,0.0,0.0,42.170692,64886.254,44.6747,0.0,7232.035,0.0
TO_sub_terrace,117,4,0.0,0.0,0.0,70.81476,5976.246,0.0,893.13385,0.0,0.0
TO_mangawera,117,4,0.0,0.0,0.0,0.0,0.0,0.0,0.0,0.0,0.0
TOTAL_OUT,117,4,0.0,105816.77,73498.7,114333.03,80790.375,8442.298,74463.82,8195.893,3987.181
IN-OUT,117,4,0.0,173197.81,26470.633,803587650.0,119851710.0,2831682800.0,9008262000.0,0.013671875,0.0021972656
PERCENT_DISCREPANCY,117,4,,90.01232,30.519321,199.94313,199.73073,199.99881,199.99667,0.00016681389,5.5108267e-05
FROM_STORAGE,118,4,0.0,66.06529,1246.046,0.0017353328,80.60415,0.0010009423,1.0520812,0.29648495,0.034239307
FROM_CONSTANT_HEAD,118,4,0.0,0.0,0.0,0.0,0.0,0.0,0.0,0.0,0.0
FROM_WELLS,118,4,0.0,4777.7715,18.260052,1438.9762,8504.589,0.0,0.0,77.06712,1081.1698
FROM_HEAD_DEP_BOUNDS,118,4,0.0,0.0,67371.914,0.0,0.0,0.0,0.0,0.0,0.0
FROM_RECHARGE,118,4,0.0,11435.957,1631.3204,4484.366,15251.537,1894.4105,2240.9023,1178.2632,2905.9722
FROM_STREAM_LEAKAGE,118,4,0.0,3500.0,1100.0,34641.82,3119.7043,36.55455,16.53421,0.0,0.0
FROM_STREAM_FLOW_OUT,118,4,0.0,173263.03,26465.953,803669300.0,119853050.0,2831682800.0,9008266000.0,0.0,0.0
FROM_ZONE_0,118,4,0.0,0.0,0.0,0.0,0.0,0.0,0.0,0.0,0.0
FROM_haweaflat,118,4,0.0,0.0,445.8258,70127.91,17162.361,0.0,0.0,0.0,0.0
FROM_moraine_top,118,4,0.0,71165.11,0.0,0.0,0.0,0.0,0.0,0.0,0.0
FROM_river_zone,118,4,0.0,12203.182,0.0,0.0,32859.758,0.0,42.170612,70.79682,0.0
FROM_main_terrace,118,4,0.0,803.94763,0.0,165.35262,0.0,6498.5596,64891.23,5977.125,0.0
FROM_sandy_point,118,4,0.0,0.0,0.0,0.0,1680.8505,0.0,44.6747,0.0,0.0
FROM_clutha,118,4,0.0,0.0,0.0,3.3307114,1711.2457,12.876108,0.0,893.2429,0.0
FROM_sub_terrace,118,4,0.0,0.0,0.0,70.395996,449.71307,0.0,7232.696,0.0,0.0
FROM_mangawera,118,4,0.0,0.0,0.0,3696.0889,0.0,0.0,0.0,0.0,0.0
TOTAL_IN,118,4,0.0,277215.06,98279.32,803784000.0,119933864.0,2831691300.0,9008340000.0,8196.792,3987.1763
TO_STORAGE,118,4,0.0,10764.529,2.8815353e-14,2565.9739,462.367,0.0011331614,4.4418783,3.255702,0.4830296
TO_CONSTANT_HEAD,118,4,0.0,0.0,0.0,0.0,0.0,0.0,0.0,0.0,0.0
TO_WELLS,118,4,0.0,5505.3066,0.0,0.0,445.89493,28.567646,0.0,440.7458,290.60635
TO_HEAD_DEP_BOUNDS,118,4,0.0,0.0,640.7212,0.0,0.0,0.0,0.0,0.0,0.0
TO_RECHARGE,118,4,0.0,0.0,0.0,0.0,0.0,0.0,0.0,0.0,0.0
TO_STREAM_LEAKAGE,118,4,0.0,0.0,0.0,66899.266,1577.7886,6688.2036,71844.15,0.0,0.0
TO_STREAM_FLOW_OUT,118,4,0.0,0.0,0.0,0.0,0.0,0.0,0.0,0.0,0.0
TO_ZONE_0,118,4,0.0,0.0,0.0,0.0,0.0,0.0,0.0,0.0,0.0
TO_haweaflat,118,4,0.0,0.0,71165.11,12203.182,803.94763,0.0,0.0,0.0,0.0
TO_moraine_top,118,4,0.0,445.8258,0.0,0.0,0.0,0.0,0.0,0.0,0.0
TO_river_zone,118,4,0.0,70127.91,0.0,0.0,165.35262,0.0,3.3307114,70.395996,3696.0889
TO_main_terrace,118,4,0.0,17162.361,0.0,32859.758,0.0,1680.8505,1711.2457,449.71307,0.0
TO_sandy_point,118,4,0.0,0.0,0.0,0.0,6498.5596,0.0,12.876108,0.0,0.0
TO_clutha,118,4,0.0,0.0,0.0,42.170612,64891.23,44.6747,0.0,7232.696,0.0
TO_sub_terrace,118,4,0.0,0.0,0.0,70.79682,5977.125,0.0,893.2429,0.0,0.0
TO_mangawera,118,4,0.0,0.0,0.0,0.0,0.0,0.0,0.0,0.0,0.0
TOTAL_OUT,118,4,0.0,104005.93,71805.83,114641.15,80822.266,8442.298,74469.28,8196.807,3987.1782
IN-OUT,118,4,0.0,173209.12,26473.492,803669400.0,119853040.0,2831682800.0,9008265000.0,0.0146484375,0.001953125
PERCENT_DISCREPANCY,118,4,,90.87071,31.129692,199.94296,199.7306,199.99881,199.99669,0.00017870925,4.8985155e-05
FROM_STORAGE,119,4,0.0,661.5903,1625.08,9.827891,68.546814,0.0010008852,0.8713177,0.24837671,0.032016248
FROM_CONSTANT_HEAD,119,4,0.0,0.0,0.0,0.0,0.0,0.0,0.0,0.0,0.0
FROM_WELLS,119,4,0.0,4777.7715,18.260052,1438.9762,8504.589,0.0,0.0,77.06712,1081.1698
FROM_HEAD_DEP_BOUNDS,119,4,0.0,0.0,64813.188,0.0,0.0,0.0,0.0,0.0,0.0
FROM_RECHARGE,119,4,0.0,11435.957,1631.3204,4484.366,15251.537,1894.4105,2240.9023,1178.2632,2905.9722
FROM_STREAM_LEAKAGE,119,4,0.0,3500.0,1100.0,34634.906,3119.7043,36.55455,16.53421,0.0,0.0
FROM_STREAM_FLOW_OUT,119,4,0.0,173263.03,26465.953,803726800.0,119853990.0,2831682800.0,9008269000.0,0.0,0.0
FROM_ZONE_0,119,4,0.0,0.0,0.0,0.0,0.0,0.0,0.0,0.0,0.0
FROM_haweaflat,119,4,0.0,0.0,452.68127,70205.805,17206.117,0.0,0.0,0.0,0.0
FROM_moraine_top,119,4,0.0,68887.74,0.0,0.0,0.0,0.0,0.0,0.0,0.0
FROM_river_zone,119,4,0.0,12173.526,0.0,0.0,32855.504,0.0,42.170578,70.77834,0.0
FROM_main_terrace,119,4,0.0,804.4912,0.0,165.6554,0.0,6498.5596,64896.617,5978.0146,0.0
FROM_sandy_point,119,4,0.0,0.0,0.0,0.0,1680.8505,0.0,44.674706,0.0,0.0
FROM_clutha,119,4,0.0,0.0,0.0,3.3307061,1711.8282,12.876108,0.0,893.3579,0.0
FROM_sub_terrace,119,4,0.0,0.0,0.0,70.404236,449.586,0.0,7233.4077,0.0,0.0
FROM_mangawera,119,4,0.0,0.0,0.0,3696.1138,0.0,0.0,0.0,0.0,0.0
TOTAL_IN,119,4,0.0,275504.12,96106.484,803841540.0,119934840.0,2831691300.0,9008343000.0,8197.7295,3987.1738
TO_STORAGE,119,4,0.0,8873.247,0.0048298924,2197.8103,481.36307,0.0011327933,5.0135283,3.5858514,0.45401376
TO_CONSTANT_HEAD,119,4,0.0,0.0,0.0,0.0,0.0,0.0,0.0,0.0,0.0
TO_WELLS,119,4,0.0,5505.3066,0.0,0.0,445.89493,28.567646,0.0,440.7458,290.60635
TO_HEAD_DEP_BOUNDS,119,4,0.0,0.0,752.2417,0.0,0.0,0.0,0.0,0.0,0.0
TO_RECHARGE,119,4,0.0,0.0,0.0,0.0,0.0,0.0,0.0,0.0,0.0
TO_STREAM_LEAKAGE,119,4,0.0,0.0,0.0,67369.73,1577.7886,6688.2036,71848.63,0.0,0.0
TO_STREAM_FLOW_OUT,119,4,0.0,0.0,0.0,0.0,0.0,0.0,0.0,0.0,0.0
TO_ZONE_0,119,4,0.0,0.0,0.0,0.0,0.0,0.0,0.0,0.0,0.0
TO_haweaflat,119,4,0.0,0.0,68887.74,12173.526,804.4912,0.0,0.0,0.0,0.0
TO_moraine_top,119,4,0.0,452.68127,0.0,0.0,0.0,0.0,0.0,0.0,0.0
TO_river_zone,119,4,0.0,70205.805,0.0,0.0,165.6554,0.0,3.3307061,70.404236,3696.1138
TO_main_terrace,119,4,0.0,17206.117,0.0,32855.504,0.0,1680.8505,1711.8282,449.586,0.0
TO_sandy_point,119,4,0.0,0.0,0.0,0.0,6498.5596,0.0,12.876108,0.0,0.0
TO_clutha,119,4,0.0,0.0,0.0,42.170578,64896.617,44.674706,0.0,7233.4077,0.0
TO_sub_terrace,119,4,0.0,0.0,0.0,70.77834,5978.0146,0.0,893.3579,0.0,0.0
TO_mangawera,119,4,0.0,0.0,0.0,0.0,0.0,0.0,0.0,0.0,0.0
TOTAL_OUT,119,4,0.0,102243.16,69639.99,114709.516,80848.38,8442.298,74475.04,8197.7295,3987.174
IN-OUT,119,4,0.0,173260.97,26466.492,803726850.0,119853990.0,2831682800.0,9008268000.0,0.0,0.00024414062
PERCENT_DISCREPANCY,119,4,,91.733795,31.936117,199.94295,199.73053,199.99881,199.99669,0.0,6.12315e-06
FROM_STORAGE,120,4,0.0,1943.688,1960.446,66.4,58.468517,0.0009913758,0.7206021,0.20859608,0.030287437
FROM_CONSTANT_HEAD,120,4,0.0,0.0,0.0,0.0,0.0,0.0,0.0,0.0,0.0
FROM_WELLS,120,4,0.0,4777.7715,18.260052,1438.9762,8504.589,0.0,0.0,77.06712,1081.1698
FROM_HEAD_DEP_BOUNDS,120,4,0.0,0.0,61964.645,0.0,0.0,0.0,0.0,0.0,0.0
FROM_RECHARGE,120,4,0.0,11435.957,1631.3204,4484.366,15251.537,1894.4105,2240.9023,1178.2632,2905.9722
FROM_STREAM_LEAKAGE,120,4,0.0,3500.0,1100.0,34627.992,3119.7043,36.55455,16.53421,0.0,0.0
FROM_STREAM_FLOW_OUT,120,4,0.0,173263.03,26465.953,803758340.0,119854536.0,2831683000.0,9008271000.0,0.0,0.0
FROM_ZONE_0,120,4,0.0,0.0,0.0,0.0,0.0,0.0,0.0,0.0,0.0
FROM_haweaflat,120,4,0.0,0.0,458.8336,70036.195,17244.414,0.0,0.0,0.0,0.0
FROM_moraine_top,120,4,0.0,66274.125,0.0,0.0,0.0,0.0,0.0,0.0,0.0
FROM_river_zone,120,4,0.0,12138.526,0.0,0.0,32850.98,0.0,42.170517,70.75949,0.0
FROM_main_terrace,120,4,0.0,805.0007,0.0,165.96176,0.0,6498.5596,64902.33,5978.901,0.0
FROM_sandy_point,120,4,0.0,0.0,0.0,0.0,1680.8505,0.0,44.67471,0.0,0.0
FROM_clutha,120,4,0.0,0.0,0.0,3.3307016,1712.4048,12.876108,0.0,893.4768,0.0
FROM_sub_terrace,120,4,0.0,0.0,0.0,70.413414,449.46878,0.0,7234.1597,0.0,0.0
FROM_mangawera,120,4,0.0,0.0,0.0,3696.145,0.0,0.0,0.0,0.0,0.0
TOTAL_IN,120,4,0.0,274138.1,93599.46,803872960.0,119935410.0,2831691500.0,9008345000.0,8198.676,3987.1724
TO_STORAGE,120,4,0.0,7631.7397,0.00065849454,1854.1179,498.10056,0.0011423439,5.56401,3.888797,0.4209899
TO_CONSTANT_HEAD,120,4,0.0,0.0,0.0,0.0,0.0,0.0,0.0,0.0,0.0
TO_WELLS,120,4,0.0,5505.3066,0.0,0.0,445.89493,28.567646,0.0,440.7458,290.60635
TO_HEAD_DEP_BOUNDS,120,4,0.0,0.0,858.7798,0.0,0.0,0.0,0.0,0.0,0.0
TO_RECHARGE,120,4,0.0,0.0,0.0,0.0,0.0,0.0,0.0,0.0,0.0
TO_STREAM_LEAKAGE,120,4,0.0,0.0,0.0,67633.69,1577.7886,6688.2036,71853.74,0.0,0.0
TO_STREAM_FLOW_OUT,120,4,0.0,0.0,0.0,0.0,0.0,0.0,0.0,0.0,0.0
TO_ZONE_0,120,4,0.0,0.0,0.0,0.0,0.0,0.0,0.0,0.0,0.0
TO_haweaflat,120,4,0.0,0.0,66274.125,12138.526,805.0007,0.0,0.0,0.0,0.0
TO_moraine_top,120,4,0.0,458.8336,0.0,0.0,0.0,0.0,0.0,0.0,0.0
TO_river_zone,120,4,0.0,70036.195,0.0,0.0,165.96176,0.0,3.3307016,70.413414,3696.145
TO_main_terrace,120,4,0.0,17244.414,0.0,32850.98,0.0,1680.8505,1712.4048,449.46878,0.0
TO_sandy_point,120,4,0.0,0.0,0.0,0.0,6498.5596,0.0,12.876108,0.0,0.0
TO_clutha,120,4,0.0,0.0,0.0,42.170517,64902.33,44.67471,0.0,7234.1597,0.0
TO_sub_terrace,120,4,0.0,0.0,0.0,70.75949,5978.901,0.0,893.4768,0.0,0.0
TO_mangawera,120,4,0.0,0.0,0.0,0.0,0.0,0.0,0.0,0.0,0.0
TOTAL_OUT,120,4,0.0,100876.49,67132.91,114590.24,80872.53,8442.298,74481.39,8198.677,3987.1724
IN-OUT,120,4,0.0,173261.6,26466.555,803758400.0,119854536.0,2831683000.0,9008270000.0,0.0009765625,0.0
PERCENT_DISCREPANCY,120,4,,92.40259,32.93245,199.94301,199.73047,199.99881,199.99669,1.1911222e-05,0.0
FROM_STORAGE,121,4,0.0,3397.294,2332.3623,156.50452,50.319126,0.0009952737,0.59543633,0.17548609,0.028503923
FROM_CONSTANT_HEAD,121,4,0.0,0.0,0.0,0.0,0.0,0.0,0.0,0.0,0.0
FROM_WELLS,121,4,0.0,4777.7715,18.260052,1438.9762,8504.589,0.0,0.0,77.06712,1081.1698
FROM_HEAD_DEP_BOUNDS,121,4,0.0,0.0,58911.047,0.0,0.0,0.0,0.0,0.0,0.0
FROM_RECHARGE,121,4,0.0,11435.957,1631.3204,4484.366,15251.537,1894.4105,2240.9023,1178.2632,2905.9722
FROM_STREAM_LEAKAGE,121,4,0.0,3500.0,1100.0,34621.74,3119.7043,36.55455,16.53421,0.0,0.0
FROM_STREAM_FLOW_OUT,121,4,0.0,173263.03,26465.953,803763700.0,119854660.0,2831683600.0,9008272000.0,0.0,0.0
FROM_ZONE_0,121,4,0.0,0.0,0.0,0.0,0.0,0.0,0.0,0.0,0.0
FROM_haweaflat,121,4,0.0,0.0,464.2548,69630.16,17276.152,0.0,0.0,0.0,0.0
FROM_moraine_top,121,4,0.0,63497.613,0.0,0.0,0.0,0.0,0.0,0.0,0.0
FROM_river_zone,121,4,0.0,12098.759,0.0,0.0,32846.25,0.0,42.170536,70.740616,0.0
FROM_main_terrace,121,4,0.0,805.4724,0.0,166.26808,0.0,6498.5596,64908.31,5979.7744,0.0
FROM_sandy_point,121,4,0.0,0.0,0.0,0.0,1680.8503,0.0,44.67471,0.0,0.0
FROM_clutha,121,4,0.0,0.0,0.0,3.330699,1712.9691,12.876108,0.0,893.5982,0.0
FROM_sub_terrace,121,4,0.0,0.0,0.0,70.42331,449.3626,0.0,7234.942,0.0,0.0
FROM_mangawera,121,4,0.0,0.0,0.0,3696.1826,0.0,0.0,0.0,0.0,0.0
TOTAL_IN,121,4,0.0,272775.9,90923.195,803878000.0,119935550.0,2831692000.0,9008346000.0,8199.619,3987.1704
TO_STORAGE,121,4,0.0,6637.7817,0.0054026856,1521.5768,509.8042,0.0011388864,6.065405,4.145784,0.38162214
TO_CONSTANT_HEAD,121,4,0.0,0.0,0.0,0.0,0.0,0.0,0.0,0.0,0.0
TO_WELLS,121,4,0.0,5505.3066,0.0,0.0,445.89493,28.567646,0.0,440.7458,290.60635
TO_HEAD_DEP_BOUNDS,121,4,0.0,0.0,958.88184,0.0,0.0,0.0,0.0,0.0,0.0
TO_RECHARGE,121,4,0.0,0.0,0.0,0.0,0.0,0.0,0.0,0.0,0.0
TO_STREAM_LEAKAGE,121,4,0.0,0.0,0.0,67688.88,1577.7886,6688.2036,71859.35,0.0,0.0
TO_STREAM_FLOW_OUT,121,4,0.0,0.0,0.0,0.0,0.0,0.0,0.0,0.0,0.0
TO_ZONE_0,121,4,0.0,0.0,0.0,0.0,0.0,0.0,0.0,0.0,0.0
TO_haweaflat,121,4,0.0,0.0,63497.613,12098.759,805.4724,0.0,0.0,0.0,0.0
TO_moraine_top,121,4,0.0,464.2548,0.0,0.0,0.0,0.0,0.0,0.0,0.0
TO_river_zone,121,4,0.0,69630.16,0.0,0.0,166.26808,0.0,3.330699,70.42331,3696.1826
TO_main_terrace,121,4,0.0,17276.152,0.0,32846.25,0.0,1680.8503,1712.9691,449.3626,0.0
TO_sandy_point,121,4,0.0,0.0,0.0,0.0,6498.5596,0.0,12.876108,0.0,0.0
TO_clutha,121,4,0.0,0.0,0.0,42.170536,64908.31,44.67471,0.0,7234.942,0.0
TO_sub_terrace,121,4,0.0,0.0,0.0,70.740616,5979.7744,0.0,893.5982,0.0,0.0
TO_mangawera,121,4,0.0,0.0,0.0,0.0,0.0,0.0,0.0,0.0,0.0
TOTAL_OUT,121,4,0.0,99513.66,64456.5,114268.38,80891.87,8442.298,74488.19,8199.619,3987.1707
IN-OUT,121,4,0.0,173262.25,26466.695,803763800.0,119854664.0,2831683600.0,9008271000.0,0.0,0.00024414062
PERCENT_DISCREPANCY,121,4,,93.07929,34.067123,199.94318,199.73041,199.9988,199.99667,0.0,6.123155e-06
FROM_STORAGE,122,4,0.0,4866.3975,2694.7617,283.7611,42.80201,0.0009862399,0.4884336,0.14849016,0.026876435
FROM_CONSTANT_HEAD,122,4,0.0,0.0,0.0,0.0,0.0,0.0,0.0,0.0,0.0
FROM_WELLS,122,4,0.0,4777.7715,18.260052,1438.9762,8504.589,0.0,0.0,77.06712,1081.1698
FROM_HEAD_DEP_BOUNDS,122,4,0.0,0.0,55734.957,0.0,0.0,0.0,0.0,0.0,0.0
FROM_RECHARGE,122,4,0.0,11435.957,1631.3204,4484.366,15251.537,1894.4105,2240.9023,1178.2632,2905.9722
FROM_STREAM_LEAKAGE,122,4,0.0,3500.0,1100.0,34615.863,3119.7043,36.55455,16.53421,0.0,0.0
FROM_STREAM_FLOW_OUT,122,4,0.0,173263.03,26465.953,803743600.0,119854370.0,2831683600.0,9008271000.0,0.0,0.0
FROM_ZONE_0,122,4,0.0,0.0,0.0,0.0,0.0,0.0,0.0,0.0,0.0
FROM_haweaflat,122,4,0.0,0.0,469.0473,68998.41,17301.008,0.0,0.0,0.0,0.0
FROM_moraine_top,122,4,0.0,60572.707,0.0,0.0,0.0,0.0,0.0,0.0,0.0
FROM_river_zone,122,4,0.0,12054.844,0.0,0.0,32841.38,0.0,42.170486,70.72186,0.0
FROM_main_terrace,122,4,0.0,805.894,0.0,166.57034,0.0,6498.56,64914.453,5980.621,0.0
FROM_sandy_point,122,4,0.0,0.0,0.0,0.0,1680.8503,0.0,44.674713,0.0,0.0
FROM_clutha,122,4,0.0,0.0,0.0,3.3306975,1713.5135,12.876108,0.0,893.7207,0.0
FROM_sub_terrace,122,4,0.0,0.0,0.0,70.43385,449.26926,0.0,7235.744,0.0,0.0
FROM_mangawera,122,4,0.0,0.0,0.0,3696.225,0.0,0.0,0.0,0.0,0.0
TOTAL_IN,122,4,0.0,271276.6,88114.3,803857400.0,119935270.0,2831692000.0,9008345000.0,8200.543,3987.169
TO_STORAGE,122,4,0.0,5739.9844,0.0,1210.4047,514.992,0.0011483278,6.5019107,4.3507185,0.33718783
TO_CONSTANT_HEAD,122,4,0.0,0.0,0.0,0.0,0.0,0.0,0.0,0.0,0.0
TO_WELLS,122,4,0.0,5505.3066,0.0,0.0,445.89493,28.567646,0.0,440.7458,290.60635
TO_HEAD_DEP_BOUNDS,122,4,0.0,0.0,1074.9595,0.0,0.0,0.0,0.0,0.0,0.0
TO_RECHARGE,122,4,0.0,0.0,0.0,0.0,0.0,0.0,0.0,0.0,0.0
TO_STREAM_LEAKAGE,122,4,0.0,0.0,0.0,67538.69,1577.7886,6688.2036,71864.96,0.0,0.0
TO_STREAM_FLOW_OUT,122,4,0.0,0.0,0.0,0.0,0.0,0.0,0.0,0.0,0.0
TO_ZONE_0,122,4,0.0,0.0,0.0,0.0,0.0,0.0,0.0,0.0,0.0
TO_haweaflat,122,4,0.0,0.0,60572.707,12054.844,805.894,0.0,0.0,0.0,0.0
TO_moraine_top,122,4,0.0,469.0473,0.0,0.0,0.0,0.0,0.0,0.0,0.0
TO_river_zone,122,4,0.0,68998.41,0.0,0.0,166.57034,0.0,3.3306975,70.43385,3696.225
TO_main_terrace,122,4,0.0,17301.008,0.0,32841.38,0.0,1680.8503,1713.5135,449.26926,0.0
TO_sandy_point,122,4,0.0,0.0,0.0,0.0,6498.56,0.0,12.876108,0.0,0.0
TO_clutha,122,4,0.0,0.0,0.0,42.170486,64914.453,44.674713,0.0,7235.744,0.0
TO_sub_terrace,122,4,0.0,0.0,0.0,70.72186,5980.621,0.0,893.7207,0.0,0.0
TO_mangawera,122,4,0.0,0.0,0.0,0.0,0.0,0.0,0.0,0.0,0.0
TOTAL_OUT,122,4,0.0,98013.75,61647.668,113758.2,80904.78,8442.298,74494.9,8200.544,3987.1687
IN-OUT,122,4,0.0,173262.84,26466.629,803743700.0,119854370.0,2831683600.0,9008270000.0,0.0009765625,0.00024414062
PERCENT_DISCREPANCY,122,4,,93.83556,35.34493,199.9434,199.73035,199.9988,199.99669,1.190851e-05,6.123157e-06
FROM_STORAGE,123,4,0.0,6343.9683,2820.5146,461.52554,35.780087,0.0009851285,0.39787224,0.12466804,0.025179857
FROM_CONSTANT_HEAD,123,4,0.0,0.0,0.0,0.0,0.0,0.0,0.0,0.0,0.0
FROM_WELLS,123,4,0.0,4777.7715,18.260052,1438.9762,8504.589,0.0,0.0,77.06712,1081.1698
FROM_HEAD_DEP_BOUNDS,123,4,0.0,0.0,52670.523,0.0,0.0,0.0,0.0,0.0,0.0
FROM_RECHARGE,123,4,0.0,11435.957,1631.3204,4484.366,15251.537,1894.4105,2240.9023,1178.2632,2905.9722
FROM_STREAM_LEAKAGE,123,4,0.0,3500.0,1100.0,34610.527,3119.7043,36.55455,16.53421,0.0,0.0
FROM_STREAM_FLOW_OUT,123,4,0.0,173263.03,26465.953,803698240.0,119853690.0,2831684000.0,9008271000.0,0.0,0.0
FROM_ZONE_0,123,4,0.0,0.0,0.0,0.0,0.0,0.0,0.0,0.0,0.0
FROM_haweaflat,123,4,0.0,0.0,473.25336,68152.875,17318.688,0.0,0.0,0.0,0.0
FROM_moraine_top,123,4,0.0,57494.613,0.0,0.0,0.0,0.0,0.0,0.0,0.0
FROM_river_zone,123,4,0.0,12007.221,0.0,0.0,32836.426,0.0,42.170498,70.70349,0.0
FROM_main_terrace,123,4,0.0,806.25635,0.0,166.86479,0.0,6498.56,64920.707,5981.435,0.0
FROM_sandy_point,123,4,0.0,0.0,0.0,0.0,1680.8503,0.0,44.67472,0.0,0.0
FROM_clutha,123,4,0.0,0.0,0.0,3.330696,1714.0319,12.876108,0.0,893.8426,0.0
FROM_sub_terrace,123,4,0.0,0.0,0.0,70.44495,449.18942,0.0,7236.557,0.0,0.0
FROM_mangawera,123,4,0.0,0.0,0.0,3696.2725,0.0,0.0,0.0,0.0,0.0
TOTAL_IN,123,4,0.0,269628.8,85179.82,803811400.0,119934600.0,2831692500.0,9008345000.0,8201.437,3987.167
TO_STORAGE,123,4,0.0,4915.2573,0.0,941.06165,513.4161,0.001149732,6.866342,4.499964,0.28830364
TO_CONSTANT_HEAD,123,4,0.0,0.0,0.0,0.0,0.0,0.0,0.0,0.0,0.0
TO_WELLS,123,4,0.0,5505.3066,0.0,0.0,445.89493,28.567646,0.0,440.7458,290.60635
TO_HEAD_DEP_BOUNDS,123,4,0.0,0.0,1218.4258,0.0,0.0,0.0,0.0,0.0,0.0
TO_RECHARGE,123,4,0.0,0.0,0.0,0.0,0.0,0.0,0.0,0.0,0.0
TO_STREAM_LEAKAGE,123,4,0.0,0.0,0.0,67187.43,1577.7886,6688.2036,71870.875,0.0,0.0
TO_STREAM_FLOW_OUT,123,4,0.0,0.0,0.0,0.0,0.0,0.0,0.0,0.0,0.0
TO_ZONE_0,123,4,0.0,0.0,0.0,0.0,0.0,0.0,0.0,0.0,0.0
TO_haweaflat,123,4,0.0,0.0,57494.613,12007.221,806.25635,0.0,0.0,0.0,0.0
TO_moraine_top,123,4,0.0,473.25336,0.0,0.0,0.0,0.0,0.0,0.0,0.0
TO_river_zone,123,4,0.0,68152.875,0.0,0.0,166.86479,0.0,3.330696,70.44495,3696.2725
TO_main_terrace,123,4,0.0,17318.688,0.0,32836.426,0.0,1680.8503,1714.0319,449.18942,0.0
TO_sandy_point,123,4,0.0,0.0,0.0,0.0,6498.56,0.0,12.876108,0.0,0.0
TO_clutha,123,4,0.0,0.0,0.0,42.170498,64920.707,44.67472,0.0,7236.557,0.0
TO_sub_terrace,123,4,0.0,0.0,0.0,70.70349,5981.435,0.0,893.8426,0.0,0.0
TO_mangawera,123,4,0.0,0.0,0.0,0.0,0.0,0.0,0.0,0.0,0.0
TOTAL_OUT,123,4,0.0,96365.38,58713.04,113085.016,80910.92,8442.298,74501.82,8201.4375,3987.167
IN-OUT,123,4,0.0,173263.44,26466.781,803698300.0,119853690.0,2831684000.0,9008270000.0,0.0009765625,0.0
PERCENT_DISCREPANCY,123,4,,94.68098,36.78679,199.94373,199.73033,199.99881,199.99669,1.1907211e-05,0.0
FROM_STORAGE,124,4,0.0,7844.569,2968.0093,701.2462,29.809118,0.0009843957,0.3253911,0.10564128,0.025583947
FROM_CONSTANT_HEAD,124,4,0.0,0.0,0.0,0.0,0.0,0.0,0.0,0.0,0.0
FROM_WELLS,124,4,0.0,4777.7715,18.260052,1438.9762,8504.589,0.0,0.0,77.06712,1081.1698
FROM_HEAD_DEP_BOUNDS,124,4,0.0,0.0,49442.3,0.0,0.0,0.0,0.0,0.0,0.0
FROM_RECHARGE,124,4,0.0,11435.957,1631.3204,4484.366,15251.537,1894.4105,2240.9023,1178.2632,2905.9722
FROM_STREAM_LEAKAGE,124,4,0.0,3500.0,1100.0,34605.734,3119.7043,36.55455,16.53421,0.0,0.0
FROM_STREAM_FLOW_OUT,124,4,0.0,173263.03,26465.953,803628160.0,119852616.0,2831684600.0,9008269000.0,0.0,0.0
FROM_ZONE_0,124,4,0.0,0.0,0.0,0.0,0.0,0.0,0.0,0.0,0.0
FROM_haweaflat,124,4,0.0,0.0,476.83768,67101.07,17329.014,0.0,0.0,0.0,0.0
FROM_moraine_top,124,4,0.0,54264.332,0.0,0.0,0.0,0.0,0.0,0.0,0.0
FROM_river_zone,124,4,0.0,11956.314,0.0,0.0,32831.484,0.0,42.170513,70.685814,0.0
FROM_main_terrace,124,4,0.0,806.5498,0.0,167.14577,0.0,6498.56,64926.945,5982.1973,0.0
FROM_sandy_point,124,4,0.0,0.0,0.0,0.0,1680.8503,0.0,44.67472,0.0,0.0
FROM_clutha,124,4,0.0,0.0,0.0,3.3306956,1714.5153,12.876108,0.0,893.9617,0.0
FROM_sub_terrace,124,4,0.0,0.0,0.0,70.456345,449.1252,0.0,7237.365,0.0,0.0
FROM_mangawera,124,4,0.0,0.0,0.0,3696.3228,0.0,0.0,0.0,0.0,0.0
TOTAL_IN,124,4,0.0,267848.53,82102.68,803740400.0,119933520.0,2831693000.0,9008343000.0,8202.28,3987.1675
TO_STORAGE,124,4,0.0,4172.3057,0.0034568615,725.89325,505.6753,0.0011501894,7.1505384,4.5891623,0.23824221
TO_CONSTANT_HEAD,124,4,0.0,0.0,0.0,0.0,0.0,0.0,0.0,0.0,0.0
TO_WELLS,124,4,0.0,5505.3066,0.0,0.0,445.89493,28.567646,0.0,440.7458,290.60635
TO_HEAD_DEP_BOUNDS,124,4,0.0,0.0,1371.6626,0.0,0.0,0.0,0.0,0.0,0.0
TO_RECHARGE,124,4,0.0,0.0,0.0,0.0,0.0,0.0,0.0,0.0,0.0
TO_STREAM_LEAKAGE,124,4,0.0,0.0,0.0,66642.17,1577.7886,6688.2036,71877.15,0.0,0.0
TO_STREAM_FLOW_OUT,124,4,0.0,0.0,0.0,0.0,0.0,0.0,0.0,0.0,0.0
TO_ZONE_0,124,4,0.0,0.0,0.0,0.0,0.0,0.0,0.0,0.0,0.0
TO_haweaflat,124,4,0.0,0.0,54264.332,11956.314,806.5498,0.0,0.0,0.0,0.0
TO_moraine_top,124,4,0.0,476.83768,0.0,0.0,0.0,0.0,0.0,0.0,0.0
TO_river_zone,124,4,0.0,67101.07,0.0,0.0,167.14577,0.0,3.3306956,70.456345,3696.3228
TO_main_terrace,124,4,0.0,17329.014,0.0,32831.484,0.0,1680.8503,1714.5153,449.1252,0.0
TO_sandy_point,124,4,0.0,0.0,0.0,0.0,6498.56,0.0,12.876108,0.0,0.0
TO_clutha,124,4,0.0,0.0,0.0,42.170513,64926.945,44.67472,0.0,7237.365,0.0
TO_sub_terrace,124,4,0.0,0.0,0.0,70.685814,5982.1973,0.0,893.9617,0.0,0.0
TO_mangawera,124,4,0.0,0.0,0.0,0.0,0.0,0.0,0.0,0.0,0.0
TOTAL_OUT,124,4,0.0,94584.54,55636.0,112268.72,80910.76,8442.298,74508.98,8202.281,3987.1675
IN-OUT,124,4,0.0,173264.0,26466.68,803628160.0,119852610.0,2831684600.0,9008268000.0,0.0009765625,0.0
PERCENT_DISCREPANCY,124,4,,95.61159,38.43028,199.94414,199.73032,199.99881,199.99669,1.1905987e-05,0.0
FROM_STORAGE,125,4,0.0,9660.521,3038.0793,995.219,24.62719,0.0009769514,0.26926062,0.08861781,0.045355603
FROM_CONSTANT_HEAD,125,4,0.0,0.0,0.0,0.0,0.0,0.0,0.0,0.0,0.0
FROM_WELLS,125,4,0.0,4777.7715,18.260052,1438.9762,8504.589,0.0,0.0,77.06712,1081.1698
FROM_HEAD_DEP_BOUNDS,125,4,0.0,0.0,45845.688,0.0,0.0,0.0,0.0,0.0,0.0
FROM_RECHARGE,125,4,0.0,11435.957,1631.3204,4484.366,15251.537,1894.4105,2240.9023,1178.2632,2905.9722
FROM_STREAM_LEAKAGE,125,4,0.0,3500.0,1100.0,34601.285,3119.7043,36.55455,16.53421,0.0,0.0
FROM_STREAM_FLOW_OUT,125,4,0.0,173263.03,26465.953,803533950.0,119851150.0,2831685000.0,9008267000.0,0.0,0.0
FROM_ZONE_0,125,4,0.0,0.0,0.0,0.0,0.0,0.0,0.0,0.0,0.0
FROM_haweaflat,125,4,0.0,0.0,479.97107,65836.53,17331.783,0.0,0.0,0.0,0.0
FROM_moraine_top,125,4,0.0,50592.76,0.0,0.0,0.0,0.0,0.0,0.0,0.0
FROM_river_zone,125,4,0.0,11901.906,0.0,0.0,32826.617,0.0,42.170547,70.66912,0.0
FROM_main_terrace,125,4,0.0,806.7729,0.0,167.40973,0.0,6498.56,64933.086,5982.898,0.0
FROM_sandy_point,125,4,0.0,0.0,0.0,0.0,1680.8503,0.0,44.674725,0.0,0.0
FROM_clutha,125,4,0.0,0.0,0.0,3.3306954,1714.9574,12.876107,0.0,894.0765,0.0
FROM_sub_terrace,125,4,0.0,0.0,0.0,70.46796,449.0775,0.0,7238.1587,0.0,0.0
FROM_mangawera,125,4,0.0,0.0,0.0,3696.3762,0.0,0.0,0.0,0.0,0.0
TOTAL_IN,125,4,0.0,265938.72,78579.266,803645300.0,119932050.0,2831693600.0,9008341000.0,8203.0625,3987.1875
TO_STORAGE,125,4,0.0,3520.7554,0.0011552053,550.3412,491.45447,0.0011584974,7.3473744,4.614088,0.20475647
TO_CONSTANT_HEAD,125,4,0.0,0.0,0.0,0.0,0.0,0.0,0.0,0.0,0.0
TO_WELLS,125,4,0.0,5505.3066,0.0,0.0,445.89493,28.567646,0.0,440.7458,290.60635
TO_HEAD_DEP_BOUNDS,125,4,0.0,0.0,1519.7495,0.0,0.0,0.0,0.0,0.0,0.0
TO_RECHARGE,125,4,0.0,0.0,0.0,0.0,0.0,0.0,0.0,0.0,0.0
TO_STREAM_LEAKAGE,125,4,0.0,0.0,0.0,65902.13,1577.7886,6688.2036,71883.195,0.0,0.0
TO_STREAM_FLOW_OUT,125,4,0.0,0.0,0.0,0.0,0.0,0.0,0.0,0.0,0.0
TO_ZONE_0,125,4,0.0,0.0,0.0,0.0,0.0,0.0,0.0,0.0,0.0
TO_haweaflat,125,4,0.0,0.0,50592.76,11901.906,806.7729,0.0,0.0,0.0,0.0
TO_moraine_top,125,4,0.0,479.97107,0.0,0.0,0.0,0.0,0.0,0.0,0.0
TO_river_zone,125,4,0.0,65836.53,0.0,0.0,167.40973,0.0,3.3306954,70.46796,3696.3762
TO_main_terrace,125,4,0.0,17331.783,0.0,32826.617,0.0,1680.8503,1714.9574,449.0775,0.0
TO_sandy_point,125,4,0.0,0.0,0.0,0.0,6498.56,0.0,12.876107,0.0,0.0
TO_clutha,125,4,0.0,0.0,0.0,42.170547,64933.086,44.674725,0.0,7238.1587,0.0
TO_sub_terrace,125,4,0.0,0.0,0.0,70.66912,5982.898,0.0,894.0765,0.0,0.0
TO_mangawera,125,4,0.0,0.0,0.0,0.0,0.0,0.0,0.0,0.0,0.0
TOTAL_OUT,125,4,0.0,92674.34,52112.51,111293.84,80903.87,8442.298,74515.78,8203.064,3987.1873
IN-OUT,125,4,0.0,173264.38,26466.754,803534000.0,119851144.0,2831685000.0,9008266000.0,0.001953125,0.00024414062
PERCENT_DISCREPANCY,125,4,,96.630264,40.502556,199.94461,199.73035,199.99881,199.99667,2.3809702e-05,6.123129e-06
FROM_STORAGE,126,4,0.0,11663.532,3044.1008,1359.8354,20.234827,0.0009771289,0.22482897,0.07482379,0.07938542
FROM_CONSTANT_HEAD,126,4,0.0,0.0,0.0,0.0,0.0,0.0,0.0,0.0,0.0
FROM_WELLS,126,4,0.0,4777.7715,18.260052,1438.9762,8504.589,0.0,0.0,77.06712,1081.1698
FROM_HEAD_DEP_BOUNDS,126,4,0.0,0.0,41925.215,0.0,0.0,0.0,0.0,0.0,0.0
FROM_RECHARGE,126,4,0.0,11435.957,1631.3204,4484.366,15251.537,1894.4105,2240.9023,1178.2632,2905.9722
FROM_STREAM_LEAKAGE,126,4,0.0,3500.0,1100.0,34598.184,3119.7043,36.55455,16.53421,0.0,0.0
FROM_STREAM_FLOW_OUT,126,4,0.0,173263.03,26465.953,803412860.0,119849260.0,2831685600.0,9008264000.0,0.0,0.0
FROM_ZONE_0,126,4,0.0,0.0,0.0,0.0,0.0,0.0,0.0,0.0,0.0
FROM_haweaflat,126,4,0.0,0.0,481.375,64315.336,17326.375,0.0,0.0,0.0,0.0
FROM_moraine_top,126,4,0.0,46557.617,0.0,0.0,0.0,0.0,0.0,0.0,0.0
FROM_river_zone,126,4,0.0,11842.634,0.0,0.0,32821.887,0.0,42.17065,70.6536,0.0
FROM_main_terrace,126,4,0.0,806.9287,0.0,167.65295,0.0,6498.56,64939.047,5983.5273,0.0
FROM_sandy_point,126,4,0.0,0.0,0.0,0.0,1680.8505,0.0,44.67473,0.0,0.0
FROM_clutha,126,4,0.0,0.0,0.0,3.3306954,1715.3516,12.876107,0.0,894.1853,0.0
FROM_sub_terrace,126,4,0.0,0.0,0.0,70.479546,449.0467,0.0,7238.9253,0.0,0.0
FROM_mangawera,126,4,0.0,0.0,0.0,3696.4329,0.0,0.0,0.0,0.0,0.0
TOTAL_IN,126,4,0.0,263847.47,74666.22,803523000.0,119930150.0,2831694000.0,9008338000.0,8203.771,3987.2212
TO_STORAGE,126,4,0.0,2953.8018,0.00028879248,407.7109,470.2889,0.0011576095,7.4487553,4.5758824,0.18205887
TO_CONSTANT_HEAD,126,4,0.0,0.0,0.0,0.0,0.0,0.0,0.0,0.0,0.0
TO_WELLS,126,4,0.0,5505.3066,0.0,0.0,445.89493,28.567646,0.0,440.7458,290.60635
TO_HEAD_DEP_BOUNDS,126,4,0.0,0.0,1641.7612,0.0,0.0,0.0,0.0,0.0,0.0
TO_RECHARGE,126,4,0.0,0.0,0.0,0.0,0.0,0.0,0.0,0.0,0.0
TO_STREAM_LEAKAGE,126,4,0.0,0.0,0.0,64949.297,1577.7886,6688.2036,71889.27,0.0,0.0
TO_STREAM_FLOW_OUT,126,4,0.0,0.0,0.0,0.0,0.0,0.0,0.0,0.0,0.0
TO_ZONE_0,126,4,0.0,0.0,0.0,0.0,0.0,0.0,0.0,0.0,0.0
TO_haweaflat,126,4,0.0,0.0,46557.617,11842.634,806.9287,0.0,0.0,0.0,0.0
TO_moraine_top,126,4,0.0,481.375,0.0,0.0,0.0,0.0,0.0,0.0,0.0
TO_river_zone,126,4,0.0,64315.336,0.0,0.0,167.65295,0.0,3.3306954,70.479546,3696.4329
TO_main_terrace,126,4,0.0,17326.375,0.0,32821.887,0.0,1680.8505,1715.3516,449.0467,0.0
TO_sandy_point,126,4,0.0,0.0,0.0,0.0,6498.56,0.0,12.876107,0.0,0.0
TO_clutha,126,4,0.0,0.0,0.0,42.17065,64939.047,44.67473,0.0,7238.9253,0.0
TO_sub_terrace,126,4,0.0,0.0,0.0,70.6536,5983.5273,0.0,894.1853,0.0,0.0
TO_mangawera,126,4,0.0,0.0,0.0,0.0,0.0,0.0,0.0,0.0,0.0
TOTAL_OUT,126,4,0.0,90582.195,48199.38,110134.36,80889.69,8442.298,74522.46,8203.773,3987.2212
IN-OUT,126,4,0.0,173265.28,26466.84,803412860.0,119849260.0,2831685600.0,9008263000.0,0.001953125,0.0
PERCENT_DISCREPANCY,126,4,,97.771324,43.08259,199.94518,199.73041,199.99881,199.99669,2.3807645e-05,0.0
FROM_STORAGE,127,4,0.0,13972.382,2860.9143,1771.725,17.566366,0.0009879838,0.1913763,0.062059768,0.12309458
FROM_CONSTANT_HEAD,127,4,0.0,0.0,0.0,0.0,0.0,0.0,0.0,0.0,0.0
FROM_WELLS,127,4,0.0,4777.7715,18.260052,1438.9762,8504.589,0.0,0.0,77.06712,1081.1698
FROM_HEAD_DEP_BOUNDS,127,4,0.0,0.0,37676.105,0.0,0.0,0.0,0.0,0.0,0.0
FROM_RECHARGE,127,4,0.0,11435.957,1631.3204,4484.366,15251.537,1894.4105,2240.9023,1178.2632,2905.9722
FROM_STREAM_LEAKAGE,127,4,0.0,3500.0,1100.0,34599.207,3119.7043,36.55455,16.53421,0.0,0.0
FROM_STREAM_FLOW_OUT,127,4,0.0,173263.03,26465.953,803263550.0,119846910.0,2831686000.0,9008259000.0,0.0,0.0
FROM_ZONE_0,127,4,0.0,0.0,0.0,0.0,0.0,0.0,0.0,0.0,0.0
FROM_haweaflat,127,4,0.0,0.0,483.73785,62541.29,17312.402,0.0,0.0,0.0,0.0
FROM_moraine_top,127,4,0.0,42034.44,0.0,0.0,0.0,0.0,0.0,0.0,0.0
FROM_river_zone,127,4,0.0,11778.361,0.0,0.0,32817.348,0.0,42.170788,70.63944,0.0
FROM_main_terrace,127,4,0.0,807.01447,0.0,167.87172,0.0,6498.56,64944.742,5984.078,0.0
FROM_sandy_point,127,4,0.0,0.0,0.0,0.0,1680.8505,0.0,44.67474,0.0,0.0
FROM_clutha,127,4,0.0,0.0,0.0,3.3306954,1715.6929,12.876107,0.0,894.28656,0.0
FROM_sub_terrace,127,4,0.0,0.0,0.0,70.49099,449.03342,0.0,7239.6543,0.0,0.0
FROM_mangawera,127,4,0.0,0.0,0.0,3696.494,0.0,0.0,0.0,0.0,0.0
TOTAL_IN,127,4,0.0,261568.95,70236.29,803372350.0,119927780.0,2831694300.0,9008333000.0,8204.396,3987.2651
TO_STORAGE,127,4,0.0,2460.2668,0.00030252567,289.57626,442.88177,0.0011444392,7.4521656,4.472366,0.16470997
TO_CONSTANT_HEAD,127,4,0.0,0.0,0.0,0.0,0.0,0.0,0.0,0.0,0.0
TO_WELLS,127,4,0.0,5505.3066,0.0,0.0,445.89493,28.567646,0.0,440.7458,290.60635
TO_HEAD_DEP_BOUNDS,127,4,0.0,0.0,1735.1592,0.0,0.0,0.0,0.0,0.0,0.0
TO_RECHARGE,127,4,0.0,0.0,0.0,0.0,0.0,0.0,0.0,0.0,0.0
TO_STREAM_LEAKAGE,127,4,0.0,0.0,0.0,63775.28,1577.7886,6688.2036,71895.18,0.0,0.0
TO_STREAM_FLOW_OUT,127,4,0.0,0.0,0.0,0.0,0.0,0.0,0.0,0.0,0.0
TO_ZONE_0,127,4,0.0,0.0,0.0,0.0,0.0,0.0,0.0,0.0,0.0
TO_haweaflat,127,4,0.0,0.0,42034.44,11778.361,807.01447,0.0,0.0,0.0,0.0
TO_moraine_top,127,4,0.0,483.73785,0.0,0.0,0.0,0.0,0.0,0.0,0.0
TO_river_zone,127,4,0.0,62541.29,0.0,0.0,167.87172,0.0,3.3306954,70.49099,3696.494
TO_main_terrace,127,4,0.0,17312.402,0.0,32817.348,0.0,1680.8505,1715.6929,449.03342,0.0
TO_sandy_point,127,4,0.0,0.0,0.0,0.0,6498.56,0.0,12.876107,0.0,0.0
TO_clutha,127,4,0.0,0.0,0.0,42.170788,64944.742,44.67474,0.0,7239.6543,0.0
TO_sub_terrace,127,4,0.0,0.0,0.0,70.63944,5984.078,0.0,894.28656,0.0,0.0
TO_mangawera,127,4,0.0,0.0,0.0,0.0,0.0,0.0,0.0,0.0,0.0
TOTAL_OUT,127,4,0.0,88303.0,43769.6,108773.375,80868.83,8442.298,74528.82,8204.396,3987.265
IN-OUT,127,4,0.0,173265.95,26466.688,803263550.0,119846904.0,2831686000.0,9008258000.0,0.0,0.00024414062
PERCENT_DISCREPANCY,127,4,,99.04536,46.430386,199.94583,199.73044,199.99883,199.99669,0.0,6.1230094e-06
FROM_STORAGE,128,4,0.0,15949.419,2702.6938,2217.6562,20.910397,0.0009889917,0.16904634,0.051856194,0.17584583
FROM_CONSTANT_HEAD,128,4,0.0,0.0,0.0,0.0,0.0,0.0,0.0,0.0,0.0
FROM_WELLS,128,4,0.0,4777.7715,18.260052,1438.9762,8504.589,0.0,0.0,77.06712,1081.1698
FROM_HEAD_DEP_BOUNDS,128,4,0.0,0.0,33518.348,0.0,0.0,0.0,0.0,0.0,0.0
FROM_RECHARGE,128,4,0.0,11435.957,1631.3204,4484.366,15251.537,1894.4105,2240.9023,1178.2632,2905.9722
FROM_STREAM_LEAKAGE,128,4,0.0,3500.0,1100.0,34633.6,3119.7043,36.55455,16.53421,0.0,0.0
FROM_STREAM_FLOW_OUT,128,4,0.0,173263.03,26465.953,803085900.0,119844110.0,2831686100.0,9008252000.0,0.0,0.0
FROM_ZONE_0,128,4,0.0,0.0,0.0,0.0,0.0,0.0,0.0,0.0,0.0
FROM_haweaflat,128,4,0.0,0.0,485.5072,60521.926,17289.488,0.0,0.0,0.0,0.0
FROM_moraine_top,128,4,0.0,37657.34,0.0,0.0,0.0,0.0,0.0,0.0,0.0
FROM_river_zone,128,4,0.0,11709.454,0.0,0.0,32813.066,0.0,42.17092,70.627014,0.0
FROM_main_terrace,128,4,0.0,807.026,0.0,168.06207,0.0,6498.56,64950.082,5984.5376,0.0
FROM_sandy_point,128,4,0.0,0.0,0.0,0.0,1680.8505,0.0,44.674744,0.0,0.0
FROM_clutha,128,4,0.0,0.0,0.0,3.3306959,1715.9757,12.876107,0.0,894.37866,0.0
FROM_sub_terrace,128,4,0.0,0.0,0.0,70.50201,449.03845,0.0,7240.3354,0.0,0.0
FROM_mangawera,128,4,0.0,0.0,0.0,3696.5593,0.0,0.0,0.0,0.0,0.0
TOTAL_IN,128,4,0.0,259100.02,65922.08,803193150.0,119924950.0,2831694600.0,9008326000.0,8204.926,3987.3179
TO_STORAGE,128,4,0.0,2031.1659,0.0,193.25688,413.31204,0.0011418727,7.354426,4.30384,0.1519909
TO_CONSTANT_HEAD,128,4,0.0,0.0,0.0,0.0,0.0,0.0,0.0,0.0,0.0
TO_WELLS,128,4,0.0,5505.3066,0.0,0.0,445.89493,28.567646,0.0,440.7458,290.60635
TO_HEAD_DEP_BOUNDS,128,4,0.0,0.0,1798.0337,0.0,0.0,0.0,0.0,0.0,0.0
TO_RECHARGE,128,4,0.0,0.0,0.0,0.0,0.0,0.0,0.0,0.0,0.0
TO_STREAM_LEAKAGE,128,4,0.0,0.0,0.0,62405.91,1577.7886,6688.2036,71901.086,0.0,0.0
TO_STREAM_FLOW_OUT,128,4,0.0,0.0,0.0,0.0,0.0,0.0,0.0,0.0,0.0
TO_ZONE_0,128,4,0.0,0.0,0.0,0.0,0.0,0.0,0.0,0.0,0.0
TO_haweaflat,128,4,0.0,0.0,37657.34,11709.454,807.026,0.0,0.0,0.0,0.0
TO_moraine_top,128,4,0.0,485.5072,0.0,0.0,0.0,0.0,0.0,0.0,0.0
TO_river_zone,128,4,0.0,60521.926,0.0,0.0,168.06207,0.0,3.3306959,70.50201,3696.5593
TO_main_terrace,128,4,0.0,17289.488,0.0,32813.066,0.0,1680.8505,1715.9757,449.03845,0.0
TO_sandy_point,128,4,0.0,0.0,0.0,0.0,6498.56,0.0,12.876107,0.0,0.0
TO_clutha,128,4,0.0,0.0,0.0,42.17092,64950.082,44.674744,0.0,7240.3354,0.0
TO_sub_terrace,128,4,0.0,0.0,0.0,70.627014,5984.5376,0.0,894.37866,0.0,0.0
TO_mangawera,128,4,0.0,0.0,0.0,0.0,0.0,0.0,0.0,0.0,0.0
TOTAL_OUT,128,4,0.0,85833.39,39455.375,107234.484,80845.266,8442.298,74534.99,8204.926,3987.3176
IN-OUT,128,4,0.0,173266.62,26466.703,803085900.0,119844104.0,2831686100.0,9008251000.0,0.0,0.00024414062
PERCENT_DISCREPANCY,128,4,,100.463806,50.232193,199.9466,199.73053,199.9988,199.99667,0.0,6.1229284e-06
FROM_STORAGE,129,4,0.0,17289.652,2504.8923,2645.0415,31.10909,0.0009868981,0.15490071,0.04316786,0.23284493
FROM_CONSTANT_HEAD,129,4,0.0,0.0,0.0,0.0,0.0,0.0,0.0,0.0,0.0
FROM_WELLS,129,4,0.0,4777.7715,18.260052,1438.9762,8504.589,0.0,0.0,77.06712,1081.1698
FROM_HEAD_DEP_BOUNDS,129,4,0.0,0.0,29905.121,0.0,0.0,0.0,0.0,0.0,0.0
FROM_RECHARGE,129,4,0.0,11435.957,1631.3204,4484.366,15251.537,1894.4105,2240.9023,1178.2632,2905.9722
FROM_STREAM_LEAKAGE,129,4,0.0,3500.0,1100.0,34724.742,3119.7043,36.55455,16.53421,0.0,0.0
FROM_STREAM_FLOW_OUT,129,4,0.0,173263.03,26465.953,802883500.0,119840910.0,2831686100.0,9008244000.0,0.0,0.0
FROM_ZONE_0,129,4,0.0,0.0,0.0,0.0,0.0,0.0,0.0,0.0,0.0
FROM_haweaflat,129,4,0.0,0.0,486.65775,58350.395,17258.227,0.0,0.0,0.0,0.0
FROM_moraine_top,129,4,0.0,33813.023,0.0,0.0,0.0,0.0,0.0,0.0,0.0
FROM_river_zone,129,4,0.0,11638.343,0.0,0.0,32809.113,0.0,42.17107,70.61639,0.0
FROM_main_terrace,129,4,0.0,806.9524,0.0,168.22043,0.0,6498.56,64954.98,5984.8955,0.0
FROM_sandy_point,129,4,0.0,0.0,0.0,0.0,1680.8505,0.0,44.674747,0.0,0.0
FROM_clutha,129,4,0.0,0.0,0.0,3.3306966,1716.195,12.876106,0.0,894.46,0.0
FROM_sub_terrace,129,4,0.0,0.0,0.0,70.51254,449.0624,0.0,7240.9565,0.0,0.0
FROM_mangawera,129,4,0.0,0.0,0.0,3696.627,0.0,0.0,0.0,0.0,0.0
TOTAL_IN,129,4,0.0,256524.73,62112.203,802989100.0,119921730.0,2831694600.0,9008317000.0,8205.346,3987.3748
TO_STORAGE,129,4,0.0,1658.9132,0.0,121.552345,383.15207,0.0011420294,7.1493187,4.068277,0.14122991
TO_CONSTANT_HEAD,129,4,0.0,0.0,0.0,0.0,0.0,0.0,0.0,0.0,0.0
TO_WELLS,129,4,0.0,5505.3066,0.0,0.0,445.89493,28.567646,0.0,440.7458,290.60635
TO_HEAD_DEP_BOUNDS,129,4,0.0,0.0,1833.3892,0.0,0.0,0.0,0.0,0.0,0.0
TO_RECHARGE,129,4,0.0,0.0,0.0,0.0,0.0,0.0,0.0,0.0,0.0
TO_STREAM_LEAKAGE,129,4,0.0,0.0,0.0,60900.16,1577.7886,6688.2036,71906.336,0.0,0.0
TO_STREAM_FLOW_OUT,129,4,0.0,0.0,0.0,0.0,0.0,0.0,0.0,0.0,0.0
TO_ZONE_0,129,4,0.0,0.0,0.0,0.0,0.0,0.0,0.0,0.0,0.0
TO_haweaflat,129,4,0.0,0.0,33813.023,11638.343,806.9524,0.0,0.0,0.0,0.0
TO_moraine_top,129,4,0.0,486.65775,0.0,0.0,0.0,0.0,0.0,0.0,0.0
TO_river_zone,129,4,0.0,58350.395,0.0,0.0,168.22043,0.0,3.3306966,70.51254,3696.627
TO_main_terrace,129,4,0.0,17258.227,0.0,32809.113,0.0,1680.8505,1716.195,449.0624,0.0
TO_sandy_point,129,4,0.0,0.0,0.0,0.0,6498.56,0.0,12.876106,0.0,0.0
TO_clutha,129,4,0.0,0.0,0.0,42.17107,64954.98,44.674747,0.0,7240.9565,0.0
TO_sub_terrace,129,4,0.0,0.0,0.0,70.61639,5984.8955,0.0,894.46,0.0,0.0
TO_mangawera,129,4,0.0,0.0,0.0,0.0,0.0,0.0,0.0,0.0,0.0
TOTAL_OUT,129,4,0.0,83259.5,35646.414,105581.96,80820.445,8442.298,74540.34,8205.346,3987.3745
IN-OUT,129,4,0.0,173265.23,26465.79,802883500.0,119840904.0,2831686100.0,9008243000.0,0.0,0.00024414062
PERCENT_DISCREPANCY,129,4,,101.98544,54.14518,199.9474,199.73059,199.9988,199.99669,0.0,6.1228416e-06
FROM_STORAGE,130,4,0.0,18681.104,2295.9758,3071.719,45.009563,0.0009987848,0.14559458,0.03563221,0.2901661
FROM_CONSTANT_HEAD,130,4,0.0,0.0,0.0,0.0,0.0,0.0,0.0,0.0,0.0
FROM_WELLS,130,4,0.0,4777.7715,18.260052,1438.9762,8504.589,0.0,0.0,77.06712,1081.1698
FROM_HEAD_DEP_BOUNDS,130,4,0.0,0.0,26163.67,0.0,0.0,0.0,0.0,0.0,0.0
FROM_RECHARGE,130,4,0.0,11435.957,1631.3204,4484.366,15251.537,1894.4105,2240.9023,1178.2632,2905.9722
FROM_STREAM_LEAKAGE,130,4,0.0,3500.0,1100.0,34838.0,3119.7043,36.55455,16.53421,0.0,0.0
FROM_STREAM_FLOW_OUT,130,4,0.0,173263.03,26465.953,802661800.0,119837400.0,2831686100.0,9008234000.0,0.0,0.0
FROM_ZONE_0,130,4,0.0,0.0,0.0,0.0,0.0,0.0,0.0,0.0,0.0
FROM_haweaflat,130,4,0.0,0.0,487.25134,56036.934,17219.459,0.0,0.0,0.0,0.0
FROM_moraine_top,130,4,0.0,29825.523,0.0,0.0,0.0,0.0,0.0,0.0,0.0
FROM_river_zone,130,4,0.0,11565.649,0.0,0.0,32805.574,0.0,42.17125,70.60782,0.0
FROM_main_terrace,130,4,0.0,806.7926,0.0,168.34381,0.0,6498.56,64959.35,5985.1465,0.0
FROM_sandy_point,130,4,0.0,0.0,0.0,0.0,1680.8505,0.0,44.67475,0.0,0.0
FROM_clutha,130,4,0.0,0.0,0.0,3.3306983,1716.3463,12.876106,0.0,894.5292,0.0
FROM_sub_terrace,130,4,0.0,0.0,0.0,70.52238,449.10547,0.0,7241.5083,0.0,0.0
FROM_mangawera,130,4,0.0,0.0,0.0,3696.6936,0.0,0.0,0.0,0.0,0.0
TOTAL_IN,130,4,0.0,253855.83,58162.43,802765700.0,119918190.0,2831694600.0,9008308000.0,8205.649,3987.4321
TO_STORAGE,130,4,0.0,1339.4312,0.0006864618,67.50604,350.386,0.0011258486,6.835005,3.7680955,0.1320159
TO_CONSTANT_HEAD,130,4,0.0,0.0,0.0,0.0,0.0,0.0,0.0,0.0,0.0
TO_WELLS,130,4,0.0,5505.3066,0.0,0.0,445.89493,28.567646,0.0,440.7458,290.60635
TO_HEAD_DEP_BOUNDS,130,4,0.0,0.0,1870.335,0.0,0.0,0.0,0.0,0.0,0.0
TO_RECHARGE,130,4,0.0,0.0,0.0,0.0,0.0,0.0,0.0,0.0,0.0
TO_STREAM_LEAKAGE,130,4,0.0,0.0,0.0,59256.645,1577.7886,6688.2036,71911.38,0.0,0.0
TO_STREAM_FLOW_OUT,130,4,0.0,0.0,0.0,0.0,0.0,0.0,0.0,0.0,0.0
TO_ZONE_0,130,4,0.0,0.0,0.0,0.0,0.0,0.0,0.0,0.0,0.0
TO_haweaflat,130,4,0.0,0.0,29825.523,11565.649,806.7926,0.0,0.0,0.0,0.0
TO_moraine_top,130,4,0.0,487.25134,0.0,0.0,0.0,0.0,0.0,0.0,0.0
TO_river_zone,130,4,0.0,56036.934,0.0,0.0,168.34381,0.0,3.3306983,70.52238,3696.6936
TO_main_terrace,130,4,0.0,17219.459,0.0,32805.574,0.0,1680.8505,1716.3463,449.10547,0.0
TO_sandy_point,130,4,0.0,0.0,0.0,0.0,6498.56,0.0,12.876106,0.0,0.0
TO_clutha,130,4,0.0,0.0,0.0,42.17125,64959.35,44.67475,0.0,7241.5083,0.0
TO_sub_terrace,130,4,0.0,0.0,0.0,70.60782,5985.1465,0.0,894.5292,0.0,0.0
TO_mangawera,130,4,0.0,0.0,0.0,0.0,0.0,0.0,0.0,0.0,0.0
TOTAL_OUT,130,4,0.0,80588.38,31695.86,103808.16,80792.266,8442.298,74545.3,8205.65,3987.432
IN-OUT,130,4,0.0,173267.44,26466.57,802661900.0,119837400.0,2831686100.0,9008233000.0,0.0009765625,0.00024414062
PERCENT_DISCREPANCY,130,4,,103.61515,58.907352,199.94829,199.73068,199.9988,199.99667,1.1901098e-05,6.122753e-06
FROM_STORAGE,131,4,0.0,20397.918,2060.2327,3547.8877,64.512886,0.0010074017,0.13851736,0.029512389,0.34548932
FROM_CONSTANT_HEAD,131,4,0.0,0.0,0.0,0.0,0.0,0.0,0.0,0.0,0.0
FROM_WELLS,131,4,0.0,4777.7715,18.260052,1438.9762,8504.589,0.0,0.0,77.06712,1081.1698
FROM_HEAD_DEP_BOUNDS,131,4,0.0,0.0,21905.594,0.0,0.0,0.0,0.0,0.0,0.0
FROM_RECHARGE,131,4,0.0,11435.957,1631.3204,4484.366,15251.537,1894.4105,2240.9023,1178.2632,2905.9722
FROM_STREAM_LEAKAGE,131,4,0.0,3500.0,1100.0,34989.465,3119.7043,36.55455,16.53421,0.0,0.0
FROM_STREAM_FLOW_OUT,131,4,0.0,173263.03,26465.953,802417800.0,119833540.0,2831686100.0,9008225000.0,0.0,0.0
FROM_ZONE_0,131,4,0.0,0.0,0.0,0.0,0.0,0.0,0.0,0.0,0.0
FROM_haweaflat,131,4,0.0,0.0,487.52335,53509.688,17173.14,0.0,0.0,0.0,0.0
FROM_moraine_top,131,4,0.0,25333.67,0.0,0.0,0.0,0.0,0.0,0.0,0.0
FROM_river_zone,131,4,0.0,11488.597,0.0,0.0,32802.5,0.0,42.17143,70.6015,0.0
FROM_main_terrace,131,4,0.0,806.55676,0.0,168.4295,0.0,6498.5605,64963.117,5985.283,0.0
FROM_sandy_point,131,4,0.0,0.0,0.0,0.0,1680.8502,0.0,44.674755,0.0,0.0
FROM_clutha,131,4,0.0,0.0,0.0,3.3307006,1716.4259,12.876106,0.0,894.58484,0.0
FROM_sub_terrace,131,4,0.0,0.0,0.0,70.53152,449.16748,0.0,7241.98,0.0,0.0
FROM_mangawera,131,4,0.0,0.0,0.0,3696.759,0.0,0.0,0.0,0.0,0.0
TOTAL_IN,131,4,0.0,251003.52,53668.883,802519740.0,119914300.0,2831694600.0,9008299000.0,8205.829,3987.4873
TO_STORAGE,131,4,0.0,1064.6757,0.0030408604,30.878054,316.80432,0.0011156894,6.4083557,3.4046493,0.1217692
TO_CONSTANT_HEAD,131,4,0.0,0.0,0.0,0.0,0.0,0.0,0.0,0.0,0.0
TO_WELLS,131,4,0.0,5505.3066,0.0,0.0,445.89493,28.567646,0.0,440.7458,290.60635
TO_HEAD_DEP_BOUNDS,131,4,0.0,0.0,1869.4033,0.0,0.0,0.0,0.0,0.0,0.0
TO_RECHARGE,131,4,0.0,0.0,0.0,0.0,0.0,0.0,0.0,0.0,0.0
TO_STREAM_LEAKAGE,131,4,0.0,0.0,0.0,57474.73,1577.7886,6688.2036,71915.8,0.0,0.0
TO_STREAM_FLOW_OUT,131,4,0.0,0.0,0.0,0.0,0.0,0.0,0.0,0.0,0.0
TO_ZONE_0,131,4,0.0,0.0,0.0,0.0,0.0,0.0,0.0,0.0,0.0
TO_haweaflat,131,4,0.0,0.0,25333.67,11488.597,806.55676,0.0,0.0,0.0,0.0
TO_moraine_top,131,4,0.0,487.52335,0.0,0.0,0.0,0.0,0.0,0.0,0.0
TO_river_zone,131,4,0.0,53509.688,0.0,0.0,168.4295,0.0,3.3307006,70.53152,3696.759
TO_main_terrace,131,4,0.0,17173.14,0.0,32802.5,0.0,1680.8502,1716.4259,449.16748,0.0
TO_sandy_point,131,4,0.0,0.0,0.0,0.0,6498.5605,0.0,12.876106,0.0,0.0
TO_clutha,131,4,0.0,0.0,0.0,42.17143,64963.117,44.674755,0.0,7241.98,0.0
TO_sub_terrace,131,4,0.0,0.0,0.0,70.6015,5985.283,0.0,894.58484,0.0,0.0
TO_mangawera,131,4,0.0,0.0,0.0,0.0,0.0,0.0,0.0,0.0,0.0
TOTAL_OUT,131,4,0.0,77740.336,27203.076,101909.48,80762.43,8442.298,74549.42,8205.829,3987.487
IN-OUT,131,4,0.0,173263.19,26465.807,802417860.0,119833544.0,2831686100.0,9008224000.0,0.0,0.00024414062
PERCENT_DISCREPANCY,131,4,,105.40923,65.45113,199.94922,199.7308,199.9988,199.99667,0.0,6.1226683e-06
FROM_STORAGE,132,4,0.0,22678.008,1863.041,4058.97,88.321,0.0009939682,0.13402207,0.024195487,0.40097475
FROM_CONSTANT_HEAD,132,4,0.0,0.0,0.0,0.0,0.0,0.0,0.0,0.0,0.0
FROM_WELLS,132,4,0.0,4777.7715,18.260052,1438.9762,8504.589,0.0,0.0,77.06712,1081.1698
FROM_HEAD_DEP_BOUNDS,132,4,0.0,0.0,16827.344,0.0,0.0,0.0,0.0,0.0,0.0
FROM_RECHARGE,132,4,0.0,11435.957,1631.3204,4484.366,15251.537,1894.4105,2240.9023,1178.2632,2905.9722
FROM_STREAM_LEAKAGE,132,4,0.0,3500.0,1100.0,35251.965,3119.7043,36.55455,16.53421,0.0,0.0
FROM_STREAM_FLOW_OUT,132,4,0.0,173263.03,26465.953,802148350.0,119829290.0,2831686700.0,9008216000.0,0.0,0.0
FROM_ZONE_0,132,4,0.0,0.0,0.0,0.0,0.0,0.0,0.0,0.0,0.0
FROM_haweaflat,132,4,0.0,0.0,487.04483,50760.918,17119.123,0.0,0.0,0.0,0.0
FROM_moraine_top,132,4,0.0,20103.912,0.0,0.0,0.0,0.0,0.0,0.0,0.0
FROM_river_zone,132,4,0.0,11406.127,0.0,0.0,32799.93,0.0,42.171562,70.59759,0.0
FROM_main_terrace,132,4,0.0,806.25037,0.0,168.47519,0.0,6498.561,64966.215,5985.3003,0.0
FROM_sandy_point,132,4,0.0,0.0,0.0,0.0,1680.8502,0.0,44.67476,0.0,0.0
FROM_clutha,132,4,0.0,0.0,0.0,3.3307028,1716.4315,12.876106,0.0,894.62585,0.0
FROM_sub_terrace,132,4,0.0,0.0,0.0,70.53951,449.2477,0.0,7242.363,0.0,0.0
FROM_mangawera,132,4,0.0,0.0,0.0,3696.8262,0.0,0.0,0.0,0.0,0.0
TOTAL_IN,132,4,0.0,247971.05,48392.96,802248300.0,119910024.0,2831695000.0,9008290000.0,8205.878,3987.543
TO_STORAGE,132,4,0.0,830.12616,0.0053360644,9.235416,281.3109,0.0011268973,5.8771257,2.9836683,0.110288024
TO_CONSTANT_HEAD,132,4,0.0,0.0,0.0,0.0,0.0,0.0,0.0,0.0,0.0
TO_WELLS,132,4,0.0,5505.3066,0.0,0.0,445.89493,28.567646,0.0,440.7458,290.60635
TO_HEAD_DEP_BOUNDS,132,4,0.0,0.0,1822.5381,0.0,0.0,0.0,0.0,0.0,0.0
TO_RECHARGE,132,4,0.0,0.0,0.0,0.0,0.0,0.0,0.0,0.0,0.0
TO_STREAM_LEAKAGE,132,4,0.0,0.0,0.0,55605.01,1577.7886,6688.2036,71919.78,0.0,0.0
TO_STREAM_FLOW_OUT,132,4,0.0,0.0,0.0,0.0,0.0,0.0,0.0,0.0,0.0
TO_ZONE_0,132,4,0.0,0.0,0.0,0.0,0.0,0.0,0.0,0.0,0.0
TO_haweaflat,132,4,0.0,0.0,20103.912,11406.127,806.25037,0.0,0.0,0.0,0.0
TO_moraine_top,132,4,0.0,487.04483,0.0,0.0,0.0,0.0,0.0,0.0,0.0
TO_river_zone,132,4,0.0,50760.918,0.0,0.0,168.47519,0.0,3.3307028,70.53951,3696.8262
TO_main_terrace,132,4,0.0,17119.123,0.0,32799.93,0.0,1680.8502,1716.4315,449.2477,0.0
TO_sandy_point,132,4,0.0,0.0,0.0,0.0,6498.561,0.0,12.876106,0.0,0.0
TO_clutha,132,4,0.0,0.0,0.0,42.171562,64966.215,44.67476,0.0,7242.363,0.0
TO_sub_terrace,132,4,0.0,0.0,0.0,70.59759,5985.3003,0.0,894.62585,0.0,0.0
TO_mangawera,132,4,0.0,0.0,0.0,0.0,0.0,0.0,0.0,0.0,0.0
TOTAL_OUT,132,4,0.0,74702.516,21926.455,99933.07,80729.8,8442.298,74552.914,8205.88,3987.5427
IN-OUT,132,4,0.0,173268.53,26466.506,802148400.0,119829300.0,2831686700.0,9008215000.0,0.001953125,0.00024414062
PERCENT_DISCREPANCY,132,4,,107.39556,75.2751,199.9502,199.7309,199.99881,199.99667,2.3801533e-05,6.122583e-06
FROM_STORAGE,133,4,0.0,26384.848,1691.8065,4674.607,116.802086,0.0009806342,0.13079678,0.019465731,0.4582687
FROM_CONSTANT_HEAD,133,4,0.0,0.0,0.0,0.0,0.0,0.0,0.0,0.0,0.0
FROM_WELLS,133,4,0.0,4777.7715,18.260052,1438.9762,8504.589,0.0,0.0,77.06712,1081.1698
FROM_HEAD_DEP_BOUNDS,133,4,0.0,0.0,9932.782,0.0,0.0,0.0,0.0,0.0,0.0
FROM_RECHARGE,133,4,0.0,11435.957,1631.3204,4484.366,15251.537,1894.4105,2240.9023,1178.2632,2905.9722
FROM_STREAM_LEAKAGE,133,4,0.0,3500.0,1100.0,35596.832,3119.7043,36.55455,16.53421,0.0,0.0
FROM_STREAM_FLOW_OUT,133,4,0.0,173263.03,26465.953,801848000.0,119824540.0,2831687200.0,9008206000.0,0.0,0.0
FROM_ZONE_0,133,4,0.0,0.0,0.0,0.0,0.0,0.0,0.0,0.0,0.0
FROM_haweaflat,133,4,0.0,0.0,483.93268,47665.566,17057.104,0.0,0.0,0.0,0.0
FROM_moraine_top,133,4,0.0,13141.122,0.0,0.0,0.0,0.0,0.0,0.0,0.0
FROM_river_zone,133,4,0.0,11315.25,0.0,0.0,32797.887,0.0,42.17174,70.596176,0.0
FROM_main_terrace,133,4,0.0,805.8876,0.0,168.47842,0.0,6498.561,64968.562,5985.1943,0.0
FROM_sandy_point,133,4,0.0,0.0,0.0,0.0,1680.8503,0.0,44.67476,0.0,0.0
FROM_clutha,133,4,0.0,0.0,0.0,3.3307061,1716.3608,12.876106,0.0,894.65106,0.0
FROM_sub_terrace,133,4,0.0,0.0,0.0,70.5464,449.34644,0.0,7242.6484,0.0,0.0
FROM_mangawera,133,4,0.0,0.0,0.0,3696.8965,0.0,0.0,0.0,0.0,0.0
TOTAL_IN,133,4,0.0,244623.88,41324.055,801945860.0,119905240.0,2831695600.0,9008280000.0,8205.791,3987.6
TO_STORAGE,133,4,0.0,642.7802,0.0,1.0283793,243.86404,0.0011385881,5.238741,2.5039783,0.09738631
TO_CONSTANT_HEAD,133,4,0.0,0.0,0.0,0.0,0.0,0.0,0.0,0.0,0.0
TO_WELLS,133,4,0.0,5505.3066,0.0,0.0,445.89493,28.567646,0.0,440.7458,290.60635
TO_HEAD_DEP_BOUNDS,133,4,0.0,0.0,1716.4917,0.0,0.0,0.0,0.0,0.0,0.0
TO_RECHARGE,133,4,0.0,0.0,0.0,0.0,0.0,0.0,0.0,0.0,0.0
TO_STREAM_LEAKAGE,133,4,0.0,0.0,0.0,53571.258,1577.7886,6688.2036,71923.164,0.0,0.0
TO_STREAM_FLOW_OUT,133,4,0.0,0.0,0.0,0.0,0.0,0.0,0.0,0.0,0.0
TO_ZONE_0,133,4,0.0,0.0,0.0,0.0,0.0,0.0,0.0,0.0,0.0
TO_haweaflat,133,4,0.0,0.0,13141.122,11315.25,805.8876,0.0,0.0,0.0,0.0
TO_moraine_top,133,4,0.0,483.93268,0.0,0.0,0.0,0.0,0.0,0.0,0.0
TO_river_zone,133,4,0.0,47665.566,0.0,0.0,168.47842,0.0,3.3307061,70.5464,3696.8965
TO_main_terrace,133,4,0.0,17057.104,0.0,32797.887,0.0,1680.8503,1716.3608,449.34644,0.0
TO_sandy_point,133,4,0.0,0.0,0.0,0.0,6498.561,0.0,12.876106,0.0,0.0
TO_clutha,133,4,0.0,0.0,0.0,42.17174,64968.562,44.67476,0.0,7242.6484,0.0
TO_sub_terrace,133,4,0.0,0.0,0.0,70.596176,5985.1943,0.0,894.65106,0.0,0.0
TO_mangawera,133,4,0.0,0.0,0.0,0.0,0.0,0.0,0.0,0.0,0.0
TOTAL_OUT,133,4,0.0,71354.69,14857.613,97798.19,80694.234,8442.298,74555.62,8205.791,3987.6
IN-OUT,133,4,0.0,173269.19,26466.441,801848060.0,119824540.0,2831687200.0,9008205000.0,0.0,0.0
PERCENT_DISCREPANCY,133,4,,109.67148,94.21736,199.95122,199.73099,199.9988,199.99669,0.0,0.0
FROM_STORAGE,134,4,0.0,28126.842,3703.733,5031.6304,153.07623,0.0010024256,0.1277607,0.01541763,0.5175185
FROM_CONSTANT_HEAD,134,4,0.0,0.0,0.0,0.0,0.0,0.0,0.0,0.0,0.0
FROM_WELLS,134,4,0.0,4777.7715,18.260052,1438.9762,8504.589,0.0,0.0,77.06712,1081.1698
FROM_HEAD_DEP_BOUNDS,134,4,0.0,0.0,2049.666,0.0,0.0,0.0,0.0,0.0,0.0
FROM_RECHARGE,134,4,0.0,11435.957,1631.3204,4484.366,15251.537,1894.4105,2240.9023,1178.2632,2905.9722
FROM_STREAM_LEAKAGE,134,4,0.0,3500.0,1100.0,36061.953,3119.7043,36.55455,16.53421,0.0,0.0
FROM_STREAM_FLOW_OUT,134,4,0.0,173263.03,26465.953,801515970.0,119819320.0,2831687200.0,9008193000.0,0.0,0.0
FROM_ZONE_0,134,4,0.0,0.0,0.0,0.0,0.0,0.0,0.0,0.0,0.0
FROM_haweaflat,134,4,0.0,0.0,444.92133,44667.71,16987.555,0.0,0.0,0.0,0.0
FROM_moraine_top,134,4,0.0,8171.655,0.0,0.0,0.0,0.0,0.0,0.0,0.0
FROM_river_zone,134,4,0.0,11289.592,0.0,0.0,32796.445,0.0,42.17194,70.59743,0.0
FROM_main_terrace,134,4,0.0,805.4479,0.0,168.43686,0.0,6498.561,64970.117,5984.956,0.0
FROM_sandy_point,134,4,0.0,0.0,0.0,0.0,1680.8503,0.0,44.674767,0.0,0.0
FROM_clutha,134,4,0.0,0.0,0.0,3.3307095,1716.212,12.876105,0.0,894.6595,0.0
FROM_sub_terrace,134,4,0.0,0.0,0.0,70.55193,449.46353,0.0,7242.8276,0.0,0.0
FROM_mangawera,134,4,0.0,0.0,0.0,3696.9702,0.0,0.0,0.0,0.0,0.0
TOTAL_IN,134,4,0.0,241370.3,35413.855,801611650.0,119899980.0,2831695600.0,9008266000.0,8205.559,3987.6597
TO_STORAGE,134,4,0.0,494.77527,244.23584,0.05362996,208.26569,0.0011094981,4.495502,1.9686935,0.08286796
TO_CONSTANT_HEAD,134,4,0.0,0.0,0.0,0.0,0.0,0.0,0.0,0.0,0.0
TO_WELLS,134,4,0.0,5505.3066,0.0,0.0,445.89493,28.567646,0.0,440.7458,290.60635
TO_HEAD_DEP_BOUNDS,134,4,0.0,0.0,531.10645,0.0,0.0,0.0,0.0,0.0,0.0
TO_RECHARGE,134,4,0.0,0.0,0.0,0.0,0.0,0.0,0.0,0.0,0.0
TO_STREAM_LEAKAGE,134,4,0.0,0.0,0.0,51423.723,1577.7886,6688.2036,71925.695,0.0,0.0
TO_STREAM_FLOW_OUT,134,4,0.0,0.0,0.0,0.0,0.0,0.0,0.0,0.0,0.0
TO_ZONE_0,134,4,0.0,0.0,0.0,0.0,0.0,0.0,0.0,0.0,0.0
TO_haweaflat,134,4,0.0,0.0,8171.655,11289.592,805.4479,0.0,0.0,0.0,0.0
TO_moraine_top,134,4,0.0,444.92133,0.0,0.0,0.0,0.0,0.0,0.0,0.0
TO_river_zone,134,4,0.0,44667.71,0.0,0.0,168.43686,0.0,3.3307095,70.55193,3696.9702
TO_main_terrace,134,4,0.0,16987.555,0.0,32796.445,0.0,1680.8503,1716.212,449.46353,0.0
TO_sandy_point,134,4,0.0,0.0,0.0,0.0,6498.561,0.0,12.876105,0.0,0.0
TO_clutha,134,4,0.0,0.0,0.0,42.17194,64970.117,44.674767,0.0,7242.8276,0.0
TO_sub_terrace,134,4,0.0,0.0,0.0,70.59743,5984.956,0.0,894.6595,0.0,0.0
TO_mangawera,134,4,0.0,0.0,0.0,0.0,0.0,0.0,0.0,0.0,0.0
TOTAL_OUT,134,4,0.0,68100.266,8946.997,95622.58,80659.47,8442.298,74557.26,8205.558,3987.6594
IN-OUT,134,4,0.0,173270.03,26466.86,801516000.0,119819330.0,2831687200.0,9008191000.0,0.0009765625,0.00024414062
PERCENT_DISCREPANCY,134,4,,111.97836,119.3253,199.95229,199.7311,199.9988,199.99667,1.1901231e-05,6.1224036e-06
FROM_STORAGE,135,4,0.0,25900.219,1920.2968,4995.107,194.37349,0.0009967163,0.12441978,0.030329416,0.56539285
FROM_CONSTANT_HEAD,135,4,0.0,0.0,0.0,0.0,0.0,0.0,0.0,0.0,0.0
FROM_WELLS,135,4,0.0,4777.7715,18.260052,1438.9762,8504.589,0.0,0.0,77.06712,1081.1698
FROM_HEAD_DEP_BOUNDS,135,4,0.0,0.0,2895.9434,0.0,0.0,0.0,0.0,0.0,0.0
FROM_RECHARGE,135,4,0.0,11435.957,1631.3204,4484.366,15251.537,1894.4105,2240.9023,1178.2632,2905.9722
FROM_STREAM_LEAKAGE,135,4,0.0,3500.0,1100.0,36663.55,3119.7043,36.55455,16.53421,0.0,0.0
FROM_STREAM_FLOW_OUT,135,4,0.0,173263.03,26465.953,801201900.0,119814360.0,2831687200.0,9008180000.0,0.0,0.0
FROM_ZONE_0,135,4,0.0,0.0,0.0,0.0,0.0,0.0,0.0,0.0,0.0
FROM_haweaflat,135,4,0.0,0.0,427.1986,42405.39,16914.916,0.0,0.0,0.0,0.0
FROM_moraine_top,135,4,0.0,7365.1094,0.0,0.0,0.0,0.0,0.0,0.0,0.0
FROM_river_zone,135,4,0.0,11474.344,0.0,0.0,32795.703,0.0,42.17213,70.60147,0.0
FROM_main_terrace,135,4,0.0,804.8992,0.0,168.34995,0.0,6498.561,64970.81,5984.5864,0.0
FROM_sandy_point,135,4,0.0,0.0,0.0,0.0,1680.8503,0.0,44.67477,0.0,0.0
FROM_clutha,135,4,0.0,0.0,0.0,3.3307135,1715.9841,12.876105,0.0,894.6502,0.0
FROM_sub_terrace,135,4,0.0,0.0,0.0,70.556114,449.59772,0.0,7242.8975,0.0,0.0
FROM_mangawera,135,4,0.0,0.0,0.0,3697.0332,0.0,0.0,0.0,0.0,0.0
TOTAL_IN,135,4,0.0,238521.33,34458.973,801295900.0,119894980.0,2831695600.0,9008254000.0,8205.198,3987.7075
TO_STORAGE,135,4,0.0,370.487,21.413742,0.037350837,176.39125,0.0011143197,3.6519723,1.4017571,0.067523405
TO_CONSTANT_HEAD,135,4,0.0,0.0,0.0,0.0,0.0,0.0,0.0,0.0,0.0
TO_WELLS,135,4,0.0,5153.2666,0.0,0.0,445.89493,28.567646,0.0,440.7458,290.60635
TO_HEAD_DEP_BOUNDS,135,4,0.0,0.0,606.4824,0.0,0.0,0.0,0.0,0.0,0.0
TO_RECHARGE,135,4,0.0,0.0,0.0,0.0,0.0,0.0,0.0,0.0,0.0
TO_STREAM_LEAKAGE,135,4,0.0,0.0,0.0,49543.598,1577.7554,6688.2036,71927.414,0.0,0.0
TO_STREAM_FLOW_OUT,135,4,0.0,0.0,0.0,0.0,0.0,0.0,0.0,0.0,0.0
TO_ZONE_0,135,4,0.0,0.0,0.0,0.0,0.0,0.0,0.0,0.0,0.0
TO_haweaflat,135,4,0.0,0.0,7365.1094,11474.344,804.8992,0.0,0.0,0.0,0.0
TO_moraine_top,135,4,0.0,427.1986,0.0,0.0,0.0,0.0,0.0,0.0,0.0
TO_river_zone,135,4,0.0,42405.39,0.0,0.0,168.34995,0.0,3.3307135,70.556114,3697.0332
TO_main_terrace,135,4,0.0,16914.916,0.0,32795.703,0.0,1680.8503,1715.9841,449.59772,0.0
TO_sandy_point,135,4,0.0,0.0,0.0,0.0,6498.561,0.0,12.876105,0.0,0.0
TO_clutha,135,4,0.0,0.0,0.0,42.17213,64970.81,44.67477,0.0,7242.8975,0.0
TO_sub_terrace,135,4,0.0,0.0,0.0,70.60147,5984.5864,0.0,894.6502,0.0,0.0
TO_mangawera,135,4,0.0,0.0,0.0,0.0,0.0,0.0,0.0,0.0,0.0
TOTAL_OUT,135,4,0.0,65271.258,7993.0054,93926.46,80627.24,8442.298,74557.9,8205.199,3987.707
IN-OUT,135,4,0.0,173250.06,26465.967,801201900.0,119814350.0,2831687200.0,9008179000.0,0.0009765625,0.00048828125
PERCENT_DISCREPANCY,135,4,,114.05812,124.68662,199.95311,199.73119,199.9988,199.99669,1.1901752e-05,1.2244661e-05
FROM_STORAGE,136,4,0.0,24159.172,1105.2313,4784.1924,236.37775,0.000993221,0.32836565,0.2873939,0.5859899
FROM_CONSTANT_HEAD,136,4,0.0,0.0,0.0,0.0,0.0,0.0,0.0,0.0,0.0
FROM_WELLS,136,4,0.0,4777.7715,18.260052,1438.9762,8504.589,0.0,0.0,77.06712,1081.1698
FROM_HEAD_DEP_BOUNDS,136,4,0.0,0.0,3305.2485,0.0,0.0,0.0,0.0,0.0,0.0
FROM_RECHARGE,136,4,0.0,11435.957,1631.3204,4484.366,15251.537,1894.4105,2240.9023,1178.2632,2905.9722
FROM_STREAM_LEAKAGE,136,4,0.0,3500.0,1100.0,37238.934,3119.7043,36.55455,16.53421,0.0,0.0
FROM_STREAM_FLOW_OUT,136,4,0.0,173263.03,26465.953,800933400.0,119810110.0,2831687200.0,9008169000.0,0.0,0.0
FROM_ZONE_0,136,4,0.0,0.0,0.0,0.0,0.0,0.0,0.0,0.0,0.0
FROM_haweaflat,136,4,0.0,0.0,424.84073,40684.06,16844.945,0.0,0.0,0.0,0.0
FROM_moraine_top,136,4,0.0,6949.8228,0.0,0.0,0.0,0.0,0.0,0.0,0.0
FROM_river_zone,136,4,0.0,11668.977,0.0,0.0,32795.777,0.0,42.17233,70.608185,0.0
FROM_main_terrace,136,4,0.0,804.2577,0.0,168.22055,0.0,6498.561,64970.605,5984.0947,0.0
FROM_sandy_point,136,4,0.0,0.0,0.0,0.0,1680.8503,0.0,44.674774,0.0,0.0
FROM_clutha,136,4,0.0,0.0,0.0,3.330717,1715.6785,12.876105,0.0,894.6232,0.0
FROM_sub_terrace,136,4,0.0,0.0,0.0,70.55881,449.74506,0.0,7242.849,0.0,0.0
FROM_mangawera,136,4,0.0,0.0,0.0,3697.0684,0.0,0.0,0.0,0.0,0.0
TOTAL_IN,136,4,0.0,236559.0,34050.85,801026000.0,119890700.0,2831695600.0,9008243000.0,8204.943,3987.728
TO_STORAGE,136,4,0.0,274.8292,0.0040677735,0.02660757,149.78261,0.0011151329,2.9372451,1.0444667,0.05293039
TO_CONSTANT_HEAD,136,4,0.0,0.0,0.0,0.0,0.0,0.0,0.0,0.0,0.0
TO_WELLS,136,4,0.0,5063.044,0.0,0.0,445.89493,28.567646,0.0,440.7458,290.60635
TO_HEAD_DEP_BOUNDS,136,4,0.0,0.0,634.72363,0.0,0.0,0.0,0.0,0.0,0.0
TO_RECHARGE,136,4,0.0,0.0,0.0,0.0,0.0,0.0,0.0,0.0,0.0
TO_STREAM_LEAKAGE,136,4,0.0,0.0,0.0,47991.39,1577.7554,6688.2036,71928.68,0.0,0.0
TO_STREAM_FLOW_OUT,136,4,0.0,0.0,0.0,0.0,0.0,0.0,0.0,0.0,0.0
TO_ZONE_0,136,4,0.0,0.0,0.0,0.0,0.0,0.0,0.0,0.0,0.0
TO_haweaflat,136,4,0.0,0.0,6949.8228,11668.977,804.2577,0.0,0.0,0.0,0.0
TO_moraine_top,136,4,0.0,424.84073,0.0,0.0,0.0,0.0,0.0,0.0,0.0
TO_river_zone,136,4,0.0,40684.06,0.0,0.0,168.22055,0.0,3.330717,70.55881,3697.0684
TO_main_terrace,136,4,0.0,16844.945,0.0,32795.777,0.0,1680.8503,1715.6785,449.74506,0.0
TO_sandy_point,136,4,0.0,0.0,0.0,0.0,6498.561,0.0,12.876105,0.0,0.0
TO_clutha,136,4,0.0,0.0,0.0,42.17233,64970.605,44.674774,0.0,7242.849,0.0
TO_sub_terrace,136,4,0.0,0.0,0.0,70.608185,5984.0947,0.0,894.6232,0.0,0.0
TO_mangawera,136,4,0.0,0.0,0.0,0.0,0.0,0.0,0.0,0.0,0.0
TOTAL_OUT,136,4,0.0,63291.72,7584.5503,92568.95,80599.17,8442.298,74558.125,8204.943,3987.7275
IN-OUT,136,4,0.0,173267.28,26466.3,800933440.0,119810104.0,2831687200.0,9008168000.0,0.0,0.00048828125
PERCENT_DISCREPANCY,136,4,,115.56903,127.13364,199.9538,199.73126,199.9988,199.99667,0.0,1.2244598e-05
FROM_STORAGE,137,4,0.0,22352.965,747.1293,4653.0825,280.42386,0.0009868905,0.80341214,0.68022054,0.59303224
FROM_CONSTANT_HEAD,137,4,0.0,0.0,0.0,0.0,0.0,0.0,0.0,0.0,0.0
FROM_WELLS,137,4,0.0,4777.7715,18.260052,1438.9762,8504.589,0.0,0.0,77.06712,1081.1698
FROM_HEAD_DEP_BOUNDS,137,4,0.0,0.0,3526.1318,0.0,0.0,0.0,0.0,0.0,0.0
FROM_RECHARGE,137,4,0.0,11435.957,1631.3204,4484.366,15251.537,1894.4105,2240.9023,1178.2632,2905.9722
FROM_STREAM_LEAKAGE,137,4,0.0,3500.0,1100.0,37740.746,3119.7043,36.55455,16.53421,0.0,0.0
FROM_STREAM_FLOW_OUT,137,4,0.0,173263.03,26465.953,800689540.0,119806240.0,2831687200.0,9008160000.0,0.0,0.0
FROM_ZONE_0,137,4,0.0,0.0,0.0,0.0,0.0,0.0,0.0,0.0,0.0
FROM_haweaflat,137,4,0.0,0.0,424.84375,39144.395,16775.648,0.0,0.0,0.0,0.0
FROM_moraine_top,137,4,0.0,6803.0557,0.0,0.0,0.0,0.0,0.0,0.0,0.0
FROM_river_zone,137,4,0.0,11939.192,0.0,0.0,32796.586,0.0,42.17249,70.61743,0.0
FROM_main_terrace,137,4,0.0,803.59265,0.0,168.05223,0.0,6498.561,64969.527,5983.496,0.0
FROM_sandy_point,137,4,0.0,0.0,0.0,0.0,1680.8503,0.0,44.674778,0.0,0.0
FROM_clutha,137,4,0.0,0.0,0.0,3.330724,1715.3015,12.876105,0.0,894.5793,0.0
FROM_sub_terrace,137,4,0.0,0.0,0.0,70.55986,449.9014,0.0,7242.6885,0.0,0.0
FROM_mangawera,137,4,0.0,0.0,0.0,3697.0876,0.0,0.0,0.0,0.0,0.0
TOTAL_IN,137,4,0.0,234875.56,33913.637,800781000.0,119886820.0,2831695600.0,9008233000.0,8204.703,3987.7349
TO_STORAGE,137,4,0.0,198.95755,0.0,0.018503306,127.62455,0.001116901,2.437949,0.8080611,0.040452972
TO_CONSTANT_HEAD,137,4,0.0,0.0,0.0,0.0,0.0,0.0,0.0,0.0,0.0
TO_WELLS,137,4,0.0,5063.044,0.0,0.0,445.89493,28.567646,0.0,440.7458,290.60635
TO_HEAD_DEP_BOUNDS,137,4,0.0,0.0,644.4619,0.0,0.0,0.0,0.0,0.0,0.0
TO_RECHARGE,137,4,0.0,0.0,0.0,0.0,0.0,0.0,0.0,0.0,0.0
TO_STREAM_LEAKAGE,137,4,0.0,0.0,0.0,46550.438,1577.7554,6688.2036,71928.805,0.0,0.0
TO_STREAM_FLOW_OUT,137,4,0.0,0.0,0.0,0.0,0.0,0.0,0.0,0.0,0.0
TO_ZONE_0,137,4,0.0,0.0,0.0,0.0,0.0,0.0,0.0,0.0,0.0
TO_haweaflat,137,4,0.0,0.0,6803.0557,11939.192,803.59265,0.0,0.0,0.0,0.0
TO_moraine_top,137,4,0.0,424.84375,0.0,0.0,0.0,0.0,0.0,0.0,0.0
TO_river_zone,137,4,0.0,39144.395,0.0,0.0,168.05223,0.0,3.330724,70.55986,3697.0876
TO_main_terrace,137,4,0.0,16775.648,0.0,32796.586,0.0,1680.8503,1715.3015,449.9014,0.0
TO_sandy_point,137,4,0.0,0.0,0.0,0.0,6498.561,0.0,12.876105,0.0,0.0
TO_clutha,137,4,0.0,0.0,0.0,42.17249,64969.527,44.674778,0.0,7242.6885,0.0
TO_sub_terrace,137,4,0.0,0.0,0.0,70.61743,5983.496,0.0,894.5793,0.0,0.0
TO_mangawera,137,4,0.0,0.0,0.0,0.0,0.0,0.0,0.0,0.0,0.0
TOTAL_OUT,137,4,0.0,61606.887,7447.5176,91399.02,80574.5,8442.298,74557.33,8204.703,3987.7344
IN-OUT,137,4,0.0,173268.67,26466.12,800689600.0,119806240.0,2831687200.0,9008159000.0,0.0,0.00048828125
PERCENT_DISCREPANCY,137,4,,116.88293,127.97572,199.95436,199.73134,199.9988,199.99667,0.0,1.2244577e-05
FROM_STORAGE,138,4,0.0,20769.21,565.30853,4498.837,326.74387,0.0009879549,1.3961602,1.1451286,0.5966021
FROM_CONSTANT_HEAD,138,4,0.0,0.0,0.0,0.0,0.0,0.0,0.0,0.0,0.0
FROM_WELLS,138,4,0.0,4777.7715,18.260052,1438.9762,8504.589,0.0,0.0,77.06712,1081.1698
FROM_HEAD_DEP_BOUNDS,138,4,0.0,0.0,3660.1924,0.0,0.0,0.0,0.0,0.0,0.0
FROM_RECHARGE,138,4,0.0,11435.957,1631.3204,4484.366,15251.537,1894.4105,2240.9023,1178.2632,2905.9722
FROM_STREAM_LEAKAGE,138,4,0.0,3500.0,1100.0,38196.016,3119.7043,36.55455,16.53421,0.0,0.0
FROM_STREAM_FLOW_OUT,138,4,0.0,173263.03,26465.953,800466940.0,119802696.0,2831687200.0,9008151000.0,0.0,0.0
FROM_ZONE_0,138,4,0.0,0.0,0.0,0.0,0.0,0.0,0.0,0.0,0.0
FROM_haweaflat,138,4,0.0,0.0,424.15817,37806.727,16707.672,0.0,0.0,0.0,0.0
FROM_moraine_top,138,4,0.0,6752.1816,0.0,0.0,0.0,0.0,0.0,0.0,0.0
FROM_river_zone,138,4,0.0,12199.696,0.0,0.0,32798.094,0.0,42.172703,70.629074,0.0
FROM_main_terrace,138,4,0.0,803.1303,0.0,167.84772,0.0,6498.561,64967.58,5982.8013,0.0
FROM_sandy_point,138,4,0.0,0.0,0.0,0.0,1680.8503,0.0,44.67478,0.0,0.0
FROM_clutha,138,4,0.0,0.0,0.0,3.3307316,1714.8604,12.876105,0.0,894.51917,0.0
FROM_sub_terrace,138,4,0.0,0.0,0.0,70.559326,450.0638,0.0,7242.415,0.0,0.0
FROM_mangawera,138,4,0.0,0.0,0.0,3697.0989,0.0,0.0,0.0,0.0,0.0
TOTAL_IN,138,4,0.0,233500.98,33865.19,800557400.0,119883240.0,2831695600.0,9008224000.0,8204.425,3987.7385
TO_STORAGE,138,4,0.0,140.78517,0.0044997297,0.011954537,109.5186,0.0011146483,2.02507,0.6390549,0.030096333
TO_CONSTANT_HEAD,138,4,0.0,0.0,0.0,0.0,0.0,0.0,0.0,0.0,0.0
TO_WELLS,138,4,0.0,5063.044,0.0,0.0,445.89493,28.567646,0.0,440.7458,290.60635
TO_HEAD_DEP_BOUNDS,138,4,0.0,0.0,644.07764,0.0,0.0,0.0,0.0,0.0,0.0
TO_RECHARGE,138,4,0.0,0.0,0.0,0.0,0.0,0.0,0.0,0.0,0.0
TO_STREAM_LEAKAGE,138,4,0.0,0.0,0.0,45230.9,1577.7554,6688.2036,71928.12,0.0,0.0
TO_STREAM_FLOW_OUT,138,4,0.0,0.0,0.0,0.0,0.0,0.0,0.0,0.0,0.0
TO_ZONE_0,138,4,0.0,0.0,0.0,0.0,0.0,0.0,0.0,0.0,0.0
TO_haweaflat,138,4,0.0,0.0,6752.1816,12199.696,803.1303,0.0,0.0,0.0,0.0
TO_moraine_top,138,4,0.0,424.15817,0.0,0.0,0.0,0.0,0.0,0.0,0.0
TO_river_zone,138,4,0.0,37806.727,0.0,0.0,167.84772,0.0,3.3307316,70.559326,3697.0989
TO_main_terrace,138,4,0.0,16707.672,0.0,32798.094,0.0,1680.8503,1714.8604,450.0638,0.0
TO_sandy_point,138,4,0.0,0.0,0.0,0.0,6498.561,0.0,12.876105,0.0,0.0
TO_clutha,138,4,0.0,0.0,0.0,42.172703,64967.58,44.67478,0.0,7242.415,0.0
TO_sub_terrace,138,4,0.0,0.0,0.0,70.629074,5982.8013,0.0,894.51917,0.0,0.0
TO_mangawera,138,4,0.0,0.0,0.0,0.0,0.0,0.0,0.0,0.0,0.0
TOTAL_OUT,138,4,0.0,60142.387,7396.2637,90341.51,80553.09,8442.298,74555.72,8204.423,3987.7354
IN-OUT,138,4,0.0,173358.6,26468.928,800467000.0,119802690.0,2831687200.0,9008150000.0,0.001953125,0.0031738281
PERCENT_DISCREPANCY,138,4,,118.07425,128.29857,199.95486,199.73141,199.9988,199.99667,2.3805755e-05,7.958971e-05
FROM_STORAGE,139,4,0.0,18713.303,443.57602,4256.2163,368.4226,0.000982709,2.0475726,1.636595,0.5909322
FROM_CONSTANT_HEAD,139,4,0.0,0.0,0.0,0.0,0.0,0.0,0.0,0.0,0.0
FROM_WELLS,139,4,0.0,4777.7715,18.260052,1438.9762,8504.589,0.0,0.0,77.06712,1081.1698
FROM_HEAD_DEP_BOUNDS,139,4,0.0,0.0,3753.6792,0.0,0.0,0.0,0.0,0.0,0.0
FROM_RECHARGE,139,4,0.0,11435.957,1631.3204,4484.366,15251.537,1894.4105,2240.9023,1178.2632,2905.9722
FROM_STREAM_LEAKAGE,139,4,0.0,3500.0,1100.0,38669.574,3119.7043,36.55455,16.53421,0.0,0.0
FROM_STREAM_FLOW_OUT,139,4,0.0,173263.03,26465.953,800270460.0,119799544.0,2831686100.0,9008141000.0,0.0,0.0
FROM_ZONE_0,139,4,0.0,0.0,0.0,0.0,0.0,0.0,0.0,0.0,0.0
FROM_haweaflat,139,4,0.0,0.0,421.4352,36697.453,16643.408,0.0,0.0,0.0,0.0
FROM_moraine_top,139,4,0.0,6728.7725,0.0,0.0,0.0,0.0,0.0,0.0,0.0
FROM_river_zone,139,4,0.0,12413.503,0.0,0.0,32800.29,0.0,42.172813,70.64284,0.0
FROM_main_terrace,139,4,0.0,803.0205,0.0,167.61139,0.0,6498.561,64964.805,5982.0244,0.0
FROM_sandy_point,139,4,0.0,0.0,0.0,0.0,1680.8503,0.0,44.674786,0.0,0.0
FROM_clutha,139,4,0.0,0.0,0.0,3.3307364,1714.3644,12.876105,0.0,894.4444,0.0
FROM_sub_terrace,139,4,0.0,0.0,0.0,70.55733,450.2292,0.0,7242.0356,0.0,0.0
FROM_mangawera,139,4,0.0,0.0,0.0,3697.1008,0.0,0.0,0.0,0.0,0.0
TOTAL_IN,139,4,0.0,231635.34,33834.223,800359940.0,119880070.0,2831694600.0,9008215000.0,8204.079,3987.733
TO_STORAGE,139,4,0.0,96.05818,0.0020027233,0.0073442534,92.40396,0.0011187132,1.6482025,0.5054,0.022812065
TO_CONSTANT_HEAD,139,4,0.0,0.0,0.0,0.0,0.0,0.0,0.0,0.0,0.0
TO_WELLS,139,4,0.0,4419.8984,0.0,0.0,445.89493,28.567646,0.0,440.7458,290.60635
TO_HEAD_DEP_BOUNDS,139,4,0.0,0.0,637.22314,0.0,0.0,0.0,0.0,0.0,0.0
TO_RECHARGE,139,4,0.0,0.0,0.0,0.0,0.0,0.0,0.0,0.0,0.0
TO_STREAM_LEAKAGE,139,4,0.0,0.0,0.0,44136.957,1577.7554,6688.2036,71926.52,0.0,0.0
TO_STREAM_FLOW_OUT,139,4,0.0,0.0,0.0,0.0,0.0,0.0,0.0,0.0,0.0
TO_ZONE_0,139,4,0.0,0.0,0.0,0.0,0.0,0.0,0.0,0.0,0.0
TO_haweaflat,139,4,0.0,0.0,6728.7725,12413.503,803.0205,0.0,0.0,0.0,0.0
TO_moraine_top,139,4,0.0,421.4352,0.0,0.0,0.0,0.0,0.0,0.0,0.0
TO_river_zone,139,4,0.0,36697.453,0.0,0.0,167.61139,0.0,3.3307364,70.55733,3697.1008
TO_main_terrace,139,4,0.0,16643.408,0.0,32800.29,0.0,1680.8503,1714.3644,450.2292,0.0
TO_sandy_point,139,4,0.0,0.0,0.0,0.0,6498.561,0.0,12.876105,0.0,0.0
TO_clutha,139,4,0.0,0.0,0.0,42.172813,64964.805,44.674786,0.0,7242.0356,0.0
TO_sub_terrace,139,4,0.0,0.0,0.0,70.64284,5982.0244,0.0,894.4444,0.0,0.0
TO_mangawera,139,4,0.0,0.0,0.0,0.0,0.0,0.0,0.0,0.0,0.0
TOTAL_OUT,139,4,0.0,58278.25,7365.9976,89463.57,80532.08,8442.298,74553.19,8204.073,3987.73
IN-OUT,139,4,0.0,173357.1,26468.225,800270460.0,119799540.0,2831686100.0,9008140000.0,0.005859375,0.0029296875
PERCENT_DISCREPANCY,139,4,,119.592255,128.48584,199.95529,199.73145,199.9988,199.99667,7.142029e-05,7.346752e-05
FROM_STORAGE,140,4,0.0,17398.39,353.3862,4037.7358,406.57684,0.0009730179,2.7400796,2.1344936,0.5791631
FROM_CONSTANT_HEAD,140,4,0.0,0.0,0.0,0.0,0.0,0.0,0.0,0.0,0.0
FROM_WELLS,140,4,0.0,4777.7715,18.260052,1438.9762,8504.589,0.0,0.0,77.06712,1081.1698
FROM_HEAD_DEP_BOUNDS,140,4,0.0,0.0,3830.5308,0.0,0.0,0.0,0.0,0.0,0.0
FROM_RECHARGE,140,4,0.0,11435.957,1631.3204,4484.366,15251.537,1894.4105,2240.9023,1178.2632,2905.9722
FROM_STREAM_LEAKAGE,140,4,0.0,3500.0,1100.0,39096.625,3119.7043,36.55455,16.53421,0.0,0.0
FROM_STREAM_FLOW_OUT,140,4,0.0,173263.03,26465.953,800095040.0,119796750.0,2831686100.0,9008134000.0,0.0,0.0
FROM_ZONE_0,140,4,0.0,0.0,0.0,0.0,0.0,0.0,0.0,0.0,0.0
FROM_haweaflat,140,4,0.0,0.0,417.647,35722.387,16582.512,0.0,0.0,0.0,0.0
FROM_moraine_top,140,4,0.0,6724.9893,0.0,0.0,0.0,0.0,0.0,0.0,0.0
FROM_river_zone,140,4,0.0,12619.398,0.0,0.0,32803.098,0.0,42.17298,70.65841,0.0
FROM_main_terrace,140,4,0.0,802.86694,0.0,167.34796,0.0,6498.561,64961.254,5981.1826,0.0
FROM_sandy_point,140,4,0.0,0.0,0.0,0.0,1680.8505,0.0,44.67479,0.0,0.0
FROM_clutha,140,4,0.0,0.0,0.0,3.3307412,1713.823,12.876104,0.0,894.3561,0.0
FROM_sub_terrace,140,4,0.0,0.0,0.0,70.55369,450.3936,0.0,7241.557,0.0,0.0
FROM_mangawera,140,4,0.0,0.0,0.0,3697.094,0.0,0.0,0.0,0.0,0.0
TOTAL_IN,140,4,0.0,230522.39,33817.098,800183800.0,119877256.0,2831694600.0,9008208000.0,8203.662,3987.7212
TO_STORAGE,140,4,0.0,63.1815,1.9564914e-19,0.0048523787,76.63627,0.0011286576,1.3193944,0.4028393,0.017847551
TO_CONSTANT_HEAD,140,4,0.0,0.0,0.0,0.0,0.0,0.0,0.0,0.0,0.0
TO_WELLS,140,4,0.0,4388.5107,0.0,0.0,445.89493,28.567646,0.0,440.7458,290.60635
TO_HEAD_DEP_BOUNDS,140,4,0.0,0.0,624.3916,0.0,0.0,0.0,0.0,0.0,0.0
TO_RECHARGE,140,4,0.0,0.0,0.0,0.0,0.0,0.0,0.0,0.0,0.0
TO_STREAM_LEAKAGE,140,4,0.0,0.0,0.0,43162.92,1577.7554,6688.2036,71924.1,0.0,0.0
TO_STREAM_FLOW_OUT,140,4,0.0,0.0,0.0,0.0,0.0,0.0,0.0,0.0,0.0
TO_ZONE_0,140,4,0.0,0.0,0.0,0.0,0.0,0.0,0.0,0.0,0.0
TO_haweaflat,140,4,0.0,0.0,6724.9893,12619.398,802.86694,0.0,0.0,0.0,0.0
TO_moraine_top,140,4,0.0,417.647,0.0,0.0,0.0,0.0,0.0,0.0,0.0
TO_river_zone,140,4,0.0,35722.387,0.0,0.0,167.34796,0.0,3.3307412,70.55369,3697.094
TO_main_terrace,140,4,0.0,16582.512,0.0,32803.098,0.0,1680.8505,1713.823,450.3936,0.0
TO_sandy_point,140,4,0.0,0.0,0.0,0.0,6498.561,0.0,12.876104,0.0,0.0
TO_clutha,140,4,0.0,0.0,0.0,42.17298,64961.254,44.67479,0.0,7241.557,0.0
TO_sub_terrace,140,4,0.0,0.0,0.0,70.65841,5981.1826,0.0,894.3561,0.0,0.0
TO_mangawera,140,4,0.0,0.0,0.0,0.0,0.0,0.0,0.0,0.0,0.0
TOTAL_OUT,140,4,0.0,57174.24,7349.381,88698.25,80511.49,8442.298,74549.805,8203.653,3987.7183
IN-OUT,140,4,0.0,173348.16,26467.717,800095100.0,119796744.0,2831686100.0,9008133000.0,0.0087890625,0.0029296875
PERCENT_DISCREPANCY,140,4,,120.50761,128.5887,199.95566,199.73154,199.9988,199.99667,0.00010713589,7.346774e-05
FROM_STORAGE,141,4,0.0,16217.931,272.21072,3840.1033,443.3282,0.0009687249,3.4617198,2.6205268,0.5679628
FROM_CONSTANT_HEAD,141,4,0.0,0.0,0.0,0.0,0.0,0.0,0.0,0.0,0.0
FROM_WELLS,141,4,0.0,4777.7715,18.260052,1438.9762,8504.589,0.0,0.0,77.06712,1081.1698
FROM_HEAD_DEP_BOUNDS,141,4,0.0,0.0,3901.7637,0.0,0.0,0.0,0.0,0.0,0.0
FROM_RECHARGE,141,4,0.0,11435.957,1631.3204,4484.366,15251.537,1894.4105,2240.9023,1178.2632,2905.9722
FROM_STREAM_LEAKAGE,141,4,0.0,3500.0,1100.0,39500.684,3119.7043,36.55455,16.53421,0.0,0.0
FROM_STREAM_FLOW_OUT,141,4,0.0,173263.03,26465.953,799934700.0,119794190.0,2831686100.0,9008128000.0,0.0,0.0
FROM_ZONE_0,141,4,0.0,0.0,0.0,0.0,0.0,0.0,0.0,0.0,0.0
FROM_haweaflat,141,4,0.0,0.0,413.085,34854.83,16523.602,0.0,0.0,0.0,0.0
FROM_moraine_top,141,4,0.0,6728.933,0.0,0.0,0.0,0.0,0.0,0.0,0.0
FROM_river_zone,141,4,0.0,12836.814,0.0,0.0,32806.43,0.0,42.173126,70.67557,0.0
FROM_main_terrace,141,4,0.0,802.6962,0.0,167.06166,0.0,6498.5615,64956.996,5980.288,0.0
FROM_sandy_point,141,4,0.0,0.0,0.0,0.0,1680.8505,0.0,44.674793,0.0,0.0
FROM_clutha,141,4,0.0,0.0,0.0,3.330745,1713.2468,12.876104,0.0,894.2562,0.0
FROM_sub_terrace,141,4,0.0,0.0,0.0,70.54857,450.55466,0.0,7240.9897,0.0,0.0
FROM_mangawera,141,4,0.0,0.0,0.0,3697.086,0.0,0.0,0.0,0.0,0.0
TOTAL_IN,141,4,0.0,229563.14,33802.594,800022850.0,119874680.0,2831694600.0,9008202000.0,8203.171,3987.71
TO_STORAGE,141,4,0.0,39.70924,1.6633629e-19,0.0034708905,62.750877,0.0011318629,1.0446364,0.32104507,0.014883813
TO_CONSTANT_HEAD,141,4,0.0,0.0,0.0,0.0,0.0,0.0,0.0,0.0,0.0
TO_WELLS,141,4,0.0,4388.5107,0.0,0.0,445.89493,28.567646,0.0,440.7458,290.60635
TO_HEAD_DEP_BOUNDS,141,4,0.0,0.0,606.30273,0.0,0.0,0.0,0.0,0.0,0.0
TO_RECHARGE,141,4,0.0,0.0,0.0,0.0,0.0,0.0,0.0,0.0,0.0
TO_STREAM_LEAKAGE,141,4,0.0,0.0,0.0,42281.773,1577.7222,6688.2036,71920.875,0.0,0.0
TO_STREAM_FLOW_OUT,141,4,0.0,0.0,0.0,0.0,0.0,0.0,0.0,0.0,0.0
TO_ZONE_0,141,4,0.0,0.0,0.0,0.0,0.0,0.0,0.0,0.0,0.0
TO_haweaflat,141,4,0.0,0.0,6728.933,12836.814,802.6962,0.0,0.0,0.0,0.0
TO_moraine_top,141,4,0.0,413.085,0.0,0.0,0.0,0.0,0.0,0.0,0.0
TO_river_zone,141,4,0.0,34854.83,0.0,0.0,167.06166,0.0,3.330745,70.54857,3697.086
TO_main_terrace,141,4,0.0,16523.602,0.0,32806.43,0.0,1680.8505,1713.2468,450.55466,0.0
TO_sandy_point,141,4,0.0,0.0,0.0,0.0,6498.5615,0.0,12.876104,0.0,0.0
TO_clutha,141,4,0.0,0.0,0.0,42.173126,64956.996,44.674793,0.0,7240.9897,0.0
TO_sub_terrace,141,4,0.0,0.0,0.0,70.67557,5980.288,0.0,894.2562,0.0,0.0
TO_mangawera,141,4,0.0,0.0,0.0,0.0,0.0,0.0,0.0,0.0,0.0
TOTAL_OUT,141,4,0.0,56219.734,7335.236,88037.87,80491.98,8442.298,74545.63,8203.16,3987.7073
IN-OUT,141,4,0.0,173343.4,26467.357,799934800.0,119794190.0,2831686100.0,9008127000.0,0.0107421875,0.0026855469
PERCENT_DISCREPANCY,141,4,,121.31126,128.6765,199.95598,199.73161,199.9988,199.99669,0.00013095172,6.7345616e-05
FROM_STORAGE,142,4,0.0,14817.7295,196.67361,3623.96,475.7943,0.0009842543,4.169167,3.0686543,0.5538218
FROM_CONSTANT_HEAD,142,4,0.0,0.0,0.0,0.0,0.0,0.0,0.0,0.0,0.0
FROM_WELLS,142,4,0.0,4777.7715,18.260052,1438.9762,8504.589,0.0,0.0,77.06712,1081.1698
FROM_HEAD_DEP_BOUNDS,142,4,0.0,0.0,3973.9033,0.0,0.0,0.0,0.0,0.0,0.0
FROM_RECHARGE,142,4,0.0,11435.957,1631.3204,4484.366,15251.537,1894.4105,2240.9023,1178.2632,2905.9722
FROM_STREAM_LEAKAGE,142,4,0.0,3500.0,1100.0,39879.953,3119.7043,36.55455,16.53421,0.0,0.0
FROM_STREAM_FLOW_OUT,142,4,0.0,173263.03,26465.953,799789300.0,119791870.0,2831686100.0,9008122000.0,0.0,0.0
FROM_ZONE_0,142,4,0.0,0.0,0.0,0.0,0.0,0.0,0.0,0.0,0.0
FROM_haweaflat,142,4,0.0,0.0,408.7019,34096.79,16467.543,0.0,0.0,0.0,0.0
FROM_moraine_top,142,4,0.0,6740.7065,0.0,0.0,0.0,0.0,0.0,0.0,0.0
FROM_river_zone,142,4,0.0,13044.577,0.0,0.0,32810.21,0.0,42.173206,70.693924,0.0
FROM_main_terrace,142,4,0.0,802.5011,0.0,166.75734,0.0,6498.5615,64952.12,5979.3696,0.0
FROM_sandy_point,142,4,0.0,0.0,0.0,0.0,1680.8505,0.0,44.674797,0.0,0.0
FROM_clutha,142,4,0.0,0.0,0.0,3.330748,1712.6484,12.876104,0.0,894.14655,0.0
FROM_sub_terrace,142,4,0.0,0.0,0.0,70.54202,450.7203,0.0,7240.345,0.0,0.0
FROM_mangawera,142,4,0.0,0.0,0.0,3697.0767,0.0,0.0,0.0,0.0,0.0
TOTAL_IN,142,4,0.0,228382.27,33794.812,799876800.0,119872340.0,2831694600.0,9008196000.0,8202.609,3987.6958
TO_STORAGE,142,4,0.0,23.127026,2.785579,0.0023719235,50.5514,0.0011158055,0.8122526,0.2542312,0.012523658
TO_CONSTANT_HEAD,142,4,0.0,0.0,0.0,0.0,0.0,0.0,0.0,0.0,0.0
TO_WELLS,142,4,0.0,4119.5796,0.0,0.0,445.89493,28.567646,0.0,440.7458,290.60635
TO_HEAD_DEP_BOUNDS,142,4,0.0,0.0,585.28955,0.0,0.0,0.0,0.0,0.0,0.0
TO_RECHARGE,142,4,0.0,0.0,0.0,0.0,0.0,0.0,0.0,0.0,0.0
TO_STREAM_LEAKAGE,142,4,0.0,0.0,0.0,41493.387,1577.7222,6688.2036,71917.086,0.0,0.0
TO_STREAM_FLOW_OUT,142,4,0.0,0.0,0.0,0.0,0.0,0.0,0.0,0.0,0.0
TO_ZONE_0,142,4,0.0,0.0,0.0,0.0,0.0,0.0,0.0,0.0,0.0
TO_haweaflat,142,4,0.0,0.0,6740.7065,13044.577,802.5011,0.0,0.0,0.0,0.0
TO_moraine_top,142,4,0.0,408.7019,0.0,0.0,0.0,0.0,0.0,0.0,0.0
TO_river_zone,142,4,0.0,34096.79,0.0,0.0,166.75734,0.0,3.330748,70.54202,3697.0767
TO_main_terrace,142,4,0.0,16467.543,0.0,32810.21,0.0,1680.8505,1712.6484,450.7203,0.0
TO_sandy_point,142,4,0.0,0.0,0.0,0.0,6498.5615,0.0,12.876104,0.0,0.0
TO_clutha,142,4,0.0,0.0,0.0,42.173206,64952.12,44.674797,0.0,7240.345,0.0
TO_sub_terrace,142,4,0.0,0.0,0.0,70.693924,5979.3696,0.0,894.14655,0.0,0.0
TO_mangawera,142,4,0.0,0.0,0.0,0.0,0.0,0.0,0.0,0.0,0.0
TOTAL_OUT,142,4,0.0,55115.74,7328.7817,87461.05,80473.48,8442.298,74540.9,8202.607,3987.6956
IN-OUT,142,4,0.0,173266.53,26466.031,799789300.0,119791864.0,2831686100.0,9008121000.0,0.001953125,0.00024414062
PERCENT_DISCREPANCY,142,4,,122.23476,128.71458,199.95625,199.73164,199.9988,199.99669,2.3811024e-05,6.122348e-06
FROM_STORAGE,143,4,0.0,13845.215,128.42096,3439.556,509.25204,0.0009963645,4.880591,3.5012805,0.54238474
FROM_CONSTANT_HEAD,143,4,0.0,0.0,0.0,0.0,0.0,0.0,0.0,0.0,0.0
FROM_WELLS,143,4,0.0,4777.7715,18.260052,1438.9762,8504.589,0.0,0.0,77.06712,1081.1698
FROM_HEAD_DEP_BOUNDS,143,4,0.0,0.0,4048.7905,0.0,0.0,0.0,0.0,0.0,0.0
FROM_RECHARGE,143,4,0.0,11435.957,1631.3204,4484.366,15251.537,1894.4105,2240.9023,1178.2632,2905.9722
FROM_STREAM_LEAKAGE,143,4,0.0,3500.0,1100.0,40261.844,3119.7043,36.55455,16.53421,0.0,0.0
FROM_STREAM_FLOW_OUT,143,4,0.0,173263.03,26465.953,799655940.0,119789740.0,2831686100.0,9008117000.0,0.0,0.0
FROM_ZONE_0,143,4,0.0,0.0,0.0,0.0,0.0,0.0,0.0,0.0,0.0
FROM_haweaflat,143,4,0.0,0.0,404.03668,33422.56,16413.865,0.0,0.0,0.0,0.0
FROM_moraine_top,143,4,0.0,6761.956,0.0,0.0,0.0,0.0,0.0,0.0,0.0
FROM_river_zone,143,4,0.0,13252.13,0.0,0.0,32814.387,0.0,42.173275,70.71332,0.0
FROM_main_terrace,143,4,0.0,802.2909,0.0,166.43768,0.0,6498.5615,64946.688,5978.4272,0.0
FROM_sandy_point,143,4,0.0,0.0,0.0,0.0,1680.8503,0.0,44.6748,0.0,0.0
FROM_clutha,143,4,0.0,0.0,0.0,3.3307557,1712.0348,12.876104,0.0,894.0284,0.0
FROM_sub_terrace,143,4,0.0,0.0,0.0,70.53418,450.88547,0.0,7239.631,0.0,0.0
FROM_mangawera,143,4,0.0,0.0,0.0,3697.0667,0.0,0.0,0.0,0.0,0.0
TOTAL_IN,143,4,0.0,227638.34,33796.78,799742900.0,119870200.0,2831694600.0,9008190000.0,8202.001,3987.6843
TO_STORAGE,143,4,0.0,11.7970915,7.7635956,0.001697998,40.957294,0.0011029086,0.6190436,0.20256996,0.010991088
TO_CONSTANT_HEAD,143,4,0.0,0.0,0.0,0.0,0.0,0.0,0.0,0.0,0.0
TO_WELLS,143,4,0.0,4119.5796,0.0,0.0,445.89493,28.567646,0.0,440.7458,290.60635
TO_HEAD_DEP_BOUNDS,143,4,0.0,0.0,561.1089,0.0,0.0,0.0,0.0,0.0,0.0
TO_RECHARGE,143,4,0.0,0.0,0.0,0.0,0.0,0.0,0.0,0.0,0.0
TO_STREAM_LEAKAGE,143,4,0.0,0.0,0.0,40804.32,1577.7222,6688.2036,71912.64,0.0,0.0
TO_STREAM_FLOW_OUT,143,4,0.0,0.0,0.0,0.0,0.0,0.0,0.0,0.0,0.0
TO_ZONE_0,143,4,0.0,0.0,0.0,0.0,0.0,0.0,0.0,0.0,0.0
TO_haweaflat,143,4,0.0,0.0,6761.956,13252.13,802.2909,0.0,0.0,0.0,0.0
TO_moraine_top,143,4,0.0,404.03668,0.0,0.0,0.0,0.0,0.0,0.0,0.0
TO_river_zone,143,4,0.0,33422.56,0.0,0.0,166.43768,0.0,3.3307557,70.53418,3697.0667
TO_main_terrace,143,4,0.0,16413.865,0.0,32814.387,0.0,1680.8503,1712.0348,450.88547,0.0
TO_sandy_point,143,4,0.0,0.0,0.0,0.0,6498.5615,0.0,12.876104,0.0,0.0
TO_clutha,143,4,0.0,0.0,0.0,42.173275,64946.688,44.6748,0.0,7239.631,0.0
TO_sub_terrace,143,4,0.0,0.0,0.0,70.71332,5978.4272,0.0,894.0284,0.0,0.0
TO_mangawera,143,4,0.0,0.0,0.0,0.0,0.0,0.0,0.0,0.0,0.0
TOTAL_OUT,143,4,0.0,54371.836,7330.8286,86983.72,80456.984,8442.298,74535.52,8201.999,3987.684
IN-OUT,143,4,0.0,173266.5,26465.953,799655940.0,119789740.0,2831686100.0,9008116000.0,0.001953125,0.00024414062
PERCENT_DISCREPANCY,143,4,,122.8796,128.70163,199.9565,199.7317,199.9988,199.99669,2.381279e-05,6.1223664e-06
FROM_STORAGE,144,4,0.0,13017.328,68.17051,3274.3237,543.6492,0.0009864223,5.595668,3.9211295,0.53409165
FROM_CONSTANT_HEAD,144,4,0.0,0.0,0.0,0.0,0.0,0.0,0.0,0.0,0.0
FROM_WELLS,144,4,0.0,4777.7715,18.260052,1438.9762,8504.589,0.0,0.0,77.06712,1081.1698
FROM_HEAD_DEP_BOUNDS,144,4,0.0,0.0,4127.3535,0.0,0.0,0.0,0.0,0.0,0.0
FROM_RECHARGE,144,4,0.0,11435.957,1631.3204,4484.366,15251.537,1894.4105,2240.9023,1178.2632,2905.9722
FROM_STREAM_LEAKAGE,144,4,0.0,3500.0,1100.0,40610.38,3119.7043,36.55455,16.53421,0.0,0.0
FROM_STREAM_FLOW_OUT,144,4,0.0,173263.03,26465.953,799533500.0,119787780.0,2831686100.0,9008111000.0,0.0,0.0
FROM_ZONE_0,144,4,0.0,0.0,0.0,0.0,0.0,0.0,0.0,0.0,0.0
FROM_haweaflat,144,4,0.0,0.0,399.22336,32821.957,16362.422,0.0,0.0,0.0,0.0
FROM_moraine_top,144,4,0.0,6791.212,0.0,0.0,0.0,0.0,0.0,0.0,0.0
FROM_river_zone,144,4,0.0,13449.162,0.0,0.0,32818.89,0.0,42.17337,70.73348,0.0
FROM_main_terrace,144,4,0.0,802.0713,0.0,166.10556,0.0,6498.562,64940.766,5977.464,0.0
FROM_sandy_point,144,4,0.0,0.0,0.0,0.0,1680.8503,0.0,44.674805,0.0,0.0
FROM_clutha,144,4,0.0,0.0,0.0,3.3307605,1711.4136,12.876103,0.0,893.903,0.0
FROM_sub_terrace,144,4,0.0,0.0,0.0,70.525246,451.04272,0.0,7238.8574,0.0,0.0
FROM_mangawera,144,4,0.0,0.0,0.0,3697.057,0.0,0.0,0.0,0.0,0.0
TOTAL_IN,144,4,0.0,227036.55,33810.28,799620100.0,119868210.0,2831694600.0,9008184000.0,8201.352,3987.676
TO_STORAGE,144,4,0.0,4.858112,19.035822,0.0012519547,33.0119,0.0011117051,0.4580328,0.16208774,0.010148856
TO_CONSTANT_HEAD,144,4,0.0,0.0,0.0,0.0,0.0,0.0,0.0,0.0,0.0
TO_WELLS,144,4,0.0,4119.5796,0.0,0.0,445.89493,28.567646,0.0,440.7458,290.60635
TO_HEAD_DEP_BOUNDS,144,4,0.0,0.0,533.89746,0.0,0.0,0.0,0.0,0.0,0.0
TO_RECHARGE,144,4,0.0,0.0,0.0,0.0,0.0,0.0,0.0,0.0,0.0
TO_STREAM_LEAKAGE,144,4,0.0,0.0,0.0,40169.617,1577.7222,6688.2036,71907.56,0.0,0.0
TO_STREAM_FLOW_OUT,144,4,0.0,0.0,0.0,0.0,0.0,0.0,0.0,0.0,0.0
TO_ZONE_0,144,4,0.0,0.0,0.0,0.0,0.0,0.0,0.0,0.0,0.0
TO_haweaflat,144,4,0.0,0.0,6791.212,13449.162,802.0713,0.0,0.0,0.0,0.0
TO_moraine_top,144,4,0.0,399.22336,0.0,0.0,0.0,0.0,0.0,0.0,0.0
TO_river_zone,144,4,0.0,32821.957,0.0,0.0,166.10556,0.0,3.3307605,70.525246,3697.057
TO_main_terrace,144,4,0.0,16362.422,0.0,32818.89,0.0,1680.8503,1711.4136,451.04272,0.0
TO_sandy_point,144,4,0.0,0.0,0.0,0.0,6498.562,0.0,12.876103,0.0,0.0
TO_clutha,144,4,0.0,0.0,0.0,42.17337,64940.766,44.674805,0.0,7238.8574,0.0
TO_sub_terrace,144,4,0.0,0.0,0.0,70.73348,5977.464,0.0,893.903,0.0,0.0
TO_mangawera,144,4,0.0,0.0,0.0,0.0,0.0,0.0,0.0,0.0,0.0
TOTAL_OUT,144,4,0.0,53708.04,7344.145,86550.58,80441.59,8442.298,74529.55,8201.333,3987.6733
IN-OUT,144,4,0.0,173328.5,26466.137,799533600.0,119787770.0,2831686100.0,9008110000.0,0.018554688,0.0026855469
PERCENT_DISCREPANCY,144,4,,123.477715,128.61867,199.95671,199.73175,199.9988,199.99667,0.00022623966,6.7346184e-05
FROM_STORAGE,145,4,0.0,12204.719,26.316694,3092.7166,574.3483,0.0009954077,6.264329,4.2943444,0.5228415
FROM_CONSTANT_HEAD,145,4,0.0,0.0,0.0,0.0,0.0,0.0,0.0,0.0,0.0
FROM_WELLS,145,4,0.0,4777.7715,18.260052,1438.9762,8504.589,0.0,0.0,77.06712,1081.1698
FROM_HEAD_DEP_BOUNDS,145,4,0.0,0.0,4209.752,0.0,0.0,0.0,0.0,0.0,0.0
FROM_RECHARGE,145,4,0.0,11435.957,1631.3204,4484.366,15251.537,1894.4105,2240.9023,1178.2632,2905.9722
FROM_STREAM_LEAKAGE,145,4,0.0,3500.0,1100.0,40926.54,3119.7043,36.55455,16.53421,0.0,0.0
FROM_STREAM_FLOW_OUT,145,4,0.0,173263.03,26465.953,799422300.0,119785990.0,2831686000.0,9008105000.0,0.0,0.0
FROM_ZONE_0,145,4,0.0,0.0,0.0,0.0,0.0,0.0,0.0,0.0,0.0
FROM_haweaflat,145,4,0.0,0.0,393.7834,32281.316,16313.215,0.0,0.0,0.0,0.0
FROM_moraine_top,145,4,0.0,6828.994,0.0,0.0,0.0,0.0,0.0,0.0,0.0
FROM_river_zone,145,4,0.0,13621.612,0.0,0.0,32823.695,0.0,42.173355,70.75431,0.0
FROM_main_terrace,145,4,0.0,801.84296,0.0,165.76308,0.0,6498.562,64934.414,5976.4834,0.0
FROM_sandy_point,145,4,0.0,0.0,0.0,0.0,1680.8503,0.0,44.67481,0.0,0.0
FROM_clutha,145,4,0.0,0.0,0.0,3.3307643,1710.7903,12.876103,0.0,893.7715,0.0
FROM_sub_terrace,145,4,0.0,0.0,0.0,70.515144,451.19214,0.0,7238.03,0.0,0.0
FROM_mangawera,145,4,0.0,0.0,0.0,3697.0466,0.0,0.0,0.0,0.0,0.0
TOTAL_IN,145,4,0.0,226433.94,33845.387,799508400.0,119866420.0,2831694300.0,9008179000.0,8200.634,3987.6648
TO_STORAGE,145,4,0.0,1.618036,46.671375,0.0009864883,26.559477,0.001101163,0.3240054,0.13000236,0.009140311
TO_CONSTANT_HEAD,145,4,0.0,0.0,0.0,0.0,0.0,0.0,0.0,0.0,0.0
TO_WELLS,145,4,0.0,4119.5796,0.0,0.0,445.89493,28.567646,0.0,440.7458,290.60635
TO_HEAD_DEP_BOUNDS,145,4,0.0,0.0,503.96924,0.0,0.0,0.0,0.0,0.0,0.0
TO_RECHARGE,145,4,0.0,0.0,0.0,0.0,0.0,0.0,0.0,0.0,0.0
TO_STREAM_LEAKAGE,145,4,0.0,0.0,0.0,39586.785,1577.7222,6688.2036,71902.02,0.0,0.0
TO_STREAM_FLOW_OUT,145,4,0.0,0.0,0.0,0.0,0.0,0.0,0.0,0.0,0.0
TO_ZONE_0,145,4,0.0,0.0,0.0,0.0,0.0,0.0,0.0,0.0,0.0
TO_haweaflat,145,4,0.0,0.0,6828.994,13621.612,801.84296,0.0,0.0,0.0,0.0
TO_moraine_top,145,4,0.0,393.7834,0.0,0.0,0.0,0.0,0.0,0.0,0.0
TO_river_zone,145,4,0.0,32281.316,0.0,0.0,165.76308,0.0,3.3307643,70.515144,3697.0466
TO_main_terrace,145,4,0.0,16313.215,0.0,32823.695,0.0,1680.8503,1710.7903,451.19214,0.0
TO_sandy_point,145,4,0.0,0.0,0.0,0.0,6498.562,0.0,12.876103,0.0,0.0
TO_clutha,145,4,0.0,0.0,0.0,42.173355,64934.414,44.67481,0.0,7238.03,0.0
TO_sub_terrace,145,4,0.0,0.0,0.0,70.75431,5976.4834,0.0,893.7715,0.0,0.0
TO_mangawera,145,4,0.0,0.0,0.0,0.0,0.0,0.0,0.0,0.0,0.0
TOTAL_OUT,145,4,0.0,53109.51,7379.635,86145.02,80427.24,8442.298,74523.11,8200.613,3987.662
IN-OUT,145,4,0.0,173324.42,26465.752,799422300.0,119785990.0,2831686000.0,9008104000.0,0.020507812,0.0026855469
PERCENT_DISCREPANCY,145,4,,124.005356,128.39655,199.95691,199.73181,199.99883,199.99669,0.00025007626,6.734637e-05
FROM_STORAGE,146,4,0.0,11469.041,6.688504,2911.0728,602.49866,0.0009898688,6.900215,4.6340623,0.51150095
FROM_CONSTANT_HEAD,146,4,0.0,0.0,0.0,0.0,0.0,0.0,0.0,0.0,0.0
FROM_WELLS,146,4,0.0,4777.7715,18.260052,1438.9762,8504.589,0.0,0.0,77.06712,1081.1698
FROM_HEAD_DEP_BOUNDS,146,4,0.0,0.0,4294.826,0.0,0.0,0.0,0.0,0.0,0.0
FROM_RECHARGE,146,4,0.0,11435.957,1631.3204,4484.366,15251.537,1894.4105,2240.9023,1178.2632,2905.9722
FROM_STREAM_LEAKAGE,146,4,0.0,3500.0,1100.0,41217.28,3119.7043,36.55455,16.53421,0.0,0.0
FROM_STREAM_FLOW_OUT,146,4,0.0,173263.03,26465.953,799320640.0,119784370.0,2831686000.0,9008101000.0,0.0,0.0
FROM_ZONE_0,146,4,0.0,0.0,0.0,0.0,0.0,0.0,0.0,0.0,0.0
FROM_haweaflat,146,4,0.0,0.0,387.88745,31796.973,16266.451,0.0,0.0,0.0,0.0
FROM_moraine_top,146,4,0.0,6875.421,0.0,0.0,0.0,0.0,0.0,0.0,0.0
FROM_river_zone,146,4,0.0,13769.736,0.0,0.0,32828.74,0.0,42.173367,70.77558,0.0
FROM_main_terrace,146,4,0.0,801.6061,0.0,165.41306,0.0,6498.5625,64927.695,5975.493,0.0
FROM_sandy_point,146,4,0.0,0.0,0.0,0.0,1680.8503,0.0,44.674816,0.0,0.0
FROM_clutha,146,4,0.0,0.0,0.0,3.3307664,1710.1711,12.876103,0.0,893.6351,0.0
FROM_sub_terrace,146,4,0.0,0.0,0.0,70.50412,451.33298,0.0,7237.1577,0.0,0.0
FROM_mangawera,146,4,0.0,0.0,0.0,3697.0361,0.0,0.0,0.0,0.0,0.0
TOTAL_IN,146,4,0.0,225892.56,33904.934,799406460.0,119864780.0,2831694300.0,9008175000.0,8199.868,3987.6533
TO_STORAGE,146,4,0.0,0.97834,93.72835,0.00074605213,20.64737,0.0011052557,0.21372946,0.10442449,0.008362812
TO_CONSTANT_HEAD,146,4,0.0,0.0,0.0,0.0,0.0,0.0,0.0,0.0,0.0
TO_WELLS,146,4,0.0,4119.5796,0.0,0.0,445.89493,28.567646,0.0,440.7458,290.60635
TO_HEAD_DEP_BOUNDS,146,4,0.0,0.0,470.38916,0.0,0.0,0.0,0.0,0.0,0.0
TO_RECHARGE,146,4,0.0,0.0,0.0,0.0,0.0,0.0,0.0,0.0,0.0
TO_STREAM_LEAKAGE,146,4,0.0,0.0,0.0,39058.38,1577.689,6688.2036,71895.805,0.0,0.0
TO_STREAM_FLOW_OUT,146,4,0.0,0.0,0.0,0.0,0.0,0.0,0.0,0.0,0.0
TO_ZONE_0,146,4,0.0,0.0,0.0,0.0,0.0,0.0,0.0,0.0,0.0
TO_haweaflat,146,4,0.0,0.0,6875.421,13769.736,801.6061,0.0,0.0,0.0,0.0
TO_moraine_top,146,4,0.0,387.88745,0.0,0.0,0.0,0.0,0.0,0.0,0.0
TO_river_zone,146,4,0.0,31796.973,0.0,0.0,165.41306,0.0,3.3307664,70.50412,3697.0361
TO_main_terrace,146,4,0.0,16266.451,0.0,32828.74,0.0,1680.8503,1710.1711,451.33298,0.0
TO_sandy_point,146,4,0.0,0.0,0.0,0.0,6498.5625,0.0,12.876103,0.0,0.0
TO_clutha,146,4,0.0,0.0,0.0,42.173367,64927.695,44.674816,0.0,7237.1577,0.0
TO_sub_terrace,146,4,0.0,0.0,0.0,70.77558,5975.493,0.0,893.6351,0.0,0.0
TO_mangawera,146,4,0.0,0.0,0.0,0.0,0.0,0.0,0.0,0.0,0.0
TOTAL_OUT,146,4,0.0,52571.867,7439.5386,85769.805,80413.0,8442.298,74516.02,8199.845,3987.651
IN-OUT,146,4,0.0,173320.69,26465.395,799320700.0,119784370.0,2831686000.0,9008100000.0,0.0234375,0.0024414062
PERCENT_DISCREPANCY,146,4,,124.48317,128.02386,199.95709,199.73183,199.99883,199.99667,0.00028582817,6.122416e-05
FROM_STORAGE,147,4,0.0,8138.926,385.3951,2104.617,619.88654,0.0009820457,7.4648027,4.914714,0.48877478
FROM_CONSTANT_HEAD,147,4,0.0,0.0,0.0,0.0,0.0,0.0,0.0,0.0,0.0
FROM_WELLS,147,4,0.0,4777.7715,18.260052,1438.9762,8504.589,0.0,0.0,77.06712,1081.1698
FROM_HEAD_DEP_BOUNDS,147,4,0.0,0.0,17810.42,0.0,0.0,0.0,0.0,0.0,0.0
FROM_RECHARGE,147,4,0.0,11435.957,1631.3204,4484.366,15251.537,1894.4105,2240.9023,1178.2632,2905.9722
FROM_STREAM_LEAKAGE,147,4,0.0,3500.0,1100.0,41235.734,3119.7043,36.55455,16.53421,0.0,0.0
FROM_STREAM_FLOW_OUT,147,4,0.0,173263.03,26465.953,799288700.0,119783780.0,2831685000.0,9008099000.0,0.0,0.0
FROM_ZONE_0,147,4,0.0,0.0,0.0,0.0,0.0,0.0,0.0,0.0,0.0
FROM_haweaflat,147,4,0.0,0.0,406.47998,32113.934,16227.482,0.0,0.0,0.0,0.0
FROM_moraine_top,147,4,0.0,15978.027,0.0,0.0,0.0,0.0,0.0,0.0,0.0
FROM_river_zone,147,4,0.0,13175.951,0.0,0.0,32834.06,0.0,42.17336,70.79716,0.0
FROM_main_terrace,147,4,0.0,801.28564,0.0,165.05898,0.0,6498.5625,64920.684,5974.501,0.0
FROM_sandy_point,147,4,0.0,0.0,0.0,0.0,1680.8503,0.0,44.67482,0.0,0.0
FROM_clutha,147,4,0.0,0.0,0.0,3.330768,1709.5619,12.876103,0.0,893.4951,0.0
FROM_sub_terrace,147,4,0.0,0.0,0.0,70.4922,451.46542,0.0,7236.251,0.0,0.0
FROM_mangawera,147,4,0.0,0.0,0.0,3697.0168,0.0,0.0,0.0,0.0,0.0
TOTAL_IN,147,4,0.0,231070.95,47817.83,799374100.0,119864170.0,2831693600.0,9008173000.0,8199.038,3987.6309
TO_STORAGE,147,4,0.0,4939.577,4241.97,396.7207,15.292872,0.0011110208,0.12552658,0.082284994,0.007346221
TO_CONSTANT_HEAD,147,4,0.0,0.0,0.0,0.0,0.0,0.0,0.0,0.0,0.0
TO_WELLS,147,4,0.0,4119.5796,0.0,0.0,445.89493,28.567646,0.0,440.7458,290.60635
TO_HEAD_DEP_BOUNDS,147,4,0.0,0.0,1133.4092,0.0,0.0,0.0,0.0,0.0,0.0
TO_RECHARGE,147,4,0.0,0.0,0.0,0.0,0.0,0.0,0.0,0.0,0.0
TO_STREAM_LEAKAGE,147,4,0.0,0.0,0.0,38793.05,1577.689,6688.2036,71889.37,0.0,0.0
TO_STREAM_FLOW_OUT,147,4,0.0,0.0,0.0,0.0,0.0,0.0,0.0,0.0,0.0
TO_ZONE_0,147,4,0.0,0.0,0.0,0.0,0.0,0.0,0.0,0.0,0.0
TO_haweaflat,147,4,0.0,0.0,15978.027,13175.951,801.28564,0.0,0.0,0.0,0.0
TO_moraine_top,147,4,0.0,406.47998,0.0,0.0,0.0,0.0,0.0,0.0,0.0
TO_river_zone,147,4,0.0,32113.934,0.0,0.0,165.05898,0.0,3.330768,70.4922,3697.0168
TO_main_terrace,147,4,0.0,16227.482,0.0,32834.06,0.0,1680.8503,1709.5619,451.46542,0.0
TO_sandy_point,147,4,0.0,0.0,0.0,0.0,6498.5625,0.0,12.876103,0.0,0.0
TO_clutha,147,4,0.0,0.0,0.0,42.17336,64920.684,44.67482,0.0,7236.251,0.0
TO_sub_terrace,147,4,0.0,0.0,0.0,70.79716,5974.501,0.0,893.4951,0.0,0.0
TO_mangawera,147,4,0.0,0.0,0.0,0.0,0.0,0.0,0.0,0.0,0.0
TOTAL_OUT,147,4,0.0,57807.055,21353.406,85312.75,80398.97,8442.298,74508.75,8199.037,3987.6306
IN-OUT,147,4,0.0,173263.9,26464.422,799288770.0,119783770.0,2831685000.0,9008098000.0,0.0009765625,0.00024414062
PERCENT_DISCREPANCY,147,4,,119.95645,76.51858,199.95732,199.73189,199.99881,199.99667,1.1910697e-05,6.1224478e-06
FROM_STORAGE,148,4,0.0,6608.5054,116.93178,1460.3157,623.02563,0.0009745563,8.009305,5.165021,0.42554086
FROM_CONSTANT_HEAD,148,4,0.0,0.0,0.0,0.0,0.0,0.0,0.0,0.0,0.0
FROM_WELLS,148,4,0.0,4777.7715,18.260052,1438.9762,8504.589,0.0,0.0,77.06712,1081.1698
FROM_HEAD_DEP_BOUNDS,148,4,0.0,0.0,22615.273,0.0,0.0,0.0,0.0,0.0,0.0
FROM_RECHARGE,148,4,0.0,11435.957,1631.3204,4484.366,15251.537,1894.4105,2240.9023,1178.2632,2905.9722
FROM_STREAM_LEAKAGE,148,4,0.0,3500.0,1100.0,40710.227,3119.7043,36.55455,16.53421,0.0,0.0
FROM_STREAM_FLOW_OUT,148,4,0.0,173263.03,26465.953,799389700.0,119785260.0,2831684600.0,9008101000.0,0.0,0.0
FROM_ZONE_0,148,4,0.0,0.0,0.0,0.0,0.0,0.0,0.0,0.0,0.0
FROM_haweaflat,148,4,0.0,0.0,403.6946,33387.105,16205.908,0.0,0.0,0.0,0.0
FROM_moraine_top,148,4,0.0,23919.291,0.0,0.0,0.0,0.0,0.0,0.0,0.0
FROM_river_zone,148,4,0.0,12267.576,0.0,0.0,32839.754,0.0,42.17334,70.8187,0.0
FROM_main_terrace,148,4,0.0,800.83435,0.0,164.7089,0.0,6498.5625,64913.453,5973.529,0.0
FROM_sandy_point,148,4,0.0,0.0,0.0,0.0,1680.8503,0.0,44.67483,0.0,0.0
FROM_clutha,148,4,0.0,0.0,0.0,3.330769,1708.9683,12.876103,0.0,893.3533,0.0
FROM_sub_terrace,148,4,0.0,0.0,0.0,70.47968,451.5838,0.0,7235.32,0.0,0.0
FROM_mangawera,148,4,0.0,0.0,0.0,3696.9543,0.0,0.0,0.0,0.0,0.0
TOTAL_IN,148,4,0.0,236572.97,52351.434,799475140.0,119865650.0,2831693000.0,9008175000.0,8198.196,3987.5674
TO_STORAGE,148,4,0.0,9194.424,1100.796,1184.1309,11.083501,0.0011180004,0.062381897,0.065941855,0.006448413
TO_CONSTANT_HEAD,148,4,0.0,0.0,0.0,0.0,0.0,0.0,0.0,0.0,0.0
TO_WELLS,148,4,0.0,4119.5796,0.0,0.0,445.89493,28.567646,0.0,440.7458,290.60635
TO_HEAD_DEP_BOUNDS,148,4,0.0,0.0,865.7368,0.0,0.0,0.0,0.0,0.0,0.0
TO_RECHARGE,148,4,0.0,0.0,0.0,0.0,0.0,0.0,0.0,0.0,0.0
TO_STREAM_LEAKAGE,148,4,0.0,0.0,0.0,39011.9,1577.689,6688.2036,71882.43,0.0,0.0
TO_STREAM_FLOW_OUT,148,4,0.0,0.0,0.0,0.0,0.0,0.0,0.0,0.0,0.0
TO_ZONE_0,148,4,0.0,0.0,0.0,0.0,0.0,0.0,0.0,0.0,0.0
TO_haweaflat,148,4,0.0,0.0,23919.291,12267.576,800.83435,0.0,0.0,0.0,0.0
TO_moraine_top,148,4,0.0,403.6946,0.0,0.0,0.0,0.0,0.0,0.0,0.0
TO_river_zone,148,4,0.0,33387.105,0.0,0.0,164.7089,0.0,3.330769,70.47968,3696.9543
TO_main_terrace,148,4,0.0,16205.908,0.0,32839.754,0.0,1680.8503,1708.9683,451.5838,0.0
TO_sandy_point,148,4,0.0,0.0,0.0,0.0,6498.5625,0.0,12.876103,0.0,0.0
TO_clutha,148,4,0.0,0.0,0.0,42.17334,64913.453,44.67483,0.0,7235.32,0.0
TO_sub_terrace,148,4,0.0,0.0,0.0,70.8187,5973.529,0.0,893.3533,0.0,0.0
TO_mangawera,148,4,0.0,0.0,0.0,0.0,0.0,0.0,0.0,0.0,0.0
TOTAL_OUT,148,4,0.0,63310.71,25885.824,85416.35,80385.76,8442.298,74501.016,8198.195,3987.5671
IN-OUT,148,4,0.0,173262.25,26465.61,799389700.0,119785260.0,2831684600.0,9008100000.0,0.0009765625,0.00024414062
PERCENT_DISCREPANCY,148,4,,115.55296,67.65475,199.95726,199.73193,199.99881,199.99667,1.191192e-05,6.1225455e-06
FROM_STORAGE,149,4,0.0,5365.092,1.4217664,1037.9208,612.38696,0.00096530846,8.468198,5.337282,0.33549005
FROM_CONSTANT_HEAD,149,4,0.0,0.0,0.0,0.0,0.0,0.0,0.0,0.0,0.0
FROM_WELLS,149,4,0.0,4777.7715,18.260052,1438.9762,8504.589,0.0,0.0,77.06712,1081.1698
FROM_HEAD_DEP_BOUNDS,149,4,0.0,0.0,28028.975,0.0,0.0,0.0,0.0,0.0,0.0
FROM_RECHARGE,149,4,0.0,11435.957,1631.3204,4484.366,15251.537,1894.4105,2240.9023,1178.2632,2905.9722
FROM_STREAM_LEAKAGE,149,4,0.0,3500.0,1100.0,39928.895,3119.7043,36.55455,16.53421,0.0,0.0
FROM_STREAM_FLOW_OUT,149,4,0.0,173263.03,26465.953,799564400.0,119787900.0,2831684000.0,9008108000.0,0.0,0.0
FROM_ZONE_0,149,4,0.0,0.0,0.0,0.0,0.0,0.0,0.0,0.0,0.0
FROM_haweaflat,149,4,0.0,0.0,394.37042,35182.824,16198.598,0.0,0.0,0.0,0.0
FROM_moraine_top,149,4,0.0,29621.787,0.0,0.0,0.0,0.0,0.0,0.0,0.0
FROM_river_zone,149,4,0.0,11725.19,0.0,0.0,32845.66,0.0,42.17332,70.83978,0.0
FROM_main_terrace,149,4,0.0,800.36475,0.0,164.37172,0.0,6498.563,64906.12,5972.603,0.0
FROM_sandy_point,149,4,0.0,0.0,0.0,0.0,1680.8503,0.0,44.674835,0.0,0.0
FROM_clutha,149,4,0.0,0.0,0.0,3.3307695,1708.4009,12.876102,0.0,893.21234,0.0
FROM_sub_terrace,149,4,0.0,0.0,0.0,70.46647,451.6812,0.0,7234.376,0.0,0.0
FROM_mangawera,149,4,0.0,0.0,0.0,3696.8635,0.0,0.0,0.0,0.0,0.0
TOTAL_IN,149,4,0.0,240489.17,57640.3,799650500.0,119868280.0,2831692500.0,9008181000.0,8197.322,3987.4775
TO_STORAGE,149,4,0.0,11332.568,860.9824,1770.0055,7.6511765,0.0011259464,0.022037137,0.052247725,0.0076293745
TO_CONSTANT_HEAD,149,4,0.0,0.0,0.0,0.0,0.0,0.0,0.0,0.0,0.0
TO_WELLS,149,4,0.0,4119.5796,0.0,0.0,445.89493,28.567646,0.0,440.7458,290.60635
TO_HEAD_DEP_BOUNDS,149,4,0.0,0.0,691.81836,0.0,0.0,0.0,0.0,0.0,0.0
TO_RECHARGE,149,4,0.0,0.0,0.0,0.0,0.0,0.0,0.0,0.0,0.0
TO_STREAM_LEAKAGE,149,4,0.0,0.0,0.0,39554.125,1577.689,6688.2036,71875.49,0.0,0.0
TO_STREAM_FLOW_OUT,149,4,0.0,0.0,0.0,0.0,0.0,0.0,0.0,0.0,0.0
TO_ZONE_0,149,4,0.0,0.0,0.0,0.0,0.0,0.0,0.0,0.0,0.0
TO_haweaflat,149,4,0.0,0.0,29621.787,11725.19,800.36475,0.0,0.0,0.0,0.0
TO_moraine_top,149,4,0.0,394.37042,0.0,0.0,0.0,0.0,0.0,0.0,0.0
TO_river_zone,149,4,0.0,35182.824,0.0,0.0,164.37172,0.0,3.3307695,70.46647,3696.8635
TO_main_terrace,149,4,0.0,16198.598,0.0,32845.66,0.0,1680.8503,1708.4009,451.6812,0.0
TO_sandy_point,149,4,0.0,0.0,0.0,0.0,6498.563,0.0,12.876102,0.0,0.0
TO_clutha,149,4,0.0,0.0,0.0,42.17332,64906.12,44.674835,0.0,7234.376,0.0
TO_sub_terrace,149,4,0.0,0.0,0.0,70.83978,5972.603,0.0,893.21234,0.0,0.0
TO_mangawera,149,4,0.0,0.0,0.0,0.0,0.0,0.0,0.0,0.0,0.0
TOTAL_OUT,149,4,0.0,67227.94,31174.588,86007.99,80373.26,8442.298,74493.33,8197.321,3987.4775
IN-OUT,149,4,0.0,173261.23,26465.713,799564500.0,119787900.0,2831684000.0,9008106000.0,0.0009765625,0.0
PERCENT_DISCREPANCY,149,4,,112.610725,59.597466,199.95699,199.73198,199.99881,199.99669,1.1913189e-05,0.0
FROM_STORAGE,150,4,0.0,4376.687,0.002186588,739.08386,592.07495,0.00096531,8.82393,5.417593,0.27086478
FROM_CONSTANT_HEAD,150,4,0.0,0.0,0.0,0.0,0.0,0.0,0.0,0.0,0.0
FROM_WELLS,150,4,0.0,4777.7715,18.260052,1438.9762,8504.589,0.0,0.0,77.06712,1081.1698
FROM_HEAD_DEP_BOUNDS,150,4,0.0,0.0,32904.066,0.0,0.0,0.0,0.0,0.0,0.0
FROM_RECHARGE,150,4,0.0,11435.957,1631.3204,4484.366,15251.537,1894.4105,2240.9023,1178.2632,2905.9722
FROM_STREAM_LEAKAGE,150,4,0.0,3500.0,1100.0,39097.098,3119.7043,36.55455,16.53421,0.0,0.0
FROM_STREAM_FLOW_OUT,150,4,0.0,173263.03,26465.953,799773630.0,119791096.0,2831683600.0,9008114000.0,0.0,0.0
FROM_ZONE_0,150,4,0.0,0.0,0.0,0.0,0.0,0.0,0.0,0.0,0.0
FROM_haweaflat,150,4,0.0,0.0,384.71994,37361.09,16202.3125,0.0,0.0,0.0,0.0
FROM_moraine_top,150,4,0.0,34407.664,0.0,0.0,0.0,0.0,0.0,0.0,0.0
FROM_river_zone,150,4,0.0,11538.793,0.0,0.0,32851.566,0.0,42.173256,70.85983,0.0
FROM_main_terrace,150,4,0.0,799.92786,0.0,164.05547,0.0,6498.5635,64898.82,5971.7524,0.0
FROM_sandy_point,150,4,0.0,0.0,0.0,0.0,1680.8503,0.0,44.67484,0.0,0.0
FROM_clutha,150,4,0.0,0.0,0.0,3.3307698,1707.874,12.876102,0.0,893.0755,0.0
FROM_sub_terrace,150,4,0.0,0.0,0.0,70.45306,451.75345,0.0,7233.44,0.0,0.0
FROM_mangawera,150,4,0.0,0.0,0.0,3696.7676,0.0,0.0,0.0,0.0,0.0
TOTAL_IN,150,4,0.0,244099.84,62504.32,799860740.0,119871440.0,2831692000.0,9008187000.0,8196.436,3987.4128
TO_STORAGE,150,4,0.0,12771.481,1063.6973,2226.6736,5.4276524,0.0011244618,0.012793104,0.04113686,0.03895602
TO_CONSTANT_HEAD,150,4,0.0,0.0,0.0,0.0,0.0,0.0,0.0,0.0,0.0
TO_WELLS,150,4,0.0,4119.5796,0.0,0.0,445.89493,28.567646,0.0,440.7458,290.60635
TO_HEAD_DEP_BOUNDS,150,4,0.0,0.0,567.3032,0.0,0.0,0.0,0.0,0.0,0.0
TO_RECHARGE,150,4,0.0,0.0,0.0,0.0,0.0,0.0,0.0,0.0,0.0
TO_STREAM_LEAKAGE,150,4,0.0,0.0,0.0,40325.19,1577.689,6688.2036,71868.22,0.0,0.0
TO_STREAM_FLOW_OUT,150,4,0.0,0.0,0.0,0.0,0.0,0.0,0.0,0.0,0.0
TO_ZONE_0,150,4,0.0,0.0,0.0,0.0,0.0,0.0,0.0,0.0,0.0
TO_haweaflat,150,4,0.0,0.0,34407.664,11538.793,799.92786,0.0,0.0,0.0,0.0
TO_moraine_top,150,4,0.0,384.71994,0.0,0.0,0.0,0.0,0.0,0.0,0.0
TO_river_zone,150,4,0.0,37361.09,0.0,0.0,164.05547,0.0,3.3307698,70.45306,3696.7676
TO_main_terrace,150,4,0.0,16202.3125,0.0,32851.566,0.0,1680.8503,1707.874,451.75345,0.0
TO_sandy_point,150,4,0.0,0.0,0.0,0.0,6498.5635,0.0,12.876102,0.0,0.0
TO_clutha,150,4,0.0,0.0,0.0,42.173256,64898.82,44.67484,0.0,7233.44,0.0
TO_sub_terrace,150,4,0.0,0.0,0.0,70.85983,5971.7524,0.0,893.0755,0.0,0.0
TO_mangawera,150,4,0.0,0.0,0.0,0.0,0.0,0.0,0.0,0.0,0.0
TOTAL_OUT,150,4,0.0,70839.19,36038.664,87055.25,80362.125,8442.298,74485.39,8196.434,3987.4128
IN-OUT,150,4,0.0,173260.66,26465.656,799773700.0,119791080.0,2831683600.0,9008113000.0,0.001953125,0.0
PERCENT_DISCREPANCY,150,4,,110.02806,53.713932,199.95647,199.73203,199.9988,199.99667,2.382896e-05,0.0
FROM_STORAGE,151,4,0.0,3599.3274,1.292357e-07,516.04065,565.0811,0.0009565826,9.039184,5.400821,0.23645455
FROM_CONSTANT_HEAD,151,4,0.0,0.0,0.0,0.0,0.0,0.0,0.0,0.0,0.0
FROM_WELLS,151,4,0.0,4777.7715,18.260052,1438.9762,8504.589,0.0,0.0,77.06712,1081.1698
FROM_HEAD_DEP_BOUNDS,151,4,0.0,0.0,37234.93,0.0,0.0,0.0,0.0,0.0,0.0
FROM_RECHARGE,151,4,0.0,11435.957,1631.3204,4484.366,15251.537,1894.4105,2240.9023,1178.2632,2905.9722
FROM_STREAM_LEAKAGE,151,4,0.0,3500.0,1100.0,38327.023,3119.7043,36.55455,16.53421,0.0,0.0
FROM_STREAM_FLOW_OUT,151,4,0.0,173263.03,26465.953,799994100.0,119794490.0,2831683000.0,9008121000.0,0.0,0.0
FROM_ZONE_0,151,4,0.0,0.0,0.0,0.0,0.0,0.0,0.0,0.0,0.0
FROM_haweaflat,151,4,0.0,0.0,377.604,39643.367,16213.798,0.0,0.0,0.0,0.0
FROM_moraine_top,151,4,0.0,38569.918,0.0,0.0,0.0,0.0,0.0,0.0,0.0
FROM_river_zone,151,4,0.0,11609.078,0.0,0.0,32857.3,0.0,42.17313,70.878525,0.0
FROM_main_terrace,151,4,0.0,799.55725,0.0,163.7662,0.0,6498.5635,64891.7,5970.994,0.0
FROM_sandy_point,151,4,0.0,0.0,0.0,0.0,1680.8503,0.0,44.674843,0.0,0.0
FROM_clutha,151,4,0.0,0.0,0.0,3.3307698,1707.4014,12.876102,0.0,892.9458,0.0
FROM_sub_terrace,151,4,0.0,0.0,0.0,70.43949,451.7984,0.0,7232.532,0.0,0.0
FROM_mangawera,151,4,0.0,0.0,0.0,3696.679,0.0,0.0,0.0,0.0,0.0
TOTAL_IN,151,4,0.0,247554.66,66828.07,800082400.0,119874830.0,2831691500.0,9008195000.0,8195.549,3987.3784
TO_STORAGE,151,4,0.0,12996.59,1337.2833,2511.33,3.7696514,0.0011317,0.011467836,0.03175121,0.09315785
TO_CONSTANT_HEAD,151,4,0.0,0.0,0.0,0.0,0.0,0.0,0.0,0.0,0.0
TO_WELLS,151,4,0.0,5063.044,0.0,0.0,445.89493,28.567646,0.0,440.7458,290.60635
TO_HEAD_DEP_BOUNDS,151,4,0.0,0.0,455.38574,0.0,0.0,0.0,0.0,0.0,0.0
TO_RECHARGE,151,4,0.0,0.0,0.0,0.0,0.0,0.0,0.0,0.0,0.0
TO_STREAM_LEAKAGE,151,4,0.0,0.0,0.0,41253.71,1577.6558,6688.2036,71860.945,0.0,0.0
TO_STREAM_FLOW_OUT,151,4,0.0,0.0,0.0,0.0,0.0,0.0,0.0,0.0,0.0
TO_ZONE_0,151,4,0.0,0.0,0.0,0.0,0.0,0.0,0.0,0.0,0.0
TO_haweaflat,151,4,0.0,0.0,38569.918,11609.078,799.55725,0.0,0.0,0.0,0.0
TO_moraine_top,151,4,0.0,377.604,0.0,0.0,0.0,0.0,0.0,0.0,0.0
TO_river_zone,151,4,0.0,39643.367,0.0,0.0,163.7662,0.0,3.3307698,70.43949,3696.679
TO_main_terrace,151,4,0.0,16213.798,0.0,32857.3,0.0,1680.8503,1707.4014,451.7984,0.0
TO_sandy_point,151,4,0.0,0.0,0.0,0.0,6498.5635,0.0,12.876102,0.0,0.0
TO_clutha,151,4,0.0,0.0,0.0,42.17313,64891.7,44.674843,0.0,7232.532,0.0
TO_sub_terrace,151,4,0.0,0.0,0.0,70.878525,5970.994,0.0,892.9458,0.0,0.0
TO_mangawera,151,4,0.0,0.0,0.0,0.0,0.0,0.0,0.0,0.0,0.0
TOTAL_OUT,151,4,0.0,74294.4,40362.586,88344.47,80351.9,8442.298,74477.5,8195.548,3987.3784
IN-OUT,151,4,0.0,173260.25,26465.484,799994100.0,119794480.0,2831683000.0,9008120000.0,0.0009765625,0.0
PERCENT_DISCREPANCY,151,4,,107.66553,49.380207,199.95584,199.73207,199.99881,199.99667,1.1915767e-05,0.0
FROM_STORAGE,152,4,0.0,2975.266,0.0,351.06406,533.6293,0.00093777303,9.105029,5.292865,0.21261784
FROM_CONSTANT_HEAD,152,4,0.0,0.0,0.0,0.0,0.0,0.0,0.0,0.0,0.0
FROM_WELLS,152,4,0.0,4777.7715,18.260052,1438.9762,8504.589,0.0,0.0,77.06712,1081.1698
FROM_HEAD_DEP_BOUNDS,152,4,0.0,0.0,41332.438,0.0,0.0,0.0,0.0,0.0,0.0
FROM_RECHARGE,152,4,0.0,11435.957,1631.3204,4484.366,15251.537,1894.4105,2240.9023,1178.2632,2905.9722
FROM_STREAM_LEAKAGE,152,4,0.0,3500.0,1100.0,37720.523,3119.7043,36.55455,16.53421,0.0,0.0
FROM_STREAM_FLOW_OUT,152,4,0.0,173263.03,26465.953,800211300.0,119797870.0,2831683000.0,9008129000.0,0.0,0.0
FROM_ZONE_0,152,4,0.0,0.0,0.0,0.0,0.0,0.0,0.0,0.0,0.0
FROM_haweaflat,152,4,0.0,0.0,371.667,41809.36,16232.001,0.0,0.0,0.0,0.0
FROM_moraine_top,152,4,0.0,42390.324,0.0,0.0,0.0,0.0,0.0,0.0,0.0
FROM_river_zone,152,4,0.0,11700.564,0.0,0.0,32862.727,0.0,42.172993,70.89539,0.0
FROM_main_terrace,152,4,0.0,799.2374,0.0,163.50777,0.0,6498.5635,64884.89,5970.339,0.0
FROM_sandy_point,152,4,0.0,0.0,0.0,0.0,1680.8503,0.0,44.674847,0.0,0.0
FROM_clutha,152,4,0.0,0.0,0.0,3.3307695,1706.994,12.876102,0.0,892.8253,0.0
FROM_sub_terrace,152,4,0.0,0.0,0.0,70.42616,451.81635,0.0,7231.6685,0.0,0.0
FROM_mangawera,152,4,0.0,0.0,0.0,3696.6023,0.0,0.0,0.0,0.0,0.0
TOTAL_IN,152,4,0.0,250842.16,70919.63,800301060.0,119878210.0,2831691500.0,9008203000.0,8194.683,3987.3545
TO_STORAGE,152,4,0.0,14106.267,1705.1987,2724.8533,3.6165245,0.0011491869,0.0099855745,0.02447139,0.145845
TO_CONSTANT_HEAD,152,4,0.0,0.0,0.0,0.0,0.0,0.0,0.0,0.0,0.0
TO_WELLS,152,4,0.0,5063.044,0.0,0.0,445.89493,28.567646,0.0,440.7458,290.60635
TO_HEAD_DEP_BOUNDS,152,4,0.0,0.0,358.688,0.0,0.0,0.0,0.0,0.0,0.0
TO_RECHARGE,152,4,0.0,0.0,0.0,0.0,0.0,0.0,0.0,0.0,0.0
TO_STREAM_LEAKAGE,152,4,0.0,0.0,0.0,42337.49,1577.6558,6688.2036,71853.98,0.0,0.0
TO_STREAM_FLOW_OUT,152,4,0.0,0.0,0.0,0.0,0.0,0.0,0.0,0.0,0.0
TO_ZONE_0,152,4,0.0,0.0,0.0,0.0,0.0,0.0,0.0,0.0,0.0
TO_haweaflat,152,4,0.0,0.0,42390.324,11700.564,799.2374,0.0,0.0,0.0,0.0
TO_moraine_top,152,4,0.0,371.667,0.0,0.0,0.0,0.0,0.0,0.0,0.0
TO_river_zone,152,4,0.0,41809.36,0.0,0.0,163.50777,0.0,3.3307695,70.42616,3696.6023
TO_main_terrace,152,4,0.0,16232.001,0.0,32862.727,0.0,1680.8503,1706.994,451.81635,0.0
TO_sandy_point,152,4,0.0,0.0,0.0,0.0,6498.5635,0.0,12.876102,0.0,0.0
TO_clutha,152,4,0.0,0.0,0.0,42.172993,64884.89,44.674847,0.0,7231.6685,0.0
TO_sub_terrace,152,4,0.0,0.0,0.0,70.89539,5970.339,0.0,892.8253,0.0,0.0
TO_mangawera,152,4,0.0,0.0,0.0,0.0,0.0,0.0,0.0,0.0,0.0
TOTAL_OUT,152,4,0.0,77582.336,44454.21,89738.7,80343.7,8442.298,74470.01,8194.682,3987.3545
IN-OUT,152,4,0.0,173259.81,26465.422,800211300.0,119797864.0,2831683000.0,9008128000.0,0.0009765625,0.0
PERCENT_DISCREPANCY,152,4,,105.50968,45.87768,199.95517,199.73209,199.99881,199.99667,1.1917028e-05,0.0
FROM_STORAGE,153,4,0.0,2457.0457,0.0,223.26248,501.92712,0.0009215048,9.028135,5.101663,0.19728898
FROM_CONSTANT_HEAD,153,4,0.0,0.0,0.0,0.0,0.0,0.0,0.0,0.0,0.0
FROM_WELLS,153,4,0.0,4777.7715,18.260052,1438.9762,8504.589,0.0,0.0,77.06712,1081.1698
FROM_HEAD_DEP_BOUNDS,153,4,0.0,0.0,45937.082,0.0,0.0,0.0,0.0,0.0,0.0
FROM_RECHARGE,153,4,0.0,11435.957,1631.3204,4484.366,15251.537,1894.4105,2240.9023,1178.2632,2905.9722
FROM_STREAM_LEAKAGE,153,4,0.0,3500.0,1100.0,37229.133,3119.7043,36.55455,16.53421,0.0,0.0
FROM_STREAM_FLOW_OUT,153,4,0.0,173263.03,26465.953,800430600.0,119801310.0,2831682800.0,9008136000.0,0.0,0.0
FROM_ZONE_0,153,4,0.0,0.0,0.0,0.0,0.0,0.0,0.0,0.0,0.0
FROM_haweaflat,153,4,0.0,0.0,369.06042,43982.727,16256.901,0.0,0.0,0.0,0.0
FROM_moraine_top,153,4,0.0,46743.48,0.0,0.0,0.0,0.0,0.0,0.0,0.0
FROM_river_zone,153,4,0.0,11783.973,0.0,0.0,32867.777,0.0,42.17285,70.910255,0.0
FROM_main_terrace,153,4,0.0,798.9581,0.0,163.28331,0.0,6498.564,64878.508,5969.792,0.0
FROM_sandy_point,153,4,0.0,0.0,0.0,0.0,1680.8503,0.0,44.67485,0.0,0.0
FROM_clutha,153,4,0.0,0.0,0.0,3.330769,1706.6593,12.8761015,0.0,892.71625,0.0
FROM_sub_terrace,153,4,0.0,0.0,0.0,70.41318,451.80884,0.0,7230.8623,0.0,0.0
FROM_mangawera,153,4,0.0,0.0,0.0,3696.533,0.0,0.0,0.0,0.0,0.0
TOTAL_IN,153,4,0.0,254760.22,75521.68,800521900.0,119881640.0,2831691300.0,9008210000.0,8193.851,3987.3394
TO_STORAGE,153,4,0.0,15829.174,1983.2094,2962.0562,8.970875,0.0011633373,0.008781897,0.018999135,0.19986999
TO_CONSTANT_HEAD,153,4,0.0,0.0,0.0,0.0,0.0,0.0,0.0,0.0,0.0
TO_WELLS,153,4,0.0,5063.044,0.0,0.0,445.89493,28.567646,0.0,440.7458,290.60635
TO_HEAD_DEP_BOUNDS,153,4,0.0,0.0,329.5835,0.0,0.0,0.0,0.0,0.0,0.0
TO_RECHARGE,153,4,0.0,0.0,0.0,0.0,0.0,0.0,0.0,0.0,0.0
TO_STREAM_LEAKAGE,153,4,0.0,0.0,0.0,43565.54,1577.6558,6688.2036,71847.04,0.0,0.0
TO_STREAM_FLOW_OUT,153,4,0.0,0.0,0.0,0.0,0.0,0.0,0.0,0.0,0.0
TO_ZONE_0,153,4,0.0,0.0,0.0,0.0,0.0,0.0,0.0,0.0,0.0
TO_haweaflat,153,4,0.0,0.0,46743.48,11783.973,798.9581,0.0,0.0,0.0,0.0
TO_moraine_top,153,4,0.0,369.06042,0.0,0.0,0.0,0.0,0.0,0.0,0.0
TO_river_zone,153,4,0.0,43982.727,0.0,0.0,163.28331,0.0,3.330769,70.41318,3696.533
TO_main_terrace,153,4,0.0,16256.901,0.0,32867.777,0.0,1680.8503,1706.6593,451.80884,0.0
TO_sandy_point,153,4,0.0,0.0,0.0,0.0,6498.564,0.0,12.8761015,0.0,0.0
TO_clutha,153,4,0.0,0.0,0.0,42.17285,64878.508,44.67485,0.0,7230.8623,0.0
TO_sub_terrace,153,4,0.0,0.0,0.0,70.910255,5969.792,0.0,892.71625,0.0,0.0
TO_mangawera,153,4,0.0,0.0,0.0,0.0,0.0,0.0,0.0,0.0,0.0
TOTAL_OUT,153,4,0.0,81500.91,49056.273,91292.43,80341.625,8442.298,74462.625,8193.85,3987.339
IN-OUT,153,4,0.0,173259.31,26465.406,800430660.0,119801300.0,2831682800.0,9008135000.0,0.0009765625,0.00024414062
PERCENT_DISCREPANCY,153,4,,103.05046,42.488102,199.9544,199.7321,199.99881,199.99667,1.1918238e-05,6.1228957e-06
FROM_STORAGE,154,4,0.0,2021.4622,0.0,134.59196,471.00882,0.0009105462,8.817539,4.835883,0.1859424
FROM_CONSTANT_HEAD,154,4,0.0,0.0,0.0,0.0,0.0,0.0,0.0,0.0,0.0
FROM_WELLS,154,4,0.0,4777.7715,18.260052,1438.9762,8504.589,0.0,0.0,77.06712,1081.1698
FROM_HEAD_DEP_BOUNDS,154,4,0.0,0.0,51060.832,0.0,0.0,0.0,0.0,0.0,0.0
FROM_RECHARGE,154,4,0.0,11435.957,1631.3204,4484.366,15251.537,1894.4105,2240.9023,1178.2632,2905.9722
FROM_STREAM_LEAKAGE,154,4,0.0,3500.0,1100.0,36745.617,3119.7043,36.55455,16.53421,0.0,0.0
FROM_STREAM_FLOW_OUT,154,4,0.0,173263.03,26465.953,800653300.0,119804800.0,2831682600.0,9008144000.0,0.0,0.0
FROM_ZONE_0,154,4,0.0,0.0,0.0,0.0,0.0,0.0,0.0,0.0,0.0
FROM_haweaflat,154,4,0.0,0.0,372.0948,46106.277,16287.042,0.0,0.0,0.0,0.0
FROM_moraine_top,154,4,0.0,51471.895,0.0,0.0,0.0,0.0,0.0,0.0,0.0
FROM_river_zone,154,4,0.0,11862.496,0.0,0.0,32872.367,0.0,42.172623,70.922966,0.0
FROM_main_terrace,154,4,0.0,798.73083,0.0,163.09477,0.0,6498.564,64872.64,5969.358,0.0
FROM_sandy_point,154,4,0.0,0.0,0.0,0.0,1680.8502,0.0,44.67486,0.0,0.0
FROM_clutha,154,4,0.0,0.0,0.0,3.3307676,1706.401,12.8761015,0.0,892.6198,0.0
FROM_sub_terrace,154,4,0.0,0.0,0.0,70.40074,451.77756,0.0,7230.1265,0.0,0.0
FROM_mangawera,154,4,0.0,0.0,0.0,3696.4707,0.0,0.0,0.0,0.0,0.0
TOTAL_IN,154,4,0.0,259131.34,80648.46,800746200.0,119885140.0,2831691000.0,9008218000.0,8193.067,3987.328
TO_STORAGE,154,4,0.0,17602.055,2381.7217,3162.3093,19.228668,0.0011742482,0.0077310638,0.014318613,0.2510124
TO_CONSTANT_HEAD,154,4,0.0,0.0,0.0,0.0,0.0,0.0,0.0,0.0,0.0
TO_WELLS,154,4,0.0,5505.3066,0.0,0.0,445.89493,28.567646,0.0,440.7458,290.60635
TO_HEAD_DEP_BOUNDS,154,4,0.0,0.0,329.60303,0.0,0.0,0.0,0.0,0.0,0.0
TO_RECHARGE,154,4,0.0,0.0,0.0,0.0,0.0,0.0,0.0,0.0,0.0
TO_STREAM_LEAKAGE,154,4,0.0,0.0,0.0,44833.26,1577.6558,6688.2036,71840.695,0.0,0.0
TO_STREAM_FLOW_OUT,154,4,0.0,0.0,0.0,0.0,0.0,0.0,0.0,0.0,0.0
TO_ZONE_0,154,4,0.0,0.0,0.0,0.0,0.0,0.0,0.0,0.0,0.0
TO_haweaflat,154,4,0.0,0.0,51471.895,11862.496,798.73083,0.0,0.0,0.0,0.0
TO_moraine_top,154,4,0.0,372.0948,0.0,0.0,0.0,0.0,0.0,0.0,0.0
TO_river_zone,154,4,0.0,46106.277,0.0,0.0,163.09477,0.0,3.3307676,70.40074,3696.4707
TO_main_terrace,154,4,0.0,16287.042,0.0,32872.367,0.0,1680.8502,1706.401,451.77756,0.0
TO_sandy_point,154,4,0.0,0.0,0.0,0.0,6498.564,0.0,12.8761015,0.0,0.0
TO_clutha,154,4,0.0,0.0,0.0,42.172623,64872.64,44.67486,0.0,7230.1265,0.0
TO_sub_terrace,154,4,0.0,0.0,0.0,70.922966,5969.358,0.0,892.6198,0.0,0.0
TO_mangawera,154,4,0.0,0.0,0.0,0.0,0.0,0.0,0.0,0.0,0.0
TOTAL_OUT,154,4,0.0,85872.77,54183.22,92843.53,80345.17,8442.298,74455.92,8193.064,3987.3281
IN-OUT,154,4,0.0,173258.56,26465.242,800653300.0,119804790.0,2831682600.0,9008143000.0,0.0029296875,0.00024414062
PERCENT_DISCREPANCY,154,4,,100.438545,39.25671,199.95361,199.73212,199.9988,199.99669,3.575813e-05,6.122913e-06
FROM_STORAGE,155,4,0.0,1654.2314,0.006053651,73.95113,438.08875,0.0009013227,8.485319,4.506712,0.17699765
FROM_CONSTANT_HEAD,155,4,0.0,0.0,0.0,0.0,0.0,0.0,0.0,0.0,0.0
FROM_WELLS,155,4,0.0,4777.7715,18.260052,1438.9762,8504.589,0.0,0.0,77.06712,1081.1698
FROM_HEAD_DEP_BOUNDS,155,4,0.0,0.0,55524.633,0.0,0.0,0.0,0.0,0.0,0.0
FROM_RECHARGE,155,4,0.0,11435.957,1631.3204,4484.366,15251.537,1894.4105,2240.9023,1178.2632,2905.9722
FROM_STREAM_LEAKAGE,155,4,0.0,3500.0,1100.0,36291.7,3119.7043,36.55455,16.53421,0.0,0.0
FROM_STREAM_FLOW_OUT,155,4,0.0,173263.03,26465.953,800882000.0,119808420.0,2831682600.0,9008155000.0,0.0,0.0
FROM_ZONE_0,155,4,0.0,0.0,0.0,0.0,0.0,0.0,0.0,0.0,0.0
FROM_haweaflat,155,4,0.0,0.0,378.859,48262.42,16322.98,0.0,0.0,0.0,0.0
FROM_moraine_top,155,4,0.0,55645.016,0.0,0.0,0.0,0.0,0.0,0.0,0.0
FROM_river_zone,155,4,0.0,11933.994,0.0,0.0,32876.473,0.0,42.17247,70.93332,0.0
FROM_main_terrace,155,4,0.0,798.53015,0.0,162.94316,0.0,6498.564,64867.363,5969.0347,0.0
FROM_sandy_point,155,4,0.0,0.0,0.0,0.0,1680.8502,0.0,44.674862,0.0,0.0
FROM_clutha,155,4,0.0,0.0,0.0,3.330766,1706.2211,12.8761015,0.0,892.5368,0.0
FROM_sub_terrace,155,4,0.0,0.0,0.0,70.38908,451.72485,0.0,7229.47,0.0,0.0
FROM_mangawera,155,4,0.0,0.0,0.0,3696.4136,0.0,0.0,0.0,0.0,0.0
TOTAL_IN,155,4,0.0,263008.53,85119.03,800976500.0,119888760.0,2831691000.0,9008228000.0,8192.342,3987.3188
TO_STORAGE,155,4,0.0,19280.484,2679.1797,3376.3374,32.08693,0.0011832291,0.006570493,0.010728794,0.2989761
TO_CONSTANT_HEAD,155,4,0.0,0.0,0.0,0.0,0.0,0.0,0.0,0.0,0.0
TO_WELLS,155,4,0.0,5505.3066,0.0,0.0,445.89493,28.567646,0.0,440.7458,290.60635
TO_HEAD_DEP_BOUNDS,155,4,0.0,0.0,329.68457,0.0,0.0,0.0,0.0,0.0,0.0
TO_RECHARGE,155,4,0.0,0.0,0.0,0.0,0.0,0.0,0.0,0.0,0.0
TO_STREAM_LEAKAGE,155,4,0.0,0.0,0.0,46184.984,1577.6558,6688.2036,71834.62,0.0,0.0
TO_STREAM_FLOW_OUT,155,4,0.0,0.0,0.0,0.0,0.0,0.0,0.0,0.0,0.0
TO_ZONE_0,155,4,0.0,0.0,0.0,0.0,0.0,0.0,0.0,0.0,0.0
TO_haweaflat,155,4,0.0,0.0,55645.016,11933.994,798.53015,0.0,0.0,0.0,0.0
TO_moraine_top,155,4,0.0,378.859,0.0,0.0,0.0,0.0,0.0,0.0,0.0
TO_river_zone,155,4,0.0,48262.42,0.0,0.0,162.94316,0.0,3.330766,70.38908,3696.4136
TO_main_terrace,155,4,0.0,16322.98,0.0,32876.473,0.0,1680.8502,1706.2211,451.72485,0.0
TO_sandy_point,155,4,0.0,0.0,0.0,0.0,6498.564,0.0,12.8761015,0.0,0.0
TO_clutha,155,4,0.0,0.0,0.0,42.17247,64867.363,44.674862,0.0,7229.47,0.0
TO_sub_terrace,155,4,0.0,0.0,0.0,70.93332,5969.0347,0.0,892.5368,0.0,0.0
TO_mangawera,155,4,0.0,0.0,0.0,0.0,0.0,0.0,0.0,0.0,0.0
TOTAL_OUT,155,4,0.0,89750.05,58653.88,94484.88,80352.07,8442.298,74449.586,8192.341,3987.3188
IN-OUT,155,4,0.0,173258.48,26465.152,800882050.0,119808410.0,2831682600.0,9008154000.0,0.0009765625,0.0
PERCENT_DISCREPANCY,155,4,,98.23063,36.815216,199.95282,199.73209,199.9988,199.99669,1.19204315e-05,0.0
FROM_STORAGE,156,4,0.0,1338.3344,0.0,33.650803,403.99802,0.00088220136,8.04172,4.120732,0.16711493
FROM_CONSTANT_HEAD,156,4,0.0,0.0,0.0,0.0,0.0,0.0,0.0,0.0,0.0
FROM_WELLS,156,4,0.0,4777.7715,18.260052,1438.9762,8504.589,0.0,0.0,77.06712,1081.1698
FROM_HEAD_DEP_BOUNDS,156,4,0.0,0.0,59427.55,0.0,0.0,0.0,0.0,0.0,0.0
FROM_RECHARGE,156,4,0.0,11435.957,1631.3204,4484.366,15251.537,1894.4105,2240.9023,1178.2632,2905.9722
FROM_STREAM_LEAKAGE,156,4,0.0,3500.0,1100.0,35959.125,3119.7043,36.55455,16.53421,0.0,0.0
FROM_STREAM_FLOW_OUT,156,4,0.0,173263.03,26465.953,801115140.0,119812104.0,2831682000.0,9008163000.0,0.0,0.0
FROM_ZONE_0,156,4,0.0,0.0,0.0,0.0,0.0,0.0,0.0,0.0,0.0
FROM_haweaflat,156,4,0.0,0.0,385.97284,50408.45,16364.54,0.0,0.0,0.0,0.0
FROM_moraine_top,156,4,0.0,59190.37,0.0,0.0,0.0,0.0,0.0,0.0,0.0
FROM_river_zone,156,4,0.0,11998.525,0.0,0.0,32880.055,0.0,42.172295,70.941284,0.0
FROM_main_terrace,156,4,0.0,798.3603,0.0,162.82948,0.0,6498.5645,64862.74,5968.8237,0.0
FROM_sandy_point,156,4,0.0,0.0,0.0,0.0,1680.8502,0.0,44.674866,0.0,0.0
FROM_clutha,156,4,0.0,0.0,0.0,3.3307626,1706.1194,12.8761015,0.0,892.4681,0.0
FROM_sub_terrace,156,4,0.0,0.0,0.0,70.37834,451.6526,0.0,7228.9,0.0,0.0
FROM_mangawera,156,4,0.0,0.0,0.0,3696.3584,0.0,0.0,0.0,0.0,0.0
TOTAL_IN,156,4,0.0,266302.38,89029.06,801211460.0,119892460.0,2831690500.0,9008237000.0,8191.684,3987.309
TO_STORAGE,156,4,0.0,20375.457,3043.0042,3565.4922,48.190807,0.0012040974,0.005844245,0.007648403,0.34439284
TO_CONSTANT_HEAD,156,4,0.0,0.0,0.0,0.0,0.0,0.0,0.0,0.0,0.0
TO_WELLS,156,4,0.0,5505.3066,0.0,0.0,445.89493,28.567646,0.0,440.7458,290.60635
TO_HEAD_DEP_BOUNDS,156,4,0.0,0.0,329.4878,0.0,0.0,0.0,0.0,0.0,0.0
TO_RECHARGE,156,4,0.0,0.0,0.0,0.0,0.0,0.0,0.0,0.0,0.0
TO_STREAM_LEAKAGE,156,4,0.0,0.0,0.0,47700.004,1577.6558,6688.2036,71829.27,0.0,0.0
TO_STREAM_FLOW_OUT,156,4,0.0,0.0,0.0,0.0,0.0,0.0,0.0,0.0,0.0
TO_ZONE_0,156,4,0.0,0.0,0.0,0.0,0.0,0.0,0.0,0.0,0.0
TO_haweaflat,156,4,0.0,0.0,59190.37,11998.525,798.3603,0.0,0.0,0.0,0.0
TO_moraine_top,156,4,0.0,385.97284,0.0,0.0,0.0,0.0,0.0,0.0,0.0
TO_river_zone,156,4,0.0,50408.45,0.0,0.0,162.82948,0.0,3.3307626,70.37834,3696.3584
TO_main_terrace,156,4,0.0,16364.54,0.0,32880.055,0.0,1680.8502,1706.1194,451.6526,0.0
TO_sandy_point,156,4,0.0,0.0,0.0,0.0,6498.5645,0.0,12.8761015,0.0,0.0
TO_clutha,156,4,0.0,0.0,0.0,42.172295,64862.74,44.674866,0.0,7228.9,0.0
TO_sub_terrace,156,4,0.0,0.0,0.0,70.941284,5968.8237,0.0,892.4681,0.0,0.0
TO_mangawera,156,4,0.0,0.0,0.0,0.0,0.0,0.0,0.0,0.0,0.0
TOTAL_OUT,156,4,0.0,93039.73,62562.863,96257.19,80363.055,8442.298,74444.07,8191.684,3987.309
IN-OUT,156,4,0.0,173262.66,26466.2,801115200.0,119812104.0,2831682000.0,9008162000.0,0.0,0.0
PERCENT_DISCREPANCY,156,4,,96.433266,34.91769,199.95195,199.73207,199.99881,199.99667,0.0,0.0
